# https://github.com/mikedh/trimesh

o F_RightLink2_1.stl
v -98.03974915 100.46376038 60.00000000
v -98.41748810 100.51807404 60.00000000
v -98.45128632 99.93505859 60.00000000
v -98.45128632 99.93505859 60.00000000
v -98.41748810 100.51807404 60.00000000
v -98.79897308 100.50777435 60.00000000
v -98.45128632 99.93505859 60.00000000
v -98.79897308 100.50777435 60.00000000
v -98.77761841 99.92190552 60.00000000
v -98.77761841 99.92190552 60.00000000
v -98.79897308 100.50777435 60.00000000
v -99.17323303 100.43314362 60.00000000
v -98.77761841 99.92190552 60.00000000
v -99.17323303 100.43314362 60.00000000
v -99.09510803 99.84534454 60.00000000
v -99.09510803 99.84534454 60.00000000
v -99.17323303 100.43314362 60.00000000
v -99.52949524 100.29634094 60.00000000
v -99.09510803 99.84534454 60.00000000
v -99.52949524 100.29634094 60.00000000
v -99.39156342 99.70832062 60.00000000
v -99.39156342 99.70832062 60.00000000
v -99.52949524 100.29634094 60.00000000
v -99.85752106 100.10129547 60.00000000
v -99.39156342 99.70832062 60.00000000
v -99.85752106 100.10129547 60.00000000
v -99.65559387 99.51609039 60.00000000
v -99.65559387 99.51609039 60.00000000
v -99.85752106 100.10129547 60.00000000
v -100.14785767 99.85362244 60.00000000
v -99.65559387 99.51609039 60.00000000
v -100.14785767 99.85362244 60.00000000
v -99.87704468 99.27604675 60.00000000
v -99.87704468 99.27604675 60.00000000
v -100.14785767 99.85362244 60.00000000
v -100.39215851 99.56044006 60.00000000
v -99.87704468 99.27604675 60.00000000
v -100.39215851 99.56044006 60.00000000
v -100.04740906 98.99740601 60.00000000
v -100.04740906 98.99740601 60.00000000
v -100.39215851 99.56044006 60.00000000
v -100.58340454 99.23019409 60.00000000
v -100.04740906 98.99740601 60.00000000
v -100.58340454 99.23019409 60.00000000
v -100.71607971 98.87237549 60.00000000
v -100.04740906 98.99740601 60.00000000
v -100.71607971 98.87237549 60.00000000
v -100.16014099 98.69088745 60.00000000
v -100.16014099 98.69088745 60.00000000
v -100.71607971 98.87237549 60.00000000
v -100.78638458 98.49727631 60.00000000
v -100.16014099 98.69088745 60.00000000
v -100.78638458 98.49727631 60.00000000
v -100.21090698 98.36826324 60.00000000
v -100.21090698 98.36826324 60.00000000
v -100.78638458 98.49727631 60.00000000
v -100.79227448 98.11569214 60.00000000
v -100.21090698 98.36826324 60.00000000
v -100.79227448 98.11569214 60.00000000
v -100.19776154 98.04193878 60.00000000
v -100.19776154 98.04193878 60.00000000
v -100.79227448 98.11569214 60.00000000
v -100.73360443 97.73860931 60.00000000
v -100.19776154 98.04193878 60.00000000
v -100.73360443 97.73860931 60.00000000
v -100.12120056 97.72444153 60.00000000
v -100.12120056 97.72444153 60.00000000
v -100.73360443 97.73860931 60.00000000
v -100.61204529 97.37686157 60.00000000
v -100.12120056 97.72444153 60.00000000
v -100.61204529 97.37686157 60.00000000
v -99.98417664 97.42798615 60.00000000
v -99.98417664 97.42798615 60.00000000
v -100.61204529 97.37686157 60.00000000
v -100.43109131 97.04085541 60.00000000
v -99.98417664 97.42798615 60.00000000
v -100.43109131 97.04085541 60.00000000
v -99.79194641 97.16395569 60.00000000
v -99.79194641 97.16395569 60.00000000
v -100.43109131 97.04085541 60.00000000
v -100.19596100 96.74027252 60.00000000
v -99.79194641 97.16395569 60.00000000
v -100.19596100 96.74027252 60.00000000
v -99.55189514 96.94250488 60.00000000
v -99.55189514 96.94250488 60.00000000
v -100.19596100 96.74027252 60.00000000
v -99.91342163 96.48374176 60.00000000
v -99.55189514 96.94250488 60.00000000
v -99.91342163 96.48374176 60.00000000
v -99.59158325 96.27865601 60.00000000
v -99.55189514 96.94250488 60.00000000
v -99.59158325 96.27865601 60.00000000
v -99.27326202 96.77214050 60.00000000
v -99.27326202 96.77214050 60.00000000
v -99.59158325 96.27865601 60.00000000
v -99.23971558 96.13091278 60.00000000
v -99.27326202 96.77214050 60.00000000
v -99.23971558 96.13091278 60.00000000
v -98.96674347 96.65940857 60.00000000
v -98.96674347 96.65940857 60.00000000
v -99.23971558 96.13091278 60.00000000
v -98.86794281 96.04475403 60.00000000
v -98.96674347 96.65940857 60.00000000
v -98.86794281 96.04475403 60.00000000
v -98.64411926 96.60864258 60.00000000
v -98.64411926 96.60864258 60.00000000
v -98.86794281 96.04475403 60.00000000
v -98.48695374 96.02266693 60.00000000
v -98.64411926 96.60864258 60.00000000
v -98.48695374 96.02266693 60.00000000
v -98.31778717 96.62178802 60.00000000
v -98.31778717 96.62178802 60.00000000
v -98.48695374 96.02266693 60.00000000
v -98.10771179 96.06528473 60.00000000
v -98.31778717 96.62178802 60.00000000
v -98.10771179 96.06528473 60.00000000
v -98.00029755 96.69834900 60.00000000
v -98.00029755 96.69834900 60.00000000
v -98.10771179 96.06528473 60.00000000
v -97.74113464 96.17138672 60.00000000
v -98.00029755 96.69834900 60.00000000
v -97.74113464 96.17138672 60.00000000
v -97.70384216 96.83537292 60.00000000
v -97.70384216 96.83537292 60.00000000
v -97.74113464 96.17138672 60.00000000
v -97.39775848 96.33790588 60.00000000
v -97.70384216 96.83537292 60.00000000
v -97.39775848 96.33790588 60.00000000
v -97.08745575 96.56006622 60.00000000
v -97.70384216 96.83537292 60.00000000
v -97.08745575 96.56006622 60.00000000
v -97.43981171 97.02760315 60.00000000
v -97.43981171 97.02760315 60.00000000
v -97.08745575 96.56006622 60.00000000
v -96.81916809 96.83147430 60.00000000
v -97.43981171 97.02760315 60.00000000
v -96.81916809 96.83147430 60.00000000
v -97.21836090 97.26765442 60.00000000
v -97.21836090 97.26765442 60.00000000
v -96.81916809 96.83147430 60.00000000
v -96.60060883 97.14431763 60.00000000
v -97.21836090 97.26765442 60.00000000
v -96.60060883 97.14431763 60.00000000
v -97.04799652 97.54628754 60.00000000
v -97.04799652 97.54628754 60.00000000
v -96.60060883 97.14431763 60.00000000
v -96.43806458 97.48959351 60.00000000
v -97.04799652 97.54628754 60.00000000
v -96.43806458 97.48959351 60.00000000
v -96.93526459 97.85280609 60.00000000
v -96.93526459 97.85280609 60.00000000
v -96.43806458 97.48959351 60.00000000
v -96.33620453 97.85737610 60.00000000
v -96.93526459 97.85280609 60.00000000
v -96.33620453 97.85737610 60.00000000
v -96.88449860 98.17543030 60.00000000
v -96.88449860 98.17543030 60.00000000
v -96.33620453 97.85737610 60.00000000
v -96.29797363 98.23708344 60.00000000
v -96.88449860 98.17543030 60.00000000
v -96.29797363 98.23708344 60.00000000
v -96.89764404 98.50176239 60.00000000
v -96.89764404 98.50176239 60.00000000
v -96.29797363 98.23708344 60.00000000
v -96.32445526 98.61779022 60.00000000
v -96.89764404 98.50176239 60.00000000
v -96.32445526 98.61779022 60.00000000
v -96.97420502 98.81925201 60.00000000
v -96.97420502 98.81925201 60.00000000
v -96.32445526 98.61779022 60.00000000
v -96.41490173 98.98854828 60.00000000
v -96.97420502 98.81925201 60.00000000
v -96.41490173 98.98854828 60.00000000
v -96.56670380 99.33868408 60.00000000
v -96.97420502 98.81925201 60.00000000
v -96.56670380 99.33868408 60.00000000
v -97.11122894 99.11570740 60.00000000
v -97.11122894 99.11570740 60.00000000
v -96.56670380 99.33868408 60.00000000
v -96.77548981 99.65812683 60.00000000
v -97.11122894 99.11570740 60.00000000
v -96.77548981 99.65812683 60.00000000
v -97.30345917 99.37973785 60.00000000
v -97.30345917 99.37973785 60.00000000
v -96.77548981 99.65812683 60.00000000
v -97.03526306 99.93769073 60.00000000
v -97.30345917 99.37973785 60.00000000
v -97.03526306 99.93769073 60.00000000
v -97.54351044 99.60118866 60.00000000
v -97.54351044 99.60118866 60.00000000
v -97.03526306 99.93769073 60.00000000
v -97.33854675 100.16933441 60.00000000
v -97.54351044 99.60118866 60.00000000
v -97.33854675 100.16933441 60.00000000
v -97.82214355 99.77155304 60.00000000
v -97.82214355 99.77155304 60.00000000
v -97.33854675 100.16933441 60.00000000
v -97.67662048 100.34638977 60.00000000
v -97.82214355 99.77155304 60.00000000
v -97.67662048 100.34638977 60.00000000
v -98.12866211 99.88428497 60.00000000
v -98.12866211 99.88428497 60.00000000
v -97.67662048 100.34638977 60.00000000
v -98.03974915 100.46376038 60.00000000
v -98.12866211 99.88428497 60.00000000
v -98.03974915 100.46376038 60.00000000
v -98.45128632 99.93505859 60.00000000
v -98.79897308 100.50777435 63.00000000
v -98.41748810 100.51807404 60.00000000
v -98.41748810 100.51807404 63.00000000
v -98.41748810 100.51807404 63.00000000
v -98.41748810 100.51807404 60.00000000
v -98.03974915 100.46376038 60.00000000
v -98.41748810 100.51807404 63.00000000
v -98.03974915 100.46376038 60.00000000
v -98.03974915 100.46376038 63.00000000
v -98.03974915 100.46376038 63.00000000
v -98.03974915 100.46376038 60.00000000
v -97.67662048 100.34638977 60.00000000
v -98.03974915 100.46376038 63.00000000
v -97.67662048 100.34638977 60.00000000
v -97.67662048 100.34638977 63.00000000
v -97.67662048 100.34638977 63.00000000
v -97.67662048 100.34638977 60.00000000
v -97.33854675 100.16933441 60.00000000
v -97.67662048 100.34638977 63.00000000
v -97.33854675 100.16933441 60.00000000
v -97.33854675 100.16933441 63.00000000
v -97.33854675 100.16933441 63.00000000
v -97.33854675 100.16933441 60.00000000
v -97.03526306 99.93769073 60.00000000
v -97.33854675 100.16933441 63.00000000
v -97.03526306 99.93769073 60.00000000
v -97.03526306 99.93769073 63.00000000
v -97.03526306 99.93769073 63.00000000
v -97.03526306 99.93769073 60.00000000
v -96.77548981 99.65812683 60.00000000
v -97.03526306 99.93769073 63.00000000
v -96.77548981 99.65812683 60.00000000
v -96.77548981 99.65812683 63.00000000
v -96.77548981 99.65812683 63.00000000
v -96.77548981 99.65812683 60.00000000
v -96.56670380 99.33868408 60.00000000
v -96.77548981 99.65812683 63.00000000
v -96.56670380 99.33868408 60.00000000
v -96.56670380 99.33868408 63.00000000
v -96.56670380 99.33868408 63.00000000
v -96.56670380 99.33868408 60.00000000
v -96.41490173 98.98854828 60.00000000
v -96.56670380 99.33868408 63.00000000
v -96.41490173 98.98854828 60.00000000
v -96.41490173 98.98854828 63.00000000
v -96.41490173 98.98854828 63.00000000
v -96.41490173 98.98854828 60.00000000
v -96.32445526 98.61779022 60.00000000
v -96.41490173 98.98854828 63.00000000
v -96.32445526 98.61779022 60.00000000
v -96.32445526 98.61779022 63.00000000
v -96.32445526 98.61779022 63.00000000
v -96.32445526 98.61779022 60.00000000
v -96.29797363 98.23708344 60.00000000
v -96.32445526 98.61779022 63.00000000
v -96.29797363 98.23708344 60.00000000
v -96.29797363 98.23708344 63.00000000
v -96.29797363 98.23708344 63.00000000
v -96.29797363 98.23708344 60.00000000
v -96.33620453 97.85737610 60.00000000
v -96.29797363 98.23708344 63.00000000
v -96.33620453 97.85737610 60.00000000
v -96.33620453 97.85737610 63.00000000
v -96.33620453 97.85737610 63.00000000
v -96.33620453 97.85737610 60.00000000
v -96.43806458 97.48959351 60.00000000
v -96.33620453 97.85737610 63.00000000
v -96.43806458 97.48959351 60.00000000
v -96.43806458 97.48959351 63.00000000
v -96.43806458 97.48959351 63.00000000
v -96.43806458 97.48959351 60.00000000
v -96.60060883 97.14431763 60.00000000
v -96.43806458 97.48959351 63.00000000
v -96.60060883 97.14431763 60.00000000
v -96.60060883 97.14431763 63.00000000
v -96.60060883 97.14431763 63.00000000
v -96.60060883 97.14431763 60.00000000
v -96.81916809 96.83147430 60.00000000
v -96.60060883 97.14431763 63.00000000
v -96.81916809 96.83147430 60.00000000
v -96.81916809 96.83147430 63.00000000
v -96.81916809 96.83147430 63.00000000
v -96.81916809 96.83147430 60.00000000
v -97.08745575 96.56006622 60.00000000
v -96.81916809 96.83147430 63.00000000
v -97.08745575 96.56006622 60.00000000
v -97.08745575 96.56006622 63.00000000
v -97.08745575 96.56006622 63.00000000
v -97.08745575 96.56006622 60.00000000
v -97.39775848 96.33790588 60.00000000
v -97.08745575 96.56006622 63.00000000
v -97.39775848 96.33790588 60.00000000
v -97.39775848 96.33790588 63.00000000
v -97.39775848 96.33790588 63.00000000
v -97.39775848 96.33790588 60.00000000
v -97.74113464 96.17138672 60.00000000
v -97.39775848 96.33790588 63.00000000
v -97.74113464 96.17138672 60.00000000
v -97.74113464 96.17138672 63.00000000
v -97.74113464 96.17138672 63.00000000
v -97.74113464 96.17138672 60.00000000
v -98.10771179 96.06528473 60.00000000
v -97.74113464 96.17138672 63.00000000
v -98.10771179 96.06528473 60.00000000
v -98.10771179 96.06528473 63.00000000
v -98.10771179 96.06528473 63.00000000
v -98.10771179 96.06528473 60.00000000
v -98.48695374 96.02266693 60.00000000
v -98.10771179 96.06528473 63.00000000
v -98.48695374 96.02266693 60.00000000
v -98.48695374 96.02266693 63.00000000
v -98.48695374 96.02266693 63.00000000
v -98.48695374 96.02266693 60.00000000
v -98.86794281 96.04475403 60.00000000
v -98.48695374 96.02266693 63.00000000
v -98.86794281 96.04475403 60.00000000
v -98.86794281 96.04475403 63.00000000
v -98.86794281 96.04475403 63.00000000
v -98.86794281 96.04475403 60.00000000
v -99.23971558 96.13091278 60.00000000
v -98.86794281 96.04475403 63.00000000
v -99.23971558 96.13091278 60.00000000
v -99.23971558 96.13091278 63.00000000
v -99.23971558 96.13091278 63.00000000
v -99.23971558 96.13091278 60.00000000
v -99.59158325 96.27865601 60.00000000
v -99.23971558 96.13091278 63.00000000
v -99.59158325 96.27865601 60.00000000
v -99.59158325 96.27865601 63.00000000
v -99.59158325 96.27865601 63.00000000
v -99.59158325 96.27865601 60.00000000
v -99.91342163 96.48374176 60.00000000
v -99.59158325 96.27865601 63.00000000
v -99.91342163 96.48374176 60.00000000
v -99.91342163 96.48374176 63.00000000
v -99.91342163 96.48374176 63.00000000
v -99.91342163 96.48374176 60.00000000
v -100.19596100 96.74027252 60.00000000
v -99.91342163 96.48374176 63.00000000
v -100.19596100 96.74027252 60.00000000
v -100.19596100 96.74027252 63.00000000
v -100.19596100 96.74027252 63.00000000
v -100.19596100 96.74027252 60.00000000
v -100.43109131 97.04085541 60.00000000
v -100.19596100 96.74027252 63.00000000
v -100.43109131 97.04085541 60.00000000
v -100.43109131 97.04085541 63.00000000
v -100.43109131 97.04085541 63.00000000
v -100.43109131 97.04085541 60.00000000
v -100.61204529 97.37686157 60.00000000
v -100.43109131 97.04085541 63.00000000
v -100.61204529 97.37686157 60.00000000
v -100.61204529 97.37686157 63.00000000
v -100.61204529 97.37686157 63.00000000
v -100.61204529 97.37686157 60.00000000
v -100.73360443 97.73860931 60.00000000
v -100.61204529 97.37686157 63.00000000
v -100.73360443 97.73860931 60.00000000
v -100.73360443 97.73860931 63.00000000
v -100.73360443 97.73860931 63.00000000
v -100.73360443 97.73860931 60.00000000
v -100.79227448 98.11569214 60.00000000
v -100.73360443 97.73860931 63.00000000
v -100.79227448 98.11569214 60.00000000
v -100.79227448 98.11569214 63.00000000
v -100.79227448 98.11569214 63.00000000
v -100.79227448 98.11569214 60.00000000
v -100.78638458 98.49727631 60.00000000
v -100.79227448 98.11569214 63.00000000
v -100.78638458 98.49727631 60.00000000
v -100.78638458 98.49727631 63.00000000
v -100.78638458 98.49727631 63.00000000
v -100.78638458 98.49727631 60.00000000
v -100.71607971 98.87237549 60.00000000
v -100.78638458 98.49727631 63.00000000
v -100.71607971 98.87237549 60.00000000
v -100.71607971 98.87237549 63.00000000
v -100.71607971 98.87237549 63.00000000
v -100.71607971 98.87237549 60.00000000
v -100.58340454 99.23019409 60.00000000
v -100.71607971 98.87237549 63.00000000
v -100.58340454 99.23019409 60.00000000
v -100.58340454 99.23019409 63.00000000
v -100.58340454 99.23019409 63.00000000
v -100.58340454 99.23019409 60.00000000
v -100.39215851 99.56044006 60.00000000
v -100.58340454 99.23019409 63.00000000
v -100.39215851 99.56044006 60.00000000
v -100.39215851 99.56044006 63.00000000
v -100.39215851 99.56044006 63.00000000
v -100.39215851 99.56044006 60.00000000
v -100.14785767 99.85362244 60.00000000
v -100.39215851 99.56044006 63.00000000
v -100.14785767 99.85362244 60.00000000
v -100.14785767 99.85362244 63.00000000
v -100.14785767 99.85362244 63.00000000
v -100.14785767 99.85362244 60.00000000
v -99.85752106 100.10129547 60.00000000
v -100.14785767 99.85362244 63.00000000
v -99.85752106 100.10129547 60.00000000
v -99.85752106 100.10129547 63.00000000
v -99.85752106 100.10129547 63.00000000
v -99.85752106 100.10129547 60.00000000
v -99.52949524 100.29634094 60.00000000
v -99.85752106 100.10129547 63.00000000
v -99.52949524 100.29634094 60.00000000
v -99.52949524 100.29634094 63.00000000
v -99.52949524 100.29634094 63.00000000
v -99.52949524 100.29634094 60.00000000
v -99.17323303 100.43314362 60.00000000
v -99.52949524 100.29634094 63.00000000
v -99.17323303 100.43314362 60.00000000
v -99.17323303 100.43314362 63.00000000
v -99.17323303 100.43314362 63.00000000
v -99.17323303 100.43314362 60.00000000
v -98.79897308 100.50777435 60.00000000
v -99.17323303 100.43314362 63.00000000
v -98.79897308 100.50777435 60.00000000
v -98.79897308 100.50777435 63.00000000
v -98.79897308 100.50777435 63.00000000
v -98.79897308 100.50777435 60.00000000
v -98.41748810 100.51807404 60.00000000
v -98.96674347 96.65940857 58.00000000
v -98.96674347 96.65940857 60.00000000
v -98.64411926 96.60864258 58.00000000
v -98.64411926 96.60864258 58.00000000
v -98.96674347 96.65940857 60.00000000
v -98.64411926 96.60864258 60.00000000
v -98.64411926 96.60864258 58.00000000
v -98.64411926 96.60864258 60.00000000
v -98.31778717 96.62178802 58.00000000
v -98.31778717 96.62178802 58.00000000
v -98.64411926 96.60864258 60.00000000
v -98.31778717 96.62178802 60.00000000
v -98.31778717 96.62178802 58.00000000
v -98.31778717 96.62178802 60.00000000
v -98.00029755 96.69834900 58.00000000
v -98.00029755 96.69834900 58.00000000
v -98.31778717 96.62178802 60.00000000
v -98.00029755 96.69834900 60.00000000
v -98.00029755 96.69834900 58.00000000
v -98.00029755 96.69834900 60.00000000
v -97.70384216 96.83537292 58.00000000
v -97.70384216 96.83537292 58.00000000
v -98.00029755 96.69834900 60.00000000
v -97.70384216 96.83537292 60.00000000
v -97.70384216 96.83537292 58.00000000
v -97.70384216 96.83537292 60.00000000
v -97.43981171 97.02760315 58.00000000
v -97.43981171 97.02760315 58.00000000
v -97.70384216 96.83537292 60.00000000
v -97.43981171 97.02760315 60.00000000
v -97.43981171 97.02760315 58.00000000
v -97.43981171 97.02760315 60.00000000
v -97.21836090 97.26765442 58.00000000
v -97.21836090 97.26765442 58.00000000
v -97.43981171 97.02760315 60.00000000
v -97.21836090 97.26765442 60.00000000
v -97.21836090 97.26765442 58.00000000
v -97.21836090 97.26765442 60.00000000
v -97.04799652 97.54628754 58.00000000
v -97.04799652 97.54628754 58.00000000
v -97.21836090 97.26765442 60.00000000
v -97.04799652 97.54628754 60.00000000
v -97.04799652 97.54628754 58.00000000
v -97.04799652 97.54628754 60.00000000
v -96.93526459 97.85280609 58.00000000
v -96.93526459 97.85280609 58.00000000
v -97.04799652 97.54628754 60.00000000
v -96.93526459 97.85280609 60.00000000
v -96.93526459 97.85280609 58.00000000
v -96.93526459 97.85280609 60.00000000
v -96.88449860 98.17543030 58.00000000
v -96.88449860 98.17543030 58.00000000
v -96.93526459 97.85280609 60.00000000
v -96.88449860 98.17543030 60.00000000
v -96.88449860 98.17543030 58.00000000
v -96.88449860 98.17543030 60.00000000
v -96.89764404 98.50176239 58.00000000
v -96.89764404 98.50176239 58.00000000
v -96.88449860 98.17543030 60.00000000
v -96.89764404 98.50176239 60.00000000
v -96.89764404 98.50176239 58.00000000
v -96.89764404 98.50176239 60.00000000
v -96.97420502 98.81925201 58.00000000
v -96.97420502 98.81925201 58.00000000
v -96.89764404 98.50176239 60.00000000
v -96.97420502 98.81925201 60.00000000
v -96.97420502 98.81925201 58.00000000
v -96.97420502 98.81925201 60.00000000
v -97.11122894 99.11570740 58.00000000
v -97.11122894 99.11570740 58.00000000
v -96.97420502 98.81925201 60.00000000
v -97.11122894 99.11570740 60.00000000
v -97.11122894 99.11570740 58.00000000
v -97.11122894 99.11570740 60.00000000
v -97.30345917 99.37973785 58.00000000
v -97.30345917 99.37973785 58.00000000
v -97.11122894 99.11570740 60.00000000
v -97.30345917 99.37973785 60.00000000
v -97.30345917 99.37973785 58.00000000
v -97.30345917 99.37973785 60.00000000
v -97.54351044 99.60118866 58.00000000
v -97.54351044 99.60118866 58.00000000
v -97.30345917 99.37973785 60.00000000
v -97.54351044 99.60118866 60.00000000
v -97.54351044 99.60118866 58.00000000
v -97.54351044 99.60118866 60.00000000
v -97.82214355 99.77155304 58.00000000
v -97.82214355 99.77155304 58.00000000
v -97.54351044 99.60118866 60.00000000
v -97.82214355 99.77155304 60.00000000
v -97.82214355 99.77155304 58.00000000
v -97.82214355 99.77155304 60.00000000
v -98.12866211 99.88428497 58.00000000
v -98.12866211 99.88428497 58.00000000
v -97.82214355 99.77155304 60.00000000
v -98.12866211 99.88428497 60.00000000
v -98.12866211 99.88428497 58.00000000
v -98.12866211 99.88428497 60.00000000
v -98.45128632 99.93505859 58.00000000
v -98.45128632 99.93505859 58.00000000
v -98.12866211 99.88428497 60.00000000
v -98.45128632 99.93505859 60.00000000
v -98.45128632 99.93505859 58.00000000
v -98.45128632 99.93505859 60.00000000
v -98.77761841 99.92190552 58.00000000
v -98.77761841 99.92190552 58.00000000
v -98.45128632 99.93505859 60.00000000
v -98.77761841 99.92190552 60.00000000
v -98.77761841 99.92190552 58.00000000
v -98.77761841 99.92190552 60.00000000
v -99.09510803 99.84534454 58.00000000
v -99.09510803 99.84534454 58.00000000
v -98.77761841 99.92190552 60.00000000
v -99.09510803 99.84534454 60.00000000
v -99.09510803 99.84534454 58.00000000
v -99.09510803 99.84534454 60.00000000
v -99.39156342 99.70832062 58.00000000
v -99.39156342 99.70832062 58.00000000
v -99.09510803 99.84534454 60.00000000
v -99.39156342 99.70832062 60.00000000
v -99.39156342 99.70832062 58.00000000
v -99.39156342 99.70832062 60.00000000
v -99.65559387 99.51609039 58.00000000
v -99.65559387 99.51609039 58.00000000
v -99.39156342 99.70832062 60.00000000
v -99.65559387 99.51609039 60.00000000
v -99.65559387 99.51609039 58.00000000
v -99.65559387 99.51609039 60.00000000
v -99.87704468 99.27604675 58.00000000
v -99.87704468 99.27604675 58.00000000
v -99.65559387 99.51609039 60.00000000
v -99.87704468 99.27604675 60.00000000
v -99.87704468 99.27604675 58.00000000
v -99.87704468 99.27604675 60.00000000
v -100.04740906 98.99740601 58.00000000
v -100.04740906 98.99740601 58.00000000
v -99.87704468 99.27604675 60.00000000
v -100.04740906 98.99740601 60.00000000
v -100.04740906 98.99740601 58.00000000
v -100.04740906 98.99740601 60.00000000
v -100.16014099 98.69088745 58.00000000
v -100.16014099 98.69088745 58.00000000
v -100.04740906 98.99740601 60.00000000
v -100.16014099 98.69088745 60.00000000
v -100.16014099 98.69088745 58.00000000
v -100.16014099 98.69088745 60.00000000
v -100.21090698 98.36826324 58.00000000
v -100.21090698 98.36826324 58.00000000
v -100.16014099 98.69088745 60.00000000
v -100.21090698 98.36826324 60.00000000
v -100.21090698 98.36826324 58.00000000
v -100.21090698 98.36826324 60.00000000
v -100.19776154 98.04193878 58.00000000
v -100.19776154 98.04193878 58.00000000
v -100.21090698 98.36826324 60.00000000
v -100.19776154 98.04193878 60.00000000
v -100.19776154 98.04193878 58.00000000
v -100.19776154 98.04193878 60.00000000
v -100.12120056 97.72444153 58.00000000
v -100.12120056 97.72444153 58.00000000
v -100.19776154 98.04193878 60.00000000
v -100.12120056 97.72444153 60.00000000
v -100.12120056 97.72444153 58.00000000
v -100.12120056 97.72444153 60.00000000
v -99.98417664 97.42798615 58.00000000
v -99.98417664 97.42798615 58.00000000
v -100.12120056 97.72444153 60.00000000
v -99.98417664 97.42798615 60.00000000
v -99.98417664 97.42798615 58.00000000
v -99.98417664 97.42798615 60.00000000
v -99.79194641 97.16395569 58.00000000
v -99.79194641 97.16395569 58.00000000
v -99.98417664 97.42798615 60.00000000
v -99.79194641 97.16395569 60.00000000
v -99.79194641 97.16395569 58.00000000
v -99.79194641 97.16395569 60.00000000
v -99.55189514 96.94250488 58.00000000
v -99.55189514 96.94250488 58.00000000
v -99.79194641 97.16395569 60.00000000
v -99.55189514 96.94250488 60.00000000
v -99.55189514 96.94250488 58.00000000
v -99.55189514 96.94250488 60.00000000
v -99.27326202 96.77214050 58.00000000
v -99.27326202 96.77214050 58.00000000
v -99.55189514 96.94250488 60.00000000
v -99.27326202 96.77214050 60.00000000
v -99.27326202 96.77214050 58.00000000
v -99.27326202 96.77214050 60.00000000
v -98.96674347 96.65940857 58.00000000
v -98.96674347 96.65940857 58.00000000
v -99.27326202 96.77214050 60.00000000
v -98.96674347 96.65940857 60.00000000
v -92.72608185 105.72979736 61.00000000
v -93.10756683 105.71949768 61.00000000
v -93.05053711 106.70334625 61.00000000
v -93.05053711 106.70334625 61.00000000
v -93.10756683 105.71949768 61.00000000
v -93.48531342 105.77381134 61.00000000
v -93.05053711 106.70334625 61.00000000
v -93.48531342 105.77381134 61.00000000
v -93.32960510 106.75127411 61.00000000
v -93.32960510 106.75127411 61.00000000
v -93.48531342 105.77381134 61.00000000
v -93.84844208 105.89118195 61.00000000
v -93.32960510 106.75127411 61.00000000
v -93.84844208 105.89118195 61.00000000
v -93.59101105 106.86010742 61.00000000
v -93.59101105 106.86010742 61.00000000
v -93.84844208 105.89118195 61.00000000
v -94.18650818 106.06823730 61.00000000
v -93.59101105 106.86010742 61.00000000
v -94.18650818 106.06823730 61.00000000
v -93.82164764 107.02438354 61.00000000
v -93.82164764 107.02438354 61.00000000
v -94.18650818 106.06823730 61.00000000
v -94.48979187 106.29988098 61.00000000
v -93.82164764 107.02438354 61.00000000
v -94.48979187 106.29988098 61.00000000
v -94.74956512 106.57944489 61.00000000
v -93.82164764 107.02438354 61.00000000
v -94.74956512 106.57944489 61.00000000
v -94.00994873 107.23585510 61.00000000
v -94.00994873 107.23585510 61.00000000
v -94.74956512 106.57944489 61.00000000
v -94.95835876 106.89888763 61.00000000
v -94.00994873 107.23585510 61.00000000
v -94.95835876 106.89888763 61.00000000
v -94.14646912 107.48393250 61.00000000
v -94.14646912 107.48393250 61.00000000
v -94.95835876 106.89888763 61.00000000
v -95.11016083 107.24902344 61.00000000
v -94.14646912 107.48393250 61.00000000
v -95.11016083 107.24902344 61.00000000
v -94.22437286 107.75616455 61.00000000
v -94.22437286 107.75616455 61.00000000
v -95.11016083 107.24902344 61.00000000
v -95.20059967 107.61978149 61.00000000
v -94.22437286 107.75616455 61.00000000
v -95.20059967 107.61978149 61.00000000
v -95.22708893 108.00048828 61.00000000
v -94.22437286 107.75616455 61.00000000
v -95.22708893 108.00048828 61.00000000
v -94.23973846 108.03890228 61.00000000
v -94.23973846 108.03890228 61.00000000
v -95.22708893 108.00048828 61.00000000
v -95.18885040 108.38019562 61.00000000
v -94.23973846 108.03890228 61.00000000
v -95.18885040 108.38019562 61.00000000
v -94.19180298 108.31797791 61.00000000
v -94.19180298 108.31797791 61.00000000
v -95.18885040 108.38019562 61.00000000
v -95.08699799 108.74797821 61.00000000
v -94.19180298 108.31797791 61.00000000
v -95.08699799 108.74797821 61.00000000
v -94.08296967 108.57938385 61.00000000
v -94.08296967 108.57938385 61.00000000
v -95.08699799 108.74797821 61.00000000
v -94.92444611 109.09325409 61.00000000
v -94.08296967 108.57938385 61.00000000
v -94.92444611 109.09325409 61.00000000
v -94.70588684 109.40609741 61.00000000
v -94.08296967 108.57938385 61.00000000
v -94.70588684 109.40609741 61.00000000
v -93.91869354 108.81002045 61.00000000
v -93.91869354 108.81002045 61.00000000
v -94.70588684 109.40609741 61.00000000
v -94.43759918 109.67750549 61.00000000
v -93.91869354 108.81002045 61.00000000
v -94.43759918 109.67750549 61.00000000
v -93.70722198 108.99832153 61.00000000
v -93.70722198 108.99832153 61.00000000
v -94.43759918 109.67750549 61.00000000
v -94.12730408 109.89966583 61.00000000
v -93.70722198 108.99832153 61.00000000
v -94.12730408 109.89966583 61.00000000
v -93.45914459 109.13484192 61.00000000
v -93.45914459 109.13484192 61.00000000
v -94.12730408 109.89966583 61.00000000
v -93.78392792 110.06618500 61.00000000
v -93.45914459 109.13484192 61.00000000
v -93.78392792 110.06618500 61.00000000
v -93.41734314 110.17228699 61.00000000
v -93.45914459 109.13484192 61.00000000
v -93.41734314 110.17228699 61.00000000
v -93.18691254 109.21273804 61.00000000
v -93.18691254 109.21273804 61.00000000
v -93.41734314 110.17228699 61.00000000
v -93.03810120 110.21490479 61.00000000
v -93.18691254 109.21273804 61.00000000
v -93.03810120 110.21490479 61.00000000
v -92.90417480 109.22810364 61.00000000
v -92.90417480 109.22810364 61.00000000
v -93.03810120 110.21490479 61.00000000
v -92.65711975 110.19281769 61.00000000
v -92.90417480 109.22810364 61.00000000
v -92.65711975 110.19281769 61.00000000
v -92.62510681 109.18016815 61.00000000
v -92.62510681 109.18016815 61.00000000
v -92.65711975 110.19281769 61.00000000
v -92.28533936 110.10665894 61.00000000
v -92.62510681 109.18016815 61.00000000
v -92.28533936 110.10665894 61.00000000
v -92.36369324 109.07133484 61.00000000
v -92.36369324 109.07133484 61.00000000
v -92.28533936 110.10665894 61.00000000
v -91.93347931 109.95891571 61.00000000
v -92.36369324 109.07133484 61.00000000
v -91.93347931 109.95891571 61.00000000
v -91.61164093 109.75382996 61.00000000
v -92.36369324 109.07133484 61.00000000
v -91.61164093 109.75382996 61.00000000
v -92.13305664 108.90706635 61.00000000
v -92.13305664 108.90706635 61.00000000
v -91.61164093 109.75382996 61.00000000
v -91.32909393 109.49729919 61.00000000
v -92.13305664 108.90706635 61.00000000
v -91.32909393 109.49729919 61.00000000
v -91.94475555 108.69558716 61.00000000
v -91.94475555 108.69558716 61.00000000
v -91.32909393 109.49729919 61.00000000
v -91.09396362 109.19671631 61.00000000
v -91.94475555 108.69558716 61.00000000
v -91.09396362 109.19671631 61.00000000
v -91.80823517 108.44751740 61.00000000
v -91.80823517 108.44751740 61.00000000
v -91.09396362 109.19671631 61.00000000
v -90.91301727 108.86071014 61.00000000
v -91.80823517 108.44751740 61.00000000
v -90.91301727 108.86071014 61.00000000
v -90.79145813 108.49896240 61.00000000
v -91.80823517 108.44751740 61.00000000
v -90.79145813 108.49896240 61.00000000
v -91.73033905 108.17528534 61.00000000
v -91.73033905 108.17528534 61.00000000
v -90.79145813 108.49896240 61.00000000
v -90.73278046 108.12187195 61.00000000
v -91.73033905 108.17528534 61.00000000
v -90.73278046 108.12187195 61.00000000
v -91.71497345 107.89253998 61.00000000
v -91.71497345 107.89253998 61.00000000
v -90.73278046 108.12187195 61.00000000
v -90.73867798 107.74029541 61.00000000
v -91.71497345 107.89253998 61.00000000
v -90.73867798 107.74029541 61.00000000
v -91.76290894 107.61347198 61.00000000
v -91.76290894 107.61347198 61.00000000
v -90.73867798 107.74029541 61.00000000
v -90.80897522 107.36519623 61.00000000
v -91.76290894 107.61347198 61.00000000
v -90.80897522 107.36519623 61.00000000
v -90.94165802 107.00737762 61.00000000
v -91.76290894 107.61347198 61.00000000
v -90.94165802 107.00737762 61.00000000
v -91.87174225 107.35206604 61.00000000
v -91.87174225 107.35206604 61.00000000
v -90.94165802 107.00737762 61.00000000
v -91.13289642 106.67713165 61.00000000
v -91.87174225 107.35206604 61.00000000
v -91.13289642 106.67713165 61.00000000
v -92.03601074 107.12142944 61.00000000
v -92.03601074 107.12142944 61.00000000
v -91.13289642 106.67713165 61.00000000
v -91.37720490 106.38394928 61.00000000
v -92.03601074 107.12142944 61.00000000
v -91.37720490 106.38394928 61.00000000
v -92.24748993 106.93312836 61.00000000
v -92.24748993 106.93312836 61.00000000
v -91.37720490 106.38394928 61.00000000
v -91.66754150 106.13627625 61.00000000
v -92.24748993 106.93312836 61.00000000
v -91.66754150 106.13627625 61.00000000
v -91.99555969 105.94123077 61.00000000
v -92.24748993 106.93312836 61.00000000
v -91.99555969 105.94123077 61.00000000
v -92.49555969 106.79660797 61.00000000
v -92.49555969 106.79660797 61.00000000
v -91.99555969 105.94123077 61.00000000
v -92.35182190 105.80442810 61.00000000
v -92.49555969 106.79660797 61.00000000
v -92.35182190 105.80442810 61.00000000
v -92.76779175 106.71871185 61.00000000
v -92.76779175 106.71871185 61.00000000
v -92.35182190 105.80442810 61.00000000
v -92.72608185 105.72979736 61.00000000
v -92.76779175 106.71871185 61.00000000
v -92.72608185 105.72979736 61.00000000
v -93.05053711 106.70334625 61.00000000
v -93.48531342 105.77381134 58.00000000
v -93.10756683 105.71949768 61.00000000
v -93.10756683 105.71949768 58.00000000
v -93.10756683 105.71949768 58.00000000
v -93.10756683 105.71949768 61.00000000
v -92.72608185 105.72979736 61.00000000
v -93.10756683 105.71949768 58.00000000
v -92.72608185 105.72979736 61.00000000
v -92.72608185 105.72979736 58.00000000
v -92.72608185 105.72979736 58.00000000
v -92.72608185 105.72979736 61.00000000
v -92.35182190 105.80442810 61.00000000
v -92.72608185 105.72979736 58.00000000
v -92.35182190 105.80442810 61.00000000
v -92.35182190 105.80442810 58.00000000
v -92.35182190 105.80442810 58.00000000
v -92.35182190 105.80442810 61.00000000
v -91.99555969 105.94123077 61.00000000
v -92.35182190 105.80442810 58.00000000
v -91.99555969 105.94123077 61.00000000
v -91.99555969 105.94123077 58.00000000
v -91.99555969 105.94123077 58.00000000
v -91.99555969 105.94123077 61.00000000
v -91.66754150 106.13627625 61.00000000
v -91.99555969 105.94123077 58.00000000
v -91.66754150 106.13627625 61.00000000
v -91.66754150 106.13627625 58.00000000
v -91.66754150 106.13627625 58.00000000
v -91.66754150 106.13627625 61.00000000
v -91.37720490 106.38394928 61.00000000
v -91.66754150 106.13627625 58.00000000
v -91.37720490 106.38394928 61.00000000
v -91.37720490 106.38394928 58.00000000
v -91.37720490 106.38394928 58.00000000
v -91.37720490 106.38394928 61.00000000
v -91.13289642 106.67713165 61.00000000
v -91.37720490 106.38394928 58.00000000
v -91.13289642 106.67713165 61.00000000
v -91.13289642 106.67713165 58.00000000
v -91.13289642 106.67713165 58.00000000
v -91.13289642 106.67713165 61.00000000
v -90.94165802 107.00737762 61.00000000
v -91.13289642 106.67713165 58.00000000
v -90.94165802 107.00737762 61.00000000
v -90.94165802 107.00737762 58.00000000
v -90.94165802 107.00737762 58.00000000
v -90.94165802 107.00737762 61.00000000
v -90.80897522 107.36519623 61.00000000
v -90.94165802 107.00737762 58.00000000
v -90.80897522 107.36519623 61.00000000
v -90.80897522 107.36519623 58.00000000
v -90.80897522 107.36519623 58.00000000
v -90.80897522 107.36519623 61.00000000
v -90.73867798 107.74029541 61.00000000
v -90.80897522 107.36519623 58.00000000
v -90.73867798 107.74029541 61.00000000
v -90.73867798 107.74029541 58.00000000
v -90.73867798 107.74029541 58.00000000
v -90.73867798 107.74029541 61.00000000
v -90.73278046 108.12187195 61.00000000
v -90.73867798 107.74029541 58.00000000
v -90.73278046 108.12187195 61.00000000
v -90.73278046 108.12187195 58.00000000
v -90.73278046 108.12187195 58.00000000
v -90.73278046 108.12187195 61.00000000
v -90.79145813 108.49896240 61.00000000
v -90.73278046 108.12187195 58.00000000
v -90.79145813 108.49896240 61.00000000
v -90.79145813 108.49896240 58.00000000
v -90.79145813 108.49896240 58.00000000
v -90.79145813 108.49896240 61.00000000
v -90.91301727 108.86071014 61.00000000
v -90.79145813 108.49896240 58.00000000
v -90.91301727 108.86071014 61.00000000
v -90.91301727 108.86071014 58.00000000
v -90.91301727 108.86071014 58.00000000
v -90.91301727 108.86071014 61.00000000
v -91.09396362 109.19671631 61.00000000
v -90.91301727 108.86071014 58.00000000
v -91.09396362 109.19671631 61.00000000
v -91.09396362 109.19671631 58.00000000
v -91.09396362 109.19671631 58.00000000
v -91.09396362 109.19671631 61.00000000
v -91.32909393 109.49729919 61.00000000
v -91.09396362 109.19671631 58.00000000
v -91.32909393 109.49729919 61.00000000
v -91.32909393 109.49729919 58.00000000
v -91.32909393 109.49729919 58.00000000
v -91.32909393 109.49729919 61.00000000
v -91.61164093 109.75382996 61.00000000
v -91.32909393 109.49729919 58.00000000
v -91.61164093 109.75382996 61.00000000
v -91.61164093 109.75382996 58.00000000
v -91.61164093 109.75382996 58.00000000
v -91.61164093 109.75382996 61.00000000
v -91.93347931 109.95891571 61.00000000
v -91.61164093 109.75382996 58.00000000
v -91.93347931 109.95891571 61.00000000
v -91.93347931 109.95891571 58.00000000
v -91.93347931 109.95891571 58.00000000
v -91.93347931 109.95891571 61.00000000
v -92.28533936 110.10665894 61.00000000
v -91.93347931 109.95891571 58.00000000
v -92.28533936 110.10665894 61.00000000
v -92.28533936 110.10665894 58.00000000
v -92.28533936 110.10665894 58.00000000
v -92.28533936 110.10665894 61.00000000
v -92.65711975 110.19281769 61.00000000
v -92.28533936 110.10665894 58.00000000
v -92.65711975 110.19281769 61.00000000
v -92.65711975 110.19281769 58.00000000
v -92.65711975 110.19281769 58.00000000
v -92.65711975 110.19281769 61.00000000
v -93.03810120 110.21490479 61.00000000
v -92.65711975 110.19281769 58.00000000
v -93.03810120 110.21490479 61.00000000
v -93.03810120 110.21490479 58.00000000
v -93.03810120 110.21490479 58.00000000
v -93.03810120 110.21490479 61.00000000
v -93.41734314 110.17228699 61.00000000
v -93.03810120 110.21490479 58.00000000
v -93.41734314 110.17228699 61.00000000
v -93.41734314 110.17228699 58.00000000
v -93.41734314 110.17228699 58.00000000
v -93.41734314 110.17228699 61.00000000
v -93.78392792 110.06618500 61.00000000
v -93.41734314 110.17228699 58.00000000
v -93.78392792 110.06618500 61.00000000
v -93.78392792 110.06618500 58.00000000
v -93.78392792 110.06618500 58.00000000
v -93.78392792 110.06618500 61.00000000
v -94.12730408 109.89966583 61.00000000
v -93.78392792 110.06618500 58.00000000
v -94.12730408 109.89966583 61.00000000
v -94.12730408 109.89966583 58.00000000
v -94.12730408 109.89966583 58.00000000
v -94.12730408 109.89966583 61.00000000
v -94.43759918 109.67750549 61.00000000
v -94.12730408 109.89966583 58.00000000
v -94.43759918 109.67750549 61.00000000
v -94.43759918 109.67750549 58.00000000
v -94.43759918 109.67750549 58.00000000
v -94.43759918 109.67750549 61.00000000
v -94.70588684 109.40609741 61.00000000
v -94.43759918 109.67750549 58.00000000
v -94.70588684 109.40609741 61.00000000
v -94.70588684 109.40609741 58.00000000
v -94.70588684 109.40609741 58.00000000
v -94.70588684 109.40609741 61.00000000
v -94.92444611 109.09325409 61.00000000
v -94.70588684 109.40609741 58.00000000
v -94.92444611 109.09325409 61.00000000
v -94.92444611 109.09325409 58.00000000
v -94.92444611 109.09325409 58.00000000
v -94.92444611 109.09325409 61.00000000
v -95.08699799 108.74797821 61.00000000
v -94.92444611 109.09325409 58.00000000
v -95.08699799 108.74797821 61.00000000
v -95.08699799 108.74797821 58.00000000
v -95.08699799 108.74797821 58.00000000
v -95.08699799 108.74797821 61.00000000
v -95.18885040 108.38019562 61.00000000
v -95.08699799 108.74797821 58.00000000
v -95.18885040 108.38019562 61.00000000
v -95.18885040 108.38019562 58.00000000
v -95.18885040 108.38019562 58.00000000
v -95.18885040 108.38019562 61.00000000
v -95.22708893 108.00048828 61.00000000
v -95.18885040 108.38019562 58.00000000
v -95.22708893 108.00048828 61.00000000
v -95.22708893 108.00048828 58.00000000
v -95.22708893 108.00048828 58.00000000
v -95.22708893 108.00048828 61.00000000
v -95.20059967 107.61978149 61.00000000
v -95.22708893 108.00048828 58.00000000
v -95.20059967 107.61978149 61.00000000
v -95.20059967 107.61978149 58.00000000
v -95.20059967 107.61978149 58.00000000
v -95.20059967 107.61978149 61.00000000
v -95.11016083 107.24902344 61.00000000
v -95.20059967 107.61978149 58.00000000
v -95.11016083 107.24902344 61.00000000
v -95.11016083 107.24902344 58.00000000
v -95.11016083 107.24902344 58.00000000
v -95.11016083 107.24902344 61.00000000
v -94.95835876 106.89888763 61.00000000
v -95.11016083 107.24902344 58.00000000
v -94.95835876 106.89888763 61.00000000
v -94.95835876 106.89888763 58.00000000
v -94.95835876 106.89888763 58.00000000
v -94.95835876 106.89888763 61.00000000
v -94.74956512 106.57944489 61.00000000
v -94.95835876 106.89888763 58.00000000
v -94.74956512 106.57944489 61.00000000
v -94.74956512 106.57944489 58.00000000
v -94.74956512 106.57944489 58.00000000
v -94.74956512 106.57944489 61.00000000
v -94.48979187 106.29988098 61.00000000
v -94.74956512 106.57944489 58.00000000
v -94.48979187 106.29988098 61.00000000
v -94.48979187 106.29988098 58.00000000
v -94.48979187 106.29988098 58.00000000
v -94.48979187 106.29988098 61.00000000
v -94.18650818 106.06823730 61.00000000
v -94.48979187 106.29988098 58.00000000
v -94.18650818 106.06823730 61.00000000
v -94.18650818 106.06823730 58.00000000
v -94.18650818 106.06823730 58.00000000
v -94.18650818 106.06823730 61.00000000
v -93.84844208 105.89118195 61.00000000
v -94.18650818 106.06823730 58.00000000
v -93.84844208 105.89118195 61.00000000
v -93.84844208 105.89118195 58.00000000
v -93.84844208 105.89118195 58.00000000
v -93.84844208 105.89118195 61.00000000
v -93.48531342 105.77381134 61.00000000
v -93.84844208 105.89118195 58.00000000
v -93.48531342 105.77381134 61.00000000
v -93.48531342 105.77381134 58.00000000
v -93.48531342 105.77381134 58.00000000
v -93.48531342 105.77381134 61.00000000
v -93.10756683 105.71949768 61.00000000
v -93.30480957 95.74655914 61.00000000
v -93.68629456 95.73625183 61.00000000
v -93.62926483 96.72010040 61.00000000
v -93.62926483 96.72010040 61.00000000
v -93.68629456 95.73625183 61.00000000
v -94.06404114 95.79057312 61.00000000
v -93.62926483 96.72010040 61.00000000
v -94.06404114 95.79057312 61.00000000
v -93.90833282 96.76803589 61.00000000
v -93.90833282 96.76803589 61.00000000
v -94.06404114 95.79057312 61.00000000
v -94.42716980 95.90794373 61.00000000
v -93.90833282 96.76803589 61.00000000
v -94.42716980 95.90794373 61.00000000
v -94.16974640 96.87686920 61.00000000
v -94.16974640 96.87686920 61.00000000
v -94.42716980 95.90794373 61.00000000
v -94.76523590 96.08499908 61.00000000
v -94.16974640 96.87686920 61.00000000
v -94.76523590 96.08499908 61.00000000
v -94.40038300 97.04114532 61.00000000
v -94.40038300 97.04114532 61.00000000
v -94.76523590 96.08499908 61.00000000
v -95.06851959 96.31664276 61.00000000
v -94.40038300 97.04114532 61.00000000
v -95.06851959 96.31664276 61.00000000
v -95.32829285 96.59620667 61.00000000
v -94.40038300 97.04114532 61.00000000
v -95.32829285 96.59620667 61.00000000
v -94.58867645 97.25261688 61.00000000
v -94.58867645 97.25261688 61.00000000
v -95.32829285 96.59620667 61.00000000
v -95.53708649 96.91564941 61.00000000
v -94.58867645 97.25261688 61.00000000
v -95.53708649 96.91564941 61.00000000
v -94.72519684 97.50068665 61.00000000
v -94.72519684 97.50068665 61.00000000
v -95.53708649 96.91564941 61.00000000
v -95.68888855 97.26578522 61.00000000
v -94.72519684 97.50068665 61.00000000
v -95.68888855 97.26578522 61.00000000
v -94.80310059 97.77292633 61.00000000
v -94.80310059 97.77292633 61.00000000
v -95.68888855 97.26578522 61.00000000
v -95.77932739 97.63654327 61.00000000
v -94.80310059 97.77292633 61.00000000
v -95.77932739 97.63654327 61.00000000
v -95.80581665 98.01725006 61.00000000
v -94.80310059 97.77292633 61.00000000
v -95.80581665 98.01725006 61.00000000
v -94.81846619 98.05566406 61.00000000
v -94.81846619 98.05566406 61.00000000
v -95.80581665 98.01725006 61.00000000
v -95.76757812 98.39695740 61.00000000
v -94.81846619 98.05566406 61.00000000
v -95.76757812 98.39695740 61.00000000
v -94.77053070 98.33473206 61.00000000
v -94.77053070 98.33473206 61.00000000
v -95.76757812 98.39695740 61.00000000
v -95.66572571 98.76473999 61.00000000
v -94.77053070 98.33473206 61.00000000
v -95.66572571 98.76473999 61.00000000
v -94.66169739 98.59614563 61.00000000
v -94.66169739 98.59614563 61.00000000
v -95.66572571 98.76473999 61.00000000
v -95.50317383 99.11001587 61.00000000
v -94.66169739 98.59614563 61.00000000
v -95.50317383 99.11001587 61.00000000
v -95.28461456 99.42285919 61.00000000
v -94.66169739 98.59614563 61.00000000
v -95.28461456 99.42285919 61.00000000
v -94.49742126 98.82678223 61.00000000
v -94.49742126 98.82678223 61.00000000
v -95.28461456 99.42285919 61.00000000
v -95.01632690 99.69425964 61.00000000
v -94.49742126 98.82678223 61.00000000
v -95.01632690 99.69425964 61.00000000
v -94.28594971 99.01508331 61.00000000
v -94.28594971 99.01508331 61.00000000
v -95.01632690 99.69425964 61.00000000
v -94.70603180 99.91641998 61.00000000
v -94.28594971 99.01508331 61.00000000
v -94.70603180 99.91641998 61.00000000
v -94.03787994 99.15160370 61.00000000
v -94.03787994 99.15160370 61.00000000
v -94.70603180 99.91641998 61.00000000
v -94.36265564 100.08294678 61.00000000
v -94.03787994 99.15160370 61.00000000
v -94.36265564 100.08294678 61.00000000
v -93.99607086 100.18904114 61.00000000
v -94.03787994 99.15160370 61.00000000
v -93.99607086 100.18904114 61.00000000
v -93.76564026 99.22949982 61.00000000
v -93.76564026 99.22949982 61.00000000
v -93.99607086 100.18904114 61.00000000
v -93.61682892 100.23166656 61.00000000
v -93.76564026 99.22949982 61.00000000
v -93.61682892 100.23166656 61.00000000
v -93.48290253 99.24486542 61.00000000
v -93.48290253 99.24486542 61.00000000
v -93.61682892 100.23166656 61.00000000
v -93.23584747 100.20957947 61.00000000
v -93.48290253 99.24486542 61.00000000
v -93.23584747 100.20957947 61.00000000
v -93.20383453 99.19692993 61.00000000
v -93.20383453 99.19692993 61.00000000
v -93.23584747 100.20957947 61.00000000
v -92.86406708 100.12342072 61.00000000
v -93.20383453 99.19692993 61.00000000
v -92.86406708 100.12342072 61.00000000
v -92.94242096 99.08809662 61.00000000
v -92.94242096 99.08809662 61.00000000
v -92.86406708 100.12342072 61.00000000
v -92.51220703 99.97567749 61.00000000
v -92.94242096 99.08809662 61.00000000
v -92.51220703 99.97567749 61.00000000
v -92.19036865 99.77059174 61.00000000
v -92.94242096 99.08809662 61.00000000
v -92.19036865 99.77059174 61.00000000
v -92.71178436 98.92382812 61.00000000
v -92.71178436 98.92382812 61.00000000
v -92.19036865 99.77059174 61.00000000
v -91.90782166 99.51406097 61.00000000
v -92.71178436 98.92382812 61.00000000
v -91.90782166 99.51406097 61.00000000
v -92.52349091 98.71234894 61.00000000
v -92.52349091 98.71234894 61.00000000
v -91.90782166 99.51406097 61.00000000
v -91.67269135 99.21347809 61.00000000
v -92.52349091 98.71234894 61.00000000
v -91.67269135 99.21347809 61.00000000
v -92.38696289 98.46427917 61.00000000
v -92.38696289 98.46427917 61.00000000
v -91.67269135 99.21347809 61.00000000
v -91.49174500 98.87747192 61.00000000
v -92.38696289 98.46427917 61.00000000
v -91.49174500 98.87747192 61.00000000
v -91.37018585 98.51572418 61.00000000
v -92.38696289 98.46427917 61.00000000
v -91.37018585 98.51572418 61.00000000
v -92.30906677 98.19204712 61.00000000
v -92.30906677 98.19204712 61.00000000
v -91.37018585 98.51572418 61.00000000
v -91.31150818 98.13863373 61.00000000
v -92.30906677 98.19204712 61.00000000
v -91.31150818 98.13863373 61.00000000
v -92.29370117 97.90930176 61.00000000
v -92.29370117 97.90930176 61.00000000
v -91.31150818 98.13863373 61.00000000
v -91.31740570 97.75705719 61.00000000
v -92.29370117 97.90930176 61.00000000
v -91.31740570 97.75705719 61.00000000
v -92.34163666 97.63023376 61.00000000
v -92.34163666 97.63023376 61.00000000
v -91.31740570 97.75705719 61.00000000
v -91.38770294 97.38195801 61.00000000
v -92.34163666 97.63023376 61.00000000
v -91.38770294 97.38195801 61.00000000
v -91.52038574 97.02413940 61.00000000
v -92.34163666 97.63023376 61.00000000
v -91.52038574 97.02413940 61.00000000
v -92.45046997 97.36882782 61.00000000
v -92.45046997 97.36882782 61.00000000
v -91.52038574 97.02413940 61.00000000
v -91.71162415 96.69388580 61.00000000
v -92.45046997 97.36882782 61.00000000
v -91.71162415 96.69388580 61.00000000
v -92.61473846 97.13819122 61.00000000
v -92.61473846 97.13819122 61.00000000
v -91.71162415 96.69388580 61.00000000
v -91.95593262 96.40071106 61.00000000
v -92.61473846 97.13819122 61.00000000
v -91.95593262 96.40071106 61.00000000
v -92.82621765 96.94989014 61.00000000
v -92.82621765 96.94989014 61.00000000
v -91.95593262 96.40071106 61.00000000
v -92.24626923 96.15303802 61.00000000
v -92.82621765 96.94989014 61.00000000
v -92.24626923 96.15303802 61.00000000
v -92.57428741 95.95799255 61.00000000
v -92.82621765 96.94989014 61.00000000
v -92.57428741 95.95799255 61.00000000
v -93.07428741 96.81336975 61.00000000
v -93.07428741 96.81336975 61.00000000
v -92.57428741 95.95799255 61.00000000
v -92.93054962 95.82118225 61.00000000
v -93.07428741 96.81336975 61.00000000
v -92.93054962 95.82118225 61.00000000
v -93.34651947 96.73546600 61.00000000
v -93.34651947 96.73546600 61.00000000
v -92.93054962 95.82118225 61.00000000
v -93.30480957 95.74655914 61.00000000
v -93.34651947 96.73546600 61.00000000
v -93.30480957 95.74655914 61.00000000
v -93.62926483 96.72010040 61.00000000
v -94.06404114 95.79057312 58.00000000
v -93.68629456 95.73625183 61.00000000
v -93.68629456 95.73625183 58.00000000
v -93.68629456 95.73625183 58.00000000
v -93.68629456 95.73625183 61.00000000
v -93.30480957 95.74655914 61.00000000
v -93.68629456 95.73625183 58.00000000
v -93.30480957 95.74655914 61.00000000
v -93.30480957 95.74655914 58.00000000
v -93.30480957 95.74655914 58.00000000
v -93.30480957 95.74655914 61.00000000
v -92.93054962 95.82118225 61.00000000
v -93.30480957 95.74655914 58.00000000
v -92.93054962 95.82118225 61.00000000
v -92.93054962 95.82118225 58.00000000
v -92.93054962 95.82118225 58.00000000
v -92.93054962 95.82118225 61.00000000
v -92.57428741 95.95799255 61.00000000
v -92.93054962 95.82118225 58.00000000
v -92.57428741 95.95799255 61.00000000
v -92.57428741 95.95799255 58.00000000
v -92.57428741 95.95799255 58.00000000
v -92.57428741 95.95799255 61.00000000
v -92.24626923 96.15303802 61.00000000
v -92.57428741 95.95799255 58.00000000
v -92.24626923 96.15303802 61.00000000
v -92.24626923 96.15303802 58.00000000
v -92.24626923 96.15303802 58.00000000
v -92.24626923 96.15303802 61.00000000
v -91.95593262 96.40071106 61.00000000
v -92.24626923 96.15303802 58.00000000
v -91.95593262 96.40071106 61.00000000
v -91.95593262 96.40071106 58.00000000
v -91.95593262 96.40071106 58.00000000
v -91.95593262 96.40071106 61.00000000
v -91.71162415 96.69388580 61.00000000
v -91.95593262 96.40071106 58.00000000
v -91.71162415 96.69388580 61.00000000
v -91.71162415 96.69388580 58.00000000
v -91.71162415 96.69388580 58.00000000
v -91.71162415 96.69388580 61.00000000
v -91.52038574 97.02413940 61.00000000
v -91.71162415 96.69388580 58.00000000
v -91.52038574 97.02413940 61.00000000
v -91.52038574 97.02413940 58.00000000
v -91.52038574 97.02413940 58.00000000
v -91.52038574 97.02413940 61.00000000
v -91.38770294 97.38195801 61.00000000
v -91.52038574 97.02413940 58.00000000
v -91.38770294 97.38195801 61.00000000
v -91.38770294 97.38195801 58.00000000
v -91.38770294 97.38195801 58.00000000
v -91.38770294 97.38195801 61.00000000
v -91.31740570 97.75705719 61.00000000
v -91.38770294 97.38195801 58.00000000
v -91.31740570 97.75705719 61.00000000
v -91.31740570 97.75705719 58.00000000
v -91.31740570 97.75705719 58.00000000
v -91.31740570 97.75705719 61.00000000
v -91.31150818 98.13863373 61.00000000
v -91.31740570 97.75705719 58.00000000
v -91.31150818 98.13863373 61.00000000
v -91.31150818 98.13863373 58.00000000
v -91.31150818 98.13863373 58.00000000
v -91.31150818 98.13863373 61.00000000
v -91.37018585 98.51572418 61.00000000
v -91.31150818 98.13863373 58.00000000
v -91.37018585 98.51572418 61.00000000
v -91.37018585 98.51572418 58.00000000
v -91.37018585 98.51572418 58.00000000
v -91.37018585 98.51572418 61.00000000
v -91.49174500 98.87747192 61.00000000
v -91.37018585 98.51572418 58.00000000
v -91.49174500 98.87747192 61.00000000
v -91.49174500 98.87747192 58.00000000
v -91.49174500 98.87747192 58.00000000
v -91.49174500 98.87747192 61.00000000
v -91.67269135 99.21347809 61.00000000
v -91.49174500 98.87747192 58.00000000
v -91.67269135 99.21347809 61.00000000
v -91.67269135 99.21347809 58.00000000
v -91.67269135 99.21347809 58.00000000
v -91.67269135 99.21347809 61.00000000
v -91.90782166 99.51406097 61.00000000
v -91.67269135 99.21347809 58.00000000
v -91.90782166 99.51406097 61.00000000
v -91.90782166 99.51406097 58.00000000
v -91.90782166 99.51406097 58.00000000
v -91.90782166 99.51406097 61.00000000
v -92.19036865 99.77059174 61.00000000
v -91.90782166 99.51406097 58.00000000
v -92.19036865 99.77059174 61.00000000
v -92.19036865 99.77059174 58.00000000
v -92.19036865 99.77059174 58.00000000
v -92.19036865 99.77059174 61.00000000
v -92.51220703 99.97567749 61.00000000
v -92.19036865 99.77059174 58.00000000
v -92.51220703 99.97567749 61.00000000
v -92.51220703 99.97567749 58.00000000
v -92.51220703 99.97567749 58.00000000
v -92.51220703 99.97567749 61.00000000
v -92.86406708 100.12342072 61.00000000
v -92.51220703 99.97567749 58.00000000
v -92.86406708 100.12342072 61.00000000
v -92.86406708 100.12342072 58.00000000
v -92.86406708 100.12342072 58.00000000
v -92.86406708 100.12342072 61.00000000
v -93.23584747 100.20957947 61.00000000
v -92.86406708 100.12342072 58.00000000
v -93.23584747 100.20957947 61.00000000
v -93.23584747 100.20957947 58.00000000
v -93.23584747 100.20957947 58.00000000
v -93.23584747 100.20957947 61.00000000
v -93.61682892 100.23166656 61.00000000
v -93.23584747 100.20957947 58.00000000
v -93.61682892 100.23166656 61.00000000
v -93.61682892 100.23166656 58.00000000
v -93.61682892 100.23166656 58.00000000
v -93.61682892 100.23166656 61.00000000
v -93.99607086 100.18904114 61.00000000
v -93.61682892 100.23166656 58.00000000
v -93.99607086 100.18904114 61.00000000
v -93.99607086 100.18904114 58.00000000
v -93.99607086 100.18904114 58.00000000
v -93.99607086 100.18904114 61.00000000
v -94.36265564 100.08294678 61.00000000
v -93.99607086 100.18904114 58.00000000
v -94.36265564 100.08294678 61.00000000
v -94.36265564 100.08294678 58.00000000
v -94.36265564 100.08294678 58.00000000
v -94.36265564 100.08294678 61.00000000
v -94.70603180 99.91641998 61.00000000
v -94.36265564 100.08294678 58.00000000
v -94.70603180 99.91641998 61.00000000
v -94.70603180 99.91641998 58.00000000
v -94.70603180 99.91641998 58.00000000
v -94.70603180 99.91641998 61.00000000
v -95.01632690 99.69425964 61.00000000
v -94.70603180 99.91641998 58.00000000
v -95.01632690 99.69425964 61.00000000
v -95.01632690 99.69425964 58.00000000
v -95.01632690 99.69425964 58.00000000
v -95.01632690 99.69425964 61.00000000
v -95.28461456 99.42285919 61.00000000
v -95.01632690 99.69425964 58.00000000
v -95.28461456 99.42285919 61.00000000
v -95.28461456 99.42285919 58.00000000
v -95.28461456 99.42285919 58.00000000
v -95.28461456 99.42285919 61.00000000
v -95.50317383 99.11001587 61.00000000
v -95.28461456 99.42285919 58.00000000
v -95.50317383 99.11001587 61.00000000
v -95.50317383 99.11001587 58.00000000
v -95.50317383 99.11001587 58.00000000
v -95.50317383 99.11001587 61.00000000
v -95.66572571 98.76473999 61.00000000
v -95.50317383 99.11001587 58.00000000
v -95.66572571 98.76473999 61.00000000
v -95.66572571 98.76473999 58.00000000
v -95.66572571 98.76473999 58.00000000
v -95.66572571 98.76473999 61.00000000
v -95.76757812 98.39695740 61.00000000
v -95.66572571 98.76473999 58.00000000
v -95.76757812 98.39695740 61.00000000
v -95.76757812 98.39695740 58.00000000
v -95.76757812 98.39695740 58.00000000
v -95.76757812 98.39695740 61.00000000
v -95.80581665 98.01725006 61.00000000
v -95.76757812 98.39695740 58.00000000
v -95.80581665 98.01725006 61.00000000
v -95.80581665 98.01725006 58.00000000
v -95.80581665 98.01725006 58.00000000
v -95.80581665 98.01725006 61.00000000
v -95.77932739 97.63654327 61.00000000
v -95.80581665 98.01725006 58.00000000
v -95.77932739 97.63654327 61.00000000
v -95.77932739 97.63654327 58.00000000
v -95.77932739 97.63654327 58.00000000
v -95.77932739 97.63654327 61.00000000
v -95.68888855 97.26578522 61.00000000
v -95.77932739 97.63654327 58.00000000
v -95.68888855 97.26578522 61.00000000
v -95.68888855 97.26578522 58.00000000
v -95.68888855 97.26578522 58.00000000
v -95.68888855 97.26578522 61.00000000
v -95.53708649 96.91564941 61.00000000
v -95.68888855 97.26578522 58.00000000
v -95.53708649 96.91564941 61.00000000
v -95.53708649 96.91564941 58.00000000
v -95.53708649 96.91564941 58.00000000
v -95.53708649 96.91564941 61.00000000
v -95.32829285 96.59620667 61.00000000
v -95.53708649 96.91564941 58.00000000
v -95.32829285 96.59620667 61.00000000
v -95.32829285 96.59620667 58.00000000
v -95.32829285 96.59620667 58.00000000
v -95.32829285 96.59620667 61.00000000
v -95.06851959 96.31664276 61.00000000
v -95.32829285 96.59620667 58.00000000
v -95.06851959 96.31664276 61.00000000
v -95.06851959 96.31664276 58.00000000
v -95.06851959 96.31664276 58.00000000
v -95.06851959 96.31664276 61.00000000
v -94.76523590 96.08499908 61.00000000
v -95.06851959 96.31664276 58.00000000
v -94.76523590 96.08499908 61.00000000
v -94.76523590 96.08499908 58.00000000
v -94.76523590 96.08499908 58.00000000
v -94.76523590 96.08499908 61.00000000
v -94.42716980 95.90794373 61.00000000
v -94.76523590 96.08499908 58.00000000
v -94.42716980 95.90794373 61.00000000
v -94.42716980 95.90794373 58.00000000
v -94.42716980 95.90794373 58.00000000
v -94.42716980 95.90794373 61.00000000
v -94.06404114 95.79057312 61.00000000
v -94.42716980 95.90794373 58.00000000
v -94.06404114 95.79057312 61.00000000
v -94.06404114 95.79057312 58.00000000
v -94.06404114 95.79057312 58.00000000
v -94.06404114 95.79057312 61.00000000
v -93.68629456 95.73625183 61.00000000
v -100.17542267 113.39138794 58.00000000
v -101.33287811 93.42491150 58.00000000
v -100.17542267 113.39138794 63.00000000
v -100.17542267 113.39138794 63.00000000
v -101.33287811 93.42491150 58.00000000
v -101.33287811 93.42491150 63.00000000
v -95.18379974 113.10202789 63.00000000
v -96.29797363 98.23708344 63.00000000
v -96.34125519 93.13554382 63.00000000
v -96.34125519 93.13554382 63.00000000
v -96.29797363 98.23708344 63.00000000
v -96.33620453 97.85737610 63.00000000
v -96.34125519 93.13554382 63.00000000
v -96.33620453 97.85737610 63.00000000
v -96.43806458 97.48959351 63.00000000
v -100.17542267 113.39138794 63.00000000
v -98.41748810 100.51807404 63.00000000
v -95.18379974 113.10202789 63.00000000
v -95.18379974 113.10202789 63.00000000
v -98.41748810 100.51807404 63.00000000
v -98.03974915 100.46376038 63.00000000
v -95.18379974 113.10202789 63.00000000
v -98.03974915 100.46376038 63.00000000
v -97.67662048 100.34638977 63.00000000
v -101.33287811 93.42491150 63.00000000
v -100.78638458 98.49727631 63.00000000
v -100.17542267 113.39138794 63.00000000
v -100.17542267 113.39138794 63.00000000
v -100.78638458 98.49727631 63.00000000
v -100.71607971 98.87237549 63.00000000
v -100.17542267 113.39138794 63.00000000
v -100.71607971 98.87237549 63.00000000
v -100.58340454 99.23019409 63.00000000
v -96.34125519 93.13554382 63.00000000
v -98.48695374 96.02266693 63.00000000
v -101.33287811 93.42491150 63.00000000
v -101.33287811 93.42491150 63.00000000
v -98.48695374 96.02266693 63.00000000
v -98.86794281 96.04475403 63.00000000
v -101.33287811 93.42491150 63.00000000
v -98.86794281 96.04475403 63.00000000
v -99.23971558 96.13091278 63.00000000
v -97.67662048 100.34638977 63.00000000
v -97.33854675 100.16933441 63.00000000
v -95.18379974 113.10202789 63.00000000
v -95.18379974 113.10202789 63.00000000
v -97.33854675 100.16933441 63.00000000
v -97.03526306 99.93769073 63.00000000
v -95.18379974 113.10202789 63.00000000
v -97.03526306 99.93769073 63.00000000
v -96.77548981 99.65812683 63.00000000
v -96.77548981 99.65812683 63.00000000
v -96.56670380 99.33868408 63.00000000
v -95.18379974 113.10202789 63.00000000
v -95.18379974 113.10202789 63.00000000
v -96.56670380 99.33868408 63.00000000
v -96.41490173 98.98854828 63.00000000
v -95.18379974 113.10202789 63.00000000
v -96.41490173 98.98854828 63.00000000
v -96.32445526 98.61779022 63.00000000
v -96.32445526 98.61779022 63.00000000
v -96.29797363 98.23708344 63.00000000
v -95.18379974 113.10202789 63.00000000
v -96.43806458 97.48959351 63.00000000
v -96.60060883 97.14431763 63.00000000
v -96.34125519 93.13554382 63.00000000
v -96.34125519 93.13554382 63.00000000
v -96.60060883 97.14431763 63.00000000
v -96.81916809 96.83147430 63.00000000
v -96.34125519 93.13554382 63.00000000
v -96.81916809 96.83147430 63.00000000
v -97.08745575 96.56006622 63.00000000
v -97.08745575 96.56006622 63.00000000
v -97.39775848 96.33790588 63.00000000
v -96.34125519 93.13554382 63.00000000
v -96.34125519 93.13554382 63.00000000
v -97.39775848 96.33790588 63.00000000
v -97.74113464 96.17138672 63.00000000
v -96.34125519 93.13554382 63.00000000
v -97.74113464 96.17138672 63.00000000
v -98.10771179 96.06528473 63.00000000
v -98.10771179 96.06528473 63.00000000
v -98.48695374 96.02266693 63.00000000
v -96.34125519 93.13554382 63.00000000
v -99.23971558 96.13091278 63.00000000
v -99.59158325 96.27865601 63.00000000
v -101.33287811 93.42491150 63.00000000
v -101.33287811 93.42491150 63.00000000
v -99.59158325 96.27865601 63.00000000
v -99.91342163 96.48374176 63.00000000
v -101.33287811 93.42491150 63.00000000
v -99.91342163 96.48374176 63.00000000
v -100.19596100 96.74027252 63.00000000
v -100.19596100 96.74027252 63.00000000
v -100.43109131 97.04085541 63.00000000
v -101.33287811 93.42491150 63.00000000
v -101.33287811 93.42491150 63.00000000
v -100.43109131 97.04085541 63.00000000
v -100.61204529 97.37686157 63.00000000
v -101.33287811 93.42491150 63.00000000
v -100.61204529 97.37686157 63.00000000
v -100.73360443 97.73860931 63.00000000
v -100.73360443 97.73860931 63.00000000
v -100.79227448 98.11569214 63.00000000
v -101.33287811 93.42491150 63.00000000
v -101.33287811 93.42491150 63.00000000
v -100.79227448 98.11569214 63.00000000
v -100.78638458 98.49727631 63.00000000
v -100.58340454 99.23019409 63.00000000
v -100.39215851 99.56044006 63.00000000
v -100.17542267 113.39138794 63.00000000
v -100.17542267 113.39138794 63.00000000
v -100.39215851 99.56044006 63.00000000
v -100.14785767 99.85362244 63.00000000
v -100.17542267 113.39138794 63.00000000
v -100.14785767 99.85362244 63.00000000
v -99.85752106 100.10129547 63.00000000
v -99.85752106 100.10129547 63.00000000
v -99.52949524 100.29634094 63.00000000
v -100.17542267 113.39138794 63.00000000
v -100.17542267 113.39138794 63.00000000
v -99.52949524 100.29634094 63.00000000
v -99.17323303 100.43314362 63.00000000
v -100.17542267 113.39138794 63.00000000
v -99.17323303 100.43314362 63.00000000
v -98.79897308 100.50777435 63.00000000
v -98.79897308 100.50777435 63.00000000
v -98.41748810 100.51807404 63.00000000
v -100.17542267 113.39138794 63.00000000
v -98.96674347 96.65940857 58.00000000
v -98.64411926 96.60864258 58.00000000
v -101.33287811 93.42491150 58.00000000
v -101.33287811 93.42491150 58.00000000
v -98.64411926 96.60864258 58.00000000
v -98.31778717 96.62178802 58.00000000
v -101.33287811 93.42491150 58.00000000
v -98.31778717 96.62178802 58.00000000
v -98.00029755 96.69834900 58.00000000
v -97.70384216 96.83537292 58.00000000
v -95.06851959 96.31664276 58.00000000
v -98.00029755 96.69834900 58.00000000
v -98.00029755 96.69834900 58.00000000
v -95.06851959 96.31664276 58.00000000
v -94.76523590 96.08499908 58.00000000
v -98.00029755 96.69834900 58.00000000
v -94.76523590 96.08499908 58.00000000
v -101.33287811 93.42491150 58.00000000
v -101.33287811 93.42491150 58.00000000
v -94.76523590 96.08499908 58.00000000
v -94.42716980 95.90794373 58.00000000
v -101.33287811 93.42491150 58.00000000
v -94.42716980 95.90794373 58.00000000
v -91.34963989 92.84618378 58.00000000
v -91.34963989 92.84618378 58.00000000
v -94.42716980 95.90794373 58.00000000
v -94.06404114 95.79057312 58.00000000
v -91.34963989 92.84618378 58.00000000
v -94.06404114 95.79057312 58.00000000
v -93.68629456 95.73625183 58.00000000
v -95.06851959 96.31664276 58.00000000
v -97.70384216 96.83537292 58.00000000
v -95.32829285 96.59620667 58.00000000
v -95.32829285 96.59620667 58.00000000
v -97.70384216 96.83537292 58.00000000
v -97.43981171 97.02760315 58.00000000
v -95.32829285 96.59620667 58.00000000
v -97.43981171 97.02760315 58.00000000
v -95.53708649 96.91564941 58.00000000
v -95.53708649 96.91564941 58.00000000
v -97.43981171 97.02760315 58.00000000
v -97.21836090 97.26765442 58.00000000
v -95.53708649 96.91564941 58.00000000
v -97.21836090 97.26765442 58.00000000
v -95.68888855 97.26578522 58.00000000
v -95.68888855 97.26578522 58.00000000
v -97.21836090 97.26765442 58.00000000
v -97.04799652 97.54628754 58.00000000
v -95.68888855 97.26578522 58.00000000
v -97.04799652 97.54628754 58.00000000
v -95.77932739 97.63654327 58.00000000
v -95.77932739 97.63654327 58.00000000
v -97.04799652 97.54628754 58.00000000
v -96.93526459 97.85280609 58.00000000
v -95.77932739 97.63654327 58.00000000
v -96.93526459 97.85280609 58.00000000
v -95.80581665 98.01725006 58.00000000
v -95.80581665 98.01725006 58.00000000
v -96.93526459 97.85280609 58.00000000
v -96.88449860 98.17543030 58.00000000
v -95.80581665 98.01725006 58.00000000
v -96.88449860 98.17543030 58.00000000
v -95.76757812 98.39695740 58.00000000
v -95.76757812 98.39695740 58.00000000
v -96.88449860 98.17543030 58.00000000
v -96.89764404 98.50176239 58.00000000
v -95.76757812 98.39695740 58.00000000
v -96.89764404 98.50176239 58.00000000
v -95.66572571 98.76473999 58.00000000
v -95.66572571 98.76473999 58.00000000
v -96.89764404 98.50176239 58.00000000
v -96.97420502 98.81925201 58.00000000
v -95.66572571 98.76473999 58.00000000
v -96.97420502 98.81925201 58.00000000
v -95.50317383 99.11001587 58.00000000
v -95.50317383 99.11001587 58.00000000
v -96.97420502 98.81925201 58.00000000
v -97.11122894 99.11570740 58.00000000
v -95.50317383 99.11001587 58.00000000
v -97.11122894 99.11570740 58.00000000
v -95.28461456 99.42285919 58.00000000
v -95.28461456 99.42285919 58.00000000
v -97.11122894 99.11570740 58.00000000
v -97.30345917 99.37973785 58.00000000
v -95.28461456 99.42285919 58.00000000
v -97.30345917 99.37973785 58.00000000
v -94.74956512 106.57944489 58.00000000
v -94.74956512 106.57944489 58.00000000
v -97.30345917 99.37973785 58.00000000
v -94.95835876 106.89888763 58.00000000
v -94.95835876 106.89888763 58.00000000
v -97.30345917 99.37973785 58.00000000
v -97.54351044 99.60118866 58.00000000
v -94.95835876 106.89888763 58.00000000
v -97.54351044 99.60118866 58.00000000
v -95.11016083 107.24902344 58.00000000
v -95.11016083 107.24902344 58.00000000
v -97.54351044 99.60118866 58.00000000
v -97.82214355 99.77155304 58.00000000
v -95.11016083 107.24902344 58.00000000
v -97.82214355 99.77155304 58.00000000
v -98.12866211 99.88428497 58.00000000
v -95.11016083 107.24902344 58.00000000
v -98.12866211 99.88428497 58.00000000
v -95.20059967 107.61978149 58.00000000
v -95.20059967 107.61978149 58.00000000
v -98.12866211 99.88428497 58.00000000
v -98.45128632 99.93505859 58.00000000
v -95.20059967 107.61978149 58.00000000
v -98.45128632 99.93505859 58.00000000
v -98.77761841 99.92190552 58.00000000
v -99.09510803 99.84534454 58.00000000
v -100.17542267 113.39138794 58.00000000
v -98.77761841 99.92190552 58.00000000
v -98.77761841 99.92190552 58.00000000
v -100.17542267 113.39138794 58.00000000
v -95.22708893 108.00048828 58.00000000
v -98.77761841 99.92190552 58.00000000
v -95.22708893 108.00048828 58.00000000
v -95.20059967 107.61978149 58.00000000
v -99.09510803 99.84534454 58.00000000
v -99.39156342 99.70832062 58.00000000
v -100.17542267 113.39138794 58.00000000
v -100.17542267 113.39138794 58.00000000
v -99.39156342 99.70832062 58.00000000
v -99.65559387 99.51609039 58.00000000
v -100.17542267 113.39138794 58.00000000
v -99.65559387 99.51609039 58.00000000
v -99.87704468 99.27604675 58.00000000
v -99.87704468 99.27604675 58.00000000
v -100.04740906 98.99740601 58.00000000
v -100.17542267 113.39138794 58.00000000
v -100.17542267 113.39138794 58.00000000
v -100.04740906 98.99740601 58.00000000
v -100.16014099 98.69088745 58.00000000
v -100.17542267 113.39138794 58.00000000
v -100.16014099 98.69088745 58.00000000
v -101.33287811 93.42491150 58.00000000
v -101.33287811 93.42491150 58.00000000
v -100.16014099 98.69088745 58.00000000
v -100.21090698 98.36826324 58.00000000
v -101.33287811 93.42491150 58.00000000
v -100.21090698 98.36826324 58.00000000
v -100.19776154 98.04193878 58.00000000
v -100.19776154 98.04193878 58.00000000
v -100.12120056 97.72444153 58.00000000
v -101.33287811 93.42491150 58.00000000
v -101.33287811 93.42491150 58.00000000
v -100.12120056 97.72444153 58.00000000
v -99.98417664 97.42798615 58.00000000
v -101.33287811 93.42491150 58.00000000
v -99.98417664 97.42798615 58.00000000
v -99.79194641 97.16395569 58.00000000
v -99.79194641 97.16395569 58.00000000
v -99.55189514 96.94250488 58.00000000
v -101.33287811 93.42491150 58.00000000
v -101.33287811 93.42491150 58.00000000
v -99.55189514 96.94250488 58.00000000
v -99.27326202 96.77214050 58.00000000
v -101.33287811 93.42491150 58.00000000
v -99.27326202 96.77214050 58.00000000
v -98.96674347 96.65940857 58.00000000
v -92.72608185 105.72979736 58.00000000
v -93.23584747 100.20957947 58.00000000
v -93.10756683 105.71949768 58.00000000
v -93.10756683 105.71949768 58.00000000
v -93.23584747 100.20957947 58.00000000
v -93.61682892 100.23166656 58.00000000
v -93.10756683 105.71949768 58.00000000
v -93.61682892 100.23166656 58.00000000
v -93.48531342 105.77381134 58.00000000
v -93.48531342 105.77381134 58.00000000
v -93.61682892 100.23166656 58.00000000
v -93.99607086 100.18904114 58.00000000
v -93.48531342 105.77381134 58.00000000
v -93.99607086 100.18904114 58.00000000
v -93.84844208 105.89118195 58.00000000
v -93.84844208 105.89118195 58.00000000
v -93.99607086 100.18904114 58.00000000
v -94.36265564 100.08294678 58.00000000
v -93.84844208 105.89118195 58.00000000
v -94.36265564 100.08294678 58.00000000
v -94.18650818 106.06823730 58.00000000
v -94.18650818 106.06823730 58.00000000
v -94.36265564 100.08294678 58.00000000
v -94.70603180 99.91641998 58.00000000
v -94.18650818 106.06823730 58.00000000
v -94.70603180 99.91641998 58.00000000
v -94.48979187 106.29988098 58.00000000
v -94.48979187 106.29988098 58.00000000
v -94.70603180 99.91641998 58.00000000
v -95.01632690 99.69425964 58.00000000
v -94.48979187 106.29988098 58.00000000
v -95.01632690 99.69425964 58.00000000
v -94.74956512 106.57944489 58.00000000
v -94.74956512 106.57944489 58.00000000
v -95.01632690 99.69425964 58.00000000
v -95.28461456 99.42285919 58.00000000
v -93.23584747 100.20957947 58.00000000
v -92.72608185 105.72979736 58.00000000
v -92.86406708 100.12342072 58.00000000
v -92.86406708 100.12342072 58.00000000
v -92.72608185 105.72979736 58.00000000
v -92.35182190 105.80442810 58.00000000
v -92.86406708 100.12342072 58.00000000
v -92.35182190 105.80442810 58.00000000
v -92.51220703 99.97567749 58.00000000
v -92.51220703 99.97567749 58.00000000
v -92.35182190 105.80442810 58.00000000
v -91.99555969 105.94123077 58.00000000
v -92.51220703 99.97567749 58.00000000
v -91.99555969 105.94123077 58.00000000
v -92.19036865 99.77059174 58.00000000
v -92.19036865 99.77059174 58.00000000
v -91.99555969 105.94123077 58.00000000
v -91.66754150 106.13627625 58.00000000
v -92.19036865 99.77059174 58.00000000
v -91.66754150 106.13627625 58.00000000
v -91.90782166 99.51406097 58.00000000
v -91.90782166 99.51406097 58.00000000
v -91.66754150 106.13627625 58.00000000
v -91.37720490 106.38394928 58.00000000
v -91.90782166 99.51406097 58.00000000
v -91.37720490 106.38394928 58.00000000
v -91.67269135 99.21347809 58.00000000
v -91.67269135 99.21347809 58.00000000
v -91.37720490 106.38394928 58.00000000
v -91.13289642 106.67713165 58.00000000
v -91.67269135 99.21347809 58.00000000
v -91.13289642 106.67713165 58.00000000
v -91.49174500 98.87747192 58.00000000
v -91.49174500 98.87747192 58.00000000
v -91.13289642 106.67713165 58.00000000
v -90.94165802 107.00737762 58.00000000
v -91.49174500 98.87747192 58.00000000
v -90.94165802 107.00737762 58.00000000
v -91.37018585 98.51572418 58.00000000
v -91.37018585 98.51572418 58.00000000
v -90.94165802 107.00737762 58.00000000
v -90.80897522 107.36519623 58.00000000
v -91.37018585 98.51572418 58.00000000
v -90.80897522 107.36519623 58.00000000
v -91.31150818 98.13863373 58.00000000
v -91.31150818 98.13863373 58.00000000
v -90.80897522 107.36519623 58.00000000
v -90.73867798 107.74029541 58.00000000
v -91.31150818 98.13863373 58.00000000
v -90.73867798 107.74029541 58.00000000
v -91.31740570 97.75705719 58.00000000
v -91.31740570 97.75705719 58.00000000
v -90.73867798 107.74029541 58.00000000
v -91.34963989 92.84618378 58.00000000
v -91.31740570 97.75705719 58.00000000
v -91.34963989 92.84618378 58.00000000
v -91.38770294 97.38195801 58.00000000
v -91.38770294 97.38195801 58.00000000
v -91.34963989 92.84618378 58.00000000
v -91.52038574 97.02413940 58.00000000
v -91.52038574 97.02413940 58.00000000
v -91.34963989 92.84618378 58.00000000
v -91.71162415 96.69388580 58.00000000
v -91.71162415 96.69388580 58.00000000
v -91.34963989 92.84618378 58.00000000
v -91.95593262 96.40071106 58.00000000
v -91.95593262 96.40071106 58.00000000
v -91.34963989 92.84618378 58.00000000
v -92.24626923 96.15303802 58.00000000
v -92.24626923 96.15303802 58.00000000
v -91.34963989 92.84618378 58.00000000
v -92.57428741 95.95799255 58.00000000
v -92.57428741 95.95799255 58.00000000
v -91.34963989 92.84618378 58.00000000
v -92.93054962 95.82118225 58.00000000
v -92.93054962 95.82118225 58.00000000
v -91.34963989 92.84618378 58.00000000
v -93.30480957 95.74655914 58.00000000
v -93.30480957 95.74655914 58.00000000
v -91.34963989 92.84618378 58.00000000
v -93.68629456 95.73625183 58.00000000
v -91.34963989 92.84618378 58.00000000
v -90.73867798 107.74029541 58.00000000
v -90.19218445 112.81266022 58.00000000
v -90.19218445 112.81266022 58.00000000
v -90.73867798 107.74029541 58.00000000
v -90.73278046 108.12187195 58.00000000
v -90.19218445 112.81266022 58.00000000
v -90.73278046 108.12187195 58.00000000
v -90.79145813 108.49896240 58.00000000
v -90.79145813 108.49896240 58.00000000
v -90.91301727 108.86071014 58.00000000
v -90.19218445 112.81266022 58.00000000
v -90.19218445 112.81266022 58.00000000
v -90.91301727 108.86071014 58.00000000
v -91.09396362 109.19671631 58.00000000
v -90.19218445 112.81266022 58.00000000
v -91.09396362 109.19671631 58.00000000
v -91.32909393 109.49729919 58.00000000
v -91.32909393 109.49729919 58.00000000
v -91.61164093 109.75382996 58.00000000
v -90.19218445 112.81266022 58.00000000
v -90.19218445 112.81266022 58.00000000
v -91.61164093 109.75382996 58.00000000
v -91.93347931 109.95891571 58.00000000
v -90.19218445 112.81266022 58.00000000
v -91.93347931 109.95891571 58.00000000
v -92.28533936 110.10665894 58.00000000
v -92.28533936 110.10665894 58.00000000
v -92.65711975 110.19281769 58.00000000
v -90.19218445 112.81266022 58.00000000
v -90.19218445 112.81266022 58.00000000
v -92.65711975 110.19281769 58.00000000
v -93.03810120 110.21490479 58.00000000
v -90.19218445 112.81266022 58.00000000
v -93.03810120 110.21490479 58.00000000
v -93.41734314 110.17228699 58.00000000
v -93.41734314 110.17228699 58.00000000
v -93.78392792 110.06618500 58.00000000
v -90.19218445 112.81266022 58.00000000
v -90.19218445 112.81266022 58.00000000
v -93.78392792 110.06618500 58.00000000
v -100.17542267 113.39138794 58.00000000
v -100.17542267 113.39138794 58.00000000
v -93.78392792 110.06618500 58.00000000
v -94.12730408 109.89966583 58.00000000
v -100.17542267 113.39138794 58.00000000
v -94.12730408 109.89966583 58.00000000
v -94.43759918 109.67750549 58.00000000
v -94.43759918 109.67750549 58.00000000
v -94.70588684 109.40609741 58.00000000
v -100.17542267 113.39138794 58.00000000
v -100.17542267 113.39138794 58.00000000
v -94.70588684 109.40609741 58.00000000
v -94.92444611 109.09325409 58.00000000
v -100.17542267 113.39138794 58.00000000
v -94.92444611 109.09325409 58.00000000
v -95.08699799 108.74797821 58.00000000
v -95.08699799 108.74797821 58.00000000
v -95.18885040 108.38019562 58.00000000
v -100.17542267 113.39138794 58.00000000
v -100.17542267 113.39138794 58.00000000
v -95.18885040 108.38019562 58.00000000
v -95.22708893 108.00048828 58.00000000
v -98.10517883 96.39628601 92.36170197
v -96.15877533 96.28345490 92.36170197
v -98.11006165 96.31213379 92.70172119
v -98.11006165 96.31213379 92.70172119
v -96.15877533 96.28345490 92.36170197
v -96.16365051 96.19930267 92.70172119
v -98.11006165 96.31213379 92.70172119
v -96.16365051 96.19930267 92.70172119
v -98.11134338 96.28994751 93.05132294
v -98.11134338 96.28994751 93.05132294
v -96.16365051 96.19930267 92.70172119
v -96.16493988 96.17711639 93.05132294
v -98.11134338 96.28994751 93.05132294
v -96.16493988 96.17711639 93.05132294
v -98.10899353 96.33043671 93.39927673
v -98.10899353 96.33043671 93.39927673
v -96.16493988 96.17711639 93.05132294
v -96.16259003 96.21759796 93.39927673
v -98.10899353 96.33043671 93.39927673
v -96.16259003 96.21759796 93.39927673
v -98.10309601 96.43229675 93.73439789
v -98.10309601 96.43229675 93.73439789
v -96.16259003 96.21759796 93.39927673
v -96.15668488 96.31946564 93.73439789
v -98.10309601 96.43229675 93.73439789
v -96.15668488 96.31946564 93.73439789
v -98.09381866 96.59226227 94.04592133
v -98.09381866 96.59226227 94.04592133
v -96.15668488 96.31946564 93.73439789
v -96.14741516 96.47942352 94.04592133
v -98.09381866 96.59226227 94.04592133
v -96.14741516 96.47942352 94.04592133
v -98.08147430 96.80518341 94.32382202
v -98.08147430 96.80518341 94.32382202
v -96.14741516 96.47942352 94.04592133
v -96.13507080 96.69235229 94.32382202
v -98.08147430 96.80518341 94.32382202
v -96.13507080 96.69235229 94.32382202
v -98.06645966 97.06422424 94.55917358
v -98.06645966 97.06422424 94.55917358
v -96.13507080 96.69235229 94.32382202
v -96.12005615 96.95138550 94.55917358
v -98.06645966 97.06422424 94.55917358
v -96.12005615 96.95138550 94.55917358
v -98.04925537 97.36105347 94.74440765
v -98.04925537 97.36105347 94.74440765
v -96.12005615 96.95138550 94.55917358
v -96.10284424 97.24821472 94.74440765
v -98.04925537 97.36105347 94.74440765
v -96.10284424 97.24821472 94.74440765
v -98.03041077 97.68612671 94.87358093
v -98.03041077 97.68612671 94.87358093
v -96.10284424 97.24821472 94.74440765
v -96.08399963 97.57329559 94.87358093
v -98.03041077 97.68612671 94.87358093
v -96.08399963 97.57329559 94.87358093
v -98.01052856 98.02901459 94.94253540
v -98.01052856 98.02901459 94.94253540
v -96.08399963 97.57329559 94.87358093
v -96.06412506 97.91617584 94.94253540
v -98.01052856 98.02901459 94.94253540
v -96.06412506 97.91617584 94.94253540
v -97.99025726 98.37867737 94.94905853
v -97.99025726 98.37867737 94.94905853
v -96.06412506 97.91617584 94.94253540
v -96.04385376 98.26583862 94.94905853
v -97.99025726 98.37867737 94.94905853
v -96.04385376 98.26583862 94.94905853
v -97.97025299 98.72387695 94.89292908
v -97.97025299 98.72387695 94.89292908
v -96.04385376 98.26583862 94.94905853
v -96.02384186 98.61104584 94.89292908
v -97.97025299 98.72387695 94.89292908
v -96.02384186 98.61104584 94.89292908
v -97.95114136 99.05353546 94.77596283
v -97.95114136 99.05353546 94.77596283
v -96.02384186 98.61104584 94.89292908
v -96.00473022 98.94069672 94.77596283
v -97.95114136 99.05353546 94.77596283
v -96.00473022 98.94069672 94.77596283
v -97.93354797 99.35704041 94.60192108
v -97.93354797 99.35704041 94.60192108
v -96.00473022 98.94069672 94.77596283
v -95.98713684 99.24420166 94.60192108
v -97.93354797 99.35704041 94.60192108
v -95.98713684 99.24420166 94.60192108
v -97.91802979 99.62464142 94.37638855
v -97.91802979 99.62464142 94.37638855
v -95.98713684 99.24420166 94.60192108
v -95.97162628 99.51181030 94.37638855
v -97.91802979 99.62464142 94.37638855
v -95.97162628 99.51181030 94.37638855
v -97.90509796 99.84774017 94.10661316
v -97.90509796 99.84774017 94.10661316
v -95.97162628 99.51181030 94.37638855
v -95.95869446 99.73490906 94.10661316
v -97.90509796 99.84774017 94.10661316
v -95.95869446 99.73490906 94.10661316
v -97.89516449 100.01916504 93.80127716
v -97.89516449 100.01916504 93.80127716
v -95.95869446 99.73490906 94.10661316
v -95.94875336 99.90633392 93.80127716
v -97.89516449 100.01916504 93.80127716
v -95.94875336 99.90633392 93.80127716
v -97.88854218 100.13340759 93.47018433
v -97.88854218 100.13340759 93.47018433
v -95.94875336 99.90633392 93.80127716
v -95.94213104 100.02057648 93.47018433
v -97.88854218 100.13340759 93.47018433
v -95.94213104 100.02057648 93.47018433
v -97.88544464 100.18679047 93.12397766
v -97.88544464 100.18679047 93.12397766
v -95.94213104 100.02057648 93.47018433
v -95.93904114 100.07395935 93.12397766
v -97.88544464 100.18679047 93.12397766
v -95.93904114 100.07395935 93.12397766
v -97.88597870 100.17760468 92.77378845
v -97.88597870 100.17760468 92.77378845
v -95.93904114 100.07395935 93.12397766
v -95.93956757 100.06477356 92.77378845
v -97.88597870 100.17760468 92.77378845
v -95.93956757 100.06477356 92.77378845
v -97.89012146 100.10614777 92.43087006
v -97.89012146 100.10614777 92.43087006
v -95.93956757 100.06477356 92.77378845
v -95.94371033 99.99330902 92.43087006
v -97.89012146 100.10614777 92.43087006
v -95.94371033 99.99330902 92.43087006
v -97.89773560 99.97470093 92.10623932
v -97.89773560 99.97470093 92.10623932
v -95.94371033 99.99330902 92.43087006
v -95.95133209 99.86186981 92.10623932
v -97.89773560 99.97470093 92.10623932
v -95.95133209 99.86186981 92.10623932
v -97.90859222 99.78750610 91.81034088
v -97.90859222 99.78750610 91.81034088
v -95.95133209 99.86186981 92.10623932
v -95.96218109 99.67467499 91.81034088
v -97.90859222 99.78750610 91.81034088
v -95.96218109 99.67467499 91.81034088
v -97.92232513 99.55057526 91.55268097
v -97.92232513 99.55057526 91.55268097
v -95.96218109 99.67467499 91.81034088
v -95.97592163 99.43773651 91.55268097
v -97.92232513 99.55057526 91.55268097
v -95.97592163 99.43773651 91.55268097
v -97.93849945 99.27151489 91.34152985
v -97.93849945 99.27151489 91.34152985
v -95.97592163 99.43773651 91.55268097
v -95.99209595 99.15868378 91.34152985
v -97.93849945 99.27151489 91.34152985
v -95.99209595 99.15868378 91.34152985
v -97.95660400 98.95930481 91.18369293
v -97.95660400 98.95930481 91.18369293
v -95.99209595 99.15868378 91.34152985
v -96.01019287 98.84647369 91.18369293
v -97.95660400 98.95930481 91.18369293
v -96.01019287 98.84647369 91.18369293
v -97.97604370 98.62397003 91.08422852
v -97.97604370 98.62397003 91.08422852
v -96.01019287 98.84647369 91.18369293
v -96.02963257 98.51113892 91.08422852
v -97.97604370 98.62397003 91.08422852
v -96.02963257 98.51113892 91.08422852
v -97.99619293 98.27629852 91.04634094
v -97.99619293 98.27629852 91.04634094
v -96.02963257 98.51113892 91.08422852
v -96.04978943 98.16346741 91.04634094
v -97.99619293 98.27629852 91.04634094
v -96.04978943 98.16346741 91.04634094
v -98.01641846 97.92745972 91.07124329
v -98.01641846 97.92745972 91.07124329
v -96.04978943 98.16346741 91.04634094
v -96.07000732 97.81462860 91.07124329
v -98.01641846 97.92745972 91.07124329
v -96.07000732 97.81462860 91.07124329
v -98.03605652 97.58866882 91.15813446
v -98.03605652 97.58866882 91.15813446
v -96.07000732 97.81462860 91.07124329
v -96.08965302 97.47583771 91.15813446
v -98.03605652 97.58866882 91.15813446
v -96.08965302 97.47583771 91.15813446
v -98.05448151 97.27081299 91.30422974
v -98.05448151 97.27081299 91.30422974
v -96.08965302 97.47583771 91.15813446
v -96.10807800 97.15797424 91.30422974
v -98.05448151 97.27081299 91.30422974
v -96.10807800 97.15797424 91.30422974
v -98.07110596 96.98410034 91.50482941
v -98.07110596 96.98410034 91.50482941
v -96.10807800 97.15797424 91.30422974
v -96.12469482 96.87126923 91.50482941
v -98.07110596 96.98410034 91.50482941
v -96.12469482 96.87126923 91.50482941
v -98.08538818 96.73776245 91.75347900
v -98.08538818 96.73776245 91.75347900
v -96.12469482 96.87126923 91.50482941
v -96.13897705 96.62492371 91.75347900
v -98.08538818 96.73776245 91.75347900
v -96.13897705 96.62492371 91.75347900
v -98.09686279 96.53969574 92.04219818
v -98.09686279 96.53969574 92.04219818
v -96.13897705 96.62492371 91.75347900
v -96.15045929 96.42686462 92.04219818
v -98.09686279 96.53969574 92.04219818
v -96.15045929 96.42686462 92.04219818
v -98.10517883 96.39628601 92.36170197
v -98.10517883 96.39628601 92.36170197
v -96.15045929 96.42686462 92.04219818
v -96.15877533 96.28345490 92.36170197
v -89.17067719 95.77165985 93.05132294
v -91.17331696 95.88774872 93.05132294
v -89.16939545 95.79384613 92.70172119
v -89.16939545 95.79384613 92.70172119
v -91.17331696 95.88774872 93.05132294
v -91.17203522 95.90994263 92.70172119
v -89.16939545 95.79384613 92.70172119
v -91.17203522 95.90994263 92.70172119
v -89.16451263 95.87799835 92.36170197
v -89.16451263 95.87799835 92.36170197
v -91.17203522 95.90994263 92.70172119
v -91.16715240 95.99409485 92.36170197
v -89.16451263 95.87799835 92.36170197
v -91.16715240 95.99409485 92.36170197
v -89.15620422 96.02140808 92.04219818
v -89.15620422 96.02140808 92.04219818
v -91.16715240 95.99409485 92.36170197
v -91.15883636 96.13750458 92.04219818
v -89.15620422 96.02140808 92.04219818
v -91.15883636 96.13750458 92.04219818
v -89.14472198 96.21946716 91.75347900
v -89.14472198 96.21946716 91.75347900
v -91.15883636 96.13750458 92.04219818
v -91.14736176 96.33556366 91.75347900
v -89.14472198 96.21946716 91.75347900
v -91.14736176 96.33556366 91.75347900
v -89.13043976 96.46581268 91.50482941
v -89.13043976 96.46581268 91.50482941
v -91.14736176 96.33556366 91.75347900
v -91.13307953 96.58190155 91.50482941
v -89.13043976 96.46581268 91.50482941
v -91.13307953 96.58190155 91.50482941
v -89.11382294 96.75251770 91.30422974
v -89.11382294 96.75251770 91.30422974
v -91.13307953 96.58190155 91.50482941
v -91.11645508 96.86861420 91.30422974
v -89.11382294 96.75251770 91.30422974
v -91.11645508 96.86861420 91.30422974
v -89.09539032 97.07038116 91.15813446
v -89.09539032 97.07038116 91.15813446
v -91.11645508 96.86861420 91.30422974
v -91.09803009 97.18647003 91.15813446
v -89.09539032 97.07038116 91.15813446
v -91.09803009 97.18647003 91.15813446
v -89.07575226 97.40917206 91.07124329
v -89.07575226 97.40917206 91.07124329
v -91.09803009 97.18647003 91.15813446
v -91.07839203 97.52526855 91.07124329
v -89.07575226 97.40917206 91.07124329
v -91.07839203 97.52526855 91.07124329
v -89.05553436 97.75801086 91.04634094
v -89.05553436 97.75801086 91.04634094
v -91.07839203 97.52526855 91.07124329
v -91.05816650 97.87410736 91.04634094
v -89.05553436 97.75801086 91.04634094
v -91.05816650 97.87410736 91.04634094
v -89.03537750 98.10568237 91.08422852
v -89.03537750 98.10568237 91.08422852
v -91.05816650 97.87410736 91.04634094
v -91.03801727 98.22177887 91.08422852
v -89.03537750 98.10568237 91.08422852
v -91.03801727 98.22177887 91.08422852
v -89.01593781 98.44101715 91.18369293
v -89.01593781 98.44101715 91.18369293
v -91.03801727 98.22177887 91.08422852
v -91.01857758 98.55710602 91.18369293
v -89.01593781 98.44101715 91.18369293
v -91.01857758 98.55710602 91.18369293
v -88.99784088 98.75322723 91.34152985
v -88.99784088 98.75322723 91.34152985
v -91.01857758 98.55710602 91.18369293
v -91.00047302 98.86931610 91.34152985
v -88.99784088 98.75322723 91.34152985
v -91.00047302 98.86931610 91.34152985
v -88.98165894 99.03227997 91.55268097
v -88.98165894 99.03227997 91.55268097
v -91.00047302 98.86931610 91.34152985
v -90.98429871 99.14837646 91.55268097
v -88.98165894 99.03227997 91.55268097
v -90.98429871 99.14837646 91.55268097
v -88.96792603 99.26921844 91.81034088
v -88.96792603 99.26921844 91.81034088
v -90.98429871 99.14837646 91.55268097
v -90.97056580 99.38530731 91.81034088
v -88.96792603 99.26921844 91.81034088
v -90.97056580 99.38530731 91.81034088
v -88.95707703 99.45641327 92.10623932
v -88.95707703 99.45641327 92.10623932
v -90.97056580 99.38530731 91.81034088
v -90.95970917 99.57250977 92.10623932
v -88.95707703 99.45641327 92.10623932
v -90.95970917 99.57250977 92.10623932
v -88.94945526 99.58785248 92.43087006
v -88.94945526 99.58785248 92.43087006
v -90.95970917 99.57250977 92.10623932
v -90.95209503 99.70394897 92.43087006
v -88.94945526 99.58785248 92.43087006
v -90.95209503 99.70394897 92.43087006
v -88.94531250 99.65931702 92.77378845
v -88.94531250 99.65931702 92.77378845
v -90.95209503 99.70394897 92.43087006
v -90.94795227 99.77541351 92.77378845
v -88.94531250 99.65931702 92.77378845
v -90.94795227 99.77541351 92.77378845
v -88.94477844 99.66850281 93.12397766
v -88.94477844 99.66850281 93.12397766
v -90.94795227 99.77541351 92.77378845
v -90.94741821 99.78459930 93.12397766
v -88.94477844 99.66850281 93.12397766
v -90.94741821 99.78459930 93.12397766
v -88.94787598 99.61511993 93.47018433
v -88.94787598 99.61511993 93.47018433
v -90.94741821 99.78459930 93.12397766
v -90.95051575 99.73120880 93.47018433
v -88.94787598 99.61511993 93.47018433
v -90.95051575 99.73120880 93.47018433
v -88.95449829 99.50087738 93.80127716
v -88.95449829 99.50087738 93.80127716
v -90.95051575 99.73120880 93.47018433
v -90.95713806 99.61696625 93.80127716
v -88.95449829 99.50087738 93.80127716
v -90.95713806 99.61696625 93.80127716
v -88.96443176 99.32945251 94.10661316
v -88.96443176 99.32945251 94.10661316
v -90.95713806 99.61696625 93.80127716
v -90.96707153 99.44554138 94.10661316
v -88.96443176 99.32945251 94.10661316
v -90.96707153 99.44554138 94.10661316
v -88.97737122 99.10635376 94.37638855
v -88.97737122 99.10635376 94.37638855
v -90.96707153 99.44554138 94.10661316
v -90.98000336 99.22244263 94.37638855
v -88.97737122 99.10635376 94.37638855
v -90.98000336 99.22244263 94.37638855
v -88.99288177 98.83874512 94.60192108
v -88.99288177 98.83874512 94.60192108
v -90.98000336 99.22244263 94.37638855
v -90.99552155 98.95484161 94.60192108
v -88.99288177 98.83874512 94.60192108
v -90.99552155 98.95484161 94.60192108
v -89.01047516 98.53524017 94.77596283
v -89.01047516 98.53524017 94.77596283
v -90.99552155 98.95484161 94.60192108
v -91.01311493 98.65133667 94.77596283
v -89.01047516 98.53524017 94.77596283
v -91.01311493 98.65133667 94.77596283
v -89.02958679 98.20558929 94.89292908
v -89.02958679 98.20558929 94.89292908
v -91.01311493 98.65133667 94.77596283
v -91.03221893 98.32168579 94.89292908
v -89.02958679 98.20558929 94.89292908
v -91.03221893 98.32168579 94.89292908
v -89.04959869 97.86038208 94.94905853
v -89.04959869 97.86038208 94.94905853
v -91.03221893 98.32168579 94.89292908
v -91.05223083 97.97647858 94.94905853
v -89.04959869 97.86038208 94.94905853
v -91.05223083 97.97647858 94.94905853
v -89.06987000 97.51071930 94.94253540
v -89.06987000 97.51071930 94.94253540
v -91.05223083 97.97647858 94.94905853
v -91.07250214 97.62681580 94.94253540
v -89.06987000 97.51071930 94.94253540
v -91.07250214 97.62681580 94.94253540
v -89.08974457 97.16783905 94.87358093
v -89.08974457 97.16783905 94.87358093
v -91.07250214 97.62681580 94.94253540
v -91.09238434 97.28393555 94.87358093
v -89.08974457 97.16783905 94.87358093
v -91.09238434 97.28393555 94.87358093
v -89.10858917 96.84275818 94.74440765
v -89.10858917 96.84275818 94.74440765
v -91.09238434 97.28393555 94.87358093
v -91.11122894 96.95885468 94.74440765
v -89.10858917 96.84275818 94.74440765
v -91.11122894 96.95885468 94.74440765
v -89.12579346 96.54592896 94.55917358
v -89.12579346 96.54592896 94.55917358
v -91.11122894 96.95885468 94.74440765
v -91.12843323 96.66202545 94.55917358
v -89.12579346 96.54592896 94.55917358
v -91.12843323 96.66202545 94.55917358
v -89.14080811 96.28688812 94.32382202
v -89.14080811 96.28688812 94.32382202
v -91.12843323 96.66202545 94.55917358
v -91.14344788 96.40298462 94.32382202
v -89.14080811 96.28688812 94.32382202
v -91.14344788 96.40298462 94.32382202
v -89.15315247 96.07396698 94.04592133
v -89.15315247 96.07396698 94.04592133
v -91.14344788 96.40298462 94.32382202
v -91.15579224 96.19006348 94.04592133
v -89.15315247 96.07396698 94.04592133
v -91.15579224 96.19006348 94.04592133
v -89.16242981 95.91400909 93.73439789
v -89.16242981 95.91400909 93.73439789
v -91.15579224 96.19006348 94.04592133
v -91.16506958 96.03009796 93.73439789
v -89.16242981 95.91400909 93.73439789
v -91.16506958 96.03009796 93.73439789
v -89.16833496 95.81214142 93.39927673
v -89.16833496 95.81214142 93.39927673
v -91.16506958 96.03009796 93.73439789
v -91.17096710 95.92823792 93.39927673
v -89.16833496 95.81214142 93.39927673
v -91.17096710 95.92823792 93.39927673
v -89.17067719 95.77165985 93.05132294
v -89.17067719 95.77165985 93.05132294
v -91.17096710 95.92823792 93.39927673
v -91.17331696 95.88774872 93.05132294
v -97.13395691 98.64122772 92.10726166
v -96.56018066 98.15663147 93.00000000
v -97.12378693 98.81669617 92.22045135
v -97.15722656 98.23983765 92.00117493
v -96.56018066 98.15663147 93.00000000
v -97.14527130 98.44609833 92.03308868
v -97.18097687 97.83007050 92.06780243
v -96.56018066 98.15663147 93.00000000
v -97.16930389 98.03145599 92.01291656
v -97.18097687 97.83007050 92.06780243
v -97.19174194 97.64447784 92.16342163
v -96.56018066 98.15663147 93.00000000
v -97.19174194 97.64447784 92.16342163
v -97.20111084 97.48278809 92.29560852
v -96.56018066 98.15663147 93.00000000
v -97.20111084 97.48278809 92.29560852
v -97.20868683 97.35206604 92.45858002
v -96.56018066 98.15663147 93.00000000
v -97.20868683 97.35206604 92.45858002
v -97.21414185 97.25802612 92.64521027
v -96.56018066 98.15663147 93.00000000
v -97.21414185 97.25802612 92.64521027
v -97.21722412 97.20478058 92.84735107
v -96.56018066 98.15663147 93.00000000
v -97.21722412 97.20478058 92.84735107
v -97.21781158 97.19465637 93.05615997
v -96.56018066 98.15663147 93.00000000
v -96.56018066 98.15663147 93.00000000
v -97.21781158 97.19465637 93.05615997
v -97.21587372 97.22809601 93.26251221
v -97.21587372 97.22809601 93.26251221
v -97.21149445 97.30363464 93.45739746
v -96.56018066 98.15663147 93.00000000
v -97.19628143 97.56611633 93.77954865
v -96.56018066 98.15663147 93.00000000
v -97.20487213 97.41797638 93.63229370
v -97.17479706 97.93671417 93.96691132
v -96.56018066 98.15663147 93.00000000
v -97.18611145 97.74158478 93.89273834
v -97.17479706 97.93671417 93.96691132
v -97.16284180 98.14297485 93.99882507
v -96.56018066 98.15663147 93.00000000
v -97.16284180 98.14297485 93.99882507
v -97.15075684 98.35134888 93.98708344
v -96.56018066 98.15663147 93.00000000
v -97.15075684 98.35134888 93.98708344
v -97.13908386 98.55273438 93.93219757
v -96.56018066 98.15663147 93.00000000
v -97.13908386 98.55273438 93.93219757
v -97.12832642 98.73833466 93.83657837
v -96.56018066 98.15663147 93.00000000
v -97.12832642 98.73833466 93.83657837
v -97.11895752 98.90002441 93.70439148
v -96.56018066 98.15663147 93.00000000
v -97.11895752 98.90002441 93.70439148
v -97.11137390 99.03074646 93.54141998
v -96.56018066 98.15663147 93.00000000
v -96.56018066 98.15663147 93.00000000
v -97.11137390 99.03074646 93.54141998
v -97.10592651 99.12478638 93.35478973
v -97.10592651 99.12478638 93.35478973
v -97.10283661 99.17803192 93.15264893
v -96.56018066 98.15663147 93.00000000
v -97.10283661 99.17803192 93.15264893
v -97.10224915 99.18815613 92.94384003
v -96.56018066 98.15663147 93.00000000
v -97.10224915 99.18815613 92.94384003
v -97.10418701 99.15471649 92.73748779
v -96.56018066 98.15663147 93.00000000
v -97.10418701 99.15471649 92.73748779
v -97.10856628 99.07917786 92.54260254
v -96.56018066 98.15663147 93.00000000
v -97.10856628 99.07917786 92.54260254
v -97.11519623 98.96483612 92.36770630
v -96.56018066 98.15663147 93.00000000
v -96.56018066 98.15663147 93.00000000
v -97.11519623 98.96483612 92.36770630
v -97.12378693 98.81669617 92.22045135
v -97.14527130 98.44609833 92.03308868
v -96.56018066 98.15663147 93.00000000
v -97.13395691 98.64122772 92.10726166
v -97.18611145 97.74158478 93.89273834
v -96.56018066 98.15663147 93.00000000
v -97.19628143 97.56611633 93.77954865
v -97.20487213 97.41797638 93.63229370
v -96.56018066 98.15663147 93.00000000
v -97.21149445 97.30363464 93.45739746
v -97.16930389 98.03145599 92.01291656
v -96.56018066 98.15663147 93.00000000
v -97.15722656 98.23983765 92.00117493
v -88.69877625 97.27696228 94.04157257
v -88.45439148 97.40173340 93.97074127
v -88.68421173 97.52815247 94.11109924
v -88.68421173 97.52815247 94.11109924
v -88.45439148 97.40173340 93.97074127
v -88.43917847 97.66419220 94.01134491
v -88.68421173 97.52815247 94.11109924
v -88.43917847 97.66419220 94.01134491
v -88.66911316 97.78857422 94.12072754
v -88.66911316 97.78857422 94.12072754
v -88.43917847 97.66419220 94.01134491
v -88.45516968 97.92953491 94.00141907
v -88.66911316 97.78857422 94.12072754
v -88.45516968 97.92953491 94.00141907
v -88.65429688 98.04419708 94.06993866
v -88.65429688 98.04419708 94.06993866
v -88.45516968 97.92953491 94.00141907
v -88.50156403 98.18451691 93.94144440
v -88.65429688 98.04419708 94.06993866
v -88.50156403 98.18451691 93.94144440
v -88.64055634 98.28124237 93.96147156
v -88.64055634 98.28124237 93.96147156
v -88.50156403 98.18451691 93.94144440
v -88.57604218 98.41638947 93.83442688
v -88.64055634 98.28124237 93.96147156
v -88.57604218 98.41638947 93.83442688
v -88.62863159 98.48691559 93.80116272
v -88.62863159 98.48691559 93.80116272
v -88.57604218 98.41638947 93.83442688
v -88.42727661 98.42572784 93.71833801
v -88.62863159 98.48691559 93.80116272
v -88.42727661 98.42572784 93.71833801
v -88.56279755 98.62059784 93.59824371
v -88.56279755 98.62059784 93.59824371
v -88.42727661 98.42572784 93.71833801
v -88.47299194 98.63238525 93.48841858
v -88.56279755 98.62059784 93.59824371
v -88.47299194 98.63238525 93.48841858
v -88.61917114 98.65014648 93.59767151
v -88.61917114 98.65014648 93.59767151
v -88.47299194 98.63238525 93.48841858
v -88.61267853 98.76212311 93.36195374
v -88.61267853 98.76212311 93.36195374
v -88.47299194 98.63238525 93.48841858
v -88.40998077 98.64832306 93.36176300
v -88.61267853 98.76212311 93.36195374
v -88.40998077 98.64832306 93.36176300
v -88.37694550 98.66762543 93.22463989
v -88.37694550 98.66762543 93.22463989
v -88.40998077 98.64832306 93.36176300
v -88.22446442 98.46252441 93.40448761
v -88.37694550 98.66762543 93.22463989
v -88.22446442 98.46252441 93.40448761
v -88.18061829 98.48814392 93.22250366
v -88.18061829 98.48814392 93.22250366
v -88.22446442 98.46252441 93.40448761
v -88.08087921 98.23972321 93.42700195
v -88.18061829 98.48814392 93.22250366
v -88.08087921 98.23972321 93.42700195
v -88.02841187 98.27037811 93.20925140
v -88.02841187 98.27037811 93.20925140
v -88.08087921 98.23972321 93.42700195
v -87.98640442 97.99105835 93.42817688
v -88.02841187 98.27037811 93.20925140
v -87.98640442 97.99105835 93.42817688
v -87.92794037 98.02520752 93.18553925
v -87.92794037 98.02520752 93.18553925
v -87.98640442 97.99105835 93.42817688
v -87.94575500 97.72894287 93.40795135
v -87.92794037 98.02520752 93.18553925
v -87.94575500 97.72894287 93.40795135
v -87.88422394 97.76489258 93.15254974
v -87.88422394 97.76489258 93.15254974
v -87.94575500 97.72894287 93.40795135
v -87.96097565 97.46649170 93.36734772
v -87.88422394 97.76489258 93.15254974
v -87.96097565 97.46649170 93.36734772
v -87.89943695 97.50243378 93.11194611
v -87.89943695 97.50243378 93.11194611
v -87.96097565 97.46649170 93.36734772
v -88.03128815 97.21680450 93.30838013
v -87.89943695 97.50243378 93.11194611
v -88.03128815 97.21680450 93.30838013
v -87.97282410 97.25095367 93.06574249
v -87.97282410 97.25095367 93.06574249
v -88.03128815 97.21680450 93.30838013
v -88.15319061 96.99236298 93.23400879
v -87.97282410 97.25095367 93.06574249
v -88.15319061 96.99236298 93.23400879
v -88.10072327 97.02301788 93.01625824
v -88.10072327 97.02301788 93.01625824
v -88.15319061 96.99236298 93.23400879
v -88.32058716 96.80438995 93.14794159
v -88.10072327 97.02301788 93.01625824
v -88.32058716 96.80438995 93.14794159
v -88.27674103 96.83000946 92.96595764
v -88.27674103 96.83000946 92.96595764
v -88.32058716 96.80438995 93.14794159
v -88.52511597 96.66227722 93.05448151
v -88.27674103 96.83000946 92.96595764
v -88.52511597 96.66227722 93.05448151
v -88.49207306 96.68157196 92.91735840
v -88.49207306 96.68157196 92.91735840
v -88.52511597 96.66227722 93.05448151
v -88.73932648 96.57734680 93.02392578
v -88.49207306 96.68157196 92.91735840
v -88.73932648 96.57734680 93.02392578
v -88.73789215 96.60208893 92.76406097
v -88.45439148 97.40173340 93.97074127
v -88.69877625 97.27696228 94.04157257
v -88.50005341 97.15528870 93.88162231
v -88.50005341 97.15528870 93.88162231
v -88.69877625 97.27696228 94.04157257
v -88.71201324 97.04855347 93.91589355
v -88.50005341 97.15528870 93.88162231
v -88.71201324 97.04855347 93.91589355
v -88.57387543 96.93715668 93.74845123
v -88.57387543 96.93715668 93.74845123
v -88.71201324 97.04855347 93.91589355
v -88.72322083 96.85523224 93.74083710
v -88.57387543 96.93715668 93.74845123
v -88.72322083 96.85523224 93.74083710
v -88.67216492 96.75825500 93.57788086
v -88.67216492 96.75825500 93.57788086
v -88.72322083 96.85523224 93.74083710
v -88.73178864 96.70742798 93.52584076
v -88.67216492 96.75825500 93.57788086
v -88.73178864 96.70742798 93.52584076
v -88.52339935 96.76759338 93.46179199
v -88.52339935 96.76759338 93.46179199
v -88.73178864 96.70742798 93.52584076
v -88.67792511 96.63454437 93.29096222
v -88.52339935 96.76759338 93.46179199
v -88.67792511 96.63454437 93.29096222
v -88.40420532 96.78323364 93.31603241
v -88.40420532 96.78323364 93.31603241
v -88.67792511 96.63454437 93.29096222
v -88.58811951 96.64633179 93.18113708
v -88.40420532 96.78323364 93.31603241
v -88.58811951 96.64633179 93.18113708
v -88.32058716 96.80438995 93.14794159
v -88.32058716 96.80438995 93.14794159
v -88.58811951 96.64633179 93.18113708
v -88.52511597 96.66227722 93.05448151
v -88.73178864 96.70742798 93.52584076
v -88.73725891 96.61310577 93.28250122
v -88.67792511 96.63454437 93.29096222
v -88.67792511 96.63454437 93.29096222
v -88.73725891 96.61310577 93.28250122
v -88.73932648 96.57734680 93.02392578
v -88.67792511 96.63454437 93.29096222
v -88.73932648 96.57734680 93.02392578
v -88.58811951 96.64633179 93.18113708
v -88.58811951 96.64633179 93.18113708
v -88.73932648 96.57734680 93.02392578
v -88.52511597 96.66227722 93.05448151
v -88.73303223 96.68598938 92.51692200
v -88.52095795 96.72624207 92.63948059
v -88.73789215 96.60208893 92.76406097
v -88.73789215 96.60208893 92.76406097
v -88.52095795 96.72624207 92.63948059
v -88.49066925 96.70326233 92.77667236
v -88.73789215 96.60208893 92.76406097
v -88.49066925 96.70326233 92.77667236
v -88.49207306 96.68157196 92.91735840
v -88.49207306 96.68157196 92.91735840
v -88.49066925 96.70326233 92.77667236
v -88.27487183 96.85878754 92.77923584
v -88.49207306 96.68157196 92.91735840
v -88.27487183 96.85878754 92.77923584
v -88.27674103 96.83000946 92.96595764
v -88.27674103 96.83000946 92.96595764
v -88.27487183 96.85878754 92.77923584
v -88.09848785 97.05745697 92.79283905
v -88.27674103 96.83000946 92.96595764
v -88.09848785 97.05745697 92.79283905
v -88.10072327 97.02301788 93.01625824
v -88.10072327 97.02301788 93.01625824
v -88.09848785 97.05745697 92.79283905
v -87.97033691 97.28932953 92.81678772
v -88.10072327 97.02301788 93.01625824
v -87.97033691 97.28932953 92.81678772
v -87.97282410 97.25095367 93.06574249
v -87.97282410 97.25095367 93.06574249
v -87.97033691 97.28932953 92.81678772
v -87.89681244 97.54283142 92.84989166
v -87.97282410 97.25095367 93.06574249
v -87.89681244 97.54283142 92.84989166
v -87.89943695 97.50243378 93.11194611
v -87.89943695 97.50243378 93.11194611
v -87.89681244 97.54283142 92.84989166
v -87.88159943 97.80528259 92.89050293
v -87.89943695 97.50243378 93.11194611
v -87.88159943 97.80528259 92.89050293
v -87.88422394 97.76489258 93.15254974
v -87.88422394 97.76489258 93.15254974
v -87.88159943 97.80528259 92.89050293
v -87.92545319 98.06358337 92.93658447
v -87.88422394 97.76489258 93.15254974
v -87.92545319 98.06358337 92.93658447
v -87.92794037 98.02520752 93.18553925
v -87.92794037 98.02520752 93.18553925
v -87.92545319 98.06358337 92.93658447
v -88.02617645 98.30481720 92.98583221
v -87.92794037 98.02520752 93.18553925
v -88.02617645 98.30481720 92.98583221
v -88.02841187 98.27037811 93.20925140
v -88.02841187 98.27037811 93.20925140
v -88.02617645 98.30481720 92.98583221
v -88.17874908 98.51692200 93.03578186
v -88.02841187 98.27037811 93.20925140
v -88.17874908 98.51692200 93.03578186
v -88.18061829 98.48814392 93.22250366
v -88.18061829 98.48814392 93.22250366
v -88.17874908 98.51692200 93.03578186
v -88.37553406 98.68931580 93.08395386
v -88.18061829 98.48814392 93.22250366
v -88.37553406 98.68931580 93.08395386
v -88.37694550 98.66762543 93.22463989
v -88.37694550 98.66762543 93.22463989
v -88.37553406 98.68931580 93.08395386
v -88.60950470 98.81681061 93.10672760
v -88.37694550 98.66762543 93.22463989
v -88.60950470 98.81681061 93.10672760
v -88.61267853 98.76212311 93.36195374
v -88.72499847 96.82452393 92.29582214
v -88.66904449 96.77146149 92.40268707
v -88.73303223 96.68598938 92.51692200
v -88.73303223 96.68598938 92.51692200
v -88.66904449 96.77146149 92.40268707
v -88.58143616 96.74936676 92.51270294
v -88.73303223 96.68598938 92.51692200
v -88.58143616 96.74936676 92.51270294
v -88.52095795 96.72624207 92.63948059
v -88.52095795 96.72624207 92.63948059
v -88.58143616 96.74936676 92.51270294
v -88.39533234 96.91997528 92.42890167
v -88.52095795 96.72624207 92.63948059
v -88.39533234 96.91997528 92.42890167
v -88.31507874 96.88928986 92.59716797
v -88.31507874 96.88928986 92.59716797
v -88.39533234 96.91997528 92.42890167
v -88.24263000 97.13066864 92.37364197
v -88.31507874 96.88928986 92.59716797
v -88.24263000 97.13066864 92.37364197
v -88.14659882 97.09394836 92.57498169
v -88.14659882 97.09394836 92.57498169
v -88.24263000 97.13066864 92.37364197
v -88.13095093 97.37091064 92.34968567
v -88.14659882 97.09394836 92.57498169
v -88.13095093 97.37091064 92.34968567
v -88.02394104 97.32999420 92.57403564
v -88.02394104 97.32999420 92.57403564
v -88.13095093 97.37091064 92.34968567
v -88.06587219 97.62870026 92.35822296
v -88.02394104 97.32999420 92.57403564
v -88.06587219 97.62870026 92.35822296
v -87.95323944 97.58563232 92.59436798
v -87.95323944 97.58563232 92.59436798
v -88.06587219 97.62870026 92.35822296
v -88.05065918 97.89115906 92.39882660
v -87.95323944 97.58563232 92.59436798
v -88.05065918 97.89115906 92.39882660
v -87.93802643 97.84809113 92.63497925
v -87.93802643 97.84809113 92.63497925
v -88.05065918 97.89115906 92.39882660
v -88.08606720 98.14516449 92.46947479
v -87.93802643 97.84809113 92.63497925
v -88.08606720 98.14516449 92.46947479
v -87.97905731 98.10424805 92.69382477
v -87.97905731 98.10424805 92.69382477
v -88.08606720 98.14516449 92.46947479
v -88.17031860 98.37802887 92.56663513
v -87.97905731 98.10424805 92.69382477
v -88.17031860 98.37802887 92.56663513
v -88.07428741 98.34130859 92.76797485
v -88.07428741 98.34130859 92.76797485
v -88.17031860 98.37802887 92.56663513
v -88.29920959 98.57810974 92.68544769
v -88.07428741 98.34130859 92.76797485
v -88.29920959 98.57810974 92.68544769
v -88.21895599 98.54742432 92.85371399
v -88.21895599 98.54742432 92.85371399
v -88.29920959 98.57810974 92.68544769
v -88.46630096 98.73541260 92.81998444
v -88.21895599 98.54742432 92.85371399
v -88.46630096 98.73541260 92.81998444
v -88.40583038 98.71229553 92.94676971
v -88.40583038 98.71229553 92.94676971
v -88.46630096 98.73541260 92.81998444
v -88.60950470 98.81681061 93.10672760
v -88.40583038 98.71229553 92.94676971
v -88.60950470 98.81681061 93.10672760
v -88.37553406 98.68931580 93.08395386
v -88.71423340 97.01023102 92.11268616
v -88.65805054 96.97580719 92.16650391
v -88.72499847 96.82452393 92.29582214
v -88.72499847 96.82452393 92.29582214
v -88.65805054 96.97580719 92.16650391
v -88.51160431 96.94930267 92.28289795
v -88.72499847 96.82452393 92.29582214
v -88.51160431 96.94930267 92.28289795
v -88.66904449 96.77146149 92.40268707
v -88.66904449 96.77146149 92.40268707
v -88.51160431 96.94930267 92.28289795
v -88.58143616 96.74936676 92.51270294
v -88.65805054 96.97580719 92.16650391
v -88.71423340 97.01023102 92.11268616
v -88.55698395 97.19747162 92.05966949
v -88.55698395 97.19747162 92.05966949
v -88.71423340 97.01023102 92.11268616
v -88.70131683 97.23309326 91.97737885
v -88.55698395 97.19747162 92.05966949
v -88.70131683 97.23309326 91.97737885
v -88.48123169 97.44535065 91.99982452
v -88.48123169 97.44535065 91.99982452
v -88.70131683 97.23309326 91.97737885
v -88.68693542 97.48110199 91.89720917
v -88.48123169 97.44535065 91.99982452
v -88.68693542 97.48110199 91.89720917
v -88.43457794 97.70705414 91.98995972
v -88.43457794 97.70705414 91.98995972
v -88.68693542 97.48110199 91.89720917
v -88.67188263 97.74089050 91.87648773
v -88.43457794 97.70705414 91.98995972
v -88.67188263 97.74089050 91.87648773
v -88.65695190 97.99843597 91.91633606
v -88.43457794 97.70705414 91.98995972
v -88.65695190 97.99843597 91.91633606
v -88.41936493 97.96951294 92.03057098
v -88.41936493 97.96951294 92.03057098
v -88.65695190 97.99843597 91.91633606
v -88.64295197 98.23986816 92.01460266
v -88.41936493 97.96951294 92.03057098
v -88.64295197 98.23986816 92.01460266
v -88.43634796 98.21959686 92.11962128
v -88.43634796 98.21959686 92.11962128
v -88.64295197 98.23986816 92.01460266
v -88.63064575 98.45217133 92.16600037
v -88.43634796 98.21959686 92.11962128
v -88.63064575 98.45217133 92.16600037
v -88.48467255 98.44483185 92.25266266
v -88.48467255 98.44483185 92.25266266
v -88.63064575 98.45217133 92.16600037
v -88.62068939 98.62389374 92.36235046
v -88.48467255 98.44483185 92.25266266
v -88.62068939 98.62389374 92.36235046
v -88.56192780 98.63394165 92.42304993
v -88.56192780 98.63394165 92.42304993
v -88.62068939 98.62389374 92.36235046
v -88.61362457 98.74578094 92.59307861
v -88.56192780 98.63394165 92.42304993
v -88.61362457 98.74578094 92.59307861
v -88.41548157 98.60743713 92.53945160
v -88.41548157 98.60743713 92.53945160
v -88.61362457 98.74578094 92.59307861
v -88.55390930 98.75751495 92.70997620
v -88.41548157 98.60743713 92.53945160
v -88.55390930 98.75751495 92.70997620
v -88.29920959 98.57810974 92.68544769
v -88.29920959 98.57810974 92.68544769
v -88.55390930 98.75751495 92.70997620
v -88.46630096 98.73541260 92.81998444
v -88.61362457 98.74578094 92.59307861
v -88.60983276 98.81126404 92.84574890
v -88.55390930 98.75751495 92.70997620
v -88.55390930 98.75751495 92.70997620
v -88.60983276 98.81126404 92.84574890
v -88.46630096 98.73541260 92.81998444
v -88.60983276 98.81126404 92.84574890
v -88.60950470 98.81681061 93.10672760
v -88.46630096 98.73541260 92.81998444
v -88.61917114 98.65014648 93.59767151
v -88.62863159 98.48691559 93.80116272
v -88.56279755 98.62059784 93.59824371
v -88.57387543 96.93715668 93.74845123
v -88.67216492 96.75825500 93.57788086
v -88.39586639 96.94833374 93.60954285
v -88.39586639 96.94833374 93.60954285
v -88.67216492 96.75825500 93.57788086
v -88.52339935 96.76759338 93.46179199
v -88.39586639 96.94833374 93.60954285
v -88.52339935 96.76759338 93.46179199
v -88.25324249 96.96704865 93.43514252
v -88.25324249 96.96704865 93.43514252
v -88.52339935 96.76759338 93.46179199
v -88.40420532 96.78323364 93.31603241
v -88.25324249 96.96704865 93.43514252
v -88.40420532 96.78323364 93.31603241
v -88.15319061 96.99236298 93.23400879
v -88.15319061 96.99236298 93.23400879
v -88.40420532 96.78323364 93.31603241
v -88.32058716 96.80438995 93.14794159
v -88.50005341 97.15528870 93.88162231
v -88.57387543 96.93715668 93.74845123
v -88.30169678 97.16773224 93.72683716
v -88.30169678 97.16773224 93.72683716
v -88.57387543 96.93715668 93.74845123
v -88.39586639 96.94833374 93.60954285
v -88.30169678 97.16773224 93.72683716
v -88.39586639 96.94833374 93.60954285
v -88.14277649 97.18859100 93.53250122
v -88.14277649 97.18859100 93.53250122
v -88.39586639 96.94833374 93.60954285
v -88.25324249 96.96704865 93.43514252
v -88.14277649 97.18859100 93.53250122
v -88.25324249 96.96704865 93.43514252
v -88.03128815 97.21680450 93.30838013
v -88.03128815 97.21680450 93.30838013
v -88.25324249 96.96704865 93.43514252
v -88.15319061 96.99236298 93.23400879
v -88.45439148 97.40173340 93.97074127
v -88.50005341 97.15528870 93.88162231
v -88.24560547 97.41484070 93.80781555
v -88.24560547 97.41484070 93.80781555
v -88.50005341 97.15528870 93.88162231
v -88.30169678 97.16773224 93.72683716
v -88.24560547 97.41484070 93.80781555
v -88.30169678 97.16773224 93.72683716
v -88.07833099 97.43679047 93.60325623
v -88.07833099 97.43679047 93.60325623
v -88.30169678 97.16773224 93.72683716
v -88.14277649 97.18859100 93.53250122
v -88.07833099 97.43679047 93.60325623
v -88.14277649 97.18859100 93.53250122
v -87.96097565 97.46649170 93.36734772
v -87.96097565 97.46649170 93.36734772
v -88.14277649 97.18859100 93.53250122
v -88.03128815 97.21680450 93.30838013
v -88.43917847 97.66419220 94.01134491
v -88.45439148 97.40173340 93.97074127
v -88.23039246 97.67729187 93.84841919
v -88.23039246 97.67729187 93.84841919
v -88.45439148 97.40173340 93.97074127
v -88.24560547 97.41484070 93.80781555
v -88.23039246 97.67729187 93.84841919
v -88.24560547 97.41484070 93.80781555
v -88.06311798 97.69924927 93.64385986
v -88.06311798 97.69924927 93.64385986
v -88.24560547 97.41484070 93.80781555
v -88.07833099 97.43679047 93.60325623
v -88.06311798 97.69924927 93.64385986
v -88.07833099 97.43679047 93.60325623
v -87.94575500 97.72894287 93.40795135
v -87.94575500 97.72894287 93.40795135
v -88.07833099 97.43679047 93.60325623
v -87.96097565 97.46649170 93.36734772
v -88.45516968 97.92953491 94.00141907
v -88.43917847 97.66419220 94.01134491
v -88.25681305 97.94198608 93.84663391
v -88.25681305 97.94198608 93.84663391
v -88.43917847 97.66419220 94.01134491
v -88.23039246 97.67729187 93.84841919
v -88.25681305 97.94198608 93.84663391
v -88.23039246 97.67729187 93.84841919
v -88.09790039 97.96284485 93.65229797
v -88.09790039 97.96284485 93.65229797
v -88.23039246 97.67729187 93.84841919
v -88.06311798 97.69924927 93.64385986
v -88.09790039 97.96284485 93.65229797
v -88.06311798 97.69924927 93.64385986
v -87.98640442 97.99105835 93.42817688
v -87.98640442 97.99105835 93.42817688
v -88.06311798 97.69924927 93.64385986
v -87.94575500 97.72894287 93.40795135
v -88.42727661 98.42572784 93.71833801
v -88.57604218 98.41638947 93.83442688
v -88.50156403 98.18451691 93.94144440
v -88.50156403 98.18451691 93.94144440
v -88.45516968 97.92953491 94.00141907
v -88.32355499 98.19569397 93.80253601
v -88.32355499 98.19569397 93.80253601
v -88.45516968 97.92953491 94.00141907
v -88.25681305 97.94198608 93.84663391
v -88.32355499 98.19569397 93.80253601
v -88.25681305 97.94198608 93.84663391
v -88.18093872 98.21440887 93.62813568
v -88.18093872 98.21440887 93.62813568
v -88.25681305 97.94198608 93.84663391
v -88.09790039 97.96284485 93.65229797
v -88.18093872 98.21440887 93.62813568
v -88.09790039 97.96284485 93.65229797
v -88.08087921 98.23972321 93.42700195
v -88.08087921 98.23972321 93.42700195
v -88.09790039 97.96284485 93.65229797
v -87.98640442 97.99105835 93.42817688
v -88.50156403 98.18451691 93.94144440
v -88.32355499 98.19569397 93.80253601
v -88.42727661 98.42572784 93.71833801
v -88.42727661 98.42572784 93.71833801
v -88.32355499 98.19569397 93.80253601
v -88.30808258 98.44136810 93.57257843
v -88.42727661 98.42572784 93.71833801
v -88.30808258 98.44136810 93.57257843
v -88.47299194 98.63238525 93.48841858
v -88.47299194 98.63238525 93.48841858
v -88.30808258 98.44136810 93.57257843
v -88.40998077 98.64832306 93.36176300
v -88.30808258 98.44136810 93.57257843
v -88.32355499 98.19569397 93.80253601
v -88.18093872 98.21440887 93.62813568
v -88.30808258 98.44136810 93.57257843
v -88.18093872 98.21440887 93.62813568
v -88.22446442 98.46252441 93.40448761
v -88.22446442 98.46252441 93.40448761
v -88.18093872 98.21440887 93.62813568
v -88.08087921 98.23972321 93.42700195
v -88.22446442 98.46252441 93.40448761
v -88.40998077 98.64832306 93.36176300
v -88.30808258 98.44136810 93.57257843
v -88.21895599 98.54742432 92.85371399
v -88.40583038 98.71229553 92.94676971
v -88.17874908 98.51692200 93.03578186
v -88.17874908 98.51692200 93.03578186
v -88.40583038 98.71229553 92.94676971
v -88.37553406 98.68931580 93.08395386
v -88.07428741 98.34130859 92.76797485
v -88.21895599 98.54742432 92.85371399
v -88.02617645 98.30481720 92.98583221
v -88.02617645 98.30481720 92.98583221
v -88.21895599 98.54742432 92.85371399
v -88.17874908 98.51692200 93.03578186
v -87.97905731 98.10424805 92.69382477
v -88.07428741 98.34130859 92.76797485
v -87.92545319 98.06358337 92.93658447
v -87.92545319 98.06358337 92.93658447
v -88.07428741 98.34130859 92.76797485
v -88.02617645 98.30481720 92.98583221
v -87.93802643 97.84809113 92.63497925
v -87.97905731 98.10424805 92.69382477
v -87.88159943 97.80528259 92.89050293
v -87.88159943 97.80528259 92.89050293
v -87.97905731 98.10424805 92.69382477
v -87.92545319 98.06358337 92.93658447
v -87.95323944 97.58563232 92.59436798
v -87.93802643 97.84809113 92.63497925
v -87.89681244 97.54283142 92.84989166
v -87.89681244 97.54283142 92.84989166
v -87.93802643 97.84809113 92.63497925
v -87.88159943 97.80528259 92.89050293
v -88.02394104 97.32999420 92.57403564
v -87.95323944 97.58563232 92.59436798
v -87.97033691 97.28932953 92.81678772
v -87.97033691 97.28932953 92.81678772
v -87.95323944 97.58563232 92.59436798
v -87.89681244 97.54283142 92.84989166
v -88.14659882 97.09394836 92.57498169
v -88.02394104 97.32999420 92.57403564
v -88.09848785 97.05745697 92.79283905
v -88.09848785 97.05745697 92.79283905
v -88.02394104 97.32999420 92.57403564
v -87.97033691 97.28932953 92.81678772
v -88.31507874 96.88928986 92.59716797
v -88.14659882 97.09394836 92.57498169
v -88.27487183 96.85878754 92.77923584
v -88.27487183 96.85878754 92.77923584
v -88.14659882 97.09394836 92.57498169
v -88.09848785 97.05745697 92.79283905
v -88.52095795 96.72624207 92.63948059
v -88.31507874 96.88928986 92.59716797
v -88.49066925 96.70326233 92.77667236
v -88.49066925 96.70326233 92.77667236
v -88.31507874 96.88928986 92.59716797
v -88.27487183 96.85878754 92.77923584
v -88.29920959 98.57810974 92.68544769
v -88.17031860 98.37802887 92.56663513
v -88.41548157 98.60743713 92.53945160
v -88.41548157 98.60743713 92.53945160
v -88.17031860 98.37802887 92.56663513
v -88.30944824 98.41312408 92.39193726
v -88.41548157 98.60743713 92.53945160
v -88.30944824 98.41312408 92.39193726
v -88.56192780 98.63394165 92.42304993
v -88.56192780 98.63394165 92.42304993
v -88.30944824 98.41312408 92.39193726
v -88.48467255 98.44483185 92.25266266
v -88.17031860 98.37802887 92.56663513
v -88.08606720 98.14516449 92.46947479
v -88.30944824 98.41312408 92.39193726
v -88.30944824 98.41312408 92.39193726
v -88.08606720 98.14516449 92.46947479
v -88.24108887 98.18427277 92.27481079
v -88.30944824 98.41312408 92.39193726
v -88.24108887 98.18427277 92.27481079
v -88.48467255 98.44483185 92.25266266
v -88.48467255 98.44483185 92.25266266
v -88.24108887 98.18427277 92.27481079
v -88.43634796 98.21959686 92.11962128
v -88.08606720 98.14516449 92.46947479
v -88.05065918 97.89115906 92.39882660
v -88.24108887 98.18427277 92.27481079
v -88.24108887 98.18427277 92.27481079
v -88.05065918 97.89115906 92.39882660
v -88.21384430 97.93231964 92.19392395
v -88.24108887 98.18427277 92.27481079
v -88.21384430 97.93231964 92.19392395
v -88.43634796 98.21959686 92.11962128
v -88.43634796 98.21959686 92.11962128
v -88.21384430 97.93231964 92.19392395
v -88.41936493 97.96951294 92.03057098
v -88.05065918 97.89115906 92.39882660
v -88.06587219 97.62870026 92.35822296
v -88.21384430 97.93231964 92.19392395
v -88.21384430 97.93231964 92.19392395
v -88.06587219 97.62870026 92.35822296
v -88.22905731 97.66986847 92.15332031
v -88.21384430 97.93231964 92.19392395
v -88.22905731 97.66986847 92.15332031
v -88.41936493 97.96951294 92.03057098
v -88.41936493 97.96951294 92.03057098
v -88.22905731 97.66986847 92.15332031
v -88.43457794 97.70705414 91.98995972
v -88.06587219 97.62870026 92.35822296
v -88.13095093 97.37091064 92.34968567
v -88.22905731 97.66986847 92.15332031
v -88.22905731 97.66986847 92.15332031
v -88.13095093 97.37091064 92.34968567
v -88.28597260 97.41001892 92.15502167
v -88.22905731 97.66986847 92.15332031
v -88.28597260 97.41001892 92.15502167
v -88.43457794 97.70705414 91.98995972
v -88.43457794 97.70705414 91.98995972
v -88.28597260 97.41001892 92.15502167
v -88.48123169 97.44535065 91.99982452
v -88.13095093 97.37091064 92.34968567
v -88.24263000 97.13066864 92.37364197
v -88.28597260 97.41001892 92.15502167
v -88.28597260 97.41001892 92.15502167
v -88.24263000 97.13066864 92.37364197
v -88.38175201 97.16576385 92.19894409
v -88.28597260 97.41001892 92.15502167
v -88.38175201 97.16576385 92.19894409
v -88.48123169 97.44535065 91.99982452
v -88.48123169 97.44535065 91.99982452
v -88.38175201 97.16576385 92.19894409
v -88.55698395 97.19747162 92.05966949
v -88.24263000 97.13066864 92.37364197
v -88.39533234 96.91997528 92.42890167
v -88.38175201 97.16576385 92.19894409
v -88.38175201 97.16576385 92.19894409
v -88.39533234 96.91997528 92.42890167
v -88.51160431 96.94930267 92.28289795
v -88.38175201 97.16576385 92.19894409
v -88.51160431 96.94930267 92.28289795
v -88.55698395 97.19747162 92.05966949
v -88.55698395 97.19747162 92.05966949
v -88.51160431 96.94930267 92.28289795
v -88.65805054 96.97580719 92.16650391
v -88.39533234 96.91997528 92.42890167
v -88.58143616 96.74936676 92.51270294
v -88.51160431 96.94930267 92.28289795
v -88.76502991 96.13403320 93.07757568
v -89.17067719 95.77165985 93.05132294
v -88.76407623 96.15048981 92.76033783
v -88.76407623 96.15048981 92.76033783
v -89.17067719 95.77165985 93.05132294
v -89.16939545 95.79384613 92.70172119
v -88.76407623 96.15048981 92.76033783
v -89.16939545 95.79384613 92.70172119
v -89.16451263 95.87799835 92.36170197
v -89.17067719 95.77165985 93.05132294
v -88.76502991 96.13403320 93.07757568
v -89.16833496 95.81214142 93.39927673
v -89.16833496 95.81214142 93.39927673
v -88.76502991 96.13403320 93.07757568
v -88.76226807 96.18166351 93.39163971
v -89.16833496 95.81214142 93.39927673
v -88.76226807 96.18166351 93.39163971
v -89.16242981 95.91400909 93.73439789
v -89.16242981 95.91400909 93.73439789
v -88.76226807 96.18166351 93.39163971
v -88.75590515 96.29144287 93.68967438
v -89.16242981 95.91400909 93.73439789
v -88.75590515 96.29144287 93.68967438
v -89.15315247 96.07396698 94.04592133
v -89.15315247 96.07396698 94.04592133
v -88.75590515 96.29144287 93.68967438
v -88.74620056 96.45886230 93.95946503
v -89.15315247 96.07396698 94.04592133
v -88.74620056 96.45886230 93.95946503
v -89.14080811 96.28688812 94.32382202
v -89.14080811 96.28688812 94.32382202
v -88.74620056 96.45886230 93.95946503
v -88.73355103 96.67707062 94.18998718
v -89.14080811 96.28688812 94.32382202
v -88.73355103 96.67707062 94.18998718
v -89.12579346 96.54592896 94.55917358
v -89.12579346 96.54592896 94.55917358
v -88.73355103 96.67707062 94.18998718
v -88.71847534 96.93714142 94.37178040
v -89.12579346 96.54592896 94.55917358
v -88.71847534 96.93714142 94.37178040
v -89.10858917 96.84275818 94.74440765
v -89.10858917 96.84275818 94.74440765
v -88.71847534 96.93714142 94.37178040
v -88.70158386 97.22842407 94.49741364
v -89.10858917 96.84275818 94.74440765
v -88.70158386 97.22842407 94.49741364
v -89.08974457 97.16783905 94.87358093
v -89.08974457 97.16783905 94.87358093
v -88.70158386 97.22842407 94.49741364
v -88.68358612 97.53898621 94.56174469
v -89.08974457 97.16783905 94.87358093
v -88.68358612 97.53898621 94.56174469
v -89.06987000 97.51071930 94.94253540
v -89.06987000 97.51071930 94.94253540
v -88.68358612 97.53898621 94.56174469
v -89.04959869 97.86038208 94.94905853
v -89.04959869 97.86038208 94.94905853
v -88.68358612 97.53898621 94.56174469
v -88.66519928 97.85612488 94.56214142
v -89.04959869 97.86038208 94.94905853
v -88.66519928 97.85612488 94.56214142
v -89.02958679 98.20558929 94.89292908
v -89.02958679 98.20558929 94.89292908
v -88.66519928 97.85612488 94.56214142
v -88.64718628 98.16684723 94.49858093
v -89.02958679 98.20558929 94.89292908
v -88.64718628 98.16684723 94.49858093
v -89.01047516 98.53524017 94.77596283
v -89.01047516 98.53524017 94.77596283
v -88.64718628 98.16684723 94.49858093
v -88.63027954 98.45843506 94.37366486
v -89.01047516 98.53524017 94.77596283
v -88.63027954 98.45843506 94.37366486
v -88.99288177 98.83874512 94.60192108
v -88.99288177 98.83874512 94.60192108
v -88.63027954 98.45843506 94.37366486
v -88.61518097 98.71895599 94.19251251
v -88.99288177 98.83874512 94.60192108
v -88.61518097 98.71895599 94.19251251
v -88.97737122 99.10635376 94.37638855
v -88.97737122 99.10635376 94.37638855
v -88.61518097 98.71895599 94.19251251
v -88.60250092 98.93773651 93.96253967
v -88.97737122 99.10635376 94.37638855
v -88.60250092 98.93773651 93.96253967
v -88.96443176 99.32945251 94.10661316
v -88.96443176 99.32945251 94.10661316
v -88.60250092 98.93773651 93.96253967
v -88.59275055 99.10581970 93.69316101
v -88.96443176 99.32945251 94.10661316
v -88.59275055 99.10581970 93.69316101
v -88.95449829 99.50087738 93.80127716
v -88.95449829 99.50087738 93.80127716
v -88.59275055 99.10581970 93.69316101
v -88.58634949 99.21633148 93.39540863
v -88.95449829 99.50087738 93.80127716
v -88.58634949 99.21633148 93.39540863
v -88.94787598 99.61511993 93.47018433
v -88.94787598 99.61511993 93.47018433
v -88.58634949 99.21633148 93.39540863
v -88.58354187 99.26473999 93.08145905
v -88.94787598 99.61511993 93.47018433
v -88.58354187 99.26473999 93.08145905
v -88.94477844 99.66850281 93.12397766
v -88.94477844 99.66850281 93.12397766
v -88.58354187 99.26473999 93.08145905
v -88.94531250 99.65931702 92.77378845
v -88.94531250 99.65931702 92.77378845
v -88.58354187 99.26473999 93.08145905
v -88.58444977 99.24906921 92.76418304
v -88.94531250 99.65931702 92.77378845
v -88.58444977 99.24906921 92.76418304
v -88.94945526 99.58785248 92.43087006
v -88.94945526 99.58785248 92.43087006
v -88.58444977 99.24906921 92.76418304
v -88.58903503 99.16996002 92.45655060
v -88.94945526 99.58785248 92.43087006
v -88.58903503 99.16996002 92.45655060
v -88.95707703 99.45641327 92.10623932
v -88.95707703 99.45641327 92.10623932
v -88.58903503 99.16996002 92.45655060
v -88.59711456 99.03064728 92.17117310
v -88.95707703 99.45641327 92.10623932
v -88.59711456 99.03064728 92.17117310
v -88.96792603 99.26921844 91.81034088
v -88.96792603 99.26921844 91.81034088
v -88.59711456 99.03064728 92.17117310
v -88.60834503 98.83683777 91.91973114
v -88.96792603 99.26921844 91.81034088
v -88.60834503 98.83683777 91.91973114
v -88.98165894 99.03227997 91.55268097
v -88.98165894 99.03227997 91.55268097
v -88.60834503 98.83683777 91.91973114
v -88.62228394 98.59646606 91.71250916
v -88.98165894 99.03227997 91.55268097
v -88.62228394 98.59646606 91.71250916
v -88.99784088 98.75322723 91.34152985
v -88.99784088 98.75322723 91.34152985
v -88.62228394 98.59646606 91.71250916
v -88.63834381 98.31936646 91.55800629
v -88.99784088 98.75322723 91.34152985
v -88.63834381 98.31936646 91.55800629
v -89.01593781 98.44101715 91.18369293
v -89.01593781 98.44101715 91.18369293
v -88.63834381 98.31936646 91.55800629
v -88.65587616 98.01689148 91.46253204
v -89.01593781 98.44101715 91.18369293
v -88.65587616 98.01689148 91.46253204
v -89.03537750 98.10568237 91.08422852
v -89.03537750 98.10568237 91.08422852
v -88.65587616 98.01689148 91.46253204
v -89.05553436 97.75801086 91.04634094
v -89.05553436 97.75801086 91.04634094
v -88.65587616 98.01689148 91.46253204
v -88.67416382 97.70142365 91.43000031
v -89.05553436 97.75801086 91.04634094
v -88.67416382 97.70142365 91.43000031
v -89.07575226 97.40917206 91.07124329
v -89.07575226 97.40917206 91.07124329
v -88.67416382 97.70142365 91.43000031
v -88.69245911 97.38587952 91.46174622
v -89.07575226 97.40917206 91.07124329
v -88.69245911 97.38587952 91.46174622
v -89.09539032 97.07038116 91.15813446
v -89.09539032 97.07038116 91.15813446
v -88.69245911 97.38587952 91.46174622
v -88.71000671 97.08316803 91.55647278
v -89.09539032 97.07038116 91.15813446
v -88.71000671 97.08316803 91.55647278
v -89.11382294 96.75251770 91.30422974
v -89.11382294 96.75251770 91.30422974
v -88.71000671 97.08316803 91.55647278
v -88.72608948 96.80569458 91.71028900
v -89.11382294 96.75251770 91.30422974
v -88.72608948 96.80569458 91.71028900
v -89.13043976 96.46581268 91.50482941
v -89.13043976 96.46581268 91.50482941
v -88.72608948 96.80569458 91.71028900
v -88.74005890 96.56480408 91.91691589
v -89.13043976 96.46581268 91.50482941
v -88.74005890 96.56480408 91.91691589
v -89.14472198 96.21946716 91.75347900
v -89.14472198 96.21946716 91.75347900
v -88.74005890 96.56480408 91.91691589
v -88.75132751 96.37037659 92.16787720
v -89.14472198 96.21946716 91.75347900
v -88.75132751 96.37037659 92.16787720
v -89.15620422 96.02140808 92.04219818
v -89.15620422 96.02140808 92.04219818
v -88.75132751 96.37037659 92.16787720
v -88.75944519 96.23035431 92.45291138
v -89.15620422 96.02140808 92.04219818
v -88.75944519 96.23035431 92.45291138
v -89.16451263 95.87799835 92.36170197
v -89.16451263 95.87799835 92.36170197
v -88.75944519 96.23035431 92.45291138
v -88.76407623 96.15048981 92.76033783
v -98.57220459 99.74992371 93.54804993
v -97.88854218 100.13340759 93.47018433
v -98.56756592 99.82993317 93.24008179
v -98.56756592 99.82993317 93.24008179
v -97.88854218 100.13340759 93.47018433
v -97.88544464 100.18679047 93.12397766
v -98.56756592 99.82993317 93.24008179
v -97.88544464 100.18679047 93.12397766
v -98.56661224 99.84642029 92.92228699
v -98.56661224 99.84642029 92.92228699
v -97.88544464 100.18679047 93.12397766
v -97.88597870 100.17760468 92.77378845
v -98.56661224 99.84642029 92.92228699
v -97.88597870 100.17760468 92.77378845
v -98.56937408 99.79869843 92.60766602
v -98.56937408 99.79869843 92.60766602
v -97.88597870 100.17760468 92.77378845
v -97.89012146 100.10614777 92.43087006
v -98.56937408 99.79869843 92.60766602
v -97.89012146 100.10614777 92.43087006
v -98.57575226 99.68873596 92.30911255
v -98.57575226 99.68873596 92.30911255
v -97.89012146 100.10614777 92.43087006
v -97.89773560 99.97470093 92.10623932
v -98.57575226 99.68873596 92.30911255
v -97.89773560 99.97470093 92.10623932
v -98.58547211 99.52101898 92.03884125
v -98.58547211 99.52101898 92.03884125
v -97.89773560 99.97470093 92.10623932
v -97.90859222 99.78750610 91.81034088
v -98.58547211 99.52101898 92.03884125
v -97.90859222 99.78750610 91.81034088
v -97.92232513 99.55057526 91.55268097
v -97.88854218 100.13340759 93.47018433
v -98.57220459 99.74992371 93.54804993
v -97.89516449 100.01916504 93.80127716
v -97.89516449 100.01916504 93.80127716
v -98.57220459 99.74992371 93.54804993
v -98.58033752 99.60966492 93.83358765
v -97.89516449 100.01916504 93.80127716
v -98.58033752 99.60966492 93.83358765
v -97.90509796 99.84774017 94.10661316
v -97.90509796 99.84774017 94.10661316
v -98.58033752 99.60966492 93.83358765
v -98.59162903 99.41488647 94.08499146
v -97.90509796 99.84774017 94.10661316
v -98.59162903 99.41488647 94.08499146
v -97.91802979 99.62464142 94.37638855
v -97.91802979 99.62464142 94.37638855
v -98.59162903 99.41488647 94.08499146
v -98.60561371 99.17358398 94.29197693
v -97.91802979 99.62464142 94.37638855
v -98.60561371 99.17358398 94.29197693
v -97.93354797 99.35704041 94.60192108
v -97.93354797 99.35704041 94.60192108
v -98.60561371 99.17358398 94.29197693
v -97.95114136 99.05353546 94.77596283
v -97.95114136 99.05353546 94.77596283
v -98.60561371 99.17358398 94.29197693
v -98.62172699 98.89561462 94.44606781
v -97.95114136 99.05353546 94.77596283
v -98.62172699 98.89561462 94.44606781
v -97.97025299 98.72387695 94.89292908
v -97.97025299 98.72387695 94.89292908
v -98.62172699 98.89561462 94.44606781
v -98.63930511 98.59237671 94.54095459
v -97.97025299 98.72387695 94.89292908
v -98.63930511 98.59237671 94.54095459
v -97.99025726 98.37867737 94.94905853
v -97.99025726 98.37867737 94.94905853
v -98.63930511 98.59237671 94.54095459
v -98.65763092 98.27626801 94.57276154
v -97.99025726 98.37867737 94.94905853
v -98.65763092 98.27626801 94.57276154
v -98.01052856 98.02901459 94.94253540
v -98.01052856 98.02901459 94.94253540
v -98.65763092 98.27626801 94.57276154
v -98.67594910 97.96024323 94.54017639
v -98.01052856 98.02901459 94.94253540
v -98.67594910 97.96024323 94.54017639
v -98.03041077 97.68612671 94.87358093
v -98.03041077 97.68612671 94.87358093
v -98.67594910 97.96024323 94.54017639
v -98.69351959 97.65724182 94.44453430
v -98.03041077 97.68612671 94.87358093
v -98.69351959 97.65724182 94.44453430
v -98.04925537 97.36105347 94.74440765
v -98.04925537 97.36105347 94.74440765
v -98.69351959 97.65724182 94.44453430
v -98.70960999 97.37965393 94.28974915
v -98.04925537 97.36105347 94.74440765
v -98.70960999 97.37965393 94.28974915
v -98.06645966 97.06422424 94.55917358
v -98.06645966 97.06422424 94.55917358
v -98.70960999 97.37965393 94.28974915
v -98.72356415 97.13886261 94.08216858
v -98.06645966 97.06422424 94.55917358
v -98.72356415 97.13886261 94.08216858
v -98.08147430 96.80518341 94.32382202
v -98.08147430 96.80518341 94.32382202
v -98.72356415 97.13886261 94.08216858
v -98.73482513 96.94470978 93.83028412
v -98.08147430 96.80518341 94.32382202
v -98.73482513 96.94470978 93.83028412
v -98.09381866 96.59226227 94.04592133
v -98.09381866 96.59226227 94.04592133
v -98.73482513 96.94470978 93.83028412
v -98.10309601 96.43229675 93.73439789
v -98.10309601 96.43229675 93.73439789
v -98.73482513 96.94470978 93.83028412
v -98.74291229 96.80515289 93.54440308
v -98.10309601 96.43229675 93.73439789
v -98.74291229 96.80515289 93.54440308
v -98.10899353 96.33043671 93.39927673
v -98.10899353 96.33043671 93.39927673
v -98.74291229 96.80515289 93.54440308
v -98.74750519 96.72589874 93.23623657
v -98.10899353 96.33043671 93.39927673
v -98.74750519 96.72589874 93.23623657
v -98.11134338 96.28994751 93.05132294
v -98.11134338 96.28994751 93.05132294
v -98.74750519 96.72589874 93.23623657
v -98.74841309 96.71020508 92.91839600
v -98.11134338 96.28994751 93.05132294
v -98.74841309 96.71020508 92.91839600
v -98.11006165 96.31213379 92.70172119
v -98.11006165 96.31213379 92.70172119
v -98.74841309 96.71020508 92.91839600
v -98.74560547 96.75869751 92.60389709
v -98.11006165 96.31213379 92.70172119
v -98.74560547 96.75869751 92.60389709
v -98.10517883 96.39628601 92.36170197
v -98.10517883 96.39628601 92.36170197
v -98.74560547 96.75869751 92.60389709
v -98.73918915 96.86940765 92.30561829
v -98.10517883 96.39628601 92.36170197
v -98.73918915 96.86940765 92.30561829
v -98.09686279 96.53969574 92.04219818
v -98.09686279 96.53969574 92.04219818
v -98.73918915 96.86940765 92.30561829
v -98.72942352 97.03778839 92.03576660
v -98.09686279 96.53969574 92.04219818
v -98.72942352 97.03778839 92.03576660
v -98.08538818 96.73776245 91.75347900
v -98.08538818 96.73776245 91.75347900
v -98.72942352 97.03778839 92.03576660
v -98.71672058 97.25695038 91.80538940
v -98.08538818 96.73776245 91.75347900
v -98.71672058 97.25695038 91.80538940
v -98.07110596 96.98410034 91.50482941
v -98.07110596 96.98410034 91.50482941
v -98.71672058 97.25695038 91.80538940
v -98.05448151 97.27081299 91.30422974
v -98.05448151 97.27081299 91.30422974
v -98.71672058 97.25695038 91.80538940
v -98.70159149 97.51792908 91.62391663
v -98.05448151 97.27081299 91.30422974
v -98.70159149 97.51792908 91.62391663
v -98.03605652 97.58866882 91.15813446
v -98.03605652 97.58866882 91.15813446
v -98.70159149 97.51792908 91.62391663
v -98.68466187 97.81002808 91.49878693
v -98.03605652 97.58866882 91.15813446
v -98.68466187 97.81002808 91.49878693
v -98.01641846 97.92745972 91.07124329
v -98.01641846 97.92745972 91.07124329
v -98.68466187 97.81002808 91.49878693
v -98.66661835 98.12129974 91.43511200
v -98.01641846 97.92745972 91.07124329
v -98.66661835 98.12129974 91.43511200
v -97.99619293 98.27629852 91.04634094
v -97.99619293 98.27629852 91.04634094
v -98.66661835 98.12129974 91.43511200
v -98.64820099 98.43899536 91.43550873
v -97.99619293 98.27629852 91.04634094
v -98.64820099 98.43899536 91.43550873
v -97.97604370 98.62397003 91.08422852
v -97.97604370 98.62397003 91.08422852
v -98.64820099 98.43899536 91.43550873
v -98.63016510 98.75010681 91.49995422
v -97.97604370 98.62397003 91.08422852
v -98.63016510 98.75010681 91.49995422
v -97.95660400 98.95930481 91.18369293
v -97.95660400 98.95930481 91.18369293
v -98.63016510 98.75010681 91.49995422
v -98.61325073 99.04190063 91.62580872
v -97.95660400 98.95930481 91.18369293
v -98.61325073 99.04190063 91.62580872
v -97.93849945 99.27151489 91.34152985
v -97.93849945 99.27151489 91.34152985
v -98.61325073 99.04190063 91.62580872
v -98.59814453 99.30242157 91.80792236
v -97.93849945 99.27151489 91.34152985
v -98.59814453 99.30242157 91.80792236
v -97.92232513 99.55057526 91.55268097
v -97.92232513 99.55057526 91.55268097
v -98.59814453 99.30242157 91.80792236
v -98.58547211 99.52101898 92.03884125
v -98.56661224 99.84642029 92.92228699
v -98.59522247 99.35282135 92.58206940
v -98.56756592 99.82993317 93.24008179
v -98.56756592 99.82993317 93.24008179
v -98.59522247 99.35282135 92.58206940
v -98.60542297 99.17684937 93.72323608
v -98.56756592 99.82993317 93.24008179
v -98.60542297 99.17684937 93.72323608
v -98.57220459 99.74992371 93.54804993
v -98.57220459 99.74992371 93.54804993
v -98.60542297 99.17684937 93.72323608
v -98.58033752 99.60966492 93.83358765
v -98.58033752 99.60966492 93.83358765
v -98.60542297 99.17684937 93.72323608
v -98.59162903 99.41488647 94.08499146
v -98.59162903 99.41488647 94.08499146
v -98.60542297 99.17684937 93.72323608
v -98.60561371 99.17358398 94.29197693
v -98.60561371 99.17358398 94.29197693
v -98.60542297 99.17684937 93.72323608
v -98.62172699 98.89561462 94.44606781
v -98.62172699 98.89561462 94.44606781
v -98.60542297 99.17684937 93.72323608
v -98.66771698 98.10224152 94.14116669
v -98.62172699 98.89561462 94.44606781
v -98.66771698 98.10224152 94.14116669
v -98.63930511 98.59237671 94.54095459
v -98.63930511 98.59237671 94.54095459
v -98.66771698 98.10224152 94.14116669
v -98.65763092 98.27626801 94.57276154
v -98.65763092 98.27626801 94.57276154
v -98.66771698 98.10224152 94.14116669
v -98.67594910 97.96024323 94.54017639
v -98.67594910 97.96024323 94.54017639
v -98.66771698 98.10224152 94.14116669
v -98.69351959 97.65724182 94.44453430
v -98.69351959 97.65724182 94.44453430
v -98.66771698 98.10224152 94.14116669
v -98.70960999 97.37965393 94.28974915
v -98.70960999 97.37965393 94.28974915
v -98.66771698 98.10224152 94.14116669
v -98.71981049 97.20360565 93.41793060
v -98.70960999 97.37965393 94.28974915
v -98.71981049 97.20360565 93.41793060
v -98.72356415 97.13886261 94.08216858
v -98.72356415 97.13886261 94.08216858
v -98.71981049 97.20360565 93.41793060
v -98.73482513 96.94470978 93.83028412
v -98.73482513 96.94470978 93.83028412
v -98.71981049 97.20360565 93.41793060
v -98.74291229 96.80515289 93.54440308
v -98.74291229 96.80515289 93.54440308
v -98.71981049 97.20360565 93.41793060
v -98.74750519 96.72589874 93.23623657
v -98.74750519 96.72589874 93.23623657
v -98.71981049 97.20360565 93.41793060
v -98.74841309 96.71020508 92.91839600
v -98.74841309 96.71020508 92.91839600
v -98.71981049 97.20360565 93.41793060
v -98.70960999 97.37957764 92.27676392
v -98.74841309 96.71020508 92.91839600
v -98.70960999 97.37957764 92.27676392
v -98.74560547 96.75869751 92.60389709
v -98.74560547 96.75869751 92.60389709
v -98.70960999 97.37957764 92.27676392
v -98.73918915 96.86940765 92.30561829
v -98.73918915 96.86940765 92.30561829
v -98.70960999 97.37957764 92.27676392
v -98.72942352 97.03778839 92.03576660
v -98.72942352 97.03778839 92.03576660
v -98.70960999 97.37957764 92.27676392
v -98.71672058 97.25695038 91.80538940
v -98.71672058 97.25695038 91.80538940
v -98.70960999 97.37957764 92.27676392
v -98.70159149 97.51792908 91.62391663
v -98.70159149 97.51792908 91.62391663
v -98.70960999 97.37957764 92.27676392
v -98.68466187 97.81002808 91.49878693
v -98.68466187 97.81002808 91.49878693
v -98.70960999 97.37957764 92.27676392
v -98.64731598 98.45418549 91.85883331
v -98.68466187 97.81002808 91.49878693
v -98.64731598 98.45418549 91.85883331
v -98.66661835 98.12129974 91.43511200
v -98.66661835 98.12129974 91.43511200
v -98.64731598 98.45418549 91.85883331
v -98.64820099 98.43899536 91.43550873
v -98.64820099 98.43899536 91.43550873
v -98.64731598 98.45418549 91.85883331
v -98.63016510 98.75010681 91.49995422
v -98.63016510 98.75010681 91.49995422
v -98.64731598 98.45418549 91.85883331
v -98.61325073 99.04190063 91.62580872
v -98.61325073 99.04190063 91.62580872
v -98.64731598 98.45418549 91.85883331
v -98.59814453 99.30242157 91.80792236
v -98.59814453 99.30242157 91.80792236
v -98.64731598 98.45418549 91.85883331
v -98.59522247 99.35282135 92.58206940
v -98.59814453 99.30242157 91.80792236
v -98.59522247 99.35282135 92.58206940
v -98.58547211 99.52101898 92.03884125
v -98.58547211 99.52101898 92.03884125
v -98.59522247 99.35282135 92.58206940
v -98.57575226 99.68873596 92.30911255
v -98.57575226 99.68873596 92.30911255
v -98.59522247 99.35282135 92.58206940
v -98.56937408 99.79869843 92.60766602
v -98.56937408 99.79869843 92.60766602
v -98.59522247 99.35282135 92.58206940
v -98.56661224 99.84642029 92.92228699
v -88.75944519 96.23035431 92.45291138
v -88.73789215 96.60208893 92.76406097
v -88.76407623 96.15048981 92.76033783
v -88.76407623 96.15048981 92.76033783
v -88.73789215 96.60208893 92.76406097
v -88.73932648 96.57734680 93.02392578
v -88.76407623 96.15048981 92.76033783
v -88.73932648 96.57734680 93.02392578
v -88.76502991 96.13403320 93.07757568
v -88.76502991 96.13403320 93.07757568
v -88.73932648 96.57734680 93.02392578
v -88.73725891 96.61310577 93.28250122
v -88.76502991 96.13403320 93.07757568
v -88.73725891 96.61310577 93.28250122
v -88.76226807 96.18166351 93.39163971
v -88.76226807 96.18166351 93.39163971
v -88.73725891 96.61310577 93.28250122
v -88.75590515 96.29144287 93.68967438
v -88.75590515 96.29144287 93.68967438
v -88.73725891 96.61310577 93.28250122
v -88.73178864 96.70742798 93.52584076
v -88.75590515 96.29144287 93.68967438
v -88.73178864 96.70742798 93.52584076
v -88.74620056 96.45886230 93.95946503
v -88.74620056 96.45886230 93.95946503
v -88.73178864 96.70742798 93.52584076
v -88.72322083 96.85523224 93.74083710
v -88.74620056 96.45886230 93.95946503
v -88.72322083 96.85523224 93.74083710
v -88.73355103 96.67707062 94.18998718
v -88.73355103 96.67707062 94.18998718
v -88.72322083 96.85523224 93.74083710
v -88.71201324 97.04855347 93.91589355
v -88.73355103 96.67707062 94.18998718
v -88.71201324 97.04855347 93.91589355
v -88.71847534 96.93714142 94.37178040
v -88.71847534 96.93714142 94.37178040
v -88.71201324 97.04855347 93.91589355
v -88.69877625 97.27696228 94.04157257
v -88.71847534 96.93714142 94.37178040
v -88.69877625 97.27696228 94.04157257
v -88.70158386 97.22842407 94.49741364
v -88.70158386 97.22842407 94.49741364
v -88.69877625 97.27696228 94.04157257
v -88.68421173 97.52815247 94.11109924
v -88.70158386 97.22842407 94.49741364
v -88.68421173 97.52815247 94.11109924
v -88.68358612 97.53898621 94.56174469
v -88.68358612 97.53898621 94.56174469
v -88.68421173 97.52815247 94.11109924
v -88.66911316 97.78857422 94.12072754
v -88.68358612 97.53898621 94.56174469
v -88.66911316 97.78857422 94.12072754
v -88.66519928 97.85612488 94.56214142
v -88.66519928 97.85612488 94.56214142
v -88.66911316 97.78857422 94.12072754
v -88.65429688 98.04419708 94.06993866
v -88.66519928 97.85612488 94.56214142
v -88.65429688 98.04419708 94.06993866
v -88.64718628 98.16684723 94.49858093
v -88.64718628 98.16684723 94.49858093
v -88.65429688 98.04419708 94.06993866
v -88.63027954 98.45843506 94.37366486
v -88.63027954 98.45843506 94.37366486
v -88.65429688 98.04419708 94.06993866
v -88.64055634 98.28124237 93.96147156
v -88.63027954 98.45843506 94.37366486
v -88.64055634 98.28124237 93.96147156
v -88.61518097 98.71895599 94.19251251
v -88.61518097 98.71895599 94.19251251
v -88.64055634 98.28124237 93.96147156
v -88.62863159 98.48691559 93.80116272
v -88.61518097 98.71895599 94.19251251
v -88.62863159 98.48691559 93.80116272
v -88.60250092 98.93773651 93.96253967
v -88.60250092 98.93773651 93.96253967
v -88.62863159 98.48691559 93.80116272
v -88.61917114 98.65014648 93.59767151
v -88.60250092 98.93773651 93.96253967
v -88.61917114 98.65014648 93.59767151
v -88.59275055 99.10581970 93.69316101
v -88.59275055 99.10581970 93.69316101
v -88.61917114 98.65014648 93.59767151
v -88.61267853 98.76212311 93.36195374
v -88.59275055 99.10581970 93.69316101
v -88.61267853 98.76212311 93.36195374
v -88.58634949 99.21633148 93.39540863
v -88.58634949 99.21633148 93.39540863
v -88.61267853 98.76212311 93.36195374
v -88.60950470 98.81681061 93.10672760
v -88.58634949 99.21633148 93.39540863
v -88.60950470 98.81681061 93.10672760
v -88.58354187 99.26473999 93.08145905
v -88.58354187 99.26473999 93.08145905
v -88.60950470 98.81681061 93.10672760
v -88.60983276 98.81126404 92.84574890
v -88.58354187 99.26473999 93.08145905
v -88.60983276 98.81126404 92.84574890
v -88.58444977 99.24906921 92.76418304
v -88.58444977 99.24906921 92.76418304
v -88.60983276 98.81126404 92.84574890
v -88.58903503 99.16996002 92.45655060
v -88.58903503 99.16996002 92.45655060
v -88.60983276 98.81126404 92.84574890
v -88.61362457 98.74578094 92.59307861
v -88.58903503 99.16996002 92.45655060
v -88.61362457 98.74578094 92.59307861
v -88.59711456 99.03064728 92.17117310
v -88.59711456 99.03064728 92.17117310
v -88.61362457 98.74578094 92.59307861
v -88.62068939 98.62389374 92.36235046
v -88.59711456 99.03064728 92.17117310
v -88.62068939 98.62389374 92.36235046
v -88.60834503 98.83683777 91.91973114
v -88.60834503 98.83683777 91.91973114
v -88.62068939 98.62389374 92.36235046
v -88.63064575 98.45217133 92.16600037
v -88.60834503 98.83683777 91.91973114
v -88.63064575 98.45217133 92.16600037
v -88.62228394 98.59646606 91.71250916
v -88.62228394 98.59646606 91.71250916
v -88.63064575 98.45217133 92.16600037
v -88.64295197 98.23986816 92.01460266
v -88.62228394 98.59646606 91.71250916
v -88.64295197 98.23986816 92.01460266
v -88.63834381 98.31936646 91.55800629
v -88.63834381 98.31936646 91.55800629
v -88.64295197 98.23986816 92.01460266
v -88.65695190 97.99843597 91.91633606
v -88.63834381 98.31936646 91.55800629
v -88.65695190 97.99843597 91.91633606
v -88.65587616 98.01689148 91.46253204
v -88.65587616 98.01689148 91.46253204
v -88.65695190 97.99843597 91.91633606
v -88.67188263 97.74089050 91.87648773
v -88.65587616 98.01689148 91.46253204
v -88.67188263 97.74089050 91.87648773
v -88.67416382 97.70142365 91.43000031
v -88.67416382 97.70142365 91.43000031
v -88.67188263 97.74089050 91.87648773
v -88.68693542 97.48110199 91.89720917
v -88.67416382 97.70142365 91.43000031
v -88.68693542 97.48110199 91.89720917
v -88.69245911 97.38587952 91.46174622
v -88.69245911 97.38587952 91.46174622
v -88.68693542 97.48110199 91.89720917
v -88.71000671 97.08316803 91.55647278
v -88.71000671 97.08316803 91.55647278
v -88.68693542 97.48110199 91.89720917
v -88.70131683 97.23309326 91.97737885
v -88.71000671 97.08316803 91.55647278
v -88.70131683 97.23309326 91.97737885
v -88.72608948 96.80569458 91.71028900
v -88.72608948 96.80569458 91.71028900
v -88.70131683 97.23309326 91.97737885
v -88.71423340 97.01023102 92.11268616
v -88.72608948 96.80569458 91.71028900
v -88.71423340 97.01023102 92.11268616
v -88.74005890 96.56480408 91.91691589
v -88.74005890 96.56480408 91.91691589
v -88.71423340 97.01023102 92.11268616
v -88.72499847 96.82452393 92.29582214
v -88.74005890 96.56480408 91.91691589
v -88.72499847 96.82452393 92.29582214
v -88.75132751 96.37037659 92.16787720
v -88.75132751 96.37037659 92.16787720
v -88.72499847 96.82452393 92.29582214
v -88.73303223 96.68598938 92.51692200
v -88.75132751 96.37037659 92.16787720
v -88.73303223 96.68598938 92.51692200
v -88.75944519 96.23035431 92.45291138
v -88.75944519 96.23035431 92.45291138
v -88.73303223 96.68598938 92.51692200
v -88.73789215 96.60208893 92.76406097
v -97.22232819 97.11679840 93.41793060
v -98.71981049 97.20360565 93.41793060
v -97.19628143 97.56611633 93.77954865
v -97.19628143 97.56611633 93.77954865
v -98.71981049 97.20360565 93.41793060
v -98.66771698 98.10224152 94.14116669
v -97.19628143 97.56611633 93.77954865
v -98.66771698 98.10224152 94.14116669
v -97.17023468 98.01543427 94.14116669
v -97.21212769 97.29276276 92.27676392
v -98.70960999 97.37957764 92.27676392
v -97.21722412 97.20478058 92.84735107
v -97.21722412 97.20478058 92.84735107
v -98.70960999 97.37957764 92.27676392
v -98.71981049 97.20360565 93.41793060
v -97.21722412 97.20478058 92.84735107
v -98.71981049 97.20360565 93.41793060
v -97.22232819 97.11679840 93.41793060
v -97.14983368 98.36737823 91.85883331
v -98.64731598 98.45418549 91.85883331
v -97.18097687 97.83007050 92.06780243
v -97.18097687 97.83007050 92.06780243
v -98.64731598 98.45418549 91.85883331
v -98.70960999 97.37957764 92.27676392
v -97.18097687 97.83007050 92.06780243
v -98.70960999 97.37957764 92.27676392
v -97.21212769 97.29276276 92.27676392
v -97.09774017 99.26601410 92.58206940
v -98.59522247 99.35282135 92.58206940
v -97.12378693 98.81669617 92.22045135
v -97.12378693 98.81669617 92.22045135
v -98.59522247 99.35282135 92.58206940
v -98.64731598 98.45418549 91.85883331
v -97.12378693 98.81669617 92.22045135
v -98.64731598 98.45418549 91.85883331
v -97.14983368 98.36737823 91.85883331
v -97.10794067 99.09004211 93.72323608
v -98.60542297 99.17684937 93.72323608
v -97.10283661 99.17803192 93.15264893
v -97.10283661 99.17803192 93.15264893
v -98.60542297 99.17684937 93.72323608
v -98.59522247 99.35282135 92.58206940
v -97.10283661 99.17803192 93.15264893
v -98.59522247 99.35282135 92.58206940
v -97.09774017 99.26601410 92.58206940
v -97.17023468 98.01543427 94.14116669
v -98.66771698 98.10224152 94.14116669
v -97.13908386 98.55273438 93.93219757
v -97.13908386 98.55273438 93.93219757
v -98.66771698 98.10224152 94.14116669
v -98.60542297 99.17684937 93.72323608
v -97.13908386 98.55273438 93.93219757
v -98.60542297 99.17684937 93.72323608
v -97.10794067 99.09004211 93.72323608
v -97.21722412 97.20478058 92.84735107
v -97.22232819 97.11679840 93.41793060
v -97.21781158 97.19465637 93.05615997
v -97.21781158 97.19465637 93.05615997
v -97.22232819 97.11679840 93.41793060
v -97.21587372 97.22809601 93.26251221
v -97.21587372 97.22809601 93.26251221
v -97.22232819 97.11679840 93.41793060
v -97.21149445 97.30363464 93.45739746
v -97.21149445 97.30363464 93.45739746
v -97.22232819 97.11679840 93.41793060
v -97.20487213 97.41797638 93.63229370
v -97.20487213 97.41797638 93.63229370
v -97.22232819 97.11679840 93.41793060
v -97.19628143 97.56611633 93.77954865
v -97.19628143 97.56611633 93.77954865
v -97.17023468 98.01543427 94.14116669
v -97.18611145 97.74158478 93.89273834
v -97.18611145 97.74158478 93.89273834
v -97.17023468 98.01543427 94.14116669
v -97.17479706 97.93671417 93.96691132
v -97.17479706 97.93671417 93.96691132
v -97.17023468 98.01543427 94.14116669
v -97.16284180 98.14297485 93.99882507
v -97.16284180 98.14297485 93.99882507
v -97.17023468 98.01543427 94.14116669
v -97.15075684 98.35134888 93.98708344
v -97.15075684 98.35134888 93.98708344
v -97.17023468 98.01543427 94.14116669
v -97.13908386 98.55273438 93.93219757
v -97.13908386 98.55273438 93.93219757
v -97.10794067 99.09004211 93.72323608
v -97.12832642 98.73833466 93.83657837
v -97.12832642 98.73833466 93.83657837
v -97.10794067 99.09004211 93.72323608
v -97.11895752 98.90002441 93.70439148
v -97.11895752 98.90002441 93.70439148
v -97.10794067 99.09004211 93.72323608
v -97.11137390 99.03074646 93.54141998
v -97.11137390 99.03074646 93.54141998
v -97.10794067 99.09004211 93.72323608
v -97.10592651 99.12478638 93.35478973
v -97.10592651 99.12478638 93.35478973
v -97.10794067 99.09004211 93.72323608
v -97.10283661 99.17803192 93.15264893
v -97.10283661 99.17803192 93.15264893
v -97.09774017 99.26601410 92.58206940
v -97.10224915 99.18815613 92.94384003
v -97.10224915 99.18815613 92.94384003
v -97.09774017 99.26601410 92.58206940
v -97.10418701 99.15471649 92.73748779
v -97.10418701 99.15471649 92.73748779
v -97.09774017 99.26601410 92.58206940
v -97.10856628 99.07917786 92.54260254
v -97.10856628 99.07917786 92.54260254
v -97.09774017 99.26601410 92.58206940
v -97.11519623 98.96483612 92.36770630
v -97.11519623 98.96483612 92.36770630
v -97.09774017 99.26601410 92.58206940
v -97.12378693 98.81669617 92.22045135
v -97.12378693 98.81669617 92.22045135
v -97.14983368 98.36737823 91.85883331
v -97.13395691 98.64122772 92.10726166
v -97.13395691 98.64122772 92.10726166
v -97.14983368 98.36737823 91.85883331
v -97.14527130 98.44609833 92.03308868
v -97.14527130 98.44609833 92.03308868
v -97.14983368 98.36737823 91.85883331
v -97.15722656 98.23983765 92.00117493
v -97.15722656 98.23983765 92.00117493
v -97.14983368 98.36737823 91.85883331
v -97.16930389 98.03145599 92.01291656
v -97.16930389 98.03145599 92.01291656
v -97.14983368 98.36737823 91.85883331
v -97.18097687 97.83007050 92.06780243
v -97.18097687 97.83007050 92.06780243
v -97.21212769 97.29276276 92.27676392
v -97.19174194 97.64447784 92.16342163
v -97.19174194 97.64447784 92.16342163
v -97.21212769 97.29276276 92.27676392
v -97.20111084 97.48278809 92.29560852
v -97.20111084 97.48278809 92.29560852
v -97.21212769 97.29276276 92.27676392
v -97.20868683 97.35206604 92.45858002
v -97.20868683 97.35206604 92.45858002
v -97.21212769 97.29276276 92.27676392
v -97.21414185 97.25802612 92.64521027
v -97.21414185 97.25802612 92.64521027
v -97.21212769 97.29276276 92.27676392
v -97.21722412 97.20478058 92.84735107
v -92.62510681 109.18016815 61.00000000
v -92.62510681 109.18016815 64.50000000
v -92.90417480 109.22810364 61.00000000
v -92.90417480 109.22810364 61.00000000
v -92.62510681 109.18016815 64.50000000
v -92.90417480 109.22810364 64.50000000
v -92.90417480 109.22810364 61.00000000
v -92.90417480 109.22810364 64.50000000
v -93.18691254 109.21273804 61.00000000
v -93.18691254 109.21273804 61.00000000
v -92.90417480 109.22810364 64.50000000
v -93.18691254 109.21273804 64.50000000
v -93.18691254 109.21273804 61.00000000
v -93.18691254 109.21273804 64.50000000
v -93.45914459 109.13484192 61.00000000
v -93.45914459 109.13484192 61.00000000
v -93.18691254 109.21273804 64.50000000
v -93.45914459 109.13484192 64.50000000
v -93.45914459 109.13484192 61.00000000
v -93.45914459 109.13484192 64.50000000
v -93.70722198 108.99832153 61.00000000
v -93.70722198 108.99832153 61.00000000
v -93.45914459 109.13484192 64.50000000
v -93.70722198 108.99832153 64.50000000
v -93.70722198 108.99832153 61.00000000
v -93.70722198 108.99832153 64.50000000
v -93.91869354 108.81002045 61.00000000
v -93.91869354 108.81002045 61.00000000
v -93.70722198 108.99832153 64.50000000
v -93.91869354 108.81002045 64.50000000
v -93.91869354 108.81002045 61.00000000
v -93.91869354 108.81002045 64.50000000
v -94.08296967 108.57938385 61.00000000
v -94.08296967 108.57938385 61.00000000
v -93.91869354 108.81002045 64.50000000
v -94.08296967 108.57938385 64.50000000
v -94.08296967 108.57938385 61.00000000
v -94.08296967 108.57938385 64.50000000
v -94.19180298 108.31797791 61.00000000
v -94.19180298 108.31797791 61.00000000
v -94.08296967 108.57938385 64.50000000
v -94.19180298 108.31797791 64.50000000
v -94.19180298 108.31797791 61.00000000
v -94.19180298 108.31797791 64.50000000
v -94.23973846 108.03890228 61.00000000
v -94.23973846 108.03890228 61.00000000
v -94.19180298 108.31797791 64.50000000
v -94.23973846 108.03890228 64.50000000
v -94.23973846 108.03890228 61.00000000
v -94.23973846 108.03890228 64.50000000
v -94.22437286 107.75616455 61.00000000
v -94.22437286 107.75616455 61.00000000
v -94.23973846 108.03890228 64.50000000
v -94.22437286 107.75616455 64.50000000
v -94.22437286 107.75616455 61.00000000
v -94.22437286 107.75616455 64.50000000
v -94.14646912 107.48393250 61.00000000
v -94.14646912 107.48393250 61.00000000
v -94.22437286 107.75616455 64.50000000
v -94.14646912 107.48393250 64.50000000
v -94.14646912 107.48393250 61.00000000
v -94.14646912 107.48393250 64.50000000
v -94.00994873 107.23585510 61.00000000
v -94.00994873 107.23585510 61.00000000
v -94.14646912 107.48393250 64.50000000
v -94.00994873 107.23585510 64.50000000
v -94.00994873 107.23585510 61.00000000
v -94.00994873 107.23585510 64.50000000
v -93.82164764 107.02438354 61.00000000
v -93.82164764 107.02438354 61.00000000
v -94.00994873 107.23585510 64.50000000
v -93.82164764 107.02438354 64.50000000
v -93.82164764 107.02438354 61.00000000
v -93.82164764 107.02438354 64.50000000
v -93.59101105 106.86010742 61.00000000
v -93.59101105 106.86010742 61.00000000
v -93.82164764 107.02438354 64.50000000
v -93.59101105 106.86010742 64.50000000
v -93.59101105 106.86010742 61.00000000
v -93.59101105 106.86010742 64.50000000
v -93.32960510 106.75127411 61.00000000
v -93.32960510 106.75127411 61.00000000
v -93.59101105 106.86010742 64.50000000
v -93.32960510 106.75127411 64.50000000
v -93.32960510 106.75127411 61.00000000
v -93.32960510 106.75127411 64.50000000
v -93.05053711 106.70334625 61.00000000
v -93.05053711 106.70334625 61.00000000
v -93.32960510 106.75127411 64.50000000
v -93.05053711 106.70334625 64.50000000
v -93.05053711 106.70334625 61.00000000
v -93.05053711 106.70334625 64.50000000
v -92.76779175 106.71871185 61.00000000
v -92.76779175 106.71871185 61.00000000
v -93.05053711 106.70334625 64.50000000
v -92.76779175 106.71871185 64.50000000
v -92.76779175 106.71871185 61.00000000
v -92.76779175 106.71871185 64.50000000
v -92.49555969 106.79660797 61.00000000
v -92.49555969 106.79660797 61.00000000
v -92.76779175 106.71871185 64.50000000
v -92.49555969 106.79660797 64.50000000
v -92.49555969 106.79660797 61.00000000
v -92.49555969 106.79660797 64.50000000
v -92.24748993 106.93312836 61.00000000
v -92.24748993 106.93312836 61.00000000
v -92.49555969 106.79660797 64.50000000
v -92.24748993 106.93312836 64.50000000
v -92.24748993 106.93312836 61.00000000
v -92.24748993 106.93312836 64.50000000
v -92.03601074 107.12142944 61.00000000
v -92.03601074 107.12142944 61.00000000
v -92.24748993 106.93312836 64.50000000
v -92.03601074 107.12142944 64.50000000
v -92.03601074 107.12142944 61.00000000
v -92.03601074 107.12142944 64.50000000
v -91.87174225 107.35206604 61.00000000
v -91.87174225 107.35206604 61.00000000
v -92.03601074 107.12142944 64.50000000
v -91.87174225 107.35206604 64.50000000
v -91.87174225 107.35206604 61.00000000
v -91.87174225 107.35206604 64.50000000
v -91.76290894 107.61347198 61.00000000
v -91.76290894 107.61347198 61.00000000
v -91.87174225 107.35206604 64.50000000
v -91.76290894 107.61347198 64.50000000
v -91.76290894 107.61347198 61.00000000
v -91.76290894 107.61347198 64.50000000
v -91.71497345 107.89253998 61.00000000
v -91.71497345 107.89253998 61.00000000
v -91.76290894 107.61347198 64.50000000
v -91.71497345 107.89253998 64.50000000
v -91.71497345 107.89253998 61.00000000
v -91.71497345 107.89253998 64.50000000
v -91.73033905 108.17528534 61.00000000
v -91.73033905 108.17528534 61.00000000
v -91.71497345 107.89253998 64.50000000
v -91.73033905 108.17528534 64.50000000
v -91.73033905 108.17528534 61.00000000
v -91.73033905 108.17528534 64.50000000
v -91.80823517 108.44751740 61.00000000
v -91.80823517 108.44751740 61.00000000
v -91.73033905 108.17528534 64.50000000
v -91.80823517 108.44751740 64.50000000
v -91.80823517 108.44751740 61.00000000
v -91.80823517 108.44751740 64.50000000
v -91.94475555 108.69558716 61.00000000
v -91.94475555 108.69558716 61.00000000
v -91.80823517 108.44751740 64.50000000
v -91.94475555 108.69558716 64.50000000
v -91.94475555 108.69558716 61.00000000
v -91.94475555 108.69558716 64.50000000
v -92.13305664 108.90706635 61.00000000
v -92.13305664 108.90706635 61.00000000
v -91.94475555 108.69558716 64.50000000
v -92.13305664 108.90706635 64.50000000
v -92.13305664 108.90706635 61.00000000
v -92.13305664 108.90706635 64.50000000
v -92.36369324 109.07133484 61.00000000
v -92.36369324 109.07133484 61.00000000
v -92.13305664 108.90706635 64.50000000
v -92.36369324 109.07133484 64.50000000
v -92.36369324 109.07133484 61.00000000
v -92.36369324 109.07133484 64.50000000
v -92.62510681 109.18016815 61.00000000
v -92.62510681 109.18016815 61.00000000
v -92.36369324 109.07133484 64.50000000
v -92.62510681 109.18016815 64.50000000
v -92.76779175 106.71871185 68.00000000
v -92.76779175 106.71871185 64.50000000
v -93.05053711 106.70334625 68.00000000
v -93.05053711 106.70334625 68.00000000
v -92.76779175 106.71871185 64.50000000
v -93.05053711 106.70334625 64.50000000
v -93.05053711 106.70334625 68.00000000
v -93.05053711 106.70334625 64.50000000
v -93.32960510 106.75127411 68.00000000
v -93.32960510 106.75127411 68.00000000
v -93.05053711 106.70334625 64.50000000
v -93.32960510 106.75127411 64.50000000
v -93.32960510 106.75127411 68.00000000
v -93.32960510 106.75127411 64.50000000
v -93.59101105 106.86010742 68.00000000
v -93.59101105 106.86010742 68.00000000
v -93.32960510 106.75127411 64.50000000
v -93.59101105 106.86010742 64.50000000
v -93.59101105 106.86010742 68.00000000
v -93.59101105 106.86010742 64.50000000
v -93.82164764 107.02438354 68.00000000
v -93.82164764 107.02438354 68.00000000
v -93.59101105 106.86010742 64.50000000
v -93.82164764 107.02438354 64.50000000
v -93.82164764 107.02438354 68.00000000
v -93.82164764 107.02438354 64.50000000
v -94.00994873 107.23585510 68.00000000
v -94.00994873 107.23585510 68.00000000
v -93.82164764 107.02438354 64.50000000
v -94.00994873 107.23585510 64.50000000
v -94.00994873 107.23585510 68.00000000
v -94.00994873 107.23585510 64.50000000
v -94.14646912 107.48393250 68.00000000
v -94.14646912 107.48393250 68.00000000
v -94.00994873 107.23585510 64.50000000
v -94.14646912 107.48393250 64.50000000
v -94.14646912 107.48393250 68.00000000
v -94.14646912 107.48393250 64.50000000
v -94.22437286 107.75616455 68.00000000
v -94.22437286 107.75616455 68.00000000
v -94.14646912 107.48393250 64.50000000
v -94.22437286 107.75616455 64.50000000
v -94.22437286 107.75616455 68.00000000
v -94.22437286 107.75616455 64.50000000
v -94.23973846 108.03890228 68.00000000
v -94.23973846 108.03890228 68.00000000
v -94.22437286 107.75616455 64.50000000
v -94.23973846 108.03890228 64.50000000
v -94.23973846 108.03890228 68.00000000
v -94.23973846 108.03890228 64.50000000
v -94.19180298 108.31797791 68.00000000
v -94.19180298 108.31797791 68.00000000
v -94.23973846 108.03890228 64.50000000
v -94.19180298 108.31797791 64.50000000
v -94.19180298 108.31797791 68.00000000
v -94.19180298 108.31797791 64.50000000
v -94.08296967 108.57938385 68.00000000
v -94.08296967 108.57938385 68.00000000
v -94.19180298 108.31797791 64.50000000
v -94.08296967 108.57938385 64.50000000
v -94.08296967 108.57938385 68.00000000
v -94.08296967 108.57938385 64.50000000
v -93.91869354 108.81002045 68.00000000
v -93.91869354 108.81002045 68.00000000
v -94.08296967 108.57938385 64.50000000
v -93.91869354 108.81002045 64.50000000
v -93.91869354 108.81002045 68.00000000
v -93.91869354 108.81002045 64.50000000
v -93.70722198 108.99832153 68.00000000
v -93.70722198 108.99832153 68.00000000
v -93.91869354 108.81002045 64.50000000
v -93.70722198 108.99832153 64.50000000
v -93.70722198 108.99832153 68.00000000
v -93.70722198 108.99832153 64.50000000
v -93.45914459 109.13484192 68.00000000
v -93.45914459 109.13484192 68.00000000
v -93.70722198 108.99832153 64.50000000
v -93.45914459 109.13484192 64.50000000
v -93.45914459 109.13484192 68.00000000
v -93.45914459 109.13484192 64.50000000
v -93.18691254 109.21273804 68.00000000
v -93.18691254 109.21273804 68.00000000
v -93.45914459 109.13484192 64.50000000
v -93.18691254 109.21273804 64.50000000
v -93.18691254 109.21273804 68.00000000
v -93.18691254 109.21273804 64.50000000
v -92.90417480 109.22810364 68.00000000
v -92.90417480 109.22810364 68.00000000
v -93.18691254 109.21273804 64.50000000
v -92.90417480 109.22810364 64.50000000
v -92.90417480 109.22810364 68.00000000
v -92.90417480 109.22810364 64.50000000
v -92.62510681 109.18016815 68.00000000
v -92.62510681 109.18016815 68.00000000
v -92.90417480 109.22810364 64.50000000
v -92.62510681 109.18016815 64.50000000
v -92.62510681 109.18016815 68.00000000
v -92.62510681 109.18016815 64.50000000
v -92.36369324 109.07133484 68.00000000
v -92.36369324 109.07133484 68.00000000
v -92.62510681 109.18016815 64.50000000
v -92.36369324 109.07133484 64.50000000
v -92.36369324 109.07133484 68.00000000
v -92.36369324 109.07133484 64.50000000
v -92.13305664 108.90706635 68.00000000
v -92.13305664 108.90706635 68.00000000
v -92.36369324 109.07133484 64.50000000
v -92.13305664 108.90706635 64.50000000
v -92.13305664 108.90706635 68.00000000
v -92.13305664 108.90706635 64.50000000
v -91.94475555 108.69558716 68.00000000
v -91.94475555 108.69558716 68.00000000
v -92.13305664 108.90706635 64.50000000
v -91.94475555 108.69558716 64.50000000
v -91.94475555 108.69558716 68.00000000
v -91.94475555 108.69558716 64.50000000
v -91.80823517 108.44751740 68.00000000
v -91.80823517 108.44751740 68.00000000
v -91.94475555 108.69558716 64.50000000
v -91.80823517 108.44751740 64.50000000
v -91.80823517 108.44751740 68.00000000
v -91.80823517 108.44751740 64.50000000
v -91.73033905 108.17528534 68.00000000
v -91.73033905 108.17528534 68.00000000
v -91.80823517 108.44751740 64.50000000
v -91.73033905 108.17528534 64.50000000
v -91.73033905 108.17528534 68.00000000
v -91.73033905 108.17528534 64.50000000
v -91.71497345 107.89253998 68.00000000
v -91.71497345 107.89253998 68.00000000
v -91.73033905 108.17528534 64.50000000
v -91.71497345 107.89253998 64.50000000
v -91.71497345 107.89253998 68.00000000
v -91.71497345 107.89253998 64.50000000
v -91.76290894 107.61347198 68.00000000
v -91.76290894 107.61347198 68.00000000
v -91.71497345 107.89253998 64.50000000
v -91.76290894 107.61347198 64.50000000
v -91.76290894 107.61347198 68.00000000
v -91.76290894 107.61347198 64.50000000
v -91.87174225 107.35206604 68.00000000
v -91.87174225 107.35206604 68.00000000
v -91.76290894 107.61347198 64.50000000
v -91.87174225 107.35206604 64.50000000
v -91.87174225 107.35206604 68.00000000
v -91.87174225 107.35206604 64.50000000
v -92.03601074 107.12142944 68.00000000
v -92.03601074 107.12142944 68.00000000
v -91.87174225 107.35206604 64.50000000
v -92.03601074 107.12142944 64.50000000
v -92.03601074 107.12142944 68.00000000
v -92.03601074 107.12142944 64.50000000
v -92.24748993 106.93312836 68.00000000
v -92.24748993 106.93312836 68.00000000
v -92.03601074 107.12142944 64.50000000
v -92.24748993 106.93312836 64.50000000
v -92.24748993 106.93312836 68.00000000
v -92.24748993 106.93312836 64.50000000
v -92.49555969 106.79660797 68.00000000
v -92.49555969 106.79660797 68.00000000
v -92.24748993 106.93312836 64.50000000
v -92.49555969 106.79660797 64.50000000
v -92.49555969 106.79660797 68.00000000
v -92.49555969 106.79660797 64.50000000
v -92.76779175 106.71871185 68.00000000
v -92.76779175 106.71871185 68.00000000
v -92.49555969 106.79660797 64.50000000
v -92.76779175 106.71871185 64.50000000
v -93.32960510 106.75127411 68.00000000
v -93.18691254 109.21273804 68.00000000
v -93.05053711 106.70334625 68.00000000
v -93.05053711 106.70334625 68.00000000
v -93.18691254 109.21273804 68.00000000
v -92.90417480 109.22810364 68.00000000
v -93.05053711 106.70334625 68.00000000
v -92.90417480 109.22810364 68.00000000
v -92.76779175 106.71871185 68.00000000
v -92.76779175 106.71871185 68.00000000
v -92.90417480 109.22810364 68.00000000
v -92.62510681 109.18016815 68.00000000
v -92.76779175 106.71871185 68.00000000
v -92.62510681 109.18016815 68.00000000
v -92.49555969 106.79660797 68.00000000
v -92.49555969 106.79660797 68.00000000
v -92.62510681 109.18016815 68.00000000
v -92.36369324 109.07133484 68.00000000
v -92.49555969 106.79660797 68.00000000
v -92.36369324 109.07133484 68.00000000
v -92.24748993 106.93312836 68.00000000
v -92.24748993 106.93312836 68.00000000
v -92.36369324 109.07133484 68.00000000
v -92.13305664 108.90706635 68.00000000
v -92.24748993 106.93312836 68.00000000
v -92.13305664 108.90706635 68.00000000
v -92.03601074 107.12142944 68.00000000
v -92.03601074 107.12142944 68.00000000
v -92.13305664 108.90706635 68.00000000
v -91.94475555 108.69558716 68.00000000
v -92.03601074 107.12142944 68.00000000
v -91.94475555 108.69558716 68.00000000
v -91.87174225 107.35206604 68.00000000
v -91.87174225 107.35206604 68.00000000
v -91.94475555 108.69558716 68.00000000
v -91.80823517 108.44751740 68.00000000
v -91.87174225 107.35206604 68.00000000
v -91.80823517 108.44751740 68.00000000
v -91.76290894 107.61347198 68.00000000
v -91.76290894 107.61347198 68.00000000
v -91.80823517 108.44751740 68.00000000
v -91.73033905 108.17528534 68.00000000
v -91.76290894 107.61347198 68.00000000
v -91.73033905 108.17528534 68.00000000
v -91.71497345 107.89253998 68.00000000
v -93.18691254 109.21273804 68.00000000
v -93.32960510 106.75127411 68.00000000
v -93.45914459 109.13484192 68.00000000
v -93.45914459 109.13484192 68.00000000
v -93.32960510 106.75127411 68.00000000
v -93.59101105 106.86010742 68.00000000
v -93.45914459 109.13484192 68.00000000
v -93.59101105 106.86010742 68.00000000
v -93.70722198 108.99832153 68.00000000
v -93.70722198 108.99832153 68.00000000
v -93.59101105 106.86010742 68.00000000
v -93.82164764 107.02438354 68.00000000
v -93.70722198 108.99832153 68.00000000
v -93.82164764 107.02438354 68.00000000
v -93.91869354 108.81002045 68.00000000
v -93.91869354 108.81002045 68.00000000
v -93.82164764 107.02438354 68.00000000
v -94.00994873 107.23585510 68.00000000
v -93.91869354 108.81002045 68.00000000
v -94.00994873 107.23585510 68.00000000
v -94.08296967 108.57938385 68.00000000
v -94.08296967 108.57938385 68.00000000
v -94.00994873 107.23585510 68.00000000
v -94.14646912 107.48393250 68.00000000
v -94.08296967 108.57938385 68.00000000
v -94.14646912 107.48393250 68.00000000
v -94.19180298 108.31797791 68.00000000
v -94.19180298 108.31797791 68.00000000
v -94.14646912 107.48393250 68.00000000
v -94.22437286 107.75616455 68.00000000
v -94.19180298 108.31797791 68.00000000
v -94.22437286 107.75616455 68.00000000
v -94.23973846 108.03890228 68.00000000
v -93.20383453 99.19692993 61.00000000
v -93.20383453 99.19692993 64.50000000
v -93.48290253 99.24486542 61.00000000
v -93.48290253 99.24486542 61.00000000
v -93.20383453 99.19692993 64.50000000
v -93.48290253 99.24486542 64.50000000
v -93.48290253 99.24486542 61.00000000
v -93.48290253 99.24486542 64.50000000
v -93.76564026 99.22949982 61.00000000
v -93.76564026 99.22949982 61.00000000
v -93.48290253 99.24486542 64.50000000
v -93.76564026 99.22949982 64.50000000
v -93.76564026 99.22949982 61.00000000
v -93.76564026 99.22949982 64.50000000
v -94.03787994 99.15160370 61.00000000
v -94.03787994 99.15160370 61.00000000
v -93.76564026 99.22949982 64.50000000
v -94.03787994 99.15160370 64.50000000
v -94.03787994 99.15160370 61.00000000
v -94.03787994 99.15160370 64.50000000
v -94.28594971 99.01508331 61.00000000
v -94.28594971 99.01508331 61.00000000
v -94.03787994 99.15160370 64.50000000
v -94.28594971 99.01508331 64.50000000
v -94.28594971 99.01508331 61.00000000
v -94.28594971 99.01508331 64.50000000
v -94.49742126 98.82678223 61.00000000
v -94.49742126 98.82678223 61.00000000
v -94.28594971 99.01508331 64.50000000
v -94.49742126 98.82678223 64.50000000
v -94.49742126 98.82678223 61.00000000
v -94.49742126 98.82678223 64.50000000
v -94.66169739 98.59614563 61.00000000
v -94.66169739 98.59614563 61.00000000
v -94.49742126 98.82678223 64.50000000
v -94.66169739 98.59614563 64.50000000
v -94.66169739 98.59614563 61.00000000
v -94.66169739 98.59614563 64.50000000
v -94.77053070 98.33473206 61.00000000
v -94.77053070 98.33473206 61.00000000
v -94.66169739 98.59614563 64.50000000
v -94.77053070 98.33473206 64.50000000
v -94.77053070 98.33473206 61.00000000
v -94.77053070 98.33473206 64.50000000
v -94.81846619 98.05566406 61.00000000
v -94.81846619 98.05566406 61.00000000
v -94.77053070 98.33473206 64.50000000
v -94.81846619 98.05566406 64.50000000
v -94.81846619 98.05566406 61.00000000
v -94.81846619 98.05566406 64.50000000
v -94.80310059 97.77292633 61.00000000
v -94.80310059 97.77292633 61.00000000
v -94.81846619 98.05566406 64.50000000
v -94.80310059 97.77292633 64.50000000
v -94.80310059 97.77292633 61.00000000
v -94.80310059 97.77292633 64.50000000
v -94.72519684 97.50068665 61.00000000
v -94.72519684 97.50068665 61.00000000
v -94.80310059 97.77292633 64.50000000
v -94.72519684 97.50068665 64.50000000
v -94.72519684 97.50068665 61.00000000
v -94.72519684 97.50068665 64.50000000
v -94.58867645 97.25261688 61.00000000
v -94.58867645 97.25261688 61.00000000
v -94.72519684 97.50068665 64.50000000
v -94.58867645 97.25261688 64.50000000
v -94.58867645 97.25261688 61.00000000
v -94.58867645 97.25261688 64.50000000
v -94.40038300 97.04114532 61.00000000
v -94.40038300 97.04114532 61.00000000
v -94.58867645 97.25261688 64.50000000
v -94.40038300 97.04114532 64.50000000
v -94.40038300 97.04114532 61.00000000
v -94.40038300 97.04114532 64.50000000
v -94.16974640 96.87686920 61.00000000
v -94.16974640 96.87686920 61.00000000
v -94.40038300 97.04114532 64.50000000
v -94.16974640 96.87686920 64.50000000
v -94.16974640 96.87686920 61.00000000
v -94.16974640 96.87686920 64.50000000
v -93.90833282 96.76803589 61.00000000
v -93.90833282 96.76803589 61.00000000
v -94.16974640 96.87686920 64.50000000
v -93.90833282 96.76803589 64.50000000
v -93.90833282 96.76803589 61.00000000
v -93.90833282 96.76803589 64.50000000
v -93.62926483 96.72010040 61.00000000
v -93.62926483 96.72010040 61.00000000
v -93.90833282 96.76803589 64.50000000
v -93.62926483 96.72010040 64.50000000
v -93.62926483 96.72010040 61.00000000
v -93.62926483 96.72010040 64.50000000
v -93.34651947 96.73546600 61.00000000
v -93.34651947 96.73546600 61.00000000
v -93.62926483 96.72010040 64.50000000
v -93.34651947 96.73546600 64.50000000
v -93.34651947 96.73546600 61.00000000
v -93.34651947 96.73546600 64.50000000
v -93.07428741 96.81336975 61.00000000
v -93.07428741 96.81336975 61.00000000
v -93.34651947 96.73546600 64.50000000
v -93.07428741 96.81336975 64.50000000
v -93.07428741 96.81336975 61.00000000
v -93.07428741 96.81336975 64.50000000
v -92.82621765 96.94989014 61.00000000
v -92.82621765 96.94989014 61.00000000
v -93.07428741 96.81336975 64.50000000
v -92.82621765 96.94989014 64.50000000
v -92.82621765 96.94989014 61.00000000
v -92.82621765 96.94989014 64.50000000
v -92.61473846 97.13819122 61.00000000
v -92.61473846 97.13819122 61.00000000
v -92.82621765 96.94989014 64.50000000
v -92.61473846 97.13819122 64.50000000
v -92.61473846 97.13819122 61.00000000
v -92.61473846 97.13819122 64.50000000
v -92.45046997 97.36882782 61.00000000
v -92.45046997 97.36882782 61.00000000
v -92.61473846 97.13819122 64.50000000
v -92.45046997 97.36882782 64.50000000
v -92.45046997 97.36882782 61.00000000
v -92.45046997 97.36882782 64.50000000
v -92.34163666 97.63023376 61.00000000
v -92.34163666 97.63023376 61.00000000
v -92.45046997 97.36882782 64.50000000
v -92.34163666 97.63023376 64.50000000
v -92.34163666 97.63023376 61.00000000
v -92.34163666 97.63023376 64.50000000
v -92.29370117 97.90930176 61.00000000
v -92.29370117 97.90930176 61.00000000
v -92.34163666 97.63023376 64.50000000
v -92.29370117 97.90930176 64.50000000
v -92.29370117 97.90930176 61.00000000
v -92.29370117 97.90930176 64.50000000
v -92.30906677 98.19204712 61.00000000
v -92.30906677 98.19204712 61.00000000
v -92.29370117 97.90930176 64.50000000
v -92.30906677 98.19204712 64.50000000
v -92.30906677 98.19204712 61.00000000
v -92.30906677 98.19204712 64.50000000
v -92.38696289 98.46427917 61.00000000
v -92.38696289 98.46427917 61.00000000
v -92.30906677 98.19204712 64.50000000
v -92.38696289 98.46427917 64.50000000
v -92.38696289 98.46427917 61.00000000
v -92.38696289 98.46427917 64.50000000
v -92.52349091 98.71234894 61.00000000
v -92.52349091 98.71234894 61.00000000
v -92.38696289 98.46427917 64.50000000
v -92.52349091 98.71234894 64.50000000
v -92.52349091 98.71234894 61.00000000
v -92.52349091 98.71234894 64.50000000
v -92.71178436 98.92382812 61.00000000
v -92.71178436 98.92382812 61.00000000
v -92.52349091 98.71234894 64.50000000
v -92.71178436 98.92382812 64.50000000
v -92.71178436 98.92382812 61.00000000
v -92.71178436 98.92382812 64.50000000
v -92.94242096 99.08809662 61.00000000
v -92.94242096 99.08809662 61.00000000
v -92.71178436 98.92382812 64.50000000
v -92.94242096 99.08809662 64.50000000
v -92.94242096 99.08809662 61.00000000
v -92.94242096 99.08809662 64.50000000
v -93.20383453 99.19692993 61.00000000
v -93.20383453 99.19692993 61.00000000
v -92.94242096 99.08809662 64.50000000
v -93.20383453 99.19692993 64.50000000
v -93.34651947 96.73546600 68.00000000
v -93.34651947 96.73546600 64.50000000
v -93.62926483 96.72010040 68.00000000
v -93.62926483 96.72010040 68.00000000
v -93.34651947 96.73546600 64.50000000
v -93.62926483 96.72010040 64.50000000
v -93.62926483 96.72010040 68.00000000
v -93.62926483 96.72010040 64.50000000
v -93.90833282 96.76803589 68.00000000
v -93.90833282 96.76803589 68.00000000
v -93.62926483 96.72010040 64.50000000
v -93.90833282 96.76803589 64.50000000
v -93.90833282 96.76803589 68.00000000
v -93.90833282 96.76803589 64.50000000
v -94.16974640 96.87686920 68.00000000
v -94.16974640 96.87686920 68.00000000
v -93.90833282 96.76803589 64.50000000
v -94.16974640 96.87686920 64.50000000
v -94.16974640 96.87686920 68.00000000
v -94.16974640 96.87686920 64.50000000
v -94.40038300 97.04114532 68.00000000
v -94.40038300 97.04114532 68.00000000
v -94.16974640 96.87686920 64.50000000
v -94.40038300 97.04114532 64.50000000
v -94.40038300 97.04114532 68.00000000
v -94.40038300 97.04114532 64.50000000
v -94.58867645 97.25261688 68.00000000
v -94.58867645 97.25261688 68.00000000
v -94.40038300 97.04114532 64.50000000
v -94.58867645 97.25261688 64.50000000
v -94.58867645 97.25261688 68.00000000
v -94.58867645 97.25261688 64.50000000
v -94.72519684 97.50068665 68.00000000
v -94.72519684 97.50068665 68.00000000
v -94.58867645 97.25261688 64.50000000
v -94.72519684 97.50068665 64.50000000
v -94.72519684 97.50068665 68.00000000
v -94.72519684 97.50068665 64.50000000
v -94.80310059 97.77292633 68.00000000
v -94.80310059 97.77292633 68.00000000
v -94.72519684 97.50068665 64.50000000
v -94.80310059 97.77292633 64.50000000
v -94.80310059 97.77292633 68.00000000
v -94.80310059 97.77292633 64.50000000
v -94.81846619 98.05566406 68.00000000
v -94.81846619 98.05566406 68.00000000
v -94.80310059 97.77292633 64.50000000
v -94.81846619 98.05566406 64.50000000
v -94.81846619 98.05566406 68.00000000
v -94.81846619 98.05566406 64.50000000
v -94.77053070 98.33473206 68.00000000
v -94.77053070 98.33473206 68.00000000
v -94.81846619 98.05566406 64.50000000
v -94.77053070 98.33473206 64.50000000
v -94.77053070 98.33473206 68.00000000
v -94.77053070 98.33473206 64.50000000
v -94.66169739 98.59614563 68.00000000
v -94.66169739 98.59614563 68.00000000
v -94.77053070 98.33473206 64.50000000
v -94.66169739 98.59614563 64.50000000
v -94.66169739 98.59614563 68.00000000
v -94.66169739 98.59614563 64.50000000
v -94.49742126 98.82678223 68.00000000
v -94.49742126 98.82678223 68.00000000
v -94.66169739 98.59614563 64.50000000
v -94.49742126 98.82678223 64.50000000
v -94.49742126 98.82678223 68.00000000
v -94.49742126 98.82678223 64.50000000
v -94.28594971 99.01508331 68.00000000
v -94.28594971 99.01508331 68.00000000
v -94.49742126 98.82678223 64.50000000
v -94.28594971 99.01508331 64.50000000
v -94.28594971 99.01508331 68.00000000
v -94.28594971 99.01508331 64.50000000
v -94.03787994 99.15160370 68.00000000
v -94.03787994 99.15160370 68.00000000
v -94.28594971 99.01508331 64.50000000
v -94.03787994 99.15160370 64.50000000
v -94.03787994 99.15160370 68.00000000
v -94.03787994 99.15160370 64.50000000
v -93.76564026 99.22949982 68.00000000
v -93.76564026 99.22949982 68.00000000
v -94.03787994 99.15160370 64.50000000
v -93.76564026 99.22949982 64.50000000
v -93.76564026 99.22949982 68.00000000
v -93.76564026 99.22949982 64.50000000
v -93.48290253 99.24486542 68.00000000
v -93.48290253 99.24486542 68.00000000
v -93.76564026 99.22949982 64.50000000
v -93.48290253 99.24486542 64.50000000
v -93.48290253 99.24486542 68.00000000
v -93.48290253 99.24486542 64.50000000
v -93.20383453 99.19692993 68.00000000
v -93.20383453 99.19692993 68.00000000
v -93.48290253 99.24486542 64.50000000
v -93.20383453 99.19692993 64.50000000
v -93.20383453 99.19692993 68.00000000
v -93.20383453 99.19692993 64.50000000
v -92.94242096 99.08809662 68.00000000
v -92.94242096 99.08809662 68.00000000
v -93.20383453 99.19692993 64.50000000
v -92.94242096 99.08809662 64.50000000
v -92.94242096 99.08809662 68.00000000
v -92.94242096 99.08809662 64.50000000
v -92.71178436 98.92382812 68.00000000
v -92.71178436 98.92382812 68.00000000
v -92.94242096 99.08809662 64.50000000
v -92.71178436 98.92382812 64.50000000
v -92.71178436 98.92382812 68.00000000
v -92.71178436 98.92382812 64.50000000
v -92.52349091 98.71234894 68.00000000
v -92.52349091 98.71234894 68.00000000
v -92.71178436 98.92382812 64.50000000
v -92.52349091 98.71234894 64.50000000
v -92.52349091 98.71234894 68.00000000
v -92.52349091 98.71234894 64.50000000
v -92.38696289 98.46427917 68.00000000
v -92.38696289 98.46427917 68.00000000
v -92.52349091 98.71234894 64.50000000
v -92.38696289 98.46427917 64.50000000
v -92.38696289 98.46427917 68.00000000
v -92.38696289 98.46427917 64.50000000
v -92.30906677 98.19204712 68.00000000
v -92.30906677 98.19204712 68.00000000
v -92.38696289 98.46427917 64.50000000
v -92.30906677 98.19204712 64.50000000
v -92.30906677 98.19204712 68.00000000
v -92.30906677 98.19204712 64.50000000
v -92.29370117 97.90930176 68.00000000
v -92.29370117 97.90930176 68.00000000
v -92.30906677 98.19204712 64.50000000
v -92.29370117 97.90930176 64.50000000
v -92.29370117 97.90930176 68.00000000
v -92.29370117 97.90930176 64.50000000
v -92.34163666 97.63023376 68.00000000
v -92.34163666 97.63023376 68.00000000
v -92.29370117 97.90930176 64.50000000
v -92.34163666 97.63023376 64.50000000
v -92.34163666 97.63023376 68.00000000
v -92.34163666 97.63023376 64.50000000
v -92.45046997 97.36882782 68.00000000
v -92.45046997 97.36882782 68.00000000
v -92.34163666 97.63023376 64.50000000
v -92.45046997 97.36882782 64.50000000
v -92.45046997 97.36882782 68.00000000
v -92.45046997 97.36882782 64.50000000
v -92.61473846 97.13819122 68.00000000
v -92.61473846 97.13819122 68.00000000
v -92.45046997 97.36882782 64.50000000
v -92.61473846 97.13819122 64.50000000
v -92.61473846 97.13819122 68.00000000
v -92.61473846 97.13819122 64.50000000
v -92.82621765 96.94989014 68.00000000
v -92.82621765 96.94989014 68.00000000
v -92.61473846 97.13819122 64.50000000
v -92.82621765 96.94989014 64.50000000
v -92.82621765 96.94989014 68.00000000
v -92.82621765 96.94989014 64.50000000
v -93.07428741 96.81336975 68.00000000
v -93.07428741 96.81336975 68.00000000
v -92.82621765 96.94989014 64.50000000
v -93.07428741 96.81336975 64.50000000
v -93.07428741 96.81336975 68.00000000
v -93.07428741 96.81336975 64.50000000
v -93.34651947 96.73546600 68.00000000
v -93.34651947 96.73546600 68.00000000
v -93.07428741 96.81336975 64.50000000
v -93.34651947 96.73546600 64.50000000
v -93.90833282 96.76803589 68.00000000
v -93.76564026 99.22949982 68.00000000
v -93.62926483 96.72010040 68.00000000
v -93.62926483 96.72010040 68.00000000
v -93.76564026 99.22949982 68.00000000
v -93.48290253 99.24486542 68.00000000
v -93.62926483 96.72010040 68.00000000
v -93.48290253 99.24486542 68.00000000
v -93.34651947 96.73546600 68.00000000
v -93.34651947 96.73546600 68.00000000
v -93.48290253 99.24486542 68.00000000
v -93.20383453 99.19692993 68.00000000
v -93.34651947 96.73546600 68.00000000
v -93.20383453 99.19692993 68.00000000
v -93.07428741 96.81336975 68.00000000
v -93.07428741 96.81336975 68.00000000
v -93.20383453 99.19692993 68.00000000
v -92.94242096 99.08809662 68.00000000
v -93.07428741 96.81336975 68.00000000
v -92.94242096 99.08809662 68.00000000
v -92.82621765 96.94989014 68.00000000
v -92.82621765 96.94989014 68.00000000
v -92.94242096 99.08809662 68.00000000
v -92.71178436 98.92382812 68.00000000
v -92.82621765 96.94989014 68.00000000
v -92.71178436 98.92382812 68.00000000
v -92.61473846 97.13819122 68.00000000
v -92.61473846 97.13819122 68.00000000
v -92.71178436 98.92382812 68.00000000
v -92.52349091 98.71234894 68.00000000
v -92.61473846 97.13819122 68.00000000
v -92.52349091 98.71234894 68.00000000
v -92.45046997 97.36882782 68.00000000
v -92.45046997 97.36882782 68.00000000
v -92.52349091 98.71234894 68.00000000
v -92.38696289 98.46427917 68.00000000
v -92.45046997 97.36882782 68.00000000
v -92.38696289 98.46427917 68.00000000
v -92.34163666 97.63023376 68.00000000
v -92.34163666 97.63023376 68.00000000
v -92.38696289 98.46427917 68.00000000
v -92.30906677 98.19204712 68.00000000
v -92.34163666 97.63023376 68.00000000
v -92.30906677 98.19204712 68.00000000
v -92.29370117 97.90930176 68.00000000
v -93.76564026 99.22949982 68.00000000
v -93.90833282 96.76803589 68.00000000
v -94.03787994 99.15160370 68.00000000
v -94.03787994 99.15160370 68.00000000
v -93.90833282 96.76803589 68.00000000
v -94.16974640 96.87686920 68.00000000
v -94.03787994 99.15160370 68.00000000
v -94.16974640 96.87686920 68.00000000
v -94.28594971 99.01508331 68.00000000
v -94.28594971 99.01508331 68.00000000
v -94.16974640 96.87686920 68.00000000
v -94.40038300 97.04114532 68.00000000
v -94.28594971 99.01508331 68.00000000
v -94.40038300 97.04114532 68.00000000
v -94.49742126 98.82678223 68.00000000
v -94.49742126 98.82678223 68.00000000
v -94.40038300 97.04114532 68.00000000
v -94.58867645 97.25261688 68.00000000
v -94.49742126 98.82678223 68.00000000
v -94.58867645 97.25261688 68.00000000
v -94.66169739 98.59614563 68.00000000
v -94.66169739 98.59614563 68.00000000
v -94.58867645 97.25261688 68.00000000
v -94.72519684 97.50068665 68.00000000
v -94.66169739 98.59614563 68.00000000
v -94.72519684 97.50068665 68.00000000
v -94.77053070 98.33473206 68.00000000
v -94.77053070 98.33473206 68.00000000
v -94.72519684 97.50068665 68.00000000
v -94.80310059 97.77292633 68.00000000
v -94.77053070 98.33473206 68.00000000
v -94.80310059 97.77292633 68.00000000
v -94.81846619 98.05566406 68.00000000
v -91.17331696 95.88774872 93.05132294
v -91.34963989 92.84618378 103.00000000
v -91.17203522 95.90994263 92.70172119
v -91.17203522 95.90994263 92.70172119
v -91.34963989 92.84618378 103.00000000
v -91.34963989 92.84618378 58.00000000
v -91.17203522 95.90994263 92.70172119
v -91.34963989 92.84618378 58.00000000
v -91.16715240 95.99409485 92.36170197
v -91.16715240 95.99409485 92.36170197
v -91.34963989 92.84618378 58.00000000
v -91.15883636 96.13750458 92.04219818
v -91.15883636 96.13750458 92.04219818
v -91.34963989 92.84618378 58.00000000
v -91.14736176 96.33556366 91.75347900
v -91.14736176 96.33556366 91.75347900
v -91.34963989 92.84618378 58.00000000
v -91.13307953 96.58190155 91.50482941
v -91.13307953 96.58190155 91.50482941
v -91.34963989 92.84618378 58.00000000
v -91.11645508 96.86861420 91.30422974
v -91.11645508 96.86861420 91.30422974
v -91.34963989 92.84618378 58.00000000
v -91.09803009 97.18647003 91.15813446
v -91.09803009 97.18647003 91.15813446
v -91.34963989 92.84618378 58.00000000
v -91.07839203 97.52526855 91.07124329
v -91.07839203 97.52526855 91.07124329
v -91.34963989 92.84618378 58.00000000
v -91.05816650 97.87410736 91.04634094
v -91.05816650 97.87410736 91.04634094
v -91.34963989 92.84618378 58.00000000
v -91.03801727 98.22177887 91.08422852
v -91.03801727 98.22177887 91.08422852
v -91.34963989 92.84618378 58.00000000
v -91.01857758 98.55710602 91.18369293
v -91.01857758 98.55710602 91.18369293
v -91.34963989 92.84618378 58.00000000
v -91.00047302 98.86931610 91.34152985
v -91.00047302 98.86931610 91.34152985
v -91.34963989 92.84618378 58.00000000
v -90.98429871 99.14837646 91.55268097
v -90.98429871 99.14837646 91.55268097
v -91.34963989 92.84618378 58.00000000
v -90.19218445 112.81266022 58.00000000
v -90.98429871 99.14837646 91.55268097
v -90.19218445 112.81266022 58.00000000
v -90.97056580 99.38530731 91.81034088
v -90.97056580 99.38530731 91.81034088
v -90.19218445 112.81266022 58.00000000
v -90.95970917 99.57250977 92.10623932
v -90.95970917 99.57250977 92.10623932
v -90.19218445 112.81266022 58.00000000
v -90.95209503 99.70394897 92.43087006
v -90.95209503 99.70394897 92.43087006
v -90.19218445 112.81266022 58.00000000
v -90.19218445 112.81266022 103.00000000
v -90.95209503 99.70394897 92.43087006
v -90.19218445 112.81266022 103.00000000
v -90.94795227 99.77541351 92.77378845
v -90.94795227 99.77541351 92.77378845
v -90.19218445 112.81266022 103.00000000
v -90.94741821 99.78459930 93.12397766
v -90.94741821 99.78459930 93.12397766
v -90.19218445 112.81266022 103.00000000
v -90.95051575 99.73120880 93.47018433
v -90.95051575 99.73120880 93.47018433
v -90.19218445 112.81266022 103.00000000
v -90.95713806 99.61696625 93.80127716
v -90.95713806 99.61696625 93.80127716
v -90.19218445 112.81266022 103.00000000
v -90.96707153 99.44554138 94.10661316
v -90.96707153 99.44554138 94.10661316
v -90.19218445 112.81266022 103.00000000
v -90.98000336 99.22244263 94.37638855
v -90.98000336 99.22244263 94.37638855
v -90.19218445 112.81266022 103.00000000
v -90.99552155 98.95484161 94.60192108
v -90.99552155 98.95484161 94.60192108
v -90.19218445 112.81266022 103.00000000
v -91.34963989 92.84618378 103.00000000
v -90.99552155 98.95484161 94.60192108
v -91.34963989 92.84618378 103.00000000
v -91.01311493 98.65133667 94.77596283
v -91.01311493 98.65133667 94.77596283
v -91.34963989 92.84618378 103.00000000
v -91.03221893 98.32168579 94.89292908
v -91.03221893 98.32168579 94.89292908
v -91.34963989 92.84618378 103.00000000
v -91.05223083 97.97647858 94.94905853
v -91.05223083 97.97647858 94.94905853
v -91.34963989 92.84618378 103.00000000
v -91.07250214 97.62681580 94.94253540
v -91.07250214 97.62681580 94.94253540
v -91.34963989 92.84618378 103.00000000
v -91.09238434 97.28393555 94.87358093
v -91.09238434 97.28393555 94.87358093
v -91.34963989 92.84618378 103.00000000
v -91.11122894 96.95885468 94.74440765
v -91.11122894 96.95885468 94.74440765
v -91.34963989 92.84618378 103.00000000
v -91.12843323 96.66202545 94.55917358
v -91.12843323 96.66202545 94.55917358
v -91.34963989 92.84618378 103.00000000
v -91.14344788 96.40298462 94.32382202
v -91.14344788 96.40298462 94.32382202
v -91.34963989 92.84618378 103.00000000
v -91.15579224 96.19006348 94.04592133
v -91.15579224 96.19006348 94.04592133
v -91.34963989 92.84618378 103.00000000
v -91.16506958 96.03009796 93.73439789
v -91.16506958 96.03009796 93.73439789
v -91.34963989 92.84618378 103.00000000
v -91.17096710 95.92823792 93.39927673
v -91.17096710 95.92823792 93.39927673
v -91.34963989 92.84618378 103.00000000
v -91.17331696 95.88774872 93.05132294
v -101.33287811 93.42491150 58.00000000
v -91.34963989 92.84618378 58.00000000
v -96.34125519 93.13554382 63.00000000
v -96.34125519 93.13554382 63.00000000
v -91.34963989 92.84618378 58.00000000
v -91.34963989 92.84618378 103.00000000
v -96.34125519 93.13554382 63.00000000
v -91.34963989 92.84618378 103.00000000
v -96.34125519 93.13554382 103.00000000
v -96.34125519 93.13554382 63.00000000
v -101.33287811 93.42491150 63.00000000
v -101.33287811 93.42491150 58.00000000
v -96.15877533 96.28345490 92.36170197
v -96.34125519 93.13554382 63.00000000
v -96.16365051 96.19930267 92.70172119
v -96.16365051 96.19930267 92.70172119
v -96.34125519 93.13554382 63.00000000
v -96.34125519 93.13554382 103.00000000
v -96.16365051 96.19930267 92.70172119
v -96.34125519 93.13554382 103.00000000
v -96.16493988 96.17711639 93.05132294
v -96.16493988 96.17711639 93.05132294
v -96.34125519 93.13554382 103.00000000
v -96.16259003 96.21759796 93.39927673
v -96.16259003 96.21759796 93.39927673
v -96.34125519 93.13554382 103.00000000
v -96.15668488 96.31946564 93.73439789
v -96.15668488 96.31946564 93.73439789
v -96.34125519 93.13554382 103.00000000
v -96.14741516 96.47942352 94.04592133
v -96.14741516 96.47942352 94.04592133
v -96.34125519 93.13554382 103.00000000
v -96.13507080 96.69235229 94.32382202
v -96.13507080 96.69235229 94.32382202
v -96.34125519 93.13554382 103.00000000
v -96.12005615 96.95138550 94.55917358
v -96.12005615 96.95138550 94.55917358
v -96.34125519 93.13554382 103.00000000
v -96.10284424 97.24821472 94.74440765
v -96.10284424 97.24821472 94.74440765
v -96.34125519 93.13554382 103.00000000
v -96.08399963 97.57329559 94.87358093
v -96.08399963 97.57329559 94.87358093
v -96.34125519 93.13554382 103.00000000
v -96.06412506 97.91617584 94.94253540
v -96.06412506 97.91617584 94.94253540
v -96.34125519 93.13554382 103.00000000
v -96.04385376 98.26583862 94.94905853
v -96.04385376 98.26583862 94.94905853
v -96.34125519 93.13554382 103.00000000
v -96.02384186 98.61104584 94.89292908
v -96.02384186 98.61104584 94.89292908
v -96.34125519 93.13554382 103.00000000
v -96.00473022 98.94069672 94.77596283
v -96.00473022 98.94069672 94.77596283
v -96.34125519 93.13554382 103.00000000
v -95.98713684 99.24420166 94.60192108
v -95.98713684 99.24420166 94.60192108
v -96.34125519 93.13554382 103.00000000
v -95.18379974 113.10202789 103.00000000
v -95.98713684 99.24420166 94.60192108
v -95.18379974 113.10202789 103.00000000
v -95.97162628 99.51181030 94.37638855
v -95.97162628 99.51181030 94.37638855
v -95.18379974 113.10202789 103.00000000
v -95.95869446 99.73490906 94.10661316
v -95.95869446 99.73490906 94.10661316
v -95.18379974 113.10202789 103.00000000
v -95.94875336 99.90633392 93.80127716
v -95.94875336 99.90633392 93.80127716
v -95.18379974 113.10202789 103.00000000
v -95.94213104 100.02057648 93.47018433
v -95.94213104 100.02057648 93.47018433
v -95.18379974 113.10202789 103.00000000
v -95.93904114 100.07395935 93.12397766
v -95.93904114 100.07395935 93.12397766
v -95.18379974 113.10202789 103.00000000
v -95.93956757 100.06477356 92.77378845
v -95.93956757 100.06477356 92.77378845
v -95.18379974 113.10202789 103.00000000
v -95.94371033 99.99330902 92.43087006
v -95.94371033 99.99330902 92.43087006
v -95.18379974 113.10202789 103.00000000
v -95.18379974 113.10202789 63.00000000
v -95.94371033 99.99330902 92.43087006
v -95.18379974 113.10202789 63.00000000
v -95.95133209 99.86186981 92.10623932
v -95.95133209 99.86186981 92.10623932
v -95.18379974 113.10202789 63.00000000
v -95.96218109 99.67467499 91.81034088
v -95.96218109 99.67467499 91.81034088
v -95.18379974 113.10202789 63.00000000
v -95.97592163 99.43773651 91.55268097
v -95.97592163 99.43773651 91.55268097
v -95.18379974 113.10202789 63.00000000
v -96.34125519 93.13554382 63.00000000
v -95.97592163 99.43773651 91.55268097
v -96.34125519 93.13554382 63.00000000
v -95.99209595 99.15868378 91.34152985
v -95.99209595 99.15868378 91.34152985
v -96.34125519 93.13554382 63.00000000
v -96.01019287 98.84647369 91.18369293
v -96.01019287 98.84647369 91.18369293
v -96.34125519 93.13554382 63.00000000
v -96.02963257 98.51113892 91.08422852
v -96.02963257 98.51113892 91.08422852
v -96.34125519 93.13554382 63.00000000
v -96.04978943 98.16346741 91.04634094
v -96.04978943 98.16346741 91.04634094
v -96.34125519 93.13554382 63.00000000
v -96.07000732 97.81462860 91.07124329
v -96.07000732 97.81462860 91.07124329
v -96.34125519 93.13554382 63.00000000
v -96.08965302 97.47583771 91.15813446
v -96.08965302 97.47583771 91.15813446
v -96.34125519 93.13554382 63.00000000
v -96.10807800 97.15797424 91.30422974
v -96.10807800 97.15797424 91.30422974
v -96.34125519 93.13554382 63.00000000
v -96.12469482 96.87126923 91.50482941
v -96.12469482 96.87126923 91.50482941
v -96.34125519 93.13554382 63.00000000
v -96.13897705 96.62492371 91.75347900
v -96.13897705 96.62492371 91.75347900
v -96.34125519 93.13554382 63.00000000
v -96.15045929 96.42686462 92.04219818
v -96.15045929 96.42686462 92.04219818
v -96.34125519 93.13554382 63.00000000
v -96.15877533 96.28345490 92.36170197
v -95.18379974 113.10202789 103.00000000
v -90.19218445 112.81266022 103.00000000
v -95.18379974 113.10202789 63.00000000
v -95.18379974 113.10202789 63.00000000
v -90.19218445 112.81266022 103.00000000
v -90.19218445 112.81266022 58.00000000
v -95.18379974 113.10202789 63.00000000
v -90.19218445 112.81266022 58.00000000
v -100.17542267 113.39138794 58.00000000
v -100.17542267 113.39138794 58.00000000
v -100.17542267 113.39138794 63.00000000
v -95.18379974 113.10202789 63.00000000
v -95.18379974 113.10202789 103.00000000
v -96.34125519 93.13554382 103.00000000
v -90.19218445 112.81266022 103.00000000
v -90.19218445 112.81266022 103.00000000
v -96.34125519 93.13554382 103.00000000
v -91.34963989 92.84618378 103.00000000
f 1 2 3
f 4 5 6
f 7 8 9
f 10 11 12
f 13 14 15
f 16 17 18
f 19 20 21
f 22 23 24
f 25 26 27
f 28 29 30
f 31 32 33
f 34 35 36
f 37 38 39
f 40 41 42
f 43 44 45
f 46 47 48
f 49 50 51
f 52 53 54
f 55 56 57
f 58 59 60
f 61 62 63
f 64 65 66
f 67 68 69
f 70 71 72
f 73 74 75
f 76 77 78
f 79 80 81
f 82 83 84
f 85 86 87
f 88 89 90
f 91 92 93
f 94 95 96
f 97 98 99
f 100 101 102
f 103 104 105
f 106 107 108
f 109 110 111
f 112 113 114
f 115 116 117
f 118 119 120
f 121 122 123
f 124 125 126
f 127 128 129
f 130 131 132
f 133 134 135
f 136 137 138
f 139 140 141
f 142 143 144
f 145 146 147
f 148 149 150
f 151 152 153
f 154 155 156
f 157 158 159
f 160 161 162
f 163 164 165
f 166 167 168
f 169 170 171
f 172 173 174
f 175 176 177
f 178 179 180
f 181 182 183
f 184 185 186
f 187 188 189
f 190 191 192
f 193 194 195
f 196 197 198
f 199 200 201
f 202 203 204
f 205 206 207
f 208 209 210
f 211 212 213
f 214 215 216
f 217 218 219
f 220 221 222
f 223 224 225
f 226 227 228
f 229 230 231
f 232 233 234
f 235 236 237
f 238 239 240
f 241 242 243
f 244 245 246
f 247 248 249
f 250 251 252
f 253 254 255
f 256 257 258
f 259 260 261
f 262 263 264
f 265 266 267
f 268 269 270
f 271 272 273
f 274 275 276
f 277 278 279
f 280 281 282
f 283 284 285
f 286 287 288
f 289 290 291
f 292 293 294
f 295 296 297
f 298 299 300
f 301 302 303
f 304 305 306
f 307 308 309
f 310 311 312
f 313 314 315
f 316 317 318
f 319 320 321
f 322 323 324
f 325 326 327
f 328 329 330
f 331 332 333
f 334 335 336
f 337 338 339
f 340 341 342
f 343 344 345
f 346 347 348
f 349 350 351
f 352 353 354
f 355 356 357
f 358 359 360
f 361 362 363
f 364 365 366
f 367 368 369
f 370 371 372
f 373 374 375
f 376 377 378
f 379 380 381
f 382 383 384
f 385 386 387
f 388 389 390
f 391 392 393
f 394 395 396
f 397 398 399
f 400 401 402
f 403 404 405
f 406 407 408
f 409 410 411
f 412 413 414
f 415 416 417
f 418 419 420
f 421 422 423
f 424 425 426
f 427 428 429
f 430 431 432
f 433 434 435
f 436 437 438
f 439 440 441
f 442 443 444
f 445 446 447
f 448 449 450
f 451 452 453
f 454 455 456
f 457 458 459
f 460 461 462
f 463 464 465
f 466 467 468
f 469 470 471
f 472 473 474
f 475 476 477
f 478 479 480
f 481 482 483
f 484 485 486
f 487 488 489
f 490 491 492
f 493 494 495
f 496 497 498
f 499 500 501
f 502 503 504
f 505 506 507
f 508 509 510
f 511 512 513
f 514 515 516
f 517 518 519
f 520 521 522
f 523 524 525
f 526 527 528
f 529 530 531
f 532 533 534
f 535 536 537
f 538 539 540
f 541 542 543
f 544 545 546
f 547 548 549
f 550 551 552
f 553 554 555
f 556 557 558
f 559 560 561
f 562 563 564
f 565 566 567
f 568 569 570
f 571 572 573
f 574 575 576
f 577 578 579
f 580 581 582
f 583 584 585
f 586 587 588
f 589 590 591
f 592 593 594
f 595 596 597
f 598 599 600
f 601 602 603
f 604 605 606
f 607 608 609
f 610 611 612
f 613 614 615
f 616 617 618
f 619 620 621
f 622 623 624
f 625 626 627
f 628 629 630
f 631 632 633
f 634 635 636
f 637 638 639
f 640 641 642
f 643 644 645
f 646 647 648
f 649 650 651
f 652 653 654
f 655 656 657
f 658 659 660
f 661 662 663
f 664 665 666
f 667 668 669
f 670 671 672
f 673 674 675
f 676 677 678
f 679 680 681
f 682 683 684
f 685 686 687
f 688 689 690
f 691 692 693
f 694 695 696
f 697 698 699
f 700 701 702
f 703 704 705
f 706 707 708
f 709 710 711
f 712 713 714
f 715 716 717
f 718 719 720
f 721 722 723
f 724 725 726
f 727 728 729
f 730 731 732
f 733 734 735
f 736 737 738
f 739 740 741
f 742 743 744
f 745 746 747
f 748 749 750
f 751 752 753
f 754 755 756
f 757 758 759
f 760 761 762
f 763 764 765
f 766 767 768
f 769 770 771
f 772 773 774
f 775 776 777
f 778 779 780
f 781 782 783
f 784 785 786
f 787 788 789
f 790 791 792
f 793 794 795
f 796 797 798
f 799 800 801
f 802 803 804
f 805 806 807
f 808 809 810
f 811 812 813
f 814 815 816
f 817 818 819
f 820 821 822
f 823 824 825
f 826 827 828
f 829 830 831
f 832 833 834
f 835 836 837
f 838 839 840
f 841 842 843
f 844 845 846
f 847 848 849
f 850 851 852
f 853 854 855
f 856 857 858
f 859 860 861
f 862 863 864
f 865 866 867
f 868 869 870
f 871 872 873
f 874 875 876
f 877 878 879
f 880 881 882
f 883 884 885
f 886 887 888
f 889 890 891
f 892 893 894
f 895 896 897
f 898 899 900
f 901 902 903
f 904 905 906
f 907 908 909
f 910 911 912
f 913 914 915
f 916 917 918
f 919 920 921
f 922 923 924
f 925 926 927
f 928 929 930
f 931 932 933
f 934 935 936
f 937 938 939
f 940 941 942
f 943 944 945
f 946 947 948
f 949 950 951
f 952 953 954
f 955 956 957
f 958 959 960
f 961 962 963
f 964 965 966
f 967 968 969
f 970 971 972
f 973 974 975
f 976 977 978
f 979 980 981
f 982 983 984
f 985 986 987
f 988 989 990
f 991 992 993
f 994 995 996
f 997 998 999
f 1000 1001 1002
f 1003 1004 1005
f 1006 1007 1008
f 1009 1010 1011
f 1012 1013 1014
f 1015 1016 1017
f 1018 1019 1020
f 1021 1022 1023
f 1024 1025 1026
f 1027 1028 1029
f 1030 1031 1032
f 1033 1034 1035
f 1036 1037 1038
f 1039 1040 1041
f 1042 1043 1044
f 1045 1046 1047
f 1048 1049 1050
f 1051 1052 1053
f 1054 1055 1056
f 1057 1058 1059
f 1060 1061 1062
f 1063 1064 1065
f 1066 1067 1068
f 1069 1070 1071
f 1072 1073 1074
f 1075 1076 1077
f 1078 1079 1080
f 1081 1082 1083
f 1084 1085 1086
f 1087 1088 1089
f 1090 1091 1092
f 1093 1094 1095
f 1096 1097 1098
f 1099 1100 1101
f 1102 1103 1104
f 1105 1106 1107
f 1108 1109 1110
f 1111 1112 1113
f 1114 1115 1116
f 1117 1118 1119
f 1120 1121 1122
f 1123 1124 1125
f 1126 1127 1128
f 1129 1130 1131
f 1132 1133 1134
f 1135 1136 1137
f 1138 1139 1140
f 1141 1142 1143
f 1144 1145 1146
f 1147 1148 1149
f 1150 1151 1152
f 1153 1154 1155
f 1156 1157 1158
f 1159 1160 1161
f 1162 1163 1164
f 1165 1166 1167
f 1168 1169 1170
f 1171 1172 1173
f 1174 1175 1176
f 1177 1178 1179
f 1180 1181 1182
f 1183 1184 1185
f 1186 1187 1188
f 1189 1190 1191
f 1192 1193 1194
f 1195 1196 1197
f 1198 1199 1200
f 1201 1202 1203
f 1204 1205 1206
f 1207 1208 1209
f 1210 1211 1212
f 1213 1214 1215
f 1216 1217 1218
f 1219 1220 1221
f 1222 1223 1224
f 1225 1226 1227
f 1228 1229 1230
f 1231 1232 1233
f 1234 1235 1236
f 1237 1238 1239
f 1240 1241 1242
f 1243 1244 1245
f 1246 1247 1248
f 1249 1250 1251
f 1252 1253 1254
f 1255 1256 1257
f 1258 1259 1260
f 1261 1262 1263
f 1264 1265 1266
f 1267 1268 1269
f 1270 1271 1272
f 1273 1274 1275
f 1276 1277 1278
f 1279 1280 1281
f 1282 1283 1284
f 1285 1286 1287
f 1288 1289 1290
f 1291 1292 1293
f 1294 1295 1296
f 1297 1298 1299
f 1300 1301 1302
f 1303 1304 1305
f 1306 1307 1308
f 1309 1310 1311
f 1312 1313 1314
f 1315 1316 1317
f 1318 1319 1320
f 1321 1322 1323
f 1324 1325 1326
f 1327 1328 1329
f 1330 1331 1332
f 1333 1334 1335
f 1336 1337 1338
f 1339 1340 1341
f 1342 1343 1344
f 1345 1346 1347
f 1348 1349 1350
f 1351 1352 1353
f 1354 1355 1356
f 1357 1358 1359
f 1360 1361 1362
f 1363 1364 1365
f 1366 1367 1368
f 1369 1370 1371
f 1372 1373 1374
f 1375 1376 1377
f 1378 1379 1380
f 1381 1382 1383
f 1384 1385 1386
f 1387 1388 1389
f 1390 1391 1392
f 1393 1394 1395
f 1396 1397 1398
f 1399 1400 1401
f 1402 1403 1404
f 1405 1406 1407
f 1408 1409 1410
f 1411 1412 1413
f 1414 1415 1416
f 1417 1418 1419
f 1420 1421 1422
f 1423 1424 1425
f 1426 1427 1428
f 1429 1430 1431
f 1432 1433 1434
f 1435 1436 1437
f 1438 1439 1440
f 1441 1442 1443
f 1444 1445 1446
f 1447 1448 1449
f 1450 1451 1452
f 1453 1454 1455
f 1456 1457 1458
f 1459 1460 1461
f 1462 1463 1464
f 1465 1466 1467
f 1468 1469 1470
f 1471 1472 1473
f 1474 1475 1476
f 1477 1478 1479
f 1480 1481 1482
f 1483 1484 1485
f 1486 1487 1488
f 1489 1490 1491
f 1492 1493 1494
f 1495 1496 1497
f 1498 1499 1500
f 1501 1502 1503
f 1504 1505 1506
f 1507 1508 1509
f 1510 1511 1512
f 1513 1514 1515
f 1516 1517 1518
f 1519 1520 1521
f 1522 1523 1524
f 1525 1526 1527
f 1528 1529 1530
f 1531 1532 1533
f 1534 1535 1536
f 1537 1538 1539
f 1540 1541 1542
f 1543 1544 1545
f 1546 1547 1548
f 1549 1550 1551
f 1552 1553 1554
f 1555 1556 1557
f 1558 1559 1560
f 1561 1562 1563
f 1564 1565 1566
f 1567 1568 1569
f 1570 1571 1572
f 1573 1574 1575
f 1576 1577 1578
f 1579 1580 1581
f 1582 1583 1584
f 1585 1586 1587
f 1588 1589 1590
f 1591 1592 1593
f 1594 1595 1596
f 1597 1598 1599
f 1600 1601 1602
f 1603 1604 1605
f 1606 1607 1608
f 1609 1610 1611
f 1612 1613 1614
f 1615 1616 1617
f 1618 1619 1620
f 1621 1622 1623
f 1624 1625 1626
f 1627 1628 1629
f 1630 1631 1632
f 1633 1634 1635
f 1636 1637 1638
f 1639 1640 1641
f 1642 1643 1644
f 1645 1646 1647
f 1648 1649 1650
f 1651 1652 1653
f 1654 1655 1656
f 1657 1658 1659
f 1660 1661 1662
f 1663 1664 1665
f 1666 1667 1668
f 1669 1670 1671
f 1672 1673 1674
f 1675 1676 1677
f 1678 1679 1680
f 1681 1682 1683
f 1684 1685 1686
f 1687 1688 1689
f 1690 1691 1692
f 1693 1694 1695
f 1696 1697 1698
f 1699 1700 1701
f 1702 1703 1704
f 1705 1706 1707
f 1708 1709 1710
f 1711 1712 1713
f 1714 1715 1716
f 1717 1718 1719
f 1720 1721 1722
f 1723 1724 1725
f 1726 1727 1728
f 1729 1730 1731
f 1732 1733 1734
f 1735 1736 1737
f 1738 1739 1740
f 1741 1742 1743
f 1744 1745 1746
f 1747 1748 1749
f 1750 1751 1752
f 1753 1754 1755
f 1756 1757 1758
f 1759 1760 1761
f 1762 1763 1764
f 1765 1766 1767
f 1768 1769 1770
f 1771 1772 1773
f 1774 1775 1776
f 1777 1778 1779
f 1780 1781 1782
f 1783 1784 1785
f 1786 1787 1788
f 1789 1790 1791
f 1792 1793 1794
f 1795 1796 1797
f 1798 1799 1800
f 1801 1802 1803
f 1804 1805 1806
f 1807 1808 1809
f 1810 1811 1812
f 1813 1814 1815
f 1816 1817 1818
f 1819 1820 1821
f 1822 1823 1824
f 1825 1826 1827
f 1828 1829 1830
f 1831 1832 1833
f 1834 1835 1836
f 1837 1838 1839
f 1840 1841 1842
f 1843 1844 1845
f 1846 1847 1848
f 1849 1850 1851
f 1852 1853 1854
f 1855 1856 1857
f 1858 1859 1860
f 1861 1862 1863
f 1864 1865 1866
f 1867 1868 1869
f 1870 1871 1872
f 1873 1874 1875
f 1876 1877 1878
f 1879 1880 1881
f 1882 1883 1884
f 1885 1886 1887
f 1888 1889 1890
f 1891 1892 1893
f 1894 1895 1896
f 1897 1898 1899
f 1900 1901 1902
f 1903 1904 1905
f 1906 1907 1908
f 1909 1910 1911
f 1912 1913 1914
f 1915 1916 1917
f 1918 1919 1920
f 1921 1922 1923
f 1924 1925 1926
f 1927 1928 1929
f 1930 1931 1932
f 1933 1934 1935
f 1936 1937 1938
f 1939 1940 1941
f 1942 1943 1944
f 1945 1946 1947
f 1948 1949 1950
f 1951 1952 1953
f 1954 1955 1956
f 1957 1958 1959
f 1960 1961 1962
f 1963 1964 1965
f 1966 1967 1968
f 1969 1970 1971
f 1972 1973 1974
f 1975 1976 1977
f 1978 1979 1980
f 1981 1982 1983
f 1984 1985 1986
f 1987 1988 1989
f 1990 1991 1992
f 1993 1994 1995
f 1996 1997 1998
f 1999 2000 2001
f 2002 2003 2004
f 2005 2006 2007
f 2008 2009 2010
f 2011 2012 2013
f 2014 2015 2016
f 2017 2018 2019
f 2020 2021 2022
f 2023 2024 2025
f 2026 2027 2028
f 2029 2030 2031
f 2032 2033 2034
f 2035 2036 2037
f 2038 2039 2040
f 2041 2042 2043
f 2044 2045 2046
f 2047 2048 2049
f 2050 2051 2052
f 2053 2054 2055
f 2056 2057 2058
f 2059 2060 2061
f 2062 2063 2064
f 2065 2066 2067
f 2068 2069 2070
f 2071 2072 2073
f 2074 2075 2076
f 2077 2078 2079
f 2080 2081 2082
f 2083 2084 2085
f 2086 2087 2088
f 2089 2090 2091
f 2092 2093 2094
f 2095 2096 2097
f 2098 2099 2100
f 2101 2102 2103
f 2104 2105 2106
f 2107 2108 2109
f 2110 2111 2112
f 2113 2114 2115
f 2116 2117 2118
f 2119 2120 2121
f 2122 2123 2124
f 2125 2126 2127
f 2128 2129 2130
f 2131 2132 2133
f 2134 2135 2136
f 2137 2138 2139
f 2140 2141 2142
f 2143 2144 2145
f 2146 2147 2148
f 2149 2150 2151
f 2152 2153 2154
f 2155 2156 2157
f 2158 2159 2160
f 2161 2162 2163
f 2164 2165 2166
f 2167 2168 2169
f 2170 2171 2172
f 2173 2174 2175
f 2176 2177 2178
f 2179 2180 2181
f 2182 2183 2184
f 2185 2186 2187
f 2188 2189 2190
f 2191 2192 2193
f 2194 2195 2196
f 2197 2198 2199
f 2200 2201 2202
f 2203 2204 2205
f 2206 2207 2208
f 2209 2210 2211
f 2212 2213 2214
f 2215 2216 2217
f 2218 2219 2220
f 2221 2222 2223
f 2224 2225 2226
f 2227 2228 2229
f 2230 2231 2232
f 2233 2234 2235
f 2236 2237 2238
f 2239 2240 2241
f 2242 2243 2244
f 2245 2246 2247
f 2248 2249 2250
f 2251 2252 2253
f 2254 2255 2256
f 2257 2258 2259
f 2260 2261 2262
f 2263 2264 2265
f 2266 2267 2268
f 2269 2270 2271
f 2272 2273 2274
f 2275 2276 2277
f 2278 2279 2280
f 2281 2282 2283
f 2284 2285 2286
f 2287 2288 2289
f 2290 2291 2292
f 2293 2294 2295
f 2296 2297 2298
f 2299 2300 2301
f 2302 2303 2304
f 2305 2306 2307
f 2308 2309 2310
f 2311 2312 2313
f 2314 2315 2316
f 2317 2318 2319
f 2320 2321 2322
f 2323 2324 2325
f 2326 2327 2328
f 2329 2330 2331
f 2332 2333 2334
f 2335 2336 2337
f 2338 2339 2340
f 2341 2342 2343
f 2344 2345 2346
f 2347 2348 2349
f 2350 2351 2352
f 2353 2354 2355
f 2356 2357 2358
f 2359 2360 2361
f 2362 2363 2364
f 2365 2366 2367
f 2368 2369 2370
f 2371 2372 2373
f 2374 2375 2376
f 2377 2378 2379
f 2380 2381 2382
f 2383 2384 2385
f 2386 2387 2388
f 2389 2390 2391
f 2392 2393 2394
f 2395 2396 2397
f 2398 2399 2400
f 2401 2402 2403
f 2404 2405 2406
f 2407 2408 2409
f 2410 2411 2412
f 2413 2414 2415
f 2416 2417 2418
f 2419 2420 2421
f 2422 2423 2424
f 2425 2426 2427
f 2428 2429 2430
f 2431 2432 2433
f 2434 2435 2436
f 2437 2438 2439
f 2440 2441 2442
f 2443 2444 2445
f 2446 2447 2448
f 2449 2450 2451
f 2452 2453 2454
f 2455 2456 2457
f 2458 2459 2460
f 2461 2462 2463
f 2464 2465 2466
f 2467 2468 2469
f 2470 2471 2472
f 2473 2474 2475
f 2476 2477 2478
f 2479 2480 2481
f 2482 2483 2484
f 2485 2486 2487
f 2488 2489 2490
f 2491 2492 2493
f 2494 2495 2496
f 2497 2498 2499
f 2500 2501 2502
f 2503 2504 2505
f 2506 2507 2508
f 2509 2510 2511
f 2512 2513 2514
f 2515 2516 2517
f 2518 2519 2520
f 2521 2522 2523
f 2524 2525 2526
f 2527 2528 2529
f 2530 2531 2532
f 2533 2534 2535
f 2536 2537 2538
f 2539 2540 2541
f 2542 2543 2544
f 2545 2546 2547
f 2548 2549 2550
f 2551 2552 2553
f 2554 2555 2556
f 2557 2558 2559
f 2560 2561 2562
f 2563 2564 2565
f 2566 2567 2568
f 2569 2570 2571
f 2572 2573 2574
f 2575 2576 2577
f 2578 2579 2580
f 2581 2582 2583
f 2584 2585 2586
f 2587 2588 2589
f 2590 2591 2592
f 2593 2594 2595
f 2596 2597 2598
f 2599 2600 2601
f 2602 2603 2604
f 2605 2606 2607
f 2608 2609 2610
f 2611 2612 2613
f 2614 2615 2616
f 2617 2618 2619
f 2620 2621 2622
f 2623 2624 2625
f 2626 2627 2628
f 2629 2630 2631
f 2632 2633 2634
f 2635 2636 2637
f 2638 2639 2640
f 2641 2642 2643
f 2644 2645 2646
f 2647 2648 2649
f 2650 2651 2652
f 2653 2654 2655
f 2656 2657 2658
f 2659 2660 2661
f 2662 2663 2664
f 2665 2666 2667
f 2668 2669 2670
f 2671 2672 2673
f 2674 2675 2676
f 2677 2678 2679
f 2680 2681 2682
f 2683 2684 2685
f 2686 2687 2688
f 2689 2690 2691
f 2692 2693 2694
f 2695 2696 2697
f 2698 2699 2700
f 2701 2702 2703
f 2704 2705 2706
f 2707 2708 2709
f 2710 2711 2712
f 2713 2714 2715
f 2716 2717 2718
f 2719 2720 2721
f 2722 2723 2724
f 2725 2726 2727
f 2728 2729 2730
f 2731 2732 2733
f 2734 2735 2736
f 2737 2738 2739
f 2740 2741 2742
f 2743 2744 2745
f 2746 2747 2748
f 2749 2750 2751
f 2752 2753 2754
f 2755 2756 2757
f 2758 2759 2760
f 2761 2762 2763
f 2764 2765 2766
f 2767 2768 2769
f 2770 2771 2772
f 2773 2774 2775
f 2776 2777 2778
f 2779 2780 2781
f 2782 2783 2784
f 2785 2786 2787
f 2788 2789 2790
f 2791 2792 2793
f 2794 2795 2796
f 2797 2798 2799
f 2800 2801 2802
f 2803 2804 2805
f 2806 2807 2808
f 2809 2810 2811
f 2812 2813 2814
f 2815 2816 2817
f 2818 2819 2820
f 2821 2822 2823
f 2824 2825 2826
f 2827 2828 2829
f 2830 2831 2832
f 2833 2834 2835
f 2836 2837 2838
f 2839 2840 2841
f 2842 2843 2844
f 2845 2846 2847
f 2848 2849 2850
f 2851 2852 2853
f 2854 2855 2856
f 2857 2858 2859
f 2860 2861 2862
f 2863 2864 2865
f 2866 2867 2868
f 2869 2870 2871
f 2872 2873 2874
f 2875 2876 2877
f 2878 2879 2880
f 2881 2882 2883
f 2884 2885 2886
f 2887 2888 2889
f 2890 2891 2892
f 2893 2894 2895
f 2896 2897 2898
f 2899 2900 2901
f 2902 2903 2904
f 2905 2906 2907
f 2908 2909 2910
f 2911 2912 2913
f 2914 2915 2916
f 2917 2918 2919
f 2920 2921 2922
f 2923 2924 2925
f 2926 2927 2928
f 2929 2930 2931
f 2932 2933 2934
f 2935 2936 2937
f 2938 2939 2940
f 2941 2942 2943
f 2944 2945 2946
f 2947 2948 2949
f 2950 2951 2952
f 2953 2954 2955
f 2956 2957 2958
f 2959 2960 2961
f 2962 2963 2964
f 2965 2966 2967
f 2968 2969 2970
f 2971 2972 2973
f 2974 2975 2976
f 2977 2978 2979
f 2980 2981 2982
f 2983 2984 2985
f 2986 2987 2988
f 2989 2990 2991
f 2992 2993 2994
f 2995 2996 2997
f 2998 2999 3000
f 3001 3002 3003
f 3004 3005 3006
f 3007 3008 3009
f 3010 3011 3012
f 3013 3014 3015
f 3016 3017 3018
f 3019 3020 3021
f 3022 3023 3024
f 3025 3026 3027
f 3028 3029 3030
f 3031 3032 3033
f 3034 3035 3036
f 3037 3038 3039
f 3040 3041 3042
f 3043 3044 3045
f 3046 3047 3048
f 3049 3050 3051
f 3052 3053 3054
f 3055 3056 3057
f 3058 3059 3060
f 3061 3062 3063
f 3064 3065 3066
f 3067 3068 3069
f 3070 3071 3072
f 3073 3074 3075
f 3076 3077 3078
f 3079 3080 3081
f 3082 3083 3084
f 3085 3086 3087
f 3088 3089 3090
f 3091 3092 3093
f 3094 3095 3096
f 3097 3098 3099
f 3100 3101 3102
f 3103 3104 3105
f 3106 3107 3108
f 3109 3110 3111
f 3112 3113 3114
f 3115 3116 3117
f 3118 3119 3120
f 3121 3122 3123
f 3124 3125 3126
f 3127 3128 3129
f 3130 3131 3132
f 3133 3134 3135
f 3136 3137 3138
f 3139 3140 3141
f 3142 3143 3144
f 3145 3146 3147
f 3148 3149 3150
f 3151 3152 3153
f 3154 3155 3156
f 3157 3158 3159
f 3160 3161 3162
f 3163 3164 3165
f 3166 3167 3168
f 3169 3170 3171
f 3172 3173 3174
f 3175 3176 3177
f 3178 3179 3180
f 3181 3182 3183
f 3184 3185 3186
f 3187 3188 3189
f 3190 3191 3192
f 3193 3194 3195
f 3196 3197 3198
f 3199 3200 3201
f 3202 3203 3204
f 3205 3206 3207
f 3208 3209 3210
f 3211 3212 3213
f 3214 3215 3216
f 3217 3218 3219
f 3220 3221 3222
f 3223 3224 3225
f 3226 3227 3228
f 3229 3230 3231
f 3232 3233 3234
f 3235 3236 3237
f 3238 3239 3240
f 3241 3242 3243
f 3244 3245 3246
f 3247 3248 3249
f 3250 3251 3252
f 3253 3254 3255
f 3256 3257 3258
f 3259 3260 3261
f 3262 3263 3264
f 3265 3266 3267
f 3268 3269 3270
f 3271 3272 3273
f 3274 3275 3276
f 3277 3278 3279
f 3280 3281 3282
f 3283 3284 3285
f 3286 3287 3288
f 3289 3290 3291
f 3292 3293 3294
f 3295 3296 3297
f 3298 3299 3300
f 3301 3302 3303
f 3304 3305 3306
f 3307 3308 3309
f 3310 3311 3312
f 3313 3314 3315
f 3316 3317 3318
f 3319 3320 3321
f 3322 3323 3324
f 3325 3326 3327
f 3328 3329 3330
f 3331 3332 3333
f 3334 3335 3336
f 3337 3338 3339
f 3340 3341 3342
f 3343 3344 3345
f 3346 3347 3348
f 3349 3350 3351
f 3352 3353 3354
f 3355 3356 3357
f 3358 3359 3360
f 3361 3362 3363
f 3364 3365 3366
f 3367 3368 3369
f 3370 3371 3372
f 3373 3374 3375
f 3376 3377 3378
f 3379 3380 3381
f 3382 3383 3384
f 3385 3386 3387
f 3388 3389 3390
f 3391 3392 3393
f 3394 3395 3396
f 3397 3398 3399
f 3400 3401 3402
f 3403 3404 3405
f 3406 3407 3408
f 3409 3410 3411
f 3412 3413 3414
f 3415 3416 3417
f 3418 3419 3420
f 3421 3422 3423
f 3424 3425 3426
f 3427 3428 3429
f 3430 3431 3432
f 3433 3434 3435
f 3436 3437 3438
f 3439 3440 3441
f 3442 3443 3444
f 3445 3446 3447
f 3448 3449 3450
f 3451 3452 3453
f 3454 3455 3456
f 3457 3458 3459
f 3460 3461 3462
f 3463 3464 3465
f 3466 3467 3468
f 3469 3470 3471
f 3472 3473 3474
f 3475 3476 3477
f 3478 3479 3480
f 3481 3482 3483
f 3484 3485 3486
f 3487 3488 3489
f 3490 3491 3492
f 3493 3494 3495
f 3496 3497 3498
f 3499 3500 3501
f 3502 3503 3504
f 3505 3506 3507
f 3508 3509 3510
f 3511 3512 3513
f 3514 3515 3516
f 3517 3518 3519
f 3520 3521 3522
f 3523 3524 3525
f 3526 3527 3528
f 3529 3530 3531
f 3532 3533 3534
f 3535 3536 3537
f 3538 3539 3540
f 3541 3542 3543
f 3544 3545 3546
f 3547 3548 3549
f 3550 3551 3552
f 3553 3554 3555
f 3556 3557 3558
f 3559 3560 3561
f 3562 3563 3564
f 3565 3566 3567
f 3568 3569 3570
f 3571 3572 3573
f 3574 3575 3576
f 3577 3578 3579
f 3580 3581 3582
f 3583 3584 3585
f 3586 3587 3588
f 3589 3590 3591
f 3592 3593 3594
f 3595 3596 3597
f 3598 3599 3600
f 3601 3602 3603
f 3604 3605 3606
f 3607 3608 3609
f 3610 3611 3612
f 3613 3614 3615
f 3616 3617 3618
f 3619 3620 3621
f 3622 3623 3624
f 3625 3626 3627
f 3628 3629 3630
f 3631 3632 3633
f 3634 3635 3636
f 3637 3638 3639
f 3640 3641 3642
f 3643 3644 3645
f 3646 3647 3648
f 3649 3650 3651
f 3652 3653 3654
f 3655 3656 3657
f 3658 3659 3660
f 3661 3662 3663
f 3664 3665 3666
f 3667 3668 3669
f 3670 3671 3672
f 3673 3674 3675
f 3676 3677 3678
f 3679 3680 3681
f 3682 3683 3684
f 3685 3686 3687
f 3688 3689 3690
f 3691 3692 3693
f 3694 3695 3696
f 3697 3698 3699
f 3700 3701 3702
f 3703 3704 3705
f 3706 3707 3708
f 3709 3710 3711
f 3712 3713 3714
f 3715 3716 3717
f 3718 3719 3720
f 3721 3722 3723
f 3724 3725 3726
f 3727 3728 3729
f 3730 3731 3732
f 3733 3734 3735
f 3736 3737 3738
f 3739 3740 3741
f 3742 3743 3744
f 3745 3746 3747
f 3748 3749 3750
f 3751 3752 3753
f 3754 3755 3756
f 3757 3758 3759
f 3760 3761 3762
f 3763 3764 3765
f 3766 3767 3768
f 3769 3770 3771
f 3772 3773 3774
f 3775 3776 3777
f 3778 3779 3780
f 3781 3782 3783
f 3784 3785 3786
f 3787 3788 3789
f 3790 3791 3792
f 3793 3794 3795
f 3796 3797 3798
f 3799 3800 3801
f 3802 3803 3804
f 3805 3806 3807
f 3808 3809 3810
f 3811 3812 3813
f 3814 3815 3816
f 3817 3818 3819
f 3820 3821 3822
f 3823 3824 3825
f 3826 3827 3828
f 3829 3830 3831
f 3832 3833 3834
f 3835 3836 3837
f 3838 3839 3840
f 3841 3842 3843
f 3844 3845 3846
f 3847 3848 3849
f 3850 3851 3852
f 3853 3854 3855
f 3856 3857 3858
f 3859 3860 3861
f 3862 3863 3864
f 3865 3866 3867
f 3868 3869 3870
f 3871 3872 3873
f 3874 3875 3876
f 3877 3878 3879
f 3880 3881 3882
f 3883 3884 3885
f 3886 3887 3888
f 3889 3890 3891
f 3892 3893 3894
f 3895 3896 3897
f 3898 3899 3900
f 3901 3902 3903
f 3904 3905 3906
f 3907 3908 3909
f 3910 3911 3912
f 3913 3914 3915
f 3916 3917 3918
f 3919 3920 3921
f 3922 3923 3924
f 3925 3926 3927
f 3928 3929 3930
f 3931 3932 3933
f 3934 3935 3936
f 3937 3938 3939
f 3940 3941 3942
f 3943 3944 3945
f 3946 3947 3948
f 3949 3950 3951
f 3952 3953 3954
f 3955 3956 3957
f 3958 3959 3960
f 3961 3962 3963
f 3964 3965 3966
f 3967 3968 3969
f 3970 3971 3972
f 3973 3974 3975
f 3976 3977 3978
f 3979 3980 3981
f 3982 3983 3984
f 3985 3986 3987
f 3988 3989 3990
f 3991 3992 3993
f 3994 3995 3996
f 3997 3998 3999
f 4000 4001 4002
f 4003 4004 4005
f 4006 4007 4008
f 4009 4010 4011
f 4012 4013 4014
f 4015 4016 4017
f 4018 4019 4020
f 4021 4022 4023
f 4024 4025 4026
f 4027 4028 4029
f 4030 4031 4032
f 4033 4034 4035
f 4036 4037 4038
f 4039 4040 4041
f 4042 4043 4044
f 4045 4046 4047
f 4048 4049 4050
f 4051 4052 4053
f 4054 4055 4056
f 4057 4058 4059
f 4060 4061 4062
f 4063 4064 4065
f 4066 4067 4068
f 4069 4070 4071
f 4072 4073 4074
f 4075 4076 4077
f 4078 4079 4080
f 4081 4082 4083
f 4084 4085 4086
f 4087 4088 4089
f 4090 4091 4092
f 4093 4094 4095
f 4096 4097 4098
f 4099 4100 4101
f 4102 4103 4104
f 4105 4106 4107
f 4108 4109 4110
f 4111 4112 4113
f 4114 4115 4116
f 4117 4118 4119
f 4120 4121 4122
f 4123 4124 4125
f 4126 4127 4128
f 4129 4130 4131
f 4132 4133 4134
f 4135 4136 4137
f 4138 4139 4140
f 4141 4142 4143
f 4144 4145 4146
f 4147 4148 4149
f 4150 4151 4152
f 4153 4154 4155
f 4156 4157 4158
f 4159 4160 4161
f 4162 4163 4164
f 4165 4166 4167
f 4168 4169 4170
f 4171 4172 4173
f 4174 4175 4176
f 4177 4178 4179
f 4180 4181 4182
f 4183 4184 4185
f 4186 4187 4188
f 4189 4190 4191
f 4192 4193 4194
f 4195 4196 4197
f 4198 4199 4200
f 4201 4202 4203
f 4204 4205 4206
f 4207 4208 4209
f 4210 4211 4212
f 4213 4214 4215
f 4216 4217 4218
f 4219 4220 4221
f 4222 4223 4224
f 4225 4226 4227
f 4228 4229 4230
f 4231 4232 4233
f 4234 4235 4236
f 4237 4238 4239
f 4240 4241 4242
f 4243 4244 4245
f 4246 4247 4248
f 4249 4250 4251
f 4252 4253 4254
f 4255 4256 4257
f 4258 4259 4260
f 4261 4262 4263
f 4264 4265 4266
f 4267 4268 4269
f 4270 4271 4272
f 4273 4274 4275
f 4276 4277 4278
f 4279 4280 4281
f 4282 4283 4284
f 4285 4286 4287
f 4288 4289 4290
f 4291 4292 4293
f 4294 4295 4296
f 4297 4298 4299
f 4300 4301 4302
f 4303 4304 4305
f 4306 4307 4308
f 4309 4310 4311
f 4312 4313 4314
f 4315 4316 4317
f 4318 4319 4320
f 4321 4322 4323
f 4324 4325 4326
f 4327 4328 4329
f 4330 4331 4332
f 4333 4334 4335
f 4336 4337 4338
f 4339 4340 4341
f 4342 4343 4344
f 4345 4346 4347
f 4348 4349 4350
f 4351 4352 4353
f 4354 4355 4356
f 4357 4358 4359
f 4360 4361 4362
f 4363 4364 4365
f 4366 4367 4368
f 4369 4370 4371
f 4372 4373 4374
f 4375 4376 4377
f 4378 4379 4380
f 4381 4382 4383
f 4384 4385 4386
f 4387 4388 4389
f 4390 4391 4392
f 4393 4394 4395
f 4396 4397 4398
f 4399 4400 4401
f 4402 4403 4404
f 4405 4406 4407
f 4408 4409 4410
f 4411 4412 4413
f 4414 4415 4416
f 4417 4418 4419
f 4420 4421 4422
f 4423 4424 4425
f 4426 4427 4428
f 4429 4430 4431
f 4432 4433 4434
f 4435 4436 4437
f 4438 4439 4440
f 4441 4442 4443
f 4444 4445 4446
f 4447 4448 4449
f 4450 4451 4452
f 4453 4454 4455
f 4456 4457 4458
f 4459 4460 4461
f 4462 4463 4464
f 4465 4466 4467
f 4468 4469 4470
f 4471 4472 4473
f 4474 4475 4476
f 4477 4478 4479
f 4480 4481 4482
f 4483 4484 4485
f 4486 4487 4488
f 4489 4490 4491
f 4492 4493 4494
f 4495 4496 4497
f 4498 4499 4500
f 4501 4502 4503
f 4504 4505 4506
f 4507 4508 4509
f 4510 4511 4512
f 4513 4514 4515
f 4516 4517 4518
f 4519 4520 4521
f 4522 4523 4524
f 4525 4526 4527
f 4528 4529 4530
f 4531 4532 4533
f 4534 4535 4536
f 4537 4538 4539
f 4540 4541 4542
f 4543 4544 4545
f 4546 4547 4548
f 4549 4550 4551
f 4552 4553 4554
f 4555 4556 4557
f 4558 4559 4560
f 4561 4562 4563
f 4564 4565 4566
f 4567 4568 4569
f 4570 4571 4572
f 4573 4574 4575
f 4576 4577 4578
f 4579 4580 4581
f 4582 4583 4584
f 4585 4586 4587
f 4588 4589 4590
f 4591 4592 4593
f 4594 4595 4596
f 4597 4598 4599
f 4600 4601 4602
f 4603 4604 4605
f 4606 4607 4608
f 4609 4610 4611
f 4612 4613 4614
f 4615 4616 4617
f 4618 4619 4620
f 4621 4622 4623
f 4624 4625 4626
f 4627 4628 4629
f 4630 4631 4632
f 4633 4634 4635
f 4636 4637 4638
f 4639 4640 4641
f 4642 4643 4644
f 4645 4646 4647
f 4648 4649 4650
f 4651 4652 4653
f 4654 4655 4656
f 4657 4658 4659
f 4660 4661 4662
f 4663 4664 4665
f 4666 4667 4668
f 4669 4670 4671
f 4672 4673 4674
f 4675 4676 4677
f 4678 4679 4680
f 4681 4682 4683
f 4684 4685 4686
f 4687 4688 4689
f 4690 4691 4692
f 4693 4694 4695
f 4696 4697 4698
f 4699 4700 4701
f 4702 4703 4704
f 4705 4706 4707
f 4708 4709 4710
f 4711 4712 4713
f 4714 4715 4716
f 4717 4718 4719
f 4720 4721 4722
f 4723 4724 4725
f 4726 4727 4728
f 4729 4730 4731
f 4732 4733 4734
f 4735 4736 4737
f 4738 4739 4740
f 4741 4742 4743
f 4744 4745 4746
f 4747 4748 4749
f 4750 4751 4752
f 4753 4754 4755
f 4756 4757 4758
f 4759 4760 4761
f 4762 4763 4764
f 4765 4766 4767
f 4768 4769 4770
f 4771 4772 4773
f 4774 4775 4776
f 4777 4778 4779
f 4780 4781 4782
f 4783 4784 4785
f 4786 4787 4788
f 4789 4790 4791
f 4792 4793 4794
f 4795 4796 4797
f 4798 4799 4800
f 4801 4802 4803
f 4804 4805 4806
f 4807 4808 4809
f 4810 4811 4812
f 4813 4814 4815
f 4816 4817 4818
f 4819 4820 4821
f 4822 4823 4824
f 4825 4826 4827
f 4828 4829 4830
f 4831 4832 4833
f 4834 4835 4836
f 4837 4838 4839
f 4840 4841 4842
f 4843 4844 4845
f 4846 4847 4848
f 4849 4850 4851
f 4852 4853 4854
f 4855 4856 4857
f 4858 4859 4860
f 4861 4862 4863
f 4864 4865 4866
f 4867 4868 4869
f 4870 4871 4872
f 4873 4874 4875
f 4876 4877 4878
f 4879 4880 4881
f 4882 4883 4884
f 4885 4886 4887
f 4888 4889 4890
f 4891 4892 4893
f 4894 4895 4896
f 4897 4898 4899
f 4900 4901 4902
f 4903 4904 4905
f 4906 4907 4908
f 4909 4910 4911
f 4912 4913 4914
f 4915 4916 4917
f 4918 4919 4920
f 4921 4922 4923
f 4924 4925 4926
f 4927 4928 4929
f 4930 4931 4932
f 4933 4934 4935
f 4936 4937 4938
f 4939 4940 4941
f 4942 4943 4944
f 4945 4946 4947
f 4948 4949 4950
f 4951 4952 4953
f 4954 4955 4956
f 4957 4958 4959
f 4960 4961 4962
f 4963 4964 4965
f 4966 4967 4968
f 4969 4970 4971
f 4972 4973 4974
f 4975 4976 4977
f 4978 4979 4980
f 4981 4982 4983
f 4984 4985 4986
f 4987 4988 4989
f 4990 4991 4992
f 4993 4994 4995
f 4996 4997 4998
f 4999 5000 5001
f 5002 5003 5004

