# https://github.com/mikedh/trimesh

o LeftSlider2_1.stl
v -4.04405022 11.05810165 38.20960236
v -4.04135513 11.10459614 36.96967316
v -4.02384567 11.40663528 38.40906525
v -4.02384567 11.40663528 38.40906525
v -4.04135513 11.10459614 36.96967316
v -4.00998449 11.64574718 37.15784836
v -4.02384567 11.40663528 38.40906525
v -4.00998449 11.64574718 37.15784836
v -4.00276232 11.77033615 38.61499405
v -4.00276232 11.77033615 38.61499405
v -4.00998449 11.64574718 37.15784836
v -3.98162365 12.13498116 37.45631409
v -4.00276232 11.77033615 38.61499405
v -3.98162365 12.13498116 37.45631409
v -3.97921705 12.17649555 38.71302795
v -3.97921705 12.17649555 38.71302795
v -3.98162365 12.13498116 37.45631409
v -3.97443247 12.25903225 37.51346588
v -3.97921705 12.17649555 38.71302795
v -3.97443247 12.25903225 37.51346588
v -3.96651769 12.39556313 37.51158142
v -4.04405022 11.05810165 38.20960236
v -4.06659555 10.66919327 38.11004257
v -4.04135513 11.10459614 36.96967316
v -4.04135513 11.10459614 36.96967316
v -4.06659555 10.66919327 38.11004257
v -4.07431841 10.53596973 36.90029526
v -4.07431841 10.53596973 36.90029526
v -4.06659555 10.66919327 38.11004257
v -4.08986092 10.26785564 38.11754227
v -4.07431841 10.53596973 36.90029526
v -4.08986092 10.26785564 38.11754227
v -4.10738564 9.96554661 36.95283890
v -4.10738564 9.96554661 36.95283890
v -4.08986092 10.26785564 38.11754227
v -4.11217546 9.88292503 38.23155975
v -4.10738564 9.96554661 36.95283890
v -4.11217546 9.88292503 38.23155975
v -4.13906384 9.41908932 37.12493896
v -4.13906384 9.41908932 37.12493896
v -4.11217546 9.88292503 38.23155975
v -4.13193512 9.54206085 38.44390488
v -4.13906384 9.41908932 37.12493896
v -4.13193512 9.54206085 38.44390488
v -4.13900042 9.42018509 38.50462723
v -4.13900042 9.42018509 38.50462723
v -4.14689112 9.28406525 38.50504684
v -4.13906384 9.41908932 37.12493896
v -4.13906384 9.41908932 37.12493896
v -4.14689112 9.28406525 38.50504684
v -4.15397787 9.16182041 38.44507217
v -4.13906384 9.41908932 37.12493896
v -4.15397787 9.16182041 38.44507217
v -4.15879631 9.07870102 38.33709717
v -4.13906384 9.41908932 37.12493896
v -4.15879631 9.07870102 38.33709717
v -4.16792202 8.92127800 37.40882111
v -4.16792202 8.92127800 37.40882111
v -4.15879631 9.07870102 38.33709717
v -4.17357635 8.82373905 37.77669144
v -4.16792202 8.92127800 37.40882111
v -4.17357635 8.82373905 37.77669144
v -4.17310762 8.83182526 37.51145172
v -4.17310762 8.83182526 37.51145172
v -4.17357635 8.82373905 37.77669144
v -4.17513132 8.79691219 37.64312744
v -3.97921705 12.17649555 38.71302795
v -3.96651769 12.39556313 37.51158142
v -3.95501900 12.59391975 38.69562912
v -3.95501900 12.59391975 38.69562912
v -3.96651769 12.39556313 37.51158142
v -3.95942044 12.51799488 37.45102692
v -3.95501900 12.59391975 38.69562912
v -3.95942044 12.51799488 37.45102692
v -3.95452189 12.60249519 37.34358978
v -3.95501900 12.59391975 38.69562912
v -3.95452189 12.60249519 37.34358978
v -3.93202662 12.99054432 38.56413269
v -3.93202662 12.99054432 38.56413269
v -3.95452189 12.60249519 37.34358978
v -3.95277572 12.63261700 37.21018982
v -3.93202662 12.99054432 38.56413269
v -3.95277572 12.63261700 37.21018982
v -3.91200590 13.33590698 38.32864761
v -3.91200590 13.33590698 38.32864761
v -3.95277572 12.63261700 37.21018982
v -3.89649487 13.60348034 38.00725174
v -3.89649487 13.60348034 38.00725174
v -3.95277572 12.63261700 37.21018982
v -3.88332820 13.83060551 37.21018982
v -3.89649487 13.60348034 38.00725174
v -3.88332820 13.83060551 37.21018982
v -3.88668442 13.77271271 37.62463760
v -3.88332820 13.83060551 37.21018982
v -3.95277572 12.63261700 37.21018982
v -3.88332820 13.83060551 27.78981209
v -3.88332820 13.83060551 27.78981209
v -3.95277572 12.63261700 37.21018982
v -3.95277572 12.63261700 27.78981209
v -3.88332820 13.83060551 27.78981209
v -3.95277572 12.63261700 27.78981209
v -3.89649487 13.60348034 26.99274826
v -3.89649487 13.60348034 26.99274826
v -3.95277572 12.63261700 27.78981209
v -3.91200590 13.33590698 26.67135239
v -3.91200590 13.33590698 26.67135239
v -3.95277572 12.63261700 27.78981209
v -3.93202662 12.99054432 26.43586540
v -3.93202662 12.99054432 26.43586540
v -3.95277572 12.63261700 27.78981209
v -3.95452189 12.60249519 27.65640831
v -3.93202662 12.99054432 26.43586540
v -3.95452189 12.60249519 27.65640831
v -3.95501900 12.59391975 26.30437279
v -3.95501900 12.59391975 26.30437279
v -3.95452189 12.60249519 27.65640831
v -3.95942044 12.51799488 27.54897308
v -3.95501900 12.59391975 26.30437279
v -3.95942044 12.51799488 27.54897308
v -3.96651769 12.39556313 27.48842049
v -3.95501900 12.59391975 26.30437279
v -3.96651769 12.39556313 27.48842049
v -3.97921705 12.17649555 26.28697205
v -3.97921705 12.17649555 26.28697205
v -3.96651769 12.39556313 27.48842049
v -3.97443247 12.25903225 27.48653412
v -3.97921705 12.17649555 26.28697205
v -3.97443247 12.25903225 27.48653412
v -3.98162365 12.13498116 27.54368401
v -3.97921705 12.17649555 26.28697205
v -3.98162365 12.13498116 27.54368401
v -4.00276232 11.77033615 26.38500404
v -4.00276232 11.77033615 26.38500404
v -3.98162365 12.13498116 27.54368401
v -4.00998449 11.64574718 27.84215355
v -4.00276232 11.77033615 26.38500404
v -4.00998449 11.64574718 27.84215355
v -4.02384567 11.40663528 26.59093666
v -4.02384567 11.40663528 26.59093666
v -4.00998449 11.64574718 27.84215355
v -4.04135513 11.10459614 28.03032684
v -4.02384567 11.40663528 26.59093666
v -4.04135513 11.10459614 28.03032684
v -4.04405022 11.05810165 26.79039955
v -4.04405022 11.05810165 26.79039955
v -4.04135513 11.10459614 28.03032684
v -4.06659555 10.66919327 26.88995743
v -4.06659555 10.66919327 26.88995743
v -4.04135513 11.10459614 28.03032684
v -4.07431841 10.53596973 28.09970665
v -4.06659555 10.66919327 26.88995743
v -4.07431841 10.53596973 28.09970665
v -4.08986092 10.26785564 26.88245773
v -4.08986092 10.26785564 26.88245773
v -4.07431841 10.53596973 28.09970665
v -4.10738564 9.96554661 28.04715919
v -4.08986092 10.26785564 26.88245773
v -4.10738564 9.96554661 28.04715919
v -4.11217546 9.88292503 26.76843834
v -4.11217546 9.88292503 26.76843834
v -4.10738564 9.96554661 28.04715919
v -4.13906384 9.41908932 27.87506104
v -4.11217546 9.88292503 26.76843834
v -4.13906384 9.41908932 27.87506104
v -4.13193512 9.54206085 26.55609322
v -4.13193512 9.54206085 26.55609322
v -4.13906384 9.41908932 27.87506104
v -4.13900042 9.42018509 26.49537086
v -4.13900042 9.42018509 26.49537086
v -4.13906384 9.41908932 27.87506104
v -4.14689112 9.28406525 26.49495316
v -4.14689112 9.28406525 26.49495316
v -4.13906384 9.41908932 27.87506104
v -4.15397787 9.16182041 26.55492783
v -4.15397787 9.16182041 26.55492783
v -4.13906384 9.41908932 27.87506104
v -4.15879631 9.07870102 26.66290474
v -4.15879631 9.07870102 26.66290474
v -4.13906384 9.41908932 27.87506104
v -4.16792202 8.92127800 27.59118080
v -4.15879631 9.07870102 26.66290474
v -4.16792202 8.92127800 27.59118080
v -4.17357635 8.82373905 27.22330856
v -4.17357635 8.82373905 27.22330856
v -4.16792202 8.92127800 27.59118080
v -4.17310762 8.83182526 27.48855019
v -4.17357635 8.82373905 27.22330856
v -4.17310762 8.83182526 27.48855019
v -4.17513132 8.79691219 27.35687256
v -3.89649487 13.60348034 26.99274826
v -3.88668442 13.77271271 27.37536240
v -3.88332820 13.83060551 27.78981209
v -4.13906384 9.41908932 27.87506104
v -16.31062698 10.12467480 27.87506104
v -4.16792202 8.92127800 27.59118080
v -4.16792202 8.92127800 27.59118080
v -16.31062698 10.12467480 27.87506104
v -28.48218918 10.83026028 27.87506104
v -4.16792202 8.92127800 27.59118080
v -28.48218918 10.83026028 27.87506104
v -40.65375137 11.53584480 27.87506104
v -40.65375137 11.53584480 27.87506104
v -28.48218918 10.83026028 27.87506104
v -40.62207413 12.08230209 28.04715919
v -40.65375137 11.53584480 27.87506104
v -40.62207413 12.08230209 28.04715919
v -52.79363632 12.78788757 28.04715919
v -52.79363632 12.78788757 28.04715919
v -40.62207413 12.08230209 28.04715919
v -52.76057053 13.35831070 28.09970665
v -52.79363632 12.78788757 28.04715919
v -52.76057053 13.35831070 28.09970665
v -64.93213654 14.06389618 28.09970665
v -64.93213654 14.06389618 28.09970665
v -52.76057053 13.35831070 28.09970665
v -64.89916992 14.63252258 28.03032684
v -64.93213654 14.06389618 28.09970665
v -64.89916992 14.63252258 28.03032684
v -77.07073212 15.33810806 28.03032684
v -77.07073212 15.33810806 28.03032684
v -64.89916992 14.63252258 28.03032684
v -77.03936005 15.87925911 27.84215355
v -77.07073212 15.33810806 28.03032684
v -77.03936005 15.87925911 27.84215355
v -89.21092224 16.58484459 27.84215355
v -89.21092224 16.58484459 27.84215355
v -77.03936005 15.87925911 27.84215355
v -101.35412598 17.77966309 27.54368401
v -89.21092224 16.58484459 27.84215355
v -101.35412598 17.77966309 27.54368401
v -101.38053131 17.32415199 27.82593727
v -16.31062698 10.12467480 27.87506104
v -4.13906384 9.41908932 27.87506104
v -16.27894783 10.67113209 28.04715919
v -16.27894783 10.67113209 28.04715919
v -4.13906384 9.41908932 27.87506104
v -4.10738564 9.96554661 28.04715919
v -16.27894783 10.67113209 28.04715919
v -4.10738564 9.96554661 28.04715919
v -16.24588203 11.24155521 28.09970665
v -16.24588203 11.24155521 28.09970665
v -4.10738564 9.96554661 28.04715919
v -4.07431841 10.53596973 28.09970665
v -16.24588203 11.24155521 28.09970665
v -4.07431841 10.53596973 28.09970665
v -16.21291733 11.81018162 28.03032684
v -16.21291733 11.81018162 28.03032684
v -4.07431841 10.53596973 28.09970665
v -4.04135513 11.10459614 28.03032684
v -16.21291733 11.81018162 28.03032684
v -4.04135513 11.10459614 28.03032684
v -16.18154716 12.35133266 27.84215355
v -16.18154716 12.35133266 27.84215355
v -4.04135513 11.10459614 28.03032684
v -4.00998449 11.64574718 27.84215355
v -16.18154716 12.35133266 27.84215355
v -4.00998449 11.64574718 27.84215355
v -3.98162365 12.13498116 27.54368401
v -101.35412598 17.77966309 27.54368401
v -52.69623566 14.46808815 27.84215355
v -3.98162365 12.13498116 27.54368401
v -3.98162365 12.13498116 27.54368401
v -52.69623566 14.46808815 27.84215355
v -40.52467346 13.76250267 27.84215355
v -3.98162365 12.13498116 27.54368401
v -40.52467346 13.76250267 27.84215355
v -28.35311127 13.05691719 27.84215355
v -28.35311127 13.05691719 27.84215355
v -40.52467346 13.76250267 27.84215355
v -28.38448143 12.51576710 28.03032684
v -28.35311127 13.05691719 27.84215355
v -28.38448143 12.51576710 28.03032684
v -16.21291733 11.81018162 28.03032684
v -16.21291733 11.81018162 28.03032684
v -28.38448143 12.51576710 28.03032684
v -16.24588203 11.24155521 28.09970665
v -101.38053131 17.32415199 27.82593727
v -101.40964508 16.82191849 28.01239967
v -89.21092224 16.58484459 27.84215355
v -89.21092224 16.58484459 27.84215355
v -101.40964508 16.82191849 28.01239967
v -89.24229431 16.04369354 28.03032684
v -89.21092224 16.58484459 27.84215355
v -89.24229431 16.04369354 28.03032684
v -77.07073212 15.33810806 28.03032684
v -77.07073212 15.33810806 28.03032684
v -89.24229431 16.04369354 28.03032684
v -77.10369873 14.76948166 28.09970665
v -77.07073212 15.33810806 28.03032684
v -77.10369873 14.76948166 28.09970665
v -64.93213654 14.06389618 28.09970665
v -64.93213654 14.06389618 28.09970665
v -77.10369873 14.76948166 28.09970665
v -64.96520233 13.49347305 28.04715919
v -64.93213654 14.06389618 28.09970665
v -64.96520233 13.49347305 28.04715919
v -52.79363632 12.78788757 28.04715919
v -52.79363632 12.78788757 28.04715919
v -64.96520233 13.49347305 28.04715919
v -52.82531738 12.24143028 27.87506104
v -52.79363632 12.78788757 28.04715919
v -52.82531738 12.24143028 27.87506104
v -40.65375137 11.53584480 27.87506104
v -40.65375137 11.53584480 27.87506104
v -52.82531738 12.24143028 27.87506104
v -4.16792202 8.92127800 27.59118080
v -101.40964508 16.82191849 28.01239967
v -101.44032288 16.29279518 28.09570885
v -89.24229431 16.04369354 28.03032684
v -89.24229431 16.04369354 28.03032684
v -101.44032288 16.29279518 28.09570885
v -89.27526093 15.47506618 28.09970665
v -89.24229431 16.04369354 28.03032684
v -89.27526093 15.47506618 28.09970665
v -77.10369873 14.76948166 28.09970665
v -77.10369873 14.76948166 28.09970665
v -89.27526093 15.47506618 28.09970665
v -77.13676453 14.19905853 28.04715919
v -77.10369873 14.76948166 28.09970665
v -77.13676453 14.19905853 28.04715919
v -64.96520233 13.49347305 28.04715919
v -64.96520233 13.49347305 28.04715919
v -77.13676453 14.19905853 28.04715919
v -64.99687958 12.94701576 27.87506104
v -64.96520233 13.49347305 28.04715919
v -64.99687958 12.94701576 27.87506104
v -52.82531738 12.24143028 27.87506104
v -52.82531738 12.24143028 27.87506104
v -64.99687958 12.94701576 27.87506104
v -4.16792202 8.92127800 27.59118080
v -101.44032288 16.29279518 28.09570885
v -101.47134399 15.75767136 28.07257462
v -89.27526093 15.47506618 28.09970665
v -89.27526093 15.47506618 28.09970665
v -101.47134399 15.75767136 28.07257462
v -89.30832672 14.90464306 28.04715919
v -89.27526093 15.47506618 28.09970665
v -89.30832672 14.90464306 28.04715919
v -77.13676453 14.19905853 28.04715919
v -77.13676453 14.19905853 28.04715919
v -89.30832672 14.90464306 28.04715919
v -77.16844177 13.65260124 27.87506104
v -77.13676453 14.19905853 28.04715919
v -77.16844177 13.65260124 27.87506104
v -64.99687958 12.94701576 27.87506104
v -64.99687958 12.94701576 27.87506104
v -77.16844177 13.65260124 27.87506104
v -101.43147278 14.84972095 27.77298355
v -64.99687958 12.94701576 27.87506104
v -101.43147278 14.84972095 27.77298355
v -4.16792202 8.92127800 27.59118080
v -4.16792202 8.92127800 27.59118080
v -101.43147278 14.84972095 27.77298355
v -101.32865906 14.68216038 27.67798233
v -4.16792202 8.92127800 27.59118080
v -101.32865906 14.68216038 27.67798233
v -101.19263458 14.54579830 27.59118080
v -101.47134399 15.75767136 28.07257462
v -101.50148773 15.23768044 27.94391060
v -89.30832672 14.90464306 28.04715919
v -89.30832672 14.90464306 28.04715919
v -101.50148773 15.23768044 27.94391060
v -89.34000397 14.35818672 27.87506104
v -89.30832672 14.90464306 28.04715919
v -89.34000397 14.35818672 27.87506104
v -77.16844177 13.65260124 27.87506104
v -77.16844177 13.65260124 27.87506104
v -89.34000397 14.35818672 27.87506104
v -101.43147278 14.84972095 27.77298355
v -101.50148773 15.23768044 27.94391060
v -101.48994446 15.03992176 27.86492920
v -89.34000397 14.35818672 27.87506104
v -89.34000397 14.35818672 27.87506104
v -101.48994446 15.03992176 27.86492920
v -101.43147278 14.84972095 27.77298355
v -28.48218918 10.83026028 27.87506104
v -16.31062698 10.12467480 27.87506104
v -28.45051193 11.37671661 28.04715919
v -28.45051193 11.37671661 28.04715919
v -16.31062698 10.12467480 27.87506104
v -16.27894783 10.67113209 28.04715919
v -28.45051193 11.37671661 28.04715919
v -16.27894783 10.67113209 28.04715919
v -28.41744423 11.94713974 28.09970665
v -28.41744423 11.94713974 28.09970665
v -16.27894783 10.67113209 28.04715919
v -16.24588203 11.24155521 28.09970665
v -28.41744423 11.94713974 28.09970665
v -16.24588203 11.24155521 28.09970665
v -28.38448143 12.51576710 28.03032684
v -28.48218918 10.83026028 27.87506104
v -28.45051193 11.37671661 28.04715919
v -40.62207413 12.08230209 28.04715919
v -40.62207413 12.08230209 28.04715919
v -28.45051193 11.37671661 28.04715919
v -40.58900833 12.65272522 28.09970665
v -40.62207413 12.08230209 28.04715919
v -40.58900833 12.65272522 28.09970665
v -52.76057053 13.35831070 28.09970665
v -52.76057053 13.35831070 28.09970665
v -40.58900833 12.65272522 28.09970665
v -52.72760773 13.92693806 28.03032684
v -52.76057053 13.35831070 28.09970665
v -52.72760773 13.92693806 28.03032684
v -64.89916992 14.63252258 28.03032684
v -64.89916992 14.63252258 28.03032684
v -52.72760773 13.92693806 28.03032684
v -64.86779785 15.17367363 27.84215355
v -64.89916992 14.63252258 28.03032684
v -64.86779785 15.17367363 27.84215355
v -77.03936005 15.87925911 27.84215355
v -77.03936005 15.87925911 27.84215355
v -64.86779785 15.17367363 27.84215355
v -101.35412598 17.77966309 27.54368401
v -40.58900833 12.65272522 28.09970665
v -28.45051193 11.37671661 28.04715919
v -28.41744423 11.94713974 28.09970665
v -40.58900833 12.65272522 28.09970665
v -28.41744423 11.94713974 28.09970665
v -40.55604553 13.22135258 28.03032684
v -40.55604553 13.22135258 28.03032684
v -28.41744423 11.94713974 28.09970665
v -28.38448143 12.51576710 28.03032684
v -40.55604553 13.22135258 28.03032684
v -28.38448143 12.51576710 28.03032684
v -40.52467346 13.76250267 27.84215355
v -28.35311127 13.05691719 27.84215355
v -16.21291733 11.81018162 28.03032684
v -16.18154716 12.35133266 27.84215355
v -40.58900833 12.65272522 28.09970665
v -40.55604553 13.22135258 28.03032684
v -52.72760773 13.92693806 28.03032684
v -52.72760773 13.92693806 28.03032684
v -40.55604553 13.22135258 28.03032684
v -52.69623566 14.46808815 27.84215355
v -52.72760773 13.92693806 28.03032684
v -52.69623566 14.46808815 27.84215355
v -64.86779785 15.17367363 27.84215355
v -64.86779785 15.17367363 27.84215355
v -52.69623566 14.46808815 27.84215355
v -101.35412598 17.77966309 27.54368401
v -52.69623566 14.46808815 27.84215355
v -40.55604553 13.22135258 28.03032684
v -40.52467346 13.76250267 27.84215355
v -3.98162365 12.13498116 27.54368401
v -28.35311127 13.05691719 27.84215355
v -16.18154716 12.35133266 27.84215355
v -3.97443247 12.25903225 27.48653412
v -6.92511415 12.43008327 27.48653412
v -3.98162365 12.13498116 27.54368401
v -3.98162365 12.13498116 27.54368401
v -6.92511415 12.43008327 27.48653412
v -9.87579632 12.60113430 27.48653412
v -3.98162365 12.13498116 27.54368401
v -9.87579632 12.60113430 27.48653412
v -12.82647800 12.77218533 27.48653412
v -12.82647800 12.77218533 27.48653412
v -9.87579632 12.60113430 27.48653412
v -12.81856346 12.90871525 27.48842049
v -12.82647800 12.77218533 27.48653412
v -12.81856346 12.90871525 27.48842049
v -15.76924515 13.07976627 27.48842049
v -15.76924515 13.07976627 27.48842049
v -12.81856346 12.90871525 27.48842049
v -15.76214790 13.20219803 27.54897308
v -15.76924515 13.07976627 27.48842049
v -15.76214790 13.20219803 27.54897308
v -18.71282959 13.37324905 27.54897308
v -18.71282959 13.37324905 27.54897308
v -15.76214790 13.20219803 27.54897308
v -18.70793152 13.45775032 27.65640831
v -18.71282959 13.37324905 27.54897308
v -18.70793152 13.45775032 27.65640831
v -21.65861320 13.62880135 27.65640831
v -21.65861320 13.62880135 27.65640831
v -18.70793152 13.45775032 27.65640831
v -3.95277572 12.63261700 27.78981209
v -21.65861320 13.62880135 27.65640831
v -3.95277572 12.63261700 27.78981209
v -24.60929489 13.79985237 27.65640831
v -24.60929489 13.79985237 27.65640831
v -3.95277572 12.63261700 27.78981209
v -27.55997658 13.97090340 27.65640831
v -24.60929489 13.79985237 27.65640831
v -27.55997658 13.97090340 27.65640831
v -24.61419487 13.71535110 27.54897308
v -24.61419487 13.71535110 27.54897308
v -27.55997658 13.97090340 27.65640831
v -27.56487656 13.88640213 27.54897308
v -24.61419487 13.71535110 27.54897308
v -27.56487656 13.88640213 27.54897308
v -24.62129211 13.59291935 27.48842049
v -24.62129211 13.59291935 27.48842049
v -27.56487656 13.88640213 27.54897308
v -27.57197380 13.76397038 27.48842049
v -24.62129211 13.59291935 27.48842049
v -27.57197380 13.76397038 27.48842049
v -24.62920570 13.45638943 27.48653412
v -24.62920570 13.45638943 27.48653412
v -27.57197380 13.76397038 27.48842049
v -27.57988739 13.62744045 27.48653412
v -24.62920570 13.45638943 27.48653412
v -27.57988739 13.62744045 27.48653412
v -3.98162365 12.13498116 27.54368401
v -3.98162365 12.13498116 27.54368401
v -27.57988739 13.62744045 27.48653412
v -30.53056908 13.79849148 27.48653412
v -3.98162365 12.13498116 27.54368401
v -30.53056908 13.79849148 27.48653412
v -33.48125076 13.96954250 27.48653412
v -33.48125076 13.96954250 27.48653412
v -30.53056908 13.79849148 27.48653412
v -33.47333527 14.10607243 27.48842049
v -33.48125076 13.96954250 27.48653412
v -33.47333527 14.10607243 27.48842049
v -36.42401886 14.27712345 27.48842049
v -36.42401886 14.27712345 27.48842049
v -33.47333527 14.10607243 27.48842049
v -36.41692352 14.39955521 27.54897308
v -36.42401886 14.27712345 27.48842049
v -36.41692352 14.39955521 27.54897308
v -39.36760330 14.57060623 27.54897308
v -39.36760330 14.57060623 27.54897308
v -36.41692352 14.39955521 27.54897308
v -39.36270523 14.65510750 27.65640831
v -39.36760330 14.57060623 27.54897308
v -39.36270523 14.65510750 27.65640831
v -42.31338882 14.82615852 27.65640831
v -42.31338882 14.82615852 27.65640831
v -39.36270523 14.65510750 27.65640831
v -3.95277572 12.63261700 27.78981209
v -42.31338882 14.82615852 27.65640831
v -3.95277572 12.63261700 27.78981209
v -45.26406860 14.99720955 27.65640831
v -45.26406860 14.99720955 27.65640831
v -3.95277572 12.63261700 27.78981209
v -48.21475220 15.16826057 27.65640831
v -45.26406860 14.99720955 27.65640831
v -48.21475220 15.16826057 27.65640831
v -45.26896667 14.91270828 27.54897308
v -45.26896667 14.91270828 27.54897308
v -48.21475220 15.16826057 27.65640831
v -48.21965027 15.08375931 27.54897308
v -45.26896667 14.91270828 27.54897308
v -48.21965027 15.08375931 27.54897308
v -45.27606583 14.79027653 27.48842049
v -45.27606583 14.79027653 27.48842049
v -48.21965027 15.08375931 27.54897308
v -48.22674561 14.96132755 27.48842049
v -45.27606583 14.79027653 27.48842049
v -48.22674561 14.96132755 27.48842049
v -45.28398132 14.65374660 27.48653412
v -45.28398132 14.65374660 27.48653412
v -48.22674561 14.96132755 27.48842049
v -48.23466110 14.82479763 27.48653412
v -45.28398132 14.65374660 27.48653412
v -48.23466110 14.82479763 27.48653412
v -3.98162365 12.13498116 27.54368401
v -3.98162365 12.13498116 27.54368401
v -48.23466110 14.82479763 27.48653412
v -51.18534470 14.99584866 27.48653412
v -3.98162365 12.13498116 27.54368401
v -51.18534470 14.99584866 27.48653412
v -54.13602448 15.16689873 27.48653412
v -54.13602448 15.16689873 27.48653412
v -51.18534470 14.99584866 27.48653412
v -54.12810898 15.30342960 27.48842049
v -54.13602448 15.16689873 27.48653412
v -54.12810898 15.30342960 27.48842049
v -57.07879257 15.47448063 27.48842049
v -57.07879257 15.47448063 27.48842049
v -54.12810898 15.30342960 27.48842049
v -57.07169724 15.59691238 27.54897308
v -57.07879257 15.47448063 27.48842049
v -57.07169724 15.59691238 27.54897308
v -60.02237701 15.76796341 27.54897308
v -60.02237701 15.76796341 27.54897308
v -57.07169724 15.59691238 27.54897308
v -60.01747894 15.85246372 27.65640831
v -60.02237701 15.76796341 27.54897308
v -60.01747894 15.85246372 27.65640831
v -62.96816254 16.02351570 27.65640831
v -62.96816254 16.02351570 27.65640831
v -60.01747894 15.85246372 27.65640831
v -101.32527924 18.27729988 27.78981209
v -62.96816254 16.02351570 27.65640831
v -101.32527924 18.27729988 27.78981209
v -65.91884613 16.19456673 27.65640831
v -65.91884613 16.19456673 27.65640831
v -101.32527924 18.27729988 27.78981209
v -68.86952209 16.36561775 27.65640831
v -65.91884613 16.19456673 27.65640831
v -68.86952209 16.36561775 27.65640831
v -65.92374420 16.11006546 27.54897308
v -65.92374420 16.11006546 27.54897308
v -68.86952209 16.36561775 27.65640831
v -68.87442017 16.28111649 27.54897308
v -65.92374420 16.11006546 27.54897308
v -68.87442017 16.28111649 27.54897308
v -65.93083954 15.98763371 27.48842049
v -65.93083954 15.98763371 27.48842049
v -68.87442017 16.28111649 27.54897308
v -68.88152313 16.15868378 27.48842049
v -65.93083954 15.98763371 27.48842049
v -68.88152313 16.15868378 27.48842049
v -65.93875122 15.85110283 27.48653412
v -65.93875122 15.85110283 27.48653412
v -68.88152313 16.15868378 27.48842049
v -68.88943481 16.02215385 27.48653412
v -65.93875122 15.85110283 27.48653412
v -68.88943481 16.02215385 27.48653412
v -101.35412598 17.77966309 27.54368401
v -101.35412598 17.77966309 27.54368401
v -68.88943481 16.02215385 27.48653412
v -71.84011841 16.19320488 27.48653412
v -101.35412598 17.77966309 27.54368401
v -71.84011841 16.19320488 27.48653412
v -74.79080200 16.36425591 27.48653412
v -74.79080200 16.36425591 27.48653412
v -71.84011841 16.19320488 27.48653412
v -74.78288269 16.50078583 27.48842049
v -74.79080200 16.36425591 27.48653412
v -74.78288269 16.50078583 27.48842049
v -77.73356628 16.67183685 27.48842049
v -77.73356628 16.67183685 27.48842049
v -74.78288269 16.50078583 27.48842049
v -77.72647095 16.79426956 27.54897308
v -77.73356628 16.67183685 27.48842049
v -77.72647095 16.79426956 27.54897308
v -80.67715454 16.96532059 27.54897308
v -80.67715454 16.96532059 27.54897308
v -77.72647095 16.79426956 27.54897308
v -80.67224884 17.04982185 27.65640831
v -80.67715454 16.96532059 27.54897308
v -80.67224884 17.04982185 27.65640831
v -83.62293243 17.22087288 27.65640831
v -83.62293243 17.22087288 27.65640831
v -80.67224884 17.04982185 27.65640831
v -101.32527924 18.27729988 27.78981209
v -83.62293243 17.22087288 27.65640831
v -101.32527924 18.27729988 27.78981209
v -86.57361603 17.39192390 27.65640831
v -86.57361603 17.39192390 27.65640831
v -101.32527924 18.27729988 27.78981209
v -89.52429962 17.56297493 27.65640831
v -86.57361603 17.39192390 27.65640831
v -89.52429962 17.56297493 27.65640831
v -86.57851410 17.30742264 27.54897308
v -86.57851410 17.30742264 27.54897308
v -89.52429962 17.56297493 27.65640831
v -89.52919769 17.47847366 27.54897308
v -86.57851410 17.30742264 27.54897308
v -89.52919769 17.47847366 27.54897308
v -86.58560944 17.18498993 27.48842049
v -86.58560944 17.18498993 27.48842049
v -89.52919769 17.47847366 27.54897308
v -89.53629303 17.35604095 27.48842049
v -86.58560944 17.18498993 27.48842049
v -89.53629303 17.35604095 27.48842049
v -86.59352875 17.04846001 27.48653412
v -86.59352875 17.04846001 27.48653412
v -89.53629303 17.35604095 27.48842049
v -89.54421234 17.21951103 27.48653412
v -86.59352875 17.04846001 27.48653412
v -89.54421234 17.21951103 27.48653412
v -101.35412598 17.77966309 27.54368401
v -101.35412598 17.77966309 27.54368401
v -89.54421234 17.21951103 27.48653412
v -92.49488831 17.39056206 27.48653412
v -101.35412598 17.77966309 27.54368401
v -92.49488831 17.39056206 27.48653412
v -95.44557190 17.56161308 27.48653412
v -95.44557190 17.56161308 27.48653412
v -92.49488831 17.39056206 27.48653412
v -95.43766022 17.69814301 27.48842049
v -95.44557190 17.56161308 27.48653412
v -95.43766022 17.69814301 27.48842049
v -98.38833618 17.86919403 27.48842049
v -98.38833618 17.86919403 27.48842049
v -95.43766022 17.69814301 27.48842049
v -98.38124084 17.99162674 27.54897308
v -98.38833618 17.86919403 27.48842049
v -98.38124084 17.99162674 27.54897308
v -101.33192444 18.16267776 27.54897308
v -101.33192444 18.16267776 27.54897308
v -98.38124084 17.99162674 27.54897308
v -101.32702637 18.24717712 27.65640831
v -101.32702637 18.24717712 27.65640831
v -98.38124084 17.99162674 27.54897308
v -98.37634277 18.07612610 27.65640831
v -101.32702637 18.24717712 27.65640831
v -98.37634277 18.07612610 27.65640831
v -101.32527924 18.27729988 27.78981209
v -101.32527924 18.27729988 27.78981209
v -98.37634277 18.07612610 27.65640831
v -95.42565918 17.90507507 27.65640831
v -101.32527924 18.27729988 27.78981209
v -95.42565918 17.90507507 27.65640831
v -92.47498322 17.73402405 27.65640831
v -92.47498322 17.73402405 27.65640831
v -95.42565918 17.90507507 27.65640831
v -92.47988129 17.64952469 27.54897308
v -92.47498322 17.73402405 27.65640831
v -92.47988129 17.64952469 27.54897308
v -89.52919769 17.47847366 27.54897308
v -89.52919769 17.47847366 27.54897308
v -92.47988129 17.64952469 27.54897308
v -89.53629303 17.35604095 27.48842049
v -6.92511415 12.43008327 27.48653412
v -3.97443247 12.25903225 27.48653412
v -6.91719961 12.56661320 27.48842049
v -6.91719961 12.56661320 27.48842049
v -3.97443247 12.25903225 27.48653412
v -3.96651769 12.39556313 27.48842049
v -6.91719961 12.56661320 27.48842049
v -3.96651769 12.39556313 27.48842049
v -6.91010237 12.68904591 27.54897308
v -6.91010237 12.68904591 27.54897308
v -3.96651769 12.39556313 27.48842049
v -3.95942044 12.51799488 27.54897308
v -6.91010237 12.68904591 27.54897308
v -3.95942044 12.51799488 27.54897308
v -6.90520382 12.77354622 27.65640831
v -6.90520382 12.77354622 27.65640831
v -3.95942044 12.51799488 27.54897308
v -3.95452189 12.60249519 27.65640831
v -6.90520382 12.77354622 27.65640831
v -3.95452189 12.60249519 27.65640831
v -3.95277572 12.63261700 27.78981209
v -48.21475220 15.16826057 27.65640831
v -3.95277572 12.63261700 27.78981209
v -51.16543198 15.33931160 27.65640831
v -51.16543198 15.33931160 27.65640831
v -3.95277572 12.63261700 27.78981209
v -101.32527924 18.27729988 27.78981209
v -51.16543198 15.33931160 27.65640831
v -101.32527924 18.27729988 27.78981209
v -54.11611557 15.51036263 27.65640831
v -54.11611557 15.51036263 27.65640831
v -101.32527924 18.27729988 27.78981209
v -57.06679535 15.68141365 27.65640831
v -54.11611557 15.51036263 27.65640831
v -57.06679535 15.68141365 27.65640831
v -54.12101364 15.42586136 27.54897308
v -54.12101364 15.42586136 27.54897308
v -57.06679535 15.68141365 27.65640831
v -57.07169724 15.59691238 27.54897308
v -54.12101364 15.42586136 27.54897308
v -57.07169724 15.59691238 27.54897308
v -54.12810898 15.30342960 27.48842049
v -101.33192444 18.16267776 27.54897308
v -101.33901978 18.04024506 27.48842049
v -98.38833618 17.86919403 27.48842049
v -98.38833618 17.86919403 27.48842049
v -101.33901978 18.04024506 27.48842049
v -98.39625549 17.73266411 27.48653412
v -98.38833618 17.86919403 27.48842049
v -98.39625549 17.73266411 27.48653412
v -95.44557190 17.56161308 27.48653412
v -95.44557190 17.56161308 27.48653412
v -98.39625549 17.73266411 27.48653412
v -101.35412598 17.77966309 27.54368401
v -101.33901978 18.04024506 27.48842049
v -101.34693909 17.90371513 27.48653412
v -98.39625549 17.73266411 27.48653412
v -98.39625549 17.73266411 27.48653412
v -101.34693909 17.90371513 27.48653412
v -101.35412598 17.77966309 27.54368401
v -3.98162365 12.13498116 27.54368401
v -54.13602448 15.16689873 27.48653412
v -101.35412598 17.77966309 27.54368401
v -101.35412598 17.77966309 27.54368401
v -54.13602448 15.16689873 27.48653412
v -57.08670807 15.33794975 27.48653412
v -101.35412598 17.77966309 27.54368401
v -57.08670807 15.33794975 27.48653412
v -60.03738785 15.50900078 27.48653412
v -60.03738785 15.50900078 27.48653412
v -57.08670807 15.33794975 27.48653412
v -60.02947617 15.64553165 27.48842049
v -60.03738785 15.50900078 27.48653412
v -60.02947617 15.64553165 27.48842049
v -62.98015594 15.81658268 27.48842049
v -62.98015594 15.81658268 27.48842049
v -60.02947617 15.64553165 27.48842049
v -62.97306061 15.93901443 27.54897308
v -62.98015594 15.81658268 27.48842049
v -62.97306061 15.93901443 27.54897308
v -65.92374420 16.11006546 27.54897308
v -65.92374420 16.11006546 27.54897308
v -62.97306061 15.93901443 27.54897308
v -65.91884613 16.19456673 27.65640831
v -9.87579632 12.60113430 27.48653412
v -6.92511415 12.43008327 27.48653412
v -9.86788177 12.73766422 27.48842049
v -9.86788177 12.73766422 27.48842049
v -6.92511415 12.43008327 27.48653412
v -6.91719961 12.56661320 27.48842049
v -9.86788177 12.73766422 27.48842049
v -6.91719961 12.56661320 27.48842049
v -9.86078453 12.86009598 27.54897308
v -9.86078453 12.86009598 27.54897308
v -6.91719961 12.56661320 27.48842049
v -6.91010237 12.68904591 27.54897308
v -9.86078453 12.86009598 27.54897308
v -6.91010237 12.68904591 27.54897308
v -9.85588551 12.94459724 27.65640831
v -9.85588551 12.94459724 27.65640831
v -6.91010237 12.68904591 27.54897308
v -6.90520382 12.77354622 27.65640831
v -9.85588551 12.94459724 27.65640831
v -6.90520382 12.77354622 27.65640831
v -3.95277572 12.63261700 27.78981209
v -12.82647800 12.77218533 27.48653412
v -15.77715969 12.94323635 27.48653412
v -3.98162365 12.13498116 27.54368401
v -3.98162365 12.13498116 27.54368401
v -15.77715969 12.94323635 27.48653412
v -18.72784233 13.11428738 27.48653412
v -3.98162365 12.13498116 27.54368401
v -18.72784233 13.11428738 27.48653412
v -21.67852402 13.28533840 27.48653412
v -21.67852402 13.28533840 27.48653412
v -18.72784233 13.11428738 27.48653412
v -21.67060852 13.42186832 27.48842049
v -21.67852402 13.28533840 27.48653412
v -21.67060852 13.42186832 27.48842049
v -24.62129211 13.59291935 27.48842049
v -24.62129211 13.59291935 27.48842049
v -21.67060852 13.42186832 27.48842049
v -24.61419487 13.71535110 27.54897308
v -12.82647800 12.77218533 27.48653412
v -15.76924515 13.07976627 27.48842049
v -15.77715969 12.94323635 27.48653412
v -15.77715969 12.94323635 27.48653412
v -15.76924515 13.07976627 27.48842049
v -18.71992683 13.25081730 27.48842049
v -15.77715969 12.94323635 27.48653412
v -18.71992683 13.25081730 27.48842049
v -18.72784233 13.11428738 27.48653412
v -18.72784233 13.11428738 27.48653412
v -18.71992683 13.25081730 27.48842049
v -21.67060852 13.42186832 27.48842049
v -24.62920570 13.45638943 27.48653412
v -3.98162365 12.13498116 27.54368401
v -21.67852402 13.28533840 27.48653412
v -24.62129211 13.59291935 27.48842049
v -24.62920570 13.45638943 27.48653412
v -21.67852402 13.28533840 27.48653412
v -30.53056908 13.79849148 27.48653412
v -27.57988739 13.62744045 27.48653412
v -30.52265549 13.93502140 27.48842049
v -30.52265549 13.93502140 27.48842049
v -27.57988739 13.62744045 27.48653412
v -27.57197380 13.76397038 27.48842049
v -30.52265549 13.93502140 27.48842049
v -27.57197380 13.76397038 27.48842049
v -30.51555824 14.05745316 27.54897308
v -30.51555824 14.05745316 27.54897308
v -27.57197380 13.76397038 27.48842049
v -27.56487656 13.88640213 27.54897308
v -30.51555824 14.05745316 27.54897308
v -27.56487656 13.88640213 27.54897308
v -30.51066017 14.14195442 27.65640831
v -30.51066017 14.14195442 27.65640831
v -27.56487656 13.88640213 27.54897308
v -27.55997658 13.97090340 27.65640831
v -30.51066017 14.14195442 27.65640831
v -27.55997658 13.97090340 27.65640831
v -3.95277572 12.63261700 27.78981209
v -33.48125076 13.96954250 27.48653412
v -36.43193436 14.14059353 27.48653412
v -3.98162365 12.13498116 27.54368401
v -3.98162365 12.13498116 27.54368401
v -36.43193436 14.14059353 27.48653412
v -39.38261414 14.31164455 27.48653412
v -3.98162365 12.13498116 27.54368401
v -39.38261414 14.31164455 27.48653412
v -42.33329773 14.48269558 27.48653412
v -42.33329773 14.48269558 27.48653412
v -39.38261414 14.31164455 27.48653412
v -42.32538223 14.61922550 27.48842049
v -42.33329773 14.48269558 27.48653412
v -42.32538223 14.61922550 27.48842049
v -45.27606583 14.79027653 27.48842049
v -45.27606583 14.79027653 27.48842049
v -42.32538223 14.61922550 27.48842049
v -45.26896667 14.91270828 27.54897308
v -33.48125076 13.96954250 27.48653412
v -36.42401886 14.27712345 27.48842049
v -36.43193436 14.14059353 27.48653412
v -36.43193436 14.14059353 27.48653412
v -36.42401886 14.27712345 27.48842049
v -39.37470245 14.44817448 27.48842049
v -36.43193436 14.14059353 27.48653412
v -39.37470245 14.44817448 27.48842049
v -39.38261414 14.31164455 27.48653412
v -39.38261414 14.31164455 27.48653412
v -39.37470245 14.44817448 27.48842049
v -42.32538223 14.61922550 27.48842049
v -45.28398132 14.65374660 27.48653412
v -3.98162365 12.13498116 27.54368401
v -42.33329773 14.48269558 27.48653412
v -45.27606583 14.79027653 27.48842049
v -45.28398132 14.65374660 27.48653412
v -42.33329773 14.48269558 27.48653412
v -51.18534470 14.99584866 27.48653412
v -48.23466110 14.82479763 27.48653412
v -51.17742920 15.13237858 27.48842049
v -51.17742920 15.13237858 27.48842049
v -48.23466110 14.82479763 27.48653412
v -48.22674561 14.96132755 27.48842049
v -51.17742920 15.13237858 27.48842049
v -48.22674561 14.96132755 27.48842049
v -51.17033005 15.25481033 27.54897308
v -51.17033005 15.25481033 27.54897308
v -48.22674561 14.96132755 27.48842049
v -48.21965027 15.08375931 27.54897308
v -51.17033005 15.25481033 27.54897308
v -48.21965027 15.08375931 27.54897308
v -51.16543198 15.33931160 27.65640831
v -51.16543198 15.33931160 27.65640831
v -48.21965027 15.08375931 27.54897308
v -48.21475220 15.16826057 27.65640831
v -60.02947617 15.64553165 27.48842049
v -57.08670807 15.33794975 27.48653412
v -57.07879257 15.47448063 27.48842049
v -57.07879257 15.47448063 27.48842049
v -57.08670807 15.33794975 27.48653412
v -54.13602448 15.16689873 27.48653412
v -65.93875122 15.85110283 27.48653412
v -101.35412598 17.77966309 27.54368401
v -62.98807144 15.68005180 27.48653412
v -62.98807144 15.68005180 27.48653412
v -101.35412598 17.77966309 27.54368401
v -60.03738785 15.50900078 27.48653412
v -62.98807144 15.68005180 27.48653412
v -60.03738785 15.50900078 27.48653412
v -62.98015594 15.81658268 27.48842049
v -65.93083954 15.98763371 27.48842049
v -65.93875122 15.85110283 27.48653412
v -62.98807144 15.68005180 27.48653412
v -65.93083954 15.98763371 27.48842049
v -62.98807144 15.68005180 27.48653412
v -62.98015594 15.81658268 27.48842049
v -71.84011841 16.19320488 27.48653412
v -68.88943481 16.02215385 27.48653412
v -71.83219910 16.32973480 27.48842049
v -71.83219910 16.32973480 27.48842049
v -68.88943481 16.02215385 27.48653412
v -68.88152313 16.15868378 27.48842049
v -71.83219910 16.32973480 27.48842049
v -68.88152313 16.15868378 27.48842049
v -71.82510376 16.45216751 27.54897308
v -71.82510376 16.45216751 27.54897308
v -68.88152313 16.15868378 27.48842049
v -68.87442017 16.28111649 27.54897308
v -71.82510376 16.45216751 27.54897308
v -68.87442017 16.28111649 27.54897308
v -71.82020569 16.53666878 27.65640831
v -71.82020569 16.53666878 27.65640831
v -68.87442017 16.28111649 27.54897308
v -68.86952209 16.36561775 27.65640831
v -71.82020569 16.53666878 27.65640831
v -68.86952209 16.36561775 27.65640831
v -101.32527924 18.27729988 27.78981209
v -74.79080200 16.36425591 27.48653412
v -77.74147797 16.53530693 27.48653412
v -101.35412598 17.77966309 27.54368401
v -101.35412598 17.77966309 27.54368401
v -77.74147797 16.53530693 27.48653412
v -80.69216156 16.70635796 27.48653412
v -101.35412598 17.77966309 27.54368401
v -80.69216156 16.70635796 27.48653412
v -83.64284515 16.87740898 27.48653412
v -83.64284515 16.87740898 27.48653412
v -80.69216156 16.70635796 27.48653412
v -83.63493347 17.01393890 27.48842049
v -83.64284515 16.87740898 27.48653412
v -83.63493347 17.01393890 27.48842049
v -86.58560944 17.18498993 27.48842049
v -86.58560944 17.18498993 27.48842049
v -83.63493347 17.01393890 27.48842049
v -86.57851410 17.30742264 27.54897308
v -74.79080200 16.36425591 27.48653412
v -77.73356628 16.67183685 27.48842049
v -77.74147797 16.53530693 27.48653412
v -77.74147797 16.53530693 27.48653412
v -77.73356628 16.67183685 27.48842049
v -80.68424988 16.84288788 27.48842049
v -77.74147797 16.53530693 27.48653412
v -80.68424988 16.84288788 27.48842049
v -80.69216156 16.70635796 27.48653412
v -80.69216156 16.70635796 27.48653412
v -80.68424988 16.84288788 27.48842049
v -83.63493347 17.01393890 27.48842049
v -86.59352875 17.04846001 27.48653412
v -101.35412598 17.77966309 27.54368401
v -83.64284515 16.87740898 27.48653412
v -86.58560944 17.18498993 27.48842049
v -86.59352875 17.04846001 27.48653412
v -83.64284515 16.87740898 27.48653412
v -92.49488831 17.39056206 27.48653412
v -89.54421234 17.21951103 27.48653412
v -92.48697662 17.52709198 27.48842049
v -92.48697662 17.52709198 27.48842049
v -89.54421234 17.21951103 27.48653412
v -89.53629303 17.35604095 27.48842049
v -92.48697662 17.52709198 27.48842049
v -89.53629303 17.35604095 27.48842049
v -92.47988129 17.64952469 27.54897308
v -9.87579632 12.60113430 27.48653412
v -9.86788177 12.73766422 27.48842049
v -12.81856346 12.90871525 27.48842049
v -12.81856346 12.90871525 27.48842049
v -9.86788177 12.73766422 27.48842049
v -12.81146622 13.03114700 27.54897308
v -12.81856346 12.90871525 27.48842049
v -12.81146622 13.03114700 27.54897308
v -15.76214790 13.20219803 27.54897308
v -15.76214790 13.20219803 27.54897308
v -12.81146622 13.03114700 27.54897308
v -15.75724983 13.28669930 27.65640831
v -15.76214790 13.20219803 27.54897308
v -15.75724983 13.28669930 27.65640831
v -18.70793152 13.45775032 27.65640831
v -18.70793152 13.45775032 27.65640831
v -15.75724983 13.28669930 27.65640831
v -3.95277572 12.63261700 27.78981209
v -12.81146622 13.03114700 27.54897308
v -9.86788177 12.73766422 27.48842049
v -9.86078453 12.86009598 27.54897308
v -15.76924515 13.07976627 27.48842049
v -18.71282959 13.37324905 27.54897308
v -18.71992683 13.25081730 27.48842049
v -18.71992683 13.25081730 27.48842049
v -18.71282959 13.37324905 27.54897308
v -21.66351128 13.54430008 27.54897308
v -18.71992683 13.25081730 27.48842049
v -21.66351128 13.54430008 27.54897308
v -21.67060852 13.42186832 27.48842049
v -21.67060852 13.42186832 27.48842049
v -21.66351128 13.54430008 27.54897308
v -24.61419487 13.71535110 27.54897308
v -30.53056908 13.79849148 27.48653412
v -30.52265549 13.93502140 27.48842049
v -33.47333527 14.10607243 27.48842049
v -33.47333527 14.10607243 27.48842049
v -30.52265549 13.93502140 27.48842049
v -33.46623993 14.22850418 27.54897308
v -33.47333527 14.10607243 27.48842049
v -33.46623993 14.22850418 27.54897308
v -36.41692352 14.39955521 27.54897308
v -36.41692352 14.39955521 27.54897308
v -33.46623993 14.22850418 27.54897308
v -36.41202164 14.48405647 27.65640831
v -36.41692352 14.39955521 27.54897308
v -36.41202164 14.48405647 27.65640831
v -39.36270523 14.65510750 27.65640831
v -39.36270523 14.65510750 27.65640831
v -36.41202164 14.48405647 27.65640831
v -3.95277572 12.63261700 27.78981209
v -33.46623993 14.22850418 27.54897308
v -30.52265549 13.93502140 27.48842049
v -30.51555824 14.05745316 27.54897308
v -36.42401886 14.27712345 27.48842049
v -39.36760330 14.57060623 27.54897308
v -39.37470245 14.44817448 27.48842049
v -39.37470245 14.44817448 27.48842049
v -39.36760330 14.57060623 27.54897308
v -42.31828690 14.74165726 27.54897308
v -39.37470245 14.44817448 27.48842049
v -42.31828690 14.74165726 27.54897308
v -42.32538223 14.61922550 27.48842049
v -42.32538223 14.61922550 27.48842049
v -42.31828690 14.74165726 27.54897308
v -45.26896667 14.91270828 27.54897308
v -54.12101364 15.42586136 27.54897308
v -54.12810898 15.30342960 27.48842049
v -51.17742920 15.13237858 27.48842049
v -51.17742920 15.13237858 27.48842049
v -54.12810898 15.30342960 27.48842049
v -51.18534470 14.99584866 27.48653412
v -54.12101364 15.42586136 27.54897308
v -51.17742920 15.13237858 27.48842049
v -51.17033005 15.25481033 27.54897308
v -62.97306061 15.93901443 27.54897308
v -60.02947617 15.64553165 27.48842049
v -60.02237701 15.76796341 27.54897308
v -60.02237701 15.76796341 27.54897308
v -60.02947617 15.64553165 27.48842049
v -57.07879257 15.47448063 27.48842049
v -65.92374420 16.11006546 27.54897308
v -65.93083954 15.98763371 27.48842049
v -62.98015594 15.81658268 27.48842049
v -71.84011841 16.19320488 27.48653412
v -71.83219910 16.32973480 27.48842049
v -74.78288269 16.50078583 27.48842049
v -74.78288269 16.50078583 27.48842049
v -71.83219910 16.32973480 27.48842049
v -74.77578735 16.62321854 27.54897308
v -74.78288269 16.50078583 27.48842049
v -74.77578735 16.62321854 27.54897308
v -77.72647095 16.79426956 27.54897308
v -77.72647095 16.79426956 27.54897308
v -74.77578735 16.62321854 27.54897308
v -77.72157288 16.87877083 27.65640831
v -77.72647095 16.79426956 27.54897308
v -77.72157288 16.87877083 27.65640831
v -80.67224884 17.04982185 27.65640831
v -80.67224884 17.04982185 27.65640831
v -77.72157288 16.87877083 27.65640831
v -101.32527924 18.27729988 27.78981209
v -74.77578735 16.62321854 27.54897308
v -71.83219910 16.32973480 27.48842049
v -71.82510376 16.45216751 27.54897308
v -77.73356628 16.67183685 27.48842049
v -80.67715454 16.96532059 27.54897308
v -80.68424988 16.84288788 27.48842049
v -80.68424988 16.84288788 27.48842049
v -80.67715454 16.96532059 27.54897308
v -83.62783051 17.13637161 27.54897308
v -80.68424988 16.84288788 27.48842049
v -83.62783051 17.13637161 27.54897308
v -83.63493347 17.01393890 27.48842049
v -83.63493347 17.01393890 27.48842049
v -83.62783051 17.13637161 27.54897308
v -86.57851410 17.30742264 27.54897308
v -92.49488831 17.39056206 27.48653412
v -92.48697662 17.52709198 27.48842049
v -95.43766022 17.69814301 27.48842049
v -95.43766022 17.69814301 27.48842049
v -92.48697662 17.52709198 27.48842049
v -95.43055725 17.82057571 27.54897308
v -95.43766022 17.69814301 27.48842049
v -95.43055725 17.82057571 27.54897308
v -98.38124084 17.99162674 27.54897308
v -98.38124084 17.99162674 27.54897308
v -95.43055725 17.82057571 27.54897308
v -98.37634277 18.07612610 27.65640831
v -95.43055725 17.82057571 27.54897308
v -92.48697662 17.52709198 27.48842049
v -92.47988129 17.64952469 27.54897308
v -12.81146622 13.03114700 27.54897308
v -9.86078453 12.86009598 27.54897308
v -12.80656719 13.11564827 27.65640831
v -12.80656719 13.11564827 27.65640831
v -9.86078453 12.86009598 27.54897308
v -9.85588551 12.94459724 27.65640831
v -12.80656719 13.11564827 27.65640831
v -9.85588551 12.94459724 27.65640831
v -3.95277572 12.63261700 27.78981209
v -24.60929489 13.79985237 27.65640831
v -24.61419487 13.71535110 27.54897308
v -21.66351128 13.54430008 27.54897308
v -24.60929489 13.79985237 27.65640831
v -21.66351128 13.54430008 27.54897308
v -21.65861320 13.62880135 27.65640831
v -21.65861320 13.62880135 27.65640831
v -21.66351128 13.54430008 27.54897308
v -18.71282959 13.37324905 27.54897308
v -33.46623993 14.22850418 27.54897308
v -30.51555824 14.05745316 27.54897308
v -33.46134186 14.31300545 27.65640831
v -33.46134186 14.31300545 27.65640831
v -30.51555824 14.05745316 27.54897308
v -30.51066017 14.14195442 27.65640831
v -33.46134186 14.31300545 27.65640831
v -30.51066017 14.14195442 27.65640831
v -3.95277572 12.63261700 27.78981209
v -45.26406860 14.99720955 27.65640831
v -45.26896667 14.91270828 27.54897308
v -42.31828690 14.74165726 27.54897308
v -45.26406860 14.99720955 27.65640831
v -42.31828690 14.74165726 27.54897308
v -42.31338882 14.82615852 27.65640831
v -42.31338882 14.82615852 27.65640831
v -42.31828690 14.74165726 27.54897308
v -39.36760330 14.57060623 27.54897308
v -54.11611557 15.51036263 27.65640831
v -54.12101364 15.42586136 27.54897308
v -51.17033005 15.25481033 27.54897308
v -54.11611557 15.51036263 27.65640831
v -51.17033005 15.25481033 27.54897308
v -51.16543198 15.33931160 27.65640831
v -60.01747894 15.85246372 27.65640831
v -57.07169724 15.59691238 27.54897308
v -57.06679535 15.68141365 27.65640831
v -65.91884613 16.19456673 27.65640831
v -62.97306061 15.93901443 27.54897308
v -62.96816254 16.02351570 27.65640831
v -62.96816254 16.02351570 27.65640831
v -62.97306061 15.93901443 27.54897308
v -60.02237701 15.76796341 27.54897308
v -74.77578735 16.62321854 27.54897308
v -71.82510376 16.45216751 27.54897308
v -74.77088928 16.70771980 27.65640831
v -74.77088928 16.70771980 27.65640831
v -71.82510376 16.45216751 27.54897308
v -71.82020569 16.53666878 27.65640831
v -74.77088928 16.70771980 27.65640831
v -71.82020569 16.53666878 27.65640831
v -101.32527924 18.27729988 27.78981209
v -86.57361603 17.39192390 27.65640831
v -86.57851410 17.30742264 27.54897308
v -83.62783051 17.13637161 27.54897308
v -86.57361603 17.39192390 27.65640831
v -83.62783051 17.13637161 27.54897308
v -83.62293243 17.22087288 27.65640831
v -83.62293243 17.22087288 27.65640831
v -83.62783051 17.13637161 27.54897308
v -80.67715454 16.96532059 27.54897308
v -92.47498322 17.73402405 27.65640831
v -89.52919769 17.47847366 27.54897308
v -89.52429962 17.56297493 27.65640831
v -98.37634277 18.07612610 27.65640831
v -95.43055725 17.82057571 27.54897308
v -95.42565918 17.90507507 27.65640831
v -95.42565918 17.90507507 27.65640831
v -95.43055725 17.82057571 27.54897308
v -92.47988129 17.64952469 27.54897308
v -3.95277572 12.63261700 27.78981209
v -15.75724983 13.28669930 27.65640831
v -12.80656719 13.11564827 27.65640831
v -12.80656719 13.11564827 27.65640831
v -15.75724983 13.28669930 27.65640831
v -12.81146622 13.03114700 27.54897308
v -3.95277572 12.63261700 27.78981209
v -36.41202164 14.48405647 27.65640831
v -33.46134186 14.31300545 27.65640831
v -33.46134186 14.31300545 27.65640831
v -36.41202164 14.48405647 27.65640831
v -33.46623993 14.22850418 27.54897308
v -101.32527924 18.27729988 27.78981209
v -60.01747894 15.85246372 27.65640831
v -57.06679535 15.68141365 27.65640831
v -101.32527924 18.27729988 27.78981209
v -77.72157288 16.87877083 27.65640831
v -74.77088928 16.70771980 27.65640831
v -74.77088928 16.70771980 27.65640831
v -77.72157288 16.87877083 27.65640831
v -74.77578735 16.62321854 27.54897308
v -101.32527924 18.27729988 27.78981209
v -92.47498322 17.73402405 27.65640831
v -89.52429962 17.56297493 27.65640831
v -3.95277572 12.63261700 37.21018982
v -22.15818977 13.68798447 32.50000000
v -3.95277572 12.63261700 27.78981209
v -3.95277572 12.63261700 27.78981209
v -22.15818977 13.68798447 32.50000000
v -22.21261597 13.69114017 32.08588791
v -3.95277572 12.63261700 27.78981209
v -22.21261597 13.69114017 32.08588791
v -22.37219048 13.70038986 31.70000076
v -101.32527924 18.27729988 37.21018982
v -68.68008423 16.38485718 34.09999847
v -3.95277572 12.63261700 37.21018982
v -3.95277572 12.63261700 37.21018982
v -68.68008423 16.38485718 34.09999847
v -24.55416679 13.82687950 34.09999847
v -3.95277572 12.63261700 37.21018982
v -24.55416679 13.82687950 34.09999847
v -23.75550842 13.78058147 34.09999847
v -68.68008423 16.38485718 34.09999847
v -101.32527924 18.27729988 37.21018982
v -69.47874451 16.43115616 34.09999847
v -69.47874451 16.43115616 34.09999847
v -101.32527924 18.27729988 37.21018982
v -101.32527924 18.27729988 36.75000000
v -69.47874451 16.43115616 34.09999847
v -101.32527924 18.27729988 36.75000000
v -83.94526672 17.26978111 34.09627151
v -83.94526672 17.26978111 34.09627151
v -101.32527924 18.27729988 36.75000000
v -84.37925720 17.29493904 34.06653595
v -84.37925720 17.29493904 34.06653595
v -101.32527924 18.27729988 36.75000000
v -84.78914642 17.31870079 33.92061615
v -84.78914642 17.31870079 33.92061615
v -101.32527924 18.27729988 36.75000000
v -85.14453125 17.33930206 33.66933823
v -85.14453125 17.33930206 33.66933823
v -101.32527924 18.27729988 36.75000000
v -85.41905212 17.35521507 33.33133316
v -85.41905212 17.35521507 33.33133316
v -101.32527924 18.27729988 36.75000000
v -85.59236145 17.36526299 32.93167496
v -85.59236145 17.36526299 32.93167496
v -101.32527924 18.27729988 36.75000000
v -85.65159607 17.36869621 32.50000000
v -85.65159607 17.36869621 32.50000000
v -101.32527924 18.27729988 36.75000000
v -101.32527924 18.27729988 28.25000000
v -85.65159607 17.36869621 32.50000000
v -101.32527924 18.27729988 28.25000000
v -85.59236145 17.36526299 32.06832504
v -85.59236145 17.36526299 32.06832504
v -101.32527924 18.27729988 28.25000000
v -85.41905212 17.35521507 31.66866493
v -85.41905212 17.35521507 31.66866493
v -101.32527924 18.27729988 28.25000000
v -85.14453125 17.33930206 31.33066177
v -85.14453125 17.33930206 31.33066177
v -101.32527924 18.27729988 28.25000000
v -84.78914642 17.31870079 31.07938385
v -84.78914642 17.31870079 31.07938385
v -101.32527924 18.27729988 28.25000000
v -84.37925720 17.29493904 30.93346596
v -84.37925720 17.29493904 30.93346596
v -101.32527924 18.27729988 28.25000000
v -83.94526672 17.26978111 30.90373039
v -83.94526672 17.26978111 30.90373039
v -101.32527924 18.27729988 28.25000000
v -69.47874451 16.43115616 30.89999962
v -83.94526672 17.26978111 30.90373039
v -69.47874451 16.43115616 30.89999962
v -69.89215851 16.45512199 30.95451927
v -101.32527924 18.27729988 28.25000000
v -101.32527924 18.27729988 27.78981209
v -69.47874451 16.43115616 30.89999962
v -69.47874451 16.43115616 30.89999962
v -101.32527924 18.27729988 27.78981209
v -68.68008423 16.38485718 30.89999962
v -68.68008423 16.38485718 30.89999962
v -101.32527924 18.27729988 27.78981209
v -3.95277572 12.63261700 27.78981209
v -68.68008423 16.38485718 30.89999962
v -3.95277572 12.63261700 27.78981209
v -24.55416679 13.82687950 30.89999962
v -24.55416679 13.82687950 30.89999962
v -3.95277572 12.63261700 27.78981209
v -23.75550842 13.78058147 30.89999962
v -23.75550842 13.78058147 30.89999962
v -3.95277572 12.63261700 27.78981209
v -23.34209061 13.75661564 30.95451927
v -23.34209061 13.75661564 30.95451927
v -3.95277572 12.63261700 27.78981209
v -22.95684814 13.73428249 31.11435890
v -22.95684814 13.73428249 31.11435890
v -3.95277572 12.63261700 27.78981209
v -22.62603378 13.71510506 31.36862946
v -22.62603378 13.71510506 31.36862946
v -3.95277572 12.63261700 27.78981209
v -22.37219048 13.70038986 31.70000076
v -69.47874451 16.43115616 34.09999847
v -83.94526672 17.26978111 34.09627151
v -69.89215851 16.45512199 34.04548264
v -69.89215851 16.45512199 34.04548264
v -83.94526672 17.26978111 34.09627151
v -83.51936340 17.24509048 34.00761795
v -69.89215851 16.45512199 34.04548264
v -83.51936340 17.24509048 34.00761795
v -70.27740479 16.47745514 33.88563919
v -70.27740479 16.47745514 33.88563919
v -83.51936340 17.24509048 34.00761795
v -83.13313293 17.22270012 33.80715179
v -70.27740479 16.47745514 33.88563919
v -83.13313293 17.22270012 33.80715179
v -70.60822296 16.49663162 33.63137054
v -70.60822296 16.49663162 33.63137054
v -83.13313293 17.22270012 33.80715179
v -82.81521606 17.20427132 33.50973892
v -70.60822296 16.49663162 33.63137054
v -82.81521606 17.20427132 33.50973892
v -70.86206055 16.51134682 33.29999924
v -70.86206055 16.51134682 33.29999924
v -82.81521606 17.20427132 33.50973892
v -82.58919525 17.19116974 33.13744354
v -70.86206055 16.51134682 33.29999924
v -82.58919525 17.19116974 33.13744354
v -71.02163696 16.52059746 32.91411209
v -71.02163696 16.52059746 32.91411209
v -82.58919525 17.19116974 33.13744354
v -82.47183228 17.18436623 32.71786499
v -71.02163696 16.52059746 32.91411209
v -82.47183228 17.18436623 32.71786499
v -71.07606506 16.52375221 32.50000000
v -71.07606506 16.52375221 32.50000000
v -82.47183228 17.18436623 32.71786499
v -82.47183228 17.18436623 32.28213501
v -71.07606506 16.52375221 32.50000000
v -82.47183228 17.18436623 32.28213501
v -71.02163696 16.52059746 32.08588791
v -71.02163696 16.52059746 32.08588791
v -82.47183228 17.18436623 32.28213501
v -82.58919525 17.19116974 31.86255836
v -71.02163696 16.52059746 32.08588791
v -82.58919525 17.19116974 31.86255836
v -70.86206055 16.51134682 31.70000076
v -70.86206055 16.51134682 31.70000076
v -82.58919525 17.19116974 31.86255836
v -82.81521606 17.20427132 31.49025917
v -70.86206055 16.51134682 31.70000076
v -82.81521606 17.20427132 31.49025917
v -70.60822296 16.49663162 31.36862946
v -70.60822296 16.49663162 31.36862946
v -82.81521606 17.20427132 31.49025917
v -83.13313293 17.22270012 31.19284821
v -70.60822296 16.49663162 31.36862946
v -83.13313293 17.22270012 31.19284821
v -70.27740479 16.47745514 31.11435890
v -70.27740479 16.47745514 31.11435890
v -83.13313293 17.22270012 31.19284821
v -83.51936340 17.24509048 30.99238205
v -70.27740479 16.47745514 31.11435890
v -83.51936340 17.24509048 30.99238205
v -69.89215851 16.45512199 30.95451927
v -69.89215851 16.45512199 30.95451927
v -83.51936340 17.24509048 30.99238205
v -83.94526672 17.26978111 30.90373039
v -24.55416679 13.82687950 30.89999962
v -24.96758270 13.85084534 30.95451927
v -68.68008423 16.38485718 30.89999962
v -68.68008423 16.38485718 30.89999962
v -24.96758270 13.85084534 30.95451927
v -68.26667023 16.36089325 30.95451927
v -68.26667023 16.36089325 30.95451927
v -24.96758270 13.85084534 30.95451927
v -67.88142395 16.33856010 31.11435890
v -67.88142395 16.33856010 31.11435890
v -24.96758270 13.85084534 30.95451927
v -25.35282707 13.87317753 31.11435890
v -67.88142395 16.33856010 31.11435890
v -25.35282707 13.87317753 31.11435890
v -67.55061340 16.31938171 31.36862946
v -67.55061340 16.31938171 31.36862946
v -25.35282707 13.87317753 31.11435890
v -25.68364143 13.89235497 31.36862946
v -67.55061340 16.31938171 31.36862946
v -25.68364143 13.89235497 31.36862946
v -67.29676819 16.30466652 31.70000076
v -67.29676819 16.30466652 31.70000076
v -25.68364143 13.89235497 31.36862946
v -25.93748474 13.90707016 31.70000076
v -67.29676819 16.30466652 31.70000076
v -25.93748474 13.90707016 31.70000076
v -67.13719177 16.29541588 32.08588791
v -67.13719177 16.29541588 32.08588791
v -25.93748474 13.90707016 31.70000076
v -26.09705734 13.91632080 32.08588791
v -67.13719177 16.29541588 32.08588791
v -26.09705734 13.91632080 32.08588791
v -67.08277130 16.29226112 32.50000000
v -67.08277130 16.29226112 32.50000000
v -26.09705734 13.91632080 32.08588791
v -26.15148544 13.91947556 32.50000000
v -67.08277130 16.29226112 32.50000000
v -26.15148544 13.91947556 32.50000000
v -26.09705734 13.91632080 32.91411209
v -67.08277130 16.29226112 32.50000000
v -26.09705734 13.91632080 32.91411209
v -67.13719177 16.29541588 32.91411209
v -67.13719177 16.29541588 32.91411209
v -26.09705734 13.91632080 32.91411209
v -25.93748474 13.90707016 33.29999924
v -67.13719177 16.29541588 32.91411209
v -25.93748474 13.90707016 33.29999924
v -67.29676819 16.30466652 33.29999924
v -67.29676819 16.30466652 33.29999924
v -25.93748474 13.90707016 33.29999924
v -25.68364143 13.89235497 33.63137054
v -67.29676819 16.30466652 33.29999924
v -25.68364143 13.89235497 33.63137054
v -67.55061340 16.31938171 33.63137054
v -67.55061340 16.31938171 33.63137054
v -25.68364143 13.89235497 33.63137054
v -25.35282707 13.87317753 33.88563919
v -67.55061340 16.31938171 33.63137054
v -25.35282707 13.87317753 33.88563919
v -67.88142395 16.33856010 33.88563919
v -67.88142395 16.33856010 33.88563919
v -25.35282707 13.87317753 33.88563919
v -24.96758270 13.85084534 34.04548264
v -67.88142395 16.33856010 33.88563919
v -24.96758270 13.85084534 34.04548264
v -68.26667023 16.36089325 34.04548264
v -68.26667023 16.36089325 34.04548264
v -24.96758270 13.85084534 34.04548264
v -68.68008423 16.38485718 34.09999847
v -68.68008423 16.38485718 34.09999847
v -24.96758270 13.85084534 34.04548264
v -24.55416679 13.82687950 34.09999847
v -23.75550842 13.78058147 34.09999847
v -23.34209061 13.75661564 34.04548264
v -3.95277572 12.63261700 37.21018982
v -3.95277572 12.63261700 37.21018982
v -23.34209061 13.75661564 34.04548264
v -22.95684814 13.73428249 33.88563919
v -3.95277572 12.63261700 37.21018982
v -22.95684814 13.73428249 33.88563919
v -22.62603378 13.71510506 33.63137054
v -22.62603378 13.71510506 33.63137054
v -22.37219048 13.70038986 33.29999924
v -3.95277572 12.63261700 37.21018982
v -3.95277572 12.63261700 37.21018982
v -22.37219048 13.70038986 33.29999924
v -22.21261597 13.69114017 32.91411209
v -3.95277572 12.63261700 37.21018982
v -22.21261597 13.69114017 32.91411209
v -22.15818977 13.68798447 32.50000000
v -3.95452189 12.60249519 37.34358978
v -6.90520382 12.77354622 37.34358978
v -3.95277572 12.63261700 37.21018982
v -3.95277572 12.63261700 37.21018982
v -6.90520382 12.77354622 37.34358978
v -9.85588551 12.94459724 37.34358978
v -3.95277572 12.63261700 37.21018982
v -9.85588551 12.94459724 37.34358978
v -12.80656719 13.11564827 37.34358978
v -12.80656719 13.11564827 37.34358978
v -9.85588551 12.94459724 37.34358978
v -12.81146622 13.03114700 37.45102692
v -12.80656719 13.11564827 37.34358978
v -12.81146622 13.03114700 37.45102692
v -15.76214790 13.20219803 37.45102692
v -15.76214790 13.20219803 37.45102692
v -12.81146622 13.03114700 37.45102692
v -15.76924515 13.07976627 37.51158142
v -15.76214790 13.20219803 37.45102692
v -15.76924515 13.07976627 37.51158142
v -18.71992683 13.25081730 37.51158142
v -18.71992683 13.25081730 37.51158142
v -15.76924515 13.07976627 37.51158142
v -18.72784233 13.11428738 37.51346588
v -18.71992683 13.25081730 37.51158142
v -18.72784233 13.11428738 37.51346588
v -21.67852402 13.28533840 37.51346588
v -21.67852402 13.28533840 37.51346588
v -18.72784233 13.11428738 37.51346588
v -3.98162365 12.13498116 37.45631409
v -21.67852402 13.28533840 37.51346588
v -3.98162365 12.13498116 37.45631409
v -24.62920570 13.45638943 37.51346588
v -24.62920570 13.45638943 37.51346588
v -3.98162365 12.13498116 37.45631409
v -27.57988739 13.62744045 37.51346588
v -24.62920570 13.45638943 37.51346588
v -27.57988739 13.62744045 37.51346588
v -24.62129211 13.59291935 37.51158142
v -24.62129211 13.59291935 37.51158142
v -27.57988739 13.62744045 37.51346588
v -27.57197380 13.76397038 37.51158142
v -24.62129211 13.59291935 37.51158142
v -27.57197380 13.76397038 37.51158142
v -24.61419487 13.71535110 37.45102692
v -24.61419487 13.71535110 37.45102692
v -27.57197380 13.76397038 37.51158142
v -27.56487656 13.88640213 37.45102692
v -24.61419487 13.71535110 37.45102692
v -27.56487656 13.88640213 37.45102692
v -24.60929489 13.79985237 37.34358978
v -24.60929489 13.79985237 37.34358978
v -27.56487656 13.88640213 37.45102692
v -27.55997658 13.97090340 37.34358978
v -24.60929489 13.79985237 37.34358978
v -27.55997658 13.97090340 37.34358978
v -3.95277572 12.63261700 37.21018982
v -3.95277572 12.63261700 37.21018982
v -27.55997658 13.97090340 37.34358978
v -30.51066017 14.14195442 37.34358978
v -3.95277572 12.63261700 37.21018982
v -30.51066017 14.14195442 37.34358978
v -33.46134186 14.31300545 37.34358978
v -33.46134186 14.31300545 37.34358978
v -30.51066017 14.14195442 37.34358978
v -33.46623993 14.22850418 37.45102692
v -33.46134186 14.31300545 37.34358978
v -33.46623993 14.22850418 37.45102692
v -36.41692352 14.39955521 37.45102692
v -36.41692352 14.39955521 37.45102692
v -33.46623993 14.22850418 37.45102692
v -36.42401886 14.27712345 37.51158142
v -36.41692352 14.39955521 37.45102692
v -36.42401886 14.27712345 37.51158142
v -39.37470245 14.44817448 37.51158142
v -39.37470245 14.44817448 37.51158142
v -36.42401886 14.27712345 37.51158142
v -39.38261414 14.31164455 37.51346588
v -39.37470245 14.44817448 37.51158142
v -39.38261414 14.31164455 37.51346588
v -42.33329773 14.48269558 37.51346588
v -42.33329773 14.48269558 37.51346588
v -39.38261414 14.31164455 37.51346588
v -3.98162365 12.13498116 37.45631409
v -42.33329773 14.48269558 37.51346588
v -3.98162365 12.13498116 37.45631409
v -45.28398132 14.65374660 37.51346588
v -45.28398132 14.65374660 37.51346588
v -3.98162365 12.13498116 37.45631409
v -48.23466110 14.82479763 37.51346588
v -45.28398132 14.65374660 37.51346588
v -48.23466110 14.82479763 37.51346588
v -45.27606583 14.79027653 37.51158142
v -45.27606583 14.79027653 37.51158142
v -48.23466110 14.82479763 37.51346588
v -48.22674561 14.96132755 37.51158142
v -45.27606583 14.79027653 37.51158142
v -48.22674561 14.96132755 37.51158142
v -45.26896667 14.91270828 37.45102692
v -45.26896667 14.91270828 37.45102692
v -48.22674561 14.96132755 37.51158142
v -48.21965027 15.08375931 37.45102692
v -45.26896667 14.91270828 37.45102692
v -48.21965027 15.08375931 37.45102692
v -45.26406860 14.99720955 37.34358978
v -45.26406860 14.99720955 37.34358978
v -48.21965027 15.08375931 37.45102692
v -48.21475220 15.16826057 37.34358978
v -45.26406860 14.99720955 37.34358978
v -48.21475220 15.16826057 37.34358978
v -3.95277572 12.63261700 37.21018982
v -3.95277572 12.63261700 37.21018982
v -48.21475220 15.16826057 37.34358978
v -51.16543198 15.33931160 37.34358978
v -3.95277572 12.63261700 37.21018982
v -51.16543198 15.33931160 37.34358978
v -54.11611557 15.51036263 37.34358978
v -54.11611557 15.51036263 37.34358978
v -51.16543198 15.33931160 37.34358978
v -54.12101364 15.42586136 37.45102692
v -54.11611557 15.51036263 37.34358978
v -54.12101364 15.42586136 37.45102692
v -57.07169724 15.59691238 37.45102692
v -57.07169724 15.59691238 37.45102692
v -54.12101364 15.42586136 37.45102692
v -57.07879257 15.47448063 37.51158142
v -57.07169724 15.59691238 37.45102692
v -57.07879257 15.47448063 37.51158142
v -60.02947617 15.64553165 37.51158142
v -60.02947617 15.64553165 37.51158142
v -57.07879257 15.47448063 37.51158142
v -60.03738785 15.50900078 37.51346588
v -60.02947617 15.64553165 37.51158142
v -60.03738785 15.50900078 37.51346588
v -62.98807144 15.68005180 37.51346588
v -62.98807144 15.68005180 37.51346588
v -60.03738785 15.50900078 37.51346588
v -101.35412598 17.77966309 37.45631409
v -62.98807144 15.68005180 37.51346588
v -101.35412598 17.77966309 37.45631409
v -65.93875122 15.85110283 37.51346588
v -65.93875122 15.85110283 37.51346588
v -101.35412598 17.77966309 37.45631409
v -68.88943481 16.02215385 37.51346588
v -65.93875122 15.85110283 37.51346588
v -68.88943481 16.02215385 37.51346588
v -65.93083954 15.98763371 37.51158142
v -65.93083954 15.98763371 37.51158142
v -68.88943481 16.02215385 37.51346588
v -68.88152313 16.15868378 37.51158142
v -65.93083954 15.98763371 37.51158142
v -68.88152313 16.15868378 37.51158142
v -65.92374420 16.11006546 37.45102692
v -65.92374420 16.11006546 37.45102692
v -68.88152313 16.15868378 37.51158142
v -68.87442017 16.28111649 37.45102692
v -65.92374420 16.11006546 37.45102692
v -68.87442017 16.28111649 37.45102692
v -65.91884613 16.19456673 37.34358978
v -65.91884613 16.19456673 37.34358978
v -68.87442017 16.28111649 37.45102692
v -68.86952209 16.36561775 37.34358978
v -65.91884613 16.19456673 37.34358978
v -68.86952209 16.36561775 37.34358978
v -101.32527924 18.27729988 37.21018982
v -101.32527924 18.27729988 37.21018982
v -68.86952209 16.36561775 37.34358978
v -71.82020569 16.53666878 37.34358978
v -101.32527924 18.27729988 37.21018982
v -71.82020569 16.53666878 37.34358978
v -74.77088928 16.70771980 37.34358978
v -74.77088928 16.70771980 37.34358978
v -71.82020569 16.53666878 37.34358978
v -74.77578735 16.62321854 37.45102692
v -74.77088928 16.70771980 37.34358978
v -74.77578735 16.62321854 37.45102692
v -77.72647095 16.79426956 37.45102692
v -77.72647095 16.79426956 37.45102692
v -74.77578735 16.62321854 37.45102692
v -77.73356628 16.67183685 37.51158142
v -77.72647095 16.79426956 37.45102692
v -77.73356628 16.67183685 37.51158142
v -80.68424988 16.84288788 37.51158142
v -80.68424988 16.84288788 37.51158142
v -77.73356628 16.67183685 37.51158142
v -80.69216156 16.70635796 37.51346588
v -80.68424988 16.84288788 37.51158142
v -80.69216156 16.70635796 37.51346588
v -83.64284515 16.87740898 37.51346588
v -83.64284515 16.87740898 37.51346588
v -80.69216156 16.70635796 37.51346588
v -101.35412598 17.77966309 37.45631409
v -83.64284515 16.87740898 37.51346588
v -101.35412598 17.77966309 37.45631409
v -86.59352875 17.04846001 37.51346588
v -86.59352875 17.04846001 37.51346588
v -101.35412598 17.77966309 37.45631409
v -89.54421234 17.21951103 37.51346588
v -86.59352875 17.04846001 37.51346588
v -89.54421234 17.21951103 37.51346588
v -86.58560944 17.18498993 37.51158142
v -86.58560944 17.18498993 37.51158142
v -89.54421234 17.21951103 37.51346588
v -89.53629303 17.35604095 37.51158142
v -86.58560944 17.18498993 37.51158142
v -89.53629303 17.35604095 37.51158142
v -86.57851410 17.30742264 37.45102692
v -86.57851410 17.30742264 37.45102692
v -89.53629303 17.35604095 37.51158142
v -89.52919769 17.47847366 37.45102692
v -86.57851410 17.30742264 37.45102692
v -89.52919769 17.47847366 37.45102692
v -86.57361603 17.39192390 37.34358978
v -86.57361603 17.39192390 37.34358978
v -89.52919769 17.47847366 37.45102692
v -89.52429962 17.56297493 37.34358978
v -86.57361603 17.39192390 37.34358978
v -89.52429962 17.56297493 37.34358978
v -101.32527924 18.27729988 37.21018982
v -101.32527924 18.27729988 37.21018982
v -89.52429962 17.56297493 37.34358978
v -92.47498322 17.73402405 37.34358978
v -101.32527924 18.27729988 37.21018982
v -92.47498322 17.73402405 37.34358978
v -95.42565918 17.90507507 37.34358978
v -95.42565918 17.90507507 37.34358978
v -92.47498322 17.73402405 37.34358978
v -95.43055725 17.82057571 37.45102692
v -95.42565918 17.90507507 37.34358978
v -95.43055725 17.82057571 37.45102692
v -98.38124084 17.99162674 37.45102692
v -98.38124084 17.99162674 37.45102692
v -95.43055725 17.82057571 37.45102692
v -98.38833618 17.86919403 37.51158142
v -98.38124084 17.99162674 37.45102692
v -98.38833618 17.86919403 37.51158142
v -101.33901978 18.04024506 37.51158142
v -101.33901978 18.04024506 37.51158142
v -98.38833618 17.86919403 37.51158142
v -101.34693909 17.90371513 37.51346588
v -101.34693909 17.90371513 37.51346588
v -98.38833618 17.86919403 37.51158142
v -98.39625549 17.73266411 37.51346588
v -101.34693909 17.90371513 37.51346588
v -98.39625549 17.73266411 37.51346588
v -101.35412598 17.77966309 37.45631409
v -101.35412598 17.77966309 37.45631409
v -98.39625549 17.73266411 37.51346588
v -95.44557190 17.56161308 37.51346588
v -101.35412598 17.77966309 37.45631409
v -95.44557190 17.56161308 37.51346588
v -92.49488831 17.39056206 37.51346588
v -92.49488831 17.39056206 37.51346588
v -95.44557190 17.56161308 37.51346588
v -92.48697662 17.52709198 37.51158142
v -92.49488831 17.39056206 37.51346588
v -92.48697662 17.52709198 37.51158142
v -89.53629303 17.35604095 37.51158142
v -89.53629303 17.35604095 37.51158142
v -92.48697662 17.52709198 37.51158142
v -89.52919769 17.47847366 37.45102692
v -6.90520382 12.77354622 37.34358978
v -3.95452189 12.60249519 37.34358978
v -6.91010237 12.68904591 37.45102692
v -6.91010237 12.68904591 37.45102692
v -3.95452189 12.60249519 37.34358978
v -3.95942044 12.51799488 37.45102692
v -6.91010237 12.68904591 37.45102692
v -3.95942044 12.51799488 37.45102692
v -6.91719961 12.56661320 37.51158142
v -6.91719961 12.56661320 37.51158142
v -3.95942044 12.51799488 37.45102692
v -3.96651769 12.39556313 37.51158142
v -6.91719961 12.56661320 37.51158142
v -3.96651769 12.39556313 37.51158142
v -6.92511415 12.43008327 37.51346588
v -6.92511415 12.43008327 37.51346588
v -3.96651769 12.39556313 37.51158142
v -3.97443247 12.25903225 37.51346588
v -6.92511415 12.43008327 37.51346588
v -3.97443247 12.25903225 37.51346588
v -3.98162365 12.13498116 37.45631409
v -48.23466110 14.82479763 37.51346588
v -3.98162365 12.13498116 37.45631409
v -51.18534470 14.99584866 37.51346588
v -51.18534470 14.99584866 37.51346588
v -3.98162365 12.13498116 37.45631409
v -101.35412598 17.77966309 37.45631409
v -51.18534470 14.99584866 37.51346588
v -101.35412598 17.77966309 37.45631409
v -54.13602448 15.16689873 37.51346588
v -54.13602448 15.16689873 37.51346588
v -101.35412598 17.77966309 37.45631409
v -57.08670807 15.33794975 37.51346588
v -54.13602448 15.16689873 37.51346588
v -57.08670807 15.33794975 37.51346588
v -54.12810898 15.30342960 37.51158142
v -54.12810898 15.30342960 37.51158142
v -57.08670807 15.33794975 37.51346588
v -57.07879257 15.47448063 37.51158142
v -54.12810898 15.30342960 37.51158142
v -57.07879257 15.47448063 37.51158142
v -54.12101364 15.42586136 37.45102692
v -101.33901978 18.04024506 37.51158142
v -101.33192444 18.16267776 37.45102692
v -98.38124084 17.99162674 37.45102692
v -98.38124084 17.99162674 37.45102692
v -101.33192444 18.16267776 37.45102692
v -98.37634277 18.07612610 37.34358978
v -98.38124084 17.99162674 37.45102692
v -98.37634277 18.07612610 37.34358978
v -95.42565918 17.90507507 37.34358978
v -95.42565918 17.90507507 37.34358978
v -98.37634277 18.07612610 37.34358978
v -101.32527924 18.27729988 37.21018982
v -101.33192444 18.16267776 37.45102692
v -101.32702637 18.24717712 37.34358978
v -98.37634277 18.07612610 37.34358978
v -98.37634277 18.07612610 37.34358978
v -101.32702637 18.24717712 37.34358978
v -101.32527924 18.27729988 37.21018982
v -3.95277572 12.63261700 37.21018982
v -54.11611557 15.51036263 37.34358978
v -101.32527924 18.27729988 37.21018982
v -101.32527924 18.27729988 37.21018982
v -54.11611557 15.51036263 37.34358978
v -57.06679535 15.68141365 37.34358978
v -101.32527924 18.27729988 37.21018982
v -57.06679535 15.68141365 37.34358978
v -60.01747894 15.85246372 37.34358978
v -60.01747894 15.85246372 37.34358978
v -57.06679535 15.68141365 37.34358978
v -60.02237701 15.76796341 37.45102692
v -60.01747894 15.85246372 37.34358978
v -60.02237701 15.76796341 37.45102692
v -62.97306061 15.93901443 37.45102692
v -62.97306061 15.93901443 37.45102692
v -60.02237701 15.76796341 37.45102692
v -62.98015594 15.81658268 37.51158142
v -62.97306061 15.93901443 37.45102692
v -62.98015594 15.81658268 37.51158142
v -65.93083954 15.98763371 37.51158142
v -65.93083954 15.98763371 37.51158142
v -62.98015594 15.81658268 37.51158142
v -65.93875122 15.85110283 37.51346588
v -9.85588551 12.94459724 37.34358978
v -6.90520382 12.77354622 37.34358978
v -9.86078453 12.86009598 37.45102692
v -9.86078453 12.86009598 37.45102692
v -6.90520382 12.77354622 37.34358978
v -6.91010237 12.68904591 37.45102692
v -9.86078453 12.86009598 37.45102692
v -6.91010237 12.68904591 37.45102692
v -9.86788177 12.73766422 37.51158142
v -9.86788177 12.73766422 37.51158142
v -6.91010237 12.68904591 37.45102692
v -6.91719961 12.56661320 37.51158142
v -9.86788177 12.73766422 37.51158142
v -6.91719961 12.56661320 37.51158142
v -9.87579632 12.60113430 37.51346588
v -9.87579632 12.60113430 37.51346588
v -6.91719961 12.56661320 37.51158142
v -6.92511415 12.43008327 37.51346588
v -9.87579632 12.60113430 37.51346588
v -6.92511415 12.43008327 37.51346588
v -3.98162365 12.13498116 37.45631409
v -12.80656719 13.11564827 37.34358978
v -15.75724983 13.28669930 37.34358978
v -3.95277572 12.63261700 37.21018982
v -3.95277572 12.63261700 37.21018982
v -15.75724983 13.28669930 37.34358978
v -18.70793152 13.45775032 37.34358978
v -3.95277572 12.63261700 37.21018982
v -18.70793152 13.45775032 37.34358978
v -21.65861320 13.62880135 37.34358978
v -21.65861320 13.62880135 37.34358978
v -18.70793152 13.45775032 37.34358978
v -21.66351128 13.54430008 37.45102692
v -21.65861320 13.62880135 37.34358978
v -21.66351128 13.54430008 37.45102692
v -24.61419487 13.71535110 37.45102692
v -24.61419487 13.71535110 37.45102692
v -21.66351128 13.54430008 37.45102692
v -24.62129211 13.59291935 37.51158142
v -12.80656719 13.11564827 37.34358978
v -15.76214790 13.20219803 37.45102692
v -15.75724983 13.28669930 37.34358978
v -15.75724983 13.28669930 37.34358978
v -15.76214790 13.20219803 37.45102692
v -18.71282959 13.37324905 37.45102692
v -15.75724983 13.28669930 37.34358978
v -18.71282959 13.37324905 37.45102692
v -18.70793152 13.45775032 37.34358978
v -18.70793152 13.45775032 37.34358978
v -18.71282959 13.37324905 37.45102692
v -21.66351128 13.54430008 37.45102692
v -24.60929489 13.79985237 37.34358978
v -3.95277572 12.63261700 37.21018982
v -21.65861320 13.62880135 37.34358978
v -24.61419487 13.71535110 37.45102692
v -24.60929489 13.79985237 37.34358978
v -21.65861320 13.62880135 37.34358978
v -30.51066017 14.14195442 37.34358978
v -27.55997658 13.97090340 37.34358978
v -30.51555824 14.05745316 37.45102692
v -30.51555824 14.05745316 37.45102692
v -27.55997658 13.97090340 37.34358978
v -27.56487656 13.88640213 37.45102692
v -30.51555824 14.05745316 37.45102692
v -27.56487656 13.88640213 37.45102692
v -30.52265549 13.93502140 37.51158142
v -30.52265549 13.93502140 37.51158142
v -27.56487656 13.88640213 37.45102692
v -27.57197380 13.76397038 37.51158142
v -30.52265549 13.93502140 37.51158142
v -27.57197380 13.76397038 37.51158142
v -30.53056908 13.79849148 37.51346588
v -30.53056908 13.79849148 37.51346588
v -27.57197380 13.76397038 37.51158142
v -27.57988739 13.62744045 37.51346588
v -30.53056908 13.79849148 37.51346588
v -27.57988739 13.62744045 37.51346588
v -3.98162365 12.13498116 37.45631409
v -33.46134186 14.31300545 37.34358978
v -36.41202164 14.48405647 37.34358978
v -3.95277572 12.63261700 37.21018982
v -3.95277572 12.63261700 37.21018982
v -36.41202164 14.48405647 37.34358978
v -39.36270523 14.65510750 37.34358978
v -3.95277572 12.63261700 37.21018982
v -39.36270523 14.65510750 37.34358978
v -42.31338882 14.82615852 37.34358978
v -42.31338882 14.82615852 37.34358978
v -39.36270523 14.65510750 37.34358978
v -42.31828690 14.74165726 37.45102692
v -42.31338882 14.82615852 37.34358978
v -42.31828690 14.74165726 37.45102692
v -45.26896667 14.91270828 37.45102692
v -45.26896667 14.91270828 37.45102692
v -42.31828690 14.74165726 37.45102692
v -45.27606583 14.79027653 37.51158142
v -33.46134186 14.31300545 37.34358978
v -36.41692352 14.39955521 37.45102692
v -36.41202164 14.48405647 37.34358978
v -36.41202164 14.48405647 37.34358978
v -36.41692352 14.39955521 37.45102692
v -39.36760330 14.57060623 37.45102692
v -36.41202164 14.48405647 37.34358978
v -39.36760330 14.57060623 37.45102692
v -39.36270523 14.65510750 37.34358978
v -39.36270523 14.65510750 37.34358978
v -39.36760330 14.57060623 37.45102692
v -42.31828690 14.74165726 37.45102692
v -45.26406860 14.99720955 37.34358978
v -3.95277572 12.63261700 37.21018982
v -42.31338882 14.82615852 37.34358978
v -45.26896667 14.91270828 37.45102692
v -45.26406860 14.99720955 37.34358978
v -42.31338882 14.82615852 37.34358978
v -51.16543198 15.33931160 37.34358978
v -48.21475220 15.16826057 37.34358978
v -51.17033005 15.25481033 37.45102692
v -51.17033005 15.25481033 37.45102692
v -48.21475220 15.16826057 37.34358978
v -48.21965027 15.08375931 37.45102692
v -51.17033005 15.25481033 37.45102692
v -48.21965027 15.08375931 37.45102692
v -51.17742920 15.13237858 37.51158142
v -51.17742920 15.13237858 37.51158142
v -48.21965027 15.08375931 37.45102692
v -48.22674561 14.96132755 37.51158142
v -51.17742920 15.13237858 37.51158142
v -48.22674561 14.96132755 37.51158142
v -51.18534470 14.99584866 37.51346588
v -51.18534470 14.99584866 37.51346588
v -48.22674561 14.96132755 37.51158142
v -48.23466110 14.82479763 37.51346588
v -60.02237701 15.76796341 37.45102692
v -57.06679535 15.68141365 37.34358978
v -57.07169724 15.59691238 37.45102692
v -57.07169724 15.59691238 37.45102692
v -57.06679535 15.68141365 37.34358978
v -54.11611557 15.51036263 37.34358978
v -65.91884613 16.19456673 37.34358978
v -101.32527924 18.27729988 37.21018982
v -62.96816254 16.02351570 37.34358978
v -62.96816254 16.02351570 37.34358978
v -101.32527924 18.27729988 37.21018982
v -60.01747894 15.85246372 37.34358978
v -62.96816254 16.02351570 37.34358978
v -60.01747894 15.85246372 37.34358978
v -62.97306061 15.93901443 37.45102692
v -65.92374420 16.11006546 37.45102692
v -65.91884613 16.19456673 37.34358978
v -62.96816254 16.02351570 37.34358978
v -65.92374420 16.11006546 37.45102692
v -62.96816254 16.02351570 37.34358978
v -62.97306061 15.93901443 37.45102692
v -71.82020569 16.53666878 37.34358978
v -68.86952209 16.36561775 37.34358978
v -71.82510376 16.45216751 37.45102692
v -71.82510376 16.45216751 37.45102692
v -68.86952209 16.36561775 37.34358978
v -68.87442017 16.28111649 37.45102692
v -71.82510376 16.45216751 37.45102692
v -68.87442017 16.28111649 37.45102692
v -71.83219910 16.32973480 37.51158142
v -71.83219910 16.32973480 37.51158142
v -68.87442017 16.28111649 37.45102692
v -68.88152313 16.15868378 37.51158142
v -71.83219910 16.32973480 37.51158142
v -68.88152313 16.15868378 37.51158142
v -71.84011841 16.19320488 37.51346588
v -71.84011841 16.19320488 37.51346588
v -68.88152313 16.15868378 37.51158142
v -68.88943481 16.02215385 37.51346588
v -71.84011841 16.19320488 37.51346588
v -68.88943481 16.02215385 37.51346588
v -101.35412598 17.77966309 37.45631409
v -74.77088928 16.70771980 37.34358978
v -77.72157288 16.87877083 37.34358978
v -101.32527924 18.27729988 37.21018982
v -101.32527924 18.27729988 37.21018982
v -77.72157288 16.87877083 37.34358978
v -80.67224884 17.04982185 37.34358978
v -101.32527924 18.27729988 37.21018982
v -80.67224884 17.04982185 37.34358978
v -83.62293243 17.22087288 37.34358978
v -83.62293243 17.22087288 37.34358978
v -80.67224884 17.04982185 37.34358978
v -83.62783051 17.13637161 37.45102692
v -83.62293243 17.22087288 37.34358978
v -83.62783051 17.13637161 37.45102692
v -86.57851410 17.30742264 37.45102692
v -86.57851410 17.30742264 37.45102692
v -83.62783051 17.13637161 37.45102692
v -86.58560944 17.18498993 37.51158142
v -74.77088928 16.70771980 37.34358978
v -77.72647095 16.79426956 37.45102692
v -77.72157288 16.87877083 37.34358978
v -77.72157288 16.87877083 37.34358978
v -77.72647095 16.79426956 37.45102692
v -80.67715454 16.96532059 37.45102692
v -77.72157288 16.87877083 37.34358978
v -80.67715454 16.96532059 37.45102692
v -80.67224884 17.04982185 37.34358978
v -80.67224884 17.04982185 37.34358978
v -80.67715454 16.96532059 37.45102692
v -83.62783051 17.13637161 37.45102692
v -86.57361603 17.39192390 37.34358978
v -101.32527924 18.27729988 37.21018982
v -83.62293243 17.22087288 37.34358978
v -86.57851410 17.30742264 37.45102692
v -86.57361603 17.39192390 37.34358978
v -83.62293243 17.22087288 37.34358978
v -92.47498322 17.73402405 37.34358978
v -89.52429962 17.56297493 37.34358978
v -92.47988129 17.64952469 37.45102692
v -92.47988129 17.64952469 37.45102692
v -89.52429962 17.56297493 37.34358978
v -89.52919769 17.47847366 37.45102692
v -92.47988129 17.64952469 37.45102692
v -89.52919769 17.47847366 37.45102692
v -92.48697662 17.52709198 37.51158142
v -9.85588551 12.94459724 37.34358978
v -9.86078453 12.86009598 37.45102692
v -12.81146622 13.03114700 37.45102692
v -12.81146622 13.03114700 37.45102692
v -9.86078453 12.86009598 37.45102692
v -12.81856346 12.90871525 37.51158142
v -12.81146622 13.03114700 37.45102692
v -12.81856346 12.90871525 37.51158142
v -15.76924515 13.07976627 37.51158142
v -15.76924515 13.07976627 37.51158142
v -12.81856346 12.90871525 37.51158142
v -15.77715969 12.94323635 37.51346588
v -15.76924515 13.07976627 37.51158142
v -15.77715969 12.94323635 37.51346588
v -18.72784233 13.11428738 37.51346588
v -18.72784233 13.11428738 37.51346588
v -15.77715969 12.94323635 37.51346588
v -3.98162365 12.13498116 37.45631409
v -12.81856346 12.90871525 37.51158142
v -9.86078453 12.86009598 37.45102692
v -9.86788177 12.73766422 37.51158142
v -15.76214790 13.20219803 37.45102692
v -18.71992683 13.25081730 37.51158142
v -18.71282959 13.37324905 37.45102692
v -18.71282959 13.37324905 37.45102692
v -18.71992683 13.25081730 37.51158142
v -21.67060852 13.42186832 37.51158142
v -18.71282959 13.37324905 37.45102692
v -21.67060852 13.42186832 37.51158142
v -21.66351128 13.54430008 37.45102692
v -21.66351128 13.54430008 37.45102692
v -21.67060852 13.42186832 37.51158142
v -24.62129211 13.59291935 37.51158142
v -30.51066017 14.14195442 37.34358978
v -30.51555824 14.05745316 37.45102692
v -33.46623993 14.22850418 37.45102692
v -33.46623993 14.22850418 37.45102692
v -30.51555824 14.05745316 37.45102692
v -33.47333527 14.10607243 37.51158142
v -33.46623993 14.22850418 37.45102692
v -33.47333527 14.10607243 37.51158142
v -36.42401886 14.27712345 37.51158142
v -36.42401886 14.27712345 37.51158142
v -33.47333527 14.10607243 37.51158142
v -36.43193436 14.14059353 37.51346588
v -36.42401886 14.27712345 37.51158142
v -36.43193436 14.14059353 37.51346588
v -39.38261414 14.31164455 37.51346588
v -39.38261414 14.31164455 37.51346588
v -36.43193436 14.14059353 37.51346588
v -3.98162365 12.13498116 37.45631409
v -33.47333527 14.10607243 37.51158142
v -30.51555824 14.05745316 37.45102692
v -30.52265549 13.93502140 37.51158142
v -36.41692352 14.39955521 37.45102692
v -39.37470245 14.44817448 37.51158142
v -39.36760330 14.57060623 37.45102692
v -39.36760330 14.57060623 37.45102692
v -39.37470245 14.44817448 37.51158142
v -42.32538223 14.61922550 37.51158142
v -39.36760330 14.57060623 37.45102692
v -42.32538223 14.61922550 37.51158142
v -42.31828690 14.74165726 37.45102692
v -42.31828690 14.74165726 37.45102692
v -42.32538223 14.61922550 37.51158142
v -45.27606583 14.79027653 37.51158142
v -54.12810898 15.30342960 37.51158142
v -54.12101364 15.42586136 37.45102692
v -51.17033005 15.25481033 37.45102692
v -51.17033005 15.25481033 37.45102692
v -54.12101364 15.42586136 37.45102692
v -51.16543198 15.33931160 37.34358978
v -54.12810898 15.30342960 37.51158142
v -51.17033005 15.25481033 37.45102692
v -51.17742920 15.13237858 37.51158142
v -62.98015594 15.81658268 37.51158142
v -60.02237701 15.76796341 37.45102692
v -60.02947617 15.64553165 37.51158142
v -60.02947617 15.64553165 37.51158142
v -60.02237701 15.76796341 37.45102692
v -57.07169724 15.59691238 37.45102692
v -65.93083954 15.98763371 37.51158142
v -65.92374420 16.11006546 37.45102692
v -62.97306061 15.93901443 37.45102692
v -71.82020569 16.53666878 37.34358978
v -71.82510376 16.45216751 37.45102692
v -74.77578735 16.62321854 37.45102692
v -74.77578735 16.62321854 37.45102692
v -71.82510376 16.45216751 37.45102692
v -74.78288269 16.50078583 37.51158142
v -74.77578735 16.62321854 37.45102692
v -74.78288269 16.50078583 37.51158142
v -77.73356628 16.67183685 37.51158142
v -77.73356628 16.67183685 37.51158142
v -74.78288269 16.50078583 37.51158142
v -77.74147797 16.53530693 37.51346588
v -77.73356628 16.67183685 37.51158142
v -77.74147797 16.53530693 37.51346588
v -80.69216156 16.70635796 37.51346588
v -80.69216156 16.70635796 37.51346588
v -77.74147797 16.53530693 37.51346588
v -101.35412598 17.77966309 37.45631409
v -74.78288269 16.50078583 37.51158142
v -71.82510376 16.45216751 37.45102692
v -71.83219910 16.32973480 37.51158142
v -77.72647095 16.79426956 37.45102692
v -80.68424988 16.84288788 37.51158142
v -80.67715454 16.96532059 37.45102692
v -80.67715454 16.96532059 37.45102692
v -80.68424988 16.84288788 37.51158142
v -83.63493347 17.01393890 37.51158142
v -80.67715454 16.96532059 37.45102692
v -83.63493347 17.01393890 37.51158142
v -83.62783051 17.13637161 37.45102692
v -83.62783051 17.13637161 37.45102692
v -83.63493347 17.01393890 37.51158142
v -86.58560944 17.18498993 37.51158142
v -92.47498322 17.73402405 37.34358978
v -92.47988129 17.64952469 37.45102692
v -95.43055725 17.82057571 37.45102692
v -95.43055725 17.82057571 37.45102692
v -92.47988129 17.64952469 37.45102692
v -95.43766022 17.69814301 37.51158142
v -95.43055725 17.82057571 37.45102692
v -95.43766022 17.69814301 37.51158142
v -98.38833618 17.86919403 37.51158142
v -98.38833618 17.86919403 37.51158142
v -95.43766022 17.69814301 37.51158142
v -98.39625549 17.73266411 37.51346588
v -95.43766022 17.69814301 37.51158142
v -92.47988129 17.64952469 37.45102692
v -92.48697662 17.52709198 37.51158142
v -12.81856346 12.90871525 37.51158142
v -9.86788177 12.73766422 37.51158142
v -12.82647800 12.77218533 37.51346588
v -12.82647800 12.77218533 37.51346588
v -9.86788177 12.73766422 37.51158142
v -9.87579632 12.60113430 37.51346588
v -12.82647800 12.77218533 37.51346588
v -9.87579632 12.60113430 37.51346588
v -3.98162365 12.13498116 37.45631409
v -24.62920570 13.45638943 37.51346588
v -24.62129211 13.59291935 37.51158142
v -21.67060852 13.42186832 37.51158142
v -24.62920570 13.45638943 37.51346588
v -21.67060852 13.42186832 37.51158142
v -21.67852402 13.28533840 37.51346588
v -21.67852402 13.28533840 37.51346588
v -21.67060852 13.42186832 37.51158142
v -18.71992683 13.25081730 37.51158142
v -33.47333527 14.10607243 37.51158142
v -30.52265549 13.93502140 37.51158142
v -33.48125076 13.96954250 37.51346588
v -33.48125076 13.96954250 37.51346588
v -30.52265549 13.93502140 37.51158142
v -30.53056908 13.79849148 37.51346588
v -33.48125076 13.96954250 37.51346588
v -30.53056908 13.79849148 37.51346588
v -3.98162365 12.13498116 37.45631409
v -45.28398132 14.65374660 37.51346588
v -45.27606583 14.79027653 37.51158142
v -42.32538223 14.61922550 37.51158142
v -45.28398132 14.65374660 37.51346588
v -42.32538223 14.61922550 37.51158142
v -42.33329773 14.48269558 37.51346588
v -42.33329773 14.48269558 37.51346588
v -42.32538223 14.61922550 37.51158142
v -39.37470245 14.44817448 37.51158142
v -54.13602448 15.16689873 37.51346588
v -54.12810898 15.30342960 37.51158142
v -51.17742920 15.13237858 37.51158142
v -54.13602448 15.16689873 37.51346588
v -51.17742920 15.13237858 37.51158142
v -51.18534470 14.99584866 37.51346588
v -60.03738785 15.50900078 37.51346588
v -57.07879257 15.47448063 37.51158142
v -57.08670807 15.33794975 37.51346588
v -65.93875122 15.85110283 37.51346588
v -62.98015594 15.81658268 37.51158142
v -62.98807144 15.68005180 37.51346588
v -62.98807144 15.68005180 37.51346588
v -62.98015594 15.81658268 37.51158142
v -60.02947617 15.64553165 37.51158142
v -74.78288269 16.50078583 37.51158142
v -71.83219910 16.32973480 37.51158142
v -74.79080200 16.36425591 37.51346588
v -74.79080200 16.36425591 37.51346588
v -71.83219910 16.32973480 37.51158142
v -71.84011841 16.19320488 37.51346588
v -74.79080200 16.36425591 37.51346588
v -71.84011841 16.19320488 37.51346588
v -101.35412598 17.77966309 37.45631409
v -86.59352875 17.04846001 37.51346588
v -86.58560944 17.18498993 37.51158142
v -83.63493347 17.01393890 37.51158142
v -86.59352875 17.04846001 37.51346588
v -83.63493347 17.01393890 37.51158142
v -83.64284515 16.87740898 37.51346588
v -83.64284515 16.87740898 37.51346588
v -83.63493347 17.01393890 37.51158142
v -80.68424988 16.84288788 37.51158142
v -92.49488831 17.39056206 37.51346588
v -89.53629303 17.35604095 37.51158142
v -89.54421234 17.21951103 37.51346588
v -98.39625549 17.73266411 37.51346588
v -95.43766022 17.69814301 37.51158142
v -95.44557190 17.56161308 37.51346588
v -95.44557190 17.56161308 37.51346588
v -95.43766022 17.69814301 37.51158142
v -92.48697662 17.52709198 37.51158142
v -3.98162365 12.13498116 37.45631409
v -15.77715969 12.94323635 37.51346588
v -12.82647800 12.77218533 37.51346588
v -12.82647800 12.77218533 37.51346588
v -15.77715969 12.94323635 37.51346588
v -12.81856346 12.90871525 37.51158142
v -3.98162365 12.13498116 37.45631409
v -36.43193436 14.14059353 37.51346588
v -33.48125076 13.96954250 37.51346588
v -33.48125076 13.96954250 37.51346588
v -36.43193436 14.14059353 37.51346588
v -33.47333527 14.10607243 37.51158142
v -101.35412598 17.77966309 37.45631409
v -60.03738785 15.50900078 37.51346588
v -57.08670807 15.33794975 37.51346588
v -101.35412598 17.77966309 37.45631409
v -77.74147797 16.53530693 37.51346588
v -74.79080200 16.36425591 37.51346588
v -74.79080200 16.36425591 37.51346588
v -77.74147797 16.53530693 37.51346588
v -74.78288269 16.50078583 37.51158142
v -101.35412598 17.77966309 37.45631409
v -92.49488831 17.39056206 37.51346588
v -89.54421234 17.21951103 37.51346588
v -4.00998449 11.64574718 37.15784836
v -16.18154716 12.35133266 37.15784836
v -3.98162365 12.13498116 37.45631409
v -3.98162365 12.13498116 37.45631409
v -16.18154716 12.35133266 37.15784836
v -28.35311127 13.05691719 37.15784836
v -3.98162365 12.13498116 37.45631409
v -28.35311127 13.05691719 37.15784836
v -40.52467346 13.76250267 37.15784836
v -40.52467346 13.76250267 37.15784836
v -28.35311127 13.05691719 37.15784836
v -40.55604553 13.22135258 36.96967316
v -40.52467346 13.76250267 37.15784836
v -40.55604553 13.22135258 36.96967316
v -52.72760773 13.92693806 36.96967316
v -52.72760773 13.92693806 36.96967316
v -40.55604553 13.22135258 36.96967316
v -52.76057053 13.35831070 36.90029526
v -52.72760773 13.92693806 36.96967316
v -52.76057053 13.35831070 36.90029526
v -64.93213654 14.06389618 36.90029526
v -64.93213654 14.06389618 36.90029526
v -52.76057053 13.35831070 36.90029526
v -64.96520233 13.49347305 36.95283890
v -64.93213654 14.06389618 36.90029526
v -64.96520233 13.49347305 36.95283890
v -77.13676453 14.19905853 36.95283890
v -77.13676453 14.19905853 36.95283890
v -64.96520233 13.49347305 36.95283890
v -77.16844177 13.65260124 37.12493896
v -77.13676453 14.19905853 36.95283890
v -77.16844177 13.65260124 37.12493896
v -89.34000397 14.35818672 37.12493896
v -89.34000397 14.35818672 37.12493896
v -77.16844177 13.65260124 37.12493896
v -101.19263458 14.54579830 37.40882111
v -89.34000397 14.35818672 37.12493896
v -101.19263458 14.54579830 37.40882111
v -101.32865906 14.68216038 37.32201767
v -16.18154716 12.35133266 37.15784836
v -4.00998449 11.64574718 37.15784836
v -16.21291733 11.81018162 36.96967316
v -16.21291733 11.81018162 36.96967316
v -4.00998449 11.64574718 37.15784836
v -4.04135513 11.10459614 36.96967316
v -16.21291733 11.81018162 36.96967316
v -4.04135513 11.10459614 36.96967316
v -16.24588203 11.24155426 36.90029526
v -16.24588203 11.24155426 36.90029526
v -4.04135513 11.10459614 36.96967316
v -4.07431841 10.53596973 36.90029526
v -16.24588203 11.24155426 36.90029526
v -4.07431841 10.53596973 36.90029526
v -16.27894783 10.67113209 36.95283890
v -16.27894783 10.67113209 36.95283890
v -4.07431841 10.53596973 36.90029526
v -4.10738564 9.96554661 36.95283890
v -16.27894783 10.67113209 36.95283890
v -4.10738564 9.96554661 36.95283890
v -16.31062698 10.12467480 37.12493896
v -16.31062698 10.12467480 37.12493896
v -4.10738564 9.96554661 36.95283890
v -4.13906384 9.41908932 37.12493896
v -16.31062698 10.12467480 37.12493896
v -4.13906384 9.41908932 37.12493896
v -4.16792202 8.92127800 37.40882111
v -101.19263458 14.54579830 37.40882111
v -52.82531738 12.24143028 37.12493896
v -4.16792202 8.92127800 37.40882111
v -4.16792202 8.92127800 37.40882111
v -52.82531738 12.24143028 37.12493896
v -40.65375137 11.53584480 37.12493896
v -4.16792202 8.92127800 37.40882111
v -40.65375137 11.53584480 37.12493896
v -28.48218918 10.83026028 37.12493896
v -28.48218918 10.83026028 37.12493896
v -40.65375137 11.53584480 37.12493896
v -28.45051193 11.37671661 36.95283890
v -28.48218918 10.83026028 37.12493896
v -28.45051193 11.37671661 36.95283890
v -16.27894783 10.67113209 36.95283890
v -16.27894783 10.67113209 36.95283890
v -28.45051193 11.37671661 36.95283890
v -16.24588203 11.24155426 36.90029526
v -101.32865906 14.68216038 37.32201767
v -101.43147278 14.84972095 37.22701645
v -89.34000397 14.35818672 37.12493896
v -89.34000397 14.35818672 37.12493896
v -101.43147278 14.84972095 37.22701645
v -101.48994446 15.03992176 37.13507080
v -89.34000397 14.35818672 37.12493896
v -101.48994446 15.03992176 37.13507080
v -101.50148773 15.23768044 37.05609131
v -89.34000397 14.35818672 37.12493896
v -101.50148773 15.23768044 37.05609131
v -89.30832672 14.90464306 36.95283890
v -89.30832672 14.90464306 36.95283890
v -101.50148773 15.23768044 37.05609131
v -101.47134399 15.75767136 36.92742538
v -89.30832672 14.90464306 36.95283890
v -101.47134399 15.75767136 36.92742538
v -89.27526093 15.47506618 36.90029526
v -89.27526093 15.47506618 36.90029526
v -101.47134399 15.75767136 36.92742538
v -101.44032288 16.29279518 36.90428925
v -89.27526093 15.47506618 36.90029526
v -101.44032288 16.29279518 36.90428925
v -89.24229431 16.04369354 36.96967316
v -89.24229431 16.04369354 36.96967316
v -101.44032288 16.29279518 36.90428925
v -101.40964508 16.82191849 36.98759842
v -89.24229431 16.04369354 36.96967316
v -101.40964508 16.82191849 36.98759842
v -89.21092224 16.58484459 37.15784836
v -89.21092224 16.58484459 37.15784836
v -101.40964508 16.82191849 36.98759842
v -101.38053131 17.32415199 37.17406082
v -89.21092224 16.58484459 37.15784836
v -101.38053131 17.32415199 37.17406082
v -3.98162365 12.13498116 37.45631409
v -3.98162365 12.13498116 37.45631409
v -101.38053131 17.32415199 37.17406082
v -101.35412598 17.77966309 37.45631409
v -28.35311127 13.05691719 37.15784836
v -16.18154716 12.35133266 37.15784836
v -28.38448143 12.51576710 36.96967316
v -28.38448143 12.51576710 36.96967316
v -16.18154716 12.35133266 37.15784836
v -16.21291733 11.81018162 36.96967316
v -28.38448143 12.51576710 36.96967316
v -16.21291733 11.81018162 36.96967316
v -28.41744423 11.94713974 36.90029526
v -28.41744423 11.94713974 36.90029526
v -16.21291733 11.81018162 36.96967316
v -16.24588203 11.24155426 36.90029526
v -28.41744423 11.94713974 36.90029526
v -16.24588203 11.24155426 36.90029526
v -28.45051193 11.37671661 36.95283890
v -40.52467346 13.76250267 37.15784836
v -52.69623566 14.46808815 37.15784836
v -3.98162365 12.13498116 37.45631409
v -3.98162365 12.13498116 37.45631409
v -52.69623566 14.46808815 37.15784836
v -64.86779785 15.17367363 37.15784836
v -3.98162365 12.13498116 37.45631409
v -64.86779785 15.17367363 37.15784836
v -77.03936005 15.87925911 37.15784836
v -77.03936005 15.87925911 37.15784836
v -64.86779785 15.17367363 37.15784836
v -77.07073212 15.33810806 36.96967316
v -77.03936005 15.87925911 37.15784836
v -77.07073212 15.33810806 36.96967316
v -89.24229431 16.04369354 36.96967316
v -89.24229431 16.04369354 36.96967316
v -77.07073212 15.33810806 36.96967316
v -89.27526093 15.47506618 36.90029526
v -40.52467346 13.76250267 37.15784836
v -52.72760773 13.92693806 36.96967316
v -52.69623566 14.46808815 37.15784836
v -52.69623566 14.46808815 37.15784836
v -52.72760773 13.92693806 36.96967316
v -64.89916992 14.63252258 36.96967316
v -52.69623566 14.46808815 37.15784836
v -64.89916992 14.63252258 36.96967316
v -64.86779785 15.17367363 37.15784836
v -64.86779785 15.17367363 37.15784836
v -64.89916992 14.63252258 36.96967316
v -77.07073212 15.33810806 36.96967316
v -89.21092224 16.58484459 37.15784836
v -3.98162365 12.13498116 37.45631409
v -77.03936005 15.87925911 37.15784836
v -89.24229431 16.04369354 36.96967316
v -89.21092224 16.58484459 37.15784836
v -77.03936005 15.87925911 37.15784836
v -28.35311127 13.05691719 37.15784836
v -28.38448143 12.51576710 36.96967316
v -40.55604553 13.22135258 36.96967316
v -40.55604553 13.22135258 36.96967316
v -28.38448143 12.51576710 36.96967316
v -40.58900833 12.65272522 36.90029526
v -40.55604553 13.22135258 36.96967316
v -40.58900833 12.65272522 36.90029526
v -52.76057053 13.35831070 36.90029526
v -52.76057053 13.35831070 36.90029526
v -40.58900833 12.65272522 36.90029526
v -52.79363632 12.78788757 36.95283890
v -52.76057053 13.35831070 36.90029526
v -52.79363632 12.78788757 36.95283890
v -64.96520233 13.49347305 36.95283890
v -64.96520233 13.49347305 36.95283890
v -52.79363632 12.78788757 36.95283890
v -64.99687958 12.94701576 37.12493896
v -64.96520233 13.49347305 36.95283890
v -64.99687958 12.94701576 37.12493896
v -77.16844177 13.65260124 37.12493896
v -77.16844177 13.65260124 37.12493896
v -64.99687958 12.94701576 37.12493896
v -101.19263458 14.54579830 37.40882111
v -40.58900833 12.65272522 36.90029526
v -28.38448143 12.51576710 36.96967316
v -28.41744423 11.94713974 36.90029526
v -52.72760773 13.92693806 36.96967316
v -64.93213654 14.06389618 36.90029526
v -64.89916992 14.63252258 36.96967316
v -64.89916992 14.63252258 36.96967316
v -64.93213654 14.06389618 36.90029526
v -77.10369873 14.76948071 36.90029526
v -64.89916992 14.63252258 36.96967316
v -77.10369873 14.76948071 36.90029526
v -77.07073212 15.33810806 36.96967316
v -77.07073212 15.33810806 36.96967316
v -77.10369873 14.76948071 36.90029526
v -89.27526093 15.47506618 36.90029526
v -40.58900833 12.65272522 36.90029526
v -28.41744423 11.94713974 36.90029526
v -40.62207413 12.08230209 36.95283890
v -40.62207413 12.08230209 36.95283890
v -28.41744423 11.94713974 36.90029526
v -28.45051193 11.37671661 36.95283890
v -40.62207413 12.08230209 36.95283890
v -28.45051193 11.37671661 36.95283890
v -40.65375137 11.53584480 37.12493896
v -89.30832672 14.90464306 36.95283890
v -89.27526093 15.47506618 36.90029526
v -77.10369873 14.76948071 36.90029526
v -89.30832672 14.90464306 36.95283890
v -77.10369873 14.76948071 36.90029526
v -77.13676453 14.19905853 36.95283890
v -77.13676453 14.19905853 36.95283890
v -77.10369873 14.76948071 36.90029526
v -64.93213654 14.06389618 36.90029526
v -28.48218918 10.83026028 37.12493896
v -16.27894783 10.67113209 36.95283890
v -16.31062698 10.12467480 37.12493896
v -40.58900833 12.65272522 36.90029526
v -40.62207413 12.08230209 36.95283890
v -52.79363632 12.78788757 36.95283890
v -52.79363632 12.78788757 36.95283890
v -40.62207413 12.08230209 36.95283890
v -52.82531738 12.24143028 37.12493896
v -52.79363632 12.78788757 36.95283890
v -52.82531738 12.24143028 37.12493896
v -64.99687958 12.94701576 37.12493896
v -64.99687958 12.94701576 37.12493896
v -52.82531738 12.24143028 37.12493896
v -101.19263458 14.54579830 37.40882111
v -52.82531738 12.24143028 37.12493896
v -40.62207413 12.08230209 36.95283890
v -40.65375137 11.53584480 37.12493896
v -89.34000397 14.35818672 37.12493896
v -89.30832672 14.90464306 36.95283890
v -77.13676453 14.19905853 36.95283890
v -4.16792202 8.92127800 37.40882111
v -28.48218918 10.83026028 37.12493896
v -16.31062698 10.12467480 37.12493896
v -4.17310762 8.83182526 37.51145172
v -7.11325026 9.00226498 37.51145172
v -4.16792202 8.92127800 37.40882111
v -4.16792202 8.92127800 37.40882111
v -7.11325026 9.00226498 37.51145172
v -10.05339336 9.17270470 37.51145172
v -4.16792202 8.92127800 37.40882111
v -10.05339336 9.17270470 37.51145172
v -12.99353600 9.34314537 37.51145172
v -12.99353600 9.34314537 37.51145172
v -10.05339336 9.17270470 37.51145172
v -12.99555969 9.30823231 37.64312744
v -12.99353600 9.34314537 37.51145172
v -12.99555969 9.30823231 37.64312744
v -15.93570328 9.47867203 37.64312744
v -15.93570328 9.47867203 37.64312744
v -12.99555969 9.30823231 37.64312744
v -4.17357635 8.82373905 37.77669144
v -15.93570328 9.47867203 37.64312744
v -4.17357635 8.82373905 37.77669144
v -18.87584496 9.64911175 37.64312744
v -18.87584496 9.64911175 37.64312744
v -4.17357635 8.82373905 37.77669144
v -21.81598854 9.81955242 37.64312744
v -18.87584496 9.64911175 37.64312744
v -21.81598854 9.81955242 37.64312744
v -18.87382126 9.68402481 37.51145172
v -18.87382126 9.68402481 37.51145172
v -21.81598854 9.81955242 37.64312744
v -21.81396484 9.85446548 37.51145172
v -18.87382126 9.68402481 37.51145172
v -21.81396484 9.85446548 37.51145172
v -4.16792202 8.92127800 37.40882111
v -4.16792202 8.92127800 37.40882111
v -21.81396484 9.85446548 37.51145172
v -24.75410843 10.02490520 37.51145172
v -4.16792202 8.92127800 37.40882111
v -24.75410843 10.02490520 37.51145172
v -27.69425011 10.19534492 37.51145172
v -27.69425011 10.19534492 37.51145172
v -24.75410843 10.02490520 37.51145172
v -27.69627380 10.16043186 37.64312744
v -27.69425011 10.19534492 37.51145172
v -27.69627380 10.16043186 37.64312744
v -30.63641739 10.33087254 37.64312744
v -30.63641739 10.33087254 37.64312744
v -27.69627380 10.16043186 37.64312744
v -4.17357635 8.82373905 37.77669144
v -30.63641739 10.33087254 37.64312744
v -4.17357635 8.82373905 37.77669144
v -33.57656097 10.50131226 37.64312744
v -33.57656097 10.50131226 37.64312744
v -4.17357635 8.82373905 37.77669144
v -36.51670456 10.67175198 37.64312744
v -33.57656097 10.50131226 37.64312744
v -36.51670456 10.67175198 37.64312744
v -33.57453537 10.53622532 37.51145172
v -33.57453537 10.53622532 37.51145172
v -36.51670456 10.67175198 37.64312744
v -36.51467896 10.70666504 37.51145172
v -33.57453537 10.53622532 37.51145172
v -36.51467896 10.70666504 37.51145172
v -4.16792202 8.92127800 37.40882111
v -4.16792202 8.92127800 37.40882111
v -36.51467896 10.70666504 37.51145172
v -39.45482254 10.87710571 37.51145172
v -4.16792202 8.92127800 37.40882111
v -39.45482254 10.87710571 37.51145172
v -42.39496613 11.04754543 37.51145172
v -42.39496613 11.04754543 37.51145172
v -39.45482254 10.87710571 37.51145172
v -42.39698792 11.01263237 37.64312744
v -42.39496613 11.04754543 37.51145172
v -42.39698792 11.01263237 37.64312744
v -45.33713150 11.18307209 37.64312744
v -45.33713150 11.18307209 37.64312744
v -42.39698792 11.01263237 37.64312744
v -4.17357635 8.82373905 37.77669144
v -45.33713150 11.18307209 37.64312744
v -4.17357635 8.82373905 37.77669144
v -48.27727509 11.35351276 37.64312744
v -48.27727509 11.35351276 37.64312744
v -4.17357635 8.82373905 37.77669144
v -51.21741867 11.52395248 37.64312744
v -48.27727509 11.35351276 37.64312744
v -51.21741867 11.52395248 37.64312744
v -48.27524948 11.38842583 37.51145172
v -48.27524948 11.38842583 37.51145172
v -51.21741867 11.52395248 37.64312744
v -51.21539307 11.55886555 37.51145172
v -48.27524948 11.38842583 37.51145172
v -51.21539307 11.55886555 37.51145172
v -4.16792202 8.92127800 37.40882111
v -4.16792202 8.92127800 37.40882111
v -51.21539307 11.55886555 37.51145172
v -54.15553665 11.72930527 37.51145172
v -4.16792202 8.92127800 37.40882111
v -54.15553665 11.72930527 37.51145172
v -57.09568024 11.89974594 37.51145172
v -57.09568024 11.89974594 37.51145172
v -54.15553665 11.72930527 37.51145172
v -57.09770203 11.86483192 37.64312744
v -57.09568024 11.89974594 37.51145172
v -57.09770203 11.86483192 37.64312744
v -60.03784561 12.03527260 37.64312744
v -60.03784561 12.03527260 37.64312744
v -57.09770203 11.86483192 37.64312744
v -100.54776001 14.41054821 37.77669144
v -60.03784561 12.03527260 37.64312744
v -100.54776001 14.41054821 37.77669144
v -62.97798920 12.20571232 37.64312744
v -62.97798920 12.20571232 37.64312744
v -100.54776001 14.41054821 37.77669144
v -65.91812897 12.37615204 37.64312744
v -62.97798920 12.20571232 37.64312744
v -65.91812897 12.37615204 37.64312744
v -62.97596359 12.24062538 37.51145172
v -62.97596359 12.24062538 37.51145172
v -65.91812897 12.37615204 37.64312744
v -65.91610718 12.41106606 37.51145172
v -62.97596359 12.24062538 37.51145172
v -65.91610718 12.41106606 37.51145172
v -4.16792202 8.92127800 37.40882111
v -4.16792202 8.92127800 37.40882111
v -65.91610718 12.41106606 37.51145172
v -68.85624695 12.58150578 37.51145172
v -4.16792202 8.92127800 37.40882111
v -68.85624695 12.58150578 37.51145172
v -71.79639435 12.75194550 37.51145172
v -71.79639435 12.75194550 37.51145172
v -68.85624695 12.58150578 37.51145172
v -71.79841614 12.71703243 37.64312744
v -71.79639435 12.75194550 37.51145172
v -71.79841614 12.71703243 37.64312744
v -74.73856354 12.88747215 37.64312744
v -74.73856354 12.88747215 37.64312744
v -71.79841614 12.71703243 37.64312744
v -100.54776001 14.41054821 37.77669144
v -74.73856354 12.88747215 37.64312744
v -100.54776001 14.41054821 37.77669144
v -77.67870331 13.05791283 37.64312744
v -77.67870331 13.05791283 37.64312744
v -100.54776001 14.41054821 37.77669144
v -80.61884308 13.22835255 37.64312744
v -77.67870331 13.05791283 37.64312744
v -80.61884308 13.22835255 37.64312744
v -77.67668152 13.09282589 37.51145172
v -77.67668152 13.09282589 37.51145172
v -80.61884308 13.22835255 37.64312744
v -80.61682129 13.26326561 37.51145172
v -77.67668152 13.09282589 37.51145172
v -80.61682129 13.26326561 37.51145172
v -101.04814148 14.45873547 37.49235916
v -101.04814148 14.45873547 37.49235916
v -80.61682129 13.26326561 37.51145172
v -83.55696106 13.43370628 37.51145172
v -101.04814148 14.45873547 37.49235916
v -83.55696106 13.43370628 37.51145172
v -86.49710846 13.60414600 37.51145172
v -86.49710846 13.60414600 37.51145172
v -83.55696106 13.43370628 37.51145172
v -86.49913025 13.56923294 37.64312744
v -86.49710846 13.60414600 37.51145172
v -86.49913025 13.56923294 37.64312744
v -89.43927765 13.73967266 37.64312744
v -89.43927765 13.73967266 37.64312744
v -86.49913025 13.56923294 37.64312744
v -100.54776001 14.41054821 37.77669144
v -89.43927765 13.73967266 37.64312744
v -100.54776001 14.41054821 37.77669144
v -92.37941742 13.91011238 37.64312744
v -92.37941742 13.91011238 37.64312744
v -100.54776001 14.41054821 37.77669144
v -95.31955719 14.08055305 37.64312744
v -92.37941742 13.91011238 37.64312744
v -95.31955719 14.08055305 37.64312744
v -92.37739563 13.94502640 37.51145172
v -92.37739563 13.94502640 37.51145172
v -95.31955719 14.08055305 37.64312744
v -95.31753540 14.11546612 37.51145172
v -92.37739563 13.94502640 37.51145172
v -95.31753540 14.11546612 37.51145172
v -101.04814148 14.45873547 37.49235916
v -101.04814148 14.45873547 37.49235916
v -95.31753540 14.11546612 37.51145172
v -98.25768280 14.28590584 37.51145172
v -101.04814148 14.45873547 37.49235916
v -98.25768280 14.28590584 37.51145172
v -100.88744354 14.40991116 37.58922577
v -100.88744354 14.40991116 37.58922577
v -98.25768280 14.28590584 37.51145172
v -98.25970459 14.25099277 37.64312744
v -100.88744354 14.40991116 37.58922577
v -98.25970459 14.25099277 37.64312744
v -100.54776001 14.41054821 37.77669144
v -100.54776001 14.41054821 37.77669144
v -98.25970459 14.25099277 37.64312744
v -95.31955719 14.08055305 37.64312744
v -7.11325026 9.00226498 37.51145172
v -4.17310762 8.83182526 37.51145172
v -7.11527443 8.96735191 37.64312744
v -7.11527443 8.96735191 37.64312744
v -4.17310762 8.83182526 37.51145172
v -4.17513132 8.79691219 37.64312744
v -7.11527443 8.96735191 37.64312744
v -4.17513132 8.79691219 37.64312744
v -4.17357635 8.82373905 37.77669144
v -4.17357635 8.82373905 37.77669144
v -100.54776001 14.41054821 37.77669144
v -51.21741867 11.52395248 37.64312744
v -51.21741867 11.52395248 37.64312744
v -100.54776001 14.41054821 37.77669144
v -54.15755844 11.69439220 37.64312744
v -51.21741867 11.52395248 37.64312744
v -54.15755844 11.69439220 37.64312744
v -51.21539307 11.55886555 37.51145172
v -51.21539307 11.55886555 37.51145172
v -54.15755844 11.69439220 37.64312744
v -54.15553665 11.72930527 37.51145172
v -101.19263458 14.54579830 37.40882111
v -4.16792202 8.92127800 37.40882111
v -101.04814148 14.45873547 37.49235916
v -101.04814148 14.45873547 37.49235916
v -4.16792202 8.92127800 37.40882111
v -74.73653412 12.92238617 37.51145172
v -101.04814148 14.45873547 37.49235916
v -74.73653412 12.92238617 37.51145172
v -77.67668152 13.09282589 37.51145172
v -77.67668152 13.09282589 37.51145172
v -74.73653412 12.92238617 37.51145172
v -77.67870331 13.05791283 37.64312744
v -10.05339336 9.17270470 37.51145172
v -7.11325026 9.00226498 37.51145172
v -10.05541706 9.13779163 37.64312744
v -10.05541706 9.13779163 37.64312744
v -7.11325026 9.00226498 37.51145172
v -7.11527443 8.96735191 37.64312744
v -10.05541706 9.13779163 37.64312744
v -7.11527443 8.96735191 37.64312744
v -4.17357635 8.82373905 37.77669144
v -18.87382126 9.68402481 37.51145172
v -4.16792202 8.92127800 37.40882111
v -15.93367863 9.51358509 37.51145172
v -15.93367863 9.51358509 37.51145172
v -4.16792202 8.92127800 37.40882111
v -12.99353600 9.34314537 37.51145172
v -15.93367863 9.51358509 37.51145172
v -12.99353600 9.34314537 37.51145172
v -15.93570328 9.47867203 37.64312744
v -18.87584496 9.64911175 37.64312744
v -18.87382126 9.68402481 37.51145172
v -15.93367863 9.51358509 37.51145172
v -18.87584496 9.64911175 37.64312744
v -15.93367863 9.51358509 37.51145172
v -15.93570328 9.47867203 37.64312744
v -24.75410843 10.02490520 37.51145172
v -21.81396484 9.85446548 37.51145172
v -24.75613213 9.98999214 37.64312744
v -24.75613213 9.98999214 37.64312744
v -21.81396484 9.85446548 37.51145172
v -21.81598854 9.81955242 37.64312744
v -24.75613213 9.98999214 37.64312744
v -21.81598854 9.81955242 37.64312744
v -4.17357635 8.82373905 37.77669144
v -33.57453537 10.53622532 37.51145172
v -4.16792202 8.92127800 37.40882111
v -30.63439369 10.36578560 37.51145172
v -30.63439369 10.36578560 37.51145172
v -4.16792202 8.92127800 37.40882111
v -27.69425011 10.19534492 37.51145172
v -30.63439369 10.36578560 37.51145172
v -27.69425011 10.19534492 37.51145172
v -30.63641739 10.33087254 37.64312744
v -33.57656097 10.50131226 37.64312744
v -33.57453537 10.53622532 37.51145172
v -30.63439369 10.36578560 37.51145172
v -33.57656097 10.50131226 37.64312744
v -30.63439369 10.36578560 37.51145172
v -30.63641739 10.33087254 37.64312744
v -39.45482254 10.87710571 37.51145172
v -36.51467896 10.70666504 37.51145172
v -39.45684433 10.84219265 37.64312744
v -39.45684433 10.84219265 37.64312744
v -36.51467896 10.70666504 37.51145172
v -36.51670456 10.67175198 37.64312744
v -39.45684433 10.84219265 37.64312744
v -36.51670456 10.67175198 37.64312744
v -4.17357635 8.82373905 37.77669144
v -48.27524948 11.38842583 37.51145172
v -4.16792202 8.92127800 37.40882111
v -45.33510590 11.21798515 37.51145172
v -45.33510590 11.21798515 37.51145172
v -4.16792202 8.92127800 37.40882111
v -42.39496613 11.04754543 37.51145172
v -45.33510590 11.21798515 37.51145172
v -42.39496613 11.04754543 37.51145172
v -45.33713150 11.18307209 37.64312744
v -48.27727509 11.35351276 37.64312744
v -48.27524948 11.38842583 37.51145172
v -45.33510590 11.21798515 37.51145172
v -48.27727509 11.35351276 37.64312744
v -45.33510590 11.21798515 37.51145172
v -45.33713150 11.18307209 37.64312744
v -57.09770203 11.86483192 37.64312744
v -54.15553665 11.72930527 37.51145172
v -54.15755844 11.69439220 37.64312744
v -62.97596359 12.24062538 37.51145172
v -4.16792202 8.92127800 37.40882111
v -60.03582382 12.07018566 37.51145172
v -60.03582382 12.07018566 37.51145172
v -4.16792202 8.92127800 37.40882111
v -57.09568024 11.89974594 37.51145172
v -60.03582382 12.07018566 37.51145172
v -57.09568024 11.89974594 37.51145172
v -60.03784561 12.03527260 37.64312744
v -62.97798920 12.20571232 37.64312744
v -62.97596359 12.24062538 37.51145172
v -60.03582382 12.07018566 37.51145172
v -62.97798920 12.20571232 37.64312744
v -60.03582382 12.07018566 37.51145172
v -60.03784561 12.03527260 37.64312744
v -74.73653412 12.92238617 37.51145172
v -4.16792202 8.92127800 37.40882111
v -71.79639435 12.75194550 37.51145172
v -68.85624695 12.58150578 37.51145172
v -65.91610718 12.41106606 37.51145172
v -68.85827637 12.54659271 37.64312744
v -68.85827637 12.54659271 37.64312744
v -65.91610718 12.41106606 37.51145172
v -65.91812897 12.37615204 37.64312744
v -68.85827637 12.54659271 37.64312744
v -65.91812897 12.37615204 37.64312744
v -100.54776001 14.41054821 37.77669144
v -77.67870331 13.05791283 37.64312744
v -74.73653412 12.92238617 37.51145172
v -74.73856354 12.88747215 37.64312744
v -74.73856354 12.88747215 37.64312744
v -74.73653412 12.92238617 37.51145172
v -71.79639435 12.75194550 37.51145172
v -83.55696106 13.43370628 37.51145172
v -80.61682129 13.26326561 37.51145172
v -83.55899048 13.39879227 37.64312744
v -83.55899048 13.39879227 37.64312744
v -80.61682129 13.26326561 37.51145172
v -80.61884308 13.22835255 37.64312744
v -83.55899048 13.39879227 37.64312744
v -80.61884308 13.22835255 37.64312744
v -100.54776001 14.41054821 37.77669144
v -92.37739563 13.94502640 37.51145172
v -101.04814148 14.45873547 37.49235916
v -89.43724823 13.77458572 37.51145172
v -89.43724823 13.77458572 37.51145172
v -101.04814148 14.45873547 37.49235916
v -86.49710846 13.60414600 37.51145172
v -89.43724823 13.77458572 37.51145172
v -86.49710846 13.60414600 37.51145172
v -89.43927765 13.73967266 37.64312744
v -92.37941742 13.91011238 37.64312744
v -92.37739563 13.94502640 37.51145172
v -89.43724823 13.77458572 37.51145172
v -92.37941742 13.91011238 37.64312744
v -89.43724823 13.77458572 37.51145172
v -89.43927765 13.73967266 37.64312744
v -98.25970459 14.25099277 37.64312744
v -98.25768280 14.28590584 37.51145172
v -95.31753540 14.11546612 37.51145172
v -98.25970459 14.25099277 37.64312744
v -95.31753540 14.11546612 37.51145172
v -95.31955719 14.08055305 37.64312744
v -4.17357635 8.82373905 37.77669144
v -12.99555969 9.30823231 37.64312744
v -10.05541706 9.13779163 37.64312744
v -10.05541706 9.13779163 37.64312744
v -12.99555969 9.30823231 37.64312744
v -10.05339336 9.17270470 37.51145172
v -4.17357635 8.82373905 37.77669144
v -27.69627380 10.16043186 37.64312744
v -24.75613213 9.98999214 37.64312744
v -24.75613213 9.98999214 37.64312744
v -27.69627380 10.16043186 37.64312744
v -24.75410843 10.02490520 37.51145172
v -4.17357635 8.82373905 37.77669144
v -42.39698792 11.01263237 37.64312744
v -39.45684433 10.84219265 37.64312744
v -39.45684433 10.84219265 37.64312744
v -42.39698792 11.01263237 37.64312744
v -39.45482254 10.87710571 37.51145172
v -100.54776001 14.41054821 37.77669144
v -57.09770203 11.86483192 37.64312744
v -54.15755844 11.69439220 37.64312744
v -100.54776001 14.41054821 37.77669144
v -71.79841614 12.71703243 37.64312744
v -68.85827637 12.54659271 37.64312744
v -68.85827637 12.54659271 37.64312744
v -71.79841614 12.71703243 37.64312744
v -68.85624695 12.58150578 37.51145172
v -100.54776001 14.41054821 37.77669144
v -86.49913025 13.56923294 37.64312744
v -83.55899048 13.39879227 37.64312744
v -83.55899048 13.39879227 37.64312744
v -86.49913025 13.56923294 37.64312744
v -83.55696106 13.43370628 37.51145172
v -4.17357635 8.82373905 37.77669144
v -4.15879631 9.07870102 38.33709717
v -100.54776001 14.41054821 37.77669144
v -100.54776001 14.41054821 37.77669144
v -4.15879631 9.07870102 38.33709717
v -100.53297424 14.66551113 38.33709717
v -4.15397787 9.16182041 38.44507217
v -7.09809685 9.33249092 38.44507217
v -4.15879631 9.07870102 38.33709717
v -4.15879631 9.07870102 38.33709717
v -7.09809685 9.33249092 38.44507217
v -10.04221535 9.50316143 38.44507217
v -4.15879631 9.07870102 38.33709717
v -10.04221535 9.50316143 38.44507217
v -12.98633480 9.67383194 38.44507217
v -12.98633480 9.67383194 38.44507217
v -10.04221535 9.50316143 38.44507217
v -12.97924805 9.79607677 38.50504684
v -12.98633480 9.67383194 38.44507217
v -12.97924805 9.79607677 38.50504684
v -15.92336750 9.96674728 38.50504684
v -15.92336750 9.96674728 38.50504684
v -12.97924805 9.79607677 38.50504684
v -15.91547680 10.10286713 38.50462723
v -15.92336750 9.96674728 38.50504684
v -15.91547680 10.10286713 38.50462723
v -18.85959625 10.27353764 38.50462723
v -18.85959625 10.27353764 38.50462723
v -15.91547680 10.10286713 38.50462723
v -4.13193512 9.54206085 38.44390488
v -18.85959625 10.27353764 38.50462723
v -4.13193512 9.54206085 38.44390488
v -21.80371475 10.44420815 38.50462723
v -21.80371475 10.44420815 38.50462723
v -4.13193512 9.54206085 38.44390488
v -24.74783325 10.61487865 38.50462723
v -21.80371475 10.44420815 38.50462723
v -24.74783325 10.61487865 38.50462723
v -21.81160545 10.30808830 38.50504684
v -21.81160545 10.30808830 38.50504684
v -24.74783325 10.61487865 38.50462723
v -24.75572395 10.47875881 38.50504684
v -21.81160545 10.30808830 38.50504684
v -24.75572395 10.47875881 38.50504684
v -21.81869125 10.18584347 38.44507217
v -21.81869125 10.18584347 38.44507217
v -24.75572395 10.47875881 38.50504684
v -24.76281166 10.35651398 38.44507217
v -21.81869125 10.18584347 38.44507217
v -24.76281166 10.35651398 38.44507217
v -4.15879631 9.07870102 38.33709717
v -4.15879631 9.07870102 38.33709717
v -24.76281166 10.35651398 38.44507217
v -27.70693016 10.52718449 38.44507217
v -4.15879631 9.07870102 38.33709717
v -27.70693016 10.52718449 38.44507217
v -30.65104866 10.69785500 38.44507217
v -30.65104866 10.69785500 38.44507217
v -27.70693016 10.52718449 38.44507217
v -30.64396286 10.82009983 38.50504684
v -30.65104866 10.69785500 38.44507217
v -30.64396286 10.82009983 38.50504684
v -33.58808136 10.99077034 38.50504684
v -33.58808136 10.99077034 38.50504684
v -30.64396286 10.82009983 38.50504684
v -33.58018875 11.12689018 38.50462723
v -33.58808136 10.99077034 38.50504684
v -33.58018875 11.12689018 38.50462723
v -36.52431107 11.29756069 38.50462723
v -36.52431107 11.29756069 38.50462723
v -33.58018875 11.12689018 38.50462723
v -4.13193512 9.54206085 38.44390488
v -36.52431107 11.29756069 38.50462723
v -4.13193512 9.54206085 38.44390488
v -39.46842957 11.46823120 38.50462723
v -39.46842957 11.46823120 38.50462723
v -4.13193512 9.54206085 38.44390488
v -42.41254807 11.63890171 38.50462723
v -39.46842957 11.46823120 38.50462723
v -42.41254807 11.63890171 38.50462723
v -39.47631836 11.33211136 38.50504684
v -39.47631836 11.33211136 38.50504684
v -42.41254807 11.63890171 38.50462723
v -42.42043686 11.50278187 38.50504684
v -39.47631836 11.33211136 38.50504684
v -42.42043686 11.50278187 38.50504684
v -39.48340607 11.20986652 38.44507217
v -39.48340607 11.20986652 38.44507217
v -42.42043686 11.50278187 38.50504684
v -42.42752457 11.38053703 38.44507217
v -39.48340607 11.20986652 38.44507217
v -42.42752457 11.38053703 38.44507217
v -4.15879631 9.07870102 38.33709717
v -4.15879631 9.07870102 38.33709717
v -42.42752457 11.38053703 38.44507217
v -45.37164307 11.55120754 38.44507217
v -4.15879631 9.07870102 38.33709717
v -45.37164307 11.55120754 38.44507217
v -48.31576157 11.72187805 38.44507217
v -48.31576157 11.72187805 38.44507217
v -45.37164307 11.55120754 38.44507217
v -48.30867767 11.84412289 38.50504684
v -48.31576157 11.72187805 38.44507217
v -48.30867767 11.84412289 38.50504684
v -51.25279617 12.01479340 38.50504684
v -51.25279617 12.01479340 38.50504684
v -48.30867767 11.84412289 38.50504684
v -51.24490356 12.15091324 38.50462723
v -51.25279617 12.01479340 38.50504684
v -51.24490356 12.15091324 38.50462723
v -54.18902206 12.32158375 38.50462723
v -54.18902206 12.32158375 38.50462723
v -51.24490356 12.15091324 38.50462723
v -101.28786469 15.17418861 38.44390488
v -54.18902206 12.32158375 38.50462723
v -101.28786469 15.17418861 38.44390488
v -57.13314438 12.49225426 38.50462723
v -57.13314438 12.49225426 38.50462723
v -101.28786469 15.17418861 38.44390488
v -60.07726288 12.66292477 38.50462723
v -57.13314438 12.49225426 38.50462723
v -60.07726288 12.66292477 38.50462723
v -57.14103317 12.35613441 38.50504684
v -57.14103317 12.35613441 38.50504684
v -60.07726288 12.66292477 38.50462723
v -60.08515167 12.52680492 38.50504684
v -57.14103317 12.35613441 38.50504684
v -60.08515167 12.52680492 38.50504684
v -57.14812088 12.23388958 38.44507217
v -57.14812088 12.23388958 38.44507217
v -60.08515167 12.52680492 38.50504684
v -60.09223938 12.40456009 38.44507217
v -57.14812088 12.23388958 38.44507217
v -60.09223938 12.40456009 38.44507217
v -4.15879631 9.07870102 38.33709717
v -4.15879631 9.07870102 38.33709717
v -60.09223938 12.40456009 38.44507217
v -63.03635788 12.57523060 38.44507217
v -4.15879631 9.07870102 38.33709717
v -63.03635788 12.57523060 38.44507217
v -65.98047638 12.74590111 38.44507217
v -65.98047638 12.74590111 38.44507217
v -63.03635788 12.57523060 38.44507217
v -65.97338867 12.86814690 38.50504684
v -65.98047638 12.74590111 38.44507217
v -65.97338867 12.86814690 38.50504684
v -68.91751099 13.03881741 38.50504684
v -68.91751099 13.03881741 38.50504684
v -65.97338867 12.86814690 38.50504684
v -68.90962219 13.17493629 38.50462723
v -68.91751099 13.03881741 38.50504684
v -68.90962219 13.17493629 38.50462723
v -71.85373688 13.34560680 38.50462723
v -71.85373688 13.34560680 38.50462723
v -68.90962219 13.17493629 38.50462723
v -101.28786469 15.17418861 38.44390488
v -71.85373688 13.34560680 38.50462723
v -101.28786469 15.17418861 38.44390488
v -74.79785919 13.51627731 38.50462723
v -74.79785919 13.51627731 38.50462723
v -101.28786469 15.17418861 38.44390488
v -77.74197388 13.68694782 38.50462723
v -74.79785919 13.51627731 38.50462723
v -77.74197388 13.68694782 38.50462723
v -74.80574799 13.38015842 38.50504684
v -74.80574799 13.38015842 38.50504684
v -77.74197388 13.68694782 38.50462723
v -77.74986267 13.55082893 38.50504684
v -74.80574799 13.38015842 38.50504684
v -77.74986267 13.55082893 38.50504684
v -74.81283569 13.25791264 38.44507217
v -74.81283569 13.25791264 38.44507217
v -77.74986267 13.55082893 38.50504684
v -77.75695038 13.42858315 38.44507217
v -74.81283569 13.25791264 38.44507217
v -77.75695038 13.42858315 38.44507217
v -100.74000549 14.74575329 38.43164444
v -100.74000549 14.74575329 38.43164444
v -77.75695038 13.42858315 38.44507217
v -80.70107269 13.59925365 38.44507217
v -100.74000549 14.74575329 38.43164444
v -80.70107269 13.59925365 38.44507217
v -83.64518738 13.76992416 38.44507217
v -83.64518738 13.76992416 38.44507217
v -80.70107269 13.59925365 38.44507217
v -83.63810730 13.89216995 38.50504684
v -83.64518738 13.76992416 38.44507217
v -83.63810730 13.89216995 38.50504684
v -86.58222198 14.06284046 38.50504684
v -86.58222198 14.06284046 38.50504684
v -83.63810730 13.89216995 38.50504684
v -86.57433319 14.19895935 38.50462723
v -86.58222198 14.06284046 38.50504684
v -86.57433319 14.19895935 38.50462723
v -89.51844788 14.36962986 38.50462723
v -89.51844788 14.36962986 38.50462723
v -86.57433319 14.19895935 38.50462723
v -101.28786469 15.17418861 38.44390488
v -89.51844788 14.36962986 38.50462723
v -101.28786469 15.17418861 38.44390488
v -92.46257019 14.54030037 38.50462723
v -92.46257019 14.54030037 38.50462723
v -101.28786469 15.17418861 38.44390488
v -95.40669250 14.71097088 38.50462723
v -92.46257019 14.54030037 38.50462723
v -95.40669250 14.71097088 38.50462723
v -92.47045898 14.40418148 38.50504684
v -92.47045898 14.40418148 38.50504684
v -95.40669250 14.71097088 38.50462723
v -95.41458130 14.57485199 38.50504684
v -92.47045898 14.40418148 38.50504684
v -95.41458130 14.57485199 38.50504684
v -92.47754669 14.28193665 38.44507217
v -92.47754669 14.28193665 38.44507217
v -95.41458130 14.57485199 38.50504684
v -95.42166901 14.45260715 38.44507217
v -92.47754669 14.28193665 38.44507217
v -95.42166901 14.45260715 38.44507217
v -100.74000549 14.74575329 38.43164444
v -100.74000549 14.74575329 38.43164444
v -95.42166901 14.45260715 38.44507217
v -98.36578369 14.62327766 38.44507217
v -100.74000549 14.74575329 38.43164444
v -98.36578369 14.62327766 38.44507217
v -100.94390106 14.86469364 38.49626541
v -100.94390106 14.86469364 38.49626541
v -98.36578369 14.62327766 38.44507217
v -98.35869598 14.74552250 38.50504684
v -100.94390106 14.86469364 38.49626541
v -98.35869598 14.74552250 38.50504684
v -101.12938690 15.01230907 38.51023483
v -101.12938690 15.01230907 38.51023483
v -98.35869598 14.74552250 38.50504684
v -98.35080719 14.88164139 38.50462723
v -101.12938690 15.01230907 38.51023483
v -98.35080719 14.88164139 38.50462723
v -101.28786469 15.17418861 38.44390488
v -101.28786469 15.17418861 38.44390488
v -98.35080719 14.88164139 38.50462723
v -95.40669250 14.71097088 38.50462723
v -7.09809685 9.33249092 38.44507217
v -4.15397787 9.16182041 38.44507217
v -7.09101009 9.45473576 38.50504684
v -7.09101009 9.45473576 38.50504684
v -4.15397787 9.16182041 38.44507217
v -4.14689112 9.28406525 38.50504684
v -7.09101009 9.45473576 38.50504684
v -4.14689112 9.28406525 38.50504684
v -7.08311939 9.59085560 38.50462723
v -7.08311939 9.59085560 38.50462723
v -4.14689112 9.28406525 38.50504684
v -4.13900042 9.42018509 38.50462723
v -7.08311939 9.59085560 38.50462723
v -4.13900042 9.42018509 38.50462723
v -4.13193512 9.54206085 38.44390488
v -101.28786469 15.17418861 38.44390488
v -51.24490356 12.15091324 38.50462723
v -4.13193512 9.54206085 38.44390488
v -4.13193512 9.54206085 38.44390488
v -51.24490356 12.15091324 38.50462723
v -48.30078506 11.98024273 38.50462723
v -4.13193512 9.54206085 38.44390488
v -48.30078506 11.98024273 38.50462723
v -45.35666656 11.80957222 38.50462723
v -45.35666656 11.80957222 38.50462723
v -48.30078506 11.98024273 38.50462723
v -45.36455917 11.67345238 38.50504684
v -45.35666656 11.80957222 38.50462723
v -45.36455917 11.67345238 38.50504684
v -42.42043686 11.50278187 38.50504684
v -42.42043686 11.50278187 38.50504684
v -45.36455917 11.67345238 38.50504684
v -42.42752457 11.38053703 38.44507217
v -100.53297424 14.66551113 38.33709717
v -4.15879631 9.07870102 38.33709717
v -100.74000549 14.74575329 38.43164444
v -100.74000549 14.74575329 38.43164444
v -4.15879631 9.07870102 38.33709717
v -74.81283569 13.25791264 38.44507217
v -10.04221535 9.50316143 38.44507217
v -7.09809685 9.33249092 38.44507217
v -10.03512955 9.62540627 38.50504684
v -10.03512955 9.62540627 38.50504684
v -7.09809685 9.33249092 38.44507217
v -7.09101009 9.45473576 38.50504684
v -10.03512955 9.62540627 38.50504684
v -7.09101009 9.45473576 38.50504684
v -10.02723789 9.76152611 38.50462723
v -10.02723789 9.76152611 38.50462723
v -7.09101009 9.45473576 38.50504684
v -7.08311939 9.59085560 38.50462723
v -10.02723789 9.76152611 38.50462723
v -7.08311939 9.59085560 38.50462723
v -4.13193512 9.54206085 38.44390488
v -12.98633480 9.67383194 38.44507217
v -15.93045330 9.84450245 38.44507217
v -4.15879631 9.07870102 38.33709717
v -4.15879631 9.07870102 38.33709717
v -15.93045330 9.84450245 38.44507217
v -18.87457275 10.01517296 38.44507217
v -4.15879631 9.07870102 38.33709717
v -18.87457275 10.01517296 38.44507217
v -21.81869125 10.18584347 38.44507217
v -21.81869125 10.18584347 38.44507217
v -18.87457275 10.01517296 38.44507217
v -21.81160545 10.30808830 38.50504684
v -12.98633480 9.67383194 38.44507217
v -15.92336750 9.96674728 38.50504684
v -15.93045330 9.84450245 38.44507217
v -15.93045330 9.84450245 38.44507217
v -15.92336750 9.96674728 38.50504684
v -18.86748695 10.13741779 38.50504684
v -15.93045330 9.84450245 38.44507217
v -18.86748695 10.13741779 38.50504684
v -18.87457275 10.01517296 38.44507217
v -18.87457275 10.01517296 38.44507217
v -18.86748695 10.13741779 38.50504684
v -21.81160545 10.30808830 38.50504684
v -27.70693016 10.52718449 38.44507217
v -24.76281166 10.35651398 38.44507217
v -27.69984245 10.64942932 38.50504684
v -27.69984245 10.64942932 38.50504684
v -24.76281166 10.35651398 38.44507217
v -24.75572395 10.47875881 38.50504684
v -27.69984245 10.64942932 38.50504684
v -24.75572395 10.47875881 38.50504684
v -27.69195175 10.78554916 38.50462723
v -27.69195175 10.78554916 38.50462723
v -24.75572395 10.47875881 38.50504684
v -24.74783325 10.61487865 38.50462723
v -27.69195175 10.78554916 38.50462723
v -24.74783325 10.61487865 38.50462723
v -4.13193512 9.54206085 38.44390488
v -30.65104866 10.69785500 38.44507217
v -33.59516907 10.86852551 38.44507217
v -4.15879631 9.07870102 38.33709717
v -4.15879631 9.07870102 38.33709717
v -33.59516907 10.86852551 38.44507217
v -36.53928757 11.03919601 38.44507217
v -4.15879631 9.07870102 38.33709717
v -36.53928757 11.03919601 38.44507217
v -39.48340607 11.20986652 38.44507217
v -39.48340607 11.20986652 38.44507217
v -36.53928757 11.03919601 38.44507217
v -39.47631836 11.33211136 38.50504684
v -30.65104866 10.69785500 38.44507217
v -33.58808136 10.99077034 38.50504684
v -33.59516907 10.86852551 38.44507217
v -33.59516907 10.86852551 38.44507217
v -33.58808136 10.99077034 38.50504684
v -36.53219986 11.16144085 38.50504684
v -33.59516907 10.86852551 38.44507217
v -36.53219986 11.16144085 38.50504684
v -36.53928757 11.03919601 38.44507217
v -36.53928757 11.03919601 38.44507217
v -36.53219986 11.16144085 38.50504684
v -39.47631836 11.33211136 38.50504684
v -48.30867767 11.84412289 38.50504684
v -45.37164307 11.55120754 38.44507217
v -45.36455917 11.67345238 38.50504684
v -45.36455917 11.67345238 38.50504684
v -45.37164307 11.55120754 38.44507217
v -42.42752457 11.38053703 38.44507217
v -48.31576157 11.72187805 38.44507217
v -51.25988007 11.89254856 38.44507217
v -4.15879631 9.07870102 38.33709717
v -4.15879631 9.07870102 38.33709717
v -51.25988007 11.89254856 38.44507217
v -54.20400238 12.06321907 38.44507217
v -4.15879631 9.07870102 38.33709717
v -54.20400238 12.06321907 38.44507217
v -57.14812088 12.23388958 38.44507217
v -57.14812088 12.23388958 38.44507217
v -54.20400238 12.06321907 38.44507217
v -57.14103317 12.35613441 38.50504684
v -48.31576157 11.72187805 38.44507217
v -51.25279617 12.01479340 38.50504684
v -51.25988007 11.89254856 38.44507217
v -51.25988007 11.89254856 38.44507217
v -51.25279617 12.01479340 38.50504684
v -54.19691467 12.18546391 38.50504684
v -51.25988007 11.89254856 38.44507217
v -54.19691467 12.18546391 38.50504684
v -54.20400238 12.06321907 38.44507217
v -54.20400238 12.06321907 38.44507217
v -54.19691467 12.18546391 38.50504684
v -57.14103317 12.35613441 38.50504684
v -63.03635788 12.57523060 38.44507217
v -60.09223938 12.40456009 38.44507217
v -63.02927017 12.69747543 38.50504684
v -63.02927017 12.69747543 38.50504684
v -60.09223938 12.40456009 38.44507217
v -60.08515167 12.52680492 38.50504684
v -63.02927017 12.69747543 38.50504684
v -60.08515167 12.52680492 38.50504684
v -63.02138138 12.83359528 38.50462723
v -63.02138138 12.83359528 38.50462723
v -60.08515167 12.52680492 38.50504684
v -60.07726288 12.66292477 38.50462723
v -63.02138138 12.83359528 38.50462723
v -60.07726288 12.66292477 38.50462723
v -101.28786469 15.17418861 38.44390488
v -65.98047638 12.74590111 38.44507217
v -68.92459869 12.91657162 38.44507217
v -4.15879631 9.07870102 38.33709717
v -4.15879631 9.07870102 38.33709717
v -68.92459869 12.91657162 38.44507217
v -71.86871338 13.08724213 38.44507217
v -4.15879631 9.07870102 38.33709717
v -71.86871338 13.08724213 38.44507217
v -74.81283569 13.25791264 38.44507217
v -74.81283569 13.25791264 38.44507217
v -71.86871338 13.08724213 38.44507217
v -74.80574799 13.38015842 38.50504684
v -65.98047638 12.74590111 38.44507217
v -68.91751099 13.03881741 38.50504684
v -68.92459869 12.91657162 38.44507217
v -68.92459869 12.91657162 38.44507217
v -68.91751099 13.03881741 38.50504684
v -71.86162567 13.20948792 38.50504684
v -68.92459869 12.91657162 38.44507217
v -71.86162567 13.20948792 38.50504684
v -71.86871338 13.08724213 38.44507217
v -71.86871338 13.08724213 38.44507217
v -71.86162567 13.20948792 38.50504684
v -74.80574799 13.38015842 38.50504684
v -80.70107269 13.59925365 38.44507217
v -77.75695038 13.42858315 38.44507217
v -80.69398499 13.72149944 38.50504684
v -80.69398499 13.72149944 38.50504684
v -77.75695038 13.42858315 38.44507217
v -77.74986267 13.55082893 38.50504684
v -80.69398499 13.72149944 38.50504684
v -77.74986267 13.55082893 38.50504684
v -80.68609619 13.85761833 38.50462723
v -80.68609619 13.85761833 38.50462723
v -77.74986267 13.55082893 38.50504684
v -77.74197388 13.68694782 38.50462723
v -80.68609619 13.85761833 38.50462723
v -77.74197388 13.68694782 38.50462723
v -101.28786469 15.17418861 38.44390488
v -83.64518738 13.76992416 38.44507217
v -86.58930969 13.94059467 38.44507217
v -100.74000549 14.74575329 38.43164444
v -100.74000549 14.74575329 38.43164444
v -86.58930969 13.94059467 38.44507217
v -89.53343201 14.11126614 38.44507217
v -100.74000549 14.74575329 38.43164444
v -89.53343201 14.11126614 38.44507217
v -92.47754669 14.28193665 38.44507217
v -92.47754669 14.28193665 38.44507217
v -89.53343201 14.11126614 38.44507217
v -92.47045898 14.40418148 38.50504684
v -83.64518738 13.76992416 38.44507217
v -86.58222198 14.06284046 38.50504684
v -86.58930969 13.94059467 38.44507217
v -86.58930969 13.94059467 38.44507217
v -86.58222198 14.06284046 38.50504684
v -89.52634430 14.23351097 38.50504684
v -86.58930969 13.94059467 38.44507217
v -89.52634430 14.23351097 38.50504684
v -89.53343201 14.11126614 38.44507217
v -89.53343201 14.11126614 38.44507217
v -89.52634430 14.23351097 38.50504684
v -92.47045898 14.40418148 38.50504684
v -98.35869598 14.74552250 38.50504684
v -98.36578369 14.62327766 38.44507217
v -95.42166901 14.45260715 38.44507217
v -98.35869598 14.74552250 38.50504684
v -95.42166901 14.45260715 38.44507217
v -95.41458130 14.57485199 38.50504684
v -10.04221535 9.50316143 38.44507217
v -10.03512955 9.62540627 38.50504684
v -12.97924805 9.79607677 38.50504684
v -12.97924805 9.79607677 38.50504684
v -10.03512955 9.62540627 38.50504684
v -12.97135735 9.93219662 38.50462723
v -12.97924805 9.79607677 38.50504684
v -12.97135735 9.93219662 38.50462723
v -15.91547680 10.10286713 38.50462723
v -15.91547680 10.10286713 38.50462723
v -12.97135735 9.93219662 38.50462723
v -4.13193512 9.54206085 38.44390488
v -12.97135735 9.93219662 38.50462723
v -10.03512955 9.62540627 38.50504684
v -10.02723789 9.76152611 38.50462723
v -21.80371475 10.44420815 38.50462723
v -21.81160545 10.30808830 38.50504684
v -18.86748695 10.13741779 38.50504684
v -21.80371475 10.44420815 38.50462723
v -18.86748695 10.13741779 38.50504684
v -18.85959625 10.27353764 38.50462723
v -18.85959625 10.27353764 38.50462723
v -18.86748695 10.13741779 38.50504684
v -15.92336750 9.96674728 38.50504684
v -27.70693016 10.52718449 38.44507217
v -27.69984245 10.64942932 38.50504684
v -30.64396286 10.82009983 38.50504684
v -30.64396286 10.82009983 38.50504684
v -27.69984245 10.64942932 38.50504684
v -30.63607216 10.95621967 38.50462723
v -30.64396286 10.82009983 38.50504684
v -30.63607216 10.95621967 38.50462723
v -33.58018875 11.12689018 38.50462723
v -33.58018875 11.12689018 38.50462723
v -30.63607216 10.95621967 38.50462723
v -4.13193512 9.54206085 38.44390488
v -30.63607216 10.95621967 38.50462723
v -27.69984245 10.64942932 38.50504684
v -27.69195175 10.78554916 38.50462723
v -39.46842957 11.46823120 38.50462723
v -39.47631836 11.33211136 38.50504684
v -36.53219986 11.16144085 38.50504684
v -39.46842957 11.46823120 38.50462723
v -36.53219986 11.16144085 38.50504684
v -36.52431107 11.29756069 38.50462723
v -36.52431107 11.29756069 38.50462723
v -36.53219986 11.16144085 38.50504684
v -33.58808136 10.99077034 38.50504684
v -45.35666656 11.80957222 38.50462723
v -42.42043686 11.50278187 38.50504684
v -42.41254807 11.63890171 38.50462723
v -51.24490356 12.15091324 38.50462723
v -48.30867767 11.84412289 38.50504684
v -48.30078506 11.98024273 38.50462723
v -48.30078506 11.98024273 38.50462723
v -48.30867767 11.84412289 38.50504684
v -45.36455917 11.67345238 38.50504684
v -57.13314438 12.49225426 38.50462723
v -57.14103317 12.35613441 38.50504684
v -54.19691467 12.18546391 38.50504684
v -57.13314438 12.49225426 38.50462723
v -54.19691467 12.18546391 38.50504684
v -54.18902206 12.32158375 38.50462723
v -54.18902206 12.32158375 38.50462723
v -54.19691467 12.18546391 38.50504684
v -51.25279617 12.01479340 38.50504684
v -63.03635788 12.57523060 38.44507217
v -63.02927017 12.69747543 38.50504684
v -65.97338867 12.86814690 38.50504684
v -65.97338867 12.86814690 38.50504684
v -63.02927017 12.69747543 38.50504684
v -65.96549988 13.00426579 38.50462723
v -65.97338867 12.86814690 38.50504684
v -65.96549988 13.00426579 38.50462723
v -68.90962219 13.17493629 38.50462723
v -68.90962219 13.17493629 38.50462723
v -65.96549988 13.00426579 38.50462723
v -101.28786469 15.17418861 38.44390488
v -65.96549988 13.00426579 38.50462723
v -63.02927017 12.69747543 38.50504684
v -63.02138138 12.83359528 38.50462723
v -74.79785919 13.51627731 38.50462723
v -74.80574799 13.38015842 38.50504684
v -71.86162567 13.20948792 38.50504684
v -74.79785919 13.51627731 38.50462723
v -71.86162567 13.20948792 38.50504684
v -71.85373688 13.34560680 38.50462723
v -71.85373688 13.34560680 38.50462723
v -71.86162567 13.20948792 38.50504684
v -68.91751099 13.03881741 38.50504684
v -80.70107269 13.59925365 38.44507217
v -80.69398499 13.72149944 38.50504684
v -83.63810730 13.89216995 38.50504684
v -83.63810730 13.89216995 38.50504684
v -80.69398499 13.72149944 38.50504684
v -83.63021088 14.02828884 38.50462723
v -83.63810730 13.89216995 38.50504684
v -83.63021088 14.02828884 38.50462723
v -86.57433319 14.19895935 38.50462723
v -86.57433319 14.19895935 38.50462723
v -83.63021088 14.02828884 38.50462723
v -101.28786469 15.17418861 38.44390488
v -83.63021088 14.02828884 38.50462723
v -80.69398499 13.72149944 38.50504684
v -80.68609619 13.85761833 38.50462723
v -92.46257019 14.54030037 38.50462723
v -92.47045898 14.40418148 38.50504684
v -89.52634430 14.23351097 38.50504684
v -92.46257019 14.54030037 38.50462723
v -89.52634430 14.23351097 38.50504684
v -89.51844788 14.36962986 38.50462723
v -89.51844788 14.36962986 38.50462723
v -89.52634430 14.23351097 38.50504684
v -86.58222198 14.06284046 38.50504684
v -98.35080719 14.88164139 38.50462723
v -98.35869598 14.74552250 38.50504684
v -95.41458130 14.57485199 38.50504684
v -98.35080719 14.88164139 38.50462723
v -95.41458130 14.57485199 38.50504684
v -95.40669250 14.71097088 38.50462723
v -4.13193512 9.54206085 38.44390488
v -12.97135735 9.93219662 38.50462723
v -10.02723789 9.76152611 38.50462723
v -4.13193512 9.54206085 38.44390488
v -30.63607216 10.95621967 38.50462723
v -27.69195175 10.78554916 38.50462723
v -4.13193512 9.54206085 38.44390488
v -45.35666656 11.80957222 38.50462723
v -42.41254807 11.63890171 38.50462723
v -101.28786469 15.17418861 38.44390488
v -65.96549988 13.00426579 38.50462723
v -63.02138138 12.83359528 38.50462723
v -101.28786469 15.17418861 38.44390488
v -83.63021088 14.02828884 38.50462723
v -80.68609619 13.85761833 38.50462723
v -68.61064148 17.58284760 30.89999962
v -69.40930176 17.62914467 30.89999962
v -68.68008423 16.38485718 30.89999962
v -68.68008423 16.38485718 30.89999962
v -69.40930176 17.62914467 30.89999962
v -69.47874451 16.43115616 30.89999962
v -69.47874451 16.43115616 30.89999962
v -69.40930176 17.62914467 30.89999962
v -69.89215851 16.45512199 30.95451927
v -69.89215851 16.45512199 30.95451927
v -69.40930176 17.62914467 30.89999962
v -69.82271576 17.65311050 30.95451927
v -69.89215851 16.45512199 30.95451927
v -69.82271576 17.65311050 30.95451927
v -70.27740479 16.47745514 31.11435890
v -70.27740479 16.47745514 31.11435890
v -69.82271576 17.65311050 30.95451927
v -70.20795441 17.67544365 31.11435890
v -70.27740479 16.47745514 31.11435890
v -70.20795441 17.67544365 31.11435890
v -70.60822296 16.49663162 31.36862946
v -70.60822296 16.49663162 31.36862946
v -70.20795441 17.67544365 31.11435890
v -70.53877258 17.69462013 31.36862946
v -70.60822296 16.49663162 31.36862946
v -70.53877258 17.69462013 31.36862946
v -70.86206055 16.51134682 31.70000076
v -70.86206055 16.51134682 31.70000076
v -70.53877258 17.69462013 31.36862946
v -70.79261780 17.70933533 31.70000076
v -70.86206055 16.51134682 31.70000076
v -70.79261780 17.70933533 31.70000076
v -71.02163696 16.52059746 32.08588791
v -71.02163696 16.52059746 32.08588791
v -70.79261780 17.70933533 31.70000076
v -70.95218658 17.71858597 32.08588791
v -71.02163696 16.52059746 32.08588791
v -70.95218658 17.71858597 32.08588791
v -71.07606506 16.52375221 32.50000000
v -71.07606506 16.52375221 32.50000000
v -70.95218658 17.71858597 32.08588791
v -71.00661469 17.72174072 32.50000000
v -71.07606506 16.52375221 32.50000000
v -71.00661469 17.72174072 32.50000000
v -71.02163696 16.52059746 32.91411209
v -71.02163696 16.52059746 32.91411209
v -71.00661469 17.72174072 32.50000000
v -70.95218658 17.71858597 32.91411209
v -71.02163696 16.52059746 32.91411209
v -70.95218658 17.71858597 32.91411209
v -70.86206055 16.51134682 33.29999924
v -70.86206055 16.51134682 33.29999924
v -70.95218658 17.71858597 32.91411209
v -70.79261780 17.70933533 33.29999924
v -70.86206055 16.51134682 33.29999924
v -70.79261780 17.70933533 33.29999924
v -70.60822296 16.49663162 33.63137054
v -70.60822296 16.49663162 33.63137054
v -70.79261780 17.70933533 33.29999924
v -70.53877258 17.69462013 33.63137054
v -70.60822296 16.49663162 33.63137054
v -70.53877258 17.69462013 33.63137054
v -70.27740479 16.47745514 33.88563919
v -70.27740479 16.47745514 33.88563919
v -70.53877258 17.69462013 33.63137054
v -70.20795441 17.67544365 33.88563919
v -70.27740479 16.47745514 33.88563919
v -70.20795441 17.67544365 33.88563919
v -69.89215851 16.45512199 34.04548264
v -69.89215851 16.45512199 34.04548264
v -70.20795441 17.67544365 33.88563919
v -69.82271576 17.65311050 34.04548264
v -69.89215851 16.45512199 34.04548264
v -69.82271576 17.65311050 34.04548264
v -69.47874451 16.43115616 34.09999847
v -69.47874451 16.43115616 34.09999847
v -69.82271576 17.65311050 34.04548264
v -69.40930176 17.62914467 34.09999847
v -69.40930176 17.62914467 34.09999847
v -68.61064148 17.58284760 34.09999847
v -69.47874451 16.43115616 34.09999847
v -69.47874451 16.43115616 34.09999847
v -68.61064148 17.58284760 34.09999847
v -68.68008423 16.38485718 34.09999847
v -68.68008423 16.38485718 34.09999847
v -68.61064148 17.58284760 34.09999847
v -68.26667023 16.36089325 34.04548264
v -68.26667023 16.36089325 34.04548264
v -68.61064148 17.58284760 34.09999847
v -68.19721985 17.55888176 34.04548264
v -68.26667023 16.36089325 34.04548264
v -68.19721985 17.55888176 34.04548264
v -67.88142395 16.33856010 33.88563919
v -67.88142395 16.33856010 33.88563919
v -68.19721985 17.55888176 34.04548264
v -67.81198120 17.53654861 33.88563919
v -67.88142395 16.33856010 33.88563919
v -67.81198120 17.53654861 33.88563919
v -67.55061340 16.31938171 33.63137054
v -67.55061340 16.31938171 33.63137054
v -67.81198120 17.53654861 33.88563919
v -67.48116302 17.51737213 33.63137054
v -67.55061340 16.31938171 33.63137054
v -67.48116302 17.51737213 33.63137054
v -67.29676819 16.30466652 33.29999924
v -67.29676819 16.30466652 33.29999924
v -67.48116302 17.51737213 33.63137054
v -67.22731781 17.50265503 33.29999924
v -67.29676819 16.30466652 33.29999924
v -67.22731781 17.50265503 33.29999924
v -67.13719177 16.29541588 32.91411209
v -67.13719177 16.29541588 32.91411209
v -67.22731781 17.50265503 33.29999924
v -67.06774902 17.49340630 32.91411209
v -67.13719177 16.29541588 32.91411209
v -67.06774902 17.49340630 32.91411209
v -67.08277130 16.29226112 32.50000000
v -67.08277130 16.29226112 32.50000000
v -67.06774902 17.49340630 32.91411209
v -67.01332092 17.49024963 32.50000000
v -67.08277130 16.29226112 32.50000000
v -67.01332092 17.49024963 32.50000000
v -67.13719177 16.29541588 32.08588791
v -67.13719177 16.29541588 32.08588791
v -67.01332092 17.49024963 32.50000000
v -67.06774902 17.49340630 32.08588791
v -67.13719177 16.29541588 32.08588791
v -67.06774902 17.49340630 32.08588791
v -67.29676819 16.30466652 31.70000076
v -67.29676819 16.30466652 31.70000076
v -67.06774902 17.49340630 32.08588791
v -67.22731781 17.50265503 31.70000076
v -67.29676819 16.30466652 31.70000076
v -67.22731781 17.50265503 31.70000076
v -67.55061340 16.31938171 31.36862946
v -67.55061340 16.31938171 31.36862946
v -67.22731781 17.50265503 31.70000076
v -67.48116302 17.51737213 31.36862946
v -67.55061340 16.31938171 31.36862946
v -67.48116302 17.51737213 31.36862946
v -67.88142395 16.33856010 31.11435890
v -67.88142395 16.33856010 31.11435890
v -67.48116302 17.51737213 31.36862946
v -67.81198120 17.53654861 31.11435890
v -67.88142395 16.33856010 31.11435890
v -67.81198120 17.53654861 31.11435890
v -68.26667023 16.36089325 30.95451927
v -68.26667023 16.36089325 30.95451927
v -67.81198120 17.53654861 31.11435890
v -68.19721985 17.55888176 30.95451927
v -68.26667023 16.36089325 30.95451927
v -68.19721985 17.55888176 30.95451927
v -68.68008423 16.38485718 30.89999962
v -68.68008423 16.38485718 30.89999962
v -68.19721985 17.55888176 30.95451927
v -68.61064148 17.58284760 30.89999962
v -23.68605995 14.97856998 30.89999962
v -24.48472023 15.02486801 30.89999962
v -23.75550842 13.78058147 30.89999962
v -23.75550842 13.78058147 30.89999962
v -24.48472023 15.02486801 30.89999962
v -24.55416679 13.82687950 30.89999962
v -24.55416679 13.82687950 30.89999962
v -24.48472023 15.02486801 30.89999962
v -24.96758270 13.85084534 30.95451927
v -24.96758270 13.85084534 30.95451927
v -24.48472023 15.02486801 30.89999962
v -24.89813614 15.04883385 30.95451927
v -24.96758270 13.85084534 30.95451927
v -24.89813614 15.04883385 30.95451927
v -25.35282707 13.87317753 31.11435890
v -25.35282707 13.87317753 31.11435890
v -24.89813614 15.04883385 30.95451927
v -25.28337860 15.07116604 31.11435890
v -25.35282707 13.87317753 31.11435890
v -25.28337860 15.07116604 31.11435890
v -25.68364143 13.89235497 31.36862946
v -25.68364143 13.89235497 31.36862946
v -25.28337860 15.07116604 31.11435890
v -25.61419487 15.09034348 31.36862946
v -25.68364143 13.89235497 31.36862946
v -25.61419487 15.09034348 31.36862946
v -25.93748474 13.90707016 31.70000076
v -25.93748474 13.90707016 31.70000076
v -25.61419487 15.09034348 31.36862946
v -25.86803818 15.10505867 31.70000076
v -25.93748474 13.90707016 31.70000076
v -25.86803818 15.10505867 31.70000076
v -26.09705734 13.91632080 32.08588791
v -26.09705734 13.91632080 32.08588791
v -25.86803818 15.10505867 31.70000076
v -26.02761078 15.11430931 32.08588791
v -26.09705734 13.91632080 32.08588791
v -26.02761078 15.11430931 32.08588791
v -26.15148544 13.91947556 32.50000000
v -26.15148544 13.91947556 32.50000000
v -26.02761078 15.11430931 32.08588791
v -26.08203888 15.11746502 32.50000000
v -26.15148544 13.91947556 32.50000000
v -26.08203888 15.11746502 32.50000000
v -26.09705734 13.91632080 32.91411209
v -26.09705734 13.91632080 32.91411209
v -26.08203888 15.11746502 32.50000000
v -26.02761078 15.11430931 32.91411209
v -26.09705734 13.91632080 32.91411209
v -26.02761078 15.11430931 32.91411209
v -25.93748474 13.90707016 33.29999924
v -25.93748474 13.90707016 33.29999924
v -26.02761078 15.11430931 32.91411209
v -25.86803818 15.10505867 33.29999924
v -25.93748474 13.90707016 33.29999924
v -25.86803818 15.10505867 33.29999924
v -25.68364143 13.89235497 33.63137054
v -25.68364143 13.89235497 33.63137054
v -25.86803818 15.10505867 33.29999924
v -25.61419487 15.09034348 33.63137054
v -25.68364143 13.89235497 33.63137054
v -25.61419487 15.09034348 33.63137054
v -25.35282707 13.87317753 33.88563919
v -25.35282707 13.87317753 33.88563919
v -25.61419487 15.09034348 33.63137054
v -25.28337860 15.07116604 33.88563919
v -25.35282707 13.87317753 33.88563919
v -25.28337860 15.07116604 33.88563919
v -24.96758270 13.85084534 34.04548264
v -24.96758270 13.85084534 34.04548264
v -25.28337860 15.07116604 33.88563919
v -24.89813614 15.04883385 34.04548264
v -24.96758270 13.85084534 34.04548264
v -24.89813614 15.04883385 34.04548264
v -24.55416679 13.82687950 34.09999847
v -24.55416679 13.82687950 34.09999847
v -24.89813614 15.04883385 34.04548264
v -24.48472023 15.02486801 34.09999847
v -24.48472023 15.02486801 34.09999847
v -23.68605995 14.97856998 34.09999847
v -24.55416679 13.82687950 34.09999847
v -24.55416679 13.82687950 34.09999847
v -23.68605995 14.97856998 34.09999847
v -23.75550842 13.78058147 34.09999847
v -23.75550842 13.78058147 34.09999847
v -23.68605995 14.97856998 34.09999847
v -23.34209061 13.75661564 34.04548264
v -23.34209061 13.75661564 34.04548264
v -23.68605995 14.97856998 34.09999847
v -23.27264404 14.95460415 34.04548264
v -23.34209061 13.75661564 34.04548264
v -23.27264404 14.95460415 34.04548264
v -22.95684814 13.73428249 33.88563919
v -22.95684814 13.73428249 33.88563919
v -23.27264404 14.95460415 34.04548264
v -22.88740158 14.93227196 33.88563919
v -22.95684814 13.73428249 33.88563919
v -22.88740158 14.93227196 33.88563919
v -22.62603378 13.71510506 33.63137054
v -22.62603378 13.71510506 33.63137054
v -22.88740158 14.93227196 33.88563919
v -22.55658531 14.91309452 33.63137054
v -22.62603378 13.71510506 33.63137054
v -22.55658531 14.91309452 33.63137054
v -22.37219048 13.70038986 33.29999924
v -22.37219048 13.70038986 33.29999924
v -22.55658531 14.91309452 33.63137054
v -22.30274200 14.89837933 33.29999924
v -22.37219048 13.70038986 33.29999924
v -22.30274200 14.89837933 33.29999924
v -22.21261597 13.69114017 32.91411209
v -22.21261597 13.69114017 32.91411209
v -22.30274200 14.89837933 33.29999924
v -22.14316940 14.88912868 32.91411209
v -22.21261597 13.69114017 32.91411209
v -22.14316940 14.88912868 32.91411209
v -22.15818977 13.68798447 32.50000000
v -22.15818977 13.68798447 32.50000000
v -22.14316940 14.88912868 32.91411209
v -22.08874130 14.88597298 32.50000000
v -22.15818977 13.68798447 32.50000000
v -22.08874130 14.88597298 32.50000000
v -22.21261597 13.69114017 32.08588791
v -22.21261597 13.69114017 32.08588791
v -22.08874130 14.88597298 32.50000000
v -22.14316940 14.88912868 32.08588791
v -22.21261597 13.69114017 32.08588791
v -22.14316940 14.88912868 32.08588791
v -22.37219048 13.70038986 31.70000076
v -22.37219048 13.70038986 31.70000076
v -22.14316940 14.88912868 32.08588791
v -22.30274200 14.89837933 31.70000076
v -22.37219048 13.70038986 31.70000076
v -22.30274200 14.89837933 31.70000076
v -22.62603378 13.71510506 31.36862946
v -22.62603378 13.71510506 31.36862946
v -22.30274200 14.89837933 31.70000076
v -22.55658531 14.91309452 31.36862946
v -22.62603378 13.71510506 31.36862946
v -22.55658531 14.91309452 31.36862946
v -22.95684814 13.73428249 31.11435890
v -22.95684814 13.73428249 31.11435890
v -22.55658531 14.91309452 31.36862946
v -22.88740158 14.93227196 31.11435890
v -22.95684814 13.73428249 31.11435890
v -22.88740158 14.93227196 31.11435890
v -23.34209061 13.75661564 30.95451927
v -23.34209061 13.75661564 30.95451927
v -22.88740158 14.93227196 31.11435890
v -23.27264404 14.95460415 30.95451927
v -23.34209061 13.75661564 30.95451927
v -23.27264404 14.95460415 30.95451927
v -23.75550842 13.78058147 30.89999962
v -23.75550842 13.78058147 30.89999962
v -23.27264404 14.95460415 30.95451927
v -23.68605995 14.97856998 30.89999962
v -85.52291107 18.56325150 32.93167496
v -85.65159607 17.36869621 32.50000000
v -85.58214569 18.56668472 32.50000000
v -85.58214569 18.56668472 32.50000000
v -85.65159607 17.36869621 32.50000000
v -85.59236145 17.36526299 32.06832504
v -85.58214569 18.56668472 32.50000000
v -85.59236145 17.36526299 32.06832504
v -85.52291107 18.56325150 32.06832504
v -85.52291107 18.56325150 32.06832504
v -85.59236145 17.36526299 32.06832504
v -85.41905212 17.35521507 31.66866493
v -85.52291107 18.56325150 32.06832504
v -85.41905212 17.35521507 31.66866493
v -85.34960938 18.55320549 31.66866493
v -85.34960938 18.55320549 31.66866493
v -85.41905212 17.35521507 31.66866493
v -85.14453125 17.33930206 31.33066177
v -85.34960938 18.55320549 31.66866493
v -85.14453125 17.33930206 31.33066177
v -85.07508087 18.53729057 31.33066177
v -85.07508087 18.53729057 31.33066177
v -85.14453125 17.33930206 31.33066177
v -84.78914642 17.31870079 31.07938385
v -85.07508087 18.53729057 31.33066177
v -84.78914642 17.31870079 31.07938385
v -84.71969604 18.51668930 31.07938385
v -84.71969604 18.51668930 31.07938385
v -84.78914642 17.31870079 31.07938385
v -84.37925720 17.29493904 30.93346596
v -84.71969604 18.51668930 31.07938385
v -84.37925720 17.29493904 30.93346596
v -84.30981445 18.49292755 30.93346596
v -84.30981445 18.49292755 30.93346596
v -84.37925720 17.29493904 30.93346596
v -83.94526672 17.26978111 30.90373039
v -84.30981445 18.49292755 30.93346596
v -83.94526672 17.26978111 30.90373039
v -83.87582397 18.46776962 30.90373039
v -83.87582397 18.46776962 30.90373039
v -83.94526672 17.26978111 30.90373039
v -83.51936340 17.24509048 30.99238205
v -83.87582397 18.46776962 30.90373039
v -83.51936340 17.24509048 30.99238205
v -83.44992065 18.44307899 30.99238205
v -83.44992065 18.44307899 30.99238205
v -83.51936340 17.24509048 30.99238205
v -83.13313293 17.22270012 31.19284821
v -83.44992065 18.44307899 30.99238205
v -83.13313293 17.22270012 31.19284821
v -83.06368256 18.42069054 31.19284821
v -83.06368256 18.42069054 31.19284821
v -83.13313293 17.22270012 31.19284821
v -82.81521606 17.20427132 31.49025917
v -83.06368256 18.42069054 31.19284821
v -82.81521606 17.20427132 31.49025917
v -82.74577332 18.40225983 31.49025917
v -82.74577332 18.40225983 31.49025917
v -82.81521606 17.20427132 31.49025917
v -82.58919525 17.19116974 31.86255836
v -82.74577332 18.40225983 31.49025917
v -82.58919525 17.19116974 31.86255836
v -82.51975250 18.38915825 31.86255836
v -82.51975250 18.38915825 31.86255836
v -82.58919525 17.19116974 31.86255836
v -82.47183228 17.18436623 32.28213501
v -82.51975250 18.38915825 31.86255836
v -82.47183228 17.18436623 32.28213501
v -82.40238953 18.38235474 32.28213501
v -82.40238953 18.38235474 32.28213501
v -82.47183228 17.18436623 32.28213501
v -82.47183228 17.18436623 32.71786499
v -82.40238953 18.38235474 32.28213501
v -82.47183228 17.18436623 32.71786499
v -82.40238953 18.38235474 32.71786499
v -82.40238953 18.38235474 32.71786499
v -82.47183228 17.18436623 32.71786499
v -82.58919525 17.19116974 33.13744354
v -82.40238953 18.38235474 32.71786499
v -82.58919525 17.19116974 33.13744354
v -82.51975250 18.38915825 33.13744354
v -82.51975250 18.38915825 33.13744354
v -82.58919525 17.19116974 33.13744354
v -82.81521606 17.20427132 33.50973892
v -82.51975250 18.38915825 33.13744354
v -82.81521606 17.20427132 33.50973892
v -82.74577332 18.40225983 33.50973892
v -82.74577332 18.40225983 33.50973892
v -82.81521606 17.20427132 33.50973892
v -83.13313293 17.22270012 33.80715179
v -82.74577332 18.40225983 33.50973892
v -83.13313293 17.22270012 33.80715179
v -83.06368256 18.42069054 33.80715179
v -83.06368256 18.42069054 33.80715179
v -83.13313293 17.22270012 33.80715179
v -83.51936340 17.24509048 34.00761795
v -83.06368256 18.42069054 33.80715179
v -83.51936340 17.24509048 34.00761795
v -83.44992065 18.44307899 34.00761795
v -83.44992065 18.44307899 34.00761795
v -83.51936340 17.24509048 34.00761795
v -83.94526672 17.26978111 34.09627151
v -83.44992065 18.44307899 34.00761795
v -83.94526672 17.26978111 34.09627151
v -83.87582397 18.46776962 34.09627151
v -83.87582397 18.46776962 34.09627151
v -83.94526672 17.26978111 34.09627151
v -84.37925720 17.29493904 34.06653595
v -83.87582397 18.46776962 34.09627151
v -84.37925720 17.29493904 34.06653595
v -84.30981445 18.49292755 34.06653595
v -84.30981445 18.49292755 34.06653595
v -84.37925720 17.29493904 34.06653595
v -84.78914642 17.31870079 33.92061615
v -84.30981445 18.49292755 34.06653595
v -84.78914642 17.31870079 33.92061615
v -84.71969604 18.51668930 33.92061615
v -84.71969604 18.51668930 33.92061615
v -84.78914642 17.31870079 33.92061615
v -85.14453125 17.33930206 33.66933823
v -84.71969604 18.51668930 33.92061615
v -85.14453125 17.33930206 33.66933823
v -85.07508087 18.53729057 33.66933823
v -85.07508087 18.53729057 33.66933823
v -85.14453125 17.33930206 33.66933823
v -85.41905212 17.35521507 33.33133316
v -85.07508087 18.53729057 33.66933823
v -85.41905212 17.35521507 33.33133316
v -85.34960938 18.55320549 33.33133316
v -85.34960938 18.55320549 33.33133316
v -85.41905212 17.35521507 33.33133316
v -85.59236145 17.36526299 32.93167496
v -85.34960938 18.55320549 33.33133316
v -85.59236145 17.36526299 32.93167496
v -85.52291107 18.56325150 32.93167496
v -85.52291107 18.56325150 32.93167496
v -85.59236145 17.36526299 32.93167496
v -85.65159607 17.36869621 32.50000000
v -101.51625824 14.98283005 36.75000000
v -102.71424866 15.05227757 36.75000000
v -101.53003693 14.74512386 36.68966675
v -101.53003693 14.74512386 36.68966675
v -102.71424866 15.05227757 36.75000000
v -102.72802734 14.81457138 36.68966675
v -101.53003693 14.74512386 36.68966675
v -102.72802734 14.81457138 36.68966675
v -101.54049683 14.56478500 36.52322388
v -101.54049683 14.56478500 36.52322388
v -102.72802734 14.81457138 36.68966675
v -102.73847961 14.63423252 36.52322388
v -101.54049683 14.56478500 36.52322388
v -102.73847961 14.63423252 36.52322388
v -101.54509735 14.48533630 36.29084015
v -101.54509735 14.48533630 36.29084015
v -102.73847961 14.63423252 36.52322388
v -102.74308777 14.55478382 36.29084015
v -101.54509735 14.48533630 36.29084015
v -102.74308777 14.55478382 36.29084015
v -101.54274750 14.52595139 36.04860306
v -101.54274750 14.52595139 36.04860306
v -102.74308777 14.55478382 36.29084015
v -102.74073792 14.59539890 36.04860306
v -101.54274750 14.52595139 36.04860306
v -102.74073792 14.59539890 36.04860306
v -101.52174377 14.88818455 35.07084656
v -101.52174377 14.88818455 35.07084656
v -102.74073792 14.59539890 36.04860306
v -102.71973419 14.95763206 35.07084656
v -101.52174377 14.88818455 35.07084656
v -102.71973419 14.95763206 35.07084656
v -101.50758362 15.13253021 34.05706024
v -101.50758362 15.13253021 34.05706024
v -102.71973419 14.95763206 35.07084656
v -102.70557404 15.20197773 34.05706024
v -101.50758362 15.13253021 34.05706024
v -102.70557404 15.20197773 34.05706024
v -101.50045013 15.25556564 33.02145767
v -101.50045013 15.25556564 33.02145767
v -102.70557404 15.20197773 34.05706024
v -102.69844055 15.32501221 33.02145767
v -101.50045013 15.25556564 33.02145767
v -102.69844055 15.32501221 33.02145767
v -101.50045013 15.25556564 31.97854424
v -101.50045013 15.25556564 31.97854424
v -102.69844055 15.32501221 33.02145767
v -102.69844055 15.32501221 31.97854424
v -101.50045013 15.25556564 31.97854424
v -102.69844055 15.32501221 31.97854424
v -101.50758362 15.13253021 30.94293976
v -101.50758362 15.13253021 30.94293976
v -102.69844055 15.32501221 31.97854424
v -102.70557404 15.20197773 30.94293976
v -101.50758362 15.13253021 30.94293976
v -102.70557404 15.20197773 30.94293976
v -101.52174377 14.88818455 29.92915535
v -101.52174377 14.88818455 29.92915535
v -102.70557404 15.20197773 30.94293976
v -102.71973419 14.95763206 29.92915535
v -101.52174377 14.88818455 29.92915535
v -102.71973419 14.95763206 29.92915535
v -101.54274750 14.52595139 28.95139694
v -101.54274750 14.52595139 28.95139694
v -102.71973419 14.95763206 29.92915535
v -102.74073792 14.59539890 28.95139694
v -101.54274750 14.52595139 28.95139694
v -102.74073792 14.59539890 28.95139694
v -101.54509735 14.48533630 28.70915794
v -101.54509735 14.48533630 28.70915794
v -102.74073792 14.59539890 28.95139694
v -102.74308777 14.55478382 28.70915794
v -101.54509735 14.48533630 28.70915794
v -102.74308777 14.55478382 28.70915794
v -101.54049683 14.56478500 28.47677612
v -101.54049683 14.56478500 28.47677612
v -102.74308777 14.55478382 28.70915794
v -102.73847961 14.63423252 28.47677612
v -101.54049683 14.56478500 28.47677612
v -102.73847961 14.63423252 28.47677612
v -101.53003693 14.74512386 28.31033516
v -101.53003693 14.74512386 28.31033516
v -102.73847961 14.63423252 28.47677612
v -102.72802734 14.81457138 28.31033516
v -101.53003693 14.74512386 28.31033516
v -102.72802734 14.81457138 28.31033516
v -101.51625824 14.98283005 28.25000000
v -101.51625824 14.98283005 28.25000000
v -102.72802734 14.81457138 28.31033516
v -102.71424866 15.05227757 28.25000000
v -101.51625824 14.98283005 36.75000000
v -101.32527924 18.27729988 36.75000000
v -102.71424866 15.05227757 36.75000000
v -102.71424866 15.05227757 36.75000000
v -101.32527924 18.27729988 36.75000000
v -102.05335236 19.33021736 36.75000000
v -102.71424866 15.05227757 36.75000000
v -102.05335236 19.33021736 36.75000000
v -102.28701782 19.12215805 36.75000000
v -101.25582886 19.47528839 36.75000000
v -101.45549774 19.48686218 36.75000000
v -101.32527924 18.27729988 36.75000000
v -101.32527924 18.27729988 36.75000000
v -101.45549774 19.48686218 36.75000000
v -101.76683044 19.45588493 36.75000000
v -101.32527924 18.27729988 36.75000000
v -101.76683044 19.45588493 36.75000000
v -102.05335236 19.33021736 36.75000000
v -102.44494629 18.85207748 36.75000000
v -102.51169586 18.54641151 36.75000000
v -102.28701782 19.12215805 36.75000000
v -102.28701782 19.12215805 36.75000000
v -102.51169586 18.54641151 36.75000000
v -102.71424866 15.05227757 36.75000000
v -101.53003693 14.74512386 36.68966675
v -101.52174377 14.88818455 35.07084656
v -101.51625824 14.98283005 36.75000000
v -101.51625824 14.98283005 36.75000000
v -101.52174377 14.88818455 35.07084656
v -101.50758362 15.13253021 34.05706024
v -101.51625824 14.98283005 36.75000000
v -101.50758362 15.13253021 34.05706024
v -101.32527924 18.27729988 36.75000000
v -101.32527924 18.27729988 36.75000000
v -101.50758362 15.13253021 34.05706024
v -101.50045013 15.25556564 33.02145767
v -101.32527924 18.27729988 36.75000000
v -101.50045013 15.25556564 33.02145767
v -101.32527924 18.27729988 28.25000000
v -101.32527924 18.27729988 28.25000000
v -101.50045013 15.25556564 33.02145767
v -101.50045013 15.25556564 31.97854424
v -101.32527924 18.27729988 28.25000000
v -101.50045013 15.25556564 31.97854424
v -101.50758362 15.13253021 30.94293976
v -101.52174377 14.88818455 35.07084656
v -101.53003693 14.74512386 36.68966675
v -101.54274750 14.52595139 36.04860306
v -101.54274750 14.52595139 36.04860306
v -101.53003693 14.74512386 36.68966675
v -101.54049683 14.56478500 36.52322388
v -101.54274750 14.52595139 36.04860306
v -101.54049683 14.56478500 36.52322388
v -101.54509735 14.48533630 36.29084015
v -101.32527924 18.27729988 28.25000000
v -101.50758362 15.13253021 30.94293976
v -101.51625824 14.98283005 28.25000000
v -101.51625824 14.98283005 28.25000000
v -101.50758362 15.13253021 30.94293976
v -101.52174377 14.88818455 29.92915535
v -101.51625824 14.98283005 28.25000000
v -101.52174377 14.88818455 29.92915535
v -101.53003693 14.74512386 28.31033516
v -101.53003693 14.74512386 28.31033516
v -101.52174377 14.88818455 29.92915535
v -101.54274750 14.52595139 28.95139694
v -101.53003693 14.74512386 28.31033516
v -101.54274750 14.52595139 28.95139694
v -101.54049683 14.56478500 28.47677612
v -101.54049683 14.56478500 28.47677612
v -101.54274750 14.52595139 28.95139694
v -101.54509735 14.48533630 28.70915794
v -101.51625824 14.98283005 28.25000000
v -102.71424866 15.05227757 28.25000000
v -101.32527924 18.27729988 28.25000000
v -101.32527924 18.27729988 28.25000000
v -102.71424866 15.05227757 28.25000000
v -102.05335236 19.33021736 28.25000000
v -101.32527924 18.27729988 28.25000000
v -102.05335236 19.33021736 28.25000000
v -101.76683044 19.45588493 28.25000000
v -102.05335236 19.33021736 28.25000000
v -102.71424866 15.05227757 28.25000000
v -102.28701782 19.12215805 28.25000000
v -102.28701782 19.12215805 28.25000000
v -102.71424866 15.05227757 28.25000000
v -102.51169586 18.54641151 28.25000000
v -102.28701782 19.12215805 28.25000000
v -102.51169586 18.54641151 28.25000000
v -102.44494629 18.85207748 28.25000000
v -101.76683044 19.45588493 28.25000000
v -101.45549774 19.48686218 28.25000000
v -101.32527924 18.27729988 28.25000000
v -101.32527924 18.27729988 28.25000000
v -101.45549774 19.48686218 28.25000000
v -101.25582886 19.47528839 28.25000000
v -102.74308777 14.55478382 36.29084015
v -102.73847961 14.63423252 36.52322388
v -102.74073792 14.59539890 36.04860306
v -102.74073792 14.59539890 36.04860306
v -102.73847961 14.63423252 36.52322388
v -102.72802734 14.81457138 36.68966675
v -102.74073792 14.59539890 36.04860306
v -102.72802734 14.81457138 36.68966675
v -102.71973419 14.95763206 35.07084656
v -102.71973419 14.95763206 35.07084656
v -102.72802734 14.81457138 36.68966675
v -102.71424866 15.05227757 36.75000000
v -102.71973419 14.95763206 35.07084656
v -102.71424866 15.05227757 36.75000000
v -102.70557404 15.20197773 34.05706024
v -102.70557404 15.20197773 34.05706024
v -102.71424866 15.05227757 36.75000000
v -102.51169586 18.54641151 36.75000000
v -102.70557404 15.20197773 34.05706024
v -102.51169586 18.54641151 36.75000000
v -102.69844055 15.32501221 33.02145767
v -102.69844055 15.32501221 33.02145767
v -102.51169586 18.54641151 36.75000000
v -102.51169586 18.54641151 28.25000000
v -102.69844055 15.32501221 33.02145767
v -102.51169586 18.54641151 28.25000000
v -102.69844055 15.32501221 31.97854424
v -102.69844055 15.32501221 31.97854424
v -102.51169586 18.54641151 28.25000000
v -102.70557404 15.20197773 30.94293976
v -102.70557404 15.20197773 30.94293976
v -102.51169586 18.54641151 28.25000000
v -102.71424866 15.05227757 28.25000000
v -102.70557404 15.20197773 30.94293976
v -102.71424866 15.05227757 28.25000000
v -102.71973419 14.95763206 29.92915535
v -102.71973419 14.95763206 29.92915535
v -102.71424866 15.05227757 28.25000000
v -102.72802734 14.81457138 28.31033516
v -102.71973419 14.95763206 29.92915535
v -102.72802734 14.81457138 28.31033516
v -102.74073792 14.59539890 28.95139694
v -102.74073792 14.59539890 28.95139694
v -102.72802734 14.81457138 28.31033516
v -102.73847961 14.63423252 28.47677612
v -102.74073792 14.59539890 28.95139694
v -102.73847961 14.63423252 28.47677612
v -102.74308777 14.55478382 28.70915794
v -102.44494629 18.85207748 28.25000000
v -102.51169586 18.54641151 28.25000000
v -102.44494629 18.85207748 32.50000000
v -102.44494629 18.85207748 32.50000000
v -102.51169586 18.54641151 28.25000000
v -102.51169586 18.54641151 36.75000000
v -102.44494629 18.85207748 32.50000000
v -102.51169586 18.54641151 36.75000000
v -102.44494629 18.85207748 36.75000000
v -102.44494629 18.85207748 32.50000000
v -102.44494629 18.85207748 36.75000000
v -102.28701782 19.12215805 32.50000000
v -102.28701782 19.12215805 32.50000000
v -102.44494629 18.85207748 36.75000000
v -102.28701782 19.12215805 36.75000000
v -102.28701782 19.12215805 32.50000000
v -102.28701782 19.12215805 36.75000000
v -102.05335236 19.33021736 32.50000000
v -102.05335236 19.33021736 32.50000000
v -102.28701782 19.12215805 36.75000000
v -102.05335236 19.33021736 36.75000000
v -102.05335236 19.33021736 32.50000000
v -102.05335236 19.33021736 36.75000000
v -101.76683044 19.45588493 32.50000000
v -101.76683044 19.45588493 32.50000000
v -102.05335236 19.33021736 36.75000000
v -101.76683044 19.45588493 36.75000000
v -101.76683044 19.45588493 32.50000000
v -101.76683044 19.45588493 36.75000000
v -101.45549774 19.48686218 36.75000000
v -101.45549774 19.48686218 36.75000000
v -101.45549774 19.48686218 28.25000000
v -101.76683044 19.45588493 32.50000000
v -101.76683044 19.45588493 32.50000000
v -101.45549774 19.48686218 28.25000000
v -101.76683044 19.45588493 28.25000000
v -101.76683044 19.45588493 32.50000000
v -101.76683044 19.45588493 28.25000000
v -102.05335236 19.33021736 32.50000000
v -102.05335236 19.33021736 32.50000000
v -101.76683044 19.45588493 28.25000000
v -102.05335236 19.33021736 28.25000000
v -102.05335236 19.33021736 32.50000000
v -102.05335236 19.33021736 28.25000000
v -102.28701782 19.12215805 32.50000000
v -102.28701782 19.12215805 32.50000000
v -102.05335236 19.33021736 28.25000000
v -102.28701782 19.12215805 28.25000000
v -102.28701782 19.12215805 32.50000000
v -102.28701782 19.12215805 28.25000000
v -102.44494629 18.85207748 32.50000000
v -102.44494629 18.85207748 32.50000000
v -102.28701782 19.12215805 28.25000000
v -102.44494629 18.85207748 28.25000000
v -101.32527924 18.27729988 28.25000000
v -101.25582886 19.47528839 28.25000000
v -101.32527924 18.27729988 27.78981209
v -101.32527924 18.27729988 27.78981209
v -101.25582886 19.47528839 28.25000000
v -101.25582886 19.47528839 27.78981209
v -101.32527924 18.27729988 27.78981209
v -101.25582886 19.47528839 27.78981209
v -101.32702637 18.24717712 27.65640831
v -101.32702637 18.24717712 27.65640831
v -101.25582886 19.47528839 27.78981209
v -101.25918579 19.41739464 27.37536240
v -101.32702637 18.24717712 27.65640831
v -101.25918579 19.41739464 27.37536240
v -101.33192444 18.16267776 27.54897308
v -101.33192444 18.16267776 27.54897308
v -101.25918579 19.41739464 27.37536240
v -101.33901978 18.04024506 27.48842049
v -101.33901978 18.04024506 27.48842049
v -101.25918579 19.41739464 27.37536240
v -101.26899719 19.24816322 26.99274826
v -101.33901978 18.04024506 27.48842049
v -101.26899719 19.24816322 26.99274826
v -101.28450775 18.98058891 26.67135239
v -101.30452728 18.63522720 26.43586540
v -101.39634705 17.05131721 26.59093666
v -101.28450775 18.98058891 26.67135239
v -101.28450775 18.98058891 26.67135239
v -101.39634705 17.05131721 26.59093666
v -101.34693909 17.90371513 27.48653412
v -101.28450775 18.98058891 26.67135239
v -101.34693909 17.90371513 27.48653412
v -101.33901978 18.04024506 27.48842049
v -101.39634705 17.05131721 26.59093666
v -101.30452728 18.63522720 26.43586540
v -101.37526703 17.41501808 26.38500404
v -101.37526703 17.41501808 26.38500404
v -101.30452728 18.63522720 26.43586540
v -101.32752228 18.23860168 26.30437279
v -101.37526703 17.41501808 26.38500404
v -101.32752228 18.23860168 26.30437279
v -101.35172272 17.82117844 26.28697205
v -101.39634705 17.05131721 26.59093666
v -101.41357422 16.75423050 26.76840973
v -101.34693909 17.90371513 27.48653412
v -101.34693909 17.90371513 27.48653412
v -101.41357422 16.75423050 26.76840973
v -101.35412598 17.77966309 27.54368401
v -101.35412598 17.77966309 27.54368401
v -101.41357422 16.75423050 26.76840973
v -101.43269348 16.42441559 26.87286758
v -101.35412598 17.77966309 27.54368401
v -101.43269348 16.42441559 26.87286758
v -101.38053131 17.32415199 27.82593727
v -101.38053131 17.32415199 27.82593727
v -101.43269348 16.42441559 26.87286758
v -101.45269012 16.07947350 26.89873886
v -101.38053131 17.32415199 27.82593727
v -101.45269012 16.07947350 26.89873886
v -101.40964508 16.82191849 28.01239967
v -101.40964508 16.82191849 28.01239967
v -101.45269012 16.07947350 26.89873886
v -101.44032288 16.29279518 28.09570885
v -101.44032288 16.29279518 28.09570885
v -101.45269012 16.07947350 26.89873886
v -101.47134399 15.75767136 28.07257462
v -101.47134399 15.75767136 28.07257462
v -101.45269012 16.07947350 26.89873886
v -101.50148773 15.23768044 27.94391060
v -101.50148773 15.23768044 27.94391060
v -101.45269012 16.07947350 26.89873886
v -101.47249603 15.73780727 26.84463882
v -101.25582886 19.47528839 36.75000000
v -101.32527924 18.27729988 36.75000000
v -101.25582886 19.47528839 37.21018982
v -101.25582886 19.47528839 37.21018982
v -101.32527924 18.27729988 36.75000000
v -101.32527924 18.27729988 37.21018982
v -101.25582886 19.47528839 37.21018982
v -101.32527924 18.27729988 37.21018982
v -101.32702637 18.24717712 37.34358978
v -101.25582886 19.47528839 37.21018982
v -101.32702637 18.24717712 37.34358978
v -101.25918579 19.41739464 37.62463760
v -101.25918579 19.41739464 37.62463760
v -101.32702637 18.24717712 37.34358978
v -101.33192444 18.16267776 37.45102692
v -101.25918579 19.41739464 37.62463760
v -101.33192444 18.16267776 37.45102692
v -101.33901978 18.04024506 37.51158142
v -101.34693909 17.90371513 37.51346588
v -101.28450775 18.98058891 38.32864761
v -101.33901978 18.04024506 37.51158142
v -101.33901978 18.04024506 37.51158142
v -101.28450775 18.98058891 38.32864761
v -101.26899719 19.24816322 38.00725174
v -101.33901978 18.04024506 37.51158142
v -101.26899719 19.24816322 38.00725174
v -101.25918579 19.41739464 37.62463760
v -101.35412598 17.77966309 37.45631409
v -101.41357422 16.75423050 38.23159027
v -101.34693909 17.90371513 37.51346588
v -101.34693909 17.90371513 37.51346588
v -101.41357422 16.75423050 38.23159027
v -101.39634705 17.05131721 38.40906525
v -101.34693909 17.90371513 37.51346588
v -101.39634705 17.05131721 38.40906525
v -101.28450775 18.98058891 38.32864761
v -101.28450775 18.98058891 38.32864761
v -101.39634705 17.05131721 38.40906525
v -101.30452728 18.63522720 38.56413269
v -101.30452728 18.63522720 38.56413269
v -101.39634705 17.05131721 38.40906525
v -101.37526703 17.41501808 38.61499405
v -101.30452728 18.63522720 38.56413269
v -101.37526703 17.41501808 38.61499405
v -101.32752228 18.23860168 38.69562912
v -101.32752228 18.23860168 38.69562912
v -101.37526703 17.41501808 38.61499405
v -101.35172272 17.82117844 38.71302795
v -101.41357422 16.75423050 38.23159027
v -101.35412598 17.77966309 37.45631409
v -101.43269348 16.42441559 38.12713242
v -101.43269348 16.42441559 38.12713242
v -101.35412598 17.77966309 37.45631409
v -101.38053131 17.32415199 37.17406082
v -101.43269348 16.42441559 38.12713242
v -101.38053131 17.32415199 37.17406082
v -101.45269012 16.07947350 38.10126114
v -101.45269012 16.07947350 38.10126114
v -101.38053131 17.32415199 37.17406082
v -101.40964508 16.82191849 36.98759842
v -101.45269012 16.07947350 38.10126114
v -101.40964508 16.82191849 36.98759842
v -101.44032288 16.29279518 36.90428925
v -101.44032288 16.29279518 36.90428925
v -101.47134399 15.75767136 36.92742538
v -101.45269012 16.07947350 38.10126114
v -101.45269012 16.07947350 38.10126114
v -101.47134399 15.75767136 36.92742538
v -101.50148773 15.23768044 37.05609131
v -101.45269012 16.07947350 38.10126114
v -101.50148773 15.23768044 37.05609131
v -101.47249603 15.73780727 38.15536118
v -101.32865906 14.68216038 27.67798233
v -101.28786469 15.17418861 26.55609322
v -101.19263458 14.54579830 27.59118080
v -101.19263458 14.54579830 27.59118080
v -101.28786469 15.17418861 26.55609322
v -101.12928009 15.01220894 26.48975563
v -101.19263458 14.54579830 27.59118080
v -101.12928009 15.01220894 26.48975563
v -101.04267883 14.45643902 27.50434494
v -101.04267883 14.45643902 27.50434494
v -101.12928009 15.01220894 26.48975563
v -100.94381714 14.86463642 26.50375366
v -101.04267883 14.45643902 27.50434494
v -100.94381714 14.86463642 26.50375366
v -100.88655853 14.41015434 27.41035271
v -100.88655853 14.41015434 27.41035271
v -100.94381714 14.86463642 26.50375366
v -100.73995972 14.74573231 26.56837463
v -100.88655853 14.41015434 27.41035271
v -100.73995972 14.74573231 26.56837463
v -100.54776001 14.41054821 27.22330856
v -100.54776001 14.41054821 27.22330856
v -100.73995972 14.74573231 26.56837463
v -100.53297424 14.66551113 26.66290474
v -101.32865906 14.68216038 27.67798233
v -101.43147278 14.84972095 27.77298355
v -101.28786469 15.17418861 26.55609322
v -101.28786469 15.17418861 26.55609322
v -101.43147278 14.84972095 27.77298355
v -101.43483734 15.43053722 26.72214890
v -101.43483734 15.43053722 26.72214890
v -101.43147278 14.84972095 27.77298355
v -101.48994446 15.03992176 27.86492920
v -101.43483734 15.43053722 26.72214890
v -101.48994446 15.03992176 27.86492920
v -101.46773529 15.58148289 26.79144859
v -101.46773529 15.58148289 26.79144859
v -101.48994446 15.03992176 27.86492920
v -101.50148773 15.23768044 27.94391060
v -101.46773529 15.58148289 26.79144859
v -101.50148773 15.23768044 27.94391060
v -101.47249603 15.73780727 26.84463882
v -4.17513132 8.79691219 27.35687256
v -7.11527443 8.96735191 27.35687256
v -4.17357635 8.82373905 27.22330856
v -4.17357635 8.82373905 27.22330856
v -7.11527443 8.96735191 27.35687256
v -10.05541706 9.13779163 27.35687256
v -4.17357635 8.82373905 27.22330856
v -10.05541706 9.13779163 27.35687256
v -12.99555969 9.30823231 27.35687256
v -12.99555969 9.30823231 27.35687256
v -10.05541706 9.13779163 27.35687256
v -12.99353600 9.34314537 27.48855019
v -12.99555969 9.30823231 27.35687256
v -12.99353600 9.34314537 27.48855019
v -15.93367863 9.51358509 27.48855019
v -15.93367863 9.51358509 27.48855019
v -12.99353600 9.34314537 27.48855019
v -4.16792202 8.92127800 27.59118080
v -15.93367863 9.51358509 27.48855019
v -4.16792202 8.92127800 27.59118080
v -18.87382126 9.68402481 27.48855019
v -18.87382126 9.68402481 27.48855019
v -4.16792202 8.92127800 27.59118080
v -21.81396484 9.85446548 27.48855019
v -18.87382126 9.68402481 27.48855019
v -21.81396484 9.85446548 27.48855019
v -18.87584496 9.64911175 27.35687256
v -18.87584496 9.64911175 27.35687256
v -21.81396484 9.85446548 27.48855019
v -21.81598854 9.81955242 27.35687256
v -18.87584496 9.64911175 27.35687256
v -21.81598854 9.81955242 27.35687256
v -4.17357635 8.82373905 27.22330856
v -4.17357635 8.82373905 27.22330856
v -21.81598854 9.81955242 27.35687256
v -24.75613213 9.98999214 27.35687256
v -4.17357635 8.82373905 27.22330856
v -24.75613213 9.98999214 27.35687256
v -27.69627380 10.16043186 27.35687256
v -27.69627380 10.16043186 27.35687256
v -24.75613213 9.98999214 27.35687256
v -27.69425011 10.19534492 27.48855019
v -27.69627380 10.16043186 27.35687256
v -27.69425011 10.19534492 27.48855019
v -30.63439369 10.36578560 27.48855019
v -30.63439369 10.36578560 27.48855019
v -27.69425011 10.19534492 27.48855019
v -4.16792202 8.92127800 27.59118080
v -30.63439369 10.36578560 27.48855019
v -4.16792202 8.92127800 27.59118080
v -33.57453537 10.53622532 27.48855019
v -33.57453537 10.53622532 27.48855019
v -4.16792202 8.92127800 27.59118080
v -36.51467896 10.70666504 27.48855019
v -33.57453537 10.53622532 27.48855019
v -36.51467896 10.70666504 27.48855019
v -33.57656097 10.50131226 27.35687256
v -33.57656097 10.50131226 27.35687256
v -36.51467896 10.70666504 27.48855019
v -36.51670456 10.67175198 27.35687256
v -33.57656097 10.50131226 27.35687256
v -36.51670456 10.67175198 27.35687256
v -4.17357635 8.82373905 27.22330856
v -4.17357635 8.82373905 27.22330856
v -36.51670456 10.67175198 27.35687256
v -39.45684433 10.84219265 27.35687256
v -4.17357635 8.82373905 27.22330856
v -39.45684433 10.84219265 27.35687256
v -42.39698792 11.01263237 27.35687256
v -42.39698792 11.01263237 27.35687256
v -39.45684433 10.84219265 27.35687256
v -42.39496613 11.04754543 27.48855019
v -42.39698792 11.01263237 27.35687256
v -42.39496613 11.04754543 27.48855019
v -45.33510590 11.21798515 27.48855019
v -45.33510590 11.21798515 27.48855019
v -42.39496613 11.04754543 27.48855019
v -4.16792202 8.92127800 27.59118080
v -45.33510590 11.21798515 27.48855019
v -4.16792202 8.92127800 27.59118080
v -48.27524948 11.38842583 27.48855019
v -48.27524948 11.38842583 27.48855019
v -4.16792202 8.92127800 27.59118080
v -51.21539307 11.55886555 27.48855019
v -48.27524948 11.38842583 27.48855019
v -51.21539307 11.55886555 27.48855019
v -48.27727509 11.35351276 27.35687256
v -48.27727509 11.35351276 27.35687256
v -51.21539307 11.55886555 27.48855019
v -51.21741867 11.52395248 27.35687256
v -48.27727509 11.35351276 27.35687256
v -51.21741867 11.52395248 27.35687256
v -4.17357635 8.82373905 27.22330856
v -4.17357635 8.82373905 27.22330856
v -51.21741867 11.52395248 27.35687256
v -100.54776001 14.41054821 27.22330856
v -100.54776001 14.41054821 27.22330856
v -51.21741867 11.52395248 27.35687256
v -54.15755844 11.69439220 27.35687256
v -100.54776001 14.41054821 27.22330856
v -54.15755844 11.69439220 27.35687256
v -57.09770203 11.86483192 27.35687256
v -57.09770203 11.86483192 27.35687256
v -54.15755844 11.69439220 27.35687256
v -57.09568024 11.89974594 27.48855019
v -57.09770203 11.86483192 27.35687256
v -57.09568024 11.89974594 27.48855019
v -60.03582382 12.07018566 27.48855019
v -60.03582382 12.07018566 27.48855019
v -57.09568024 11.89974594 27.48855019
v -101.19263458 14.54579830 27.59118080
v -60.03582382 12.07018566 27.48855019
v -101.19263458 14.54579830 27.59118080
v -62.97596359 12.24062538 27.48855019
v -62.97596359 12.24062538 27.48855019
v -101.19263458 14.54579830 27.59118080
v -65.91610718 12.41106606 27.48855019
v -62.97596359 12.24062538 27.48855019
v -65.91610718 12.41106606 27.48855019
v -62.97798920 12.20571232 27.35687256
v -62.97798920 12.20571232 27.35687256
v -65.91610718 12.41106606 27.48855019
v -65.91812897 12.37615204 27.35687256
v -62.97798920 12.20571232 27.35687256
v -65.91812897 12.37615204 27.35687256
v -100.54776001 14.41054821 27.22330856
v -100.54776001 14.41054821 27.22330856
v -65.91812897 12.37615204 27.35687256
v -68.85827637 12.54659271 27.35687256
v -100.54776001 14.41054821 27.22330856
v -68.85827637 12.54659271 27.35687256
v -71.79841614 12.71703243 27.35687256
v -71.79841614 12.71703243 27.35687256
v -68.85827637 12.54659271 27.35687256
v -71.79639435 12.75194550 27.48855019
v -71.79841614 12.71703243 27.35687256
v -71.79639435 12.75194550 27.48855019
v -74.73653412 12.92238617 27.48855019
v -74.73653412 12.92238617 27.48855019
v -71.79639435 12.75194550 27.48855019
v -101.19263458 14.54579830 27.59118080
v -74.73653412 12.92238617 27.48855019
v -101.19263458 14.54579830 27.59118080
v -77.67668152 13.09282589 27.48855019
v -77.67668152 13.09282589 27.48855019
v -101.19263458 14.54579830 27.59118080
v -80.61682129 13.26326561 27.48855019
v -77.67668152 13.09282589 27.48855019
v -80.61682129 13.26326561 27.48855019
v -77.67870331 13.05791283 27.35687256
v -77.67870331 13.05791283 27.35687256
v -80.61682129 13.26326561 27.48855019
v -80.61884308 13.22835255 27.35687256
v -77.67870331 13.05791283 27.35687256
v -80.61884308 13.22835255 27.35687256
v -100.54776001 14.41054821 27.22330856
v -100.54776001 14.41054821 27.22330856
v -80.61884308 13.22835255 27.35687256
v -83.55899048 13.39879227 27.35687256
v -100.54776001 14.41054821 27.22330856
v -83.55899048 13.39879227 27.35687256
v -86.49913025 13.56923294 27.35687256
v -86.49913025 13.56923294 27.35687256
v -83.55899048 13.39879227 27.35687256
v -86.49710846 13.60414600 27.48855019
v -86.49913025 13.56923294 27.35687256
v -86.49710846 13.60414600 27.48855019
v -89.43724823 13.77458572 27.48855019
v -89.43724823 13.77458572 27.48855019
v -86.49710846 13.60414600 27.48855019
v -101.19263458 14.54579830 27.59118080
v -89.43724823 13.77458572 27.48855019
v -101.19263458 14.54579830 27.59118080
v -92.37739563 13.94502640 27.48855019
v -92.37739563 13.94502640 27.48855019
v -101.19263458 14.54579830 27.59118080
v -95.31753540 14.11546612 27.48855019
v -92.37739563 13.94502640 27.48855019
v -95.31753540 14.11546612 27.48855019
v -92.37941742 13.91011238 27.35687256
v -92.37941742 13.91011238 27.35687256
v -95.31753540 14.11546612 27.48855019
v -95.31955719 14.08055305 27.35687256
v -92.37941742 13.91011238 27.35687256
v -95.31955719 14.08055305 27.35687256
v -100.54776001 14.41054821 27.22330856
v -100.54776001 14.41054821 27.22330856
v -95.31955719 14.08055305 27.35687256
v -98.25970459 14.25099277 27.35687256
v -100.54776001 14.41054821 27.22330856
v -98.25970459 14.25099277 27.35687256
v -100.88655853 14.41015434 27.41035271
v -100.88655853 14.41015434 27.41035271
v -98.25970459 14.25099277 27.35687256
v -98.25768280 14.28590584 27.48855019
v -100.88655853 14.41015434 27.41035271
v -98.25768280 14.28590584 27.48855019
v -101.04267883 14.45643902 27.50434494
v -101.04267883 14.45643902 27.50434494
v -98.25768280 14.28590584 27.48855019
v -101.19263458 14.54579830 27.59118080
v -101.19263458 14.54579830 27.59118080
v -98.25768280 14.28590584 27.48855019
v -95.31753540 14.11546612 27.48855019
v -7.11527443 8.96735191 27.35687256
v -4.17513132 8.79691219 27.35687256
v -7.11325026 9.00226498 27.48855019
v -7.11325026 9.00226498 27.48855019
v -4.17513132 8.79691219 27.35687256
v -4.17310762 8.83182526 27.48855019
v -7.11325026 9.00226498 27.48855019
v -4.17310762 8.83182526 27.48855019
v -4.16792202 8.92127800 27.59118080
v -4.16792202 8.92127800 27.59118080
v -101.19263458 14.54579830 27.59118080
v -51.21539307 11.55886555 27.48855019
v -51.21539307 11.55886555 27.48855019
v -101.19263458 14.54579830 27.59118080
v -54.15553665 11.72930527 27.48855019
v -51.21539307 11.55886555 27.48855019
v -54.15553665 11.72930527 27.48855019
v -51.21741867 11.52395248 27.35687256
v -51.21741867 11.52395248 27.35687256
v -54.15553665 11.72930527 27.48855019
v -54.15755844 11.69439220 27.35687256
v -10.05541706 9.13779163 27.35687256
v -7.11527443 8.96735191 27.35687256
v -10.05339336 9.17270470 27.48855019
v -10.05339336 9.17270470 27.48855019
v -7.11527443 8.96735191 27.35687256
v -7.11325026 9.00226498 27.48855019
v -10.05339336 9.17270470 27.48855019
v -7.11325026 9.00226498 27.48855019
v -4.16792202 8.92127800 27.59118080
v -18.87584496 9.64911175 27.35687256
v -4.17357635 8.82373905 27.22330856
v -15.93570328 9.47867203 27.35687256
v -15.93570328 9.47867203 27.35687256
v -4.17357635 8.82373905 27.22330856
v -12.99555969 9.30823231 27.35687256
v -15.93570328 9.47867203 27.35687256
v -12.99555969 9.30823231 27.35687256
v -15.93367863 9.51358509 27.48855019
v -18.87382126 9.68402481 27.48855019
v -18.87584496 9.64911175 27.35687256
v -15.93570328 9.47867203 27.35687256
v -18.87382126 9.68402481 27.48855019
v -15.93570328 9.47867203 27.35687256
v -15.93367863 9.51358509 27.48855019
v -24.75613213 9.98999214 27.35687256
v -21.81598854 9.81955242 27.35687256
v -24.75410843 10.02490520 27.48855019
v -24.75410843 10.02490520 27.48855019
v -21.81598854 9.81955242 27.35687256
v -21.81396484 9.85446548 27.48855019
v -24.75410843 10.02490520 27.48855019
v -21.81396484 9.85446548 27.48855019
v -4.16792202 8.92127800 27.59118080
v -33.57656097 10.50131226 27.35687256
v -4.17357635 8.82373905 27.22330856
v -30.63641739 10.33087254 27.35687256
v -30.63641739 10.33087254 27.35687256
v -4.17357635 8.82373905 27.22330856
v -27.69627380 10.16043186 27.35687256
v -30.63641739 10.33087254 27.35687256
v -27.69627380 10.16043186 27.35687256
v -30.63439369 10.36578560 27.48855019
v -33.57453537 10.53622532 27.48855019
v -33.57656097 10.50131226 27.35687256
v -30.63641739 10.33087254 27.35687256
v -33.57453537 10.53622532 27.48855019
v -30.63641739 10.33087254 27.35687256
v -30.63439369 10.36578560 27.48855019
v -39.45684433 10.84219265 27.35687256
v -36.51670456 10.67175198 27.35687256
v -39.45482254 10.87710571 27.48855019
v -39.45482254 10.87710571 27.48855019
v -36.51670456 10.67175198 27.35687256
v -36.51467896 10.70666504 27.48855019
v -39.45482254 10.87710571 27.48855019
v -36.51467896 10.70666504 27.48855019
v -4.16792202 8.92127800 27.59118080
v -48.27727509 11.35351276 27.35687256
v -4.17357635 8.82373905 27.22330856
v -45.33713150 11.18307209 27.35687256
v -45.33713150 11.18307209 27.35687256
v -4.17357635 8.82373905 27.22330856
v -42.39698792 11.01263237 27.35687256
v -45.33713150 11.18307209 27.35687256
v -42.39698792 11.01263237 27.35687256
v -45.33510590 11.21798515 27.48855019
v -48.27524948 11.38842583 27.48855019
v -48.27727509 11.35351276 27.35687256
v -45.33713150 11.18307209 27.35687256
v -48.27524948 11.38842583 27.48855019
v -45.33713150 11.18307209 27.35687256
v -45.33510590 11.21798515 27.48855019
v -57.09568024 11.89974594 27.48855019
v -54.15755844 11.69439220 27.35687256
v -54.15553665 11.72930527 27.48855019
v -62.97798920 12.20571232 27.35687256
v -100.54776001 14.41054821 27.22330856
v -60.03784561 12.03527260 27.35687256
v -60.03784561 12.03527260 27.35687256
v -100.54776001 14.41054821 27.22330856
v -57.09770203 11.86483192 27.35687256
v -60.03784561 12.03527260 27.35687256
v -57.09770203 11.86483192 27.35687256
v -60.03582382 12.07018566 27.48855019
v -62.97596359 12.24062538 27.48855019
v -62.97798920 12.20571232 27.35687256
v -60.03784561 12.03527260 27.35687256
v -62.97596359 12.24062538 27.48855019
v -60.03784561 12.03527260 27.35687256
v -60.03582382 12.07018566 27.48855019
v -68.85827637 12.54659271 27.35687256
v -65.91812897 12.37615204 27.35687256
v -68.85624695 12.58150578 27.48855019
v -68.85624695 12.58150578 27.48855019
v -65.91812897 12.37615204 27.35687256
v -65.91610718 12.41106606 27.48855019
v -68.85624695 12.58150578 27.48855019
v -65.91610718 12.41106606 27.48855019
v -101.19263458 14.54579830 27.59118080
v -77.67870331 13.05791283 27.35687256
v -100.54776001 14.41054821 27.22330856
v -74.73856354 12.88747215 27.35687256
v -74.73856354 12.88747215 27.35687256
v -100.54776001 14.41054821 27.22330856
v -71.79841614 12.71703243 27.35687256
v -74.73856354 12.88747215 27.35687256
v -71.79841614 12.71703243 27.35687256
v -74.73653412 12.92238617 27.48855019
v -77.67668152 13.09282589 27.48855019
v -77.67870331 13.05791283 27.35687256
v -74.73856354 12.88747215 27.35687256
v -77.67668152 13.09282589 27.48855019
v -74.73856354 12.88747215 27.35687256
v -74.73653412 12.92238617 27.48855019
v -83.55899048 13.39879227 27.35687256
v -80.61884308 13.22835255 27.35687256
v -83.55696869 13.43370628 27.48855019
v -83.55696869 13.43370628 27.48855019
v -80.61884308 13.22835255 27.35687256
v -80.61682129 13.26326561 27.48855019
v -83.55696869 13.43370628 27.48855019
v -80.61682129 13.26326561 27.48855019
v -101.19263458 14.54579830 27.59118080
v -92.37941742 13.91011238 27.35687256
v -100.54776001 14.41054821 27.22330856
v -89.43927765 13.73967266 27.35687256
v -89.43927765 13.73967266 27.35687256
v -100.54776001 14.41054821 27.22330856
v -86.49913025 13.56923294 27.35687256
v -89.43927765 13.73967266 27.35687256
v -86.49913025 13.56923294 27.35687256
v -89.43724823 13.77458572 27.48855019
v -92.37739563 13.94502640 27.48855019
v -92.37941742 13.91011238 27.35687256
v -89.43927765 13.73967266 27.35687256
v -92.37739563 13.94502640 27.48855019
v -89.43927765 13.73967266 27.35687256
v -89.43724823 13.77458572 27.48855019
v -98.25768280 14.28590584 27.48855019
v -98.25970459 14.25099277 27.35687256
v -95.31955719 14.08055305 27.35687256
v -98.25768280 14.28590584 27.48855019
v -95.31955719 14.08055305 27.35687256
v -95.31753540 14.11546612 27.48855019
v -4.16792202 8.92127800 27.59118080
v -12.99353600 9.34314537 27.48855019
v -10.05339336 9.17270470 27.48855019
v -10.05339336 9.17270470 27.48855019
v -12.99353600 9.34314537 27.48855019
v -10.05541706 9.13779163 27.35687256
v -4.16792202 8.92127800 27.59118080
v -27.69425011 10.19534492 27.48855019
v -24.75410843 10.02490520 27.48855019
v -24.75410843 10.02490520 27.48855019
v -27.69425011 10.19534492 27.48855019
v -24.75613213 9.98999214 27.35687256
v -4.16792202 8.92127800 27.59118080
v -42.39496613 11.04754543 27.48855019
v -39.45482254 10.87710571 27.48855019
v -39.45482254 10.87710571 27.48855019
v -42.39496613 11.04754543 27.48855019
v -39.45684433 10.84219265 27.35687256
v -101.19263458 14.54579830 27.59118080
v -57.09568024 11.89974594 27.48855019
v -54.15553665 11.72930527 27.48855019
v -101.19263458 14.54579830 27.59118080
v -71.79639435 12.75194550 27.48855019
v -68.85624695 12.58150578 27.48855019
v -68.85624695 12.58150578 27.48855019
v -71.79639435 12.75194550 27.48855019
v -68.85827637 12.54659271 27.35687256
v -101.19263458 14.54579830 27.59118080
v -86.49710846 13.60414600 27.48855019
v -83.55696869 13.43370628 27.48855019
v -83.55696869 13.43370628 27.48855019
v -86.49710846 13.60414600 27.48855019
v -83.55899048 13.39879227 27.35687256
v -4.15879631 9.07870102 26.66290474
v -4.17357635 8.82373905 27.22330856
v -100.53297424 14.66551113 26.66290474
v -100.53297424 14.66551113 26.66290474
v -4.17357635 8.82373905 27.22330856
v -100.54776001 14.41054821 27.22330856
v -101.43485260 15.43061638 38.27782059
v -101.43147278 14.84972095 37.22701645
v -101.28786469 15.17418861 38.44390488
v -101.28786469 15.17418861 38.44390488
v -101.43147278 14.84972095 37.22701645
v -101.32865906 14.68216038 37.32201767
v -101.28786469 15.17418861 38.44390488
v -101.32865906 14.68216038 37.32201767
v -101.19263458 14.54579830 37.40882111
v -101.43147278 14.84972095 37.22701645
v -101.43485260 15.43061638 38.27782059
v -101.48994446 15.03992176 37.13507080
v -101.48994446 15.03992176 37.13507080
v -101.43485260 15.43061638 38.27782059
v -101.46772766 15.58148766 38.20855331
v -101.48994446 15.03992176 37.13507080
v -101.46772766 15.58148766 38.20855331
v -101.50148773 15.23768044 37.05609131
v -101.50148773 15.23768044 37.05609131
v -101.46772766 15.58148766 38.20855331
v -101.47249603 15.73780727 38.15536118
v -101.28786469 15.17418861 38.44390488
v -101.19263458 14.54579830 37.40882111
v -101.12938690 15.01230907 38.51023483
v -101.12938690 15.01230907 38.51023483
v -101.19263458 14.54579830 37.40882111
v -101.04814148 14.45873547 37.49235916
v -101.12938690 15.01230907 38.51023483
v -101.04814148 14.45873547 37.49235916
v -100.94390106 14.86469364 38.49626541
v -100.94390106 14.86469364 38.49626541
v -101.04814148 14.45873547 37.49235916
v -100.88744354 14.40991116 37.58922577
v -100.94390106 14.86469364 38.49626541
v -100.88744354 14.40991116 37.58922577
v -100.74000549 14.74575329 38.43164444
v -100.74000549 14.74575329 38.43164444
v -100.88744354 14.40991116 37.58922577
v -100.54776001 14.41054821 37.77669144
v -100.74000549 14.74575329 38.43164444
v -100.54776001 14.41054821 37.77669144
v -100.53297424 14.66551113 38.33709717
v -4.11217546 9.88292503 38.23155975
v -12.22655106 10.35331535 38.23155975
v -4.13193512 9.54206085 38.44390488
v -4.13193512 9.54206085 38.44390488
v -12.22655106 10.35331535 38.23155975
v -20.34092522 10.82370567 38.23155975
v -4.13193512 9.54206085 38.44390488
v -20.34092522 10.82370567 38.23155975
v -28.45530128 11.29409599 38.23155975
v -28.45530128 11.29409599 38.23155975
v -20.34092522 10.82370567 38.23155975
v -28.43298721 11.67902660 38.11754227
v -28.45530128 11.29409599 38.23155975
v -28.43298721 11.67902660 38.11754227
v -36.54736328 12.14941597 38.11754227
v -36.54736328 12.14941597 38.11754227
v -28.43298721 11.67902660 38.11754227
v -36.52409744 12.55075455 38.11004257
v -36.54736328 12.14941597 38.11754227
v -36.52409744 12.55075455 38.11004257
v -44.63847351 13.02114487 38.11004257
v -44.63847351 13.02114487 38.11004257
v -36.52409744 12.55075455 38.11004257
v -44.61592865 13.41005230 38.20960236
v -44.63847351 13.02114487 38.11004257
v -44.61592865 13.41005230 38.20960236
v -52.73030090 13.88044262 38.20960236
v -52.73030090 13.88044262 38.20960236
v -44.61592865 13.41005230 38.20960236
v -4.02384567 11.40663528 38.40906525
v -52.73030090 13.88044262 38.20960236
v -4.02384567 11.40663528 38.40906525
v -101.39634705 17.05131721 38.40906525
v -12.22655106 10.35331535 38.23155975
v -4.11217546 9.88292503 38.23155975
v -12.20423603 10.73824596 38.11754227
v -12.20423603 10.73824596 38.11754227
v -4.11217546 9.88292503 38.23155975
v -4.08986092 10.26785564 38.11754227
v -12.20423603 10.73824596 38.11754227
v -4.08986092 10.26785564 38.11754227
v -12.18097019 11.13958359 38.11004257
v -12.18097019 11.13958359 38.11004257
v -4.08986092 10.26785564 38.11754227
v -4.06659555 10.66919327 38.11004257
v -12.18097019 11.13958359 38.11004257
v -4.06659555 10.66919327 38.11004257
v -12.15842533 11.52849197 38.20960236
v -12.15842533 11.52849197 38.20960236
v -4.06659555 10.66919327 38.11004257
v -4.04405022 11.05810165 38.20960236
v -12.15842533 11.52849197 38.20960236
v -4.04405022 11.05810165 38.20960236
v -4.02384567 11.40663528 38.40906525
v -101.41357422 16.75423050 38.23159027
v -93.30217743 16.23239326 38.20960236
v -101.39634705 17.05131721 38.40906525
v -101.39634705 17.05131721 38.40906525
v -93.30217743 16.23239326 38.20960236
v -85.18780518 15.76200390 38.20960236
v -101.39634705 17.05131721 38.40906525
v -85.18780518 15.76200390 38.20960236
v -77.07342529 15.29161358 38.20960236
v -77.07342529 15.29161358 38.20960236
v -85.18780518 15.76200390 38.20960236
v -77.09597015 14.90270519 38.11004257
v -77.07342529 15.29161358 38.20960236
v -77.09597015 14.90270519 38.11004257
v -68.98159790 14.43231487 38.11004257
v -68.98159790 14.43231487 38.11004257
v -77.09597015 14.90270519 38.11004257
v -69.00485992 14.03097725 38.11754227
v -68.98159790 14.43231487 38.11004257
v -69.00485992 14.03097725 38.11754227
v -60.89048767 13.56058693 38.11754227
v -60.89048767 13.56058693 38.11754227
v -69.00485992 14.03097725 38.11754227
v -60.91280365 13.17565632 38.23155975
v -60.89048767 13.56058693 38.11754227
v -60.91280365 13.17565632 38.23155975
v -52.79842758 12.70526600 38.23155975
v -52.79842758 12.70526600 38.23155975
v -60.91280365 13.17565632 38.23155975
v -4.13193512 9.54206085 38.44390488
v -52.79842758 12.70526600 38.23155975
v -4.13193512 9.54206085 38.44390488
v -44.68405151 12.23487663 38.23155975
v -44.68405151 12.23487663 38.23155975
v -4.13193512 9.54206085 38.44390488
v -36.56967545 11.76448631 38.23155975
v -44.68405151 12.23487663 38.23155975
v -36.56967545 11.76448631 38.23155975
v -44.66173935 12.61980629 38.11754227
v -44.66173935 12.61980629 38.11754227
v -36.56967545 11.76448631 38.23155975
v -36.54736328 12.14941597 38.11754227
v -44.66173935 12.61980629 38.11754227
v -36.54736328 12.14941597 38.11754227
v -44.63847351 13.02114487 38.11004257
v -101.41357422 16.75423050 38.23159027
v -101.43269348 16.42441559 38.12713242
v -93.30217743 16.23239326 38.20960236
v -93.30217743 16.23239326 38.20960236
v -101.43269348 16.42441559 38.12713242
v -93.32472229 15.84348583 38.11004257
v -93.30217743 16.23239326 38.20960236
v -93.32472229 15.84348583 38.11004257
v -85.21035004 15.37309551 38.11004257
v -85.21035004 15.37309551 38.11004257
v -93.32472229 15.84348583 38.11004257
v -85.23361206 14.97175789 38.11754227
v -85.21035004 15.37309551 38.11004257
v -85.23361206 14.97175789 38.11754227
v -77.11923981 14.50136757 38.11754227
v -77.11923981 14.50136757 38.11754227
v -85.23361206 14.97175789 38.11754227
v -77.14155579 14.11643696 38.23155975
v -77.11923981 14.50136757 38.11754227
v -77.14155579 14.11643696 38.23155975
v -69.02717590 13.64604664 38.23155975
v -69.02717590 13.64604664 38.23155975
v -77.14155579 14.11643696 38.23155975
v -101.43485260 15.43061638 38.27782059
v -69.02717590 13.64604664 38.23155975
v -101.43485260 15.43061638 38.27782059
v -4.13193512 9.54206085 38.44390488
v -4.13193512 9.54206085 38.44390488
v -101.43485260 15.43061638 38.27782059
v -101.28786469 15.17418861 38.44390488
v -101.43269348 16.42441559 38.12713242
v -101.45269012 16.07947350 38.10126114
v -93.32472229 15.84348583 38.11004257
v -93.32472229 15.84348583 38.11004257
v -101.45269012 16.07947350 38.10126114
v -93.34799194 15.44214725 38.11754227
v -93.32472229 15.84348583 38.11004257
v -93.34799194 15.44214725 38.11754227
v -85.23361206 14.97175789 38.11754227
v -85.23361206 14.97175789 38.11754227
v -93.34799194 15.44214725 38.11754227
v -85.25592804 14.58682728 38.23155975
v -85.23361206 14.97175789 38.11754227
v -85.25592804 14.58682728 38.23155975
v -77.14155579 14.11643696 38.23155975
v -77.14155579 14.11643696 38.23155975
v -85.25592804 14.58682728 38.23155975
v -101.43485260 15.43061638 38.27782059
v -101.45269012 16.07947350 38.10126114
v -101.47249603 15.73780727 38.15536118
v -93.34799194 15.44214725 38.11754227
v -93.34799194 15.44214725 38.11754227
v -101.47249603 15.73780727 38.15536118
v -93.37030029 15.05721760 38.23155975
v -93.34799194 15.44214725 38.11754227
v -93.37030029 15.05721760 38.23155975
v -85.25592804 14.58682728 38.23155975
v -85.25592804 14.58682728 38.23155975
v -93.37030029 15.05721760 38.23155975
v -101.43485260 15.43061638 38.27782059
v -101.47249603 15.73780727 38.15536118
v -101.46772766 15.58148766 38.20855331
v -93.37030029 15.05721760 38.23155975
v -93.37030029 15.05721760 38.23155975
v -101.46772766 15.58148766 38.20855331
v -101.43485260 15.43061638 38.27782059
v -36.56967545 11.76448631 38.23155975
v -4.13193512 9.54206085 38.44390488
v -28.45530128 11.29409599 38.23155975
v -20.34092522 10.82370567 38.23155975
v -12.22655106 10.35331535 38.23155975
v -20.31861115 11.20863628 38.11754227
v -20.31861115 11.20863628 38.11754227
v -12.22655106 10.35331535 38.23155975
v -12.20423603 10.73824596 38.11754227
v -20.31861115 11.20863628 38.11754227
v -12.20423603 10.73824596 38.11754227
v -20.29534531 11.60997391 38.11004257
v -20.29534531 11.60997391 38.11004257
v -12.20423603 10.73824596 38.11754227
v -12.18097019 11.13958359 38.11004257
v -20.29534531 11.60997391 38.11004257
v -12.18097019 11.13958359 38.11004257
v -20.27280045 11.99888229 38.20960236
v -20.27280045 11.99888229 38.20960236
v -12.18097019 11.13958359 38.11004257
v -12.15842533 11.52849197 38.20960236
v -20.27280045 11.99888229 38.20960236
v -12.15842533 11.52849197 38.20960236
v -4.02384567 11.40663528 38.40906525
v -36.54736328 12.14941597 38.11754227
v -36.56967545 11.76448631 38.23155975
v -28.45530128 11.29409599 38.23155975
v -69.02717590 13.64604664 38.23155975
v -4.13193512 9.54206085 38.44390488
v -60.91280365 13.17565632 38.23155975
v -52.79842758 12.70526600 38.23155975
v -44.68405151 12.23487663 38.23155975
v -52.77611160 13.09019661 38.11754227
v -52.77611160 13.09019661 38.11754227
v -44.68405151 12.23487663 38.23155975
v -44.66173935 12.61980629 38.11754227
v -52.77611160 13.09019661 38.11754227
v -44.66173935 12.61980629 38.11754227
v -52.75284576 13.49153423 38.11004257
v -52.75284576 13.49153423 38.11004257
v -44.66173935 12.61980629 38.11754227
v -44.63847351 13.02114487 38.11004257
v -52.75284576 13.49153423 38.11004257
v -44.63847351 13.02114487 38.11004257
v -52.73030090 13.88044262 38.20960236
v -77.11923981 14.50136757 38.11754227
v -69.02717590 13.64604664 38.23155975
v -69.00485992 14.03097725 38.11754227
v -69.00485992 14.03097725 38.11754227
v -69.02717590 13.64604664 38.23155975
v -60.91280365 13.17565632 38.23155975
v -20.34092522 10.82370567 38.23155975
v -20.31861115 11.20863628 38.11754227
v -28.43298721 11.67902660 38.11754227
v -28.43298721 11.67902660 38.11754227
v -20.31861115 11.20863628 38.11754227
v -28.40972137 12.08036423 38.11004257
v -28.43298721 11.67902660 38.11754227
v -28.40972137 12.08036423 38.11004257
v -36.52409744 12.55075455 38.11004257
v -36.52409744 12.55075455 38.11004257
v -28.40972137 12.08036423 38.11004257
v -36.50155258 12.93966198 38.20960236
v -36.52409744 12.55075455 38.11004257
v -36.50155258 12.93966198 38.20960236
v -44.61592865 13.41005230 38.20960236
v -44.61592865 13.41005230 38.20960236
v -36.50155258 12.93966198 38.20960236
v -4.02384567 11.40663528 38.40906525
v -28.40972137 12.08036423 38.11004257
v -20.31861115 11.20863628 38.11754227
v -20.29534531 11.60997391 38.11004257
v -52.79842758 12.70526600 38.23155975
v -52.77611160 13.09019661 38.11754227
v -60.89048767 13.56058693 38.11754227
v -60.89048767 13.56058693 38.11754227
v -52.77611160 13.09019661 38.11754227
v -60.86722183 13.96192455 38.11004257
v -60.89048767 13.56058693 38.11754227
v -60.86722183 13.96192455 38.11004257
v -68.98159790 14.43231487 38.11004257
v -68.98159790 14.43231487 38.11004257
v -60.86722183 13.96192455 38.11004257
v -68.95905304 14.82122326 38.20960236
v -68.98159790 14.43231487 38.11004257
v -68.95905304 14.82122326 38.20960236
v -77.07342529 15.29161358 38.20960236
v -77.07342529 15.29161358 38.20960236
v -68.95905304 14.82122326 38.20960236
v -101.39634705 17.05131721 38.40906525
v -60.86722183 13.96192455 38.11004257
v -52.77611160 13.09019661 38.11754227
v -52.75284576 13.49153423 38.11004257
v -85.21035004 15.37309551 38.11004257
v -77.11923981 14.50136757 38.11754227
v -77.09597015 14.90270519 38.11004257
v -77.09597015 14.90270519 38.11004257
v -77.11923981 14.50136757 38.11754227
v -69.00485992 14.03097725 38.11754227
v -28.40972137 12.08036423 38.11004257
v -20.29534531 11.60997391 38.11004257
v -28.38717651 12.46927166 38.20960236
v -28.38717651 12.46927166 38.20960236
v -20.29534531 11.60997391 38.11004257
v -20.27280045 11.99888229 38.20960236
v -28.38717651 12.46927166 38.20960236
v -20.27280045 11.99888229 38.20960236
v -4.02384567 11.40663528 38.40906525
v -60.86722183 13.96192455 38.11004257
v -52.75284576 13.49153423 38.11004257
v -60.84467697 14.35083294 38.20960236
v -60.84467697 14.35083294 38.20960236
v -52.75284576 13.49153423 38.11004257
v -52.73030090 13.88044262 38.20960236
v -60.84467697 14.35083294 38.20960236
v -52.73030090 13.88044262 38.20960236
v -101.39634705 17.05131721 38.40906525
v -93.30217743 16.23239326 38.20960236
v -85.21035004 15.37309551 38.11004257
v -85.18780518 15.76200390 38.20960236
v -85.18780518 15.76200390 38.20960236
v -85.21035004 15.37309551 38.11004257
v -77.09597015 14.90270519 38.11004257
v -4.02384567 11.40663528 38.40906525
v -36.50155258 12.93966198 38.20960236
v -28.38717651 12.46927166 38.20960236
v -28.38717651 12.46927166 38.20960236
v -36.50155258 12.93966198 38.20960236
v -28.40972137 12.08036423 38.11004257
v -101.39634705 17.05131721 38.40906525
v -68.95905304 14.82122326 38.20960236
v -60.84467697 14.35083294 38.20960236
v -60.84467697 14.35083294 38.20960236
v -68.95905304 14.82122326 38.20960236
v -60.86722183 13.96192455 38.11004257
v -4.13900042 9.42018509 26.49537086
v -7.08311939 9.59085560 26.49537086
v -4.13193512 9.54206085 26.55609322
v -4.13193512 9.54206085 26.55609322
v -7.08311939 9.59085560 26.49537086
v -10.02723789 9.76152611 26.49537086
v -4.13193512 9.54206085 26.55609322
v -10.02723789 9.76152611 26.49537086
v -12.97135735 9.93219662 26.49537086
v -12.97135735 9.93219662 26.49537086
v -10.02723789 9.76152611 26.49537086
v -12.97924805 9.79607677 26.49495316
v -12.97135735 9.93219662 26.49537086
v -12.97924805 9.79607677 26.49495316
v -15.92336750 9.96674728 26.49495316
v -15.92336750 9.96674728 26.49495316
v -12.97924805 9.79607677 26.49495316
v -15.93045330 9.84450245 26.55492783
v -15.92336750 9.96674728 26.49495316
v -15.93045330 9.84450245 26.55492783
v -18.87457275 10.01517296 26.55492783
v -18.87457275 10.01517296 26.55492783
v -15.93045330 9.84450245 26.55492783
v -4.15879631 9.07870102 26.66290474
v -18.87457275 10.01517296 26.55492783
v -4.15879631 9.07870102 26.66290474
v -21.81869125 10.18584347 26.55492783
v -21.81869125 10.18584347 26.55492783
v -4.15879631 9.07870102 26.66290474
v -24.76281166 10.35651398 26.55492783
v -21.81869125 10.18584347 26.55492783
v -24.76281166 10.35651398 26.55492783
v -21.81160545 10.30808830 26.49495316
v -21.81160545 10.30808830 26.49495316
v -24.76281166 10.35651398 26.55492783
v -24.75572395 10.47875881 26.49495316
v -21.81160545 10.30808830 26.49495316
v -24.75572395 10.47875881 26.49495316
v -21.80371475 10.44420815 26.49537086
v -21.80371475 10.44420815 26.49537086
v -24.75572395 10.47875881 26.49495316
v -24.74783325 10.61487865 26.49537086
v -21.80371475 10.44420815 26.49537086
v -24.74783325 10.61487865 26.49537086
v -4.13193512 9.54206085 26.55609322
v -4.13193512 9.54206085 26.55609322
v -24.74783325 10.61487865 26.49537086
v -27.69195175 10.78554916 26.49537086
v -4.13193512 9.54206085 26.55609322
v -27.69195175 10.78554916 26.49537086
v -30.63607216 10.95621967 26.49537086
v -30.63607216 10.95621967 26.49537086
v -27.69195175 10.78554916 26.49537086
v -30.64396286 10.82009983 26.49495316
v -30.63607216 10.95621967 26.49537086
v -30.64396286 10.82009983 26.49495316
v -33.58808136 10.99077034 26.49495316
v -33.58808136 10.99077034 26.49495316
v -30.64396286 10.82009983 26.49495316
v -33.59516907 10.86852551 26.55492783
v -33.58808136 10.99077034 26.49495316
v -33.59516907 10.86852551 26.55492783
v -36.53928757 11.03919601 26.55492783
v -36.53928757 11.03919601 26.55492783
v -33.59516907 10.86852551 26.55492783
v -4.15879631 9.07870102 26.66290474
v -36.53928757 11.03919601 26.55492783
v -4.15879631 9.07870102 26.66290474
v -39.48340607 11.20986652 26.55492783
v -39.48340607 11.20986652 26.55492783
v -4.15879631 9.07870102 26.66290474
v -42.42752457 11.38053703 26.55492783
v -39.48340607 11.20986652 26.55492783
v -42.42752457 11.38053703 26.55492783
v -39.47631836 11.33211136 26.49495316
v -39.47631836 11.33211136 26.49495316
v -42.42752457 11.38053703 26.55492783
v -42.42043686 11.50278187 26.49495316
v -39.47631836 11.33211136 26.49495316
v -42.42043686 11.50278187 26.49495316
v -39.46842957 11.46823120 26.49537086
v -39.46842957 11.46823120 26.49537086
v -42.42043686 11.50278187 26.49495316
v -42.41254807 11.63890171 26.49537086
v -39.46842957 11.46823120 26.49537086
v -42.41254807 11.63890171 26.49537086
v -4.13193512 9.54206085 26.55609322
v -4.13193512 9.54206085 26.55609322
v -42.41254807 11.63890171 26.49537086
v -45.35666656 11.80957222 26.49537086
v -4.13193512 9.54206085 26.55609322
v -45.35666656 11.80957222 26.49537086
v -48.30078506 11.98024273 26.49537086
v -48.30078506 11.98024273 26.49537086
v -45.35666656 11.80957222 26.49537086
v -48.30867767 11.84412289 26.49495316
v -48.30078506 11.98024273 26.49537086
v -48.30867767 11.84412289 26.49495316
v -51.25279617 12.01479340 26.49495316
v -51.25279617 12.01479340 26.49495316
v -48.30867767 11.84412289 26.49495316
v -51.25988007 11.89254856 26.55492783
v -51.25279617 12.01479340 26.49495316
v -51.25988007 11.89254856 26.55492783
v -54.20400238 12.06321907 26.55492783
v -54.20400238 12.06321907 26.55492783
v -51.25988007 11.89254856 26.55492783
v -100.53297424 14.66551113 26.66290474
v -54.20400238 12.06321907 26.55492783
v -100.53297424 14.66551113 26.66290474
v -57.14812088 12.23388958 26.55492783
v -57.14812088 12.23388958 26.55492783
v -100.53297424 14.66551113 26.66290474
v -60.09223938 12.40456009 26.55492783
v -57.14812088 12.23388958 26.55492783
v -60.09223938 12.40456009 26.55492783
v -57.14103317 12.35613441 26.49495316
v -57.14103317 12.35613441 26.49495316
v -60.09223938 12.40456009 26.55492783
v -60.08515167 12.52680492 26.49495316
v -57.14103317 12.35613441 26.49495316
v -60.08515167 12.52680492 26.49495316
v -57.13314438 12.49225426 26.49537086
v -57.13314438 12.49225426 26.49537086
v -60.08515167 12.52680492 26.49495316
v -60.07726288 12.66292477 26.49537086
v -57.13314438 12.49225426 26.49537086
v -60.07726288 12.66292477 26.49537086
v -101.28786469 15.17418861 26.55609322
v -101.28786469 15.17418861 26.55609322
v -60.07726288 12.66292477 26.49537086
v -63.02138138 12.83359528 26.49537086
v -101.28786469 15.17418861 26.55609322
v -63.02138138 12.83359528 26.49537086
v -65.96549988 13.00426579 26.49537086
v -65.96549988 13.00426579 26.49537086
v -63.02138138 12.83359528 26.49537086
v -65.97338867 12.86814594 26.49495316
v -65.96549988 13.00426579 26.49537086
v -65.97338867 12.86814594 26.49495316
v -68.91751099 13.03881741 26.49495316
v -68.91751099 13.03881741 26.49495316
v -65.97338867 12.86814594 26.49495316
v -68.92459869 12.91657162 26.55492783
v -68.91751099 13.03881741 26.49495316
v -68.92459869 12.91657162 26.55492783
v -71.86871338 13.08724213 26.55492783
v -71.86871338 13.08724213 26.55492783
v -68.92459869 12.91657162 26.55492783
v -100.53297424 14.66551113 26.66290474
v -71.86871338 13.08724213 26.55492783
v -100.53297424 14.66551113 26.66290474
v -74.81283569 13.25791264 26.55492783
v -74.81283569 13.25791264 26.55492783
v -100.53297424 14.66551113 26.66290474
v -77.75695038 13.42858315 26.55492783
v -74.81283569 13.25791264 26.55492783
v -77.75695038 13.42858315 26.55492783
v -74.80574799 13.38015842 26.49495316
v -74.80574799 13.38015842 26.49495316
v -77.75695038 13.42858315 26.55492783
v -77.74986267 13.55082893 26.49495316
v -74.80574799 13.38015842 26.49495316
v -77.74986267 13.55082893 26.49495316
v -74.79785919 13.51627731 26.49537086
v -74.79785919 13.51627731 26.49537086
v -77.74986267 13.55082893 26.49495316
v -77.74197388 13.68694782 26.49537086
v -74.79785919 13.51627731 26.49537086
v -77.74197388 13.68694782 26.49537086
v -101.28786469 15.17418861 26.55609322
v -101.28786469 15.17418861 26.55609322
v -77.74197388 13.68694782 26.49537086
v -80.68609619 13.85761833 26.49537086
v -101.28786469 15.17418861 26.55609322
v -80.68609619 13.85761833 26.49537086
v -83.63021088 14.02828884 26.49537086
v -83.63021088 14.02828884 26.49537086
v -80.68609619 13.85761833 26.49537086
v -83.63810730 13.89216995 26.49495316
v -83.63021088 14.02828884 26.49537086
v -83.63810730 13.89216995 26.49495316
v -86.58222198 14.06284046 26.49495316
v -86.58222198 14.06284046 26.49495316
v -83.63810730 13.89216995 26.49495316
v -86.58930969 13.94059467 26.55492783
v -86.58222198 14.06284046 26.49495316
v -86.58930969 13.94059467 26.55492783
v -89.53343201 14.11126614 26.55492783
v -89.53343201 14.11126614 26.55492783
v -86.58930969 13.94059467 26.55492783
v -100.53297424 14.66551113 26.66290474
v -89.53343201 14.11126614 26.55492783
v -100.53297424 14.66551113 26.66290474
v -92.47754669 14.28193665 26.55492783
v -92.47754669 14.28193665 26.55492783
v -100.53297424 14.66551113 26.66290474
v -95.42166901 14.45260715 26.55492783
v -92.47754669 14.28193665 26.55492783
v -95.42166901 14.45260715 26.55492783
v -92.47045898 14.40418148 26.49495316
v -92.47045898 14.40418148 26.49495316
v -95.42166901 14.45260715 26.55492783
v -95.41458130 14.57485199 26.49495316
v -92.47045898 14.40418148 26.49495316
v -95.41458130 14.57485199 26.49495316
v -92.46257019 14.54030037 26.49537086
v -92.46257019 14.54030037 26.49537086
v -95.41458130 14.57485199 26.49495316
v -95.40669250 14.71097088 26.49537086
v -92.46257019 14.54030037 26.49537086
v -95.40669250 14.71097088 26.49537086
v -101.28786469 15.17418861 26.55609322
v -101.28786469 15.17418861 26.55609322
v -95.40669250 14.71097088 26.49537086
v -98.35080719 14.88164139 26.49537086
v -101.28786469 15.17418861 26.55609322
v -98.35080719 14.88164139 26.49537086
v -101.12928009 15.01220894 26.48975563
v -101.12928009 15.01220894 26.48975563
v -98.35080719 14.88164139 26.49537086
v -98.35869598 14.74552250 26.49495316
v -101.12928009 15.01220894 26.48975563
v -98.35869598 14.74552250 26.49495316
v -100.94381714 14.86463642 26.50375366
v -100.94381714 14.86463642 26.50375366
v -98.35869598 14.74552250 26.49495316
v -98.36578369 14.62327766 26.55492783
v -100.94381714 14.86463642 26.50375366
v -98.36578369 14.62327766 26.55492783
v -100.73995972 14.74573231 26.56837463
v -100.73995972 14.74573231 26.56837463
v -98.36578369 14.62327766 26.55492783
v -100.53297424 14.66551113 26.66290474
v -100.53297424 14.66551113 26.66290474
v -98.36578369 14.62327766 26.55492783
v -95.42166901 14.45260715 26.55492783
v -7.08311939 9.59085560 26.49537086
v -4.13900042 9.42018509 26.49537086
v -7.09101009 9.45473576 26.49495316
v -7.09101009 9.45473576 26.49495316
v -4.13900042 9.42018509 26.49537086
v -4.14689112 9.28406525 26.49495316
v -7.09101009 9.45473576 26.49495316
v -4.14689112 9.28406525 26.49495316
v -7.09809685 9.33249092 26.55492783
v -7.09809685 9.33249092 26.55492783
v -4.14689112 9.28406525 26.49495316
v -4.15397787 9.16182041 26.55492783
v -7.09809685 9.33249092 26.55492783
v -4.15397787 9.16182041 26.55492783
v -4.15879631 9.07870102 26.66290474
v -100.53297424 14.66551113 26.66290474
v -51.25988007 11.89254856 26.55492783
v -4.15879631 9.07870102 26.66290474
v -4.15879631 9.07870102 26.66290474
v -51.25988007 11.89254856 26.55492783
v -48.31576157 11.72187805 26.55492783
v -4.15879631 9.07870102 26.66290474
v -48.31576157 11.72187805 26.55492783
v -45.37164307 11.55120754 26.55492783
v -45.37164307 11.55120754 26.55492783
v -48.31576157 11.72187805 26.55492783
v -45.36455917 11.67345238 26.49495316
v -45.37164307 11.55120754 26.55492783
v -45.36455917 11.67345238 26.49495316
v -42.42043686 11.50278187 26.49495316
v -42.42043686 11.50278187 26.49495316
v -45.36455917 11.67345238 26.49495316
v -42.41254807 11.63890171 26.49537086
v -57.13314438 12.49225426 26.49537086
v -101.28786469 15.17418861 26.55609322
v -54.18902206 12.32158375 26.49537086
v -54.18902206 12.32158375 26.49537086
v -101.28786469 15.17418861 26.55609322
v -4.13193512 9.54206085 26.55609322
v -54.18902206 12.32158375 26.49537086
v -4.13193512 9.54206085 26.55609322
v -51.24490356 12.15091324 26.49537086
v -51.24490356 12.15091324 26.49537086
v -4.13193512 9.54206085 26.55609322
v -48.30078506 11.98024273 26.49537086
v -51.24490356 12.15091324 26.49537086
v -48.30078506 11.98024273 26.49537086
v -51.25279617 12.01479340 26.49495316
v -10.02723789 9.76152611 26.49537086
v -7.08311939 9.59085560 26.49537086
v -10.03512955 9.62540627 26.49495316
v -10.03512955 9.62540627 26.49495316
v -7.08311939 9.59085560 26.49537086
v -7.09101009 9.45473576 26.49495316
v -10.03512955 9.62540627 26.49495316
v -7.09101009 9.45473576 26.49495316
v -10.04221535 9.50316143 26.55492783
v -10.04221535 9.50316143 26.55492783
v -7.09101009 9.45473576 26.49495316
v -7.09809685 9.33249092 26.55492783
v -10.04221535 9.50316143 26.55492783
v -7.09809685 9.33249092 26.55492783
v -4.15879631 9.07870102 26.66290474
v -12.97135735 9.93219662 26.49537086
v -15.91547680 10.10286713 26.49537086
v -4.13193512 9.54206085 26.55609322
v -4.13193512 9.54206085 26.55609322
v -15.91547680 10.10286713 26.49537086
v -18.85959625 10.27353764 26.49537086
v -4.13193512 9.54206085 26.55609322
v -18.85959625 10.27353764 26.49537086
v -21.80371475 10.44420815 26.49537086
v -21.80371475 10.44420815 26.49537086
v -18.85959625 10.27353764 26.49537086
v -21.81160545 10.30808830 26.49495316
v -12.97135735 9.93219662 26.49537086
v -15.92336750 9.96674728 26.49495316
v -15.91547680 10.10286713 26.49537086
v -15.91547680 10.10286713 26.49537086
v -15.92336750 9.96674728 26.49495316
v -18.86748695 10.13741779 26.49495316
v -15.91547680 10.10286713 26.49537086
v -18.86748695 10.13741779 26.49495316
v -18.85959625 10.27353764 26.49537086
v -18.85959625 10.27353764 26.49537086
v -18.86748695 10.13741779 26.49495316
v -21.81160545 10.30808830 26.49495316
v -27.69195175 10.78554916 26.49537086
v -24.74783325 10.61487865 26.49537086
v -27.69984245 10.64942932 26.49495316
v -27.69984245 10.64942932 26.49495316
v -24.74783325 10.61487865 26.49537086
v -24.75572395 10.47875881 26.49495316
v -27.69984245 10.64942932 26.49495316
v -24.75572395 10.47875881 26.49495316
v -27.70693016 10.52718449 26.55492783
v -27.70693016 10.52718449 26.55492783
v -24.75572395 10.47875881 26.49495316
v -24.76281166 10.35651398 26.55492783
v -27.70693016 10.52718449 26.55492783
v -24.76281166 10.35651398 26.55492783
v -4.15879631 9.07870102 26.66290474
v -30.63607216 10.95621967 26.49537086
v -33.58018875 11.12689018 26.49537086
v -4.13193512 9.54206085 26.55609322
v -4.13193512 9.54206085 26.55609322
v -33.58018875 11.12689018 26.49537086
v -36.52431107 11.29756069 26.49537086
v -4.13193512 9.54206085 26.55609322
v -36.52431107 11.29756069 26.49537086
v -39.46842957 11.46823120 26.49537086
v -39.46842957 11.46823120 26.49537086
v -36.52431107 11.29756069 26.49537086
v -39.47631836 11.33211136 26.49495316
v -30.63607216 10.95621967 26.49537086
v -33.58808136 10.99077034 26.49495316
v -33.58018875 11.12689018 26.49537086
v -33.58018875 11.12689018 26.49537086
v -33.58808136 10.99077034 26.49495316
v -36.53219986 11.16144085 26.49495316
v -33.58018875 11.12689018 26.49537086
v -36.53219986 11.16144085 26.49495316
v -36.52431107 11.29756069 26.49537086
v -36.52431107 11.29756069 26.49537086
v -36.53219986 11.16144085 26.49495316
v -39.47631836 11.33211136 26.49495316
v -48.30867767 11.84412289 26.49495316
v -45.35666656 11.80957222 26.49537086
v -45.36455917 11.67345238 26.49495316
v -45.36455917 11.67345238 26.49495316
v -45.35666656 11.80957222 26.49537086
v -42.41254807 11.63890171 26.49537086
v -57.14103317 12.35613441 26.49495316
v -57.13314438 12.49225426 26.49537086
v -54.18902206 12.32158375 26.49537086
v -54.18902206 12.32158375 26.49537086
v -51.24490356 12.15091324 26.49537086
v -54.19691467 12.18546391 26.49495316
v -54.19691467 12.18546391 26.49495316
v -51.24490356 12.15091324 26.49537086
v -51.25279617 12.01479340 26.49495316
v -54.19691467 12.18546391 26.49495316
v -51.25279617 12.01479340 26.49495316
v -54.20400238 12.06321907 26.55492783
v -63.02138138 12.83359528 26.49537086
v -60.07726288 12.66292477 26.49537086
v -63.02927017 12.69747543 26.49495316
v -63.02927017 12.69747543 26.49495316
v -60.07726288 12.66292477 26.49537086
v -60.08515167 12.52680492 26.49495316
v -63.02927017 12.69747543 26.49495316
v -60.08515167 12.52680492 26.49495316
v -63.03635788 12.57523060 26.55492783
v -63.03635788 12.57523060 26.55492783
v -60.08515167 12.52680492 26.49495316
v -60.09223938 12.40456009 26.55492783
v -63.03635788 12.57523060 26.55492783
v -60.09223938 12.40456009 26.55492783
v -100.53297424 14.66551113 26.66290474
v -65.96549988 13.00426579 26.49537086
v -68.90962219 13.17493629 26.49537086
v -101.28786469 15.17418861 26.55609322
v -101.28786469 15.17418861 26.55609322
v -68.90962219 13.17493629 26.49537086
v -71.85373688 13.34560680 26.49537086
v -101.28786469 15.17418861 26.55609322
v -71.85373688 13.34560680 26.49537086
v -74.79785919 13.51627731 26.49537086
v -74.79785919 13.51627731 26.49537086
v -71.85373688 13.34560680 26.49537086
v -74.80574799 13.38015842 26.49495316
v -65.96549988 13.00426579 26.49537086
v -68.91751099 13.03881741 26.49495316
v -68.90962219 13.17493629 26.49537086
v -68.90962219 13.17493629 26.49537086
v -68.91751099 13.03881741 26.49495316
v -71.86162567 13.20948792 26.49495316
v -68.90962219 13.17493629 26.49537086
v -71.86162567 13.20948792 26.49495316
v -71.85373688 13.34560680 26.49537086
v -71.85373688 13.34560680 26.49537086
v -71.86162567 13.20948792 26.49495316
v -74.80574799 13.38015842 26.49495316
v -80.68609619 13.85761833 26.49537086
v -77.74197388 13.68694782 26.49537086
v -80.69398499 13.72149944 26.49495316
v -80.69398499 13.72149944 26.49495316
v -77.74197388 13.68694782 26.49537086
v -77.74986267 13.55082893 26.49495316
v -80.69398499 13.72149944 26.49495316
v -77.74986267 13.55082893 26.49495316
v -80.70107269 13.59925365 26.55492783
v -80.70107269 13.59925365 26.55492783
v -77.74986267 13.55082893 26.49495316
v -77.75695038 13.42858315 26.55492783
v -80.70107269 13.59925365 26.55492783
v -77.75695038 13.42858315 26.55492783
v -100.53297424 14.66551113 26.66290474
v -83.63021088 14.02828884 26.49537086
v -86.57433319 14.19895935 26.49537086
v -101.28786469 15.17418861 26.55609322
v -101.28786469 15.17418861 26.55609322
v -86.57433319 14.19895935 26.49537086
v -89.51844788 14.36962986 26.49537086
v -101.28786469 15.17418861 26.55609322
v -89.51844788 14.36962986 26.49537086
v -92.46257019 14.54030037 26.49537086
v -92.46257019 14.54030037 26.49537086
v -89.51844788 14.36962986 26.49537086
v -92.47045898 14.40418148 26.49495316
v -83.63021088 14.02828884 26.49537086
v -86.58222198 14.06284046 26.49495316
v -86.57433319 14.19895935 26.49537086
v -86.57433319 14.19895935 26.49537086
v -86.58222198 14.06284046 26.49495316
v -89.52634430 14.23351097 26.49495316
v -86.57433319 14.19895935 26.49537086
v -89.52634430 14.23351097 26.49495316
v -89.51844788 14.36962986 26.49537086
v -89.51844788 14.36962986 26.49537086
v -89.52634430 14.23351097 26.49495316
v -92.47045898 14.40418148 26.49495316
v -98.35869598 14.74552250 26.49495316
v -98.35080719 14.88164139 26.49537086
v -95.40669250 14.71097088 26.49537086
v -98.35869598 14.74552250 26.49495316
v -95.40669250 14.71097088 26.49537086
v -95.41458130 14.57485199 26.49495316
v -10.02723789 9.76152611 26.49537086
v -10.03512955 9.62540627 26.49495316
v -12.97924805 9.79607677 26.49495316
v -12.97924805 9.79607677 26.49495316
v -10.03512955 9.62540627 26.49495316
v -12.98633480 9.67383194 26.55492783
v -12.97924805 9.79607677 26.49495316
v -12.98633480 9.67383194 26.55492783
v -15.93045330 9.84450245 26.55492783
v -15.93045330 9.84450245 26.55492783
v -12.98633480 9.67383194 26.55492783
v -4.15879631 9.07870102 26.66290474
v -12.98633480 9.67383194 26.55492783
v -10.03512955 9.62540627 26.49495316
v -10.04221535 9.50316143 26.55492783
v -21.81869125 10.18584347 26.55492783
v -21.81160545 10.30808830 26.49495316
v -18.86748695 10.13741779 26.49495316
v -21.81869125 10.18584347 26.55492783
v -18.86748695 10.13741779 26.49495316
v -18.87457275 10.01517296 26.55492783
v -18.87457275 10.01517296 26.55492783
v -18.86748695 10.13741779 26.49495316
v -15.92336750 9.96674728 26.49495316
v -27.69195175 10.78554916 26.49537086
v -27.69984245 10.64942932 26.49495316
v -30.64396286 10.82009983 26.49495316
v -30.64396286 10.82009983 26.49495316
v -27.69984245 10.64942932 26.49495316
v -30.65104866 10.69785500 26.55492783
v -30.64396286 10.82009983 26.49495316
v -30.65104866 10.69785500 26.55492783
v -33.59516907 10.86852551 26.55492783
v -33.59516907 10.86852551 26.55492783
v -30.65104866 10.69785500 26.55492783
v -4.15879631 9.07870102 26.66290474
v -30.65104866 10.69785500 26.55492783
v -27.69984245 10.64942932 26.49495316
v -27.70693016 10.52718449 26.55492783
v -39.48340607 11.20986652 26.55492783
v -39.47631836 11.33211136 26.49495316
v -36.53219986 11.16144085 26.49495316
v -39.48340607 11.20986652 26.55492783
v -36.53219986 11.16144085 26.49495316
v -36.53928757 11.03919601 26.55492783
v -36.53928757 11.03919601 26.55492783
v -36.53219986 11.16144085 26.49495316
v -33.58808136 10.99077034 26.49495316
v -45.37164307 11.55120754 26.55492783
v -42.42043686 11.50278187 26.49495316
v -42.42752457 11.38053703 26.55492783
v -51.25988007 11.89254856 26.55492783
v -48.30867767 11.84412289 26.49495316
v -48.31576157 11.72187805 26.55492783
v -48.31576157 11.72187805 26.55492783
v -48.30867767 11.84412289 26.49495316
v -45.36455917 11.67345238 26.49495316
v -57.14812088 12.23388958 26.55492783
v -57.14103317 12.35613441 26.49495316
v -54.19691467 12.18546391 26.49495316
v -54.19691467 12.18546391 26.49495316
v -57.14103317 12.35613441 26.49495316
v -54.18902206 12.32158375 26.49537086
v -57.14812088 12.23388958 26.55492783
v -54.19691467 12.18546391 26.49495316
v -54.20400238 12.06321907 26.55492783
v -63.02138138 12.83359528 26.49537086
v -63.02927017 12.69747543 26.49495316
v -65.97338867 12.86814594 26.49495316
v -65.97338867 12.86814594 26.49495316
v -63.02927017 12.69747543 26.49495316
v -65.98047638 12.74590111 26.55492783
v -65.97338867 12.86814594 26.49495316
v -65.98047638 12.74590111 26.55492783
v -68.92459869 12.91657162 26.55492783
v -68.92459869 12.91657162 26.55492783
v -65.98047638 12.74590111 26.55492783
v -100.53297424 14.66551113 26.66290474
v -65.98047638 12.74590111 26.55492783
v -63.02927017 12.69747543 26.49495316
v -63.03635788 12.57523060 26.55492783
v -74.81283569 13.25791264 26.55492783
v -74.80574799 13.38015842 26.49495316
v -71.86162567 13.20948792 26.49495316
v -74.81283569 13.25791264 26.55492783
v -71.86162567 13.20948792 26.49495316
v -71.86871338 13.08724213 26.55492783
v -71.86871338 13.08724213 26.55492783
v -71.86162567 13.20948792 26.49495316
v -68.91751099 13.03881741 26.49495316
v -80.68609619 13.85761833 26.49537086
v -80.69398499 13.72149944 26.49495316
v -83.63810730 13.89216995 26.49495316
v -83.63810730 13.89216995 26.49495316
v -80.69398499 13.72149944 26.49495316
v -83.64518738 13.76992416 26.55492783
v -83.63810730 13.89216995 26.49495316
v -83.64518738 13.76992416 26.55492783
v -86.58930969 13.94059467 26.55492783
v -86.58930969 13.94059467 26.55492783
v -83.64518738 13.76992416 26.55492783
v -100.53297424 14.66551113 26.66290474
v -83.64518738 13.76992416 26.55492783
v -80.69398499 13.72149944 26.49495316
v -80.70107269 13.59925365 26.55492783
v -92.47754669 14.28193665 26.55492783
v -92.47045898 14.40418148 26.49495316
v -89.52634430 14.23351097 26.49495316
v -92.47754669 14.28193665 26.55492783
v -89.52634430 14.23351097 26.49495316
v -89.53343201 14.11126614 26.55492783
v -89.53343201 14.11126614 26.55492783
v -89.52634430 14.23351097 26.49495316
v -86.58222198 14.06284046 26.49495316
v -98.36578369 14.62327766 26.55492783
v -98.35869598 14.74552250 26.49495316
v -95.41458130 14.57485199 26.49495316
v -98.36578369 14.62327766 26.55492783
v -95.41458130 14.57485199 26.49495316
v -95.42166901 14.45260715 26.55492783
v -4.15879631 9.07870102 26.66290474
v -12.98633480 9.67383194 26.55492783
v -10.04221535 9.50316143 26.55492783
v -4.15879631 9.07870102 26.66290474
v -30.65104866 10.69785500 26.55492783
v -27.70693016 10.52718449 26.55492783
v -4.15879631 9.07870102 26.66290474
v -45.37164307 11.55120754 26.55492783
v -42.42752457 11.38053703 26.55492783
v -100.53297424 14.66551113 26.66290474
v -65.98047638 12.74590111 26.55492783
v -63.03635788 12.57523060 26.55492783
v -100.53297424 14.66551113 26.66290474
v -83.64518738 13.76992416 26.55492783
v -80.70107269 13.59925365 26.55492783
v -4.04405022 11.05810165 26.79039955
v -12.15842533 11.52849197 26.79039955
v -4.02384567 11.40663528 26.59093666
v -4.02384567 11.40663528 26.59093666
v -12.15842533 11.52849197 26.79039955
v -20.27280045 11.99888229 26.79039955
v -4.02384567 11.40663528 26.59093666
v -20.27280045 11.99888229 26.79039955
v -28.38717651 12.46927166 26.79039955
v -28.38717651 12.46927166 26.79039955
v -20.27280045 11.99888229 26.79039955
v -28.40972137 12.08036423 26.88995743
v -28.38717651 12.46927166 26.79039955
v -28.40972137 12.08036423 26.88995743
v -36.52409744 12.55075455 26.88995743
v -36.52409744 12.55075455 26.88995743
v -28.40972137 12.08036423 26.88995743
v -36.54736328 12.14941597 26.88245773
v -36.52409744 12.55075455 26.88995743
v -36.54736328 12.14941597 26.88245773
v -44.66173935 12.61980629 26.88245773
v -44.66173935 12.61980629 26.88245773
v -36.54736328 12.14941597 26.88245773
v -44.68405151 12.23487663 26.76843834
v -44.66173935 12.61980629 26.88245773
v -44.68405151 12.23487663 26.76843834
v -52.79842758 12.70526600 26.76843834
v -52.79842758 12.70526600 26.76843834
v -44.68405151 12.23487663 26.76843834
v -4.13193512 9.54206085 26.55609322
v -52.79842758 12.70526600 26.76843834
v -4.13193512 9.54206085 26.55609322
v -101.28786469 15.17418861 26.55609322
v -12.15842533 11.52849197 26.79039955
v -4.04405022 11.05810165 26.79039955
v -12.18097019 11.13958359 26.88995743
v -12.18097019 11.13958359 26.88995743
v -4.04405022 11.05810165 26.79039955
v -4.06659555 10.66919327 26.88995743
v -12.18097019 11.13958359 26.88995743
v -4.06659555 10.66919327 26.88995743
v -12.20423603 10.73824596 26.88245773
v -12.20423603 10.73824596 26.88245773
v -4.06659555 10.66919327 26.88995743
v -4.08986092 10.26785564 26.88245773
v -12.20423603 10.73824596 26.88245773
v -4.08986092 10.26785564 26.88245773
v -12.22655106 10.35331535 26.76843834
v -12.22655106 10.35331535 26.76843834
v -4.08986092 10.26785564 26.88245773
v -4.11217546 9.88292503 26.76843834
v -12.22655106 10.35331535 26.76843834
v -4.11217546 9.88292503 26.76843834
v -4.13193512 9.54206085 26.55609322
v -101.43483734 15.43053722 26.72214890
v -93.37030029 15.05721760 26.76843834
v -101.28786469 15.17418861 26.55609322
v -101.28786469 15.17418861 26.55609322
v -93.37030029 15.05721760 26.76843834
v -85.25592804 14.58682728 26.76843834
v -101.28786469 15.17418861 26.55609322
v -85.25592804 14.58682728 26.76843834
v -77.14155579 14.11643696 26.76843834
v -77.14155579 14.11643696 26.76843834
v -85.25592804 14.58682728 26.76843834
v -77.11923981 14.50136757 26.88245773
v -77.14155579 14.11643696 26.76843834
v -77.11923981 14.50136757 26.88245773
v -69.00485992 14.03097725 26.88245773
v -69.00485992 14.03097725 26.88245773
v -77.11923981 14.50136757 26.88245773
v -68.98159790 14.43231487 26.88995743
v -69.00485992 14.03097725 26.88245773
v -68.98159790 14.43231487 26.88995743
v -60.86722183 13.96192455 26.88995743
v -60.86722183 13.96192455 26.88995743
v -68.98159790 14.43231487 26.88995743
v -60.84467697 14.35083294 26.79039955
v -60.86722183 13.96192455 26.88995743
v -60.84467697 14.35083294 26.79039955
v -52.73030090 13.88044262 26.79039955
v -52.73030090 13.88044262 26.79039955
v -60.84467697 14.35083294 26.79039955
v -4.02384567 11.40663528 26.59093666
v -52.73030090 13.88044262 26.79039955
v -4.02384567 11.40663528 26.59093666
v -44.61592865 13.41005230 26.79039955
v -44.61592865 13.41005230 26.79039955
v -4.02384567 11.40663528 26.59093666
v -36.50155258 12.93966198 26.79039955
v -44.61592865 13.41005230 26.79039955
v -36.50155258 12.93966198 26.79039955
v -44.63847351 13.02114487 26.88995743
v -44.63847351 13.02114487 26.88995743
v -36.50155258 12.93966198 26.79039955
v -36.52409744 12.55075455 26.88995743
v -44.63847351 13.02114487 26.88995743
v -36.52409744 12.55075455 26.88995743
v -44.66173935 12.61980629 26.88245773
v -101.43483734 15.43053722 26.72214890
v -101.46773529 15.58148289 26.79144859
v -93.37030029 15.05721760 26.76843834
v -93.37030029 15.05721760 26.76843834
v -101.46773529 15.58148289 26.79144859
v -101.47249603 15.73780727 26.84463882
v -93.37030029 15.05721760 26.76843834
v -101.47249603 15.73780727 26.84463882
v -93.34799194 15.44214725 26.88245773
v -93.34799194 15.44214725 26.88245773
v -101.47249603 15.73780727 26.84463882
v -101.45269012 16.07947350 26.89873886
v -93.34799194 15.44214725 26.88245773
v -101.45269012 16.07947350 26.89873886
v -93.32472229 15.84348583 26.88995743
v -93.32472229 15.84348583 26.88995743
v -101.45269012 16.07947350 26.89873886
v -101.43269348 16.42441559 26.87286758
v -93.32472229 15.84348583 26.88995743
v -101.43269348 16.42441559 26.87286758
v -93.30217743 16.23239326 26.79039955
v -93.30217743 16.23239326 26.79039955
v -101.43269348 16.42441559 26.87286758
v -101.41357422 16.75423050 26.76840973
v -93.30217743 16.23239326 26.79039955
v -101.41357422 16.75423050 26.76840973
v -85.18780518 15.76200390 26.79039955
v -85.18780518 15.76200390 26.79039955
v -101.41357422 16.75423050 26.76840973
v -77.07342529 15.29161358 26.79039955
v -85.18780518 15.76200390 26.79039955
v -77.07342529 15.29161358 26.79039955
v -85.21035004 15.37309551 26.88995743
v -85.21035004 15.37309551 26.88995743
v -77.07342529 15.29161358 26.79039955
v -77.09597015 14.90270519 26.88995743
v -85.21035004 15.37309551 26.88995743
v -77.09597015 14.90270519 26.88995743
v -85.23361206 14.97175789 26.88245773
v -85.23361206 14.97175789 26.88245773
v -77.09597015 14.90270519 26.88995743
v -77.11923981 14.50136757 26.88245773
v -85.23361206 14.97175789 26.88245773
v -77.11923981 14.50136757 26.88245773
v -85.25592804 14.58682728 26.76843834
v -101.39634705 17.05131721 26.59093666
v -4.02384567 11.40663528 26.59093666
v -101.41357422 16.75423050 26.76840973
v -101.41357422 16.75423050 26.76840973
v -4.02384567 11.40663528 26.59093666
v -77.07342529 15.29161358 26.79039955
v -36.50155258 12.93966198 26.79039955
v -4.02384567 11.40663528 26.59093666
v -28.38717651 12.46927166 26.79039955
v -20.27280045 11.99888229 26.79039955
v -12.15842533 11.52849197 26.79039955
v -20.29534531 11.60997391 26.88995743
v -20.29534531 11.60997391 26.88995743
v -12.15842533 11.52849197 26.79039955
v -12.18097019 11.13958359 26.88995743
v -20.29534531 11.60997391 26.88995743
v -12.18097019 11.13958359 26.88995743
v -20.31861115 11.20863628 26.88245773
v -20.31861115 11.20863628 26.88245773
v -12.18097019 11.13958359 26.88995743
v -12.20423603 10.73824596 26.88245773
v -20.31861115 11.20863628 26.88245773
v -12.20423603 10.73824596 26.88245773
v -20.34092522 10.82370567 26.76843834
v -20.34092522 10.82370567 26.76843834
v -12.20423603 10.73824596 26.88245773
v -12.22655106 10.35331535 26.76843834
v -20.34092522 10.82370567 26.76843834
v -12.22655106 10.35331535 26.76843834
v -4.13193512 9.54206085 26.55609322
v -36.52409744 12.55075455 26.88995743
v -36.50155258 12.93966198 26.79039955
v -28.38717651 12.46927166 26.79039955
v -52.73030090 13.88044262 26.79039955
v -44.61592865 13.41005230 26.79039955
v -52.75284576 13.49153423 26.88995743
v -52.75284576 13.49153423 26.88995743
v -44.61592865 13.41005230 26.79039955
v -44.63847351 13.02114487 26.88995743
v -52.75284576 13.49153423 26.88995743
v -44.63847351 13.02114487 26.88995743
v -52.77611160 13.09019661 26.88245773
v -52.77611160 13.09019661 26.88245773
v -44.63847351 13.02114487 26.88995743
v -44.66173935 12.61980629 26.88245773
v -52.77611160 13.09019661 26.88245773
v -44.66173935 12.61980629 26.88245773
v -52.79842758 12.70526600 26.76843834
v -77.07342529 15.29161358 26.79039955
v -4.02384567 11.40663528 26.59093666
v -68.95905304 14.82122326 26.79039955
v -68.95905304 14.82122326 26.79039955
v -4.02384567 11.40663528 26.59093666
v -60.84467697 14.35083294 26.79039955
v -68.95905304 14.82122326 26.79039955
v -60.84467697 14.35083294 26.79039955
v -68.98159790 14.43231487 26.88995743
v -77.09597015 14.90270519 26.88995743
v -77.07342529 15.29161358 26.79039955
v -68.95905304 14.82122326 26.79039955
v -77.09597015 14.90270519 26.88995743
v -68.95905304 14.82122326 26.79039955
v -68.98159790 14.43231487 26.88995743
v -93.32472229 15.84348583 26.88995743
v -93.30217743 16.23239326 26.79039955
v -85.18780518 15.76200390 26.79039955
v -93.32472229 15.84348583 26.88995743
v -85.18780518 15.76200390 26.79039955
v -85.21035004 15.37309551 26.88995743
v -20.27280045 11.99888229 26.79039955
v -20.29534531 11.60997391 26.88995743
v -28.40972137 12.08036423 26.88995743
v -28.40972137 12.08036423 26.88995743
v -20.29534531 11.60997391 26.88995743
v -28.43298721 11.67902660 26.88245773
v -28.40972137 12.08036423 26.88995743
v -28.43298721 11.67902660 26.88245773
v -36.54736328 12.14941597 26.88245773
v -36.54736328 12.14941597 26.88245773
v -28.43298721 11.67902660 26.88245773
v -36.56967545 11.76448631 26.76843834
v -36.54736328 12.14941597 26.88245773
v -36.56967545 11.76448631 26.76843834
v -44.68405151 12.23487663 26.76843834
v -44.68405151 12.23487663 26.76843834
v -36.56967545 11.76448631 26.76843834
v -4.13193512 9.54206085 26.55609322
v -28.43298721 11.67902660 26.88245773
v -20.29534531 11.60997391 26.88995743
v -20.31861115 11.20863628 26.88245773
v -52.73030090 13.88044262 26.79039955
v -52.75284576 13.49153423 26.88995743
v -60.86722183 13.96192455 26.88995743
v -60.86722183 13.96192455 26.88995743
v -52.75284576 13.49153423 26.88995743
v -60.89048767 13.56058693 26.88245773
v -60.86722183 13.96192455 26.88995743
v -60.89048767 13.56058693 26.88245773
v -69.00485992 14.03097725 26.88245773
v -69.00485992 14.03097725 26.88245773
v -60.89048767 13.56058693 26.88245773
v -69.02717590 13.64604664 26.76843834
v -69.00485992 14.03097725 26.88245773
v -69.02717590 13.64604664 26.76843834
v -77.14155579 14.11643696 26.76843834
v -77.14155579 14.11643696 26.76843834
v -69.02717590 13.64604664 26.76843834
v -101.28786469 15.17418861 26.55609322
v -60.89048767 13.56058693 26.88245773
v -52.75284576 13.49153423 26.88995743
v -52.77611160 13.09019661 26.88245773
v -77.11923981 14.50136757 26.88245773
v -77.09597015 14.90270519 26.88995743
v -68.98159790 14.43231487 26.88995743
v -93.34799194 15.44214725 26.88245773
v -93.32472229 15.84348583 26.88995743
v -85.21035004 15.37309551 26.88995743
v -93.34799194 15.44214725 26.88245773
v -85.21035004 15.37309551 26.88995743
v -85.23361206 14.97175789 26.88245773
v -28.43298721 11.67902660 26.88245773
v -20.31861115 11.20863628 26.88245773
v -28.45530128 11.29409599 26.76843834
v -28.45530128 11.29409599 26.76843834
v -20.31861115 11.20863628 26.88245773
v -20.34092522 10.82370567 26.76843834
v -28.45530128 11.29409599 26.76843834
v -20.34092522 10.82370567 26.76843834
v -4.13193512 9.54206085 26.55609322
v -60.89048767 13.56058693 26.88245773
v -52.77611160 13.09019661 26.88245773
v -60.91280365 13.17565632 26.76843834
v -60.91280365 13.17565632 26.76843834
v -52.77611160 13.09019661 26.88245773
v -52.79842758 12.70526600 26.76843834
v -60.91280365 13.17565632 26.76843834
v -52.79842758 12.70526600 26.76843834
v -101.28786469 15.17418861 26.55609322
v -93.37030029 15.05721760 26.76843834
v -93.34799194 15.44214725 26.88245773
v -85.23361206 14.97175789 26.88245773
v -93.37030029 15.05721760 26.76843834
v -85.23361206 14.97175789 26.88245773
v -85.25592804 14.58682728 26.76843834
v -4.13193512 9.54206085 26.55609322
v -36.56967545 11.76448631 26.76843834
v -28.45530128 11.29409599 26.76843834
v -28.45530128 11.29409599 26.76843834
v -36.56967545 11.76448631 26.76843834
v -28.43298721 11.67902660 26.88245773
v -101.28786469 15.17418861 26.55609322
v -69.02717590 13.64604664 26.76843834
v -60.91280365 13.17565632 26.76843834
v -60.91280365 13.17565632 26.76843834
v -69.02717590 13.64604664 26.76843834
v -60.89048767 13.56058693 26.88245773
v -3.88668442 13.77271271 27.37536240
v -12.73873043 14.28586578 27.37536240
v -3.88332820 13.83060551 27.78981209
v -3.88332820 13.83060551 27.78981209
v -12.73873043 14.28586578 27.37536240
v -21.59077644 14.79901886 27.37536240
v -3.88332820 13.83060551 27.78981209
v -21.59077644 14.79901886 27.37536240
v -30.44282150 15.31217194 27.37536240
v -30.44282150 15.31217194 27.37536240
v -21.59077644 14.79901886 27.37536240
v -30.45263290 15.14293957 26.99274826
v -30.44282150 15.31217194 27.37536240
v -30.45263290 15.14293957 26.99274826
v -39.30467987 15.65609169 26.99274826
v -39.30467987 15.65609169 26.99274826
v -30.45263290 15.14293957 26.99274826
v -39.32019043 15.38851833 26.67135239
v -39.30467987 15.65609169 26.99274826
v -39.32019043 15.38851833 26.67135239
v -48.17223358 15.90167141 26.67135239
v -48.17223358 15.90167141 26.67135239
v -39.32019043 15.38851833 26.67135239
v -48.19225693 15.55630875 26.43586540
v -48.17223358 15.90167141 26.67135239
v -48.19225693 15.55630875 26.43586540
v -57.04430008 16.06946182 26.43586540
v -57.04430008 16.06946182 26.43586540
v -48.19225693 15.55630875 26.43586540
v -57.06729507 15.67283726 26.30437279
v -57.04430008 16.06946182 26.43586540
v -57.06729507 15.67283726 26.30437279
v -65.91934204 16.18598938 26.30437279
v -65.91934204 16.18598938 26.30437279
v -57.06729507 15.67283726 26.30437279
v -65.94353485 15.76856613 26.28697205
v -65.91934204 16.18598938 26.30437279
v -65.94353485 15.76856613 26.28697205
v -74.79558563 16.28171921 26.28697205
v -74.79558563 16.28171921 26.28697205
v -65.94353485 15.76856613 26.28697205
v -74.81912994 15.87555981 26.38500404
v -74.79558563 16.28171921 26.28697205
v -74.81912994 15.87555981 26.38500404
v -83.67117310 16.38871193 26.38500404
v -83.67117310 16.38871193 26.38500404
v -74.81912994 15.87555981 26.38500404
v -101.39634705 17.05131721 26.59093666
v -83.67117310 16.38871193 26.38500404
v -101.39634705 17.05131721 26.59093666
v -92.52322388 16.90186501 26.38500404
v -92.52322388 16.90186501 26.38500404
v -101.39634705 17.05131721 26.59093666
v -101.37526703 17.41501808 26.38500404
v -92.52322388 16.90186501 26.38500404
v -101.37526703 17.41501808 26.38500404
v -92.49967194 17.30802536 26.28697205
v -92.49967194 17.30802536 26.28697205
v -101.37526703 17.41501808 26.38500404
v -101.35172272 17.82117844 26.28697205
v -92.49967194 17.30802536 26.28697205
v -101.35172272 17.82117844 26.28697205
v -92.47547913 17.72544861 26.30437279
v -92.47547913 17.72544861 26.30437279
v -101.35172272 17.82117844 26.28697205
v -101.32752228 18.23860168 26.30437279
v -92.47547913 17.72544861 26.30437279
v -101.32752228 18.23860168 26.30437279
v -92.45248413 18.12207413 26.43586540
v -92.45248413 18.12207413 26.43586540
v -101.32752228 18.23860168 26.30437279
v -101.30452728 18.63522720 26.43586540
v -92.45248413 18.12207413 26.43586540
v -101.30452728 18.63522720 26.43586540
v -92.43246460 18.46743584 26.67135239
v -92.43246460 18.46743584 26.67135239
v -101.30452728 18.63522720 26.43586540
v -101.28450775 18.98058891 26.67135239
v -92.43246460 18.46743584 26.67135239
v -101.28450775 18.98058891 26.67135239
v -92.41695404 18.73501015 26.99274826
v -92.41695404 18.73501015 26.99274826
v -101.28450775 18.98058891 26.67135239
v -101.26899719 19.24816322 26.99274826
v -92.41695404 18.73501015 26.99274826
v -101.26899719 19.24816322 26.99274826
v -92.40714264 18.90424156 27.37536240
v -92.40714264 18.90424156 27.37536240
v -101.26899719 19.24816322 26.99274826
v -101.25918579 19.41739464 27.37536240
v -92.40714264 18.90424156 27.37536240
v -101.25918579 19.41739464 27.37536240
v -101.25582886 19.47528839 27.78981209
v -12.73873043 14.28586578 27.37536240
v -3.88668442 13.77271271 27.37536240
v -12.74854088 14.11663342 26.99274826
v -12.74854088 14.11663342 26.99274826
v -3.88668442 13.77271271 27.37536240
v -3.89649487 13.60348034 26.99274826
v -12.74854088 14.11663342 26.99274826
v -3.89649487 13.60348034 26.99274826
v -12.76405144 13.84906006 26.67135239
v -12.76405144 13.84906006 26.67135239
v -3.89649487 13.60348034 26.99274826
v -3.91200590 13.33590698 26.67135239
v -12.76405144 13.84906006 26.67135239
v -3.91200590 13.33590698 26.67135239
v -12.78407288 13.50369740 26.43586540
v -12.78407288 13.50369740 26.43586540
v -3.91200590 13.33590698 26.67135239
v -3.93202662 12.99054432 26.43586540
v -12.78407288 13.50369740 26.43586540
v -3.93202662 12.99054432 26.43586540
v -12.80706501 13.10707188 26.30437279
v -12.80706501 13.10707188 26.30437279
v -3.93202662 12.99054432 26.43586540
v -3.95501900 12.59391975 26.30437279
v -12.80706501 13.10707188 26.30437279
v -3.95501900 12.59391975 26.30437279
v -12.83126259 12.68964863 26.28697205
v -12.83126259 12.68964863 26.28697205
v -3.95501900 12.59391975 26.30437279
v -3.97921705 12.17649555 26.28697205
v -12.83126259 12.68964863 26.28697205
v -3.97921705 12.17649555 26.28697205
v -12.85480785 12.28348923 26.38500404
v -12.85480785 12.28348923 26.38500404
v -3.97921705 12.17649555 26.28697205
v -4.00276232 11.77033615 26.38500404
v -12.85480785 12.28348923 26.38500404
v -4.00276232 11.77033615 26.38500404
v -4.02384567 11.40663528 26.59093666
v -101.39634705 17.05131721 26.59093666
v -48.26299286 14.33610058 26.38500404
v -4.02384567 11.40663528 26.59093666
v -4.02384567 11.40663528 26.59093666
v -48.26299286 14.33610058 26.38500404
v -39.41094589 13.82294750 26.38500404
v -4.02384567 11.40663528 26.59093666
v -39.41094589 13.82294750 26.38500404
v -30.55889893 13.30979443 26.38500404
v -30.55889893 13.30979443 26.38500404
v -39.41094589 13.82294750 26.38500404
v -30.53535461 13.71595478 26.28697205
v -30.55889893 13.30979443 26.38500404
v -30.53535461 13.71595478 26.28697205
v -21.68330956 13.20280170 26.28697205
v -21.68330956 13.20280170 26.28697205
v -30.53535461 13.71595478 26.28697205
v -21.65911102 13.62022495 26.30437279
v -21.68330956 13.20280170 26.28697205
v -21.65911102 13.62022495 26.30437279
v -12.80706501 13.10707188 26.30437279
v -12.80706501 13.10707188 26.30437279
v -21.65911102 13.62022495 26.30437279
v -12.78407288 13.50369740 26.43586540
v -3.88332820 13.83060551 27.78981209
v -56.99895859 16.85163116 27.37536240
v -101.25582886 19.47528839 27.78981209
v -101.25582886 19.47528839 27.78981209
v -56.99895859 16.85163116 27.37536240
v -65.85100555 17.36478424 27.37536240
v -101.25582886 19.47528839 27.78981209
v -65.85100555 17.36478424 27.37536240
v -74.70304871 17.87793541 27.37536240
v -74.70304871 17.87793541 27.37536240
v -65.85100555 17.36478424 27.37536240
v -74.71286011 17.70870399 26.99274826
v -74.70304871 17.87793541 27.37536240
v -74.71286011 17.70870399 26.99274826
v -83.56491089 18.22185707 26.99274826
v -83.56491089 18.22185707 26.99274826
v -74.71286011 17.70870399 26.99274826
v -83.58042145 17.95428276 26.67135239
v -83.56491089 18.22185707 26.99274826
v -83.58042145 17.95428276 26.67135239
v -92.43246460 18.46743584 26.67135239
v -92.43246460 18.46743584 26.67135239
v -83.58042145 17.95428276 26.67135239
v -92.45248413 18.12207413 26.43586540
v -21.59077644 14.79901886 27.37536240
v -12.73873043 14.28586578 27.37536240
v -21.60058594 14.62978649 26.99274826
v -21.60058594 14.62978649 26.99274826
v -12.73873043 14.28586578 27.37536240
v -12.74854088 14.11663342 26.99274826
v -21.60058594 14.62978649 26.99274826
v -12.74854088 14.11663342 26.99274826
v -21.61609840 14.36221313 26.67135239
v -21.61609840 14.36221313 26.67135239
v -12.74854088 14.11663342 26.99274826
v -12.76405144 13.84906006 26.67135239
v -21.61609840 14.36221313 26.67135239
v -12.76405144 13.84906006 26.67135239
v -21.63611794 14.01685047 26.43586540
v -21.63611794 14.01685047 26.43586540
v -12.76405144 13.84906006 26.67135239
v -12.78407288 13.50369740 26.43586540
v -21.63611794 14.01685047 26.43586540
v -12.78407288 13.50369740 26.43586540
v -21.65911102 13.62022495 26.30437279
v -30.44282150 15.31217194 27.37536240
v -39.29486847 15.82532501 27.37536240
v -3.88332820 13.83060551 27.78981209
v -3.88332820 13.83060551 27.78981209
v -39.29486847 15.82532501 27.37536240
v -48.14691162 16.33847809 27.37536240
v -3.88332820 13.83060551 27.78981209
v -48.14691162 16.33847809 27.37536240
v -56.99895859 16.85163116 27.37536240
v -56.99895859 16.85163116 27.37536240
v -48.14691162 16.33847809 27.37536240
v -57.00876999 16.68239784 26.99274826
v -56.99895859 16.85163116 27.37536240
v -57.00876999 16.68239784 26.99274826
v -65.86081696 17.19555092 26.99274826
v -65.86081696 17.19555092 26.99274826
v -57.00876999 16.68239784 26.99274826
v -65.87632751 16.92797661 26.67135239
v -65.86081696 17.19555092 26.99274826
v -65.87632751 16.92797661 26.67135239
v -74.72837067 17.44112968 26.67135239
v -74.72837067 17.44112968 26.67135239
v -65.87632751 16.92797661 26.67135239
v -74.74839020 17.09576797 26.43586540
v -74.72837067 17.44112968 26.67135239
v -74.74839020 17.09576797 26.43586540
v -83.60044098 17.60892105 26.43586540
v -83.60044098 17.60892105 26.43586540
v -74.74839020 17.09576797 26.43586540
v -83.62342834 17.21229553 26.30437279
v -83.60044098 17.60892105 26.43586540
v -83.62342834 17.21229553 26.30437279
v -92.47547913 17.72544861 26.30437279
v -92.47547913 17.72544861 26.30437279
v -83.62342834 17.21229553 26.30437279
v -92.49967194 17.30802536 26.28697205
v -30.44282150 15.31217194 27.37536240
v -39.30467987 15.65609169 26.99274826
v -39.29486847 15.82532501 27.37536240
v -39.29486847 15.82532501 27.37536240
v -39.30467987 15.65609169 26.99274826
v -48.15672302 16.16924477 26.99274826
v -39.29486847 15.82532501 27.37536240
v -48.15672302 16.16924477 26.99274826
v -48.14691162 16.33847809 27.37536240
v -48.14691162 16.33847809 27.37536240
v -48.15672302 16.16924477 26.99274826
v -57.00876999 16.68239784 26.99274826
v -74.71286011 17.70870399 26.99274826
v -65.85100555 17.36478424 27.37536240
v -65.86081696 17.19555092 26.99274826
v -65.86081696 17.19555092 26.99274826
v -65.85100555 17.36478424 27.37536240
v -56.99895859 16.85163116 27.37536240
v -92.40714264 18.90424156 27.37536240
v -101.25582886 19.47528839 27.78981209
v -83.55509949 18.39108849 27.37536240
v -83.55509949 18.39108849 27.37536240
v -101.25582886 19.47528839 27.78981209
v -74.70304871 17.87793541 27.37536240
v -83.55509949 18.39108849 27.37536240
v -74.70304871 17.87793541 27.37536240
v -83.56491089 18.22185707 26.99274826
v -92.41695404 18.73501015 26.99274826
v -92.40714264 18.90424156 27.37536240
v -83.55509949 18.39108849 27.37536240
v -92.41695404 18.73501015 26.99274826
v -83.55509949 18.39108849 27.37536240
v -83.56491089 18.22185707 26.99274826
v -21.59077644 14.79901886 27.37536240
v -21.60058594 14.62978649 26.99274826
v -30.45263290 15.14293957 26.99274826
v -30.45263290 15.14293957 26.99274826
v -21.60058594 14.62978649 26.99274826
v -30.46814346 14.87536526 26.67135239
v -30.45263290 15.14293957 26.99274826
v -30.46814346 14.87536526 26.67135239
v -39.32019043 15.38851833 26.67135239
v -39.32019043 15.38851833 26.67135239
v -30.46814346 14.87536526 26.67135239
v -39.34020996 15.04315567 26.43586540
v -39.32019043 15.38851833 26.67135239
v -39.34020996 15.04315567 26.43586540
v -48.19225693 15.55630875 26.43586540
v -48.19225693 15.55630875 26.43586540
v -39.34020996 15.04315567 26.43586540
v -48.21524811 15.15968418 26.30437279
v -48.19225693 15.55630875 26.43586540
v -48.21524811 15.15968418 26.30437279
v -57.06729507 15.67283726 26.30437279
v -57.06729507 15.67283726 26.30437279
v -48.21524811 15.15968418 26.30437279
v -57.09149170 15.25541401 26.28697205
v -57.06729507 15.67283726 26.30437279
v -57.09149170 15.25541401 26.28697205
v -65.94353485 15.76856613 26.28697205
v -65.94353485 15.76856613 26.28697205
v -57.09149170 15.25541401 26.28697205
v -65.96707916 15.36240673 26.38500404
v -65.94353485 15.76856613 26.28697205
v -65.96707916 15.36240673 26.38500404
v -74.81912994 15.87555981 26.38500404
v -74.81912994 15.87555981 26.38500404
v -65.96707916 15.36240673 26.38500404
v -101.39634705 17.05131721 26.59093666
v -30.46814346 14.87536526 26.67135239
v -21.60058594 14.62978649 26.99274826
v -21.61609840 14.36221313 26.67135239
v -39.30467987 15.65609169 26.99274826
v -48.17223358 15.90167141 26.67135239
v -48.15672302 16.16924477 26.99274826
v -48.15672302 16.16924477 26.99274826
v -48.17223358 15.90167141 26.67135239
v -57.02428055 16.41482544 26.67135239
v -48.15672302 16.16924477 26.99274826
v -57.02428055 16.41482544 26.67135239
v -57.00876999 16.68239784 26.99274826
v -57.00876999 16.68239784 26.99274826
v -57.02428055 16.41482544 26.67135239
v -65.87632751 16.92797661 26.67135239
v -83.58042145 17.95428276 26.67135239
v -74.71286011 17.70870399 26.99274826
v -74.72837067 17.44112968 26.67135239
v -74.72837067 17.44112968 26.67135239
v -74.71286011 17.70870399 26.99274826
v -65.86081696 17.19555092 26.99274826
v -92.43246460 18.46743584 26.67135239
v -92.41695404 18.73501015 26.99274826
v -83.56491089 18.22185707 26.99274826
v -30.46814346 14.87536526 26.67135239
v -21.61609840 14.36221313 26.67135239
v -30.48816490 14.53000355 26.43586540
v -30.48816490 14.53000355 26.43586540
v -21.61609840 14.36221313 26.67135239
v -21.63611794 14.01685047 26.43586540
v -30.48816490 14.53000355 26.43586540
v -21.63611794 14.01685047 26.43586540
v -30.51115608 14.13337803 26.30437279
v -30.51115608 14.13337803 26.30437279
v -21.63611794 14.01685047 26.43586540
v -21.65911102 13.62022495 26.30437279
v -30.51115608 14.13337803 26.30437279
v -21.65911102 13.62022495 26.30437279
v -30.53535461 13.71595478 26.28697205
v -48.17223358 15.90167141 26.67135239
v -57.04430008 16.06946182 26.43586540
v -57.02428055 16.41482544 26.67135239
v -57.02428055 16.41482544 26.67135239
v -57.04430008 16.06946182 26.43586540
v -65.89634705 16.58261490 26.43586540
v -57.02428055 16.41482544 26.67135239
v -65.89634705 16.58261490 26.43586540
v -65.87632751 16.92797661 26.67135239
v -65.87632751 16.92797661 26.67135239
v -65.89634705 16.58261490 26.43586540
v -74.74839020 17.09576797 26.43586540
v -92.45248413 18.12207413 26.43586540
v -83.58042145 17.95428276 26.67135239
v -83.60044098 17.60892105 26.43586540
v -83.60044098 17.60892105 26.43586540
v -83.58042145 17.95428276 26.67135239
v -74.72837067 17.44112968 26.67135239
v -30.46814346 14.87536526 26.67135239
v -30.48816490 14.53000355 26.43586540
v -39.34020996 15.04315567 26.43586540
v -39.34020996 15.04315567 26.43586540
v -30.48816490 14.53000355 26.43586540
v -39.36320114 14.64653111 26.30437279
v -39.34020996 15.04315567 26.43586540
v -39.36320114 14.64653111 26.30437279
v -48.21524811 15.15968418 26.30437279
v -48.21524811 15.15968418 26.30437279
v -39.36320114 14.64653111 26.30437279
v -48.23944473 14.74226093 26.28697205
v -48.21524811 15.15968418 26.30437279
v -48.23944473 14.74226093 26.28697205
v -57.09149170 15.25541401 26.28697205
v -57.09149170 15.25541401 26.28697205
v -48.23944473 14.74226093 26.28697205
v -57.11503601 14.84925365 26.38500404
v -57.09149170 15.25541401 26.28697205
v -57.11503601 14.84925365 26.38500404
v -65.96707916 15.36240673 26.38500404
v -65.96707916 15.36240673 26.38500404
v -57.11503601 14.84925365 26.38500404
v -101.39634705 17.05131721 26.59093666
v -39.36320114 14.64653111 26.30437279
v -30.48816490 14.53000355 26.43586540
v -30.51115608 14.13337803 26.30437279
v -57.04430008 16.06946182 26.43586540
v -65.91934204 16.18598938 26.30437279
v -65.89634705 16.58261490 26.43586540
v -65.89634705 16.58261490 26.43586540
v -65.91934204 16.18598938 26.30437279
v -74.77138519 16.69914246 26.30437279
v -65.89634705 16.58261490 26.43586540
v -74.77138519 16.69914246 26.30437279
v -74.74839020 17.09576797 26.43586540
v -74.74839020 17.09576797 26.43586540
v -74.77138519 16.69914246 26.30437279
v -83.62342834 17.21229553 26.30437279
v -92.47547913 17.72544861 26.30437279
v -92.45248413 18.12207413 26.43586540
v -83.60044098 17.60892105 26.43586540
v -21.68330956 13.20280170 26.28697205
v -12.80706501 13.10707188 26.30437279
v -12.83126259 12.68964863 26.28697205
v -39.36320114 14.64653111 26.30437279
v -30.51115608 14.13337803 26.30437279
v -39.38740158 14.22910786 26.28697205
v -39.38740158 14.22910786 26.28697205
v -30.51115608 14.13337803 26.30437279
v -30.53535461 13.71595478 26.28697205
v -39.38740158 14.22910786 26.28697205
v -30.53535461 13.71595478 26.28697205
v -39.41094589 13.82294750 26.38500404
v -65.91934204 16.18598938 26.30437279
v -74.79558563 16.28171921 26.28697205
v -74.77138519 16.69914246 26.30437279
v -74.77138519 16.69914246 26.30437279
v -74.79558563 16.28171921 26.28697205
v -83.64762878 16.79487228 26.28697205
v -74.77138519 16.69914246 26.30437279
v -83.64762878 16.79487228 26.28697205
v -83.62342834 17.21229553 26.30437279
v -83.62342834 17.21229553 26.30437279
v -83.64762878 16.79487228 26.28697205
v -92.49967194 17.30802536 26.28697205
v -21.68330956 13.20280170 26.28697205
v -12.83126259 12.68964863 26.28697205
v -21.70685387 12.79664135 26.38500404
v -21.70685387 12.79664135 26.38500404
v -12.83126259 12.68964863 26.28697205
v -12.85480785 12.28348923 26.38500404
v -21.70685387 12.79664135 26.38500404
v -12.85480785 12.28348923 26.38500404
v -4.02384567 11.40663528 26.59093666
v -39.36320114 14.64653111 26.30437279
v -39.38740158 14.22910786 26.28697205
v -48.23944473 14.74226093 26.28697205
v -48.23944473 14.74226093 26.28697205
v -39.38740158 14.22910786 26.28697205
v -48.26299286 14.33610058 26.38500404
v -48.23944473 14.74226093 26.28697205
v -48.26299286 14.33610058 26.38500404
v -57.11503601 14.84925365 26.38500404
v -57.11503601 14.84925365 26.38500404
v -48.26299286 14.33610058 26.38500404
v -101.39634705 17.05131721 26.59093666
v -48.26299286 14.33610058 26.38500404
v -39.38740158 14.22910786 26.28697205
v -39.41094589 13.82294750 26.38500404
v -92.52322388 16.90186501 26.38500404
v -92.49967194 17.30802536 26.28697205
v -83.64762878 16.79487228 26.28697205
v -92.52322388 16.90186501 26.38500404
v -83.64762878 16.79487228 26.28697205
v -83.67117310 16.38871193 26.38500404
v -83.67117310 16.38871193 26.38500404
v -83.64762878 16.79487228 26.28697205
v -74.79558563 16.28171921 26.28697205
v -4.02384567 11.40663528 26.59093666
v -30.55889893 13.30979443 26.38500404
v -21.70685387 12.79664135 26.38500404
v -21.70685387 12.79664135 26.38500404
v -30.55889893 13.30979443 26.38500404
v -21.68330956 13.20280170 26.28697205
v -3.88332820 13.83060551 27.78981209
v -22.08874130 14.88597298 32.50000000
v -3.88332820 13.83060551 37.21018982
v -3.88332820 13.83060551 37.21018982
v -22.08874130 14.88597298 32.50000000
v -22.14316940 14.88912868 32.91411209
v -3.88332820 13.83060551 37.21018982
v -22.14316940 14.88912868 32.91411209
v -22.30274200 14.89837933 33.29999924
v -101.25582886 19.47528839 27.78981209
v -68.61064148 17.58284760 30.89999962
v -3.88332820 13.83060551 27.78981209
v -3.88332820 13.83060551 27.78981209
v -68.61064148 17.58284760 30.89999962
v -24.48472023 15.02486801 30.89999962
v -3.88332820 13.83060551 27.78981209
v -24.48472023 15.02486801 30.89999962
v -23.68605995 14.97856998 30.89999962
v -68.61064148 17.58284760 30.89999962
v -101.25582886 19.47528839 27.78981209
v -69.40930176 17.62914467 30.89999962
v -69.40930176 17.62914467 30.89999962
v -101.25582886 19.47528839 27.78981209
v -101.25582886 19.47528839 28.25000000
v -69.40930176 17.62914467 30.89999962
v -101.25582886 19.47528839 28.25000000
v -83.87582397 18.46776962 30.90373039
v -83.87582397 18.46776962 30.90373039
v -101.25582886 19.47528839 28.25000000
v -84.30981445 18.49292755 30.93346596
v -84.30981445 18.49292755 30.93346596
v -101.25582886 19.47528839 28.25000000
v -101.45549774 19.48686218 28.25000000
v -84.30981445 18.49292755 30.93346596
v -101.45549774 19.48686218 28.25000000
v -84.71969604 18.51668930 31.07938385
v -84.71969604 18.51668930 31.07938385
v -101.45549774 19.48686218 28.25000000
v -85.07508087 18.53729057 31.33066177
v -85.07508087 18.53729057 31.33066177
v -101.45549774 19.48686218 28.25000000
v -85.34960938 18.55320549 31.66866493
v -85.34960938 18.55320549 31.66866493
v -101.45549774 19.48686218 28.25000000
v -85.52291107 18.56325150 32.06832504
v -85.52291107 18.56325150 32.06832504
v -101.45549774 19.48686218 28.25000000
v -85.58214569 18.56668472 32.50000000
v -85.58214569 18.56668472 32.50000000
v -101.45549774 19.48686218 28.25000000
v -101.45549774 19.48686218 36.75000000
v -85.58214569 18.56668472 32.50000000
v -101.45549774 19.48686218 36.75000000
v -85.52291107 18.56325150 32.93167496
v -85.52291107 18.56325150 32.93167496
v -101.45549774 19.48686218 36.75000000
v -85.34960938 18.55320549 33.33133316
v -85.34960938 18.55320549 33.33133316
v -101.45549774 19.48686218 36.75000000
v -85.07508087 18.53729057 33.66933823
v -85.07508087 18.53729057 33.66933823
v -101.45549774 19.48686218 36.75000000
v -84.71969604 18.51668930 33.92061615
v -84.71969604 18.51668930 33.92061615
v -101.45549774 19.48686218 36.75000000
v -84.30981445 18.49292755 34.06653595
v -84.30981445 18.49292755 34.06653595
v -101.45549774 19.48686218 36.75000000
v -101.25582886 19.47528839 36.75000000
v -84.30981445 18.49292755 34.06653595
v -101.25582886 19.47528839 36.75000000
v -83.87582397 18.46776962 34.09627151
v -83.87582397 18.46776962 34.09627151
v -101.25582886 19.47528839 36.75000000
v -69.40930176 17.62914467 34.09999847
v -83.87582397 18.46776962 34.09627151
v -69.40930176 17.62914467 34.09999847
v -69.82271576 17.65311050 34.04548264
v -101.25582886 19.47528839 36.75000000
v -101.25582886 19.47528839 37.21018982
v -69.40930176 17.62914467 34.09999847
v -69.40930176 17.62914467 34.09999847
v -101.25582886 19.47528839 37.21018982
v -68.61064148 17.58284760 34.09999847
v -68.61064148 17.58284760 34.09999847
v -101.25582886 19.47528839 37.21018982
v -3.88332820 13.83060551 37.21018982
v -68.61064148 17.58284760 34.09999847
v -3.88332820 13.83060551 37.21018982
v -24.48472023 15.02486801 34.09999847
v -24.48472023 15.02486801 34.09999847
v -3.88332820 13.83060551 37.21018982
v -23.68605995 14.97856998 34.09999847
v -23.68605995 14.97856998 34.09999847
v -3.88332820 13.83060551 37.21018982
v -23.27264404 14.95460415 34.04548264
v -23.27264404 14.95460415 34.04548264
v -3.88332820 13.83060551 37.21018982
v -22.88740158 14.93227196 33.88563919
v -22.88740158 14.93227196 33.88563919
v -3.88332820 13.83060551 37.21018982
v -22.55658531 14.91309452 33.63137054
v -22.55658531 14.91309452 33.63137054
v -3.88332820 13.83060551 37.21018982
v -22.30274200 14.89837933 33.29999924
v -24.48472023 15.02486801 30.89999962
v -68.61064148 17.58284760 30.89999962
v -24.89813614 15.04883385 30.95451927
v -24.89813614 15.04883385 30.95451927
v -68.61064148 17.58284760 30.89999962
v -68.19721985 17.55888176 30.95451927
v -24.89813614 15.04883385 30.95451927
v -68.19721985 17.55888176 30.95451927
v -67.81198120 17.53654861 31.11435890
v -24.89813614 15.04883385 30.95451927
v -67.81198120 17.53654861 31.11435890
v -25.28337860 15.07116604 31.11435890
v -25.28337860 15.07116604 31.11435890
v -67.81198120 17.53654861 31.11435890
v -67.48116302 17.51737213 31.36862946
v -25.28337860 15.07116604 31.11435890
v -67.48116302 17.51737213 31.36862946
v -25.61419487 15.09034348 31.36862946
v -25.61419487 15.09034348 31.36862946
v -67.48116302 17.51737213 31.36862946
v -67.22731781 17.50265503 31.70000076
v -25.61419487 15.09034348 31.36862946
v -67.22731781 17.50265503 31.70000076
v -25.86803818 15.10505867 31.70000076
v -25.86803818 15.10505867 31.70000076
v -67.22731781 17.50265503 31.70000076
v -67.06774902 17.49340630 32.08588791
v -25.86803818 15.10505867 31.70000076
v -67.06774902 17.49340630 32.08588791
v -26.02761078 15.11430931 32.08588791
v -26.02761078 15.11430931 32.08588791
v -67.06774902 17.49340630 32.08588791
v -67.01332092 17.49024963 32.50000000
v -26.02761078 15.11430931 32.08588791
v -67.01332092 17.49024963 32.50000000
v -26.08203888 15.11746502 32.50000000
v -26.08203888 15.11746502 32.50000000
v -67.01332092 17.49024963 32.50000000
v -26.02761078 15.11430931 32.91411209
v -26.02761078 15.11430931 32.91411209
v -67.01332092 17.49024963 32.50000000
v -67.06774902 17.49340630 32.91411209
v -26.02761078 15.11430931 32.91411209
v -67.06774902 17.49340630 32.91411209
v -25.86803818 15.10505867 33.29999924
v -25.86803818 15.10505867 33.29999924
v -67.06774902 17.49340630 32.91411209
v -67.22731781 17.50265503 33.29999924
v -25.86803818 15.10505867 33.29999924
v -67.22731781 17.50265503 33.29999924
v -25.61419487 15.09034348 33.63137054
v -25.61419487 15.09034348 33.63137054
v -67.22731781 17.50265503 33.29999924
v -67.48116302 17.51737213 33.63137054
v -25.61419487 15.09034348 33.63137054
v -67.48116302 17.51737213 33.63137054
v -25.28337860 15.07116604 33.88563919
v -25.28337860 15.07116604 33.88563919
v -67.48116302 17.51737213 33.63137054
v -67.81198120 17.53654861 33.88563919
v -25.28337860 15.07116604 33.88563919
v -67.81198120 17.53654861 33.88563919
v -24.89813614 15.04883385 34.04548264
v -24.89813614 15.04883385 34.04548264
v -67.81198120 17.53654861 33.88563919
v -68.19721985 17.55888176 34.04548264
v -24.89813614 15.04883385 34.04548264
v -68.19721985 17.55888176 34.04548264
v -68.61064148 17.58284760 34.09999847
v -83.87582397 18.46776962 34.09627151
v -69.82271576 17.65311050 34.04548264
v -83.44992065 18.44307899 34.00761795
v -83.44992065 18.44307899 34.00761795
v -69.82271576 17.65311050 34.04548264
v -70.20795441 17.67544365 33.88563919
v -83.44992065 18.44307899 34.00761795
v -70.20795441 17.67544365 33.88563919
v -83.06368256 18.42069054 33.80715179
v -83.06368256 18.42069054 33.80715179
v -70.20795441 17.67544365 33.88563919
v -70.53877258 17.69462013 33.63137054
v -83.06368256 18.42069054 33.80715179
v -70.53877258 17.69462013 33.63137054
v -82.74577332 18.40225983 33.50973892
v -82.74577332 18.40225983 33.50973892
v -70.53877258 17.69462013 33.63137054
v -70.79261780 17.70933533 33.29999924
v -82.74577332 18.40225983 33.50973892
v -70.79261780 17.70933533 33.29999924
v -82.51975250 18.38915825 33.13744354
v -82.51975250 18.38915825 33.13744354
v -70.79261780 17.70933533 33.29999924
v -70.95218658 17.71858597 32.91411209
v -82.51975250 18.38915825 33.13744354
v -70.95218658 17.71858597 32.91411209
v -82.40238953 18.38235474 32.71786499
v -82.40238953 18.38235474 32.71786499
v -70.95218658 17.71858597 32.91411209
v -71.00661469 17.72174072 32.50000000
v -82.40238953 18.38235474 32.71786499
v -71.00661469 17.72174072 32.50000000
v -82.40238953 18.38235474 32.28213501
v -82.40238953 18.38235474 32.28213501
v -71.00661469 17.72174072 32.50000000
v -70.95218658 17.71858597 32.08588791
v -82.40238953 18.38235474 32.28213501
v -70.95218658 17.71858597 32.08588791
v -82.51975250 18.38915825 31.86255836
v -82.51975250 18.38915825 31.86255836
v -70.95218658 17.71858597 32.08588791
v -70.79261780 17.70933533 31.70000076
v -82.51975250 18.38915825 31.86255836
v -70.79261780 17.70933533 31.70000076
v -82.74577332 18.40225983 31.49025917
v -82.74577332 18.40225983 31.49025917
v -70.79261780 17.70933533 31.70000076
v -70.53877258 17.69462013 31.36862946
v -82.74577332 18.40225983 31.49025917
v -70.53877258 17.69462013 31.36862946
v -83.06368256 18.42069054 31.19284821
v -83.06368256 18.42069054 31.19284821
v -70.53877258 17.69462013 31.36862946
v -70.20795441 17.67544365 31.11435890
v -83.06368256 18.42069054 31.19284821
v -70.20795441 17.67544365 31.11435890
v -83.44992065 18.44307899 30.99238205
v -83.44992065 18.44307899 30.99238205
v -70.20795441 17.67544365 31.11435890
v -69.82271576 17.65311050 30.95451927
v -83.44992065 18.44307899 30.99238205
v -69.82271576 17.65311050 30.95451927
v -83.87582397 18.46776962 30.90373039
v -83.87582397 18.46776962 30.90373039
v -69.82271576 17.65311050 30.95451927
v -69.40930176 17.62914467 30.89999962
v -23.68605995 14.97856998 30.89999962
v -23.27264404 14.95460415 30.95451927
v -3.88332820 13.83060551 27.78981209
v -3.88332820 13.83060551 27.78981209
v -23.27264404 14.95460415 30.95451927
v -22.88740158 14.93227196 31.11435890
v -3.88332820 13.83060551 27.78981209
v -22.88740158 14.93227196 31.11435890
v -22.55658531 14.91309452 31.36862946
v -22.55658531 14.91309452 31.36862946
v -22.30274200 14.89837933 31.70000076
v -3.88332820 13.83060551 27.78981209
v -3.88332820 13.83060551 27.78981209
v -22.30274200 14.89837933 31.70000076
v -22.14316940 14.88912868 32.08588791
v -3.88332820 13.83060551 27.78981209
v -22.14316940 14.88912868 32.08588791
v -22.08874130 14.88597298 32.50000000
v -24.48472023 15.02486801 34.09999847
v -24.89813614 15.04883385 34.04548264
v -68.61064148 17.58284760 34.09999847
v -4.00276232 11.77033615 38.61499405
v -12.85480785 12.28348923 38.61499405
v -4.02384567 11.40663528 38.40906525
v -4.02384567 11.40663528 38.40906525
v -12.85480785 12.28348923 38.61499405
v -21.70685387 12.79664135 38.61499405
v -4.02384567 11.40663528 38.40906525
v -21.70685387 12.79664135 38.61499405
v -30.55889893 13.30979443 38.61499405
v -30.55889893 13.30979443 38.61499405
v -21.70685387 12.79664135 38.61499405
v -30.53535461 13.71595478 38.71302795
v -30.55889893 13.30979443 38.61499405
v -30.53535461 13.71595478 38.71302795
v -39.38740158 14.22910786 38.71302795
v -39.38740158 14.22910786 38.71302795
v -30.53535461 13.71595478 38.71302795
v -39.36320114 14.64653111 38.69562912
v -39.38740158 14.22910786 38.71302795
v -39.36320114 14.64653111 38.69562912
v -48.21524811 15.15968418 38.69562912
v -48.21524811 15.15968418 38.69562912
v -39.36320114 14.64653111 38.69562912
v -48.19225693 15.55630875 38.56413269
v -48.21524811 15.15968418 38.69562912
v -48.19225693 15.55630875 38.56413269
v -57.04430008 16.06946182 38.56413269
v -57.04430008 16.06946182 38.56413269
v -48.19225693 15.55630875 38.56413269
v -57.02428055 16.41482544 38.32864761
v -57.04430008 16.06946182 38.56413269
v -57.02428055 16.41482544 38.32864761
v -65.87632751 16.92797661 38.32864761
v -65.87632751 16.92797661 38.32864761
v -57.02428055 16.41482544 38.32864761
v -65.86081696 17.19555092 38.00725174
v -65.87632751 16.92797661 38.32864761
v -65.86081696 17.19555092 38.00725174
v -74.71286011 17.70870399 38.00725174
v -74.71286011 17.70870399 38.00725174
v -65.86081696 17.19555092 38.00725174
v -74.70304871 17.87793541 37.62463760
v -74.71286011 17.70870399 38.00725174
v -74.70304871 17.87793541 37.62463760
v -83.55509949 18.39108849 37.62463760
v -83.55509949 18.39108849 37.62463760
v -74.70304871 17.87793541 37.62463760
v -101.25582886 19.47528839 37.21018982
v -83.55509949 18.39108849 37.62463760
v -101.25582886 19.47528839 37.21018982
v -92.40714264 18.90424156 37.62463760
v -92.40714264 18.90424156 37.62463760
v -101.25582886 19.47528839 37.21018982
v -101.25918579 19.41739464 37.62463760
v -92.40714264 18.90424156 37.62463760
v -101.25918579 19.41739464 37.62463760
v -92.41695404 18.73501015 38.00725174
v -92.41695404 18.73501015 38.00725174
v -101.25918579 19.41739464 37.62463760
v -101.26899719 19.24816322 38.00725174
v -92.41695404 18.73501015 38.00725174
v -101.26899719 19.24816322 38.00725174
v -92.43246460 18.46743584 38.32864761
v -92.43246460 18.46743584 38.32864761
v -101.26899719 19.24816322 38.00725174
v -101.28450775 18.98058891 38.32864761
v -92.43246460 18.46743584 38.32864761
v -101.28450775 18.98058891 38.32864761
v -92.45248413 18.12207413 38.56413269
v -92.45248413 18.12207413 38.56413269
v -101.28450775 18.98058891 38.32864761
v -101.30452728 18.63522720 38.56413269
v -92.45248413 18.12207413 38.56413269
v -101.30452728 18.63522720 38.56413269
v -92.47547913 17.72544861 38.69562912
v -92.47547913 17.72544861 38.69562912
v -101.30452728 18.63522720 38.56413269
v -101.32752228 18.23860168 38.69562912
v -92.47547913 17.72544861 38.69562912
v -101.32752228 18.23860168 38.69562912
v -92.49967194 17.30802536 38.71302795
v -92.49967194 17.30802536 38.71302795
v -101.32752228 18.23860168 38.69562912
v -101.35172272 17.82117844 38.71302795
v -92.49967194 17.30802536 38.71302795
v -101.35172272 17.82117844 38.71302795
v -92.52322388 16.90186501 38.61499405
v -92.52322388 16.90186501 38.61499405
v -101.35172272 17.82117844 38.71302795
v -101.37526703 17.41501808 38.61499405
v -92.52322388 16.90186501 38.61499405
v -101.37526703 17.41501808 38.61499405
v -101.39634705 17.05131721 38.40906525
v -12.85480785 12.28348923 38.61499405
v -4.00276232 11.77033615 38.61499405
v -12.83126259 12.68964863 38.71302795
v -12.83126259 12.68964863 38.71302795
v -4.00276232 11.77033615 38.61499405
v -3.97921705 12.17649555 38.71302795
v -12.83126259 12.68964863 38.71302795
v -3.97921705 12.17649555 38.71302795
v -12.80706501 13.10707188 38.69562912
v -12.80706501 13.10707188 38.69562912
v -3.97921705 12.17649555 38.71302795
v -3.95501900 12.59391975 38.69562912
v -12.80706501 13.10707188 38.69562912
v -3.95501900 12.59391975 38.69562912
v -12.78407288 13.50369740 38.56413269
v -12.78407288 13.50369740 38.56413269
v -3.95501900 12.59391975 38.69562912
v -3.93202662 12.99054432 38.56413269
v -12.78407288 13.50369740 38.56413269
v -3.93202662 12.99054432 38.56413269
v -12.76405144 13.84906006 38.32864761
v -12.76405144 13.84906006 38.32864761
v -3.93202662 12.99054432 38.56413269
v -3.91200590 13.33590698 38.32864761
v -12.76405144 13.84906006 38.32864761
v -3.91200590 13.33590698 38.32864761
v -12.74854088 14.11663342 38.00725174
v -12.74854088 14.11663342 38.00725174
v -3.91200590 13.33590698 38.32864761
v -3.89649487 13.60348034 38.00725174
v -12.74854088 14.11663342 38.00725174
v -3.89649487 13.60348034 38.00725174
v -12.73873043 14.28586578 37.62463760
v -12.73873043 14.28586578 37.62463760
v -3.89649487 13.60348034 38.00725174
v -3.88668442 13.77271271 37.62463760
v -12.73873043 14.28586578 37.62463760
v -3.88668442 13.77271271 37.62463760
v -3.88332820 13.83060551 37.21018982
v -101.25582886 19.47528839 37.21018982
v -48.14691162 16.33847809 37.62463760
v -3.88332820 13.83060551 37.21018982
v -3.88332820 13.83060551 37.21018982
v -48.14691162 16.33847809 37.62463760
v -39.29486847 15.82532501 37.62463760
v -3.88332820 13.83060551 37.21018982
v -39.29486847 15.82532501 37.62463760
v -30.44282150 15.31217194 37.62463760
v -30.44282150 15.31217194 37.62463760
v -39.29486847 15.82532501 37.62463760
v -30.45263290 15.14293957 38.00725174
v -30.44282150 15.31217194 37.62463760
v -30.45263290 15.14293957 38.00725174
v -21.60058594 14.62978649 38.00725174
v -21.60058594 14.62978649 38.00725174
v -30.45263290 15.14293957 38.00725174
v -21.61609840 14.36221313 38.32864761
v -21.60058594 14.62978649 38.00725174
v -21.61609840 14.36221313 38.32864761
v -12.76405144 13.84906006 38.32864761
v -12.76405144 13.84906006 38.32864761
v -21.61609840 14.36221313 38.32864761
v -12.78407288 13.50369740 38.56413269
v -4.02384567 11.40663528 38.40906525
v -57.11503601 14.84925365 38.61499405
v -101.39634705 17.05131721 38.40906525
v -101.39634705 17.05131721 38.40906525
v -57.11503601 14.84925365 38.61499405
v -65.96707916 15.36240673 38.61499405
v -101.39634705 17.05131721 38.40906525
v -65.96707916 15.36240673 38.61499405
v -74.81912994 15.87555981 38.61499405
v -74.81912994 15.87555981 38.61499405
v -65.96707916 15.36240673 38.61499405
v -74.79558563 16.28171921 38.71302795
v -74.81912994 15.87555981 38.61499405
v -74.79558563 16.28171921 38.71302795
v -83.64762878 16.79487228 38.71302795
v -83.64762878 16.79487228 38.71302795
v -74.79558563 16.28171921 38.71302795
v -83.62342834 17.21229553 38.69562912
v -83.64762878 16.79487228 38.71302795
v -83.62342834 17.21229553 38.69562912
v -92.47547913 17.72544861 38.69562912
v -92.47547913 17.72544861 38.69562912
v -83.62342834 17.21229553 38.69562912
v -92.45248413 18.12207413 38.56413269
v -21.70685387 12.79664135 38.61499405
v -12.85480785 12.28348923 38.61499405
v -21.68330956 13.20280170 38.71302795
v -21.68330956 13.20280170 38.71302795
v -12.85480785 12.28348923 38.61499405
v -12.83126259 12.68964863 38.71302795
v -21.68330956 13.20280170 38.71302795
v -12.83126259 12.68964863 38.71302795
v -21.65911102 13.62022495 38.69562912
v -21.65911102 13.62022495 38.69562912
v -12.83126259 12.68964863 38.71302795
v -12.80706501 13.10707188 38.69562912
v -21.65911102 13.62022495 38.69562912
v -12.80706501 13.10707188 38.69562912
v -21.63611794 14.01685047 38.56413269
v -21.63611794 14.01685047 38.56413269
v -12.80706501 13.10707188 38.69562912
v -12.78407288 13.50369740 38.56413269
v -21.63611794 14.01685047 38.56413269
v -12.78407288 13.50369740 38.56413269
v -21.61609840 14.36221313 38.32864761
v -30.55889893 13.30979443 38.61499405
v -39.41094589 13.82294750 38.61499405
v -4.02384567 11.40663528 38.40906525
v -4.02384567 11.40663528 38.40906525
v -39.41094589 13.82294750 38.61499405
v -48.26299286 14.33610058 38.61499405
v -4.02384567 11.40663528 38.40906525
v -48.26299286 14.33610058 38.61499405
v -57.11503601 14.84925365 38.61499405
v -57.11503601 14.84925365 38.61499405
v -48.26299286 14.33610058 38.61499405
v -57.09149170 15.25541401 38.71302795
v -57.11503601 14.84925365 38.61499405
v -57.09149170 15.25541401 38.71302795
v -65.94353485 15.76856613 38.71302795
v -65.94353485 15.76856613 38.71302795
v -57.09149170 15.25541401 38.71302795
v -65.91934204 16.18598938 38.69562912
v -65.94353485 15.76856613 38.71302795
v -65.91934204 16.18598938 38.69562912
v -74.77138519 16.69914246 38.69562912
v -74.77138519 16.69914246 38.69562912
v -65.91934204 16.18598938 38.69562912
v -74.74839020 17.09576797 38.56413269
v -74.77138519 16.69914246 38.69562912
v -74.74839020 17.09576797 38.56413269
v -83.60044098 17.60892105 38.56413269
v -83.60044098 17.60892105 38.56413269
v -74.74839020 17.09576797 38.56413269
v -83.58042145 17.95428276 38.32864761
v -83.60044098 17.60892105 38.56413269
v -83.58042145 17.95428276 38.32864761
v -92.43246460 18.46743584 38.32864761
v -92.43246460 18.46743584 38.32864761
v -83.58042145 17.95428276 38.32864761
v -92.41695404 18.73501015 38.00725174
v -30.55889893 13.30979443 38.61499405
v -39.38740158 14.22910786 38.71302795
v -39.41094589 13.82294750 38.61499405
v -39.41094589 13.82294750 38.61499405
v -39.38740158 14.22910786 38.71302795
v -48.23944473 14.74226093 38.71302795
v -39.41094589 13.82294750 38.61499405
v -48.23944473 14.74226093 38.71302795
v -48.26299286 14.33610058 38.61499405
v -48.26299286 14.33610058 38.61499405
v -48.23944473 14.74226093 38.71302795
v -57.09149170 15.25541401 38.71302795
v -74.79558563 16.28171921 38.71302795
v -65.96707916 15.36240673 38.61499405
v -65.94353485 15.76856613 38.71302795
v -65.94353485 15.76856613 38.71302795
v -65.96707916 15.36240673 38.61499405
v -57.11503601 14.84925365 38.61499405
v -92.52322388 16.90186501 38.61499405
v -101.39634705 17.05131721 38.40906525
v -83.67117310 16.38871193 38.61499405
v -83.67117310 16.38871193 38.61499405
v -101.39634705 17.05131721 38.40906525
v -74.81912994 15.87555981 38.61499405
v -83.67117310 16.38871193 38.61499405
v -74.81912994 15.87555981 38.61499405
v -83.64762878 16.79487228 38.71302795
v -92.49967194 17.30802536 38.71302795
v -92.52322388 16.90186501 38.61499405
v -83.67117310 16.38871193 38.61499405
v -92.49967194 17.30802536 38.71302795
v -83.67117310 16.38871193 38.61499405
v -83.64762878 16.79487228 38.71302795
v -21.70685387 12.79664135 38.61499405
v -21.68330956 13.20280170 38.71302795
v -30.53535461 13.71595478 38.71302795
v -30.53535461 13.71595478 38.71302795
v -21.68330956 13.20280170 38.71302795
v -30.51115608 14.13337803 38.69562912
v -30.53535461 13.71595478 38.71302795
v -30.51115608 14.13337803 38.69562912
v -39.36320114 14.64653111 38.69562912
v -39.36320114 14.64653111 38.69562912
v -30.51115608 14.13337803 38.69562912
v -39.34020996 15.04315567 38.56413269
v -39.36320114 14.64653111 38.69562912
v -39.34020996 15.04315567 38.56413269
v -48.19225693 15.55630875 38.56413269
v -48.19225693 15.55630875 38.56413269
v -39.34020996 15.04315567 38.56413269
v -48.17223358 15.90167141 38.32864761
v -48.19225693 15.55630875 38.56413269
v -48.17223358 15.90167141 38.32864761
v -57.02428055 16.41482544 38.32864761
v -57.02428055 16.41482544 38.32864761
v -48.17223358 15.90167141 38.32864761
v -57.00876999 16.68239784 38.00725174
v -57.02428055 16.41482544 38.32864761
v -57.00876999 16.68239784 38.00725174
v -65.86081696 17.19555092 38.00725174
v -65.86081696 17.19555092 38.00725174
v -57.00876999 16.68239784 38.00725174
v -65.85100555 17.36478424 37.62463760
v -65.86081696 17.19555092 38.00725174
v -65.85100555 17.36478424 37.62463760
v -74.70304871 17.87793541 37.62463760
v -74.70304871 17.87793541 37.62463760
v -65.85100555 17.36478424 37.62463760
v -101.25582886 19.47528839 37.21018982
v -30.51115608 14.13337803 38.69562912
v -21.68330956 13.20280170 38.71302795
v -21.65911102 13.62022495 38.69562912
v -39.38740158 14.22910786 38.71302795
v -48.21524811 15.15968418 38.69562912
v -48.23944473 14.74226093 38.71302795
v -48.23944473 14.74226093 38.71302795
v -48.21524811 15.15968418 38.69562912
v -57.06729507 15.67283726 38.69562912
v -48.23944473 14.74226093 38.71302795
v -57.06729507 15.67283726 38.69562912
v -57.09149170 15.25541401 38.71302795
v -57.09149170 15.25541401 38.71302795
v -57.06729507 15.67283726 38.69562912
v -65.91934204 16.18598938 38.69562912
v -83.62342834 17.21229553 38.69562912
v -74.79558563 16.28171921 38.71302795
v -74.77138519 16.69914246 38.69562912
v -74.77138519 16.69914246 38.69562912
v -74.79558563 16.28171921 38.71302795
v -65.94353485 15.76856613 38.71302795
v -92.47547913 17.72544861 38.69562912
v -92.49967194 17.30802536 38.71302795
v -83.64762878 16.79487228 38.71302795
v -30.51115608 14.13337803 38.69562912
v -21.65911102 13.62022495 38.69562912
v -30.48816490 14.53000355 38.56413269
v -30.48816490 14.53000355 38.56413269
v -21.65911102 13.62022495 38.69562912
v -21.63611794 14.01685047 38.56413269
v -30.48816490 14.53000355 38.56413269
v -21.63611794 14.01685047 38.56413269
v -30.46814346 14.87536526 38.32864761
v -30.46814346 14.87536526 38.32864761
v -21.63611794 14.01685047 38.56413269
v -21.61609840 14.36221313 38.32864761
v -30.46814346 14.87536526 38.32864761
v -21.61609840 14.36221313 38.32864761
v -30.45263290 15.14293957 38.00725174
v -48.21524811 15.15968418 38.69562912
v -57.04430008 16.06946182 38.56413269
v -57.06729507 15.67283726 38.69562912
v -57.06729507 15.67283726 38.69562912
v -57.04430008 16.06946182 38.56413269
v -65.89634705 16.58261490 38.56413269
v -57.06729507 15.67283726 38.69562912
v -65.89634705 16.58261490 38.56413269
v -65.91934204 16.18598938 38.69562912
v -65.91934204 16.18598938 38.69562912
v -65.89634705 16.58261490 38.56413269
v -74.74839020 17.09576797 38.56413269
v -92.45248413 18.12207413 38.56413269
v -83.62342834 17.21229553 38.69562912
v -83.60044098 17.60892105 38.56413269
v -83.60044098 17.60892105 38.56413269
v -83.62342834 17.21229553 38.69562912
v -74.77138519 16.69914246 38.69562912
v -30.51115608 14.13337803 38.69562912
v -30.48816490 14.53000355 38.56413269
v -39.34020996 15.04315567 38.56413269
v -39.34020996 15.04315567 38.56413269
v -30.48816490 14.53000355 38.56413269
v -39.32019043 15.38851833 38.32864761
v -39.34020996 15.04315567 38.56413269
v -39.32019043 15.38851833 38.32864761
v -48.17223358 15.90167141 38.32864761
v -48.17223358 15.90167141 38.32864761
v -39.32019043 15.38851833 38.32864761
v -48.15672302 16.16924477 38.00725174
v -48.17223358 15.90167141 38.32864761
v -48.15672302 16.16924477 38.00725174
v -57.00876999 16.68239784 38.00725174
v -57.00876999 16.68239784 38.00725174
v -48.15672302 16.16924477 38.00725174
v -56.99895859 16.85163116 37.62463760
v -57.00876999 16.68239784 38.00725174
v -56.99895859 16.85163116 37.62463760
v -65.85100555 17.36478424 37.62463760
v -65.85100555 17.36478424 37.62463760
v -56.99895859 16.85163116 37.62463760
v -101.25582886 19.47528839 37.21018982
v -39.32019043 15.38851833 38.32864761
v -30.48816490 14.53000355 38.56413269
v -30.46814346 14.87536526 38.32864761
v -57.04430008 16.06946182 38.56413269
v -65.87632751 16.92797661 38.32864761
v -65.89634705 16.58261490 38.56413269
v -65.89634705 16.58261490 38.56413269
v -65.87632751 16.92797661 38.32864761
v -74.72837067 17.44112968 38.32864761
v -65.89634705 16.58261490 38.56413269
v -74.72837067 17.44112968 38.32864761
v -74.74839020 17.09576797 38.56413269
v -74.74839020 17.09576797 38.56413269
v -74.72837067 17.44112968 38.32864761
v -83.58042145 17.95428276 38.32864761
v -92.43246460 18.46743584 38.32864761
v -92.45248413 18.12207413 38.56413269
v -83.60044098 17.60892105 38.56413269
v -21.60058594 14.62978649 38.00725174
v -12.76405144 13.84906006 38.32864761
v -12.74854088 14.11663342 38.00725174
v -39.32019043 15.38851833 38.32864761
v -30.46814346 14.87536526 38.32864761
v -39.30467987 15.65609169 38.00725174
v -39.30467987 15.65609169 38.00725174
v -30.46814346 14.87536526 38.32864761
v -30.45263290 15.14293957 38.00725174
v -39.30467987 15.65609169 38.00725174
v -30.45263290 15.14293957 38.00725174
v -39.29486847 15.82532501 37.62463760
v -65.87632751 16.92797661 38.32864761
v -74.71286011 17.70870399 38.00725174
v -74.72837067 17.44112968 38.32864761
v -74.72837067 17.44112968 38.32864761
v -74.71286011 17.70870399 38.00725174
v -83.56491089 18.22185707 38.00725174
v -74.72837067 17.44112968 38.32864761
v -83.56491089 18.22185707 38.00725174
v -83.58042145 17.95428276 38.32864761
v -83.58042145 17.95428276 38.32864761
v -83.56491089 18.22185707 38.00725174
v -92.41695404 18.73501015 38.00725174
v -21.60058594 14.62978649 38.00725174
v -12.74854088 14.11663342 38.00725174
v -21.59077644 14.79901886 37.62463760
v -21.59077644 14.79901886 37.62463760
v -12.74854088 14.11663342 38.00725174
v -12.73873043 14.28586578 37.62463760
v -21.59077644 14.79901886 37.62463760
v -12.73873043 14.28586578 37.62463760
v -3.88332820 13.83060551 37.21018982
v -39.32019043 15.38851833 38.32864761
v -39.30467987 15.65609169 38.00725174
v -48.15672302 16.16924477 38.00725174
v -48.15672302 16.16924477 38.00725174
v -39.30467987 15.65609169 38.00725174
v -48.14691162 16.33847809 37.62463760
v -48.15672302 16.16924477 38.00725174
v -48.14691162 16.33847809 37.62463760
v -56.99895859 16.85163116 37.62463760
v -56.99895859 16.85163116 37.62463760
v -48.14691162 16.33847809 37.62463760
v -101.25582886 19.47528839 37.21018982
v -48.14691162 16.33847809 37.62463760
v -39.30467987 15.65609169 38.00725174
v -39.29486847 15.82532501 37.62463760
v -92.40714264 18.90424156 37.62463760
v -92.41695404 18.73501015 38.00725174
v -83.56491089 18.22185707 38.00725174
v -92.40714264 18.90424156 37.62463760
v -83.56491089 18.22185707 38.00725174
v -83.55509949 18.39108849 37.62463760
v -83.55509949 18.39108849 37.62463760
v -83.56491089 18.22185707 38.00725174
v -74.71286011 17.70870399 38.00725174
v -3.88332820 13.83060551 37.21018982
v -30.44282150 15.31217194 37.62463760
v -21.59077644 14.79901886 37.62463760
v -21.59077644 14.79901886 37.62463760
v -30.44282150 15.31217194 37.62463760
v -21.60058594 14.62978649 38.00725174
f 1 2 3
f 4 5 6
f 7 8 9
f 10 11 12
f 13 14 15
f 16 17 18
f 19 20 21
f 22 23 24
f 25 26 27
f 28 29 30
f 31 32 33
f 34 35 36
f 37 38 39
f 40 41 42
f 43 44 45
f 46 47 48
f 49 50 51
f 52 53 54
f 55 56 57
f 58 59 60
f 61 62 63
f 64 65 66
f 67 68 69
f 70 71 72
f 73 74 75
f 76 77 78
f 79 80 81
f 82 83 84
f 85 86 87
f 88 89 90
f 91 92 93
f 94 95 96
f 97 98 99
f 100 101 102
f 103 104 105
f 106 107 108
f 109 110 111
f 112 113 114
f 115 116 117
f 118 119 120
f 121 122 123
f 124 125 126
f 127 128 129
f 130 131 132
f 133 134 135
f 136 137 138
f 139 140 141
f 142 143 144
f 145 146 147
f 148 149 150
f 151 152 153
f 154 155 156
f 157 158 159
f 160 161 162
f 163 164 165
f 166 167 168
f 169 170 171
f 172 173 174
f 175 176 177
f 178 179 180
f 181 182 183
f 184 185 186
f 187 188 189
f 190 191 192
f 193 194 195
f 196 197 198
f 199 200 201
f 202 203 204
f 205 206 207
f 208 209 210
f 211 212 213
f 214 215 216
f 217 218 219
f 220 221 222
f 223 224 225
f 226 227 228
f 229 230 231
f 232 233 234
f 235 236 237
f 238 239 240
f 241 242 243
f 244 245 246
f 247 248 249
f 250 251 252
f 253 254 255
f 256 257 258
f 259 260 261
f 262 263 264
f 265 266 267
f 268 269 270
f 271 272 273
f 274 275 276
f 277 278 279
f 280 281 282
f 283 284 285
f 286 287 288
f 289 290 291
f 292 293 294
f 295 296 297
f 298 299 300
f 301 302 303
f 304 305 306
f 307 308 309
f 310 311 312
f 313 314 315
f 316 317 318
f 319 320 321
f 322 323 324
f 325 326 327
f 328 329 330
f 331 332 333
f 334 335 336
f 337 338 339
f 340 341 342
f 343 344 345
f 346 347 348
f 349 350 351
f 352 353 354
f 355 356 357
f 358 359 360
f 361 362 363
f 364 365 366
f 367 368 369
f 370 371 372
f 373 374 375
f 376 377 378
f 379 380 381
f 382 383 384
f 385 386 387
f 388 389 390
f 391 392 393
f 394 395 396
f 397 398 399
f 400 401 402
f 403 404 405
f 406 407 408
f 409 410 411
f 412 413 414
f 415 416 417
f 418 419 420
f 421 422 423
f 424 425 426
f 427 428 429
f 430 431 432
f 433 434 435
f 436 437 438
f 439 440 441
f 442 443 444
f 445 446 447
f 448 449 450
f 451 452 453
f 454 455 456
f 457 458 459
f 460 461 462
f 463 464 465
f 466 467 468
f 469 470 471
f 472 473 474
f 475 476 477
f 478 479 480
f 481 482 483
f 484 485 486
f 487 488 489
f 490 491 492
f 493 494 495
f 496 497 498
f 499 500 501
f 502 503 504
f 505 506 507
f 508 509 510
f 511 512 513
f 514 515 516
f 517 518 519
f 520 521 522
f 523 524 525
f 526 527 528
f 529 530 531
f 532 533 534
f 535 536 537
f 538 539 540
f 541 542 543
f 544 545 546
f 547 548 549
f 550 551 552
f 553 554 555
f 556 557 558
f 559 560 561
f 562 563 564
f 565 566 567
f 568 569 570
f 571 572 573
f 574 575 576
f 577 578 579
f 580 581 582
f 583 584 585
f 586 587 588
f 589 590 591
f 592 593 594
f 595 596 597
f 598 599 600
f 601 602 603
f 604 605 606
f 607 608 609
f 610 611 612
f 613 614 615
f 616 617 618
f 619 620 621
f 622 623 624
f 625 626 627
f 628 629 630
f 631 632 633
f 634 635 636
f 637 638 639
f 640 641 642
f 643 644 645
f 646 647 648
f 649 650 651
f 652 653 654
f 655 656 657
f 658 659 660
f 661 662 663
f 664 665 666
f 667 668 669
f 670 671 672
f 673 674 675
f 676 677 678
f 679 680 681
f 682 683 684
f 685 686 687
f 688 689 690
f 691 692 693
f 694 695 696
f 697 698 699
f 700 701 702
f 703 704 705
f 706 707 708
f 709 710 711
f 712 713 714
f 715 716 717
f 718 719 720
f 721 722 723
f 724 725 726
f 727 728 729
f 730 731 732
f 733 734 735
f 736 737 738
f 739 740 741
f 742 743 744
f 745 746 747
f 748 749 750
f 751 752 753
f 754 755 756
f 757 758 759
f 760 761 762
f 763 764 765
f 766 767 768
f 769 770 771
f 772 773 774
f 775 776 777
f 778 779 780
f 781 782 783
f 784 785 786
f 787 788 789
f 790 791 792
f 793 794 795
f 796 797 798
f 799 800 801
f 802 803 804
f 805 806 807
f 808 809 810
f 811 812 813
f 814 815 816
f 817 818 819
f 820 821 822
f 823 824 825
f 826 827 828
f 829 830 831
f 832 833 834
f 835 836 837
f 838 839 840
f 841 842 843
f 844 845 846
f 847 848 849
f 850 851 852
f 853 854 855
f 856 857 858
f 859 860 861
f 862 863 864
f 865 866 867
f 868 869 870
f 871 872 873
f 874 875 876
f 877 878 879
f 880 881 882
f 883 884 885
f 886 887 888
f 889 890 891
f 892 893 894
f 895 896 897
f 898 899 900
f 901 902 903
f 904 905 906
f 907 908 909
f 910 911 912
f 913 914 915
f 916 917 918
f 919 920 921
f 922 923 924
f 925 926 927
f 928 929 930
f 931 932 933
f 934 935 936
f 937 938 939
f 940 941 942
f 943 944 945
f 946 947 948
f 949 950 951
f 952 953 954
f 955 956 957
f 958 959 960
f 961 962 963
f 964 965 966
f 967 968 969
f 970 971 972
f 973 974 975
f 976 977 978
f 979 980 981
f 982 983 984
f 985 986 987
f 988 989 990
f 991 992 993
f 994 995 996
f 997 998 999
f 1000 1001 1002
f 1003 1004 1005
f 1006 1007 1008
f 1009 1010 1011
f 1012 1013 1014
f 1015 1016 1017
f 1018 1019 1020
f 1021 1022 1023
f 1024 1025 1026
f 1027 1028 1029
f 1030 1031 1032
f 1033 1034 1035
f 1036 1037 1038
f 1039 1040 1041
f 1042 1043 1044
f 1045 1046 1047
f 1048 1049 1050
f 1051 1052 1053
f 1054 1055 1056
f 1057 1058 1059
f 1060 1061 1062
f 1063 1064 1065
f 1066 1067 1068
f 1069 1070 1071
f 1072 1073 1074
f 1075 1076 1077
f 1078 1079 1080
f 1081 1082 1083
f 1084 1085 1086
f 1087 1088 1089
f 1090 1091 1092
f 1093 1094 1095
f 1096 1097 1098
f 1099 1100 1101
f 1102 1103 1104
f 1105 1106 1107
f 1108 1109 1110
f 1111 1112 1113
f 1114 1115 1116
f 1117 1118 1119
f 1120 1121 1122
f 1123 1124 1125
f 1126 1127 1128
f 1129 1130 1131
f 1132 1133 1134
f 1135 1136 1137
f 1138 1139 1140
f 1141 1142 1143
f 1144 1145 1146
f 1147 1148 1149
f 1150 1151 1152
f 1153 1154 1155
f 1156 1157 1158
f 1159 1160 1161
f 1162 1163 1164
f 1165 1166 1167
f 1168 1169 1170
f 1171 1172 1173
f 1174 1175 1176
f 1177 1178 1179
f 1180 1181 1182
f 1183 1184 1185
f 1186 1187 1188
f 1189 1190 1191
f 1192 1193 1194
f 1195 1196 1197
f 1198 1199 1200
f 1201 1202 1203
f 1204 1205 1206
f 1207 1208 1209
f 1210 1211 1212
f 1213 1214 1215
f 1216 1217 1218
f 1219 1220 1221
f 1222 1223 1224
f 1225 1226 1227
f 1228 1229 1230
f 1231 1232 1233
f 1234 1235 1236
f 1237 1238 1239
f 1240 1241 1242
f 1243 1244 1245
f 1246 1247 1248
f 1249 1250 1251
f 1252 1253 1254
f 1255 1256 1257
f 1258 1259 1260
f 1261 1262 1263
f 1264 1265 1266
f 1267 1268 1269
f 1270 1271 1272
f 1273 1274 1275
f 1276 1277 1278
f 1279 1280 1281
f 1282 1283 1284
f 1285 1286 1287
f 1288 1289 1290
f 1291 1292 1293
f 1294 1295 1296
f 1297 1298 1299
f 1300 1301 1302
f 1303 1304 1305
f 1306 1307 1308
f 1309 1310 1311
f 1312 1313 1314
f 1315 1316 1317
f 1318 1319 1320
f 1321 1322 1323
f 1324 1325 1326
f 1327 1328 1329
f 1330 1331 1332
f 1333 1334 1335
f 1336 1337 1338
f 1339 1340 1341
f 1342 1343 1344
f 1345 1346 1347
f 1348 1349 1350
f 1351 1352 1353
f 1354 1355 1356
f 1357 1358 1359
f 1360 1361 1362
f 1363 1364 1365
f 1366 1367 1368
f 1369 1370 1371
f 1372 1373 1374
f 1375 1376 1377
f 1378 1379 1380
f 1381 1382 1383
f 1384 1385 1386
f 1387 1388 1389
f 1390 1391 1392
f 1393 1394 1395
f 1396 1397 1398
f 1399 1400 1401
f 1402 1403 1404
f 1405 1406 1407
f 1408 1409 1410
f 1411 1412 1413
f 1414 1415 1416
f 1417 1418 1419
f 1420 1421 1422
f 1423 1424 1425
f 1426 1427 1428
f 1429 1430 1431
f 1432 1433 1434
f 1435 1436 1437
f 1438 1439 1440
f 1441 1442 1443
f 1444 1445 1446
f 1447 1448 1449
f 1450 1451 1452
f 1453 1454 1455
f 1456 1457 1458
f 1459 1460 1461
f 1462 1463 1464
f 1465 1466 1467
f 1468 1469 1470
f 1471 1472 1473
f 1474 1475 1476
f 1477 1478 1479
f 1480 1481 1482
f 1483 1484 1485
f 1486 1487 1488
f 1489 1490 1491
f 1492 1493 1494
f 1495 1496 1497
f 1498 1499 1500
f 1501 1502 1503
f 1504 1505 1506
f 1507 1508 1509
f 1510 1511 1512
f 1513 1514 1515
f 1516 1517 1518
f 1519 1520 1521
f 1522 1523 1524
f 1525 1526 1527
f 1528 1529 1530
f 1531 1532 1533
f 1534 1535 1536
f 1537 1538 1539
f 1540 1541 1542
f 1543 1544 1545
f 1546 1547 1548
f 1549 1550 1551
f 1552 1553 1554
f 1555 1556 1557
f 1558 1559 1560
f 1561 1562 1563
f 1564 1565 1566
f 1567 1568 1569
f 1570 1571 1572
f 1573 1574 1575
f 1576 1577 1578
f 1579 1580 1581
f 1582 1583 1584
f 1585 1586 1587
f 1588 1589 1590
f 1591 1592 1593
f 1594 1595 1596
f 1597 1598 1599
f 1600 1601 1602
f 1603 1604 1605
f 1606 1607 1608
f 1609 1610 1611
f 1612 1613 1614
f 1615 1616 1617
f 1618 1619 1620
f 1621 1622 1623
f 1624 1625 1626
f 1627 1628 1629
f 1630 1631 1632
f 1633 1634 1635
f 1636 1637 1638
f 1639 1640 1641
f 1642 1643 1644
f 1645 1646 1647
f 1648 1649 1650
f 1651 1652 1653
f 1654 1655 1656
f 1657 1658 1659
f 1660 1661 1662
f 1663 1664 1665
f 1666 1667 1668
f 1669 1670 1671
f 1672 1673 1674
f 1675 1676 1677
f 1678 1679 1680
f 1681 1682 1683
f 1684 1685 1686
f 1687 1688 1689
f 1690 1691 1692
f 1693 1694 1695
f 1696 1697 1698
f 1699 1700 1701
f 1702 1703 1704
f 1705 1706 1707
f 1708 1709 1710
f 1711 1712 1713
f 1714 1715 1716
f 1717 1718 1719
f 1720 1721 1722
f 1723 1724 1725
f 1726 1727 1728
f 1729 1730 1731
f 1732 1733 1734
f 1735 1736 1737
f 1738 1739 1740
f 1741 1742 1743
f 1744 1745 1746
f 1747 1748 1749
f 1750 1751 1752
f 1753 1754 1755
f 1756 1757 1758
f 1759 1760 1761
f 1762 1763 1764
f 1765 1766 1767
f 1768 1769 1770
f 1771 1772 1773
f 1774 1775 1776
f 1777 1778 1779
f 1780 1781 1782
f 1783 1784 1785
f 1786 1787 1788
f 1789 1790 1791
f 1792 1793 1794
f 1795 1796 1797
f 1798 1799 1800
f 1801 1802 1803
f 1804 1805 1806
f 1807 1808 1809
f 1810 1811 1812
f 1813 1814 1815
f 1816 1817 1818
f 1819 1820 1821
f 1822 1823 1824
f 1825 1826 1827
f 1828 1829 1830
f 1831 1832 1833
f 1834 1835 1836
f 1837 1838 1839
f 1840 1841 1842
f 1843 1844 1845
f 1846 1847 1848
f 1849 1850 1851
f 1852 1853 1854
f 1855 1856 1857
f 1858 1859 1860
f 1861 1862 1863
f 1864 1865 1866
f 1867 1868 1869
f 1870 1871 1872
f 1873 1874 1875
f 1876 1877 1878
f 1879 1880 1881
f 1882 1883 1884
f 1885 1886 1887
f 1888 1889 1890
f 1891 1892 1893
f 1894 1895 1896
f 1897 1898 1899
f 1900 1901 1902
f 1903 1904 1905
f 1906 1907 1908
f 1909 1910 1911
f 1912 1913 1914
f 1915 1916 1917
f 1918 1919 1920
f 1921 1922 1923
f 1924 1925 1926
f 1927 1928 1929
f 1930 1931 1932
f 1933 1934 1935
f 1936 1937 1938
f 1939 1940 1941
f 1942 1943 1944
f 1945 1946 1947
f 1948 1949 1950
f 1951 1952 1953
f 1954 1955 1956
f 1957 1958 1959
f 1960 1961 1962
f 1963 1964 1965
f 1966 1967 1968
f 1969 1970 1971
f 1972 1973 1974
f 1975 1976 1977
f 1978 1979 1980
f 1981 1982 1983
f 1984 1985 1986
f 1987 1988 1989
f 1990 1991 1992
f 1993 1994 1995
f 1996 1997 1998
f 1999 2000 2001
f 2002 2003 2004
f 2005 2006 2007
f 2008 2009 2010
f 2011 2012 2013
f 2014 2015 2016
f 2017 2018 2019
f 2020 2021 2022
f 2023 2024 2025
f 2026 2027 2028
f 2029 2030 2031
f 2032 2033 2034
f 2035 2036 2037
f 2038 2039 2040
f 2041 2042 2043
f 2044 2045 2046
f 2047 2048 2049
f 2050 2051 2052
f 2053 2054 2055
f 2056 2057 2058
f 2059 2060 2061
f 2062 2063 2064
f 2065 2066 2067
f 2068 2069 2070
f 2071 2072 2073
f 2074 2075 2076
f 2077 2078 2079
f 2080 2081 2082
f 2083 2084 2085
f 2086 2087 2088
f 2089 2090 2091
f 2092 2093 2094
f 2095 2096 2097
f 2098 2099 2100
f 2101 2102 2103
f 2104 2105 2106
f 2107 2108 2109
f 2110 2111 2112
f 2113 2114 2115
f 2116 2117 2118
f 2119 2120 2121
f 2122 2123 2124
f 2125 2126 2127
f 2128 2129 2130
f 2131 2132 2133
f 2134 2135 2136
f 2137 2138 2139
f 2140 2141 2142
f 2143 2144 2145
f 2146 2147 2148
f 2149 2150 2151
f 2152 2153 2154
f 2155 2156 2157
f 2158 2159 2160
f 2161 2162 2163
f 2164 2165 2166
f 2167 2168 2169
f 2170 2171 2172
f 2173 2174 2175
f 2176 2177 2178
f 2179 2180 2181
f 2182 2183 2184
f 2185 2186 2187
f 2188 2189 2190
f 2191 2192 2193
f 2194 2195 2196
f 2197 2198 2199
f 2200 2201 2202
f 2203 2204 2205
f 2206 2207 2208
f 2209 2210 2211
f 2212 2213 2214
f 2215 2216 2217
f 2218 2219 2220
f 2221 2222 2223
f 2224 2225 2226
f 2227 2228 2229
f 2230 2231 2232
f 2233 2234 2235
f 2236 2237 2238
f 2239 2240 2241
f 2242 2243 2244
f 2245 2246 2247
f 2248 2249 2250
f 2251 2252 2253
f 2254 2255 2256
f 2257 2258 2259
f 2260 2261 2262
f 2263 2264 2265
f 2266 2267 2268
f 2269 2270 2271
f 2272 2273 2274
f 2275 2276 2277
f 2278 2279 2280
f 2281 2282 2283
f 2284 2285 2286
f 2287 2288 2289
f 2290 2291 2292
f 2293 2294 2295
f 2296 2297 2298
f 2299 2300 2301
f 2302 2303 2304
f 2305 2306 2307
f 2308 2309 2310
f 2311 2312 2313
f 2314 2315 2316
f 2317 2318 2319
f 2320 2321 2322
f 2323 2324 2325
f 2326 2327 2328
f 2329 2330 2331
f 2332 2333 2334
f 2335 2336 2337
f 2338 2339 2340
f 2341 2342 2343
f 2344 2345 2346
f 2347 2348 2349
f 2350 2351 2352
f 2353 2354 2355
f 2356 2357 2358
f 2359 2360 2361
f 2362 2363 2364
f 2365 2366 2367
f 2368 2369 2370
f 2371 2372 2373
f 2374 2375 2376
f 2377 2378 2379
f 2380 2381 2382
f 2383 2384 2385
f 2386 2387 2388
f 2389 2390 2391
f 2392 2393 2394
f 2395 2396 2397
f 2398 2399 2400
f 2401 2402 2403
f 2404 2405 2406
f 2407 2408 2409
f 2410 2411 2412
f 2413 2414 2415
f 2416 2417 2418
f 2419 2420 2421
f 2422 2423 2424
f 2425 2426 2427
f 2428 2429 2430
f 2431 2432 2433
f 2434 2435 2436
f 2437 2438 2439
f 2440 2441 2442
f 2443 2444 2445
f 2446 2447 2448
f 2449 2450 2451
f 2452 2453 2454
f 2455 2456 2457
f 2458 2459 2460
f 2461 2462 2463
f 2464 2465 2466
f 2467 2468 2469
f 2470 2471 2472
f 2473 2474 2475
f 2476 2477 2478
f 2479 2480 2481
f 2482 2483 2484
f 2485 2486 2487
f 2488 2489 2490
f 2491 2492 2493
f 2494 2495 2496
f 2497 2498 2499
f 2500 2501 2502
f 2503 2504 2505
f 2506 2507 2508
f 2509 2510 2511
f 2512 2513 2514
f 2515 2516 2517
f 2518 2519 2520
f 2521 2522 2523
f 2524 2525 2526
f 2527 2528 2529
f 2530 2531 2532
f 2533 2534 2535
f 2536 2537 2538
f 2539 2540 2541
f 2542 2543 2544
f 2545 2546 2547
f 2548 2549 2550
f 2551 2552 2553
f 2554 2555 2556
f 2557 2558 2559
f 2560 2561 2562
f 2563 2564 2565
f 2566 2567 2568
f 2569 2570 2571
f 2572 2573 2574
f 2575 2576 2577
f 2578 2579 2580
f 2581 2582 2583
f 2584 2585 2586
f 2587 2588 2589
f 2590 2591 2592
f 2593 2594 2595
f 2596 2597 2598
f 2599 2600 2601
f 2602 2603 2604
f 2605 2606 2607
f 2608 2609 2610
f 2611 2612 2613
f 2614 2615 2616
f 2617 2618 2619
f 2620 2621 2622
f 2623 2624 2625
f 2626 2627 2628
f 2629 2630 2631
f 2632 2633 2634
f 2635 2636 2637
f 2638 2639 2640
f 2641 2642 2643
f 2644 2645 2646
f 2647 2648 2649
f 2650 2651 2652
f 2653 2654 2655
f 2656 2657 2658
f 2659 2660 2661
f 2662 2663 2664
f 2665 2666 2667
f 2668 2669 2670
f 2671 2672 2673
f 2674 2675 2676
f 2677 2678 2679
f 2680 2681 2682
f 2683 2684 2685
f 2686 2687 2688
f 2689 2690 2691
f 2692 2693 2694
f 2695 2696 2697
f 2698 2699 2700
f 2701 2702 2703
f 2704 2705 2706
f 2707 2708 2709
f 2710 2711 2712
f 2713 2714 2715
f 2716 2717 2718
f 2719 2720 2721
f 2722 2723 2724
f 2725 2726 2727
f 2728 2729 2730
f 2731 2732 2733
f 2734 2735 2736
f 2737 2738 2739
f 2740 2741 2742
f 2743 2744 2745
f 2746 2747 2748
f 2749 2750 2751
f 2752 2753 2754
f 2755 2756 2757
f 2758 2759 2760
f 2761 2762 2763
f 2764 2765 2766
f 2767 2768 2769
f 2770 2771 2772
f 2773 2774 2775
f 2776 2777 2778
f 2779 2780 2781
f 2782 2783 2784
f 2785 2786 2787
f 2788 2789 2790
f 2791 2792 2793
f 2794 2795 2796
f 2797 2798 2799
f 2800 2801 2802
f 2803 2804 2805
f 2806 2807 2808
f 2809 2810 2811
f 2812 2813 2814
f 2815 2816 2817
f 2818 2819 2820
f 2821 2822 2823
f 2824 2825 2826
f 2827 2828 2829
f 2830 2831 2832
f 2833 2834 2835
f 2836 2837 2838
f 2839 2840 2841
f 2842 2843 2844
f 2845 2846 2847
f 2848 2849 2850
f 2851 2852 2853
f 2854 2855 2856
f 2857 2858 2859
f 2860 2861 2862
f 2863 2864 2865
f 2866 2867 2868
f 2869 2870 2871
f 2872 2873 2874
f 2875 2876 2877
f 2878 2879 2880
f 2881 2882 2883
f 2884 2885 2886
f 2887 2888 2889
f 2890 2891 2892
f 2893 2894 2895
f 2896 2897 2898
f 2899 2900 2901
f 2902 2903 2904
f 2905 2906 2907
f 2908 2909 2910
f 2911 2912 2913
f 2914 2915 2916
f 2917 2918 2919
f 2920 2921 2922
f 2923 2924 2925
f 2926 2927 2928
f 2929 2930 2931
f 2932 2933 2934
f 2935 2936 2937
f 2938 2939 2940
f 2941 2942 2943
f 2944 2945 2946
f 2947 2948 2949
f 2950 2951 2952
f 2953 2954 2955
f 2956 2957 2958
f 2959 2960 2961
f 2962 2963 2964
f 2965 2966 2967
f 2968 2969 2970
f 2971 2972 2973
f 2974 2975 2976
f 2977 2978 2979
f 2980 2981 2982
f 2983 2984 2985
f 2986 2987 2988
f 2989 2990 2991
f 2992 2993 2994
f 2995 2996 2997
f 2998 2999 3000
f 3001 3002 3003
f 3004 3005 3006
f 3007 3008 3009
f 3010 3011 3012
f 3013 3014 3015
f 3016 3017 3018
f 3019 3020 3021
f 3022 3023 3024
f 3025 3026 3027
f 3028 3029 3030
f 3031 3032 3033
f 3034 3035 3036
f 3037 3038 3039
f 3040 3041 3042
f 3043 3044 3045
f 3046 3047 3048
f 3049 3050 3051
f 3052 3053 3054
f 3055 3056 3057
f 3058 3059 3060
f 3061 3062 3063
f 3064 3065 3066
f 3067 3068 3069
f 3070 3071 3072
f 3073 3074 3075
f 3076 3077 3078
f 3079 3080 3081
f 3082 3083 3084
f 3085 3086 3087
f 3088 3089 3090
f 3091 3092 3093
f 3094 3095 3096
f 3097 3098 3099
f 3100 3101 3102
f 3103 3104 3105
f 3106 3107 3108
f 3109 3110 3111
f 3112 3113 3114
f 3115 3116 3117
f 3118 3119 3120
f 3121 3122 3123
f 3124 3125 3126
f 3127 3128 3129
f 3130 3131 3132
f 3133 3134 3135
f 3136 3137 3138
f 3139 3140 3141
f 3142 3143 3144
f 3145 3146 3147
f 3148 3149 3150
f 3151 3152 3153
f 3154 3155 3156
f 3157 3158 3159
f 3160 3161 3162
f 3163 3164 3165
f 3166 3167 3168
f 3169 3170 3171
f 3172 3173 3174
f 3175 3176 3177
f 3178 3179 3180
f 3181 3182 3183
f 3184 3185 3186
f 3187 3188 3189
f 3190 3191 3192
f 3193 3194 3195
f 3196 3197 3198
f 3199 3200 3201
f 3202 3203 3204
f 3205 3206 3207
f 3208 3209 3210
f 3211 3212 3213
f 3214 3215 3216
f 3217 3218 3219
f 3220 3221 3222
f 3223 3224 3225
f 3226 3227 3228
f 3229 3230 3231
f 3232 3233 3234
f 3235 3236 3237
f 3238 3239 3240
f 3241 3242 3243
f 3244 3245 3246
f 3247 3248 3249
f 3250 3251 3252
f 3253 3254 3255
f 3256 3257 3258
f 3259 3260 3261
f 3262 3263 3264
f 3265 3266 3267
f 3268 3269 3270
f 3271 3272 3273
f 3274 3275 3276
f 3277 3278 3279
f 3280 3281 3282
f 3283 3284 3285
f 3286 3287 3288
f 3289 3290 3291
f 3292 3293 3294
f 3295 3296 3297
f 3298 3299 3300
f 3301 3302 3303
f 3304 3305 3306
f 3307 3308 3309
f 3310 3311 3312
f 3313 3314 3315
f 3316 3317 3318
f 3319 3320 3321
f 3322 3323 3324
f 3325 3326 3327
f 3328 3329 3330
f 3331 3332 3333
f 3334 3335 3336
f 3337 3338 3339
f 3340 3341 3342
f 3343 3344 3345
f 3346 3347 3348
f 3349 3350 3351
f 3352 3353 3354
f 3355 3356 3357
f 3358 3359 3360
f 3361 3362 3363
f 3364 3365 3366
f 3367 3368 3369
f 3370 3371 3372
f 3373 3374 3375
f 3376 3377 3378
f 3379 3380 3381
f 3382 3383 3384
f 3385 3386 3387
f 3388 3389 3390
f 3391 3392 3393
f 3394 3395 3396
f 3397 3398 3399
f 3400 3401 3402
f 3403 3404 3405
f 3406 3407 3408
f 3409 3410 3411
f 3412 3413 3414
f 3415 3416 3417
f 3418 3419 3420
f 3421 3422 3423
f 3424 3425 3426
f 3427 3428 3429
f 3430 3431 3432
f 3433 3434 3435
f 3436 3437 3438
f 3439 3440 3441
f 3442 3443 3444
f 3445 3446 3447
f 3448 3449 3450
f 3451 3452 3453
f 3454 3455 3456
f 3457 3458 3459
f 3460 3461 3462
f 3463 3464 3465
f 3466 3467 3468
f 3469 3470 3471
f 3472 3473 3474
f 3475 3476 3477
f 3478 3479 3480
f 3481 3482 3483
f 3484 3485 3486
f 3487 3488 3489
f 3490 3491 3492
f 3493 3494 3495
f 3496 3497 3498
f 3499 3500 3501
f 3502 3503 3504
f 3505 3506 3507
f 3508 3509 3510
f 3511 3512 3513
f 3514 3515 3516
f 3517 3518 3519
f 3520 3521 3522
f 3523 3524 3525
f 3526 3527 3528
f 3529 3530 3531
f 3532 3533 3534
f 3535 3536 3537
f 3538 3539 3540
f 3541 3542 3543
f 3544 3545 3546
f 3547 3548 3549
f 3550 3551 3552
f 3553 3554 3555
f 3556 3557 3558
f 3559 3560 3561
f 3562 3563 3564
f 3565 3566 3567
f 3568 3569 3570
f 3571 3572 3573
f 3574 3575 3576
f 3577 3578 3579
f 3580 3581 3582
f 3583 3584 3585
f 3586 3587 3588
f 3589 3590 3591
f 3592 3593 3594
f 3595 3596 3597
f 3598 3599 3600
f 3601 3602 3603
f 3604 3605 3606
f 3607 3608 3609
f 3610 3611 3612
f 3613 3614 3615
f 3616 3617 3618
f 3619 3620 3621
f 3622 3623 3624
f 3625 3626 3627
f 3628 3629 3630
f 3631 3632 3633
f 3634 3635 3636
f 3637 3638 3639
f 3640 3641 3642
f 3643 3644 3645
f 3646 3647 3648
f 3649 3650 3651
f 3652 3653 3654
f 3655 3656 3657
f 3658 3659 3660
f 3661 3662 3663
f 3664 3665 3666
f 3667 3668 3669
f 3670 3671 3672
f 3673 3674 3675
f 3676 3677 3678
f 3679 3680 3681
f 3682 3683 3684
f 3685 3686 3687
f 3688 3689 3690
f 3691 3692 3693
f 3694 3695 3696
f 3697 3698 3699
f 3700 3701 3702
f 3703 3704 3705
f 3706 3707 3708
f 3709 3710 3711
f 3712 3713 3714
f 3715 3716 3717
f 3718 3719 3720
f 3721 3722 3723
f 3724 3725 3726
f 3727 3728 3729
f 3730 3731 3732
f 3733 3734 3735
f 3736 3737 3738
f 3739 3740 3741
f 3742 3743 3744
f 3745 3746 3747
f 3748 3749 3750
f 3751 3752 3753
f 3754 3755 3756
f 3757 3758 3759
f 3760 3761 3762
f 3763 3764 3765
f 3766 3767 3768
f 3769 3770 3771
f 3772 3773 3774
f 3775 3776 3777
f 3778 3779 3780
f 3781 3782 3783
f 3784 3785 3786
f 3787 3788 3789
f 3790 3791 3792
f 3793 3794 3795
f 3796 3797 3798
f 3799 3800 3801
f 3802 3803 3804
f 3805 3806 3807
f 3808 3809 3810
f 3811 3812 3813
f 3814 3815 3816
f 3817 3818 3819
f 3820 3821 3822
f 3823 3824 3825
f 3826 3827 3828
f 3829 3830 3831
f 3832 3833 3834
f 3835 3836 3837
f 3838 3839 3840
f 3841 3842 3843
f 3844 3845 3846
f 3847 3848 3849
f 3850 3851 3852
f 3853 3854 3855
f 3856 3857 3858
f 3859 3860 3861
f 3862 3863 3864
f 3865 3866 3867
f 3868 3869 3870
f 3871 3872 3873
f 3874 3875 3876
f 3877 3878 3879
f 3880 3881 3882
f 3883 3884 3885
f 3886 3887 3888
f 3889 3890 3891
f 3892 3893 3894
f 3895 3896 3897
f 3898 3899 3900
f 3901 3902 3903
f 3904 3905 3906
f 3907 3908 3909
f 3910 3911 3912
f 3913 3914 3915
f 3916 3917 3918
f 3919 3920 3921
f 3922 3923 3924
f 3925 3926 3927
f 3928 3929 3930
f 3931 3932 3933
f 3934 3935 3936
f 3937 3938 3939
f 3940 3941 3942
f 3943 3944 3945
f 3946 3947 3948
f 3949 3950 3951
f 3952 3953 3954
f 3955 3956 3957
f 3958 3959 3960
f 3961 3962 3963
f 3964 3965 3966
f 3967 3968 3969
f 3970 3971 3972
f 3973 3974 3975
f 3976 3977 3978
f 3979 3980 3981
f 3982 3983 3984
f 3985 3986 3987
f 3988 3989 3990
f 3991 3992 3993
f 3994 3995 3996
f 3997 3998 3999
f 4000 4001 4002
f 4003 4004 4005
f 4006 4007 4008
f 4009 4010 4011
f 4012 4013 4014
f 4015 4016 4017
f 4018 4019 4020
f 4021 4022 4023
f 4024 4025 4026
f 4027 4028 4029
f 4030 4031 4032
f 4033 4034 4035
f 4036 4037 4038
f 4039 4040 4041
f 4042 4043 4044
f 4045 4046 4047
f 4048 4049 4050
f 4051 4052 4053
f 4054 4055 4056
f 4057 4058 4059
f 4060 4061 4062
f 4063 4064 4065
f 4066 4067 4068
f 4069 4070 4071
f 4072 4073 4074
f 4075 4076 4077
f 4078 4079 4080
f 4081 4082 4083
f 4084 4085 4086
f 4087 4088 4089
f 4090 4091 4092
f 4093 4094 4095
f 4096 4097 4098
f 4099 4100 4101
f 4102 4103 4104
f 4105 4106 4107
f 4108 4109 4110
f 4111 4112 4113
f 4114 4115 4116
f 4117 4118 4119
f 4120 4121 4122
f 4123 4124 4125
f 4126 4127 4128
f 4129 4130 4131
f 4132 4133 4134
f 4135 4136 4137
f 4138 4139 4140
f 4141 4142 4143
f 4144 4145 4146
f 4147 4148 4149
f 4150 4151 4152
f 4153 4154 4155
f 4156 4157 4158
f 4159 4160 4161
f 4162 4163 4164
f 4165 4166 4167
f 4168 4169 4170
f 4171 4172 4173
f 4174 4175 4176
f 4177 4178 4179
f 4180 4181 4182
f 4183 4184 4185
f 4186 4187 4188
f 4189 4190 4191
f 4192 4193 4194
f 4195 4196 4197
f 4198 4199 4200
f 4201 4202 4203
f 4204 4205 4206
f 4207 4208 4209
f 4210 4211 4212
f 4213 4214 4215
f 4216 4217 4218
f 4219 4220 4221
f 4222 4223 4224
f 4225 4226 4227
f 4228 4229 4230
f 4231 4232 4233
f 4234 4235 4236
f 4237 4238 4239
f 4240 4241 4242
f 4243 4244 4245
f 4246 4247 4248
f 4249 4250 4251
f 4252 4253 4254
f 4255 4256 4257
f 4258 4259 4260
f 4261 4262 4263
f 4264 4265 4266
f 4267 4268 4269
f 4270 4271 4272
f 4273 4274 4275
f 4276 4277 4278
f 4279 4280 4281
f 4282 4283 4284
f 4285 4286 4287
f 4288 4289 4290
f 4291 4292 4293
f 4294 4295 4296
f 4297 4298 4299
f 4300 4301 4302
f 4303 4304 4305
f 4306 4307 4308
f 4309 4310 4311
f 4312 4313 4314
f 4315 4316 4317
f 4318 4319 4320
f 4321 4322 4323
f 4324 4325 4326
f 4327 4328 4329
f 4330 4331 4332
f 4333 4334 4335
f 4336 4337 4338
f 4339 4340 4341
f 4342 4343 4344
f 4345 4346 4347
f 4348 4349 4350
f 4351 4352 4353
f 4354 4355 4356
f 4357 4358 4359
f 4360 4361 4362
f 4363 4364 4365
f 4366 4367 4368
f 4369 4370 4371
f 4372 4373 4374
f 4375 4376 4377
f 4378 4379 4380
f 4381 4382 4383
f 4384 4385 4386
f 4387 4388 4389
f 4390 4391 4392
f 4393 4394 4395
f 4396 4397 4398
f 4399 4400 4401
f 4402 4403 4404
f 4405 4406 4407
f 4408 4409 4410
f 4411 4412 4413
f 4414 4415 4416
f 4417 4418 4419
f 4420 4421 4422
f 4423 4424 4425
f 4426 4427 4428
f 4429 4430 4431
f 4432 4433 4434
f 4435 4436 4437
f 4438 4439 4440
f 4441 4442 4443
f 4444 4445 4446
f 4447 4448 4449
f 4450 4451 4452
f 4453 4454 4455
f 4456 4457 4458
f 4459 4460 4461
f 4462 4463 4464
f 4465 4466 4467
f 4468 4469 4470
f 4471 4472 4473
f 4474 4475 4476
f 4477 4478 4479
f 4480 4481 4482
f 4483 4484 4485
f 4486 4487 4488
f 4489 4490 4491
f 4492 4493 4494
f 4495 4496 4497
f 4498 4499 4500
f 4501 4502 4503
f 4504 4505 4506
f 4507 4508 4509
f 4510 4511 4512
f 4513 4514 4515
f 4516 4517 4518
f 4519 4520 4521
f 4522 4523 4524
f 4525 4526 4527
f 4528 4529 4530
f 4531 4532 4533
f 4534 4535 4536
f 4537 4538 4539
f 4540 4541 4542
f 4543 4544 4545
f 4546 4547 4548
f 4549 4550 4551
f 4552 4553 4554
f 4555 4556 4557
f 4558 4559 4560
f 4561 4562 4563
f 4564 4565 4566
f 4567 4568 4569
f 4570 4571 4572
f 4573 4574 4575
f 4576 4577 4578
f 4579 4580 4581
f 4582 4583 4584
f 4585 4586 4587
f 4588 4589 4590
f 4591 4592 4593
f 4594 4595 4596
f 4597 4598 4599
f 4600 4601 4602
f 4603 4604 4605
f 4606 4607 4608
f 4609 4610 4611
f 4612 4613 4614
f 4615 4616 4617
f 4618 4619 4620
f 4621 4622 4623
f 4624 4625 4626
f 4627 4628 4629
f 4630 4631 4632
f 4633 4634 4635
f 4636 4637 4638
f 4639 4640 4641
f 4642 4643 4644
f 4645 4646 4647
f 4648 4649 4650
f 4651 4652 4653
f 4654 4655 4656
f 4657 4658 4659
f 4660 4661 4662
f 4663 4664 4665
f 4666 4667 4668
f 4669 4670 4671
f 4672 4673 4674
f 4675 4676 4677
f 4678 4679 4680
f 4681 4682 4683
f 4684 4685 4686
f 4687 4688 4689
f 4690 4691 4692
f 4693 4694 4695
f 4696 4697 4698
f 4699 4700 4701
f 4702 4703 4704
f 4705 4706 4707
f 4708 4709 4710
f 4711 4712 4713
f 4714 4715 4716
f 4717 4718 4719
f 4720 4721 4722
f 4723 4724 4725
f 4726 4727 4728
f 4729 4730 4731
f 4732 4733 4734
f 4735 4736 4737
f 4738 4739 4740
f 4741 4742 4743
f 4744 4745 4746
f 4747 4748 4749
f 4750 4751 4752
f 4753 4754 4755
f 4756 4757 4758
f 4759 4760 4761
f 4762 4763 4764
f 4765 4766 4767
f 4768 4769 4770
f 4771 4772 4773
f 4774 4775 4776
f 4777 4778 4779
f 4780 4781 4782
f 4783 4784 4785
f 4786 4787 4788
f 4789 4790 4791
f 4792 4793 4794
f 4795 4796 4797
f 4798 4799 4800
f 4801 4802 4803
f 4804 4805 4806
f 4807 4808 4809
f 4810 4811 4812
f 4813 4814 4815
f 4816 4817 4818
f 4819 4820 4821
f 4822 4823 4824
f 4825 4826 4827
f 4828 4829 4830
f 4831 4832 4833
f 4834 4835 4836
f 4837 4838 4839
f 4840 4841 4842
f 4843 4844 4845
f 4846 4847 4848
f 4849 4850 4851
f 4852 4853 4854
f 4855 4856 4857
f 4858 4859 4860
f 4861 4862 4863
f 4864 4865 4866
f 4867 4868 4869
f 4870 4871 4872
f 4873 4874 4875
f 4876 4877 4878
f 4879 4880 4881
f 4882 4883 4884
f 4885 4886 4887
f 4888 4889 4890
f 4891 4892 4893
f 4894 4895 4896
f 4897 4898 4899
f 4900 4901 4902
f 4903 4904 4905
f 4906 4907 4908
f 4909 4910 4911
f 4912 4913 4914
f 4915 4916 4917
f 4918 4919 4920
f 4921 4922 4923
f 4924 4925 4926
f 4927 4928 4929
f 4930 4931 4932
f 4933 4934 4935
f 4936 4937 4938
f 4939 4940 4941
f 4942 4943 4944
f 4945 4946 4947
f 4948 4949 4950
f 4951 4952 4953
f 4954 4955 4956
f 4957 4958 4959
f 4960 4961 4962
f 4963 4964 4965
f 4966 4967 4968
f 4969 4970 4971
f 4972 4973 4974
f 4975 4976 4977
f 4978 4979 4980
f 4981 4982 4983
f 4984 4985 4986
f 4987 4988 4989
f 4990 4991 4992
f 4993 4994 4995
f 4996 4997 4998
f 4999 5000 5001
f 5002 5003 5004
f 5005 5006 5007
f 5008 5009 5010
f 5011 5012 5013
f 5014 5015 5016
f 5017 5018 5019
f 5020 5021 5022
f 5023 5024 5025
f 5026 5027 5028
f 5029 5030 5031
f 5032 5033 5034
f 5035 5036 5037
f 5038 5039 5040
f 5041 5042 5043
f 5044 5045 5046
f 5047 5048 5049
f 5050 5051 5052
f 5053 5054 5055
f 5056 5057 5058
f 5059 5060 5061
f 5062 5063 5064
f 5065 5066 5067
f 5068 5069 5070
f 5071 5072 5073
f 5074 5075 5076
f 5077 5078 5079
f 5080 5081 5082
f 5083 5084 5085
f 5086 5087 5088
f 5089 5090 5091
f 5092 5093 5094
f 5095 5096 5097
f 5098 5099 5100
f 5101 5102 5103
f 5104 5105 5106
f 5107 5108 5109
f 5110 5111 5112
f 5113 5114 5115
f 5116 5117 5118
f 5119 5120 5121
f 5122 5123 5124
f 5125 5126 5127
f 5128 5129 5130
f 5131 5132 5133
f 5134 5135 5136
f 5137 5138 5139
f 5140 5141 5142
f 5143 5144 5145
f 5146 5147 5148
f 5149 5150 5151
f 5152 5153 5154
f 5155 5156 5157
f 5158 5159 5160
f 5161 5162 5163
f 5164 5165 5166
f 5167 5168 5169
f 5170 5171 5172
f 5173 5174 5175
f 5176 5177 5178
f 5179 5180 5181
f 5182 5183 5184
f 5185 5186 5187
f 5188 5189 5190
f 5191 5192 5193
f 5194 5195 5196
f 5197 5198 5199
f 5200 5201 5202
f 5203 5204 5205
f 5206 5207 5208
f 5209 5210 5211
f 5212 5213 5214
f 5215 5216 5217
f 5218 5219 5220
f 5221 5222 5223
f 5224 5225 5226
f 5227 5228 5229
f 5230 5231 5232
f 5233 5234 5235
f 5236 5237 5238
f 5239 5240 5241
f 5242 5243 5244
f 5245 5246 5247
f 5248 5249 5250
f 5251 5252 5253
f 5254 5255 5256
f 5257 5258 5259
f 5260 5261 5262
f 5263 5264 5265
f 5266 5267 5268
f 5269 5270 5271
f 5272 5273 5274
f 5275 5276 5277
f 5278 5279 5280
f 5281 5282 5283
f 5284 5285 5286
f 5287 5288 5289
f 5290 5291 5292
f 5293 5294 5295
f 5296 5297 5298
f 5299 5300 5301
f 5302 5303 5304
f 5305 5306 5307
f 5308 5309 5310
f 5311 5312 5313
f 5314 5315 5316
f 5317 5318 5319
f 5320 5321 5322
f 5323 5324 5325
f 5326 5327 5328
f 5329 5330 5331
f 5332 5333 5334
f 5335 5336 5337
f 5338 5339 5340
f 5341 5342 5343
f 5344 5345 5346
f 5347 5348 5349
f 5350 5351 5352
f 5353 5354 5355
f 5356 5357 5358
f 5359 5360 5361
f 5362 5363 5364
f 5365 5366 5367
f 5368 5369 5370
f 5371 5372 5373
f 5374 5375 5376
f 5377 5378 5379
f 5380 5381 5382
f 5383 5384 5385
f 5386 5387 5388
f 5389 5390 5391
f 5392 5393 5394
f 5395 5396 5397
f 5398 5399 5400
f 5401 5402 5403
f 5404 5405 5406
f 5407 5408 5409
f 5410 5411 5412
f 5413 5414 5415
f 5416 5417 5418
f 5419 5420 5421
f 5422 5423 5424
f 5425 5426 5427
f 5428 5429 5430
f 5431 5432 5433
f 5434 5435 5436
f 5437 5438 5439
f 5440 5441 5442
f 5443 5444 5445
f 5446 5447 5448
f 5449 5450 5451
f 5452 5453 5454
f 5455 5456 5457
f 5458 5459 5460
f 5461 5462 5463
f 5464 5465 5466
f 5467 5468 5469
f 5470 5471 5472
f 5473 5474 5475
f 5476 5477 5478
f 5479 5480 5481
f 5482 5483 5484
f 5485 5486 5487
f 5488 5489 5490
f 5491 5492 5493
f 5494 5495 5496
f 5497 5498 5499
f 5500 5501 5502
f 5503 5504 5505
f 5506 5507 5508
f 5509 5510 5511
f 5512 5513 5514
f 5515 5516 5517
f 5518 5519 5520
f 5521 5522 5523
f 5524 5525 5526
f 5527 5528 5529
f 5530 5531 5532
f 5533 5534 5535
f 5536 5537 5538
f 5539 5540 5541
f 5542 5543 5544
f 5545 5546 5547
f 5548 5549 5550
f 5551 5552 5553
f 5554 5555 5556
f 5557 5558 5559
f 5560 5561 5562
f 5563 5564 5565
f 5566 5567 5568
f 5569 5570 5571
f 5572 5573 5574
f 5575 5576 5577
f 5578 5579 5580
f 5581 5582 5583
f 5584 5585 5586
f 5587 5588 5589
f 5590 5591 5592
f 5593 5594 5595
f 5596 5597 5598
f 5599 5600 5601
f 5602 5603 5604
f 5605 5606 5607
f 5608 5609 5610
f 5611 5612 5613
f 5614 5615 5616
f 5617 5618 5619
f 5620 5621 5622
f 5623 5624 5625
f 5626 5627 5628
f 5629 5630 5631
f 5632 5633 5634
f 5635 5636 5637
f 5638 5639 5640
f 5641 5642 5643
f 5644 5645 5646
f 5647 5648 5649
f 5650 5651 5652
f 5653 5654 5655
f 5656 5657 5658
f 5659 5660 5661
f 5662 5663 5664
f 5665 5666 5667
f 5668 5669 5670
f 5671 5672 5673
f 5674 5675 5676
f 5677 5678 5679
f 5680 5681 5682
f 5683 5684 5685
f 5686 5687 5688
f 5689 5690 5691
f 5692 5693 5694
f 5695 5696 5697
f 5698 5699 5700
f 5701 5702 5703
f 5704 5705 5706
f 5707 5708 5709
f 5710 5711 5712
f 5713 5714 5715
f 5716 5717 5718
f 5719 5720 5721
f 5722 5723 5724
f 5725 5726 5727
f 5728 5729 5730
f 5731 5732 5733
f 5734 5735 5736
f 5737 5738 5739
f 5740 5741 5742
f 5743 5744 5745
f 5746 5747 5748
f 5749 5750 5751
f 5752 5753 5754
f 5755 5756 5757
f 5758 5759 5760
f 5761 5762 5763
f 5764 5765 5766
f 5767 5768 5769
f 5770 5771 5772
f 5773 5774 5775
f 5776 5777 5778
f 5779 5780 5781
f 5782 5783 5784
f 5785 5786 5787
f 5788 5789 5790
f 5791 5792 5793
f 5794 5795 5796
f 5797 5798 5799
f 5800 5801 5802
f 5803 5804 5805
f 5806 5807 5808
f 5809 5810 5811
f 5812 5813 5814
f 5815 5816 5817
f 5818 5819 5820
f 5821 5822 5823
f 5824 5825 5826
f 5827 5828 5829
f 5830 5831 5832
f 5833 5834 5835
f 5836 5837 5838
f 5839 5840 5841
f 5842 5843 5844
f 5845 5846 5847
f 5848 5849 5850
f 5851 5852 5853
f 5854 5855 5856
f 5857 5858 5859
f 5860 5861 5862
f 5863 5864 5865
f 5866 5867 5868
f 5869 5870 5871
f 5872 5873 5874
f 5875 5876 5877
f 5878 5879 5880
f 5881 5882 5883
f 5884 5885 5886
f 5887 5888 5889
f 5890 5891 5892
f 5893 5894 5895
f 5896 5897 5898
f 5899 5900 5901
f 5902 5903 5904
f 5905 5906 5907
f 5908 5909 5910
f 5911 5912 5913
f 5914 5915 5916
f 5917 5918 5919
f 5920 5921 5922
f 5923 5924 5925
f 5926 5927 5928
f 5929 5930 5931
f 5932 5933 5934
f 5935 5936 5937
f 5938 5939 5940
f 5941 5942 5943
f 5944 5945 5946
f 5947 5948 5949
f 5950 5951 5952
f 5953 5954 5955
f 5956 5957 5958
f 5959 5960 5961
f 5962 5963 5964
f 5965 5966 5967
f 5968 5969 5970
f 5971 5972 5973
f 5974 5975 5976
f 5977 5978 5979
f 5980 5981 5982
f 5983 5984 5985
f 5986 5987 5988
f 5989 5990 5991
f 5992 5993 5994
f 5995 5996 5997
f 5998 5999 6000
f 6001 6002 6003
f 6004 6005 6006
f 6007 6008 6009
f 6010 6011 6012
f 6013 6014 6015
f 6016 6017 6018
f 6019 6020 6021
f 6022 6023 6024
f 6025 6026 6027
f 6028 6029 6030
f 6031 6032 6033
f 6034 6035 6036
f 6037 6038 6039
f 6040 6041 6042
f 6043 6044 6045
f 6046 6047 6048
f 6049 6050 6051
f 6052 6053 6054
f 6055 6056 6057
f 6058 6059 6060
f 6061 6062 6063
f 6064 6065 6066
f 6067 6068 6069
f 6070 6071 6072
f 6073 6074 6075
f 6076 6077 6078
f 6079 6080 6081
f 6082 6083 6084
f 6085 6086 6087
f 6088 6089 6090
f 6091 6092 6093
f 6094 6095 6096
f 6097 6098 6099
f 6100 6101 6102
f 6103 6104 6105
f 6106 6107 6108
f 6109 6110 6111
f 6112 6113 6114
f 6115 6116 6117
f 6118 6119 6120
f 6121 6122 6123
f 6124 6125 6126
f 6127 6128 6129
f 6130 6131 6132
f 6133 6134 6135
f 6136 6137 6138
f 6139 6140 6141
f 6142 6143 6144
f 6145 6146 6147
f 6148 6149 6150
f 6151 6152 6153
f 6154 6155 6156
f 6157 6158 6159
f 6160 6161 6162
f 6163 6164 6165
f 6166 6167 6168
f 6169 6170 6171
f 6172 6173 6174
f 6175 6176 6177
f 6178 6179 6180
f 6181 6182 6183
f 6184 6185 6186
f 6187 6188 6189
f 6190 6191 6192
f 6193 6194 6195
f 6196 6197 6198
f 6199 6200 6201
f 6202 6203 6204
f 6205 6206 6207
f 6208 6209 6210
f 6211 6212 6213
f 6214 6215 6216
f 6217 6218 6219
f 6220 6221 6222
f 6223 6224 6225
f 6226 6227 6228
f 6229 6230 6231
f 6232 6233 6234
f 6235 6236 6237
f 6238 6239 6240
f 6241 6242 6243
f 6244 6245 6246
f 6247 6248 6249
f 6250 6251 6252
f 6253 6254 6255
f 6256 6257 6258
f 6259 6260 6261
f 6262 6263 6264
f 6265 6266 6267
f 6268 6269 6270
f 6271 6272 6273
f 6274 6275 6276
f 6277 6278 6279
f 6280 6281 6282
f 6283 6284 6285
f 6286 6287 6288
f 6289 6290 6291
f 6292 6293 6294
f 6295 6296 6297
f 6298 6299 6300
f 6301 6302 6303
f 6304 6305 6306
f 6307 6308 6309
f 6310 6311 6312
f 6313 6314 6315
f 6316 6317 6318
f 6319 6320 6321
f 6322 6323 6324
f 6325 6326 6327
f 6328 6329 6330
f 6331 6332 6333
f 6334 6335 6336
f 6337 6338 6339
f 6340 6341 6342
f 6343 6344 6345
f 6346 6347 6348
f 6349 6350 6351
f 6352 6353 6354
f 6355 6356 6357
f 6358 6359 6360
f 6361 6362 6363
f 6364 6365 6366
f 6367 6368 6369
f 6370 6371 6372
f 6373 6374 6375
f 6376 6377 6378
f 6379 6380 6381
f 6382 6383 6384
f 6385 6386 6387
f 6388 6389 6390
f 6391 6392 6393
f 6394 6395 6396
f 6397 6398 6399
f 6400 6401 6402
f 6403 6404 6405
f 6406 6407 6408
f 6409 6410 6411
f 6412 6413 6414
f 6415 6416 6417
f 6418 6419 6420
f 6421 6422 6423
f 6424 6425 6426
f 6427 6428 6429
f 6430 6431 6432
f 6433 6434 6435
f 6436 6437 6438
f 6439 6440 6441
f 6442 6443 6444
f 6445 6446 6447
f 6448 6449 6450
f 6451 6452 6453
f 6454 6455 6456
f 6457 6458 6459
f 6460 6461 6462
f 6463 6464 6465
f 6466 6467 6468
f 6469 6470 6471
f 6472 6473 6474
f 6475 6476 6477
f 6478 6479 6480
f 6481 6482 6483
f 6484 6485 6486
f 6487 6488 6489
f 6490 6491 6492
f 6493 6494 6495
f 6496 6497 6498
f 6499 6500 6501
f 6502 6503 6504
f 6505 6506 6507
f 6508 6509 6510
f 6511 6512 6513
f 6514 6515 6516
f 6517 6518 6519
f 6520 6521 6522
f 6523 6524 6525
f 6526 6527 6528
f 6529 6530 6531
f 6532 6533 6534
f 6535 6536 6537
f 6538 6539 6540
f 6541 6542 6543
f 6544 6545 6546
f 6547 6548 6549
f 6550 6551 6552
f 6553 6554 6555
f 6556 6557 6558
f 6559 6560 6561
f 6562 6563 6564
f 6565 6566 6567
f 6568 6569 6570
f 6571 6572 6573
f 6574 6575 6576
f 6577 6578 6579
f 6580 6581 6582
f 6583 6584 6585
f 6586 6587 6588
f 6589 6590 6591
f 6592 6593 6594
f 6595 6596 6597
f 6598 6599 6600
f 6601 6602 6603
f 6604 6605 6606
f 6607 6608 6609
f 6610 6611 6612
f 6613 6614 6615
f 6616 6617 6618
f 6619 6620 6621
f 6622 6623 6624
f 6625 6626 6627
f 6628 6629 6630
f 6631 6632 6633
f 6634 6635 6636
f 6637 6638 6639
f 6640 6641 6642
f 6643 6644 6645
f 6646 6647 6648
f 6649 6650 6651
f 6652 6653 6654
f 6655 6656 6657
f 6658 6659 6660
f 6661 6662 6663
f 6664 6665 6666
f 6667 6668 6669
f 6670 6671 6672
f 6673 6674 6675
f 6676 6677 6678
f 6679 6680 6681
f 6682 6683 6684
f 6685 6686 6687
f 6688 6689 6690
f 6691 6692 6693
f 6694 6695 6696
f 6697 6698 6699
f 6700 6701 6702
f 6703 6704 6705
f 6706 6707 6708
f 6709 6710 6711
f 6712 6713 6714
f 6715 6716 6717
f 6718 6719 6720
f 6721 6722 6723
f 6724 6725 6726
f 6727 6728 6729
f 6730 6731 6732
f 6733 6734 6735
f 6736 6737 6738
f 6739 6740 6741
f 6742 6743 6744
f 6745 6746 6747
f 6748 6749 6750
f 6751 6752 6753
f 6754 6755 6756
f 6757 6758 6759
f 6760 6761 6762
f 6763 6764 6765
f 6766 6767 6768
f 6769 6770 6771
f 6772 6773 6774
f 6775 6776 6777
f 6778 6779 6780
f 6781 6782 6783
f 6784 6785 6786
f 6787 6788 6789
f 6790 6791 6792
f 6793 6794 6795
f 6796 6797 6798
f 6799 6800 6801
f 6802 6803 6804
f 6805 6806 6807
f 6808 6809 6810
f 6811 6812 6813
f 6814 6815 6816
f 6817 6818 6819
f 6820 6821 6822
f 6823 6824 6825
f 6826 6827 6828
f 6829 6830 6831
f 6832 6833 6834
f 6835 6836 6837
f 6838 6839 6840
f 6841 6842 6843
f 6844 6845 6846
f 6847 6848 6849
f 6850 6851 6852
f 6853 6854 6855
f 6856 6857 6858
f 6859 6860 6861
f 6862 6863 6864
f 6865 6866 6867
f 6868 6869 6870
f 6871 6872 6873
f 6874 6875 6876
f 6877 6878 6879
f 6880 6881 6882
f 6883 6884 6885
f 6886 6887 6888
f 6889 6890 6891
f 6892 6893 6894
f 6895 6896 6897
f 6898 6899 6900
f 6901 6902 6903
f 6904 6905 6906
f 6907 6908 6909
f 6910 6911 6912
f 6913 6914 6915
f 6916 6917 6918
f 6919 6920 6921
f 6922 6923 6924
f 6925 6926 6927
f 6928 6929 6930
f 6931 6932 6933
f 6934 6935 6936
f 6937 6938 6939
f 6940 6941 6942
f 6943 6944 6945
f 6946 6947 6948
f 6949 6950 6951
f 6952 6953 6954
f 6955 6956 6957
f 6958 6959 6960
f 6961 6962 6963
f 6964 6965 6966
f 6967 6968 6969
f 6970 6971 6972
f 6973 6974 6975
f 6976 6977 6978
f 6979 6980 6981
f 6982 6983 6984
f 6985 6986 6987
f 6988 6989 6990
f 6991 6992 6993
f 6994 6995 6996
f 6997 6998 6999
f 7000 7001 7002
f 7003 7004 7005
f 7006 7007 7008
f 7009 7010 7011
f 7012 7013 7014
f 7015 7016 7017
f 7018 7019 7020
f 7021 7022 7023
f 7024 7025 7026
f 7027 7028 7029
f 7030 7031 7032
f 7033 7034 7035
f 7036 7037 7038
f 7039 7040 7041
f 7042 7043 7044
f 7045 7046 7047
f 7048 7049 7050
f 7051 7052 7053
f 7054 7055 7056
f 7057 7058 7059
f 7060 7061 7062
f 7063 7064 7065
f 7066 7067 7068
f 7069 7070 7071
f 7072 7073 7074
f 7075 7076 7077
f 7078 7079 7080
f 7081 7082 7083
f 7084 7085 7086
f 7087 7088 7089
f 7090 7091 7092
f 7093 7094 7095
f 7096 7097 7098
f 7099 7100 7101
f 7102 7103 7104
f 7105 7106 7107
f 7108 7109 7110
f 7111 7112 7113
f 7114 7115 7116
f 7117 7118 7119
f 7120 7121 7122
f 7123 7124 7125
f 7126 7127 7128
f 7129 7130 7131
f 7132 7133 7134
f 7135 7136 7137
f 7138 7139 7140
f 7141 7142 7143
f 7144 7145 7146
f 7147 7148 7149
f 7150 7151 7152
f 7153 7154 7155
f 7156 7157 7158
f 7159 7160 7161
f 7162 7163 7164
f 7165 7166 7167
f 7168 7169 7170
f 7171 7172 7173
f 7174 7175 7176
f 7177 7178 7179
f 7180 7181 7182
f 7183 7184 7185
f 7186 7187 7188
f 7189 7190 7191
f 7192 7193 7194
f 7195 7196 7197
f 7198 7199 7200
f 7201 7202 7203
f 7204 7205 7206
f 7207 7208 7209
f 7210 7211 7212
f 7213 7214 7215
f 7216 7217 7218
f 7219 7220 7221
f 7222 7223 7224
f 7225 7226 7227
f 7228 7229 7230
f 7231 7232 7233
f 7234 7235 7236
f 7237 7238 7239
f 7240 7241 7242
f 7243 7244 7245
f 7246 7247 7248
f 7249 7250 7251
f 7252 7253 7254
f 7255 7256 7257
f 7258 7259 7260
f 7261 7262 7263
f 7264 7265 7266
f 7267 7268 7269
f 7270 7271 7272
f 7273 7274 7275
f 7276 7277 7278
f 7279 7280 7281
f 7282 7283 7284
f 7285 7286 7287
f 7288 7289 7290
f 7291 7292 7293
f 7294 7295 7296
f 7297 7298 7299
f 7300 7301 7302
f 7303 7304 7305
f 7306 7307 7308
f 7309 7310 7311
f 7312 7313 7314
f 7315 7316 7317
f 7318 7319 7320
f 7321 7322 7323
f 7324 7325 7326
f 7327 7328 7329
f 7330 7331 7332

