# https://github.com/mikedh/trimesh

o PULLEY_1.stl
v -83.97196198 67.38675690 34.87977600
v -82.97228241 67.42220306 35.87977600
v -83.93290710 66.10651398 34.87977600
v -83.93290710 66.10651398 34.87977600
v -82.97228241 67.42220306 35.87977600
v -82.93290710 66.10651398 35.87977600
v -83.93290710 66.10651398 34.87977600
v -82.93290710 66.10651398 35.87977600
v -82.97228241 64.79082489 35.87977600
v -82.97228241 67.42220306 35.87977600
v -83.97196198 67.38675690 34.87977600
v -83.09027100 68.73318481 35.87977600
v -83.09027100 68.73318481 35.87977600
v -83.97196198 67.38675690 34.87977600
v -84.08900452 68.66223907 34.87977600
v -83.09027100 68.73318481 35.87977600
v -84.08900452 68.66223907 34.87977600
v -83.28645325 70.03476715 35.87977600
v -83.28645325 70.03476715 35.87977600
v -84.08900452 68.66223907 34.87977600
v -84.28357697 69.92821503 34.87977600
v -83.28645325 70.03476715 35.87977600
v -84.28357697 69.92821503 34.87977600
v -83.56011963 71.32228088 35.87977600
v -83.56011963 71.32228088 35.87977600
v -84.28357697 69.92821503 34.87977600
v -84.55496979 71.17996979 34.87977600
v -83.56011963 71.32228088 35.87977600
v -84.55496979 71.17996979 34.87977600
v -83.91030121 72.59112549 35.87977600
v -83.91030121 72.59112549 35.87977600
v -84.55496979 71.17996979 34.87977600
v -84.90217590 72.41284943 34.87977600
v -83.91030121 72.59112549 35.87977600
v -84.90217590 72.41284943 34.87977600
v -84.33573914 73.83676147 35.87977600
v -84.33573914 73.83676147 35.87977600
v -84.90217590 72.41284943 34.87977600
v -85.32389069 73.62227631 34.87977600
v -84.33573914 73.83676147 35.87977600
v -85.32389069 73.62227631 34.87977600
v -84.83490753 75.05471802 35.87977600
v -84.83490753 75.05471802 35.87977600
v -85.32389069 73.62227631 34.87977600
v -85.81855774 74.80374146 34.87977600
v -84.83490753 75.05471802 35.87977600
v -85.81855774 74.80374146 34.87977600
v -85.40601349 76.24064636 35.87977600
v -85.40601349 76.24064636 35.87977600
v -85.81855774 74.80374146 34.87977600
v -86.38432312 75.95285034 34.87977600
v -85.40601349 76.24064636 35.87977600
v -86.38432312 75.95285034 34.87977600
v -86.04702759 77.39029694 35.87977600
v -86.04702759 77.39029694 35.87977600
v -86.38432312 75.95285034 34.87977600
v -87.01909637 77.06533051 34.87977600
v -86.04702759 77.39029694 35.87977600
v -87.01909637 77.06533051 34.87977600
v -86.75565338 78.49955750 35.87977600
v -86.75565338 78.49955750 35.87977600
v -87.01909637 77.06533051 34.87977600
v -87.72051239 78.13703918 34.87977600
v -86.75565338 78.49955750 35.87977600
v -87.72051239 78.13703918 34.87977600
v -87.52934265 79.56445312 35.87977600
v -87.52934265 79.56445312 35.87977600
v -87.72051239 78.13703918 34.87977600
v -88.48595428 79.16400146 34.87977600
v -87.52934265 79.56445312 35.87977600
v -88.48595428 79.16400146 34.87977600
v -88.36533356 80.58116913 35.87977600
v -88.36533356 80.58116913 35.87977600
v -88.48595428 79.16400146 34.87977600
v -89.31258392 80.14238739 34.87977600
v -88.36533356 80.58116913 35.87977600
v -89.31258392 80.14238739 34.87977600
v -89.26062775 81.54606628 35.87977600
v -89.26062775 81.54606628 35.87977600
v -89.31258392 80.14238739 34.87977600
v -90.19731903 81.06855011 34.87977600
v -89.26062775 81.54606628 35.87977600
v -90.19731903 81.06855011 34.87977600
v -90.21202850 82.45570374 35.87977600
v -90.21202850 82.45570374 35.87977600
v -90.19731903 81.06855011 34.87977600
v -91.13687134 81.93906403 34.87977600
v -90.21202850 82.45570374 35.87977600
v -91.13687134 81.93906403 34.87977600
v -91.21612549 83.30680847 35.87977600
v -91.21612549 83.30680847 35.87977600
v -91.13687134 81.93906403 34.87977600
v -92.12775421 82.75067902 34.87977600
v -91.21612549 83.30680847 35.87977600
v -92.12775421 82.75067902 34.87977600
v -92.26932526 84.09634399 35.87977600
v -92.26932526 84.09634399 35.87977600
v -92.12775421 82.75067902 34.87977600
v -93.16625977 83.50036621 34.87977600
v -92.26932526 84.09634399 35.87977600
v -93.16625977 83.50036621 34.87977600
v -93.36785889 84.82147980 35.87977600
v -93.36785889 84.82147980 35.87977600
v -93.16625977 83.50036621 34.87977600
v -94.24855042 84.18535614 34.87977600
v -93.36785889 84.82147980 35.87977600
v -94.24855042 84.18535614 34.87977600
v -94.50778961 85.47961426 35.87977600
v -94.50778961 85.47961426 35.87977600
v -94.24855042 84.18535614 34.87977600
v -95.37058258 84.80309296 34.87977600
v -94.50778961 85.47961426 35.87977600
v -95.37058258 84.80309296 34.87977600
v -95.68504333 86.06840515 35.87977600
v -95.68504333 86.06840515 35.87977600
v -95.37058258 84.80309296 34.87977600
v -96.52818298 85.35127258 34.87977600
v -95.68504333 86.06840515 35.87977600
v -96.52818298 85.35127258 34.87977600
v -96.89540100 86.58573914 35.87977600
v -96.89540100 86.58573914 35.87977600
v -96.52818298 85.35127258 34.87977600
v -97.71705627 85.82785797 34.87977600
v -96.89540100 86.58573914 35.87977600
v -97.71705627 85.82785797 34.87977600
v -98.13452911 87.02976227 35.87977600
v -98.13452911 87.02976227 35.87977600
v -97.71705627 85.82785797 34.87977600
v -98.93276978 86.23108673 34.87977600
v -98.13452911 87.02976227 35.87977600
v -98.93276978 86.23108673 34.87977600
v -99.39799500 87.39888000 35.87977600
v -99.39799500 87.39888000 35.87977600
v -98.93276978 86.23108673 34.87977600
v -100.17079926 86.55944824 34.87977600
v -99.39799500 87.39888000 35.87977600
v -100.17079926 86.55944824 34.87977600
v -100.68127441 87.69178009 35.87977600
v -100.68127441 87.69178009 35.87977600
v -100.17079926 86.55944824 34.87977600
v -101.42655182 86.81172180 34.87977600
v -100.68127441 87.69178009 35.87977600
v -101.42655182 86.81172180 34.87977600
v -101.97977448 87.90740967 35.87977600
v -101.97977448 87.90740967 35.87977600
v -101.42655182 86.81172180 34.87977600
v -102.69534302 86.98696899 34.87977600
v -101.97977448 87.90740967 35.87977600
v -102.69534302 86.98696899 34.87977600
v -103.28884125 88.04499817 35.87977600
v -103.28884125 88.04499817 35.87977600
v -102.69534302 86.98696899 34.87977600
v -103.97245789 87.08454132 34.87977600
v -103.28884125 88.04499817 35.87977600
v -103.97245789 87.08454132 34.87977600
v -104.60379791 88.10405731 35.87977600
v -104.60379791 88.10405731 35.87977600
v -103.97245789 87.08454132 34.87977600
v -105.25315094 87.10407257 34.87977600
v -104.60379791 88.10405731 35.87977600
v -105.25315094 87.10407257 34.87977600
v -105.91992950 88.08436584 35.87977600
v -105.91992950 88.08436584 35.87977600
v -105.25315094 87.10407257 34.87977600
v -106.53264618 87.04549408 34.87977600
v -105.91992950 88.08436584 35.87977600
v -106.53264618 87.04549408 34.87977600
v -107.23252869 87.98600006 35.87977600
v -107.23252869 87.98600006 35.87977600
v -106.53264618 87.04549408 34.87977600
v -107.80619812 86.90901947 34.87977600
v -107.23252869 87.98600006 35.87977600
v -107.80619812 86.90901947 34.87977600
v -108.53689575 87.80931091 35.87977600
v -108.53689575 87.80931091 35.87977600
v -107.80619812 86.90901947 34.87977600
v -109.06905365 86.69515991 34.87977600
v -108.53689575 87.80931091 35.87977600
v -109.06905365 86.69515991 34.87977600
v -109.82836151 87.55493164 35.87977600
v -109.82836151 87.55493164 35.87977600
v -109.06905365 86.69515991 34.87977600
v -110.31652832 86.40470886 34.87977600
v -109.82836151 87.55493164 35.87977600
v -110.31652832 86.40470886 34.87977600
v -111.10231018 87.22377014 35.87977600
v -111.10231018 87.22377014 35.87977600
v -110.31652832 86.40470886 34.87977600
v -111.54397583 86.03874207 34.87977600
v -111.10231018 87.22377014 35.87977600
v -111.54397583 86.03874207 34.87977600
v -112.35416412 86.81701660 35.87977600
v -112.35416412 86.81701660 35.87977600
v -111.54397583 86.03874207 34.87977600
v -112.74682617 85.59863281 34.87977600
v -112.35416412 86.81701660 35.87977600
v -112.74682617 85.59863281 34.87977600
v -113.57945251 86.33612823 35.87977600
v -113.57945251 86.33612823 35.87977600
v -112.74682617 85.59863281 34.87977600
v -113.92060852 85.08600616 34.87977600
v -113.57945251 86.33612823 35.87977600
v -113.92060852 85.08600616 34.87977600
v -114.77379608 85.78282166 35.87977600
v -114.77379608 85.78282166 35.87977600
v -113.92060852 85.08600616 34.87977600
v -115.06095123 84.50277710 34.87977600
v -114.77379608 85.78282166 35.87977600
v -115.06095123 84.50277710 34.87977600
v -115.93290710 85.15907288 35.87977600
v -115.93290710 85.15907288 35.87977600
v -115.06095123 84.50277710 34.87977600
v -116.16362762 83.85112000 34.87977600
v -115.93290710 85.15907288 35.87977600
v -116.16362762 83.85112000 34.87977600
v -117.05263519 84.46712494 35.87977600
v -117.05263519 84.46712494 35.87977600
v -116.16362762 83.85112000 34.87977600
v -117.22451782 83.13344574 34.87977600
v -117.05263519 84.46712494 35.87977600
v -117.22451782 83.13344574 34.87977600
v -118.12898254 83.70944977 35.87977600
v -118.12898254 83.70944977 35.87977600
v -117.22451782 83.13344574 34.87977600
v -118.23968506 82.35242462 34.87977600
v -118.12898254 83.70944977 35.87977600
v -118.23968506 82.35242462 34.87977600
v -119.15809631 82.88876343 35.87977600
v -119.15809631 82.88876343 35.87977600
v -118.23968506 82.35242462 34.87977600
v -119.20534515 81.51097107 34.87977600
v -119.15809631 82.88876343 35.87977600
v -119.20534515 81.51097107 34.87977600
v -120.13628387 82.00800323 35.87977600
v -120.13628387 82.00800323 35.87977600
v -119.20534515 81.51097107 34.87977600
v -120.11791992 80.61221313 34.87977600
v -120.13628387 82.00800323 35.87977600
v -120.11791992 80.61221313 34.87977600
v -121.06004333 81.07031250 35.87977600
v -121.06004333 81.07031250 35.87977600
v -120.11791992 80.61221313 34.87977600
v -120.97399902 79.65949249 34.87977600
v -121.06004333 81.07031250 35.87977600
v -120.97399902 79.65949249 34.87977600
v -121.92607880 80.07906342 35.87977600
v -121.92607880 80.07906342 35.87977600
v -120.97399902 79.65949249 34.87977600
v -121.77040863 78.65635681 34.87977600
v -121.92607880 80.07906342 35.87977600
v -121.77040863 78.65635681 34.87977600
v -122.73127747 79.03778839 35.87977600
v -122.73127747 79.03778839 35.87977600
v -121.77040863 78.65635681 34.87977600
v -122.50417328 77.60653687 34.87977600
v -122.73127747 79.03778839 35.87977600
v -122.50417328 77.60653687 34.87977600
v -123.47276306 77.95022583 35.87977600
v -123.47276306 77.95022583 35.87977600
v -122.50417328 77.60653687 34.87977600
v -123.17257690 76.51393127 34.87977600
v -123.47276306 77.95022583 35.87977600
v -123.17257690 76.51393127 34.87977600
v -124.14788055 76.82026672 35.87977600
v -124.14788055 76.82026672 35.87977600
v -123.17257690 76.51393127 34.87977600
v -123.77313232 75.38260651 34.87977600
v -124.14788055 76.82026672 35.87977600
v -123.77313232 75.38260651 34.87977600
v -124.75421906 75.65195465 35.87977600
v -124.75421906 75.65195465 35.87977600
v -123.77313232 75.38260651 34.87977600
v -124.30359650 74.21678162 34.87977600
v -124.75421906 75.65195465 35.87977600
v -124.30359650 74.21678162 34.87977600
v -125.28959656 74.44947815 35.87977600
v -125.28959656 74.44947815 35.87977600
v -124.30359650 74.21678162 34.87977600
v -124.76200104 73.02078247 34.87977600
v -125.28959656 74.44947815 35.87977600
v -124.76200104 73.02078247 34.87977600
v -125.75210571 73.21712494 35.87977600
v -125.75210571 73.21712494 35.87977600
v -124.76200104 73.02078247 34.87977600
v -125.14663696 71.79905701 34.87977600
v -125.75210571 73.21712494 35.87977600
v -125.14663696 71.79905701 34.87977600
v -126.14008331 71.95932770 35.87977600
v -126.14008331 71.95932770 35.87977600
v -125.14663696 71.79905701 34.87977600
v -125.45607758 70.55615997 34.87977600
v -126.14008331 71.95932770 35.87977600
v -125.45607758 70.55615997 34.87977600
v -126.45214844 70.68057251 35.87977600
v -126.45214844 70.68057251 35.87977600
v -125.45607758 70.55615997 34.87977600
v -125.68917084 69.29670715 34.87977600
v -126.45214844 70.68057251 35.87977600
v -125.68917084 69.29670715 34.87977600
v -126.68717957 69.38544464 35.87977600
v -126.68717957 69.38544464 35.87977600
v -125.68917084 69.29670715 34.87977600
v -125.84505463 68.02539062 34.87977600
v -126.68717957 69.38544464 35.87977600
v -125.84505463 68.02539062 34.87977600
v -126.84433746 68.07858276 35.87977600
v -126.84433746 68.07858276 35.87977600
v -125.84505463 68.02539062 34.87977600
v -125.92313385 66.74693298 34.87977600
v -126.84433746 68.07858276 35.87977600
v -125.92313385 66.74693298 34.87977600
v -126.92305756 66.76465607 35.87977600
v -126.92305756 66.76465607 35.87977600
v -125.92313385 66.74693298 34.87977600
v -126.92305756 65.44837189 35.87977600
v -126.92305756 65.44837189 35.87977600
v -125.92313385 66.74693298 34.87977600
v -125.92313385 65.46609497 34.87977600
v -126.92305756 65.44837189 35.87977600
v -125.92313385 65.46609497 34.87977600
v -126.84433746 64.13445282 35.87977600
v -126.84433746 64.13445282 35.87977600
v -125.92313385 65.46609497 34.87977600
v -125.84505463 64.18763733 34.87977600
v -126.84433746 64.13445282 35.87977600
v -125.84505463 64.18763733 34.87977600
v -126.68717957 62.82758713 35.87977600
v -126.68717957 62.82758713 35.87977600
v -125.84505463 64.18763733 34.87977600
v -125.68917084 62.91632080 34.87977600
v -126.68717957 62.82758713 35.87977600
v -125.68917084 62.91632080 34.87977600
v -126.45214844 61.53245926 35.87977600
v -126.45214844 61.53245926 35.87977600
v -125.68917084 62.91632080 34.87977600
v -125.45607758 61.65687180 34.87977600
v -126.45214844 61.53245926 35.87977600
v -125.45607758 61.65687180 34.87977600
v -126.14008331 60.25370407 35.87977600
v -126.14008331 60.25370407 35.87977600
v -125.45607758 61.65687180 34.87977600
v -125.14663696 60.41397095 34.87977600
v -126.14008331 60.25370407 35.87977600
v -125.14663696 60.41397095 34.87977600
v -125.75210571 58.99590302 35.87977600
v -125.75210571 58.99590302 35.87977600
v -125.14663696 60.41397095 34.87977600
v -124.76200104 59.19224930 34.87977600
v -125.75210571 58.99590302 35.87977600
v -124.76200104 59.19224930 34.87977600
v -125.28959656 57.76355362 35.87977600
v -125.28959656 57.76355362 35.87977600
v -124.76200104 59.19224930 34.87977600
v -124.30359650 57.99625015 34.87977600
v -125.28959656 57.76355362 35.87977600
v -124.30359650 57.99625015 34.87977600
v -124.75421906 56.56107330 35.87977600
v -124.75421906 56.56107330 35.87977600
v -124.30359650 57.99625015 34.87977600
v -123.77313232 56.83042145 34.87977600
v -124.75421906 56.56107330 35.87977600
v -123.77313232 56.83042145 34.87977600
v -124.14788055 55.39276123 35.87977600
v -124.14788055 55.39276123 35.87977600
v -123.77313232 56.83042145 34.87977600
v -123.17257690 55.69910049 34.87977600
v -124.14788055 55.39276123 35.87977600
v -123.17257690 55.69910049 34.87977600
v -123.47276306 54.26280212 35.87977600
v -123.47276306 54.26280212 35.87977600
v -123.17257690 55.69910049 34.87977600
v -122.50417328 54.60649490 34.87977600
v -123.47276306 54.26280212 35.87977600
v -122.50417328 54.60649490 34.87977600
v -122.73127747 53.17523956 35.87977600
v -122.73127747 53.17523956 35.87977600
v -122.50417328 54.60649490 34.87977600
v -121.77040863 53.55667114 34.87977600
v -122.73127747 53.17523956 35.87977600
v -121.77040863 53.55667114 34.87977600
v -121.92607880 52.13396835 35.87977600
v -121.92607880 52.13396835 35.87977600
v -121.77040863 53.55667114 34.87977600
v -120.97399902 52.55353546 34.87977600
v -121.92607880 52.13396835 35.87977600
v -120.97399902 52.55353546 34.87977600
v -121.06004333 51.14271545 35.87977600
v -121.06004333 51.14271545 35.87977600
v -120.97399902 52.55353546 34.87977600
v -120.11791992 51.60081482 34.87977600
v -121.06004333 51.14271545 35.87977600
v -120.11791992 51.60081482 34.87977600
v -120.13628387 50.20502853 35.87977600
v -120.13628387 50.20502853 35.87977600
v -120.11791992 51.60081482 34.87977600
v -119.20534515 50.70205688 34.87977600
v -120.13628387 50.20502853 35.87977600
v -119.20534515 50.70205688 34.87977600
v -119.15809631 49.32426453 35.87977600
v -119.15809631 49.32426453 35.87977600
v -119.20534515 50.70205688 34.87977600
v -118.23968506 49.86060333 34.87977600
v -119.15809631 49.32426453 35.87977600
v -118.23968506 49.86060333 34.87977600
v -118.12898254 48.50357819 35.87977600
v -118.12898254 48.50357819 35.87977600
v -118.23968506 49.86060333 34.87977600
v -117.22451782 49.07958984 34.87977600
v -118.12898254 48.50357819 35.87977600
v -117.22451782 49.07958984 34.87977600
v -117.05263519 47.74590302 35.87977600
v -117.05263519 47.74590302 35.87977600
v -117.22451782 49.07958984 34.87977600
v -116.16362762 48.36191559 34.87977600
v -117.05263519 47.74590302 35.87977600
v -116.16362762 48.36191559 34.87977600
v -115.93290710 47.05395508 35.87977600
v -115.93290710 47.05395508 35.87977600
v -116.16362762 48.36191559 34.87977600
v -115.06095123 47.71025085 34.87977600
v -115.93290710 47.05395508 35.87977600
v -115.06095123 47.71025085 34.87977600
v -114.77379608 46.43021393 35.87977600
v -114.77379608 46.43021393 35.87977600
v -115.06095123 47.71025085 34.87977600
v -113.92060852 47.12702179 34.87977600
v -114.77379608 46.43021393 35.87977600
v -113.92060852 47.12702179 34.87977600
v -113.57945251 45.87690353 35.87977600
v -113.57945251 45.87690353 35.87977600
v -113.92060852 47.12702179 34.87977600
v -112.74682617 46.61439896 34.87977600
v -113.57945251 45.87690353 35.87977600
v -112.74682617 46.61439896 34.87977600
v -112.35416412 45.39601135 35.87977600
v -112.35416412 45.39601135 35.87977600
v -112.74682617 46.61439896 34.87977600
v -111.54397583 46.17428589 34.87977600
v -112.35416412 45.39601135 35.87977600
v -111.54397583 46.17428589 34.87977600
v -111.10231018 44.98926163 35.87977600
v -111.10231018 44.98926163 35.87977600
v -111.54397583 46.17428589 34.87977600
v -110.31652832 45.80832291 34.87977600
v -111.10231018 44.98926163 35.87977600
v -110.31652832 45.80832291 34.87977600
v -109.82836151 44.65810013 35.87977600
v -109.82836151 44.65810013 35.87977600
v -110.31652832 45.80832291 34.87977600
v -109.06905365 45.51787186 34.87977600
v -109.82836151 44.65810013 35.87977600
v -109.06905365 45.51787186 34.87977600
v -108.53689575 44.40372086 35.87977600
v -108.53689575 44.40372086 35.87977600
v -109.06905365 45.51787186 34.87977600
v -107.80619812 45.30401230 34.87977600
v -108.53689575 44.40372086 35.87977600
v -107.80619812 45.30401230 34.87977600
v -107.23252869 44.22703552 35.87977600
v -107.23252869 44.22703552 35.87977600
v -107.80619812 45.30401230 34.87977600
v -106.53264618 45.16753769 34.87977600
v -107.23252869 44.22703552 35.87977600
v -106.53264618 45.16753769 34.87977600
v -105.91992950 44.12866974 35.87977600
v -105.91992950 44.12866974 35.87977600
v -106.53264618 45.16753769 34.87977600
v -105.25315094 45.10895920 34.87977600
v -105.91992950 44.12866974 35.87977600
v -105.25315094 45.10895920 34.87977600
v -104.60379791 44.10897827 35.87977600
v -104.60379791 44.10897827 35.87977600
v -105.25315094 45.10895920 34.87977600
v -103.97245789 45.12849045 34.87977600
v -104.60379791 44.10897827 35.87977600
v -103.97245789 45.12849045 34.87977600
v -103.28884125 44.16803360 35.87977600
v -103.28884125 44.16803360 35.87977600
v -103.97245789 45.12849045 34.87977600
v -102.69534302 45.22606277 34.87977600
v -103.28884125 44.16803360 35.87977600
v -102.69534302 45.22606277 34.87977600
v -101.97977448 44.30562210 35.87977600
v -101.97977448 44.30562210 35.87977600
v -102.69534302 45.22606277 34.87977600
v -101.42655182 45.40130997 34.87977600
v -101.97977448 44.30562210 35.87977600
v -101.42655182 45.40130997 34.87977600
v -100.68127441 44.52125168 35.87977600
v -100.68127441 44.52125168 35.87977600
v -101.42655182 45.40130997 34.87977600
v -100.17079926 45.65358353 34.87977600
v -100.68127441 44.52125168 35.87977600
v -100.17079926 45.65358353 34.87977600
v -99.39799500 44.81415176 35.87977600
v -99.39799500 44.81415176 35.87977600
v -100.17079926 45.65358353 34.87977600
v -98.93276978 45.98194504 34.87977600
v -99.39799500 44.81415176 35.87977600
v -98.93276978 45.98194504 34.87977600
v -98.13452911 45.18327332 35.87977600
v -98.13452911 45.18327332 35.87977600
v -98.93276978 45.98194504 34.87977600
v -97.71705627 46.38516998 34.87977600
v -98.13452911 45.18327332 35.87977600
v -97.71705627 46.38516998 34.87977600
v -96.89540100 45.62729263 35.87977600
v -96.89540100 45.62729263 35.87977600
v -97.71705627 46.38516998 34.87977600
v -96.52818298 46.86175919 34.87977600
v -96.89540100 45.62729263 35.87977600
v -96.52818298 46.86175919 34.87977600
v -95.68504333 46.14462280 35.87977600
v -95.68504333 46.14462280 35.87977600
v -96.52818298 46.86175919 34.87977600
v -95.37058258 47.40993881 34.87977600
v -95.68504333 46.14462280 35.87977600
v -95.37058258 47.40993881 34.87977600
v -94.50778961 46.73341370 35.87977600
v -94.50778961 46.73341370 35.87977600
v -95.37058258 47.40993881 34.87977600
v -94.24855042 48.02767181 34.87977600
v -94.50778961 46.73341370 35.87977600
v -94.24855042 48.02767181 34.87977600
v -93.36785889 47.39155579 35.87977600
v -93.36785889 47.39155579 35.87977600
v -94.24855042 48.02767181 34.87977600
v -93.16625977 48.71266174 34.87977600
v -93.36785889 47.39155579 35.87977600
v -93.16625977 48.71266174 34.87977600
v -92.26932526 48.11668777 35.87977600
v -92.26932526 48.11668777 35.87977600
v -93.16625977 48.71266174 34.87977600
v -92.12775421 49.46235657 34.87977600
v -92.26932526 48.11668777 35.87977600
v -92.12775421 49.46235657 34.87977600
v -91.21612549 48.90622330 35.87977600
v -91.21612549 48.90622330 35.87977600
v -92.12775421 49.46235657 34.87977600
v -91.13687134 50.27396774 34.87977600
v -91.21612549 48.90622330 35.87977600
v -91.13687134 50.27396774 34.87977600
v -90.21202850 49.75732803 35.87977600
v -90.21202850 49.75732803 35.87977600
v -91.13687134 50.27396774 34.87977600
v -90.19731903 51.14447784 34.87977600
v -90.21202850 49.75732803 35.87977600
v -90.19731903 51.14447784 34.87977600
v -89.26062775 50.66696167 35.87977600
v -89.26062775 50.66696167 35.87977600
v -90.19731903 51.14447784 34.87977600
v -89.31258392 52.07064819 34.87977600
v -89.26062775 50.66696167 35.87977600
v -89.31258392 52.07064819 34.87977600
v -88.36533356 51.63186264 35.87977600
v -88.36533356 51.63186264 35.87977600
v -89.31258392 52.07064819 34.87977600
v -88.48595428 53.04903030 34.87977600
v -88.36533356 51.63186264 35.87977600
v -88.48595428 53.04903030 34.87977600
v -87.52934265 52.64858246 35.87977600
v -87.52934265 52.64858246 35.87977600
v -88.48595428 53.04903030 34.87977600
v -87.72051239 54.07598877 34.87977600
v -87.52934265 52.64858246 35.87977600
v -87.72051239 54.07598877 34.87977600
v -86.75565338 53.71347427 35.87977600
v -86.75565338 53.71347427 35.87977600
v -87.72051239 54.07598877 34.87977600
v -87.01909637 55.14770126 34.87977600
v -86.75565338 53.71347427 35.87977600
v -87.01909637 55.14770126 34.87977600
v -86.04702759 54.82273102 35.87977600
v -86.04702759 54.82273102 35.87977600
v -87.01909637 55.14770126 34.87977600
v -86.38432312 56.26018143 34.87977600
v -86.04702759 54.82273102 35.87977600
v -86.38432312 56.26018143 34.87977600
v -85.40601349 55.97238159 35.87977600
v -85.40601349 55.97238159 35.87977600
v -86.38432312 56.26018143 34.87977600
v -85.81855774 57.40929031 34.87977600
v -85.40601349 55.97238159 35.87977600
v -85.81855774 57.40929031 34.87977600
v -84.83490753 57.15830994 35.87977600
v -84.83490753 57.15830994 35.87977600
v -85.81855774 57.40929031 34.87977600
v -85.32389069 58.59075546 34.87977600
v -84.83490753 57.15830994 35.87977600
v -85.32389069 58.59075546 34.87977600
v -84.33573914 58.37627029 35.87977600
v -84.33573914 58.37627029 35.87977600
v -85.32389069 58.59075546 34.87977600
v -84.90217590 59.80017853 34.87977600
v -84.33573914 58.37627029 35.87977600
v -84.90217590 59.80017853 34.87977600
v -83.91030121 59.62190247 35.87977600
v -83.91030121 59.62190247 35.87977600
v -84.90217590 59.80017853 34.87977600
v -84.55496979 61.03306198 34.87977600
v -83.91030121 59.62190247 35.87977600
v -84.55496979 61.03306198 34.87977600
v -83.56011963 60.89074707 35.87977600
v -83.56011963 60.89074707 35.87977600
v -84.55496979 61.03306198 34.87977600
v -84.28357697 62.28481674 34.87977600
v -83.56011963 60.89074707 35.87977600
v -84.28357697 62.28481674 34.87977600
v -83.28645325 62.17826462 35.87977600
v -83.28645325 62.17826462 35.87977600
v -84.28357697 62.28481674 34.87977600
v -84.08900452 63.55079269 34.87977600
v -83.28645325 62.17826462 35.87977600
v -84.08900452 63.55079269 34.87977600
v -83.09027100 63.47984314 35.87977600
v -83.09027100 63.47984314 35.87977600
v -84.08900452 63.55079269 34.87977600
v -83.97196198 64.82627106 34.87977600
v -83.09027100 63.47984314 35.87977600
v -83.97196198 64.82627106 34.87977600
v -82.97228241 64.79082489 35.87977600
v -82.97228241 64.79082489 35.87977600
v -83.97196198 64.82627106 34.87977600
v -83.93290710 66.10651398 34.87977600
v -82.97228241 64.79082489 39.87977600
v -82.97228241 64.79082489 35.87977600
v -82.93290710 66.10651398 39.87977600
v -82.93290710 66.10651398 39.87977600
v -82.97228241 64.79082489 35.87977600
v -82.93290710 66.10651398 35.87977600
v -82.93290710 66.10651398 39.87977600
v -82.93290710 66.10651398 35.87977600
v -82.97228241 67.42220306 39.87977600
v -82.97228241 67.42220306 39.87977600
v -82.93290710 66.10651398 35.87977600
v -82.97228241 67.42220306 35.87977600
v -82.97228241 67.42220306 39.87977600
v -82.97228241 67.42220306 35.87977600
v -83.09027100 68.73318481 39.87977600
v -83.09027100 68.73318481 39.87977600
v -82.97228241 67.42220306 35.87977600
v -83.09027100 68.73318481 35.87977600
v -83.09027100 68.73318481 39.87977600
v -83.09027100 68.73318481 35.87977600
v -83.28645325 70.03476715 39.87977600
v -83.28645325 70.03476715 39.87977600
v -83.09027100 68.73318481 35.87977600
v -83.28645325 70.03476715 35.87977600
v -83.28645325 70.03476715 39.87977600
v -83.28645325 70.03476715 35.87977600
v -83.56011963 71.32228088 39.87977600
v -83.56011963 71.32228088 39.87977600
v -83.28645325 70.03476715 35.87977600
v -83.56011963 71.32228088 35.87977600
v -83.56011963 71.32228088 39.87977600
v -83.56011963 71.32228088 35.87977600
v -83.91030121 72.59112549 39.87977600
v -83.91030121 72.59112549 39.87977600
v -83.56011963 71.32228088 35.87977600
v -83.91030121 72.59112549 35.87977600
v -83.91030121 72.59112549 39.87977600
v -83.91030121 72.59112549 35.87977600
v -84.33573914 73.83676147 39.87977600
v -84.33573914 73.83676147 39.87977600
v -83.91030121 72.59112549 35.87977600
v -84.33573914 73.83676147 35.87977600
v -84.33573914 73.83676147 39.87977600
v -84.33573914 73.83676147 35.87977600
v -84.83490753 75.05471802 39.87977600
v -84.83490753 75.05471802 39.87977600
v -84.33573914 73.83676147 35.87977600
v -84.83490753 75.05471802 35.87977600
v -84.83490753 75.05471802 39.87977600
v -84.83490753 75.05471802 35.87977600
v -85.40601349 76.24064636 39.87977600
v -85.40601349 76.24064636 39.87977600
v -84.83490753 75.05471802 35.87977600
v -85.40601349 76.24064636 35.87977600
v -85.40601349 76.24064636 39.87977600
v -85.40601349 76.24064636 35.87977600
v -86.04702759 77.39029694 39.87977600
v -86.04702759 77.39029694 39.87977600
v -85.40601349 76.24064636 35.87977600
v -86.04702759 77.39029694 35.87977600
v -86.04702759 77.39029694 39.87977600
v -86.04702759 77.39029694 35.87977600
v -86.75565338 78.49955750 39.87977600
v -86.75565338 78.49955750 39.87977600
v -86.04702759 77.39029694 35.87977600
v -86.75565338 78.49955750 35.87977600
v -86.75565338 78.49955750 39.87977600
v -86.75565338 78.49955750 35.87977600
v -87.52934265 79.56445312 39.87977600
v -87.52934265 79.56445312 39.87977600
v -86.75565338 78.49955750 35.87977600
v -87.52934265 79.56445312 35.87977600
v -87.52934265 79.56445312 39.87977600
v -87.52934265 79.56445312 35.87977600
v -88.36533356 80.58116913 39.87977600
v -88.36533356 80.58116913 39.87977600
v -87.52934265 79.56445312 35.87977600
v -88.36533356 80.58116913 35.87977600
v -88.36533356 80.58116913 39.87977600
v -88.36533356 80.58116913 35.87977600
v -89.26062775 81.54606628 39.87977600
v -89.26062775 81.54606628 39.87977600
v -88.36533356 80.58116913 35.87977600
v -89.26062775 81.54606628 35.87977600
v -89.26062775 81.54606628 39.87977600
v -89.26062775 81.54606628 35.87977600
v -90.21202850 82.45570374 39.87977600
v -90.21202850 82.45570374 39.87977600
v -89.26062775 81.54606628 35.87977600
v -90.21202850 82.45570374 35.87977600
v -90.21202850 82.45570374 39.87977600
v -90.21202850 82.45570374 35.87977600
v -91.21612549 83.30680847 39.87977600
v -91.21612549 83.30680847 39.87977600
v -90.21202850 82.45570374 35.87977600
v -91.21612549 83.30680847 35.87977600
v -91.21612549 83.30680847 39.87977600
v -91.21612549 83.30680847 35.87977600
v -92.26932526 84.09634399 39.87977600
v -92.26932526 84.09634399 39.87977600
v -91.21612549 83.30680847 35.87977600
v -92.26932526 84.09634399 35.87977600
v -92.26932526 84.09634399 39.87977600
v -92.26932526 84.09634399 35.87977600
v -93.36785889 84.82147980 39.87977600
v -93.36785889 84.82147980 39.87977600
v -92.26932526 84.09634399 35.87977600
v -93.36785889 84.82147980 35.87977600
v -93.36785889 84.82147980 39.87977600
v -93.36785889 84.82147980 35.87977600
v -94.50778961 85.47961426 39.87977600
v -94.50778961 85.47961426 39.87977600
v -93.36785889 84.82147980 35.87977600
v -94.50778961 85.47961426 35.87977600
v -94.50778961 85.47961426 39.87977600
v -94.50778961 85.47961426 35.87977600
v -95.68504333 86.06840515 39.87977600
v -95.68504333 86.06840515 39.87977600
v -94.50778961 85.47961426 35.87977600
v -95.68504333 86.06840515 35.87977600
v -95.68504333 86.06840515 39.87977600
v -95.68504333 86.06840515 35.87977600
v -96.89540100 86.58573914 39.87977600
v -96.89540100 86.58573914 39.87977600
v -95.68504333 86.06840515 35.87977600
v -96.89540100 86.58573914 35.87977600
v -96.89540100 86.58573914 39.87977600
v -96.89540100 86.58573914 35.87977600
v -98.13452911 87.02976227 39.87977600
v -98.13452911 87.02976227 39.87977600
v -96.89540100 86.58573914 35.87977600
v -98.13452911 87.02976227 35.87977600
v -98.13452911 87.02976227 39.87977600
v -98.13452911 87.02976227 35.87977600
v -99.39799500 87.39888000 39.87977600
v -99.39799500 87.39888000 39.87977600
v -98.13452911 87.02976227 35.87977600
v -99.39799500 87.39888000 35.87977600
v -99.39799500 87.39888000 39.87977600
v -99.39799500 87.39888000 35.87977600
v -100.68127441 87.69178009 39.87977600
v -100.68127441 87.69178009 39.87977600
v -99.39799500 87.39888000 35.87977600
v -100.68127441 87.69178009 35.87977600
v -100.68127441 87.69178009 39.87977600
v -100.68127441 87.69178009 35.87977600
v -101.97977448 87.90740967 39.87977600
v -101.97977448 87.90740967 39.87977600
v -100.68127441 87.69178009 35.87977600
v -101.97977448 87.90740967 35.87977600
v -101.97977448 87.90740967 39.87977600
v -101.97977448 87.90740967 35.87977600
v -103.28884125 88.04499817 39.87977600
v -103.28884125 88.04499817 39.87977600
v -101.97977448 87.90740967 35.87977600
v -103.28884125 88.04499817 35.87977600
v -103.28884125 88.04499817 39.87977600
v -103.28884125 88.04499817 35.87977600
v -104.60379791 88.10405731 39.87977600
v -104.60379791 88.10405731 39.87977600
v -103.28884125 88.04499817 35.87977600
v -104.60379791 88.10405731 35.87977600
v -104.60379791 88.10405731 39.87977600
v -104.60379791 88.10405731 35.87977600
v -105.91992950 88.08436584 39.87977600
v -105.91992950 88.08436584 39.87977600
v -104.60379791 88.10405731 35.87977600
v -105.91992950 88.08436584 35.87977600
v -105.91992950 88.08436584 39.87977600
v -105.91992950 88.08436584 35.87977600
v -107.23252869 87.98600006 39.87977600
v -107.23252869 87.98600006 39.87977600
v -105.91992950 88.08436584 35.87977600
v -107.23252869 87.98600006 35.87977600
v -107.23252869 87.98600006 39.87977600
v -107.23252869 87.98600006 35.87977600
v -108.53689575 87.80931091 39.87977600
v -108.53689575 87.80931091 39.87977600
v -107.23252869 87.98600006 35.87977600
v -108.53689575 87.80931091 35.87977600
v -108.53689575 87.80931091 39.87977600
v -108.53689575 87.80931091 35.87977600
v -109.82836151 87.55493164 39.87977600
v -109.82836151 87.55493164 39.87977600
v -108.53689575 87.80931091 35.87977600
v -109.82836151 87.55493164 35.87977600
v -109.82836151 87.55493164 39.87977600
v -109.82836151 87.55493164 35.87977600
v -111.10231018 87.22377014 39.87977600
v -111.10231018 87.22377014 39.87977600
v -109.82836151 87.55493164 35.87977600
v -111.10231018 87.22377014 35.87977600
v -111.10231018 87.22377014 39.87977600
v -111.10231018 87.22377014 35.87977600
v -112.35416412 86.81701660 39.87977600
v -112.35416412 86.81701660 39.87977600
v -111.10231018 87.22377014 35.87977600
v -112.35416412 86.81701660 35.87977600
v -112.35416412 86.81701660 39.87977600
v -112.35416412 86.81701660 35.87977600
v -113.57945251 86.33612823 39.87977600
v -113.57945251 86.33612823 39.87977600
v -112.35416412 86.81701660 35.87977600
v -113.57945251 86.33612823 35.87977600
v -113.57945251 86.33612823 39.87977600
v -113.57945251 86.33612823 35.87977600
v -114.77379608 85.78282166 39.87977600
v -114.77379608 85.78282166 39.87977600
v -113.57945251 86.33612823 35.87977600
v -114.77379608 85.78282166 35.87977600
v -114.77379608 85.78282166 39.87977600
v -114.77379608 85.78282166 35.87977600
v -115.93290710 85.15907288 39.87977600
v -115.93290710 85.15907288 39.87977600
v -114.77379608 85.78282166 35.87977600
v -115.93290710 85.15907288 35.87977600
v -115.93290710 85.15907288 39.87977600
v -115.93290710 85.15907288 35.87977600
v -117.05263519 84.46712494 39.87977600
v -117.05263519 84.46712494 39.87977600
v -115.93290710 85.15907288 35.87977600
v -117.05263519 84.46712494 35.87977600
v -117.05263519 84.46712494 39.87977600
v -117.05263519 84.46712494 35.87977600
v -118.12898254 83.70944977 39.87977600
v -118.12898254 83.70944977 39.87977600
v -117.05263519 84.46712494 35.87977600
v -118.12898254 83.70944977 35.87977600
v -118.12898254 83.70944977 39.87977600
v -118.12898254 83.70944977 35.87977600
v -119.15809631 82.88876343 39.87977600
v -119.15809631 82.88876343 39.87977600
v -118.12898254 83.70944977 35.87977600
v -119.15809631 82.88876343 35.87977600
v -119.15809631 82.88876343 39.87977600
v -119.15809631 82.88876343 35.87977600
v -120.13628387 82.00800323 39.87977600
v -120.13628387 82.00800323 39.87977600
v -119.15809631 82.88876343 35.87977600
v -120.13628387 82.00800323 35.87977600
v -120.13628387 82.00800323 39.87977600
v -120.13628387 82.00800323 35.87977600
v -121.06004333 81.07031250 39.87977600
v -121.06004333 81.07031250 39.87977600
v -120.13628387 82.00800323 35.87977600
v -121.06004333 81.07031250 35.87977600
v -121.06004333 81.07031250 39.87977600
v -121.06004333 81.07031250 35.87977600
v -121.92607880 80.07906342 39.87977600
v -121.92607880 80.07906342 39.87977600
v -121.06004333 81.07031250 35.87977600
v -121.92607880 80.07906342 35.87977600
v -121.92607880 80.07906342 39.87977600
v -121.92607880 80.07906342 35.87977600
v -122.73127747 79.03778839 39.87977600
v -122.73127747 79.03778839 39.87977600
v -121.92607880 80.07906342 35.87977600
v -122.73127747 79.03778839 35.87977600
v -122.73127747 79.03778839 39.87977600
v -122.73127747 79.03778839 35.87977600
v -123.47276306 77.95022583 39.87977600
v -123.47276306 77.95022583 39.87977600
v -122.73127747 79.03778839 35.87977600
v -123.47276306 77.95022583 35.87977600
v -123.47276306 77.95022583 39.87977600
v -123.47276306 77.95022583 35.87977600
v -124.14788055 76.82026672 39.87977600
v -124.14788055 76.82026672 39.87977600
v -123.47276306 77.95022583 35.87977600
v -124.14788055 76.82026672 35.87977600
v -124.14788055 76.82026672 39.87977600
v -124.14788055 76.82026672 35.87977600
v -124.75421906 75.65195465 39.87977600
v -124.75421906 75.65195465 39.87977600
v -124.14788055 76.82026672 35.87977600
v -124.75421906 75.65195465 35.87977600
v -124.75421906 75.65195465 39.87977600
v -124.75421906 75.65195465 35.87977600
v -125.28959656 74.44947815 39.87977600
v -125.28959656 74.44947815 39.87977600
v -124.75421906 75.65195465 35.87977600
v -125.28959656 74.44947815 35.87977600
v -125.28959656 74.44947815 39.87977600
v -125.28959656 74.44947815 35.87977600
v -125.75210571 73.21712494 39.87977600
v -125.75210571 73.21712494 39.87977600
v -125.28959656 74.44947815 35.87977600
v -125.75210571 73.21712494 35.87977600
v -125.75210571 73.21712494 39.87977600
v -125.75210571 73.21712494 35.87977600
v -126.14008331 71.95932770 39.87977600
v -126.14008331 71.95932770 39.87977600
v -125.75210571 73.21712494 35.87977600
v -126.14008331 71.95932770 35.87977600
v -126.14008331 71.95932770 39.87977600
v -126.14008331 71.95932770 35.87977600
v -126.45214844 70.68057251 39.87977600
v -126.45214844 70.68057251 39.87977600
v -126.14008331 71.95932770 35.87977600
v -126.45214844 70.68057251 35.87977600
v -126.45214844 70.68057251 39.87977600
v -126.45214844 70.68057251 35.87977600
v -126.68717957 69.38544464 39.87977600
v -126.68717957 69.38544464 39.87977600
v -126.45214844 70.68057251 35.87977600
v -126.68717957 69.38544464 35.87977600
v -126.68717957 69.38544464 39.87977600
v -126.68717957 69.38544464 35.87977600
v -126.84433746 68.07858276 39.87977600
v -126.84433746 68.07858276 39.87977600
v -126.68717957 69.38544464 35.87977600
v -126.84433746 68.07858276 35.87977600
v -126.84433746 68.07858276 39.87977600
v -126.84433746 68.07858276 35.87977600
v -126.92305756 66.76465607 39.87977600
v -126.92305756 66.76465607 39.87977600
v -126.84433746 68.07858276 35.87977600
v -126.92305756 66.76465607 35.87977600
v -126.92305756 66.76465607 39.87977600
v -126.92305756 66.76465607 35.87977600
v -126.92305756 65.44837189 39.87977600
v -126.92305756 65.44837189 39.87977600
v -126.92305756 66.76465607 35.87977600
v -126.92305756 65.44837189 35.87977600
v -126.92305756 65.44837189 39.87977600
v -126.92305756 65.44837189 35.87977600
v -126.84433746 64.13445282 39.87977600
v -126.84433746 64.13445282 39.87977600
v -126.92305756 65.44837189 35.87977600
v -126.84433746 64.13445282 35.87977600
v -126.84433746 64.13445282 39.87977600
v -126.84433746 64.13445282 35.87977600
v -126.68717957 62.82758713 39.87977600
v -126.68717957 62.82758713 39.87977600
v -126.84433746 64.13445282 35.87977600
v -126.68717957 62.82758713 35.87977600
v -126.68717957 62.82758713 39.87977600
v -126.68717957 62.82758713 35.87977600
v -126.45214844 61.53245926 39.87977600
v -126.45214844 61.53245926 39.87977600
v -126.68717957 62.82758713 35.87977600
v -126.45214844 61.53245926 35.87977600
v -126.45214844 61.53245926 39.87977600
v -126.45214844 61.53245926 35.87977600
v -126.14008331 60.25370407 39.87977600
v -126.14008331 60.25370407 39.87977600
v -126.45214844 61.53245926 35.87977600
v -126.14008331 60.25370407 35.87977600
v -126.14008331 60.25370407 39.87977600
v -126.14008331 60.25370407 35.87977600
v -125.75210571 58.99590302 39.87977600
v -125.75210571 58.99590302 39.87977600
v -126.14008331 60.25370407 35.87977600
v -125.75210571 58.99590302 35.87977600
v -125.75210571 58.99590302 39.87977600
v -125.75210571 58.99590302 35.87977600
v -125.28959656 57.76355362 39.87977600
v -125.28959656 57.76355362 39.87977600
v -125.75210571 58.99590302 35.87977600
v -125.28959656 57.76355362 35.87977600
v -125.28959656 57.76355362 39.87977600
v -125.28959656 57.76355362 35.87977600
v -124.75421906 56.56107330 39.87977600
v -124.75421906 56.56107330 39.87977600
v -125.28959656 57.76355362 35.87977600
v -124.75421906 56.56107330 35.87977600
v -124.75421906 56.56107330 39.87977600
v -124.75421906 56.56107330 35.87977600
v -124.14788055 55.39276123 39.87977600
v -124.14788055 55.39276123 39.87977600
v -124.75421906 56.56107330 35.87977600
v -124.14788055 55.39276123 35.87977600
v -124.14788055 55.39276123 39.87977600
v -124.14788055 55.39276123 35.87977600
v -123.47276306 54.26280212 39.87977600
v -123.47276306 54.26280212 39.87977600
v -124.14788055 55.39276123 35.87977600
v -123.47276306 54.26280212 35.87977600
v -123.47276306 54.26280212 39.87977600
v -123.47276306 54.26280212 35.87977600
v -122.73127747 53.17523956 39.87977600
v -122.73127747 53.17523956 39.87977600
v -123.47276306 54.26280212 35.87977600
v -122.73127747 53.17523956 35.87977600
v -122.73127747 53.17523956 39.87977600
v -122.73127747 53.17523956 35.87977600
v -121.92607880 52.13396835 39.87977600
v -121.92607880 52.13396835 39.87977600
v -122.73127747 53.17523956 35.87977600
v -121.92607880 52.13396835 35.87977600
v -121.92607880 52.13396835 39.87977600
v -121.92607880 52.13396835 35.87977600
v -121.06004333 51.14271545 39.87977600
v -121.06004333 51.14271545 39.87977600
v -121.92607880 52.13396835 35.87977600
v -121.06004333 51.14271545 35.87977600
v -121.06004333 51.14271545 39.87977600
v -121.06004333 51.14271545 35.87977600
v -120.13628387 50.20502853 39.87977600
v -120.13628387 50.20502853 39.87977600
v -121.06004333 51.14271545 35.87977600
v -120.13628387 50.20502853 35.87977600
v -120.13628387 50.20502853 39.87977600
v -120.13628387 50.20502853 35.87977600
v -119.15809631 49.32426453 39.87977600
v -119.15809631 49.32426453 39.87977600
v -120.13628387 50.20502853 35.87977600
v -119.15809631 49.32426453 35.87977600
v -119.15809631 49.32426453 39.87977600
v -119.15809631 49.32426453 35.87977600
v -118.12898254 48.50357819 39.87977600
v -118.12898254 48.50357819 39.87977600
v -119.15809631 49.32426453 35.87977600
v -118.12898254 48.50357819 35.87977600
v -118.12898254 48.50357819 39.87977600
v -118.12898254 48.50357819 35.87977600
v -117.05263519 47.74590302 39.87977600
v -117.05263519 47.74590302 39.87977600
v -118.12898254 48.50357819 35.87977600
v -117.05263519 47.74590302 35.87977600
v -117.05263519 47.74590302 39.87977600
v -117.05263519 47.74590302 35.87977600
v -115.93290710 47.05395508 39.87977600
v -115.93290710 47.05395508 39.87977600
v -117.05263519 47.74590302 35.87977600
v -115.93290710 47.05395508 35.87977600
v -115.93290710 47.05395508 39.87977600
v -115.93290710 47.05395508 35.87977600
v -114.77379608 46.43021393 39.87977600
v -114.77379608 46.43021393 39.87977600
v -115.93290710 47.05395508 35.87977600
v -114.77379608 46.43021393 35.87977600
v -114.77379608 46.43021393 39.87977600
v -114.77379608 46.43021393 35.87977600
v -113.57945251 45.87690353 39.87977600
v -113.57945251 45.87690353 39.87977600
v -114.77379608 46.43021393 35.87977600
v -113.57945251 45.87690353 35.87977600
v -113.57945251 45.87690353 39.87977600
v -113.57945251 45.87690353 35.87977600
v -112.35416412 45.39601135 39.87977600
v -112.35416412 45.39601135 39.87977600
v -113.57945251 45.87690353 35.87977600
v -112.35416412 45.39601135 35.87977600
v -112.35416412 45.39601135 39.87977600
v -112.35416412 45.39601135 35.87977600
v -111.10231018 44.98926163 39.87977600
v -111.10231018 44.98926163 39.87977600
v -112.35416412 45.39601135 35.87977600
v -111.10231018 44.98926163 35.87977600
v -111.10231018 44.98926163 39.87977600
v -111.10231018 44.98926163 35.87977600
v -109.82836151 44.65810013 39.87977600
v -109.82836151 44.65810013 39.87977600
v -111.10231018 44.98926163 35.87977600
v -109.82836151 44.65810013 35.87977600
v -109.82836151 44.65810013 39.87977600
v -109.82836151 44.65810013 35.87977600
v -108.53689575 44.40372086 39.87977600
v -108.53689575 44.40372086 39.87977600
v -109.82836151 44.65810013 35.87977600
v -108.53689575 44.40372086 35.87977600
v -108.53689575 44.40372086 39.87977600
v -108.53689575 44.40372086 35.87977600
v -107.23252869 44.22703552 39.87977600
v -107.23252869 44.22703552 39.87977600
v -108.53689575 44.40372086 35.87977600
v -107.23252869 44.22703552 35.87977600
v -107.23252869 44.22703552 39.87977600
v -107.23252869 44.22703552 35.87977600
v -105.91992950 44.12866974 39.87977600
v -105.91992950 44.12866974 39.87977600
v -107.23252869 44.22703552 35.87977600
v -105.91992950 44.12866974 35.87977600
v -105.91992950 44.12866974 39.87977600
v -105.91992950 44.12866974 35.87977600
v -104.60379791 44.10897827 39.87977600
v -104.60379791 44.10897827 39.87977600
v -105.91992950 44.12866974 35.87977600
v -104.60379791 44.10897827 35.87977600
v -104.60379791 44.10897827 39.87977600
v -104.60379791 44.10897827 35.87977600
v -103.28884125 44.16803360 39.87977600
v -103.28884125 44.16803360 39.87977600
v -104.60379791 44.10897827 35.87977600
v -103.28884125 44.16803360 35.87977600
v -103.28884125 44.16803360 39.87977600
v -103.28884125 44.16803360 35.87977600
v -101.97977448 44.30562210 39.87977600
v -101.97977448 44.30562210 39.87977600
v -103.28884125 44.16803360 35.87977600
v -101.97977448 44.30562210 35.87977600
v -101.97977448 44.30562210 39.87977600
v -101.97977448 44.30562210 35.87977600
v -100.68127441 44.52125168 39.87977600
v -100.68127441 44.52125168 39.87977600
v -101.97977448 44.30562210 35.87977600
v -100.68127441 44.52125168 35.87977600
v -100.68127441 44.52125168 39.87977600
v -100.68127441 44.52125168 35.87977600
v -99.39799500 44.81415176 39.87977600
v -99.39799500 44.81415176 39.87977600
v -100.68127441 44.52125168 35.87977600
v -99.39799500 44.81415176 35.87977600
v -99.39799500 44.81415176 39.87977600
v -99.39799500 44.81415176 35.87977600
v -98.13452911 45.18327332 39.87977600
v -98.13452911 45.18327332 39.87977600
v -99.39799500 44.81415176 35.87977600
v -98.13452911 45.18327332 35.87977600
v -98.13452911 45.18327332 39.87977600
v -98.13452911 45.18327332 35.87977600
v -96.89540100 45.62729263 39.87977600
v -96.89540100 45.62729263 39.87977600
v -98.13452911 45.18327332 35.87977600
v -96.89540100 45.62729263 35.87977600
v -96.89540100 45.62729263 39.87977600
v -96.89540100 45.62729263 35.87977600
v -95.68504333 46.14462280 39.87977600
v -95.68504333 46.14462280 39.87977600
v -96.89540100 45.62729263 35.87977600
v -95.68504333 46.14462280 35.87977600
v -95.68504333 46.14462280 39.87977600
v -95.68504333 46.14462280 35.87977600
v -94.50778961 46.73341370 39.87977600
v -94.50778961 46.73341370 39.87977600
v -95.68504333 46.14462280 35.87977600
v -94.50778961 46.73341370 35.87977600
v -94.50778961 46.73341370 39.87977600
v -94.50778961 46.73341370 35.87977600
v -93.36785889 47.39155579 39.87977600
v -93.36785889 47.39155579 39.87977600
v -94.50778961 46.73341370 35.87977600
v -93.36785889 47.39155579 35.87977600
v -93.36785889 47.39155579 39.87977600
v -93.36785889 47.39155579 35.87977600
v -92.26932526 48.11668777 39.87977600
v -92.26932526 48.11668777 39.87977600
v -93.36785889 47.39155579 35.87977600
v -92.26932526 48.11668777 35.87977600
v -92.26932526 48.11668777 39.87977600
v -92.26932526 48.11668777 35.87977600
v -91.21612549 48.90622330 39.87977600
v -91.21612549 48.90622330 39.87977600
v -92.26932526 48.11668777 35.87977600
v -91.21612549 48.90622330 35.87977600
v -91.21612549 48.90622330 39.87977600
v -91.21612549 48.90622330 35.87977600
v -90.21202850 49.75732803 39.87977600
v -90.21202850 49.75732803 39.87977600
v -91.21612549 48.90622330 35.87977600
v -90.21202850 49.75732803 35.87977600
v -90.21202850 49.75732803 39.87977600
v -90.21202850 49.75732803 35.87977600
v -89.26062775 50.66696167 39.87977600
v -89.26062775 50.66696167 39.87977600
v -90.21202850 49.75732803 35.87977600
v -89.26062775 50.66696167 35.87977600
v -89.26062775 50.66696167 39.87977600
v -89.26062775 50.66696167 35.87977600
v -88.36533356 51.63186264 39.87977600
v -88.36533356 51.63186264 39.87977600
v -89.26062775 50.66696167 35.87977600
v -88.36533356 51.63186264 35.87977600
v -88.36533356 51.63186264 39.87977600
v -88.36533356 51.63186264 35.87977600
v -87.52934265 52.64858246 39.87977600
v -87.52934265 52.64858246 39.87977600
v -88.36533356 51.63186264 35.87977600
v -87.52934265 52.64858246 35.87977600
v -87.52934265 52.64858246 39.87977600
v -87.52934265 52.64858246 35.87977600
v -86.75565338 53.71347427 39.87977600
v -86.75565338 53.71347427 39.87977600
v -87.52934265 52.64858246 35.87977600
v -86.75565338 53.71347427 35.87977600
v -86.75565338 53.71347427 39.87977600
v -86.75565338 53.71347427 35.87977600
v -86.04702759 54.82273102 39.87977600
v -86.04702759 54.82273102 39.87977600
v -86.75565338 53.71347427 35.87977600
v -86.04702759 54.82273102 35.87977600
v -86.04702759 54.82273102 39.87977600
v -86.04702759 54.82273102 35.87977600
v -85.40601349 55.97238159 39.87977600
v -85.40601349 55.97238159 39.87977600
v -86.04702759 54.82273102 35.87977600
v -85.40601349 55.97238159 35.87977600
v -85.40601349 55.97238159 39.87977600
v -85.40601349 55.97238159 35.87977600
v -84.83490753 57.15830994 39.87977600
v -84.83490753 57.15830994 39.87977600
v -85.40601349 55.97238159 35.87977600
v -84.83490753 57.15830994 35.87977600
v -84.83490753 57.15830994 39.87977600
v -84.83490753 57.15830994 35.87977600
v -84.33573914 58.37627029 39.87977600
v -84.33573914 58.37627029 39.87977600
v -84.83490753 57.15830994 35.87977600
v -84.33573914 58.37627029 35.87977600
v -84.33573914 58.37627029 39.87977600
v -84.33573914 58.37627029 35.87977600
v -83.91030121 59.62190247 39.87977600
v -83.91030121 59.62190247 39.87977600
v -84.33573914 58.37627029 35.87977600
v -83.91030121 59.62190247 35.87977600
v -83.91030121 59.62190247 39.87977600
v -83.91030121 59.62190247 35.87977600
v -83.56011963 60.89074707 39.87977600
v -83.56011963 60.89074707 39.87977600
v -83.91030121 59.62190247 35.87977600
v -83.56011963 60.89074707 35.87977600
v -83.56011963 60.89074707 39.87977600
v -83.56011963 60.89074707 35.87977600
v -83.28645325 62.17826462 39.87977600
v -83.28645325 62.17826462 39.87977600
v -83.56011963 60.89074707 35.87977600
v -83.28645325 62.17826462 35.87977600
v -83.28645325 62.17826462 39.87977600
v -83.28645325 62.17826462 35.87977600
v -83.09027100 63.47984314 39.87977600
v -83.09027100 63.47984314 39.87977600
v -83.28645325 62.17826462 35.87977600
v -83.09027100 63.47984314 35.87977600
v -83.09027100 63.47984314 39.87977600
v -83.09027100 63.47984314 35.87977600
v -82.97228241 64.79082489 39.87977600
v -82.97228241 64.79082489 39.87977600
v -83.09027100 63.47984314 35.87977600
v -82.97228241 64.79082489 35.87977600
v -122.83354950 64.02777100 34.87977600
v -122.43290710 63.98951721 34.87977600
v -125.14663696 60.41397095 34.87977600
v -125.14663696 60.41397095 34.87977600
v -122.43290710 63.98951721 34.87977600
v -122.03225708 64.02777100 34.87977600
v -125.14663696 60.41397095 34.87977600
v -122.03225708 64.02777100 34.87977600
v -124.76200104 59.19224930 34.87977600
v -124.76200104 59.19224930 34.87977600
v -122.03225708 64.02777100 34.87977600
v -124.30359650 57.99625015 34.87977600
v -124.30359650 57.99625015 34.87977600
v -122.03225708 64.02777100 34.87977600
v -121.64609528 64.14115906 34.87977600
v -124.30359650 57.99625015 34.87977600
v -121.64609528 64.14115906 34.87977600
v -123.77313232 56.83042145 34.87977600
v -123.77313232 56.83042145 34.87977600
v -121.64609528 64.14115906 34.87977600
v -121.28836823 64.32558441 34.87977600
v -123.77313232 56.83042145 34.87977600
v -121.28836823 64.32558441 34.87977600
v -123.17257690 55.69910049 34.87977600
v -123.17257690 55.69910049 34.87977600
v -121.28836823 64.32558441 34.87977600
v -122.50417328 54.60649490 34.87977600
v -122.50417328 54.60649490 34.87977600
v -121.28836823 64.32558441 34.87977600
v -120.97200775 64.57437134 34.87977600
v -122.50417328 54.60649490 34.87977600
v -120.97200775 64.57437134 34.87977600
v -108.91517639 63.08302689 34.87977600
v -108.91517639 63.08302689 34.87977600
v -120.97200775 64.57437134 34.87977600
v -109.25690460 63.59593964 34.87977600
v -109.25690460 63.59593964 34.87977600
v -120.97200775 64.57437134 34.87977600
v -120.70845032 64.87853241 34.87977600
v -109.25690460 63.59593964 34.87977600
v -120.70845032 64.87853241 34.87977600
v -109.53293610 64.14700317 34.87977600
v -109.53293610 64.14700317 34.87977600
v -120.70845032 64.87853241 34.87977600
v -120.50720978 65.22708130 34.87977600
v -109.53293610 64.14700317 34.87977600
v -120.50720978 65.22708130 34.87977600
v -109.73906708 64.72782898 34.87977600
v -109.73906708 64.72782898 34.87977600
v -120.50720978 65.22708130 34.87977600
v -120.37557983 65.60741425 34.87977600
v -109.73906708 64.72782898 34.87977600
v -120.37557983 65.60741425 34.87977600
v -109.87217712 65.32961273 34.87977600
v -109.87217712 65.32961273 34.87977600
v -120.37557983 65.60741425 34.87977600
v -120.31829834 66.00578308 34.87977600
v -109.87217712 65.32961273 34.87977600
v -120.31829834 66.00578308 34.87977600
v -109.93023682 65.94319916 34.87977600
v -109.93023682 65.94319916 34.87977600
v -120.31829834 66.00578308 34.87977600
v -109.91236115 66.55926514 34.87977600
v -109.91236115 66.55926514 34.87977600
v -120.31829834 66.00578308 34.87977600
v -120.33744812 66.40779877 34.87977600
v -109.91236115 66.55926514 34.87977600
v -120.33744812 66.40779877 34.87977600
v -109.81883240 67.16845703 34.87977600
v -109.81883240 67.16845703 34.87977600
v -120.33744812 66.40779877 34.87977600
v -120.43233490 66.79891968 34.87977600
v -109.81883240 67.16845703 34.87977600
v -120.43233490 66.79891968 34.87977600
v -109.65106201 67.76150513 34.87977600
v -109.65106201 67.76150513 34.87977600
v -120.43233490 66.79891968 34.87977600
v -120.59952545 67.16501617 34.87977600
v -109.65106201 67.76150513 34.87977600
v -120.59952545 67.16501617 34.87977600
v -109.41159821 68.32941437 34.87977600
v -109.41159821 68.32941437 34.87977600
v -120.59952545 67.16501617 34.87977600
v -120.83298492 67.49285889 34.87977600
v -109.41159821 68.32941437 34.87977600
v -120.83298492 67.49285889 34.87977600
v -109.10408783 68.86354828 34.87977600
v -109.10408783 68.86354828 34.87977600
v -120.83298492 67.49285889 34.87977600
v -121.12425995 67.77059174 34.87977600
v -109.10408783 68.86354828 34.87977600
v -121.12425995 67.77059174 34.87977600
v -122.50417328 77.60653687 34.87977600
v -122.50417328 77.60653687 34.87977600
v -121.12425995 67.77059174 34.87977600
v -123.17257690 76.51393127 34.87977600
v -123.17257690 76.51393127 34.87977600
v -121.12425995 67.77059174 34.87977600
v -121.46283722 67.98818207 34.87977600
v -123.17257690 76.51393127 34.87977600
v -121.46283722 67.98818207 34.87977600
v -123.77313232 75.38260651 34.87977600
v -123.77313232 75.38260651 34.87977600
v -121.46283722 67.98818207 34.87977600
v -124.30359650 74.21678162 34.87977600
v -124.30359650 74.21678162 34.87977600
v -121.46283722 67.98818207 34.87977600
v -121.83647919 68.13776398 34.87977600
v -124.30359650 74.21678162 34.87977600
v -121.83647919 68.13776398 34.87977600
v -124.76200104 73.02078247 34.87977600
v -124.76200104 73.02078247 34.87977600
v -121.83647919 68.13776398 34.87977600
v -122.23166656 68.21392822 34.87977600
v -124.76200104 73.02078247 34.87977600
v -122.23166656 68.21392822 34.87977600
v -125.14663696 71.79905701 34.87977600
v -125.14663696 71.79905701 34.87977600
v -122.23166656 68.21392822 34.87977600
v -122.63414001 68.21392822 34.87977600
v -125.14663696 71.79905701 34.87977600
v -122.63414001 68.21392822 34.87977600
v -125.45607758 70.55615997 34.87977600
v -125.45607758 70.55615997 34.87977600
v -122.63414001 68.21392822 34.87977600
v -123.02933502 68.13776398 34.87977600
v -125.45607758 70.55615997 34.87977600
v -123.02933502 68.13776398 34.87977600
v -123.40296936 67.98818207 34.87977600
v -125.45607758 70.55615997 34.87977600
v -123.40296936 67.98818207 34.87977600
v -125.68917084 69.29670715 34.87977600
v -125.68917084 69.29670715 34.87977600
v -123.40296936 67.98818207 34.87977600
v -123.74154663 67.77059174 34.87977600
v -125.68917084 69.29670715 34.87977600
v -123.74154663 67.77059174 34.87977600
v -124.03282928 67.49285889 34.87977600
v -125.68917084 69.29670715 34.87977600
v -124.03282928 67.49285889 34.87977600
v -125.84505463 68.02539062 34.87977600
v -125.84505463 68.02539062 34.87977600
v -124.03282928 67.49285889 34.87977600
v -124.26628113 67.16501617 34.87977600
v -125.84505463 68.02539062 34.87977600
v -124.26628113 67.16501617 34.87977600
v -124.43347168 66.79891968 34.87977600
v -125.84505463 68.02539062 34.87977600
v -124.43347168 66.79891968 34.87977600
v -125.92313385 66.74693298 34.87977600
v -125.92313385 66.74693298 34.87977600
v -124.43347168 66.79891968 34.87977600
v -124.52835846 66.40779877 34.87977600
v -125.92313385 66.74693298 34.87977600
v -124.52835846 66.40779877 34.87977600
v -124.54750824 66.00578308 34.87977600
v -125.92313385 66.74693298 34.87977600
v -124.54750824 66.00578308 34.87977600
v -125.92313385 65.46609497 34.87977600
v -125.92313385 65.46609497 34.87977600
v -124.54750824 66.00578308 34.87977600
v -124.49022675 65.60741425 34.87977600
v -125.92313385 65.46609497 34.87977600
v -124.49022675 65.60741425 34.87977600
v -124.35859680 65.22708130 34.87977600
v -125.92313385 65.46609497 34.87977600
v -124.35859680 65.22708130 34.87977600
v -125.84505463 64.18763733 34.87977600
v -125.84505463 64.18763733 34.87977600
v -124.35859680 65.22708130 34.87977600
v -124.15736389 64.87853241 34.87977600
v -125.84505463 64.18763733 34.87977600
v -124.15736389 64.87853241 34.87977600
v -123.89379883 64.57437134 34.87977600
v -125.84505463 64.18763733 34.87977600
v -123.89379883 64.57437134 34.87977600
v -125.68917084 62.91632080 34.87977600
v -125.68917084 62.91632080 34.87977600
v -123.89379883 64.57437134 34.87977600
v -123.57743835 64.32558441 34.87977600
v -125.68917084 62.91632080 34.87977600
v -123.57743835 64.32558441 34.87977600
v -123.21971130 64.14115906 34.87977600
v -125.68917084 62.91632080 34.87977600
v -123.21971130 64.14115906 34.87977600
v -125.45607758 61.65687180 34.87977600
v -125.45607758 61.65687180 34.87977600
v -123.21971130 64.14115906 34.87977600
v -122.83354950 64.02777100 34.87977600
v -125.45607758 61.65687180 34.87977600
v -122.83354950 64.02777100 34.87977600
v -125.14663696 60.41397095 34.87977600
v -87.03225708 64.02777100 34.87977600
v -84.55496979 61.03306198 34.87977600
v -87.43290710 63.98951721 34.87977600
v -87.43290710 63.98951721 34.87977600
v -84.55496979 61.03306198 34.87977600
v -84.90217590 59.80017853 34.87977600
v -87.43290710 63.98951721 34.87977600
v -84.90217590 59.80017853 34.87977600
v -87.83354950 64.02777100 34.87977600
v -87.83354950 64.02777100 34.87977600
v -84.90217590 59.80017853 34.87977600
v -85.32389069 58.59075546 34.87977600
v -87.83354950 64.02777100 34.87977600
v -85.32389069 58.59075546 34.87977600
v -88.21971130 64.14115906 34.87977600
v -88.21971130 64.14115906 34.87977600
v -85.32389069 58.59075546 34.87977600
v -85.81855774 57.40929031 34.87977600
v -88.21971130 64.14115906 34.87977600
v -85.81855774 57.40929031 34.87977600
v -88.57743835 64.32558441 34.87977600
v -88.57743835 64.32558441 34.87977600
v -85.81855774 57.40929031 34.87977600
v -86.38432312 56.26018143 34.87977600
v -88.57743835 64.32558441 34.87977600
v -86.38432312 56.26018143 34.87977600
v -87.01909637 55.14770126 34.87977600
v -84.55496979 61.03306198 34.87977600
v -87.03225708 64.02777100 34.87977600
v -84.28357697 62.28481674 34.87977600
v -84.28357697 62.28481674 34.87977600
v -87.03225708 64.02777100 34.87977600
v -86.64609528 64.14115906 34.87977600
v -84.28357697 62.28481674 34.87977600
v -86.64609528 64.14115906 34.87977600
v -86.28836823 64.32558441 34.87977600
v -84.28357697 62.28481674 34.87977600
v -86.28836823 64.32558441 34.87977600
v -84.08900452 63.55079269 34.87977600
v -84.08900452 63.55079269 34.87977600
v -86.28836823 64.32558441 34.87977600
v -85.97200775 64.57437134 34.87977600
v -84.08900452 63.55079269 34.87977600
v -85.97200775 64.57437134 34.87977600
v -85.70845032 64.87853241 34.87977600
v -84.08900452 63.55079269 34.87977600
v -85.70845032 64.87853241 34.87977600
v -83.97196198 64.82627106 34.87977600
v -83.97196198 64.82627106 34.87977600
v -85.70845032 64.87853241 34.87977600
v -85.50720978 65.22708130 34.87977600
v -83.97196198 64.82627106 34.87977600
v -85.50720978 65.22708130 34.87977600
v -85.37557983 65.60741425 34.87977600
v -83.97196198 64.82627106 34.87977600
v -85.37557983 65.60741425 34.87977600
v -83.93290710 66.10651398 34.87977600
v -83.93290710 66.10651398 34.87977600
v -85.37557983 65.60741425 34.87977600
v -85.31829834 66.00578308 34.87977600
v -83.93290710 66.10651398 34.87977600
v -85.31829834 66.00578308 34.87977600
v -85.33744812 66.40779877 34.87977600
v -83.93290710 66.10651398 34.87977600
v -85.33744812 66.40779877 34.87977600
v -83.97196198 67.38675690 34.87977600
v -83.97196198 67.38675690 34.87977600
v -85.33744812 66.40779877 34.87977600
v -85.43233490 66.79891968 34.87977600
v -83.97196198 67.38675690 34.87977600
v -85.43233490 66.79891968 34.87977600
v -85.59952545 67.16501617 34.87977600
v -83.97196198 67.38675690 34.87977600
v -85.59952545 67.16501617 34.87977600
v -84.08900452 68.66223907 34.87977600
v -84.08900452 68.66223907 34.87977600
v -85.59952545 67.16501617 34.87977600
v -85.83298492 67.49285889 34.87977600
v -84.08900452 68.66223907 34.87977600
v -85.83298492 67.49285889 34.87977600
v -86.12425995 67.77059174 34.87977600
v -84.08900452 68.66223907 34.87977600
v -86.12425995 67.77059174 34.87977600
v -84.28357697 69.92821503 34.87977600
v -84.28357697 69.92821503 34.87977600
v -86.12425995 67.77059174 34.87977600
v -86.46283722 67.98818207 34.87977600
v -84.28357697 69.92821503 34.87977600
v -86.46283722 67.98818207 34.87977600
v -86.83647919 68.13776398 34.87977600
v -84.28357697 69.92821503 34.87977600
v -86.83647919 68.13776398 34.87977600
v -84.55496979 71.17996979 34.87977600
v -84.55496979 71.17996979 34.87977600
v -86.83647919 68.13776398 34.87977600
v -87.23166656 68.21392822 34.87977600
v -84.55496979 71.17996979 34.87977600
v -87.23166656 68.21392822 34.87977600
v -84.90217590 72.41284943 34.87977600
v -84.90217590 72.41284943 34.87977600
v -87.23166656 68.21392822 34.87977600
v -87.63414001 68.21392822 34.87977600
v -84.90217590 72.41284943 34.87977600
v -87.63414001 68.21392822 34.87977600
v -88.02933502 68.13776398 34.87977600
v -88.40296936 67.98818207 34.87977600
v -85.81855774 74.80374146 34.87977600
v -88.02933502 68.13776398 34.87977600
v -88.02933502 68.13776398 34.87977600
v -85.81855774 74.80374146 34.87977600
v -85.32389069 73.62227631 34.87977600
v -88.02933502 68.13776398 34.87977600
v -85.32389069 73.62227631 34.87977600
v -84.90217590 72.41284943 34.87977600
v -85.81855774 74.80374146 34.87977600
v -88.40296936 67.98818207 34.87977600
v -86.38432312 75.95285034 34.87977600
v -86.38432312 75.95285034 34.87977600
v -88.40296936 67.98818207 34.87977600
v -88.74154663 67.77059174 34.87977600
v -86.38432312 75.95285034 34.87977600
v -88.74154663 67.77059174 34.87977600
v -87.01909637 77.06533051 34.87977600
v -87.01909637 77.06533051 34.87977600
v -88.74154663 67.77059174 34.87977600
v -87.72051239 78.13703918 34.87977600
v -87.72051239 78.13703918 34.87977600
v -88.74154663 67.77059174 34.87977600
v -100.76171875 68.86354828 34.87977600
v -87.72051239 78.13703918 34.87977600
v -100.76171875 68.86354828 34.87977600
v -88.48595428 79.16400146 34.87977600
v -88.48595428 79.16400146 34.87977600
v -100.76171875 68.86354828 34.87977600
v -101.13260651 69.35578156 34.87977600
v -88.48595428 79.16400146 34.87977600
v -101.13260651 69.35578156 34.87977600
v -89.31258392 80.14238739 34.87977600
v -89.31258392 80.14238739 34.87977600
v -101.13260651 69.35578156 34.87977600
v -90.19731903 81.06855011 34.87977600
v -90.19731903 81.06855011 34.87977600
v -101.13260651 69.35578156 34.87977600
v -101.56124115 69.79865265 34.87977600
v -90.19731903 81.06855011 34.87977600
v -101.56124115 69.79865265 34.87977600
v -91.13687134 81.93906403 34.87977600
v -91.13687134 81.93906403 34.87977600
v -101.56124115 69.79865265 34.87977600
v -92.12775421 82.75067902 34.87977600
v -92.12775421 82.75067902 34.87977600
v -101.56124115 69.79865265 34.87977600
v -102.04109955 70.18542480 34.87977600
v -92.12775421 82.75067902 34.87977600
v -102.04109955 70.18542480 34.87977600
v -93.16625977 83.50036621 34.87977600
v -93.16625977 83.50036621 34.87977600
v -102.04109955 70.18542480 34.87977600
v -103.47200775 82.07437134 34.87977600
v -93.16625977 83.50036621 34.87977600
v -103.47200775 82.07437134 34.87977600
v -103.20845032 82.37853241 34.87977600
v -88.74154663 67.77059174 34.87977600
v -89.03282928 67.49285889 34.87977600
v -100.76171875 68.86354828 34.87977600
v -100.76171875 68.86354828 34.87977600
v -89.03282928 67.49285889 34.87977600
v -100.45420837 68.32941437 34.87977600
v -100.45420837 68.32941437 34.87977600
v -89.03282928 67.49285889 34.87977600
v -89.26628113 67.16501617 34.87977600
v -100.45420837 68.32941437 34.87977600
v -89.26628113 67.16501617 34.87977600
v -100.21474457 67.76150513 34.87977600
v -100.21474457 67.76150513 34.87977600
v -89.26628113 67.16501617 34.87977600
v -89.43347168 66.79891968 34.87977600
v -100.21474457 67.76150513 34.87977600
v -89.43347168 66.79891968 34.87977600
v -100.04697418 67.16845703 34.87977600
v -100.04697418 67.16845703 34.87977600
v -89.43347168 66.79891968 34.87977600
v -89.52835846 66.40779877 34.87977600
v -100.04697418 67.16845703 34.87977600
v -89.52835846 66.40779877 34.87977600
v -99.95344543 66.55926514 34.87977600
v -99.95344543 66.55926514 34.87977600
v -89.52835846 66.40779877 34.87977600
v -89.54750824 66.00578308 34.87977600
v -99.95344543 66.55926514 34.87977600
v -89.54750824 66.00578308 34.87977600
v -99.93556976 65.94319916 34.87977600
v -99.93556976 65.94319916 34.87977600
v -89.54750824 66.00578308 34.87977600
v -99.99362946 65.32961273 34.87977600
v -99.99362946 65.32961273 34.87977600
v -89.54750824 66.00578308 34.87977600
v -89.49022675 65.60741425 34.87977600
v -99.99362946 65.32961273 34.87977600
v -89.49022675 65.60741425 34.87977600
v -100.12673950 64.72782898 34.87977600
v -100.12673950 64.72782898 34.87977600
v -89.49022675 65.60741425 34.87977600
v -89.35859680 65.22708130 34.87977600
v -100.12673950 64.72782898 34.87977600
v -89.35859680 65.22708130 34.87977600
v -100.33287048 64.14700317 34.87977600
v -100.33287048 64.14700317 34.87977600
v -89.35859680 65.22708130 34.87977600
v -89.15736389 64.87853241 34.87977600
v -100.33287048 64.14700317 34.87977600
v -89.15736389 64.87853241 34.87977600
v -100.60890198 63.59593964 34.87977600
v -100.60890198 63.59593964 34.87977600
v -89.15736389 64.87853241 34.87977600
v -88.89379883 64.57437134 34.87977600
v -100.60890198 63.59593964 34.87977600
v -88.89379883 64.57437134 34.87977600
v -100.95063019 63.08302689 34.87977600
v -100.95063019 63.08302689 34.87977600
v -88.89379883 64.57437134 34.87977600
v -87.72051239 54.07598877 34.87977600
v -100.95063019 63.08302689 34.87977600
v -87.72051239 54.07598877 34.87977600
v -88.48595428 53.04903030 34.87977600
v -87.72051239 54.07598877 34.87977600
v -88.89379883 64.57437134 34.87977600
v -87.01909637 55.14770126 34.87977600
v -87.01909637 55.14770126 34.87977600
v -88.89379883 64.57437134 34.87977600
v -88.57743835 64.32558441 34.87977600
v -104.53225708 81.52777100 34.87977600
v -104.31774902 71.06852722 34.87977600
v -104.93290710 81.48951721 34.87977600
v -104.93290710 81.48951721 34.87977600
v -104.31774902 71.06852722 34.87977600
v -104.93290710 71.10651398 34.87977600
v -104.93290710 81.48951721 34.87977600
v -104.93290710 71.10651398 34.87977600
v -105.54805756 71.06852722 34.87977600
v -104.31774902 71.06852722 34.87977600
v -104.53225708 81.52777100 34.87977600
v -103.71194458 70.95514679 34.87977600
v -103.71194458 70.95514679 34.87977600
v -104.53225708 81.52777100 34.87977600
v -104.14609528 81.64115906 34.87977600
v -103.71194458 70.95514679 34.87977600
v -104.14609528 81.64115906 34.87977600
v -103.12468719 70.76809692 34.87977600
v -103.12468719 70.76809692 34.87977600
v -104.14609528 81.64115906 34.87977600
v -103.78836823 81.82558441 34.87977600
v -103.12468719 70.76809692 34.87977600
v -103.78836823 81.82558441 34.87977600
v -102.56490326 70.51021576 34.87977600
v -102.56490326 70.51021576 34.87977600
v -103.78836823 81.82558441 34.87977600
v -103.47200775 82.07437134 34.87977600
v -102.56490326 70.51021576 34.87977600
v -103.47200775 82.07437134 34.87977600
v -102.04109955 70.18542480 34.87977600
v -103.00721741 82.72708130 34.87977600
v -95.37058258 84.80309296 34.87977600
v -103.20845032 82.37853241 34.87977600
v -103.20845032 82.37853241 34.87977600
v -95.37058258 84.80309296 34.87977600
v -94.24855042 84.18535614 34.87977600
v -103.20845032 82.37853241 34.87977600
v -94.24855042 84.18535614 34.87977600
v -93.16625977 83.50036621 34.87977600
v -95.37058258 84.80309296 34.87977600
v -103.00721741 82.72708130 34.87977600
v -96.52818298 85.35127258 34.87977600
v -96.52818298 85.35127258 34.87977600
v -103.00721741 82.72708130 34.87977600
v -102.87557983 83.10741425 34.87977600
v -96.52818298 85.35127258 34.87977600
v -102.87557983 83.10741425 34.87977600
v -97.71705627 85.82785797 34.87977600
v -97.71705627 85.82785797 34.87977600
v -102.87557983 83.10741425 34.87977600
v -98.93276978 86.23108673 34.87977600
v -98.93276978 86.23108673 34.87977600
v -102.87557983 83.10741425 34.87977600
v -102.81830597 83.50578308 34.87977600
v -98.93276978 86.23108673 34.87977600
v -102.81830597 83.50578308 34.87977600
v -102.83745575 83.90779877 34.87977600
v -98.93276978 86.23108673 34.87977600
v -102.83745575 83.90779877 34.87977600
v -100.17079926 86.55944824 34.87977600
v -100.17079926 86.55944824 34.87977600
v -102.83745575 83.90779877 34.87977600
v -102.93233490 84.29891968 34.87977600
v -100.17079926 86.55944824 34.87977600
v -102.93233490 84.29891968 34.87977600
v -101.42655182 86.81172180 34.87977600
v -101.42655182 86.81172180 34.87977600
v -102.93233490 84.29891968 34.87977600
v -103.09952545 84.66501617 34.87977600
v -101.42655182 86.81172180 34.87977600
v -103.09952545 84.66501617 34.87977600
v -103.33298492 84.99285889 34.87977600
v -101.42655182 86.81172180 34.87977600
v -103.33298492 84.99285889 34.87977600
v -102.69534302 86.98696899 34.87977600
v -102.69534302 86.98696899 34.87977600
v -103.33298492 84.99285889 34.87977600
v -103.62425995 85.27059174 34.87977600
v -102.69534302 86.98696899 34.87977600
v -103.62425995 85.27059174 34.87977600
v -103.96283722 85.48818207 34.87977600
v -102.69534302 86.98696899 34.87977600
v -103.96283722 85.48818207 34.87977600
v -103.97245789 87.08454132 34.87977600
v -103.97245789 87.08454132 34.87977600
v -103.96283722 85.48818207 34.87977600
v -104.33647919 85.63776398 34.87977600
v -103.97245789 87.08454132 34.87977600
v -104.33647919 85.63776398 34.87977600
v -104.73167419 85.71392822 34.87977600
v -103.97245789 87.08454132 34.87977600
v -104.73167419 85.71392822 34.87977600
v -105.25315094 87.10407257 34.87977600
v -105.25315094 87.10407257 34.87977600
v -104.73167419 85.71392822 34.87977600
v -105.13414001 85.71392822 34.87977600
v -105.25315094 87.10407257 34.87977600
v -105.13414001 85.71392822 34.87977600
v -105.52933502 85.63776398 34.87977600
v -105.25315094 87.10407257 34.87977600
v -105.52933502 85.63776398 34.87977600
v -106.53264618 87.04549408 34.87977600
v -106.53264618 87.04549408 34.87977600
v -105.52933502 85.63776398 34.87977600
v -105.90296936 85.48818207 34.87977600
v -106.53264618 87.04549408 34.87977600
v -105.90296936 85.48818207 34.87977600
v -106.24154663 85.27059174 34.87977600
v -106.53264618 87.04549408 34.87977600
v -106.24154663 85.27059174 34.87977600
v -107.80619812 86.90901947 34.87977600
v -107.80619812 86.90901947 34.87977600
v -106.24154663 85.27059174 34.87977600
v -106.53282928 84.99285889 34.87977600
v -107.80619812 86.90901947 34.87977600
v -106.53282928 84.99285889 34.87977600
v -106.76628113 84.66501617 34.87977600
v -107.80619812 86.90901947 34.87977600
v -106.76628113 84.66501617 34.87977600
v -109.06905365 86.69515991 34.87977600
v -109.06905365 86.69515991 34.87977600
v -106.76628113 84.66501617 34.87977600
v -106.93347168 84.29891968 34.87977600
v -109.06905365 86.69515991 34.87977600
v -106.93347168 84.29891968 34.87977600
v -107.02835846 83.90779877 34.87977600
v -109.06905365 86.69515991 34.87977600
v -107.02835846 83.90779877 34.87977600
v -110.31652832 86.40470886 34.87977600
v -110.31652832 86.40470886 34.87977600
v -107.02835846 83.90779877 34.87977600
v -107.04750824 83.50578308 34.87977600
v -110.31652832 86.40470886 34.87977600
v -107.04750824 83.50578308 34.87977600
v -111.54397583 86.03874207 34.87977600
v -111.54397583 86.03874207 34.87977600
v -107.04750824 83.50578308 34.87977600
v -106.99022675 83.10741425 34.87977600
v -111.54397583 86.03874207 34.87977600
v -106.99022675 83.10741425 34.87977600
v -112.74682617 85.59863281 34.87977600
v -112.74682617 85.59863281 34.87977600
v -106.99022675 83.10741425 34.87977600
v -106.85859680 82.72708130 34.87977600
v -112.74682617 85.59863281 34.87977600
v -106.85859680 82.72708130 34.87977600
v -113.92060852 85.08600616 34.87977600
v -113.92060852 85.08600616 34.87977600
v -106.85859680 82.72708130 34.87977600
v -106.65736389 82.37853241 34.87977600
v -113.92060852 85.08600616 34.87977600
v -106.65736389 82.37853241 34.87977600
v -115.06095123 84.50277710 34.87977600
v -115.06095123 84.50277710 34.87977600
v -106.65736389 82.37853241 34.87977600
v -116.16362762 83.85112000 34.87977600
v -116.16362762 83.85112000 34.87977600
v -106.65736389 82.37853241 34.87977600
v -106.39379883 82.07437134 34.87977600
v -116.16362762 83.85112000 34.87977600
v -106.39379883 82.07437134 34.87977600
v -117.22451782 83.13344574 34.87977600
v -117.22451782 83.13344574 34.87977600
v -106.39379883 82.07437134 34.87977600
v -107.82470703 70.18542480 34.87977600
v -117.22451782 83.13344574 34.87977600
v -107.82470703 70.18542480 34.87977600
v -118.23968506 82.35242462 34.87977600
v -118.23968506 82.35242462 34.87977600
v -107.82470703 70.18542480 34.87977600
v -108.30456543 69.79865265 34.87977600
v -118.23968506 82.35242462 34.87977600
v -108.30456543 69.79865265 34.87977600
v -119.20534515 81.51097107 34.87977600
v -119.20534515 81.51097107 34.87977600
v -108.30456543 69.79865265 34.87977600
v -120.11791992 80.61221313 34.87977600
v -120.11791992 80.61221313 34.87977600
v -108.30456543 69.79865265 34.87977600
v -108.73320007 69.35578156 34.87977600
v -120.11791992 80.61221313 34.87977600
v -108.73320007 69.35578156 34.87977600
v -120.97399902 79.65949249 34.87977600
v -120.97399902 79.65949249 34.87977600
v -108.73320007 69.35578156 34.87977600
v -121.77040863 78.65635681 34.87977600
v -121.77040863 78.65635681 34.87977600
v -108.73320007 69.35578156 34.87977600
v -109.10408783 68.86354828 34.87977600
v -121.77040863 78.65635681 34.87977600
v -109.10408783 68.86354828 34.87977600
v -122.50417328 77.60653687 34.87977600
v -107.82470703 70.18542480 34.87977600
v -106.39379883 82.07437134 34.87977600
v -107.30090332 70.51021576 34.87977600
v -107.30090332 70.51021576 34.87977600
v -106.39379883 82.07437134 34.87977600
v -106.07743835 81.82558441 34.87977600
v -107.30090332 70.51021576 34.87977600
v -106.07743835 81.82558441 34.87977600
v -106.74111938 70.76809692 34.87977600
v -106.74111938 70.76809692 34.87977600
v -106.07743835 81.82558441 34.87977600
v -105.71971130 81.64115906 34.87977600
v -106.74111938 70.76809692 34.87977600
v -105.71971130 81.64115906 34.87977600
v -106.15386963 70.95514679 34.87977600
v -106.15386963 70.95514679 34.87977600
v -105.71971130 81.64115906 34.87977600
v -105.33354950 81.52777100 34.87977600
v -106.15386963 70.95514679 34.87977600
v -105.33354950 81.52777100 34.87977600
v -105.54805756 71.06852722 34.87977600
v -105.54805756 71.06852722 34.87977600
v -105.33354950 81.52777100 34.87977600
v -104.93290710 81.48951721 34.87977600
v -105.33354950 46.52777100 34.87977600
v -104.93290710 46.48951721 34.87977600
v -105.25315094 45.10895920 34.87977600
v -105.25315094 45.10895920 34.87977600
v -104.93290710 46.48951721 34.87977600
v -104.53225708 46.52777100 34.87977600
v -105.25315094 45.10895920 34.87977600
v -104.53225708 46.52777100 34.87977600
v -103.97245789 45.12849045 34.87977600
v -103.97245789 45.12849045 34.87977600
v -104.53225708 46.52777100 34.87977600
v -104.14609528 46.64115906 34.87977600
v -103.97245789 45.12849045 34.87977600
v -104.14609528 46.64115906 34.87977600
v -103.78836823 46.82558060 34.87977600
v -103.97245789 45.12849045 34.87977600
v -103.78836823 46.82558060 34.87977600
v -102.69534302 45.22606277 34.87977600
v -102.69534302 45.22606277 34.87977600
v -103.78836823 46.82558060 34.87977600
v -103.47200775 47.07437134 34.87977600
v -102.69534302 45.22606277 34.87977600
v -103.47200775 47.07437134 34.87977600
v -103.20845032 47.37853622 34.87977600
v -102.69534302 45.22606277 34.87977600
v -103.20845032 47.37853622 34.87977600
v -101.42655182 45.40130997 34.87977600
v -101.42655182 45.40130997 34.87977600
v -103.20845032 47.37853622 34.87977600
v -103.00721741 47.72708130 34.87977600
v -101.42655182 45.40130997 34.87977600
v -103.00721741 47.72708130 34.87977600
v -100.17079926 45.65358353 34.87977600
v -100.17079926 45.65358353 34.87977600
v -103.00721741 47.72708130 34.87977600
v -102.87557983 48.10741425 34.87977600
v -100.17079926 45.65358353 34.87977600
v -102.87557983 48.10741425 34.87977600
v -102.81830597 48.50578308 34.87977600
v -100.17079926 45.65358353 34.87977600
v -102.81830597 48.50578308 34.87977600
v -98.93276978 45.98194504 34.87977600
v -98.93276978 45.98194504 34.87977600
v -102.81830597 48.50578308 34.87977600
v -102.83745575 48.90779495 34.87977600
v -98.93276978 45.98194504 34.87977600
v -102.83745575 48.90779495 34.87977600
v -97.71705627 46.38516998 34.87977600
v -97.71705627 46.38516998 34.87977600
v -102.83745575 48.90779495 34.87977600
v -102.93233490 49.29891968 34.87977600
v -97.71705627 46.38516998 34.87977600
v -102.93233490 49.29891968 34.87977600
v -96.52818298 46.86175919 34.87977600
v -96.52818298 46.86175919 34.87977600
v -102.93233490 49.29891968 34.87977600
v -103.09952545 49.66501617 34.87977600
v -96.52818298 46.86175919 34.87977600
v -103.09952545 49.66501617 34.87977600
v -95.37058258 47.40993881 34.87977600
v -95.37058258 47.40993881 34.87977600
v -103.09952545 49.66501617 34.87977600
v -94.24855042 48.02767181 34.87977600
v -94.24855042 48.02767181 34.87977600
v -103.09952545 49.66501617 34.87977600
v -103.33298492 49.99285507 34.87977600
v -94.24855042 48.02767181 34.87977600
v -103.33298492 49.99285507 34.87977600
v -93.16625977 48.71266174 34.87977600
v -93.16625977 48.71266174 34.87977600
v -103.33298492 49.99285507 34.87977600
v -103.43290710 59.90651703 34.87977600
v -93.16625977 48.71266174 34.87977600
v -103.43290710 59.90651703 34.87977600
v -92.12775421 49.46235657 34.87977600
v -92.12775421 49.46235657 34.87977600
v -103.43290710 59.90651703 34.87977600
v -91.13687134 50.27396774 34.87977600
v -91.13687134 50.27396774 34.87977600
v -103.43290710 59.90651703 34.87977600
v -101.80950165 62.20211411 34.87977600
v -91.13687134 50.27396774 34.87977600
v -101.80950165 62.20211411 34.87977600
v -101.35286713 62.61605453 34.87977600
v -103.33298492 49.99285507 34.87977600
v -103.62425995 50.27058792 34.87977600
v -103.43290710 59.90651703 34.87977600
v -103.43290710 59.90651703 34.87977600
v -103.62425995 50.27058792 34.87977600
v -103.96283722 50.48817825 34.87977600
v -103.43290710 59.90651703 34.87977600
v -103.96283722 50.48817825 34.87977600
v -104.33647919 50.63776016 34.87977600
v -104.33647919 50.63776016 34.87977600
v -104.73167419 50.71392822 34.87977600
v -103.43290710 59.90651703 34.87977600
v -103.43290710 59.90651703 34.87977600
v -104.73167419 50.71392822 34.87977600
v -106.43290710 59.90651703 34.87977600
v -106.43290710 59.90651703 34.87977600
v -104.73167419 50.71392822 34.87977600
v -105.13414001 50.71392822 34.87977600
v -106.43290710 59.90651703 34.87977600
v -105.13414001 50.71392822 34.87977600
v -105.52933502 50.63776016 34.87977600
v -105.52933502 50.63776016 34.87977600
v -105.90296936 50.48817825 34.87977600
v -106.43290710 59.90651703 34.87977600
v -106.43290710 59.90651703 34.87977600
v -105.90296936 50.48817825 34.87977600
v -106.24154663 50.27058792 34.87977600
v -106.43290710 59.90651703 34.87977600
v -106.24154663 50.27058792 34.87977600
v -106.53282928 49.99285507 34.87977600
v -106.76628113 49.66501617 34.87977600
v -115.06095123 47.71025085 34.87977600
v -106.53282928 49.99285507 34.87977600
v -106.53282928 49.99285507 34.87977600
v -115.06095123 47.71025085 34.87977600
v -116.16362762 48.36191559 34.87977600
v -106.53282928 49.99285507 34.87977600
v -116.16362762 48.36191559 34.87977600
v -106.43290710 59.90651703 34.87977600
v -106.43290710 59.90651703 34.87977600
v -116.16362762 48.36191559 34.87977600
v -117.22451782 49.07958984 34.87977600
v -106.43290710 59.90651703 34.87977600
v -117.22451782 49.07958984 34.87977600
v -118.23968506 49.86060333 34.87977600
v -115.06095123 47.71025085 34.87977600
v -106.76628113 49.66501617 34.87977600
v -113.92060852 47.12702179 34.87977600
v -113.92060852 47.12702179 34.87977600
v -106.76628113 49.66501617 34.87977600
v -106.93347168 49.29891968 34.87977600
v -113.92060852 47.12702179 34.87977600
v -106.93347168 49.29891968 34.87977600
v -112.74682617 46.61439896 34.87977600
v -112.74682617 46.61439896 34.87977600
v -106.93347168 49.29891968 34.87977600
v -111.54397583 46.17428589 34.87977600
v -111.54397583 46.17428589 34.87977600
v -106.93347168 49.29891968 34.87977600
v -107.02835846 48.90779495 34.87977600
v -111.54397583 46.17428589 34.87977600
v -107.02835846 48.90779495 34.87977600
v -107.04750824 48.50578308 34.87977600
v -111.54397583 46.17428589 34.87977600
v -107.04750824 48.50578308 34.87977600
v -110.31652832 45.80832291 34.87977600
v -110.31652832 45.80832291 34.87977600
v -107.04750824 48.50578308 34.87977600
v -106.99022675 48.10741425 34.87977600
v -110.31652832 45.80832291 34.87977600
v -106.99022675 48.10741425 34.87977600
v -109.06905365 45.51787186 34.87977600
v -109.06905365 45.51787186 34.87977600
v -106.99022675 48.10741425 34.87977600
v -106.85859680 47.72708130 34.87977600
v -109.06905365 45.51787186 34.87977600
v -106.85859680 47.72708130 34.87977600
v -107.80619812 45.30401230 34.87977600
v -107.80619812 45.30401230 34.87977600
v -106.85859680 47.72708130 34.87977600
v -106.65736389 47.37853622 34.87977600
v -107.80619812 45.30401230 34.87977600
v -106.65736389 47.37853622 34.87977600
v -106.39379883 47.07437134 34.87977600
v -107.80619812 45.30401230 34.87977600
v -106.39379883 47.07437134 34.87977600
v -106.53264618 45.16753769 34.87977600
v -106.53264618 45.16753769 34.87977600
v -106.39379883 47.07437134 34.87977600
v -106.07743835 46.82558060 34.87977600
v -106.53264618 45.16753769 34.87977600
v -106.07743835 46.82558060 34.87977600
v -105.71971130 46.64115906 34.87977600
v -106.53264618 45.16753769 34.87977600
v -105.71971130 46.64115906 34.87977600
v -105.25315094 45.10895920 34.87977600
v -105.25315094 45.10895920 34.87977600
v -105.71971130 46.64115906 34.87977600
v -105.33354950 46.52777100 34.87977600
v -103.43290710 61.33681870 34.87977600
v -102.85748291 61.55760193 34.87977600
v -103.43290710 59.90651703 34.87977600
v -103.43290710 59.90651703 34.87977600
v -102.85748291 61.55760193 34.87977600
v -102.31359100 61.84750366 34.87977600
v -103.43290710 59.90651703 34.87977600
v -102.31359100 61.84750366 34.87977600
v -101.80950165 62.20211411 34.87977600
v -100.95063019 63.08302689 34.87977600
v -89.31258392 52.07064819 34.87977600
v -101.35286713 62.61605453 34.87977600
v -101.35286713 62.61605453 34.87977600
v -89.31258392 52.07064819 34.87977600
v -90.19731903 51.14447784 34.87977600
v -101.35286713 62.61605453 34.87977600
v -90.19731903 51.14447784 34.87977600
v -91.13687134 50.27396774 34.87977600
v -108.51293945 62.61605453 34.87977600
v -120.97399902 52.55353546 34.87977600
v -108.91517639 63.08302689 34.87977600
v -108.91517639 63.08302689 34.87977600
v -120.97399902 52.55353546 34.87977600
v -121.77040863 53.55667114 34.87977600
v -108.91517639 63.08302689 34.87977600
v -121.77040863 53.55667114 34.87977600
v -122.50417328 54.60649490 34.87977600
v -108.05631256 62.20211411 34.87977600
v -119.20534515 50.70205688 34.87977600
v -108.51293945 62.61605453 34.87977600
v -108.51293945 62.61605453 34.87977600
v -119.20534515 50.70205688 34.87977600
v -120.11791992 51.60081482 34.87977600
v -108.51293945 62.61605453 34.87977600
v -120.11791992 51.60081482 34.87977600
v -120.97399902 52.55353546 34.87977600
v -119.20534515 50.70205688 34.87977600
v -108.05631256 62.20211411 34.87977600
v -106.43290710 59.90651703 34.87977600
v -106.43290710 59.90651703 34.87977600
v -108.05631256 62.20211411 34.87977600
v -107.55221558 61.84750366 34.87977600
v -106.43290710 59.90651703 34.87977600
v -107.55221558 61.84750366 34.87977600
v -107.00833130 61.55760193 34.87977600
v -107.00833130 61.55760193 34.87977600
v -106.43290710 61.33681870 34.87977600
v -106.43290710 59.90651703 34.87977600
v -88.48595428 53.04903030 34.87977600
v -89.31258392 52.07064819 34.87977600
v -100.95063019 63.08302689 34.87977600
v -118.23968506 49.86060333 34.87977600
v -119.20534515 50.70205688 34.87977600
v -106.43290710 59.90651703 34.87977600
v -82.97228241 64.79082489 39.87977600
v -82.93290710 66.10651398 39.87977600
v -83.93290710 66.10651398 40.87977600
v -83.93290710 66.10651398 40.87977600
v -82.93290710 66.10651398 39.87977600
v -82.97228241 67.42220306 39.87977600
v -83.93290710 66.10651398 40.87977600
v -82.97228241 67.42220306 39.87977600
v -83.97196198 67.38675690 40.87977600
v -83.97196198 67.38675690 40.87977600
v -82.97228241 67.42220306 39.87977600
v -83.09027100 68.73318481 39.87977600
v -83.97196198 67.38675690 40.87977600
v -83.09027100 68.73318481 39.87977600
v -84.08900452 68.66223907 40.87977600
v -84.08900452 68.66223907 40.87977600
v -83.09027100 68.73318481 39.87977600
v -83.28645325 70.03476715 39.87977600
v -84.08900452 68.66223907 40.87977600
v -83.28645325 70.03476715 39.87977600
v -84.28357697 69.92821503 40.87977600
v -84.28357697 69.92821503 40.87977600
v -83.28645325 70.03476715 39.87977600
v -83.56011963 71.32228088 39.87977600
v -84.28357697 69.92821503 40.87977600
v -83.56011963 71.32228088 39.87977600
v -84.55496979 71.17996979 40.87977600
v -84.55496979 71.17996979 40.87977600
v -83.56011963 71.32228088 39.87977600
v -83.91030121 72.59112549 39.87977600
v -84.55496979 71.17996979 40.87977600
v -83.91030121 72.59112549 39.87977600
v -84.90217590 72.41284943 40.87977600
v -84.90217590 72.41284943 40.87977600
v -83.91030121 72.59112549 39.87977600
v -84.33573914 73.83676147 39.87977600
v -84.90217590 72.41284943 40.87977600
v -84.33573914 73.83676147 39.87977600
v -85.32389069 73.62227631 40.87977600
v -85.32389069 73.62227631 40.87977600
v -84.33573914 73.83676147 39.87977600
v -84.83490753 75.05471802 39.87977600
v -85.32389069 73.62227631 40.87977600
v -84.83490753 75.05471802 39.87977600
v -85.81855774 74.80374146 40.87977600
v -85.81855774 74.80374146 40.87977600
v -84.83490753 75.05471802 39.87977600
v -85.40601349 76.24064636 39.87977600
v -85.81855774 74.80374146 40.87977600
v -85.40601349 76.24064636 39.87977600
v -86.38432312 75.95285034 40.87977600
v -86.38432312 75.95285034 40.87977600
v -85.40601349 76.24064636 39.87977600
v -86.04702759 77.39029694 39.87977600
v -86.38432312 75.95285034 40.87977600
v -86.04702759 77.39029694 39.87977600
v -87.01909637 77.06533051 40.87977600
v -87.01909637 77.06533051 40.87977600
v -86.04702759 77.39029694 39.87977600
v -86.75565338 78.49955750 39.87977600
v -87.01909637 77.06533051 40.87977600
v -86.75565338 78.49955750 39.87977600
v -87.72051239 78.13703918 40.87977600
v -87.72051239 78.13703918 40.87977600
v -86.75565338 78.49955750 39.87977600
v -87.52934265 79.56445312 39.87977600
v -87.72051239 78.13703918 40.87977600
v -87.52934265 79.56445312 39.87977600
v -88.48595428 79.16400146 40.87977600
v -88.48595428 79.16400146 40.87977600
v -87.52934265 79.56445312 39.87977600
v -88.36533356 80.58116913 39.87977600
v -88.48595428 79.16400146 40.87977600
v -88.36533356 80.58116913 39.87977600
v -89.31258392 80.14238739 40.87977600
v -89.31258392 80.14238739 40.87977600
v -88.36533356 80.58116913 39.87977600
v -89.26062775 81.54606628 39.87977600
v -89.31258392 80.14238739 40.87977600
v -89.26062775 81.54606628 39.87977600
v -90.19731903 81.06855011 40.87977600
v -90.19731903 81.06855011 40.87977600
v -89.26062775 81.54606628 39.87977600
v -90.21202850 82.45570374 39.87977600
v -90.19731903 81.06855011 40.87977600
v -90.21202850 82.45570374 39.87977600
v -91.13687134 81.93906403 40.87977600
v -91.13687134 81.93906403 40.87977600
v -90.21202850 82.45570374 39.87977600
v -91.21612549 83.30680847 39.87977600
v -91.13687134 81.93906403 40.87977600
v -91.21612549 83.30680847 39.87977600
v -92.12775421 82.75067902 40.87977600
v -92.12775421 82.75067902 40.87977600
v -91.21612549 83.30680847 39.87977600
v -92.26932526 84.09634399 39.87977600
v -92.12775421 82.75067902 40.87977600
v -92.26932526 84.09634399 39.87977600
v -93.16625977 83.50036621 40.87977600
v -93.16625977 83.50036621 40.87977600
v -92.26932526 84.09634399 39.87977600
v -93.36785889 84.82147980 39.87977600
v -93.16625977 83.50036621 40.87977600
v -93.36785889 84.82147980 39.87977600
v -94.24855042 84.18535614 40.87977600
v -94.24855042 84.18535614 40.87977600
v -93.36785889 84.82147980 39.87977600
v -94.50778961 85.47961426 39.87977600
v -94.24855042 84.18535614 40.87977600
v -94.50778961 85.47961426 39.87977600
v -95.37058258 84.80309296 40.87977600
v -95.37058258 84.80309296 40.87977600
v -94.50778961 85.47961426 39.87977600
v -95.68504333 86.06840515 39.87977600
v -95.37058258 84.80309296 40.87977600
v -95.68504333 86.06840515 39.87977600
v -96.52818298 85.35127258 40.87977600
v -96.52818298 85.35127258 40.87977600
v -95.68504333 86.06840515 39.87977600
v -96.89540100 86.58573914 39.87977600
v -96.52818298 85.35127258 40.87977600
v -96.89540100 86.58573914 39.87977600
v -97.71705627 85.82785797 40.87977600
v -97.71705627 85.82785797 40.87977600
v -96.89540100 86.58573914 39.87977600
v -98.13452911 87.02976227 39.87977600
v -97.71705627 85.82785797 40.87977600
v -98.13452911 87.02976227 39.87977600
v -98.93276978 86.23108673 40.87977600
v -98.93276978 86.23108673 40.87977600
v -98.13452911 87.02976227 39.87977600
v -99.39799500 87.39888000 39.87977600
v -98.93276978 86.23108673 40.87977600
v -99.39799500 87.39888000 39.87977600
v -100.17079926 86.55944824 40.87977600
v -100.17079926 86.55944824 40.87977600
v -99.39799500 87.39888000 39.87977600
v -100.68127441 87.69178009 39.87977600
v -100.17079926 86.55944824 40.87977600
v -100.68127441 87.69178009 39.87977600
v -101.42655182 86.81172180 40.87977600
v -101.42655182 86.81172180 40.87977600
v -100.68127441 87.69178009 39.87977600
v -101.97977448 87.90740967 39.87977600
v -101.42655182 86.81172180 40.87977600
v -101.97977448 87.90740967 39.87977600
v -102.69534302 86.98696899 40.87977600
v -102.69534302 86.98696899 40.87977600
v -101.97977448 87.90740967 39.87977600
v -103.28884125 88.04499817 39.87977600
v -102.69534302 86.98696899 40.87977600
v -103.28884125 88.04499817 39.87977600
v -103.97245789 87.08454132 40.87977600
v -103.97245789 87.08454132 40.87977600
v -103.28884125 88.04499817 39.87977600
v -104.60379791 88.10405731 39.87977600
v -103.97245789 87.08454132 40.87977600
v -104.60379791 88.10405731 39.87977600
v -105.25315094 87.10407257 40.87977600
v -105.25315094 87.10407257 40.87977600
v -104.60379791 88.10405731 39.87977600
v -105.91992950 88.08436584 39.87977600
v -105.25315094 87.10407257 40.87977600
v -105.91992950 88.08436584 39.87977600
v -106.53264618 87.04549408 40.87977600
v -106.53264618 87.04549408 40.87977600
v -105.91992950 88.08436584 39.87977600
v -107.23252869 87.98600006 39.87977600
v -106.53264618 87.04549408 40.87977600
v -107.23252869 87.98600006 39.87977600
v -107.80619812 86.90901947 40.87977600
v -107.80619812 86.90901947 40.87977600
v -107.23252869 87.98600006 39.87977600
v -108.53689575 87.80931091 39.87977600
v -107.80619812 86.90901947 40.87977600
v -108.53689575 87.80931091 39.87977600
v -109.06905365 86.69515991 40.87977600
v -109.06905365 86.69515991 40.87977600
v -108.53689575 87.80931091 39.87977600
v -109.82836151 87.55493164 39.87977600
v -109.06905365 86.69515991 40.87977600
v -109.82836151 87.55493164 39.87977600
v -110.31652832 86.40470886 40.87977600
v -110.31652832 86.40470886 40.87977600
v -109.82836151 87.55493164 39.87977600
v -111.10231018 87.22377014 39.87977600
v -110.31652832 86.40470886 40.87977600
v -111.10231018 87.22377014 39.87977600
v -111.54397583 86.03874207 40.87977600
v -111.54397583 86.03874207 40.87977600
v -111.10231018 87.22377014 39.87977600
v -112.35416412 86.81701660 39.87977600
v -111.54397583 86.03874207 40.87977600
v -112.35416412 86.81701660 39.87977600
v -112.74682617 85.59863281 40.87977600
v -112.74682617 85.59863281 40.87977600
v -112.35416412 86.81701660 39.87977600
v -113.57945251 86.33612823 39.87977600
v -112.74682617 85.59863281 40.87977600
v -113.57945251 86.33612823 39.87977600
v -113.92060852 85.08600616 40.87977600
v -113.92060852 85.08600616 40.87977600
v -113.57945251 86.33612823 39.87977600
v -114.77379608 85.78282166 39.87977600
v -113.92060852 85.08600616 40.87977600
v -114.77379608 85.78282166 39.87977600
v -115.06095123 84.50277710 40.87977600
v -115.06095123 84.50277710 40.87977600
v -114.77379608 85.78282166 39.87977600
v -115.93290710 85.15907288 39.87977600
v -115.06095123 84.50277710 40.87977600
v -115.93290710 85.15907288 39.87977600
v -116.16362762 83.85112000 40.87977600
v -116.16362762 83.85112000 40.87977600
v -115.93290710 85.15907288 39.87977600
v -117.05263519 84.46712494 39.87977600
v -116.16362762 83.85112000 40.87977600
v -117.05263519 84.46712494 39.87977600
v -117.22451782 83.13344574 40.87977600
v -117.22451782 83.13344574 40.87977600
v -117.05263519 84.46712494 39.87977600
v -118.12898254 83.70944977 39.87977600
v -117.22451782 83.13344574 40.87977600
v -118.12898254 83.70944977 39.87977600
v -118.23968506 82.35242462 40.87977600
v -118.23968506 82.35242462 40.87977600
v -118.12898254 83.70944977 39.87977600
v -119.15809631 82.88876343 39.87977600
v -118.23968506 82.35242462 40.87977600
v -119.15809631 82.88876343 39.87977600
v -119.20534515 81.51097107 40.87977600
v -119.20534515 81.51097107 40.87977600
v -119.15809631 82.88876343 39.87977600
v -120.13628387 82.00800323 39.87977600
v -119.20534515 81.51097107 40.87977600
v -120.13628387 82.00800323 39.87977600
v -120.11791992 80.61221313 40.87977600
v -120.11791992 80.61221313 40.87977600
v -120.13628387 82.00800323 39.87977600
v -121.06004333 81.07031250 39.87977600
v -120.11791992 80.61221313 40.87977600
v -121.06004333 81.07031250 39.87977600
v -120.97399902 79.65949249 40.87977600
v -120.97399902 79.65949249 40.87977600
v -121.06004333 81.07031250 39.87977600
v -121.92607880 80.07906342 39.87977600
v -120.97399902 79.65949249 40.87977600
v -121.92607880 80.07906342 39.87977600
v -121.77040863 78.65635681 40.87977600
v -121.77040863 78.65635681 40.87977600
v -121.92607880 80.07906342 39.87977600
v -122.73127747 79.03778839 39.87977600
v -121.77040863 78.65635681 40.87977600
v -122.73127747 79.03778839 39.87977600
v -122.50417328 77.60653687 40.87977600
v -122.50417328 77.60653687 40.87977600
v -122.73127747 79.03778839 39.87977600
v -123.47276306 77.95022583 39.87977600
v -122.50417328 77.60653687 40.87977600
v -123.47276306 77.95022583 39.87977600
v -123.17257690 76.51393127 40.87977600
v -123.17257690 76.51393127 40.87977600
v -123.47276306 77.95022583 39.87977600
v -124.14788055 76.82026672 39.87977600
v -123.17257690 76.51393127 40.87977600
v -124.14788055 76.82026672 39.87977600
v -123.77313232 75.38260651 40.87977600
v -123.77313232 75.38260651 40.87977600
v -124.14788055 76.82026672 39.87977600
v -124.75421906 75.65195465 39.87977600
v -123.77313232 75.38260651 40.87977600
v -124.75421906 75.65195465 39.87977600
v -124.30359650 74.21678162 40.87977600
v -124.30359650 74.21678162 40.87977600
v -124.75421906 75.65195465 39.87977600
v -125.28959656 74.44947815 39.87977600
v -124.30359650 74.21678162 40.87977600
v -125.28959656 74.44947815 39.87977600
v -124.76200104 73.02078247 40.87977600
v -124.76200104 73.02078247 40.87977600
v -125.28959656 74.44947815 39.87977600
v -125.75210571 73.21712494 39.87977600
v -124.76200104 73.02078247 40.87977600
v -125.75210571 73.21712494 39.87977600
v -125.14663696 71.79905701 40.87977600
v -125.14663696 71.79905701 40.87977600
v -125.75210571 73.21712494 39.87977600
v -126.14008331 71.95932770 39.87977600
v -125.14663696 71.79905701 40.87977600
v -126.14008331 71.95932770 39.87977600
v -125.45607758 70.55615997 40.87977600
v -125.45607758 70.55615997 40.87977600
v -126.14008331 71.95932770 39.87977600
v -126.45214844 70.68057251 39.87977600
v -125.45607758 70.55615997 40.87977600
v -126.45214844 70.68057251 39.87977600
v -125.68917084 69.29670715 40.87977600
v -125.68917084 69.29670715 40.87977600
v -126.45214844 70.68057251 39.87977600
v -126.68717957 69.38544464 39.87977600
v -125.68917084 69.29670715 40.87977600
v -126.68717957 69.38544464 39.87977600
v -125.84505463 68.02539062 40.87977600
v -125.84505463 68.02539062 40.87977600
v -126.68717957 69.38544464 39.87977600
v -126.84433746 68.07858276 39.87977600
v -125.84505463 68.02539062 40.87977600
v -126.84433746 68.07858276 39.87977600
v -125.92313385 66.74693298 40.87977600
v -125.92313385 66.74693298 40.87977600
v -126.84433746 68.07858276 39.87977600
v -126.92305756 66.76465607 39.87977600
v -125.92313385 66.74693298 40.87977600
v -126.92305756 66.76465607 39.87977600
v -126.92305756 65.44837189 39.87977600
v -125.92313385 66.74693298 40.87977600
v -126.92305756 65.44837189 39.87977600
v -125.92313385 65.46609497 40.87977600
v -125.92313385 65.46609497 40.87977600
v -126.92305756 65.44837189 39.87977600
v -126.84433746 64.13445282 39.87977600
v -125.92313385 65.46609497 40.87977600
v -126.84433746 64.13445282 39.87977600
v -125.84505463 64.18763733 40.87977600
v -125.84505463 64.18763733 40.87977600
v -126.84433746 64.13445282 39.87977600
v -126.68717957 62.82758713 39.87977600
v -125.84505463 64.18763733 40.87977600
v -126.68717957 62.82758713 39.87977600
v -125.68917084 62.91632080 40.87977600
v -125.68917084 62.91632080 40.87977600
v -126.68717957 62.82758713 39.87977600
v -126.45214844 61.53245926 39.87977600
v -125.68917084 62.91632080 40.87977600
v -126.45214844 61.53245926 39.87977600
v -125.45607758 61.65687180 40.87977600
v -125.45607758 61.65687180 40.87977600
v -126.45214844 61.53245926 39.87977600
v -126.14008331 60.25370407 39.87977600
v -125.45607758 61.65687180 40.87977600
v -126.14008331 60.25370407 39.87977600
v -125.14663696 60.41397095 40.87977600
v -125.14663696 60.41397095 40.87977600
v -126.14008331 60.25370407 39.87977600
v -125.75210571 58.99590302 39.87977600
v -125.14663696 60.41397095 40.87977600
v -125.75210571 58.99590302 39.87977600
v -124.76200104 59.19224930 40.87977600
v -124.76200104 59.19224930 40.87977600
v -125.75210571 58.99590302 39.87977600
v -125.28959656 57.76355362 39.87977600
v -124.76200104 59.19224930 40.87977600
v -125.28959656 57.76355362 39.87977600
v -124.30359650 57.99625015 40.87977600
v -124.30359650 57.99625015 40.87977600
v -125.28959656 57.76355362 39.87977600
v -124.75421906 56.56107330 39.87977600
v -124.30359650 57.99625015 40.87977600
v -124.75421906 56.56107330 39.87977600
v -123.77313232 56.83042145 40.87977600
v -123.77313232 56.83042145 40.87977600
v -124.75421906 56.56107330 39.87977600
v -124.14788055 55.39276123 39.87977600
v -123.77313232 56.83042145 40.87977600
v -124.14788055 55.39276123 39.87977600
v -123.17257690 55.69910049 40.87977600
v -123.17257690 55.69910049 40.87977600
v -124.14788055 55.39276123 39.87977600
v -123.47276306 54.26280212 39.87977600
v -123.17257690 55.69910049 40.87977600
v -123.47276306 54.26280212 39.87977600
v -122.50417328 54.60649490 40.87977600
v -122.50417328 54.60649490 40.87977600
v -123.47276306 54.26280212 39.87977600
v -122.73127747 53.17523956 39.87977600
v -122.50417328 54.60649490 40.87977600
v -122.73127747 53.17523956 39.87977600
v -121.77040863 53.55667114 40.87977600
v -121.77040863 53.55667114 40.87977600
v -122.73127747 53.17523956 39.87977600
v -121.92607880 52.13396835 39.87977600
v -121.77040863 53.55667114 40.87977600
v -121.92607880 52.13396835 39.87977600
v -120.97399902 52.55353546 40.87977600
v -120.97399902 52.55353546 40.87977600
v -121.92607880 52.13396835 39.87977600
v -121.06004333 51.14271545 39.87977600
v -120.97399902 52.55353546 40.87977600
v -121.06004333 51.14271545 39.87977600
v -120.11791992 51.60081482 40.87977600
v -120.11791992 51.60081482 40.87977600
v -121.06004333 51.14271545 39.87977600
v -120.13628387 50.20502853 39.87977600
v -120.11791992 51.60081482 40.87977600
v -120.13628387 50.20502853 39.87977600
v -119.20534515 50.70205688 40.87977600
v -119.20534515 50.70205688 40.87977600
v -120.13628387 50.20502853 39.87977600
v -119.15809631 49.32426453 39.87977600
v -119.20534515 50.70205688 40.87977600
v -119.15809631 49.32426453 39.87977600
v -118.23968506 49.86060333 40.87977600
v -118.23968506 49.86060333 40.87977600
v -119.15809631 49.32426453 39.87977600
v -118.12898254 48.50357819 39.87977600
v -118.23968506 49.86060333 40.87977600
v -118.12898254 48.50357819 39.87977600
v -117.22451782 49.07958984 40.87977600
v -117.22451782 49.07958984 40.87977600
v -118.12898254 48.50357819 39.87977600
v -117.05263519 47.74590302 39.87977600
v -117.22451782 49.07958984 40.87977600
v -117.05263519 47.74590302 39.87977600
v -116.16362762 48.36191559 40.87977600
v -116.16362762 48.36191559 40.87977600
v -117.05263519 47.74590302 39.87977600
v -115.93290710 47.05395508 39.87977600
v -116.16362762 48.36191559 40.87977600
v -115.93290710 47.05395508 39.87977600
v -115.06095123 47.71025085 40.87977600
v -115.06095123 47.71025085 40.87977600
v -115.93290710 47.05395508 39.87977600
v -114.77379608 46.43021393 39.87977600
v -115.06095123 47.71025085 40.87977600
v -114.77379608 46.43021393 39.87977600
v -113.92060852 47.12702179 40.87977600
v -113.92060852 47.12702179 40.87977600
v -114.77379608 46.43021393 39.87977600
v -113.57945251 45.87690353 39.87977600
v -113.92060852 47.12702179 40.87977600
v -113.57945251 45.87690353 39.87977600
v -112.74682617 46.61439896 40.87977600
v -112.74682617 46.61439896 40.87977600
v -113.57945251 45.87690353 39.87977600
v -112.35416412 45.39601135 39.87977600
v -112.74682617 46.61439896 40.87977600
v -112.35416412 45.39601135 39.87977600
v -111.54397583 46.17428589 40.87977600
v -111.54397583 46.17428589 40.87977600
v -112.35416412 45.39601135 39.87977600
v -111.10231018 44.98926163 39.87977600
v -111.54397583 46.17428589 40.87977600
v -111.10231018 44.98926163 39.87977600
v -110.31652832 45.80832291 40.87977600
v -110.31652832 45.80832291 40.87977600
v -111.10231018 44.98926163 39.87977600
v -109.82836151 44.65810013 39.87977600
v -110.31652832 45.80832291 40.87977600
v -109.82836151 44.65810013 39.87977600
v -109.06905365 45.51787186 40.87977600
v -109.06905365 45.51787186 40.87977600
v -109.82836151 44.65810013 39.87977600
v -108.53689575 44.40372086 39.87977600
v -109.06905365 45.51787186 40.87977600
v -108.53689575 44.40372086 39.87977600
v -107.80619812 45.30401230 40.87977600
v -107.80619812 45.30401230 40.87977600
v -108.53689575 44.40372086 39.87977600
v -107.23252869 44.22703552 39.87977600
v -107.80619812 45.30401230 40.87977600
v -107.23252869 44.22703552 39.87977600
v -106.53264618 45.16753769 40.87977600
v -106.53264618 45.16753769 40.87977600
v -107.23252869 44.22703552 39.87977600
v -105.91992950 44.12866974 39.87977600
v -106.53264618 45.16753769 40.87977600
v -105.91992950 44.12866974 39.87977600
v -105.25315094 45.10895920 40.87977600
v -105.25315094 45.10895920 40.87977600
v -105.91992950 44.12866974 39.87977600
v -104.60379791 44.10897827 39.87977600
v -105.25315094 45.10895920 40.87977600
v -104.60379791 44.10897827 39.87977600
v -103.97245789 45.12849045 40.87977600
v -103.97245789 45.12849045 40.87977600
v -104.60379791 44.10897827 39.87977600
v -103.28884125 44.16803360 39.87977600
v -103.97245789 45.12849045 40.87977600
v -103.28884125 44.16803360 39.87977600
v -102.69534302 45.22606277 40.87977600
v -102.69534302 45.22606277 40.87977600
v -103.28884125 44.16803360 39.87977600
v -101.97977448 44.30562210 39.87977600
v -102.69534302 45.22606277 40.87977600
v -101.97977448 44.30562210 39.87977600
v -101.42655182 45.40130997 40.87977600
v -101.42655182 45.40130997 40.87977600
v -101.97977448 44.30562210 39.87977600
v -100.68127441 44.52125168 39.87977600
v -101.42655182 45.40130997 40.87977600
v -100.68127441 44.52125168 39.87977600
v -100.17079926 45.65358353 40.87977600
v -100.17079926 45.65358353 40.87977600
v -100.68127441 44.52125168 39.87977600
v -99.39799500 44.81415176 39.87977600
v -100.17079926 45.65358353 40.87977600
v -99.39799500 44.81415176 39.87977600
v -98.93276978 45.98194504 40.87977600
v -98.93276978 45.98194504 40.87977600
v -99.39799500 44.81415176 39.87977600
v -98.13452911 45.18327332 39.87977600
v -98.93276978 45.98194504 40.87977600
v -98.13452911 45.18327332 39.87977600
v -97.71705627 46.38516998 40.87977600
v -97.71705627 46.38516998 40.87977600
v -98.13452911 45.18327332 39.87977600
v -96.89540100 45.62729263 39.87977600
v -97.71705627 46.38516998 40.87977600
v -96.89540100 45.62729263 39.87977600
v -96.52818298 46.86175919 40.87977600
v -96.52818298 46.86175919 40.87977600
v -96.89540100 45.62729263 39.87977600
v -95.68504333 46.14462280 39.87977600
v -96.52818298 46.86175919 40.87977600
v -95.68504333 46.14462280 39.87977600
v -95.37058258 47.40993881 40.87977600
v -95.37058258 47.40993881 40.87977600
v -95.68504333 46.14462280 39.87977600
v -94.50778961 46.73341370 39.87977600
v -95.37058258 47.40993881 40.87977600
v -94.50778961 46.73341370 39.87977600
v -94.24855042 48.02767181 40.87977600
v -94.24855042 48.02767181 40.87977600
v -94.50778961 46.73341370 39.87977600
v -93.36785889 47.39155579 39.87977600
v -94.24855042 48.02767181 40.87977600
v -93.36785889 47.39155579 39.87977600
v -93.16625977 48.71266174 40.87977600
v -93.16625977 48.71266174 40.87977600
v -93.36785889 47.39155579 39.87977600
v -92.26932526 48.11668777 39.87977600
v -93.16625977 48.71266174 40.87977600
v -92.26932526 48.11668777 39.87977600
v -92.12775421 49.46235657 40.87977600
v -92.12775421 49.46235657 40.87977600
v -92.26932526 48.11668777 39.87977600
v -91.21612549 48.90622330 39.87977600
v -92.12775421 49.46235657 40.87977600
v -91.21612549 48.90622330 39.87977600
v -91.13687134 50.27396774 40.87977600
v -91.13687134 50.27396774 40.87977600
v -91.21612549 48.90622330 39.87977600
v -90.21202850 49.75732803 39.87977600
v -91.13687134 50.27396774 40.87977600
v -90.21202850 49.75732803 39.87977600
v -90.19731903 51.14447784 40.87977600
v -90.19731903 51.14447784 40.87977600
v -90.21202850 49.75732803 39.87977600
v -89.26062775 50.66696167 39.87977600
v -90.19731903 51.14447784 40.87977600
v -89.26062775 50.66696167 39.87977600
v -89.31258392 52.07064819 40.87977600
v -89.31258392 52.07064819 40.87977600
v -89.26062775 50.66696167 39.87977600
v -88.36533356 51.63186264 39.87977600
v -89.31258392 52.07064819 40.87977600
v -88.36533356 51.63186264 39.87977600
v -88.48595428 53.04903030 40.87977600
v -88.48595428 53.04903030 40.87977600
v -88.36533356 51.63186264 39.87977600
v -87.52934265 52.64858246 39.87977600
v -88.48595428 53.04903030 40.87977600
v -87.52934265 52.64858246 39.87977600
v -87.72051239 54.07598877 40.87977600
v -87.72051239 54.07598877 40.87977600
v -87.52934265 52.64858246 39.87977600
v -86.75565338 53.71347427 39.87977600
v -87.72051239 54.07598877 40.87977600
v -86.75565338 53.71347427 39.87977600
v -87.01909637 55.14770126 40.87977600
v -87.01909637 55.14770126 40.87977600
v -86.75565338 53.71347427 39.87977600
v -86.04702759 54.82273102 39.87977600
v -87.01909637 55.14770126 40.87977600
v -86.04702759 54.82273102 39.87977600
v -86.38432312 56.26018143 40.87977600
v -86.38432312 56.26018143 40.87977600
v -86.04702759 54.82273102 39.87977600
v -85.40601349 55.97238159 39.87977600
v -86.38432312 56.26018143 40.87977600
v -85.40601349 55.97238159 39.87977600
v -85.81855774 57.40929031 40.87977600
v -85.81855774 57.40929031 40.87977600
v -85.40601349 55.97238159 39.87977600
v -84.83490753 57.15830994 39.87977600
v -85.81855774 57.40929031 40.87977600
v -84.83490753 57.15830994 39.87977600
v -85.32389069 58.59075546 40.87977600
v -85.32389069 58.59075546 40.87977600
v -84.83490753 57.15830994 39.87977600
v -84.33573914 58.37627029 39.87977600
v -85.32389069 58.59075546 40.87977600
v -84.33573914 58.37627029 39.87977600
v -84.90217590 59.80017853 40.87977600
v -84.90217590 59.80017853 40.87977600
v -84.33573914 58.37627029 39.87977600
v -83.91030121 59.62190247 39.87977600
v -84.90217590 59.80017853 40.87977600
v -83.91030121 59.62190247 39.87977600
v -84.55496979 61.03306198 40.87977600
v -84.55496979 61.03306198 40.87977600
v -83.91030121 59.62190247 39.87977600
v -83.56011963 60.89074707 39.87977600
v -84.55496979 61.03306198 40.87977600
v -83.56011963 60.89074707 39.87977600
v -84.28357697 62.28481674 40.87977600
v -84.28357697 62.28481674 40.87977600
v -83.56011963 60.89074707 39.87977600
v -83.28645325 62.17826462 39.87977600
v -84.28357697 62.28481674 40.87977600
v -83.28645325 62.17826462 39.87977600
v -84.08900452 63.55079269 40.87977600
v -84.08900452 63.55079269 40.87977600
v -83.28645325 62.17826462 39.87977600
v -83.09027100 63.47984314 39.87977600
v -84.08900452 63.55079269 40.87977600
v -83.09027100 63.47984314 39.87977600
v -83.97196198 64.82627106 40.87977600
v -83.97196198 64.82627106 40.87977600
v -83.09027100 63.47984314 39.87977600
v -82.97228241 64.79082489 39.87977600
v -83.97196198 64.82627106 40.87977600
v -82.97228241 64.79082489 39.87977600
v -83.93290710 66.10651398 40.87977600
v -87.83354950 64.02777100 40.87977600
v -84.90217590 59.80017853 40.87977600
v -87.43290710 63.98951721 40.87977600
v -87.43290710 63.98951721 40.87977600
v -84.90217590 59.80017853 40.87977600
v -84.55496979 61.03306198 40.87977600
v -87.43290710 63.98951721 40.87977600
v -84.55496979 61.03306198 40.87977600
v -87.03225708 64.02777100 40.87977600
v -87.03225708 64.02777100 40.87977600
v -84.55496979 61.03306198 40.87977600
v -84.28357697 62.28481674 40.87977600
v -87.03225708 64.02777100 40.87977600
v -84.28357697 62.28481674 40.87977600
v -86.64609528 64.14115906 40.87977600
v -86.64609528 64.14115906 40.87977600
v -84.28357697 62.28481674 40.87977600
v -86.28836823 64.32558441 40.87977600
v -86.28836823 64.32558441 40.87977600
v -84.28357697 62.28481674 40.87977600
v -84.08900452 63.55079269 40.87977600
v -86.28836823 64.32558441 40.87977600
v -84.08900452 63.55079269 40.87977600
v -85.97200775 64.57437134 40.87977600
v -85.97200775 64.57437134 40.87977600
v -84.08900452 63.55079269 40.87977600
v -85.70845032 64.87853241 40.87977600
v -85.70845032 64.87853241 40.87977600
v -84.08900452 63.55079269 40.87977600
v -83.97196198 64.82627106 40.87977600
v -85.70845032 64.87853241 40.87977600
v -83.97196198 64.82627106 40.87977600
v -85.50720978 65.22708130 40.87977600
v -85.50720978 65.22708130 40.87977600
v -83.97196198 64.82627106 40.87977600
v -85.37557983 65.60741425 40.87977600
v -85.37557983 65.60741425 40.87977600
v -83.97196198 64.82627106 40.87977600
v -83.93290710 66.10651398 40.87977600
v -85.37557983 65.60741425 40.87977600
v -83.93290710 66.10651398 40.87977600
v -85.31829834 66.00578308 40.87977600
v -85.31829834 66.00578308 40.87977600
v -83.93290710 66.10651398 40.87977600
v -85.33744812 66.40779877 40.87977600
v -85.33744812 66.40779877 40.87977600
v -83.93290710 66.10651398 40.87977600
v -83.97196198 67.38675690 40.87977600
v -85.33744812 66.40779877 40.87977600
v -83.97196198 67.38675690 40.87977600
v -85.43233490 66.79891968 40.87977600
v -85.43233490 66.79891968 40.87977600
v -83.97196198 67.38675690 40.87977600
v -85.59952545 67.16501617 40.87977600
v -85.59952545 67.16501617 40.87977600
v -83.97196198 67.38675690 40.87977600
v -84.08900452 68.66223907 40.87977600
v -85.59952545 67.16501617 40.87977600
v -84.08900452 68.66223907 40.87977600
v -85.83298492 67.49285889 40.87977600
v -85.83298492 67.49285889 40.87977600
v -84.08900452 68.66223907 40.87977600
v -86.12425995 67.77059174 40.87977600
v -86.12425995 67.77059174 40.87977600
v -84.08900452 68.66223907 40.87977600
v -84.28357697 69.92821503 40.87977600
v -86.12425995 67.77059174 40.87977600
v -84.28357697 69.92821503 40.87977600
v -86.46283722 67.98818207 40.87977600
v -86.46283722 67.98818207 40.87977600
v -84.28357697 69.92821503 40.87977600
v -86.83647919 68.13776398 40.87977600
v -86.83647919 68.13776398 40.87977600
v -84.28357697 69.92821503 40.87977600
v -84.55496979 71.17996979 40.87977600
v -86.83647919 68.13776398 40.87977600
v -84.55496979 71.17996979 40.87977600
v -87.23166656 68.21392822 40.87977600
v -87.23166656 68.21392822 40.87977600
v -84.55496979 71.17996979 40.87977600
v -84.90217590 72.41284943 40.87977600
v -87.23166656 68.21392822 40.87977600
v -84.90217590 72.41284943 40.87977600
v -87.63414001 68.21392822 40.87977600
v -87.63414001 68.21392822 40.87977600
v -84.90217590 72.41284943 40.87977600
v -88.02933502 68.13776398 40.87977600
v -88.02933502 68.13776398 40.87977600
v -84.90217590 72.41284943 40.87977600
v -85.32389069 73.62227631 40.87977600
v -88.02933502 68.13776398 40.87977600
v -85.32389069 73.62227631 40.87977600
v -85.81855774 74.80374146 40.87977600
v -84.90217590 59.80017853 40.87977600
v -87.83354950 64.02777100 40.87977600
v -85.32389069 58.59075546 40.87977600
v -85.32389069 58.59075546 40.87977600
v -87.83354950 64.02777100 40.87977600
v -88.21971130 64.14115906 40.87977600
v -85.32389069 58.59075546 40.87977600
v -88.21971130 64.14115906 40.87977600
v -85.81855774 57.40929031 40.87977600
v -85.81855774 57.40929031 40.87977600
v -88.21971130 64.14115906 40.87977600
v -88.57743835 64.32558441 40.87977600
v -85.81855774 57.40929031 40.87977600
v -88.57743835 64.32558441 40.87977600
v -86.38432312 56.26018143 40.87977600
v -86.38432312 56.26018143 40.87977600
v -88.57743835 64.32558441 40.87977600
v -87.01909637 55.14770126 40.87977600
v -87.01909637 55.14770126 40.87977600
v -88.57743835 64.32558441 40.87977600
v -88.89379883 64.57437134 40.87977600
v -87.01909637 55.14770126 40.87977600
v -88.89379883 64.57437134 40.87977600
v -87.72051239 54.07598877 40.87977600
v -87.72051239 54.07598877 40.87977600
v -88.89379883 64.57437134 40.87977600
v -100.95063019 63.08302689 40.87977600
v -87.72051239 54.07598877 40.87977600
v -100.95063019 63.08302689 40.87977600
v -88.48595428 53.04903030 40.87977600
v -88.48595428 53.04903030 40.87977600
v -100.95063019 63.08302689 40.87977600
v -89.31258392 52.07064819 40.87977600
v -89.31258392 52.07064819 40.87977600
v -100.95063019 63.08302689 40.87977600
v -101.35286713 62.61605453 40.87977600
v -89.31258392 52.07064819 40.87977600
v -101.35286713 62.61605453 40.87977600
v -90.19731903 51.14447784 40.87977600
v -90.19731903 51.14447784 40.87977600
v -101.35286713 62.61605453 40.87977600
v -91.13687134 50.27396774 40.87977600
v -91.13687134 50.27396774 40.87977600
v -101.35286713 62.61605453 40.87977600
v -101.80950165 62.20211411 40.87977600
v -91.13687134 50.27396774 40.87977600
v -101.80950165 62.20211411 40.87977600
v -103.43290710 59.90651703 40.87977600
v -103.43290710 59.90651703 40.87977600
v -101.80950165 62.20211411 40.87977600
v -102.31359100 61.84750366 40.87977600
v -103.43290710 59.90651703 40.87977600
v -102.31359100 61.84750366 40.87977600
v -102.85748291 61.55760193 40.87977600
v -100.95063019 63.08302689 40.87977600
v -88.89379883 64.57437134 40.87977600
v -100.60890198 63.59593964 40.87977600
v -100.60890198 63.59593964 40.87977600
v -88.89379883 64.57437134 40.87977600
v -89.15736389 64.87853241 40.87977600
v -100.60890198 63.59593964 40.87977600
v -89.15736389 64.87853241 40.87977600
v -100.33287048 64.14700317 40.87977600
v -100.33287048 64.14700317 40.87977600
v -89.15736389 64.87853241 40.87977600
v -89.35859680 65.22708130 40.87977600
v -100.33287048 64.14700317 40.87977600
v -89.35859680 65.22708130 40.87977600
v -100.12673950 64.72782898 40.87977600
v -100.12673950 64.72782898 40.87977600
v -89.35859680 65.22708130 40.87977600
v -89.49022675 65.60741425 40.87977600
v -100.12673950 64.72782898 40.87977600
v -89.49022675 65.60741425 40.87977600
v -99.99362946 65.32961273 40.87977600
v -99.99362946 65.32961273 40.87977600
v -89.49022675 65.60741425 40.87977600
v -89.54750824 66.00578308 40.87977600
v -99.99362946 65.32961273 40.87977600
v -89.54750824 66.00578308 40.87977600
v -99.93556976 65.94319916 40.87977600
v -99.93556976 65.94319916 40.87977600
v -89.54750824 66.00578308 40.87977600
v -99.95344543 66.55926514 40.87977600
v -99.95344543 66.55926514 40.87977600
v -89.54750824 66.00578308 40.87977600
v -89.52835846 66.40779877 40.87977600
v -99.95344543 66.55926514 40.87977600
v -89.52835846 66.40779877 40.87977600
v -100.04697418 67.16845703 40.87977600
v -100.04697418 67.16845703 40.87977600
v -89.52835846 66.40779877 40.87977600
v -89.43347168 66.79891968 40.87977600
v -100.04697418 67.16845703 40.87977600
v -89.43347168 66.79891968 40.87977600
v -100.21474457 67.76150513 40.87977600
v -100.21474457 67.76150513 40.87977600
v -89.43347168 66.79891968 40.87977600
v -89.26628113 67.16501617 40.87977600
v -100.21474457 67.76150513 40.87977600
v -89.26628113 67.16501617 40.87977600
v -100.45420837 68.32941437 40.87977600
v -100.45420837 68.32941437 40.87977600
v -89.26628113 67.16501617 40.87977600
v -89.03282928 67.49285889 40.87977600
v -100.45420837 68.32941437 40.87977600
v -89.03282928 67.49285889 40.87977600
v -100.76171875 68.86354828 40.87977600
v -100.76171875 68.86354828 40.87977600
v -89.03282928 67.49285889 40.87977600
v -88.74154663 67.77059174 40.87977600
v -100.76171875 68.86354828 40.87977600
v -88.74154663 67.77059174 40.87977600
v -87.72051239 78.13703918 40.87977600
v -87.72051239 78.13703918 40.87977600
v -88.74154663 67.77059174 40.87977600
v -87.01909637 77.06533051 40.87977600
v -87.01909637 77.06533051 40.87977600
v -88.74154663 67.77059174 40.87977600
v -86.38432312 75.95285034 40.87977600
v -86.38432312 75.95285034 40.87977600
v -88.74154663 67.77059174 40.87977600
v -88.40296936 67.98818207 40.87977600
v -86.38432312 75.95285034 40.87977600
v -88.40296936 67.98818207 40.87977600
v -85.81855774 74.80374146 40.87977600
v -85.81855774 74.80374146 40.87977600
v -88.40296936 67.98818207 40.87977600
v -88.02933502 68.13776398 40.87977600
v -106.43290710 61.33681870 40.87977600
v -107.00833130 61.55760193 40.87977600
v -106.43290710 59.90651703 40.87977600
v -106.43290710 59.90651703 40.87977600
v -107.00833130 61.55760193 40.87977600
v -107.55221558 61.84750366 40.87977600
v -106.43290710 59.90651703 40.87977600
v -107.55221558 61.84750366 40.87977600
v -108.05631256 62.20211411 40.87977600
v -106.43290710 59.90651703 40.87977600
v -108.05631256 62.20211411 40.87977600
v -119.20534515 50.70205688 40.87977600
v -119.20534515 50.70205688 40.87977600
v -108.05631256 62.20211411 40.87977600
v -108.51293945 62.61605453 40.87977600
v -119.20534515 50.70205688 40.87977600
v -108.51293945 62.61605453 40.87977600
v -120.11791992 51.60081482 40.87977600
v -120.11791992 51.60081482 40.87977600
v -108.51293945 62.61605453 40.87977600
v -120.97399902 52.55353546 40.87977600
v -120.97399902 52.55353546 40.87977600
v -108.51293945 62.61605453 40.87977600
v -108.91517639 63.08302689 40.87977600
v -120.97399902 52.55353546 40.87977600
v -108.91517639 63.08302689 40.87977600
v -121.77040863 53.55667114 40.87977600
v -121.77040863 53.55667114 40.87977600
v -108.91517639 63.08302689 40.87977600
v -122.50417328 54.60649490 40.87977600
v -122.50417328 54.60649490 40.87977600
v -108.91517639 63.08302689 40.87977600
v -120.97200775 64.57437134 40.87977600
v -122.50417328 54.60649490 40.87977600
v -120.97200775 64.57437134 40.87977600
v -121.28836823 64.32558441 40.87977600
v -108.91517639 63.08302689 40.87977600
v -109.25690460 63.59593964 40.87977600
v -120.97200775 64.57437134 40.87977600
v -120.97200775 64.57437134 40.87977600
v -109.25690460 63.59593964 40.87977600
v -120.70845032 64.87853241 40.87977600
v -120.70845032 64.87853241 40.87977600
v -109.25690460 63.59593964 40.87977600
v -109.53293610 64.14700317 40.87977600
v -120.70845032 64.87853241 40.87977600
v -109.53293610 64.14700317 40.87977600
v -120.50720978 65.22708130 40.87977600
v -120.50720978 65.22708130 40.87977600
v -109.53293610 64.14700317 40.87977600
v -109.73906708 64.72782898 40.87977600
v -120.50720978 65.22708130 40.87977600
v -109.73906708 64.72782898 40.87977600
v -120.37557983 65.60741425 40.87977600
v -120.37557983 65.60741425 40.87977600
v -109.73906708 64.72782898 40.87977600
v -109.87217712 65.32961273 40.87977600
v -120.37557983 65.60741425 40.87977600
v -109.87217712 65.32961273 40.87977600
v -120.31829834 66.00578308 40.87977600
v -120.31829834 66.00578308 40.87977600
v -109.87217712 65.32961273 40.87977600
v -109.93023682 65.94319916 40.87977600
v -120.31829834 66.00578308 40.87977600
v -109.93023682 65.94319916 40.87977600
v -109.91236115 66.55926514 40.87977600
v -120.31829834 66.00578308 40.87977600
v -109.91236115 66.55926514 40.87977600
v -120.33744812 66.40779877 40.87977600
v -120.33744812 66.40779877 40.87977600
v -109.91236115 66.55926514 40.87977600
v -109.81883240 67.16845703 40.87977600
v -120.33744812 66.40779877 40.87977600
v -109.81883240 67.16845703 40.87977600
v -120.43233490 66.79891968 40.87977600
v -120.43233490 66.79891968 40.87977600
v -109.81883240 67.16845703 40.87977600
v -109.65106201 67.76150513 40.87977600
v -120.43233490 66.79891968 40.87977600
v -109.65106201 67.76150513 40.87977600
v -120.59952545 67.16501617 40.87977600
v -120.59952545 67.16501617 40.87977600
v -109.65106201 67.76150513 40.87977600
v -109.41159821 68.32941437 40.87977600
v -120.59952545 67.16501617 40.87977600
v -109.41159821 68.32941437 40.87977600
v -120.83298492 67.49285889 40.87977600
v -120.83298492 67.49285889 40.87977600
v -109.41159821 68.32941437 40.87977600
v -109.10408783 68.86354828 40.87977600
v -120.83298492 67.49285889 40.87977600
v -109.10408783 68.86354828 40.87977600
v -121.12425995 67.77059174 40.87977600
v -121.12425995 67.77059174 40.87977600
v -109.10408783 68.86354828 40.87977600
v -122.50417328 77.60653687 40.87977600
v -121.12425995 67.77059174 40.87977600
v -122.50417328 77.60653687 40.87977600
v -123.17257690 76.51393127 40.87977600
v -122.50417328 77.60653687 40.87977600
v -109.10408783 68.86354828 40.87977600
v -121.77040863 78.65635681 40.87977600
v -121.77040863 78.65635681 40.87977600
v -109.10408783 68.86354828 40.87977600
v -108.73320007 69.35578156 40.87977600
v -121.77040863 78.65635681 40.87977600
v -108.73320007 69.35578156 40.87977600
v -120.97399902 79.65949249 40.87977600
v -120.97399902 79.65949249 40.87977600
v -108.73320007 69.35578156 40.87977600
v -120.11791992 80.61221313 40.87977600
v -120.11791992 80.61221313 40.87977600
v -108.73320007 69.35578156 40.87977600
v -108.30456543 69.79865265 40.87977600
v -120.11791992 80.61221313 40.87977600
v -108.30456543 69.79865265 40.87977600
v -119.20534515 81.51097107 40.87977600
v -119.20534515 81.51097107 40.87977600
v -108.30456543 69.79865265 40.87977600
v -118.23968506 82.35242462 40.87977600
v -118.23968506 82.35242462 40.87977600
v -108.30456543 69.79865265 40.87977600
v -107.82470703 70.18542480 40.87977600
v -118.23968506 82.35242462 40.87977600
v -107.82470703 70.18542480 40.87977600
v -117.22451782 83.13344574 40.87977600
v -117.22451782 83.13344574 40.87977600
v -107.82470703 70.18542480 40.87977600
v -106.39379883 82.07437134 40.87977600
v -117.22451782 83.13344574 40.87977600
v -106.39379883 82.07437134 40.87977600
v -116.16362762 83.85112000 40.87977600
v -116.16362762 83.85112000 40.87977600
v -106.39379883 82.07437134 40.87977600
v -106.65736389 82.37853241 40.87977600
v -116.16362762 83.85112000 40.87977600
v -106.65736389 82.37853241 40.87977600
v -115.06095123 84.50277710 40.87977600
v -115.06095123 84.50277710 40.87977600
v -106.65736389 82.37853241 40.87977600
v -113.92060852 85.08600616 40.87977600
v -113.92060852 85.08600616 40.87977600
v -106.65736389 82.37853241 40.87977600
v -106.85859680 82.72708130 40.87977600
v -113.92060852 85.08600616 40.87977600
v -106.85859680 82.72708130 40.87977600
v -112.74682617 85.59863281 40.87977600
v -112.74682617 85.59863281 40.87977600
v -106.85859680 82.72708130 40.87977600
v -106.99022675 83.10741425 40.87977600
v -112.74682617 85.59863281 40.87977600
v -106.99022675 83.10741425 40.87977600
v -111.54397583 86.03874207 40.87977600
v -111.54397583 86.03874207 40.87977600
v -106.99022675 83.10741425 40.87977600
v -107.04750824 83.50578308 40.87977600
v -111.54397583 86.03874207 40.87977600
v -107.04750824 83.50578308 40.87977600
v -110.31652832 86.40470886 40.87977600
v -110.31652832 86.40470886 40.87977600
v -107.04750824 83.50578308 40.87977600
v -107.02835846 83.90779877 40.87977600
v -110.31652832 86.40470886 40.87977600
v -107.02835846 83.90779877 40.87977600
v -109.06905365 86.69515991 40.87977600
v -109.06905365 86.69515991 40.87977600
v -107.02835846 83.90779877 40.87977600
v -106.93347168 84.29891968 40.87977600
v -109.06905365 86.69515991 40.87977600
v -106.93347168 84.29891968 40.87977600
v -106.76628113 84.66501617 40.87977600
v -107.82470703 70.18542480 40.87977600
v -107.30090332 70.51021576 40.87977600
v -106.39379883 82.07437134 40.87977600
v -106.39379883 82.07437134 40.87977600
v -107.30090332 70.51021576 40.87977600
v -106.07743835 81.82558441 40.87977600
v -106.07743835 81.82558441 40.87977600
v -107.30090332 70.51021576 40.87977600
v -106.74111938 70.76809692 40.87977600
v -106.07743835 81.82558441 40.87977600
v -106.74111938 70.76809692 40.87977600
v -105.71971130 81.64115906 40.87977600
v -105.71971130 81.64115906 40.87977600
v -106.74111938 70.76809692 40.87977600
v -106.15386963 70.95514679 40.87977600
v -105.71971130 81.64115906 40.87977600
v -106.15386963 70.95514679 40.87977600
v -105.33354950 81.52777100 40.87977600
v -105.33354950 81.52777100 40.87977600
v -106.15386963 70.95514679 40.87977600
v -105.54805756 71.06852722 40.87977600
v -105.33354950 81.52777100 40.87977600
v -105.54805756 71.06852722 40.87977600
v -104.93290710 81.48951721 40.87977600
v -104.93290710 81.48951721 40.87977600
v -105.54805756 71.06852722 40.87977600
v -104.93290710 71.10651398 40.87977600
v -104.93290710 81.48951721 40.87977600
v -104.93290710 71.10651398 40.87977600
v -104.31774902 71.06852722 40.87977600
v -104.93290710 81.48951721 40.87977600
v -104.31774902 71.06852722 40.87977600
v -104.53225708 81.52777100 40.87977600
v -104.53225708 81.52777100 40.87977600
v -104.31774902 71.06852722 40.87977600
v -103.71194458 70.95514679 40.87977600
v -104.53225708 81.52777100 40.87977600
v -103.71194458 70.95514679 40.87977600
v -104.14609528 81.64115906 40.87977600
v -104.14609528 81.64115906 40.87977600
v -103.71194458 70.95514679 40.87977600
v -103.12468719 70.76809692 40.87977600
v -104.14609528 81.64115906 40.87977600
v -103.12468719 70.76809692 40.87977600
v -103.78836823 81.82558441 40.87977600
v -103.78836823 81.82558441 40.87977600
v -103.12468719 70.76809692 40.87977600
v -102.56490326 70.51021576 40.87977600
v -103.78836823 81.82558441 40.87977600
v -102.56490326 70.51021576 40.87977600
v -103.47200775 82.07437134 40.87977600
v -103.47200775 82.07437134 40.87977600
v -102.56490326 70.51021576 40.87977600
v -102.04109955 70.18542480 40.87977600
v -103.47200775 82.07437134 40.87977600
v -102.04109955 70.18542480 40.87977600
v -93.16625977 83.50036621 40.87977600
v -93.16625977 83.50036621 40.87977600
v -102.04109955 70.18542480 40.87977600
v -92.12775421 82.75067902 40.87977600
v -92.12775421 82.75067902 40.87977600
v -102.04109955 70.18542480 40.87977600
v -101.56124115 69.79865265 40.87977600
v -92.12775421 82.75067902 40.87977600
v -101.56124115 69.79865265 40.87977600
v -91.13687134 81.93906403 40.87977600
v -91.13687134 81.93906403 40.87977600
v -101.56124115 69.79865265 40.87977600
v -90.19731903 81.06855011 40.87977600
v -90.19731903 81.06855011 40.87977600
v -101.56124115 69.79865265 40.87977600
v -101.13260651 69.35578156 40.87977600
v -90.19731903 81.06855011 40.87977600
v -101.13260651 69.35578156 40.87977600
v -89.31258392 80.14238739 40.87977600
v -89.31258392 80.14238739 40.87977600
v -101.13260651 69.35578156 40.87977600
v -88.48595428 79.16400146 40.87977600
v -88.48595428 79.16400146 40.87977600
v -101.13260651 69.35578156 40.87977600
v -100.76171875 68.86354828 40.87977600
v -88.48595428 79.16400146 40.87977600
v -100.76171875 68.86354828 40.87977600
v -87.72051239 78.13703918 40.87977600
v -102.85748291 61.55760193 40.87977600
v -103.43290710 61.33681870 40.87977600
v -103.43290710 59.90651703 40.87977600
v -106.43290710 59.90651703 40.87977600
v -104.73167419 50.71392822 40.87977600
v -103.43290710 59.90651703 40.87977600
v -103.43290710 59.90651703 40.87977600
v -104.73167419 50.71392822 40.87977600
v -104.33647919 50.63776016 40.87977600
v -103.43290710 59.90651703 40.87977600
v -104.33647919 50.63776016 40.87977600
v -103.96283722 50.48817825 40.87977600
v -109.06905365 86.69515991 40.87977600
v -106.76628113 84.66501617 40.87977600
v -107.80619812 86.90901947 40.87977600
v -107.80619812 86.90901947 40.87977600
v -106.76628113 84.66501617 40.87977600
v -106.53282928 84.99285889 40.87977600
v -107.80619812 86.90901947 40.87977600
v -106.53282928 84.99285889 40.87977600
v -106.24154663 85.27059174 40.87977600
v -107.80619812 86.90901947 40.87977600
v -106.24154663 85.27059174 40.87977600
v -106.53264618 87.04549408 40.87977600
v -106.53264618 87.04549408 40.87977600
v -106.24154663 85.27059174 40.87977600
v -105.90296936 85.48818207 40.87977600
v -106.53264618 87.04549408 40.87977600
v -105.90296936 85.48818207 40.87977600
v -105.52933502 85.63776398 40.87977600
v -106.53264618 87.04549408 40.87977600
v -105.52933502 85.63776398 40.87977600
v -105.25315094 87.10407257 40.87977600
v -105.25315094 87.10407257 40.87977600
v -105.52933502 85.63776398 40.87977600
v -105.13414001 85.71392822 40.87977600
v -105.25315094 87.10407257 40.87977600
v -105.13414001 85.71392822 40.87977600
v -104.73167419 85.71392822 40.87977600
v -105.25315094 87.10407257 40.87977600
v -104.73167419 85.71392822 40.87977600
v -103.97245789 87.08454132 40.87977600
v -103.97245789 87.08454132 40.87977600
v -104.73167419 85.71392822 40.87977600
v -104.33647919 85.63776398 40.87977600
v -103.97245789 87.08454132 40.87977600
v -104.33647919 85.63776398 40.87977600
v -103.96283722 85.48818207 40.87977600
v -103.97245789 87.08454132 40.87977600
v -103.96283722 85.48818207 40.87977600
v -102.69534302 86.98696899 40.87977600
v -102.69534302 86.98696899 40.87977600
v -103.96283722 85.48818207 40.87977600
v -103.62425995 85.27059174 40.87977600
v -102.69534302 86.98696899 40.87977600
v -103.62425995 85.27059174 40.87977600
v -103.33298492 84.99285889 40.87977600
v -102.69534302 86.98696899 40.87977600
v -103.33298492 84.99285889 40.87977600
v -101.42655182 86.81172180 40.87977600
v -101.42655182 86.81172180 40.87977600
v -103.33298492 84.99285889 40.87977600
v -103.09952545 84.66501617 40.87977600
v -101.42655182 86.81172180 40.87977600
v -103.09952545 84.66501617 40.87977600
v -102.93233490 84.29891968 40.87977600
v -101.42655182 86.81172180 40.87977600
v -102.93233490 84.29891968 40.87977600
v -100.17079926 86.55944824 40.87977600
v -100.17079926 86.55944824 40.87977600
v -102.93233490 84.29891968 40.87977600
v -102.83745575 83.90779877 40.87977600
v -100.17079926 86.55944824 40.87977600
v -102.83745575 83.90779877 40.87977600
v -98.93276978 86.23108673 40.87977600
v -98.93276978 86.23108673 40.87977600
v -102.83745575 83.90779877 40.87977600
v -102.81830597 83.50578308 40.87977600
v -98.93276978 86.23108673 40.87977600
v -102.81830597 83.50578308 40.87977600
v -102.87557983 83.10741425 40.87977600
v -103.00721741 82.72708130 40.87977600
v -96.52818298 85.35127258 40.87977600
v -102.87557983 83.10741425 40.87977600
v -102.87557983 83.10741425 40.87977600
v -96.52818298 85.35127258 40.87977600
v -97.71705627 85.82785797 40.87977600
v -102.87557983 83.10741425 40.87977600
v -97.71705627 85.82785797 40.87977600
v -98.93276978 86.23108673 40.87977600
v -96.52818298 85.35127258 40.87977600
v -103.00721741 82.72708130 40.87977600
v -95.37058258 84.80309296 40.87977600
v -95.37058258 84.80309296 40.87977600
v -103.00721741 82.72708130 40.87977600
v -103.20845032 82.37853241 40.87977600
v -95.37058258 84.80309296 40.87977600
v -103.20845032 82.37853241 40.87977600
v -94.24855042 84.18535614 40.87977600
v -94.24855042 84.18535614 40.87977600
v -103.20845032 82.37853241 40.87977600
v -93.16625977 83.50036621 40.87977600
v -93.16625977 83.50036621 40.87977600
v -103.20845032 82.37853241 40.87977600
v -103.47200775 82.07437134 40.87977600
v -104.53225708 46.52777100 40.87977600
v -104.93290710 46.48951721 40.87977600
v -105.25315094 45.10895920 40.87977600
v -105.25315094 45.10895920 40.87977600
v -104.93290710 46.48951721 40.87977600
v -105.33354950 46.52777100 40.87977600
v -105.25315094 45.10895920 40.87977600
v -105.33354950 46.52777100 40.87977600
v -105.71971130 46.64115906 40.87977600
v -105.25315094 45.10895920 40.87977600
v -105.71971130 46.64115906 40.87977600
v -106.53264618 45.16753769 40.87977600
v -106.53264618 45.16753769 40.87977600
v -105.71971130 46.64115906 40.87977600
v -106.07743835 46.82558060 40.87977600
v -106.53264618 45.16753769 40.87977600
v -106.07743835 46.82558060 40.87977600
v -106.39379883 47.07437134 40.87977600
v -106.53264618 45.16753769 40.87977600
v -106.39379883 47.07437134 40.87977600
v -107.80619812 45.30401230 40.87977600
v -107.80619812 45.30401230 40.87977600
v -106.39379883 47.07437134 40.87977600
v -106.65736389 47.37853622 40.87977600
v -107.80619812 45.30401230 40.87977600
v -106.65736389 47.37853622 40.87977600
v -106.85859680 47.72708130 40.87977600
v -107.80619812 45.30401230 40.87977600
v -106.85859680 47.72708130 40.87977600
v -109.06905365 45.51787186 40.87977600
v -109.06905365 45.51787186 40.87977600
v -106.85859680 47.72708130 40.87977600
v -106.99022675 48.10741425 40.87977600
v -109.06905365 45.51787186 40.87977600
v -106.99022675 48.10741425 40.87977600
v -110.31652832 45.80832291 40.87977600
v -110.31652832 45.80832291 40.87977600
v -106.99022675 48.10741425 40.87977600
v -107.04750824 48.50578308 40.87977600
v -110.31652832 45.80832291 40.87977600
v -107.04750824 48.50578308 40.87977600
v -111.54397583 46.17428589 40.87977600
v -111.54397583 46.17428589 40.87977600
v -107.04750824 48.50578308 40.87977600
v -107.02835846 48.90779495 40.87977600
v -111.54397583 46.17428589 40.87977600
v -107.02835846 48.90779495 40.87977600
v -106.93347168 49.29891968 40.87977600
v -106.76628113 49.66501617 40.87977600
v -113.92060852 47.12702179 40.87977600
v -106.93347168 49.29891968 40.87977600
v -106.93347168 49.29891968 40.87977600
v -113.92060852 47.12702179 40.87977600
v -112.74682617 46.61439896 40.87977600
v -106.93347168 49.29891968 40.87977600
v -112.74682617 46.61439896 40.87977600
v -111.54397583 46.17428589 40.87977600
v -113.92060852 47.12702179 40.87977600
v -106.76628113 49.66501617 40.87977600
v -115.06095123 47.71025085 40.87977600
v -115.06095123 47.71025085 40.87977600
v -106.76628113 49.66501617 40.87977600
v -106.53282928 49.99285507 40.87977600
v -115.06095123 47.71025085 40.87977600
v -106.53282928 49.99285507 40.87977600
v -116.16362762 48.36191559 40.87977600
v -116.16362762 48.36191559 40.87977600
v -106.53282928 49.99285507 40.87977600
v -106.43290710 59.90651703 40.87977600
v -116.16362762 48.36191559 40.87977600
v -106.43290710 59.90651703 40.87977600
v -117.22451782 49.07958984 40.87977600
v -117.22451782 49.07958984 40.87977600
v -106.43290710 59.90651703 40.87977600
v -118.23968506 49.86060333 40.87977600
v -118.23968506 49.86060333 40.87977600
v -106.43290710 59.90651703 40.87977600
v -119.20534515 50.70205688 40.87977600
v -106.53282928 49.99285507 40.87977600
v -106.24154663 50.27058792 40.87977600
v -106.43290710 59.90651703 40.87977600
v -106.43290710 59.90651703 40.87977600
v -106.24154663 50.27058792 40.87977600
v -105.90296936 50.48817825 40.87977600
v -106.43290710 59.90651703 40.87977600
v -105.90296936 50.48817825 40.87977600
v -105.52933502 50.63776016 40.87977600
v -105.52933502 50.63776016 40.87977600
v -105.13414001 50.71392822 40.87977600
v -106.43290710 59.90651703 40.87977600
v -106.43290710 59.90651703 40.87977600
v -105.13414001 50.71392822 40.87977600
v -104.73167419 50.71392822 40.87977600
v -103.96283722 50.48817825 40.87977600
v -103.62425995 50.27058792 40.87977600
v -103.43290710 59.90651703 40.87977600
v -103.43290710 59.90651703 40.87977600
v -103.62425995 50.27058792 40.87977600
v -103.33298492 49.99285507 40.87977600
v -103.43290710 59.90651703 40.87977600
v -103.33298492 49.99285507 40.87977600
v -93.16625977 48.71266174 40.87977600
v -93.16625977 48.71266174 40.87977600
v -103.33298492 49.99285507 40.87977600
v -94.24855042 48.02767181 40.87977600
v -94.24855042 48.02767181 40.87977600
v -103.33298492 49.99285507 40.87977600
v -103.09952545 49.66501617 40.87977600
v -94.24855042 48.02767181 40.87977600
v -103.09952545 49.66501617 40.87977600
v -95.37058258 47.40993881 40.87977600
v -95.37058258 47.40993881 40.87977600
v -103.09952545 49.66501617 40.87977600
v -96.52818298 46.86175919 40.87977600
v -96.52818298 46.86175919 40.87977600
v -103.09952545 49.66501617 40.87977600
v -102.93233490 49.29891968 40.87977600
v -96.52818298 46.86175919 40.87977600
v -102.93233490 49.29891968 40.87977600
v -97.71705627 46.38516998 40.87977600
v -97.71705627 46.38516998 40.87977600
v -102.93233490 49.29891968 40.87977600
v -102.83745575 48.90779495 40.87977600
v -97.71705627 46.38516998 40.87977600
v -102.83745575 48.90779495 40.87977600
v -98.93276978 45.98194504 40.87977600
v -98.93276978 45.98194504 40.87977600
v -102.83745575 48.90779495 40.87977600
v -102.81830597 48.50578308 40.87977600
v -98.93276978 45.98194504 40.87977600
v -102.81830597 48.50578308 40.87977600
v -100.17079926 45.65358353 40.87977600
v -100.17079926 45.65358353 40.87977600
v -102.81830597 48.50578308 40.87977600
v -102.87557983 48.10741425 40.87977600
v -100.17079926 45.65358353 40.87977600
v -102.87557983 48.10741425 40.87977600
v -103.00721741 47.72708130 40.87977600
v -100.17079926 45.65358353 40.87977600
v -103.00721741 47.72708130 40.87977600
v -101.42655182 45.40130997 40.87977600
v -101.42655182 45.40130997 40.87977600
v -103.00721741 47.72708130 40.87977600
v -103.20845032 47.37853622 40.87977600
v -101.42655182 45.40130997 40.87977600
v -103.20845032 47.37853622 40.87977600
v -102.69534302 45.22606277 40.87977600
v -102.69534302 45.22606277 40.87977600
v -103.20845032 47.37853622 40.87977600
v -103.47200775 47.07437134 40.87977600
v -102.69534302 45.22606277 40.87977600
v -103.47200775 47.07437134 40.87977600
v -103.78836823 46.82558060 40.87977600
v -102.69534302 45.22606277 40.87977600
v -103.78836823 46.82558060 40.87977600
v -103.97245789 45.12849045 40.87977600
v -103.97245789 45.12849045 40.87977600
v -103.78836823 46.82558060 40.87977600
v -104.14609528 46.64115906 40.87977600
v -103.97245789 45.12849045 40.87977600
v -104.14609528 46.64115906 40.87977600
v -104.53225708 46.52777100 40.87977600
v -103.97245789 45.12849045 40.87977600
v -104.53225708 46.52777100 40.87977600
v -105.25315094 45.10895920 40.87977600
v -122.03225708 64.02777100 40.87977600
v -122.43290710 63.98951721 40.87977600
v -125.14663696 60.41397095 40.87977600
v -125.14663696 60.41397095 40.87977600
v -122.43290710 63.98951721 40.87977600
v -122.83354950 64.02777100 40.87977600
v -125.14663696 60.41397095 40.87977600
v -122.83354950 64.02777100 40.87977600
v -125.45607758 61.65687180 40.87977600
v -125.45607758 61.65687180 40.87977600
v -122.83354950 64.02777100 40.87977600
v -123.21971130 64.14115906 40.87977600
v -125.45607758 61.65687180 40.87977600
v -123.21971130 64.14115906 40.87977600
v -125.68917084 62.91632080 40.87977600
v -125.68917084 62.91632080 40.87977600
v -123.21971130 64.14115906 40.87977600
v -123.57743835 64.32558441 40.87977600
v -125.68917084 62.91632080 40.87977600
v -123.57743835 64.32558441 40.87977600
v -123.89379883 64.57437134 40.87977600
v -125.68917084 62.91632080 40.87977600
v -123.89379883 64.57437134 40.87977600
v -125.84505463 64.18763733 40.87977600
v -125.84505463 64.18763733 40.87977600
v -123.89379883 64.57437134 40.87977600
v -124.15736389 64.87853241 40.87977600
v -125.84505463 64.18763733 40.87977600
v -124.15736389 64.87853241 40.87977600
v -124.35859680 65.22708130 40.87977600
v -125.84505463 64.18763733 40.87977600
v -124.35859680 65.22708130 40.87977600
v -125.92313385 65.46609497 40.87977600
v -125.92313385 65.46609497 40.87977600
v -124.35859680 65.22708130 40.87977600
v -124.49022675 65.60741425 40.87977600
v -125.92313385 65.46609497 40.87977600
v -124.49022675 65.60741425 40.87977600
v -124.54750824 66.00578308 40.87977600
v -125.92313385 65.46609497 40.87977600
v -124.54750824 66.00578308 40.87977600
v -125.92313385 66.74693298 40.87977600
v -125.92313385 66.74693298 40.87977600
v -124.54750824 66.00578308 40.87977600
v -124.52835846 66.40779877 40.87977600
v -125.92313385 66.74693298 40.87977600
v -124.52835846 66.40779877 40.87977600
v -124.43347168 66.79891968 40.87977600
v -125.92313385 66.74693298 40.87977600
v -124.43347168 66.79891968 40.87977600
v -125.84505463 68.02539062 40.87977600
v -125.84505463 68.02539062 40.87977600
v -124.43347168 66.79891968 40.87977600
v -124.26628113 67.16501617 40.87977600
v -125.84505463 68.02539062 40.87977600
v -124.26628113 67.16501617 40.87977600
v -124.03282928 67.49285889 40.87977600
v -125.84505463 68.02539062 40.87977600
v -124.03282928 67.49285889 40.87977600
v -125.68917084 69.29670715 40.87977600
v -125.68917084 69.29670715 40.87977600
v -124.03282928 67.49285889 40.87977600
v -123.74154663 67.77059174 40.87977600
v -125.68917084 69.29670715 40.87977600
v -123.74154663 67.77059174 40.87977600
v -123.40296936 67.98818207 40.87977600
v -125.68917084 69.29670715 40.87977600
v -123.40296936 67.98818207 40.87977600
v -125.45607758 70.55615997 40.87977600
v -125.45607758 70.55615997 40.87977600
v -123.40296936 67.98818207 40.87977600
v -123.02933502 68.13776398 40.87977600
v -125.45607758 70.55615997 40.87977600
v -123.02933502 68.13776398 40.87977600
v -122.63414001 68.21392822 40.87977600
v -125.45607758 70.55615997 40.87977600
v -122.63414001 68.21392822 40.87977600
v -125.14663696 71.79905701 40.87977600
v -125.14663696 71.79905701 40.87977600
v -122.63414001 68.21392822 40.87977600
v -122.23166656 68.21392822 40.87977600
v -125.14663696 71.79905701 40.87977600
v -122.23166656 68.21392822 40.87977600
v -124.76200104 73.02078247 40.87977600
v -124.76200104 73.02078247 40.87977600
v -122.23166656 68.21392822 40.87977600
v -121.83647919 68.13776398 40.87977600
v -124.76200104 73.02078247 40.87977600
v -121.83647919 68.13776398 40.87977600
v -124.30359650 74.21678162 40.87977600
v -124.30359650 74.21678162 40.87977600
v -121.83647919 68.13776398 40.87977600
v -121.46283722 67.98818207 40.87977600
v -124.30359650 74.21678162 40.87977600
v -121.46283722 67.98818207 40.87977600
v -123.77313232 75.38260651 40.87977600
v -123.77313232 75.38260651 40.87977600
v -121.46283722 67.98818207 40.87977600
v -123.17257690 76.51393127 40.87977600
v -123.17257690 76.51393127 40.87977600
v -121.46283722 67.98818207 40.87977600
v -121.12425995 67.77059174 40.87977600
v -121.64609528 64.14115906 40.87977600
v -123.77313232 56.83042145 40.87977600
v -121.28836823 64.32558441 40.87977600
v -121.28836823 64.32558441 40.87977600
v -123.77313232 56.83042145 40.87977600
v -123.17257690 55.69910049 40.87977600
v -121.28836823 64.32558441 40.87977600
v -123.17257690 55.69910049 40.87977600
v -122.50417328 54.60649490 40.87977600
v -123.77313232 56.83042145 40.87977600
v -121.64609528 64.14115906 40.87977600
v -124.30359650 57.99625015 40.87977600
v -124.30359650 57.99625015 40.87977600
v -121.64609528 64.14115906 40.87977600
v -122.03225708 64.02777100 40.87977600
v -124.30359650 57.99625015 40.87977600
v -122.03225708 64.02777100 40.87977600
v -124.76200104 59.19224930 40.87977600
v -124.76200104 59.19224930 40.87977600
v -122.03225708 64.02777100 40.87977600
v -125.14663696 60.41397095 40.87977600
v -93.16625977 48.71266174 40.87977600
v -92.12775421 49.46235657 40.87977600
v -103.43290710 59.90651703 40.87977600
v -103.43290710 59.90651703 40.87977600
v -92.12775421 49.46235657 40.87977600
v -91.13687134 50.27396774 40.87977600
v -103.43290710 59.90651703 34.87977600
v -106.43290710 59.90651703 34.87977600
v -103.43290710 59.90651703 40.87977600
v -103.43290710 59.90651703 40.87977600
v -106.43290710 59.90651703 34.87977600
v -106.43290710 59.90651703 40.87977600
v -103.43290710 61.33681870 34.87977600
v -103.43290710 59.90651703 34.87977600
v -103.43290710 61.33681870 40.87977600
v -103.43290710 61.33681870 40.87977600
v -103.43290710 59.90651703 34.87977600
v -103.43290710 59.90651703 40.87977600
v -106.43290710 61.33681870 40.87977600
v -106.43290710 61.33681870 34.87977600
v -107.00833130 61.55760193 40.87977600
v -107.00833130 61.55760193 40.87977600
v -106.43290710 61.33681870 34.87977600
v -107.00833130 61.55760193 34.87977600
v -107.00833130 61.55760193 40.87977600
v -107.00833130 61.55760193 34.87977600
v -107.55221558 61.84750366 34.87977600
v -107.00833130 61.55760193 40.87977600
v -107.55221558 61.84750366 34.87977600
v -107.55221558 61.84750366 40.87977600
v -107.55221558 61.84750366 40.87977600
v -107.55221558 61.84750366 34.87977600
v -108.05631256 62.20211411 34.87977600
v -107.55221558 61.84750366 40.87977600
v -108.05631256 62.20211411 34.87977600
v -108.05631256 62.20211411 40.87977600
v -108.05631256 62.20211411 40.87977600
v -108.05631256 62.20211411 34.87977600
v -108.51293945 62.61605453 34.87977600
v -108.05631256 62.20211411 40.87977600
v -108.51293945 62.61605453 34.87977600
v -108.51293945 62.61605453 40.87977600
v -108.51293945 62.61605453 40.87977600
v -108.51293945 62.61605453 34.87977600
v -108.91517639 63.08302689 34.87977600
v -108.51293945 62.61605453 40.87977600
v -108.91517639 63.08302689 34.87977600
v -108.91517639 63.08302689 40.87977600
v -108.91517639 63.08302689 40.87977600
v -108.91517639 63.08302689 34.87977600
v -109.25690460 63.59593964 34.87977600
v -108.91517639 63.08302689 40.87977600
v -109.25690460 63.59593964 34.87977600
v -109.25690460 63.59593964 40.87977600
v -109.25690460 63.59593964 40.87977600
v -109.25690460 63.59593964 34.87977600
v -109.53293610 64.14700317 34.87977600
v -109.25690460 63.59593964 40.87977600
v -109.53293610 64.14700317 34.87977600
v -109.53293610 64.14700317 40.87977600
v -109.53293610 64.14700317 40.87977600
v -109.53293610 64.14700317 34.87977600
v -109.73906708 64.72782898 34.87977600
v -109.53293610 64.14700317 40.87977600
v -109.73906708 64.72782898 34.87977600
v -109.73906708 64.72782898 40.87977600
v -109.73906708 64.72782898 40.87977600
v -109.73906708 64.72782898 34.87977600
v -109.87217712 65.32961273 34.87977600
v -109.73906708 64.72782898 40.87977600
v -109.87217712 65.32961273 34.87977600
v -109.87217712 65.32961273 40.87977600
v -109.87217712 65.32961273 40.87977600
v -109.87217712 65.32961273 34.87977600
v -109.93023682 65.94319916 34.87977600
v -109.87217712 65.32961273 40.87977600
v -109.93023682 65.94319916 34.87977600
v -109.93023682 65.94319916 40.87977600
v -109.93023682 65.94319916 40.87977600
v -109.93023682 65.94319916 34.87977600
v -109.91236115 66.55926514 34.87977600
v -109.93023682 65.94319916 40.87977600
v -109.91236115 66.55926514 34.87977600
v -109.91236115 66.55926514 40.87977600
v -109.91236115 66.55926514 40.87977600
v -109.91236115 66.55926514 34.87977600
v -109.81883240 67.16845703 34.87977600
v -109.91236115 66.55926514 40.87977600
v -109.81883240 67.16845703 34.87977600
v -109.81883240 67.16845703 40.87977600
v -109.81883240 67.16845703 40.87977600
v -109.81883240 67.16845703 34.87977600
v -109.65106201 67.76150513 34.87977600
v -109.81883240 67.16845703 40.87977600
v -109.65106201 67.76150513 34.87977600
v -109.65106201 67.76150513 40.87977600
v -109.65106201 67.76150513 40.87977600
v -109.65106201 67.76150513 34.87977600
v -109.41159821 68.32941437 34.87977600
v -109.65106201 67.76150513 40.87977600
v -109.41159821 68.32941437 34.87977600
v -109.41159821 68.32941437 40.87977600
v -109.41159821 68.32941437 40.87977600
v -109.41159821 68.32941437 34.87977600
v -109.10408783 68.86354828 34.87977600
v -109.41159821 68.32941437 40.87977600
v -109.10408783 68.86354828 34.87977600
v -109.10408783 68.86354828 40.87977600
v -109.10408783 68.86354828 40.87977600
v -109.10408783 68.86354828 34.87977600
v -108.73320007 69.35578156 34.87977600
v -109.10408783 68.86354828 40.87977600
v -108.73320007 69.35578156 34.87977600
v -108.73320007 69.35578156 40.87977600
v -108.73320007 69.35578156 40.87977600
v -108.73320007 69.35578156 34.87977600
v -108.30456543 69.79865265 34.87977600
v -108.73320007 69.35578156 40.87977600
v -108.30456543 69.79865265 34.87977600
v -108.30456543 69.79865265 40.87977600
v -108.30456543 69.79865265 40.87977600
v -108.30456543 69.79865265 34.87977600
v -107.82470703 70.18542480 34.87977600
v -108.30456543 69.79865265 40.87977600
v -107.82470703 70.18542480 34.87977600
v -107.82470703 70.18542480 40.87977600
v -107.82470703 70.18542480 40.87977600
v -107.82470703 70.18542480 34.87977600
v -107.30090332 70.51021576 34.87977600
v -107.82470703 70.18542480 40.87977600
v -107.30090332 70.51021576 34.87977600
v -107.30090332 70.51021576 40.87977600
v -107.30090332 70.51021576 40.87977600
v -107.30090332 70.51021576 34.87977600
v -106.74111938 70.76809692 34.87977600
v -107.30090332 70.51021576 40.87977600
v -106.74111938 70.76809692 34.87977600
v -106.74111938 70.76809692 40.87977600
v -106.74111938 70.76809692 40.87977600
v -106.74111938 70.76809692 34.87977600
v -106.15386963 70.95514679 34.87977600
v -106.74111938 70.76809692 40.87977600
v -106.15386963 70.95514679 34.87977600
v -106.15386963 70.95514679 40.87977600
v -106.15386963 70.95514679 40.87977600
v -106.15386963 70.95514679 34.87977600
v -105.54805756 71.06852722 34.87977600
v -106.15386963 70.95514679 40.87977600
v -105.54805756 71.06852722 34.87977600
v -105.54805756 71.06852722 40.87977600
v -105.54805756 71.06852722 40.87977600
v -105.54805756 71.06852722 34.87977600
v -104.93290710 71.10651398 34.87977600
v -105.54805756 71.06852722 40.87977600
v -104.93290710 71.10651398 34.87977600
v -104.93290710 71.10651398 40.87977600
v -104.93290710 71.10651398 40.87977600
v -104.93290710 71.10651398 34.87977600
v -104.31774902 71.06852722 34.87977600
v -104.93290710 71.10651398 40.87977600
v -104.31774902 71.06852722 34.87977600
v -104.31774902 71.06852722 40.87977600
v -104.31774902 71.06852722 40.87977600
v -104.31774902 71.06852722 34.87977600
v -103.71194458 70.95514679 34.87977600
v -104.31774902 71.06852722 40.87977600
v -103.71194458 70.95514679 34.87977600
v -103.71194458 70.95514679 40.87977600
v -103.71194458 70.95514679 40.87977600
v -103.71194458 70.95514679 34.87977600
v -103.12468719 70.76809692 34.87977600
v -103.71194458 70.95514679 40.87977600
v -103.12468719 70.76809692 34.87977600
v -103.12468719 70.76809692 40.87977600
v -103.12468719 70.76809692 40.87977600
v -103.12468719 70.76809692 34.87977600
v -102.56490326 70.51021576 34.87977600
v -103.12468719 70.76809692 40.87977600
v -102.56490326 70.51021576 34.87977600
v -102.56490326 70.51021576 40.87977600
v -102.56490326 70.51021576 40.87977600
v -102.56490326 70.51021576 34.87977600
v -102.04109955 70.18542480 34.87977600
v -102.56490326 70.51021576 40.87977600
v -102.04109955 70.18542480 34.87977600
v -102.04109955 70.18542480 40.87977600
v -102.04109955 70.18542480 40.87977600
v -102.04109955 70.18542480 34.87977600
v -101.56124115 69.79865265 34.87977600
v -102.04109955 70.18542480 40.87977600
v -101.56124115 69.79865265 34.87977600
v -101.56124115 69.79865265 40.87977600
v -101.56124115 69.79865265 40.87977600
v -101.56124115 69.79865265 34.87977600
v -101.13260651 69.35578156 34.87977600
v -101.56124115 69.79865265 40.87977600
v -101.13260651 69.35578156 34.87977600
v -101.13260651 69.35578156 40.87977600
v -101.13260651 69.35578156 40.87977600
v -101.13260651 69.35578156 34.87977600
v -100.76171875 68.86354828 34.87977600
v -101.13260651 69.35578156 40.87977600
v -100.76171875 68.86354828 34.87977600
v -100.76171875 68.86354828 40.87977600
v -100.76171875 68.86354828 40.87977600
v -100.76171875 68.86354828 34.87977600
v -100.45420837 68.32941437 34.87977600
v -100.76171875 68.86354828 40.87977600
v -100.45420837 68.32941437 34.87977600
v -100.45420837 68.32941437 40.87977600
v -100.45420837 68.32941437 40.87977600
v -100.45420837 68.32941437 34.87977600
v -100.21474457 67.76150513 34.87977600
v -100.45420837 68.32941437 40.87977600
v -100.21474457 67.76150513 34.87977600
v -100.21474457 67.76150513 40.87977600
v -100.21474457 67.76150513 40.87977600
v -100.21474457 67.76150513 34.87977600
v -100.04697418 67.16845703 34.87977600
v -100.21474457 67.76150513 40.87977600
v -100.04697418 67.16845703 34.87977600
v -100.04697418 67.16845703 40.87977600
v -100.04697418 67.16845703 40.87977600
v -100.04697418 67.16845703 34.87977600
v -99.95344543 66.55926514 34.87977600
v -100.04697418 67.16845703 40.87977600
v -99.95344543 66.55926514 34.87977600
v -99.95344543 66.55926514 40.87977600
v -99.95344543 66.55926514 40.87977600
v -99.95344543 66.55926514 34.87977600
v -99.93556976 65.94319916 34.87977600
v -99.95344543 66.55926514 40.87977600
v -99.93556976 65.94319916 34.87977600
v -99.93556976 65.94319916 40.87977600
v -99.93556976 65.94319916 40.87977600
v -99.93556976 65.94319916 34.87977600
v -99.99362946 65.32961273 34.87977600
v -99.93556976 65.94319916 40.87977600
v -99.99362946 65.32961273 34.87977600
v -99.99362946 65.32961273 40.87977600
v -99.99362946 65.32961273 40.87977600
v -99.99362946 65.32961273 34.87977600
v -100.12673950 64.72782898 34.87977600
v -99.99362946 65.32961273 40.87977600
v -100.12673950 64.72782898 34.87977600
v -100.12673950 64.72782898 40.87977600
v -100.12673950 64.72782898 40.87977600
v -100.12673950 64.72782898 34.87977600
v -100.33287048 64.14700317 34.87977600
v -100.12673950 64.72782898 40.87977600
v -100.33287048 64.14700317 34.87977600
v -100.33287048 64.14700317 40.87977600
v -100.33287048 64.14700317 40.87977600
v -100.33287048 64.14700317 34.87977600
v -100.60890198 63.59593964 34.87977600
v -100.33287048 64.14700317 40.87977600
v -100.60890198 63.59593964 34.87977600
v -100.60890198 63.59593964 40.87977600
v -100.60890198 63.59593964 40.87977600
v -100.60890198 63.59593964 34.87977600
v -100.95063019 63.08302689 34.87977600
v -100.60890198 63.59593964 40.87977600
v -100.95063019 63.08302689 34.87977600
v -100.95063019 63.08302689 40.87977600
v -100.95063019 63.08302689 40.87977600
v -100.95063019 63.08302689 34.87977600
v -101.35286713 62.61605453 34.87977600
v -100.95063019 63.08302689 40.87977600
v -101.35286713 62.61605453 34.87977600
v -101.35286713 62.61605453 40.87977600
v -101.35286713 62.61605453 40.87977600
v -101.35286713 62.61605453 34.87977600
v -101.80950165 62.20211411 34.87977600
v -101.35286713 62.61605453 40.87977600
v -101.80950165 62.20211411 34.87977600
v -101.80950165 62.20211411 40.87977600
v -101.80950165 62.20211411 40.87977600
v -101.80950165 62.20211411 34.87977600
v -102.31359100 61.84750366 34.87977600
v -101.80950165 62.20211411 40.87977600
v -102.31359100 61.84750366 34.87977600
v -102.31359100 61.84750366 40.87977600
v -102.31359100 61.84750366 40.87977600
v -102.31359100 61.84750366 34.87977600
v -102.85748291 61.55760193 34.87977600
v -102.31359100 61.84750366 40.87977600
v -102.85748291 61.55760193 34.87977600
v -102.85748291 61.55760193 40.87977600
v -102.85748291 61.55760193 40.87977600
v -102.85748291 61.55760193 34.87977600
v -103.43290710 61.33681870 40.87977600
v -103.43290710 61.33681870 40.87977600
v -102.85748291 61.55760193 34.87977600
v -103.43290710 61.33681870 34.87977600
v -106.43290710 59.90651703 34.87977600
v -106.43290710 61.33681870 34.87977600
v -106.43290710 59.90651703 40.87977600
v -106.43290710 59.90651703 40.87977600
v -106.43290710 61.33681870 34.87977600
v -106.43290710 61.33681870 40.87977600
v -104.53225708 46.52777100 40.87977600
v -104.53225708 46.52777100 34.87977600
v -104.93290710 46.48951721 40.87977600
v -104.93290710 46.48951721 40.87977600
v -104.53225708 46.52777100 34.87977600
v -104.93290710 46.48951721 34.87977600
v -104.93290710 46.48951721 40.87977600
v -104.93290710 46.48951721 34.87977600
v -105.33354950 46.52777100 40.87977600
v -105.33354950 46.52777100 40.87977600
v -104.93290710 46.48951721 34.87977600
v -105.33354950 46.52777100 34.87977600
v -105.33354950 46.52777100 40.87977600
v -105.33354950 46.52777100 34.87977600
v -105.71971130 46.64115906 40.87977600
v -105.71971130 46.64115906 40.87977600
v -105.33354950 46.52777100 34.87977600
v -105.71971130 46.64115906 34.87977600
v -105.71971130 46.64115906 40.87977600
v -105.71971130 46.64115906 34.87977600
v -106.07743835 46.82558060 40.87977600
v -106.07743835 46.82558060 40.87977600
v -105.71971130 46.64115906 34.87977600
v -106.07743835 46.82558060 34.87977600
v -106.07743835 46.82558060 40.87977600
v -106.07743835 46.82558060 34.87977600
v -106.39379883 47.07437134 40.87977600
v -106.39379883 47.07437134 40.87977600
v -106.07743835 46.82558060 34.87977600
v -106.39379883 47.07437134 34.87977600
v -106.39379883 47.07437134 40.87977600
v -106.39379883 47.07437134 34.87977600
v -106.65736389 47.37853622 40.87977600
v -106.65736389 47.37853622 40.87977600
v -106.39379883 47.07437134 34.87977600
v -106.65736389 47.37853622 34.87977600
v -106.65736389 47.37853622 40.87977600
v -106.65736389 47.37853622 34.87977600
v -106.85859680 47.72708130 40.87977600
v -106.85859680 47.72708130 40.87977600
v -106.65736389 47.37853622 34.87977600
v -106.85859680 47.72708130 34.87977600
v -106.85859680 47.72708130 40.87977600
v -106.85859680 47.72708130 34.87977600
v -106.99022675 48.10741425 40.87977600
v -106.99022675 48.10741425 40.87977600
v -106.85859680 47.72708130 34.87977600
v -106.99022675 48.10741425 34.87977600
v -106.99022675 48.10741425 40.87977600
v -106.99022675 48.10741425 34.87977600
v -107.04750824 48.50578308 40.87977600
v -107.04750824 48.50578308 40.87977600
v -106.99022675 48.10741425 34.87977600
v -107.04750824 48.50578308 34.87977600
v -107.04750824 48.50578308 40.87977600
v -107.04750824 48.50578308 34.87977600
v -107.02835846 48.90779495 40.87977600
v -107.02835846 48.90779495 40.87977600
v -107.04750824 48.50578308 34.87977600
v -107.02835846 48.90779495 34.87977600
v -107.02835846 48.90779495 40.87977600
v -107.02835846 48.90779495 34.87977600
v -106.93347168 49.29891968 40.87977600
v -106.93347168 49.29891968 40.87977600
v -107.02835846 48.90779495 34.87977600
v -106.93347168 49.29891968 34.87977600
v -106.93347168 49.29891968 40.87977600
v -106.93347168 49.29891968 34.87977600
v -106.76628113 49.66501617 40.87977600
v -106.76628113 49.66501617 40.87977600
v -106.93347168 49.29891968 34.87977600
v -106.76628113 49.66501617 34.87977600
v -106.76628113 49.66501617 40.87977600
v -106.76628113 49.66501617 34.87977600
v -106.53282928 49.99285507 40.87977600
v -106.53282928 49.99285507 40.87977600
v -106.76628113 49.66501617 34.87977600
v -106.53282928 49.99285507 34.87977600
v -106.53282928 49.99285507 40.87977600
v -106.53282928 49.99285507 34.87977600
v -106.24154663 50.27058792 40.87977600
v -106.24154663 50.27058792 40.87977600
v -106.53282928 49.99285507 34.87977600
v -106.24154663 50.27058792 34.87977600
v -106.24154663 50.27058792 40.87977600
v -106.24154663 50.27058792 34.87977600
v -105.90296936 50.48817825 40.87977600
v -105.90296936 50.48817825 40.87977600
v -106.24154663 50.27058792 34.87977600
v -105.90296936 50.48817825 34.87977600
v -105.90296936 50.48817825 40.87977600
v -105.90296936 50.48817825 34.87977600
v -105.52933502 50.63776016 40.87977600
v -105.52933502 50.63776016 40.87977600
v -105.90296936 50.48817825 34.87977600
v -105.52933502 50.63776016 34.87977600
v -105.52933502 50.63776016 40.87977600
v -105.52933502 50.63776016 34.87977600
v -105.13414001 50.71392822 40.87977600
v -105.13414001 50.71392822 40.87977600
v -105.52933502 50.63776016 34.87977600
v -105.13414001 50.71392822 34.87977600
v -105.13414001 50.71392822 40.87977600
v -105.13414001 50.71392822 34.87977600
v -104.73167419 50.71392822 40.87977600
v -104.73167419 50.71392822 40.87977600
v -105.13414001 50.71392822 34.87977600
v -104.73167419 50.71392822 34.87977600
v -104.73167419 50.71392822 40.87977600
v -104.73167419 50.71392822 34.87977600
v -104.33647919 50.63776016 40.87977600
v -104.33647919 50.63776016 40.87977600
v -104.73167419 50.71392822 34.87977600
v -104.33647919 50.63776016 34.87977600
v -104.33647919 50.63776016 40.87977600
v -104.33647919 50.63776016 34.87977600
v -103.96283722 50.48817825 40.87977600
v -103.96283722 50.48817825 40.87977600
v -104.33647919 50.63776016 34.87977600
v -103.96283722 50.48817825 34.87977600
v -103.96283722 50.48817825 40.87977600
v -103.96283722 50.48817825 34.87977600
v -103.62425995 50.27058792 40.87977600
v -103.62425995 50.27058792 40.87977600
v -103.96283722 50.48817825 34.87977600
v -103.62425995 50.27058792 34.87977600
v -103.62425995 50.27058792 40.87977600
v -103.62425995 50.27058792 34.87977600
v -103.33298492 49.99285507 40.87977600
v -103.33298492 49.99285507 40.87977600
v -103.62425995 50.27058792 34.87977600
v -103.33298492 49.99285507 34.87977600
v -103.33298492 49.99285507 40.87977600
v -103.33298492 49.99285507 34.87977600
v -103.09952545 49.66501617 40.87977600
v -103.09952545 49.66501617 40.87977600
v -103.33298492 49.99285507 34.87977600
v -103.09952545 49.66501617 34.87977600
v -103.09952545 49.66501617 40.87977600
v -103.09952545 49.66501617 34.87977600
v -102.93233490 49.29891968 40.87977600
v -102.93233490 49.29891968 40.87977600
v -103.09952545 49.66501617 34.87977600
v -102.93233490 49.29891968 34.87977600
v -102.93233490 49.29891968 40.87977600
v -102.93233490 49.29891968 34.87977600
v -102.83745575 48.90779495 40.87977600
v -102.83745575 48.90779495 40.87977600
v -102.93233490 49.29891968 34.87977600
v -102.83745575 48.90779495 34.87977600
v -102.83745575 48.90779495 40.87977600
v -102.83745575 48.90779495 34.87977600
v -102.81830597 48.50578308 40.87977600
v -102.81830597 48.50578308 40.87977600
v -102.83745575 48.90779495 34.87977600
v -102.81830597 48.50578308 34.87977600
v -102.81830597 48.50578308 40.87977600
v -102.81830597 48.50578308 34.87977600
v -102.87557983 48.10741425 40.87977600
v -102.87557983 48.10741425 40.87977600
v -102.81830597 48.50578308 34.87977600
v -102.87557983 48.10741425 34.87977600
v -102.87557983 48.10741425 40.87977600
v -102.87557983 48.10741425 34.87977600
v -103.00721741 47.72708130 40.87977600
v -103.00721741 47.72708130 40.87977600
v -102.87557983 48.10741425 34.87977600
v -103.00721741 47.72708130 34.87977600
v -103.00721741 47.72708130 40.87977600
v -103.00721741 47.72708130 34.87977600
v -103.20845032 47.37853622 40.87977600
v -103.20845032 47.37853622 40.87977600
v -103.00721741 47.72708130 34.87977600
v -103.20845032 47.37853622 34.87977600
v -103.20845032 47.37853622 40.87977600
v -103.20845032 47.37853622 34.87977600
v -103.47200775 47.07437134 40.87977600
v -103.47200775 47.07437134 40.87977600
v -103.20845032 47.37853622 34.87977600
v -103.47200775 47.07437134 34.87977600
v -103.47200775 47.07437134 40.87977600
v -103.47200775 47.07437134 34.87977600
v -103.78836823 46.82558060 40.87977600
v -103.78836823 46.82558060 40.87977600
v -103.47200775 47.07437134 34.87977600
v -103.78836823 46.82558060 34.87977600
v -103.78836823 46.82558060 40.87977600
v -103.78836823 46.82558060 34.87977600
v -104.14609528 46.64115906 40.87977600
v -104.14609528 46.64115906 40.87977600
v -103.78836823 46.82558060 34.87977600
v -104.14609528 46.64115906 34.87977600
v -104.14609528 46.64115906 40.87977600
v -104.14609528 46.64115906 34.87977600
v -104.53225708 46.52777100 40.87977600
v -104.53225708 46.52777100 40.87977600
v -104.14609528 46.64115906 34.87977600
v -104.53225708 46.52777100 34.87977600
v -104.53225708 81.52777100 40.87977600
v -104.53225708 81.52777100 34.87977600
v -104.93290710 81.48951721 40.87977600
v -104.93290710 81.48951721 40.87977600
v -104.53225708 81.52777100 34.87977600
v -104.93290710 81.48951721 34.87977600
v -104.93290710 81.48951721 40.87977600
v -104.93290710 81.48951721 34.87977600
v -105.33354950 81.52777100 40.87977600
v -105.33354950 81.52777100 40.87977600
v -104.93290710 81.48951721 34.87977600
v -105.33354950 81.52777100 34.87977600
v -105.33354950 81.52777100 40.87977600
v -105.33354950 81.52777100 34.87977600
v -105.71971130 81.64115906 40.87977600
v -105.71971130 81.64115906 40.87977600
v -105.33354950 81.52777100 34.87977600
v -105.71971130 81.64115906 34.87977600
v -105.71971130 81.64115906 40.87977600
v -105.71971130 81.64115906 34.87977600
v -106.07743835 81.82558441 40.87977600
v -106.07743835 81.82558441 40.87977600
v -105.71971130 81.64115906 34.87977600
v -106.07743835 81.82558441 34.87977600
v -106.07743835 81.82558441 40.87977600
v -106.07743835 81.82558441 34.87977600
v -106.39379883 82.07437134 40.87977600
v -106.39379883 82.07437134 40.87977600
v -106.07743835 81.82558441 34.87977600
v -106.39379883 82.07437134 34.87977600
v -106.39379883 82.07437134 40.87977600
v -106.39379883 82.07437134 34.87977600
v -106.65736389 82.37853241 40.87977600
v -106.65736389 82.37853241 40.87977600
v -106.39379883 82.07437134 34.87977600
v -106.65736389 82.37853241 34.87977600
v -106.65736389 82.37853241 40.87977600
v -106.65736389 82.37853241 34.87977600
v -106.85859680 82.72708130 40.87977600
v -106.85859680 82.72708130 40.87977600
v -106.65736389 82.37853241 34.87977600
v -106.85859680 82.72708130 34.87977600
v -106.85859680 82.72708130 40.87977600
v -106.85859680 82.72708130 34.87977600
v -106.99022675 83.10741425 40.87977600
v -106.99022675 83.10741425 40.87977600
v -106.85859680 82.72708130 34.87977600
v -106.99022675 83.10741425 34.87977600
v -106.99022675 83.10741425 40.87977600
v -106.99022675 83.10741425 34.87977600
v -107.04750824 83.50578308 40.87977600
v -107.04750824 83.50578308 40.87977600
v -106.99022675 83.10741425 34.87977600
v -107.04750824 83.50578308 34.87977600
v -107.04750824 83.50578308 40.87977600
v -107.04750824 83.50578308 34.87977600
v -107.02835846 83.90779877 40.87977600
v -107.02835846 83.90779877 40.87977600
v -107.04750824 83.50578308 34.87977600
v -107.02835846 83.90779877 34.87977600
v -107.02835846 83.90779877 40.87977600
v -107.02835846 83.90779877 34.87977600
v -106.93347168 84.29891968 40.87977600
v -106.93347168 84.29891968 40.87977600
v -107.02835846 83.90779877 34.87977600
v -106.93347168 84.29891968 34.87977600
v -106.93347168 84.29891968 40.87977600
v -106.93347168 84.29891968 34.87977600
v -106.76628113 84.66501617 40.87977600
v -106.76628113 84.66501617 40.87977600
v -106.93347168 84.29891968 34.87977600
v -106.76628113 84.66501617 34.87977600
v -106.76628113 84.66501617 40.87977600
v -106.76628113 84.66501617 34.87977600
v -106.53282928 84.99285889 40.87977600
v -106.53282928 84.99285889 40.87977600
v -106.76628113 84.66501617 34.87977600
v -106.53282928 84.99285889 34.87977600
v -106.53282928 84.99285889 40.87977600
v -106.53282928 84.99285889 34.87977600
v -106.24154663 85.27059174 40.87977600
v -106.24154663 85.27059174 40.87977600
v -106.53282928 84.99285889 34.87977600
v -106.24154663 85.27059174 34.87977600
v -106.24154663 85.27059174 40.87977600
v -106.24154663 85.27059174 34.87977600
v -105.90296936 85.48818207 40.87977600
v -105.90296936 85.48818207 40.87977600
v -106.24154663 85.27059174 34.87977600
v -105.90296936 85.48818207 34.87977600
v -105.90296936 85.48818207 40.87977600
v -105.90296936 85.48818207 34.87977600
v -105.52933502 85.63776398 40.87977600
v -105.52933502 85.63776398 40.87977600
v -105.90296936 85.48818207 34.87977600
v -105.52933502 85.63776398 34.87977600
v -105.52933502 85.63776398 40.87977600
v -105.52933502 85.63776398 34.87977600
v -105.13414001 85.71392822 40.87977600
v -105.13414001 85.71392822 40.87977600
v -105.52933502 85.63776398 34.87977600
v -105.13414001 85.71392822 34.87977600
v -105.13414001 85.71392822 40.87977600
v -105.13414001 85.71392822 34.87977600
v -104.73167419 85.71392822 40.87977600
v -104.73167419 85.71392822 40.87977600
v -105.13414001 85.71392822 34.87977600
v -104.73167419 85.71392822 34.87977600
v -104.73167419 85.71392822 40.87977600
v -104.73167419 85.71392822 34.87977600
v -104.33647919 85.63776398 40.87977600
v -104.33647919 85.63776398 40.87977600
v -104.73167419 85.71392822 34.87977600
v -104.33647919 85.63776398 34.87977600
v -104.33647919 85.63776398 40.87977600
v -104.33647919 85.63776398 34.87977600
v -103.96283722 85.48818207 40.87977600
v -103.96283722 85.48818207 40.87977600
v -104.33647919 85.63776398 34.87977600
v -103.96283722 85.48818207 34.87977600
v -103.96283722 85.48818207 40.87977600
v -103.96283722 85.48818207 34.87977600
v -103.62425995 85.27059174 40.87977600
v -103.62425995 85.27059174 40.87977600
v -103.96283722 85.48818207 34.87977600
v -103.62425995 85.27059174 34.87977600
v -103.62425995 85.27059174 40.87977600
v -103.62425995 85.27059174 34.87977600
v -103.33298492 84.99285889 40.87977600
v -103.33298492 84.99285889 40.87977600
v -103.62425995 85.27059174 34.87977600
v -103.33298492 84.99285889 34.87977600
v -103.33298492 84.99285889 40.87977600
v -103.33298492 84.99285889 34.87977600
v -103.09952545 84.66501617 40.87977600
v -103.09952545 84.66501617 40.87977600
v -103.33298492 84.99285889 34.87977600
v -103.09952545 84.66501617 34.87977600
v -103.09952545 84.66501617 40.87977600
v -103.09952545 84.66501617 34.87977600
v -102.93233490 84.29891968 40.87977600
v -102.93233490 84.29891968 40.87977600
v -103.09952545 84.66501617 34.87977600
v -102.93233490 84.29891968 34.87977600
v -102.93233490 84.29891968 40.87977600
v -102.93233490 84.29891968 34.87977600
v -102.83745575 83.90779877 40.87977600
v -102.83745575 83.90779877 40.87977600
v -102.93233490 84.29891968 34.87977600
v -102.83745575 83.90779877 34.87977600
v -102.83745575 83.90779877 40.87977600
v -102.83745575 83.90779877 34.87977600
v -102.81830597 83.50578308 40.87977600
v -102.81830597 83.50578308 40.87977600
v -102.83745575 83.90779877 34.87977600
v -102.81830597 83.50578308 34.87977600
v -102.81830597 83.50578308 40.87977600
v -102.81830597 83.50578308 34.87977600
v -102.87557983 83.10741425 40.87977600
v -102.87557983 83.10741425 40.87977600
v -102.81830597 83.50578308 34.87977600
v -102.87557983 83.10741425 34.87977600
v -102.87557983 83.10741425 40.87977600
v -102.87557983 83.10741425 34.87977600
v -103.00721741 82.72708130 40.87977600
v -103.00721741 82.72708130 40.87977600
v -102.87557983 83.10741425 34.87977600
v -103.00721741 82.72708130 34.87977600
v -103.00721741 82.72708130 40.87977600
v -103.00721741 82.72708130 34.87977600
v -103.20845032 82.37853241 40.87977600
v -103.20845032 82.37853241 40.87977600
v -103.00721741 82.72708130 34.87977600
v -103.20845032 82.37853241 34.87977600
v -103.20845032 82.37853241 40.87977600
v -103.20845032 82.37853241 34.87977600
v -103.47200775 82.07437134 40.87977600
v -103.47200775 82.07437134 40.87977600
v -103.20845032 82.37853241 34.87977600
v -103.47200775 82.07437134 34.87977600
v -103.47200775 82.07437134 40.87977600
v -103.47200775 82.07437134 34.87977600
v -103.78836823 81.82558441 40.87977600
v -103.78836823 81.82558441 40.87977600
v -103.47200775 82.07437134 34.87977600
v -103.78836823 81.82558441 34.87977600
v -103.78836823 81.82558441 40.87977600
v -103.78836823 81.82558441 34.87977600
v -104.14609528 81.64115906 40.87977600
v -104.14609528 81.64115906 40.87977600
v -103.78836823 81.82558441 34.87977600
v -104.14609528 81.64115906 34.87977600
v -104.14609528 81.64115906 40.87977600
v -104.14609528 81.64115906 34.87977600
v -104.53225708 81.52777100 40.87977600
v -104.53225708 81.52777100 40.87977600
v -104.14609528 81.64115906 34.87977600
v -104.53225708 81.52777100 34.87977600
v -87.03225708 64.02777100 40.87977600
v -87.03225708 64.02777100 34.87977600
v -87.43290710 63.98951721 40.87977600
v -87.43290710 63.98951721 40.87977600
v -87.03225708 64.02777100 34.87977600
v -87.43290710 63.98951721 34.87977600
v -87.43290710 63.98951721 40.87977600
v -87.43290710 63.98951721 34.87977600
v -87.83354950 64.02777100 40.87977600
v -87.83354950 64.02777100 40.87977600
v -87.43290710 63.98951721 34.87977600
v -87.83354950 64.02777100 34.87977600
v -87.83354950 64.02777100 40.87977600
v -87.83354950 64.02777100 34.87977600
v -88.21971130 64.14115906 40.87977600
v -88.21971130 64.14115906 40.87977600
v -87.83354950 64.02777100 34.87977600
v -88.21971130 64.14115906 34.87977600
v -88.21971130 64.14115906 40.87977600
v -88.21971130 64.14115906 34.87977600
v -88.57743835 64.32558441 40.87977600
v -88.57743835 64.32558441 40.87977600
v -88.21971130 64.14115906 34.87977600
v -88.57743835 64.32558441 34.87977600
v -88.57743835 64.32558441 40.87977600
v -88.57743835 64.32558441 34.87977600
v -88.89379883 64.57437134 40.87977600
v -88.89379883 64.57437134 40.87977600
v -88.57743835 64.32558441 34.87977600
v -88.89379883 64.57437134 34.87977600
v -88.89379883 64.57437134 40.87977600
v -88.89379883 64.57437134 34.87977600
v -89.15736389 64.87853241 40.87977600
v -89.15736389 64.87853241 40.87977600
v -88.89379883 64.57437134 34.87977600
v -89.15736389 64.87853241 34.87977600
v -89.15736389 64.87853241 40.87977600
v -89.15736389 64.87853241 34.87977600
v -89.35859680 65.22708130 40.87977600
v -89.35859680 65.22708130 40.87977600
v -89.15736389 64.87853241 34.87977600
v -89.35859680 65.22708130 34.87977600
v -89.35859680 65.22708130 40.87977600
v -89.35859680 65.22708130 34.87977600
v -89.49022675 65.60741425 40.87977600
v -89.49022675 65.60741425 40.87977600
v -89.35859680 65.22708130 34.87977600
v -89.49022675 65.60741425 34.87977600
v -89.49022675 65.60741425 40.87977600
v -89.49022675 65.60741425 34.87977600
v -89.54750824 66.00578308 40.87977600
v -89.54750824 66.00578308 40.87977600
v -89.49022675 65.60741425 34.87977600
v -89.54750824 66.00578308 34.87977600
v -89.54750824 66.00578308 40.87977600
v -89.54750824 66.00578308 34.87977600
v -89.52835846 66.40779877 40.87977600
v -89.52835846 66.40779877 40.87977600
v -89.54750824 66.00578308 34.87977600
v -89.52835846 66.40779877 34.87977600
v -89.52835846 66.40779877 40.87977600
v -89.52835846 66.40779877 34.87977600
v -89.43347168 66.79891968 40.87977600
v -89.43347168 66.79891968 40.87977600
v -89.52835846 66.40779877 34.87977600
v -89.43347168 66.79891968 34.87977600
v -89.43347168 66.79891968 40.87977600
v -89.43347168 66.79891968 34.87977600
v -89.26628113 67.16501617 40.87977600
v -89.26628113 67.16501617 40.87977600
v -89.43347168 66.79891968 34.87977600
v -89.26628113 67.16501617 34.87977600
v -89.26628113 67.16501617 40.87977600
v -89.26628113 67.16501617 34.87977600
v -89.03282928 67.49285889 40.87977600
v -89.03282928 67.49285889 40.87977600
v -89.26628113 67.16501617 34.87977600
v -89.03282928 67.49285889 34.87977600
v -89.03282928 67.49285889 40.87977600
v -89.03282928 67.49285889 34.87977600
v -88.74154663 67.77059174 40.87977600
v -88.74154663 67.77059174 40.87977600
v -89.03282928 67.49285889 34.87977600
v -88.74154663 67.77059174 34.87977600
v -88.74154663 67.77059174 40.87977600
v -88.74154663 67.77059174 34.87977600
v -88.40296936 67.98818207 40.87977600
v -88.40296936 67.98818207 40.87977600
v -88.74154663 67.77059174 34.87977600
v -88.40296936 67.98818207 34.87977600
v -88.40296936 67.98818207 40.87977600
v -88.40296936 67.98818207 34.87977600
v -88.02933502 68.13776398 40.87977600
v -88.02933502 68.13776398 40.87977600
v -88.40296936 67.98818207 34.87977600
v -88.02933502 68.13776398 34.87977600
v -88.02933502 68.13776398 40.87977600
v -88.02933502 68.13776398 34.87977600
v -87.63414001 68.21392822 40.87977600
v -87.63414001 68.21392822 40.87977600
v -88.02933502 68.13776398 34.87977600
v -87.63414001 68.21392822 34.87977600
v -87.63414001 68.21392822 40.87977600
v -87.63414001 68.21392822 34.87977600
v -87.23166656 68.21392822 40.87977600
v -87.23166656 68.21392822 40.87977600
v -87.63414001 68.21392822 34.87977600
v -87.23166656 68.21392822 34.87977600
v -87.23166656 68.21392822 40.87977600
v -87.23166656 68.21392822 34.87977600
v -86.83647919 68.13776398 40.87977600
v -86.83647919 68.13776398 40.87977600
v -87.23166656 68.21392822 34.87977600
v -86.83647919 68.13776398 34.87977600
v -86.83647919 68.13776398 40.87977600
v -86.83647919 68.13776398 34.87977600
v -86.46283722 67.98818207 40.87977600
v -86.46283722 67.98818207 40.87977600
v -86.83647919 68.13776398 34.87977600
v -86.46283722 67.98818207 34.87977600
v -86.46283722 67.98818207 40.87977600
v -86.46283722 67.98818207 34.87977600
v -86.12425995 67.77059174 40.87977600
v -86.12425995 67.77059174 40.87977600
v -86.46283722 67.98818207 34.87977600
v -86.12425995 67.77059174 34.87977600
v -86.12425995 67.77059174 40.87977600
v -86.12425995 67.77059174 34.87977600
v -85.83298492 67.49285889 40.87977600
v -85.83298492 67.49285889 40.87977600
v -86.12425995 67.77059174 34.87977600
v -85.83298492 67.49285889 34.87977600
v -85.83298492 67.49285889 40.87977600
v -85.83298492 67.49285889 34.87977600
v -85.59952545 67.16501617 40.87977600
v -85.59952545 67.16501617 40.87977600
v -85.83298492 67.49285889 34.87977600
v -85.59952545 67.16501617 34.87977600
v -85.59952545 67.16501617 40.87977600
v -85.59952545 67.16501617 34.87977600
v -85.43233490 66.79891968 40.87977600
v -85.43233490 66.79891968 40.87977600
v -85.59952545 67.16501617 34.87977600
v -85.43233490 66.79891968 34.87977600
v -85.43233490 66.79891968 40.87977600
v -85.43233490 66.79891968 34.87977600
v -85.33744812 66.40779877 40.87977600
v -85.33744812 66.40779877 40.87977600
v -85.43233490 66.79891968 34.87977600
v -85.33744812 66.40779877 34.87977600
v -85.33744812 66.40779877 40.87977600
v -85.33744812 66.40779877 34.87977600
v -85.31829834 66.00578308 40.87977600
v -85.31829834 66.00578308 40.87977600
v -85.33744812 66.40779877 34.87977600
v -85.31829834 66.00578308 34.87977600
v -85.31829834 66.00578308 40.87977600
v -85.31829834 66.00578308 34.87977600
v -85.37557983 65.60741425 40.87977600
v -85.37557983 65.60741425 40.87977600
v -85.31829834 66.00578308 34.87977600
v -85.37557983 65.60741425 34.87977600
v -85.37557983 65.60741425 40.87977600
v -85.37557983 65.60741425 34.87977600
v -85.50720978 65.22708130 40.87977600
v -85.50720978 65.22708130 40.87977600
v -85.37557983 65.60741425 34.87977600
v -85.50720978 65.22708130 34.87977600
v -85.50720978 65.22708130 40.87977600
v -85.50720978 65.22708130 34.87977600
v -85.70845032 64.87853241 40.87977600
v -85.70845032 64.87853241 40.87977600
v -85.50720978 65.22708130 34.87977600
v -85.70845032 64.87853241 34.87977600
v -85.70845032 64.87853241 40.87977600
v -85.70845032 64.87853241 34.87977600
v -85.97200775 64.57437134 40.87977600
v -85.97200775 64.57437134 40.87977600
v -85.70845032 64.87853241 34.87977600
v -85.97200775 64.57437134 34.87977600
v -85.97200775 64.57437134 40.87977600
v -85.97200775 64.57437134 34.87977600
v -86.28836823 64.32558441 40.87977600
v -86.28836823 64.32558441 40.87977600
v -85.97200775 64.57437134 34.87977600
v -86.28836823 64.32558441 34.87977600
v -86.28836823 64.32558441 40.87977600
v -86.28836823 64.32558441 34.87977600
v -86.64609528 64.14115906 40.87977600
v -86.64609528 64.14115906 40.87977600
v -86.28836823 64.32558441 34.87977600
v -86.64609528 64.14115906 34.87977600
v -86.64609528 64.14115906 40.87977600
v -86.64609528 64.14115906 34.87977600
v -87.03225708 64.02777100 40.87977600
v -87.03225708 64.02777100 40.87977600
v -86.64609528 64.14115906 34.87977600
v -87.03225708 64.02777100 34.87977600
v -122.03225708 64.02777100 40.87977600
v -122.03225708 64.02777100 34.87977600
v -122.43290710 63.98951721 40.87977600
v -122.43290710 63.98951721 40.87977600
v -122.03225708 64.02777100 34.87977600
v -122.43290710 63.98951721 34.87977600
v -122.43290710 63.98951721 40.87977600
v -122.43290710 63.98951721 34.87977600
v -122.83354950 64.02777100 40.87977600
v -122.83354950 64.02777100 40.87977600
v -122.43290710 63.98951721 34.87977600
v -122.83354950 64.02777100 34.87977600
v -122.83354950 64.02777100 40.87977600
v -122.83354950 64.02777100 34.87977600
v -123.21971130 64.14115906 40.87977600
v -123.21971130 64.14115906 40.87977600
v -122.83354950 64.02777100 34.87977600
v -123.21971130 64.14115906 34.87977600
v -123.21971130 64.14115906 40.87977600
v -123.21971130 64.14115906 34.87977600
v -123.57743835 64.32558441 40.87977600
v -123.57743835 64.32558441 40.87977600
v -123.21971130 64.14115906 34.87977600
v -123.57743835 64.32558441 34.87977600
v -123.57743835 64.32558441 40.87977600
v -123.57743835 64.32558441 34.87977600
v -123.89379883 64.57437134 40.87977600
v -123.89379883 64.57437134 40.87977600
v -123.57743835 64.32558441 34.87977600
v -123.89379883 64.57437134 34.87977600
v -123.89379883 64.57437134 40.87977600
v -123.89379883 64.57437134 34.87977600
v -124.15736389 64.87853241 40.87977600
v -124.15736389 64.87853241 40.87977600
v -123.89379883 64.57437134 34.87977600
v -124.15736389 64.87853241 34.87977600
v -124.15736389 64.87853241 40.87977600
v -124.15736389 64.87853241 34.87977600
v -124.35859680 65.22708130 40.87977600
v -124.35859680 65.22708130 40.87977600
v -124.15736389 64.87853241 34.87977600
v -124.35859680 65.22708130 34.87977600
v -124.35859680 65.22708130 40.87977600
v -124.35859680 65.22708130 34.87977600
v -124.49022675 65.60741425 40.87977600
v -124.49022675 65.60741425 40.87977600
v -124.35859680 65.22708130 34.87977600
v -124.49022675 65.60741425 34.87977600
v -124.49022675 65.60741425 40.87977600
v -124.49022675 65.60741425 34.87977600
v -124.54750824 66.00578308 40.87977600
v -124.54750824 66.00578308 40.87977600
v -124.49022675 65.60741425 34.87977600
v -124.54750824 66.00578308 34.87977600
v -124.54750824 66.00578308 40.87977600
v -124.54750824 66.00578308 34.87977600
v -124.52835846 66.40779877 40.87977600
v -124.52835846 66.40779877 40.87977600
v -124.54750824 66.00578308 34.87977600
v -124.52835846 66.40779877 34.87977600
v -124.52835846 66.40779877 40.87977600
v -124.52835846 66.40779877 34.87977600
v -124.43347168 66.79891968 40.87977600
v -124.43347168 66.79891968 40.87977600
v -124.52835846 66.40779877 34.87977600
v -124.43347168 66.79891968 34.87977600
v -124.43347168 66.79891968 40.87977600
v -124.43347168 66.79891968 34.87977600
v -124.26628113 67.16501617 40.87977600
v -124.26628113 67.16501617 40.87977600
v -124.43347168 66.79891968 34.87977600
v -124.26628113 67.16501617 34.87977600
v -124.26628113 67.16501617 40.87977600
v -124.26628113 67.16501617 34.87977600
v -124.03282928 67.49285889 40.87977600
v -124.03282928 67.49285889 40.87977600
v -124.26628113 67.16501617 34.87977600
v -124.03282928 67.49285889 34.87977600
v -124.03282928 67.49285889 40.87977600
v -124.03282928 67.49285889 34.87977600
v -123.74154663 67.77059174 40.87977600
v -123.74154663 67.77059174 40.87977600
v -124.03282928 67.49285889 34.87977600
v -123.74154663 67.77059174 34.87977600
v -123.74154663 67.77059174 40.87977600
v -123.74154663 67.77059174 34.87977600
v -123.40296936 67.98818207 40.87977600
v -123.40296936 67.98818207 40.87977600
v -123.74154663 67.77059174 34.87977600
v -123.40296936 67.98818207 34.87977600
v -123.40296936 67.98818207 40.87977600
v -123.40296936 67.98818207 34.87977600
v -123.02933502 68.13776398 40.87977600
v -123.02933502 68.13776398 40.87977600
v -123.40296936 67.98818207 34.87977600
v -123.02933502 68.13776398 34.87977600
v -123.02933502 68.13776398 40.87977600
v -123.02933502 68.13776398 34.87977600
v -122.63414001 68.21392822 40.87977600
v -122.63414001 68.21392822 40.87977600
v -123.02933502 68.13776398 34.87977600
v -122.63414001 68.21392822 34.87977600
v -122.63414001 68.21392822 40.87977600
v -122.63414001 68.21392822 34.87977600
v -122.23166656 68.21392822 40.87977600
v -122.23166656 68.21392822 40.87977600
v -122.63414001 68.21392822 34.87977600
v -122.23166656 68.21392822 34.87977600
v -122.23166656 68.21392822 40.87977600
v -122.23166656 68.21392822 34.87977600
v -121.83647919 68.13776398 40.87977600
v -121.83647919 68.13776398 40.87977600
v -122.23166656 68.21392822 34.87977600
v -121.83647919 68.13776398 34.87977600
v -121.83647919 68.13776398 40.87977600
v -121.83647919 68.13776398 34.87977600
v -121.46283722 67.98818207 40.87977600
v -121.46283722 67.98818207 40.87977600
v -121.83647919 68.13776398 34.87977600
v -121.46283722 67.98818207 34.87977600
v -121.46283722 67.98818207 40.87977600
v -121.46283722 67.98818207 34.87977600
v -121.12425995 67.77059174 40.87977600
v -121.12425995 67.77059174 40.87977600
v -121.46283722 67.98818207 34.87977600
v -121.12425995 67.77059174 34.87977600
v -121.12425995 67.77059174 40.87977600
v -121.12425995 67.77059174 34.87977600
v -120.83298492 67.49285889 40.87977600
v -120.83298492 67.49285889 40.87977600
v -121.12425995 67.77059174 34.87977600
v -120.83298492 67.49285889 34.87977600
v -120.83298492 67.49285889 40.87977600
v -120.83298492 67.49285889 34.87977600
v -120.59952545 67.16501617 40.87977600
v -120.59952545 67.16501617 40.87977600
v -120.83298492 67.49285889 34.87977600
v -120.59952545 67.16501617 34.87977600
v -120.59952545 67.16501617 40.87977600
v -120.59952545 67.16501617 34.87977600
v -120.43233490 66.79891968 40.87977600
v -120.43233490 66.79891968 40.87977600
v -120.59952545 67.16501617 34.87977600
v -120.43233490 66.79891968 34.87977600
v -120.43233490 66.79891968 40.87977600
v -120.43233490 66.79891968 34.87977600
v -120.33744812 66.40779877 40.87977600
v -120.33744812 66.40779877 40.87977600
v -120.43233490 66.79891968 34.87977600
v -120.33744812 66.40779877 34.87977600
v -120.33744812 66.40779877 40.87977600
v -120.33744812 66.40779877 34.87977600
v -120.31829834 66.00578308 40.87977600
v -120.31829834 66.00578308 40.87977600
v -120.33744812 66.40779877 34.87977600
v -120.31829834 66.00578308 34.87977600
v -120.31829834 66.00578308 40.87977600
v -120.31829834 66.00578308 34.87977600
v -120.37557983 65.60741425 40.87977600
v -120.37557983 65.60741425 40.87977600
v -120.31829834 66.00578308 34.87977600
v -120.37557983 65.60741425 34.87977600
v -120.37557983 65.60741425 40.87977600
v -120.37557983 65.60741425 34.87977600
v -120.50720978 65.22708130 40.87977600
v -120.50720978 65.22708130 40.87977600
v -120.37557983 65.60741425 34.87977600
v -120.50720978 65.22708130 34.87977600
v -120.50720978 65.22708130 40.87977600
v -120.50720978 65.22708130 34.87977600
v -120.70845032 64.87853241 40.87977600
v -120.70845032 64.87853241 40.87977600
v -120.50720978 65.22708130 34.87977600
v -120.70845032 64.87853241 34.87977600
v -120.70845032 64.87853241 40.87977600
v -120.70845032 64.87853241 34.87977600
v -120.97200775 64.57437134 40.87977600
v -120.97200775 64.57437134 40.87977600
v -120.70845032 64.87853241 34.87977600
v -120.97200775 64.57437134 34.87977600
v -120.97200775 64.57437134 40.87977600
v -120.97200775 64.57437134 34.87977600
v -121.28836823 64.32558441 40.87977600
v -121.28836823 64.32558441 40.87977600
v -120.97200775 64.57437134 34.87977600
v -121.28836823 64.32558441 34.87977600
v -121.28836823 64.32558441 40.87977600
v -121.28836823 64.32558441 34.87977600
v -121.64609528 64.14115906 40.87977600
v -121.64609528 64.14115906 40.87977600
v -121.28836823 64.32558441 34.87977600
v -121.64609528 64.14115906 34.87977600
v -121.64609528 64.14115906 40.87977600
v -121.64609528 64.14115906 34.87977600
v -122.03225708 64.02777100 40.87977600
v -122.03225708 64.02777100 40.87977600
v -121.64609528 64.14115906 34.87977600
v -122.03225708 64.02777100 34.87977600
f 1 2 3
f 4 5 6
f 7 8 9
f 10 11 12
f 13 14 15
f 16 17 18
f 19 20 21
f 22 23 24
f 25 26 27
f 28 29 30
f 31 32 33
f 34 35 36
f 37 38 39
f 40 41 42
f 43 44 45
f 46 47 48
f 49 50 51
f 52 53 54
f 55 56 57
f 58 59 60
f 61 62 63
f 64 65 66
f 67 68 69
f 70 71 72
f 73 74 75
f 76 77 78
f 79 80 81
f 82 83 84
f 85 86 87
f 88 89 90
f 91 92 93
f 94 95 96
f 97 98 99
f 100 101 102
f 103 104 105
f 106 107 108
f 109 110 111
f 112 113 114
f 115 116 117
f 118 119 120
f 121 122 123
f 124 125 126
f 127 128 129
f 130 131 132
f 133 134 135
f 136 137 138
f 139 140 141
f 142 143 144
f 145 146 147
f 148 149 150
f 151 152 153
f 154 155 156
f 157 158 159
f 160 161 162
f 163 164 165
f 166 167 168
f 169 170 171
f 172 173 174
f 175 176 177
f 178 179 180
f 181 182 183
f 184 185 186
f 187 188 189
f 190 191 192
f 193 194 195
f 196 197 198
f 199 200 201
f 202 203 204
f 205 206 207
f 208 209 210
f 211 212 213
f 214 215 216
f 217 218 219
f 220 221 222
f 223 224 225
f 226 227 228
f 229 230 231
f 232 233 234
f 235 236 237
f 238 239 240
f 241 242 243
f 244 245 246
f 247 248 249
f 250 251 252
f 253 254 255
f 256 257 258
f 259 260 261
f 262 263 264
f 265 266 267
f 268 269 270
f 271 272 273
f 274 275 276
f 277 278 279
f 280 281 282
f 283 284 285
f 286 287 288
f 289 290 291
f 292 293 294
f 295 296 297
f 298 299 300
f 301 302 303
f 304 305 306
f 307 308 309
f 310 311 312
f 313 314 315
f 316 317 318
f 319 320 321
f 322 323 324
f 325 326 327
f 328 329 330
f 331 332 333
f 334 335 336
f 337 338 339
f 340 341 342
f 343 344 345
f 346 347 348
f 349 350 351
f 352 353 354
f 355 356 357
f 358 359 360
f 361 362 363
f 364 365 366
f 367 368 369
f 370 371 372
f 373 374 375
f 376 377 378
f 379 380 381
f 382 383 384
f 385 386 387
f 388 389 390
f 391 392 393
f 394 395 396
f 397 398 399
f 400 401 402
f 403 404 405
f 406 407 408
f 409 410 411
f 412 413 414
f 415 416 417
f 418 419 420
f 421 422 423
f 424 425 426
f 427 428 429
f 430 431 432
f 433 434 435
f 436 437 438
f 439 440 441
f 442 443 444
f 445 446 447
f 448 449 450
f 451 452 453
f 454 455 456
f 457 458 459
f 460 461 462
f 463 464 465
f 466 467 468
f 469 470 471
f 472 473 474
f 475 476 477
f 478 479 480
f 481 482 483
f 484 485 486
f 487 488 489
f 490 491 492
f 493 494 495
f 496 497 498
f 499 500 501
f 502 503 504
f 505 506 507
f 508 509 510
f 511 512 513
f 514 515 516
f 517 518 519
f 520 521 522
f 523 524 525
f 526 527 528
f 529 530 531
f 532 533 534
f 535 536 537
f 538 539 540
f 541 542 543
f 544 545 546
f 547 548 549
f 550 551 552
f 553 554 555
f 556 557 558
f 559 560 561
f 562 563 564
f 565 566 567
f 568 569 570
f 571 572 573
f 574 575 576
f 577 578 579
f 580 581 582
f 583 584 585
f 586 587 588
f 589 590 591
f 592 593 594
f 595 596 597
f 598 599 600
f 601 602 603
f 604 605 606
f 607 608 609
f 610 611 612
f 613 614 615
f 616 617 618
f 619 620 621
f 622 623 624
f 625 626 627
f 628 629 630
f 631 632 633
f 634 635 636
f 637 638 639
f 640 641 642
f 643 644 645
f 646 647 648
f 649 650 651
f 652 653 654
f 655 656 657
f 658 659 660
f 661 662 663
f 664 665 666
f 667 668 669
f 670 671 672
f 673 674 675
f 676 677 678
f 679 680 681
f 682 683 684
f 685 686 687
f 688 689 690
f 691 692 693
f 694 695 696
f 697 698 699
f 700 701 702
f 703 704 705
f 706 707 708
f 709 710 711
f 712 713 714
f 715 716 717
f 718 719 720
f 721 722 723
f 724 725 726
f 727 728 729
f 730 731 732
f 733 734 735
f 736 737 738
f 739 740 741
f 742 743 744
f 745 746 747
f 748 749 750
f 751 752 753
f 754 755 756
f 757 758 759
f 760 761 762
f 763 764 765
f 766 767 768
f 769 770 771
f 772 773 774
f 775 776 777
f 778 779 780
f 781 782 783
f 784 785 786
f 787 788 789
f 790 791 792
f 793 794 795
f 796 797 798
f 799 800 801
f 802 803 804
f 805 806 807
f 808 809 810
f 811 812 813
f 814 815 816
f 817 818 819
f 820 821 822
f 823 824 825
f 826 827 828
f 829 830 831
f 832 833 834
f 835 836 837
f 838 839 840
f 841 842 843
f 844 845 846
f 847 848 849
f 850 851 852
f 853 854 855
f 856 857 858
f 859 860 861
f 862 863 864
f 865 866 867
f 868 869 870
f 871 872 873
f 874 875 876
f 877 878 879
f 880 881 882
f 883 884 885
f 886 887 888
f 889 890 891
f 892 893 894
f 895 896 897
f 898 899 900
f 901 902 903
f 904 905 906
f 907 908 909
f 910 911 912
f 913 914 915
f 916 917 918
f 919 920 921
f 922 923 924
f 925 926 927
f 928 929 930
f 931 932 933
f 934 935 936
f 937 938 939
f 940 941 942
f 943 944 945
f 946 947 948
f 949 950 951
f 952 953 954
f 955 956 957
f 958 959 960
f 961 962 963
f 964 965 966
f 967 968 969
f 970 971 972
f 973 974 975
f 976 977 978
f 979 980 981
f 982 983 984
f 985 986 987
f 988 989 990
f 991 992 993
f 994 995 996
f 997 998 999
f 1000 1001 1002
f 1003 1004 1005
f 1006 1007 1008
f 1009 1010 1011
f 1012 1013 1014
f 1015 1016 1017
f 1018 1019 1020
f 1021 1022 1023
f 1024 1025 1026
f 1027 1028 1029
f 1030 1031 1032
f 1033 1034 1035
f 1036 1037 1038
f 1039 1040 1041
f 1042 1043 1044
f 1045 1046 1047
f 1048 1049 1050
f 1051 1052 1053
f 1054 1055 1056
f 1057 1058 1059
f 1060 1061 1062
f 1063 1064 1065
f 1066 1067 1068
f 1069 1070 1071
f 1072 1073 1074
f 1075 1076 1077
f 1078 1079 1080
f 1081 1082 1083
f 1084 1085 1086
f 1087 1088 1089
f 1090 1091 1092
f 1093 1094 1095
f 1096 1097 1098
f 1099 1100 1101
f 1102 1103 1104
f 1105 1106 1107
f 1108 1109 1110
f 1111 1112 1113
f 1114 1115 1116
f 1117 1118 1119
f 1120 1121 1122
f 1123 1124 1125
f 1126 1127 1128
f 1129 1130 1131
f 1132 1133 1134
f 1135 1136 1137
f 1138 1139 1140
f 1141 1142 1143
f 1144 1145 1146
f 1147 1148 1149
f 1150 1151 1152
f 1153 1154 1155
f 1156 1157 1158
f 1159 1160 1161
f 1162 1163 1164
f 1165 1166 1167
f 1168 1169 1170
f 1171 1172 1173
f 1174 1175 1176
f 1177 1178 1179
f 1180 1181 1182
f 1183 1184 1185
f 1186 1187 1188
f 1189 1190 1191
f 1192 1193 1194
f 1195 1196 1197
f 1198 1199 1200
f 1201 1202 1203
f 1204 1205 1206
f 1207 1208 1209
f 1210 1211 1212
f 1213 1214 1215
f 1216 1217 1218
f 1219 1220 1221
f 1222 1223 1224
f 1225 1226 1227
f 1228 1229 1230
f 1231 1232 1233
f 1234 1235 1236
f 1237 1238 1239
f 1240 1241 1242
f 1243 1244 1245
f 1246 1247 1248
f 1249 1250 1251
f 1252 1253 1254
f 1255 1256 1257
f 1258 1259 1260
f 1261 1262 1263
f 1264 1265 1266
f 1267 1268 1269
f 1270 1271 1272
f 1273 1274 1275
f 1276 1277 1278
f 1279 1280 1281
f 1282 1283 1284
f 1285 1286 1287
f 1288 1289 1290
f 1291 1292 1293
f 1294 1295 1296
f 1297 1298 1299
f 1300 1301 1302
f 1303 1304 1305
f 1306 1307 1308
f 1309 1310 1311
f 1312 1313 1314
f 1315 1316 1317
f 1318 1319 1320
f 1321 1322 1323
f 1324 1325 1326
f 1327 1328 1329
f 1330 1331 1332
f 1333 1334 1335
f 1336 1337 1338
f 1339 1340 1341
f 1342 1343 1344
f 1345 1346 1347
f 1348 1349 1350
f 1351 1352 1353
f 1354 1355 1356
f 1357 1358 1359
f 1360 1361 1362
f 1363 1364 1365
f 1366 1367 1368
f 1369 1370 1371
f 1372 1373 1374
f 1375 1376 1377
f 1378 1379 1380
f 1381 1382 1383
f 1384 1385 1386
f 1387 1388 1389
f 1390 1391 1392
f 1393 1394 1395
f 1396 1397 1398
f 1399 1400 1401
f 1402 1403 1404
f 1405 1406 1407
f 1408 1409 1410
f 1411 1412 1413
f 1414 1415 1416
f 1417 1418 1419
f 1420 1421 1422
f 1423 1424 1425
f 1426 1427 1428
f 1429 1430 1431
f 1432 1433 1434
f 1435 1436 1437
f 1438 1439 1440
f 1441 1442 1443
f 1444 1445 1446
f 1447 1448 1449
f 1450 1451 1452
f 1453 1454 1455
f 1456 1457 1458
f 1459 1460 1461
f 1462 1463 1464
f 1465 1466 1467
f 1468 1469 1470
f 1471 1472 1473
f 1474 1475 1476
f 1477 1478 1479
f 1480 1481 1482
f 1483 1484 1485
f 1486 1487 1488
f 1489 1490 1491
f 1492 1493 1494
f 1495 1496 1497
f 1498 1499 1500
f 1501 1502 1503
f 1504 1505 1506
f 1507 1508 1509
f 1510 1511 1512
f 1513 1514 1515
f 1516 1517 1518
f 1519 1520 1521
f 1522 1523 1524
f 1525 1526 1527
f 1528 1529 1530
f 1531 1532 1533
f 1534 1535 1536
f 1537 1538 1539
f 1540 1541 1542
f 1543 1544 1545
f 1546 1547 1548
f 1549 1550 1551
f 1552 1553 1554
f 1555 1556 1557
f 1558 1559 1560
f 1561 1562 1563
f 1564 1565 1566
f 1567 1568 1569
f 1570 1571 1572
f 1573 1574 1575
f 1576 1577 1578
f 1579 1580 1581
f 1582 1583 1584
f 1585 1586 1587
f 1588 1589 1590
f 1591 1592 1593
f 1594 1595 1596
f 1597 1598 1599
f 1600 1601 1602
f 1603 1604 1605
f 1606 1607 1608
f 1609 1610 1611
f 1612 1613 1614
f 1615 1616 1617
f 1618 1619 1620
f 1621 1622 1623
f 1624 1625 1626
f 1627 1628 1629
f 1630 1631 1632
f 1633 1634 1635
f 1636 1637 1638
f 1639 1640 1641
f 1642 1643 1644
f 1645 1646 1647
f 1648 1649 1650
f 1651 1652 1653
f 1654 1655 1656
f 1657 1658 1659
f 1660 1661 1662
f 1663 1664 1665
f 1666 1667 1668
f 1669 1670 1671
f 1672 1673 1674
f 1675 1676 1677
f 1678 1679 1680
f 1681 1682 1683
f 1684 1685 1686
f 1687 1688 1689
f 1690 1691 1692
f 1693 1694 1695
f 1696 1697 1698
f 1699 1700 1701
f 1702 1703 1704
f 1705 1706 1707
f 1708 1709 1710
f 1711 1712 1713
f 1714 1715 1716
f 1717 1718 1719
f 1720 1721 1722
f 1723 1724 1725
f 1726 1727 1728
f 1729 1730 1731
f 1732 1733 1734
f 1735 1736 1737
f 1738 1739 1740
f 1741 1742 1743
f 1744 1745 1746
f 1747 1748 1749
f 1750 1751 1752
f 1753 1754 1755
f 1756 1757 1758
f 1759 1760 1761
f 1762 1763 1764
f 1765 1766 1767
f 1768 1769 1770
f 1771 1772 1773
f 1774 1775 1776
f 1777 1778 1779
f 1780 1781 1782
f 1783 1784 1785
f 1786 1787 1788
f 1789 1790 1791
f 1792 1793 1794
f 1795 1796 1797
f 1798 1799 1800
f 1801 1802 1803
f 1804 1805 1806
f 1807 1808 1809
f 1810 1811 1812
f 1813 1814 1815
f 1816 1817 1818
f 1819 1820 1821
f 1822 1823 1824
f 1825 1826 1827
f 1828 1829 1830
f 1831 1832 1833
f 1834 1835 1836
f 1837 1838 1839
f 1840 1841 1842
f 1843 1844 1845
f 1846 1847 1848
f 1849 1850 1851
f 1852 1853 1854
f 1855 1856 1857
f 1858 1859 1860
f 1861 1862 1863
f 1864 1865 1866
f 1867 1868 1869
f 1870 1871 1872
f 1873 1874 1875
f 1876 1877 1878
f 1879 1880 1881
f 1882 1883 1884
f 1885 1886 1887
f 1888 1889 1890
f 1891 1892 1893
f 1894 1895 1896
f 1897 1898 1899
f 1900 1901 1902
f 1903 1904 1905
f 1906 1907 1908
f 1909 1910 1911
f 1912 1913 1914
f 1915 1916 1917
f 1918 1919 1920
f 1921 1922 1923
f 1924 1925 1926
f 1927 1928 1929
f 1930 1931 1932
f 1933 1934 1935
f 1936 1937 1938
f 1939 1940 1941
f 1942 1943 1944
f 1945 1946 1947
f 1948 1949 1950
f 1951 1952 1953
f 1954 1955 1956
f 1957 1958 1959
f 1960 1961 1962
f 1963 1964 1965
f 1966 1967 1968
f 1969 1970 1971
f 1972 1973 1974
f 1975 1976 1977
f 1978 1979 1980
f 1981 1982 1983
f 1984 1985 1986
f 1987 1988 1989
f 1990 1991 1992
f 1993 1994 1995
f 1996 1997 1998
f 1999 2000 2001
f 2002 2003 2004
f 2005 2006 2007
f 2008 2009 2010
f 2011 2012 2013
f 2014 2015 2016
f 2017 2018 2019
f 2020 2021 2022
f 2023 2024 2025
f 2026 2027 2028
f 2029 2030 2031
f 2032 2033 2034
f 2035 2036 2037
f 2038 2039 2040
f 2041 2042 2043
f 2044 2045 2046
f 2047 2048 2049
f 2050 2051 2052
f 2053 2054 2055
f 2056 2057 2058
f 2059 2060 2061
f 2062 2063 2064
f 2065 2066 2067
f 2068 2069 2070
f 2071 2072 2073
f 2074 2075 2076
f 2077 2078 2079
f 2080 2081 2082
f 2083 2084 2085
f 2086 2087 2088
f 2089 2090 2091
f 2092 2093 2094
f 2095 2096 2097
f 2098 2099 2100
f 2101 2102 2103
f 2104 2105 2106
f 2107 2108 2109
f 2110 2111 2112
f 2113 2114 2115
f 2116 2117 2118
f 2119 2120 2121
f 2122 2123 2124
f 2125 2126 2127
f 2128 2129 2130
f 2131 2132 2133
f 2134 2135 2136
f 2137 2138 2139
f 2140 2141 2142
f 2143 2144 2145
f 2146 2147 2148
f 2149 2150 2151
f 2152 2153 2154
f 2155 2156 2157
f 2158 2159 2160
f 2161 2162 2163
f 2164 2165 2166
f 2167 2168 2169
f 2170 2171 2172
f 2173 2174 2175
f 2176 2177 2178
f 2179 2180 2181
f 2182 2183 2184
f 2185 2186 2187
f 2188 2189 2190
f 2191 2192 2193
f 2194 2195 2196
f 2197 2198 2199
f 2200 2201 2202
f 2203 2204 2205
f 2206 2207 2208
f 2209 2210 2211
f 2212 2213 2214
f 2215 2216 2217
f 2218 2219 2220
f 2221 2222 2223
f 2224 2225 2226
f 2227 2228 2229
f 2230 2231 2232
f 2233 2234 2235
f 2236 2237 2238
f 2239 2240 2241
f 2242 2243 2244
f 2245 2246 2247
f 2248 2249 2250
f 2251 2252 2253
f 2254 2255 2256
f 2257 2258 2259
f 2260 2261 2262
f 2263 2264 2265
f 2266 2267 2268
f 2269 2270 2271
f 2272 2273 2274
f 2275 2276 2277
f 2278 2279 2280
f 2281 2282 2283
f 2284 2285 2286
f 2287 2288 2289
f 2290 2291 2292
f 2293 2294 2295
f 2296 2297 2298
f 2299 2300 2301
f 2302 2303 2304
f 2305 2306 2307
f 2308 2309 2310
f 2311 2312 2313
f 2314 2315 2316
f 2317 2318 2319
f 2320 2321 2322
f 2323 2324 2325
f 2326 2327 2328
f 2329 2330 2331
f 2332 2333 2334
f 2335 2336 2337
f 2338 2339 2340
f 2341 2342 2343
f 2344 2345 2346
f 2347 2348 2349
f 2350 2351 2352
f 2353 2354 2355
f 2356 2357 2358
f 2359 2360 2361
f 2362 2363 2364
f 2365 2366 2367
f 2368 2369 2370
f 2371 2372 2373
f 2374 2375 2376
f 2377 2378 2379
f 2380 2381 2382
f 2383 2384 2385
f 2386 2387 2388
f 2389 2390 2391
f 2392 2393 2394
f 2395 2396 2397
f 2398 2399 2400
f 2401 2402 2403
f 2404 2405 2406
f 2407 2408 2409
f 2410 2411 2412
f 2413 2414 2415
f 2416 2417 2418
f 2419 2420 2421
f 2422 2423 2424
f 2425 2426 2427
f 2428 2429 2430
f 2431 2432 2433
f 2434 2435 2436
f 2437 2438 2439
f 2440 2441 2442
f 2443 2444 2445
f 2446 2447 2448
f 2449 2450 2451
f 2452 2453 2454
f 2455 2456 2457
f 2458 2459 2460
f 2461 2462 2463
f 2464 2465 2466
f 2467 2468 2469
f 2470 2471 2472
f 2473 2474 2475
f 2476 2477 2478
f 2479 2480 2481
f 2482 2483 2484
f 2485 2486 2487
f 2488 2489 2490
f 2491 2492 2493
f 2494 2495 2496
f 2497 2498 2499
f 2500 2501 2502
f 2503 2504 2505
f 2506 2507 2508
f 2509 2510 2511
f 2512 2513 2514
f 2515 2516 2517
f 2518 2519 2520
f 2521 2522 2523
f 2524 2525 2526
f 2527 2528 2529
f 2530 2531 2532
f 2533 2534 2535
f 2536 2537 2538
f 2539 2540 2541
f 2542 2543 2544
f 2545 2546 2547
f 2548 2549 2550
f 2551 2552 2553
f 2554 2555 2556
f 2557 2558 2559
f 2560 2561 2562
f 2563 2564 2565
f 2566 2567 2568
f 2569 2570 2571
f 2572 2573 2574
f 2575 2576 2577
f 2578 2579 2580
f 2581 2582 2583
f 2584 2585 2586
f 2587 2588 2589
f 2590 2591 2592
f 2593 2594 2595
f 2596 2597 2598
f 2599 2600 2601
f 2602 2603 2604
f 2605 2606 2607
f 2608 2609 2610
f 2611 2612 2613
f 2614 2615 2616
f 2617 2618 2619
f 2620 2621 2622
f 2623 2624 2625
f 2626 2627 2628
f 2629 2630 2631
f 2632 2633 2634
f 2635 2636 2637
f 2638 2639 2640
f 2641 2642 2643
f 2644 2645 2646
f 2647 2648 2649
f 2650 2651 2652
f 2653 2654 2655
f 2656 2657 2658
f 2659 2660 2661
f 2662 2663 2664
f 2665 2666 2667
f 2668 2669 2670
f 2671 2672 2673
f 2674 2675 2676
f 2677 2678 2679
f 2680 2681 2682
f 2683 2684 2685
f 2686 2687 2688
f 2689 2690 2691
f 2692 2693 2694
f 2695 2696 2697
f 2698 2699 2700
f 2701 2702 2703
f 2704 2705 2706
f 2707 2708 2709
f 2710 2711 2712
f 2713 2714 2715
f 2716 2717 2718
f 2719 2720 2721
f 2722 2723 2724
f 2725 2726 2727
f 2728 2729 2730
f 2731 2732 2733
f 2734 2735 2736
f 2737 2738 2739
f 2740 2741 2742
f 2743 2744 2745
f 2746 2747 2748
f 2749 2750 2751
f 2752 2753 2754
f 2755 2756 2757
f 2758 2759 2760
f 2761 2762 2763
f 2764 2765 2766
f 2767 2768 2769
f 2770 2771 2772
f 2773 2774 2775
f 2776 2777 2778
f 2779 2780 2781
f 2782 2783 2784
f 2785 2786 2787
f 2788 2789 2790
f 2791 2792 2793
f 2794 2795 2796
f 2797 2798 2799
f 2800 2801 2802
f 2803 2804 2805
f 2806 2807 2808
f 2809 2810 2811
f 2812 2813 2814
f 2815 2816 2817
f 2818 2819 2820
f 2821 2822 2823
f 2824 2825 2826
f 2827 2828 2829
f 2830 2831 2832
f 2833 2834 2835
f 2836 2837 2838
f 2839 2840 2841
f 2842 2843 2844
f 2845 2846 2847
f 2848 2849 2850
f 2851 2852 2853
f 2854 2855 2856
f 2857 2858 2859
f 2860 2861 2862
f 2863 2864 2865
f 2866 2867 2868
f 2869 2870 2871
f 2872 2873 2874
f 2875 2876 2877
f 2878 2879 2880
f 2881 2882 2883
f 2884 2885 2886
f 2887 2888 2889
f 2890 2891 2892
f 2893 2894 2895
f 2896 2897 2898
f 2899 2900 2901
f 2902 2903 2904
f 2905 2906 2907
f 2908 2909 2910
f 2911 2912 2913
f 2914 2915 2916
f 2917 2918 2919
f 2920 2921 2922
f 2923 2924 2925
f 2926 2927 2928
f 2929 2930 2931
f 2932 2933 2934
f 2935 2936 2937
f 2938 2939 2940
f 2941 2942 2943
f 2944 2945 2946
f 2947 2948 2949
f 2950 2951 2952
f 2953 2954 2955
f 2956 2957 2958
f 2959 2960 2961
f 2962 2963 2964
f 2965 2966 2967
f 2968 2969 2970
f 2971 2972 2973
f 2974 2975 2976
f 2977 2978 2979
f 2980 2981 2982
f 2983 2984 2985
f 2986 2987 2988
f 2989 2990 2991
f 2992 2993 2994
f 2995 2996 2997
f 2998 2999 3000
f 3001 3002 3003
f 3004 3005 3006
f 3007 3008 3009
f 3010 3011 3012
f 3013 3014 3015
f 3016 3017 3018
f 3019 3020 3021
f 3022 3023 3024
f 3025 3026 3027
f 3028 3029 3030
f 3031 3032 3033
f 3034 3035 3036
f 3037 3038 3039
f 3040 3041 3042
f 3043 3044 3045
f 3046 3047 3048
f 3049 3050 3051
f 3052 3053 3054
f 3055 3056 3057
f 3058 3059 3060
f 3061 3062 3063
f 3064 3065 3066
f 3067 3068 3069
f 3070 3071 3072
f 3073 3074 3075
f 3076 3077 3078
f 3079 3080 3081
f 3082 3083 3084
f 3085 3086 3087
f 3088 3089 3090
f 3091 3092 3093
f 3094 3095 3096
f 3097 3098 3099
f 3100 3101 3102
f 3103 3104 3105
f 3106 3107 3108
f 3109 3110 3111
f 3112 3113 3114
f 3115 3116 3117
f 3118 3119 3120
f 3121 3122 3123
f 3124 3125 3126
f 3127 3128 3129
f 3130 3131 3132
f 3133 3134 3135
f 3136 3137 3138
f 3139 3140 3141
f 3142 3143 3144
f 3145 3146 3147
f 3148 3149 3150
f 3151 3152 3153
f 3154 3155 3156
f 3157 3158 3159
f 3160 3161 3162
f 3163 3164 3165
f 3166 3167 3168
f 3169 3170 3171
f 3172 3173 3174
f 3175 3176 3177
f 3178 3179 3180
f 3181 3182 3183
f 3184 3185 3186
f 3187 3188 3189
f 3190 3191 3192
f 3193 3194 3195
f 3196 3197 3198
f 3199 3200 3201
f 3202 3203 3204
f 3205 3206 3207
f 3208 3209 3210
f 3211 3212 3213
f 3214 3215 3216
f 3217 3218 3219
f 3220 3221 3222
f 3223 3224 3225
f 3226 3227 3228
f 3229 3230 3231
f 3232 3233 3234
f 3235 3236 3237
f 3238 3239 3240
f 3241 3242 3243
f 3244 3245 3246
f 3247 3248 3249
f 3250 3251 3252
f 3253 3254 3255
f 3256 3257 3258
f 3259 3260 3261
f 3262 3263 3264
f 3265 3266 3267
f 3268 3269 3270
f 3271 3272 3273
f 3274 3275 3276
f 3277 3278 3279
f 3280 3281 3282
f 3283 3284 3285
f 3286 3287 3288
f 3289 3290 3291
f 3292 3293 3294
f 3295 3296 3297
f 3298 3299 3300
f 3301 3302 3303
f 3304 3305 3306
f 3307 3308 3309
f 3310 3311 3312
f 3313 3314 3315
f 3316 3317 3318
f 3319 3320 3321
f 3322 3323 3324
f 3325 3326 3327
f 3328 3329 3330
f 3331 3332 3333
f 3334 3335 3336
f 3337 3338 3339
f 3340 3341 3342
f 3343 3344 3345
f 3346 3347 3348
f 3349 3350 3351
f 3352 3353 3354
f 3355 3356 3357
f 3358 3359 3360
f 3361 3362 3363
f 3364 3365 3366
f 3367 3368 3369
f 3370 3371 3372
f 3373 3374 3375
f 3376 3377 3378
f 3379 3380 3381
f 3382 3383 3384
f 3385 3386 3387
f 3388 3389 3390
f 3391 3392 3393
f 3394 3395 3396
f 3397 3398 3399
f 3400 3401 3402
f 3403 3404 3405
f 3406 3407 3408
f 3409 3410 3411
f 3412 3413 3414
f 3415 3416 3417
f 3418 3419 3420
f 3421 3422 3423
f 3424 3425 3426
f 3427 3428 3429
f 3430 3431 3432
f 3433 3434 3435
f 3436 3437 3438
f 3439 3440 3441
f 3442 3443 3444
f 3445 3446 3447
f 3448 3449 3450
f 3451 3452 3453
f 3454 3455 3456
f 3457 3458 3459
f 3460 3461 3462
f 3463 3464 3465
f 3466 3467 3468
f 3469 3470 3471
f 3472 3473 3474
f 3475 3476 3477
f 3478 3479 3480
f 3481 3482 3483
f 3484 3485 3486
f 3487 3488 3489
f 3490 3491 3492
f 3493 3494 3495
f 3496 3497 3498
f 3499 3500 3501
f 3502 3503 3504
f 3505 3506 3507
f 3508 3509 3510
f 3511 3512 3513
f 3514 3515 3516
f 3517 3518 3519
f 3520 3521 3522
f 3523 3524 3525
f 3526 3527 3528
f 3529 3530 3531
f 3532 3533 3534
f 3535 3536 3537
f 3538 3539 3540
f 3541 3542 3543
f 3544 3545 3546
f 3547 3548 3549
f 3550 3551 3552
f 3553 3554 3555
f 3556 3557 3558
f 3559 3560 3561
f 3562 3563 3564
f 3565 3566 3567
f 3568 3569 3570
f 3571 3572 3573
f 3574 3575 3576
f 3577 3578 3579
f 3580 3581 3582
f 3583 3584 3585
f 3586 3587 3588
f 3589 3590 3591
f 3592 3593 3594
f 3595 3596 3597
f 3598 3599 3600
f 3601 3602 3603
f 3604 3605 3606
f 3607 3608 3609
f 3610 3611 3612
f 3613 3614 3615
f 3616 3617 3618
f 3619 3620 3621
f 3622 3623 3624
f 3625 3626 3627
f 3628 3629 3630
f 3631 3632 3633
f 3634 3635 3636
f 3637 3638 3639
f 3640 3641 3642
f 3643 3644 3645
f 3646 3647 3648
f 3649 3650 3651
f 3652 3653 3654
f 3655 3656 3657
f 3658 3659 3660
f 3661 3662 3663
f 3664 3665 3666
f 3667 3668 3669
f 3670 3671 3672
f 3673 3674 3675
f 3676 3677 3678
f 3679 3680 3681
f 3682 3683 3684
f 3685 3686 3687
f 3688 3689 3690
f 3691 3692 3693
f 3694 3695 3696
f 3697 3698 3699
f 3700 3701 3702
f 3703 3704 3705
f 3706 3707 3708
f 3709 3710 3711
f 3712 3713 3714
f 3715 3716 3717
f 3718 3719 3720
f 3721 3722 3723
f 3724 3725 3726
f 3727 3728 3729
f 3730 3731 3732
f 3733 3734 3735
f 3736 3737 3738
f 3739 3740 3741
f 3742 3743 3744
f 3745 3746 3747
f 3748 3749 3750
f 3751 3752 3753
f 3754 3755 3756
f 3757 3758 3759
f 3760 3761 3762
f 3763 3764 3765
f 3766 3767 3768
f 3769 3770 3771
f 3772 3773 3774
f 3775 3776 3777
f 3778 3779 3780
f 3781 3782 3783
f 3784 3785 3786
f 3787 3788 3789
f 3790 3791 3792
f 3793 3794 3795
f 3796 3797 3798
f 3799 3800 3801
f 3802 3803 3804
f 3805 3806 3807
f 3808 3809 3810
f 3811 3812 3813
f 3814 3815 3816
f 3817 3818 3819
f 3820 3821 3822
f 3823 3824 3825
f 3826 3827 3828
f 3829 3830 3831
f 3832 3833 3834
f 3835 3836 3837
f 3838 3839 3840
f 3841 3842 3843
f 3844 3845 3846
f 3847 3848 3849
f 3850 3851 3852
f 3853 3854 3855
f 3856 3857 3858
f 3859 3860 3861
f 3862 3863 3864
f 3865 3866 3867
f 3868 3869 3870
f 3871 3872 3873
f 3874 3875 3876
f 3877 3878 3879
f 3880 3881 3882
f 3883 3884 3885
f 3886 3887 3888
f 3889 3890 3891
f 3892 3893 3894
f 3895 3896 3897
f 3898 3899 3900
f 3901 3902 3903
f 3904 3905 3906
f 3907 3908 3909
f 3910 3911 3912
f 3913 3914 3915
f 3916 3917 3918
f 3919 3920 3921
f 3922 3923 3924
f 3925 3926 3927
f 3928 3929 3930
f 3931 3932 3933
f 3934 3935 3936
f 3937 3938 3939
f 3940 3941 3942
f 3943 3944 3945
f 3946 3947 3948
f 3949 3950 3951
f 3952 3953 3954
f 3955 3956 3957
f 3958 3959 3960
f 3961 3962 3963
f 3964 3965 3966
f 3967 3968 3969
f 3970 3971 3972
f 3973 3974 3975
f 3976 3977 3978
f 3979 3980 3981
f 3982 3983 3984
f 3985 3986 3987
f 3988 3989 3990
f 3991 3992 3993
f 3994 3995 3996
f 3997 3998 3999
f 4000 4001 4002
f 4003 4004 4005
f 4006 4007 4008
f 4009 4010 4011
f 4012 4013 4014
f 4015 4016 4017
f 4018 4019 4020
f 4021 4022 4023
f 4024 4025 4026
f 4027 4028 4029
f 4030 4031 4032
f 4033 4034 4035
f 4036 4037 4038
f 4039 4040 4041
f 4042 4043 4044
f 4045 4046 4047
f 4048 4049 4050
f 4051 4052 4053
f 4054 4055 4056
f 4057 4058 4059
f 4060 4061 4062
f 4063 4064 4065
f 4066 4067 4068
f 4069 4070 4071
f 4072 4073 4074
f 4075 4076 4077
f 4078 4079 4080
f 4081 4082 4083
f 4084 4085 4086
f 4087 4088 4089
f 4090 4091 4092
f 4093 4094 4095
f 4096 4097 4098
f 4099 4100 4101
f 4102 4103 4104
f 4105 4106 4107
f 4108 4109 4110
f 4111 4112 4113
f 4114 4115 4116
f 4117 4118 4119
f 4120 4121 4122
f 4123 4124 4125
f 4126 4127 4128
f 4129 4130 4131
f 4132 4133 4134
f 4135 4136 4137
f 4138 4139 4140
f 4141 4142 4143
f 4144 4145 4146
f 4147 4148 4149
f 4150 4151 4152
f 4153 4154 4155
f 4156 4157 4158
f 4159 4160 4161
f 4162 4163 4164
f 4165 4166 4167
f 4168 4169 4170
f 4171 4172 4173
f 4174 4175 4176
f 4177 4178 4179
f 4180 4181 4182
f 4183 4184 4185
f 4186 4187 4188
f 4189 4190 4191
f 4192 4193 4194
f 4195 4196 4197
f 4198 4199 4200
f 4201 4202 4203
f 4204 4205 4206
f 4207 4208 4209
f 4210 4211 4212
f 4213 4214 4215
f 4216 4217 4218
f 4219 4220 4221
f 4222 4223 4224
f 4225 4226 4227
f 4228 4229 4230
f 4231 4232 4233
f 4234 4235 4236
f 4237 4238 4239
f 4240 4241 4242
f 4243 4244 4245
f 4246 4247 4248
f 4249 4250 4251
f 4252 4253 4254
f 4255 4256 4257
f 4258 4259 4260
f 4261 4262 4263
f 4264 4265 4266
f 4267 4268 4269
f 4270 4271 4272
f 4273 4274 4275
f 4276 4277 4278
f 4279 4280 4281
f 4282 4283 4284
f 4285 4286 4287
f 4288 4289 4290
f 4291 4292 4293
f 4294 4295 4296
f 4297 4298 4299
f 4300 4301 4302
f 4303 4304 4305
f 4306 4307 4308
f 4309 4310 4311
f 4312 4313 4314
f 4315 4316 4317
f 4318 4319 4320
f 4321 4322 4323
f 4324 4325 4326
f 4327 4328 4329
f 4330 4331 4332
f 4333 4334 4335
f 4336 4337 4338
f 4339 4340 4341
f 4342 4343 4344
f 4345 4346 4347
f 4348 4349 4350
f 4351 4352 4353
f 4354 4355 4356
f 4357 4358 4359
f 4360 4361 4362
f 4363 4364 4365
f 4366 4367 4368
f 4369 4370 4371
f 4372 4373 4374
f 4375 4376 4377
f 4378 4379 4380
f 4381 4382 4383
f 4384 4385 4386
f 4387 4388 4389
f 4390 4391 4392
f 4393 4394 4395
f 4396 4397 4398
f 4399 4400 4401
f 4402 4403 4404
f 4405 4406 4407
f 4408 4409 4410
f 4411 4412 4413
f 4414 4415 4416
f 4417 4418 4419
f 4420 4421 4422
f 4423 4424 4425
f 4426 4427 4428
f 4429 4430 4431
f 4432 4433 4434
f 4435 4436 4437
f 4438 4439 4440
f 4441 4442 4443
f 4444 4445 4446
f 4447 4448 4449
f 4450 4451 4452
f 4453 4454 4455
f 4456 4457 4458
f 4459 4460 4461
f 4462 4463 4464
f 4465 4466 4467
f 4468 4469 4470
f 4471 4472 4473
f 4474 4475 4476
f 4477 4478 4479
f 4480 4481 4482
f 4483 4484 4485
f 4486 4487 4488
f 4489 4490 4491
f 4492 4493 4494
f 4495 4496 4497
f 4498 4499 4500
f 4501 4502 4503
f 4504 4505 4506
f 4507 4508 4509
f 4510 4511 4512
f 4513 4514 4515
f 4516 4517 4518
f 4519 4520 4521
f 4522 4523 4524
f 4525 4526 4527
f 4528 4529 4530
f 4531 4532 4533
f 4534 4535 4536
f 4537 4538 4539
f 4540 4541 4542
f 4543 4544 4545
f 4546 4547 4548
f 4549 4550 4551
f 4552 4553 4554
f 4555 4556 4557
f 4558 4559 4560
f 4561 4562 4563
f 4564 4565 4566
f 4567 4568 4569
f 4570 4571 4572
f 4573 4574 4575
f 4576 4577 4578
f 4579 4580 4581
f 4582 4583 4584
f 4585 4586 4587
f 4588 4589 4590
f 4591 4592 4593
f 4594 4595 4596
f 4597 4598 4599
f 4600 4601 4602
f 4603 4604 4605
f 4606 4607 4608
f 4609 4610 4611
f 4612 4613 4614
f 4615 4616 4617
f 4618 4619 4620
f 4621 4622 4623
f 4624 4625 4626
f 4627 4628 4629
f 4630 4631 4632
f 4633 4634 4635
f 4636 4637 4638
f 4639 4640 4641
f 4642 4643 4644
f 4645 4646 4647
f 4648 4649 4650
f 4651 4652 4653
f 4654 4655 4656
f 4657 4658 4659
f 4660 4661 4662
f 4663 4664 4665
f 4666 4667 4668
f 4669 4670 4671
f 4672 4673 4674
f 4675 4676 4677
f 4678 4679 4680
f 4681 4682 4683
f 4684 4685 4686
f 4687 4688 4689
f 4690 4691 4692
f 4693 4694 4695
f 4696 4697 4698
f 4699 4700 4701
f 4702 4703 4704
f 4705 4706 4707
f 4708 4709 4710
f 4711 4712 4713
f 4714 4715 4716

