# https://github.com/mikedh/trimesh

o RightSlider2_1.stl
v 0.94522482 108.04754639 26.38500404
v -7.89871645 108.56023407 26.38500404
v 0.96630853 108.41124725 26.59093666
v 0.96630853 108.41124725 26.59093666
v -7.89871645 108.56023407 26.38500404
v -16.74265862 109.07291412 26.38500404
v 0.96630853 108.41124725 26.59093666
v -16.74265862 109.07291412 26.38500404
v -25.58659935 109.58559418 26.38500404
v -25.58659935 109.58559418 26.38500404
v -16.74265862 109.07291412 26.38500404
v -25.61014557 109.17943573 26.28697205
v -25.58659935 109.58559418 26.38500404
v -25.61014557 109.17943573 26.28697205
v -34.45408630 109.69212341 26.28697205
v -34.45408630 109.69212341 26.28697205
v -25.61014557 109.17943573 26.28697205
v -34.47828293 109.27469635 26.30437279
v -34.45408630 109.69212341 26.28697205
v -34.47828293 109.27469635 26.30437279
v -43.32222748 109.78737640 26.30437279
v -43.32222748 109.78737640 26.30437279
v -34.47828293 109.27469635 26.30437279
v -43.34521866 109.39075470 26.43586540
v -43.32222748 109.78737640 26.30437279
v -43.34521866 109.39075470 26.43586540
v -52.18915939 109.90343475 26.43586540
v -52.18915939 109.90343475 26.43586540
v -43.34521866 109.39075470 26.43586540
v -52.20917892 109.55807495 26.67135239
v -52.18915939 109.90343475 26.43586540
v -52.20917892 109.55807495 26.67135239
v -61.05312347 110.07076263 26.67135239
v -61.05312347 110.07076263 26.67135239
v -52.20917892 109.55807495 26.67135239
v -61.06863403 109.80318451 26.99274826
v -61.05312347 110.07076263 26.67135239
v -61.06863403 109.80318451 26.99274826
v -69.91257477 110.31587219 26.99274826
v -69.91257477 110.31587219 26.99274826
v -61.06863403 109.80318451 26.99274826
v -69.92238617 110.14663696 27.37536240
v -69.91257477 110.31587219 26.99274826
v -69.92238617 110.14663696 27.37536240
v -78.76632690 110.65931702 27.37536240
v -78.76632690 110.65931702 27.37536240
v -69.92238617 110.14663696 27.37536240
v -96.45756531 111.62679291 27.78981209
v -78.76632690 110.65931702 27.37536240
v -96.45756531 111.62679291 27.78981209
v -87.61026764 111.17200470 27.37536240
v -87.61026764 111.17200470 27.37536240
v -96.45756531 111.62679291 27.78981209
v -96.45420837 111.68468475 27.37536240
v -87.61026764 111.17200470 27.37536240
v -96.45420837 111.68468475 27.37536240
v -87.60045624 111.34123230 26.99274826
v -87.60045624 111.34123230 26.99274826
v -96.45420837 111.68468475 27.37536240
v -96.44439697 111.85391998 26.99274826
v -87.60045624 111.34123230 26.99274826
v -96.44439697 111.85391998 26.99274826
v -87.58494568 111.60881042 26.67135239
v -87.58494568 111.60881042 26.67135239
v -96.44439697 111.85391998 26.99274826
v -96.42888641 112.12149048 26.67135239
v -87.58494568 111.60881042 26.67135239
v -96.42888641 112.12149048 26.67135239
v -87.56492615 111.95417023 26.43586540
v -87.56492615 111.95417023 26.43586540
v -96.42888641 112.12149048 26.67135239
v -96.40886688 112.46685028 26.43586540
v -87.56492615 111.95417023 26.43586540
v -96.40886688 112.46685028 26.43586540
v -87.54193115 112.35079956 26.30437279
v -87.54193115 112.35079956 26.30437279
v -96.40886688 112.46685028 26.43586540
v -96.38587189 112.86347961 26.30437279
v -87.54193115 112.35079956 26.30437279
v -96.38587189 112.86347961 26.30437279
v -87.51773834 112.76821899 26.28697205
v -87.51773834 112.76821899 26.28697205
v -96.38587189 112.86347961 26.30437279
v -96.36167908 113.28089905 26.28697205
v -87.51773834 112.76821899 26.28697205
v -96.36167908 113.28089905 26.28697205
v -87.49418640 113.17437744 26.38500404
v -87.49418640 113.17437744 26.38500404
v -96.36167908 113.28089905 26.28697205
v -96.33813477 113.68706512 26.38500404
v -87.49418640 113.17437744 26.38500404
v -96.33813477 113.68706512 26.38500404
v -96.31704712 114.05076599 26.59093666
v -7.89871645 108.56023407 26.38500404
v 0.94522482 108.04754639 26.38500404
v -7.92226171 108.15406799 26.28697205
v -7.92226171 108.15406799 26.28697205
v 0.94522482 108.04754639 26.38500404
v 0.92167974 107.64138794 26.28697205
v -7.92226171 108.15406799 26.28697205
v 0.92167974 107.64138794 26.28697205
v -7.94645977 107.73664856 26.30437279
v -7.94645977 107.73664856 26.30437279
v 0.92167974 107.64138794 26.28697205
v 0.89748174 107.22396088 26.30437279
v -7.94645977 107.73664856 26.30437279
v 0.89748174 107.22396088 26.30437279
v -7.96945190 107.34001923 26.43586540
v -7.96945190 107.34001923 26.43586540
v 0.89748174 107.22396088 26.30437279
v 0.87448937 106.82733917 26.43586540
v -7.96945190 107.34001923 26.43586540
v 0.87448937 106.82733917 26.43586540
v -7.98947287 106.99465942 26.67135239
v -7.98947287 106.99465942 26.67135239
v 0.87448937 106.82733917 26.43586540
v 0.85446870 106.48197937 26.67135239
v -7.98947287 106.99465942 26.67135239
v 0.85446870 106.48197937 26.67135239
v -8.00498390 106.72708893 26.99274826
v -8.00498390 106.72708893 26.99274826
v 0.85446870 106.48197937 26.67135239
v 0.83895749 106.21440125 26.99274826
v -8.00498390 106.72708893 26.99274826
v 0.83895749 106.21440125 26.99274826
v -8.01479435 106.55785370 27.37536240
v -8.01479435 106.55785370 27.37536240
v 0.83895749 106.21440125 26.99274826
v 0.82914710 106.04517365 27.37536240
v -8.01479435 106.55785370 27.37536240
v 0.82914710 106.04517365 27.37536240
v 0.82579106 105.98727417 27.78981209
v -96.45756531 111.62679291 27.78981209
v -43.39056015 108.60858917 27.37536240
v 0.82579106 105.98727417 27.78981209
v 0.82579106 105.98727417 27.78981209
v -43.39056015 108.60858917 27.37536240
v -34.54661942 108.09590149 27.37536240
v 0.82579106 105.98727417 27.78981209
v -34.54661942 108.09590149 27.37536240
v -25.70267677 107.58322144 27.37536240
v -25.70267677 107.58322144 27.37536240
v -34.54661942 108.09590149 27.37536240
v -25.69286728 107.75245667 26.99274826
v -25.70267677 107.58322144 27.37536240
v -25.69286728 107.75245667 26.99274826
v -16.84892464 107.23976898 26.99274826
v -16.84892464 107.23976898 26.99274826
v -25.69286728 107.75245667 26.99274826
v -16.83341408 107.50733948 26.67135239
v -16.84892464 107.23976898 26.99274826
v -16.83341408 107.50733948 26.67135239
v -7.98947287 106.99465942 26.67135239
v -7.98947287 106.99465942 26.67135239
v -16.83341408 107.50733948 26.67135239
v -7.96945190 107.34001923 26.43586540
v 0.96630853 108.41124725 26.59093666
v -52.11842346 111.12364960 26.38500404
v -96.31704712 114.05076599 26.59093666
v -96.31704712 114.05076599 26.59093666
v -52.11842346 111.12364960 26.38500404
v -60.96236420 111.63632965 26.38500404
v -96.31704712 114.05076599 26.59093666
v -60.96236420 111.63632965 26.38500404
v -69.80630493 112.14900970 26.38500404
v -69.80630493 112.14900970 26.38500404
v -60.96236420 111.63632965 26.38500404
v -69.82984924 111.74285126 26.28697205
v -69.80630493 112.14900970 26.38500404
v -69.82984924 111.74285126 26.28697205
v -78.67378998 112.25553894 26.28697205
v -78.67378998 112.25553894 26.28697205
v -69.82984924 111.74285126 26.28697205
v -78.69799042 111.83811188 26.30437279
v -78.67378998 112.25553894 26.28697205
v -78.69799042 111.83811188 26.30437279
v -87.54193115 112.35079956 26.30437279
v -87.54193115 112.35079956 26.30437279
v -78.69799042 111.83811188 26.30437279
v -87.56492615 111.95417023 26.43586540
v -16.74265862 109.07291412 26.38500404
v -7.89871645 108.56023407 26.38500404
v -16.76620293 108.66675568 26.28697205
v -16.76620293 108.66675568 26.28697205
v -7.89871645 108.56023407 26.38500404
v -7.92226171 108.15406799 26.28697205
v -16.76620293 108.66675568 26.28697205
v -7.92226171 108.15406799 26.28697205
v -16.79040146 108.24932861 26.30437279
v -16.79040146 108.24932861 26.30437279
v -7.92226171 108.15406799 26.28697205
v -7.94645977 107.73664856 26.30437279
v -16.79040146 108.24932861 26.30437279
v -7.94645977 107.73664856 26.30437279
v -16.81339455 107.85270691 26.43586540
v -16.81339455 107.85270691 26.43586540
v -7.94645977 107.73664856 26.30437279
v -7.96945190 107.34001923 26.43586540
v -16.81339455 107.85270691 26.43586540
v -7.96945190 107.34001923 26.43586540
v -16.83341408 107.50733948 26.67135239
v -25.58659935 109.58559418 26.38500404
v -34.43054199 110.09828186 26.38500404
v 0.96630853 108.41124725 26.59093666
v 0.96630853 108.41124725 26.59093666
v -34.43054199 110.09828186 26.38500404
v -43.27448273 110.61096191 26.38500404
v 0.96630853 108.41124725 26.59093666
v -43.27448273 110.61096191 26.38500404
v -52.11842346 111.12364960 26.38500404
v -52.11842346 111.12364960 26.38500404
v -43.27448273 110.61096191 26.38500404
v -52.14196777 110.71748352 26.28697205
v -52.11842346 111.12364960 26.38500404
v -52.14196777 110.71748352 26.28697205
v -60.98591232 111.23017120 26.28697205
v -60.98591232 111.23017120 26.28697205
v -52.14196777 110.71748352 26.28697205
v -61.01010895 110.81274414 26.30437279
v -60.98591232 111.23017120 26.28697205
v -61.01010895 110.81274414 26.30437279
v -69.85404968 111.32543182 26.30437279
v -69.85404968 111.32543182 26.30437279
v -61.01010895 110.81274414 26.30437279
v -69.87704468 110.92880249 26.43586540
v -69.85404968 111.32543182 26.30437279
v -69.87704468 110.92880249 26.43586540
v -78.72098541 111.44149017 26.43586540
v -78.72098541 111.44149017 26.43586540
v -69.87704468 110.92880249 26.43586540
v -78.74100494 111.09612274 26.67135239
v -78.72098541 111.44149017 26.43586540
v -78.74100494 111.09612274 26.67135239
v -87.58494568 111.60881042 26.67135239
v -87.58494568 111.60881042 26.67135239
v -78.74100494 111.09612274 26.67135239
v -87.60045624 111.34123230 26.99274826
v -25.58659935 109.58559418 26.38500404
v -34.45408630 109.69212341 26.28697205
v -34.43054199 110.09828186 26.38500404
v -34.43054199 110.09828186 26.38500404
v -34.45408630 109.69212341 26.28697205
v -43.29802704 110.20480347 26.28697205
v -34.43054199 110.09828186 26.38500404
v -43.29802704 110.20480347 26.28697205
v -43.27448273 110.61096191 26.38500404
v -43.27448273 110.61096191 26.38500404
v -43.29802704 110.20480347 26.28697205
v -52.14196777 110.71748352 26.28697205
v -69.82984924 111.74285126 26.28697205
v -60.96236420 111.63632965 26.38500404
v -60.98591232 111.23017120 26.28697205
v -60.98591232 111.23017120 26.28697205
v -60.96236420 111.63632965 26.38500404
v -52.11842346 111.12364960 26.38500404
v -87.49418640 113.17437744 26.38500404
v -96.31704712 114.05076599 26.59093666
v -78.65024567 112.66169739 26.38500404
v -78.65024567 112.66169739 26.38500404
v -96.31704712 114.05076599 26.59093666
v -69.80630493 112.14900970 26.38500404
v -78.65024567 112.66169739 26.38500404
v -69.80630493 112.14900970 26.38500404
v -78.67378998 112.25553894 26.28697205
v -87.51773834 112.76821899 26.28697205
v -87.49418640 113.17437744 26.38500404
v -78.65024567 112.66169739 26.38500404
v -87.51773834 112.76821899 26.28697205
v -78.65024567 112.66169739 26.38500404
v -78.67378998 112.25553894 26.28697205
v -16.74265862 109.07291412 26.38500404
v -16.76620293 108.66675568 26.28697205
v -25.61014557 109.17943573 26.28697205
v -25.61014557 109.17943573 26.28697205
v -16.76620293 108.66675568 26.28697205
v -25.63434219 108.76201630 26.30437279
v -25.61014557 109.17943573 26.28697205
v -25.63434219 108.76201630 26.30437279
v -34.47828293 109.27469635 26.30437279
v -34.47828293 109.27469635 26.30437279
v -25.63434219 108.76201630 26.30437279
v -34.50127792 108.87807465 26.43586540
v -34.47828293 109.27469635 26.30437279
v -34.50127792 108.87807465 26.43586540
v -43.34521866 109.39075470 26.43586540
v -43.34521866 109.39075470 26.43586540
v -34.50127792 108.87807465 26.43586540
v -43.36523819 109.04539490 26.67135239
v -43.34521866 109.39075470 26.43586540
v -43.36523819 109.04539490 26.67135239
v -52.20917892 109.55807495 26.67135239
v -52.20917892 109.55807495 26.67135239
v -43.36523819 109.04539490 26.67135239
v -52.22469330 109.29050446 26.99274826
v -52.20917892 109.55807495 26.67135239
v -52.22469330 109.29050446 26.99274826
v -61.06863403 109.80318451 26.99274826
v -61.06863403 109.80318451 26.99274826
v -52.22469330 109.29050446 26.99274826
v -61.07844162 109.63394928 27.37536240
v -61.06863403 109.80318451 26.99274826
v -61.07844162 109.63394928 27.37536240
v -69.92238617 110.14663696 27.37536240
v -69.92238617 110.14663696 27.37536240
v -61.07844162 109.63394928 27.37536240
v -96.45756531 111.62679291 27.78981209
v -25.63434219 108.76201630 26.30437279
v -16.76620293 108.66675568 26.28697205
v -16.79040146 108.24932861 26.30437279
v -34.45408630 109.69212341 26.28697205
v -43.32222748 109.78737640 26.30437279
v -43.29802704 110.20480347 26.28697205
v -43.29802704 110.20480347 26.28697205
v -43.32222748 109.78737640 26.30437279
v -52.16616821 110.30006409 26.30437279
v -43.29802704 110.20480347 26.28697205
v -52.16616821 110.30006409 26.30437279
v -52.14196777 110.71748352 26.28697205
v -52.14196777 110.71748352 26.28697205
v -52.16616821 110.30006409 26.30437279
v -61.01010895 110.81274414 26.30437279
v -78.69799042 111.83811188 26.30437279
v -69.82984924 111.74285126 26.28697205
v -69.85404968 111.32543182 26.30437279
v -69.85404968 111.32543182 26.30437279
v -69.82984924 111.74285126 26.28697205
v -60.98591232 111.23017120 26.28697205
v -87.54193115 112.35079956 26.30437279
v -87.51773834 112.76821899 26.28697205
v -78.67378998 112.25553894 26.28697205
v -25.63434219 108.76201630 26.30437279
v -16.79040146 108.24932861 26.30437279
v -25.65733528 108.36538696 26.43586540
v -25.65733528 108.36538696 26.43586540
v -16.79040146 108.24932861 26.30437279
v -16.81339455 107.85270691 26.43586540
v -25.65733528 108.36538696 26.43586540
v -16.81339455 107.85270691 26.43586540
v -25.67735672 108.02002716 26.67135239
v -25.67735672 108.02002716 26.67135239
v -16.81339455 107.85270691 26.43586540
v -16.83341408 107.50733948 26.67135239
v -25.67735672 108.02002716 26.67135239
v -16.83341408 107.50733948 26.67135239
v -25.69286728 107.75245667 26.99274826
v -43.32222748 109.78737640 26.30437279
v -52.18915939 109.90343475 26.43586540
v -52.16616821 110.30006409 26.30437279
v -52.16616821 110.30006409 26.30437279
v -52.18915939 109.90343475 26.43586540
v -61.03310013 110.41612244 26.43586540
v -52.16616821 110.30006409 26.30437279
v -61.03310013 110.41612244 26.43586540
v -61.01010895 110.81274414 26.30437279
v -61.01010895 110.81274414 26.30437279
v -61.03310013 110.41612244 26.43586540
v -69.87704468 110.92880249 26.43586540
v -87.56492615 111.95417023 26.43586540
v -78.69799042 111.83811188 26.30437279
v -78.72098541 111.44149017 26.43586540
v -78.72098541 111.44149017 26.43586540
v -78.69799042 111.83811188 26.30437279
v -69.85404968 111.32543182 26.30437279
v -25.63434219 108.76201630 26.30437279
v -25.65733528 108.36538696 26.43586540
v -34.50127792 108.87807465 26.43586540
v -34.50127792 108.87807465 26.43586540
v -25.65733528 108.36538696 26.43586540
v -34.52129745 108.53270721 26.67135239
v -34.50127792 108.87807465 26.43586540
v -34.52129745 108.53270721 26.67135239
v -43.36523819 109.04539490 26.67135239
v -43.36523819 109.04539490 26.67135239
v -34.52129745 108.53270721 26.67135239
v -43.38074875 108.77781677 26.99274826
v -43.36523819 109.04539490 26.67135239
v -43.38074875 108.77781677 26.99274826
v -52.22469330 109.29050446 26.99274826
v -52.22469330 109.29050446 26.99274826
v -43.38074875 108.77781677 26.99274826
v -52.23450089 109.12126923 27.37536240
v -52.22469330 109.29050446 26.99274826
v -52.23450089 109.12126923 27.37536240
v -61.07844162 109.63394928 27.37536240
v -61.07844162 109.63394928 27.37536240
v -52.23450089 109.12126923 27.37536240
v -96.45756531 111.62679291 27.78981209
v -34.52129745 108.53270721 26.67135239
v -25.65733528 108.36538696 26.43586540
v -25.67735672 108.02002716 26.67135239
v -52.18915939 109.90343475 26.43586540
v -61.05312347 110.07076263 26.67135239
v -61.03310013 110.41612244 26.43586540
v -61.03310013 110.41612244 26.43586540
v -61.05312347 110.07076263 26.67135239
v -69.89706421 110.58344269 26.67135239
v -61.03310013 110.41612244 26.43586540
v -69.89706421 110.58344269 26.67135239
v -69.87704468 110.92880249 26.43586540
v -69.87704468 110.92880249 26.43586540
v -69.89706421 110.58344269 26.67135239
v -78.74100494 111.09612274 26.67135239
v -87.58494568 111.60881042 26.67135239
v -87.56492615 111.95417023 26.43586540
v -78.72098541 111.44149017 26.43586540
v -16.84892464 107.23976898 26.99274826
v -7.98947287 106.99465942 26.67135239
v -8.00498390 106.72708893 26.99274826
v -34.52129745 108.53270721 26.67135239
v -25.67735672 108.02002716 26.67135239
v -34.53680801 108.26513672 26.99274826
v -34.53680801 108.26513672 26.99274826
v -25.67735672 108.02002716 26.67135239
v -25.69286728 107.75245667 26.99274826
v -34.53680801 108.26513672 26.99274826
v -25.69286728 107.75245667 26.99274826
v -34.54661942 108.09590149 27.37536240
v -61.05312347 110.07076263 26.67135239
v -69.91257477 110.31587219 26.99274826
v -69.89706421 110.58344269 26.67135239
v -69.89706421 110.58344269 26.67135239
v -69.91257477 110.31587219 26.99274826
v -78.75651550 110.82855225 26.99274826
v -69.89706421 110.58344269 26.67135239
v -78.75651550 110.82855225 26.99274826
v -78.74100494 111.09612274 26.67135239
v -78.74100494 111.09612274 26.67135239
v -78.75651550 110.82855225 26.99274826
v -87.60045624 111.34123230 26.99274826
v -16.84892464 107.23976898 26.99274826
v -8.00498390 106.72708893 26.99274826
v -16.85873604 107.07053375 27.37536240
v -16.85873604 107.07053375 27.37536240
v -8.00498390 106.72708893 26.99274826
v -8.01479435 106.55785370 27.37536240
v -16.85873604 107.07053375 27.37536240
v -8.01479435 106.55785370 27.37536240
v 0.82579106 105.98727417 27.78981209
v -34.52129745 108.53270721 26.67135239
v -34.53680801 108.26513672 26.99274826
v -43.38074875 108.77781677 26.99274826
v -43.38074875 108.77781677 26.99274826
v -34.53680801 108.26513672 26.99274826
v -43.39056015 108.60858917 27.37536240
v -43.38074875 108.77781677 26.99274826
v -43.39056015 108.60858917 27.37536240
v -52.23450089 109.12126923 27.37536240
v -52.23450089 109.12126923 27.37536240
v -43.39056015 108.60858917 27.37536240
v -96.45756531 111.62679291 27.78981209
v -43.39056015 108.60858917 27.37536240
v -34.53680801 108.26513672 26.99274826
v -34.54661942 108.09590149 27.37536240
v -87.61026764 111.17200470 27.37536240
v -87.60045624 111.34123230 26.99274826
v -78.75651550 110.82855225 26.99274826
v -87.61026764 111.17200470 27.37536240
v -78.75651550 110.82855225 26.99274826
v -78.76632690 110.65931702 27.37536240
v -78.76632690 110.65931702 27.37536240
v -78.75651550 110.82855225 26.99274826
v -69.91257477 110.31587219 26.99274826
v 0.82579106 105.98727417 27.78981209
v -25.70267677 107.58322144 27.37536240
v -16.85873604 107.07053375 27.37536240
v -16.85873604 107.07053375 27.37536240
v -25.70267677 107.58322144 27.37536240
v -16.84892464 107.23976898 26.99274826
v 0.82579106 105.98727417 37.21018982
v -17.29047585 107.03747559 32.50000000
v 0.82579106 105.98727417 27.78981209
v 0.82579106 105.98727417 27.78981209
v -17.29047585 107.03747559 32.50000000
v -17.34490204 107.04063416 32.08588791
v 0.82579106 105.98727417 27.78981209
v -17.34490204 107.04063416 32.08588791
v -17.50447464 107.04988098 31.70000076
v -96.45756531 111.62679291 37.21018982
v -63.81237030 109.73435211 34.09999847
v 0.82579106 105.98727417 37.21018982
v 0.82579106 105.98727417 37.21018982
v -63.81237030 109.73435211 34.09999847
v -19.68645287 107.17636871 34.09999847
v 0.82579106 105.98727417 37.21018982
v -19.68645287 107.17636871 34.09999847
v -18.88779259 107.13007355 34.09999847
v -63.81237030 109.73435211 34.09999847
v -96.45756531 111.62679291 37.21018982
v -64.61103058 109.78064728 34.09999847
v -64.61103058 109.78064728 34.09999847
v -96.45756531 111.62679291 37.21018982
v -96.45756531 111.62679291 36.75000000
v -64.61103058 109.78064728 34.09999847
v -96.45756531 111.62679291 36.75000000
v -79.07755280 110.61927032 34.09627151
v -79.07755280 110.61927032 34.09627151
v -96.45756531 111.62679291 36.75000000
v -79.51154327 110.64443207 34.06653595
v -79.51154327 110.64443207 34.06653595
v -96.45756531 111.62679291 36.75000000
v -96.65722656 111.63836670 36.75000000
v -79.51154327 110.64443207 34.06653595
v -96.65722656 111.63836670 36.75000000
v -79.92143250 110.66819000 33.92061615
v -79.92143250 110.66819000 33.92061615
v -96.65722656 111.63836670 36.75000000
v -80.27681732 110.68879700 33.66933823
v -80.27681732 110.68879700 33.66933823
v -96.65722656 111.63836670 36.75000000
v -80.55133820 110.70471191 33.33133316
v -80.55133820 110.70471191 33.33133316
v -96.65722656 111.63836670 36.75000000
v -80.72464752 110.71475220 32.93167496
v -80.72464752 110.71475220 32.93167496
v -96.65722656 111.63836670 36.75000000
v -80.78388214 110.71818542 32.50000000
v -80.78388214 110.71818542 32.50000000
v -96.65722656 111.63836670 36.75000000
v -96.65722656 111.63836670 28.25000000
v -80.78388214 110.71818542 32.50000000
v -96.65722656 111.63836670 28.25000000
v -80.72464752 110.71475220 32.06832504
v -80.72464752 110.71475220 32.06832504
v -96.65722656 111.63836670 28.25000000
v -80.55133820 110.70471191 31.66866493
v -80.55133820 110.70471191 31.66866493
v -96.65722656 111.63836670 28.25000000
v -80.27681732 110.68879700 31.33066177
v -80.27681732 110.68879700 31.33066177
v -96.65722656 111.63836670 28.25000000
v -79.92143250 110.66819000 31.07938385
v -79.92143250 110.66819000 31.07938385
v -96.65722656 111.63836670 28.25000000
v -79.51154327 110.64443207 30.93346596
v -79.51154327 110.64443207 30.93346596
v -96.65722656 111.63836670 28.25000000
v -96.45756531 111.62679291 28.25000000
v -79.51154327 110.64443207 30.93346596
v -96.45756531 111.62679291 28.25000000
v -79.07755280 110.61927032 30.90373039
v -79.07755280 110.61927032 30.90373039
v -96.45756531 111.62679291 28.25000000
v -64.61103058 109.78064728 30.89999962
v -79.07755280 110.61927032 30.90373039
v -64.61103058 109.78064728 30.89999962
v -65.02444458 109.80461884 30.95451927
v -96.45756531 111.62679291 28.25000000
v -96.45756531 111.62679291 27.78981209
v -64.61103058 109.78064728 30.89999962
v -64.61103058 109.78064728 30.89999962
v -96.45756531 111.62679291 27.78981209
v -63.81237030 109.73435211 30.89999962
v -63.81237030 109.73435211 30.89999962
v -96.45756531 111.62679291 27.78981209
v 0.82579106 105.98727417 27.78981209
v -63.81237030 109.73435211 30.89999962
v 0.82579106 105.98727417 27.78981209
v -19.68645287 107.17636871 30.89999962
v -19.68645287 107.17636871 30.89999962
v 0.82579106 105.98727417 27.78981209
v -18.88779259 107.13007355 30.89999962
v -18.88779259 107.13007355 30.89999962
v 0.82579106 105.98727417 27.78981209
v -18.47437668 107.10610962 30.95451927
v -18.47437668 107.10610962 30.95451927
v 0.82579106 105.98727417 27.78981209
v -18.08913422 107.08377838 31.11435890
v -18.08913422 107.08377838 31.11435890
v 0.82579106 105.98727417 27.78981209
v -17.75831795 107.06459808 31.36862946
v -17.75831795 107.06459808 31.36862946
v 0.82579106 105.98727417 27.78981209
v -17.50447464 107.04988098 31.70000076
v -19.68645287 107.17636871 34.09999847
v -63.81237030 109.73435211 34.09999847
v -20.09986877 107.20034027 34.04548264
v -20.09986877 107.20034027 34.04548264
v -63.81237030 109.73435211 34.09999847
v -63.39895630 109.71038818 34.04548264
v -20.09986877 107.20034027 34.04548264
v -63.39895630 109.71038818 34.04548264
v -63.01371384 109.68804932 33.88563919
v -20.09986877 107.20034027 34.04548264
v -63.01371384 109.68804932 33.88563919
v -20.48511124 107.22267151 33.88563919
v -20.48511124 107.22267151 33.88563919
v -63.01371384 109.68804932 33.88563919
v -62.68289566 109.66887665 33.63137054
v -20.48511124 107.22267151 33.88563919
v -62.68289566 109.66887665 33.63137054
v -20.81592751 107.24185181 33.63137054
v -20.81592751 107.24185181 33.63137054
v -62.68289566 109.66887665 33.63137054
v -62.42905426 109.65415955 33.29999924
v -20.81592751 107.24185181 33.63137054
v -62.42905426 109.65415955 33.29999924
v -21.06977081 107.25656128 33.29999924
v -21.06977081 107.25656128 33.29999924
v -62.42905426 109.65415955 33.29999924
v -62.26948166 109.64491272 32.91411209
v -21.06977081 107.25656128 33.29999924
v -62.26948166 109.64491272 32.91411209
v -21.22934341 107.26581573 32.91411209
v -21.22934341 107.26581573 32.91411209
v -62.26948166 109.64491272 32.91411209
v -62.21505356 109.64175415 32.50000000
v -21.22934341 107.26581573 32.91411209
v -62.21505356 109.64175415 32.50000000
v -21.28377151 107.26896667 32.50000000
v -21.28377151 107.26896667 32.50000000
v -62.21505356 109.64175415 32.50000000
v -21.22934341 107.26581573 32.08588791
v -21.22934341 107.26581573 32.08588791
v -62.21505356 109.64175415 32.50000000
v -62.26948166 109.64491272 32.08588791
v -21.22934341 107.26581573 32.08588791
v -62.26948166 109.64491272 32.08588791
v -21.06977081 107.25656128 31.70000076
v -21.06977081 107.25656128 31.70000076
v -62.26948166 109.64491272 32.08588791
v -62.42905426 109.65415955 31.70000076
v -21.06977081 107.25656128 31.70000076
v -62.42905426 109.65415955 31.70000076
v -20.81592751 107.24185181 31.36862946
v -20.81592751 107.24185181 31.36862946
v -62.42905426 109.65415955 31.70000076
v -62.68289566 109.66887665 31.36862946
v -20.81592751 107.24185181 31.36862946
v -62.68289566 109.66887665 31.36862946
v -20.48511124 107.22267151 31.11435890
v -20.48511124 107.22267151 31.11435890
v -62.68289566 109.66887665 31.36862946
v -63.01371384 109.68804932 31.11435890
v -20.48511124 107.22267151 31.11435890
v -63.01371384 109.68804932 31.11435890
v -20.09986877 107.20034027 30.95451927
v -20.09986877 107.20034027 30.95451927
v -63.01371384 109.68804932 31.11435890
v -63.39895630 109.71038818 30.95451927
v -20.09986877 107.20034027 30.95451927
v -63.39895630 109.71038818 30.95451927
v -63.81237030 109.73435211 30.89999962
v -79.07755280 110.61927032 30.90373039
v -65.02444458 109.80461884 30.95451927
v -78.65164948 110.59458160 30.99238205
v -78.65164948 110.59458160 30.99238205
v -65.02444458 109.80461884 30.95451927
v -65.40969086 109.82695007 31.11435890
v -78.65164948 110.59458160 30.99238205
v -65.40969086 109.82695007 31.11435890
v -78.26541901 110.57219696 31.19284821
v -78.26541901 110.57219696 31.19284821
v -65.40969086 109.82695007 31.11435890
v -65.74050903 109.84612274 31.36862946
v -78.26541901 110.57219696 31.19284821
v -65.74050903 109.84612274 31.36862946
v -77.94750214 110.55376434 31.49025917
v -77.94750214 110.55376434 31.49025917
v -65.74050903 109.84612274 31.36862946
v -65.99434662 109.86083984 31.70000076
v -77.94750214 110.55376434 31.49025917
v -65.99434662 109.86083984 31.70000076
v -77.72148132 110.54066467 31.86255836
v -77.72148132 110.54066467 31.86255836
v -65.99434662 109.86083984 31.70000076
v -66.15392303 109.87009430 32.08588791
v -77.72148132 110.54066467 31.86255836
v -66.15392303 109.87009430 32.08588791
v -77.60411835 110.53385925 32.28213501
v -77.60411835 110.53385925 32.28213501
v -66.15392303 109.87009430 32.08588791
v -66.20835114 109.87324524 32.50000000
v -77.60411835 110.53385925 32.28213501
v -66.20835114 109.87324524 32.50000000
v -77.60411835 110.53385925 32.71786499
v -77.60411835 110.53385925 32.71786499
v -66.20835114 109.87324524 32.50000000
v -66.15392303 109.87009430 32.91411209
v -77.60411835 110.53385925 32.71786499
v -66.15392303 109.87009430 32.91411209
v -77.72148132 110.54066467 33.13744354
v -77.72148132 110.54066467 33.13744354
v -66.15392303 109.87009430 32.91411209
v -65.99434662 109.86083984 33.29999924
v -77.72148132 110.54066467 33.13744354
v -65.99434662 109.86083984 33.29999924
v -77.94750214 110.55376434 33.50973892
v -77.94750214 110.55376434 33.50973892
v -65.99434662 109.86083984 33.29999924
v -65.74050903 109.84612274 33.63137054
v -77.94750214 110.55376434 33.50973892
v -65.74050903 109.84612274 33.63137054
v -78.26541901 110.57219696 33.80715179
v -78.26541901 110.57219696 33.80715179
v -65.74050903 109.84612274 33.63137054
v -65.40969086 109.82695007 33.88563919
v -78.26541901 110.57219696 33.80715179
v -65.40969086 109.82695007 33.88563919
v -78.65164948 110.59458160 34.00761795
v -78.65164948 110.59458160 34.00761795
v -65.40969086 109.82695007 33.88563919
v -65.02444458 109.80461884 34.04548264
v -78.65164948 110.59458160 34.00761795
v -65.02444458 109.80461884 34.04548264
v -79.07755280 110.61927032 34.09627151
v -79.07755280 110.61927032 34.09627151
v -65.02444458 109.80461884 34.04548264
v -64.61103058 109.78064728 34.09999847
v -18.88779259 107.13007355 34.09999847
v -18.47437668 107.10610962 34.04548264
v 0.82579106 105.98727417 37.21018982
v 0.82579106 105.98727417 37.21018982
v -18.47437668 107.10610962 34.04548264
v -18.08913422 107.08377838 33.88563919
v 0.82579106 105.98727417 37.21018982
v -18.08913422 107.08377838 33.88563919
v -17.75831795 107.06459808 33.63137054
v -17.75831795 107.06459808 33.63137054
v -17.50447464 107.04988098 33.29999924
v 0.82579106 105.98727417 37.21018982
v 0.82579106 105.98727417 37.21018982
v -17.50447464 107.04988098 33.29999924
v -17.34490204 107.04063416 32.91411209
v 0.82579106 105.98727417 37.21018982
v -17.34490204 107.04063416 32.91411209
v -17.29047585 107.03747559 32.50000000
v -19.68645287 107.17636871 30.89999962
v -20.09986877 107.20034027 30.95451927
v -63.81237030 109.73435211 30.89999962
v 0.82914710 106.04517365 37.62463760
v -8.01479435 106.55785370 37.62463760
v 0.82579106 105.98727417 37.21018982
v 0.82579106 105.98727417 37.21018982
v -8.01479435 106.55785370 37.62463760
v -16.85873604 107.07053375 37.62463760
v 0.82579106 105.98727417 37.21018982
v -16.85873604 107.07053375 37.62463760
v -25.70267677 107.58322144 37.62463760
v -25.70267677 107.58322144 37.62463760
v -16.85873604 107.07053375 37.62463760
v -25.69286728 107.75245667 38.00725174
v -25.70267677 107.58322144 37.62463760
v -25.69286728 107.75245667 38.00725174
v -34.53680801 108.26513672 38.00725174
v -34.53680801 108.26513672 38.00725174
v -25.69286728 107.75245667 38.00725174
v -34.52129745 108.53270721 38.32864761
v -34.53680801 108.26513672 38.00725174
v -34.52129745 108.53270721 38.32864761
v -43.36523819 109.04539490 38.32864761
v -43.36523819 109.04539490 38.32864761
v -34.52129745 108.53270721 38.32864761
v -43.34521866 109.39075470 38.56413269
v -43.36523819 109.04539490 38.32864761
v -43.34521866 109.39075470 38.56413269
v -52.18915939 109.90343475 38.56413269
v -52.18915939 109.90343475 38.56413269
v -43.34521866 109.39075470 38.56413269
v -52.16616821 110.30006409 38.69562912
v -52.18915939 109.90343475 38.56413269
v -52.16616821 110.30006409 38.69562912
v -61.01010895 110.81274414 38.69562912
v -61.01010895 110.81274414 38.69562912
v -52.16616821 110.30006409 38.69562912
v -60.98591232 111.23017120 38.71302795
v -61.01010895 110.81274414 38.69562912
v -60.98591232 111.23017120 38.71302795
v -69.82984924 111.74285126 38.71302795
v -69.82984924 111.74285126 38.71302795
v -60.98591232 111.23017120 38.71302795
v -69.80630493 112.14900970 38.61499405
v -69.82984924 111.74285126 38.71302795
v -69.80630493 112.14900970 38.61499405
v -78.65024567 112.66169739 38.61499405
v -78.65024567 112.66169739 38.61499405
v -69.80630493 112.14900970 38.61499405
v -96.31704712 114.05076599 38.40906525
v -78.65024567 112.66169739 38.61499405
v -96.31704712 114.05076599 38.40906525
v -87.49418640 113.17437744 38.61499405
v -87.49418640 113.17437744 38.61499405
v -96.31704712 114.05076599 38.40906525
v -96.33813477 113.68706512 38.61499405
v -87.49418640 113.17437744 38.61499405
v -96.33813477 113.68706512 38.61499405
v -87.51773834 112.76821899 38.71302795
v -87.51773834 112.76821899 38.71302795
v -96.33813477 113.68706512 38.61499405
v -96.36167908 113.28089905 38.71302795
v -87.51773834 112.76821899 38.71302795
v -96.36167908 113.28089905 38.71302795
v -87.54193115 112.35079956 38.69562912
v -87.54193115 112.35079956 38.69562912
v -96.36167908 113.28089905 38.71302795
v -96.38587189 112.86347961 38.69562912
v -87.54193115 112.35079956 38.69562912
v -96.38587189 112.86347961 38.69562912
v -87.56492615 111.95417023 38.56413269
v -87.56492615 111.95417023 38.56413269
v -96.38587189 112.86347961 38.69562912
v -96.40886688 112.46685028 38.56413269
v -87.56492615 111.95417023 38.56413269
v -96.40886688 112.46685028 38.56413269
v -87.58494568 111.60881042 38.32864761
v -87.58494568 111.60881042 38.32864761
v -96.40886688 112.46685028 38.56413269
v -96.42888641 112.12149048 38.32864761
v -87.58494568 111.60881042 38.32864761
v -96.42888641 112.12149048 38.32864761
v -87.60045624 111.34123230 38.00725174
v -87.60045624 111.34123230 38.00725174
v -96.42888641 112.12149048 38.32864761
v -96.44439697 111.85391998 38.00725174
v -87.60045624 111.34123230 38.00725174
v -96.44439697 111.85391998 38.00725174
v -87.61026764 111.17200470 37.62463760
v -87.61026764 111.17200470 37.62463760
v -96.44439697 111.85391998 38.00725174
v -96.45420837 111.68468475 37.62463760
v -87.61026764 111.17200470 37.62463760
v -96.45420837 111.68468475 37.62463760
v -96.45756531 111.62679291 37.21018982
v -8.01479435 106.55785370 37.62463760
v 0.82914710 106.04517365 37.62463760
v -8.00498390 106.72708893 38.00725174
v -8.00498390 106.72708893 38.00725174
v 0.82914710 106.04517365 37.62463760
v 0.83895749 106.21440125 38.00725174
v -8.00498390 106.72708893 38.00725174
v 0.83895749 106.21440125 38.00725174
v -7.98947287 106.99465942 38.32864761
v -7.98947287 106.99465942 38.32864761
v 0.83895749 106.21440125 38.00725174
v 0.85446870 106.48197937 38.32864761
v -7.98947287 106.99465942 38.32864761
v 0.85446870 106.48197937 38.32864761
v -7.96945190 107.34001923 38.56413269
v -7.96945190 107.34001923 38.56413269
v 0.85446870 106.48197937 38.32864761
v 0.87448937 106.82733917 38.56413269
v -7.96945190 107.34001923 38.56413269
v 0.87448937 106.82733917 38.56413269
v -7.94645977 107.73664856 38.69562912
v -7.94645977 107.73664856 38.69562912
v 0.87448937 106.82733917 38.56413269
v 0.89748174 107.22396088 38.69562912
v -7.94645977 107.73664856 38.69562912
v 0.89748174 107.22396088 38.69562912
v -7.92226171 108.15406799 38.71302795
v -7.92226171 108.15406799 38.71302795
v 0.89748174 107.22396088 38.69562912
v 0.92167974 107.64138794 38.71302795
v -7.92226171 108.15406799 38.71302795
v 0.92167974 107.64138794 38.71302795
v -7.89871645 108.56023407 38.61499405
v -7.89871645 108.56023407 38.61499405
v 0.92167974 107.64138794 38.71302795
v 0.94522482 108.04754639 38.61499405
v -7.89871645 108.56023407 38.61499405
v 0.94522482 108.04754639 38.61499405
v 0.96630853 108.41124725 38.40906525
v -96.31704712 114.05076599 38.40906525
v -43.27448273 110.61096191 38.61499405
v 0.96630853 108.41124725 38.40906525
v 0.96630853 108.41124725 38.40906525
v -43.27448273 110.61096191 38.61499405
v -34.43054199 110.09828186 38.61499405
v 0.96630853 108.41124725 38.40906525
v -34.43054199 110.09828186 38.61499405
v -25.58659935 109.58559418 38.61499405
v -25.58659935 109.58559418 38.61499405
v -34.43054199 110.09828186 38.61499405
v -25.61014557 109.17943573 38.71302795
v -25.58659935 109.58559418 38.61499405
v -25.61014557 109.17943573 38.71302795
v -16.76620293 108.66675568 38.71302795
v -16.76620293 108.66675568 38.71302795
v -25.61014557 109.17943573 38.71302795
v -16.79040146 108.24932861 38.69562912
v -16.76620293 108.66675568 38.71302795
v -16.79040146 108.24932861 38.69562912
v -7.94645977 107.73664856 38.69562912
v -7.94645977 107.73664856 38.69562912
v -16.79040146 108.24932861 38.69562912
v -7.96945190 107.34001923 38.56413269
v 0.82579106 105.98727417 37.21018982
v -52.23450089 109.12126923 37.62463760
v -96.45756531 111.62679291 37.21018982
v -96.45756531 111.62679291 37.21018982
v -52.23450089 109.12126923 37.62463760
v -61.07844162 109.63394928 37.62463760
v -96.45756531 111.62679291 37.21018982
v -61.07844162 109.63394928 37.62463760
v -69.92238617 110.14663696 37.62463760
v -69.92238617 110.14663696 37.62463760
v -61.07844162 109.63394928 37.62463760
v -69.91257477 110.31587219 38.00725174
v -69.92238617 110.14663696 37.62463760
v -69.91257477 110.31587219 38.00725174
v -78.75651550 110.82855225 38.00725174
v -78.75651550 110.82855225 38.00725174
v -69.91257477 110.31587219 38.00725174
v -78.74100494 111.09612274 38.32864761
v -78.75651550 110.82855225 38.00725174
v -78.74100494 111.09612274 38.32864761
v -87.58494568 111.60881042 38.32864761
v -87.58494568 111.60881042 38.32864761
v -78.74100494 111.09612274 38.32864761
v -87.56492615 111.95417023 38.56413269
v -16.85873604 107.07053375 37.62463760
v -8.01479435 106.55785370 37.62463760
v -16.84892464 107.23976898 38.00725174
v -16.84892464 107.23976898 38.00725174
v -8.01479435 106.55785370 37.62463760
v -8.00498390 106.72708893 38.00725174
v -16.84892464 107.23976898 38.00725174
v -8.00498390 106.72708893 38.00725174
v -16.83341408 107.50733948 38.32864761
v -16.83341408 107.50733948 38.32864761
v -8.00498390 106.72708893 38.00725174
v -7.98947287 106.99465942 38.32864761
v -16.83341408 107.50733948 38.32864761
v -7.98947287 106.99465942 38.32864761
v -16.81339455 107.85270691 38.56413269
v -16.81339455 107.85270691 38.56413269
v -7.98947287 106.99465942 38.32864761
v -7.96945190 107.34001923 38.56413269
v -16.81339455 107.85270691 38.56413269
v -7.96945190 107.34001923 38.56413269
v -16.79040146 108.24932861 38.69562912
v -25.70267677 107.58322144 37.62463760
v -34.54661942 108.09590149 37.62463760
v 0.82579106 105.98727417 37.21018982
v 0.82579106 105.98727417 37.21018982
v -34.54661942 108.09590149 37.62463760
v -43.39056015 108.60858917 37.62463760
v 0.82579106 105.98727417 37.21018982
v -43.39056015 108.60858917 37.62463760
v -52.23450089 109.12126923 37.62463760
v -52.23450089 109.12126923 37.62463760
v -43.39056015 108.60858917 37.62463760
v -52.22469330 109.29050446 38.00725174
v -52.23450089 109.12126923 37.62463760
v -52.22469330 109.29050446 38.00725174
v -61.06863403 109.80318451 38.00725174
v -61.06863403 109.80318451 38.00725174
v -52.22469330 109.29050446 38.00725174
v -61.05312347 110.07076263 38.32864761
v -61.06863403 109.80318451 38.00725174
v -61.05312347 110.07076263 38.32864761
v -69.89706421 110.58344269 38.32864761
v -69.89706421 110.58344269 38.32864761
v -61.05312347 110.07076263 38.32864761
v -69.87704468 110.92880249 38.56413269
v -69.89706421 110.58344269 38.32864761
v -69.87704468 110.92880249 38.56413269
v -78.72098541 111.44149017 38.56413269
v -78.72098541 111.44149017 38.56413269
v -69.87704468 110.92880249 38.56413269
v -78.69799042 111.83811188 38.69562912
v -78.72098541 111.44149017 38.56413269
v -78.69799042 111.83811188 38.69562912
v -87.54193115 112.35079956 38.69562912
v -87.54193115 112.35079956 38.69562912
v -78.69799042 111.83811188 38.69562912
v -87.51773834 112.76821899 38.71302795
v -25.70267677 107.58322144 37.62463760
v -34.53680801 108.26513672 38.00725174
v -34.54661942 108.09590149 37.62463760
v -34.54661942 108.09590149 37.62463760
v -34.53680801 108.26513672 38.00725174
v -43.38074875 108.77781677 38.00725174
v -34.54661942 108.09590149 37.62463760
v -43.38074875 108.77781677 38.00725174
v -43.39056015 108.60858917 37.62463760
v -43.39056015 108.60858917 37.62463760
v -43.38074875 108.77781677 38.00725174
v -52.22469330 109.29050446 38.00725174
v -69.91257477 110.31587219 38.00725174
v -61.07844162 109.63394928 37.62463760
v -61.06863403 109.80318451 38.00725174
v -61.06863403 109.80318451 38.00725174
v -61.07844162 109.63394928 37.62463760
v -52.23450089 109.12126923 37.62463760
v -87.61026764 111.17200470 37.62463760
v -96.45756531 111.62679291 37.21018982
v -78.76632690 110.65931702 37.62463760
v -78.76632690 110.65931702 37.62463760
v -96.45756531 111.62679291 37.21018982
v -69.92238617 110.14663696 37.62463760
v -78.76632690 110.65931702 37.62463760
v -69.92238617 110.14663696 37.62463760
v -78.75651550 110.82855225 38.00725174
v -87.60045624 111.34123230 38.00725174
v -87.61026764 111.17200470 37.62463760
v -78.76632690 110.65931702 37.62463760
v -87.60045624 111.34123230 38.00725174
v -78.76632690 110.65931702 37.62463760
v -78.75651550 110.82855225 38.00725174
v -16.85873604 107.07053375 37.62463760
v -16.84892464 107.23976898 38.00725174
v -25.69286728 107.75245667 38.00725174
v -25.69286728 107.75245667 38.00725174
v -16.84892464 107.23976898 38.00725174
v -25.67735672 108.02002716 38.32864761
v -25.69286728 107.75245667 38.00725174
v -25.67735672 108.02002716 38.32864761
v -34.52129745 108.53270721 38.32864761
v -34.52129745 108.53270721 38.32864761
v -25.67735672 108.02002716 38.32864761
v -34.50127792 108.87807465 38.56413269
v -34.52129745 108.53270721 38.32864761
v -34.50127792 108.87807465 38.56413269
v -43.34521866 109.39075470 38.56413269
v -43.34521866 109.39075470 38.56413269
v -34.50127792 108.87807465 38.56413269
v -43.32222748 109.78737640 38.69562912
v -43.34521866 109.39075470 38.56413269
v -43.32222748 109.78737640 38.69562912
v -52.16616821 110.30006409 38.69562912
v -52.16616821 110.30006409 38.69562912
v -43.32222748 109.78737640 38.69562912
v -52.14196777 110.71748352 38.71302795
v -52.16616821 110.30006409 38.69562912
v -52.14196777 110.71748352 38.71302795
v -60.98591232 111.23017120 38.71302795
v -60.98591232 111.23017120 38.71302795
v -52.14196777 110.71748352 38.71302795
v -60.96236420 111.63632965 38.61499405
v -60.98591232 111.23017120 38.71302795
v -60.96236420 111.63632965 38.61499405
v -69.80630493 112.14900970 38.61499405
v -69.80630493 112.14900970 38.61499405
v -60.96236420 111.63632965 38.61499405
v -96.31704712 114.05076599 38.40906525
v -25.67735672 108.02002716 38.32864761
v -16.84892464 107.23976898 38.00725174
v -16.83341408 107.50733948 38.32864761
v -34.53680801 108.26513672 38.00725174
v -43.36523819 109.04539490 38.32864761
v -43.38074875 108.77781677 38.00725174
v -43.38074875 108.77781677 38.00725174
v -43.36523819 109.04539490 38.32864761
v -52.20917892 109.55807495 38.32864761
v -43.38074875 108.77781677 38.00725174
v -52.20917892 109.55807495 38.32864761
v -52.22469330 109.29050446 38.00725174
v -52.22469330 109.29050446 38.00725174
v -52.20917892 109.55807495 38.32864761
v -61.05312347 110.07076263 38.32864761
v -78.74100494 111.09612274 38.32864761
v -69.91257477 110.31587219 38.00725174
v -69.89706421 110.58344269 38.32864761
v -69.89706421 110.58344269 38.32864761
v -69.91257477 110.31587219 38.00725174
v -61.06863403 109.80318451 38.00725174
v -87.58494568 111.60881042 38.32864761
v -87.60045624 111.34123230 38.00725174
v -78.75651550 110.82855225 38.00725174
v -25.67735672 108.02002716 38.32864761
v -16.83341408 107.50733948 38.32864761
v -25.65733528 108.36538696 38.56413269
v -25.65733528 108.36538696 38.56413269
v -16.83341408 107.50733948 38.32864761
v -16.81339455 107.85270691 38.56413269
v -25.65733528 108.36538696 38.56413269
v -16.81339455 107.85270691 38.56413269
v -25.63434219 108.76201630 38.69562912
v -25.63434219 108.76201630 38.69562912
v -16.81339455 107.85270691 38.56413269
v -16.79040146 108.24932861 38.69562912
v -25.63434219 108.76201630 38.69562912
v -16.79040146 108.24932861 38.69562912
v -25.61014557 109.17943573 38.71302795
v -43.36523819 109.04539490 38.32864761
v -52.18915939 109.90343475 38.56413269
v -52.20917892 109.55807495 38.32864761
v -52.20917892 109.55807495 38.32864761
v -52.18915939 109.90343475 38.56413269
v -61.03310013 110.41612244 38.56413269
v -52.20917892 109.55807495 38.32864761
v -61.03310013 110.41612244 38.56413269
v -61.05312347 110.07076263 38.32864761
v -61.05312347 110.07076263 38.32864761
v -61.03310013 110.41612244 38.56413269
v -69.87704468 110.92880249 38.56413269
v -87.56492615 111.95417023 38.56413269
v -78.74100494 111.09612274 38.32864761
v -78.72098541 111.44149017 38.56413269
v -78.72098541 111.44149017 38.56413269
v -78.74100494 111.09612274 38.32864761
v -69.89706421 110.58344269 38.32864761
v -25.67735672 108.02002716 38.32864761
v -25.65733528 108.36538696 38.56413269
v -34.50127792 108.87807465 38.56413269
v -34.50127792 108.87807465 38.56413269
v -25.65733528 108.36538696 38.56413269
v -34.47828293 109.27469635 38.69562912
v -34.50127792 108.87807465 38.56413269
v -34.47828293 109.27469635 38.69562912
v -43.32222748 109.78737640 38.69562912
v -43.32222748 109.78737640 38.69562912
v -34.47828293 109.27469635 38.69562912
v -43.29802704 110.20480347 38.71302795
v -43.32222748 109.78737640 38.69562912
v -43.29802704 110.20480347 38.71302795
v -52.14196777 110.71748352 38.71302795
v -52.14196777 110.71748352 38.71302795
v -43.29802704 110.20480347 38.71302795
v -52.11842346 111.12364960 38.61499405
v -52.14196777 110.71748352 38.71302795
v -52.11842346 111.12364960 38.61499405
v -60.96236420 111.63632965 38.61499405
v -60.96236420 111.63632965 38.61499405
v -52.11842346 111.12364960 38.61499405
v -96.31704712 114.05076599 38.40906525
v -34.47828293 109.27469635 38.69562912
v -25.65733528 108.36538696 38.56413269
v -25.63434219 108.76201630 38.69562912
v -52.18915939 109.90343475 38.56413269
v -61.01010895 110.81274414 38.69562912
v -61.03310013 110.41612244 38.56413269
v -61.03310013 110.41612244 38.56413269
v -61.01010895 110.81274414 38.69562912
v -69.85404968 111.32543182 38.69562912
v -61.03310013 110.41612244 38.56413269
v -69.85404968 111.32543182 38.69562912
v -69.87704468 110.92880249 38.56413269
v -69.87704468 110.92880249 38.56413269
v -69.85404968 111.32543182 38.69562912
v -78.69799042 111.83811188 38.69562912
v -87.54193115 112.35079956 38.69562912
v -87.56492615 111.95417023 38.56413269
v -78.72098541 111.44149017 38.56413269
v -16.76620293 108.66675568 38.71302795
v -7.94645977 107.73664856 38.69562912
v -7.92226171 108.15406799 38.71302795
v -34.47828293 109.27469635 38.69562912
v -25.63434219 108.76201630 38.69562912
v -34.45408630 109.69212341 38.71302795
v -34.45408630 109.69212341 38.71302795
v -25.63434219 108.76201630 38.69562912
v -25.61014557 109.17943573 38.71302795
v -34.45408630 109.69212341 38.71302795
v -25.61014557 109.17943573 38.71302795
v -34.43054199 110.09828186 38.61499405
v -61.01010895 110.81274414 38.69562912
v -69.82984924 111.74285126 38.71302795
v -69.85404968 111.32543182 38.69562912
v -69.85404968 111.32543182 38.69562912
v -69.82984924 111.74285126 38.71302795
v -78.67378998 112.25553894 38.71302795
v -69.85404968 111.32543182 38.69562912
v -78.67378998 112.25553894 38.71302795
v -78.69799042 111.83811188 38.69562912
v -78.69799042 111.83811188 38.69562912
v -78.67378998 112.25553894 38.71302795
v -87.51773834 112.76821899 38.71302795
v -16.76620293 108.66675568 38.71302795
v -7.92226171 108.15406799 38.71302795
v -16.74265862 109.07291412 38.61499405
v -16.74265862 109.07291412 38.61499405
v -7.92226171 108.15406799 38.71302795
v -7.89871645 108.56023407 38.61499405
v -16.74265862 109.07291412 38.61499405
v -7.89871645 108.56023407 38.61499405
v 0.96630853 108.41124725 38.40906525
v -34.47828293 109.27469635 38.69562912
v -34.45408630 109.69212341 38.71302795
v -43.29802704 110.20480347 38.71302795
v -43.29802704 110.20480347 38.71302795
v -34.45408630 109.69212341 38.71302795
v -43.27448273 110.61096191 38.61499405
v -43.29802704 110.20480347 38.71302795
v -43.27448273 110.61096191 38.61499405
v -52.11842346 111.12364960 38.61499405
v -52.11842346 111.12364960 38.61499405
v -43.27448273 110.61096191 38.61499405
v -96.31704712 114.05076599 38.40906525
v -43.27448273 110.61096191 38.61499405
v -34.45408630 109.69212341 38.71302795
v -34.43054199 110.09828186 38.61499405
v -87.49418640 113.17437744 38.61499405
v -87.51773834 112.76821899 38.71302795
v -78.67378998 112.25553894 38.71302795
v -87.49418640 113.17437744 38.61499405
v -78.67378998 112.25553894 38.71302795
v -78.65024567 112.66169739 38.61499405
v -78.65024567 112.66169739 38.61499405
v -78.67378998 112.25553894 38.71302795
v -69.82984924 111.74285126 38.71302795
v 0.96630853 108.41124725 38.40906525
v -25.58659935 109.58559418 38.61499405
v -16.74265862 109.07291412 38.61499405
v -16.74265862 109.07291412 38.61499405
v -25.58659935 109.58559418 38.61499405
v -16.76620293 108.66675568 38.71302795
v 0.98651308 108.75978088 38.20960236
v -7.12043333 109.22974396 38.20960236
v 0.96630853 108.41124725 38.40906525
v 0.96630853 108.41124725 38.40906525
v -7.12043333 109.22974396 38.20960236
v -15.22737980 109.69969940 38.20960236
v 0.96630853 108.41124725 38.40906525
v -15.22737980 109.69969940 38.20960236
v -23.33432579 110.16966248 38.20960236
v -23.33432579 110.16966248 38.20960236
v -15.22737980 109.69969940 38.20960236
v -23.31178093 110.55857086 38.11004257
v -23.33432579 110.16966248 38.20960236
v -23.31178093 110.55857086 38.11004257
v -31.41872787 111.02852631 38.11004257
v -31.41872787 111.02852631 38.11004257
v -23.31178093 110.55857086 38.11004257
v -31.39546204 111.42986298 38.11754227
v -31.41872787 111.02852631 38.11004257
v -31.39546204 111.42986298 38.11754227
v -39.50240707 111.89982605 38.11754227
v -39.50240707 111.89982605 38.11754227
v -31.39546204 111.42986298 38.11754227
v -39.48009491 112.28475952 38.23155975
v -39.50240707 111.89982605 38.11754227
v -39.48009491 112.28475952 38.23155975
v -47.58703995 112.75471497 38.23155975
v -47.58703995 112.75471497 38.23155975
v -39.48009491 112.28475952 38.23155975
v 1.07439792 110.27582550 38.44390488
v -47.58703995 112.75471497 38.23155975
v 1.07439792 110.27582550 38.44390488
v -95.99237823 115.90278625 38.44390488
v -7.12043333 109.22974396 38.20960236
v 0.98651308 108.75978088 38.20960236
v -7.09788847 109.61865234 38.11004257
v -7.09788847 109.61865234 38.11004257
v 0.98651308 108.75978088 38.20960236
v 1.00905812 109.14868927 38.11004257
v -7.09788847 109.61865234 38.11004257
v 1.00905812 109.14868927 38.11004257
v -7.07462263 110.01998901 38.11754227
v -7.07462263 110.01998901 38.11754227
v 1.00905812 109.14868927 38.11004257
v 1.03232360 109.55002594 38.11754227
v -7.07462263 110.01998901 38.11754227
v 1.03232360 109.55002594 38.11754227
v -7.05230856 110.40491486 38.23155975
v -7.05230856 110.40491486 38.23155975
v 1.03232360 109.55002594 38.11754227
v 1.05463803 109.93495941 38.23155975
v -7.05230856 110.40491486 38.23155975
v 1.05463803 109.93495941 38.23155975
v 1.07439792 110.27582550 38.44390488
v -96.16799164 115.66513062 38.27785110
v -88.12177277 115.10451508 38.23155975
v -95.99237823 115.90278625 38.44390488
v -95.99237823 115.90278625 38.44390488
v -88.12177277 115.10451508 38.23155975
v -80.01482391 114.63455200 38.23155975
v -95.99237823 115.90278625 38.44390488
v -80.01482391 114.63455200 38.23155975
v -71.90788269 114.16459656 38.23155975
v -71.90788269 114.16459656 38.23155975
v -80.01482391 114.63455200 38.23155975
v -71.93019104 113.77966309 38.11754227
v -71.90788269 114.16459656 38.23155975
v -71.93019104 113.77966309 38.11754227
v -63.82324600 113.30970764 38.11754227
v -63.82324600 113.30970764 38.11754227
v -71.93019104 113.77966309 38.11754227
v -63.84651184 112.90836334 38.11004257
v -63.82324600 113.30970764 38.11754227
v -63.84651184 112.90836334 38.11004257
v -55.73956680 112.43840790 38.11004257
v -55.73956680 112.43840790 38.11004257
v -63.84651184 112.90836334 38.11004257
v -55.76211166 112.04949951 38.20960236
v -55.73956680 112.43840790 38.11004257
v -55.76211166 112.04949951 38.20960236
v -47.65516663 111.57953644 38.20960236
v -47.65516663 111.57953644 38.20960236
v -55.76211166 112.04949951 38.20960236
v 0.96630853 108.41124725 38.40906525
v -47.65516663 111.57953644 38.20960236
v 0.96630853 108.41124725 38.40906525
v -39.54821777 111.10958099 38.20960236
v -39.54821777 111.10958099 38.20960236
v 0.96630853 108.41124725 38.40906525
v -31.44127274 110.63961792 38.20960236
v -39.54821777 111.10958099 38.20960236
v -31.44127274 110.63961792 38.20960236
v -39.52567291 111.49848938 38.11004257
v -39.52567291 111.49848938 38.11004257
v -31.44127274 110.63961792 38.20960236
v -31.41872787 111.02852631 38.11004257
v -39.52567291 111.49848938 38.11004257
v -31.41872787 111.02852631 38.11004257
v -39.50240707 111.89982605 38.11754227
v -96.16799164 115.66513062 38.27785110
v -96.21810913 115.51899719 38.20855331
v -88.12177277 115.10451508 38.23155975
v -88.12177277 115.10451508 38.23155975
v -96.21810913 115.51899719 38.20855331
v -96.24090576 115.36427307 38.15536118
v -88.12177277 115.10451508 38.23155975
v -96.24090576 115.36427307 38.15536118
v -88.14408875 114.71958160 38.11754227
v -88.14408875 114.71958160 38.11754227
v -96.24090576 115.36427307 38.15536118
v -96.26071167 115.02260590 38.10126114
v -88.14408875 114.71958160 38.11754227
v -96.26071167 115.02260590 38.10126114
v -88.16735077 114.31824493 38.11004257
v -88.16735077 114.31824493 38.11004257
v -96.26071167 115.02260590 38.10126114
v -96.28070831 114.67766571 38.12713242
v -88.16735077 114.31824493 38.11004257
v -96.28070831 114.67766571 38.12713242
v -88.18989563 113.92933655 38.20960236
v -88.18989563 113.92933655 38.20960236
v -96.28070831 114.67766571 38.12713242
v -96.29982758 114.34784698 38.23159027
v -88.18989563 113.92933655 38.20960236
v -96.29982758 114.34784698 38.23159027
v -80.08295441 113.45938110 38.20960236
v -80.08295441 113.45938110 38.20960236
v -96.29982758 114.34784698 38.23159027
v -71.97600555 112.98941803 38.20960236
v -80.08295441 113.45938110 38.20960236
v -71.97600555 112.98941803 38.20960236
v -80.06040192 113.84828949 38.11004257
v -80.06040192 113.84828949 38.11004257
v -71.97600555 112.98941803 38.20960236
v -71.95346069 113.37832642 38.11004257
v -80.06040192 113.84828949 38.11004257
v -71.95346069 113.37832642 38.11004257
v -80.03713989 114.24962616 38.11754227
v -80.03713989 114.24962616 38.11754227
v -71.95346069 113.37832642 38.11004257
v -71.93019104 113.77966309 38.11754227
v -80.03713989 114.24962616 38.11754227
v -71.93019104 113.77966309 38.11754227
v -80.01482391 114.63455200 38.23155975
v -96.31704712 114.05076599 38.40906525
v 0.96630853 108.41124725 38.40906525
v -96.29982758 114.34784698 38.23159027
v -96.29982758 114.34784698 38.23159027
v 0.96630853 108.41124725 38.40906525
v -71.97600555 112.98941803 38.20960236
v -31.44127274 110.63961792 38.20960236
v 0.96630853 108.41124725 38.40906525
v -23.33432579 110.16966248 38.20960236
v -15.22737980 109.69969940 38.20960236
v -7.12043333 109.22974396 38.20960236
v -15.20483494 110.08860779 38.11004257
v -15.20483494 110.08860779 38.11004257
v -7.12043333 109.22974396 38.20960236
v -7.09788847 109.61865234 38.11004257
v -15.20483494 110.08860779 38.11004257
v -7.09788847 109.61865234 38.11004257
v -15.18156910 110.48994446 38.11754227
v -15.18156910 110.48994446 38.11754227
v -7.09788847 109.61865234 38.11004257
v -7.07462263 110.01998901 38.11754227
v -15.18156910 110.48994446 38.11754227
v -7.07462263 110.01998901 38.11754227
v -15.15925503 110.87487793 38.23155975
v -15.15925503 110.87487793 38.23155975
v -7.07462263 110.01998901 38.11754227
v -7.05230856 110.40491486 38.23155975
v -15.15925503 110.87487793 38.23155975
v -7.05230856 110.40491486 38.23155975
v 1.07439792 110.27582550 38.44390488
v -31.41872787 111.02852631 38.11004257
v -31.44127274 110.63961792 38.20960236
v -23.33432579 110.16966248 38.20960236
v -47.65516663 111.57953644 38.20960236
v -39.54821777 111.10958099 38.20960236
v -47.63262177 111.96844482 38.11004257
v -47.63262177 111.96844482 38.11004257
v -39.54821777 111.10958099 38.20960236
v -39.52567291 111.49848938 38.11004257
v -47.63262177 111.96844482 38.11004257
v -39.52567291 111.49848938 38.11004257
v -47.60935593 112.36978912 38.11754227
v -47.60935593 112.36978912 38.11754227
v -39.52567291 111.49848938 38.11004257
v -39.50240707 111.89982605 38.11754227
v -47.60935593 112.36978912 38.11754227
v -39.50240707 111.89982605 38.11754227
v -47.58703995 112.75471497 38.23155975
v -71.97600555 112.98941803 38.20960236
v 0.96630853 108.41124725 38.40906525
v -63.86905670 112.51945496 38.20960236
v -63.86905670 112.51945496 38.20960236
v 0.96630853 108.41124725 38.40906525
v -55.76211166 112.04949951 38.20960236
v -63.86905670 112.51945496 38.20960236
v -55.76211166 112.04949951 38.20960236
v -63.84651184 112.90836334 38.11004257
v -71.95346069 113.37832642 38.11004257
v -71.97600555 112.98941803 38.20960236
v -63.86905670 112.51945496 38.20960236
v -71.95346069 113.37832642 38.11004257
v -63.86905670 112.51945496 38.20960236
v -63.84651184 112.90836334 38.11004257
v -88.16735077 114.31824493 38.11004257
v -88.18989563 113.92933655 38.20960236
v -80.08295441 113.45938110 38.20960236
v -88.16735077 114.31824493 38.11004257
v -80.08295441 113.45938110 38.20960236
v -80.06040192 113.84828949 38.11004257
v -15.22737980 109.69969940 38.20960236
v -15.20483494 110.08860779 38.11004257
v -23.31178093 110.55857086 38.11004257
v -23.31178093 110.55857086 38.11004257
v -15.20483494 110.08860779 38.11004257
v -23.28851509 110.95990753 38.11754227
v -23.31178093 110.55857086 38.11004257
v -23.28851509 110.95990753 38.11754227
v -31.39546204 111.42986298 38.11754227
v -31.39546204 111.42986298 38.11754227
v -23.28851509 110.95990753 38.11754227
v -31.37314796 111.81479645 38.23155975
v -31.39546204 111.42986298 38.11754227
v -31.37314796 111.81479645 38.23155975
v -39.48009491 112.28475952 38.23155975
v -39.48009491 112.28475952 38.23155975
v -31.37314796 111.81479645 38.23155975
v 1.07439792 110.27582550 38.44390488
v -23.28851509 110.95990753 38.11754227
v -15.20483494 110.08860779 38.11004257
v -15.18156910 110.48994446 38.11754227
v -47.65516663 111.57953644 38.20960236
v -47.63262177 111.96844482 38.11004257
v -55.73956680 112.43840790 38.11004257
v -55.73956680 112.43840790 38.11004257
v -47.63262177 111.96844482 38.11004257
v -55.71630096 112.83974457 38.11754227
v -55.73956680 112.43840790 38.11004257
v -55.71630096 112.83974457 38.11754227
v -63.82324600 113.30970764 38.11754227
v -63.82324600 113.30970764 38.11754227
v -55.71630096 112.83974457 38.11754227
v -63.80093384 113.69463348 38.23155975
v -63.82324600 113.30970764 38.11754227
v -63.80093384 113.69463348 38.23155975
v -71.90788269 114.16459656 38.23155975
v -71.90788269 114.16459656 38.23155975
v -63.80093384 113.69463348 38.23155975
v -95.99237823 115.90278625 38.44390488
v -55.71630096 112.83974457 38.11754227
v -47.63262177 111.96844482 38.11004257
v -47.60935593 112.36978912 38.11754227
v -71.93019104 113.77966309 38.11754227
v -71.95346069 113.37832642 38.11004257
v -63.84651184 112.90836334 38.11004257
v -88.14408875 114.71958160 38.11754227
v -88.16735077 114.31824493 38.11004257
v -80.06040192 113.84828949 38.11004257
v -88.14408875 114.71958160 38.11754227
v -80.06040192 113.84828949 38.11004257
v -80.03713989 114.24962616 38.11754227
v -23.28851509 110.95990753 38.11754227
v -15.18156910 110.48994446 38.11754227
v -23.26620102 111.34484100 38.23155975
v -23.26620102 111.34484100 38.23155975
v -15.18156910 110.48994446 38.11754227
v -15.15925503 110.87487793 38.23155975
v -23.26620102 111.34484100 38.23155975
v -15.15925503 110.87487793 38.23155975
v 1.07439792 110.27582550 38.44390488
v -55.71630096 112.83974457 38.11754227
v -47.60935593 112.36978912 38.11754227
v -55.69398499 113.22467804 38.23155975
v -55.69398499 113.22467804 38.23155975
v -47.60935593 112.36978912 38.11754227
v -47.58703995 112.75471497 38.23155975
v -55.69398499 113.22467804 38.23155975
v -47.58703995 112.75471497 38.23155975
v -95.99237823 115.90278625 38.44390488
v -88.12177277 115.10451508 38.23155975
v -88.14408875 114.71958160 38.11754227
v -80.03713989 114.24962616 38.11754227
v -88.12177277 115.10451508 38.23155975
v -80.03713989 114.24962616 38.11754227
v -80.01482391 114.63455200 38.23155975
v 1.07439792 110.27582550 38.44390488
v -31.37314796 111.81479645 38.23155975
v -23.26620102 111.34484100 38.23155975
v -23.26620102 111.34484100 38.23155975
v -31.37314796 111.81479645 38.23155975
v -23.28851509 110.95990753 38.11754227
v -95.99237823 115.90278625 38.44390488
v -63.80093384 113.69463348 38.23155975
v -55.69398499 113.22467804 38.23155975
v -55.69398499 113.22467804 38.23155975
v -63.80093384 113.69463348 38.23155975
v -55.71630096 112.83974457 38.11754227
v 1.08146310 110.39769745 38.50462723
v -1.85995448 110.56821442 38.50462723
v 1.07439792 110.27582550 38.44390488
v 1.07439792 110.27582550 38.44390488
v -1.85995448 110.56821442 38.50462723
v -4.80137205 110.73872375 38.50462723
v 1.07439792 110.27582550 38.44390488
v -4.80137205 110.73872375 38.50462723
v -7.74278975 110.90924072 38.50462723
v -7.74278975 110.90924072 38.50462723
v -4.80137205 110.73872375 38.50462723
v -7.73489857 111.04535675 38.50504684
v -7.74278975 110.90924072 38.50462723
v -7.73489857 111.04535675 38.50504684
v -10.67631626 111.21587372 38.50504684
v -10.67631626 111.21587372 38.50504684
v -7.73489857 111.04535675 38.50504684
v -10.66922951 111.33811951 38.44507217
v -10.67631626 111.21587372 38.50504684
v -10.66922951 111.33811951 38.44507217
v -13.61064720 111.50863647 38.44507217
v -13.61064720 111.50863647 38.44507217
v -10.66922951 111.33811951 38.44507217
v 1.10125887 110.73918152 38.33709717
v -13.61064720 111.50863647 38.44507217
v 1.10125887 110.73918152 38.33709717
v -16.55206490 111.67914581 38.44507217
v -16.55206490 111.67914581 38.44507217
v 1.10125887 110.73918152 38.33709717
v -19.49348259 111.84966278 38.44507217
v -16.55206490 111.67914581 38.44507217
v -19.49348259 111.84966278 38.44507217
v -16.55915070 111.55690002 38.50504684
v -16.55915070 111.55690002 38.50504684
v -19.49348259 111.84966278 38.44507217
v -19.50056839 111.72741699 38.50504684
v -16.55915070 111.55690002 38.50504684
v -19.50056839 111.72741699 38.50504684
v -16.56704140 111.42078400 38.50462723
v -16.56704140 111.42078400 38.50462723
v -19.50056839 111.72741699 38.50504684
v -19.50845909 111.59129333 38.50462723
v -16.56704140 111.42078400 38.50462723
v -19.50845909 111.59129333 38.50462723
v 1.07439792 110.27582550 38.44390488
v 1.07439792 110.27582550 38.44390488
v -19.50845909 111.59129333 38.50462723
v -22.44987679 111.76181030 38.50462723
v 1.07439792 110.27582550 38.44390488
v -22.44987679 111.76181030 38.50462723
v -25.39129448 111.93232727 38.50462723
v -25.39129448 111.93232727 38.50462723
v -22.44987679 111.76181030 38.50462723
v -25.38340378 112.06844330 38.50504684
v -25.39129448 111.93232727 38.50462723
v -25.38340378 112.06844330 38.50504684
v -28.32482147 112.23896027 38.50504684
v -28.32482147 112.23896027 38.50504684
v -25.38340378 112.06844330 38.50504684
v -28.31773567 112.36120605 38.44507217
v -28.32482147 112.23896027 38.50504684
v -28.31773567 112.36120605 38.44507217
v -31.25915337 112.53171539 38.44507217
v -31.25915337 112.53171539 38.44507217
v -28.31773567 112.36120605 38.44507217
v 1.10125887 110.73918152 38.33709717
v -31.25915337 112.53171539 38.44507217
v 1.10125887 110.73918152 38.33709717
v -34.20056915 112.70223236 38.44507217
v -34.20056915 112.70223236 38.44507217
v 1.10125887 110.73918152 38.33709717
v -37.14198685 112.87274170 38.44507217
v -34.20056915 112.70223236 38.44507217
v -37.14198685 112.87274170 38.44507217
v -34.20765686 112.57998657 38.50504684
v -34.20765686 112.57998657 38.50504684
v -37.14198685 112.87274170 38.44507217
v -37.14907455 112.75049591 38.50504684
v -34.20765686 112.57998657 38.50504684
v -37.14907455 112.75049591 38.50504684
v -34.21554947 112.44386292 38.50462723
v -34.21554947 112.44386292 38.50462723
v -37.14907455 112.75049591 38.50504684
v -37.15696716 112.61437988 38.50462723
v -34.21554947 112.44386292 38.50462723
v -37.15696716 112.61437988 38.50462723
v 1.07439792 110.27582550 38.44390488
v 1.07439792 110.27582550 38.44390488
v -37.15696716 112.61437988 38.50462723
v -40.09838104 112.78489685 38.50462723
v 1.07439792 110.27582550 38.44390488
v -40.09838104 112.78489685 38.50462723
v -43.03979874 112.95540619 38.50462723
v -43.03979874 112.95540619 38.50462723
v -40.09838104 112.78489685 38.50462723
v -43.03190994 113.09152985 38.50504684
v -43.03979874 112.95540619 38.50462723
v -43.03190994 113.09152985 38.50504684
v -45.97332764 113.26203918 38.50504684
v -45.97332764 113.26203918 38.50504684
v -43.03190994 113.09152985 38.50504684
v -45.96623993 113.38428497 38.44507217
v -45.97332764 113.26203918 38.50504684
v -45.96623993 113.38428497 38.44507217
v -48.90765762 113.55480194 38.44507217
v -48.90765762 113.55480194 38.44507217
v -45.96623993 113.38428497 38.44507217
v -95.18377686 116.32082367 38.33709717
v -48.90765762 113.55480194 38.44507217
v -95.18377686 116.32082367 38.33709717
v -51.84907532 113.72531128 38.44507217
v -51.84907532 113.72531128 38.44507217
v -95.18377686 116.32082367 38.33709717
v -54.79049301 113.89582825 38.44507217
v -51.84907532 113.72531128 38.44507217
v -54.79049301 113.89582825 38.44507217
v -51.85616302 113.60306549 38.50504684
v -51.85616302 113.60306549 38.50504684
v -54.79049301 113.89582825 38.44507217
v -54.79758072 113.77358246 38.50504684
v -51.85616302 113.60306549 38.50504684
v -54.79758072 113.77358246 38.50504684
v -51.86405182 113.46694946 38.50462723
v -51.86405182 113.46694946 38.50462723
v -54.79758072 113.77358246 38.50504684
v -54.80546951 113.63746643 38.50462723
v -51.86405182 113.46694946 38.50462723
v -54.80546951 113.63746643 38.50462723
v -95.99237823 115.90278625 38.44390488
v -95.99237823 115.90278625 38.44390488
v -54.80546951 113.63746643 38.50462723
v -57.74688721 113.80797577 38.50462723
v -95.99237823 115.90278625 38.44390488
v -57.74688721 113.80797577 38.50462723
v -60.68830490 113.97849274 38.50462723
v -60.68830490 113.97849274 38.50462723
v -57.74688721 113.80797577 38.50462723
v -60.68041611 114.11460876 38.50504684
v -60.68830490 113.97849274 38.50462723
v -60.68041611 114.11460876 38.50504684
v -63.62183380 114.28512573 38.50504684
v -63.62183380 114.28512573 38.50504684
v -60.68041611 114.11460876 38.50504684
v -63.61474609 114.40737152 38.44507217
v -63.62183380 114.28512573 38.50504684
v -63.61474609 114.40737152 38.44507217
v -66.55615997 114.57788086 38.44507217
v -66.55615997 114.57788086 38.44507217
v -63.61474609 114.40737152 38.44507217
v -95.18377686 116.32082367 38.33709717
v -66.55615997 114.57788086 38.44507217
v -95.18377686 116.32082367 38.33709717
v -69.49758148 114.74839783 38.44507217
v -69.49758148 114.74839783 38.44507217
v -95.18377686 116.32082367 38.33709717
v -72.43899536 114.91891479 38.44507217
v -69.49758148 114.74839783 38.44507217
v -72.43899536 114.91891479 38.44507217
v -69.50466919 114.62615204 38.50504684
v -69.50466919 114.62615204 38.50504684
v -72.43899536 114.91891479 38.44507217
v -72.44608307 114.79666901 38.50504684
v -69.50466919 114.62615204 38.50504684
v -72.44608307 114.79666901 38.50504684
v -69.51255798 114.49003601 38.50462723
v -69.51255798 114.49003601 38.50462723
v -72.44608307 114.79666901 38.50504684
v -72.45397949 114.66054535 38.50462723
v -69.51255798 114.49003601 38.50462723
v -72.45397949 114.66054535 38.50462723
v -95.99237823 115.90278625 38.44390488
v -95.99237823 115.90278625 38.44390488
v -72.45397949 114.66054535 38.50462723
v -75.39539337 114.83106232 38.50462723
v -95.99237823 115.90278625 38.44390488
v -75.39539337 114.83106232 38.50462723
v -78.33681488 115.00157166 38.50462723
v -78.33681488 115.00157166 38.50462723
v -75.39539337 114.83106232 38.50462723
v -78.32891846 115.13769531 38.50504684
v -78.33681488 115.00157166 38.50462723
v -78.32891846 115.13769531 38.50504684
v -81.27033997 115.30820465 38.50504684
v -81.27033997 115.30820465 38.50504684
v -78.32891846 115.13769531 38.50504684
v -81.26325226 115.43045044 38.44507217
v -81.27033997 115.30820465 38.50504684
v -81.26325226 115.43045044 38.44507217
v -84.20466614 115.60096741 38.44507217
v -84.20466614 115.60096741 38.44507217
v -81.26325226 115.43045044 38.44507217
v -95.18377686 116.32082367 38.33709717
v -84.20466614 115.60096741 38.44507217
v -95.18377686 116.32082367 38.33709717
v -87.14608765 115.77148438 38.44507217
v -87.14608765 115.77148438 38.44507217
v -95.18377686 116.32082367 38.33709717
v -90.08750153 115.94199371 38.44507217
v -87.14608765 115.77148438 38.44507217
v -90.08750153 115.94199371 38.44507217
v -87.15317535 115.64923859 38.50504684
v -87.15317535 115.64923859 38.50504684
v -90.08750153 115.94199371 38.44507217
v -90.09458923 115.81974792 38.50504684
v -87.15317535 115.64923859 38.50504684
v -90.09458923 115.81974792 38.50504684
v -87.16106415 115.51311493 38.50462723
v -87.16106415 115.51311493 38.50462723
v -90.09458923 115.81974792 38.50504684
v -90.10247803 115.68363190 38.50462723
v -87.16106415 115.51311493 38.50462723
v -90.10247803 115.68363190 38.50462723
v -95.99237823 115.90278625 38.44390488
v -95.99237823 115.90278625 38.44390488
v -90.10247803 115.68363190 38.50462723
v -93.04389954 115.85414124 38.50462723
v -95.99237823 115.90278625 38.44390488
v -93.04389954 115.85414124 38.50462723
v -95.81614685 116.04534912 38.51024628
v -95.81614685 116.04534912 38.51024628
v -93.04389954 115.85414124 38.50462723
v -93.03601074 115.99026489 38.50504684
v -95.81614685 116.04534912 38.51024628
v -93.03601074 115.99026489 38.50504684
v -95.61487579 116.17050934 38.49624634
v -95.61487579 116.17050934 38.49624634
v -93.03601074 115.99026489 38.50504684
v -93.02892303 116.11251068 38.44507217
v -95.61487579 116.17050934 38.49624634
v -93.02892303 116.11251068 38.44507217
v -95.39864349 116.26506042 38.43162537
v -95.39864349 116.26506042 38.43162537
v -93.02892303 116.11251068 38.44507217
v -95.18377686 116.32082367 38.33709717
v -95.18377686 116.32082367 38.33709717
v -93.02892303 116.11251068 38.44507217
v -90.08750153 115.94199371 38.44507217
v -1.85995448 110.56821442 38.50462723
v 1.08146310 110.39769745 38.50462723
v -1.85206366 110.70433044 38.50504684
v -1.85206366 110.70433044 38.50504684
v 1.08146310 110.39769745 38.50462723
v 1.08935392 110.53382111 38.50504684
v -1.85206366 110.70433044 38.50504684
v 1.08935392 110.53382111 38.50504684
v -1.84497714 110.82657623 38.44507217
v -1.84497714 110.82657623 38.44507217
v 1.08935392 110.53382111 38.50504684
v 1.09644043 110.65606689 38.44507217
v -1.84497714 110.82657623 38.44507217
v 1.09644043 110.65606689 38.44507217
v 1.10125887 110.73918152 38.33709717
v -95.18377686 116.32082367 38.33709717
v -45.96623993 113.38428497 38.44507217
v 1.10125887 110.73918152 38.33709717
v 1.10125887 110.73918152 38.33709717
v -45.96623993 113.38428497 38.44507217
v -43.02482224 113.21377563 38.44507217
v 1.10125887 110.73918152 38.33709717
v -43.02482224 113.21377563 38.44507217
v -40.08340454 113.04325867 38.44507217
v -40.08340454 113.04325867 38.44507217
v -43.02482224 113.21377563 38.44507217
v -40.09049225 112.92101288 38.50504684
v -40.08340454 113.04325867 38.44507217
v -40.09049225 112.92101288 38.50504684
v -37.14907455 112.75049591 38.50504684
v -37.14907455 112.75049591 38.50504684
v -40.09049225 112.92101288 38.50504684
v -37.15696716 112.61437988 38.50462723
v -51.86405182 113.46694946 38.50462723
v -95.99237823 115.90278625 38.44390488
v -48.92263412 113.29643250 38.50462723
v -48.92263412 113.29643250 38.50462723
v -95.99237823 115.90278625 38.44390488
v 1.07439792 110.27582550 38.44390488
v -48.92263412 113.29643250 38.50462723
v 1.07439792 110.27582550 38.44390488
v -45.98121643 113.12592316 38.50462723
v -45.98121643 113.12592316 38.50462723
v 1.07439792 110.27582550 38.44390488
v -43.03979874 112.95540619 38.50462723
v -45.98121643 113.12592316 38.50462723
v -43.03979874 112.95540619 38.50462723
v -45.97332764 113.26203918 38.50504684
v -4.80137205 110.73872375 38.50462723
v -1.85995448 110.56821442 38.50462723
v -4.79348135 110.87484741 38.50504684
v -4.79348135 110.87484741 38.50504684
v -1.85995448 110.56821442 38.50462723
v -1.85206366 110.70433044 38.50504684
v -4.79348135 110.87484741 38.50504684
v -1.85206366 110.70433044 38.50504684
v -4.78639460 110.99709320 38.44507217
v -4.78639460 110.99709320 38.44507217
v -1.85206366 110.70433044 38.50504684
v -1.84497714 110.82657623 38.44507217
v -4.78639460 110.99709320 38.44507217
v -1.84497714 110.82657623 38.44507217
v 1.10125887 110.73918152 38.33709717
v -7.74278975 110.90924072 38.50462723
v -10.68420696 111.07975769 38.50462723
v 1.07439792 110.27582550 38.44390488
v 1.07439792 110.27582550 38.44390488
v -10.68420696 111.07975769 38.50462723
v -13.62562466 111.25026703 38.50462723
v 1.07439792 110.27582550 38.44390488
v -13.62562466 111.25026703 38.50462723
v -16.56704140 111.42078400 38.50462723
v -16.56704140 111.42078400 38.50462723
v -13.62562466 111.25026703 38.50462723
v -16.55915070 111.55690002 38.50504684
v -7.74278975 110.90924072 38.50462723
v -10.67631626 111.21587372 38.50504684
v -10.68420696 111.07975769 38.50462723
v -10.68420696 111.07975769 38.50462723
v -10.67631626 111.21587372 38.50504684
v -13.61773396 111.38639069 38.50504684
v -10.68420696 111.07975769 38.50462723
v -13.61773396 111.38639069 38.50504684
v -13.62562466 111.25026703 38.50462723
v -13.62562466 111.25026703 38.50462723
v -13.61773396 111.38639069 38.50504684
v -16.55915070 111.55690002 38.50504684
v -22.44987679 111.76181030 38.50462723
v -19.50845909 111.59129333 38.50462723
v -22.44198608 111.89792633 38.50504684
v -22.44198608 111.89792633 38.50504684
v -19.50845909 111.59129333 38.50462723
v -19.50056839 111.72741699 38.50504684
v -22.44198608 111.89792633 38.50504684
v -19.50056839 111.72741699 38.50504684
v -22.43490028 112.02017212 38.44507217
v -22.43490028 112.02017212 38.44507217
v -19.50056839 111.72741699 38.50504684
v -19.49348259 111.84966278 38.44507217
v -22.43490028 112.02017212 38.44507217
v -19.49348259 111.84966278 38.44507217
v 1.10125887 110.73918152 38.33709717
v -25.39129448 111.93232727 38.50462723
v -28.33271217 112.10283661 38.50462723
v 1.07439792 110.27582550 38.44390488
v 1.07439792 110.27582550 38.44390488
v -28.33271217 112.10283661 38.50462723
v -31.27412987 112.27335358 38.50462723
v 1.07439792 110.27582550 38.44390488
v -31.27412987 112.27335358 38.50462723
v -34.21554947 112.44386292 38.50462723
v -34.21554947 112.44386292 38.50462723
v -31.27412987 112.27335358 38.50462723
v -34.20765686 112.57998657 38.50504684
v -25.39129448 111.93232727 38.50462723
v -28.32482147 112.23896027 38.50504684
v -28.33271217 112.10283661 38.50462723
v -28.33271217 112.10283661 38.50462723
v -28.32482147 112.23896027 38.50504684
v -31.26623917 112.40946960 38.50504684
v -28.33271217 112.10283661 38.50462723
v -31.26623917 112.40946960 38.50504684
v -31.27412987 112.27335358 38.50462723
v -31.27412987 112.27335358 38.50462723
v -31.26623917 112.40946960 38.50504684
v -34.20765686 112.57998657 38.50504684
v -43.03190994 113.09152985 38.50504684
v -40.09838104 112.78489685 38.50462723
v -40.09049225 112.92101288 38.50504684
v -40.09049225 112.92101288 38.50504684
v -40.09838104 112.78489685 38.50462723
v -37.15696716 112.61437988 38.50462723
v -51.85616302 113.60306549 38.50504684
v -51.86405182 113.46694946 38.50462723
v -48.92263412 113.29643250 38.50462723
v -48.92263412 113.29643250 38.50462723
v -45.98121643 113.12592316 38.50462723
v -48.91474533 113.43255615 38.50504684
v -48.91474533 113.43255615 38.50504684
v -45.98121643 113.12592316 38.50462723
v -45.97332764 113.26203918 38.50504684
v -48.91474533 113.43255615 38.50504684
v -45.97332764 113.26203918 38.50504684
v -48.90765762 113.55480194 38.44507217
v -57.74688721 113.80797577 38.50462723
v -54.80546951 113.63746643 38.50462723
v -57.73899841 113.94409943 38.50504684
v -57.73899841 113.94409943 38.50504684
v -54.80546951 113.63746643 38.50462723
v -54.79758072 113.77358246 38.50504684
v -57.73899841 113.94409943 38.50504684
v -54.79758072 113.77358246 38.50504684
v -57.73191071 114.06634521 38.44507217
v -57.73191071 114.06634521 38.44507217
v -54.79758072 113.77358246 38.50504684
v -54.79049301 113.89582825 38.44507217
v -57.73191071 114.06634521 38.44507217
v -54.79049301 113.89582825 38.44507217
v -95.18377686 116.32082367 38.33709717
v -60.68830490 113.97849274 38.50462723
v -63.62972260 114.14900208 38.50462723
v -95.99237823 115.90278625 38.44390488
v -95.99237823 115.90278625 38.44390488
v -63.62972260 114.14900208 38.50462723
v -66.57114410 114.31951904 38.50462723
v -95.99237823 115.90278625 38.44390488
v -66.57114410 114.31951904 38.50462723
v -69.51255798 114.49003601 38.50462723
v -69.51255798 114.49003601 38.50462723
v -66.57114410 114.31951904 38.50462723
v -69.50466919 114.62615204 38.50504684
v -60.68830490 113.97849274 38.50462723
v -63.62183380 114.28512573 38.50504684
v -63.62972260 114.14900208 38.50462723
v -63.62972260 114.14900208 38.50462723
v -63.62183380 114.28512573 38.50504684
v -66.56324768 114.45563507 38.50504684
v -63.62972260 114.14900208 38.50462723
v -66.56324768 114.45563507 38.50504684
v -66.57114410 114.31951904 38.50462723
v -66.57114410 114.31951904 38.50462723
v -66.56324768 114.45563507 38.50504684
v -69.50466919 114.62615204 38.50504684
v -75.39539337 114.83106232 38.50462723
v -72.45397949 114.66054535 38.50462723
v -75.38750458 114.96717834 38.50504684
v -75.38750458 114.96717834 38.50504684
v -72.45397949 114.66054535 38.50462723
v -72.44608307 114.79666901 38.50504684
v -75.38750458 114.96717834 38.50504684
v -72.44608307 114.79666901 38.50504684
v -75.38041687 115.08942413 38.44507217
v -75.38041687 115.08942413 38.44507217
v -72.44608307 114.79666901 38.50504684
v -72.43899536 114.91891479 38.44507217
v -75.38041687 115.08942413 38.44507217
v -72.43899536 114.91891479 38.44507217
v -95.18377686 116.32082367 38.33709717
v -78.33681488 115.00157166 38.50462723
v -81.27822876 115.17208862 38.50462723
v -95.99237823 115.90278625 38.44390488
v -95.99237823 115.90278625 38.44390488
v -81.27822876 115.17208862 38.50462723
v -84.21964264 115.34260559 38.50462723
v -95.99237823 115.90278625 38.44390488
v -84.21964264 115.34260559 38.50462723
v -87.16106415 115.51311493 38.50462723
v -87.16106415 115.51311493 38.50462723
v -84.21964264 115.34260559 38.50462723
v -87.15317535 115.64923859 38.50504684
v -78.33681488 115.00157166 38.50462723
v -81.27033997 115.30820465 38.50504684
v -81.27822876 115.17208862 38.50462723
v -81.27822876 115.17208862 38.50462723
v -81.27033997 115.30820465 38.50504684
v -84.21175385 115.47872162 38.50504684
v -81.27822876 115.17208862 38.50462723
v -84.21175385 115.47872162 38.50504684
v -84.21964264 115.34260559 38.50462723
v -84.21964264 115.34260559 38.50462723
v -84.21175385 115.47872162 38.50504684
v -87.15317535 115.64923859 38.50504684
v -93.03601074 115.99026489 38.50504684
v -93.04389954 115.85414124 38.50462723
v -90.10247803 115.68363190 38.50462723
v -93.03601074 115.99026489 38.50504684
v -90.10247803 115.68363190 38.50462723
v -90.09458923 115.81974792 38.50504684
v -4.80137205 110.73872375 38.50462723
v -4.79348135 110.87484741 38.50504684
v -7.73489857 111.04535675 38.50504684
v -7.73489857 111.04535675 38.50504684
v -4.79348135 110.87484741 38.50504684
v -7.72781229 111.16760254 38.44507217
v -7.73489857 111.04535675 38.50504684
v -7.72781229 111.16760254 38.44507217
v -10.66922951 111.33811951 38.44507217
v -10.66922951 111.33811951 38.44507217
v -7.72781229 111.16760254 38.44507217
v 1.10125887 110.73918152 38.33709717
v -7.72781229 111.16760254 38.44507217
v -4.79348135 110.87484741 38.50504684
v -4.78639460 110.99709320 38.44507217
v -16.55206490 111.67914581 38.44507217
v -16.55915070 111.55690002 38.50504684
v -13.61773396 111.38639069 38.50504684
v -16.55206490 111.67914581 38.44507217
v -13.61773396 111.38639069 38.50504684
v -13.61064720 111.50863647 38.44507217
v -13.61064720 111.50863647 38.44507217
v -13.61773396 111.38639069 38.50504684
v -10.67631626 111.21587372 38.50504684
v -22.44987679 111.76181030 38.50462723
v -22.44198608 111.89792633 38.50504684
v -25.38340378 112.06844330 38.50504684
v -25.38340378 112.06844330 38.50504684
v -22.44198608 111.89792633 38.50504684
v -25.37631798 112.19068909 38.44507217
v -25.38340378 112.06844330 38.50504684
v -25.37631798 112.19068909 38.44507217
v -28.31773567 112.36120605 38.44507217
v -28.31773567 112.36120605 38.44507217
v -25.37631798 112.19068909 38.44507217
v 1.10125887 110.73918152 38.33709717
v -25.37631798 112.19068909 38.44507217
v -22.44198608 111.89792633 38.50504684
v -22.43490028 112.02017212 38.44507217
v -34.20056915 112.70223236 38.44507217
v -34.20765686 112.57998657 38.50504684
v -31.26623917 112.40946960 38.50504684
v -34.20056915 112.70223236 38.44507217
v -31.26623917 112.40946960 38.50504684
v -31.25915337 112.53171539 38.44507217
v -31.25915337 112.53171539 38.44507217
v -31.26623917 112.40946960 38.50504684
v -28.32482147 112.23896027 38.50504684
v -40.08340454 113.04325867 38.44507217
v -37.14907455 112.75049591 38.50504684
v -37.14198685 112.87274170 38.44507217
v -45.96623993 113.38428497 38.44507217
v -43.03190994 113.09152985 38.50504684
v -43.02482224 113.21377563 38.44507217
v -43.02482224 113.21377563 38.44507217
v -43.03190994 113.09152985 38.50504684
v -40.09049225 112.92101288 38.50504684
v -51.84907532 113.72531128 38.44507217
v -51.85616302 113.60306549 38.50504684
v -48.91474533 113.43255615 38.50504684
v -48.91474533 113.43255615 38.50504684
v -51.85616302 113.60306549 38.50504684
v -48.92263412 113.29643250 38.50462723
v -51.84907532 113.72531128 38.44507217
v -48.91474533 113.43255615 38.50504684
v -48.90765762 113.55480194 38.44507217
v -57.74688721 113.80797577 38.50462723
v -57.73899841 113.94409943 38.50504684
v -60.68041611 114.11460876 38.50504684
v -60.68041611 114.11460876 38.50504684
v -57.73899841 113.94409943 38.50504684
v -60.67332840 114.23685455 38.44507217
v -60.68041611 114.11460876 38.50504684
v -60.67332840 114.23685455 38.44507217
v -63.61474609 114.40737152 38.44507217
v -63.61474609 114.40737152 38.44507217
v -60.67332840 114.23685455 38.44507217
v -95.18377686 116.32082367 38.33709717
v -60.67332840 114.23685455 38.44507217
v -57.73899841 113.94409943 38.50504684
v -57.73191071 114.06634521 38.44507217
v -69.49758148 114.74839783 38.44507217
v -69.50466919 114.62615204 38.50504684
v -66.56324768 114.45563507 38.50504684
v -69.49758148 114.74839783 38.44507217
v -66.56324768 114.45563507 38.50504684
v -66.55615997 114.57788086 38.44507217
v -66.55615997 114.57788086 38.44507217
v -66.56324768 114.45563507 38.50504684
v -63.62183380 114.28512573 38.50504684
v -75.39539337 114.83106232 38.50462723
v -75.38750458 114.96717834 38.50504684
v -78.32891846 115.13769531 38.50504684
v -78.32891846 115.13769531 38.50504684
v -75.38750458 114.96717834 38.50504684
v -78.32183075 115.25994110 38.44507217
v -78.32891846 115.13769531 38.50504684
v -78.32183075 115.25994110 38.44507217
v -81.26325226 115.43045044 38.44507217
v -81.26325226 115.43045044 38.44507217
v -78.32183075 115.25994110 38.44507217
v -95.18377686 116.32082367 38.33709717
v -78.32183075 115.25994110 38.44507217
v -75.38750458 114.96717834 38.50504684
v -75.38041687 115.08942413 38.44507217
v -87.14608765 115.77148438 38.44507217
v -87.15317535 115.64923859 38.50504684
v -84.21175385 115.47872162 38.50504684
v -87.14608765 115.77148438 38.44507217
v -84.21175385 115.47872162 38.50504684
v -84.20466614 115.60096741 38.44507217
v -84.20466614 115.60096741 38.44507217
v -84.21175385 115.47872162 38.50504684
v -81.27033997 115.30820465 38.50504684
v -93.02892303 116.11251068 38.44507217
v -93.03601074 115.99026489 38.50504684
v -90.09458923 115.81974792 38.50504684
v -93.02892303 116.11251068 38.44507217
v -90.09458923 115.81974792 38.50504684
v -90.08750153 115.94199371 38.44507217
v 1.10125887 110.73918152 38.33709717
v -7.72781229 111.16760254 38.44507217
v -4.78639460 110.99709320 38.44507217
v 1.10125887 110.73918152 38.33709717
v -25.37631798 112.19068909 38.44507217
v -22.43490028 112.02017212 38.44507217
v 1.10125887 110.73918152 38.33709717
v -40.08340454 113.04325867 38.44507217
v -37.14198685 112.87274170 38.44507217
v -95.18377686 116.32082367 38.33709717
v -60.67332840 114.23685455 38.44507217
v -57.73191071 114.06634521 38.44507217
v -95.18377686 116.32082367 38.33709717
v -78.32183075 115.25994110 38.44507217
v -75.38041687 115.08942413 38.44507217
v -96.16801453 115.66505432 26.72217941
v -96.09754181 116.24166870 27.77298355
v -95.99237823 115.90278625 26.55609322
v -95.99237823 115.90278625 26.55609322
v -96.09754181 116.24166870 27.77298355
v -95.97605133 116.39622498 27.67798233
v -95.99237823 115.90278625 26.55609322
v -95.97605133 116.39622498 27.67798233
v -95.82518005 116.51596069 27.59118080
v -96.09754181 116.24166870 27.77298355
v -96.16801453 115.66505432 26.72217941
v -96.17759705 116.05950165 27.86492920
v -96.17759705 116.05950165 27.86492920
v -96.16801453 115.66505432 26.72217941
v -96.21810913 115.51899719 26.79144478
v -96.17759705 116.05950165 27.86492920
v -96.21810913 115.51899719 26.79144478
v -96.21191406 115.86440277 27.94391060
v -96.21191406 115.86440277 27.94391060
v -96.21810913 115.51899719 26.79144478
v -96.24090576 115.36427307 26.84463882
v -95.99237823 115.90278625 26.55609322
v -95.82518005 116.51596069 27.59118080
v -95.81626129 116.04526520 26.48976707
v -95.81626129 116.04526520 26.48976707
v -95.82518005 116.51596069 27.59118080
v -95.67159271 116.58573914 27.50764084
v -95.81626129 116.04526520 26.48976707
v -95.67159271 116.58573914 27.50764084
v -95.61495972 116.17045593 26.50373650
v -95.61495972 116.17045593 26.50373650
v -95.67159271 116.58573914 27.50764084
v -95.50633240 116.61566925 27.41077232
v -95.61495972 116.17045593 26.50373650
v -95.50633240 116.61566925 27.41077232
v -95.39868927 116.26504517 26.56835747
v -95.39868927 116.26504517 26.56835747
v -95.50633240 116.61566925 27.41077232
v -95.16899109 116.57579041 27.22330856
v -95.39868927 116.26504517 26.56835747
v -95.16899109 116.57579041 27.22330856
v -95.18377686 116.32082367 26.66290474
v 1.10125887 110.73918152 38.33709717
v 1.11603904 110.99414825 37.77669144
v -95.18377686 116.32082367 38.33709717
v -95.18377686 116.32082367 38.33709717
v 1.11603904 110.99414825 37.77669144
v -95.16899109 116.57579041 37.77669144
v 1.11759424 111.02097321 37.64312744
v -1.81984723 111.19125366 37.64312744
v 1.11603904 110.99414825 37.77669144
v 1.11603904 110.99414825 37.77669144
v -1.81984723 111.19125366 37.64312744
v -4.75728846 111.36154175 37.64312744
v 1.11603904 110.99414825 37.77669144
v -4.75728846 111.36154175 37.64312744
v -7.69473028 111.53182220 37.64312744
v -7.69473028 111.53182220 37.64312744
v -4.75728846 111.36154175 37.64312744
v -7.69675398 111.49691010 37.51145172
v -7.69473028 111.53182220 37.64312744
v -7.69675398 111.49691010 37.51145172
v -10.63419533 111.66719055 37.51145172
v -10.63419533 111.66719055 37.51145172
v -7.69675398 111.49691010 37.51145172
v 1.11038470 110.89660645 37.40882111
v -10.63419533 111.66719055 37.51145172
v 1.11038470 110.89660645 37.40882111
v -13.57163715 111.83747864 37.51145172
v -13.57163715 111.83747864 37.51145172
v 1.11038470 110.89660645 37.40882111
v -16.50907898 112.00775909 37.51145172
v -13.57163715 111.83747864 37.51145172
v -16.50907898 112.00775909 37.51145172
v -13.56961250 111.87239075 37.64312744
v -13.56961250 111.87239075 37.64312744
v -16.50907898 112.00775909 37.51145172
v -16.50705528 112.04267120 37.64312744
v -13.56961250 111.87239075 37.64312744
v -16.50705528 112.04267120 37.64312744
v 1.11603904 110.99414825 37.77669144
v 1.11603904 110.99414825 37.77669144
v -16.50705528 112.04267120 37.64312744
v -19.44449615 112.21295929 37.64312744
v 1.11603904 110.99414825 37.77669144
v -19.44449615 112.21295929 37.64312744
v -22.38193703 112.38323975 37.64312744
v -22.38193703 112.38323975 37.64312744
v -19.44449615 112.21295929 37.64312744
v -22.38396072 112.34832764 37.51145172
v -22.38193703 112.38323975 37.64312744
v -22.38396072 112.34832764 37.51145172
v -25.32140160 112.51860809 37.51145172
v -25.32140160 112.51860809 37.51145172
v -22.38396072 112.34832764 37.51145172
v 1.11038470 110.89660645 37.40882111
v -25.32140160 112.51860809 37.51145172
v 1.11038470 110.89660645 37.40882111
v -28.25884438 112.68889618 37.51145172
v -28.25884438 112.68889618 37.51145172
v 1.11038470 110.89660645 37.40882111
v -31.19628525 112.85917664 37.51145172
v -28.25884438 112.68889618 37.51145172
v -31.19628525 112.85917664 37.51145172
v -28.25682068 112.72380829 37.64312744
v -28.25682068 112.72380829 37.64312744
v -31.19628525 112.85917664 37.51145172
v -31.19426155 112.89408875 37.64312744
v -28.25682068 112.72380829 37.64312744
v -31.19426155 112.89408875 37.64312744
v 1.11603904 110.99414825 37.77669144
v 1.11603904 110.99414825 37.77669144
v -31.19426155 112.89408875 37.64312744
v -34.13170242 113.06437683 37.64312744
v 1.11603904 110.99414825 37.77669144
v -34.13170242 113.06437683 37.64312744
v -37.06914520 113.23465729 37.64312744
v -37.06914520 113.23465729 37.64312744
v -34.13170242 113.06437683 37.64312744
v -37.07116699 113.19974518 37.51145172
v -37.06914520 113.23465729 37.64312744
v -37.07116699 113.19974518 37.51145172
v -40.00860977 113.37002563 37.51145172
v -40.00860977 113.37002563 37.51145172
v -37.07116699 113.19974518 37.51145172
v 1.11038470 110.89660645 37.40882111
v -40.00860977 113.37002563 37.51145172
v 1.11038470 110.89660645 37.40882111
v -42.94605255 113.54031372 37.51145172
v -42.94605255 113.54031372 37.51145172
v 1.11038470 110.89660645 37.40882111
v -45.88349152 113.71059418 37.51145172
v -42.94605255 113.54031372 37.51145172
v -45.88349152 113.71059418 37.51145172
v -42.94402695 113.57522583 37.64312744
v -42.94402695 113.57522583 37.64312744
v -45.88349152 113.71059418 37.51145172
v -45.88146973 113.74550629 37.64312744
v -42.94402695 113.57522583 37.64312744
v -45.88146973 113.74550629 37.64312744
v 1.11603904 110.99414825 37.77669144
v 1.11603904 110.99414825 37.77669144
v -45.88146973 113.74550629 37.64312744
v -95.16899109 116.57579041 37.77669144
v -95.16899109 116.57579041 37.77669144
v -45.88146973 113.74550629 37.64312744
v -48.81890869 113.91578674 37.64312744
v -95.16899109 116.57579041 37.77669144
v -48.81890869 113.91578674 37.64312744
v -51.75635147 114.08607483 37.64312744
v -51.75635147 114.08607483 37.64312744
v -48.81890869 113.91578674 37.64312744
v -51.75837708 114.05116272 37.51145172
v -51.75635147 114.08607483 37.64312744
v -51.75837708 114.05116272 37.51145172
v -54.69581604 114.22144318 37.51145172
v -54.69581604 114.22144318 37.51145172
v -51.75837708 114.05116272 37.51145172
v -95.82518005 116.51596069 37.40882111
v -54.69581604 114.22144318 37.51145172
v -95.82518005 116.51596069 37.40882111
v -57.63325882 114.39172363 37.51145172
v -57.63325882 114.39172363 37.51145172
v -95.82518005 116.51596069 37.40882111
v -60.57069778 114.56201172 37.51145172
v -57.63325882 114.39172363 37.51145172
v -60.57069778 114.56201172 37.51145172
v -57.63123322 114.42664337 37.64312744
v -57.63123322 114.42664337 37.64312744
v -60.57069778 114.56201172 37.51145172
v -60.56867599 114.59692383 37.64312744
v -57.63123322 114.42664337 37.64312744
v -60.56867599 114.59692383 37.64312744
v -95.16899109 116.57579041 37.77669144
v -95.16899109 116.57579041 37.77669144
v -60.56867599 114.59692383 37.64312744
v -63.50611877 114.76720428 37.64312744
v -95.16899109 116.57579041 37.77669144
v -63.50611877 114.76720428 37.64312744
v -66.44355774 114.93749237 37.64312744
v -66.44355774 114.93749237 37.64312744
v -63.50611877 114.76720428 37.64312744
v -66.44557953 114.90258026 37.51145172
v -66.44355774 114.93749237 37.64312744
v -66.44557953 114.90258026 37.51145172
v -69.38302612 115.07286072 37.51145172
v -69.38302612 115.07286072 37.51145172
v -66.44557953 114.90258026 37.51145172
v -95.82518005 116.51596069 37.40882111
v -69.38302612 115.07286072 37.51145172
v -95.82518005 116.51596069 37.40882111
v -72.32046509 115.24314117 37.51145172
v -72.32046509 115.24314117 37.51145172
v -95.82518005 116.51596069 37.40882111
v -75.25790405 115.41342926 37.51145172
v -72.32046509 115.24314117 37.51145172
v -75.25790405 115.41342926 37.51145172
v -72.31844330 115.27806091 37.64312744
v -72.31844330 115.27806091 37.64312744
v -75.25790405 115.41342926 37.51145172
v -75.25588226 115.44834137 37.64312744
v -72.31844330 115.27806091 37.64312744
v -75.25588226 115.44834137 37.64312744
v -95.16899109 116.57579041 37.77669144
v -95.16899109 116.57579041 37.77669144
v -75.25588226 115.44834137 37.64312744
v -78.19332123 115.61862183 37.64312744
v -95.16899109 116.57579041 37.77669144
v -78.19332123 115.61862183 37.64312744
v -81.13076782 115.78890991 37.64312744
v -81.13076782 115.78890991 37.64312744
v -78.19332123 115.61862183 37.64312744
v -81.13278961 115.75399780 37.51145172
v -81.13076782 115.78890991 37.64312744
v -81.13278961 115.75399780 37.51145172
v -84.07022858 115.92427826 37.51145172
v -84.07022858 115.92427826 37.51145172
v -81.13278961 115.75399780 37.51145172
v -95.82518005 116.51596069 37.40882111
v -84.07022858 115.92427826 37.51145172
v -95.82518005 116.51596069 37.40882111
v -87.00767517 116.09455872 37.51145172
v -87.00767517 116.09455872 37.51145172
v -95.82518005 116.51596069 37.40882111
v -89.94511414 116.26484680 37.51145172
v -87.00767517 116.09455872 37.51145172
v -89.94511414 116.26484680 37.51145172
v -87.00564575 116.12947845 37.64312744
v -87.00564575 116.12947845 37.64312744
v -89.94511414 116.26484680 37.51145172
v -89.94309235 116.29975891 37.64312744
v -87.00564575 116.12947845 37.64312744
v -89.94309235 116.29975891 37.64312744
v -95.16899109 116.57579041 37.77669144
v -95.16899109 116.57579041 37.77669144
v -89.94309235 116.29975891 37.64312744
v -92.88053131 116.47003937 37.64312744
v -95.16899109 116.57579041 37.77669144
v -92.88053131 116.47003937 37.64312744
v -95.50547791 116.61532593 37.58964920
v -95.50547791 116.61532593 37.58964920
v -92.88053131 116.47003937 37.64312744
v -92.88255310 116.43512726 37.51145172
v -95.50547791 116.61532593 37.58964920
v -92.88255310 116.43512726 37.51145172
v -95.66590118 116.58739471 37.49565506
v -95.66590118 116.58739471 37.49565506
v -92.88255310 116.43512726 37.51145172
v -95.82518005 116.51596069 37.40882111
v -95.82518005 116.51596069 37.40882111
v -92.88255310 116.43512726 37.51145172
v -89.94511414 116.26484680 37.51145172
v -1.81984723 111.19125366 37.64312744
v 1.11759424 111.02097321 37.64312744
v -1.82187116 111.15634155 37.51145172
v -1.82187116 111.15634155 37.51145172
v 1.11759424 111.02097321 37.64312744
v 1.11557031 110.98606110 37.51145172
v -1.82187116 111.15634155 37.51145172
v 1.11557031 110.98606110 37.51145172
v 1.11038470 110.89660645 37.40882111
v 1.11038470 110.89660645 37.40882111
v -95.82518005 116.51596069 37.40882111
v -45.88349152 113.71059418 37.51145172
v -45.88349152 113.71059418 37.51145172
v -95.82518005 116.51596069 37.40882111
v -48.82093430 113.88087463 37.51145172
v -45.88349152 113.71059418 37.51145172
v -48.82093430 113.88087463 37.51145172
v -45.88146973 113.74550629 37.64312744
v -45.88146973 113.74550629 37.64312744
v -48.82093430 113.88087463 37.51145172
v -48.81890869 113.91578674 37.64312744
v -4.75728846 111.36154175 37.64312744
v -1.81984723 111.19125366 37.64312744
v -4.75931263 111.32662201 37.51145172
v -4.75931263 111.32662201 37.51145172
v -1.81984723 111.19125366 37.64312744
v -1.82187116 111.15634155 37.51145172
v -4.75931263 111.32662201 37.51145172
v -1.82187116 111.15634155 37.51145172
v 1.11038470 110.89660645 37.40882111
v -13.56961250 111.87239075 37.64312744
v 1.11603904 110.99414825 37.77669144
v -10.63217163 111.70210266 37.64312744
v -10.63217163 111.70210266 37.64312744
v 1.11603904 110.99414825 37.77669144
v -7.69473028 111.53182220 37.64312744
v -10.63217163 111.70210266 37.64312744
v -7.69473028 111.53182220 37.64312744
v -10.63419533 111.66719055 37.51145172
v -13.57163715 111.83747864 37.51145172
v -13.56961250 111.87239075 37.64312744
v -10.63217163 111.70210266 37.64312744
v -13.57163715 111.83747864 37.51145172
v -10.63217163 111.70210266 37.64312744
v -10.63419533 111.66719055 37.51145172
v -19.44449615 112.21295929 37.64312744
v -16.50705528 112.04267120 37.64312744
v -19.44651985 112.17803955 37.51145172
v -19.44651985 112.17803955 37.51145172
v -16.50705528 112.04267120 37.64312744
v -16.50907898 112.00775909 37.51145172
v -19.44651985 112.17803955 37.51145172
v -16.50907898 112.00775909 37.51145172
v 1.11038470 110.89660645 37.40882111
v -28.25682068 112.72380829 37.64312744
v 1.11603904 110.99414825 37.77669144
v -25.31937790 112.55352020 37.64312744
v -25.31937790 112.55352020 37.64312744
v 1.11603904 110.99414825 37.77669144
v -22.38193703 112.38323975 37.64312744
v -25.31937790 112.55352020 37.64312744
v -22.38193703 112.38323975 37.64312744
v -25.32140160 112.51860809 37.51145172
v -28.25884438 112.68889618 37.51145172
v -28.25682068 112.72380829 37.64312744
v -25.31937790 112.55352020 37.64312744
v -28.25884438 112.68889618 37.51145172
v -25.31937790 112.55352020 37.64312744
v -25.32140160 112.51860809 37.51145172
v -34.13170242 113.06437683 37.64312744
v -31.19426155 112.89408875 37.64312744
v -34.13372803 113.02945709 37.51145172
v -34.13372803 113.02945709 37.51145172
v -31.19426155 112.89408875 37.64312744
v -31.19628525 112.85917664 37.51145172
v -34.13372803 113.02945709 37.51145172
v -31.19628525 112.85917664 37.51145172
v 1.11038470 110.89660645 37.40882111
v -42.94402695 113.57522583 37.64312744
v 1.11603904 110.99414825 37.77669144
v -40.00658417 113.40493774 37.64312744
v -40.00658417 113.40493774 37.64312744
v 1.11603904 110.99414825 37.77669144
v -37.06914520 113.23465729 37.64312744
v -40.00658417 113.40493774 37.64312744
v -37.06914520 113.23465729 37.64312744
v -40.00860977 113.37002563 37.51145172
v -42.94605255 113.54031372 37.51145172
v -42.94402695 113.57522583 37.64312744
v -40.00658417 113.40493774 37.64312744
v -42.94605255 113.54031372 37.51145172
v -40.00658417 113.40493774 37.64312744
v -40.00860977 113.37002563 37.51145172
v -51.75837708 114.05116272 37.51145172
v -48.81890869 113.91578674 37.64312744
v -48.82093430 113.88087463 37.51145172
v -57.63123322 114.42664337 37.64312744
v -95.16899109 116.57579041 37.77669144
v -54.69379425 114.25635529 37.64312744
v -54.69379425 114.25635529 37.64312744
v -95.16899109 116.57579041 37.77669144
v -51.75635147 114.08607483 37.64312744
v -54.69379425 114.25635529 37.64312744
v -51.75635147 114.08607483 37.64312744
v -54.69581604 114.22144318 37.51145172
v -57.63325882 114.39172363 37.51145172
v -57.63123322 114.42664337 37.64312744
v -54.69379425 114.25635529 37.64312744
v -57.63325882 114.39172363 37.51145172
v -54.69379425 114.25635529 37.64312744
v -54.69581604 114.22144318 37.51145172
v -63.50611877 114.76720428 37.64312744
v -60.56867599 114.59692383 37.64312744
v -63.50814056 114.73229218 37.51145172
v -63.50814056 114.73229218 37.51145172
v -60.56867599 114.59692383 37.64312744
v -60.57069778 114.56201172 37.51145172
v -63.50814056 114.73229218 37.51145172
v -60.57069778 114.56201172 37.51145172
v -95.82518005 116.51596069 37.40882111
v -72.31844330 115.27806091 37.64312744
v -95.16899109 116.57579041 37.77669144
v -69.38099670 115.10777283 37.64312744
v -69.38099670 115.10777283 37.64312744
v -95.16899109 116.57579041 37.77669144
v -66.44355774 114.93749237 37.64312744
v -69.38099670 115.10777283 37.64312744
v -66.44355774 114.93749237 37.64312744
v -69.38302612 115.07286072 37.51145172
v -72.32046509 115.24314117 37.51145172
v -72.31844330 115.27806091 37.64312744
v -69.38099670 115.10777283 37.64312744
v -72.32046509 115.24314117 37.51145172
v -69.38099670 115.10777283 37.64312744
v -69.38302612 115.07286072 37.51145172
v -78.19332123 115.61862183 37.64312744
v -75.25588226 115.44834137 37.64312744
v -78.19535065 115.58370972 37.51145172
v -78.19535065 115.58370972 37.51145172
v -75.25588226 115.44834137 37.64312744
v -75.25790405 115.41342926 37.51145172
v -78.19535065 115.58370972 37.51145172
v -75.25790405 115.41342926 37.51145172
v -95.82518005 116.51596069 37.40882111
v -87.00564575 116.12947845 37.64312744
v -95.16899109 116.57579041 37.77669144
v -84.06820679 115.95919037 37.64312744
v -84.06820679 115.95919037 37.64312744
v -95.16899109 116.57579041 37.77669144
v -81.13076782 115.78890991 37.64312744
v -84.06820679 115.95919037 37.64312744
v -81.13076782 115.78890991 37.64312744
v -84.07022858 115.92427826 37.51145172
v -87.00767517 116.09455872 37.51145172
v -87.00564575 116.12947845 37.64312744
v -84.06820679 115.95919037 37.64312744
v -87.00767517 116.09455872 37.51145172
v -84.06820679 115.95919037 37.64312744
v -84.07022858 115.92427826 37.51145172
v -92.88255310 116.43512726 37.51145172
v -92.88053131 116.47003937 37.64312744
v -89.94309235 116.29975891 37.64312744
v -92.88255310 116.43512726 37.51145172
v -89.94309235 116.29975891 37.64312744
v -89.94511414 116.26484680 37.51145172
v 1.11038470 110.89660645 37.40882111
v -7.69675398 111.49691010 37.51145172
v -4.75931263 111.32662201 37.51145172
v -4.75931263 111.32662201 37.51145172
v -7.69675398 111.49691010 37.51145172
v -4.75728846 111.36154175 37.64312744
v 1.11038470 110.89660645 37.40882111
v -22.38396072 112.34832764 37.51145172
v -19.44651985 112.17803955 37.51145172
v -19.44651985 112.17803955 37.51145172
v -22.38396072 112.34832764 37.51145172
v -19.44449615 112.21295929 37.64312744
v 1.11038470 110.89660645 37.40882111
v -37.07116699 113.19974518 37.51145172
v -34.13372803 113.02945709 37.51145172
v -34.13372803 113.02945709 37.51145172
v -37.07116699 113.19974518 37.51145172
v -34.13170242 113.06437683 37.64312744
v -95.82518005 116.51596069 37.40882111
v -51.75837708 114.05116272 37.51145172
v -48.82093430 113.88087463 37.51145172
v -95.82518005 116.51596069 37.40882111
v -66.44557953 114.90258026 37.51145172
v -63.50814056 114.73229218 37.51145172
v -63.50814056 114.73229218 37.51145172
v -66.44557953 114.90258026 37.51145172
v -63.50611877 114.76720428 37.64312744
v -95.82518005 116.51596069 37.40882111
v -81.13278961 115.75399780 37.51145172
v -78.19535065 115.58370972 37.51145172
v -78.19535065 115.58370972 37.51145172
v -81.13278961 115.75399780 37.51145172
v -78.19332123 115.61862183 37.64312744
v 1.08152652 110.39879608 37.12493896
v -11.07889271 111.10373688 37.12493896
v 1.11038470 110.89660645 37.40882111
v 1.11038470 110.89660645 37.40882111
v -11.07889271 111.10373688 37.12493896
v -23.23931313 111.80867004 37.12493896
v 1.11038470 110.89660645 37.40882111
v -23.23931313 111.80867004 37.12493896
v -35.39973068 112.51361084 37.12493896
v -35.39973068 112.51361084 37.12493896
v -23.23931313 111.80867004 37.12493896
v -35.43141174 111.96715546 36.95283890
v -35.39973068 112.51361084 37.12493896
v -35.43141174 111.96715546 36.95283890
v -47.59183121 112.67209625 36.95283890
v -47.59183121 112.67209625 36.95283890
v -35.43141174 111.96715546 36.95283890
v -47.62489700 112.10166931 36.90029526
v -47.59183121 112.67209625 36.95283890
v -47.62489700 112.10166931 36.90029526
v -59.78531647 112.80661011 36.90029526
v -59.78531647 112.80661011 36.90029526
v -47.62489700 112.10166931 36.90029526
v -59.81827927 112.23798370 36.96967316
v -59.78531647 112.80661011 36.90029526
v -59.81827927 112.23798370 36.96967316
v -71.97869873 112.94292450 36.96967316
v -71.97869873 112.94292450 36.96967316
v -59.81827927 112.23798370 36.96967316
v -72.01007080 112.40177155 37.15784836
v -71.97869873 112.94292450 36.96967316
v -72.01007080 112.40177155 37.15784836
v -84.17048645 113.10671234 37.15784836
v -84.17048645 113.10671234 37.15784836
v -72.01007080 112.40177155 37.15784836
v -96.35926819 113.32241821 37.45631409
v -84.17048645 113.10671234 37.15784836
v -96.35926819 113.32241821 37.45631409
v -96.33286285 113.77793121 37.17406082
v -11.07889271 111.10373688 37.12493896
v 1.08152652 110.39879608 37.12493896
v -11.11057091 110.55727386 36.95283890
v -11.11057091 110.55727386 36.95283890
v 1.08152652 110.39879608 37.12493896
v 1.04984844 109.85234070 36.95283890
v -11.11057091 110.55727386 36.95283890
v 1.04984844 109.85234070 36.95283890
v -11.14363861 109.98685455 36.90029526
v -11.14363861 109.98685455 36.90029526
v 1.04984844 109.85234070 36.95283890
v 1.01678109 109.28191376 36.90029526
v -11.14363861 109.98685455 36.90029526
v 1.01678109 109.28191376 36.90029526
v -11.17660141 109.41822815 36.96967316
v -11.17660141 109.41822815 36.96967316
v 1.01678109 109.28191376 36.90029526
v 0.98381776 108.71328735 36.96967316
v -11.17660141 109.41822815 36.96967316
v 0.98381776 108.71328735 36.96967316
v -11.20797253 108.87707520 37.15784836
v -11.20797253 108.87707520 37.15784836
v 0.98381776 108.71328735 36.96967316
v 0.95244730 108.17213440 37.15784836
v -11.20797253 108.87707520 37.15784836
v 0.95244730 108.17213440 37.15784836
v 0.92408639 107.68289948 37.45631409
v -96.35926819 113.32241821 37.45631409
v -47.68923187 110.99189758 37.15784836
v 0.92408639 107.68289948 37.45631409
v 0.92408639 107.68289948 37.45631409
v -47.68923187 110.99189758 37.15784836
v -35.52881241 110.28695679 37.15784836
v 0.92408639 107.68289948 37.45631409
v -35.52881241 110.28695679 37.15784836
v -23.36839104 109.58201599 37.15784836
v -23.36839104 109.58201599 37.15784836
v -35.52881241 110.28695679 37.15784836
v -23.33702087 110.12316895 36.96967316
v -23.36839104 109.58201599 37.15784836
v -23.33702087 110.12316895 36.96967316
v -11.17660141 109.41822815 36.96967316
v -11.17660141 109.41822815 36.96967316
v -23.33702087 110.12316895 36.96967316
v -11.14363861 109.98685455 36.90029526
v -96.33286285 113.77793121 37.17406082
v -96.30374908 114.28015900 36.98759842
v -84.17048645 113.10671234 37.15784836
v -84.17048645 113.10671234 37.15784836
v -96.30374908 114.28015900 36.98759842
v -84.13912201 113.64786530 36.96967316
v -84.17048645 113.10671234 37.15784836
v -84.13912201 113.64786530 36.96967316
v -71.97869873 112.94292450 36.96967316
v -71.97869873 112.94292450 36.96967316
v -84.13912201 113.64786530 36.96967316
v -71.94573975 113.51155090 36.90029526
v -71.97869873 112.94292450 36.96967316
v -71.94573975 113.51155090 36.90029526
v -59.78531647 112.80661011 36.90029526
v -59.78531647 112.80661011 36.90029526
v -71.94573975 113.51155090 36.90029526
v -59.75225067 113.37703705 36.95283890
v -59.78531647 112.80661011 36.90029526
v -59.75225067 113.37703705 36.95283890
v -47.59183121 112.67209625 36.95283890
v -47.59183121 112.67209625 36.95283890
v -59.75225067 113.37703705 36.95283890
v -47.56015015 113.21855164 37.12493896
v -47.59183121 112.67209625 36.95283890
v -47.56015015 113.21855164 37.12493896
v -35.39973068 112.51361084 37.12493896
v -35.39973068 112.51361084 37.12493896
v -47.56015015 113.21855164 37.12493896
v 1.11038470 110.89660645 37.40882111
v -96.30374908 114.28015900 36.98759842
v -96.27307892 114.80928802 36.90428925
v -84.13912201 113.64786530 36.96967316
v -84.13912201 113.64786530 36.96967316
v -96.27307892 114.80928802 36.90428925
v -84.10615540 114.21649170 36.90029526
v -84.13912201 113.64786530 36.96967316
v -84.10615540 114.21649170 36.90029526
v -71.94573975 113.51155090 36.90029526
v -71.94573975 113.51155090 36.90029526
v -84.10615540 114.21649170 36.90029526
v -71.91266632 114.08197021 36.95283890
v -71.94573975 113.51155090 36.90029526
v -71.91266632 114.08197021 36.95283890
v -59.75225067 113.37703705 36.95283890
v -59.75225067 113.37703705 36.95283890
v -71.91266632 114.08197021 36.95283890
v -59.72056961 113.92349243 37.12493896
v -59.75225067 113.37703705 36.95283890
v -59.72056961 113.92349243 37.12493896
v -47.56015015 113.21855164 37.12493896
v -47.56015015 113.21855164 37.12493896
v -59.72056961 113.92349243 37.12493896
v 1.11038470 110.89660645 37.40882111
v -96.27307892 114.80928802 36.90428925
v -96.24205780 115.34440613 36.92742538
v -84.10615540 114.21649170 36.90029526
v -84.10615540 114.21649170 36.90029526
v -96.24205780 115.34440613 36.92742538
v -84.07308960 114.78691101 36.95283890
v -84.10615540 114.21649170 36.90029526
v -84.07308960 114.78691101 36.95283890
v -71.91266632 114.08197021 36.95283890
v -71.91266632 114.08197021 36.95283890
v -84.07308960 114.78691101 36.95283890
v -71.88098907 114.62843323 37.12493896
v -71.91266632 114.08197021 36.95283890
v -71.88098907 114.62843323 37.12493896
v -59.72056961 113.92349243 37.12493896
v -59.72056961 113.92349243 37.12493896
v -71.88098907 114.62843323 37.12493896
v -96.09754181 116.24166870 37.22701645
v -59.72056961 113.92349243 37.12493896
v -96.09754181 116.24166870 37.22701645
v 1.11038470 110.89660645 37.40882111
v 1.11038470 110.89660645 37.40882111
v -96.09754181 116.24166870 37.22701645
v -95.97605133 116.39622498 37.32201767
v 1.11038470 110.89660645 37.40882111
v -95.97605133 116.39622498 37.32201767
v -95.82518005 116.51596069 37.40882111
v -96.24205780 115.34440613 36.92742538
v -96.21191406 115.86440277 37.05609131
v -84.07308960 114.78691101 36.95283890
v -84.07308960 114.78691101 36.95283890
v -96.21191406 115.86440277 37.05609131
v -84.04141235 115.33336639 37.12493896
v -84.07308960 114.78691101 36.95283890
v -84.04141235 115.33336639 37.12493896
v -71.88098907 114.62843323 37.12493896
v -71.88098907 114.62843323 37.12493896
v -84.04141235 115.33336639 37.12493896
v -96.09754181 116.24166870 37.22701645
v -96.21191406 115.86440277 37.05609131
v -96.17759705 116.05950165 37.13507080
v -84.04141235 115.33336639 37.12493896
v -84.04141235 115.33336639 37.12493896
v -96.17759705 116.05950165 37.13507080
v -96.09754181 116.24166870 37.22701645
v -23.23931313 111.80867004 37.12493896
v -11.07889271 111.10373688 37.12493896
v -23.27099037 111.26221466 36.95283890
v -23.27099037 111.26221466 36.95283890
v -11.07889271 111.10373688 37.12493896
v -11.11057091 110.55727386 36.95283890
v -23.27099037 111.26221466 36.95283890
v -11.11057091 110.55727386 36.95283890
v -23.30405807 110.69179535 36.90029526
v -23.30405807 110.69179535 36.90029526
v -11.11057091 110.55727386 36.95283890
v -11.14363861 109.98685455 36.90029526
v -23.30405807 110.69179535 36.90029526
v -11.14363861 109.98685455 36.90029526
v -23.33702087 110.12316895 36.96967316
v -23.23931313 111.80867004 37.12493896
v -23.27099037 111.26221466 36.95283890
v -35.43141174 111.96715546 36.95283890
v -35.43141174 111.96715546 36.95283890
v -23.27099037 111.26221466 36.95283890
v -35.46447754 111.39672852 36.90029526
v -35.43141174 111.96715546 36.95283890
v -35.46447754 111.39672852 36.90029526
v -47.62489700 112.10166931 36.90029526
v -47.62489700 112.10166931 36.90029526
v -35.46447754 111.39672852 36.90029526
v -47.65785980 111.53304291 36.96967316
v -47.62489700 112.10166931 36.90029526
v -47.65785980 111.53304291 36.96967316
v -59.81827927 112.23798370 36.96967316
v -59.81827927 112.23798370 36.96967316
v -47.65785980 111.53304291 36.96967316
v -59.84965134 111.69683075 37.15784836
v -59.81827927 112.23798370 36.96967316
v -59.84965134 111.69683075 37.15784836
v -72.01007080 112.40177155 37.15784836
v -72.01007080 112.40177155 37.15784836
v -59.84965134 111.69683075 37.15784836
v -96.35926819 113.32241821 37.45631409
v -35.46447754 111.39672852 36.90029526
v -23.27099037 111.26221466 36.95283890
v -23.30405807 110.69179535 36.90029526
v -35.46447754 111.39672852 36.90029526
v -23.30405807 110.69179535 36.90029526
v -35.49744034 110.82810211 36.96967316
v -35.49744034 110.82810211 36.96967316
v -23.30405807 110.69179535 36.90029526
v -23.33702087 110.12316895 36.96967316
v -35.49744034 110.82810211 36.96967316
v -23.33702087 110.12316895 36.96967316
v -35.52881241 110.28695679 37.15784836
v -23.36839104 109.58201599 37.15784836
v -11.17660141 109.41822815 36.96967316
v -11.20797253 108.87707520 37.15784836
v -35.46447754 111.39672852 36.90029526
v -35.49744034 110.82810211 36.96967316
v -47.65785980 111.53304291 36.96967316
v -47.65785980 111.53304291 36.96967316
v -35.49744034 110.82810211 36.96967316
v -47.68923187 110.99189758 37.15784836
v -47.65785980 111.53304291 36.96967316
v -47.68923187 110.99189758 37.15784836
v -59.84965134 111.69683075 37.15784836
v -59.84965134 111.69683075 37.15784836
v -47.68923187 110.99189758 37.15784836
v -96.35926819 113.32241821 37.45631409
v -47.68923187 110.99189758 37.15784836
v -35.49744034 110.82810211 36.96967316
v -35.52881241 110.28695679 37.15784836
v 0.92408639 107.68289948 37.45631409
v -23.36839104 109.58201599 37.15784836
v -11.20797253 108.87707520 37.15784836
v -95.97605133 116.39622498 37.32201767
v -95.99237823 115.90278625 38.44390488
v -95.82518005 116.51596069 37.40882111
v -95.82518005 116.51596069 37.40882111
v -95.99237823 115.90278625 38.44390488
v -95.81614685 116.04534912 38.51024628
v -95.82518005 116.51596069 37.40882111
v -95.81614685 116.04534912 38.51024628
v -95.66590118 116.58739471 37.49565506
v -95.66590118 116.58739471 37.49565506
v -95.81614685 116.04534912 38.51024628
v -95.61487579 116.17050934 38.49624634
v -95.66590118 116.58739471 37.49565506
v -95.61487579 116.17050934 38.49624634
v -95.50547791 116.61532593 37.58964920
v -95.50547791 116.61532593 37.58964920
v -95.61487579 116.17050934 38.49624634
v -95.39864349 116.26506042 38.43162537
v -95.50547791 116.61532593 37.58964920
v -95.39864349 116.26506042 38.43162537
v -95.16899109 116.57579041 37.77669144
v -95.16899109 116.57579041 37.77669144
v -95.39864349 116.26506042 38.43162537
v -95.18377686 116.32082367 38.33709717
v -95.97605133 116.39622498 37.32201767
v -96.09754181 116.24166870 37.22701645
v -95.99237823 115.90278625 38.44390488
v -95.99237823 115.90278625 38.44390488
v -96.09754181 116.24166870 37.22701645
v -96.16799164 115.66513062 38.27785110
v -96.16799164 115.66513062 38.27785110
v -96.09754181 116.24166870 37.22701645
v -96.17759705 116.05950165 37.13507080
v -96.16799164 115.66513062 38.27785110
v -96.17759705 116.05950165 37.13507080
v -96.21810913 115.51899719 38.20855331
v -96.21810913 115.51899719 38.20855331
v -96.17759705 116.05950165 37.13507080
v -96.21191406 115.86440277 37.05609131
v -96.21810913 115.51899719 38.20855331
v -96.21191406 115.86440277 37.05609131
v -96.24090576 115.36427307 38.15536118
v -96.45756531 111.62679291 28.25000000
v -96.38811493 112.82478333 28.25000000
v -96.45756531 111.62679291 27.78981209
v -96.45756531 111.62679291 27.78981209
v -96.38811493 112.82478333 28.25000000
v -96.38811493 112.82478333 27.78981209
v -96.45756531 111.62679291 27.78981209
v -96.38811493 112.82478333 27.78981209
v -96.38637543 112.85490417 27.65640831
v -96.45756531 111.62679291 27.78981209
v -96.38637543 112.85490417 27.65640831
v -96.45420837 111.68468475 27.37536240
v -96.45420837 111.68468475 27.37536240
v -96.38637543 112.85490417 27.65640831
v -96.38146973 112.93940735 27.54897308
v -96.45420837 111.68468475 27.37536240
v -96.38146973 112.93940735 27.54897308
v -96.37437439 113.06183624 27.48842049
v -96.36646271 113.19836426 27.48653412
v -96.42888641 112.12149048 26.67135239
v -96.37437439 113.06183624 27.48842049
v -96.37437439 113.06183624 27.48842049
v -96.42888641 112.12149048 26.67135239
v -96.44439697 111.85391998 26.99274826
v -96.37437439 113.06183624 27.48842049
v -96.44439697 111.85391998 26.99274826
v -96.45420837 111.68468475 27.37536240
v -96.35926819 113.32241821 27.54368401
v -96.29982758 114.34784698 26.76840973
v -96.36646271 113.19836426 27.48653412
v -96.36646271 113.19836426 27.48653412
v -96.29982758 114.34784698 26.76840973
v -96.31704712 114.05076599 26.59093666
v -96.36646271 113.19836426 27.48653412
v -96.31704712 114.05076599 26.59093666
v -96.42888641 112.12149048 26.67135239
v -96.42888641 112.12149048 26.67135239
v -96.31704712 114.05076599 26.59093666
v -96.40886688 112.46685028 26.43586540
v -96.40886688 112.46685028 26.43586540
v -96.31704712 114.05076599 26.59093666
v -96.33813477 113.68706512 26.38500404
v -96.40886688 112.46685028 26.43586540
v -96.33813477 113.68706512 26.38500404
v -96.38587189 112.86347961 26.30437279
v -96.38587189 112.86347961 26.30437279
v -96.33813477 113.68706512 26.38500404
v -96.36167908 113.28089905 26.28697205
v -96.29982758 114.34784698 26.76840973
v -96.35926819 113.32241821 27.54368401
v -96.28070831 114.67766571 26.87286758
v -96.28070831 114.67766571 26.87286758
v -96.35926819 113.32241821 27.54368401
v -96.33286285 113.77793121 27.82593727
v -96.28070831 114.67766571 26.87286758
v -96.33286285 113.77793121 27.82593727
v -96.26071167 115.02260590 26.89873886
v -96.26071167 115.02260590 26.89873886
v -96.33286285 113.77793121 27.82593727
v -96.30374908 114.28015900 28.01239967
v -96.26071167 115.02260590 26.89873886
v -96.30374908 114.28015900 28.01239967
v -96.27307892 114.80928802 28.09570885
v -96.27307892 114.80928802 28.09570885
v -96.24205780 115.34440613 28.07257462
v -96.26071167 115.02260590 26.89873886
v -96.26071167 115.02260590 26.89873886
v -96.24205780 115.34440613 28.07257462
v -96.21191406 115.86440277 27.94391060
v -96.26071167 115.02260590 26.89873886
v -96.21191406 115.86440277 27.94391060
v -96.24090576 115.36427307 26.84463882
v -96.38811493 112.82478333 36.75000000
v -96.45756531 111.62679291 36.75000000
v -96.38811493 112.82478333 37.21018982
v -96.38811493 112.82478333 37.21018982
v -96.45756531 111.62679291 36.75000000
v -96.45756531 111.62679291 37.21018982
v -96.38811493 112.82478333 37.21018982
v -96.45756531 111.62679291 37.21018982
v -96.38637543 112.85490417 37.34358978
v -96.38637543 112.85490417 37.34358978
v -96.45756531 111.62679291 37.21018982
v -96.45420837 111.68468475 37.62463760
v -96.38637543 112.85490417 37.34358978
v -96.45420837 111.68468475 37.62463760
v -96.38146973 112.93940735 37.45102692
v -96.38146973 112.93940735 37.45102692
v -96.45420837 111.68468475 37.62463760
v -96.37437439 113.06183624 37.51158142
v -96.37437439 113.06183624 37.51158142
v -96.45420837 111.68468475 37.62463760
v -96.44439697 111.85391998 38.00725174
v -96.37437439 113.06183624 37.51158142
v -96.44439697 111.85391998 38.00725174
v -96.42888641 112.12149048 38.32864761
v -96.40886688 112.46685028 38.56413269
v -96.31704712 114.05076599 38.40906525
v -96.42888641 112.12149048 38.32864761
v -96.42888641 112.12149048 38.32864761
v -96.31704712 114.05076599 38.40906525
v -96.36646271 113.19836426 37.51346588
v -96.42888641 112.12149048 38.32864761
v -96.36646271 113.19836426 37.51346588
v -96.37437439 113.06183624 37.51158142
v -96.31704712 114.05076599 38.40906525
v -96.40886688 112.46685028 38.56413269
v -96.33813477 113.68706512 38.61499405
v -96.33813477 113.68706512 38.61499405
v -96.40886688 112.46685028 38.56413269
v -96.38587189 112.86347961 38.69562912
v -96.33813477 113.68706512 38.61499405
v -96.38587189 112.86347961 38.69562912
v -96.36167908 113.28089905 38.71302795
v -96.31704712 114.05076599 38.40906525
v -96.29982758 114.34784698 38.23159027
v -96.36646271 113.19836426 37.51346588
v -96.36646271 113.19836426 37.51346588
v -96.29982758 114.34784698 38.23159027
v -96.35926819 113.32241821 37.45631409
v -96.35926819 113.32241821 37.45631409
v -96.29982758 114.34784698 38.23159027
v -96.28070831 114.67766571 38.12713242
v -96.35926819 113.32241821 37.45631409
v -96.28070831 114.67766571 38.12713242
v -96.33286285 113.77793121 37.17406082
v -96.33286285 113.77793121 37.17406082
v -96.28070831 114.67766571 38.12713242
v -96.26071167 115.02260590 38.10126114
v -96.33286285 113.77793121 37.17406082
v -96.26071167 115.02260590 38.10126114
v -96.30374908 114.28015900 36.98759842
v -96.30374908 114.28015900 36.98759842
v -96.26071167 115.02260590 38.10126114
v -96.27307892 114.80928802 36.90428925
v -96.27307892 114.80928802 36.90428925
v -96.26071167 115.02260590 38.10126114
v -96.24205780 115.34440613 36.92742538
v -96.24205780 115.34440613 36.92742538
v -96.26071167 115.02260590 38.10126114
v -96.21191406 115.86440277 37.05609131
v -96.21191406 115.86440277 37.05609131
v -96.26071167 115.02260590 38.10126114
v -96.24090576 115.36427307 38.15536118
v -97.56670380 112.38323212 36.75000000
v -97.59767914 112.69456482 36.75000000
v -97.56670380 112.38323212 32.50000000
v -97.56670380 112.38323212 32.50000000
v -97.59767914 112.69456482 36.75000000
v -97.59767914 112.69456482 28.25000000
v -97.56670380 112.38323212 32.50000000
v -97.59767914 112.69456482 28.25000000
v -97.56670380 112.38323212 28.25000000
v -97.56670380 112.38323212 32.50000000
v -97.56670380 112.38323212 28.25000000
v -97.44103241 112.09671021 32.50000000
v -97.44103241 112.09671021 32.50000000
v -97.56670380 112.38323212 28.25000000
v -97.44103241 112.09671021 28.25000000
v -97.44103241 112.09671021 32.50000000
v -97.44103241 112.09671021 28.25000000
v -97.23297882 111.86304474 32.50000000
v -97.23297882 111.86304474 32.50000000
v -97.44103241 112.09671021 28.25000000
v -97.23297882 111.86304474 28.25000000
v -97.23297882 111.86304474 32.50000000
v -97.23297882 111.86304474 28.25000000
v -96.96289825 111.70510864 32.50000000
v -96.96289825 111.70510864 32.50000000
v -97.23297882 111.86304474 28.25000000
v -96.96289825 111.70510864 28.25000000
v -96.96289825 111.70510864 32.50000000
v -96.96289825 111.70510864 28.25000000
v -96.65722656 111.63836670 28.25000000
v -96.65722656 111.63836670 28.25000000
v -96.65722656 111.63836670 36.75000000
v -96.96289825 111.70510864 32.50000000
v -96.96289825 111.70510864 32.50000000
v -96.65722656 111.63836670 36.75000000
v -96.96289825 111.70510864 36.75000000
v -96.96289825 111.70510864 32.50000000
v -96.96289825 111.70510864 36.75000000
v -97.23297882 111.86304474 32.50000000
v -97.23297882 111.86304474 32.50000000
v -96.96289825 111.70510864 36.75000000
v -97.23297882 111.86304474 36.75000000
v -97.23297882 111.86304474 32.50000000
v -97.23297882 111.86304474 36.75000000
v -97.44103241 112.09671021 32.50000000
v -97.44103241 112.09671021 32.50000000
v -97.23297882 111.86304474 36.75000000
v -97.44103241 112.09671021 36.75000000
v -97.44103241 112.09671021 32.50000000
v -97.44103241 112.09671021 36.75000000
v -97.56670380 112.38323212 32.50000000
v -97.56670380 112.38323212 32.50000000
v -97.44103241 112.09671021 36.75000000
v -97.56670380 112.38323212 36.75000000
v -97.36628723 116.68619537 28.70915794
v -97.37089539 116.60674286 28.47677612
v -97.36864471 116.64557648 28.95139694
v -97.36864471 116.64557648 28.95139694
v -97.37089539 116.60674286 28.47677612
v -97.38134766 116.42640686 28.31033516
v -97.36864471 116.64557648 28.95139694
v -97.38134766 116.42640686 28.31033516
v -97.38964081 116.28334045 29.92915535
v -97.38964081 116.28334045 29.92915535
v -97.38134766 116.42640686 28.31033516
v -97.39512634 116.18869781 28.25000000
v -97.38964081 116.28334045 29.92915535
v -97.39512634 116.18869781 28.25000000
v -97.40380096 116.03900146 30.94293976
v -97.40380096 116.03900146 30.94293976
v -97.39512634 116.18869781 28.25000000
v -97.59767914 112.69456482 28.25000000
v -97.40380096 116.03900146 30.94293976
v -97.59767914 112.69456482 28.25000000
v -97.41093445 115.91596222 31.97854424
v -97.41093445 115.91596222 31.97854424
v -97.59767914 112.69456482 28.25000000
v -97.59767914 112.69456482 36.75000000
v -97.41093445 115.91596222 31.97854424
v -97.59767914 112.69456482 36.75000000
v -97.41093445 115.91596222 33.02145767
v -97.41093445 115.91596222 33.02145767
v -97.59767914 112.69456482 36.75000000
v -97.40380096 116.03900146 34.05706024
v -97.40380096 116.03900146 34.05706024
v -97.59767914 112.69456482 36.75000000
v -97.39512634 116.18869781 36.75000000
v -97.40380096 116.03900146 34.05706024
v -97.39512634 116.18869781 36.75000000
v -97.38964081 116.28334045 35.07084656
v -97.38964081 116.28334045 35.07084656
v -97.39512634 116.18869781 36.75000000
v -97.38134766 116.42640686 36.68966675
v -97.38964081 116.28334045 35.07084656
v -97.38134766 116.42640686 36.68966675
v -97.36864471 116.64557648 36.04860306
v -97.36864471 116.64557648 36.04860306
v -97.38134766 116.42640686 36.68966675
v -97.37089539 116.60674286 36.52322388
v -97.36864471 116.64557648 36.04860306
v -97.37089539 116.60674286 36.52322388
v -97.36628723 116.68619537 36.29084015
v -96.19713593 116.11924744 36.75000000
v -97.39512634 116.18869781 36.75000000
v -96.38811493 112.82478333 36.75000000
v -96.38811493 112.82478333 36.75000000
v -97.39512634 116.18869781 36.75000000
v -97.23297882 111.86304474 36.75000000
v -96.38811493 112.82478333 36.75000000
v -97.23297882 111.86304474 36.75000000
v -96.96289825 111.70510864 36.75000000
v -97.23297882 111.86304474 36.75000000
v -97.39512634 116.18869781 36.75000000
v -97.44103241 112.09671021 36.75000000
v -97.44103241 112.09671021 36.75000000
v -97.39512634 116.18869781 36.75000000
v -97.59767914 112.69456482 36.75000000
v -97.44103241 112.09671021 36.75000000
v -97.59767914 112.69456482 36.75000000
v -97.56670380 112.38323212 36.75000000
v -96.96289825 111.70510864 36.75000000
v -96.65722656 111.63836670 36.75000000
v -96.38811493 112.82478333 36.75000000
v -96.38811493 112.82478333 36.75000000
v -96.65722656 111.63836670 36.75000000
v -96.45756531 111.62679291 36.75000000
v -96.18335724 116.35695648 28.31033516
v -96.19165039 116.21389771 29.92915535
v -96.19713593 116.11924744 28.25000000
v -96.19713593 116.11924744 28.25000000
v -96.19165039 116.21389771 29.92915535
v -96.20581818 115.96955109 30.94293976
v -96.19713593 116.11924744 28.25000000
v -96.20581818 115.96955109 30.94293976
v -96.38811493 112.82478333 28.25000000
v -96.38811493 112.82478333 28.25000000
v -96.20581818 115.96955109 30.94293976
v -96.21295166 115.84651184 31.97854424
v -96.38811493 112.82478333 28.25000000
v -96.21295166 115.84651184 31.97854424
v -96.38811493 112.82478333 36.75000000
v -96.38811493 112.82478333 36.75000000
v -96.21295166 115.84651184 31.97854424
v -96.21295166 115.84651184 33.02145767
v -96.38811493 112.82478333 36.75000000
v -96.21295166 115.84651184 33.02145767
v -96.20581818 115.96955109 34.05706024
v -96.19165039 116.21389771 29.92915535
v -96.18335724 116.35695648 28.31033516
v -96.17065430 116.57612610 28.95139694
v -96.17065430 116.57612610 28.95139694
v -96.18335724 116.35695648 28.31033516
v -96.17290497 116.53729248 28.47677612
v -96.17065430 116.57612610 28.95139694
v -96.17290497 116.53729248 28.47677612
v -96.16829681 116.61674500 28.70915794
v -96.38811493 112.82478333 36.75000000
v -96.20581818 115.96955109 34.05706024
v -96.19713593 116.11924744 36.75000000
v -96.19713593 116.11924744 36.75000000
v -96.20581818 115.96955109 34.05706024
v -96.19165039 116.21389771 35.07084656
v -96.19713593 116.11924744 36.75000000
v -96.19165039 116.21389771 35.07084656
v -96.18335724 116.35695648 36.68966675
v -96.18335724 116.35695648 36.68966675
v -96.19165039 116.21389771 35.07084656
v -96.17065430 116.57612610 36.04860306
v -96.18335724 116.35695648 36.68966675
v -96.17065430 116.57612610 36.04860306
v -96.17290497 116.53729248 36.52322388
v -96.17290497 116.53729248 36.52322388
v -96.17065430 116.57612610 36.04860306
v -96.16829681 116.61674500 36.29084015
v -96.19713593 116.11924744 28.25000000
v -96.38811493 112.82478333 28.25000000
v -97.39512634 116.18869781 28.25000000
v -97.39512634 116.18869781 28.25000000
v -96.38811493 112.82478333 28.25000000
v -97.23297882 111.86304474 28.25000000
v -97.39512634 116.18869781 28.25000000
v -97.23297882 111.86304474 28.25000000
v -97.44103241 112.09671021 28.25000000
v -96.45756531 111.62679291 28.25000000
v -96.65722656 111.63836670 28.25000000
v -96.38811493 112.82478333 28.25000000
v -96.38811493 112.82478333 28.25000000
v -96.65722656 111.63836670 28.25000000
v -96.96289825 111.70510864 28.25000000
v -96.38811493 112.82478333 28.25000000
v -96.96289825 111.70510864 28.25000000
v -97.23297882 111.86304474 28.25000000
v -97.56670380 112.38323212 28.25000000
v -97.59767914 112.69456482 28.25000000
v -97.44103241 112.09671021 28.25000000
v -97.44103241 112.09671021 28.25000000
v -97.59767914 112.69456482 28.25000000
v -97.39512634 116.18869781 28.25000000
v -96.17065430 116.57612610 36.04860306
v -97.36864471 116.64557648 36.04860306
v -96.16829681 116.61674500 36.29084015
v -96.16829681 116.61674500 36.29084015
v -97.36864471 116.64557648 36.04860306
v -97.36628723 116.68619537 36.29084015
v -96.16829681 116.61674500 36.29084015
v -97.36628723 116.68619537 36.29084015
v -96.17290497 116.53729248 36.52322388
v -96.17290497 116.53729248 36.52322388
v -97.36628723 116.68619537 36.29084015
v -97.37089539 116.60674286 36.52322388
v -96.17290497 116.53729248 36.52322388
v -97.37089539 116.60674286 36.52322388
v -96.18335724 116.35695648 36.68966675
v -96.18335724 116.35695648 36.68966675
v -97.37089539 116.60674286 36.52322388
v -97.38134766 116.42640686 36.68966675
v -96.18335724 116.35695648 36.68966675
v -97.38134766 116.42640686 36.68966675
v -96.19713593 116.11924744 36.75000000
v -96.19713593 116.11924744 36.75000000
v -97.38134766 116.42640686 36.68966675
v -97.39512634 116.18869781 36.75000000
v -96.17065430 116.57612610 28.95139694
v -97.36864471 116.64557648 28.95139694
v -96.19165039 116.21389771 29.92915535
v -96.19165039 116.21389771 29.92915535
v -97.36864471 116.64557648 28.95139694
v -97.38964081 116.28334045 29.92915535
v -96.19165039 116.21389771 29.92915535
v -97.38964081 116.28334045 29.92915535
v -96.20581818 115.96955109 30.94293976
v -96.20581818 115.96955109 30.94293976
v -97.38964081 116.28334045 29.92915535
v -97.40380096 116.03900146 30.94293976
v -96.20581818 115.96955109 30.94293976
v -97.40380096 116.03900146 30.94293976
v -96.21295166 115.84651184 31.97854424
v -96.21295166 115.84651184 31.97854424
v -97.40380096 116.03900146 30.94293976
v -97.41093445 115.91596222 31.97854424
v -96.21295166 115.84651184 31.97854424
v -97.41093445 115.91596222 31.97854424
v -96.21295166 115.84651184 33.02145767
v -96.21295166 115.84651184 33.02145767
v -97.41093445 115.91596222 31.97854424
v -97.41093445 115.91596222 33.02145767
v -96.21295166 115.84651184 33.02145767
v -97.41093445 115.91596222 33.02145767
v -96.20581818 115.96955109 34.05706024
v -96.20581818 115.96955109 34.05706024
v -97.41093445 115.91596222 33.02145767
v -97.40380096 116.03900146 34.05706024
v -96.20581818 115.96955109 34.05706024
v -97.40380096 116.03900146 34.05706024
v -96.19165039 116.21389771 35.07084656
v -96.19165039 116.21389771 35.07084656
v -97.40380096 116.03900146 34.05706024
v -97.38964081 116.28334045 35.07084656
v -96.19165039 116.21389771 35.07084656
v -97.38964081 116.28334045 35.07084656
v -96.17065430 116.57612610 36.04860306
v -96.17065430 116.57612610 36.04860306
v -97.38964081 116.28334045 35.07084656
v -97.36864471 116.64557648 36.04860306
v -96.19713593 116.11924744 28.25000000
v -97.39512634 116.18869781 28.25000000
v -96.18335724 116.35695648 28.31033516
v -96.18335724 116.35695648 28.31033516
v -97.39512634 116.18869781 28.25000000
v -97.38134766 116.42640686 28.31033516
v -96.18335724 116.35695648 28.31033516
v -97.38134766 116.42640686 28.31033516
v -96.17290497 116.53729248 28.47677612
v -96.17290497 116.53729248 28.47677612
v -97.38134766 116.42640686 28.31033516
v -97.37089539 116.60674286 28.47677612
v -96.17290497 116.53729248 28.47677612
v -97.37089539 116.60674286 28.47677612
v -96.16829681 116.61674500 28.70915794
v -96.16829681 116.61674500 28.70915794
v -97.37089539 116.60674286 28.47677612
v -97.36628723 116.68619537 28.70915794
v -96.16829681 116.61674500 28.70915794
v -97.36628723 116.68619537 28.70915794
v -96.17065430 116.57612610 28.95139694
v -96.17065430 116.57612610 28.95139694
v -97.36628723 116.68619537 28.70915794
v -97.36864471 116.64557648 28.95139694
v -80.72464752 110.71475220 32.06832504
v -80.71443176 111.91617584 32.50000000
v -80.78388214 110.71818542 32.50000000
v -80.78388214 110.71818542 32.50000000
v -80.71443176 111.91617584 32.50000000
v -80.65519714 111.91274261 32.93167496
v -80.78388214 110.71818542 32.50000000
v -80.65519714 111.91274261 32.93167496
v -80.72464752 110.71475220 32.93167496
v -80.72464752 110.71475220 32.93167496
v -80.65519714 111.91274261 32.93167496
v -80.48189545 111.90269470 33.33133316
v -80.72464752 110.71475220 32.93167496
v -80.48189545 111.90269470 33.33133316
v -80.55133820 110.70471191 33.33133316
v -80.55133820 110.70471191 33.33133316
v -80.48189545 111.90269470 33.33133316
v -80.20736694 111.88677979 33.66933823
v -80.55133820 110.70471191 33.33133316
v -80.20736694 111.88677979 33.66933823
v -80.27681732 110.68879700 33.66933823
v -80.27681732 110.68879700 33.66933823
v -80.20736694 111.88677979 33.66933823
v -79.85198212 111.86618042 33.92061615
v -80.27681732 110.68879700 33.66933823
v -79.85198212 111.86618042 33.92061615
v -79.92143250 110.66819000 33.92061615
v -79.92143250 110.66819000 33.92061615
v -79.85198212 111.86618042 33.92061615
v -79.44210052 111.84242249 34.06653595
v -79.92143250 110.66819000 33.92061615
v -79.44210052 111.84242249 34.06653595
v -79.51154327 110.64443207 34.06653595
v -79.51154327 110.64443207 34.06653595
v -79.44210052 111.84242249 34.06653595
v -79.00811005 111.81726074 34.09627151
v -79.51154327 110.64443207 34.06653595
v -79.00811005 111.81726074 34.09627151
v -79.07755280 110.61927032 34.09627151
v -79.07755280 110.61927032 34.09627151
v -79.00811005 111.81726074 34.09627151
v -78.58220673 111.79257202 34.00761795
v -79.07755280 110.61927032 34.09627151
v -78.58220673 111.79257202 34.00761795
v -78.65164948 110.59458160 34.00761795
v -78.65164948 110.59458160 34.00761795
v -78.58220673 111.79257202 34.00761795
v -78.19596863 111.77017975 33.80715179
v -78.65164948 110.59458160 34.00761795
v -78.19596863 111.77017975 33.80715179
v -78.26541901 110.57219696 33.80715179
v -78.26541901 110.57219696 33.80715179
v -78.19596863 111.77017975 33.80715179
v -77.87805939 111.75175476 33.50973892
v -78.26541901 110.57219696 33.80715179
v -77.87805939 111.75175476 33.50973892
v -77.94750214 110.55376434 33.50973892
v -77.94750214 110.55376434 33.50973892
v -77.87805939 111.75175476 33.50973892
v -77.65203857 111.73864746 33.13744354
v -77.94750214 110.55376434 33.50973892
v -77.65203857 111.73864746 33.13744354
v -77.72148132 110.54066467 33.13744354
v -77.72148132 110.54066467 33.13744354
v -77.65203857 111.73864746 33.13744354
v -77.53467560 111.73184967 32.71786499
v -77.72148132 110.54066467 33.13744354
v -77.53467560 111.73184967 32.71786499
v -77.60411835 110.53385925 32.71786499
v -77.60411835 110.53385925 32.71786499
v -77.53467560 111.73184967 32.71786499
v -77.53467560 111.73184967 32.28213501
v -77.60411835 110.53385925 32.71786499
v -77.53467560 111.73184967 32.28213501
v -77.60411835 110.53385925 32.28213501
v -77.60411835 110.53385925 32.28213501
v -77.53467560 111.73184967 32.28213501
v -77.65203857 111.73864746 31.86255836
v -77.60411835 110.53385925 32.28213501
v -77.65203857 111.73864746 31.86255836
v -77.72148132 110.54066467 31.86255836
v -77.72148132 110.54066467 31.86255836
v -77.65203857 111.73864746 31.86255836
v -77.87805939 111.75175476 31.49025917
v -77.72148132 110.54066467 31.86255836
v -77.87805939 111.75175476 31.49025917
v -77.94750214 110.55376434 31.49025917
v -77.94750214 110.55376434 31.49025917
v -77.87805939 111.75175476 31.49025917
v -78.19596863 111.77017975 31.19284821
v -77.94750214 110.55376434 31.49025917
v -78.19596863 111.77017975 31.19284821
v -78.26541901 110.57219696 31.19284821
v -78.26541901 110.57219696 31.19284821
v -78.19596863 111.77017975 31.19284821
v -78.58220673 111.79257202 30.99238205
v -78.26541901 110.57219696 31.19284821
v -78.58220673 111.79257202 30.99238205
v -78.65164948 110.59458160 30.99238205
v -78.65164948 110.59458160 30.99238205
v -78.58220673 111.79257202 30.99238205
v -79.00811005 111.81726074 30.90373039
v -78.65164948 110.59458160 30.99238205
v -79.00811005 111.81726074 30.90373039
v -79.07755280 110.61927032 30.90373039
v -79.07755280 110.61927032 30.90373039
v -79.00811005 111.81726074 30.90373039
v -79.44210052 111.84242249 30.93346596
v -79.07755280 110.61927032 30.90373039
v -79.44210052 111.84242249 30.93346596
v -79.51154327 110.64443207 30.93346596
v -79.51154327 110.64443207 30.93346596
v -79.44210052 111.84242249 30.93346596
v -79.85198212 111.86618042 31.07938385
v -79.51154327 110.64443207 30.93346596
v -79.85198212 111.86618042 31.07938385
v -79.92143250 110.66819000 31.07938385
v -79.92143250 110.66819000 31.07938385
v -79.85198212 111.86618042 31.07938385
v -80.20736694 111.88677979 31.33066177
v -79.92143250 110.66819000 31.07938385
v -80.20736694 111.88677979 31.33066177
v -80.27681732 110.68879700 31.33066177
v -80.27681732 110.68879700 31.33066177
v -80.20736694 111.88677979 31.33066177
v -80.48189545 111.90269470 31.66866493
v -80.27681732 110.68879700 31.33066177
v -80.48189545 111.90269470 31.66866493
v -80.55133820 110.70471191 31.66866493
v -80.55133820 110.70471191 31.66866493
v -80.48189545 111.90269470 31.66866493
v -80.65519714 111.91274261 32.06832504
v -80.55133820 110.70471191 31.66866493
v -80.65519714 111.91274261 32.06832504
v -80.72464752 110.71475220 32.06832504
v -80.72464752 110.71475220 32.06832504
v -80.65519714 111.91274261 32.06832504
v -80.71443176 111.91617584 32.50000000
v -18.81834602 108.32806396 30.89999962
v -18.88779259 107.13007355 30.89999962
v -18.40493011 108.30410004 30.95451927
v -18.40493011 108.30410004 30.95451927
v -18.88779259 107.13007355 30.89999962
v -18.47437668 107.10610962 30.95451927
v -18.40493011 108.30410004 30.95451927
v -18.47437668 107.10610962 30.95451927
v -18.01968765 108.28176117 31.11435890
v -18.01968765 108.28176117 31.11435890
v -18.47437668 107.10610962 30.95451927
v -18.08913422 107.08377838 31.11435890
v -18.01968765 108.28176117 31.11435890
v -18.08913422 107.08377838 31.11435890
v -17.68887138 108.26258850 31.36862946
v -17.68887138 108.26258850 31.36862946
v -18.08913422 107.08377838 31.11435890
v -17.75831795 107.06459808 31.36862946
v -17.68887138 108.26258850 31.36862946
v -17.75831795 107.06459808 31.36862946
v -17.43502808 108.24787140 31.70000076
v -17.43502808 108.24787140 31.70000076
v -17.75831795 107.06459808 31.36862946
v -17.50447464 107.04988098 31.70000076
v -17.43502808 108.24787140 31.70000076
v -17.50447464 107.04988098 31.70000076
v -17.27545547 108.23862457 32.08588791
v -17.27545547 108.23862457 32.08588791
v -17.50447464 107.04988098 31.70000076
v -17.34490204 107.04063416 32.08588791
v -17.27545547 108.23862457 32.08588791
v -17.34490204 107.04063416 32.08588791
v -17.22102737 108.23546600 32.50000000
v -17.22102737 108.23546600 32.50000000
v -17.34490204 107.04063416 32.08588791
v -17.29047585 107.03747559 32.50000000
v -17.22102737 108.23546600 32.50000000
v -17.29047585 107.03747559 32.50000000
v -17.27545547 108.23862457 32.91411209
v -17.27545547 108.23862457 32.91411209
v -17.29047585 107.03747559 32.50000000
v -17.34490204 107.04063416 32.91411209
v -17.27545547 108.23862457 32.91411209
v -17.34490204 107.04063416 32.91411209
v -17.43502808 108.24787140 33.29999924
v -17.43502808 108.24787140 33.29999924
v -17.34490204 107.04063416 32.91411209
v -17.50447464 107.04988098 33.29999924
v -17.43502808 108.24787140 33.29999924
v -17.50447464 107.04988098 33.29999924
v -17.68887138 108.26258850 33.63137054
v -17.68887138 108.26258850 33.63137054
v -17.50447464 107.04988098 33.29999924
v -17.75831795 107.06459808 33.63137054
v -17.68887138 108.26258850 33.63137054
v -17.75831795 107.06459808 33.63137054
v -18.01968765 108.28176117 33.88563919
v -18.01968765 108.28176117 33.88563919
v -17.75831795 107.06459808 33.63137054
v -18.08913422 107.08377838 33.88563919
v -18.01968765 108.28176117 33.88563919
v -18.08913422 107.08377838 33.88563919
v -18.40493011 108.30410004 34.04548264
v -18.40493011 108.30410004 34.04548264
v -18.08913422 107.08377838 33.88563919
v -18.47437668 107.10610962 34.04548264
v -18.40493011 108.30410004 34.04548264
v -18.47437668 107.10610962 34.04548264
v -18.81834602 108.32806396 34.09999847
v -18.81834602 108.32806396 34.09999847
v -18.47437668 107.10610962 34.04548264
v -18.88779259 107.13007355 34.09999847
v -19.68645287 107.17636871 30.89999962
v -18.88779259 107.13007355 30.89999962
v -19.61700439 108.37435913 30.89999962
v -19.61700439 108.37435913 30.89999962
v -18.88779259 107.13007355 30.89999962
v -18.81834602 108.32806396 30.89999962
v -19.61700439 108.37435913 34.09999847
v -19.68645287 107.17636871 34.09999847
v -20.03042221 108.39833069 34.04548264
v -20.03042221 108.39833069 34.04548264
v -19.68645287 107.17636871 34.09999847
v -20.09986877 107.20034027 34.04548264
v -20.03042221 108.39833069 34.04548264
v -20.09986877 107.20034027 34.04548264
v -20.41566467 108.42066193 33.88563919
v -20.41566467 108.42066193 33.88563919
v -20.09986877 107.20034027 34.04548264
v -20.48511124 107.22267151 33.88563919
v -20.41566467 108.42066193 33.88563919
v -20.48511124 107.22267151 33.88563919
v -20.74647903 108.43983459 33.63137054
v -20.74647903 108.43983459 33.63137054
v -20.48511124 107.22267151 33.88563919
v -20.81592751 107.24185181 33.63137054
v -20.74647903 108.43983459 33.63137054
v -20.81592751 107.24185181 33.63137054
v -21.00032425 108.45455170 33.29999924
v -21.00032425 108.45455170 33.29999924
v -20.81592751 107.24185181 33.63137054
v -21.06977081 107.25656128 33.29999924
v -21.00032425 108.45455170 33.29999924
v -21.06977081 107.25656128 33.29999924
v -21.15989685 108.46380615 32.91411209
v -21.15989685 108.46380615 32.91411209
v -21.06977081 107.25656128 33.29999924
v -21.22934341 107.26581573 32.91411209
v -21.15989685 108.46380615 32.91411209
v -21.22934341 107.26581573 32.91411209
v -21.21432304 108.46695709 32.50000000
v -21.21432304 108.46695709 32.50000000
v -21.22934341 107.26581573 32.91411209
v -21.28377151 107.26896667 32.50000000
v -21.21432304 108.46695709 32.50000000
v -21.28377151 107.26896667 32.50000000
v -21.15989685 108.46380615 32.08588791
v -21.15989685 108.46380615 32.08588791
v -21.28377151 107.26896667 32.50000000
v -21.22934341 107.26581573 32.08588791
v -21.15989685 108.46380615 32.08588791
v -21.22934341 107.26581573 32.08588791
v -21.00032425 108.45455170 31.70000076
v -21.00032425 108.45455170 31.70000076
v -21.22934341 107.26581573 32.08588791
v -21.06977081 107.25656128 31.70000076
v -21.00032425 108.45455170 31.70000076
v -21.06977081 107.25656128 31.70000076
v -20.74647903 108.43983459 31.36862946
v -20.74647903 108.43983459 31.36862946
v -21.06977081 107.25656128 31.70000076
v -20.81592751 107.24185181 31.36862946
v -20.74647903 108.43983459 31.36862946
v -20.81592751 107.24185181 31.36862946
v -20.41566467 108.42066193 31.11435890
v -20.41566467 108.42066193 31.11435890
v -20.81592751 107.24185181 31.36862946
v -20.48511124 107.22267151 31.11435890
v -20.41566467 108.42066193 31.11435890
v -20.48511124 107.22267151 31.11435890
v -20.03042221 108.39833069 30.95451927
v -20.03042221 108.39833069 30.95451927
v -20.48511124 107.22267151 31.11435890
v -20.09986877 107.20034027 30.95451927
v -20.03042221 108.39833069 30.95451927
v -20.09986877 107.20034027 30.95451927
v -19.61700439 108.37435913 30.89999962
v -19.61700439 108.37435913 30.89999962
v -20.09986877 107.20034027 30.95451927
v -19.68645287 107.17636871 30.89999962
v -18.88779259 107.13007355 34.09999847
v -19.68645287 107.17636871 34.09999847
v -18.81834602 108.32806396 34.09999847
v -18.81834602 108.32806396 34.09999847
v -19.68645287 107.17636871 34.09999847
v -19.61700439 108.37435913 34.09999847
v -63.74292374 110.93234253 30.89999962
v -63.81237030 109.73435211 30.89999962
v -63.32950974 110.90837097 30.95451927
v -63.32950974 110.90837097 30.95451927
v -63.81237030 109.73435211 30.89999962
v -63.39895630 109.71038818 30.95451927
v -63.32950974 110.90837097 30.95451927
v -63.39895630 109.71038818 30.95451927
v -62.94426346 110.88603973 31.11435890
v -62.94426346 110.88603973 31.11435890
v -63.39895630 109.71038818 30.95451927
v -63.01371384 109.68804932 31.11435890
v -62.94426346 110.88603973 31.11435890
v -63.01371384 109.68804932 31.11435890
v -62.61344910 110.86686707 31.36862946
v -62.61344910 110.86686707 31.36862946
v -63.01371384 109.68804932 31.11435890
v -62.68289566 109.66887665 31.36862946
v -62.61344910 110.86686707 31.36862946
v -62.68289566 109.66887665 31.36862946
v -62.35960770 110.85214996 31.70000076
v -62.35960770 110.85214996 31.70000076
v -62.68289566 109.66887665 31.36862946
v -62.42905426 109.65415955 31.70000076
v -62.35960770 110.85214996 31.70000076
v -62.42905426 109.65415955 31.70000076
v -62.20003510 110.84289551 32.08588791
v -62.20003510 110.84289551 32.08588791
v -62.42905426 109.65415955 31.70000076
v -62.26948166 109.64491272 32.08588791
v -62.20003510 110.84289551 32.08588791
v -62.26948166 109.64491272 32.08588791
v -62.14560699 110.83974457 32.50000000
v -62.14560699 110.83974457 32.50000000
v -62.26948166 109.64491272 32.08588791
v -62.21505356 109.64175415 32.50000000
v -62.14560699 110.83974457 32.50000000
v -62.21505356 109.64175415 32.50000000
v -62.20003510 110.84289551 32.91411209
v -62.20003510 110.84289551 32.91411209
v -62.21505356 109.64175415 32.50000000
v -62.26948166 109.64491272 32.91411209
v -62.20003510 110.84289551 32.91411209
v -62.26948166 109.64491272 32.91411209
v -62.35960770 110.85214996 33.29999924
v -62.35960770 110.85214996 33.29999924
v -62.26948166 109.64491272 32.91411209
v -62.42905426 109.65415955 33.29999924
v -62.35960770 110.85214996 33.29999924
v -62.42905426 109.65415955 33.29999924
v -62.61344910 110.86686707 33.63137054
v -62.61344910 110.86686707 33.63137054
v -62.42905426 109.65415955 33.29999924
v -62.68289566 109.66887665 33.63137054
v -62.61344910 110.86686707 33.63137054
v -62.68289566 109.66887665 33.63137054
v -62.94426346 110.88603973 33.88563919
v -62.94426346 110.88603973 33.88563919
v -62.68289566 109.66887665 33.63137054
v -63.01371384 109.68804932 33.88563919
v -62.94426346 110.88603973 33.88563919
v -63.01371384 109.68804932 33.88563919
v -63.32950974 110.90837097 34.04548264
v -63.32950974 110.90837097 34.04548264
v -63.01371384 109.68804932 33.88563919
v -63.39895630 109.71038818 34.04548264
v -63.32950974 110.90837097 34.04548264
v -63.39895630 109.71038818 34.04548264
v -63.74292374 110.93234253 34.09999847
v -63.74292374 110.93234253 34.09999847
v -63.39895630 109.71038818 34.04548264
v -63.81237030 109.73435211 34.09999847
v -64.61103058 109.78064728 30.89999962
v -63.81237030 109.73435211 30.89999962
v -64.54158020 110.97863770 30.89999962
v -64.54158020 110.97863770 30.89999962
v -63.81237030 109.73435211 30.89999962
v -63.74292374 110.93234253 30.89999962
v -64.54158020 110.97863770 34.09999847
v -64.61103058 109.78064728 34.09999847
v -64.95500183 111.00260162 34.04548264
v -64.95500183 111.00260162 34.04548264
v -64.61103058 109.78064728 34.09999847
v -65.02444458 109.80461884 34.04548264
v -64.95500183 111.00260162 34.04548264
v -65.02444458 109.80461884 34.04548264
v -65.34024048 111.02493286 33.88563919
v -65.34024048 111.02493286 33.88563919
v -65.02444458 109.80461884 34.04548264
v -65.40969086 109.82695007 33.88563919
v -65.34024048 111.02493286 33.88563919
v -65.40969086 109.82695007 33.88563919
v -65.67105865 111.04411316 33.63137054
v -65.67105865 111.04411316 33.63137054
v -65.40969086 109.82695007 33.88563919
v -65.74050903 109.84612274 33.63137054
v -65.67105865 111.04411316 33.63137054
v -65.74050903 109.84612274 33.63137054
v -65.92490387 111.05883026 33.29999924
v -65.92490387 111.05883026 33.29999924
v -65.74050903 109.84612274 33.63137054
v -65.99434662 109.86083984 33.29999924
v -65.92490387 111.05883026 33.29999924
v -65.99434662 109.86083984 33.29999924
v -66.08447266 111.06807709 32.91411209
v -66.08447266 111.06807709 32.91411209
v -65.99434662 109.86083984 33.29999924
v -66.15392303 109.87009430 32.91411209
v -66.08447266 111.06807709 32.91411209
v -66.15392303 109.87009430 32.91411209
v -66.13890076 111.07123566 32.50000000
v -66.13890076 111.07123566 32.50000000
v -66.15392303 109.87009430 32.91411209
v -66.20835114 109.87324524 32.50000000
v -66.13890076 111.07123566 32.50000000
v -66.20835114 109.87324524 32.50000000
v -66.08447266 111.06807709 32.08588791
v -66.08447266 111.06807709 32.08588791
v -66.20835114 109.87324524 32.50000000
v -66.15392303 109.87009430 32.08588791
v -66.08447266 111.06807709 32.08588791
v -66.15392303 109.87009430 32.08588791
v -65.92490387 111.05883026 31.70000076
v -65.92490387 111.05883026 31.70000076
v -66.15392303 109.87009430 32.08588791
v -65.99434662 109.86083984 31.70000076
v -65.92490387 111.05883026 31.70000076
v -65.99434662 109.86083984 31.70000076
v -65.67105865 111.04411316 31.36862946
v -65.67105865 111.04411316 31.36862946
v -65.99434662 109.86083984 31.70000076
v -65.74050903 109.84612274 31.36862946
v -65.67105865 111.04411316 31.36862946
v -65.74050903 109.84612274 31.36862946
v -65.34024048 111.02493286 31.11435890
v -65.34024048 111.02493286 31.11435890
v -65.74050903 109.84612274 31.36862946
v -65.40969086 109.82695007 31.11435890
v -65.34024048 111.02493286 31.11435890
v -65.40969086 109.82695007 31.11435890
v -64.95500183 111.00260162 30.95451927
v -64.95500183 111.00260162 30.95451927
v -65.40969086 109.82695007 31.11435890
v -65.02444458 109.80461884 30.95451927
v -64.95500183 111.00260162 30.95451927
v -65.02444458 109.80461884 30.95451927
v -64.54158020 110.97863770 30.89999962
v -64.54158020 110.97863770 30.89999962
v -65.02444458 109.80461884 30.95451927
v -64.61103058 109.78064728 30.89999962
v -63.81237030 109.73435211 34.09999847
v -64.61103058 109.78064728 34.09999847
v -63.74292374 110.93234253 34.09999847
v -63.74292374 110.93234253 34.09999847
v -64.61103058 109.78064728 34.09999847
v -64.54158020 110.97863770 34.09999847
v 1.05463803 109.93495941 26.76843834
v -7.05230856 110.40491486 26.76843834
v 1.07439792 110.27582550 26.55609322
v 1.07439792 110.27582550 26.55609322
v -7.05230856 110.40491486 26.76843834
v -15.15925503 110.87487793 26.76843834
v 1.07439792 110.27582550 26.55609322
v -15.15925503 110.87487793 26.76843834
v -23.26620102 111.34484100 26.76843834
v -23.26620102 111.34484100 26.76843834
v -15.15925503 110.87487793 26.76843834
v -23.28851509 110.95990753 26.88245773
v -23.26620102 111.34484100 26.76843834
v -23.28851509 110.95990753 26.88245773
v -31.39546204 111.42986298 26.88245773
v -31.39546204 111.42986298 26.88245773
v -23.28851509 110.95990753 26.88245773
v -31.41872787 111.02852631 26.88995743
v -31.39546204 111.42986298 26.88245773
v -31.41872787 111.02852631 26.88995743
v -39.52567291 111.49848938 26.88995743
v -39.52567291 111.49848938 26.88995743
v -31.41872787 111.02852631 26.88995743
v -39.54821777 111.10958099 26.79039955
v -39.52567291 111.49848938 26.88995743
v -39.54821777 111.10958099 26.79039955
v -47.65516663 111.57953644 26.79039955
v -47.65516663 111.57953644 26.79039955
v -39.54821777 111.10958099 26.79039955
v 0.96630853 108.41124725 26.59093666
v -47.65516663 111.57953644 26.79039955
v 0.96630853 108.41124725 26.59093666
v -96.31704712 114.05076599 26.59093666
v -7.05230856 110.40491486 26.76843834
v 1.05463803 109.93495941 26.76843834
v -7.07462263 110.01998901 26.88245773
v -7.07462263 110.01998901 26.88245773
v 1.05463803 109.93495941 26.76843834
v 1.03232360 109.55002594 26.88245773
v -7.07462263 110.01998901 26.88245773
v 1.03232360 109.55002594 26.88245773
v -7.09788847 109.61865234 26.88995743
v -7.09788847 109.61865234 26.88995743
v 1.03232360 109.55002594 26.88245773
v 1.00905800 109.14868927 26.88995743
v -7.09788847 109.61865234 26.88995743
v 1.00905800 109.14868927 26.88995743
v -7.12043333 109.22974396 26.79039955
v -7.12043333 109.22974396 26.79039955
v 1.00905800 109.14868927 26.88995743
v 0.98651308 108.75978088 26.79039955
v -7.12043333 109.22974396 26.79039955
v 0.98651308 108.75978088 26.79039955
v 0.96630853 108.41124725 26.59093666
v -96.29982758 114.34784698 26.76840973
v -88.18989563 113.92933655 26.79039955
v -96.31704712 114.05076599 26.59093666
v -96.31704712 114.05076599 26.59093666
v -88.18989563 113.92933655 26.79039955
v -80.08295441 113.45938110 26.79039955
v -96.31704712 114.05076599 26.59093666
v -80.08295441 113.45938110 26.79039955
v -71.97600555 112.98941803 26.79039955
v -71.97600555 112.98941803 26.79039955
v -80.08295441 113.45938110 26.79039955
v -71.95346069 113.37832642 26.88995743
v -71.97600555 112.98941803 26.79039955
v -71.95346069 113.37832642 26.88995743
v -63.84651184 112.90836334 26.88995743
v -63.84651184 112.90836334 26.88995743
v -71.95346069 113.37832642 26.88995743
v -63.82324600 113.30970764 26.88245773
v -63.84651184 112.90836334 26.88995743
v -63.82324600 113.30970764 26.88245773
v -55.71630096 112.83974457 26.88245773
v -55.71630096 112.83974457 26.88245773
v -63.82324600 113.30970764 26.88245773
v -55.69398499 113.22467804 26.76843834
v -55.71630096 112.83974457 26.88245773
v -55.69398499 113.22467804 26.76843834
v -47.58703995 112.75471497 26.76843834
v -47.58703995 112.75471497 26.76843834
v -55.69398499 113.22467804 26.76843834
v 1.07439792 110.27582550 26.55609322
v -47.58703995 112.75471497 26.76843834
v 1.07439792 110.27582550 26.55609322
v -39.48009491 112.28475952 26.76843834
v -39.48009491 112.28475952 26.76843834
v 1.07439792 110.27582550 26.55609322
v -31.37314796 111.81479645 26.76843834
v -39.48009491 112.28475952 26.76843834
v -31.37314796 111.81479645 26.76843834
v -39.50240707 111.89982605 26.88245773
v -39.50240707 111.89982605 26.88245773
v -31.37314796 111.81479645 26.76843834
v -31.39546204 111.42986298 26.88245773
v -39.50240707 111.89982605 26.88245773
v -31.39546204 111.42986298 26.88245773
v -39.52567291 111.49848938 26.88995743
v -96.29982758 114.34784698 26.76840973
v -96.28070831 114.67766571 26.87286758
v -88.18989563 113.92933655 26.79039955
v -88.18989563 113.92933655 26.79039955
v -96.28070831 114.67766571 26.87286758
v -88.16735077 114.31824493 26.88995743
v -88.18989563 113.92933655 26.79039955
v -88.16735077 114.31824493 26.88995743
v -80.06040192 113.84828949 26.88995743
v -80.06040192 113.84828949 26.88995743
v -88.16735077 114.31824493 26.88995743
v -80.03713989 114.24962616 26.88245773
v -80.06040192 113.84828949 26.88995743
v -80.03713989 114.24962616 26.88245773
v -71.93019104 113.77966309 26.88245773
v -71.93019104 113.77966309 26.88245773
v -80.03713989 114.24962616 26.88245773
v -71.90788269 114.16459656 26.76843834
v -71.93019104 113.77966309 26.88245773
v -71.90788269 114.16459656 26.76843834
v -63.80093384 113.69463348 26.76843834
v -63.80093384 113.69463348 26.76843834
v -71.90788269 114.16459656 26.76843834
v -96.16801453 115.66505432 26.72217941
v -63.80093384 113.69463348 26.76843834
v -96.16801453 115.66505432 26.72217941
v 1.07439792 110.27582550 26.55609322
v 1.07439792 110.27582550 26.55609322
v -96.16801453 115.66505432 26.72217941
v -95.99237823 115.90278625 26.55609322
v -96.28070831 114.67766571 26.87286758
v -96.26071167 115.02260590 26.89873886
v -88.16735077 114.31824493 26.88995743
v -88.16735077 114.31824493 26.88995743
v -96.26071167 115.02260590 26.89873886
v -88.14408875 114.71958160 26.88245773
v -88.16735077 114.31824493 26.88995743
v -88.14408875 114.71958160 26.88245773
v -80.03713989 114.24962616 26.88245773
v -80.03713989 114.24962616 26.88245773
v -88.14408875 114.71958160 26.88245773
v -80.01482391 114.63455200 26.76843834
v -80.03713989 114.24962616 26.88245773
v -80.01482391 114.63455200 26.76843834
v -71.90788269 114.16459656 26.76843834
v -71.90788269 114.16459656 26.76843834
v -80.01482391 114.63455200 26.76843834
v -96.16801453 115.66505432 26.72217941
v -96.26071167 115.02260590 26.89873886
v -96.24090576 115.36427307 26.84463882
v -88.14408875 114.71958160 26.88245773
v -88.14408875 114.71958160 26.88245773
v -96.24090576 115.36427307 26.84463882
v -88.12177277 115.10451508 26.76843834
v -88.14408875 114.71958160 26.88245773
v -88.12177277 115.10451508 26.76843834
v -80.01482391 114.63455200 26.76843834
v -80.01482391 114.63455200 26.76843834
v -88.12177277 115.10451508 26.76843834
v -96.16801453 115.66505432 26.72217941
v -96.24090576 115.36427307 26.84463882
v -96.21810913 115.51899719 26.79144478
v -88.12177277 115.10451508 26.76843834
v -88.12177277 115.10451508 26.76843834
v -96.21810913 115.51899719 26.79144478
v -96.16801453 115.66505432 26.72217941
v -31.37314796 111.81479645 26.76843834
v 1.07439792 110.27582550 26.55609322
v -23.26620102 111.34484100 26.76843834
v -15.15925503 110.87487793 26.76843834
v -7.05230856 110.40491486 26.76843834
v -15.18156910 110.48994446 26.88245773
v -15.18156910 110.48994446 26.88245773
v -7.05230856 110.40491486 26.76843834
v -7.07462263 110.01998901 26.88245773
v -15.18156910 110.48994446 26.88245773
v -7.07462263 110.01998901 26.88245773
v -15.20483494 110.08860779 26.88995743
v -15.20483494 110.08860779 26.88995743
v -7.07462263 110.01998901 26.88245773
v -7.09788847 109.61865234 26.88995743
v -15.20483494 110.08860779 26.88995743
v -7.09788847 109.61865234 26.88995743
v -15.22737980 109.69969940 26.79039955
v -15.22737980 109.69969940 26.79039955
v -7.09788847 109.61865234 26.88995743
v -7.12043333 109.22974396 26.79039955
v -15.22737980 109.69969940 26.79039955
v -7.12043333 109.22974396 26.79039955
v 0.96630853 108.41124725 26.59093666
v -31.39546204 111.42986298 26.88245773
v -31.37314796 111.81479645 26.76843834
v -23.26620102 111.34484100 26.76843834
v -63.80093384 113.69463348 26.76843834
v 1.07439792 110.27582550 26.55609322
v -55.69398499 113.22467804 26.76843834
v -47.58703995 112.75471497 26.76843834
v -39.48009491 112.28475952 26.76843834
v -47.60935593 112.36978912 26.88245773
v -47.60935593 112.36978912 26.88245773
v -39.48009491 112.28475952 26.76843834
v -39.50240707 111.89982605 26.88245773
v -47.60935593 112.36978912 26.88245773
v -39.50240707 111.89982605 26.88245773
v -47.63262177 111.96844482 26.88995743
v -47.63262177 111.96844482 26.88995743
v -39.50240707 111.89982605 26.88245773
v -39.52567291 111.49848938 26.88995743
v -47.63262177 111.96844482 26.88995743
v -39.52567291 111.49848938 26.88995743
v -47.65516663 111.57953644 26.79039955
v -71.93019104 113.77966309 26.88245773
v -63.80093384 113.69463348 26.76843834
v -63.82324600 113.30970764 26.88245773
v -63.82324600 113.30970764 26.88245773
v -63.80093384 113.69463348 26.76843834
v -55.69398499 113.22467804 26.76843834
v -15.15925503 110.87487793 26.76843834
v -15.18156910 110.48994446 26.88245773
v -23.28851509 110.95990753 26.88245773
v -23.28851509 110.95990753 26.88245773
v -15.18156910 110.48994446 26.88245773
v -23.31178093 110.55857086 26.88995743
v -23.28851509 110.95990753 26.88245773
v -23.31178093 110.55857086 26.88995743
v -31.41872787 111.02852631 26.88995743
v -31.41872787 111.02852631 26.88995743
v -23.31178093 110.55857086 26.88995743
v -31.44127274 110.63961792 26.79039955
v -31.41872787 111.02852631 26.88995743
v -31.44127274 110.63961792 26.79039955
v -39.54821777 111.10958099 26.79039955
v -39.54821777 111.10958099 26.79039955
v -31.44127274 110.63961792 26.79039955
v 0.96630853 108.41124725 26.59093666
v -23.31178093 110.55857086 26.88995743
v -15.18156910 110.48994446 26.88245773
v -15.20483494 110.08860779 26.88995743
v -47.58703995 112.75471497 26.76843834
v -47.60935593 112.36978912 26.88245773
v -55.71630096 112.83974457 26.88245773
v -55.71630096 112.83974457 26.88245773
v -47.60935593 112.36978912 26.88245773
v -55.73956680 112.43840790 26.88995743
v -55.71630096 112.83974457 26.88245773
v -55.73956680 112.43840790 26.88995743
v -63.84651184 112.90836334 26.88995743
v -63.84651184 112.90836334 26.88995743
v -55.73956680 112.43840790 26.88995743
v -63.86905670 112.51945496 26.79039955
v -63.84651184 112.90836334 26.88995743
v -63.86905670 112.51945496 26.79039955
v -71.97600555 112.98941803 26.79039955
v -71.97600555 112.98941803 26.79039955
v -63.86905670 112.51945496 26.79039955
v -96.31704712 114.05076599 26.59093666
v -55.73956680 112.43840790 26.88995743
v -47.60935593 112.36978912 26.88245773
v -47.63262177 111.96844482 26.88995743
v -80.06040192 113.84828949 26.88995743
v -71.93019104 113.77966309 26.88245773
v -71.95346069 113.37832642 26.88995743
v -71.95346069 113.37832642 26.88995743
v -71.93019104 113.77966309 26.88245773
v -63.82324600 113.30970764 26.88245773
v -23.31178093 110.55857086 26.88995743
v -15.20483494 110.08860779 26.88995743
v -23.33432579 110.16966248 26.79039955
v -23.33432579 110.16966248 26.79039955
v -15.20483494 110.08860779 26.88995743
v -15.22737980 109.69969940 26.79039955
v -23.33432579 110.16966248 26.79039955
v -15.22737980 109.69969940 26.79039955
v 0.96630853 108.41124725 26.59093666
v -55.73956680 112.43840790 26.88995743
v -47.63262177 111.96844482 26.88995743
v -55.76211166 112.04949951 26.79039955
v -55.76211166 112.04949951 26.79039955
v -47.63262177 111.96844482 26.88995743
v -47.65516663 111.57953644 26.79039955
v -55.76211166 112.04949951 26.79039955
v -47.65516663 111.57953644 26.79039955
v -96.31704712 114.05076599 26.59093666
v -88.18989563 113.92933655 26.79039955
v -80.06040192 113.84828949 26.88995743
v -80.08295441 113.45938110 26.79039955
v -80.08295441 113.45938110 26.79039955
v -80.06040192 113.84828949 26.88995743
v -71.95346069 113.37832642 26.88995743
v 0.96630853 108.41124725 26.59093666
v -31.44127274 110.63961792 26.79039955
v -23.33432579 110.16966248 26.79039955
v -23.33432579 110.16966248 26.79039955
v -31.44127274 110.63961792 26.79039955
v -23.31178093 110.55857086 26.88995743
v -96.31704712 114.05076599 26.59093666
v -63.86905670 112.51945496 26.79039955
v -55.76211166 112.04949951 26.79039955
v -55.76211166 112.04949951 26.79039955
v -63.86905670 112.51945496 26.79039955
v -55.73956680 112.43840790 26.88995743
v 1.09644043 110.65606689 26.55492783
v -1.84497714 110.82657623 26.55492783
v 1.10125887 110.73918152 26.66290474
v 1.10125887 110.73918152 26.66290474
v -1.84497714 110.82657623 26.55492783
v -4.78639460 110.99709320 26.55492783
v 1.10125887 110.73918152 26.66290474
v -4.78639460 110.99709320 26.55492783
v -7.72781229 111.16760254 26.55492783
v -7.72781229 111.16760254 26.55492783
v -4.78639460 110.99709320 26.55492783
v -7.73489857 111.04535675 26.49495316
v -7.72781229 111.16760254 26.55492783
v -7.73489857 111.04535675 26.49495316
v -10.67631626 111.21587372 26.49495316
v -10.67631626 111.21587372 26.49495316
v -7.73489857 111.04535675 26.49495316
v -10.68420696 111.07975769 26.49537086
v -10.67631626 111.21587372 26.49495316
v -10.68420696 111.07975769 26.49537086
v -13.62562466 111.25026703 26.49537086
v -13.62562466 111.25026703 26.49537086
v -10.68420696 111.07975769 26.49537086
v 1.07439792 110.27582550 26.55609322
v -13.62562466 111.25026703 26.49537086
v 1.07439792 110.27582550 26.55609322
v -16.56704140 111.42078400 26.49537086
v -16.56704140 111.42078400 26.49537086
v 1.07439792 110.27582550 26.55609322
v -19.50845909 111.59129333 26.49537086
v -16.56704140 111.42078400 26.49537086
v -19.50845909 111.59129333 26.49537086
v -16.55915070 111.55690002 26.49495316
v -16.55915070 111.55690002 26.49495316
v -19.50845909 111.59129333 26.49537086
v -19.50056839 111.72741699 26.49495316
v -16.55915070 111.55690002 26.49495316
v -19.50056839 111.72741699 26.49495316
v -16.55206490 111.67914581 26.55492783
v -16.55206490 111.67914581 26.55492783
v -19.50056839 111.72741699 26.49495316
v -19.49348259 111.84966278 26.55492783
v -16.55206490 111.67914581 26.55492783
v -19.49348259 111.84966278 26.55492783
v 1.10125887 110.73918152 26.66290474
v 1.10125887 110.73918152 26.66290474
v -19.49348259 111.84966278 26.55492783
v -22.43490028 112.02017212 26.55492783
v 1.10125887 110.73918152 26.66290474
v -22.43490028 112.02017212 26.55492783
v -25.37631798 112.19068909 26.55492783
v -25.37631798 112.19068909 26.55492783
v -22.43490028 112.02017212 26.55492783
v -25.38340378 112.06844330 26.49495316
v -25.37631798 112.19068909 26.55492783
v -25.38340378 112.06844330 26.49495316
v -28.32482147 112.23896027 26.49495316
v -28.32482147 112.23896027 26.49495316
v -25.38340378 112.06844330 26.49495316
v -28.33271217 112.10283661 26.49537086
v -28.32482147 112.23896027 26.49495316
v -28.33271217 112.10283661 26.49537086
v -31.27412987 112.27335358 26.49537086
v -31.27412987 112.27335358 26.49537086
v -28.33271217 112.10283661 26.49537086
v 1.07439792 110.27582550 26.55609322
v -31.27412987 112.27335358 26.49537086
v 1.07439792 110.27582550 26.55609322
v -34.21554947 112.44386292 26.49537086
v -34.21554947 112.44386292 26.49537086
v 1.07439792 110.27582550 26.55609322
v -37.15696716 112.61437988 26.49537086
v -34.21554947 112.44386292 26.49537086
v -37.15696716 112.61437988 26.49537086
v -34.20765686 112.57998657 26.49495316
v -34.20765686 112.57998657 26.49495316
v -37.15696716 112.61437988 26.49537086
v -37.14907455 112.75049591 26.49495316
v -34.20765686 112.57998657 26.49495316
v -37.14907455 112.75049591 26.49495316
v -34.20056915 112.70223236 26.55492783
v -34.20056915 112.70223236 26.55492783
v -37.14907455 112.75049591 26.49495316
v -37.14198685 112.87274170 26.55492783
v -34.20056915 112.70223236 26.55492783
v -37.14198685 112.87274170 26.55492783
v 1.10125887 110.73918152 26.66290474
v 1.10125887 110.73918152 26.66290474
v -37.14198685 112.87274170 26.55492783
v -40.08340454 113.04325867 26.55492783
v 1.10125887 110.73918152 26.66290474
v -40.08340454 113.04325867 26.55492783
v -43.02482224 113.21377563 26.55492783
v -43.02482224 113.21377563 26.55492783
v -40.08340454 113.04325867 26.55492783
v -43.03190994 113.09152985 26.49495316
v -43.02482224 113.21377563 26.55492783
v -43.03190994 113.09152985 26.49495316
v -45.97332764 113.26203918 26.49495316
v -45.97332764 113.26203918 26.49495316
v -43.03190994 113.09152985 26.49495316
v -45.98121643 113.12592316 26.49537086
v -45.97332764 113.26203918 26.49495316
v -45.98121643 113.12592316 26.49537086
v -48.92263412 113.29643250 26.49537086
v -48.92263412 113.29643250 26.49537086
v -45.98121643 113.12592316 26.49537086
v -95.99237823 115.90278625 26.55609322
v -48.92263412 113.29643250 26.49537086
v -95.99237823 115.90278625 26.55609322
v -51.86405182 113.46694946 26.49537086
v -51.86405182 113.46694946 26.49537086
v -95.99237823 115.90278625 26.55609322
v -54.80546951 113.63746643 26.49537086
v -51.86405182 113.46694946 26.49537086
v -54.80546951 113.63746643 26.49537086
v -51.85616302 113.60306549 26.49495316
v -51.85616302 113.60306549 26.49495316
v -54.80546951 113.63746643 26.49537086
v -54.79758072 113.77358246 26.49495316
v -51.85616302 113.60306549 26.49495316
v -54.79758072 113.77358246 26.49495316
v -51.84907532 113.72531128 26.55492783
v -51.84907532 113.72531128 26.55492783
v -54.79758072 113.77358246 26.49495316
v -54.79049301 113.89582825 26.55492783
v -51.84907532 113.72531128 26.55492783
v -54.79049301 113.89582825 26.55492783
v 1.10125887 110.73918152 26.66290474
v 1.10125887 110.73918152 26.66290474
v -54.79049301 113.89582825 26.55492783
v -57.73191071 114.06634521 26.55492783
v 1.10125887 110.73918152 26.66290474
v -57.73191071 114.06634521 26.55492783
v -60.67332840 114.23685455 26.55492783
v -60.67332840 114.23685455 26.55492783
v -57.73191071 114.06634521 26.55492783
v -60.68041611 114.11460876 26.49495316
v -60.67332840 114.23685455 26.55492783
v -60.68041611 114.11460876 26.49495316
v -63.62183380 114.28512573 26.49495316
v -63.62183380 114.28512573 26.49495316
v -60.68041611 114.11460876 26.49495316
v -63.62972260 114.14900208 26.49537086
v -63.62183380 114.28512573 26.49495316
v -63.62972260 114.14900208 26.49537086
v -66.57114410 114.31951904 26.49537086
v -66.57114410 114.31951904 26.49537086
v -63.62972260 114.14900208 26.49537086
v -95.99237823 115.90278625 26.55609322
v -66.57114410 114.31951904 26.49537086
v -95.99237823 115.90278625 26.55609322
v -69.51255798 114.49003601 26.49537086
v -69.51255798 114.49003601 26.49537086
v -95.99237823 115.90278625 26.55609322
v -72.45397949 114.66054535 26.49537086
v -69.51255798 114.49003601 26.49537086
v -72.45397949 114.66054535 26.49537086
v -69.50466919 114.62615204 26.49495316
v -69.50466919 114.62615204 26.49495316
v -72.45397949 114.66054535 26.49537086
v -72.44608307 114.79666901 26.49495316
v -69.50466919 114.62615204 26.49495316
v -72.44608307 114.79666901 26.49495316
v -69.49758148 114.74839783 26.55492783
v -69.49758148 114.74839783 26.55492783
v -72.44608307 114.79666901 26.49495316
v -72.43899536 114.91891479 26.55492783
v -69.49758148 114.74839783 26.55492783
v -72.43899536 114.91891479 26.55492783
v -95.39868927 116.26504517 26.56835747
v -95.39868927 116.26504517 26.56835747
v -72.43899536 114.91891479 26.55492783
v -75.38041687 115.08942413 26.55492783
v -95.39868927 116.26504517 26.56835747
v -75.38041687 115.08942413 26.55492783
v -78.32183075 115.25994110 26.55492783
v -78.32183075 115.25994110 26.55492783
v -75.38041687 115.08942413 26.55492783
v -78.32891846 115.13769531 26.49495316
v -78.32183075 115.25994110 26.55492783
v -78.32891846 115.13769531 26.49495316
v -81.27033997 115.30820465 26.49495316
v -81.27033997 115.30820465 26.49495316
v -78.32891846 115.13769531 26.49495316
v -81.27822876 115.17208862 26.49537086
v -81.27033997 115.30820465 26.49495316
v -81.27822876 115.17208862 26.49537086
v -84.21964264 115.34260559 26.49537086
v -84.21964264 115.34260559 26.49537086
v -81.27822876 115.17208862 26.49537086
v -95.99237823 115.90278625 26.55609322
v -84.21964264 115.34260559 26.49537086
v -95.99237823 115.90278625 26.55609322
v -87.16106415 115.51311493 26.49537086
v -87.16106415 115.51311493 26.49537086
v -95.99237823 115.90278625 26.55609322
v -90.10247803 115.68363190 26.49537086
v -87.16106415 115.51311493 26.49537086
v -90.10247803 115.68363190 26.49537086
v -87.15317535 115.64923859 26.49495316
v -87.15317535 115.64923859 26.49495316
v -90.10247803 115.68363190 26.49537086
v -90.09458923 115.81974792 26.49495316
v -87.15317535 115.64923859 26.49495316
v -90.09458923 115.81974792 26.49495316
v -87.14608765 115.77148438 26.55492783
v -87.14608765 115.77148438 26.55492783
v -90.09458923 115.81974792 26.49495316
v -90.08750153 115.94199371 26.55492783
v -87.14608765 115.77148438 26.55492783
v -90.08750153 115.94199371 26.55492783
v -95.39868927 116.26504517 26.56835747
v -95.39868927 116.26504517 26.56835747
v -90.08750153 115.94199371 26.55492783
v -93.02892303 116.11251068 26.55492783
v -95.39868927 116.26504517 26.56835747
v -93.02892303 116.11251068 26.55492783
v -95.61495972 116.17045593 26.50373650
v -95.61495972 116.17045593 26.50373650
v -93.02892303 116.11251068 26.55492783
v -93.03601074 115.99026489 26.49495316
v -95.61495972 116.17045593 26.50373650
v -93.03601074 115.99026489 26.49495316
v -95.81626129 116.04526520 26.48976707
v -95.81626129 116.04526520 26.48976707
v -93.03601074 115.99026489 26.49495316
v -93.04389954 115.85414124 26.49537086
v -95.81626129 116.04526520 26.48976707
v -93.04389954 115.85414124 26.49537086
v -95.99237823 115.90278625 26.55609322
v -95.99237823 115.90278625 26.55609322
v -93.04389954 115.85414124 26.49537086
v -90.10247803 115.68363190 26.49537086
v -1.84497714 110.82657623 26.55492783
v 1.09644043 110.65606689 26.55492783
v -1.85206366 110.70433044 26.49495316
v -1.85206366 110.70433044 26.49495316
v 1.09644043 110.65606689 26.55492783
v 1.08935392 110.53382111 26.49495316
v -1.85206366 110.70433044 26.49495316
v 1.08935392 110.53382111 26.49495316
v -1.85995448 110.56821442 26.49537086
v -1.85995448 110.56821442 26.49537086
v 1.08935392 110.53382111 26.49495316
v 1.08146310 110.39769745 26.49537086
v -1.85995448 110.56821442 26.49537086
v 1.08146310 110.39769745 26.49537086
v 1.07439792 110.27582550 26.55609322
v -95.99237823 115.90278625 26.55609322
v -45.98121643 113.12592316 26.49537086
v 1.07439792 110.27582550 26.55609322
v 1.07439792 110.27582550 26.55609322
v -45.98121643 113.12592316 26.49537086
v -43.03979874 112.95540619 26.49537086
v 1.07439792 110.27582550 26.55609322
v -43.03979874 112.95540619 26.49537086
v -40.09838104 112.78489685 26.49537086
v -40.09838104 112.78489685 26.49537086
v -43.03979874 112.95540619 26.49537086
v -40.09049225 112.92101288 26.49495316
v -40.09838104 112.78489685 26.49537086
v -40.09049225 112.92101288 26.49495316
v -37.14907455 112.75049591 26.49495316
v -37.14907455 112.75049591 26.49495316
v -40.09049225 112.92101288 26.49495316
v -37.14198685 112.87274170 26.55492783
v -95.18377686 116.32082367 26.66290474
v 1.10125887 110.73918152 26.66290474
v -95.39868927 116.26504517 26.56835747
v -95.39868927 116.26504517 26.56835747
v 1.10125887 110.73918152 26.66290474
v -69.49758148 114.74839783 26.55492783
v -4.78639460 110.99709320 26.55492783
v -1.84497714 110.82657623 26.55492783
v -4.79348135 110.87484741 26.49495316
v -4.79348135 110.87484741 26.49495316
v -1.84497714 110.82657623 26.55492783
v -1.85206366 110.70433044 26.49495316
v -4.79348135 110.87484741 26.49495316
v -1.85206366 110.70433044 26.49495316
v -4.80137205 110.73872375 26.49537086
v -4.80137205 110.73872375 26.49537086
v -1.85206366 110.70433044 26.49495316
v -1.85995448 110.56821442 26.49537086
v -4.80137205 110.73872375 26.49537086
v -1.85995448 110.56821442 26.49537086
v 1.07439792 110.27582550 26.55609322
v -7.72781229 111.16760254 26.55492783
v -10.66922951 111.33811951 26.55492783
v 1.10125887 110.73918152 26.66290474
v 1.10125887 110.73918152 26.66290474
v -10.66922951 111.33811951 26.55492783
v -13.61064720 111.50863647 26.55492783
v 1.10125887 110.73918152 26.66290474
v -13.61064720 111.50863647 26.55492783
v -16.55206490 111.67914581 26.55492783
v -16.55206490 111.67914581 26.55492783
v -13.61064720 111.50863647 26.55492783
v -16.55915070 111.55690002 26.49495316
v -7.72781229 111.16760254 26.55492783
v -10.67631626 111.21587372 26.49495316
v -10.66922951 111.33811951 26.55492783
v -10.66922951 111.33811951 26.55492783
v -10.67631626 111.21587372 26.49495316
v -13.61773396 111.38639069 26.49495316
v -10.66922951 111.33811951 26.55492783
v -13.61773396 111.38639069 26.49495316
v -13.61064720 111.50863647 26.55492783
v -13.61064720 111.50863647 26.55492783
v -13.61773396 111.38639069 26.49495316
v -16.55915070 111.55690002 26.49495316
v -22.43490028 112.02017212 26.55492783
v -19.49348259 111.84966278 26.55492783
v -22.44198608 111.89792633 26.49495316
v -22.44198608 111.89792633 26.49495316
v -19.49348259 111.84966278 26.55492783
v -19.50056839 111.72741699 26.49495316
v -22.44198608 111.89792633 26.49495316
v -19.50056839 111.72741699 26.49495316
v -22.44987679 111.76181030 26.49537086
v -22.44987679 111.76181030 26.49537086
v -19.50056839 111.72741699 26.49495316
v -19.50845909 111.59129333 26.49537086
v -22.44987679 111.76181030 26.49537086
v -19.50845909 111.59129333 26.49537086
v 1.07439792 110.27582550 26.55609322
v -25.37631798 112.19068909 26.55492783
v -28.31773567 112.36120605 26.55492783
v 1.10125887 110.73918152 26.66290474
v 1.10125887 110.73918152 26.66290474
v -28.31773567 112.36120605 26.55492783
v -31.25915337 112.53171539 26.55492783
v 1.10125887 110.73918152 26.66290474
v -31.25915337 112.53171539 26.55492783
v -34.20056915 112.70223236 26.55492783
v -34.20056915 112.70223236 26.55492783
v -31.25915337 112.53171539 26.55492783
v -34.20765686 112.57998657 26.49495316
v -25.37631798 112.19068909 26.55492783
v -28.32482147 112.23896027 26.49495316
v -28.31773567 112.36120605 26.55492783
v -28.31773567 112.36120605 26.55492783
v -28.32482147 112.23896027 26.49495316
v -31.26623917 112.40946960 26.49495316
v -28.31773567 112.36120605 26.55492783
v -31.26623917 112.40946960 26.49495316
v -31.25915337 112.53171539 26.55492783
v -31.25915337 112.53171539 26.55492783
v -31.26623917 112.40946960 26.49495316
v -34.20765686 112.57998657 26.49495316
v -43.03190994 113.09152985 26.49495316
v -40.08340454 113.04325867 26.55492783
v -40.09049225 112.92101288 26.49495316
v -40.09049225 112.92101288 26.49495316
v -40.08340454 113.04325867 26.55492783
v -37.14198685 112.87274170 26.55492783
v -43.02482224 113.21377563 26.55492783
v -45.96623993 113.38428497 26.55492783
v 1.10125887 110.73918152 26.66290474
v 1.10125887 110.73918152 26.66290474
v -45.96623993 113.38428497 26.55492783
v -48.90765762 113.55480194 26.55492783
v 1.10125887 110.73918152 26.66290474
v -48.90765762 113.55480194 26.55492783
v -51.84907532 113.72531128 26.55492783
v -51.84907532 113.72531128 26.55492783
v -48.90765762 113.55480194 26.55492783
v -51.85616302 113.60306549 26.49495316
v -43.02482224 113.21377563 26.55492783
v -45.97332764 113.26203918 26.49495316
v -45.96623993 113.38428497 26.55492783
v -45.96623993 113.38428497 26.55492783
v -45.97332764 113.26203918 26.49495316
v -48.91474533 113.43255615 26.49495316
v -45.96623993 113.38428497 26.55492783
v -48.91474533 113.43255615 26.49495316
v -48.90765762 113.55480194 26.55492783
v -48.90765762 113.55480194 26.55492783
v -48.91474533 113.43255615 26.49495316
v -51.85616302 113.60306549 26.49495316
v -57.73191071 114.06634521 26.55492783
v -54.79049301 113.89582825 26.55492783
v -57.73899841 113.94409943 26.49495316
v -57.73899841 113.94409943 26.49495316
v -54.79049301 113.89582825 26.55492783
v -54.79758072 113.77358246 26.49495316
v -57.73899841 113.94409943 26.49495316
v -54.79758072 113.77358246 26.49495316
v -57.74688721 113.80797577 26.49537086
v -57.74688721 113.80797577 26.49537086
v -54.79758072 113.77358246 26.49495316
v -54.80546951 113.63746643 26.49537086
v -57.74688721 113.80797577 26.49537086
v -54.80546951 113.63746643 26.49537086
v -95.99237823 115.90278625 26.55609322
v -60.67332840 114.23685455 26.55492783
v -63.61474609 114.40737152 26.55492783
v 1.10125887 110.73918152 26.66290474
v 1.10125887 110.73918152 26.66290474
v -63.61474609 114.40737152 26.55492783
v -66.55615997 114.57788086 26.55492783
v 1.10125887 110.73918152 26.66290474
v -66.55615997 114.57788086 26.55492783
v -69.49758148 114.74839783 26.55492783
v -69.49758148 114.74839783 26.55492783
v -66.55615997 114.57788086 26.55492783
v -69.50466919 114.62615204 26.49495316
v -60.67332840 114.23685455 26.55492783
v -63.62183380 114.28512573 26.49495316
v -63.61474609 114.40737152 26.55492783
v -63.61474609 114.40737152 26.55492783
v -63.62183380 114.28512573 26.49495316
v -66.56324768 114.45563507 26.49495316
v -63.61474609 114.40737152 26.55492783
v -66.56324768 114.45563507 26.49495316
v -66.55615997 114.57788086 26.55492783
v -66.55615997 114.57788086 26.55492783
v -66.56324768 114.45563507 26.49495316
v -69.50466919 114.62615204 26.49495316
v -75.38041687 115.08942413 26.55492783
v -72.43899536 114.91891479 26.55492783
v -75.38750458 114.96717834 26.49495316
v -75.38750458 114.96717834 26.49495316
v -72.43899536 114.91891479 26.55492783
v -72.44608307 114.79666901 26.49495316
v -75.38750458 114.96717834 26.49495316
v -72.44608307 114.79666901 26.49495316
v -75.39539337 114.83106232 26.49537086
v -75.39539337 114.83106232 26.49537086
v -72.44608307 114.79666901 26.49495316
v -72.45397949 114.66054535 26.49537086
v -75.39539337 114.83106232 26.49537086
v -72.45397949 114.66054535 26.49537086
v -95.99237823 115.90278625 26.55609322
v -78.32183075 115.25994110 26.55492783
v -81.26325226 115.43045044 26.55492783
v -95.39868927 116.26504517 26.56835747
v -95.39868927 116.26504517 26.56835747
v -81.26325226 115.43045044 26.55492783
v -84.20466614 115.60096741 26.55492783
v -95.39868927 116.26504517 26.56835747
v -84.20466614 115.60096741 26.55492783
v -87.14608765 115.77148438 26.55492783
v -87.14608765 115.77148438 26.55492783
v -84.20466614 115.60096741 26.55492783
v -87.15317535 115.64923859 26.49495316
v -78.32183075 115.25994110 26.55492783
v -81.27033997 115.30820465 26.49495316
v -81.26325226 115.43045044 26.55492783
v -81.26325226 115.43045044 26.55492783
v -81.27033997 115.30820465 26.49495316
v -84.21175385 115.47872162 26.49495316
v -81.26325226 115.43045044 26.55492783
v -84.21175385 115.47872162 26.49495316
v -84.20466614 115.60096741 26.55492783
v -84.20466614 115.60096741 26.55492783
v -84.21175385 115.47872162 26.49495316
v -87.15317535 115.64923859 26.49495316
v -93.03601074 115.99026489 26.49495316
v -93.02892303 116.11251068 26.55492783
v -90.08750153 115.94199371 26.55492783
v -93.03601074 115.99026489 26.49495316
v -90.08750153 115.94199371 26.55492783
v -90.09458923 115.81974792 26.49495316
v -4.78639460 110.99709320 26.55492783
v -4.79348135 110.87484741 26.49495316
v -7.73489857 111.04535675 26.49495316
v -7.73489857 111.04535675 26.49495316
v -4.79348135 110.87484741 26.49495316
v -7.74278975 110.90924072 26.49537086
v -7.73489857 111.04535675 26.49495316
v -7.74278975 110.90924072 26.49537086
v -10.68420696 111.07975769 26.49537086
v -10.68420696 111.07975769 26.49537086
v -7.74278975 110.90924072 26.49537086
v 1.07439792 110.27582550 26.55609322
v -7.74278975 110.90924072 26.49537086
v -4.79348135 110.87484741 26.49495316
v -4.80137205 110.73872375 26.49537086
v -16.56704140 111.42078400 26.49537086
v -16.55915070 111.55690002 26.49495316
v -13.61773396 111.38639069 26.49495316
v -16.56704140 111.42078400 26.49537086
v -13.61773396 111.38639069 26.49495316
v -13.62562466 111.25026703 26.49537086
v -13.62562466 111.25026703 26.49537086
v -13.61773396 111.38639069 26.49495316
v -10.67631626 111.21587372 26.49495316
v -22.43490028 112.02017212 26.55492783
v -22.44198608 111.89792633 26.49495316
v -25.38340378 112.06844330 26.49495316
v -25.38340378 112.06844330 26.49495316
v -22.44198608 111.89792633 26.49495316
v -25.39129448 111.93232727 26.49537086
v -25.38340378 112.06844330 26.49495316
v -25.39129448 111.93232727 26.49537086
v -28.33271217 112.10283661 26.49537086
v -28.33271217 112.10283661 26.49537086
v -25.39129448 111.93232727 26.49537086
v 1.07439792 110.27582550 26.55609322
v -25.39129448 111.93232727 26.49537086
v -22.44198608 111.89792633 26.49495316
v -22.44987679 111.76181030 26.49537086
v -34.21554947 112.44386292 26.49537086
v -34.20765686 112.57998657 26.49495316
v -31.26623917 112.40946960 26.49495316
v -34.21554947 112.44386292 26.49537086
v -31.26623917 112.40946960 26.49495316
v -31.27412987 112.27335358 26.49537086
v -31.27412987 112.27335358 26.49537086
v -31.26623917 112.40946960 26.49495316
v -28.32482147 112.23896027 26.49495316
v -40.09838104 112.78489685 26.49537086
v -37.14907455 112.75049591 26.49495316
v -37.15696716 112.61437988 26.49537086
v -45.98121643 113.12592316 26.49537086
v -43.03190994 113.09152985 26.49495316
v -43.03979874 112.95540619 26.49537086
v -43.03979874 112.95540619 26.49537086
v -43.03190994 113.09152985 26.49495316
v -40.09049225 112.92101288 26.49495316
v -51.86405182 113.46694946 26.49537086
v -51.85616302 113.60306549 26.49495316
v -48.91474533 113.43255615 26.49495316
v -51.86405182 113.46694946 26.49537086
v -48.91474533 113.43255615 26.49495316
v -48.92263412 113.29643250 26.49537086
v -48.92263412 113.29643250 26.49537086
v -48.91474533 113.43255615 26.49495316
v -45.97332764 113.26203918 26.49495316
v -57.73191071 114.06634521 26.55492783
v -57.73899841 113.94409943 26.49495316
v -60.68041611 114.11460876 26.49495316
v -60.68041611 114.11460876 26.49495316
v -57.73899841 113.94409943 26.49495316
v -60.68830490 113.97849274 26.49537086
v -60.68041611 114.11460876 26.49495316
v -60.68830490 113.97849274 26.49537086
v -63.62972260 114.14900208 26.49537086
v -63.62972260 114.14900208 26.49537086
v -60.68830490 113.97849274 26.49537086
v -95.99237823 115.90278625 26.55609322
v -60.68830490 113.97849274 26.49537086
v -57.73899841 113.94409943 26.49495316
v -57.74688721 113.80797577 26.49537086
v -69.51255798 114.49003601 26.49537086
v -69.50466919 114.62615204 26.49495316
v -66.56324768 114.45563507 26.49495316
v -69.51255798 114.49003601 26.49537086
v -66.56324768 114.45563507 26.49495316
v -66.57114410 114.31951904 26.49537086
v -66.57114410 114.31951904 26.49537086
v -66.56324768 114.45563507 26.49495316
v -63.62183380 114.28512573 26.49495316
v -75.38041687 115.08942413 26.55492783
v -75.38750458 114.96717834 26.49495316
v -78.32891846 115.13769531 26.49495316
v -78.32891846 115.13769531 26.49495316
v -75.38750458 114.96717834 26.49495316
v -78.33681488 115.00157166 26.49537086
v -78.32891846 115.13769531 26.49495316
v -78.33681488 115.00157166 26.49537086
v -81.27822876 115.17208862 26.49537086
v -81.27822876 115.17208862 26.49537086
v -78.33681488 115.00157166 26.49537086
v -95.99237823 115.90278625 26.55609322
v -78.33681488 115.00157166 26.49537086
v -75.38750458 114.96717834 26.49495316
v -75.39539337 114.83106232 26.49537086
v -87.16106415 115.51311493 26.49537086
v -87.15317535 115.64923859 26.49495316
v -84.21175385 115.47872162 26.49495316
v -87.16106415 115.51311493 26.49537086
v -84.21175385 115.47872162 26.49495316
v -84.21964264 115.34260559 26.49537086
v -84.21964264 115.34260559 26.49537086
v -84.21175385 115.47872162 26.49495316
v -81.27033997 115.30820465 26.49495316
v -93.04389954 115.85414124 26.49537086
v -93.03601074 115.99026489 26.49495316
v -90.09458923 115.81974792 26.49495316
v -93.04389954 115.85414124 26.49537086
v -90.09458923 115.81974792 26.49495316
v -90.10247803 115.68363190 26.49537086
v 1.07439792 110.27582550 26.55609322
v -7.74278975 110.90924072 26.49537086
v -4.80137205 110.73872375 26.49537086
v 1.07439792 110.27582550 26.55609322
v -25.39129448 111.93232727 26.49537086
v -22.44987679 111.76181030 26.49537086
v 1.07439792 110.27582550 26.55609322
v -40.09838104 112.78489685 26.49537086
v -37.15696716 112.61437988 26.49537086
v -95.99237823 115.90278625 26.55609322
v -60.68830490 113.97849274 26.49537086
v -57.74688721 113.80797577 26.49537086
v -95.99237823 115.90278625 26.55609322
v -78.33681488 115.00157166 26.49537086
v -75.39539337 114.83106232 26.49537086
v 1.11603904 110.99414825 27.22330856
v 1.10125887 110.73918152 26.66290474
v -95.16899109 116.57579041 27.22330856
v -95.16899109 116.57579041 27.22330856
v 1.10125887 110.73918152 26.66290474
v -95.18377686 116.32082367 26.66290474
v 1.11557031 110.98606110 27.48855019
v -1.82187116 111.15634155 27.48855019
v 1.11038470 110.89660645 27.59118080
v 1.11038470 110.89660645 27.59118080
v -1.82187116 111.15634155 27.48855019
v -4.75931263 111.32662201 27.48855019
v 1.11038470 110.89660645 27.59118080
v -4.75931263 111.32662201 27.48855019
v -7.69675398 111.49691010 27.48855019
v -7.69675398 111.49691010 27.48855019
v -4.75931263 111.32662201 27.48855019
v -7.69473028 111.53182220 27.35687256
v -7.69675398 111.49691010 27.48855019
v -7.69473028 111.53182220 27.35687256
v -10.63217163 111.70210266 27.35687256
v -10.63217163 111.70210266 27.35687256
v -7.69473028 111.53182220 27.35687256
v 1.11603904 110.99414825 27.22330856
v -10.63217163 111.70210266 27.35687256
v 1.11603904 110.99414825 27.22330856
v -13.56961250 111.87239075 27.35687256
v -13.56961250 111.87239075 27.35687256
v 1.11603904 110.99414825 27.22330856
v -16.50705528 112.04267120 27.35687256
v -13.56961250 111.87239075 27.35687256
v -16.50705528 112.04267120 27.35687256
v -13.57163715 111.83747864 27.48855019
v -13.57163715 111.83747864 27.48855019
v -16.50705528 112.04267120 27.35687256
v -16.50907898 112.00775909 27.48855019
v -13.57163715 111.83747864 27.48855019
v -16.50907898 112.00775909 27.48855019
v 1.11038470 110.89660645 27.59118080
v 1.11038470 110.89660645 27.59118080
v -16.50907898 112.00775909 27.48855019
v -19.44651985 112.17803955 27.48855019
v 1.11038470 110.89660645 27.59118080
v -19.44651985 112.17803955 27.48855019
v -22.38396072 112.34832764 27.48855019
v -22.38396072 112.34832764 27.48855019
v -19.44651985 112.17803955 27.48855019
v -22.38193703 112.38323975 27.35687256
v -22.38396072 112.34832764 27.48855019
v -22.38193703 112.38323975 27.35687256
v -25.31937790 112.55352020 27.35687256
v -25.31937790 112.55352020 27.35687256
v -22.38193703 112.38323975 27.35687256
v 1.11603904 110.99414825 27.22330856
v -25.31937790 112.55352020 27.35687256
v 1.11603904 110.99414825 27.22330856
v -28.25682068 112.72380829 27.35687256
v -28.25682068 112.72380829 27.35687256
v 1.11603904 110.99414825 27.22330856
v -31.19426155 112.89408875 27.35687256
v -28.25682068 112.72380829 27.35687256
v -31.19426155 112.89408875 27.35687256
v -28.25884438 112.68889618 27.48855019
v -28.25884438 112.68889618 27.48855019
v -31.19426155 112.89408875 27.35687256
v -31.19628525 112.85917664 27.48855019
v -28.25884438 112.68889618 27.48855019
v -31.19628525 112.85917664 27.48855019
v 1.11038470 110.89660645 27.59118080
v 1.11038470 110.89660645 27.59118080
v -31.19628525 112.85917664 27.48855019
v -34.13372803 113.02945709 27.48855019
v 1.11038470 110.89660645 27.59118080
v -34.13372803 113.02945709 27.48855019
v -37.07116699 113.19974518 27.48855019
v -37.07116699 113.19974518 27.48855019
v -34.13372803 113.02945709 27.48855019
v -37.06914520 113.23465729 27.35687256
v -37.07116699 113.19974518 27.48855019
v -37.06914520 113.23465729 27.35687256
v -40.00658417 113.40493774 27.35687256
v -40.00658417 113.40493774 27.35687256
v -37.06914520 113.23465729 27.35687256
v 1.11603904 110.99414825 27.22330856
v -40.00658417 113.40493774 27.35687256
v 1.11603904 110.99414825 27.22330856
v -42.94402695 113.57522583 27.35687256
v -42.94402695 113.57522583 27.35687256
v 1.11603904 110.99414825 27.22330856
v -45.88146973 113.74550629 27.35687256
v -42.94402695 113.57522583 27.35687256
v -45.88146973 113.74550629 27.35687256
v -42.94605255 113.54031372 27.48855019
v -42.94605255 113.54031372 27.48855019
v -45.88146973 113.74550629 27.35687256
v -45.88349152 113.71059418 27.48855019
v -42.94605255 113.54031372 27.48855019
v -45.88349152 113.71059418 27.48855019
v 1.11038470 110.89660645 27.59118080
v 1.11038470 110.89660645 27.59118080
v -45.88349152 113.71059418 27.48855019
v -48.82093430 113.88087463 27.48855019
v 1.11038470 110.89660645 27.59118080
v -48.82093430 113.88087463 27.48855019
v -51.75837708 114.05116272 27.48855019
v -51.75837708 114.05116272 27.48855019
v -48.82093430 113.88087463 27.48855019
v -51.75635147 114.08607483 27.35687256
v -51.75837708 114.05116272 27.48855019
v -51.75635147 114.08607483 27.35687256
v -54.69379425 114.25635529 27.35687256
v -54.69379425 114.25635529 27.35687256
v -51.75635147 114.08607483 27.35687256
v -95.16899109 116.57579041 27.22330856
v -54.69379425 114.25635529 27.35687256
v -95.16899109 116.57579041 27.22330856
v -57.63123322 114.42664337 27.35687256
v -57.63123322 114.42664337 27.35687256
v -95.16899109 116.57579041 27.22330856
v -60.56867599 114.59692383 27.35687256
v -57.63123322 114.42664337 27.35687256
v -60.56867599 114.59692383 27.35687256
v -57.63325882 114.39172363 27.48855019
v -57.63325882 114.39172363 27.48855019
v -60.56867599 114.59692383 27.35687256
v -60.57069778 114.56201172 27.48855019
v -57.63325882 114.39172363 27.48855019
v -60.57069778 114.56201172 27.48855019
v 1.11038470 110.89660645 27.59118080
v 1.11038470 110.89660645 27.59118080
v -60.57069778 114.56201172 27.48855019
v -63.50814056 114.73229218 27.48855019
v 1.11038470 110.89660645 27.59118080
v -63.50814056 114.73229218 27.48855019
v -66.44557953 114.90258026 27.48855019
v -66.44557953 114.90258026 27.48855019
v -63.50814056 114.73229218 27.48855019
v -66.44355774 114.93749237 27.35687256
v -66.44557953 114.90258026 27.48855019
v -66.44355774 114.93749237 27.35687256
v -69.38099670 115.10777283 27.35687256
v -69.38099670 115.10777283 27.35687256
v -66.44355774 114.93749237 27.35687256
v -95.16899109 116.57579041 27.22330856
v -69.38099670 115.10777283 27.35687256
v -95.16899109 116.57579041 27.22330856
v -72.31844330 115.27806091 27.35687256
v -72.31844330 115.27806091 27.35687256
v -95.16899109 116.57579041 27.22330856
v -75.25588226 115.44834137 27.35687256
v -72.31844330 115.27806091 27.35687256
v -75.25588226 115.44834137 27.35687256
v -72.32046509 115.24314117 27.48855019
v -72.32046509 115.24314117 27.48855019
v -75.25588226 115.44834137 27.35687256
v -75.25790405 115.41342926 27.48855019
v -72.32046509 115.24314117 27.48855019
v -75.25790405 115.41342926 27.48855019
v -95.67159271 116.58573914 27.50764084
v -95.67159271 116.58573914 27.50764084
v -75.25790405 115.41342926 27.48855019
v -78.19535065 115.58370972 27.48855019
v -95.67159271 116.58573914 27.50764084
v -78.19535065 115.58370972 27.48855019
v -81.13278961 115.75399780 27.48855019
v -81.13278961 115.75399780 27.48855019
v -78.19535065 115.58370972 27.48855019
v -81.13076782 115.78890991 27.35687256
v -81.13278961 115.75399780 27.48855019
v -81.13076782 115.78890991 27.35687256
v -84.06820679 115.95919037 27.35687256
v -84.06820679 115.95919037 27.35687256
v -81.13076782 115.78890991 27.35687256
v -95.16899109 116.57579041 27.22330856
v -84.06820679 115.95919037 27.35687256
v -95.16899109 116.57579041 27.22330856
v -87.00564575 116.12947845 27.35687256
v -87.00564575 116.12947845 27.35687256
v -95.16899109 116.57579041 27.22330856
v -89.94309235 116.29975891 27.35687256
v -87.00564575 116.12947845 27.35687256
v -89.94309235 116.29975891 27.35687256
v -87.00767517 116.09455872 27.48855019
v -87.00767517 116.09455872 27.48855019
v -89.94309235 116.29975891 27.35687256
v -89.94511414 116.26484680 27.48855019
v -87.00767517 116.09455872 27.48855019
v -89.94511414 116.26484680 27.48855019
v -95.67159271 116.58573914 27.50764084
v -95.67159271 116.58573914 27.50764084
v -89.94511414 116.26484680 27.48855019
v -92.88255310 116.43512726 27.48855019
v -95.67159271 116.58573914 27.50764084
v -92.88255310 116.43512726 27.48855019
v -95.50633240 116.61566925 27.41077232
v -95.50633240 116.61566925 27.41077232
v -92.88255310 116.43512726 27.48855019
v -92.88053131 116.47003937 27.35687256
v -95.50633240 116.61566925 27.41077232
v -92.88053131 116.47003937 27.35687256
v -95.16899109 116.57579041 27.22330856
v -95.16899109 116.57579041 27.22330856
v -92.88053131 116.47003937 27.35687256
v -89.94309235 116.29975891 27.35687256
v -1.82187116 111.15634155 27.48855019
v 1.11557031 110.98606110 27.48855019
v -1.81984723 111.19125366 27.35687256
v -1.81984723 111.19125366 27.35687256
v 1.11557031 110.98606110 27.48855019
v 1.11759424 111.02097321 27.35687256
v -1.81984723 111.19125366 27.35687256
v 1.11759424 111.02097321 27.35687256
v 1.11603904 110.99414825 27.22330856
v 1.11603904 110.99414825 27.22330856
v -95.16899109 116.57579041 27.22330856
v -45.88146973 113.74550629 27.35687256
v -45.88146973 113.74550629 27.35687256
v -95.16899109 116.57579041 27.22330856
v -48.81890869 113.91578674 27.35687256
v -45.88146973 113.74550629 27.35687256
v -48.81890869 113.91578674 27.35687256
v -45.88349152 113.71059418 27.48855019
v -45.88349152 113.71059418 27.48855019
v -48.81890869 113.91578674 27.35687256
v -48.82093430 113.88087463 27.48855019
v -95.82518005 116.51596069 27.59118080
v 1.11038470 110.89660645 27.59118080
v -95.67159271 116.58573914 27.50764084
v -95.67159271 116.58573914 27.50764084
v 1.11038470 110.89660645 27.59118080
v -69.38302612 115.07286072 27.48855019
v -95.67159271 116.58573914 27.50764084
v -69.38302612 115.07286072 27.48855019
v -72.32046509 115.24314117 27.48855019
v -72.32046509 115.24314117 27.48855019
v -69.38302612 115.07286072 27.48855019
v -72.31844330 115.27806091 27.35687256
v -4.75931263 111.32662201 27.48855019
v -1.82187116 111.15634155 27.48855019
v -4.75728846 111.36154175 27.35687256
v -4.75728846 111.36154175 27.35687256
v -1.82187116 111.15634155 27.48855019
v -1.81984723 111.19125366 27.35687256
v -4.75728846 111.36154175 27.35687256
v -1.81984723 111.19125366 27.35687256
v 1.11603904 110.99414825 27.22330856
v -13.57163715 111.83747864 27.48855019
v 1.11038470 110.89660645 27.59118080
v -10.63419533 111.66719055 27.48855019
v -10.63419533 111.66719055 27.48855019
v 1.11038470 110.89660645 27.59118080
v -7.69675398 111.49691010 27.48855019
v -10.63419533 111.66719055 27.48855019
v -7.69675398 111.49691010 27.48855019
v -10.63217163 111.70210266 27.35687256
v -13.56961250 111.87239075 27.35687256
v -13.57163715 111.83747864 27.48855019
v -10.63419533 111.66719055 27.48855019
v -13.56961250 111.87239075 27.35687256
v -10.63419533 111.66719055 27.48855019
v -10.63217163 111.70210266 27.35687256
v -19.44651985 112.17803955 27.48855019
v -16.50907898 112.00775909 27.48855019
v -19.44449615 112.21295929 27.35687256
v -19.44449615 112.21295929 27.35687256
v -16.50907898 112.00775909 27.48855019
v -16.50705528 112.04267120 27.35687256
v -19.44449615 112.21295929 27.35687256
v -16.50705528 112.04267120 27.35687256
v 1.11603904 110.99414825 27.22330856
v -28.25884438 112.68889618 27.48855019
v 1.11038470 110.89660645 27.59118080
v -25.32140160 112.51860809 27.48855019
v -25.32140160 112.51860809 27.48855019
v 1.11038470 110.89660645 27.59118080
v -22.38396072 112.34832764 27.48855019
v -25.32140160 112.51860809 27.48855019
v -22.38396072 112.34832764 27.48855019
v -25.31937790 112.55352020 27.35687256
v -28.25682068 112.72380829 27.35687256
v -28.25884438 112.68889618 27.48855019
v -25.32140160 112.51860809 27.48855019
v -28.25682068 112.72380829 27.35687256
v -25.32140160 112.51860809 27.48855019
v -25.31937790 112.55352020 27.35687256
v -34.13372803 113.02945709 27.48855019
v -31.19628525 112.85917664 27.48855019
v -34.13170242 113.06437683 27.35687256
v -34.13170242 113.06437683 27.35687256
v -31.19628525 112.85917664 27.48855019
v -31.19426155 112.89408875 27.35687256
v -34.13170242 113.06437683 27.35687256
v -31.19426155 112.89408875 27.35687256
v 1.11603904 110.99414825 27.22330856
v -42.94605255 113.54031372 27.48855019
v 1.11038470 110.89660645 27.59118080
v -40.00860977 113.37002563 27.48855019
v -40.00860977 113.37002563 27.48855019
v 1.11038470 110.89660645 27.59118080
v -37.07116699 113.19974518 27.48855019
v -40.00860977 113.37002563 27.48855019
v -37.07116699 113.19974518 27.48855019
v -40.00658417 113.40493774 27.35687256
v -42.94402695 113.57522583 27.35687256
v -42.94605255 113.54031372 27.48855019
v -40.00860977 113.37002563 27.48855019
v -42.94402695 113.57522583 27.35687256
v -40.00860977 113.37002563 27.48855019
v -40.00658417 113.40493774 27.35687256
v -51.75635147 114.08607483 27.35687256
v -48.82093430 113.88087463 27.48855019
v -48.81890869 113.91578674 27.35687256
v -57.63325882 114.39172363 27.48855019
v 1.11038470 110.89660645 27.59118080
v -54.69581604 114.22144318 27.48855019
v -54.69581604 114.22144318 27.48855019
v 1.11038470 110.89660645 27.59118080
v -51.75837708 114.05116272 27.48855019
v -54.69581604 114.22144318 27.48855019
v -51.75837708 114.05116272 27.48855019
v -54.69379425 114.25635529 27.35687256
v -57.63123322 114.42664337 27.35687256
v -57.63325882 114.39172363 27.48855019
v -54.69581604 114.22144318 27.48855019
v -57.63123322 114.42664337 27.35687256
v -54.69581604 114.22144318 27.48855019
v -54.69379425 114.25635529 27.35687256
v -69.38302612 115.07286072 27.48855019
v 1.11038470 110.89660645 27.59118080
v -66.44557953 114.90258026 27.48855019
v -63.50814056 114.73229218 27.48855019
v -60.57069778 114.56201172 27.48855019
v -63.50611877 114.76720428 27.35687256
v -63.50611877 114.76720428 27.35687256
v -60.57069778 114.56201172 27.48855019
v -60.56867599 114.59692383 27.35687256
v -63.50611877 114.76720428 27.35687256
v -60.56867599 114.59692383 27.35687256
v -95.16899109 116.57579041 27.22330856
v -72.31844330 115.27806091 27.35687256
v -69.38302612 115.07286072 27.48855019
v -69.38099670 115.10777283 27.35687256
v -69.38099670 115.10777283 27.35687256
v -69.38302612 115.07286072 27.48855019
v -66.44557953 114.90258026 27.48855019
v -78.19535065 115.58370972 27.48855019
v -75.25790405 115.41342926 27.48855019
v -78.19332123 115.61862183 27.35687256
v -78.19332123 115.61862183 27.35687256
v -75.25790405 115.41342926 27.48855019
v -75.25588226 115.44834137 27.35687256
v -78.19332123 115.61862183 27.35687256
v -75.25588226 115.44834137 27.35687256
v -95.16899109 116.57579041 27.22330856
v -87.00767517 116.09455872 27.48855019
v -95.67159271 116.58573914 27.50764084
v -84.07022858 115.92427826 27.48855019
v -84.07022858 115.92427826 27.48855019
v -95.67159271 116.58573914 27.50764084
v -81.13278961 115.75399780 27.48855019
v -84.07022858 115.92427826 27.48855019
v -81.13278961 115.75399780 27.48855019
v -84.06820679 115.95919037 27.35687256
v -87.00564575 116.12947845 27.35687256
v -87.00767517 116.09455872 27.48855019
v -84.07022858 115.92427826 27.48855019
v -87.00564575 116.12947845 27.35687256
v -84.07022858 115.92427826 27.48855019
v -84.06820679 115.95919037 27.35687256
v -92.88053131 116.47003937 27.35687256
v -92.88255310 116.43512726 27.48855019
v -89.94511414 116.26484680 27.48855019
v -92.88053131 116.47003937 27.35687256
v -89.94511414 116.26484680 27.48855019
v -89.94309235 116.29975891 27.35687256
v 1.11603904 110.99414825 27.22330856
v -7.69473028 111.53182220 27.35687256
v -4.75728846 111.36154175 27.35687256
v -4.75728846 111.36154175 27.35687256
v -7.69473028 111.53182220 27.35687256
v -4.75931263 111.32662201 27.48855019
v 1.11603904 110.99414825 27.22330856
v -22.38193703 112.38323975 27.35687256
v -19.44449615 112.21295929 27.35687256
v -19.44449615 112.21295929 27.35687256
v -22.38193703 112.38323975 27.35687256
v -19.44651985 112.17803955 27.48855019
v 1.11603904 110.99414825 27.22330856
v -37.06914520 113.23465729 27.35687256
v -34.13170242 113.06437683 27.35687256
v -34.13170242 113.06437683 27.35687256
v -37.06914520 113.23465729 27.35687256
v -34.13372803 113.02945709 27.48855019
v -95.16899109 116.57579041 27.22330856
v -51.75635147 114.08607483 27.35687256
v -48.81890869 113.91578674 27.35687256
v -95.16899109 116.57579041 27.22330856
v -66.44355774 114.93749237 27.35687256
v -63.50611877 114.76720428 27.35687256
v -63.50611877 114.76720428 27.35687256
v -66.44355774 114.93749237 27.35687256
v -63.50814056 114.73229218 27.48855019
v -95.16899109 116.57579041 27.22330856
v -81.13076782 115.78890991 27.35687256
v -78.19332123 115.61862183 27.35687256
v -78.19332123 115.61862183 27.35687256
v -81.13076782 115.78890991 27.35687256
v -78.19535065 115.58370972 27.48855019
v 0.95244730 108.17213440 27.84215355
v -11.20797253 108.87707520 27.84215355
v 0.92408639 107.68289948 27.54368401
v 0.92408639 107.68289948 27.54368401
v -11.20797253 108.87707520 27.84215355
v -23.36839104 109.58201599 27.84215355
v 0.92408639 107.68289948 27.54368401
v -23.36839104 109.58201599 27.84215355
v -35.52881241 110.28695679 27.84215355
v -35.52881241 110.28695679 27.84215355
v -23.36839104 109.58201599 27.84215355
v -35.49744034 110.82810211 28.03032684
v -35.52881241 110.28695679 27.84215355
v -35.49744034 110.82810211 28.03032684
v -47.65785980 111.53304291 28.03032684
v -47.65785980 111.53304291 28.03032684
v -35.49744034 110.82810211 28.03032684
v -47.62489700 112.10166931 28.09970665
v -47.65785980 111.53304291 28.03032684
v -47.62489700 112.10166931 28.09970665
v -59.78531647 112.80661011 28.09970665
v -59.78531647 112.80661011 28.09970665
v -47.62489700 112.10166931 28.09970665
v -59.75225067 113.37703705 28.04715919
v -59.78531647 112.80661011 28.09970665
v -59.75225067 113.37703705 28.04715919
v -71.91266632 114.08197021 28.04715919
v -71.91266632 114.08197021 28.04715919
v -59.75225067 113.37703705 28.04715919
v -71.88098907 114.62843323 27.87506104
v -71.91266632 114.08197021 28.04715919
v -71.88098907 114.62843323 27.87506104
v -84.04141235 115.33336639 27.87506104
v -84.04141235 115.33336639 27.87506104
v -71.88098907 114.62843323 27.87506104
v -95.82518005 116.51596069 27.59118080
v -84.04141235 115.33336639 27.87506104
v -95.82518005 116.51596069 27.59118080
v -95.97605133 116.39622498 27.67798233
v -11.20797253 108.87707520 27.84215355
v 0.95244730 108.17213440 27.84215355
v -11.17660141 109.41822815 28.03032684
v -11.17660141 109.41822815 28.03032684
v 0.95244730 108.17213440 27.84215355
v 0.98381776 108.71328735 28.03032684
v -11.17660141 109.41822815 28.03032684
v 0.98381776 108.71328735 28.03032684
v -11.14363861 109.98685455 28.09970665
v -11.14363861 109.98685455 28.09970665
v 0.98381776 108.71328735 28.03032684
v 1.01678109 109.28191376 28.09970665
v -11.14363861 109.98685455 28.09970665
v 1.01678109 109.28191376 28.09970665
v -11.11057091 110.55727386 28.04715919
v -11.11057091 110.55727386 28.04715919
v 1.01678109 109.28191376 28.09970665
v 1.04984844 109.85234070 28.04715919
v -11.11057091 110.55727386 28.04715919
v 1.04984844 109.85234070 28.04715919
v -11.07889271 111.10373688 27.87506104
v -11.07889271 111.10373688 27.87506104
v 1.04984844 109.85234070 28.04715919
v 1.08152664 110.39879608 27.87506104
v -11.07889271 111.10373688 27.87506104
v 1.08152664 110.39879608 27.87506104
v 1.11038470 110.89660645 27.59118080
v -95.82518005 116.51596069 27.59118080
v -47.56015015 113.21855164 27.87506104
v 1.11038470 110.89660645 27.59118080
v 1.11038470 110.89660645 27.59118080
v -47.56015015 113.21855164 27.87506104
v -35.39973068 112.51361084 27.87506104
v 1.11038470 110.89660645 27.59118080
v -35.39973068 112.51361084 27.87506104
v -23.23931313 111.80867004 27.87506104
v -23.23931313 111.80867004 27.87506104
v -35.39973068 112.51361084 27.87506104
v -23.27099037 111.26221466 28.04715919
v -23.23931313 111.80867004 27.87506104
v -23.27099037 111.26221466 28.04715919
v -11.11057091 110.55727386 28.04715919
v -11.11057091 110.55727386 28.04715919
v -23.27099037 111.26221466 28.04715919
v -11.14363861 109.98685455 28.09970665
v -95.97605133 116.39622498 27.67798233
v -96.09754181 116.24166870 27.77298355
v -84.04141235 115.33336639 27.87506104
v -84.04141235 115.33336639 27.87506104
v -96.09754181 116.24166870 27.77298355
v -96.17759705 116.05950165 27.86492920
v -84.04141235 115.33336639 27.87506104
v -96.17759705 116.05950165 27.86492920
v -96.21191406 115.86440277 27.94391060
v -84.04141235 115.33336639 27.87506104
v -96.21191406 115.86440277 27.94391060
v -84.07308960 114.78691101 28.04715919
v -84.07308960 114.78691101 28.04715919
v -96.21191406 115.86440277 27.94391060
v -96.24205780 115.34440613 28.07257462
v -84.07308960 114.78691101 28.04715919
v -96.24205780 115.34440613 28.07257462
v -84.10615540 114.21649170 28.09970665
v -84.10615540 114.21649170 28.09970665
v -96.24205780 115.34440613 28.07257462
v -96.27307892 114.80928802 28.09570885
v -84.10615540 114.21649170 28.09970665
v -96.27307892 114.80928802 28.09570885
v -84.13912201 113.64786530 28.03032684
v -84.13912201 113.64786530 28.03032684
v -96.27307892 114.80928802 28.09570885
v -96.30374908 114.28015900 28.01239967
v -84.13912201 113.64786530 28.03032684
v -96.30374908 114.28015900 28.01239967
v -84.17048645 113.10671234 27.84215355
v -84.17048645 113.10671234 27.84215355
v -96.30374908 114.28015900 28.01239967
v -96.33286285 113.77793121 27.82593727
v -84.17048645 113.10671234 27.84215355
v -96.33286285 113.77793121 27.82593727
v 0.92408639 107.68289948 27.54368401
v 0.92408639 107.68289948 27.54368401
v -96.33286285 113.77793121 27.82593727
v -96.35926819 113.32241821 27.54368401
v -23.36839104 109.58201599 27.84215355
v -11.20797253 108.87707520 27.84215355
v -23.33702087 110.12316895 28.03032684
v -23.33702087 110.12316895 28.03032684
v -11.20797253 108.87707520 27.84215355
v -11.17660141 109.41822815 28.03032684
v -23.33702087 110.12316895 28.03032684
v -11.17660141 109.41822815 28.03032684
v -23.30405807 110.69179535 28.09970665
v -23.30405807 110.69179535 28.09970665
v -11.17660141 109.41822815 28.03032684
v -11.14363861 109.98685455 28.09970665
v -23.30405807 110.69179535 28.09970665
v -11.14363861 109.98685455 28.09970665
v -23.27099037 111.26221466 28.04715919
v -35.52881241 110.28695679 27.84215355
v -47.68923187 110.99189758 27.84215355
v 0.92408639 107.68289948 27.54368401
v 0.92408639 107.68289948 27.54368401
v -47.68923187 110.99189758 27.84215355
v -59.84965134 111.69683075 27.84215355
v 0.92408639 107.68289948 27.54368401
v -59.84965134 111.69683075 27.84215355
v -72.01007080 112.40177155 27.84215355
v -72.01007080 112.40177155 27.84215355
v -59.84965134 111.69683075 27.84215355
v -71.97869873 112.94292450 28.03032684
v -72.01007080 112.40177155 27.84215355
v -71.97869873 112.94292450 28.03032684
v -84.13912201 113.64786530 28.03032684
v -84.13912201 113.64786530 28.03032684
v -71.97869873 112.94292450 28.03032684
v -84.10615540 114.21649170 28.09970665
v -35.52881241 110.28695679 27.84215355
v -47.65785980 111.53304291 28.03032684
v -47.68923187 110.99189758 27.84215355
v -47.68923187 110.99189758 27.84215355
v -47.65785980 111.53304291 28.03032684
v -59.81827927 112.23798370 28.03032684
v -47.68923187 110.99189758 27.84215355
v -59.81827927 112.23798370 28.03032684
v -59.84965134 111.69683075 27.84215355
v -59.84965134 111.69683075 27.84215355
v -59.81827927 112.23798370 28.03032684
v -71.97869873 112.94292450 28.03032684
v -84.17048645 113.10671234 27.84215355
v 0.92408639 107.68289948 27.54368401
v -72.01007080 112.40177155 27.84215355
v -84.13912201 113.64786530 28.03032684
v -84.17048645 113.10671234 27.84215355
v -72.01007080 112.40177155 27.84215355
v -23.36839104 109.58201599 27.84215355
v -23.33702087 110.12316895 28.03032684
v -35.49744034 110.82810211 28.03032684
v -35.49744034 110.82810211 28.03032684
v -23.33702087 110.12316895 28.03032684
v -35.46447754 111.39672852 28.09970665
v -35.49744034 110.82810211 28.03032684
v -35.46447754 111.39672852 28.09970665
v -47.62489700 112.10166931 28.09970665
v -47.62489700 112.10166931 28.09970665
v -35.46447754 111.39672852 28.09970665
v -47.59183121 112.67209625 28.04715919
v -47.62489700 112.10166931 28.09970665
v -47.59183121 112.67209625 28.04715919
v -59.75225067 113.37703705 28.04715919
v -59.75225067 113.37703705 28.04715919
v -47.59183121 112.67209625 28.04715919
v -59.72056961 113.92349243 27.87506104
v -59.75225067 113.37703705 28.04715919
v -59.72056961 113.92349243 27.87506104
v -71.88098907 114.62843323 27.87506104
v -71.88098907 114.62843323 27.87506104
v -59.72056961 113.92349243 27.87506104
v -95.82518005 116.51596069 27.59118080
v -35.46447754 111.39672852 28.09970665
v -23.33702087 110.12316895 28.03032684
v -23.30405807 110.69179535 28.09970665
v -47.65785980 111.53304291 28.03032684
v -59.78531647 112.80661011 28.09970665
v -59.81827927 112.23798370 28.03032684
v -59.81827927 112.23798370 28.03032684
v -59.78531647 112.80661011 28.09970665
v -71.94573975 113.51155090 28.09970665
v -59.81827927 112.23798370 28.03032684
v -71.94573975 113.51155090 28.09970665
v -71.97869873 112.94292450 28.03032684
v -71.97869873 112.94292450 28.03032684
v -71.94573975 113.51155090 28.09970665
v -84.10615540 114.21649170 28.09970665
v -35.46447754 111.39672852 28.09970665
v -23.30405807 110.69179535 28.09970665
v -35.43141174 111.96715546 28.04715919
v -35.43141174 111.96715546 28.04715919
v -23.30405807 110.69179535 28.09970665
v -23.27099037 111.26221466 28.04715919
v -35.43141174 111.96715546 28.04715919
v -23.27099037 111.26221466 28.04715919
v -35.39973068 112.51361084 27.87506104
v -84.07308960 114.78691101 28.04715919
v -84.10615540 114.21649170 28.09970665
v -71.94573975 113.51155090 28.09970665
v -84.07308960 114.78691101 28.04715919
v -71.94573975 113.51155090 28.09970665
v -71.91266632 114.08197021 28.04715919
v -71.91266632 114.08197021 28.04715919
v -71.94573975 113.51155090 28.09970665
v -59.78531647 112.80661011 28.09970665
v -23.23931313 111.80867004 27.87506104
v -11.11057091 110.55727386 28.04715919
v -11.07889271 111.10373688 27.87506104
v -35.46447754 111.39672852 28.09970665
v -35.43141174 111.96715546 28.04715919
v -47.59183121 112.67209625 28.04715919
v -47.59183121 112.67209625 28.04715919
v -35.43141174 111.96715546 28.04715919
v -47.56015015 113.21855164 27.87506104
v -47.59183121 112.67209625 28.04715919
v -47.56015015 113.21855164 27.87506104
v -59.72056961 113.92349243 27.87506104
v -59.72056961 113.92349243 27.87506104
v -47.56015015 113.21855164 27.87506104
v -95.82518005 116.51596069 27.59118080
v -47.56015015 113.21855164 27.87506104
v -35.43141174 111.96715546 28.04715919
v -35.39973068 112.51361084 27.87506104
v -84.04141235 115.33336639 27.87506104
v -84.07308960 114.78691101 28.04715919
v -71.91266632 114.08197021 28.04715919
v 1.11038470 110.89660645 27.59118080
v -23.23931313 111.80867004 27.87506104
v -11.07889271 111.10373688 27.87506104
v 0.89698458 107.21538544 27.65640831
v -2.05099583 107.38628387 27.65640831
v 0.89523840 107.18526459 27.78981209
v 0.89523840 107.18526459 27.78981209
v -2.05099583 107.38628387 27.65640831
v -4.99897623 107.55717468 27.65640831
v 0.89523840 107.18526459 27.78981209
v -4.99897623 107.55717468 27.65640831
v -7.94695711 107.72807312 27.65640831
v -7.94695711 107.72807312 27.65640831
v -4.99897623 107.55717468 27.65640831
v -7.94205856 107.81256866 27.54897308
v -7.94695711 107.72807312 27.65640831
v -7.94205856 107.81256866 27.54897308
v -10.89003849 107.98346710 27.54897308
v -10.89003849 107.98346710 27.54897308
v -7.94205856 107.81256866 27.54897308
v -10.88294125 108.10589600 27.48842049
v -10.89003849 107.98346710 27.54897308
v -10.88294125 108.10589600 27.48842049
v -13.83092213 108.27679443 27.48842049
v -13.83092213 108.27679443 27.48842049
v -10.88294125 108.10589600 27.48842049
v -13.82300758 108.41332245 27.48653412
v -13.83092213 108.27679443 27.48842049
v -13.82300758 108.41332245 27.48653412
v -16.77098846 108.58422089 27.48653412
v -16.77098846 108.58422089 27.48653412
v -13.82300758 108.41332245 27.48653412
v 0.92408639 107.68289948 27.54368401
v -16.77098846 108.58422089 27.48653412
v 0.92408639 107.68289948 27.54368401
v -19.71896744 108.75511169 27.48653412
v -19.71896744 108.75511169 27.48653412
v 0.92408639 107.68289948 27.54368401
v -22.66694832 108.92600250 27.48653412
v -19.71896744 108.75511169 27.48653412
v -22.66694832 108.92600250 27.48653412
v -19.72688293 108.61858368 27.48842049
v -19.72688293 108.61858368 27.48842049
v -22.66694832 108.92600250 27.48653412
v -22.67486382 108.78947449 27.48842049
v -19.72688293 108.61858368 27.48842049
v -22.67486382 108.78947449 27.48842049
v -19.73398018 108.49614716 27.54897308
v -19.73398018 108.49614716 27.54897308
v -22.67486382 108.78947449 27.48842049
v -22.68196106 108.66704559 27.54897308
v -19.73398018 108.49614716 27.54897308
v -22.68196106 108.66704559 27.54897308
v -19.73887825 108.41165161 27.65640831
v -19.73887825 108.41165161 27.65640831
v -22.68196106 108.66704559 27.54897308
v -22.68685913 108.58254242 27.65640831
v -19.73887825 108.41165161 27.65640831
v -22.68685913 108.58254242 27.65640831
v 0.89523840 107.18526459 27.78981209
v 0.89523840 107.18526459 27.78981209
v -22.68685913 108.58254242 27.65640831
v -25.63484001 108.75344086 27.65640831
v 0.89523840 107.18526459 27.78981209
v -25.63484001 108.75344086 27.65640831
v -28.58282089 108.92433167 27.65640831
v -28.58282089 108.92433167 27.65640831
v -25.63484001 108.75344086 27.65640831
v -28.57792282 109.00883484 27.54897308
v -28.58282089 108.92433167 27.65640831
v -28.57792282 109.00883484 27.54897308
v -31.52590179 109.17972565 27.54897308
v -31.52590179 109.17972565 27.54897308
v -28.57792282 109.00883484 27.54897308
v -31.51880455 109.30216217 27.48842049
v -31.52590179 109.17972565 27.54897308
v -31.51880455 109.30216217 27.48842049
v -34.46678543 109.47305298 27.48842049
v -34.46678543 109.47305298 27.48842049
v -31.51880455 109.30216217 27.48842049
v -34.45886993 109.60958099 27.48653412
v -34.46678543 109.47305298 27.48842049
v -34.45886993 109.60958099 27.48653412
v -37.40685272 109.78047943 27.48653412
v -37.40685272 109.78047943 27.48653412
v -34.45886993 109.60958099 27.48653412
v 0.92408639 107.68289948 27.54368401
v -37.40685272 109.78047943 27.48653412
v 0.92408639 107.68289948 27.54368401
v -40.35483170 109.95137024 27.48653412
v -40.35483170 109.95137024 27.48653412
v 0.92408639 107.68289948 27.54368401
v -43.30281067 110.12226868 27.48653412
v -40.35483170 109.95137024 27.48653412
v -43.30281067 110.12226868 27.48653412
v -40.36274719 109.81484222 27.48842049
v -40.36274719 109.81484222 27.48842049
v -43.30281067 110.12226868 27.48653412
v -43.31072617 109.98573303 27.48842049
v -40.36274719 109.81484222 27.48842049
v -43.31072617 109.98573303 27.48842049
v -40.36984253 109.69241333 27.54897308
v -40.36984253 109.69241333 27.54897308
v -43.31072617 109.98573303 27.48842049
v -43.31782532 109.86330414 27.54897308
v -40.36984253 109.69241333 27.54897308
v -43.31782532 109.86330414 27.54897308
v -40.37474060 109.60791016 27.65640831
v -40.37474060 109.60791016 27.65640831
v -43.31782532 109.86330414 27.54897308
v -43.32272339 109.77880096 27.65640831
v -40.37474060 109.60791016 27.65640831
v -43.32272339 109.77880096 27.65640831
v 0.89523840 107.18526459 27.78981209
v 0.89523840 107.18526459 27.78981209
v -43.32272339 109.77880096 27.65640831
v -46.27070236 109.94969940 27.65640831
v 0.89523840 107.18526459 27.78981209
v -46.27070236 109.94969940 27.65640831
v -49.21868515 110.12059021 27.65640831
v -49.21868515 110.12059021 27.65640831
v -46.27070236 109.94969940 27.65640831
v -49.21378708 110.20509338 27.54897308
v -49.21868515 110.12059021 27.65640831
v -49.21378708 110.20509338 27.54897308
v -52.16176605 110.37599182 27.54897308
v -52.16176605 110.37599182 27.54897308
v -49.21378708 110.20509338 27.54897308
v -52.15466690 110.49842072 27.48842049
v -52.16176605 110.37599182 27.54897308
v -52.15466690 110.49842072 27.48842049
v -55.10264969 110.66931152 27.48842049
v -55.10264969 110.66931152 27.48842049
v -52.15466690 110.49842072 27.48842049
v -55.09473419 110.80584717 27.48653412
v -55.10264969 110.66931152 27.48842049
v -55.09473419 110.80584717 27.48653412
v -58.04271317 110.97673798 27.48653412
v -58.04271317 110.97673798 27.48653412
v -55.09473419 110.80584717 27.48653412
v -96.35926819 113.32241821 27.54368401
v -58.04271317 110.97673798 27.48653412
v -96.35926819 113.32241821 27.54368401
v -60.99069595 111.14763641 27.48653412
v -60.99069595 111.14763641 27.48653412
v -96.35926819 113.32241821 27.54368401
v -63.93867493 111.31852722 27.48653412
v -60.99069595 111.14763641 27.48653412
v -63.93867493 111.31852722 27.48653412
v -60.99861145 111.01110077 27.48842049
v -60.99861145 111.01110077 27.48842049
v -63.93867493 111.31852722 27.48653412
v -63.94659042 111.18199921 27.48842049
v -60.99861145 111.01110077 27.48842049
v -63.94659042 111.18199921 27.48842049
v -61.00570679 110.88867188 27.54897308
v -61.00570679 110.88867188 27.54897308
v -63.94659042 111.18199921 27.48842049
v -63.95368958 111.05956268 27.54897308
v -61.00570679 110.88867188 27.54897308
v -63.95368958 111.05956268 27.54897308
v -61.01060486 110.80416870 27.65640831
v -61.01060486 110.80416870 27.65640831
v -63.95368958 111.05956268 27.54897308
v -63.95858765 110.97506714 27.65640831
v -61.01060486 110.80416870 27.65640831
v -63.95858765 110.97506714 27.65640831
v -96.38811493 112.82478333 27.78981209
v -96.38811493 112.82478333 27.78981209
v -63.95858765 110.97506714 27.65640831
v -66.90657043 111.14595795 27.65640831
v -96.38811493 112.82478333 27.78981209
v -66.90657043 111.14595795 27.65640831
v -69.85454559 111.31685638 27.65640831
v -69.85454559 111.31685638 27.65640831
v -66.90657043 111.14595795 27.65640831
v -69.84964752 111.40135193 27.54897308
v -69.85454559 111.31685638 27.65640831
v -69.84964752 111.40135193 27.54897308
v -72.79763031 111.57225037 27.54897308
v -72.79763031 111.57225037 27.54897308
v -69.84964752 111.40135193 27.54897308
v -72.79053497 111.69467926 27.48842049
v -72.79763031 111.57225037 27.54897308
v -72.79053497 111.69467926 27.48842049
v -75.73851013 111.86557770 27.48842049
v -75.73851013 111.86557770 27.48842049
v -72.79053497 111.69467926 27.48842049
v -75.73059845 112.00210571 27.48653412
v -75.73851013 111.86557770 27.48842049
v -75.73059845 112.00210571 27.48653412
v -78.67858124 112.17299652 27.48653412
v -78.67858124 112.17299652 27.48653412
v -75.73059845 112.00210571 27.48653412
v -96.35926819 113.32241821 27.54368401
v -78.67858124 112.17299652 27.48653412
v -96.35926819 113.32241821 27.54368401
v -81.62655640 112.34389496 27.48653412
v -81.62655640 112.34389496 27.48653412
v -96.35926819 113.32241821 27.54368401
v -84.57453918 112.51478577 27.48653412
v -81.62655640 112.34389496 27.48653412
v -84.57453918 112.51478577 27.48653412
v -81.63447571 112.20736694 27.48842049
v -81.63447571 112.20736694 27.48842049
v -84.57453918 112.51478577 27.48653412
v -84.58245087 112.37825775 27.48842049
v -81.63447571 112.20736694 27.48842049
v -84.58245087 112.37825775 27.48842049
v -81.64157104 112.08493042 27.54897308
v -81.64157104 112.08493042 27.54897308
v -84.58245087 112.37825775 27.48842049
v -84.58955383 112.25582886 27.54897308
v -81.64157104 112.08493042 27.54897308
v -84.58955383 112.25582886 27.54897308
v -81.64646912 112.00042725 27.65640831
v -81.64646912 112.00042725 27.65640831
v -84.58955383 112.25582886 27.54897308
v -84.59445190 112.17132568 27.65640831
v -81.64646912 112.00042725 27.65640831
v -84.59445190 112.17132568 27.65640831
v -96.38811493 112.82478333 27.78981209
v -96.38811493 112.82478333 27.78981209
v -84.59445190 112.17132568 27.65640831
v -87.54242706 112.34221649 27.65640831
v -96.38811493 112.82478333 27.78981209
v -87.54242706 112.34221649 27.65640831
v -90.49040985 112.51311493 27.65640831
v -90.49040985 112.51311493 27.65640831
v -87.54242706 112.34221649 27.65640831
v -90.48551178 112.59761810 27.54897308
v -90.49040985 112.51311493 27.65640831
v -90.48551178 112.59761810 27.54897308
v -93.43349457 112.76850891 27.54897308
v -93.43349457 112.76850891 27.54897308
v -90.48551178 112.59761810 27.54897308
v -93.42639923 112.89093781 27.48842049
v -93.43349457 112.76850891 27.54897308
v -93.42639923 112.89093781 27.48842049
v -96.37437439 113.06183624 27.48842049
v -96.37437439 113.06183624 27.48842049
v -93.42639923 112.89093781 27.48842049
v -96.36646271 113.19836426 27.48653412
v -96.36646271 113.19836426 27.48653412
v -93.42639923 112.89093781 27.48842049
v -93.41847992 113.02747345 27.48653412
v -96.36646271 113.19836426 27.48653412
v -93.41847992 113.02747345 27.48653412
v -96.35926819 113.32241821 27.54368401
v -96.35926819 113.32241821 27.54368401
v -93.41847992 113.02747345 27.48653412
v -90.47049713 112.85657501 27.48653412
v -96.35926819 113.32241821 27.54368401
v -90.47049713 112.85657501 27.48653412
v -87.52252197 112.68568420 27.48653412
v -87.52252197 112.68568420 27.48653412
v -90.47049713 112.85657501 27.48653412
v -87.53043365 112.54915619 27.48842049
v -87.52252197 112.68568420 27.48653412
v -87.53043365 112.54915619 27.48842049
v -84.58245087 112.37825775 27.48842049
v -84.58245087 112.37825775 27.48842049
v -87.53043365 112.54915619 27.48842049
v -84.58955383 112.25582886 27.54897308
v -2.05099583 107.38628387 27.65640831
v 0.89698458 107.21538544 27.65640831
v -2.04609752 107.47078705 27.54897308
v -2.04609752 107.47078705 27.54897308
v 0.89698458 107.21538544 27.65640831
v 0.90188313 107.29988861 27.54897308
v -2.04609752 107.47078705 27.54897308
v 0.90188313 107.29988861 27.54897308
v -2.03900003 107.59321594 27.48842049
v -2.03900003 107.59321594 27.48842049
v 0.90188313 107.29988861 27.54897308
v 0.90898049 107.42231750 27.48842049
v -2.03900003 107.59321594 27.48842049
v 0.90898049 107.42231750 27.48842049
v -2.03108549 107.72974396 27.48653412
v -2.03108549 107.72974396 27.48653412
v 0.90898049 107.42231750 27.48842049
v 0.91689509 107.55885315 27.48653412
v -2.03108549 107.72974396 27.48653412
v 0.91689509 107.55885315 27.48653412
v 0.92408639 107.68289948 27.54368401
v -43.30281067 110.12226868 27.48653412
v 0.92408639 107.68289948 27.54368401
v -46.25079346 110.29315948 27.48653412
v -46.25079346 110.29315948 27.48653412
v 0.92408639 107.68289948 27.54368401
v -96.35926819 113.32241821 27.54368401
v -46.25079346 110.29315948 27.48653412
v -96.35926819 113.32241821 27.54368401
v -49.19877243 110.46405792 27.48653412
v -49.19877243 110.46405792 27.48653412
v -96.35926819 113.32241821 27.54368401
v -52.14675522 110.63494873 27.48653412
v -49.19877243 110.46405792 27.48653412
v -52.14675522 110.63494873 27.48653412
v -49.20668793 110.32752228 27.48842049
v -49.20668793 110.32752228 27.48842049
v -52.14675522 110.63494873 27.48653412
v -52.15466690 110.49842072 27.48842049
v -49.20668793 110.32752228 27.48842049
v -52.15466690 110.49842072 27.48842049
v -49.21378708 110.20509338 27.54897308
v -96.37437439 113.06183624 27.48842049
v -96.38146973 112.93940735 27.54897308
v -93.43349457 112.76850891 27.54897308
v -93.43349457 112.76850891 27.54897308
v -96.38146973 112.93940735 27.54897308
v -93.43839264 112.68400574 27.65640831
v -93.43349457 112.76850891 27.54897308
v -93.43839264 112.68400574 27.65640831
v -90.49040985 112.51311493 27.65640831
v -90.49040985 112.51311493 27.65640831
v -93.43839264 112.68400574 27.65640831
v -96.38811493 112.82478333 27.78981209
v -96.38146973 112.93940735 27.54897308
v -96.38637543 112.85490417 27.65640831
v -93.43839264 112.68400574 27.65640831
v -93.43839264 112.68400574 27.65640831
v -96.38637543 112.85490417 27.65640831
v -96.38811493 112.82478333 27.78981209
v 0.89523840 107.18526459 27.78981209
v -49.21868515 110.12059021 27.65640831
v -96.38811493 112.82478333 27.78981209
v -96.38811493 112.82478333 27.78981209
v -49.21868515 110.12059021 27.65640831
v -52.16666412 110.29148865 27.65640831
v -96.38811493 112.82478333 27.78981209
v -52.16666412 110.29148865 27.65640831
v -55.11464310 110.46237946 27.65640831
v -55.11464310 110.46237946 27.65640831
v -52.16666412 110.29148865 27.65640831
v -55.10974503 110.54688263 27.54897308
v -55.11464310 110.46237946 27.65640831
v -55.10974503 110.54688263 27.54897308
v -58.05772781 110.71777344 27.54897308
v -58.05772781 110.71777344 27.54897308
v -55.10974503 110.54688263 27.54897308
v -58.05062866 110.84020996 27.48842049
v -58.05772781 110.71777344 27.54897308
v -58.05062866 110.84020996 27.48842049
v -60.99861145 111.01110077 27.48842049
v -60.99861145 111.01110077 27.48842049
v -58.05062866 110.84020996 27.48842049
v -60.99069595 111.14763641 27.48653412
v -4.99897623 107.55717468 27.65640831
v -2.05099583 107.38628387 27.65640831
v -4.99407768 107.64167786 27.54897308
v -4.99407768 107.64167786 27.54897308
v -2.05099583 107.38628387 27.65640831
v -2.04609752 107.47078705 27.54897308
v -4.99407768 107.64167786 27.54897308
v -2.04609752 107.47078705 27.54897308
v -4.98698044 107.76410675 27.48842049
v -4.98698044 107.76410675 27.48842049
v -2.04609752 107.47078705 27.54897308
v -2.03900003 107.59321594 27.48842049
v -4.98698044 107.76410675 27.48842049
v -2.03900003 107.59321594 27.48842049
v -4.97906590 107.90064240 27.48653412
v -4.97906590 107.90064240 27.48653412
v -2.03900003 107.59321594 27.48842049
v -2.03108549 107.72974396 27.48653412
v -4.97906590 107.90064240 27.48653412
v -2.03108549 107.72974396 27.48653412
v 0.92408639 107.68289948 27.54368401
v -7.94695711 107.72807312 27.65640831
v -10.89493752 107.89896393 27.65640831
v 0.89523840 107.18526459 27.78981209
v 0.89523840 107.18526459 27.78981209
v -10.89493752 107.89896393 27.65640831
v -13.84291840 108.06986237 27.65640831
v 0.89523840 107.18526459 27.78981209
v -13.84291840 108.06986237 27.65640831
v -16.79089928 108.24075317 27.65640831
v -16.79089928 108.24075317 27.65640831
v -13.84291840 108.06986237 27.65640831
v -16.78599930 108.32525635 27.54897308
v -16.79089928 108.24075317 27.65640831
v -16.78599930 108.32525635 27.54897308
v -19.73398018 108.49614716 27.54897308
v -19.73398018 108.49614716 27.54897308
v -16.78599930 108.32525635 27.54897308
v -19.72688293 108.61858368 27.48842049
v -7.94695711 107.72807312 27.65640831
v -10.89003849 107.98346710 27.54897308
v -10.89493752 107.89896393 27.65640831
v -10.89493752 107.89896393 27.65640831
v -10.89003849 107.98346710 27.54897308
v -13.83801937 108.15435791 27.54897308
v -10.89493752 107.89896393 27.65640831
v -13.83801937 108.15435791 27.54897308
v -13.84291840 108.06986237 27.65640831
v -13.84291840 108.06986237 27.65640831
v -13.83801937 108.15435791 27.54897308
v -16.78599930 108.32525635 27.54897308
v -19.73887825 108.41165161 27.65640831
v 0.89523840 107.18526459 27.78981209
v -16.79089928 108.24075317 27.65640831
v -19.73398018 108.49614716 27.54897308
v -19.73887825 108.41165161 27.65640831
v -16.79089928 108.24075317 27.65640831
v -25.63484001 108.75344086 27.65640831
v -22.68685913 108.58254242 27.65640831
v -25.62994194 108.83793640 27.54897308
v -25.62994194 108.83793640 27.54897308
v -22.68685913 108.58254242 27.65640831
v -22.68196106 108.66704559 27.54897308
v -25.62994194 108.83793640 27.54897308
v -22.68196106 108.66704559 27.54897308
v -25.62284470 108.96037292 27.48842049
v -25.62284470 108.96037292 27.48842049
v -22.68196106 108.66704559 27.54897308
v -22.67486382 108.78947449 27.48842049
v -25.62284470 108.96037292 27.48842049
v -22.67486382 108.78947449 27.48842049
v -25.61492920 109.09690094 27.48653412
v -25.61492920 109.09690094 27.48653412
v -22.67486382 108.78947449 27.48842049
v -22.66694832 108.92600250 27.48653412
v -25.61492920 109.09690094 27.48653412
v -22.66694832 108.92600250 27.48653412
v 0.92408639 107.68289948 27.54368401
v -28.58282089 108.92433167 27.65640831
v -31.53080177 109.09523010 27.65640831
v 0.89523840 107.18526459 27.78981209
v 0.89523840 107.18526459 27.78981209
v -31.53080177 109.09523010 27.65640831
v -34.47878265 109.26612091 27.65640831
v 0.89523840 107.18526459 27.78981209
v -34.47878265 109.26612091 27.65640831
v -37.42676163 109.43701172 27.65640831
v -37.42676163 109.43701172 27.65640831
v -34.47878265 109.26612091 27.65640831
v -37.42186356 109.52151489 27.54897308
v -37.42676163 109.43701172 27.65640831
v -37.42186356 109.52151489 27.54897308
v -40.36984253 109.69241333 27.54897308
v -40.36984253 109.69241333 27.54897308
v -37.42186356 109.52151489 27.54897308
v -40.36274719 109.81484222 27.48842049
v -28.58282089 108.92433167 27.65640831
v -31.52590179 109.17972565 27.54897308
v -31.53080177 109.09523010 27.65640831
v -31.53080177 109.09523010 27.65640831
v -31.52590179 109.17972565 27.54897308
v -34.47388458 109.35062408 27.54897308
v -31.53080177 109.09523010 27.65640831
v -34.47388458 109.35062408 27.54897308
v -34.47878265 109.26612091 27.65640831
v -34.47878265 109.26612091 27.65640831
v -34.47388458 109.35062408 27.54897308
v -37.42186356 109.52151489 27.54897308
v -40.37474060 109.60791016 27.65640831
v 0.89523840 107.18526459 27.78981209
v -37.42676163 109.43701172 27.65640831
v -40.36984253 109.69241333 27.54897308
v -40.37474060 109.60791016 27.65640831
v -37.42676163 109.43701172 27.65640831
v -46.27070236 109.94969940 27.65640831
v -43.32272339 109.77880096 27.65640831
v -46.26580429 110.03420258 27.54897308
v -46.26580429 110.03420258 27.54897308
v -43.32272339 109.77880096 27.65640831
v -43.31782532 109.86330414 27.54897308
v -46.26580429 110.03420258 27.54897308
v -43.31782532 109.86330414 27.54897308
v -46.25870895 110.15663147 27.48842049
v -46.25870895 110.15663147 27.48842049
v -43.31782532 109.86330414 27.54897308
v -43.31072617 109.98573303 27.48842049
v -46.25870895 110.15663147 27.48842049
v -43.31072617 109.98573303 27.48842049
v -46.25079346 110.29315948 27.48653412
v -46.25079346 110.29315948 27.48653412
v -43.31072617 109.98573303 27.48842049
v -43.30281067 110.12226868 27.48653412
v -55.10974503 110.54688263 27.54897308
v -52.16666412 110.29148865 27.65640831
v -52.16176605 110.37599182 27.54897308
v -52.16176605 110.37599182 27.54897308
v -52.16666412 110.29148865 27.65640831
v -49.21868515 110.12059021 27.65640831
v -61.01060486 110.80416870 27.65640831
v -96.38811493 112.82478333 27.78981209
v -58.06262589 110.63327789 27.65640831
v -58.06262589 110.63327789 27.65640831
v -96.38811493 112.82478333 27.78981209
v -55.11464310 110.46237946 27.65640831
v -58.06262589 110.63327789 27.65640831
v -55.11464310 110.46237946 27.65640831
v -58.05772781 110.71777344 27.54897308
v -61.00570679 110.88867188 27.54897308
v -61.01060486 110.80416870 27.65640831
v -58.06262589 110.63327789 27.65640831
v -61.00570679 110.88867188 27.54897308
v -58.06262589 110.63327789 27.65640831
v -58.05772781 110.71777344 27.54897308
v -66.90657043 111.14595795 27.65640831
v -63.95858765 110.97506714 27.65640831
v -66.90166473 111.23046112 27.54897308
v -66.90166473 111.23046112 27.54897308
v -63.95858765 110.97506714 27.65640831
v -63.95368958 111.05956268 27.54897308
v -66.90166473 111.23046112 27.54897308
v -63.95368958 111.05956268 27.54897308
v -66.89456940 111.35289001 27.48842049
v -66.89456940 111.35289001 27.48842049
v -63.95368958 111.05956268 27.54897308
v -63.94659042 111.18199921 27.48842049
v -66.89456940 111.35289001 27.48842049
v -63.94659042 111.18199921 27.48842049
v -66.88665771 111.48942566 27.48653412
v -66.88665771 111.48942566 27.48653412
v -63.94659042 111.18199921 27.48842049
v -63.93867493 111.31852722 27.48653412
v -66.88665771 111.48942566 27.48653412
v -63.93867493 111.31852722 27.48653412
v -96.35926819 113.32241821 27.54368401
v -69.85454559 111.31685638 27.65640831
v -72.80252838 111.48774719 27.65640831
v -96.38811493 112.82478333 27.78981209
v -96.38811493 112.82478333 27.78981209
v -72.80252838 111.48774719 27.65640831
v -75.75051117 111.65864563 27.65640831
v -96.38811493 112.82478333 27.78981209
v -75.75051117 111.65864563 27.65640831
v -78.69848633 111.82953644 27.65640831
v -78.69848633 111.82953644 27.65640831
v -75.75051117 111.65864563 27.65640831
v -78.69358826 111.91403961 27.54897308
v -78.69848633 111.82953644 27.65640831
v -78.69358826 111.91403961 27.54897308
v -81.64157104 112.08493042 27.54897308
v -81.64157104 112.08493042 27.54897308
v -78.69358826 111.91403961 27.54897308
v -81.63447571 112.20736694 27.48842049
v -69.85454559 111.31685638 27.65640831
v -72.79763031 111.57225037 27.54897308
v -72.80252838 111.48774719 27.65640831
v -72.80252838 111.48774719 27.65640831
v -72.79763031 111.57225037 27.54897308
v -75.74561310 111.74314117 27.54897308
v -72.80252838 111.48774719 27.65640831
v -75.74561310 111.74314117 27.54897308
v -75.75051117 111.65864563 27.65640831
v -75.75051117 111.65864563 27.65640831
v -75.74561310 111.74314117 27.54897308
v -78.69358826 111.91403961 27.54897308
v -81.64646912 112.00042725 27.65640831
v -96.38811493 112.82478333 27.78981209
v -78.69848633 111.82953644 27.65640831
v -81.64157104 112.08493042 27.54897308
v -81.64646912 112.00042725 27.65640831
v -78.69848633 111.82953644 27.65640831
v -87.54242706 112.34221649 27.65640831
v -84.59445190 112.17132568 27.65640831
v -87.53752899 112.42671967 27.54897308
v -87.53752899 112.42671967 27.54897308
v -84.59445190 112.17132568 27.65640831
v -84.58955383 112.25582886 27.54897308
v -87.53752899 112.42671967 27.54897308
v -84.58955383 112.25582886 27.54897308
v -87.53043365 112.54915619 27.48842049
v -4.99897623 107.55717468 27.65640831
v -4.99407768 107.64167786 27.54897308
v -7.94205856 107.81256866 27.54897308
v -7.94205856 107.81256866 27.54897308
v -4.99407768 107.64167786 27.54897308
v -7.93496084 107.93500519 27.48842049
v -7.94205856 107.81256866 27.54897308
v -7.93496084 107.93500519 27.48842049
v -10.88294125 108.10589600 27.48842049
v -10.88294125 108.10589600 27.48842049
v -7.93496084 107.93500519 27.48842049
v -10.87502670 108.24243164 27.48653412
v -10.88294125 108.10589600 27.48842049
v -10.87502670 108.24243164 27.48653412
v -13.82300758 108.41332245 27.48653412
v -13.82300758 108.41332245 27.48653412
v -10.87502670 108.24243164 27.48653412
v 0.92408639 107.68289948 27.54368401
v -7.93496084 107.93500519 27.48842049
v -4.99407768 107.64167786 27.54897308
v -4.98698044 107.76410675 27.48842049
v -10.89003849 107.98346710 27.54897308
v -13.83092213 108.27679443 27.48842049
v -13.83801937 108.15435791 27.54897308
v -13.83801937 108.15435791 27.54897308
v -13.83092213 108.27679443 27.48842049
v -16.77890205 108.44768524 27.48842049
v -13.83801937 108.15435791 27.54897308
v -16.77890205 108.44768524 27.48842049
v -16.78599930 108.32525635 27.54897308
v -16.78599930 108.32525635 27.54897308
v -16.77890205 108.44768524 27.48842049
v -19.72688293 108.61858368 27.48842049
v -25.63484001 108.75344086 27.65640831
v -25.62994194 108.83793640 27.54897308
v -28.57792282 109.00883484 27.54897308
v -28.57792282 109.00883484 27.54897308
v -25.62994194 108.83793640 27.54897308
v -28.57082367 109.13126373 27.48842049
v -28.57792282 109.00883484 27.54897308
v -28.57082367 109.13126373 27.48842049
v -31.51880455 109.30216217 27.48842049
v -31.51880455 109.30216217 27.48842049
v -28.57082367 109.13126373 27.48842049
v -31.51089096 109.43869019 27.48653412
v -31.51880455 109.30216217 27.48842049
v -31.51089096 109.43869019 27.48653412
v -34.45886993 109.60958099 27.48653412
v -34.45886993 109.60958099 27.48653412
v -31.51089096 109.43869019 27.48653412
v 0.92408639 107.68289948 27.54368401
v -28.57082367 109.13126373 27.48842049
v -25.62994194 108.83793640 27.54897308
v -25.62284470 108.96037292 27.48842049
v -31.52590179 109.17972565 27.54897308
v -34.46678543 109.47305298 27.48842049
v -34.47388458 109.35062408 27.54897308
v -34.47388458 109.35062408 27.54897308
v -34.46678543 109.47305298 27.48842049
v -37.41476440 109.64395142 27.48842049
v -34.47388458 109.35062408 27.54897308
v -37.41476440 109.64395142 27.48842049
v -37.42186356 109.52151489 27.54897308
v -37.42186356 109.52151489 27.54897308
v -37.41476440 109.64395142 27.48842049
v -40.36274719 109.81484222 27.48842049
v -49.20668793 110.32752228 27.48842049
v -49.21378708 110.20509338 27.54897308
v -46.26580429 110.03420258 27.54897308
v -46.26580429 110.03420258 27.54897308
v -49.21378708 110.20509338 27.54897308
v -46.27070236 109.94969940 27.65640831
v -49.20668793 110.32752228 27.48842049
v -46.26580429 110.03420258 27.54897308
v -46.25870895 110.15663147 27.48842049
v -58.05062866 110.84020996 27.48842049
v -55.10974503 110.54688263 27.54897308
v -55.10264969 110.66931152 27.48842049
v -55.10264969 110.66931152 27.48842049
v -55.10974503 110.54688263 27.54897308
v -52.16176605 110.37599182 27.54897308
v -60.99861145 111.01110077 27.48842049
v -61.00570679 110.88867188 27.54897308
v -58.05772781 110.71777344 27.54897308
v -66.90657043 111.14595795 27.65640831
v -66.90166473 111.23046112 27.54897308
v -69.84964752 111.40135193 27.54897308
v -69.84964752 111.40135193 27.54897308
v -66.90166473 111.23046112 27.54897308
v -69.84255219 111.52378845 27.48842049
v -69.84964752 111.40135193 27.54897308
v -69.84255219 111.52378845 27.48842049
v -72.79053497 111.69467926 27.48842049
v -72.79053497 111.69467926 27.48842049
v -69.84255219 111.52378845 27.48842049
v -72.78261566 111.83120728 27.48653412
v -72.79053497 111.69467926 27.48842049
v -72.78261566 111.83120728 27.48653412
v -75.73059845 112.00210571 27.48653412
v -75.73059845 112.00210571 27.48653412
v -72.78261566 111.83120728 27.48653412
v -96.35926819 113.32241821 27.54368401
v -69.84255219 111.52378845 27.48842049
v -66.90166473 111.23046112 27.54897308
v -66.89456940 111.35289001 27.48842049
v -72.79763031 111.57225037 27.54897308
v -75.73851013 111.86557770 27.48842049
v -75.74561310 111.74314117 27.54897308
v -75.74561310 111.74314117 27.54897308
v -75.73851013 111.86557770 27.48842049
v -78.68649292 112.03646851 27.48842049
v -75.74561310 111.74314117 27.54897308
v -78.68649292 112.03646851 27.48842049
v -78.69358826 111.91403961 27.54897308
v -78.69358826 111.91403961 27.54897308
v -78.68649292 112.03646851 27.48842049
v -81.63447571 112.20736694 27.48842049
v -87.54242706 112.34221649 27.65640831
v -87.53752899 112.42671967 27.54897308
v -90.48551178 112.59761810 27.54897308
v -90.48551178 112.59761810 27.54897308
v -87.53752899 112.42671967 27.54897308
v -90.47841644 112.72004700 27.48842049
v -90.48551178 112.59761810 27.54897308
v -90.47841644 112.72004700 27.48842049
v -93.42639923 112.89093781 27.48842049
v -93.42639923 112.89093781 27.48842049
v -90.47841644 112.72004700 27.48842049
v -93.41847992 113.02747345 27.48653412
v -90.47841644 112.72004700 27.48842049
v -87.53752899 112.42671967 27.54897308
v -87.53043365 112.54915619 27.48842049
v -7.93496084 107.93500519 27.48842049
v -4.98698044 107.76410675 27.48842049
v -7.92704630 108.07153320 27.48653412
v -7.92704630 108.07153320 27.48653412
v -4.98698044 107.76410675 27.48842049
v -4.97906590 107.90064240 27.48653412
v -7.92704630 108.07153320 27.48653412
v -4.97906590 107.90064240 27.48653412
v 0.92408639 107.68289948 27.54368401
v -19.71896744 108.75511169 27.48653412
v -19.72688293 108.61858368 27.48842049
v -16.77890205 108.44768524 27.48842049
v -19.71896744 108.75511169 27.48653412
v -16.77890205 108.44768524 27.48842049
v -16.77098846 108.58422089 27.48653412
v -16.77098846 108.58422089 27.48653412
v -16.77890205 108.44768524 27.48842049
v -13.83092213 108.27679443 27.48842049
v -28.57082367 109.13126373 27.48842049
v -25.62284470 108.96037292 27.48842049
v -28.56291008 109.26779175 27.48653412
v -28.56291008 109.26779175 27.48653412
v -25.62284470 108.96037292 27.48842049
v -25.61492920 109.09690094 27.48653412
v -28.56291008 109.26779175 27.48653412
v -25.61492920 109.09690094 27.48653412
v 0.92408639 107.68289948 27.54368401
v -40.35483170 109.95137024 27.48653412
v -40.36274719 109.81484222 27.48842049
v -37.41476440 109.64395142 27.48842049
v -40.35483170 109.95137024 27.48653412
v -37.41476440 109.64395142 27.48842049
v -37.40685272 109.78047943 27.48653412
v -37.40685272 109.78047943 27.48653412
v -37.41476440 109.64395142 27.48842049
v -34.46678543 109.47305298 27.48842049
v -49.19877243 110.46405792 27.48653412
v -49.20668793 110.32752228 27.48842049
v -46.25870895 110.15663147 27.48842049
v -49.19877243 110.46405792 27.48653412
v -46.25870895 110.15663147 27.48842049
v -46.25079346 110.29315948 27.48653412
v -55.09473419 110.80584717 27.48653412
v -52.15466690 110.49842072 27.48842049
v -52.14675522 110.63494873 27.48653412
v -60.99069595 111.14763641 27.48653412
v -58.05062866 110.84020996 27.48842049
v -58.04271317 110.97673798 27.48653412
v -58.04271317 110.97673798 27.48653412
v -58.05062866 110.84020996 27.48842049
v -55.10264969 110.66931152 27.48842049
v -69.84255219 111.52378845 27.48842049
v -66.89456940 111.35289001 27.48842049
v -69.83464050 111.66031647 27.48653412
v -69.83464050 111.66031647 27.48653412
v -66.89456940 111.35289001 27.48842049
v -66.88665771 111.48942566 27.48653412
v -69.83464050 111.66031647 27.48653412
v -66.88665771 111.48942566 27.48653412
v -96.35926819 113.32241821 27.54368401
v -81.62655640 112.34389496 27.48653412
v -81.63447571 112.20736694 27.48842049
v -78.68649292 112.03646851 27.48842049
v -81.62655640 112.34389496 27.48653412
v -78.68649292 112.03646851 27.48842049
v -78.67858124 112.17299652 27.48653412
v -78.67858124 112.17299652 27.48653412
v -78.68649292 112.03646851 27.48842049
v -75.73851013 111.86557770 27.48842049
v -87.52252197 112.68568420 27.48653412
v -84.58245087 112.37825775 27.48842049
v -84.57453918 112.51478577 27.48653412
v -93.41847992 113.02747345 27.48653412
v -90.47841644 112.72004700 27.48842049
v -90.47049713 112.85657501 27.48653412
v -90.47049713 112.85657501 27.48653412
v -90.47841644 112.72004700 27.48842049
v -87.53043365 112.54915619 27.48842049
v 0.92408639 107.68289948 27.54368401
v -10.87502670 108.24243164 27.48653412
v -7.92704630 108.07153320 27.48653412
v -7.92704630 108.07153320 27.48653412
v -10.87502670 108.24243164 27.48653412
v -7.93496084 107.93500519 27.48842049
v 0.92408639 107.68289948 27.54368401
v -31.51089096 109.43869019 27.48653412
v -28.56291008 109.26779175 27.48653412
v -28.56291008 109.26779175 27.48653412
v -31.51089096 109.43869019 27.48653412
v -28.57082367 109.13126373 27.48842049
v -96.35926819 113.32241821 27.54368401
v -55.09473419 110.80584717 27.48653412
v -52.14675522 110.63494873 27.48653412
v -96.35926819 113.32241821 27.54368401
v -72.78261566 111.83120728 27.48653412
v -69.83464050 111.66031647 27.48653412
v -69.83464050 111.66031647 27.48653412
v -72.78261566 111.83120728 27.48653412
v -69.84255219 111.52378845 27.48842049
v -96.35926819 113.32241821 27.54368401
v -87.52252197 112.68568420 27.48653412
v -84.57453918 112.51478577 27.48653412
v 0.89523840 107.18526459 27.78981209
v -17.22102737 108.23546600 32.50000000
v 0.89523840 107.18526459 37.21018982
v 0.89523840 107.18526459 37.21018982
v -17.22102737 108.23546600 32.50000000
v -17.27545547 108.23862457 32.91411209
v 0.89523840 107.18526459 37.21018982
v -17.27545547 108.23862457 32.91411209
v -17.43502808 108.24787140 33.29999924
v -96.38811493 112.82478333 27.78981209
v -63.74292374 110.93234253 30.89999962
v 0.89523840 107.18526459 27.78981209
v 0.89523840 107.18526459 27.78981209
v -63.74292374 110.93234253 30.89999962
v -19.61700439 108.37435913 30.89999962
v 0.89523840 107.18526459 27.78981209
v -19.61700439 108.37435913 30.89999962
v -18.81834602 108.32806396 30.89999962
v -63.74292374 110.93234253 30.89999962
v -96.38811493 112.82478333 27.78981209
v -64.54158020 110.97863770 30.89999962
v -64.54158020 110.97863770 30.89999962
v -96.38811493 112.82478333 27.78981209
v -96.38811493 112.82478333 28.25000000
v -64.54158020 110.97863770 30.89999962
v -96.38811493 112.82478333 28.25000000
v -79.00811005 111.81726074 30.90373039
v -79.00811005 111.81726074 30.90373039
v -96.38811493 112.82478333 28.25000000
v -79.44210052 111.84242249 30.93346596
v -79.44210052 111.84242249 30.93346596
v -96.38811493 112.82478333 28.25000000
v -79.85198212 111.86618042 31.07938385
v -79.85198212 111.86618042 31.07938385
v -96.38811493 112.82478333 28.25000000
v -80.20736694 111.88677979 31.33066177
v -80.20736694 111.88677979 31.33066177
v -96.38811493 112.82478333 28.25000000
v -80.48189545 111.90269470 31.66866493
v -80.48189545 111.90269470 31.66866493
v -96.38811493 112.82478333 28.25000000
v -80.65519714 111.91274261 32.06832504
v -80.65519714 111.91274261 32.06832504
v -96.38811493 112.82478333 28.25000000
v -80.71443176 111.91617584 32.50000000
v -80.71443176 111.91617584 32.50000000
v -96.38811493 112.82478333 28.25000000
v -96.38811493 112.82478333 36.75000000
v -80.71443176 111.91617584 32.50000000
v -96.38811493 112.82478333 36.75000000
v -80.65519714 111.91274261 32.93167496
v -80.65519714 111.91274261 32.93167496
v -96.38811493 112.82478333 36.75000000
v -80.48189545 111.90269470 33.33133316
v -80.48189545 111.90269470 33.33133316
v -96.38811493 112.82478333 36.75000000
v -80.20736694 111.88677979 33.66933823
v -80.20736694 111.88677979 33.66933823
v -96.38811493 112.82478333 36.75000000
v -79.85198212 111.86618042 33.92061615
v -79.85198212 111.86618042 33.92061615
v -96.38811493 112.82478333 36.75000000
v -79.44210052 111.84242249 34.06653595
v -79.44210052 111.84242249 34.06653595
v -96.38811493 112.82478333 36.75000000
v -79.00811005 111.81726074 34.09627151
v -79.00811005 111.81726074 34.09627151
v -96.38811493 112.82478333 36.75000000
v -64.54158020 110.97863770 34.09999847
v -79.00811005 111.81726074 34.09627151
v -64.54158020 110.97863770 34.09999847
v -64.95500183 111.00260162 34.04548264
v -96.38811493 112.82478333 36.75000000
v -96.38811493 112.82478333 37.21018982
v -64.54158020 110.97863770 34.09999847
v -64.54158020 110.97863770 34.09999847
v -96.38811493 112.82478333 37.21018982
v -63.74292374 110.93234253 34.09999847
v -63.74292374 110.93234253 34.09999847
v -96.38811493 112.82478333 37.21018982
v 0.89523840 107.18526459 37.21018982
v -63.74292374 110.93234253 34.09999847
v 0.89523840 107.18526459 37.21018982
v -19.61700439 108.37435913 34.09999847
v -19.61700439 108.37435913 34.09999847
v 0.89523840 107.18526459 37.21018982
v -18.81834602 108.32806396 34.09999847
v -18.81834602 108.32806396 34.09999847
v 0.89523840 107.18526459 37.21018982
v -18.40493011 108.30410004 34.04548264
v -18.40493011 108.30410004 34.04548264
v 0.89523840 107.18526459 37.21018982
v -18.01968765 108.28176117 33.88563919
v -18.01968765 108.28176117 33.88563919
v 0.89523840 107.18526459 37.21018982
v -17.68887138 108.26258850 33.63137054
v -17.68887138 108.26258850 33.63137054
v 0.89523840 107.18526459 37.21018982
v -17.43502808 108.24787140 33.29999924
v -64.54158020 110.97863770 30.89999962
v -79.00811005 111.81726074 30.90373039
v -64.95500183 111.00260162 30.95451927
v -64.95500183 111.00260162 30.95451927
v -79.00811005 111.81726074 30.90373039
v -78.58220673 111.79257202 30.99238205
v -64.95500183 111.00260162 30.95451927
v -78.58220673 111.79257202 30.99238205
v -65.34024048 111.02493286 31.11435890
v -65.34024048 111.02493286 31.11435890
v -78.58220673 111.79257202 30.99238205
v -78.19596863 111.77017975 31.19284821
v -65.34024048 111.02493286 31.11435890
v -78.19596863 111.77017975 31.19284821
v -65.67105865 111.04411316 31.36862946
v -65.67105865 111.04411316 31.36862946
v -78.19596863 111.77017975 31.19284821
v -77.87805939 111.75175476 31.49025917
v -65.67105865 111.04411316 31.36862946
v -77.87805939 111.75175476 31.49025917
v -65.92490387 111.05883026 31.70000076
v -65.92490387 111.05883026 31.70000076
v -77.87805939 111.75175476 31.49025917
v -77.65203857 111.73864746 31.86255836
v -65.92490387 111.05883026 31.70000076
v -77.65203857 111.73864746 31.86255836
v -66.08447266 111.06807709 32.08588791
v -66.08447266 111.06807709 32.08588791
v -77.65203857 111.73864746 31.86255836
v -77.53467560 111.73184967 32.28213501
v -66.08447266 111.06807709 32.08588791
v -77.53467560 111.73184967 32.28213501
v -66.13890076 111.07123566 32.50000000
v -66.13890076 111.07123566 32.50000000
v -77.53467560 111.73184967 32.28213501
v -77.53467560 111.73184967 32.71786499
v -66.13890076 111.07123566 32.50000000
v -77.53467560 111.73184967 32.71786499
v -66.08447266 111.06807709 32.91411209
v -66.08447266 111.06807709 32.91411209
v -77.53467560 111.73184967 32.71786499
v -77.65203857 111.73864746 33.13744354
v -66.08447266 111.06807709 32.91411209
v -77.65203857 111.73864746 33.13744354
v -65.92490387 111.05883026 33.29999924
v -65.92490387 111.05883026 33.29999924
v -77.65203857 111.73864746 33.13744354
v -77.87805939 111.75175476 33.50973892
v -65.92490387 111.05883026 33.29999924
v -77.87805939 111.75175476 33.50973892
v -65.67105865 111.04411316 33.63137054
v -65.67105865 111.04411316 33.63137054
v -77.87805939 111.75175476 33.50973892
v -78.19596863 111.77017975 33.80715179
v -65.67105865 111.04411316 33.63137054
v -78.19596863 111.77017975 33.80715179
v -65.34024048 111.02493286 33.88563919
v -65.34024048 111.02493286 33.88563919
v -78.19596863 111.77017975 33.80715179
v -78.58220673 111.79257202 34.00761795
v -65.34024048 111.02493286 33.88563919
v -78.58220673 111.79257202 34.00761795
v -64.95500183 111.00260162 34.04548264
v -64.95500183 111.00260162 34.04548264
v -78.58220673 111.79257202 34.00761795
v -79.00811005 111.81726074 34.09627151
v -19.61700439 108.37435913 34.09999847
v -20.03042221 108.39833069 34.04548264
v -63.74292374 110.93234253 34.09999847
v -63.74292374 110.93234253 34.09999847
v -20.03042221 108.39833069 34.04548264
v -63.32950974 110.90837097 34.04548264
v -63.32950974 110.90837097 34.04548264
v -20.03042221 108.39833069 34.04548264
v -62.94426346 110.88603973 33.88563919
v -62.94426346 110.88603973 33.88563919
v -20.03042221 108.39833069 34.04548264
v -20.41566467 108.42066193 33.88563919
v -62.94426346 110.88603973 33.88563919
v -20.41566467 108.42066193 33.88563919
v -62.61344910 110.86686707 33.63137054
v -62.61344910 110.86686707 33.63137054
v -20.41566467 108.42066193 33.88563919
v -20.74647903 108.43983459 33.63137054
v -62.61344910 110.86686707 33.63137054
v -20.74647903 108.43983459 33.63137054
v -62.35960770 110.85214996 33.29999924
v -62.35960770 110.85214996 33.29999924
v -20.74647903 108.43983459 33.63137054
v -21.00032425 108.45455170 33.29999924
v -62.35960770 110.85214996 33.29999924
v -21.00032425 108.45455170 33.29999924
v -62.20003510 110.84289551 32.91411209
v -62.20003510 110.84289551 32.91411209
v -21.00032425 108.45455170 33.29999924
v -21.15989685 108.46380615 32.91411209
v -62.20003510 110.84289551 32.91411209
v -21.15989685 108.46380615 32.91411209
v -62.14560699 110.83974457 32.50000000
v -62.14560699 110.83974457 32.50000000
v -21.15989685 108.46380615 32.91411209
v -21.21432304 108.46695709 32.50000000
v -62.14560699 110.83974457 32.50000000
v -21.21432304 108.46695709 32.50000000
v -21.15989685 108.46380615 32.08588791
v -62.14560699 110.83974457 32.50000000
v -21.15989685 108.46380615 32.08588791
v -62.20003510 110.84289551 32.08588791
v -62.20003510 110.84289551 32.08588791
v -21.15989685 108.46380615 32.08588791
v -21.00032425 108.45455170 31.70000076
v -62.20003510 110.84289551 32.08588791
v -21.00032425 108.45455170 31.70000076
v -62.35960770 110.85214996 31.70000076
v -62.35960770 110.85214996 31.70000076
v -21.00032425 108.45455170 31.70000076
v -20.74647903 108.43983459 31.36862946
v -62.35960770 110.85214996 31.70000076
v -20.74647903 108.43983459 31.36862946
v -62.61344910 110.86686707 31.36862946
v -62.61344910 110.86686707 31.36862946
v -20.74647903 108.43983459 31.36862946
v -20.41566467 108.42066193 31.11435890
v -62.61344910 110.86686707 31.36862946
v -20.41566467 108.42066193 31.11435890
v -62.94426346 110.88603973 31.11435890
v -62.94426346 110.88603973 31.11435890
v -20.41566467 108.42066193 31.11435890
v -20.03042221 108.39833069 30.95451927
v -62.94426346 110.88603973 31.11435890
v -20.03042221 108.39833069 30.95451927
v -63.32950974 110.90837097 30.95451927
v -63.32950974 110.90837097 30.95451927
v -20.03042221 108.39833069 30.95451927
v -63.74292374 110.93234253 30.89999962
v -63.74292374 110.93234253 30.89999962
v -20.03042221 108.39833069 30.95451927
v -19.61700439 108.37435913 30.89999962
v -18.81834602 108.32806396 30.89999962
v -18.40493011 108.30410004 30.95451927
v 0.89523840 107.18526459 27.78981209
v 0.89523840 107.18526459 27.78981209
v -18.40493011 108.30410004 30.95451927
v -18.01968765 108.28176117 31.11435890
v 0.89523840 107.18526459 27.78981209
v -18.01968765 108.28176117 31.11435890
v -17.68887138 108.26258850 31.36862946
v -17.68887138 108.26258850 31.36862946
v -17.43502808 108.24787140 31.70000076
v 0.89523840 107.18526459 27.78981209
v 0.89523840 107.18526459 27.78981209
v -17.43502808 108.24787140 31.70000076
v -17.27545547 108.23862457 32.08588791
v 0.89523840 107.18526459 27.78981209
v -17.27545547 108.23862457 32.08588791
v -17.22102737 108.23546600 32.50000000
v 0.91689509 107.55885315 37.51346588
v -2.03108549 107.72974396 37.51346588
v 0.92408639 107.68289948 37.45631409
v 0.92408639 107.68289948 37.45631409
v -2.03108549 107.72974396 37.51346588
v -4.97906590 107.90064240 37.51346588
v 0.92408639 107.68289948 37.45631409
v -4.97906590 107.90064240 37.51346588
v -7.92704630 108.07153320 37.51346588
v -7.92704630 108.07153320 37.51346588
v -4.97906590 107.90064240 37.51346588
v -7.93496084 107.93500519 37.51158142
v -7.92704630 108.07153320 37.51346588
v -7.93496084 107.93500519 37.51158142
v -10.88294125 108.10589600 37.51158142
v -10.88294125 108.10589600 37.51158142
v -7.93496084 107.93500519 37.51158142
v -10.89003849 107.98346710 37.45102692
v -10.88294125 108.10589600 37.51158142
v -10.89003849 107.98346710 37.45102692
v -13.83801937 108.15435791 37.45102692
v -13.83801937 108.15435791 37.45102692
v -10.89003849 107.98346710 37.45102692
v -13.84291840 108.06986237 37.34358978
v -13.83801937 108.15435791 37.45102692
v -13.84291840 108.06986237 37.34358978
v -16.79089928 108.24075317 37.34358978
v -16.79089928 108.24075317 37.34358978
v -13.84291840 108.06986237 37.34358978
v 0.89523840 107.18526459 37.21018982
v -16.79089928 108.24075317 37.34358978
v 0.89523840 107.18526459 37.21018982
v -19.73887825 108.41165161 37.34358978
v -19.73887825 108.41165161 37.34358978
v 0.89523840 107.18526459 37.21018982
v -22.68685913 108.58254242 37.34358978
v -19.73887825 108.41165161 37.34358978
v -22.68685913 108.58254242 37.34358978
v -19.73398018 108.49614716 37.45102692
v -19.73398018 108.49614716 37.45102692
v -22.68685913 108.58254242 37.34358978
v -22.68196106 108.66704559 37.45102692
v -19.73398018 108.49614716 37.45102692
v -22.68196106 108.66704559 37.45102692
v -19.72688293 108.61858368 37.51158142
v -19.72688293 108.61858368 37.51158142
v -22.68196106 108.66704559 37.45102692
v -22.67486382 108.78947449 37.51158142
v -19.72688293 108.61858368 37.51158142
v -22.67486382 108.78947449 37.51158142
v -19.71896744 108.75511169 37.51346588
v -19.71896744 108.75511169 37.51346588
v -22.67486382 108.78947449 37.51158142
v -22.66694832 108.92600250 37.51346588
v -19.71896744 108.75511169 37.51346588
v -22.66694832 108.92600250 37.51346588
v 0.92408639 107.68289948 37.45631409
v 0.92408639 107.68289948 37.45631409
v -22.66694832 108.92600250 37.51346588
v -25.61492920 109.09690094 37.51346588
v 0.92408639 107.68289948 37.45631409
v -25.61492920 109.09690094 37.51346588
v -28.56291008 109.26779175 37.51346588
v -28.56291008 109.26779175 37.51346588
v -25.61492920 109.09690094 37.51346588
v -28.57082367 109.13126373 37.51158142
v -28.56291008 109.26779175 37.51346588
v -28.57082367 109.13126373 37.51158142
v -31.51880455 109.30216217 37.51158142
v -31.51880455 109.30216217 37.51158142
v -28.57082367 109.13126373 37.51158142
v -31.52590179 109.17972565 37.45102692
v -31.51880455 109.30216217 37.51158142
v -31.52590179 109.17972565 37.45102692
v -34.47388458 109.35062408 37.45102692
v -34.47388458 109.35062408 37.45102692
v -31.52590179 109.17972565 37.45102692
v -34.47878265 109.26612091 37.34358978
v -34.47388458 109.35062408 37.45102692
v -34.47878265 109.26612091 37.34358978
v -37.42676163 109.43701172 37.34358978
v -37.42676163 109.43701172 37.34358978
v -34.47878265 109.26612091 37.34358978
v 0.89523840 107.18526459 37.21018982
v -37.42676163 109.43701172 37.34358978
v 0.89523840 107.18526459 37.21018982
v -40.37474060 109.60791016 37.34358978
v -40.37474060 109.60791016 37.34358978
v 0.89523840 107.18526459 37.21018982
v -43.32272339 109.77880096 37.34358978
v -40.37474060 109.60791016 37.34358978
v -43.32272339 109.77880096 37.34358978
v -40.36984253 109.69241333 37.45102692
v -40.36984253 109.69241333 37.45102692
v -43.32272339 109.77880096 37.34358978
v -43.31782532 109.86330414 37.45102692
v -40.36984253 109.69241333 37.45102692
v -43.31782532 109.86330414 37.45102692
v -40.36274719 109.81484222 37.51158142
v -40.36274719 109.81484222 37.51158142
v -43.31782532 109.86330414 37.45102692
v -43.31072617 109.98573303 37.51158142
v -40.36274719 109.81484222 37.51158142
v -43.31072617 109.98573303 37.51158142
v -40.35483170 109.95137024 37.51346588
v -40.35483170 109.95137024 37.51346588
v -43.31072617 109.98573303 37.51158142
v -43.30281067 110.12226868 37.51346588
v -40.35483170 109.95137024 37.51346588
v -43.30281067 110.12226868 37.51346588
v 0.92408639 107.68289948 37.45631409
v 0.92408639 107.68289948 37.45631409
v -43.30281067 110.12226868 37.51346588
v -46.25079346 110.29315948 37.51346588
v 0.92408639 107.68289948 37.45631409
v -46.25079346 110.29315948 37.51346588
v -49.19877243 110.46405792 37.51346588
v -49.19877243 110.46405792 37.51346588
v -46.25079346 110.29315948 37.51346588
v -49.20668793 110.32752228 37.51158142
v -49.19877243 110.46405792 37.51346588
v -49.20668793 110.32752228 37.51158142
v -52.15466690 110.49842072 37.51158142
v -52.15466690 110.49842072 37.51158142
v -49.20668793 110.32752228 37.51158142
v -52.16176605 110.37599182 37.45102692
v -52.15466690 110.49842072 37.51158142
v -52.16176605 110.37599182 37.45102692
v -55.10974503 110.54688263 37.45102692
v -55.10974503 110.54688263 37.45102692
v -52.16176605 110.37599182 37.45102692
v -55.11464310 110.46237946 37.34358978
v -55.10974503 110.54688263 37.45102692
v -55.11464310 110.46237946 37.34358978
v -58.06262589 110.63327789 37.34358978
v -58.06262589 110.63327789 37.34358978
v -55.11464310 110.46237946 37.34358978
v -96.38811493 112.82478333 37.21018982
v -58.06262589 110.63327789 37.34358978
v -96.38811493 112.82478333 37.21018982
v -61.01060486 110.80416870 37.34358978
v -61.01060486 110.80416870 37.34358978
v -96.38811493 112.82478333 37.21018982
v -63.95858765 110.97506714 37.34358978
v -61.01060486 110.80416870 37.34358978
v -63.95858765 110.97506714 37.34358978
v -61.00570679 110.88867188 37.45102692
v -61.00570679 110.88867188 37.45102692
v -63.95858765 110.97506714 37.34358978
v -63.95368958 111.05956268 37.45102692
v -61.00570679 110.88867188 37.45102692
v -63.95368958 111.05956268 37.45102692
v -60.99861145 111.01110077 37.51158142
v -60.99861145 111.01110077 37.51158142
v -63.95368958 111.05956268 37.45102692
v -63.94659042 111.18199921 37.51158142
v -60.99861145 111.01110077 37.51158142
v -63.94659042 111.18199921 37.51158142
v -60.99069595 111.14763641 37.51346588
v -60.99069595 111.14763641 37.51346588
v -63.94659042 111.18199921 37.51158142
v -63.93867493 111.31852722 37.51346588
v -60.99069595 111.14763641 37.51346588
v -63.93867493 111.31852722 37.51346588
v -96.35926819 113.32241821 37.45631409
v -96.35926819 113.32241821 37.45631409
v -63.93867493 111.31852722 37.51346588
v -66.88665771 111.48942566 37.51346588
v -96.35926819 113.32241821 37.45631409
v -66.88665771 111.48942566 37.51346588
v -69.83464050 111.66031647 37.51346588
v -69.83464050 111.66031647 37.51346588
v -66.88665771 111.48942566 37.51346588
v -69.84255219 111.52378845 37.51158142
v -69.83464050 111.66031647 37.51346588
v -69.84255219 111.52378845 37.51158142
v -72.79053497 111.69467926 37.51158142
v -72.79053497 111.69467926 37.51158142
v -69.84255219 111.52378845 37.51158142
v -72.79763031 111.57225037 37.45102692
v -72.79053497 111.69467926 37.51158142
v -72.79763031 111.57225037 37.45102692
v -75.74561310 111.74314117 37.45102692
v -75.74561310 111.74314117 37.45102692
v -72.79763031 111.57225037 37.45102692
v -75.75051117 111.65864563 37.34358978
v -75.74561310 111.74314117 37.45102692
v -75.75051117 111.65864563 37.34358978
v -78.69848633 111.82953644 37.34358978
v -78.69848633 111.82953644 37.34358978
v -75.75051117 111.65864563 37.34358978
v -96.38811493 112.82478333 37.21018982
v -78.69848633 111.82953644 37.34358978
v -96.38811493 112.82478333 37.21018982
v -81.64646912 112.00042725 37.34358978
v -81.64646912 112.00042725 37.34358978
v -96.38811493 112.82478333 37.21018982
v -84.59445190 112.17132568 37.34358978
v -81.64646912 112.00042725 37.34358978
v -84.59445190 112.17132568 37.34358978
v -81.64157104 112.08493042 37.45102692
v -81.64157104 112.08493042 37.45102692
v -84.59445190 112.17132568 37.34358978
v -84.58955383 112.25582886 37.45102692
v -81.64157104 112.08493042 37.45102692
v -84.58955383 112.25582886 37.45102692
v -81.63447571 112.20736694 37.51158142
v -81.63447571 112.20736694 37.51158142
v -84.58955383 112.25582886 37.45102692
v -84.58245087 112.37825775 37.51158142
v -81.63447571 112.20736694 37.51158142
v -84.58245087 112.37825775 37.51158142
v -81.62655640 112.34389496 37.51346588
v -81.62655640 112.34389496 37.51346588
v -84.58245087 112.37825775 37.51158142
v -84.57453918 112.51478577 37.51346588
v -81.62655640 112.34389496 37.51346588
v -84.57453918 112.51478577 37.51346588
v -96.35926819 113.32241821 37.45631409
v -96.35926819 113.32241821 37.45631409
v -84.57453918 112.51478577 37.51346588
v -87.52252197 112.68568420 37.51346588
v -96.35926819 113.32241821 37.45631409
v -87.52252197 112.68568420 37.51346588
v -90.47049713 112.85657501 37.51346588
v -90.47049713 112.85657501 37.51346588
v -87.52252197 112.68568420 37.51346588
v -90.47841644 112.72004700 37.51158142
v -90.47049713 112.85657501 37.51346588
v -90.47841644 112.72004700 37.51158142
v -93.42639923 112.89093781 37.51158142
v -93.42639923 112.89093781 37.51158142
v -90.47841644 112.72004700 37.51158142
v -93.43349457 112.76850891 37.45102692
v -93.42639923 112.89093781 37.51158142
v -93.43349457 112.76850891 37.45102692
v -96.38146973 112.93940735 37.45102692
v -96.38146973 112.93940735 37.45102692
v -93.43349457 112.76850891 37.45102692
v -96.38637543 112.85490417 37.34358978
v -96.38637543 112.85490417 37.34358978
v -93.43349457 112.76850891 37.45102692
v -93.43839264 112.68400574 37.34358978
v -96.38637543 112.85490417 37.34358978
v -93.43839264 112.68400574 37.34358978
v -96.38811493 112.82478333 37.21018982
v -96.38811493 112.82478333 37.21018982
v -93.43839264 112.68400574 37.34358978
v -90.49040985 112.51311493 37.34358978
v -96.38811493 112.82478333 37.21018982
v -90.49040985 112.51311493 37.34358978
v -87.54242706 112.34221649 37.34358978
v -87.54242706 112.34221649 37.34358978
v -90.49040985 112.51311493 37.34358978
v -87.53752899 112.42671967 37.45102692
v -87.54242706 112.34221649 37.34358978
v -87.53752899 112.42671967 37.45102692
v -84.58955383 112.25582886 37.45102692
v -84.58955383 112.25582886 37.45102692
v -87.53752899 112.42671967 37.45102692
v -84.58245087 112.37825775 37.51158142
v -2.03108549 107.72974396 37.51346588
v 0.91689509 107.55885315 37.51346588
v -2.03900003 107.59321594 37.51158142
v -2.03900003 107.59321594 37.51158142
v 0.91689509 107.55885315 37.51346588
v 0.90898049 107.42231750 37.51158142
v -2.03900003 107.59321594 37.51158142
v 0.90898049 107.42231750 37.51158142
v -2.04609752 107.47078705 37.45102692
v -2.04609752 107.47078705 37.45102692
v 0.90898049 107.42231750 37.51158142
v 0.90188313 107.29988861 37.45102692
v -2.04609752 107.47078705 37.45102692
v 0.90188313 107.29988861 37.45102692
v -2.05099583 107.38628387 37.34358978
v -2.05099583 107.38628387 37.34358978
v 0.90188313 107.29988861 37.45102692
v 0.89698458 107.21538544 37.34358978
v -2.05099583 107.38628387 37.34358978
v 0.89698458 107.21538544 37.34358978
v 0.89523840 107.18526459 37.21018982
v -43.32272339 109.77880096 37.34358978
v 0.89523840 107.18526459 37.21018982
v -46.27070236 109.94969940 37.34358978
v -46.27070236 109.94969940 37.34358978
v 0.89523840 107.18526459 37.21018982
v -96.38811493 112.82478333 37.21018982
v -46.27070236 109.94969940 37.34358978
v -96.38811493 112.82478333 37.21018982
v -49.21868515 110.12059021 37.34358978
v -49.21868515 110.12059021 37.34358978
v -96.38811493 112.82478333 37.21018982
v -52.16666412 110.29148865 37.34358978
v -49.21868515 110.12059021 37.34358978
v -52.16666412 110.29148865 37.34358978
v -49.21378708 110.20509338 37.45102692
v -49.21378708 110.20509338 37.45102692
v -52.16666412 110.29148865 37.34358978
v -52.16176605 110.37599182 37.45102692
v -49.21378708 110.20509338 37.45102692
v -52.16176605 110.37599182 37.45102692
v -49.20668793 110.32752228 37.51158142
v -96.38146973 112.93940735 37.45102692
v -96.37437439 113.06183624 37.51158142
v -93.42639923 112.89093781 37.51158142
v -93.42639923 112.89093781 37.51158142
v -96.37437439 113.06183624 37.51158142
v -93.41847992 113.02747345 37.51346588
v -93.42639923 112.89093781 37.51158142
v -93.41847992 113.02747345 37.51346588
v -90.47049713 112.85657501 37.51346588
v -90.47049713 112.85657501 37.51346588
v -93.41847992 113.02747345 37.51346588
v -96.35926819 113.32241821 37.45631409
v -96.37437439 113.06183624 37.51158142
v -96.36646271 113.19836426 37.51346588
v -93.41847992 113.02747345 37.51346588
v -93.41847992 113.02747345 37.51346588
v -96.36646271 113.19836426 37.51346588
v -96.35926819 113.32241821 37.45631409
v 0.92408639 107.68289948 37.45631409
v -49.19877243 110.46405792 37.51346588
v -96.35926819 113.32241821 37.45631409
v -96.35926819 113.32241821 37.45631409
v -49.19877243 110.46405792 37.51346588
v -52.14675522 110.63494873 37.51346588
v -96.35926819 113.32241821 37.45631409
v -52.14675522 110.63494873 37.51346588
v -55.09473419 110.80584717 37.51346588
v -55.09473419 110.80584717 37.51346588
v -52.14675522 110.63494873 37.51346588
v -55.10264969 110.66931152 37.51158142
v -55.09473419 110.80584717 37.51346588
v -55.10264969 110.66931152 37.51158142
v -58.05062866 110.84020996 37.51158142
v -58.05062866 110.84020996 37.51158142
v -55.10264969 110.66931152 37.51158142
v -58.05772781 110.71777344 37.45102692
v -58.05062866 110.84020996 37.51158142
v -58.05772781 110.71777344 37.45102692
v -61.00570679 110.88867188 37.45102692
v -61.00570679 110.88867188 37.45102692
v -58.05772781 110.71777344 37.45102692
v -61.01060486 110.80416870 37.34358978
v -4.97906590 107.90064240 37.51346588
v -2.03108549 107.72974396 37.51346588
v -4.98698044 107.76410675 37.51158142
v -4.98698044 107.76410675 37.51158142
v -2.03108549 107.72974396 37.51346588
v -2.03900003 107.59321594 37.51158142
v -4.98698044 107.76410675 37.51158142
v -2.03900003 107.59321594 37.51158142
v -4.99407768 107.64167786 37.45102692
v -4.99407768 107.64167786 37.45102692
v -2.03900003 107.59321594 37.51158142
v -2.04609752 107.47078705 37.45102692
v -4.99407768 107.64167786 37.45102692
v -2.04609752 107.47078705 37.45102692
v -4.99897623 107.55717468 37.34358978
v -4.99897623 107.55717468 37.34358978
v -2.04609752 107.47078705 37.45102692
v -2.05099583 107.38628387 37.34358978
v -4.99897623 107.55717468 37.34358978
v -2.05099583 107.38628387 37.34358978
v 0.89523840 107.18526459 37.21018982
v -7.92704630 108.07153320 37.51346588
v -10.87502670 108.24243164 37.51346588
v 0.92408639 107.68289948 37.45631409
v 0.92408639 107.68289948 37.45631409
v -10.87502670 108.24243164 37.51346588
v -13.82300758 108.41332245 37.51346588
v 0.92408639 107.68289948 37.45631409
v -13.82300758 108.41332245 37.51346588
v -16.77098846 108.58422089 37.51346588
v -16.77098846 108.58422089 37.51346588
v -13.82300758 108.41332245 37.51346588
v -16.77890205 108.44768524 37.51158142
v -16.77098846 108.58422089 37.51346588
v -16.77890205 108.44768524 37.51158142
v -19.72688293 108.61858368 37.51158142
v -19.72688293 108.61858368 37.51158142
v -16.77890205 108.44768524 37.51158142
v -19.73398018 108.49614716 37.45102692
v -7.92704630 108.07153320 37.51346588
v -10.88294125 108.10589600 37.51158142
v -10.87502670 108.24243164 37.51346588
v -10.87502670 108.24243164 37.51346588
v -10.88294125 108.10589600 37.51158142
v -13.83092213 108.27679443 37.51158142
v -10.87502670 108.24243164 37.51346588
v -13.83092213 108.27679443 37.51158142
v -13.82300758 108.41332245 37.51346588
v -13.82300758 108.41332245 37.51346588
v -13.83092213 108.27679443 37.51158142
v -16.77890205 108.44768524 37.51158142
v -19.71896744 108.75511169 37.51346588
v 0.92408639 107.68289948 37.45631409
v -16.77098846 108.58422089 37.51346588
v -19.72688293 108.61858368 37.51158142
v -19.71896744 108.75511169 37.51346588
v -16.77098846 108.58422089 37.51346588
v -25.61492920 109.09690094 37.51346588
v -22.66694832 108.92600250 37.51346588
v -25.62284470 108.96037292 37.51158142
v -25.62284470 108.96037292 37.51158142
v -22.66694832 108.92600250 37.51346588
v -22.67486382 108.78947449 37.51158142
v -25.62284470 108.96037292 37.51158142
v -22.67486382 108.78947449 37.51158142
v -25.62994194 108.83793640 37.45102692
v -25.62994194 108.83793640 37.45102692
v -22.67486382 108.78947449 37.51158142
v -22.68196106 108.66704559 37.45102692
v -25.62994194 108.83793640 37.45102692
v -22.68196106 108.66704559 37.45102692
v -25.63484001 108.75344086 37.34358978
v -25.63484001 108.75344086 37.34358978
v -22.68196106 108.66704559 37.45102692
v -22.68685913 108.58254242 37.34358978
v -25.63484001 108.75344086 37.34358978
v -22.68685913 108.58254242 37.34358978
v 0.89523840 107.18526459 37.21018982
v -28.56291008 109.26779175 37.51346588
v -31.51089096 109.43869019 37.51346588
v 0.92408639 107.68289948 37.45631409
v 0.92408639 107.68289948 37.45631409
v -31.51089096 109.43869019 37.51346588
v -34.45886993 109.60958099 37.51346588
v 0.92408639 107.68289948 37.45631409
v -34.45886993 109.60958099 37.51346588
v -37.40685272 109.78047943 37.51346588
v -37.40685272 109.78047943 37.51346588
v -34.45886993 109.60958099 37.51346588
v -37.41476440 109.64395142 37.51158142
v -37.40685272 109.78047943 37.51346588
v -37.41476440 109.64395142 37.51158142
v -40.36274719 109.81484222 37.51158142
v -40.36274719 109.81484222 37.51158142
v -37.41476440 109.64395142 37.51158142
v -40.36984253 109.69241333 37.45102692
v -28.56291008 109.26779175 37.51346588
v -31.51880455 109.30216217 37.51158142
v -31.51089096 109.43869019 37.51346588
v -31.51089096 109.43869019 37.51346588
v -31.51880455 109.30216217 37.51158142
v -34.46678543 109.47305298 37.51158142
v -31.51089096 109.43869019 37.51346588
v -34.46678543 109.47305298 37.51158142
v -34.45886993 109.60958099 37.51346588
v -34.45886993 109.60958099 37.51346588
v -34.46678543 109.47305298 37.51158142
v -37.41476440 109.64395142 37.51158142
v -40.35483170 109.95137024 37.51346588
v 0.92408639 107.68289948 37.45631409
v -37.40685272 109.78047943 37.51346588
v -40.36274719 109.81484222 37.51158142
v -40.35483170 109.95137024 37.51346588
v -37.40685272 109.78047943 37.51346588
v -46.25079346 110.29315948 37.51346588
v -43.30281067 110.12226868 37.51346588
v -46.25870895 110.15663147 37.51158142
v -46.25870895 110.15663147 37.51158142
v -43.30281067 110.12226868 37.51346588
v -43.31072617 109.98573303 37.51158142
v -46.25870895 110.15663147 37.51158142
v -43.31072617 109.98573303 37.51158142
v -46.26580429 110.03420258 37.45102692
v -46.26580429 110.03420258 37.45102692
v -43.31072617 109.98573303 37.51158142
v -43.31782532 109.86330414 37.45102692
v -46.26580429 110.03420258 37.45102692
v -43.31782532 109.86330414 37.45102692
v -46.27070236 109.94969940 37.34358978
v -46.27070236 109.94969940 37.34358978
v -43.31782532 109.86330414 37.45102692
v -43.32272339 109.77880096 37.34358978
v -55.10264969 110.66931152 37.51158142
v -52.14675522 110.63494873 37.51346588
v -52.15466690 110.49842072 37.51158142
v -52.15466690 110.49842072 37.51158142
v -52.14675522 110.63494873 37.51346588
v -49.19877243 110.46405792 37.51346588
v -60.99069595 111.14763641 37.51346588
v -96.35926819 113.32241821 37.45631409
v -58.04271317 110.97673798 37.51346588
v -58.04271317 110.97673798 37.51346588
v -96.35926819 113.32241821 37.45631409
v -55.09473419 110.80584717 37.51346588
v -58.04271317 110.97673798 37.51346588
v -55.09473419 110.80584717 37.51346588
v -58.05062866 110.84020996 37.51158142
v -60.99861145 111.01110077 37.51158142
v -60.99069595 111.14763641 37.51346588
v -58.04271317 110.97673798 37.51346588
v -60.99861145 111.01110077 37.51158142
v -58.04271317 110.97673798 37.51346588
v -58.05062866 110.84020996 37.51158142
v -66.88665771 111.48942566 37.51346588
v -63.93867493 111.31852722 37.51346588
v -66.89456940 111.35289001 37.51158142
v -66.89456940 111.35289001 37.51158142
v -63.93867493 111.31852722 37.51346588
v -63.94659042 111.18199921 37.51158142
v -66.89456940 111.35289001 37.51158142
v -63.94659042 111.18199921 37.51158142
v -66.90166473 111.23046112 37.45102692
v -66.90166473 111.23046112 37.45102692
v -63.94659042 111.18199921 37.51158142
v -63.95368958 111.05956268 37.45102692
v -66.90166473 111.23046112 37.45102692
v -63.95368958 111.05956268 37.45102692
v -66.90657043 111.14595795 37.34358978
v -66.90657043 111.14595795 37.34358978
v -63.95368958 111.05956268 37.45102692
v -63.95858765 110.97506714 37.34358978
v -66.90657043 111.14595795 37.34358978
v -63.95858765 110.97506714 37.34358978
v -96.38811493 112.82478333 37.21018982
v -69.83464050 111.66031647 37.51346588
v -72.78261566 111.83120728 37.51346588
v -96.35926819 113.32241821 37.45631409
v -96.35926819 113.32241821 37.45631409
v -72.78261566 111.83120728 37.51346588
v -75.73059845 112.00210571 37.51346588
v -96.35926819 113.32241821 37.45631409
v -75.73059845 112.00210571 37.51346588
v -78.67858124 112.17299652 37.51346588
v -78.67858124 112.17299652 37.51346588
v -75.73059845 112.00210571 37.51346588
v -78.68649292 112.03646851 37.51158142
v -78.67858124 112.17299652 37.51346588
v -78.68649292 112.03646851 37.51158142
v -81.63447571 112.20736694 37.51158142
v -81.63447571 112.20736694 37.51158142
v -78.68649292 112.03646851 37.51158142
v -81.64157104 112.08493042 37.45102692
v -69.83464050 111.66031647 37.51346588
v -72.79053497 111.69467926 37.51158142
v -72.78261566 111.83120728 37.51346588
v -72.78261566 111.83120728 37.51346588
v -72.79053497 111.69467926 37.51158142
v -75.73851013 111.86557770 37.51158142
v -72.78261566 111.83120728 37.51346588
v -75.73851013 111.86557770 37.51158142
v -75.73059845 112.00210571 37.51346588
v -75.73059845 112.00210571 37.51346588
v -75.73851013 111.86557770 37.51158142
v -78.68649292 112.03646851 37.51158142
v -81.62655640 112.34389496 37.51346588
v -96.35926819 113.32241821 37.45631409
v -78.67858124 112.17299652 37.51346588
v -81.63447571 112.20736694 37.51158142
v -81.62655640 112.34389496 37.51346588
v -78.67858124 112.17299652 37.51346588
v -87.52252197 112.68568420 37.51346588
v -84.57453918 112.51478577 37.51346588
v -87.53043365 112.54915619 37.51158142
v -87.53043365 112.54915619 37.51158142
v -84.57453918 112.51478577 37.51346588
v -84.58245087 112.37825775 37.51158142
v -87.53043365 112.54915619 37.51158142
v -84.58245087 112.37825775 37.51158142
v -87.53752899 112.42671967 37.45102692
v -4.97906590 107.90064240 37.51346588
v -4.98698044 107.76410675 37.51158142
v -7.93496084 107.93500519 37.51158142
v -7.93496084 107.93500519 37.51158142
v -4.98698044 107.76410675 37.51158142
v -7.94205856 107.81256866 37.45102692
v -7.93496084 107.93500519 37.51158142
v -7.94205856 107.81256866 37.45102692
v -10.89003849 107.98346710 37.45102692
v -10.89003849 107.98346710 37.45102692
v -7.94205856 107.81256866 37.45102692
v -10.89493752 107.89896393 37.34358978
v -10.89003849 107.98346710 37.45102692
v -10.89493752 107.89896393 37.34358978
v -13.84291840 108.06986237 37.34358978
v -13.84291840 108.06986237 37.34358978
v -10.89493752 107.89896393 37.34358978
v 0.89523840 107.18526459 37.21018982
v -7.94205856 107.81256866 37.45102692
v -4.98698044 107.76410675 37.51158142
v -4.99407768 107.64167786 37.45102692
v -10.88294125 108.10589600 37.51158142
v -13.83801937 108.15435791 37.45102692
v -13.83092213 108.27679443 37.51158142
v -13.83092213 108.27679443 37.51158142
v -13.83801937 108.15435791 37.45102692
v -16.78599930 108.32525635 37.45102692
v -13.83092213 108.27679443 37.51158142
v -16.78599930 108.32525635 37.45102692
v -16.77890205 108.44768524 37.51158142
v -16.77890205 108.44768524 37.51158142
v -16.78599930 108.32525635 37.45102692
v -19.73398018 108.49614716 37.45102692
v -25.61492920 109.09690094 37.51346588
v -25.62284470 108.96037292 37.51158142
v -28.57082367 109.13126373 37.51158142
v -28.57082367 109.13126373 37.51158142
v -25.62284470 108.96037292 37.51158142
v -28.57792282 109.00883484 37.45102692
v -28.57082367 109.13126373 37.51158142
v -28.57792282 109.00883484 37.45102692
v -31.52590179 109.17972565 37.45102692
v -31.52590179 109.17972565 37.45102692
v -28.57792282 109.00883484 37.45102692
v -31.53080177 109.09523010 37.34358978
v -31.52590179 109.17972565 37.45102692
v -31.53080177 109.09523010 37.34358978
v -34.47878265 109.26612091 37.34358978
v -34.47878265 109.26612091 37.34358978
v -31.53080177 109.09523010 37.34358978
v 0.89523840 107.18526459 37.21018982
v -28.57792282 109.00883484 37.45102692
v -25.62284470 108.96037292 37.51158142
v -25.62994194 108.83793640 37.45102692
v -31.51880455 109.30216217 37.51158142
v -34.47388458 109.35062408 37.45102692
v -34.46678543 109.47305298 37.51158142
v -34.46678543 109.47305298 37.51158142
v -34.47388458 109.35062408 37.45102692
v -37.42186356 109.52151489 37.45102692
v -34.46678543 109.47305298 37.51158142
v -37.42186356 109.52151489 37.45102692
v -37.41476440 109.64395142 37.51158142
v -37.41476440 109.64395142 37.51158142
v -37.42186356 109.52151489 37.45102692
v -40.36984253 109.69241333 37.45102692
v -49.21378708 110.20509338 37.45102692
v -49.20668793 110.32752228 37.51158142
v -46.25870895 110.15663147 37.51158142
v -46.25870895 110.15663147 37.51158142
v -49.20668793 110.32752228 37.51158142
v -46.25079346 110.29315948 37.51346588
v -49.21378708 110.20509338 37.45102692
v -46.25870895 110.15663147 37.51158142
v -46.26580429 110.03420258 37.45102692
v -58.05772781 110.71777344 37.45102692
v -55.10264969 110.66931152 37.51158142
v -55.10974503 110.54688263 37.45102692
v -55.10974503 110.54688263 37.45102692
v -55.10264969 110.66931152 37.51158142
v -52.15466690 110.49842072 37.51158142
v -61.00570679 110.88867188 37.45102692
v -60.99861145 111.01110077 37.51158142
v -58.05062866 110.84020996 37.51158142
v -66.88665771 111.48942566 37.51346588
v -66.89456940 111.35289001 37.51158142
v -69.84255219 111.52378845 37.51158142
v -69.84255219 111.52378845 37.51158142
v -66.89456940 111.35289001 37.51158142
v -69.84964752 111.40135193 37.45102692
v -69.84255219 111.52378845 37.51158142
v -69.84964752 111.40135193 37.45102692
v -72.79763031 111.57225037 37.45102692
v -72.79763031 111.57225037 37.45102692
v -69.84964752 111.40135193 37.45102692
v -72.80252838 111.48774719 37.34358978
v -72.79763031 111.57225037 37.45102692
v -72.80252838 111.48774719 37.34358978
v -75.75051117 111.65864563 37.34358978
v -75.75051117 111.65864563 37.34358978
v -72.80252838 111.48774719 37.34358978
v -96.38811493 112.82478333 37.21018982
v -69.84964752 111.40135193 37.45102692
v -66.89456940 111.35289001 37.51158142
v -66.90166473 111.23046112 37.45102692
v -72.79053497 111.69467926 37.51158142
v -75.74561310 111.74314117 37.45102692
v -75.73851013 111.86557770 37.51158142
v -75.73851013 111.86557770 37.51158142
v -75.74561310 111.74314117 37.45102692
v -78.69358826 111.91403961 37.45102692
v -75.73851013 111.86557770 37.51158142
v -78.69358826 111.91403961 37.45102692
v -78.68649292 112.03646851 37.51158142
v -78.68649292 112.03646851 37.51158142
v -78.69358826 111.91403961 37.45102692
v -81.64157104 112.08493042 37.45102692
v -87.52252197 112.68568420 37.51346588
v -87.53043365 112.54915619 37.51158142
v -90.47841644 112.72004700 37.51158142
v -90.47841644 112.72004700 37.51158142
v -87.53043365 112.54915619 37.51158142
v -90.48551178 112.59761810 37.45102692
v -90.47841644 112.72004700 37.51158142
v -90.48551178 112.59761810 37.45102692
v -93.43349457 112.76850891 37.45102692
v -93.43349457 112.76850891 37.45102692
v -90.48551178 112.59761810 37.45102692
v -93.43839264 112.68400574 37.34358978
v -90.48551178 112.59761810 37.45102692
v -87.53043365 112.54915619 37.51158142
v -87.53752899 112.42671967 37.45102692
v -7.94205856 107.81256866 37.45102692
v -4.99407768 107.64167786 37.45102692
v -7.94695711 107.72807312 37.34358978
v -7.94695711 107.72807312 37.34358978
v -4.99407768 107.64167786 37.45102692
v -4.99897623 107.55717468 37.34358978
v -7.94695711 107.72807312 37.34358978
v -4.99897623 107.55717468 37.34358978
v 0.89523840 107.18526459 37.21018982
v -19.73887825 108.41165161 37.34358978
v -19.73398018 108.49614716 37.45102692
v -16.78599930 108.32525635 37.45102692
v -19.73887825 108.41165161 37.34358978
v -16.78599930 108.32525635 37.45102692
v -16.79089928 108.24075317 37.34358978
v -16.79089928 108.24075317 37.34358978
v -16.78599930 108.32525635 37.45102692
v -13.83801937 108.15435791 37.45102692
v -28.57792282 109.00883484 37.45102692
v -25.62994194 108.83793640 37.45102692
v -28.58282089 108.92433167 37.34358978
v -28.58282089 108.92433167 37.34358978
v -25.62994194 108.83793640 37.45102692
v -25.63484001 108.75344086 37.34358978
v -28.58282089 108.92433167 37.34358978
v -25.63484001 108.75344086 37.34358978
v 0.89523840 107.18526459 37.21018982
v -40.37474060 109.60791016 37.34358978
v -40.36984253 109.69241333 37.45102692
v -37.42186356 109.52151489 37.45102692
v -40.37474060 109.60791016 37.34358978
v -37.42186356 109.52151489 37.45102692
v -37.42676163 109.43701172 37.34358978
v -37.42676163 109.43701172 37.34358978
v -37.42186356 109.52151489 37.45102692
v -34.47388458 109.35062408 37.45102692
v -49.21868515 110.12059021 37.34358978
v -49.21378708 110.20509338 37.45102692
v -46.26580429 110.03420258 37.45102692
v -49.21868515 110.12059021 37.34358978
v -46.26580429 110.03420258 37.45102692
v -46.27070236 109.94969940 37.34358978
v -55.11464310 110.46237946 37.34358978
v -52.16176605 110.37599182 37.45102692
v -52.16666412 110.29148865 37.34358978
v -61.01060486 110.80416870 37.34358978
v -58.05772781 110.71777344 37.45102692
v -58.06262589 110.63327789 37.34358978
v -58.06262589 110.63327789 37.34358978
v -58.05772781 110.71777344 37.45102692
v -55.10974503 110.54688263 37.45102692
v -69.84964752 111.40135193 37.45102692
v -66.90166473 111.23046112 37.45102692
v -69.85454559 111.31685638 37.34358978
v -69.85454559 111.31685638 37.34358978
v -66.90166473 111.23046112 37.45102692
v -66.90657043 111.14595795 37.34358978
v -69.85454559 111.31685638 37.34358978
v -66.90657043 111.14595795 37.34358978
v -96.38811493 112.82478333 37.21018982
v -81.64646912 112.00042725 37.34358978
v -81.64157104 112.08493042 37.45102692
v -78.69358826 111.91403961 37.45102692
v -81.64646912 112.00042725 37.34358978
v -78.69358826 111.91403961 37.45102692
v -78.69848633 111.82953644 37.34358978
v -78.69848633 111.82953644 37.34358978
v -78.69358826 111.91403961 37.45102692
v -75.74561310 111.74314117 37.45102692
v -87.54242706 112.34221649 37.34358978
v -84.58955383 112.25582886 37.45102692
v -84.59445190 112.17132568 37.34358978
v -93.43839264 112.68400574 37.34358978
v -90.48551178 112.59761810 37.45102692
v -90.49040985 112.51311493 37.34358978
v -90.49040985 112.51311493 37.34358978
v -90.48551178 112.59761810 37.45102692
v -87.53752899 112.42671967 37.45102692
v 0.89523840 107.18526459 37.21018982
v -10.89493752 107.89896393 37.34358978
v -7.94695711 107.72807312 37.34358978
v -7.94695711 107.72807312 37.34358978
v -10.89493752 107.89896393 37.34358978
v -7.94205856 107.81256866 37.45102692
v 0.89523840 107.18526459 37.21018982
v -31.53080177 109.09523010 37.34358978
v -28.58282089 108.92433167 37.34358978
v -28.58282089 108.92433167 37.34358978
v -31.53080177 109.09523010 37.34358978
v -28.57792282 109.00883484 37.45102692
v -96.38811493 112.82478333 37.21018982
v -55.11464310 110.46237946 37.34358978
v -52.16666412 110.29148865 37.34358978
v -96.38811493 112.82478333 37.21018982
v -72.80252838 111.48774719 37.34358978
v -69.85454559 111.31685638 37.34358978
v -69.85454559 111.31685638 37.34358978
v -72.80252838 111.48774719 37.34358978
v -69.84964752 111.40135193 37.45102692
v -96.38811493 112.82478333 37.21018982
v -87.54242706 112.34221649 37.34358978
v -84.59445190 112.17132568 37.34358978
v 0.98651308 108.75978088 26.79039955
v 0.98381776 108.71328735 28.03032684
v 0.96630853 108.41124725 26.59093666
v 0.96630853 108.41124725 26.59093666
v 0.98381776 108.71328735 28.03032684
v 0.95244730 108.17213440 27.84215355
v 0.96630853 108.41124725 26.59093666
v 0.95244730 108.17213440 27.84215355
v 0.94522482 108.04754639 26.38500404
v 0.94522482 108.04754639 26.38500404
v 0.95244730 108.17213440 27.84215355
v 0.92408639 107.68289948 27.54368401
v 0.94522482 108.04754639 26.38500404
v 0.92408639 107.68289948 27.54368401
v 0.92167974 107.64138794 26.28697205
v 0.92167974 107.64138794 26.28697205
v 0.92408639 107.68289948 27.54368401
v 0.91689509 107.55885315 27.48653412
v 0.92167974 107.64138794 26.28697205
v 0.91689509 107.55885315 27.48653412
v 0.90898049 107.42231750 27.48842049
v 0.98651308 108.75978088 26.79039955
v 1.00905800 109.14868927 26.88995743
v 0.98381776 108.71328735 28.03032684
v 0.98381776 108.71328735 28.03032684
v 1.00905800 109.14868927 26.88995743
v 1.01678109 109.28191376 28.09970665
v 1.01678109 109.28191376 28.09970665
v 1.00905800 109.14868927 26.88995743
v 1.03232360 109.55002594 26.88245773
v 1.01678109 109.28191376 28.09970665
v 1.03232360 109.55002594 26.88245773
v 1.04984844 109.85234070 28.04715919
v 1.04984844 109.85234070 28.04715919
v 1.03232360 109.55002594 26.88245773
v 1.05463803 109.93495941 26.76843834
v 1.04984844 109.85234070 28.04715919
v 1.05463803 109.93495941 26.76843834
v 1.08152664 110.39879608 27.87506104
v 1.08152664 110.39879608 27.87506104
v 1.05463803 109.93495941 26.76843834
v 1.07439792 110.27582550 26.55609322
v 1.08152664 110.39879608 27.87506104
v 1.07439792 110.27582550 26.55609322
v 1.08146310 110.39769745 26.49537086
v 1.08146310 110.39769745 26.49537086
v 1.08935392 110.53382111 26.49495316
v 1.08152664 110.39879608 27.87506104
v 1.08152664 110.39879608 27.87506104
v 1.08935392 110.53382111 26.49495316
v 1.09644043 110.65606689 26.55492783
v 1.08152664 110.39879608 27.87506104
v 1.09644043 110.65606689 26.55492783
v 1.10125887 110.73918152 26.66290474
v 1.08152664 110.39879608 27.87506104
v 1.10125887 110.73918152 26.66290474
v 1.11038470 110.89660645 27.59118080
v 1.11038470 110.89660645 27.59118080
v 1.10125887 110.73918152 26.66290474
v 1.11603904 110.99414825 27.22330856
v 1.11038470 110.89660645 27.59118080
v 1.11603904 110.99414825 27.22330856
v 1.11557031 110.98606110 27.48855019
v 1.11557031 110.98606110 27.48855019
v 1.11603904 110.99414825 27.22330856
v 1.11759424 111.02097321 27.35687256
v 0.92167974 107.64138794 26.28697205
v 0.90898049 107.42231750 27.48842049
v 0.89748174 107.22396088 26.30437279
v 0.89748174 107.22396088 26.30437279
v 0.90898049 107.42231750 27.48842049
v 0.90188313 107.29988861 27.54897308
v 0.89748174 107.22396088 26.30437279
v 0.90188313 107.29988861 27.54897308
v 0.89698458 107.21538544 27.65640831
v 0.89748174 107.22396088 26.30437279
v 0.89698458 107.21538544 27.65640831
v 0.87448937 106.82733917 26.43586540
v 0.87448937 106.82733917 26.43586540
v 0.89698458 107.21538544 27.65640831
v 0.89523840 107.18526459 27.78981209
v 0.87448937 106.82733917 26.43586540
v 0.89523840 107.18526459 27.78981209
v 0.85446870 106.48197937 26.67135239
v 0.85446870 106.48197937 26.67135239
v 0.89523840 107.18526459 27.78981209
v 0.83895749 106.21440125 26.99274826
v 0.83895749 106.21440125 26.99274826
v 0.89523840 107.18526459 27.78981209
v 0.82579106 105.98727417 27.78981209
v 0.83895749 106.21440125 26.99274826
v 0.82579106 105.98727417 27.78981209
v 0.82914710 106.04517365 27.37536240
v 0.82579106 105.98727417 27.78981209
v 0.89523840 107.18526459 27.78981209
v 0.82579106 105.98727417 37.21018982
v 0.82579106 105.98727417 37.21018982
v 0.89523840 107.18526459 27.78981209
v 0.89523840 107.18526459 37.21018982
v 0.82579106 105.98727417 37.21018982
v 0.89523840 107.18526459 37.21018982
v 0.83895749 106.21440125 38.00725174
v 0.83895749 106.21440125 38.00725174
v 0.89523840 107.18526459 37.21018982
v 0.85446870 106.48197937 38.32864761
v 0.85446870 106.48197937 38.32864761
v 0.89523840 107.18526459 37.21018982
v 0.87448937 106.82733917 38.56413269
v 0.87448937 106.82733917 38.56413269
v 0.89523840 107.18526459 37.21018982
v 0.89698458 107.21538544 37.34358978
v 0.87448937 106.82733917 38.56413269
v 0.89698458 107.21538544 37.34358978
v 0.89748174 107.22396088 38.69562912
v 0.89748174 107.22396088 38.69562912
v 0.89698458 107.21538544 37.34358978
v 0.90188313 107.29988861 37.45102692
v 0.89748174 107.22396088 38.69562912
v 0.90188313 107.29988861 37.45102692
v 0.90898049 107.42231750 37.51158142
v 0.89748174 107.22396088 38.69562912
v 0.90898049 107.42231750 37.51158142
v 0.92167974 107.64138794 38.71302795
v 0.92167974 107.64138794 38.71302795
v 0.90898049 107.42231750 37.51158142
v 0.91689509 107.55885315 37.51346588
v 0.92167974 107.64138794 38.71302795
v 0.91689509 107.55885315 37.51346588
v 0.92408639 107.68289948 37.45631409
v 0.92167974 107.64138794 38.71302795
v 0.92408639 107.68289948 37.45631409
v 0.94522482 108.04754639 38.61499405
v 0.94522482 108.04754639 38.61499405
v 0.92408639 107.68289948 37.45631409
v 0.95244730 108.17213440 37.15784836
v 0.94522482 108.04754639 38.61499405
v 0.95244730 108.17213440 37.15784836
v 0.96630853 108.41124725 38.40906525
v 0.96630853 108.41124725 38.40906525
v 0.95244730 108.17213440 37.15784836
v 0.98381776 108.71328735 36.96967316
v 0.96630853 108.41124725 38.40906525
v 0.98381776 108.71328735 36.96967316
v 0.98651308 108.75978088 38.20960236
v 0.98651308 108.75978088 38.20960236
v 0.98381776 108.71328735 36.96967316
v 1.00905812 109.14868927 38.11004257
v 1.00905812 109.14868927 38.11004257
v 0.98381776 108.71328735 36.96967316
v 1.01678109 109.28191376 36.90029526
v 1.00905812 109.14868927 38.11004257
v 1.01678109 109.28191376 36.90029526
v 1.03232360 109.55002594 38.11754227
v 1.03232360 109.55002594 38.11754227
v 1.01678109 109.28191376 36.90029526
v 1.04984844 109.85234070 36.95283890
v 1.03232360 109.55002594 38.11754227
v 1.04984844 109.85234070 36.95283890
v 1.05463803 109.93495941 38.23155975
v 1.05463803 109.93495941 38.23155975
v 1.04984844 109.85234070 36.95283890
v 1.08152652 110.39879608 37.12493896
v 1.05463803 109.93495941 38.23155975
v 1.08152652 110.39879608 37.12493896
v 1.07439792 110.27582550 38.44390488
v 1.07439792 110.27582550 38.44390488
v 1.08152652 110.39879608 37.12493896
v 1.08146310 110.39769745 38.50462723
v 1.08146310 110.39769745 38.50462723
v 1.08152652 110.39879608 37.12493896
v 1.08935392 110.53382111 38.50504684
v 1.08935392 110.53382111 38.50504684
v 1.08152652 110.39879608 37.12493896
v 1.09644043 110.65606689 38.44507217
v 1.09644043 110.65606689 38.44507217
v 1.08152652 110.39879608 37.12493896
v 1.10125887 110.73918152 38.33709717
v 1.10125887 110.73918152 38.33709717
v 1.08152652 110.39879608 37.12493896
v 1.11038470 110.89660645 37.40882111
v 1.10125887 110.73918152 38.33709717
v 1.11038470 110.89660645 37.40882111
v 1.11603904 110.99414825 37.77669144
v 1.11603904 110.99414825 37.77669144
v 1.11038470 110.89660645 37.40882111
v 1.11557031 110.98606110 37.51145172
v 1.11603904 110.99414825 37.77669144
v 1.11557031 110.98606110 37.51145172
v 1.11759424 111.02097321 37.64312744
v 0.83895749 106.21440125 38.00725174
v 0.82914710 106.04517365 37.62463760
v 0.82579106 105.98727417 37.21018982
f 1 2 3
f 4 5 6
f 7 8 9
f 10 11 12
f 13 14 15
f 16 17 18
f 19 20 21
f 22 23 24
f 25 26 27
f 28 29 30
f 31 32 33
f 34 35 36
f 37 38 39
f 40 41 42
f 43 44 45
f 46 47 48
f 49 50 51
f 52 53 54
f 55 56 57
f 58 59 60
f 61 62 63
f 64 65 66
f 67 68 69
f 70 71 72
f 73 74 75
f 76 77 78
f 79 80 81
f 82 83 84
f 85 86 87
f 88 89 90
f 91 92 93
f 94 95 96
f 97 98 99
f 100 101 102
f 103 104 105
f 106 107 108
f 109 110 111
f 112 113 114
f 115 116 117
f 118 119 120
f 121 122 123
f 124 125 126
f 127 128 129
f 130 131 132
f 133 134 135
f 136 137 138
f 139 140 141
f 142 143 144
f 145 146 147
f 148 149 150
f 151 152 153
f 154 155 156
f 157 158 159
f 160 161 162
f 163 164 165
f 166 167 168
f 169 170 171
f 172 173 174
f 175 176 177
f 178 179 180
f 181 182 183
f 184 185 186
f 187 188 189
f 190 191 192
f 193 194 195
f 196 197 198
f 199 200 201
f 202 203 204
f 205 206 207
f 208 209 210
f 211 212 213
f 214 215 216
f 217 218 219
f 220 221 222
f 223 224 225
f 226 227 228
f 229 230 231
f 232 233 234
f 235 236 237
f 238 239 240
f 241 242 243
f 244 245 246
f 247 248 249
f 250 251 252
f 253 254 255
f 256 257 258
f 259 260 261
f 262 263 264
f 265 266 267
f 268 269 270
f 271 272 273
f 274 275 276
f 277 278 279
f 280 281 282
f 283 284 285
f 286 287 288
f 289 290 291
f 292 293 294
f 295 296 297
f 298 299 300
f 301 302 303
f 304 305 306
f 307 308 309
f 310 311 312
f 313 314 315
f 316 317 318
f 319 320 321
f 322 323 324
f 325 326 327
f 328 329 330
f 331 332 333
f 334 335 336
f 337 338 339
f 340 341 342
f 343 344 345
f 346 347 348
f 349 350 351
f 352 353 354
f 355 356 357
f 358 359 360
f 361 362 363
f 364 365 366
f 367 368 369
f 370 371 372
f 373 374 375
f 376 377 378
f 379 380 381
f 382 383 384
f 385 386 387
f 388 389 390
f 391 392 393
f 394 395 396
f 397 398 399
f 400 401 402
f 403 404 405
f 406 407 408
f 409 410 411
f 412 413 414
f 415 416 417
f 418 419 420
f 421 422 423
f 424 425 426
f 427 428 429
f 430 431 432
f 433 434 435
f 436 437 438
f 439 440 441
f 442 443 444
f 445 446 447
f 448 449 450
f 451 452 453
f 454 455 456
f 457 458 459
f 460 461 462
f 463 464 465
f 466 467 468
f 469 470 471
f 472 473 474
f 475 476 477
f 478 479 480
f 481 482 483
f 484 485 486
f 487 488 489
f 490 491 492
f 493 494 495
f 496 497 498
f 499 500 501
f 502 503 504
f 505 506 507
f 508 509 510
f 511 512 513
f 514 515 516
f 517 518 519
f 520 521 522
f 523 524 525
f 526 527 528
f 529 530 531
f 532 533 534
f 535 536 537
f 538 539 540
f 541 542 543
f 544 545 546
f 547 548 549
f 550 551 552
f 553 554 555
f 556 557 558
f 559 560 561
f 562 563 564
f 565 566 567
f 568 569 570
f 571 572 573
f 574 575 576
f 577 578 579
f 580 581 582
f 583 584 585
f 586 587 588
f 589 590 591
f 592 593 594
f 595 596 597
f 598 599 600
f 601 602 603
f 604 605 606
f 607 608 609
f 610 611 612
f 613 614 615
f 616 617 618
f 619 620 621
f 622 623 624
f 625 626 627
f 628 629 630
f 631 632 633
f 634 635 636
f 637 638 639
f 640 641 642
f 643 644 645
f 646 647 648
f 649 650 651
f 652 653 654
f 655 656 657
f 658 659 660
f 661 662 663
f 664 665 666
f 667 668 669
f 670 671 672
f 673 674 675
f 676 677 678
f 679 680 681
f 682 683 684
f 685 686 687
f 688 689 690
f 691 692 693
f 694 695 696
f 697 698 699
f 700 701 702
f 703 704 705
f 706 707 708
f 709 710 711
f 712 713 714
f 715 716 717
f 718 719 720
f 721 722 723
f 724 725 726
f 727 728 729
f 730 731 732
f 733 734 735
f 736 737 738
f 739 740 741
f 742 743 744
f 745 746 747
f 748 749 750
f 751 752 753
f 754 755 756
f 757 758 759
f 760 761 762
f 763 764 765
f 766 767 768
f 769 770 771
f 772 773 774
f 775 776 777
f 778 779 780
f 781 782 783
f 784 785 786
f 787 788 789
f 790 791 792
f 793 794 795
f 796 797 798
f 799 800 801
f 802 803 804
f 805 806 807
f 808 809 810
f 811 812 813
f 814 815 816
f 817 818 819
f 820 821 822
f 823 824 825
f 826 827 828
f 829 830 831
f 832 833 834
f 835 836 837
f 838 839 840
f 841 842 843
f 844 845 846
f 847 848 849
f 850 851 852
f 853 854 855
f 856 857 858
f 859 860 861
f 862 863 864
f 865 866 867
f 868 869 870
f 871 872 873
f 874 875 876
f 877 878 879
f 880 881 882
f 883 884 885
f 886 887 888
f 889 890 891
f 892 893 894
f 895 896 897
f 898 899 900
f 901 902 903
f 904 905 906
f 907 908 909
f 910 911 912
f 913 914 915
f 916 917 918
f 919 920 921
f 922 923 924
f 925 926 927
f 928 929 930
f 931 932 933
f 934 935 936
f 937 938 939
f 940 941 942
f 943 944 945
f 946 947 948
f 949 950 951
f 952 953 954
f 955 956 957
f 958 959 960
f 961 962 963
f 964 965 966
f 967 968 969
f 970 971 972
f 973 974 975
f 976 977 978
f 979 980 981
f 982 983 984
f 985 986 987
f 988 989 990
f 991 992 993
f 994 995 996
f 997 998 999
f 1000 1001 1002
f 1003 1004 1005
f 1006 1007 1008
f 1009 1010 1011
f 1012 1013 1014
f 1015 1016 1017
f 1018 1019 1020
f 1021 1022 1023
f 1024 1025 1026
f 1027 1028 1029
f 1030 1031 1032
f 1033 1034 1035
f 1036 1037 1038
f 1039 1040 1041
f 1042 1043 1044
f 1045 1046 1047
f 1048 1049 1050
f 1051 1052 1053
f 1054 1055 1056
f 1057 1058 1059
f 1060 1061 1062
f 1063 1064 1065
f 1066 1067 1068
f 1069 1070 1071
f 1072 1073 1074
f 1075 1076 1077
f 1078 1079 1080
f 1081 1082 1083
f 1084 1085 1086
f 1087 1088 1089
f 1090 1091 1092
f 1093 1094 1095
f 1096 1097 1098
f 1099 1100 1101
f 1102 1103 1104
f 1105 1106 1107
f 1108 1109 1110
f 1111 1112 1113
f 1114 1115 1116
f 1117 1118 1119
f 1120 1121 1122
f 1123 1124 1125
f 1126 1127 1128
f 1129 1130 1131
f 1132 1133 1134
f 1135 1136 1137
f 1138 1139 1140
f 1141 1142 1143
f 1144 1145 1146
f 1147 1148 1149
f 1150 1151 1152
f 1153 1154 1155
f 1156 1157 1158
f 1159 1160 1161
f 1162 1163 1164
f 1165 1166 1167
f 1168 1169 1170
f 1171 1172 1173
f 1174 1175 1176
f 1177 1178 1179
f 1180 1181 1182
f 1183 1184 1185
f 1186 1187 1188
f 1189 1190 1191
f 1192 1193 1194
f 1195 1196 1197
f 1198 1199 1200
f 1201 1202 1203
f 1204 1205 1206
f 1207 1208 1209
f 1210 1211 1212
f 1213 1214 1215
f 1216 1217 1218
f 1219 1220 1221
f 1222 1223 1224
f 1225 1226 1227
f 1228 1229 1230
f 1231 1232 1233
f 1234 1235 1236
f 1237 1238 1239
f 1240 1241 1242
f 1243 1244 1245
f 1246 1247 1248
f 1249 1250 1251
f 1252 1253 1254
f 1255 1256 1257
f 1258 1259 1260
f 1261 1262 1263
f 1264 1265 1266
f 1267 1268 1269
f 1270 1271 1272
f 1273 1274 1275
f 1276 1277 1278
f 1279 1280 1281
f 1282 1283 1284
f 1285 1286 1287
f 1288 1289 1290
f 1291 1292 1293
f 1294 1295 1296
f 1297 1298 1299
f 1300 1301 1302
f 1303 1304 1305
f 1306 1307 1308
f 1309 1310 1311
f 1312 1313 1314
f 1315 1316 1317
f 1318 1319 1320
f 1321 1322 1323
f 1324 1325 1326
f 1327 1328 1329
f 1330 1331 1332
f 1333 1334 1335
f 1336 1337 1338
f 1339 1340 1341
f 1342 1343 1344
f 1345 1346 1347
f 1348 1349 1350
f 1351 1352 1353
f 1354 1355 1356
f 1357 1358 1359
f 1360 1361 1362
f 1363 1364 1365
f 1366 1367 1368
f 1369 1370 1371
f 1372 1373 1374
f 1375 1376 1377
f 1378 1379 1380
f 1381 1382 1383
f 1384 1385 1386
f 1387 1388 1389
f 1390 1391 1392
f 1393 1394 1395
f 1396 1397 1398
f 1399 1400 1401
f 1402 1403 1404
f 1405 1406 1407
f 1408 1409 1410
f 1411 1412 1413
f 1414 1415 1416
f 1417 1418 1419
f 1420 1421 1422
f 1423 1424 1425
f 1426 1427 1428
f 1429 1430 1431
f 1432 1433 1434
f 1435 1436 1437
f 1438 1439 1440
f 1441 1442 1443
f 1444 1445 1446
f 1447 1448 1449
f 1450 1451 1452
f 1453 1454 1455
f 1456 1457 1458
f 1459 1460 1461
f 1462 1463 1464
f 1465 1466 1467
f 1468 1469 1470
f 1471 1472 1473
f 1474 1475 1476
f 1477 1478 1479
f 1480 1481 1482
f 1483 1484 1485
f 1486 1487 1488
f 1489 1490 1491
f 1492 1493 1494
f 1495 1496 1497
f 1498 1499 1500
f 1501 1502 1503
f 1504 1505 1506
f 1507 1508 1509
f 1510 1511 1512
f 1513 1514 1515
f 1516 1517 1518
f 1519 1520 1521
f 1522 1523 1524
f 1525 1526 1527
f 1528 1529 1530
f 1531 1532 1533
f 1534 1535 1536
f 1537 1538 1539
f 1540 1541 1542
f 1543 1544 1545
f 1546 1547 1548
f 1549 1550 1551
f 1552 1553 1554
f 1555 1556 1557
f 1558 1559 1560
f 1561 1562 1563
f 1564 1565 1566
f 1567 1568 1569
f 1570 1571 1572
f 1573 1574 1575
f 1576 1577 1578
f 1579 1580 1581
f 1582 1583 1584
f 1585 1586 1587
f 1588 1589 1590
f 1591 1592 1593
f 1594 1595 1596
f 1597 1598 1599
f 1600 1601 1602
f 1603 1604 1605
f 1606 1607 1608
f 1609 1610 1611
f 1612 1613 1614
f 1615 1616 1617
f 1618 1619 1620
f 1621 1622 1623
f 1624 1625 1626
f 1627 1628 1629
f 1630 1631 1632
f 1633 1634 1635
f 1636 1637 1638
f 1639 1640 1641
f 1642 1643 1644
f 1645 1646 1647
f 1648 1649 1650
f 1651 1652 1653
f 1654 1655 1656
f 1657 1658 1659
f 1660 1661 1662
f 1663 1664 1665
f 1666 1667 1668
f 1669 1670 1671
f 1672 1673 1674
f 1675 1676 1677
f 1678 1679 1680
f 1681 1682 1683
f 1684 1685 1686
f 1687 1688 1689
f 1690 1691 1692
f 1693 1694 1695
f 1696 1697 1698
f 1699 1700 1701
f 1702 1703 1704
f 1705 1706 1707
f 1708 1709 1710
f 1711 1712 1713
f 1714 1715 1716
f 1717 1718 1719
f 1720 1721 1722
f 1723 1724 1725
f 1726 1727 1728
f 1729 1730 1731
f 1732 1733 1734
f 1735 1736 1737
f 1738 1739 1740
f 1741 1742 1743
f 1744 1745 1746
f 1747 1748 1749
f 1750 1751 1752
f 1753 1754 1755
f 1756 1757 1758
f 1759 1760 1761
f 1762 1763 1764
f 1765 1766 1767
f 1768 1769 1770
f 1771 1772 1773
f 1774 1775 1776
f 1777 1778 1779
f 1780 1781 1782
f 1783 1784 1785
f 1786 1787 1788
f 1789 1790 1791
f 1792 1793 1794
f 1795 1796 1797
f 1798 1799 1800
f 1801 1802 1803
f 1804 1805 1806
f 1807 1808 1809
f 1810 1811 1812
f 1813 1814 1815
f 1816 1817 1818
f 1819 1820 1821
f 1822 1823 1824
f 1825 1826 1827
f 1828 1829 1830
f 1831 1832 1833
f 1834 1835 1836
f 1837 1838 1839
f 1840 1841 1842
f 1843 1844 1845
f 1846 1847 1848
f 1849 1850 1851
f 1852 1853 1854
f 1855 1856 1857
f 1858 1859 1860
f 1861 1862 1863
f 1864 1865 1866
f 1867 1868 1869
f 1870 1871 1872
f 1873 1874 1875
f 1876 1877 1878
f 1879 1880 1881
f 1882 1883 1884
f 1885 1886 1887
f 1888 1889 1890
f 1891 1892 1893
f 1894 1895 1896
f 1897 1898 1899
f 1900 1901 1902
f 1903 1904 1905
f 1906 1907 1908
f 1909 1910 1911
f 1912 1913 1914
f 1915 1916 1917
f 1918 1919 1920
f 1921 1922 1923
f 1924 1925 1926
f 1927 1928 1929
f 1930 1931 1932
f 1933 1934 1935
f 1936 1937 1938
f 1939 1940 1941
f 1942 1943 1944
f 1945 1946 1947
f 1948 1949 1950
f 1951 1952 1953
f 1954 1955 1956
f 1957 1958 1959
f 1960 1961 1962
f 1963 1964 1965
f 1966 1967 1968
f 1969 1970 1971
f 1972 1973 1974
f 1975 1976 1977
f 1978 1979 1980
f 1981 1982 1983
f 1984 1985 1986
f 1987 1988 1989
f 1990 1991 1992
f 1993 1994 1995
f 1996 1997 1998
f 1999 2000 2001
f 2002 2003 2004
f 2005 2006 2007
f 2008 2009 2010
f 2011 2012 2013
f 2014 2015 2016
f 2017 2018 2019
f 2020 2021 2022
f 2023 2024 2025
f 2026 2027 2028
f 2029 2030 2031
f 2032 2033 2034
f 2035 2036 2037
f 2038 2039 2040
f 2041 2042 2043
f 2044 2045 2046
f 2047 2048 2049
f 2050 2051 2052
f 2053 2054 2055
f 2056 2057 2058
f 2059 2060 2061
f 2062 2063 2064
f 2065 2066 2067
f 2068 2069 2070
f 2071 2072 2073
f 2074 2075 2076
f 2077 2078 2079
f 2080 2081 2082
f 2083 2084 2085
f 2086 2087 2088
f 2089 2090 2091
f 2092 2093 2094
f 2095 2096 2097
f 2098 2099 2100
f 2101 2102 2103
f 2104 2105 2106
f 2107 2108 2109
f 2110 2111 2112
f 2113 2114 2115
f 2116 2117 2118
f 2119 2120 2121
f 2122 2123 2124
f 2125 2126 2127
f 2128 2129 2130
f 2131 2132 2133
f 2134 2135 2136
f 2137 2138 2139
f 2140 2141 2142
f 2143 2144 2145
f 2146 2147 2148
f 2149 2150 2151
f 2152 2153 2154
f 2155 2156 2157
f 2158 2159 2160
f 2161 2162 2163
f 2164 2165 2166
f 2167 2168 2169
f 2170 2171 2172
f 2173 2174 2175
f 2176 2177 2178
f 2179 2180 2181
f 2182 2183 2184
f 2185 2186 2187
f 2188 2189 2190
f 2191 2192 2193
f 2194 2195 2196
f 2197 2198 2199
f 2200 2201 2202
f 2203 2204 2205
f 2206 2207 2208
f 2209 2210 2211
f 2212 2213 2214
f 2215 2216 2217
f 2218 2219 2220
f 2221 2222 2223
f 2224 2225 2226
f 2227 2228 2229
f 2230 2231 2232
f 2233 2234 2235
f 2236 2237 2238
f 2239 2240 2241
f 2242 2243 2244
f 2245 2246 2247
f 2248 2249 2250
f 2251 2252 2253
f 2254 2255 2256
f 2257 2258 2259
f 2260 2261 2262
f 2263 2264 2265
f 2266 2267 2268
f 2269 2270 2271
f 2272 2273 2274
f 2275 2276 2277
f 2278 2279 2280
f 2281 2282 2283
f 2284 2285 2286
f 2287 2288 2289
f 2290 2291 2292
f 2293 2294 2295
f 2296 2297 2298
f 2299 2300 2301
f 2302 2303 2304
f 2305 2306 2307
f 2308 2309 2310
f 2311 2312 2313
f 2314 2315 2316
f 2317 2318 2319
f 2320 2321 2322
f 2323 2324 2325
f 2326 2327 2328
f 2329 2330 2331
f 2332 2333 2334
f 2335 2336 2337
f 2338 2339 2340
f 2341 2342 2343
f 2344 2345 2346
f 2347 2348 2349
f 2350 2351 2352
f 2353 2354 2355
f 2356 2357 2358
f 2359 2360 2361
f 2362 2363 2364
f 2365 2366 2367
f 2368 2369 2370
f 2371 2372 2373
f 2374 2375 2376
f 2377 2378 2379
f 2380 2381 2382
f 2383 2384 2385
f 2386 2387 2388
f 2389 2390 2391
f 2392 2393 2394
f 2395 2396 2397
f 2398 2399 2400
f 2401 2402 2403
f 2404 2405 2406
f 2407 2408 2409
f 2410 2411 2412
f 2413 2414 2415
f 2416 2417 2418
f 2419 2420 2421
f 2422 2423 2424
f 2425 2426 2427
f 2428 2429 2430
f 2431 2432 2433
f 2434 2435 2436
f 2437 2438 2439
f 2440 2441 2442
f 2443 2444 2445
f 2446 2447 2448
f 2449 2450 2451
f 2452 2453 2454
f 2455 2456 2457
f 2458 2459 2460
f 2461 2462 2463
f 2464 2465 2466
f 2467 2468 2469
f 2470 2471 2472
f 2473 2474 2475
f 2476 2477 2478
f 2479 2480 2481
f 2482 2483 2484
f 2485 2486 2487
f 2488 2489 2490
f 2491 2492 2493
f 2494 2495 2496
f 2497 2498 2499
f 2500 2501 2502
f 2503 2504 2505
f 2506 2507 2508
f 2509 2510 2511
f 2512 2513 2514
f 2515 2516 2517
f 2518 2519 2520
f 2521 2522 2523
f 2524 2525 2526
f 2527 2528 2529
f 2530 2531 2532
f 2533 2534 2535
f 2536 2537 2538
f 2539 2540 2541
f 2542 2543 2544
f 2545 2546 2547
f 2548 2549 2550
f 2551 2552 2553
f 2554 2555 2556
f 2557 2558 2559
f 2560 2561 2562
f 2563 2564 2565
f 2566 2567 2568
f 2569 2570 2571
f 2572 2573 2574
f 2575 2576 2577
f 2578 2579 2580
f 2581 2582 2583
f 2584 2585 2586
f 2587 2588 2589
f 2590 2591 2592
f 2593 2594 2595
f 2596 2597 2598
f 2599 2600 2601
f 2602 2603 2604
f 2605 2606 2607
f 2608 2609 2610
f 2611 2612 2613
f 2614 2615 2616
f 2617 2618 2619
f 2620 2621 2622
f 2623 2624 2625
f 2626 2627 2628
f 2629 2630 2631
f 2632 2633 2634
f 2635 2636 2637
f 2638 2639 2640
f 2641 2642 2643
f 2644 2645 2646
f 2647 2648 2649
f 2650 2651 2652
f 2653 2654 2655
f 2656 2657 2658
f 2659 2660 2661
f 2662 2663 2664
f 2665 2666 2667
f 2668 2669 2670
f 2671 2672 2673
f 2674 2675 2676
f 2677 2678 2679
f 2680 2681 2682
f 2683 2684 2685
f 2686 2687 2688
f 2689 2690 2691
f 2692 2693 2694
f 2695 2696 2697
f 2698 2699 2700
f 2701 2702 2703
f 2704 2705 2706
f 2707 2708 2709
f 2710 2711 2712
f 2713 2714 2715
f 2716 2717 2718
f 2719 2720 2721
f 2722 2723 2724
f 2725 2726 2727
f 2728 2729 2730
f 2731 2732 2733
f 2734 2735 2736
f 2737 2738 2739
f 2740 2741 2742
f 2743 2744 2745
f 2746 2747 2748
f 2749 2750 2751
f 2752 2753 2754
f 2755 2756 2757
f 2758 2759 2760
f 2761 2762 2763
f 2764 2765 2766
f 2767 2768 2769
f 2770 2771 2772
f 2773 2774 2775
f 2776 2777 2778
f 2779 2780 2781
f 2782 2783 2784
f 2785 2786 2787
f 2788 2789 2790
f 2791 2792 2793
f 2794 2795 2796
f 2797 2798 2799
f 2800 2801 2802
f 2803 2804 2805
f 2806 2807 2808
f 2809 2810 2811
f 2812 2813 2814
f 2815 2816 2817
f 2818 2819 2820
f 2821 2822 2823
f 2824 2825 2826
f 2827 2828 2829
f 2830 2831 2832
f 2833 2834 2835
f 2836 2837 2838
f 2839 2840 2841
f 2842 2843 2844
f 2845 2846 2847
f 2848 2849 2850
f 2851 2852 2853
f 2854 2855 2856
f 2857 2858 2859
f 2860 2861 2862
f 2863 2864 2865
f 2866 2867 2868
f 2869 2870 2871
f 2872 2873 2874
f 2875 2876 2877
f 2878 2879 2880
f 2881 2882 2883
f 2884 2885 2886
f 2887 2888 2889
f 2890 2891 2892
f 2893 2894 2895
f 2896 2897 2898
f 2899 2900 2901
f 2902 2903 2904
f 2905 2906 2907
f 2908 2909 2910
f 2911 2912 2913
f 2914 2915 2916
f 2917 2918 2919
f 2920 2921 2922
f 2923 2924 2925
f 2926 2927 2928
f 2929 2930 2931
f 2932 2933 2934
f 2935 2936 2937
f 2938 2939 2940
f 2941 2942 2943
f 2944 2945 2946
f 2947 2948 2949
f 2950 2951 2952
f 2953 2954 2955
f 2956 2957 2958
f 2959 2960 2961
f 2962 2963 2964
f 2965 2966 2967
f 2968 2969 2970
f 2971 2972 2973
f 2974 2975 2976
f 2977 2978 2979
f 2980 2981 2982
f 2983 2984 2985
f 2986 2987 2988
f 2989 2990 2991
f 2992 2993 2994
f 2995 2996 2997
f 2998 2999 3000
f 3001 3002 3003
f 3004 3005 3006
f 3007 3008 3009
f 3010 3011 3012
f 3013 3014 3015
f 3016 3017 3018
f 3019 3020 3021
f 3022 3023 3024
f 3025 3026 3027
f 3028 3029 3030
f 3031 3032 3033
f 3034 3035 3036
f 3037 3038 3039
f 3040 3041 3042
f 3043 3044 3045
f 3046 3047 3048
f 3049 3050 3051
f 3052 3053 3054
f 3055 3056 3057
f 3058 3059 3060
f 3061 3062 3063
f 3064 3065 3066
f 3067 3068 3069
f 3070 3071 3072
f 3073 3074 3075
f 3076 3077 3078
f 3079 3080 3081
f 3082 3083 3084
f 3085 3086 3087
f 3088 3089 3090
f 3091 3092 3093
f 3094 3095 3096
f 3097 3098 3099
f 3100 3101 3102
f 3103 3104 3105
f 3106 3107 3108
f 3109 3110 3111
f 3112 3113 3114
f 3115 3116 3117
f 3118 3119 3120
f 3121 3122 3123
f 3124 3125 3126
f 3127 3128 3129
f 3130 3131 3132
f 3133 3134 3135
f 3136 3137 3138
f 3139 3140 3141
f 3142 3143 3144
f 3145 3146 3147
f 3148 3149 3150
f 3151 3152 3153
f 3154 3155 3156
f 3157 3158 3159
f 3160 3161 3162
f 3163 3164 3165
f 3166 3167 3168
f 3169 3170 3171
f 3172 3173 3174
f 3175 3176 3177
f 3178 3179 3180
f 3181 3182 3183
f 3184 3185 3186
f 3187 3188 3189
f 3190 3191 3192
f 3193 3194 3195
f 3196 3197 3198
f 3199 3200 3201
f 3202 3203 3204
f 3205 3206 3207
f 3208 3209 3210
f 3211 3212 3213
f 3214 3215 3216
f 3217 3218 3219
f 3220 3221 3222
f 3223 3224 3225
f 3226 3227 3228
f 3229 3230 3231
f 3232 3233 3234
f 3235 3236 3237
f 3238 3239 3240
f 3241 3242 3243
f 3244 3245 3246
f 3247 3248 3249
f 3250 3251 3252
f 3253 3254 3255
f 3256 3257 3258
f 3259 3260 3261
f 3262 3263 3264
f 3265 3266 3267
f 3268 3269 3270
f 3271 3272 3273
f 3274 3275 3276
f 3277 3278 3279
f 3280 3281 3282
f 3283 3284 3285
f 3286 3287 3288
f 3289 3290 3291
f 3292 3293 3294
f 3295 3296 3297
f 3298 3299 3300
f 3301 3302 3303
f 3304 3305 3306
f 3307 3308 3309
f 3310 3311 3312
f 3313 3314 3315
f 3316 3317 3318
f 3319 3320 3321
f 3322 3323 3324
f 3325 3326 3327
f 3328 3329 3330
f 3331 3332 3333
f 3334 3335 3336
f 3337 3338 3339
f 3340 3341 3342
f 3343 3344 3345
f 3346 3347 3348
f 3349 3350 3351
f 3352 3353 3354
f 3355 3356 3357
f 3358 3359 3360
f 3361 3362 3363
f 3364 3365 3366
f 3367 3368 3369
f 3370 3371 3372
f 3373 3374 3375
f 3376 3377 3378
f 3379 3380 3381
f 3382 3383 3384
f 3385 3386 3387
f 3388 3389 3390
f 3391 3392 3393
f 3394 3395 3396
f 3397 3398 3399
f 3400 3401 3402
f 3403 3404 3405
f 3406 3407 3408
f 3409 3410 3411
f 3412 3413 3414
f 3415 3416 3417
f 3418 3419 3420
f 3421 3422 3423
f 3424 3425 3426
f 3427 3428 3429
f 3430 3431 3432
f 3433 3434 3435
f 3436 3437 3438
f 3439 3440 3441
f 3442 3443 3444
f 3445 3446 3447
f 3448 3449 3450
f 3451 3452 3453
f 3454 3455 3456
f 3457 3458 3459
f 3460 3461 3462
f 3463 3464 3465
f 3466 3467 3468
f 3469 3470 3471
f 3472 3473 3474
f 3475 3476 3477
f 3478 3479 3480
f 3481 3482 3483
f 3484 3485 3486
f 3487 3488 3489
f 3490 3491 3492
f 3493 3494 3495
f 3496 3497 3498
f 3499 3500 3501
f 3502 3503 3504
f 3505 3506 3507
f 3508 3509 3510
f 3511 3512 3513
f 3514 3515 3516
f 3517 3518 3519
f 3520 3521 3522
f 3523 3524 3525
f 3526 3527 3528
f 3529 3530 3531
f 3532 3533 3534
f 3535 3536 3537
f 3538 3539 3540
f 3541 3542 3543
f 3544 3545 3546
f 3547 3548 3549
f 3550 3551 3552
f 3553 3554 3555
f 3556 3557 3558
f 3559 3560 3561
f 3562 3563 3564
f 3565 3566 3567
f 3568 3569 3570
f 3571 3572 3573
f 3574 3575 3576
f 3577 3578 3579
f 3580 3581 3582
f 3583 3584 3585
f 3586 3587 3588
f 3589 3590 3591
f 3592 3593 3594
f 3595 3596 3597
f 3598 3599 3600
f 3601 3602 3603
f 3604 3605 3606
f 3607 3608 3609
f 3610 3611 3612
f 3613 3614 3615
f 3616 3617 3618
f 3619 3620 3621
f 3622 3623 3624
f 3625 3626 3627
f 3628 3629 3630
f 3631 3632 3633
f 3634 3635 3636
f 3637 3638 3639
f 3640 3641 3642
f 3643 3644 3645
f 3646 3647 3648
f 3649 3650 3651
f 3652 3653 3654
f 3655 3656 3657
f 3658 3659 3660
f 3661 3662 3663
f 3664 3665 3666
f 3667 3668 3669
f 3670 3671 3672
f 3673 3674 3675
f 3676 3677 3678
f 3679 3680 3681
f 3682 3683 3684
f 3685 3686 3687
f 3688 3689 3690
f 3691 3692 3693
f 3694 3695 3696
f 3697 3698 3699
f 3700 3701 3702
f 3703 3704 3705
f 3706 3707 3708
f 3709 3710 3711
f 3712 3713 3714
f 3715 3716 3717
f 3718 3719 3720
f 3721 3722 3723
f 3724 3725 3726
f 3727 3728 3729
f 3730 3731 3732
f 3733 3734 3735
f 3736 3737 3738
f 3739 3740 3741
f 3742 3743 3744
f 3745 3746 3747
f 3748 3749 3750
f 3751 3752 3753
f 3754 3755 3756
f 3757 3758 3759
f 3760 3761 3762
f 3763 3764 3765
f 3766 3767 3768
f 3769 3770 3771
f 3772 3773 3774
f 3775 3776 3777
f 3778 3779 3780
f 3781 3782 3783
f 3784 3785 3786
f 3787 3788 3789
f 3790 3791 3792
f 3793 3794 3795
f 3796 3797 3798
f 3799 3800 3801
f 3802 3803 3804
f 3805 3806 3807
f 3808 3809 3810
f 3811 3812 3813
f 3814 3815 3816
f 3817 3818 3819
f 3820 3821 3822
f 3823 3824 3825
f 3826 3827 3828
f 3829 3830 3831
f 3832 3833 3834
f 3835 3836 3837
f 3838 3839 3840
f 3841 3842 3843
f 3844 3845 3846
f 3847 3848 3849
f 3850 3851 3852
f 3853 3854 3855
f 3856 3857 3858
f 3859 3860 3861
f 3862 3863 3864
f 3865 3866 3867
f 3868 3869 3870
f 3871 3872 3873
f 3874 3875 3876
f 3877 3878 3879
f 3880 3881 3882
f 3883 3884 3885
f 3886 3887 3888
f 3889 3890 3891
f 3892 3893 3894
f 3895 3896 3897
f 3898 3899 3900
f 3901 3902 3903
f 3904 3905 3906
f 3907 3908 3909
f 3910 3911 3912
f 3913 3914 3915
f 3916 3917 3918
f 3919 3920 3921
f 3922 3923 3924
f 3925 3926 3927
f 3928 3929 3930
f 3931 3932 3933
f 3934 3935 3936
f 3937 3938 3939
f 3940 3941 3942
f 3943 3944 3945
f 3946 3947 3948
f 3949 3950 3951
f 3952 3953 3954
f 3955 3956 3957
f 3958 3959 3960
f 3961 3962 3963
f 3964 3965 3966
f 3967 3968 3969
f 3970 3971 3972
f 3973 3974 3975
f 3976 3977 3978
f 3979 3980 3981
f 3982 3983 3984
f 3985 3986 3987
f 3988 3989 3990
f 3991 3992 3993
f 3994 3995 3996
f 3997 3998 3999
f 4000 4001 4002
f 4003 4004 4005
f 4006 4007 4008
f 4009 4010 4011
f 4012 4013 4014
f 4015 4016 4017
f 4018 4019 4020
f 4021 4022 4023
f 4024 4025 4026
f 4027 4028 4029
f 4030 4031 4032
f 4033 4034 4035
f 4036 4037 4038
f 4039 4040 4041
f 4042 4043 4044
f 4045 4046 4047
f 4048 4049 4050
f 4051 4052 4053
f 4054 4055 4056
f 4057 4058 4059
f 4060 4061 4062
f 4063 4064 4065
f 4066 4067 4068
f 4069 4070 4071
f 4072 4073 4074
f 4075 4076 4077
f 4078 4079 4080
f 4081 4082 4083
f 4084 4085 4086
f 4087 4088 4089
f 4090 4091 4092
f 4093 4094 4095
f 4096 4097 4098
f 4099 4100 4101
f 4102 4103 4104
f 4105 4106 4107
f 4108 4109 4110
f 4111 4112 4113
f 4114 4115 4116
f 4117 4118 4119
f 4120 4121 4122
f 4123 4124 4125
f 4126 4127 4128
f 4129 4130 4131
f 4132 4133 4134
f 4135 4136 4137
f 4138 4139 4140
f 4141 4142 4143
f 4144 4145 4146
f 4147 4148 4149
f 4150 4151 4152
f 4153 4154 4155
f 4156 4157 4158
f 4159 4160 4161
f 4162 4163 4164
f 4165 4166 4167
f 4168 4169 4170
f 4171 4172 4173
f 4174 4175 4176
f 4177 4178 4179
f 4180 4181 4182
f 4183 4184 4185
f 4186 4187 4188
f 4189 4190 4191
f 4192 4193 4194
f 4195 4196 4197
f 4198 4199 4200
f 4201 4202 4203
f 4204 4205 4206
f 4207 4208 4209
f 4210 4211 4212
f 4213 4214 4215
f 4216 4217 4218
f 4219 4220 4221
f 4222 4223 4224
f 4225 4226 4227
f 4228 4229 4230
f 4231 4232 4233
f 4234 4235 4236
f 4237 4238 4239
f 4240 4241 4242
f 4243 4244 4245
f 4246 4247 4248
f 4249 4250 4251
f 4252 4253 4254
f 4255 4256 4257
f 4258 4259 4260
f 4261 4262 4263
f 4264 4265 4266
f 4267 4268 4269
f 4270 4271 4272
f 4273 4274 4275
f 4276 4277 4278
f 4279 4280 4281
f 4282 4283 4284
f 4285 4286 4287
f 4288 4289 4290
f 4291 4292 4293
f 4294 4295 4296
f 4297 4298 4299
f 4300 4301 4302
f 4303 4304 4305
f 4306 4307 4308
f 4309 4310 4311
f 4312 4313 4314
f 4315 4316 4317
f 4318 4319 4320
f 4321 4322 4323
f 4324 4325 4326
f 4327 4328 4329
f 4330 4331 4332
f 4333 4334 4335
f 4336 4337 4338
f 4339 4340 4341
f 4342 4343 4344
f 4345 4346 4347
f 4348 4349 4350
f 4351 4352 4353
f 4354 4355 4356
f 4357 4358 4359
f 4360 4361 4362
f 4363 4364 4365
f 4366 4367 4368
f 4369 4370 4371
f 4372 4373 4374
f 4375 4376 4377
f 4378 4379 4380
f 4381 4382 4383
f 4384 4385 4386
f 4387 4388 4389
f 4390 4391 4392
f 4393 4394 4395
f 4396 4397 4398
f 4399 4400 4401
f 4402 4403 4404
f 4405 4406 4407
f 4408 4409 4410
f 4411 4412 4413
f 4414 4415 4416
f 4417 4418 4419
f 4420 4421 4422
f 4423 4424 4425
f 4426 4427 4428
f 4429 4430 4431
f 4432 4433 4434
f 4435 4436 4437
f 4438 4439 4440
f 4441 4442 4443
f 4444 4445 4446
f 4447 4448 4449
f 4450 4451 4452
f 4453 4454 4455
f 4456 4457 4458
f 4459 4460 4461
f 4462 4463 4464
f 4465 4466 4467
f 4468 4469 4470
f 4471 4472 4473
f 4474 4475 4476
f 4477 4478 4479
f 4480 4481 4482
f 4483 4484 4485
f 4486 4487 4488
f 4489 4490 4491
f 4492 4493 4494
f 4495 4496 4497
f 4498 4499 4500
f 4501 4502 4503
f 4504 4505 4506
f 4507 4508 4509
f 4510 4511 4512
f 4513 4514 4515
f 4516 4517 4518
f 4519 4520 4521
f 4522 4523 4524
f 4525 4526 4527
f 4528 4529 4530
f 4531 4532 4533
f 4534 4535 4536
f 4537 4538 4539
f 4540 4541 4542
f 4543 4544 4545
f 4546 4547 4548
f 4549 4550 4551
f 4552 4553 4554
f 4555 4556 4557
f 4558 4559 4560
f 4561 4562 4563
f 4564 4565 4566
f 4567 4568 4569
f 4570 4571 4572
f 4573 4574 4575
f 4576 4577 4578
f 4579 4580 4581
f 4582 4583 4584
f 4585 4586 4587
f 4588 4589 4590
f 4591 4592 4593
f 4594 4595 4596
f 4597 4598 4599
f 4600 4601 4602
f 4603 4604 4605
f 4606 4607 4608
f 4609 4610 4611
f 4612 4613 4614
f 4615 4616 4617
f 4618 4619 4620
f 4621 4622 4623
f 4624 4625 4626
f 4627 4628 4629
f 4630 4631 4632
f 4633 4634 4635
f 4636 4637 4638
f 4639 4640 4641
f 4642 4643 4644
f 4645 4646 4647
f 4648 4649 4650
f 4651 4652 4653
f 4654 4655 4656
f 4657 4658 4659
f 4660 4661 4662
f 4663 4664 4665
f 4666 4667 4668
f 4669 4670 4671
f 4672 4673 4674
f 4675 4676 4677
f 4678 4679 4680
f 4681 4682 4683
f 4684 4685 4686
f 4687 4688 4689
f 4690 4691 4692
f 4693 4694 4695
f 4696 4697 4698
f 4699 4700 4701
f 4702 4703 4704
f 4705 4706 4707
f 4708 4709 4710
f 4711 4712 4713
f 4714 4715 4716
f 4717 4718 4719
f 4720 4721 4722
f 4723 4724 4725
f 4726 4727 4728
f 4729 4730 4731
f 4732 4733 4734
f 4735 4736 4737
f 4738 4739 4740
f 4741 4742 4743
f 4744 4745 4746
f 4747 4748 4749
f 4750 4751 4752
f 4753 4754 4755
f 4756 4757 4758
f 4759 4760 4761
f 4762 4763 4764
f 4765 4766 4767
f 4768 4769 4770
f 4771 4772 4773
f 4774 4775 4776
f 4777 4778 4779
f 4780 4781 4782
f 4783 4784 4785
f 4786 4787 4788
f 4789 4790 4791
f 4792 4793 4794
f 4795 4796 4797
f 4798 4799 4800
f 4801 4802 4803
f 4804 4805 4806
f 4807 4808 4809
f 4810 4811 4812
f 4813 4814 4815
f 4816 4817 4818
f 4819 4820 4821
f 4822 4823 4824
f 4825 4826 4827
f 4828 4829 4830
f 4831 4832 4833
f 4834 4835 4836
f 4837 4838 4839
f 4840 4841 4842
f 4843 4844 4845
f 4846 4847 4848
f 4849 4850 4851
f 4852 4853 4854
f 4855 4856 4857
f 4858 4859 4860
f 4861 4862 4863
f 4864 4865 4866
f 4867 4868 4869
f 4870 4871 4872
f 4873 4874 4875
f 4876 4877 4878
f 4879 4880 4881
f 4882 4883 4884
f 4885 4886 4887
f 4888 4889 4890
f 4891 4892 4893
f 4894 4895 4896
f 4897 4898 4899
f 4900 4901 4902
f 4903 4904 4905
f 4906 4907 4908
f 4909 4910 4911
f 4912 4913 4914
f 4915 4916 4917
f 4918 4919 4920
f 4921 4922 4923
f 4924 4925 4926
f 4927 4928 4929
f 4930 4931 4932
f 4933 4934 4935
f 4936 4937 4938
f 4939 4940 4941
f 4942 4943 4944
f 4945 4946 4947
f 4948 4949 4950
f 4951 4952 4953
f 4954 4955 4956
f 4957 4958 4959
f 4960 4961 4962
f 4963 4964 4965
f 4966 4967 4968
f 4969 4970 4971
f 4972 4973 4974
f 4975 4976 4977
f 4978 4979 4980
f 4981 4982 4983
f 4984 4985 4986
f 4987 4988 4989
f 4990 4991 4992
f 4993 4994 4995
f 4996 4997 4998
f 4999 5000 5001
f 5002 5003 5004
f 5005 5006 5007
f 5008 5009 5010
f 5011 5012 5013
f 5014 5015 5016
f 5017 5018 5019
f 5020 5021 5022
f 5023 5024 5025
f 5026 5027 5028
f 5029 5030 5031
f 5032 5033 5034
f 5035 5036 5037
f 5038 5039 5040
f 5041 5042 5043
f 5044 5045 5046
f 5047 5048 5049
f 5050 5051 5052
f 5053 5054 5055
f 5056 5057 5058
f 5059 5060 5061
f 5062 5063 5064
f 5065 5066 5067
f 5068 5069 5070
f 5071 5072 5073
f 5074 5075 5076
f 5077 5078 5079
f 5080 5081 5082
f 5083 5084 5085
f 5086 5087 5088
f 5089 5090 5091
f 5092 5093 5094
f 5095 5096 5097
f 5098 5099 5100
f 5101 5102 5103
f 5104 5105 5106
f 5107 5108 5109
f 5110 5111 5112
f 5113 5114 5115
f 5116 5117 5118
f 5119 5120 5121
f 5122 5123 5124
f 5125 5126 5127
f 5128 5129 5130
f 5131 5132 5133
f 5134 5135 5136
f 5137 5138 5139
f 5140 5141 5142
f 5143 5144 5145
f 5146 5147 5148
f 5149 5150 5151
f 5152 5153 5154
f 5155 5156 5157
f 5158 5159 5160
f 5161 5162 5163
f 5164 5165 5166
f 5167 5168 5169
f 5170 5171 5172
f 5173 5174 5175
f 5176 5177 5178
f 5179 5180 5181
f 5182 5183 5184
f 5185 5186 5187
f 5188 5189 5190
f 5191 5192 5193
f 5194 5195 5196
f 5197 5198 5199
f 5200 5201 5202
f 5203 5204 5205
f 5206 5207 5208
f 5209 5210 5211
f 5212 5213 5214
f 5215 5216 5217
f 5218 5219 5220
f 5221 5222 5223
f 5224 5225 5226
f 5227 5228 5229
f 5230 5231 5232
f 5233 5234 5235
f 5236 5237 5238
f 5239 5240 5241
f 5242 5243 5244
f 5245 5246 5247
f 5248 5249 5250
f 5251 5252 5253
f 5254 5255 5256
f 5257 5258 5259
f 5260 5261 5262
f 5263 5264 5265
f 5266 5267 5268
f 5269 5270 5271
f 5272 5273 5274
f 5275 5276 5277
f 5278 5279 5280
f 5281 5282 5283
f 5284 5285 5286
f 5287 5288 5289
f 5290 5291 5292
f 5293 5294 5295
f 5296 5297 5298
f 5299 5300 5301
f 5302 5303 5304
f 5305 5306 5307
f 5308 5309 5310
f 5311 5312 5313
f 5314 5315 5316
f 5317 5318 5319
f 5320 5321 5322
f 5323 5324 5325
f 5326 5327 5328
f 5329 5330 5331
f 5332 5333 5334
f 5335 5336 5337
f 5338 5339 5340
f 5341 5342 5343
f 5344 5345 5346
f 5347 5348 5349
f 5350 5351 5352
f 5353 5354 5355
f 5356 5357 5358
f 5359 5360 5361
f 5362 5363 5364
f 5365 5366 5367
f 5368 5369 5370
f 5371 5372 5373
f 5374 5375 5376
f 5377 5378 5379
f 5380 5381 5382
f 5383 5384 5385
f 5386 5387 5388
f 5389 5390 5391
f 5392 5393 5394
f 5395 5396 5397
f 5398 5399 5400
f 5401 5402 5403
f 5404 5405 5406
f 5407 5408 5409
f 5410 5411 5412
f 5413 5414 5415
f 5416 5417 5418
f 5419 5420 5421
f 5422 5423 5424
f 5425 5426 5427
f 5428 5429 5430
f 5431 5432 5433
f 5434 5435 5436
f 5437 5438 5439
f 5440 5441 5442
f 5443 5444 5445
f 5446 5447 5448
f 5449 5450 5451
f 5452 5453 5454
f 5455 5456 5457
f 5458 5459 5460
f 5461 5462 5463
f 5464 5465 5466
f 5467 5468 5469
f 5470 5471 5472
f 5473 5474 5475
f 5476 5477 5478
f 5479 5480 5481
f 5482 5483 5484
f 5485 5486 5487
f 5488 5489 5490
f 5491 5492 5493
f 5494 5495 5496
f 5497 5498 5499
f 5500 5501 5502
f 5503 5504 5505
f 5506 5507 5508
f 5509 5510 5511
f 5512 5513 5514
f 5515 5516 5517
f 5518 5519 5520
f 5521 5522 5523
f 5524 5525 5526
f 5527 5528 5529
f 5530 5531 5532
f 5533 5534 5535
f 5536 5537 5538
f 5539 5540 5541
f 5542 5543 5544
f 5545 5546 5547
f 5548 5549 5550
f 5551 5552 5553
f 5554 5555 5556
f 5557 5558 5559
f 5560 5561 5562
f 5563 5564 5565
f 5566 5567 5568
f 5569 5570 5571
f 5572 5573 5574
f 5575 5576 5577
f 5578 5579 5580
f 5581 5582 5583
f 5584 5585 5586
f 5587 5588 5589
f 5590 5591 5592
f 5593 5594 5595
f 5596 5597 5598
f 5599 5600 5601
f 5602 5603 5604
f 5605 5606 5607
f 5608 5609 5610
f 5611 5612 5613
f 5614 5615 5616
f 5617 5618 5619
f 5620 5621 5622
f 5623 5624 5625
f 5626 5627 5628
f 5629 5630 5631
f 5632 5633 5634
f 5635 5636 5637
f 5638 5639 5640
f 5641 5642 5643
f 5644 5645 5646
f 5647 5648 5649
f 5650 5651 5652
f 5653 5654 5655
f 5656 5657 5658
f 5659 5660 5661
f 5662 5663 5664
f 5665 5666 5667
f 5668 5669 5670
f 5671 5672 5673
f 5674 5675 5676
f 5677 5678 5679
f 5680 5681 5682
f 5683 5684 5685
f 5686 5687 5688
f 5689 5690 5691
f 5692 5693 5694
f 5695 5696 5697
f 5698 5699 5700
f 5701 5702 5703
f 5704 5705 5706
f 5707 5708 5709
f 5710 5711 5712
f 5713 5714 5715
f 5716 5717 5718
f 5719 5720 5721
f 5722 5723 5724
f 5725 5726 5727
f 5728 5729 5730
f 5731 5732 5733
f 5734 5735 5736
f 5737 5738 5739
f 5740 5741 5742
f 5743 5744 5745
f 5746 5747 5748
f 5749 5750 5751
f 5752 5753 5754
f 5755 5756 5757
f 5758 5759 5760
f 5761 5762 5763
f 5764 5765 5766
f 5767 5768 5769
f 5770 5771 5772
f 5773 5774 5775
f 5776 5777 5778
f 5779 5780 5781
f 5782 5783 5784
f 5785 5786 5787
f 5788 5789 5790
f 5791 5792 5793
f 5794 5795 5796
f 5797 5798 5799
f 5800 5801 5802
f 5803 5804 5805
f 5806 5807 5808
f 5809 5810 5811
f 5812 5813 5814
f 5815 5816 5817
f 5818 5819 5820
f 5821 5822 5823
f 5824 5825 5826
f 5827 5828 5829
f 5830 5831 5832
f 5833 5834 5835
f 5836 5837 5838
f 5839 5840 5841
f 5842 5843 5844
f 5845 5846 5847
f 5848 5849 5850
f 5851 5852 5853
f 5854 5855 5856
f 5857 5858 5859
f 5860 5861 5862
f 5863 5864 5865
f 5866 5867 5868
f 5869 5870 5871
f 5872 5873 5874
f 5875 5876 5877
f 5878 5879 5880
f 5881 5882 5883
f 5884 5885 5886
f 5887 5888 5889
f 5890 5891 5892
f 5893 5894 5895
f 5896 5897 5898
f 5899 5900 5901
f 5902 5903 5904
f 5905 5906 5907
f 5908 5909 5910
f 5911 5912 5913
f 5914 5915 5916
f 5917 5918 5919
f 5920 5921 5922
f 5923 5924 5925
f 5926 5927 5928
f 5929 5930 5931
f 5932 5933 5934
f 5935 5936 5937
f 5938 5939 5940
f 5941 5942 5943
f 5944 5945 5946
f 5947 5948 5949
f 5950 5951 5952
f 5953 5954 5955
f 5956 5957 5958
f 5959 5960 5961
f 5962 5963 5964
f 5965 5966 5967
f 5968 5969 5970
f 5971 5972 5973
f 5974 5975 5976
f 5977 5978 5979
f 5980 5981 5982
f 5983 5984 5985
f 5986 5987 5988
f 5989 5990 5991
f 5992 5993 5994
f 5995 5996 5997
f 5998 5999 6000
f 6001 6002 6003
f 6004 6005 6006
f 6007 6008 6009
f 6010 6011 6012
f 6013 6014 6015
f 6016 6017 6018
f 6019 6020 6021
f 6022 6023 6024
f 6025 6026 6027
f 6028 6029 6030
f 6031 6032 6033
f 6034 6035 6036
f 6037 6038 6039
f 6040 6041 6042
f 6043 6044 6045
f 6046 6047 6048
f 6049 6050 6051
f 6052 6053 6054
f 6055 6056 6057
f 6058 6059 6060
f 6061 6062 6063
f 6064 6065 6066
f 6067 6068 6069
f 6070 6071 6072
f 6073 6074 6075
f 6076 6077 6078
f 6079 6080 6081
f 6082 6083 6084
f 6085 6086 6087
f 6088 6089 6090
f 6091 6092 6093
f 6094 6095 6096
f 6097 6098 6099
f 6100 6101 6102
f 6103 6104 6105
f 6106 6107 6108
f 6109 6110 6111
f 6112 6113 6114
f 6115 6116 6117
f 6118 6119 6120
f 6121 6122 6123
f 6124 6125 6126
f 6127 6128 6129
f 6130 6131 6132
f 6133 6134 6135
f 6136 6137 6138
f 6139 6140 6141
f 6142 6143 6144
f 6145 6146 6147
f 6148 6149 6150
f 6151 6152 6153
f 6154 6155 6156
f 6157 6158 6159
f 6160 6161 6162
f 6163 6164 6165
f 6166 6167 6168
f 6169 6170 6171
f 6172 6173 6174
f 6175 6176 6177
f 6178 6179 6180
f 6181 6182 6183
f 6184 6185 6186
f 6187 6188 6189
f 6190 6191 6192
f 6193 6194 6195
f 6196 6197 6198
f 6199 6200 6201
f 6202 6203 6204
f 6205 6206 6207
f 6208 6209 6210
f 6211 6212 6213
f 6214 6215 6216
f 6217 6218 6219
f 6220 6221 6222
f 6223 6224 6225
f 6226 6227 6228
f 6229 6230 6231
f 6232 6233 6234
f 6235 6236 6237
f 6238 6239 6240
f 6241 6242 6243
f 6244 6245 6246
f 6247 6248 6249
f 6250 6251 6252
f 6253 6254 6255
f 6256 6257 6258
f 6259 6260 6261
f 6262 6263 6264
f 6265 6266 6267
f 6268 6269 6270
f 6271 6272 6273
f 6274 6275 6276
f 6277 6278 6279
f 6280 6281 6282
f 6283 6284 6285
f 6286 6287 6288
f 6289 6290 6291
f 6292 6293 6294
f 6295 6296 6297
f 6298 6299 6300
f 6301 6302 6303
f 6304 6305 6306
f 6307 6308 6309
f 6310 6311 6312
f 6313 6314 6315
f 6316 6317 6318
f 6319 6320 6321
f 6322 6323 6324
f 6325 6326 6327
f 6328 6329 6330
f 6331 6332 6333
f 6334 6335 6336
f 6337 6338 6339
f 6340 6341 6342
f 6343 6344 6345
f 6346 6347 6348
f 6349 6350 6351
f 6352 6353 6354
f 6355 6356 6357
f 6358 6359 6360
f 6361 6362 6363
f 6364 6365 6366
f 6367 6368 6369
f 6370 6371 6372
f 6373 6374 6375
f 6376 6377 6378
f 6379 6380 6381
f 6382 6383 6384
f 6385 6386 6387
f 6388 6389 6390
f 6391 6392 6393
f 6394 6395 6396
f 6397 6398 6399
f 6400 6401 6402
f 6403 6404 6405
f 6406 6407 6408
f 6409 6410 6411
f 6412 6413 6414
f 6415 6416 6417
f 6418 6419 6420
f 6421 6422 6423
f 6424 6425 6426
f 6427 6428 6429
f 6430 6431 6432
f 6433 6434 6435
f 6436 6437 6438
f 6439 6440 6441
f 6442 6443 6444
f 6445 6446 6447
f 6448 6449 6450
f 6451 6452 6453
f 6454 6455 6456
f 6457 6458 6459
f 6460 6461 6462
f 6463 6464 6465
f 6466 6467 6468
f 6469 6470 6471
f 6472 6473 6474
f 6475 6476 6477
f 6478 6479 6480
f 6481 6482 6483
f 6484 6485 6486
f 6487 6488 6489
f 6490 6491 6492
f 6493 6494 6495
f 6496 6497 6498
f 6499 6500 6501
f 6502 6503 6504
f 6505 6506 6507
f 6508 6509 6510
f 6511 6512 6513
f 6514 6515 6516
f 6517 6518 6519
f 6520 6521 6522
f 6523 6524 6525
f 6526 6527 6528
f 6529 6530 6531
f 6532 6533 6534
f 6535 6536 6537
f 6538 6539 6540
f 6541 6542 6543
f 6544 6545 6546
f 6547 6548 6549
f 6550 6551 6552
f 6553 6554 6555
f 6556 6557 6558
f 6559 6560 6561
f 6562 6563 6564
f 6565 6566 6567
f 6568 6569 6570
f 6571 6572 6573
f 6574 6575 6576
f 6577 6578 6579
f 6580 6581 6582
f 6583 6584 6585
f 6586 6587 6588
f 6589 6590 6591
f 6592 6593 6594
f 6595 6596 6597
f 6598 6599 6600
f 6601 6602 6603
f 6604 6605 6606
f 6607 6608 6609
f 6610 6611 6612
f 6613 6614 6615
f 6616 6617 6618
f 6619 6620 6621
f 6622 6623 6624
f 6625 6626 6627
f 6628 6629 6630
f 6631 6632 6633
f 6634 6635 6636
f 6637 6638 6639
f 6640 6641 6642
f 6643 6644 6645
f 6646 6647 6648
f 6649 6650 6651
f 6652 6653 6654
f 6655 6656 6657
f 6658 6659 6660
f 6661 6662 6663
f 6664 6665 6666
f 6667 6668 6669
f 6670 6671 6672
f 6673 6674 6675
f 6676 6677 6678
f 6679 6680 6681
f 6682 6683 6684
f 6685 6686 6687
f 6688 6689 6690
f 6691 6692 6693
f 6694 6695 6696
f 6697 6698 6699
f 6700 6701 6702
f 6703 6704 6705
f 6706 6707 6708
f 6709 6710 6711
f 6712 6713 6714
f 6715 6716 6717
f 6718 6719 6720
f 6721 6722 6723
f 6724 6725 6726
f 6727 6728 6729
f 6730 6731 6732
f 6733 6734 6735
f 6736 6737 6738
f 6739 6740 6741
f 6742 6743 6744
f 6745 6746 6747
f 6748 6749 6750
f 6751 6752 6753
f 6754 6755 6756
f 6757 6758 6759
f 6760 6761 6762
f 6763 6764 6765
f 6766 6767 6768
f 6769 6770 6771
f 6772 6773 6774
f 6775 6776 6777
f 6778 6779 6780
f 6781 6782 6783
f 6784 6785 6786
f 6787 6788 6789
f 6790 6791 6792
f 6793 6794 6795
f 6796 6797 6798
f 6799 6800 6801
f 6802 6803 6804
f 6805 6806 6807
f 6808 6809 6810
f 6811 6812 6813
f 6814 6815 6816
f 6817 6818 6819
f 6820 6821 6822
f 6823 6824 6825
f 6826 6827 6828
f 6829 6830 6831
f 6832 6833 6834
f 6835 6836 6837
f 6838 6839 6840
f 6841 6842 6843
f 6844 6845 6846
f 6847 6848 6849
f 6850 6851 6852
f 6853 6854 6855
f 6856 6857 6858
f 6859 6860 6861
f 6862 6863 6864
f 6865 6866 6867
f 6868 6869 6870
f 6871 6872 6873
f 6874 6875 6876
f 6877 6878 6879
f 6880 6881 6882
f 6883 6884 6885
f 6886 6887 6888
f 6889 6890 6891
f 6892 6893 6894
f 6895 6896 6897
f 6898 6899 6900
f 6901 6902 6903
f 6904 6905 6906
f 6907 6908 6909
f 6910 6911 6912
f 6913 6914 6915
f 6916 6917 6918
f 6919 6920 6921
f 6922 6923 6924
f 6925 6926 6927
f 6928 6929 6930
f 6931 6932 6933
f 6934 6935 6936
f 6937 6938 6939
f 6940 6941 6942
f 6943 6944 6945
f 6946 6947 6948
f 6949 6950 6951
f 6952 6953 6954
f 6955 6956 6957
f 6958 6959 6960
f 6961 6962 6963
f 6964 6965 6966
f 6967 6968 6969
f 6970 6971 6972
f 6973 6974 6975
f 6976 6977 6978
f 6979 6980 6981
f 6982 6983 6984
f 6985 6986 6987
f 6988 6989 6990
f 6991 6992 6993
f 6994 6995 6996
f 6997 6998 6999
f 7000 7001 7002
f 7003 7004 7005
f 7006 7007 7008
f 7009 7010 7011
f 7012 7013 7014
f 7015 7016 7017
f 7018 7019 7020
f 7021 7022 7023
f 7024 7025 7026
f 7027 7028 7029
f 7030 7031 7032
f 7033 7034 7035
f 7036 7037 7038
f 7039 7040 7041
f 7042 7043 7044
f 7045 7046 7047
f 7048 7049 7050
f 7051 7052 7053
f 7054 7055 7056
f 7057 7058 7059
f 7060 7061 7062
f 7063 7064 7065
f 7066 7067 7068
f 7069 7070 7071
f 7072 7073 7074
f 7075 7076 7077
f 7078 7079 7080
f 7081 7082 7083
f 7084 7085 7086
f 7087 7088 7089
f 7090 7091 7092
f 7093 7094 7095
f 7096 7097 7098
f 7099 7100 7101
f 7102 7103 7104
f 7105 7106 7107
f 7108 7109 7110
f 7111 7112 7113
f 7114 7115 7116
f 7117 7118 7119
f 7120 7121 7122
f 7123 7124 7125
f 7126 7127 7128
f 7129 7130 7131
f 7132 7133 7134
f 7135 7136 7137
f 7138 7139 7140
f 7141 7142 7143
f 7144 7145 7146
f 7147 7148 7149
f 7150 7151 7152
f 7153 7154 7155
f 7156 7157 7158
f 7159 7160 7161
f 7162 7163 7164
f 7165 7166 7167
f 7168 7169 7170
f 7171 7172 7173
f 7174 7175 7176
f 7177 7178 7179
f 7180 7181 7182
f 7183 7184 7185
f 7186 7187 7188
f 7189 7190 7191
f 7192 7193 7194
f 7195 7196 7197
f 7198 7199 7200
f 7201 7202 7203
f 7204 7205 7206
f 7207 7208 7209
f 7210 7211 7212
f 7213 7214 7215
f 7216 7217 7218
f 7219 7220 7221
f 7222 7223 7224
f 7225 7226 7227
f 7228 7229 7230
f 7231 7232 7233
f 7234 7235 7236
f 7237 7238 7239
f 7240 7241 7242
f 7243 7244 7245
f 7246 7247 7248
f 7249 7250 7251
f 7252 7253 7254
f 7255 7256 7257
f 7258 7259 7260
f 7261 7262 7263
f 7264 7265 7266
f 7267 7268 7269
f 7270 7271 7272
f 7273 7274 7275
f 7276 7277 7278
f 7279 7280 7281
f 7282 7283 7284
f 7285 7286 7287
f 7288 7289 7290
f 7291 7292 7293
f 7294 7295 7296
f 7297 7298 7299
f 7300 7301 7302
f 7303 7304 7305
f 7306 7307 7308
f 7309 7310 7311
f 7312 7313 7314
f 7315 7316 7317
f 7318 7319 7320
f 7321 7322 7323
f 7324 7325 7326
f 7327 7328 7329
f 7330 7331 7332

