# https://github.com/mikedh/trimesh

o Bearing1_1.stl
v -73.60990143 64.55479431 24.37977791
v -73.81206512 64.56628418 24.29677773
v -74.01451874 64.57012177 24.37977791
v -74.21696472 64.56628418 24.29677773
v -74.41912842 64.55479431 24.37977791
v -74.62071228 64.53566742 24.29677773
v -74.82142639 64.50891876 24.37977791
v -75.02098083 64.47459412 24.29677773
v -75.21910095 64.43274689 24.37977791
v -75.41548920 64.38343048 24.29677773
v -75.60987091 64.32671356 24.37977791
v -75.80197144 64.26268768 24.29677773
v -75.99150848 64.19143677 24.37977791
v -76.17821503 64.11306000 24.29677773
v -76.36182404 64.02767944 24.37977791
v -76.54206848 63.93540955 24.29677773
v -76.71868896 63.83638763 24.37977791
v -76.89144135 63.73075104 24.29677773
v -77.06006622 63.61865234 24.37977791
v -77.22433472 63.50025558 24.29677773
v -77.38400269 63.37572479 24.37977791
v -77.53884125 63.24524307 24.29677773
v -77.68863678 63.10899353 24.37977791
v -77.83316803 62.96717453 24.29677773
v -77.97222137 62.81998444 24.37977791
v -78.10561371 62.66764069 24.29677773
v -78.23313904 62.51036072 24.37977791
v -78.35462952 62.34836578 24.29677773
v -78.46989441 62.18188858 24.37977791
v -78.57878113 62.01116943 24.29677773
v -78.68112946 61.83644867 24.37977791
v -78.77679443 61.65798569 24.29677773
v -78.86563873 61.47602844 24.37977791
v -78.94753265 61.29083633 24.29677773
v -79.02235413 61.10268021 24.37977791
v -79.09000397 60.91183090 24.29677773
v -79.15039062 60.71855164 24.37977791
v -79.20341492 60.52313232 24.29677773
v -79.24900818 60.32584381 24.37977791
v -79.28709412 60.12696838 24.29677773
v -79.31763458 59.92679596 24.37977791
v -79.34058380 59.72561264 24.29677773
v -79.35589600 59.52370453 24.37977791
v -79.36355591 59.32136154 24.29677773
v -79.36355591 59.11887360 24.37977791
v -79.35589600 58.91653061 24.29677773
v -79.34058380 58.71462250 24.37977791
v -79.31763458 58.51343918 24.29677773
v -79.28709412 58.31326675 24.37977791
v -79.24900818 58.11439514 24.29677773
v -79.20341492 57.91710663 24.37977791
v -79.15039062 57.72168350 24.29677773
v -79.09000397 57.52840805 24.37977791
v -79.02235413 57.33755493 24.29677773
v -78.94753265 57.14939880 24.37977791
v -78.86563873 56.96421051 24.29677773
v -78.77679443 56.78225327 24.37977791
v -78.68112946 56.60378647 24.29677773
v -78.57878113 56.42906952 24.37977791
v -78.46989441 56.25835037 24.29677773
v -78.35462952 56.09187317 24.37977791
v -78.23313904 55.92987823 24.29677773
v -78.10561371 55.77259445 24.37977791
v -77.97222137 55.62025070 24.29677773
v -77.83316803 55.47306442 24.37977791
v -77.68863678 55.33124161 24.29677773
v -77.53884125 55.19499588 24.37977791
v -77.38400269 55.06451035 24.29677773
v -77.22433472 54.93998337 24.37977791
v -77.06006622 54.82158279 24.29677773
v -76.89144135 54.70948410 24.37977791
v -76.71868896 54.60384750 24.29677773
v -76.54206848 54.50482559 24.37977791
v -76.36182404 54.41255569 24.29677773
v -76.17821503 54.32717514 24.37977791
v -75.99150848 54.24880219 24.29677773
v -75.80197144 54.17755127 24.37977791
v -75.60987091 54.11352158 24.29677773
v -75.41548920 54.05680847 24.37977791
v -75.21910095 54.00749207 24.29677773
v -75.02098083 53.96564102 24.37977791
v -74.82142639 53.93132019 24.29677773
v -74.62071228 53.90457153 24.37977791
v -74.41912842 53.88544083 24.29677773
v -74.21696472 53.87395096 24.37977791
v -74.01451874 53.87011719 24.29677773
v -73.81206512 53.87395096 24.37977791
v -73.60990143 53.88544083 24.29677773
v -73.40831757 53.90457153 24.37977791
v -73.20760345 53.93132019 24.29677773
v -73.00804901 53.96564102 24.37977791
v -72.80992889 54.00749207 24.29677773
v -72.61354065 54.05680847 24.37977791
v -72.41915894 54.11352158 24.29677773
v -72.22705841 54.17755127 24.37977791
v -72.03752136 54.24880219 24.29677773
v -71.85081482 54.32717514 24.37977791
v -71.66720581 54.41255569 24.29677773
v -71.48696136 54.50482559 24.37977791
v -71.31034088 54.60384750 24.29677773
v -71.13758850 54.70948410 24.37977791
v -70.96896362 54.82158279 24.29677773
v -70.80469513 54.93998337 24.37977791
v -70.64502716 55.06451035 24.29677773
v -70.49018860 55.19499588 24.37977791
v -70.34039307 55.33124161 24.29677773
v -70.19586945 55.47306442 24.37977791
v -70.05680847 55.62025070 24.29677773
v -69.92341614 55.77259445 24.37977791
v -69.79589081 55.92987823 24.29677773
v -69.67440033 56.09187317 24.37977791
v -69.55913544 56.25835037 24.29677773
v -69.45024872 56.42906952 24.37977791
v -69.34790039 56.60378647 24.29677773
v -69.25223541 56.78225327 24.37977791
v -69.16339111 56.96421051 24.29677773
v -69.08150482 57.14939880 24.37977791
v -69.00667572 57.33755493 24.29677773
v -68.93902588 57.52840805 24.37977791
v -68.87863922 57.72168350 24.29677773
v -68.82561493 57.91710663 24.37977791
v -68.78002930 58.11439514 24.29677773
v -68.74193573 58.31326675 24.37977791
v -68.71139526 58.51343918 24.29677773
v -68.68845367 58.71462250 24.37977791
v -68.67313385 58.91653061 24.29677773
v -68.66547394 59.11887360 24.37977791
v -68.66547394 59.32136154 24.29677773
v -68.67313385 59.52370453 24.37977791
v -68.68845367 59.72561264 24.29677773
v -68.71139526 59.92679596 24.37977791
v -68.74193573 60.12696838 24.29677773
v -68.78002930 60.32584381 24.37977791
v -68.82561493 60.52313232 24.29677773
v -68.87863922 60.71855164 24.37977791
v -68.93902588 60.91183090 24.29677773
v -69.00667572 61.10268021 24.37977791
v -69.08150482 61.29083633 24.29677773
v -69.16339111 61.47602844 24.37977791
v -69.25223541 61.65798569 24.29677773
v -69.34790039 61.83644867 24.37977791
v -69.45024872 62.01116943 24.29677773
v -69.55913544 62.18188858 24.37977791
v -69.67440033 62.34836578 24.29677773
v -69.79589081 62.51036072 24.37977791
v -69.92341614 62.66764069 24.29677773
v -70.05680847 62.81998444 24.37977791
v -70.19586945 62.96717453 24.29677773
v -70.34039307 63.10899353 24.37977791
v -70.49018860 63.24524307 24.29677773
v -70.64502716 63.37572479 24.37977791
v -70.80469513 63.50025558 24.29677773
v -70.96896362 63.61865234 24.37977791
v -71.13758850 63.73075104 24.29677773
v -71.31034088 63.83638763 24.37977791
v -71.48696136 63.93540955 24.29677773
v -71.66720581 64.02767944 24.37977791
v -71.85081482 64.11306000 24.29677773
v -72.03752136 64.19143677 24.37977791
v -72.22705841 64.26268768 24.29677773
v -72.41915894 64.32671356 24.37977791
v -72.61354065 64.38343048 24.29677773
v -72.80992889 64.43274689 24.37977791
v -73.00804901 64.47459412 24.29677773
v -73.20760345 64.50891876 24.37977791
v -73.40831757 64.53566742 24.29677773
v -74.41912842 64.55479431 19.37977791
v -74.31809998 64.56150055 19.46277809
v -74.01451874 64.57012177 19.37977791
v -73.91326904 64.56916046 19.46277809
v -73.60990143 64.55479431 19.37977791
v -73.50901794 64.54618073 19.46277809
v -73.20760345 64.50891876 19.37977791
v -73.10766602 64.49269867 19.46277809
v -72.80992889 64.43274689 19.37977791
v -72.71150208 64.40901184 19.46277809
v -72.41915894 64.32671356 19.37977791
v -72.32280731 64.29560852 19.46277809
v -72.03752136 64.19143677 19.37977791
v -71.94379425 64.15312958 19.46277809
v -71.66720581 64.02767944 19.37977791
v -71.57665253 63.98239899 19.46277809
v -71.31034088 63.83638763 19.37977791
v -71.22346497 63.78438568 19.46277809
v -70.96896362 63.61865234 19.37977791
v -70.88626862 63.56023026 19.46277809
v -70.64502716 63.37572479 19.37977791
v -70.56699371 63.31121445 19.46277809
v -70.34039307 63.10899353 19.37977791
v -70.26746368 63.03876495 19.46277809
v -70.05680847 62.81998444 19.37977791
v -69.98939514 62.74444580 19.46277809
v -69.79589081 62.51036072 19.37977791
v -69.73438263 62.42993546 19.46277809
v -69.55913544 62.18188858 19.37977791
v -69.50388336 62.09704208 19.46277809
v -69.34790039 61.83644867 19.37977791
v -69.29922485 61.74766922 19.46277809
v -69.16339111 61.47602844 19.37977791
v -69.12157440 61.38381958 19.46277809
v -69.00667572 61.10268021 19.37977791
v -68.97194672 61.00757599 19.46277809
v -68.87863922 60.71855164 19.37977791
v -68.85120392 60.62109375 19.46277809
v -68.78002930 60.32584381 19.37977791
v -68.76004028 60.22658539 19.46277809
v -68.71139526 59.92679596 19.37977791
v -68.69896698 59.82631302 19.46277809
v -68.67313385 59.52370453 19.37977791
v -68.66835022 59.42256927 19.46277809
v -68.66547394 59.11887360 19.37977791
v -68.66835022 59.01766586 19.46277809
v -68.68845367 58.71462250 19.37977791
v -68.69896698 58.61392212 19.46277809
v -68.74193573 58.31326675 19.37977791
v -68.76004028 58.21364975 19.46277809
v -68.82561493 57.91710663 19.37977791
v -68.85120392 57.81914139 19.46277809
v -68.93902588 57.52840805 19.37977791
v -68.97194672 57.43265915 19.46277809
v -69.08150482 57.14939880 19.37977791
v -69.12157440 57.05641556 19.46277809
v -69.25223541 56.78225327 19.37977791
v -69.29922485 56.69256592 19.46277809
v -69.45024872 56.42906952 19.37977791
v -69.50388336 56.34319305 19.46277809
v -69.67440033 56.09187317 19.37977791
v -69.73438263 56.01029968 19.46277809
v -69.92341614 55.77259445 19.37977791
v -69.98939514 55.69578934 19.46277809
v -70.19586945 55.47306442 19.37977791
v -70.26746368 55.40147018 19.46277809
v -70.49018860 55.19499588 19.37977791
v -70.56699371 55.12902069 19.46277809
v -70.80469513 54.93998337 19.37977791
v -70.88626862 54.88000488 19.46277809
v -71.13758850 54.70948410 19.37977791
v -71.22346497 54.65584946 19.46277809
v -71.48696136 54.50482559 19.37977791
v -71.57665253 54.45783997 19.46277809
v -71.85081482 54.32717514 19.37977791
v -71.94379425 54.28710556 19.46277809
v -72.22705841 54.17755127 19.37977791
v -72.32280731 54.14462662 19.46277809
v -72.61354065 54.05680847 19.37977791
v -72.71150208 54.03121948 19.46277809
v -73.00804901 53.96564102 19.37977791
v -73.10766602 53.94753647 19.46277809
v -73.40831757 53.90457153 19.37977791
v -73.50901794 53.89405441 19.46277809
v -73.81206512 53.87395096 19.37977791
v -73.91326904 53.87107468 19.46277809
v -74.21696472 53.87395096 19.37977791
v -74.31809998 53.87873840 19.46277809
v -74.62071228 53.90457153 19.37977791
v -74.72119904 53.91699600 19.46277809
v -75.02098083 53.96564102 19.37977791
v -75.12023926 53.98563004 19.46277809
v -75.41548920 54.05680847 19.37977791
v -75.51295471 54.08424377 19.46277809
v -75.80197144 54.17755127 19.37977791
v -75.89707947 54.21228027 19.46277809
v -76.17821503 54.32717514 19.37977791
v -76.27042389 54.36899567 19.46277809
v -76.54206848 54.50482559 19.37977791
v -76.63084412 54.55350113 19.46277809
v -76.89144135 54.70948410 19.37977791
v -76.97628784 54.76473618 19.46277809
v -77.22433472 54.93998337 19.37977791
v -77.30475616 55.00149155 19.46277809
v -77.53884125 55.19499588 19.37977791
v -77.61438751 55.26240921 19.46277809
v -77.83316803 55.47306442 19.37977791
v -77.90338898 55.54599762 19.46277809
v -78.10561371 55.77259445 19.37977791
v -78.17012024 55.85063171 19.46277809
v -78.35462952 56.09187317 19.37977791
v -78.41304779 56.17456436 19.46277809
v -78.57878113 56.42906952 19.37977791
v -78.63078308 56.51594162 19.46277809
v -78.77679443 56.78225327 19.37977791
v -78.82207489 56.87281036 19.46277809
v -78.94753265 57.14939880 19.37977791
v -78.98583221 57.24312210 19.46277809
v -79.09000397 57.52840805 19.37977791
v -79.12110901 57.62475967 19.46277809
v -79.20341492 57.91710663 19.37977791
v -79.22714233 58.01553345 19.46277809
v -79.28709412 58.31326675 19.37977791
v -79.30331421 58.41320801 19.46277809
v -79.34058380 58.71462250 19.37977791
v -79.34919739 58.81550598 19.46277809
v -79.36355591 59.11887360 19.37977791
v -79.36451721 59.22011948 19.46277809
v -79.35589600 59.52370453 19.37977791
v -79.34919739 59.62473297 19.46277809
v -79.31763458 59.92679596 19.37977791
v -79.30331421 60.02702713 19.46277809
v -79.24900818 60.32584381 19.37977791
v -79.22714233 60.42470169 19.46277809
v -79.15039062 60.71855164 19.37977791
v -79.12110901 60.81547546 19.46277809
v -79.02235413 61.10268021 19.37977791
v -78.98583221 61.19711304 19.46277809
v -78.86563873 61.47602844 19.37977791
v -78.82207489 61.56742477 19.46277809
v -78.68112946 61.83644867 19.37977791
v -78.63078308 61.92429352 19.46277809
v -78.46989441 62.18188858 19.37977791
v -78.41304779 62.26567078 19.46277809
v -78.23313904 62.51036072 19.37977791
v -78.17012024 62.58960342 19.46277809
v -77.97222137 62.81998444 19.37977791
v -77.90338898 62.89423752 19.46277809
v -77.68863678 63.10899353 19.37977791
v -77.61438751 63.17782593 19.46277809
v -77.38400269 63.37572479 19.37977791
v -77.30475616 63.43874359 19.46277809
v -77.06006622 63.61865234 19.37977791
v -76.97628784 63.67549896 19.46277809
v -76.71868896 63.83638763 19.37977791
v -76.63084412 63.88673401 19.46277809
v -76.36182404 64.02767944 19.37977791
v -76.27042389 64.07123566 19.46277809
v -75.99150848 64.19143677 19.37977791
v -75.89707947 64.22795868 19.46277809
v -75.60987091 64.32671356 19.37977791
v -75.51295471 64.35598755 19.46277809
v -75.21910095 64.43274689 19.37977791
v -75.12023926 64.45460510 19.46277809
v -74.82142639 64.50891876 19.37977791
v -74.72119904 64.52323914 19.46277809
v -73.60990143 64.55479431 24.37977791
v -74.01451874 64.57012177 24.37977791
v -74.41912842 64.55479431 24.37977791
v -74.82142639 64.50891876 24.37977791
v -75.21910095 64.43274689 24.37977791
v -75.60987091 64.32671356 24.37977791
v -75.99150848 64.19143677 24.37977791
v -76.36182404 64.02767944 24.37977791
v -76.71868896 63.83638763 24.37977791
v -77.06006622 63.61865234 24.37977791
v -77.38400269 63.37572479 24.37977791
v -77.68863678 63.10899353 24.37977791
v -77.97222137 62.81998444 24.37977791
v -78.23313904 62.51036072 24.37977791
v -78.46989441 62.18188858 24.37977791
v -78.68112946 61.83644867 24.37977791
v -78.86563873 61.47602844 24.37977791
v -79.02235413 61.10268021 24.37977791
v -79.15039062 60.71855164 24.37977791
v -79.24900818 60.32584381 24.37977791
v -79.31763458 59.92679596 24.37977791
v -79.35589600 59.52370453 24.37977791
v -79.36355591 59.11887360 24.37977791
v -79.34058380 58.71462250 24.37977791
v -79.28709412 58.31326675 24.37977791
v -79.20341492 57.91710663 24.37977791
v -79.09000397 57.52840805 24.37977791
v -78.94753265 57.14939880 24.37977791
v -78.77679443 56.78225327 24.37977791
v -78.57878113 56.42906952 24.37977791
v -78.35462952 56.09187317 24.37977791
v -78.10561371 55.77259445 24.37977791
v -77.83316803 55.47306442 24.37977791
v -77.53884125 55.19499588 24.37977791
v -77.22433472 54.93998337 24.37977791
v -76.89144135 54.70948410 24.37977791
v -76.54206848 54.50482559 24.37977791
v -76.17821503 54.32717514 24.37977791
v -75.80197144 54.17755127 24.37977791
v -75.41548920 54.05680847 24.37977791
v -75.02098083 53.96564102 24.37977791
v -74.62071228 53.90457153 24.37977791
v -74.21696472 53.87395096 24.37977791
v -73.81206512 53.87395096 24.37977791
v -73.40831757 53.90457153 24.37977791
v -73.00804901 53.96564102 24.37977791
v -72.61354065 54.05680847 24.37977791
v -72.22705841 54.17755127 24.37977791
v -71.85081482 54.32717514 24.37977791
v -71.48696136 54.50482559 24.37977791
v -71.13758850 54.70948410 24.37977791
v -70.80469513 54.93998337 24.37977791
v -70.49018860 55.19499588 24.37977791
v -70.19586945 55.47306442 24.37977791
v -69.92341614 55.77259445 24.37977791
v -69.67440033 56.09187317 24.37977791
v -69.45024872 56.42906952 24.37977791
v -69.25223541 56.78225327 24.37977791
v -69.08150482 57.14939880 24.37977791
v -68.93902588 57.52840805 24.37977791
v -68.82561493 57.91710663 24.37977791
v -68.74193573 58.31326675 24.37977791
v -68.68845367 58.71462250 24.37977791
v -68.66547394 59.11887360 24.37977791
v -68.67313385 59.52370453 24.37977791
v -68.71139526 59.92679596 24.37977791
v -68.78002930 60.32584381 24.37977791
v -68.87863922 60.71855164 24.37977791
v -69.00667572 61.10268021 24.37977791
v -69.16339111 61.47602844 24.37977791
v -69.34790039 61.83644867 24.37977791
v -69.55913544 62.18188858 24.37977791
v -69.79589081 62.51036072 24.37977791
v -70.05680847 62.81998444 24.37977791
v -70.34039307 63.10899353 24.37977791
v -70.64502716 63.37572479 24.37977791
v -70.96896362 63.61865234 24.37977791
v -71.31034088 63.83638763 24.37977791
v -71.66720581 64.02767944 24.37977791
v -72.03752136 64.19143677 24.37977791
v -72.41915894 64.32671356 24.37977791
v -72.80992889 64.43274689 24.37977791
v -73.20760345 64.50891876 24.37977791
v -73.63632202 63.90487671 24.37977791
v -74.01451874 63.92011642 24.37977791
v -73.26058197 63.85925293 24.37977791
v -72.88973236 63.78354645 24.37977791
v -72.52617645 63.67823792 24.37977791
v -72.17227173 63.54402161 24.37977791
v -71.83031464 63.38175964 24.37977791
v -71.50252533 63.19251251 24.37977791
v -71.19102478 62.97750092 24.37977791
v -70.89784241 62.73811722 24.37977791
v -70.62486267 62.47592163 24.37977791
v -70.37387085 62.19261169 24.37977791
v -70.14649200 61.89002228 24.37977791
v -69.94419861 61.57011795 24.37977791
v -69.76829529 61.23497391 24.37977791
v -69.61994171 60.88676071 24.37977791
v -69.50008392 60.52774048 24.37977791
v -69.40950012 60.16024017 24.37977791
v -69.34878540 59.78664017 24.37977791
v -69.31832886 59.40936661 24.37977791
v -69.31832886 59.03086853 24.37977791
v -69.34878540 58.65359497 24.37977791
v -69.40950012 58.27999878 24.37977791
v -69.50008392 57.91249466 24.37977791
v -69.61994171 57.55347443 24.37977791
v -69.76829529 57.20526123 24.37977791
v -69.94419861 56.87011719 24.37977791
v -70.14649200 56.55021286 24.37977791
v -70.37387085 56.24762344 24.37977791
v -70.62486267 55.96431351 24.37977791
v -70.89784241 55.70211792 24.37977791
v -71.19102478 55.46273804 24.37977791
v -71.50252533 55.24772644 24.37977791
v -71.83031464 55.05847549 24.37977791
v -72.17227173 54.89621353 24.37977791
v -72.52617645 54.76199722 24.37977791
v -72.88973236 54.65669250 24.37977791
v -73.26058197 54.58098221 24.37977791
v -73.63632202 54.53535843 24.37977791
v -74.01451874 54.52011871 24.37977791
v -74.39270782 54.53535843 24.37977791
v -74.76844788 54.58098221 24.37977791
v -75.13929749 54.65669250 24.37977791
v -75.50285339 54.76199722 24.37977791
v -75.85675812 54.89621353 24.37977791
v -76.19871521 55.05847549 24.37977791
v -76.52650452 55.24772644 24.37977791
v -76.83800507 55.46273804 24.37977791
v -77.13119507 55.70211792 24.37977791
v -77.40416718 55.96431351 24.37977791
v -77.65515900 56.24762344 24.37977791
v -77.88253784 56.55021286 24.37977791
v -78.08483887 56.87011719 24.37977791
v -78.26073456 57.20526123 24.37977791
v -78.40909576 57.55347443 24.37977791
v -78.52895355 57.91249466 24.37977791
v -78.61952972 58.27999878 24.37977791
v -78.68024445 58.65359497 24.37977791
v -78.71070099 59.03086853 24.37977791
v -78.71070099 59.40936661 24.37977791
v -78.68024445 59.78664017 24.37977791
v -78.61952972 60.16024017 24.37977791
v -78.52895355 60.52774048 24.37977791
v -78.40909576 60.88676071 24.37977791
v -78.26073456 61.23497391 24.37977791
v -78.08483887 61.57011795 24.37977791
v -77.88253784 61.89002228 24.37977791
v -77.65515900 62.19261169 24.37977791
v -77.40416718 62.47592163 24.37977791
v -77.13119507 62.73811722 24.37977791
v -76.83800507 62.97750092 24.37977791
v -76.52650452 63.19251251 24.37977791
v -76.19871521 63.38175964 24.37977791
v -75.85675812 63.54402161 24.37977791
v -75.50285339 63.67823792 24.37977791
v -75.13929749 63.78354645 24.37977791
v -74.76844788 63.85925293 24.37977791
v -74.39270782 63.90487671 24.37977791
v -76.21929169 63.28402710 24.36455345
v -76.53520203 63.09601212 24.36455345
v -69.44942474 58.48777008 24.36455345
v -69.52204132 58.12738800 24.36455345
v -69.62305450 57.77391434 24.36455345
v -69.75183868 57.42958450 24.36455345
v -69.90756989 57.09657288 24.36455345
v -70.08927155 56.77698898 24.36455345
v -70.29578400 56.47285080 24.36455345
v -70.52581024 56.18608093 24.36455345
v -70.77790070 55.91849518 24.36455345
v -71.05044556 55.67178345 24.36455345
v -71.34172821 55.44750214 24.36455345
v -71.64990997 55.24707413 24.36455345
v -71.97304535 55.07176590 24.36455345
v -72.30908966 54.92268753 24.36455345
v -72.65590668 54.80077362 24.36455345
v -73.01132202 54.70680237 24.36455345
v -73.37307739 54.64136505 24.36455345
v -73.73888397 54.60487747 24.36455345
v -74.10643768 54.59756851 24.36455345
v -74.47341156 54.61948395 24.36455345
v -74.83748627 54.67048645 24.36455345
v -75.19635010 54.75025558 24.36455345
v -75.54774475 54.85828018 24.36455345
v -75.88945007 54.99388504 24.36455345
v -76.21929169 55.15620804 24.36455345
v -76.53520203 55.34422684 24.36455345
v -76.83517456 55.55674744 24.36455345
v -77.11731720 55.79243088 24.36455345
v -77.37983704 56.04978180 24.36455345
v -77.62107849 56.32717896 24.36455345
v -77.83952332 56.62286758 24.36455345
v -78.03378296 56.93497467 24.36455345
v -78.20263672 57.26153183 24.36455345
v -78.34500885 57.60046768 24.36455345
v -78.45999908 57.94964600 24.36455345
v -78.54688263 58.30685806 24.36455345
v -78.60511780 58.66984177 24.36455345
v -78.63425446 59.03453827 24.36455345
v -78.63425446 59.40569687 24.36455345
v -78.60511780 59.77039337 24.36455345
v -78.54688263 60.13337708 24.36455345
v -78.45999908 60.49058914 24.36455345
v -78.34500885 60.83976746 24.36455345
v -78.20263672 61.17870712 24.36455345
v -78.03378296 61.50526047 24.36455345
v -77.83952332 61.81736755 24.36455345
v -77.62107849 62.11305618 24.36455345
v -77.37983704 62.39045334 24.36455345
v -77.11731720 62.64780807 24.36455345
v -76.83517456 62.88348770 24.36455345
v -74.10643768 63.84266663 24.36455345
v -73.73888397 63.83535767 24.36455345
v -73.37307739 63.79887009 24.36455345
v -73.01132202 63.73343277 24.36455345
v -72.65590668 63.63946152 24.36455345
v -72.30908966 63.51755142 24.36455345
v -71.97304535 63.36846924 24.36455345
v -71.64990997 63.19316101 24.36455345
v -71.34172821 62.99273300 24.36455345
v -71.05044556 62.76845169 24.36455345
v -70.77790070 62.52173996 24.36455345
v -70.52581024 62.25415421 24.36455345
v -70.29578400 61.96738434 24.36455345
v -70.08927155 61.66324615 24.36455345
v -69.90756989 61.34366226 24.36455345
v -69.75183868 61.01065063 24.36455345
v -69.62305450 60.66632080 24.36455345
v -69.52204132 60.31284714 24.36455345
v -69.44942474 59.95246506 24.36455345
v -69.40567017 59.58745193 24.36455345
v -69.39105225 59.22011948 24.36455345
v -69.40567017 58.85278320 24.36455345
v -74.47341156 63.82075119 24.36455345
v -74.83748627 63.76974869 24.36455345
v -75.19635010 63.68998337 24.36455345
v -75.54774475 63.58195496 24.36455345
v -75.88945007 63.44635010 24.36455345
v -74.41912842 64.55479431 19.37977791
v -74.01451874 64.57012177 19.37977791
v -73.60990143 64.55479431 19.37977791
v -73.20760345 64.50891876 19.37977791
v -72.80992889 64.43274689 19.37977791
v -72.41915894 64.32671356 19.37977791
v -72.03752136 64.19143677 19.37977791
v -71.66720581 64.02767944 19.37977791
v -71.31034088 63.83638763 19.37977791
v -70.96896362 63.61865234 19.37977791
v -70.64502716 63.37572479 19.37977791
v -70.34039307 63.10899353 19.37977791
v -70.05680847 62.81998444 19.37977791
v -69.79589081 62.51036072 19.37977791
v -69.55913544 62.18188858 19.37977791
v -69.34790039 61.83644867 19.37977791
v -69.16339111 61.47602844 19.37977791
v -69.00667572 61.10268021 19.37977791
v -68.87863922 60.71855164 19.37977791
v -68.78002930 60.32584381 19.37977791
v -68.71139526 59.92679596 19.37977791
v -68.67313385 59.52370453 19.37977791
v -68.66547394 59.11887360 19.37977791
v -68.68845367 58.71462250 19.37977791
v -68.74193573 58.31326675 19.37977791
v -68.82561493 57.91710663 19.37977791
v -68.93902588 57.52840805 19.37977791
v -69.08150482 57.14939880 19.37977791
v -69.25223541 56.78225327 19.37977791
v -69.45024872 56.42906952 19.37977791
v -69.67440033 56.09187317 19.37977791
v -69.92341614 55.77259445 19.37977791
v -70.19586945 55.47306442 19.37977791
v -70.49018860 55.19499588 19.37977791
v -70.80469513 54.93998337 19.37977791
v -71.13758850 54.70948410 19.37977791
v -71.48696136 54.50482559 19.37977791
v -71.85081482 54.32717514 19.37977791
v -72.22705841 54.17755127 19.37977791
v -72.61354065 54.05680847 19.37977791
v -73.00804901 53.96564102 19.37977791
v -73.40831757 53.90457153 19.37977791
v -73.81206512 53.87395096 19.37977791
v -74.21696472 53.87395096 19.37977791
v -74.62071228 53.90457153 19.37977791
v -75.02098083 53.96564102 19.37977791
v -75.41548920 54.05680847 19.37977791
v -75.80197144 54.17755127 19.37977791
v -76.17821503 54.32717514 19.37977791
v -76.54206848 54.50482559 19.37977791
v -76.89144135 54.70948410 19.37977791
v -77.22433472 54.93998337 19.37977791
v -77.53884125 55.19499588 19.37977791
v -77.83316803 55.47306442 19.37977791
v -78.10561371 55.77259445 19.37977791
v -78.35462952 56.09187317 19.37977791
v -78.57878113 56.42906952 19.37977791
v -78.77679443 56.78225327 19.37977791
v -78.94753265 57.14939880 19.37977791
v -79.09000397 57.52840805 19.37977791
v -79.20341492 57.91710663 19.37977791
v -79.28709412 58.31326675 19.37977791
v -79.34058380 58.71462250 19.37977791
v -79.36355591 59.11887360 19.37977791
v -79.35589600 59.52370453 19.37977791
v -79.31763458 59.92679596 19.37977791
v -79.24900818 60.32584381 19.37977791
v -79.15039062 60.71855164 19.37977791
v -79.02235413 61.10268021 19.37977791
v -78.86563873 61.47602844 19.37977791
v -78.68112946 61.83644867 19.37977791
v -78.46989441 62.18188858 19.37977791
v -78.23313904 62.51036072 19.37977791
v -77.97222137 62.81998444 19.37977791
v -77.68863678 63.10899353 19.37977791
v -77.38400269 63.37572479 19.37977791
v -77.06006622 63.61865234 19.37977791
v -76.71868896 63.83638763 19.37977791
v -76.36182404 64.02767944 19.37977791
v -75.99150848 64.19143677 19.37977791
v -75.60987091 64.32671356 19.37977791
v -75.21910095 64.43274689 19.37977791
v -74.82142639 64.50891876 19.37977791
v -74.01451874 63.92011642 19.37977791
v -73.63632202 63.90487671 19.37977791
v -73.26058197 63.85925293 19.37977791
v -72.88973236 63.78354645 19.37977791
v -72.52617645 63.67823792 19.37977791
v -72.17227173 63.54402161 19.37977791
v -71.83031464 63.38175964 19.37977791
v -71.50252533 63.19251251 19.37977791
v -71.19102478 62.97750092 19.37977791
v -70.89784241 62.73811722 19.37977791
v -70.62486267 62.47592163 19.37977791
v -70.37387085 62.19261169 19.37977791
v -70.14649200 61.89002228 19.37977791
v -69.94419861 61.57011795 19.37977791
v -69.76829529 61.23497391 19.37977791
v -69.61994171 60.88676071 19.37977791
v -69.50008392 60.52774048 19.37977791
v -69.40950012 60.16024017 19.37977791
v -69.34878540 59.78664017 19.37977791
v -69.31832886 59.40936661 19.37977791
v -69.31832886 59.03086853 19.37977791
v -69.34878540 58.65359497 19.37977791
v -69.40950012 58.27999878 19.37977791
v -69.50008392 57.91249466 19.37977791
v -69.61994171 57.55347443 19.37977791
v -69.76829529 57.20526123 19.37977791
v -69.94419861 56.87011719 19.37977791
v -70.14649200 56.55021286 19.37977791
v -70.37387085 56.24762344 19.37977791
v -70.62486267 55.96431351 19.37977791
v -70.89784241 55.70211792 19.37977791
v -71.19102478 55.46273804 19.37977791
v -71.50252533 55.24772644 19.37977791
v -71.83031464 55.05847549 19.37977791
v -72.17227173 54.89621353 19.37977791
v -72.52617645 54.76199722 19.37977791
v -72.88973236 54.65669250 19.37977791
v -73.26058197 54.58098221 19.37977791
v -73.63632202 54.53535843 19.37977791
v -74.01451874 54.52011871 19.37977791
v -74.39270782 54.53535843 19.37977791
v -74.76844788 54.58098221 19.37977791
v -75.13929749 54.65669250 19.37977791
v -75.50285339 54.76199722 19.37977791
v -75.85675812 54.89621353 19.37977791
v -76.19871521 55.05847549 19.37977791
v -76.52650452 55.24772644 19.37977791
v -76.83800507 55.46273804 19.37977791
v -77.13119507 55.70211792 19.37977791
v -77.40416718 55.96431351 19.37977791
v -77.65515900 56.24762344 19.37977791
v -77.88253784 56.55021286 19.37977791
v -78.08483887 56.87011719 19.37977791
v -78.26073456 57.20526123 19.37977791
v -78.40909576 57.55347443 19.37977791
v -78.52895355 57.91249466 19.37977791
v -78.61952972 58.27999878 19.37977791
v -78.68024445 58.65359497 19.37977791
v -78.71070099 59.03086853 19.37977791
v -78.71070099 59.40936661 19.37977791
v -78.68024445 59.78664017 19.37977791
v -78.61952972 60.16024017 19.37977791
v -78.52895355 60.52774048 19.37977791
v -78.40909576 60.88676071 19.37977791
v -78.26073456 61.23497391 19.37977791
v -78.08483887 61.57011795 19.37977791
v -77.88253784 61.89002228 19.37977791
v -77.65515900 62.19261169 19.37977791
v -77.40416718 62.47592163 19.37977791
v -77.13119507 62.73811722 19.37977791
v -76.83800507 62.97750092 19.37977791
v -76.52650452 63.19251251 19.37977791
v -76.19871521 63.38175964 19.37977791
v -75.85675812 63.54402161 19.37977791
v -75.50285339 63.67823792 19.37977791
v -75.13929749 63.78354645 19.37977791
v -74.76844788 63.85925293 19.37977791
v -74.39270782 63.90487671 19.37977791
v -73.73888397 63.83535767 19.39500046
v -74.10643768 63.84266663 19.39500046
v -74.47341156 63.82075119 19.39500046
v -74.83748627 63.76974869 19.39500046
v -75.19635010 63.68998337 19.39500046
v -75.54774475 63.58195496 19.39500046
v -75.88945007 63.44635010 19.39500046
v -76.21929169 63.28402710 19.39500046
v -76.53520203 63.09601212 19.39500046
v -76.83517456 62.88348770 19.39500046
v -77.11731720 62.64780807 19.39500046
v -77.37983704 62.39045334 19.39500046
v -77.62107849 62.11305618 19.39500046
v -77.83952332 61.81736755 19.39500046
v -78.03378296 61.50526047 19.39500046
v -78.20263672 61.17870712 19.39500046
v -78.34500885 60.83976746 19.39500046
v -78.45999908 60.49058914 19.39500046
v -78.54688263 60.13337708 19.39500046
v -78.60511780 59.77039337 19.39500046
v -78.63425446 59.40569687 19.39500046
v -78.63425446 59.03453827 19.39500046
v -78.60511780 58.66984177 19.39500046
v -78.54688263 58.30685806 19.39500046
v -78.45999908 57.94964600 19.39500046
v -78.34500885 57.60046768 19.39500046
v -78.20263672 57.26153183 19.39500046
v -78.03378296 56.93497467 19.39500046
v -77.83952332 56.62286758 19.39500046
v -77.62107849 56.32717896 19.39500046
v -77.37983704 56.04978180 19.39500046
v -77.11731720 55.79243088 19.39500046
v -76.83517456 55.55674744 19.39500046
v -76.53520203 55.34422684 19.39500046
v -76.21929169 55.15620804 19.39500046
v -75.88945007 54.99388504 19.39500046
v -75.54774475 54.85828018 19.39500046
v -75.19635010 54.75025558 19.39500046
v -74.83748627 54.67048645 19.39500046
v -74.47341156 54.61948395 19.39500046
v -74.10643768 54.59756851 19.39500046
v -73.73888397 54.60487747 19.39500046
v -73.37307739 54.64136505 19.39500046
v -73.01132202 54.70680237 19.39500046
v -72.65590668 54.80077362 19.39500046
v -72.30908966 54.92268753 19.39500046
v -71.97304535 55.07176590 19.39500046
v -71.64990997 55.24707413 19.39500046
v -71.34172821 55.44750214 19.39500046
v -71.05044556 55.67178345 19.39500046
v -70.77790070 55.91849518 19.39500046
v -70.52581024 56.18608093 19.39500046
v -70.29578400 56.47285080 19.39500046
v -70.08927155 56.77698898 19.39500046
v -69.90756989 57.09657288 19.39500046
v -69.75183868 57.42958450 19.39500046
v -69.62305450 57.77391434 19.39500046
v -69.52204132 58.12738800 19.39500046
v -69.44942474 58.48777008 19.39500046
v -69.40567017 58.85278320 19.39500046
v -69.39105225 59.22011948 19.39500046
v -69.40567017 59.58745193 19.39500046
v -69.44942474 59.95246506 19.39500046
v -69.52204132 60.31284714 19.39500046
v -69.62305450 60.66632080 19.39500046
v -69.75183868 61.01065063 19.39500046
v -69.90756989 61.34366226 19.39500046
v -70.08927155 61.66324615 19.39500046
v -70.29578400 61.96738434 19.39500046
v -70.52581024 62.25415421 19.39500046
v -70.77790070 62.52173996 19.39500046
v -71.05044556 62.76845169 19.39500046
v -71.34172821 62.99273300 19.39500046
v -71.64990997 63.19316101 19.39500046
v -71.97304535 63.36846924 19.39500046
v -72.30908966 63.51755142 19.39500046
v -72.65590668 63.63946152 19.39500046
v -73.01132202 63.73343277 19.39500046
v -73.37307739 63.79887009 19.39500046
v -73.73888397 63.83535767 19.39500046
v -74.10643768 63.84266663 19.39500046
v -74.47341156 63.82075119 19.39500046
v -74.83748627 63.76974869 19.39500046
v -75.19635010 63.68998337 19.39500046
v -75.54774475 63.58195496 19.39500046
v -75.88945007 63.44635010 19.39500046
v -76.21929169 63.28402710 19.39500046
v -76.53520203 63.09601212 19.39500046
v -76.83517456 62.88348770 19.39500046
v -77.11731720 62.64780807 19.39500046
v -77.37983704 62.39045334 19.39500046
v -77.62107849 62.11305618 19.39500046
v -77.83952332 61.81736755 19.39500046
v -78.03378296 61.50526047 19.39500046
v -78.20263672 61.17870712 19.39500046
v -78.34500885 60.83976746 19.39500046
v -78.45999908 60.49058914 19.39500046
v -78.54688263 60.13337708 19.39500046
v -78.60511780 59.77039337 19.39500046
v -78.63425446 59.40569687 19.39500046
v -78.63425446 59.03453827 19.39500046
v -78.60511780 58.66984177 19.39500046
v -78.54069519 58.67756271 19.43835640
v -78.54688263 58.30685806 19.39500046
v -78.48327637 58.31967545 19.43835640
v -78.45999908 57.94964600 19.39500046
v -78.39761353 57.96747589 19.43835640
v -78.34500885 57.60046768 19.39500046
v -78.28423309 57.62319946 19.43835640
v -78.20263672 57.26153183 19.39500046
v -78.14385986 57.28901672 19.43835640
v -78.03378296 56.93497467 19.39500046
v -77.97737885 56.96704483 19.43835640
v -77.83952332 56.62286758 19.39500046
v -77.78584290 56.65931702 19.43835640
v -77.62107849 56.32717896 19.39500046
v -77.57046509 56.36777878 19.43835640
v -77.37983704 56.04978180 19.39500046
v -77.33261108 56.09427261 19.43835640
v -77.11731720 55.79243088 19.39500046
v -77.07376862 55.84053421 19.43835640
v -76.83517456 55.55674744 19.39500046
v -76.79559326 55.60815811 19.43835640
v -76.53520203 55.34422684 19.39500046
v -76.49983215 55.39862061 19.43835640
v -76.21929169 55.15620804 19.39500046
v -76.18835449 55.21324158 19.43835640
v -75.88945007 54.99388504 19.39500046
v -75.86313629 55.05319595 19.43835640
v -75.54774475 54.85828018 19.39500046
v -75.52622986 54.91949463 19.43835640
v -75.19635010 54.75025558 19.39500046
v -75.17976379 54.81298447 19.43835640
v -74.83748627 54.67048645 19.39500046
v -74.82593536 54.73433685 19.43835640
v -74.47341156 54.61948395 19.39500046
v -74.46697235 54.68404770 19.43835640
v -74.10643768 54.59756851 19.39500046
v -74.10514832 54.66244125 19.43835640
v -73.73888397 54.60487747 19.39500046
v -73.74275208 54.66964722 19.43835640
v -73.37307739 54.64136505 19.39500046
v -73.38208008 54.70562363 19.43835640
v -73.01132202 54.70680237 19.39500046
v -73.02539825 54.77014160 19.43835640
v -72.65590668 54.80077362 19.39500046
v -72.67497253 54.86279297 19.43835640
v -72.30908966 54.92268753 19.39500046
v -72.33302307 54.98299408 19.43835640
v -71.97304535 55.07176590 19.39500046
v -72.00169373 55.12998581 19.43835640
v -71.64990997 55.24707413 19.39500046
v -71.68309784 55.30283356 19.43835640
v -71.34172821 55.44750214 19.39500046
v -71.37923431 55.50044632 19.43835640
v -71.05044556 55.67178345 19.39500046
v -71.09204102 55.72158051 19.43835640
v -70.77790070 55.91849518 19.39500046
v -70.82331848 55.96482849 19.43835640
v -70.52581024 56.18608093 19.39500046
v -70.57477570 56.22866058 19.43835640
v -70.29578400 56.47285080 19.39500046
v -70.34797668 56.51140594 19.43835640
v -70.08927155 56.77698898 19.39500046
v -70.14435577 56.81127548 19.43835640
v -69.90756989 57.09657288 19.39500046
v -69.96520996 57.12637711 19.43835640
v -69.75183868 57.42958450 19.39500046
v -69.81166077 57.45471191 19.43835640
v -69.62305450 57.77391434 19.39500046
v -69.68468475 57.79420853 19.43835640
v -69.52204132 58.12738800 19.39500046
v -69.58508301 58.14272308 19.43835640
v -69.44942474 58.48777008 19.39500046
v -69.51348877 58.49804688 19.43835640
v -69.40567017 58.85278320 19.39500046
v -69.47034454 58.85793686 19.43835640
v -69.39105225 59.22011948 19.39500046
v -69.45594025 59.22011948 19.43835640
v -69.40567017 59.58745193 19.39500046
v -69.47034454 59.58229828 19.43835640
v -69.44942474 59.95246506 19.39500046
v -69.51348877 59.94218826 19.43835640
v -69.52204132 60.31284714 19.39500046
v -69.58508301 60.29751205 19.43835640
v -69.62305450 60.66632080 19.39500046
v -69.68468475 60.64602661 19.43835640
v -69.75183868 61.01065063 19.39500046
v -69.81166077 60.98552322 19.43835640
v -69.90756989 61.34366226 19.39500046
v -69.96520996 61.31386185 19.43835640
v -70.08927155 61.66324615 19.39500046
v -70.14435577 61.62895966 19.43835640
v -70.29578400 61.96738434 19.39500046
v -70.34797668 61.92882919 19.43835640
v -70.52581024 62.25415421 19.39500046
v -70.57477570 62.21157455 19.43835640
v -70.77790070 62.52173996 19.39500046
v -70.82331848 62.47540665 19.43835640
v -71.05044556 62.76845169 19.39500046
v -71.09204102 62.71865845 19.43835640
v -71.34172821 62.99273300 19.39500046
v -71.37923431 62.93978882 19.43835640
v -71.64990997 63.19316101 19.39500046
v -71.68309784 63.13740540 19.43835640
v -71.97304535 63.36846924 19.39500046
v -72.00169373 63.31025314 19.43835640
v -72.30908966 63.51755142 19.39500046
v -72.33302307 63.45724106 19.43835640
v -72.65590668 63.63946152 19.39500046
v -72.67497253 63.57744217 19.43835640
v -73.01132202 63.73343277 19.39500046
v -73.02539825 63.67009354 19.43835640
v -73.37307739 63.79887009 19.39500046
v -73.38208008 63.73461151 19.43835640
v -73.74275208 63.77058792 19.43835640
v -74.10514832 63.77779388 19.43835640
v -74.46697235 63.75618744 19.43835640
v -74.82593536 63.70589828 19.43835640
v -75.17976379 63.62725449 19.43835640
v -75.52622986 63.52074051 19.43835640
v -75.86313629 63.38703918 19.43835640
v -76.18835449 63.22699738 19.43835640
v -76.49983215 63.04161835 19.43835640
v -76.79559326 62.83207703 19.43835640
v -77.07376862 62.59970474 19.43835640
v -77.33261108 62.34596252 19.43835640
v -77.57046509 62.07245636 19.43835640
v -77.78584290 61.78091812 19.43835640
v -77.97737885 61.47319031 19.43835640
v -78.14385986 61.15121841 19.43835640
v -78.28423309 60.81703949 19.43835640
v -78.39761353 60.47275925 19.43835640
v -78.48327637 60.12056351 19.43835640
v -78.54069519 59.76267242 19.43835640
v -78.56944275 59.40251160 19.43835640
v -78.56944275 59.03772354 19.43835640
v -78.54069519 58.67756271 19.43835640
v -78.48327637 58.31967545 19.43835640
v -78.39761353 57.96747589 19.43835640
v -78.28423309 57.62319946 19.43835640
v -78.14385986 57.28901672 19.43835640
v -77.97737885 56.96704483 19.43835640
v -77.78584290 56.65931702 19.43835640
v -77.57046509 56.36777878 19.43835640
v -77.33261108 56.09427261 19.43835640
v -77.07376862 55.84053421 19.43835640
v -76.79559326 55.60815811 19.43835640
v -76.49983215 55.39862061 19.43835640
v -76.18835449 55.21324158 19.43835640
v -75.86313629 55.05319595 19.43835640
v -75.52622986 54.91949463 19.43835640
v -75.17976379 54.81298447 19.43835640
v -74.82593536 54.73433685 19.43835640
v -74.46697235 54.68404770 19.43835640
v -74.10514832 54.66244125 19.43835640
v -73.74275208 54.66964722 19.43835640
v -73.38208008 54.70562363 19.43835640
v -73.02539825 54.77014160 19.43835640
v -72.67497253 54.86279297 19.43835640
v -72.33302307 54.98299408 19.43835640
v -72.00169373 55.12998581 19.43835640
v -71.68309784 55.30283356 19.43835640
v -71.37923431 55.50044632 19.43835640
v -71.09204102 55.72158051 19.43835640
v -70.82331848 55.96482849 19.43835640
v -70.57477570 56.22866058 19.43835640
v -70.34797668 56.51140594 19.43835640
v -70.14435577 56.81127548 19.43835640
v -69.96520996 57.12637711 19.43835640
v -69.81166077 57.45471191 19.43835640
v -69.68468475 57.79420853 19.43835640
v -69.58508301 58.14272308 19.43835640
v -69.51348877 58.49804688 19.43835640
v -69.47034454 58.85793686 19.43835640
v -69.45594025 59.22011948 19.43835640
v -69.47034454 59.58229828 19.43835640
v -69.51348877 59.94218826 19.43835640
v -69.58508301 60.29751205 19.43835640
v -69.68468475 60.64602661 19.43835640
v -69.81166077 60.98552322 19.43835640
v -69.96520996 61.31386185 19.43835640
v -70.14435577 61.62895966 19.43835640
v -70.34797668 61.92882919 19.43835640
v -70.57477570 62.21157455 19.43835640
v -70.82331848 62.47540665 19.43835640
v -71.09204102 62.71865845 19.43835640
v -71.37923431 62.93978882 19.43835640
v -71.68309784 63.13740540 19.43835640
v -72.00169373 63.31025314 19.43835640
v -72.33302307 63.45724106 19.43835640
v -72.67497253 63.57744217 19.43835640
v -73.02539825 63.67009354 19.43835640
v -73.38208008 63.73461151 19.43835640
v -73.74275208 63.77058792 19.43835640
v -74.10514832 63.77779388 19.43835640
v -74.46697235 63.75618744 19.43835640
v -74.82593536 63.70589828 19.43835640
v -75.17976379 63.62725449 19.43835640
v -75.52622986 63.52074051 19.43835640
v -75.86313629 63.38703918 19.43835640
v -76.18835449 63.22699738 19.43835640
v -76.49983215 63.04161835 19.43835640
v -76.79559326 62.83207703 19.43835640
v -77.07376862 62.59970474 19.43835640
v -77.33261108 62.34596252 19.43835640
v -77.57046509 62.07245636 19.43835640
v -77.78584290 61.78091812 19.43835640
v -77.97737885 61.47319031 19.43835640
v -78.14385986 61.15121841 19.43835640
v -78.28423309 60.81703949 19.43835640
v -78.39761353 60.47275925 19.43835640
v -78.48327637 60.12056351 19.43835640
v -78.54069519 59.76267242 19.43835640
v -78.56944275 59.40251160 19.43835640
v -78.56944275 59.03772354 19.43835640
v -78.49764252 58.68272400 19.50324059
v -78.44078064 58.32823944 19.50324059
v -78.35592651 57.97938919 19.50324059
v -78.24362946 57.63838577 19.50324059
v -78.10459137 57.30738449 19.50324059
v -77.93968964 56.98847198 19.50324059
v -77.74997711 56.68367004 19.50324059
v -77.53665161 56.39490509 19.50324059
v -77.30104828 56.12400436 19.50324059
v -77.04467773 55.87267303 19.50324059
v -76.76914215 55.64250946 19.50324059
v -76.47618866 55.43496323 19.50324059
v -76.16767883 55.25134659 19.50324059
v -75.84555054 55.09282303 19.50324059
v -75.51184845 54.96039581 19.50324059
v -75.16868591 54.85489655 19.50324059
v -74.81821442 54.77699661 19.50324059
v -74.46266937 54.72718811 19.50324059
v -74.10428619 54.70578766 19.50324059
v -73.74533844 54.71292496 19.50324059
v -73.38809204 54.74855804 19.50324059
v -73.03480530 54.81246185 19.50324059
v -72.68771362 54.90423584 19.50324059
v -72.34901428 55.02329254 19.50324059
v -72.02083588 55.16888428 19.50324059
v -71.70526886 55.34008789 19.50324059
v -71.40430450 55.53582382 19.50324059
v -71.11983490 55.75485229 19.50324059
v -70.85366821 55.99578857 19.50324059
v -70.60749054 56.25711060 19.50324059
v -70.38284302 56.53716660 19.50324059
v -70.18116760 56.83418655 19.50324059
v -70.00372314 57.14628601 19.50324059
v -69.85163116 57.47150040 19.50324059
v -69.72586823 57.80776978 19.50324059
v -69.62721252 58.15296936 19.50324059
v -69.55629730 58.50491714 19.50324059
v -69.51356506 58.86138153 19.50324059
v -69.49929047 59.22011948 19.50324059
v -69.51356506 59.57885361 19.50324059
v -69.55629730 59.93532181 19.50324059
v -69.62721252 60.28726578 19.50324059
v -69.72586823 60.63246536 19.50324059
v -69.85163116 60.96873474 19.50324059
v -70.00372314 61.29394913 19.50324059
v -70.18116760 61.60605240 19.50324059
v -70.38284302 61.90306854 19.50324059
v -70.60749054 62.18312454 19.50324059
v -70.85366821 62.44444656 19.50324059
v -71.11983490 62.68538284 19.50324059
v -71.40430450 62.90441132 19.50324059
v -71.70526886 63.10014725 19.50324059
v -72.02083588 63.27135086 19.50324059
v -72.34901428 63.41694260 19.50324059
v -72.68771362 63.53600311 19.50324059
v -73.03480530 63.62777328 19.50324059
v -73.38809204 63.69167709 19.50324059
v -73.74533844 63.72731018 19.50324059
v -74.10428619 63.73445129 19.50324059
v -74.46266937 63.71304703 19.50324059
v -74.81821442 63.66323853 19.50324059
v -75.16868591 63.58533859 19.50324059
v -75.51184845 63.47983932 19.50324059
v -75.84555054 63.34741211 19.50324059
v -76.16767883 63.18888855 19.50324059
v -76.47618866 63.00527191 19.50324059
v -76.76914215 62.79772568 19.50324059
v -77.04467773 62.56756210 19.50324059
v -77.30104828 62.31623459 19.50324059
v -77.53665161 62.04533005 19.50324059
v -77.74997711 61.75656509 19.50324059
v -77.93968964 61.45176315 19.50324059
v -78.10459137 61.13285446 19.50324059
v -78.24362946 60.80184937 19.50324059
v -78.35592651 60.46084595 19.50324059
v -78.44078064 60.11199951 19.50324059
v -78.49764252 59.75751114 19.50324059
v -78.52614594 59.40020370 19.50324059
v -78.52614594 59.04003525 19.50324059
v -78.49764252 58.68272400 19.50324059
v -78.44078064 58.32823944 19.50324059
v -78.35592651 57.97938919 19.50324059
v -78.24362946 57.63838577 19.50324059
v -78.10459137 57.30738449 19.50324059
v -77.93968964 56.98847198 19.50324059
v -77.74997711 56.68367004 19.50324059
v -77.53665161 56.39490509 19.50324059
v -77.30104828 56.12400436 19.50324059
v -77.04467773 55.87267303 19.50324059
v -76.76914215 55.64250946 19.50324059
v -76.47618866 55.43496323 19.50324059
v -76.16767883 55.25134659 19.50324059
v -75.84555054 55.09282303 19.50324059
v -75.51184845 54.96039581 19.50324059
v -75.16868591 54.85489655 19.50324059
v -74.81821442 54.77699661 19.50324059
v -74.46266937 54.72718811 19.50324059
v -74.10428619 54.70578766 19.50324059
v -73.74533844 54.71292496 19.50324059
v -73.38809204 54.74855804 19.50324059
v -73.03480530 54.81246185 19.50324059
v -72.68771362 54.90423584 19.50324059
v -72.34901428 55.02329254 19.50324059
v -72.02083588 55.16888428 19.50324059
v -71.70526886 55.34008789 19.50324059
v -71.40430450 55.53582382 19.50324059
v -71.11983490 55.75485229 19.50324059
v -70.85366821 55.99578857 19.50324059
v -70.60749054 56.25711060 19.50324059
v -70.38284302 56.53716660 19.50324059
v -70.18116760 56.83418655 19.50324059
v -70.00372314 57.14628601 19.50324059
v -69.85163116 57.47150040 19.50324059
v -69.72586823 57.80776978 19.50324059
v -69.62721252 58.15296936 19.50324059
v -69.55629730 58.50491714 19.50324059
v -69.51356506 58.86138153 19.50324059
v -69.49929047 59.22011948 19.50324059
v -69.51356506 59.57885361 19.50324059
v -69.55629730 59.93532181 19.50324059
v -69.62721252 60.28726578 19.50324059
v -69.72586823 60.63246536 19.50324059
v -69.85163116 60.96873474 19.50324059
v -70.00372314 61.29394913 19.50324059
v -70.18116760 61.60605240 19.50324059
v -70.38284302 61.90306854 19.50324059
v -70.60749054 62.18312454 19.50324059
v -70.85366821 62.44444656 19.50324059
v -71.11983490 62.68538284 19.50324059
v -71.40430450 62.90441132 19.50324059
v -71.70526886 63.10014725 19.50324059
v -72.02083588 63.27135086 19.50324059
v -72.34901428 63.41694260 19.50324059
v -72.68771362 63.53600311 19.50324059
v -73.03480530 63.62777328 19.50324059
v -73.38809204 63.69167709 19.50324059
v -73.74533844 63.72731018 19.50324059
v -74.10428619 63.73445129 19.50324059
v -74.46266937 63.71304703 19.50324059
v -74.81821442 63.66323853 19.50324059
v -75.16868591 63.58533859 19.50324059
v -75.51184845 63.47983932 19.50324059
v -75.84555054 63.34741211 19.50324059
v -76.16767883 63.18888855 19.50324059
v -76.47618866 63.00527191 19.50324059
v -76.76914215 62.79772568 19.50324059
v -77.04467773 62.56756210 19.50324059
v -77.30104828 62.31623459 19.50324059
v -77.53665161 62.04533005 19.50324059
v -77.74997711 61.75656509 19.50324059
v -77.93968964 61.45176315 19.50324059
v -78.10459137 61.13285446 19.50324059
v -78.24362946 60.80184937 19.50324059
v -78.35592651 60.46084595 19.50324059
v -78.44078064 60.11199951 19.50324059
v -78.49764252 59.75751114 19.50324059
v -78.52614594 59.40020370 19.50324059
v -78.52614594 59.04003525 19.50324059
v -78.49914551 58.84851074 19.57977676
v -78.45314026 58.47944260 19.57977676
v -74.38612366 63.70475006 19.57977676
v -74.01451874 63.72011948 19.57977676
v -73.64290619 63.70475006 19.57977676
v -73.27384186 63.65874481 19.57977676
v -72.90982819 63.58242035 19.57977676
v -72.55336761 63.47629547 19.57977676
v -72.20688629 63.34109879 19.57977676
v -71.87274933 63.17774963 19.57977676
v -71.55324554 62.98736572 19.57977676
v -71.25055695 62.77125168 19.57977676
v -70.96675110 62.53087616 19.57977676
v -70.70375824 62.26788330 19.57977676
v -70.46338654 61.98407364 19.57977676
v -70.24726868 61.68138504 19.57977676
v -70.05688477 61.36188126 19.57977676
v -69.89353943 61.02774811 19.57977676
v -69.75833893 60.68126678 19.57977676
v -69.65221405 60.32480240 19.57977676
v -69.57588959 59.96079254 19.57977676
v -69.52988434 59.59172440 19.57977676
v -69.51451874 59.22011948 19.57977676
v -74.75518799 63.65874481 19.57977676
v -75.11920166 63.58242035 19.57977676
v -75.47566223 63.47629547 19.57977676
v -75.82214355 63.34109879 19.57977676
v -76.15628052 63.17774963 19.57977676
v -76.47578430 62.98736572 19.57977676
v -76.77847290 62.77125168 19.57977676
v -77.06228638 62.53087616 19.57977676
v -77.32527161 62.26788330 19.57977676
v -77.56565094 61.98407364 19.57977676
v -77.78176117 61.68138504 19.57977676
v -77.97214508 61.36188126 19.57977676
v -78.13549805 61.02774811 19.57977676
v -78.27069092 60.68126678 19.57977676
v -78.37681580 60.32480240 19.57977676
v -78.45314026 59.96079254 19.57977676
v -78.49914551 59.59172440 19.57977676
v -78.51451874 59.22011948 19.57977676
v -78.37681580 58.11543274 19.57977676
v -78.27069092 57.75897217 19.57977676
v -78.13549805 57.41248703 19.57977676
v -77.97214508 57.07835388 19.57977676
v -77.78176117 56.75885010 19.57977676
v -77.56565094 56.45616150 19.57977676
v -77.32527161 56.17235184 19.57977676
v -77.06228638 55.90935898 19.57977676
v -76.77847290 55.66898727 19.57977676
v -76.47578430 55.45286942 19.57977676
v -76.15628052 55.26248550 19.57977676
v -75.82214355 55.09913635 19.57977676
v -75.47566223 54.96393967 19.57977676
v -75.11920166 54.85781860 19.57977676
v -74.75518799 54.78149033 19.57977676
v -74.38612366 54.73548889 19.57977676
v -74.01451874 54.72011948 19.57977676
v -73.64290619 54.73548889 19.57977676
v -73.27384186 54.78149033 19.57977676
v -72.90982819 54.85781860 19.57977676
v -72.55336761 54.96393967 19.57977676
v -72.20688629 55.09913635 19.57977676
v -71.87274933 55.26248550 19.57977676
v -71.55324554 55.45286942 19.57977676
v -71.25055695 55.66898727 19.57977676
v -70.96675110 55.90935898 19.57977676
v -70.70375824 56.17235184 19.57977676
v -70.46338654 56.45616150 19.57977676
v -70.24726868 56.75885010 19.57977676
v -70.05688477 57.07835388 19.57977676
v -69.89353943 57.41248703 19.57977676
v -69.75833893 57.75897217 19.57977676
v -69.65221405 58.11543274 19.57977676
v -69.57588959 58.47944260 19.57977676
v -69.52988434 58.84851074 19.57977676
v -73.64290619 63.70475006 24.17977715
v -74.01451874 63.72011948 24.17977715
v -74.38612366 63.70475006 24.17977715
v -74.75518799 63.65874481 24.17977715
v -75.11920166 63.58242035 24.17977715
v -75.47566223 63.47629547 24.17977715
v -75.82214355 63.34109879 24.17977715
v -76.15628052 63.17774963 24.17977715
v -76.47578430 62.98736572 24.17977715
v -76.77847290 62.77125168 24.17977715
v -77.06228638 62.53087616 24.17977715
v -77.32527161 62.26788330 24.17977715
v -77.56565094 61.98407364 24.17977715
v -77.78176117 61.68138504 24.17977715
v -77.97214508 61.36188126 24.17977715
v -78.13549805 61.02774811 24.17977715
v -78.27069092 60.68126678 24.17977715
v -78.37681580 60.32480240 24.17977715
v -78.45314026 59.96079254 24.17977715
v -78.49914551 59.59172440 24.17977715
v -78.51451874 59.22011948 24.17977715
v -78.49914551 58.84851074 24.17977715
v -78.45314026 58.47944260 24.17977715
v -78.37681580 58.11543274 24.17977715
v -78.27069092 57.75897217 24.17977715
v -78.13549805 57.41248703 24.17977715
v -77.97214508 57.07835388 24.17977715
v -77.78176117 56.75885010 24.17977715
v -77.56565094 56.45616150 24.17977715
v -77.32527161 56.17235184 24.17977715
v -77.06228638 55.90935898 24.17977715
v -76.77847290 55.66898727 24.17977715
v -76.47578430 55.45286942 24.17977715
v -76.15628052 55.26248550 24.17977715
v -75.82214355 55.09913635 24.17977715
v -75.47566223 54.96393967 24.17977715
v -75.11920166 54.85781860 24.17977715
v -74.75518799 54.78149033 24.17977715
v -74.38612366 54.73548889 24.17977715
v -74.01451874 54.72011948 24.17977715
v -73.64290619 54.73548889 24.17977715
v -73.27384186 54.78149033 24.17977715
v -72.90982819 54.85781860 24.17977715
v -72.55336761 54.96393967 24.17977715
v -72.20688629 55.09913635 24.17977715
v -71.87274933 55.26248550 24.17977715
v -71.55324554 55.45286942 24.17977715
v -71.25055695 55.66898727 24.17977715
v -70.96675110 55.90935898 24.17977715
v -70.70375824 56.17235184 24.17977715
v -70.46338654 56.45616150 24.17977715
v -70.24726868 56.75885010 24.17977715
v -70.05688477 57.07835388 24.17977715
v -69.89353943 57.41248703 24.17977715
v -69.75833893 57.75897217 24.17977715
v -69.65221405 58.11543274 24.17977715
v -69.57588959 58.47944260 24.17977715
v -69.52988434 58.84851074 24.17977715
v -69.51451874 59.22011948 24.17977715
v -69.52988434 59.59172440 24.17977715
v -69.57588959 59.96079254 24.17977715
v -69.65221405 60.32480240 24.17977715
v -69.75833893 60.68126678 24.17977715
v -69.89353943 61.02774811 24.17977715
v -70.05688477 61.36188126 24.17977715
v -70.24726868 61.68138504 24.17977715
v -70.46338654 61.98407364 24.17977715
v -70.70375824 62.26788330 24.17977715
v -70.96675110 62.53087616 24.17977715
v -71.25055695 62.77125168 24.17977715
v -71.55324554 62.98736572 24.17977715
v -71.87274933 63.17774963 24.17977715
v -72.20688629 63.34109879 24.17977715
v -72.55336761 63.47629547 24.17977715
v -72.90982819 63.58242035 24.17977715
v -73.27384186 63.65874481 24.17977715
v -73.74533844 63.72731018 24.25631332
v -74.10428619 63.73445129 24.25631332
v -74.46266937 63.71304703 24.25631332
v -74.81821442 63.66323853 24.25631332
v -75.16868591 63.58533859 24.25631332
v -75.51184845 63.47983932 24.25631332
v -75.84555054 63.34741211 24.25631332
v -76.16767883 63.18888855 24.25631332
v -76.47618866 63.00527191 24.25631332
v -73.38809204 63.69167709 24.25631332
v -73.03480530 63.62777328 24.25631332
v -72.68771362 63.53600311 24.25631332
v -72.34901428 63.41694260 24.25631332
v -72.02083588 63.27135086 24.25631332
v -71.70526886 63.10014725 24.25631332
v -71.40430450 62.90441132 24.25631332
v -71.11983490 62.68538284 24.25631332
v -70.85366821 62.44444656 24.25631332
v -70.60749054 62.18312454 24.25631332
v -70.38284302 61.90306854 24.25631332
v -70.18116760 61.60605240 24.25631332
v -70.00372314 61.29394913 24.25631332
v -69.85163116 60.96873474 24.25631332
v -69.72586823 60.63246536 24.25631332
v -69.62721252 60.28726578 24.25631332
v -69.55629730 59.93532181 24.25631332
v -69.51356506 59.57885361 24.25631332
v -69.49929047 59.22011948 24.25631332
v -69.51356506 58.86138153 24.25631332
v -69.55629730 58.50491714 24.25631332
v -69.62721252 58.15296936 24.25631332
v -69.72586823 57.80776978 24.25631332
v -69.85163116 57.47150040 24.25631332
v -70.00372314 57.14628601 24.25631332
v -70.18116760 56.83418655 24.25631332
v -70.38284302 56.53716660 24.25631332
v -70.60749054 56.25711060 24.25631332
v -70.85366821 55.99578857 24.25631332
v -71.11983490 55.75485229 24.25631332
v -71.40430450 55.53582382 24.25631332
v -71.70526886 55.34008789 24.25631332
v -72.02083588 55.16888428 24.25631332
v -72.34901428 55.02329254 24.25631332
v -72.68771362 54.90423584 24.25631332
v -73.03480530 54.81246185 24.25631332
v -73.38809204 54.74855804 24.25631332
v -73.74533844 54.71292496 24.25631332
v -74.10428619 54.70578766 24.25631332
v -74.46266937 54.72718811 24.25631332
v -74.81821442 54.77699661 24.25631332
v -75.16868591 54.85489655 24.25631332
v -75.51184845 54.96039581 24.25631332
v -75.84555054 55.09282303 24.25631332
v -76.16767883 55.25134659 24.25631332
v -76.47618866 55.43496323 24.25631332
v -76.76914215 55.64250946 24.25631332
v -77.04467773 55.87267303 24.25631332
v -77.30104828 56.12400436 24.25631332
v -77.53665161 56.39490509 24.25631332
v -77.74997711 56.68367004 24.25631332
v -77.93968964 56.98847198 24.25631332
v -78.10459137 57.30738449 24.25631332
v -78.24362946 57.63838577 24.25631332
v -78.35592651 57.97938919 24.25631332
v -78.44078064 58.32823944 24.25631332
v -78.49764252 58.68272400 24.25631332
v -78.52614594 59.04003525 24.25631332
v -78.52614594 59.40020370 24.25631332
v -78.49764252 59.75751114 24.25631332
v -78.44078064 60.11199951 24.25631332
v -78.35592651 60.46084595 24.25631332
v -78.24362946 60.80184937 24.25631332
v -78.10459137 61.13285446 24.25631332
v -77.93968964 61.45176315 24.25631332
v -77.74997711 61.75656509 24.25631332
v -77.53665161 62.04533005 24.25631332
v -77.30104828 62.31623459 24.25631332
v -77.04467773 62.56756210 24.25631332
v -76.76914215 62.79772568 24.25631332
v -73.74533844 63.72731018 24.25631332
v -74.10428619 63.73445129 24.25631332
v -74.46266937 63.71304703 24.25631332
v -74.81821442 63.66323853 24.25631332
v -75.16868591 63.58533859 24.25631332
v -75.51184845 63.47983932 24.25631332
v -75.84555054 63.34741211 24.25631332
v -76.16767883 63.18888855 24.25631332
v -76.47618866 63.00527191 24.25631332
v -76.18835449 63.22699738 24.32119942
v -76.49983215 63.04161835 24.32119942
v -73.38809204 63.69167709 24.25631332
v -73.03480530 63.62777328 24.25631332
v -72.68771362 63.53600311 24.25631332
v -72.34901428 63.41694260 24.25631332
v -72.02083588 63.27135086 24.25631332
v -71.70526886 63.10014725 24.25631332
v -71.40430450 62.90441132 24.25631332
v -71.11983490 62.68538284 24.25631332
v -70.85366821 62.44444656 24.25631332
v -70.60749054 62.18312454 24.25631332
v -70.38284302 61.90306854 24.25631332
v -70.18116760 61.60605240 24.25631332
v -70.00372314 61.29394913 24.25631332
v -69.85163116 60.96873474 24.25631332
v -69.72586823 60.63246536 24.25631332
v -69.62721252 60.28726578 24.25631332
v -69.55629730 59.93532181 24.25631332
v -69.51356506 59.57885361 24.25631332
v -69.49929047 59.22011948 24.25631332
v -69.51356506 58.86138153 24.25631332
v -69.47034454 58.85793686 24.32119942
v -69.51348877 58.49804688 24.32119942
v -78.56944275 59.40251160 24.32119942
v -78.54069519 59.76267242 24.32119942
v -78.48327637 60.12056351 24.32119942
v -78.39761353 60.47275925 24.32119942
v -78.28423309 60.81703949 24.32119942
v -78.14385986 61.15121841 24.32119942
v -77.97737885 61.47319031 24.32119942
v -77.78584290 61.78091812 24.32119942
v -77.57046509 62.07245636 24.32119942
v -77.33261108 62.34596252 24.32119942
v -77.07376862 62.59970474 24.32119942
v -76.79559326 62.83207703 24.32119942
v -69.55629730 58.50491714 24.25631332
v -69.58508301 58.14272308 24.32119942
v -69.62721252 58.15296936 24.25631332
v -69.68468475 57.79420853 24.32119942
v -69.72586823 57.80776978 24.25631332
v -69.81166077 57.45471191 24.32119942
v -69.85163116 57.47150040 24.25631332
v -69.96520996 57.12637711 24.32119942
v -70.00372314 57.14628601 24.25631332
v -70.14435577 56.81127548 24.32119942
v -70.18116760 56.83418655 24.25631332
v -70.34797668 56.51140594 24.32119942
v -70.38284302 56.53716660 24.25631332
v -70.57477570 56.22866058 24.32119942
v -70.60749054 56.25711060 24.25631332
v -70.82331848 55.96482849 24.32119942
v -70.85366821 55.99578857 24.25631332
v -71.09204102 55.72158051 24.32119942
v -71.11983490 55.75485229 24.25631332
v -71.37923431 55.50044632 24.32119942
v -71.40430450 55.53582382 24.25631332
v -71.68309784 55.30283356 24.32119942
v -71.70526886 55.34008789 24.25631332
v -72.00169373 55.12998581 24.32119942
v -72.02083588 55.16888428 24.25631332
v -72.33302307 54.98299408 24.32119942
v -72.34901428 55.02329254 24.25631332
v -72.67497253 54.86279297 24.32119942
v -72.68771362 54.90423584 24.25631332
v -73.02539825 54.77014160 24.32119942
v -73.03480530 54.81246185 24.25631332
v -73.38208008 54.70562363 24.32119942
v -73.38809204 54.74855804 24.25631332
v -73.74275208 54.66964722 24.32119942
v -73.74533844 54.71292496 24.25631332
v -74.10514832 54.66244125 24.32119942
v -74.10428619 54.70578766 24.25631332
v -74.46697235 54.68404770 24.32119942
v -74.46266937 54.72718811 24.25631332
v -74.82593536 54.73433685 24.32119942
v -74.81821442 54.77699661 24.25631332
v -75.17976379 54.81298447 24.32119942
v -75.16868591 54.85489655 24.25631332
v -75.52622986 54.91949463 24.32119942
v -75.51184845 54.96039581 24.25631332
v -75.86313629 55.05319595 24.32119942
v -75.84555054 55.09282303 24.25631332
v -76.18835449 55.21324158 24.32119942
v -76.16767883 55.25134659 24.25631332
v -76.49983215 55.39862061 24.32119942
v -76.47618866 55.43496323 24.25631332
v -76.79559326 55.60815811 24.32119942
v -76.76914215 55.64250946 24.25631332
v -77.04467773 55.87267303 24.25631332
v -77.30104828 56.12400436 24.25631332
v -77.53665161 56.39490509 24.25631332
v -77.74997711 56.68367004 24.25631332
v -77.93968964 56.98847198 24.25631332
v -78.10459137 57.30738449 24.25631332
v -78.24362946 57.63838577 24.25631332
v -78.35592651 57.97938919 24.25631332
v -78.44078064 58.32823944 24.25631332
v -78.49764252 58.68272400 24.25631332
v -78.52614594 59.04003525 24.25631332
v -78.52614594 59.40020370 24.25631332
v -78.49764252 59.75751114 24.25631332
v -78.44078064 60.11199951 24.25631332
v -78.35592651 60.46084595 24.25631332
v -78.24362946 60.80184937 24.25631332
v -78.10459137 61.13285446 24.25631332
v -77.93968964 61.45176315 24.25631332
v -77.74997711 61.75656509 24.25631332
v -77.53665161 62.04533005 24.25631332
v -77.30104828 62.31623459 24.25631332
v -77.04467773 62.56756210 24.25631332
v -76.76914215 62.79772568 24.25631332
v -69.45594025 59.22011948 24.32119942
v -69.47034454 59.58229828 24.32119942
v -69.51348877 59.94218826 24.32119942
v -69.58508301 60.29751205 24.32119942
v -69.68468475 60.64602661 24.32119942
v -69.81166077 60.98552322 24.32119942
v -69.96520996 61.31386185 24.32119942
v -70.14435577 61.62895966 24.32119942
v -70.34797668 61.92882919 24.32119942
v -70.57477570 62.21157455 24.32119942
v -70.82331848 62.47540665 24.32119942
v -71.09204102 62.71865845 24.32119942
v -71.37923431 62.93978882 24.32119942
v -71.68309784 63.13740540 24.32119942
v -72.00169373 63.31025314 24.32119942
v -72.33302307 63.45724106 24.32119942
v -72.67497253 63.57744217 24.32119942
v -73.02539825 63.67009354 24.32119942
v -73.38208008 63.73461151 24.32119942
v -73.74275208 63.77058792 24.32119942
v -74.10514832 63.77779388 24.32119942
v -74.46697235 63.75618744 24.32119942
v -74.82593536 63.70589828 24.32119942
v -75.17976379 63.62725449 24.32119942
v -75.52622986 63.52074051 24.32119942
v -75.86313629 63.38703918 24.32119942
v -77.07376862 55.84053421 24.32119942
v -77.33261108 56.09427261 24.32119942
v -77.57046509 56.36777878 24.32119942
v -77.78584290 56.65931702 24.32119942
v -77.97737885 56.96704483 24.32119942
v -78.14385986 57.28901672 24.32119942
v -78.28423309 57.62319946 24.32119942
v -78.39761353 57.96747589 24.32119942
v -78.48327637 58.31967545 24.32119942
v -78.54069519 58.67756271 24.32119942
v -78.56944275 59.03772354 24.32119942
v -76.18835449 63.22699738 24.32119942
v -76.49983215 63.04161835 24.32119942
v -76.21929169 63.28402710 24.36455345
v -76.53520203 63.09601212 24.36455345
v -69.47034454 58.85793686 24.32119942
v -69.51348877 58.49804688 24.32119942
v -69.44942474 58.48777008 24.36455345
v -69.52204132 58.12738800 24.36455345
v -69.62305450 57.77391434 24.36455345
v -69.75183868 57.42958450 24.36455345
v -69.90756989 57.09657288 24.36455345
v -70.08927155 56.77698898 24.36455345
v -70.29578400 56.47285080 24.36455345
v -70.52581024 56.18608093 24.36455345
v -70.77790070 55.91849518 24.36455345
v -71.05044556 55.67178345 24.36455345
v -71.34172821 55.44750214 24.36455345
v -71.64990997 55.24707413 24.36455345
v -71.97304535 55.07176590 24.36455345
v -72.30908966 54.92268753 24.36455345
v -72.65590668 54.80077362 24.36455345
v -73.01132202 54.70680237 24.36455345
v -73.37307739 54.64136505 24.36455345
v -73.73888397 54.60487747 24.36455345
v -74.10643768 54.59756851 24.36455345
v -74.47341156 54.61948395 24.36455345
v -74.83748627 54.67048645 24.36455345
v -75.19635010 54.75025558 24.36455345
v -75.54774475 54.85828018 24.36455345
v -75.88945007 54.99388504 24.36455345
v -76.21929169 55.15620804 24.36455345
v -76.53520203 55.34422684 24.36455345
v -76.83517456 55.55674744 24.36455345
v -77.11731720 55.79243088 24.36455345
v -77.37983704 56.04978180 24.36455345
v -77.62107849 56.32717896 24.36455345
v -77.83952332 56.62286758 24.36455345
v -78.03378296 56.93497467 24.36455345
v -78.20263672 57.26153183 24.36455345
v -78.34500885 57.60046768 24.36455345
v -78.45999908 57.94964600 24.36455345
v -78.54688263 58.30685806 24.36455345
v -78.60511780 58.66984177 24.36455345
v -78.63425446 59.03453827 24.36455345
v -78.63425446 59.40569687 24.36455345
v -78.56944275 59.40251160 24.32119942
v -78.60511780 59.77039337 24.36455345
v -78.54069519 59.76267242 24.32119942
v -78.54688263 60.13337708 24.36455345
v -78.48327637 60.12056351 24.32119942
v -78.45999908 60.49058914 24.36455345
v -78.39761353 60.47275925 24.32119942
v -78.34500885 60.83976746 24.36455345
v -78.28423309 60.81703949 24.32119942
v -78.20263672 61.17870712 24.36455345
v -78.14385986 61.15121841 24.32119942
v -78.03378296 61.50526047 24.36455345
v -77.97737885 61.47319031 24.32119942
v -77.83952332 61.81736755 24.36455345
v -77.78584290 61.78091812 24.32119942
v -77.62107849 62.11305618 24.36455345
v -77.57046509 62.07245636 24.32119942
v -77.37983704 62.39045334 24.36455345
v -77.33261108 62.34596252 24.32119942
v -77.11731720 62.64780807 24.36455345
v -77.07376862 62.59970474 24.32119942
v -76.83517456 62.88348770 24.36455345
v -76.79559326 62.83207703 24.32119942
v -69.58508301 58.14272308 24.32119942
v -69.68468475 57.79420853 24.32119942
v -69.81166077 57.45471191 24.32119942
v -69.96520996 57.12637711 24.32119942
v -70.14435577 56.81127548 24.32119942
v -70.34797668 56.51140594 24.32119942
v -70.57477570 56.22866058 24.32119942
v -70.82331848 55.96482849 24.32119942
v -71.09204102 55.72158051 24.32119942
v -71.37923431 55.50044632 24.32119942
v -71.68309784 55.30283356 24.32119942
v -72.00169373 55.12998581 24.32119942
v -72.33302307 54.98299408 24.32119942
v -72.67497253 54.86279297 24.32119942
v -73.02539825 54.77014160 24.32119942
v -73.38208008 54.70562363 24.32119942
v -73.74275208 54.66964722 24.32119942
v -74.10514832 54.66244125 24.32119942
v -74.46697235 54.68404770 24.32119942
v -74.82593536 54.73433685 24.32119942
v -75.17976379 54.81298447 24.32119942
v -75.52622986 54.91949463 24.32119942
v -75.86313629 55.05319595 24.32119942
v -76.18835449 55.21324158 24.32119942
v -76.49983215 55.39862061 24.32119942
v -76.79559326 55.60815811 24.32119942
v -74.10643768 63.84266663 24.36455345
v -73.73888397 63.83535767 24.36455345
v -73.37307739 63.79887009 24.36455345
v -73.01132202 63.73343277 24.36455345
v -72.65590668 63.63946152 24.36455345
v -72.30908966 63.51755142 24.36455345
v -71.97304535 63.36846924 24.36455345
v -71.64990997 63.19316101 24.36455345
v -71.34172821 62.99273300 24.36455345
v -71.05044556 62.76845169 24.36455345
v -70.77790070 62.52173996 24.36455345
v -70.52581024 62.25415421 24.36455345
v -70.29578400 61.96738434 24.36455345
v -70.08927155 61.66324615 24.36455345
v -69.90756989 61.34366226 24.36455345
v -69.75183868 61.01065063 24.36455345
v -69.62305450 60.66632080 24.36455345
v -69.52204132 60.31284714 24.36455345
v -69.44942474 59.95246506 24.36455345
v -69.40567017 59.58745193 24.36455345
v -69.39105225 59.22011948 24.36455345
v -69.40567017 58.85278320 24.36455345
v -74.47341156 63.82075119 24.36455345
v -74.83748627 63.76974869 24.36455345
v -75.19635010 63.68998337 24.36455345
v -75.54774475 63.58195496 24.36455345
v -75.88945007 63.44635010 24.36455345
v -69.45594025 59.22011948 24.32119942
v -69.47034454 59.58229828 24.32119942
v -69.51348877 59.94218826 24.32119942
v -69.58508301 60.29751205 24.32119942
v -69.68468475 60.64602661 24.32119942
v -69.81166077 60.98552322 24.32119942
v -69.96520996 61.31386185 24.32119942
v -70.14435577 61.62895966 24.32119942
v -70.34797668 61.92882919 24.32119942
v -70.57477570 62.21157455 24.32119942
v -70.82331848 62.47540665 24.32119942
v -71.09204102 62.71865845 24.32119942
v -71.37923431 62.93978882 24.32119942
v -71.68309784 63.13740540 24.32119942
v -72.00169373 63.31025314 24.32119942
v -72.33302307 63.45724106 24.32119942
v -72.67497253 63.57744217 24.32119942
v -73.02539825 63.67009354 24.32119942
v -73.38208008 63.73461151 24.32119942
v -73.74275208 63.77058792 24.32119942
v -74.10514832 63.77779388 24.32119942
v -74.46697235 63.75618744 24.32119942
v -74.82593536 63.70589828 24.32119942
v -75.17976379 63.62725449 24.32119942
v -75.52622986 63.52074051 24.32119942
v -75.86313629 63.38703918 24.32119942
v -77.07376862 55.84053421 24.32119942
v -77.33261108 56.09427261 24.32119942
v -77.57046509 56.36777878 24.32119942
v -77.78584290 56.65931702 24.32119942
v -77.97737885 56.96704483 24.32119942
v -78.14385986 57.28901672 24.32119942
v -78.28423309 57.62319946 24.32119942
v -78.39761353 57.96747589 24.32119942
v -78.48327637 58.31967545 24.32119942
v -78.54069519 58.67756271 24.32119942
v -78.56944275 59.03772354 24.32119942
v -74.31809998 64.56150055 19.46277809
v -73.91326904 64.56916046 19.46277809
v -73.50901794 64.54618073 19.46277809
v -73.10766602 64.49269867 19.46277809
v -72.71150208 64.40901184 19.46277809
v -72.32280731 64.29560852 19.46277809
v -71.94379425 64.15312958 19.46277809
v -71.57665253 63.98239899 19.46277809
v -71.22346497 63.78438568 19.46277809
v -70.88626862 63.56023026 19.46277809
v -70.56699371 63.31121445 19.46277809
v -70.26746368 63.03876495 19.46277809
v -69.98939514 62.74444580 19.46277809
v -69.73438263 62.42993546 19.46277809
v -69.50388336 62.09704208 19.46277809
v -69.29922485 61.74766922 19.46277809
v -69.12157440 61.38381958 19.46277809
v -68.97194672 61.00757599 19.46277809
v -68.85120392 60.62109375 19.46277809
v -68.76004028 60.22658539 19.46277809
v -68.69896698 59.82631302 19.46277809
v -68.66835022 59.42256927 19.46277809
v -68.66835022 59.01766586 19.46277809
v -68.69896698 58.61392212 19.46277809
v -68.76004028 58.21364975 19.46277809
v -68.85120392 57.81914139 19.46277809
v -68.97194672 57.43265915 19.46277809
v -69.12157440 57.05641556 19.46277809
v -69.29922485 56.69256592 19.46277809
v -69.50388336 56.34319305 19.46277809
v -69.73438263 56.01029968 19.46277809
v -69.98939514 55.69578934 19.46277809
v -70.26746368 55.40147018 19.46277809
v -70.56699371 55.12902069 19.46277809
v -70.88626862 54.88000488 19.46277809
v -71.22346497 54.65584946 19.46277809
v -71.57665253 54.45783997 19.46277809
v -71.94379425 54.28710556 19.46277809
v -72.32280731 54.14462662 19.46277809
v -72.71150208 54.03121948 19.46277809
v -73.10766602 53.94753647 19.46277809
v -73.50901794 53.89405441 19.46277809
v -73.91326904 53.87107468 19.46277809
v -74.31809998 53.87873840 19.46277809
v -74.72119904 53.91699600 19.46277809
v -75.12023926 53.98563004 19.46277809
v -75.51295471 54.08424377 19.46277809
v -75.89707947 54.21228027 19.46277809
v -76.27042389 54.36899567 19.46277809
v -76.63084412 54.55350113 19.46277809
v -76.97628784 54.76473618 19.46277809
v -77.30475616 55.00149155 19.46277809
v -77.61438751 55.26240921 19.46277809
v -77.90338898 55.54599762 19.46277809
v -78.17012024 55.85063171 19.46277809
v -78.41304779 56.17456436 19.46277809
v -78.63078308 56.51594162 19.46277809
v -78.82207489 56.87281036 19.46277809
v -78.98583221 57.24312210 19.46277809
v -79.12110901 57.62475967 19.46277809
v -79.22714233 58.01553345 19.46277809
v -79.30331421 58.41320801 19.46277809
v -79.34919739 58.81550598 19.46277809
v -79.36451721 59.22011948 19.46277809
v -79.34919739 59.62473297 19.46277809
v -79.30331421 60.02702713 19.46277809
v -79.22714233 60.42470169 19.46277809
v -79.12110901 60.81547546 19.46277809
v -78.98583221 61.19711304 19.46277809
v -78.82207489 61.56742477 19.46277809
v -78.63078308 61.92429352 19.46277809
v -78.41304779 62.26567078 19.46277809
v -78.17012024 62.58960342 19.46277809
v -77.90338898 62.89423752 19.46277809
v -77.61438751 63.17782593 19.46277809
v -77.30475616 63.43874359 19.46277809
v -76.97628784 63.67549896 19.46277809
v -76.63084412 63.88673401 19.46277809
v -76.27042389 64.07123566 19.46277809
v -75.89707947 64.22795868 19.46277809
v -75.51295471 64.35598755 19.46277809
v -75.12023926 64.45460510 19.46277809
v -74.72119904 64.52323914 19.46277809
v -81.59921265 58.73809814 19.46277809
v -81.61451721 59.22011948 19.46277809
v -81.59921265 59.70214081 19.46277809
v -81.55337524 60.18222046 19.46277809
v -81.47717285 60.65842819 19.46277809
v -81.37092590 61.12884140 19.46277809
v -81.23505402 61.59157181 19.46277809
v -81.07011414 62.04475403 19.46277809
v -80.87675476 62.48656082 19.46277809
v -80.65576935 62.91521454 19.46277809
v -80.40804291 63.32898712 19.46277809
v -80.13456726 63.72621918 19.46277809
v -79.83645630 64.10530090 19.46277809
v -79.51489258 64.46472168 19.46277809
v -79.17118835 64.80301666 19.46277809
v -78.80671692 65.11882782 19.46277809
v -78.42295074 65.41089630 19.46277809
v -78.02143097 65.67803192 19.46277809
v -77.60377502 65.91916656 19.46277809
v -77.17166901 66.13332367 19.46277809
v -76.72685242 66.31964111 19.46277809
v -76.27111053 66.47737885 19.46277809
v -75.80628204 66.60588837 19.46277809
v -75.33424377 66.70465851 19.46277809
v -74.85688782 66.77329254 19.46277809
v -74.37613678 66.81150818 19.46277809
v -73.89393616 66.81916046 19.46277809
v -73.41221619 66.79621124 19.46277809
v -72.93292236 66.74275970 19.46277809
v -72.45798492 66.65901947 19.46277809
v -71.98931122 66.54531860 19.46277809
v -71.52880096 66.40212250 19.46277809
v -71.07829285 66.23001099 19.46277809
v -70.63961029 66.02967072 19.46277809
v -70.21451569 65.80191040 19.46277809
v -69.80472565 65.54764557 19.46277809
v -69.41188049 65.26790619 19.46277809
v -69.03757477 64.96381378 19.46277809
v -68.68330383 64.63659668 19.46277809
v -68.35050964 64.28755951 19.46277809
v -68.04051208 63.91812515 19.46277809
v -67.75457001 63.52977371 19.46277809
v -67.49384308 63.12406540 19.46277809
v -67.25936890 62.70264053 19.46277809
v -67.05209351 62.26718903 19.46277809
v -66.87284851 61.81946945 19.46277809
v -66.72236633 61.36128616 19.46277809
v -66.60124969 60.89447784 19.46277809
v -66.50997925 60.42092896 19.46277809
v -66.44892883 59.94254303 19.46277809
v -66.41834259 59.46125031 19.46277809
v -66.41834259 58.97898483 19.46277809
v -66.44892883 58.49769211 19.46277809
v -66.50997925 58.01930618 19.46277809
v -66.60124969 57.54575729 19.46277809
v -66.72236633 57.07894897 19.46277809
v -66.87284851 56.62076569 19.46277809
v -67.05209351 56.17304611 19.46277809
v -67.25936890 55.73759842 19.46277809
v -67.49384308 55.31616974 19.46277809
v -67.75457001 54.91046143 19.46277809
v -68.04051208 54.52210999 19.46277809
v -68.35050964 54.15267181 19.46277809
v -68.68330383 53.80364227 19.46277809
v -69.03757477 53.47642136 19.46277809
v -69.41188049 53.17232895 19.46277809
v -69.80472565 52.89258575 19.46277809
v -70.21451569 52.63832474 19.46277809
v -70.63961029 52.41056442 19.46277809
v -71.07829285 52.21022415 19.46277809
v -71.52880096 52.03811264 19.46277809
v -71.98931122 51.89491653 19.46277809
v -72.45798492 51.78121948 19.46277809
v -72.93292236 51.69747543 19.46277809
v -73.41221619 51.64402008 19.46277809
v -73.89393616 51.62107468 19.46277809
v -74.37613678 51.62872696 19.46277809
v -74.85688782 51.66694641 19.46277809
v -75.33424377 51.73558044 19.46277809
v -75.80628204 51.83435059 19.46277809
v -76.27111053 51.96286011 19.46277809
v -76.72685242 52.12059402 19.46277809
v -77.17166901 52.30691528 19.46277809
v -77.60377502 52.52107239 19.46277809
v -78.02143097 52.76220322 19.46277809
v -78.42295074 53.02934265 19.46277809
v -78.80671692 53.32140350 19.46277809
v -79.17118835 53.63722229 19.46277809
v -79.51489258 53.97551727 19.46277809
v -79.83645630 54.33493042 19.46277809
v -80.13456726 54.71401596 19.46277809
v -80.40804291 55.11124802 19.46277809
v -80.65576935 55.52502441 19.46277809
v -80.87675476 55.95367813 19.46277809
v -81.07011414 56.39548492 19.46277809
v -81.23505402 56.84866333 19.46277809
v -81.37092590 57.31139374 19.46277809
v -81.47717285 57.78180695 19.46277809
v -81.55337524 58.25801468 19.46277809
v -73.81206512 64.56628418 24.29677773
v -74.21696472 64.56628418 24.29677773
v -74.62071228 64.53566742 24.29677773
v -75.02098083 64.47459412 24.29677773
v -75.41548920 64.38343048 24.29677773
v -75.80197144 64.26268768 24.29677773
v -76.17821503 64.11306000 24.29677773
v -76.54206848 63.93540955 24.29677773
v -76.89144135 63.73075104 24.29677773
v -77.22433472 63.50025558 24.29677773
v -77.53884125 63.24524307 24.29677773
v -77.83316803 62.96717453 24.29677773
v -78.10561371 62.66764069 24.29677773
v -78.35462952 62.34836578 24.29677773
v -78.57878113 62.01116943 24.29677773
v -78.77679443 61.65798569 24.29677773
v -78.94753265 61.29083633 24.29677773
v -79.09000397 60.91183090 24.29677773
v -79.20341492 60.52313232 24.29677773
v -79.28709412 60.12696838 24.29677773
v -79.34058380 59.72561264 24.29677773
v -79.36355591 59.32136154 24.29677773
v -79.35589600 58.91653061 24.29677773
v -79.31763458 58.51343918 24.29677773
v -79.24900818 58.11439514 24.29677773
v -79.15039062 57.72168350 24.29677773
v -79.02235413 57.33755493 24.29677773
v -78.86563873 56.96421051 24.29677773
v -78.68112946 56.60378647 24.29677773
v -78.46989441 56.25835037 24.29677773
v -78.23313904 55.92987823 24.29677773
v -77.97222137 55.62025070 24.29677773
v -77.68863678 55.33124161 24.29677773
v -77.38400269 55.06451035 24.29677773
v -77.06006622 54.82158279 24.29677773
v -76.71868896 54.60384750 24.29677773
v -76.36182404 54.41255569 24.29677773
v -75.99150848 54.24880219 24.29677773
v -75.60987091 54.11352158 24.29677773
v -75.21910095 54.00749207 24.29677773
v -74.82142639 53.93132019 24.29677773
v -74.41912842 53.88544083 24.29677773
v -74.01451874 53.87011719 24.29677773
v -73.60990143 53.88544083 24.29677773
v -73.20760345 53.93132019 24.29677773
v -72.80992889 54.00749207 24.29677773
v -72.41915894 54.11352158 24.29677773
v -72.03752136 54.24880219 24.29677773
v -71.66720581 54.41255569 24.29677773
v -71.31034088 54.60384750 24.29677773
v -70.96896362 54.82158279 24.29677773
v -70.64502716 55.06451035 24.29677773
v -70.34039307 55.33124161 24.29677773
v -70.05680847 55.62025070 24.29677773
v -69.79589081 55.92987823 24.29677773
v -69.55913544 56.25835037 24.29677773
v -69.34790039 56.60378647 24.29677773
v -69.16339111 56.96421051 24.29677773
v -69.00667572 57.33755493 24.29677773
v -68.87863922 57.72168350 24.29677773
v -68.78002930 58.11439514 24.29677773
v -68.71139526 58.51343918 24.29677773
v -68.67313385 58.91653061 24.29677773
v -68.66547394 59.32136154 24.29677773
v -68.68845367 59.72561264 24.29677773
v -68.74193573 60.12696838 24.29677773
v -68.82561493 60.52313232 24.29677773
v -68.93902588 60.91183090 24.29677773
v -69.08150482 61.29083633 24.29677773
v -69.25223541 61.65798569 24.29677773
v -69.45024872 62.01116943 24.29677773
v -69.67440033 62.34836578 24.29677773
v -69.92341614 62.66764069 24.29677773
v -70.19586945 62.96717453 24.29677773
v -70.49018860 63.24524307 24.29677773
v -70.80469513 63.50025558 24.29677773
v -71.13758850 63.73075104 24.29677773
v -71.48696136 63.93540955 24.29677773
v -71.85081482 64.11306000 24.29677773
v -72.22705841 64.26268768 24.29677773
v -72.61354065 64.38343048 24.29677773
v -73.00804901 64.47459412 24.29677773
v -73.40831757 64.53566742 24.29677773
v -74.49653625 51.63541794 24.29677773
v -74.01451874 51.62011719 24.29677773
v -73.53249359 51.63541794 24.29677773
v -73.05241394 51.68126297 24.29677773
v -72.57621002 51.75746155 24.29677773
v -72.10578918 51.86370850 24.29677773
v -71.64305878 51.99957657 24.29677773
v -71.18988037 52.16452026 24.29677773
v -70.74807739 52.35787582 24.29677773
v -70.31941986 52.57886124 24.29677773
v -69.90564728 52.82659149 24.29677773
v -69.50841522 53.10006332 24.29677773
v -69.12933350 53.39818192 24.29677773
v -68.76991272 53.71973801 24.29677773
v -68.43161774 54.06344604 24.29677773
v -68.11579895 54.42791748 24.29677773
v -67.82373810 54.81168747 24.29677773
v -67.55660248 55.21320343 24.29677773
v -67.31546783 55.63085938 24.29677773
v -67.10131073 56.06296539 24.29677773
v -66.91499329 56.50778198 24.29677773
v -66.75725555 56.96352386 24.29677773
v -66.62874603 57.42834854 24.29677773
v -66.52997589 57.90039062 24.29677773
v -66.46134186 58.37774658 24.29677773
v -66.42312622 58.85849380 24.29677773
v -66.41547394 59.34069824 24.29677773
v -66.43842316 59.82241821 24.29677773
v -66.49187469 60.30171204 24.29677773
v -66.57561493 60.77664948 24.29677773
v -66.68931580 61.24531937 24.29677773
v -66.83251190 61.70583344 24.29677773
v -67.00462341 62.15634155 24.29677773
v -67.20496368 62.59502411 24.29677773
v -67.43272400 63.02011871 24.29677773
v -67.68698120 63.42990875 24.29677773
v -67.96672821 63.82275009 24.29677773
v -68.27082062 64.19705963 24.29677773
v -68.59803772 64.55133057 24.29677773
v -68.94707489 64.88412476 24.29677773
v -69.31650543 65.19412231 24.29677773
v -69.70486450 65.48005676 24.29677773
v -70.11056519 65.74079132 24.29677773
v -70.53199768 65.97526550 24.29677773
v -70.96744537 66.18254089 24.29677773
v -71.41516113 66.36177826 24.29677773
v -71.87335205 66.51226807 24.29677773
v -72.34015656 66.63338470 24.29677773
v -72.81370544 66.72465515 24.29677773
v -73.29209137 66.78570557 24.29677773
v -73.77338409 66.81629181 24.29677773
v -74.25564575 66.81629181 24.29677773
v -74.73693848 66.78570557 24.29677773
v -75.21532440 66.72465515 24.29677773
v -75.68887329 66.63338470 24.29677773
v -76.15568542 66.51226807 24.29677773
v -76.61386871 66.36177826 24.29677773
v -77.06158447 66.18254089 24.29677773
v -77.49703979 65.97526550 24.29677773
v -77.91846466 65.74079132 24.29677773
v -78.32417297 65.48005676 24.29677773
v -78.71252441 65.19412231 24.29677773
v -79.08196259 64.88412476 24.29677773
v -79.43099213 64.55133057 24.29677773
v -79.75820923 64.19705963 24.29677773
v -80.06230927 63.82275009 24.29677773
v -80.34204865 63.42990875 24.29677773
v -80.59630585 63.02011871 24.29677773
v -80.82406616 62.59502411 24.29677773
v -81.02440643 62.15634155 24.29677773
v -81.19652557 61.70583344 24.29677773
v -81.33971405 61.24531937 24.29677773
v -81.45341492 60.77664948 24.29677773
v -81.53715515 60.30171204 24.29677773
v -81.59061432 59.82241821 24.29677773
v -81.61355591 59.34069824 24.29677773
v -81.60591125 58.85849380 24.29677773
v -81.56768799 58.37774658 24.29677773
v -81.49905396 57.90039062 24.29677773
v -81.40028381 57.42834854 24.29677773
v -81.27177429 56.96352386 24.29677773
v -81.11403656 56.50778198 24.29677773
v -80.92771912 56.06296539 24.29677773
v -80.71356201 55.63085938 24.29677773
v -80.47242737 55.21320343 24.29677773
v -80.20529175 54.81168747 24.29677773
v -79.91323090 54.42791748 24.29677773
v -79.59741211 54.06344604 24.29677773
v -79.25911713 53.71973801 24.29677773
v -78.89970398 53.39818192 24.29677773
v -78.52061462 53.10006332 24.29677773
v -78.12338257 52.82659149 24.29677773
v -77.70960999 52.57886124 24.29677773
v -77.28096008 52.35787582 24.29677773
v -76.83914948 52.16452026 24.29677773
v -76.38597107 51.99957657 24.29677773
v -75.92324066 51.86370850 24.29677773
v -75.45282745 51.75746155 24.29677773
v -74.97661591 51.68126297 24.29677773
v -81.59921265 59.70214081 24.37977791
v -82.29907990 59.72612000 24.37977791
v -81.61451721 59.22011948 24.37977791
v -82.31451416 59.22011948 24.37977791
v -82.29907990 58.71411896 24.37977791
v -82.25282288 60.23023605 24.37977791
v -81.55337524 60.18222046 24.37977791
v -82.17591858 60.73059845 24.37977791
v -81.47717285 60.65842819 24.37977791
v -82.06864929 61.22534180 24.37977791
v -81.37092590 61.12884140 24.37977791
v -81.93141937 61.71262360 24.37977791
v -81.23505402 61.59157181 24.37977791
v -81.76474762 62.19063187 24.37977791
v -81.07011414 62.04475403 24.37977791
v -81.56923676 62.65759277 24.37977791
v -80.87675476 62.48656082 24.37977791
v -81.34561920 63.11176300 24.37977791
v -80.65576935 62.91521454 24.37977791
v -81.09473419 63.55146027 24.37977791
v -80.40804291 63.32898712 24.37977791
v -80.81751251 63.97504044 24.37977791
v -80.13456726 63.72621918 24.37977791
v -80.51497650 64.38093567 24.37977791
v -79.83645630 64.10530090 24.37977791
v -80.18826294 64.76763153 24.37977791
v -79.51489258 64.46472168 24.37977791
v -79.83857727 65.13368225 24.37977791
v -79.17118835 64.80301666 24.37977791
v -79.46723175 65.47774506 24.37977791
v -78.80671692 65.11882782 24.37977791
v -79.07559967 65.79852295 24.37977791
v -78.42295074 65.41089630 24.37977791
v -78.66513824 66.09483337 24.37977791
v -78.02143097 65.67803192 24.37977791
v -78.23738098 66.36556244 24.37977791
v -77.60377502 65.91916656 24.37977791
v -77.79390717 66.60971832 24.37977791
v -77.17166901 66.13332367 24.37977791
v -77.33638000 66.82637787 24.37977791
v -76.72685242 66.31964111 24.37977791
v -76.86649323 67.01474762 24.37977791
v -76.27111053 66.47737885 24.37977791
v -76.38600159 67.17411804 24.37977791
v -75.80628204 66.60588837 24.37977791
v -75.89668274 67.30389404 24.37977791
v -75.33424377 66.70465851 24.37977791
v -75.40036011 67.40360260 24.37977791
v -74.85688782 66.77329254 24.37977791
v -74.89888763 67.47286987 24.37977791
v -74.37613678 66.81150818 24.37977791
v -74.39411926 67.51143646 24.37977791
v -73.89393616 66.81916046 24.37977791
v -73.88793945 67.51914978 24.37977791
v -73.38223267 67.49600220 24.37977791
v -73.41221619 66.79621124 24.37977791
v -72.87888336 67.44206238 24.37977791
v -72.93292236 66.74275970 24.37977791
v -72.37975311 67.35753632 24.37977791
v -72.45798492 66.65901947 24.37977791
v -71.88670349 67.24273682 24.37977791
v -71.98931122 66.54531860 24.37977791
v -71.40156555 67.09809113 24.37977791
v -71.52880096 66.40212250 24.37977791
v -70.92615509 66.92414856 24.37977791
v -71.07829285 66.23001099 24.37977791
v -70.46223450 66.72153473 24.37977791
v -70.63961029 66.02967072 24.37977791
v -70.01152039 66.49102020 24.37977791
v -70.21451569 65.80191040 24.37977791
v -69.57570648 66.23345947 24.37977791
v -69.80472565 65.54764557 24.37977791
v -69.15640259 65.94980621 24.37977791
v -69.41188049 65.26790619 24.37977791
v -68.75517273 65.64112091 24.37977791
v -69.03757477 64.96381378 24.37977791
v -68.37350464 65.30854797 24.37977791
v -68.68330383 64.63659668 24.37977791
v -68.01281738 64.95332336 24.37977791
v -68.35050964 64.28755951 24.37977791
v -67.67446136 64.57677460 24.37977791
v -68.04051208 63.91812515 24.37977791
v -67.35969543 64.18029022 24.37977791
v -67.75457001 63.52977371 24.37977791
v -67.06967926 63.76536179 24.37977791
v -67.49384308 63.12406540 24.37977791
v -66.80550385 63.33352280 24.37977791
v -67.25936890 62.70264053 24.37977791
v -66.56813812 62.88638306 24.37977791
v -67.05209351 62.26718903 24.37977791
v -66.35848236 62.42560196 24.37977791
v -66.87284851 61.81946945 24.37977791
v -66.17729950 61.95289993 24.37977791
v -66.72236633 61.36128616 24.37977791
v -66.02527618 61.47002792 24.37977791
v -66.60124969 60.89447784 24.37977791
v -65.90297699 60.97878647 24.37977791
v -66.50997925 60.42092896 24.37977791
v -65.81084442 60.48100281 24.37977791
v -66.44892883 59.94254303 24.37977791
v -65.74923706 59.97853088 24.37977791
v -66.41834259 59.46125031 24.37977791
v -65.71837616 59.47323608 24.37977791
v -66.41834259 58.97898483 24.37977791
v -65.71837616 58.96699905 24.37977791
v -65.74923706 58.46170425 24.37977791
v -66.44892883 58.49769211 24.37977791
v -65.81084442 57.95923233 24.37977791
v -66.50997925 58.01930618 24.37977791
v -65.90297699 57.46144867 24.37977791
v -66.60124969 57.54575729 24.37977791
v -66.02527618 56.97020721 24.37977791
v -66.72236633 57.07894897 24.37977791
v -66.17729950 56.48733902 24.37977791
v -66.87284851 56.62076569 24.37977791
v -66.35848236 56.01463318 24.37977791
v -67.05209351 56.17304611 24.37977791
v -66.56813812 55.55385208 24.37977791
v -67.25936890 55.73759842 24.37977791
v -66.80550385 55.10671234 24.37977791
v -67.49384308 55.31616974 24.37977791
v -67.06967926 54.67487335 24.37977791
v -67.75457001 54.91046143 24.37977791
v -67.35969543 54.25994110 24.37977791
v -68.04051208 54.52210999 24.37977791
v -67.67446136 53.86346436 24.37977791
v -68.35050964 54.15267181 24.37977791
v -68.01281738 53.48691177 24.37977791
v -68.68330383 53.80364227 24.37977791
v -68.37350464 53.13169098 24.37977791
v -69.03757477 53.47642136 24.37977791
v -68.75517273 52.79911423 24.37977791
v -69.41188049 53.17232895 24.37977791
v -69.15640259 52.49042892 24.37977791
v -69.80472565 52.89258575 24.37977791
v -69.57570648 52.20677567 24.37977791
v -70.21451569 52.63832474 24.37977791
v -70.01152039 51.94921494 24.37977791
v -70.63961029 52.41056442 24.37977791
v -70.46223450 51.71870041 24.37977791
v -71.07829285 52.21022415 24.37977791
v -70.92615509 51.51609039 24.37977791
v -71.52880096 52.03811264 24.37977791
v -71.40156555 51.34214020 24.37977791
v -71.98931122 51.89491653 24.37977791
v -71.88670349 51.19749832 24.37977791
v -72.45798492 51.78121948 24.37977791
v -72.37975311 51.08270264 24.37977791
v -72.93292236 51.69747543 24.37977791
v -72.87888336 50.99817657 24.37977791
v -73.41221619 51.64402008 24.37977791
v -73.38223267 50.94423676 24.37977791
v -73.89393616 51.62107468 24.37977791
v -73.88793945 50.92108154 24.37977791
v -74.39411926 50.92880249 24.37977791
v -74.37613678 51.62872696 24.37977791
v -74.89888763 50.96736908 24.37977791
v -74.85688782 51.66694641 24.37977791
v -75.40036011 51.03663254 24.37977791
v -75.33424377 51.73558044 24.37977791
v -75.89668274 51.13634109 24.37977791
v -75.80628204 51.83435059 24.37977791
v -76.38600159 51.26612091 24.37977791
v -76.27111053 51.96286011 24.37977791
v -76.86649323 51.42549133 24.37977791
v -76.72685242 52.12059402 24.37977791
v -77.33638000 51.61385727 24.37977791
v -77.17166901 52.30691528 24.37977791
v -77.79390717 51.83052063 24.37977791
v -77.60377502 52.52107239 24.37977791
v -78.23738098 52.07467270 24.37977791
v -78.02143097 52.76220322 24.37977791
v -78.66513824 52.34540558 24.37977791
v -78.42295074 53.02934265 24.37977791
v -79.07559967 52.64171219 24.37977791
v -78.80671692 53.32140350 24.37977791
v -79.46723175 52.96249008 24.37977791
v -79.17118835 53.63722229 24.37977791
v -79.83857727 53.30654907 24.37977791
v -79.51489258 53.97551727 24.37977791
v -80.18826294 53.67260742 24.37977791
v -79.83645630 54.33493042 24.37977791
v -80.51497650 54.05930328 24.37977791
v -80.13456726 54.71401596 24.37977791
v -80.81751251 54.46519470 24.37977791
v -80.40804291 55.11124802 24.37977791
v -81.09473419 54.88877869 24.37977791
v -80.65576935 55.52502441 24.37977791
v -81.34561920 55.32847214 24.37977791
v -80.87675476 55.95367813 24.37977791
v -81.56923676 55.78264236 24.37977791
v -81.07011414 56.39548492 24.37977791
v -81.76474762 56.24960327 24.37977791
v -81.23505402 56.84866333 24.37977791
v -81.93141937 56.72761536 24.37977791
v -81.37092590 57.31139374 24.37977791
v -82.06864929 57.21489716 24.37977791
v -81.47717285 57.78180695 24.37977791
v -82.17591858 57.70963669 24.37977791
v -81.55337524 58.25801468 24.37977791
v -82.25282288 58.20999908 24.37977791
v -81.59921265 58.73809814 24.37977791
v -82.37554932 59.72956085 24.36455345
v -82.39105225 59.22011948 24.36455345
v -82.37554932 58.71067810 24.36455345
v -82.32997894 60.22979736 24.36455345
v -82.25384521 60.73003006 24.36455345
v -82.14764404 61.22475433 24.36455345
v -82.01177216 61.71216202 24.36455345
v -81.84671021 62.19047928 24.36455345
v -81.65307617 62.65795517 24.36455345
v -81.43157196 63.11288834 24.36455345
v -81.18299866 63.55361557 24.36455345
v -80.90827179 63.97853470 24.36455345
v -80.60839081 64.38608551 24.36455345
v -80.28444672 64.77478790 24.36455345
v -79.93762207 65.14322662 24.36455345
v -79.56918335 65.49004364 24.36455345
v -79.18048096 65.81398773 24.36455345
v -78.77293396 66.11387634 24.36455345
v -78.34801483 66.38860321 24.36455345
v -77.90728760 66.63717651 24.36455345
v -77.45235443 66.85868073 24.36455345
v -76.98487854 67.05231476 24.36455345
v -76.50656128 67.21736908 24.36455345
v -76.01914978 67.35324860 24.36455345
v -75.52442932 67.45944977 24.36455345
v -75.02419281 67.53558350 24.36455345
v -74.52027893 67.58137512 24.36455345
v -74.01451874 67.59665680 24.36455345
v -73.50875092 67.58137512 24.36455345
v -73.00483704 67.53558350 24.36455345
v -72.50460052 67.45944977 24.36455345
v -72.00988007 67.35324860 24.36455345
v -71.52246857 67.21736908 24.36455345
v -71.04415131 67.05231476 24.36455345
v -70.57667542 66.85868073 24.36455345
v -70.12174225 66.63717651 24.36455345
v -69.68101501 66.38860321 24.36455345
v -69.25610352 66.11387634 24.36455345
v -68.84854889 65.81398773 24.36455345
v -68.45984650 65.49004364 24.36455345
v -68.09140778 65.14322662 24.36455345
v -67.74459076 64.77478790 24.36455345
v -67.42064667 64.38608551 24.36455345
v -67.12075806 63.97853470 24.36455345
v -66.84603119 63.55361557 24.36455345
v -66.59745789 63.11288834 24.36455345
v -66.37595367 62.65795517 24.36455345
v -66.18231964 62.19047928 24.36455345
v -66.01725769 61.71216202 24.36455345
v -65.88138580 61.22475433 24.36455345
v -65.77518463 60.73003006 24.36455345
v -65.69905090 60.22979736 24.36455345
v -65.65325928 59.72587967 24.36455345
v -65.63797760 59.22011948 24.36455345
v -65.65325928 58.71435547 24.36455345
v -65.69905090 58.21043777 24.36455345
v -65.77518463 57.71020508 24.36455345
v -65.88138580 57.21548080 24.36455345
v -66.01725769 56.72807312 24.36455345
v -66.18231964 56.24975586 24.36455345
v -66.37595367 55.78227997 24.36455345
v -66.59745789 55.32734680 24.36455345
v -66.84603119 54.88661957 24.36455345
v -67.12075806 54.46170425 24.36455345
v -67.42064667 54.05414963 24.36455345
v -67.74459076 53.66544724 24.36455345
v -68.09140778 53.29701233 24.36455345
v -68.45984650 52.95019150 24.36455345
v -68.84854889 52.62624741 24.36455345
v -69.25610352 52.32636261 24.36455345
v -69.68101501 52.05163574 24.36455345
v -70.12174225 51.80306244 24.36455345
v -70.57667542 51.58155441 24.36455345
v -71.04415131 51.38792038 24.36455345
v -71.52246857 51.22286224 24.36455345
v -72.00988007 51.08698654 24.36455345
v -72.50460052 50.98078918 24.36455345
v -73.00483704 50.90465546 24.36455345
v -73.50875092 50.85886383 24.36455345
v -74.01451874 50.84358215 24.36455345
v -74.52027893 50.85886383 24.36455345
v -75.02419281 50.90465546 24.36455345
v -75.52442932 50.98078918 24.36455345
v -76.01914978 51.08698654 24.36455345
v -76.50656128 51.22286224 24.36455345
v -76.98487854 51.38792038 24.36455345
v -77.45235443 51.58155441 24.36455345
v -77.90728760 51.80306244 24.36455345
v -78.34801483 52.05163574 24.36455345
v -78.77293396 52.32636261 24.36455345
v -79.18048096 52.62624741 24.36455345
v -79.56918335 52.95019150 24.36455345
v -79.93762207 53.29701233 24.36455345
v -80.28444672 53.66544724 24.36455345
v -80.60839081 54.05414963 24.36455345
v -80.90827179 54.46170425 24.36455345
v -81.18299866 54.88661957 24.36455345
v -81.43157196 55.32734680 24.36455345
v -81.65307617 55.78227997 24.36455345
v -81.84671021 56.24975586 24.36455345
v -82.01177216 56.72807312 24.36455345
v -82.14764404 57.21548080 24.36455345
v -82.25384521 57.71020508 24.36455345
v -82.32997894 58.21043777 24.36455345
v -82.37554932 59.72956085 24.36455345
v -82.39105225 59.22011948 24.36455345
v -82.37554932 58.71067810 24.36455345
v -82.44038391 58.70796585 24.32119942
v -82.39438629 58.20261765 24.32119942
v -82.31766510 57.69850922 24.32119942
v -82.21064758 57.19995499 24.32119942
v -82.07371521 56.70877075 24.32119942
v -81.90737915 56.22674942 24.32119942
v -81.71224976 55.75564957 24.32119942
v -81.48902130 55.29719543 24.32119942
v -81.23852539 54.85305023 24.32119942
v -80.96166992 54.42484283 24.32119942
v -80.65946198 54.01413345 24.32119942
v -80.33300781 53.62242126 24.32119942
v -79.98350525 53.25113297 24.32119942
v -79.61221313 52.90162277 24.32119942
v -79.22049713 52.57517242 24.32119942
v -78.80979156 52.27296448 24.32119942
v -78.38158417 51.99610901 24.32119942
v -77.93743896 51.74560928 24.32119942
v -77.47898102 51.52238846 24.32119942
v -77.00788879 51.32725143 24.32119942
v -76.52586365 51.16091537 24.32119942
v -76.03468323 51.02399063 24.32119942
v -75.53612518 50.91696930 24.32119942
v -75.03201294 50.84024429 24.32119942
v -74.52419281 50.79409790 24.32119942
v -74.01451874 50.77869797 24.32119942
v -73.50483704 50.79409790 24.32119942
v -72.99701691 50.84024429 24.32119942
v -72.49290466 50.91696930 24.32119942
v -71.99435425 51.02399063 24.32119942
v -71.50316620 51.16091537 24.32119942
v -71.02114868 51.32725143 24.32119942
v -70.55004883 51.52238846 24.32119942
v -70.09159088 51.74560928 24.32119942
v -69.64744568 51.99610901 24.32119942
v -69.21923828 52.27296448 24.32119942
v -68.80853271 52.57517242 24.32119942
v -68.41681671 52.90162277 24.32119942
v -68.04553223 53.25113297 24.32119942
v -67.69602203 53.62242126 24.32119942
v -67.36956787 54.01413345 24.32119942
v -67.06735992 54.42484283 24.32119942
v -66.79050446 54.85305023 24.32119942
v -66.54000854 55.29719543 24.32119942
v -66.31678772 55.75564957 24.32119942
v -66.12165070 56.22674942 24.32119942
v -65.95531464 56.70877075 24.32119942
v -65.81838989 57.19995499 24.32119942
v -65.71136475 57.69850922 24.32119942
v -65.63464355 58.20261765 24.32119942
v -65.58849335 58.71043777 24.32119942
v -65.57309723 59.22011948 24.32119942
v -65.58849335 59.72979736 24.32119942
v -65.63464355 60.23761749 24.32119942
v -65.71136475 60.74172592 24.32119942
v -65.81838989 61.24028397 24.32119942
v -65.95531464 61.73146820 24.32119942
v -66.12165070 62.21348572 24.32119942
v -66.31678772 62.68458557 24.32119942
v -66.54000854 63.14304352 24.32119942
v -66.79050446 63.58718491 24.32119942
v -67.06735992 64.01538849 24.32119942
v -67.36956787 64.42610168 24.32119942
v -67.69602203 64.81781769 24.32119942
v -68.04553223 65.18910217 24.32119942
v -68.41681671 65.53861237 24.32119942
v -68.80853271 65.86506653 24.32119942
v -69.21923828 66.16727448 24.32119942
v -69.64744568 66.44412994 24.32119942
v -70.09159088 66.69462585 24.32119942
v -70.55004883 66.91784668 24.32119942
v -71.02114868 67.11298370 24.32119942
v -71.50316620 67.27931976 24.32119942
v -71.99435425 67.41624451 24.32119942
v -72.49290466 67.52326965 24.32119942
v -72.99701691 67.59999084 24.32119942
v -73.50483704 67.64614105 24.32119942
v -74.01451874 67.66153717 24.32119942
v -74.52419281 67.64614105 24.32119942
v -75.03201294 67.59999084 24.32119942
v -75.53612518 67.52326965 24.32119942
v -76.03468323 67.41624451 24.32119942
v -76.52586365 67.27931976 24.32119942
v -77.00788879 67.11298370 24.32119942
v -77.47898102 66.91784668 24.32119942
v -77.93743896 66.69462585 24.32119942
v -78.38158417 66.44412994 24.32119942
v -78.80979156 66.16727448 24.32119942
v -79.22049713 65.86506653 24.32119942
v -79.61221313 65.53861237 24.32119942
v -79.98350525 65.18910217 24.32119942
v -80.33300781 64.81781769 24.32119942
v -80.65946198 64.42610168 24.32119942
v -80.96166992 64.01538849 24.32119942
v -81.23852539 63.58718491 24.32119942
v -81.48902130 63.14304352 24.32119942
v -81.71224976 62.68458557 24.32119942
v -81.90737915 62.21348572 24.32119942
v -82.07371521 61.73146820 24.32119942
v -82.21064758 61.24028397 24.32119942
v -82.31766510 60.74172592 24.32119942
v -82.39438629 60.23761749 24.32119942
v -82.44038391 59.73226929 24.32119942
v -82.45594025 59.22011948 24.32119942
v -82.32997894 60.22979736 24.36455345
v -82.25384521 60.73003006 24.36455345
v -82.14764404 61.22475433 24.36455345
v -82.01177216 61.71216202 24.36455345
v -81.84671021 62.19047928 24.36455345
v -81.65307617 62.65795517 24.36455345
v -81.43157196 63.11288834 24.36455345
v -81.18299866 63.55361557 24.36455345
v -80.90827179 63.97853470 24.36455345
v -80.60839081 64.38608551 24.36455345
v -80.28444672 64.77478790 24.36455345
v -79.93762207 65.14322662 24.36455345
v -79.56918335 65.49004364 24.36455345
v -79.18048096 65.81398773 24.36455345
v -78.77293396 66.11387634 24.36455345
v -78.34801483 66.38860321 24.36455345
v -77.90728760 66.63717651 24.36455345
v -77.45235443 66.85868073 24.36455345
v -76.98487854 67.05231476 24.36455345
v -76.50656128 67.21736908 24.36455345
v -76.01914978 67.35324860 24.36455345
v -75.52442932 67.45944977 24.36455345
v -75.02419281 67.53558350 24.36455345
v -74.52027893 67.58137512 24.36455345
v -74.01451874 67.59665680 24.36455345
v -73.50875092 67.58137512 24.36455345
v -73.00483704 67.53558350 24.36455345
v -72.50460052 67.45944977 24.36455345
v -72.00988007 67.35324860 24.36455345
v -71.52246857 67.21736908 24.36455345
v -71.04415131 67.05231476 24.36455345
v -70.57667542 66.85868073 24.36455345
v -70.12174225 66.63717651 24.36455345
v -69.68101501 66.38860321 24.36455345
v -69.25610352 66.11387634 24.36455345
v -68.84854889 65.81398773 24.36455345
v -68.45984650 65.49004364 24.36455345
v -68.09140778 65.14322662 24.36455345
v -67.74459076 64.77478790 24.36455345
v -67.42064667 64.38608551 24.36455345
v -67.12075806 63.97853470 24.36455345
v -66.84603119 63.55361557 24.36455345
v -66.59745789 63.11288834 24.36455345
v -66.37595367 62.65795517 24.36455345
v -66.18231964 62.19047928 24.36455345
v -66.01725769 61.71216202 24.36455345
v -65.88138580 61.22475433 24.36455345
v -65.77518463 60.73003006 24.36455345
v -65.69905090 60.22979736 24.36455345
v -65.65325928 59.72587967 24.36455345
v -65.63797760 59.22011948 24.36455345
v -65.65325928 58.71435547 24.36455345
v -65.69905090 58.21043777 24.36455345
v -65.77518463 57.71020508 24.36455345
v -65.88138580 57.21548080 24.36455345
v -66.01725769 56.72807312 24.36455345
v -66.18231964 56.24975586 24.36455345
v -66.37595367 55.78227997 24.36455345
v -66.59745789 55.32734680 24.36455345
v -66.84603119 54.88661957 24.36455345
v -67.12075806 54.46170425 24.36455345
v -67.42064667 54.05414963 24.36455345
v -67.74459076 53.66544724 24.36455345
v -68.09140778 53.29701233 24.36455345
v -68.45984650 52.95019150 24.36455345
v -68.84854889 52.62624741 24.36455345
v -69.25610352 52.32636261 24.36455345
v -69.68101501 52.05163574 24.36455345
v -70.12174225 51.80306244 24.36455345
v -70.57667542 51.58155441 24.36455345
v -71.04415131 51.38792038 24.36455345
v -71.52246857 51.22286224 24.36455345
v -72.00988007 51.08698654 24.36455345
v -72.50460052 50.98078918 24.36455345
v -73.00483704 50.90465546 24.36455345
v -73.50875092 50.85886383 24.36455345
v -74.01451874 50.84358215 24.36455345
v -74.52027893 50.85886383 24.36455345
v -75.02419281 50.90465546 24.36455345
v -75.52442932 50.98078918 24.36455345
v -76.01914978 51.08698654 24.36455345
v -76.50656128 51.22286224 24.36455345
v -76.98487854 51.38792038 24.36455345
v -77.45235443 51.58155441 24.36455345
v -77.90728760 51.80306244 24.36455345
v -78.34801483 52.05163574 24.36455345
v -78.77293396 52.32636261 24.36455345
v -79.18048096 52.62624741 24.36455345
v -79.56918335 52.95019150 24.36455345
v -79.93762207 53.29701233 24.36455345
v -80.28444672 53.66544724 24.36455345
v -80.60839081 54.05414963 24.36455345
v -80.90827179 54.46170425 24.36455345
v -81.18299866 54.88661957 24.36455345
v -81.43157196 55.32734680 24.36455345
v -81.65307617 55.78227997 24.36455345
v -81.84671021 56.24975586 24.36455345
v -82.01177216 56.72807312 24.36455345
v -82.14764404 57.21548080 24.36455345
v -82.25384521 57.71020508 24.36455345
v -82.32997894 58.21043777 24.36455345
v -82.44038391 58.70796585 24.32119942
v -82.39438629 58.20261765 24.32119942
v -82.43743134 58.19739151 24.25631332
v -82.31766510 57.69850922 24.32119942
v -82.36031342 57.69069290 24.25631332
v -82.21064758 57.19995499 24.32119942
v -82.25273895 57.18957901 24.25631332
v -82.07371521 56.70877075 24.32119942
v -82.11510468 56.69586945 24.25631332
v -81.90737915 56.22674942 24.32119942
v -81.94792175 56.21137619 24.25631332
v -81.71224976 55.75564957 24.32119942
v -81.75178528 55.73785782 24.25631332
v -81.48902130 55.29719543 24.32119942
v -81.52741241 55.27704620 24.25631332
v -81.23852539 54.85305023 24.32119942
v -81.27562714 54.83062363 24.25631332
v -80.96166992 54.42484283 24.32119942
v -80.99735260 54.40021515 24.25631332
v -80.65946198 54.01413345 24.32119942
v -80.69358826 53.98739624 24.25631332
v -80.33300781 53.62242126 24.32119942
v -80.36546326 53.59366989 24.25631332
v -79.98350525 53.25113297 24.32119942
v -80.01416016 53.22047424 24.25631332
v -79.61221313 52.90162277 24.32119942
v -79.64096069 52.86917114 24.25631332
v -79.22049713 52.57517242 24.32119942
v -79.24723816 52.54104233 24.25631332
v -78.80979156 52.27296448 24.32119942
v -78.83441925 52.23728561 24.25631332
v -78.38158417 51.99610901 24.32119942
v -78.40401459 51.95900726 24.25631332
v -77.93743896 51.74560928 24.32119942
v -77.95758820 51.70722198 24.25631332
v -77.47898102 51.52238846 24.32119942
v -77.49677277 51.48285294 24.25631332
v -77.00788879 51.32725143 24.32119942
v -77.02326202 51.28671646 24.25631332
v -76.52586365 51.16091537 24.32119942
v -76.53876495 51.11952591 24.25631332
v -76.03468323 51.02399063 24.32119942
v -76.04505920 50.98189545 24.25631332
v -75.53612518 50.91696930 24.32119942
v -75.54393768 50.87432480 24.25631332
v -75.03201294 50.84024429 24.32119942
v -75.03723907 50.79720688 24.25631332
v -74.52419281 50.79409790 24.32119942
v -74.52681732 50.75082397 24.25631332
v -74.01451874 50.77869797 24.32119942
v -74.01451874 50.73534393 24.25631332
v -73.50483704 50.79409790 24.32119942
v -73.50222015 50.75082397 24.25631332
v -72.99701691 50.84024429 24.32119942
v -72.99179077 50.79720688 24.25631332
v -72.49290466 50.91696930 24.32119942
v -72.48509216 50.87432480 24.25631332
v -71.99435425 51.02399063 24.32119942
v -71.98397827 50.98189545 24.25631332
v -71.50316620 51.16091537 24.32119942
v -71.49027252 51.11952591 24.25631332
v -71.02114868 51.32725143 24.32119942
v -71.00577545 51.28671646 24.25631332
v -70.55004883 51.52238846 24.32119942
v -70.53225708 51.48285294 24.25631332
v -70.09159088 51.74560928 24.32119942
v -70.07144165 51.70722198 24.25631332
v -69.64744568 51.99610901 24.32119942
v -69.62502289 51.95900726 24.25631332
v -69.21923828 52.27296448 24.32119942
v -69.19461060 52.23728561 24.25631332
v -68.80853271 52.57517242 24.32119942
v -68.78179169 52.54104233 24.25631332
v -68.41681671 52.90162277 24.32119942
v -68.38806915 52.86917114 24.25631332
v -68.04553223 53.25113297 24.32119942
v -68.01486969 53.22047424 24.25631332
v -67.69602203 53.62242126 24.32119942
v -67.66356659 53.59366989 24.25631332
v -67.36956787 54.01413345 24.32119942
v -67.33544159 53.98739624 24.25631332
v -67.06735992 54.42484283 24.32119942
v -67.03168488 54.40021515 24.25631332
v -66.79050446 54.85305023 24.32119942
v -66.75340271 54.83062363 24.25631332
v -66.54000854 55.29719543 24.32119942
v -66.50161743 55.27704620 24.25631332
v -66.31678772 55.75564957 24.32119942
v -66.27725220 55.73785782 24.25631332
v -66.12165070 56.22674942 24.32119942
v -66.08111572 56.21137619 24.25631332
v -65.95531464 56.70877075 24.32119942
v -65.91392517 56.69586945 24.25631332
v -65.81838989 57.19995499 24.32119942
v -65.77629089 57.18957901 24.25631332
v -65.71136475 57.69850922 24.32119942
v -65.66872406 57.69069290 24.25631332
v -65.63464355 58.20261765 24.32119942
v -65.59160614 58.19739151 24.25631332
v -65.58849335 58.71043777 24.32119942
v -65.54521942 58.70782089 24.25631332
v -65.57309723 59.22011948 24.32119942
v -65.52973938 59.22011948 24.25631332
v -65.58849335 59.72979736 24.32119942
v -65.54521942 59.73241425 24.25631332
v -65.63464355 60.23761749 24.32119942
v -65.59160614 60.24284363 24.25631332
v -65.71136475 60.74172592 24.32119942
v -65.66872406 60.74954224 24.25631332
v -65.81838989 61.24028397 24.32119942
v -65.77629089 61.25065613 24.25631332
v -65.95531464 61.73146820 24.32119942
v -65.91392517 61.74436569 24.25631332
v -66.12165070 62.21348572 24.32119942
v -66.08111572 62.22886276 24.25631332
v -66.31678772 62.68458557 24.32119942
v -66.27725220 62.70237732 24.25631332
v -66.54000854 63.14304352 24.32119942
v -66.50161743 63.16318893 24.25631332
v -66.79050446 63.58718491 24.32119942
v -66.75340271 63.60961533 24.25631332
v -67.06735992 64.01538849 24.32119942
v -67.03168488 64.04002380 24.25631332
v -67.36956787 64.42610168 24.32119942
v -67.33544159 64.45284271 24.25631332
v -67.69602203 64.81781769 24.32119942
v -67.66356659 64.84656525 24.25631332
v -68.04553223 65.18910217 24.32119942
v -68.01486969 65.21975708 24.25631332
v -68.41681671 65.53861237 24.32119942
v -68.38806915 65.57106781 24.25631332
v -68.80853271 65.86506653 24.32119942
v -68.78179169 65.89919281 24.25631332
v -69.21923828 66.16727448 24.32119942
v -69.19461060 66.20294952 24.25631332
v -69.64744568 66.44412994 24.32119942
v -69.62502289 66.48123169 24.25631332
v -70.09159088 66.69462585 24.32119942
v -70.07144165 66.73301697 24.25631332
v -70.55004883 66.91784668 24.32119942
v -70.53225708 66.95738220 24.25631332
v -71.02114868 67.11298370 24.32119942
v -71.00577545 67.15351868 24.25631332
v -71.50316620 67.27931976 24.32119942
v -71.49027252 67.32070923 24.25631332
v -71.99435425 67.41624451 24.32119942
v -71.98397827 67.45834351 24.25631332
v -72.49290466 67.52326965 24.32119942
v -72.48509216 67.56591034 24.25631332
v -72.99701691 67.59999084 24.32119942
v -72.99179077 67.64302826 24.25631332
v -73.50483704 67.64614105 24.32119942
v -73.50222015 67.68941498 24.25631332
v -74.01451874 67.66153717 24.32119942
v -74.01451874 67.70489502 24.25631332
v -74.52419281 67.64614105 24.32119942
v -74.52681732 67.68941498 24.25631332
v -75.03201294 67.59999084 24.32119942
v -75.03723907 67.64302826 24.25631332
v -75.53612518 67.52326965 24.32119942
v -75.54393768 67.56591034 24.25631332
v -76.03468323 67.41624451 24.32119942
v -76.04505920 67.45834351 24.25631332
v -76.52586365 67.27931976 24.32119942
v -76.53876495 67.32070923 24.25631332
v -77.00788879 67.11298370 24.32119942
v -77.02326202 67.15351868 24.25631332
v -77.47898102 66.91784668 24.32119942
v -77.49677277 66.95738220 24.25631332
v -77.93743896 66.69462585 24.32119942
v -77.95758820 66.73301697 24.25631332
v -78.38158417 66.44412994 24.32119942
v -78.40401459 66.48123169 24.25631332
v -78.80979156 66.16727448 24.32119942
v -78.83441925 66.20294952 24.25631332
v -79.22049713 65.86506653 24.32119942
v -79.24723816 65.89919281 24.25631332
v -79.61221313 65.53861237 24.32119942
v -79.64096069 65.57106781 24.25631332
v -79.98350525 65.18910217 24.32119942
v -80.01416016 65.21975708 24.25631332
v -80.33300781 64.81781769 24.32119942
v -80.36546326 64.84656525 24.25631332
v -80.65946198 64.42610168 24.32119942
v -80.69358826 64.45284271 24.25631332
v -80.96166992 64.01538849 24.32119942
v -80.99735260 64.04002380 24.25631332
v -81.23852539 63.58718491 24.32119942
v -81.27562714 63.60961533 24.25631332
v -81.48902130 63.14304352 24.32119942
v -81.52741241 63.16318893 24.25631332
v -81.71224976 62.68458557 24.32119942
v -81.75178528 62.70237732 24.25631332
v -81.90737915 62.21348572 24.32119942
v -81.94792175 62.22886276 24.25631332
v -82.07371521 61.73146820 24.32119942
v -82.11510468 61.74436569 24.25631332
v -82.21064758 61.24028397 24.32119942
v -82.25273895 61.25065613 24.25631332
v -82.31766510 60.74172592 24.32119942
v -82.36031342 60.74954224 24.25631332
v -82.39438629 60.23761749 24.32119942
v -82.43743134 60.24284363 24.25631332
v -82.44038391 59.73226929 24.32119942
v -82.48373413 59.73365784 24.25631332
v -82.45594025 59.22011948 24.32119942
v -82.49929047 59.22011948 24.25631332
v -82.48373413 58.70657730 24.25631332
v -82.43743134 58.19739151 24.25631332
v -82.36031342 57.69069290 24.25631332
v -82.25273895 57.18957901 24.25631332
v -82.11510468 56.69586945 24.25631332
v -81.94792175 56.21137619 24.25631332
v -81.75178528 55.73785782 24.25631332
v -81.52741241 55.27704620 24.25631332
v -81.27562714 54.83062363 24.25631332
v -80.99735260 54.40021515 24.25631332
v -80.69358826 53.98739624 24.25631332
v -80.36546326 53.59366989 24.25631332
v -80.01416016 53.22047424 24.25631332
v -79.64096069 52.86917114 24.25631332
v -79.24723816 52.54104233 24.25631332
v -78.83441925 52.23728561 24.25631332
v -78.40401459 51.95900726 24.25631332
v -77.95758820 51.70722198 24.25631332
v -77.49677277 51.48285294 24.25631332
v -77.02326202 51.28671646 24.25631332
v -76.53876495 51.11952591 24.25631332
v -76.04505920 50.98189545 24.25631332
v -75.54393768 50.87432480 24.25631332
v -75.03723907 50.79720688 24.25631332
v -74.52681732 50.75082397 24.25631332
v -74.01451874 50.73534393 24.25631332
v -73.50222015 50.75082397 24.25631332
v -72.99179077 50.79720688 24.25631332
v -72.48509216 50.87432480 24.25631332
v -71.98397827 50.98189545 24.25631332
v -71.49027252 51.11952591 24.25631332
v -71.00577545 51.28671646 24.25631332
v -70.53225708 51.48285294 24.25631332
v -70.07144165 51.70722198 24.25631332
v -69.62502289 51.95900726 24.25631332
v -69.19461060 52.23728561 24.25631332
v -68.78179169 52.54104233 24.25631332
v -68.38806915 52.86917114 24.25631332
v -68.01486969 53.22047424 24.25631332
v -67.66356659 53.59366989 24.25631332
v -67.33544159 53.98739624 24.25631332
v -67.03168488 54.40021515 24.25631332
v -66.75340271 54.83062363 24.25631332
v -66.50161743 55.27704620 24.25631332
v -66.27725220 55.73785782 24.25631332
v -66.08111572 56.21137619 24.25631332
v -65.91392517 56.69586945 24.25631332
v -65.77629089 57.18957901 24.25631332
v -65.66872406 57.69069290 24.25631332
v -65.59160614 58.19739151 24.25631332
v -65.54521942 58.70782089 24.25631332
v -65.52973938 59.22011948 24.25631332
v -65.54521942 59.73241425 24.25631332
v -65.59160614 60.24284363 24.25631332
v -65.66872406 60.74954224 24.25631332
v -65.77629089 61.25065613 24.25631332
v -65.91392517 61.74436569 24.25631332
v -66.08111572 62.22886276 24.25631332
v -66.27725220 62.70237732 24.25631332
v -66.50161743 63.16318893 24.25631332
v -66.75340271 63.60961533 24.25631332
v -67.03168488 64.04002380 24.25631332
v -67.33544159 64.45284271 24.25631332
v -67.66356659 64.84656525 24.25631332
v -68.01486969 65.21975708 24.25631332
v -68.38806915 65.57106781 24.25631332
v -68.78179169 65.89919281 24.25631332
v -69.19461060 66.20294952 24.25631332
v -69.62502289 66.48123169 24.25631332
v -70.07144165 66.73301697 24.25631332
v -70.53225708 66.95738220 24.25631332
v -71.00577545 67.15351868 24.25631332
v -71.49027252 67.32070923 24.25631332
v -71.98397827 67.45834351 24.25631332
v -72.48509216 67.56591034 24.25631332
v -72.99179077 67.64302826 24.25631332
v -73.50222015 67.68941498 24.25631332
v -74.01451874 67.70489502 24.25631332
v -74.52681732 67.68941498 24.25631332
v -75.03723907 67.64302826 24.25631332
v -75.54393768 67.56591034 24.25631332
v -76.04505920 67.45834351 24.25631332
v -76.53876495 67.32070923 24.25631332
v -77.02326202 67.15351868 24.25631332
v -77.49677277 66.95738220 24.25631332
v -77.95758820 66.73301697 24.25631332
v -78.40401459 66.48123169 24.25631332
v -78.83441925 66.20294952 24.25631332
v -79.24723816 65.89919281 24.25631332
v -79.64096069 65.57106781 24.25631332
v -80.01416016 65.21975708 24.25631332
v -80.36546326 64.84656525 24.25631332
v -80.69358826 64.45284271 24.25631332
v -80.99735260 64.04002380 24.25631332
v -81.27562714 63.60961533 24.25631332
v -81.52741241 63.16318893 24.25631332
v -81.75178528 62.70237732 24.25631332
v -81.94792175 62.22886276 24.25631332
v -82.11510468 61.74436569 24.25631332
v -82.25273895 61.25065613 24.25631332
v -82.36031342 60.74954224 24.25631332
v -82.43743134 60.24284363 24.25631332
v -82.48373413 59.73365784 24.25631332
v -82.49929047 59.22011948 24.25631332
v -82.48373413 58.70657730 24.25631332
v -82.49900818 58.70690155 24.17977715
v -82.45253754 58.19555664 24.17977715
v -82.49900818 59.73333359 24.17977715
v -82.51451874 59.22011948 24.17977715
v -82.37528229 57.68795013 24.17977715
v -82.26752472 57.18593597 24.17977715
v -82.12964630 56.69134140 24.17977715
v -81.96215057 56.20597839 24.17977715
v -81.76566315 55.73160934 24.17977715
v -81.54089355 55.26996994 24.17977715
v -81.28865814 54.82274628 24.17977715
v -81.00988007 54.39156723 24.17977715
v -80.70557404 53.97800827 24.17977715
v -80.37685394 53.58357620 24.17977715
v -80.02492523 53.20970917 24.17977715
v -79.65106201 52.85777664 24.17977715
v -79.25662994 52.52906036 24.17977715
v -78.84306335 52.22475433 24.17977715
v -78.41188812 51.94597626 24.17977715
v -77.96466064 51.69374084 24.17977715
v -77.50302124 51.46897125 24.17977715
v -77.02865601 51.27248001 24.17977715
v -76.54328918 51.10499191 24.17977715
v -76.04869843 50.96711349 24.17977715
v -75.54668427 50.85934830 24.17977715
v -75.03907776 50.78209305 24.17977715
v -74.52773285 50.73562622 24.17977715
v -74.01451874 50.72011948 24.17977715
v -73.50129700 50.73562622 24.17977715
v -72.98995209 50.78209305 24.17977715
v -72.48234558 50.85934830 24.17977715
v -71.98033142 50.96711349 24.17977715
v -71.48574066 51.10499191 24.17977715
v -71.00037384 51.27248001 24.17977715
v -70.52600861 51.46897125 24.17977715
v -70.06436920 51.69374084 24.17977715
v -69.61714172 51.94597626 24.17977715
v -69.18596649 52.22475433 24.17977715
v -68.77240753 52.52906036 24.17977715
v -68.37797546 52.85777664 24.17977715
v -68.00410461 53.20970917 24.17977715
v -67.65217590 53.58357620 24.17977715
v -67.32345581 53.97800827 24.17977715
v -67.01914978 54.39156723 24.17977715
v -66.74037170 54.82274628 24.17977715
v -66.48813629 55.26996994 24.17977715
v -66.26336670 55.73160934 24.17977715
v -66.06687927 56.20597839 24.17977715
v -65.89939117 56.69134140 24.17977715
v -65.76151276 57.18593597 24.17977715
v -65.65374756 57.68795013 24.17977715
v -65.57649231 58.19555664 24.17977715
v -65.53002167 58.70690155 24.17977715
v -65.51451874 59.22011948 24.17977715
v -65.53002167 59.73333359 24.17977715
v -65.57649231 60.24467850 24.17977715
v -65.65374756 60.75228500 24.17977715
v -65.76151276 61.25430298 24.17977715
v -65.89939117 61.74889374 24.17977715
v -66.06687927 62.23426056 24.17977715
v -66.26336670 62.70862579 24.17977715
v -66.48813629 63.17026520 24.17977715
v -66.74037170 63.61748886 24.17977715
v -67.01914978 64.04866791 24.17977715
v -67.32345581 64.46222687 24.17977715
v -67.65217590 64.85665894 24.17977715
v -68.00410461 65.23052216 24.17977715
v -68.37797546 65.58245850 24.17977715
v -68.77240753 65.91117859 24.17977715
v -69.18596649 66.21548462 24.17977715
v -69.61714172 66.49426270 24.17977715
v -70.06436920 66.74649811 24.17977715
v -70.52600861 66.97126770 24.17977715
v -71.00037384 67.16775513 24.17977715
v -71.48574066 67.33524323 24.17977715
v -71.98033142 67.47312164 24.17977715
v -72.48234558 67.58088684 24.17977715
v -72.98995209 67.65814209 24.17977715
v -73.50129700 67.70461273 24.17977715
v -74.01451874 67.72011566 24.17977715
v -74.52773285 67.70461273 24.17977715
v -75.03907776 67.65814209 24.17977715
v -75.54668427 67.58088684 24.17977715
v -76.04869843 67.47312164 24.17977715
v -76.54328918 67.33524323 24.17977715
v -77.02865601 67.16775513 24.17977715
v -77.50302124 66.97126770 24.17977715
v -77.96466064 66.74649811 24.17977715
v -78.41188812 66.49426270 24.17977715
v -78.84306335 66.21548462 24.17977715
v -79.25662994 65.91117859 24.17977715
v -79.65106201 65.58245850 24.17977715
v -80.02492523 65.23052216 24.17977715
v -80.37685394 64.85665894 24.17977715
v -80.70557404 64.46222687 24.17977715
v -81.00988007 64.04866791 24.17977715
v -81.28865814 63.61748886 24.17977715
v -81.54089355 63.17026520 24.17977715
v -81.76566315 62.70862579 24.17977715
v -81.96215057 62.23426056 24.17977715
v -82.12964630 61.74889374 24.17977715
v -82.26752472 61.25430298 24.17977715
v -82.37528229 60.75228500 24.17977715
v -82.45253754 60.24467850 24.17977715
v -82.49900818 59.73333359 19.57977676
v -82.51451874 59.22011948 19.57977676
v -82.49900818 58.70690155 19.57977676
v -82.45253754 58.19555664 19.57977676
v -82.37528229 57.68795013 19.57977676
v -82.26752472 57.18593597 19.57977676
v -82.12964630 56.69134140 19.57977676
v -81.96215057 56.20597839 19.57977676
v -81.76566315 55.73160934 19.57977676
v -81.54089355 55.26996994 19.57977676
v -81.28865814 54.82274628 19.57977676
v -81.00988007 54.39156723 19.57977676
v -80.70557404 53.97800827 19.57977676
v -80.37685394 53.58357620 19.57977676
v -80.02492523 53.20970917 19.57977676
v -79.65106201 52.85777664 19.57977676
v -79.25662994 52.52906036 19.57977676
v -78.84306335 52.22475433 19.57977676
v -78.41188812 51.94597626 19.57977676
v -77.96466064 51.69374084 19.57977676
v -77.50302124 51.46897125 19.57977676
v -77.02865601 51.27248001 19.57977676
v -76.54328918 51.10499191 19.57977676
v -76.04869843 50.96711349 19.57977676
v -75.54668427 50.85934830 19.57977676
v -75.03907776 50.78209305 19.57977676
v -74.52773285 50.73562622 19.57977676
v -74.01451874 50.72011948 19.57977676
v -73.50129700 50.73562622 19.57977676
v -72.98995209 50.78209305 19.57977676
v -72.48234558 50.85934830 19.57977676
v -71.98033142 50.96711349 19.57977676
v -71.48574066 51.10499191 19.57977676
v -71.00037384 51.27248001 19.57977676
v -70.52600861 51.46897125 19.57977676
v -70.06436920 51.69374084 19.57977676
v -69.61714172 51.94597626 19.57977676
v -69.18596649 52.22475433 19.57977676
v -68.77240753 52.52906036 19.57977676
v -68.37797546 52.85777664 19.57977676
v -68.00410461 53.20970917 19.57977676
v -67.65217590 53.58357620 19.57977676
v -67.32345581 53.97800827 19.57977676
v -67.01914978 54.39156723 19.57977676
v -66.74037170 54.82274628 19.57977676
v -66.48813629 55.26996994 19.57977676
v -66.26336670 55.73160934 19.57977676
v -66.06687927 56.20597839 19.57977676
v -65.89939117 56.69134140 19.57977676
v -65.76151276 57.18593597 19.57977676
v -65.65374756 57.68795013 19.57977676
v -65.57649231 58.19555664 19.57977676
v -65.53002167 58.70690155 19.57977676
v -65.51451874 59.22011948 19.57977676
v -65.53002167 59.73333359 19.57977676
v -65.57649231 60.24467850 19.57977676
v -65.65374756 60.75228500 19.57977676
v -65.76151276 61.25430298 19.57977676
v -65.89939117 61.74889374 19.57977676
v -66.06687927 62.23426056 19.57977676
v -66.26336670 62.70862579 19.57977676
v -66.48813629 63.17026520 19.57977676
v -66.74037170 63.61748886 19.57977676
v -67.01914978 64.04866791 19.57977676
v -67.32345581 64.46222687 19.57977676
v -67.65217590 64.85665894 19.57977676
v -68.00410461 65.23052216 19.57977676
v -68.37797546 65.58245850 19.57977676
v -68.77240753 65.91117859 19.57977676
v -69.18596649 66.21548462 19.57977676
v -69.61714172 66.49426270 19.57977676
v -70.06436920 66.74649811 19.57977676
v -70.52600861 66.97126770 19.57977676
v -71.00037384 67.16775513 19.57977676
v -71.48574066 67.33524323 19.57977676
v -71.98033142 67.47312164 19.57977676
v -72.48234558 67.58088684 19.57977676
v -72.98995209 67.65814209 19.57977676
v -73.50129700 67.70461273 19.57977676
v -74.01451874 67.72011566 19.57977676
v -74.52773285 67.70461273 19.57977676
v -75.03907776 67.65814209 19.57977676
v -75.54668427 67.58088684 19.57977676
v -76.04869843 67.47312164 19.57977676
v -76.54328918 67.33524323 19.57977676
v -77.02865601 67.16775513 19.57977676
v -77.50302124 66.97126770 19.57977676
v -77.96466064 66.74649811 19.57977676
v -78.41188812 66.49426270 19.57977676
v -78.84306335 66.21548462 19.57977676
v -79.25662994 65.91117859 19.57977676
v -79.65106201 65.58245850 19.57977676
v -80.02492523 65.23052216 19.57977676
v -80.37685394 64.85665894 19.57977676
v -80.70557404 64.46222687 19.57977676
v -81.00988007 64.04866791 19.57977676
v -81.28865814 63.61748886 19.57977676
v -81.54089355 63.17026520 19.57977676
v -81.76566315 62.70862579 19.57977676
v -81.96215057 62.23426056 19.57977676
v -82.12964630 61.74889374 19.57977676
v -82.26752472 61.25430298 19.57977676
v -82.37528229 60.75228500 19.57977676
v -82.45253754 60.24467850 19.57977676
v -82.49929047 59.22011948 19.50324059
v -82.48373413 59.73365784 19.50324059
v -82.43743134 60.24284363 19.50324059
v -82.36031342 60.74954224 19.50324059
v -82.25273895 61.25065613 19.50324059
v -82.11510468 61.74436569 19.50324059
v -81.94792175 62.22886276 19.50324059
v -81.75178528 62.70237732 19.50324059
v -81.52741241 63.16318893 19.50324059
v -81.27562714 63.60961533 19.50324059
v -80.99735260 64.04002380 19.50324059
v -80.69358826 64.45284271 19.50324059
v -80.36546326 64.84656525 19.50324059
v -80.01416016 65.21975708 19.50324059
v -79.64096069 65.57106781 19.50324059
v -79.24723816 65.89919281 19.50324059
v -78.83441925 66.20294952 19.50324059
v -78.40401459 66.48123169 19.50324059
v -77.95758820 66.73301697 19.50324059
v -77.49677277 66.95738220 19.50324059
v -77.02326202 67.15351868 19.50324059
v -76.53876495 67.32070923 19.50324059
v -76.04505920 67.45834351 19.50324059
v -75.54393768 67.56591034 19.50324059
v -75.03723907 67.64302826 19.50324059
v -74.52681732 67.68941498 19.50324059
v -74.01451874 67.70489502 19.50324059
v -73.50222015 67.68941498 19.50324059
v -72.99179077 67.64302826 19.50324059
v -72.48509216 67.56591034 19.50324059
v -71.98397827 67.45834351 19.50324059
v -71.49027252 67.32070923 19.50324059
v -71.00577545 67.15351868 19.50324059
v -70.53225708 66.95738220 19.50324059
v -70.07144165 66.73301697 19.50324059
v -69.62502289 66.48123169 19.50324059
v -69.19461060 66.20294952 19.50324059
v -68.78179169 65.89919281 19.50324059
v -68.38806915 65.57106781 19.50324059
v -68.01486969 65.21975708 19.50324059
v -67.66356659 64.84656525 19.50324059
v -67.33544159 64.45284271 19.50324059
v -67.03168488 64.04002380 19.50324059
v -66.75340271 63.60961533 19.50324059
v -66.50161743 63.16318893 19.50324059
v -66.27725220 62.70237732 19.50324059
v -66.08111572 62.22886276 19.50324059
v -65.91392517 61.74436569 19.50324059
v -65.77629089 61.25065613 19.50324059
v -65.66872406 60.74954224 19.50324059
v -65.59160614 60.24284363 19.50324059
v -65.54521942 59.73241425 19.50324059
v -65.52973938 59.22011948 19.50324059
v -65.54521942 58.70782089 19.50324059
v -65.59160614 58.19739151 19.50324059
v -65.66872406 57.69069290 19.50324059
v -65.77629089 57.18957901 19.50324059
v -65.91392517 56.69586945 19.50324059
v -66.08111572 56.21137619 19.50324059
v -66.27725220 55.73785782 19.50324059
v -66.50161743 55.27704620 19.50324059
v -66.75340271 54.83062363 19.50324059
v -67.03168488 54.40021515 19.50324059
v -67.33544159 53.98739624 19.50324059
v -67.66356659 53.59366989 19.50324059
v -68.01486969 53.22047424 19.50324059
v -68.38806915 52.86917114 19.50324059
v -68.78179169 52.54104233 19.50324059
v -69.19461060 52.23728561 19.50324059
v -69.62502289 51.95900726 19.50324059
v -70.07144165 51.70722198 19.50324059
v -70.53225708 51.48285294 19.50324059
v -71.00577545 51.28671646 19.50324059
v -71.49027252 51.11952591 19.50324059
v -71.98397827 50.98189545 19.50324059
v -72.48509216 50.87432480 19.50324059
v -72.99179077 50.79720688 19.50324059
v -73.50222015 50.75082397 19.50324059
v -74.01451874 50.73534393 19.50324059
v -74.52681732 50.75082397 19.50324059
v -75.03723907 50.79720688 19.50324059
v -75.54393768 50.87432480 19.50324059
v -76.04505920 50.98189545 19.50324059
v -76.53876495 51.11952591 19.50324059
v -77.02326202 51.28671646 19.50324059
v -77.49677277 51.48285294 19.50324059
v -77.95758820 51.70722198 19.50324059
v -78.40401459 51.95900726 19.50324059
v -78.83441925 52.23728561 19.50324059
v -79.24723816 52.54104233 19.50324059
v -79.64096069 52.86917114 19.50324059
v -80.01416016 53.22047424 19.50324059
v -80.36546326 53.59366989 19.50324059
v -80.69358826 53.98739624 19.50324059
v -80.99735260 54.40021515 19.50324059
v -81.27562714 54.83062363 19.50324059
v -81.52741241 55.27704620 19.50324059
v -81.75178528 55.73785782 19.50324059
v -81.94792175 56.21137619 19.50324059
v -82.11510468 56.69586945 19.50324059
v -82.25273895 57.18957901 19.50324059
v -82.36031342 57.69069290 19.50324059
v -82.43743134 58.19739151 19.50324059
v -82.48373413 58.70657730 19.50324059
v -82.49929047 59.22011948 19.50324059
v -82.48373413 59.73365784 19.50324059
v -82.43743134 60.24284363 19.50324059
v -82.36031342 60.74954224 19.50324059
v -82.31766510 60.74172592 19.43835640
v -82.21064758 61.24028397 19.43835640
v -82.44038391 59.73226929 19.43835640
v -82.39438629 60.23761749 19.43835640
v -82.25273895 61.25065613 19.50324059
v -82.07371521 61.73146820 19.43835640
v -82.11510468 61.74436569 19.50324059
v -81.90737915 62.21348572 19.43835640
v -81.94792175 62.22886276 19.50324059
v -81.71224976 62.68458557 19.43835640
v -81.75178528 62.70237732 19.50324059
v -81.48902130 63.14304352 19.43835640
v -81.52741241 63.16318893 19.50324059
v -81.23852539 63.58718491 19.43835640
v -81.27562714 63.60961533 19.50324059
v -80.96166992 64.01538849 19.43835640
v -80.99735260 64.04002380 19.50324059
v -80.65946198 64.42610168 19.43835640
v -80.69358826 64.45284271 19.50324059
v -80.33300781 64.81781769 19.43835640
v -80.36546326 64.84656525 19.50324059
v -79.98350525 65.18910217 19.43835640
v -80.01416016 65.21975708 19.50324059
v -79.61221313 65.53861237 19.43835640
v -79.64096069 65.57106781 19.50324059
v -79.22049713 65.86506653 19.43835640
v -79.24723816 65.89919281 19.50324059
v -78.80979156 66.16727448 19.43835640
v -78.83441925 66.20294952 19.50324059
v -78.38158417 66.44412994 19.43835640
v -78.40401459 66.48123169 19.50324059
v -77.93743896 66.69462585 19.43835640
v -77.95758820 66.73301697 19.50324059
v -77.47898102 66.91784668 19.43835640
v -77.49677277 66.95738220 19.50324059
v -77.00788879 67.11298370 19.43835640
v -77.02326202 67.15351868 19.50324059
v -76.52586365 67.27931976 19.43835640
v -76.53876495 67.32070923 19.50324059
v -76.03468323 67.41624451 19.43835640
v -76.04505920 67.45834351 19.50324059
v -75.53612518 67.52326965 19.43835640
v -75.54393768 67.56591034 19.50324059
v -75.03201294 67.59999084 19.43835640
v -75.03723907 67.64302826 19.50324059
v -74.52419281 67.64614105 19.43835640
v -74.52681732 67.68941498 19.50324059
v -74.01451874 67.66153717 19.43835640
v -74.01451874 67.70489502 19.50324059
v -73.50483704 67.64614105 19.43835640
v -73.50222015 67.68941498 19.50324059
v -72.99701691 67.59999084 19.43835640
v -72.99179077 67.64302826 19.50324059
v -72.49290466 67.52326965 19.43835640
v -72.48509216 67.56591034 19.50324059
v -71.99435425 67.41624451 19.43835640
v -71.98397827 67.45834351 19.50324059
v -71.50316620 67.27931976 19.43835640
v -71.49027252 67.32070923 19.50324059
v -71.02114868 67.11298370 19.43835640
v -71.00577545 67.15351868 19.50324059
v -70.55004883 66.91784668 19.43835640
v -70.53225708 66.95738220 19.50324059
v -70.09159088 66.69462585 19.43835640
v -70.07144165 66.73301697 19.50324059
v -69.64744568 66.44412994 19.43835640
v -69.62502289 66.48123169 19.50324059
v -69.21923828 66.16727448 19.43835640
v -69.19461060 66.20294952 19.50324059
v -68.80853271 65.86506653 19.43835640
v -68.78179169 65.89919281 19.50324059
v -68.41681671 65.53861237 19.43835640
v -68.38806915 65.57106781 19.50324059
v -68.04553223 65.18910217 19.43835640
v -68.01486969 65.21975708 19.50324059
v -67.69602203 64.81781769 19.43835640
v -67.66356659 64.84656525 19.50324059
v -67.36956787 64.42610168 19.43835640
v -67.33544159 64.45284271 19.50324059
v -67.06735992 64.01538849 19.43835640
v -67.03168488 64.04002380 19.50324059
v -66.79050446 63.58718491 19.43835640
v -66.75340271 63.60961533 19.50324059
v -66.54000854 63.14304352 19.43835640
v -66.50161743 63.16318893 19.50324059
v -66.31678772 62.68458557 19.43835640
v -66.27725220 62.70237732 19.50324059
v -66.12165070 62.21348572 19.43835640
v -66.08111572 62.22886276 19.50324059
v -65.95531464 61.73146820 19.43835640
v -65.91392517 61.74436569 19.50324059
v -65.81838989 61.24028397 19.43835640
v -65.77629089 61.25065613 19.50324059
v -65.71136475 60.74172592 19.43835640
v -65.66872406 60.74954224 19.50324059
v -65.63464355 60.23761749 19.43835640
v -65.59160614 60.24284363 19.50324059
v -65.58849335 59.72979736 19.43835640
v -65.54521942 59.73241425 19.50324059
v -65.57309723 59.22011948 19.43835640
v -65.52973938 59.22011948 19.50324059
v -65.58849335 58.71043777 19.43835640
v -65.54521942 58.70782089 19.50324059
v -65.63464355 58.20261765 19.43835640
v -65.59160614 58.19739151 19.50324059
v -65.71136475 57.69850922 19.43835640
v -65.66872406 57.69069290 19.50324059
v -65.81838989 57.19995499 19.43835640
v -65.77629089 57.18957901 19.50324059
v -65.95531464 56.70877075 19.43835640
v -65.91392517 56.69586945 19.50324059
v -66.12165070 56.22674942 19.43835640
v -66.08111572 56.21137619 19.50324059
v -66.31678772 55.75564957 19.43835640
v -66.27725220 55.73785782 19.50324059
v -66.54000854 55.29719543 19.43835640
v -66.50161743 55.27704620 19.50324059
v -66.79050446 54.85305023 19.43835640
v -66.75340271 54.83062363 19.50324059
v -67.06735992 54.42484283 19.43835640
v -67.03168488 54.40021515 19.50324059
v -67.36956787 54.01413345 19.43835640
v -67.33544159 53.98739624 19.50324059
v -67.69602203 53.62242126 19.43835640
v -67.66356659 53.59366989 19.50324059
v -68.04553223 53.25113297 19.43835640
v -68.01486969 53.22047424 19.50324059
v -68.41681671 52.90162277 19.43835640
v -68.38806915 52.86917114 19.50324059
v -68.80853271 52.57517242 19.43835640
v -68.78179169 52.54104233 19.50324059
v -69.21923828 52.27296448 19.43835640
v -69.19461060 52.23728561 19.50324059
v -69.64744568 51.99610901 19.43835640
v -69.62502289 51.95900726 19.50324059
v -70.09159088 51.74560928 19.43835640
v -70.07144165 51.70722198 19.50324059
v -70.55004883 51.52238846 19.43835640
v -70.53225708 51.48285294 19.50324059
v -71.02114868 51.32725143 19.43835640
v -71.00577545 51.28671646 19.50324059
v -71.50316620 51.16091537 19.43835640
v -71.49027252 51.11952591 19.50324059
v -71.99435425 51.02399063 19.43835640
v -71.98397827 50.98189545 19.50324059
v -72.49290466 50.91696930 19.43835640
v -72.48509216 50.87432480 19.50324059
v -72.99701691 50.84024429 19.43835640
v -72.99179077 50.79720688 19.50324059
v -73.50483704 50.79409790 19.43835640
v -73.50222015 50.75082397 19.50324059
v -74.01451874 50.77869797 19.43835640
v -74.01451874 50.73534393 19.50324059
v -74.52419281 50.79409790 19.43835640
v -74.52681732 50.75082397 19.50324059
v -75.03201294 50.84024429 19.43835640
v -75.03723907 50.79720688 19.50324059
v -75.53612518 50.91696930 19.43835640
v -75.54393768 50.87432480 19.50324059
v -76.03468323 51.02399063 19.43835640
v -76.04505920 50.98189545 19.50324059
v -76.52586365 51.16091537 19.43835640
v -76.53876495 51.11952591 19.50324059
v -77.00788879 51.32725143 19.43835640
v -77.02326202 51.28671646 19.50324059
v -77.47898102 51.52238846 19.43835640
v -77.49677277 51.48285294 19.50324059
v -77.93743896 51.74560928 19.43835640
v -77.95758820 51.70722198 19.50324059
v -78.38158417 51.99610901 19.43835640
v -78.40401459 51.95900726 19.50324059
v -78.80979156 52.27296448 19.43835640
v -78.83441925 52.23728561 19.50324059
v -79.22049713 52.57517242 19.43835640
v -79.24723816 52.54104233 19.50324059
v -79.61221313 52.90162277 19.43835640
v -79.64096069 52.86917114 19.50324059
v -79.98350525 53.25113297 19.43835640
v -80.01416016 53.22047424 19.50324059
v -80.33300781 53.62242126 19.43835640
v -80.36546326 53.59366989 19.50324059
v -80.65946198 54.01413345 19.43835640
v -80.69358826 53.98739624 19.50324059
v -80.96166992 54.42484283 19.43835640
v -80.99735260 54.40021515 19.50324059
v -81.23852539 54.85305023 19.43835640
v -81.27562714 54.83062363 19.50324059
v -81.48902130 55.29719543 19.43835640
v -81.52741241 55.27704620 19.50324059
v -81.71224976 55.75564957 19.43835640
v -81.75178528 55.73785782 19.50324059
v -81.90737915 56.22674942 19.43835640
v -81.94792175 56.21137619 19.50324059
v -82.07371521 56.70877075 19.43835640
v -82.11510468 56.69586945 19.50324059
v -82.21064758 57.19995499 19.43835640
v -82.25273895 57.18957901 19.50324059
v -82.31766510 57.69850922 19.43835640
v -82.36031342 57.69069290 19.50324059
v -82.39438629 58.20261765 19.43835640
v -82.43743134 58.19739151 19.50324059
v -82.44038391 58.70796585 19.43835640
v -82.48373413 58.70657730 19.50324059
v -82.45594025 59.22011948 19.43835640
v -82.31766510 60.74172592 19.43835640
v -82.21064758 61.24028397 19.43835640
v -82.14764404 61.22475433 19.39500046
v -82.01177216 61.71216202 19.39500046
v -81.84671021 62.19047928 19.39500046
v -81.65307617 62.65795517 19.39500046
v -81.43157196 63.11288834 19.39500046
v -81.18299866 63.55361557 19.39500046
v -80.90827179 63.97853470 19.39500046
v -80.60839081 64.38608551 19.39500046
v -80.28444672 64.77478790 19.39500046
v -79.93762207 65.14322662 19.39500046
v -79.56918335 65.49004364 19.39500046
v -79.18048096 65.81398773 19.39500046
v -78.77293396 66.11387634 19.39500046
v -78.34801483 66.38860321 19.39500046
v -77.90728760 66.63717651 19.39500046
v -77.45235443 66.85868073 19.39500046
v -76.98487854 67.05231476 19.39500046
v -76.50656128 67.21736908 19.39500046
v -76.01914978 67.35324860 19.39500046
v -75.52442932 67.45944977 19.39500046
v -75.02419281 67.53558350 19.39500046
v -74.52027893 67.58137512 19.39500046
v -74.01451874 67.59665680 19.39500046
v -73.50875092 67.58137512 19.39500046
v -73.00483704 67.53558350 19.39500046
v -72.50460052 67.45944977 19.39500046
v -72.00988007 67.35324860 19.39500046
v -71.52246857 67.21736908 19.39500046
v -71.04415131 67.05231476 19.39500046
v -70.57667542 66.85868073 19.39500046
v -70.12174225 66.63717651 19.39500046
v -69.68101501 66.38860321 19.39500046
v -69.25610352 66.11387634 19.39500046
v -68.84854889 65.81398773 19.39500046
v -68.45984650 65.49004364 19.39500046
v -68.09140778 65.14322662 19.39500046
v -67.74459076 64.77478790 19.39500046
v -67.42064667 64.38608551 19.39500046
v -67.12075806 63.97853470 19.39500046
v -66.84603119 63.55361557 19.39500046
v -66.59745789 63.11288834 19.39500046
v -66.37595367 62.65795517 19.39500046
v -66.18231964 62.19047928 19.39500046
v -66.01725769 61.71216202 19.39500046
v -65.88138580 61.22475433 19.39500046
v -65.77518463 60.73003006 19.39500046
v -65.69905090 60.22979736 19.39500046
v -65.65325928 59.72587967 19.39500046
v -65.63797760 59.22011948 19.39500046
v -65.65325928 58.71435547 19.39500046
v -65.69905090 58.21043777 19.39500046
v -65.77518463 57.71020508 19.39500046
v -65.88138580 57.21548080 19.39500046
v -66.01725769 56.72807312 19.39500046
v -66.18231964 56.24975586 19.39500046
v -66.37595367 55.78227997 19.39500046
v -66.59745789 55.32734680 19.39500046
v -66.84603119 54.88661957 19.39500046
v -67.12075806 54.46170425 19.39500046
v -67.42064667 54.05414963 19.39500046
v -67.74459076 53.66544724 19.39500046
v -68.09140778 53.29701233 19.39500046
v -68.45984650 52.95019150 19.39500046
v -68.84854889 52.62624741 19.39500046
v -69.25610352 52.32636261 19.39500046
v -69.68101501 52.05163574 19.39500046
v -70.12174225 51.80306244 19.39500046
v -70.57667542 51.58155441 19.39500046
v -71.04415131 51.38792038 19.39500046
v -71.52246857 51.22286224 19.39500046
v -72.00988007 51.08698654 19.39500046
v -72.50460052 50.98078918 19.39500046
v -73.00483704 50.90465546 19.39500046
v -73.50875092 50.85886383 19.39500046
v -74.01451874 50.84358215 19.39500046
v -74.52027893 50.85886383 19.39500046
v -75.02419281 50.90465546 19.39500046
v -75.52442932 50.98078918 19.39500046
v -76.01914978 51.08698654 19.39500046
v -76.50656128 51.22286224 19.39500046
v -76.98487854 51.38792038 19.39500046
v -77.45235443 51.58155441 19.39500046
v -77.90728760 51.80306244 19.39500046
v -78.34801483 52.05163574 19.39500046
v -78.77293396 52.32636261 19.39500046
v -79.18048096 52.62624741 19.39500046
v -79.56918335 52.95019150 19.39500046
v -79.93762207 53.29701233 19.39500046
v -80.28444672 53.66544724 19.39500046
v -80.60839081 54.05414963 19.39500046
v -80.90827179 54.46170425 19.39500046
v -81.18299866 54.88661957 19.39500046
v -81.43157196 55.32734680 19.39500046
v -81.65307617 55.78227997 19.39500046
v -81.84671021 56.24975586 19.39500046
v -82.01177216 56.72807312 19.39500046
v -82.14764404 57.21548080 19.39500046
v -82.25384521 57.71020508 19.39500046
v -82.32997894 58.21043777 19.39500046
v -82.37554932 58.71067810 19.39500046
v -82.39105225 59.22011948 19.39500046
v -82.37554932 59.72956085 19.39500046
v -82.44038391 59.73226929 19.43835640
v -82.39438629 60.23761749 19.43835640
v -82.07371521 61.73146820 19.43835640
v -81.90737915 62.21348572 19.43835640
v -81.71224976 62.68458557 19.43835640
v -81.48902130 63.14304352 19.43835640
v -81.23852539 63.58718491 19.43835640
v -80.96166992 64.01538849 19.43835640
v -80.65946198 64.42610168 19.43835640
v -80.33300781 64.81781769 19.43835640
v -79.98350525 65.18910217 19.43835640
v -79.61221313 65.53861237 19.43835640
v -79.22049713 65.86506653 19.43835640
v -78.80979156 66.16727448 19.43835640
v -78.38158417 66.44412994 19.43835640
v -77.93743896 66.69462585 19.43835640
v -77.47898102 66.91784668 19.43835640
v -77.00788879 67.11298370 19.43835640
v -76.52586365 67.27931976 19.43835640
v -76.03468323 67.41624451 19.43835640
v -75.53612518 67.52326965 19.43835640
v -75.03201294 67.59999084 19.43835640
v -74.52419281 67.64614105 19.43835640
v -74.01451874 67.66153717 19.43835640
v -73.50483704 67.64614105 19.43835640
v -72.99701691 67.59999084 19.43835640
v -72.49290466 67.52326965 19.43835640
v -71.99435425 67.41624451 19.43835640
v -71.50316620 67.27931976 19.43835640
v -71.02114868 67.11298370 19.43835640
v -70.55004883 66.91784668 19.43835640
v -70.09159088 66.69462585 19.43835640
v -69.64744568 66.44412994 19.43835640
v -69.21923828 66.16727448 19.43835640
v -68.80853271 65.86506653 19.43835640
v -68.41681671 65.53861237 19.43835640
v -68.04553223 65.18910217 19.43835640
v -67.69602203 64.81781769 19.43835640
v -67.36956787 64.42610168 19.43835640
v -67.06735992 64.01538849 19.43835640
v -66.79050446 63.58718491 19.43835640
v -66.54000854 63.14304352 19.43835640
v -66.31678772 62.68458557 19.43835640
v -66.12165070 62.21348572 19.43835640
v -65.95531464 61.73146820 19.43835640
v -65.81838989 61.24028397 19.43835640
v -65.71136475 60.74172592 19.43835640
v -65.63464355 60.23761749 19.43835640
v -65.58849335 59.72979736 19.43835640
v -65.57309723 59.22011948 19.43835640
v -65.58849335 58.71043777 19.43835640
v -65.63464355 58.20261765 19.43835640
v -65.71136475 57.69850922 19.43835640
v -65.81838989 57.19995499 19.43835640
v -65.95531464 56.70877075 19.43835640
v -66.12165070 56.22674942 19.43835640
v -66.31678772 55.75564957 19.43835640
v -66.54000854 55.29719543 19.43835640
v -66.79050446 54.85305023 19.43835640
v -67.06735992 54.42484283 19.43835640
v -67.36956787 54.01413345 19.43835640
v -67.69602203 53.62242126 19.43835640
v -68.04553223 53.25113297 19.43835640
v -68.41681671 52.90162277 19.43835640
v -68.80853271 52.57517242 19.43835640
v -69.21923828 52.27296448 19.43835640
v -69.64744568 51.99610901 19.43835640
v -70.09159088 51.74560928 19.43835640
v -70.55004883 51.52238846 19.43835640
v -71.02114868 51.32725143 19.43835640
v -71.50316620 51.16091537 19.43835640
v -71.99435425 51.02399063 19.43835640
v -72.49290466 50.91696930 19.43835640
v -72.99701691 50.84024429 19.43835640
v -73.50483704 50.79409790 19.43835640
v -74.01451874 50.77869797 19.43835640
v -74.52419281 50.79409790 19.43835640
v -75.03201294 50.84024429 19.43835640
v -75.53612518 50.91696930 19.43835640
v -76.03468323 51.02399063 19.43835640
v -76.52586365 51.16091537 19.43835640
v -77.00788879 51.32725143 19.43835640
v -77.47898102 51.52238846 19.43835640
v -77.93743896 51.74560928 19.43835640
v -78.38158417 51.99610901 19.43835640
v -78.80979156 52.27296448 19.43835640
v -79.22049713 52.57517242 19.43835640
v -79.61221313 52.90162277 19.43835640
v -79.98350525 53.25113297 19.43835640
v -80.33300781 53.62242126 19.43835640
v -80.65946198 54.01413345 19.43835640
v -80.96166992 54.42484283 19.43835640
v -81.23852539 54.85305023 19.43835640
v -81.48902130 55.29719543 19.43835640
v -81.71224976 55.75564957 19.43835640
v -81.90737915 56.22674942 19.43835640
v -82.07371521 56.70877075 19.43835640
v -82.21064758 57.19995499 19.43835640
v -82.31766510 57.69850922 19.43835640
v -82.39438629 58.20261765 19.43835640
v -82.44038391 58.70796585 19.43835640
v -82.45594025 59.22011948 19.43835640
v -82.25384521 60.73003006 19.39500046
v -82.32997894 60.22979736 19.39500046
v -82.14764404 61.22475433 19.39500046
v -82.01177216 61.71216202 19.39500046
v -82.06864929 61.22534180 19.37977791
v -81.93141937 61.71262360 19.37977791
v -81.84671021 62.19047928 19.39500046
v -81.76474762 62.19063187 19.37977791
v -81.65307617 62.65795517 19.39500046
v -81.56923676 62.65759277 19.37977791
v -81.43157196 63.11288834 19.39500046
v -81.34561920 63.11176300 19.37977791
v -81.18299866 63.55361557 19.39500046
v -81.09473419 63.55146027 19.37977791
v -80.90827179 63.97853470 19.39500046
v -80.81751251 63.97504044 19.37977791
v -80.60839081 64.38608551 19.39500046
v -80.51497650 64.38093567 19.37977791
v -80.28444672 64.77478790 19.39500046
v -80.18826294 64.76763153 19.37977791
v -79.93762207 65.14322662 19.39500046
v -79.83857727 65.13368225 19.37977791
v -79.56918335 65.49004364 19.39500046
v -79.46723175 65.47774506 19.37977791
v -79.18048096 65.81398773 19.39500046
v -79.07559967 65.79852295 19.37977791
v -78.77293396 66.11387634 19.39500046
v -78.66513824 66.09483337 19.37977791
v -78.34801483 66.38860321 19.39500046
v -78.23738098 66.36556244 19.37977791
v -77.90728760 66.63717651 19.39500046
v -77.79390717 66.60971832 19.37977791
v -77.45235443 66.85868073 19.39500046
v -77.33638000 66.82637787 19.37977791
v -76.98487854 67.05231476 19.39500046
v -76.86649323 67.01474762 19.37977791
v -76.50656128 67.21736908 19.39500046
v -76.38600159 67.17411804 19.37977791
v -76.01914978 67.35324860 19.39500046
v -75.89668274 67.30389404 19.37977791
v -75.52442932 67.45944977 19.39500046
v -75.40036011 67.40360260 19.37977791
v -75.02419281 67.53558350 19.39500046
v -74.89888763 67.47286987 19.37977791
v -74.52027893 67.58137512 19.39500046
v -74.39411926 67.51143646 19.37977791
v -74.01451874 67.59665680 19.39500046
v -73.88793945 67.51914978 19.37977791
v -73.50875092 67.58137512 19.39500046
v -73.38223267 67.49600220 19.37977791
v -73.00483704 67.53558350 19.39500046
v -72.87888336 67.44206238 19.37977791
v -72.50460052 67.45944977 19.39500046
v -72.37975311 67.35753632 19.37977791
v -72.00988007 67.35324860 19.39500046
v -71.88670349 67.24273682 19.37977791
v -71.52246857 67.21736908 19.39500046
v -71.40156555 67.09809113 19.37977791
v -71.04415131 67.05231476 19.39500046
v -70.92615509 66.92414856 19.37977791
v -70.57667542 66.85868073 19.39500046
v -70.46223450 66.72153473 19.37977791
v -70.12174225 66.63717651 19.39500046
v -70.01152039 66.49102020 19.37977791
v -69.68101501 66.38860321 19.39500046
v -69.57570648 66.23345947 19.37977791
v -69.25610352 66.11387634 19.39500046
v -69.15640259 65.94980621 19.37977791
v -68.84854889 65.81398773 19.39500046
v -68.75517273 65.64112091 19.37977791
v -68.45984650 65.49004364 19.39500046
v -68.37350464 65.30854797 19.37977791
v -68.09140778 65.14322662 19.39500046
v -68.01281738 64.95332336 19.37977791
v -67.74459076 64.77478790 19.39500046
v -67.67446136 64.57677460 19.37977791
v -67.42064667 64.38608551 19.39500046
v -67.35969543 64.18029022 19.37977791
v -67.12075806 63.97853470 19.39500046
v -67.06967926 63.76536179 19.37977791
v -66.84603119 63.55361557 19.39500046
v -66.80550385 63.33352280 19.37977791
v -66.59745789 63.11288834 19.39500046
v -66.56813812 62.88638306 19.37977791
v -66.37595367 62.65795517 19.39500046
v -66.35848236 62.42560196 19.37977791
v -66.18231964 62.19047928 19.39500046
v -66.17729950 61.95289993 19.37977791
v -66.01725769 61.71216202 19.39500046
v -66.02527618 61.47002792 19.37977791
v -65.88138580 61.22475433 19.39500046
v -65.90297699 60.97878647 19.37977791
v -65.77518463 60.73003006 19.39500046
v -65.81084442 60.48100281 19.37977791
v -65.69905090 60.22979736 19.39500046
v -65.74923706 59.97853088 19.37977791
v -65.65325928 59.72587967 19.39500046
v -65.71837616 59.47323608 19.37977791
v -65.63797760 59.22011948 19.39500046
v -65.71837616 58.96699905 19.37977791
v -65.65325928 58.71435547 19.39500046
v -65.74923706 58.46170425 19.37977791
v -65.69905090 58.21043777 19.39500046
v -65.81084442 57.95923233 19.37977791
v -65.77518463 57.71020508 19.39500046
v -65.90297699 57.46144867 19.37977791
v -65.88138580 57.21548080 19.39500046
v -66.02527618 56.97020721 19.37977791
v -66.01725769 56.72807312 19.39500046
v -66.17729950 56.48733902 19.37977791
v -66.18231964 56.24975586 19.39500046
v -66.35848236 56.01463318 19.37977791
v -66.37595367 55.78227997 19.39500046
v -66.56813812 55.55385208 19.37977791
v -66.59745789 55.32734680 19.39500046
v -66.80550385 55.10671234 19.37977791
v -66.84603119 54.88661957 19.39500046
v -67.06967926 54.67487335 19.37977791
v -67.12075806 54.46170425 19.39500046
v -67.35969543 54.25994110 19.37977791
v -67.42064667 54.05414963 19.39500046
v -67.67446136 53.86346436 19.37977791
v -67.74459076 53.66544724 19.39500046
v -68.01281738 53.48691177 19.37977791
v -68.09140778 53.29701233 19.39500046
v -68.37350464 53.13169098 19.37977791
v -68.45984650 52.95019150 19.39500046
v -68.75517273 52.79911423 19.37977791
v -68.84854889 52.62624741 19.39500046
v -69.15640259 52.49042892 19.37977791
v -69.25610352 52.32636261 19.39500046
v -69.57570648 52.20677567 19.37977791
v -69.68101501 52.05163574 19.39500046
v -70.01152039 51.94921494 19.37977791
v -70.12174225 51.80306244 19.39500046
v -70.46223450 51.71870041 19.37977791
v -70.57667542 51.58155441 19.39500046
v -70.92615509 51.51609039 19.37977791
v -71.04415131 51.38792038 19.39500046
v -71.40156555 51.34214020 19.37977791
v -71.52246857 51.22286224 19.39500046
v -71.88670349 51.19749832 19.37977791
v -72.00988007 51.08698654 19.39500046
v -72.37975311 51.08270264 19.37977791
v -72.50460052 50.98078918 19.39500046
v -72.87888336 50.99817657 19.37977791
v -73.00483704 50.90465546 19.39500046
v -73.38223267 50.94423676 19.37977791
v -73.50875092 50.85886383 19.39500046
v -73.88793945 50.92108154 19.37977791
v -74.01451874 50.84358215 19.39500046
v -74.39411926 50.92880249 19.37977791
v -74.52027893 50.85886383 19.39500046
v -74.89888763 50.96736908 19.37977791
v -75.02419281 50.90465546 19.39500046
v -75.40036011 51.03663254 19.37977791
v -75.52442932 50.98078918 19.39500046
v -75.89668274 51.13634109 19.37977791
v -76.01914978 51.08698654 19.39500046
v -76.38600159 51.26612091 19.37977791
v -76.50656128 51.22286224 19.39500046
v -76.86649323 51.42549133 19.37977791
v -76.98487854 51.38792038 19.39500046
v -77.33638000 51.61385727 19.37977791
v -77.45235443 51.58155441 19.39500046
v -77.79390717 51.83052063 19.37977791
v -77.90728760 51.80306244 19.39500046
v -78.23738098 52.07467270 19.37977791
v -78.34801483 52.05163574 19.39500046
v -78.66513824 52.34540558 19.37977791
v -78.77293396 52.32636261 19.39500046
v -79.07559967 52.64171219 19.37977791
v -79.18048096 52.62624741 19.39500046
v -79.46723175 52.96249008 19.37977791
v -79.56918335 52.95019150 19.39500046
v -79.83857727 53.30654907 19.37977791
v -79.93762207 53.29701233 19.39500046
v -80.18826294 53.67260742 19.37977791
v -80.28444672 53.66544724 19.39500046
v -80.51497650 54.05930328 19.37977791
v -80.60839081 54.05414963 19.39500046
v -80.81751251 54.46519470 19.37977791
v -80.90827179 54.46170425 19.39500046
v -81.09473419 54.88877869 19.37977791
v -81.18299866 54.88661957 19.39500046
v -81.34561920 55.32847214 19.37977791
v -81.43157196 55.32734680 19.39500046
v -81.56923676 55.78264236 19.37977791
v -81.65307617 55.78227997 19.39500046
v -81.76474762 56.24960327 19.37977791
v -81.84671021 56.24975586 19.39500046
v -81.93141937 56.72761536 19.37977791
v -82.01177216 56.72807312 19.39500046
v -82.06864929 57.21489716 19.37977791
v -82.14764404 57.21548080 19.39500046
v -82.17591858 57.70963669 19.37977791
v -82.25384521 57.71020508 19.39500046
v -82.25282288 58.20999908 19.37977791
v -82.32997894 58.21043777 19.39500046
v -82.29907990 58.71411896 19.37977791
v -82.37554932 58.71067810 19.39500046
v -82.31451416 59.22011948 19.37977791
v -82.39105225 59.22011948 19.39500046
v -82.37554932 59.72956085 19.39500046
v -82.17591858 60.73059845 19.37977791
v -82.25384521 60.73003006 19.39500046
v -82.25282288 60.23023605 19.37977791
v -82.32997894 60.22979736 19.39500046
v -82.29907990 59.72612000 19.37977791
v -81.61451721 59.22011948 19.37977791
v -81.59921265 59.70214081 19.37977791
v -81.55337524 60.18222046 19.37977791
v -81.47717285 60.65842819 19.37977791
v -81.37092590 61.12884140 19.37977791
v -81.23505402 61.59157181 19.37977791
v -81.07011414 62.04475403 19.37977791
v -80.87675476 62.48656082 19.37977791
v -80.65576935 62.91521454 19.37977791
v -80.40804291 63.32898712 19.37977791
v -80.13456726 63.72621918 19.37977791
v -79.83645630 64.10530090 19.37977791
v -79.51489258 64.46472168 19.37977791
v -79.17118835 64.80301666 19.37977791
v -78.80671692 65.11882782 19.37977791
v -78.42295074 65.41089630 19.37977791
v -78.02143097 65.67803192 19.37977791
v -77.60377502 65.91916656 19.37977791
v -77.17166901 66.13332367 19.37977791
v -76.72685242 66.31964111 19.37977791
v -76.27111053 66.47737885 19.37977791
v -75.80628204 66.60588837 19.37977791
v -75.33424377 66.70465851 19.37977791
v -74.85688782 66.77329254 19.37977791
v -74.37613678 66.81150818 19.37977791
v -73.89393616 66.81916046 19.37977791
v -73.41221619 66.79621124 19.37977791
v -72.93292236 66.74275970 19.37977791
v -72.45798492 66.65901947 19.37977791
v -71.98931122 66.54531860 19.37977791
v -71.52880096 66.40212250 19.37977791
v -71.07829285 66.23001099 19.37977791
v -70.63961029 66.02967072 19.37977791
v -70.21451569 65.80191040 19.37977791
v -69.80472565 65.54764557 19.37977791
v -69.41188049 65.26790619 19.37977791
v -69.03757477 64.96381378 19.37977791
v -68.68330383 64.63659668 19.37977791
v -68.35050964 64.28755951 19.37977791
v -68.04051208 63.91812515 19.37977791
v -67.75457001 63.52977371 19.37977791
v -67.49384308 63.12406540 19.37977791
v -67.25936890 62.70264053 19.37977791
v -67.05209351 62.26718903 19.37977791
v -66.87284851 61.81946945 19.37977791
v -66.72236633 61.36128616 19.37977791
v -66.60124969 60.89447784 19.37977791
v -66.50997925 60.42092896 19.37977791
v -66.44892883 59.94254303 19.37977791
v -66.41834259 59.46125031 19.37977791
v -66.41834259 58.97898483 19.37977791
v -66.44892883 58.49769211 19.37977791
v -66.50997925 58.01930618 19.37977791
v -66.60124969 57.54575729 19.37977791
v -66.72236633 57.07894897 19.37977791
v -66.87284851 56.62076569 19.37977791
v -67.05209351 56.17304611 19.37977791
v -67.25936890 55.73759842 19.37977791
v -67.49384308 55.31616974 19.37977791
v -67.75457001 54.91046143 19.37977791
v -68.04051208 54.52210999 19.37977791
v -68.35050964 54.15267181 19.37977791
v -68.68330383 53.80364227 19.37977791
v -69.03757477 53.47642136 19.37977791
v -69.41188049 53.17232895 19.37977791
v -69.80472565 52.89258575 19.37977791
v -70.21451569 52.63832474 19.37977791
v -70.63961029 52.41056442 19.37977791
v -71.07829285 52.21022415 19.37977791
v -71.52880096 52.03811264 19.37977791
v -71.98931122 51.89491653 19.37977791
v -72.45798492 51.78121948 19.37977791
v -72.93292236 51.69747543 19.37977791
v -73.41221619 51.64402008 19.37977791
v -73.89393616 51.62107468 19.37977791
v -74.37613678 51.62872696 19.37977791
v -74.85688782 51.66694641 19.37977791
v -75.33424377 51.73558044 19.37977791
v -75.80628204 51.83435059 19.37977791
v -76.27111053 51.96286011 19.37977791
v -76.72685242 52.12059402 19.37977791
v -77.17166901 52.30691528 19.37977791
v -77.60377502 52.52107239 19.37977791
v -78.02143097 52.76220322 19.37977791
v -78.42295074 53.02934265 19.37977791
v -78.80671692 53.32140350 19.37977791
v -79.17118835 53.63722229 19.37977791
v -79.51489258 53.97551727 19.37977791
v -79.83645630 54.33493042 19.37977791
v -80.13456726 54.71401596 19.37977791
v -80.40804291 55.11124802 19.37977791
v -80.65576935 55.52502441 19.37977791
v -80.87675476 55.95367813 19.37977791
v -81.07011414 56.39548492 19.37977791
v -81.23505402 56.84866333 19.37977791
v -81.37092590 57.31139374 19.37977791
v -81.47717285 57.78180695 19.37977791
v -81.55337524 58.25801468 19.37977791
v -81.59921265 58.73809814 19.37977791
v -81.59921265 58.73809814 19.46277809
v -81.61451721 59.22011948 19.46277809
v -81.59921265 59.70214081 19.46277809
v -81.55337524 60.18222046 19.46277809
v -81.47717285 60.65842819 19.46277809
v -81.37092590 61.12884140 19.46277809
v -81.23505402 61.59157181 19.46277809
v -81.07011414 62.04475403 19.46277809
v -80.87675476 62.48656082 19.46277809
v -80.65576935 62.91521454 19.46277809
v -80.40804291 63.32898712 19.46277809
v -80.13456726 63.72621918 19.46277809
v -79.83645630 64.10530090 19.46277809
v -79.51489258 64.46472168 19.46277809
v -79.17118835 64.80301666 19.46277809
v -78.80671692 65.11882782 19.46277809
v -78.42295074 65.41089630 19.46277809
v -78.02143097 65.67803192 19.46277809
v -77.60377502 65.91916656 19.46277809
v -77.17166901 66.13332367 19.46277809
v -76.72685242 66.31964111 19.46277809
v -76.27111053 66.47737885 19.46277809
v -75.80628204 66.60588837 19.46277809
v -75.33424377 66.70465851 19.46277809
v -74.85688782 66.77329254 19.46277809
v -74.37613678 66.81150818 19.46277809
v -73.89393616 66.81916046 19.46277809
v -73.41221619 66.79621124 19.46277809
v -72.93292236 66.74275970 19.46277809
v -72.45798492 66.65901947 19.46277809
v -71.98931122 66.54531860 19.46277809
v -71.52880096 66.40212250 19.46277809
v -71.07829285 66.23001099 19.46277809
v -70.63961029 66.02967072 19.46277809
v -70.21451569 65.80191040 19.46277809
v -69.80472565 65.54764557 19.46277809
v -69.41188049 65.26790619 19.46277809
v -69.03757477 64.96381378 19.46277809
v -68.68330383 64.63659668 19.46277809
v -68.35050964 64.28755951 19.46277809
v -68.04051208 63.91812515 19.46277809
v -67.75457001 63.52977371 19.46277809
v -67.49384308 63.12406540 19.46277809
v -67.25936890 62.70264053 19.46277809
v -67.05209351 62.26718903 19.46277809
v -66.87284851 61.81946945 19.46277809
v -66.72236633 61.36128616 19.46277809
v -66.60124969 60.89447784 19.46277809
v -66.50997925 60.42092896 19.46277809
v -66.44892883 59.94254303 19.46277809
v -66.41834259 59.46125031 19.46277809
v -66.41834259 58.97898483 19.46277809
v -66.44892883 58.49769211 19.46277809
v -66.50997925 58.01930618 19.46277809
v -66.60124969 57.54575729 19.46277809
v -66.72236633 57.07894897 19.46277809
v -66.87284851 56.62076569 19.46277809
v -67.05209351 56.17304611 19.46277809
v -67.25936890 55.73759842 19.46277809
v -67.49384308 55.31616974 19.46277809
v -67.75457001 54.91046143 19.46277809
v -68.04051208 54.52210999 19.46277809
v -68.35050964 54.15267181 19.46277809
v -68.68330383 53.80364227 19.46277809
v -69.03757477 53.47642136 19.46277809
v -69.41188049 53.17232895 19.46277809
v -69.80472565 52.89258575 19.46277809
v -70.21451569 52.63832474 19.46277809
v -70.63961029 52.41056442 19.46277809
v -71.07829285 52.21022415 19.46277809
v -71.52880096 52.03811264 19.46277809
v -71.98931122 51.89491653 19.46277809
v -72.45798492 51.78121948 19.46277809
v -72.93292236 51.69747543 19.46277809
v -73.41221619 51.64402008 19.46277809
v -73.89393616 51.62107468 19.46277809
v -74.37613678 51.62872696 19.46277809
v -74.85688782 51.66694641 19.46277809
v -75.33424377 51.73558044 19.46277809
v -75.80628204 51.83435059 19.46277809
v -76.27111053 51.96286011 19.46277809
v -76.72685242 52.12059402 19.46277809
v -77.17166901 52.30691528 19.46277809
v -77.60377502 52.52107239 19.46277809
v -78.02143097 52.76220322 19.46277809
v -78.42295074 53.02934265 19.46277809
v -78.80671692 53.32140350 19.46277809
v -79.17118835 53.63722229 19.46277809
v -79.51489258 53.97551727 19.46277809
v -79.83645630 54.33493042 19.46277809
v -80.13456726 54.71401596 19.46277809
v -80.40804291 55.11124802 19.46277809
v -80.65576935 55.52502441 19.46277809
v -80.87675476 55.95367813 19.46277809
v -81.07011414 56.39548492 19.46277809
v -81.23505402 56.84866333 19.46277809
v -81.37092590 57.31139374 19.46277809
v -81.47717285 57.78180695 19.46277809
v -81.55337524 58.25801468 19.46277809
v -81.61451721 59.22011948 19.37977791
v -81.59921265 59.70214081 19.37977791
v -81.55337524 60.18222046 19.37977791
v -81.47717285 60.65842819 19.37977791
v -81.37092590 61.12884140 19.37977791
v -81.23505402 61.59157181 19.37977791
v -81.07011414 62.04475403 19.37977791
v -80.87675476 62.48656082 19.37977791
v -80.65576935 62.91521454 19.37977791
v -80.40804291 63.32898712 19.37977791
v -80.13456726 63.72621918 19.37977791
v -79.83645630 64.10530090 19.37977791
v -79.51489258 64.46472168 19.37977791
v -79.17118835 64.80301666 19.37977791
v -78.80671692 65.11882782 19.37977791
v -78.42295074 65.41089630 19.37977791
v -78.02143097 65.67803192 19.37977791
v -77.60377502 65.91916656 19.37977791
v -77.17166901 66.13332367 19.37977791
v -76.72685242 66.31964111 19.37977791
v -76.27111053 66.47737885 19.37977791
v -75.80628204 66.60588837 19.37977791
v -75.33424377 66.70465851 19.37977791
v -74.85688782 66.77329254 19.37977791
v -74.37613678 66.81150818 19.37977791
v -73.89393616 66.81916046 19.37977791
v -73.41221619 66.79621124 19.37977791
v -72.93292236 66.74275970 19.37977791
v -72.45798492 66.65901947 19.37977791
v -71.98931122 66.54531860 19.37977791
v -71.52880096 66.40212250 19.37977791
v -71.07829285 66.23001099 19.37977791
v -70.63961029 66.02967072 19.37977791
v -70.21451569 65.80191040 19.37977791
v -69.80472565 65.54764557 19.37977791
v -69.41188049 65.26790619 19.37977791
v -69.03757477 64.96381378 19.37977791
v -68.68330383 64.63659668 19.37977791
v -68.35050964 64.28755951 19.37977791
v -68.04051208 63.91812515 19.37977791
v -67.75457001 63.52977371 19.37977791
v -67.49384308 63.12406540 19.37977791
v -67.25936890 62.70264053 19.37977791
v -67.05209351 62.26718903 19.37977791
v -66.87284851 61.81946945 19.37977791
v -66.72236633 61.36128616 19.37977791
v -66.60124969 60.89447784 19.37977791
v -66.50997925 60.42092896 19.37977791
v -66.44892883 59.94254303 19.37977791
v -66.41834259 59.46125031 19.37977791
v -66.41834259 58.97898483 19.37977791
v -66.44892883 58.49769211 19.37977791
v -66.50997925 58.01930618 19.37977791
v -66.60124969 57.54575729 19.37977791
v -66.72236633 57.07894897 19.37977791
v -66.87284851 56.62076569 19.37977791
v -67.05209351 56.17304611 19.37977791
v -67.25936890 55.73759842 19.37977791
v -67.49384308 55.31616974 19.37977791
v -67.75457001 54.91046143 19.37977791
v -68.04051208 54.52210999 19.37977791
v -68.35050964 54.15267181 19.37977791
v -68.68330383 53.80364227 19.37977791
v -69.03757477 53.47642136 19.37977791
v -69.41188049 53.17232895 19.37977791
v -69.80472565 52.89258575 19.37977791
v -70.21451569 52.63832474 19.37977791
v -70.63961029 52.41056442 19.37977791
v -71.07829285 52.21022415 19.37977791
v -71.52880096 52.03811264 19.37977791
v -71.98931122 51.89491653 19.37977791
v -72.45798492 51.78121948 19.37977791
v -72.93292236 51.69747543 19.37977791
v -73.41221619 51.64402008 19.37977791
v -73.89393616 51.62107468 19.37977791
v -74.37613678 51.62872696 19.37977791
v -74.85688782 51.66694641 19.37977791
v -75.33424377 51.73558044 19.37977791
v -75.80628204 51.83435059 19.37977791
v -76.27111053 51.96286011 19.37977791
v -76.72685242 52.12059402 19.37977791
v -77.17166901 52.30691528 19.37977791
v -77.60377502 52.52107239 19.37977791
v -78.02143097 52.76220322 19.37977791
v -78.42295074 53.02934265 19.37977791
v -78.80671692 53.32140350 19.37977791
v -79.17118835 53.63722229 19.37977791
v -79.51489258 53.97551727 19.37977791
v -79.83645630 54.33493042 19.37977791
v -80.13456726 54.71401596 19.37977791
v -80.40804291 55.11124802 19.37977791
v -80.65576935 55.52502441 19.37977791
v -80.87675476 55.95367813 19.37977791
v -81.07011414 56.39548492 19.37977791
v -81.23505402 56.84866333 19.37977791
v -81.37092590 57.31139374 19.37977791
v -81.47717285 57.78180695 19.37977791
v -81.55337524 58.25801468 19.37977791
v -81.59921265 58.73809814 19.37977791
v -74.49653625 51.63541794 24.29677773
v -74.01451874 51.62011719 24.29677773
v -73.53249359 51.63541794 24.29677773
v -73.05241394 51.68126297 24.29677773
v -72.57621002 51.75746155 24.29677773
v -72.10578918 51.86370850 24.29677773
v -71.64305878 51.99957657 24.29677773
v -71.18988037 52.16452026 24.29677773
v -70.74807739 52.35787582 24.29677773
v -70.31941986 52.57886124 24.29677773
v -69.90564728 52.82659149 24.29677773
v -69.50841522 53.10006332 24.29677773
v -69.12933350 53.39818192 24.29677773
v -68.76991272 53.71973801 24.29677773
v -68.43161774 54.06344604 24.29677773
v -68.11579895 54.42791748 24.29677773
v -67.82373810 54.81168747 24.29677773
v -67.55660248 55.21320343 24.29677773
v -67.31546783 55.63085938 24.29677773
v -67.10131073 56.06296539 24.29677773
v -66.91499329 56.50778198 24.29677773
v -66.75725555 56.96352386 24.29677773
v -66.62874603 57.42834854 24.29677773
v -66.52997589 57.90039062 24.29677773
v -66.46134186 58.37774658 24.29677773
v -66.42312622 58.85849380 24.29677773
v -66.41547394 59.34069824 24.29677773
v -66.43842316 59.82241821 24.29677773
v -66.49187469 60.30171204 24.29677773
v -66.57561493 60.77664948 24.29677773
v -66.68931580 61.24531937 24.29677773
v -66.83251190 61.70583344 24.29677773
v -67.00462341 62.15634155 24.29677773
v -67.20496368 62.59502411 24.29677773
v -67.43272400 63.02011871 24.29677773
v -67.68698120 63.42990875 24.29677773
v -67.96672821 63.82275009 24.29677773
v -68.27082062 64.19705963 24.29677773
v -68.59803772 64.55133057 24.29677773
v -68.94707489 64.88412476 24.29677773
v -69.31650543 65.19412231 24.29677773
v -69.70486450 65.48005676 24.29677773
v -70.11056519 65.74079132 24.29677773
v -70.53199768 65.97526550 24.29677773
v -70.96744537 66.18254089 24.29677773
v -71.41516113 66.36177826 24.29677773
v -71.87335205 66.51226807 24.29677773
v -72.34015656 66.63338470 24.29677773
v -72.81370544 66.72465515 24.29677773
v -73.29209137 66.78570557 24.29677773
v -73.77338409 66.81629181 24.29677773
v -74.25564575 66.81629181 24.29677773
v -74.73693848 66.78570557 24.29677773
v -75.21532440 66.72465515 24.29677773
v -75.68887329 66.63338470 24.29677773
v -76.15568542 66.51226807 24.29677773
v -76.61386871 66.36177826 24.29677773
v -77.06158447 66.18254089 24.29677773
v -77.49703979 65.97526550 24.29677773
v -77.91846466 65.74079132 24.29677773
v -78.32417297 65.48005676 24.29677773
v -78.71252441 65.19412231 24.29677773
v -79.08196259 64.88412476 24.29677773
v -79.43099213 64.55133057 24.29677773
v -79.75820923 64.19705963 24.29677773
v -80.06230927 63.82275009 24.29677773
v -80.34204865 63.42990875 24.29677773
v -80.59630585 63.02011871 24.29677773
v -80.82406616 62.59502411 24.29677773
v -81.02440643 62.15634155 24.29677773
v -81.19652557 61.70583344 24.29677773
v -81.33971405 61.24531937 24.29677773
v -81.45341492 60.77664948 24.29677773
v -81.53715515 60.30171204 24.29677773
v -81.59061432 59.82241821 24.29677773
v -81.61355591 59.34069824 24.29677773
v -81.60591125 58.85849380 24.29677773
v -81.56768799 58.37774658 24.29677773
v -81.49905396 57.90039062 24.29677773
v -81.40028381 57.42834854 24.29677773
v -81.27177429 56.96352386 24.29677773
v -81.11403656 56.50778198 24.29677773
v -80.92771912 56.06296539 24.29677773
v -80.71356201 55.63085938 24.29677773
v -80.47242737 55.21320343 24.29677773
v -80.20529175 54.81168747 24.29677773
v -79.91323090 54.42791748 24.29677773
v -79.59741211 54.06344604 24.29677773
v -79.25911713 53.71973801 24.29677773
v -78.89970398 53.39818192 24.29677773
v -78.52061462 53.10006332 24.29677773
v -78.12338257 52.82659149 24.29677773
v -77.70960999 52.57886124 24.29677773
v -77.28096008 52.35787582 24.29677773
v -76.83914948 52.16452026 24.29677773
v -76.38597107 51.99957657 24.29677773
v -75.92324066 51.86370850 24.29677773
v -75.45282745 51.75746155 24.29677773
v -74.97661591 51.68126297 24.29677773
v -81.59921265 59.70214081 24.37977791
v -81.61451721 59.22011948 24.37977791
v -81.55337524 60.18222046 24.37977791
v -81.47717285 60.65842819 24.37977791
v -81.37092590 61.12884140 24.37977791
v -81.23505402 61.59157181 24.37977791
v -81.07011414 62.04475403 24.37977791
v -80.87675476 62.48656082 24.37977791
v -80.65576935 62.91521454 24.37977791
v -80.40804291 63.32898712 24.37977791
v -80.13456726 63.72621918 24.37977791
v -79.83645630 64.10530090 24.37977791
v -79.51489258 64.46472168 24.37977791
v -79.17118835 64.80301666 24.37977791
v -78.80671692 65.11882782 24.37977791
v -78.42295074 65.41089630 24.37977791
v -78.02143097 65.67803192 24.37977791
v -77.60377502 65.91916656 24.37977791
v -77.17166901 66.13332367 24.37977791
v -76.72685242 66.31964111 24.37977791
v -76.27111053 66.47737885 24.37977791
v -75.80628204 66.60588837 24.37977791
v -75.33424377 66.70465851 24.37977791
v -74.85688782 66.77329254 24.37977791
v -74.37613678 66.81150818 24.37977791
v -73.89393616 66.81916046 24.37977791
v -73.41221619 66.79621124 24.37977791
v -72.93292236 66.74275970 24.37977791
v -72.45798492 66.65901947 24.37977791
v -71.98931122 66.54531860 24.37977791
v -71.52880096 66.40212250 24.37977791
v -71.07829285 66.23001099 24.37977791
v -70.63961029 66.02967072 24.37977791
v -70.21451569 65.80191040 24.37977791
v -69.80472565 65.54764557 24.37977791
v -69.41188049 65.26790619 24.37977791
v -69.03757477 64.96381378 24.37977791
v -68.68330383 64.63659668 24.37977791
v -68.35050964 64.28755951 24.37977791
v -68.04051208 63.91812515 24.37977791
v -67.75457001 63.52977371 24.37977791
v -67.49384308 63.12406540 24.37977791
v -67.25936890 62.70264053 24.37977791
v -67.05209351 62.26718903 24.37977791
v -66.87284851 61.81946945 24.37977791
v -66.72236633 61.36128616 24.37977791
v -66.60124969 60.89447784 24.37977791
v -66.50997925 60.42092896 24.37977791
v -66.44892883 59.94254303 24.37977791
v -66.41834259 59.46125031 24.37977791
v -66.41834259 58.97898483 24.37977791
v -66.44892883 58.49769211 24.37977791
v -66.50997925 58.01930618 24.37977791
v -66.60124969 57.54575729 24.37977791
v -66.72236633 57.07894897 24.37977791
v -66.87284851 56.62076569 24.37977791
v -67.05209351 56.17304611 24.37977791
v -67.25936890 55.73759842 24.37977791
v -67.49384308 55.31616974 24.37977791
v -67.75457001 54.91046143 24.37977791
v -68.04051208 54.52210999 24.37977791
v -68.35050964 54.15267181 24.37977791
v -68.68330383 53.80364227 24.37977791
v -69.03757477 53.47642136 24.37977791
v -69.41188049 53.17232895 24.37977791
v -69.80472565 52.89258575 24.37977791
v -70.21451569 52.63832474 24.37977791
v -70.63961029 52.41056442 24.37977791
v -71.07829285 52.21022415 24.37977791
v -71.52880096 52.03811264 24.37977791
v -71.98931122 51.89491653 24.37977791
v -72.45798492 51.78121948 24.37977791
v -72.93292236 51.69747543 24.37977791
v -73.41221619 51.64402008 24.37977791
v -73.89393616 51.62107468 24.37977791
v -74.37613678 51.62872696 24.37977791
v -74.85688782 51.66694641 24.37977791
v -75.33424377 51.73558044 24.37977791
v -75.80628204 51.83435059 24.37977791
v -76.27111053 51.96286011 24.37977791
v -76.72685242 52.12059402 24.37977791
v -77.17166901 52.30691528 24.37977791
v -77.60377502 52.52107239 24.37977791
v -78.02143097 52.76220322 24.37977791
v -78.42295074 53.02934265 24.37977791
v -78.80671692 53.32140350 24.37977791
v -79.17118835 53.63722229 24.37977791
v -79.51489258 53.97551727 24.37977791
v -79.83645630 54.33493042 24.37977791
v -80.13456726 54.71401596 24.37977791
v -80.40804291 55.11124802 24.37977791
v -80.65576935 55.52502441 24.37977791
v -80.87675476 55.95367813 24.37977791
v -81.07011414 56.39548492 24.37977791
v -81.23505402 56.84866333 24.37977791
v -81.37092590 57.31139374 24.37977791
v -81.47717285 57.78180695 24.37977791
v -81.55337524 58.25801468 24.37977791
v -81.59921265 58.73809814 24.37977791
v -76.95668793 65.84629059 22.81652641
v -77.22110748 65.72244263 24.04777718
v -77.38375854 65.63967133 22.81652641
v -77.63951874 65.49880219 24.04777718
v -77.79640198 65.40557098 22.81652641
v -78.04239655 65.24827576 24.04777718
v -78.19285583 65.14498138 22.81652641
v -78.42803955 64.97193146 24.04777718
v -78.57141113 64.85901642 22.81652641
v -78.79476929 64.67095947 24.04777718
v -78.93045807 64.54891205 22.81652641
v -79.14103699 64.34664154 24.04777718
v -79.26845551 64.21598053 22.81652641
v -79.46535492 64.00037384 24.04777718
v -79.58394623 63.86166000 22.81652641
v -79.76632690 63.63364029 24.04777718
v -79.87559509 63.48746490 22.81652641
v -80.04267120 63.24800110 24.04777718
v -80.14214325 63.09499359 22.81652641
v -80.29319763 62.84511948 24.04777718
v -80.38245392 62.68593216 22.81652641
v -80.51684570 62.42671204 24.04777718
v -80.59549713 62.26202774 22.81652641
v -80.71263885 61.99457169 24.04777718
v -80.78035736 61.82509995 22.81652641
v -80.87976074 61.55055237 24.04777718
v -80.93624115 61.37701416 22.81652641
v -81.01747894 61.09655762 24.04777718
v -81.06249237 60.91969299 22.81652641
v -81.12520599 60.63452148 24.04777718
v -81.15855408 60.45509720 22.81652641
v -81.20249176 60.16643143 24.04777718
v -81.22402954 59.98521042 22.81652641
v -81.24899292 59.69429016 24.04777718
v -81.25863647 59.51204681 22.81652641
v -81.26451874 59.22011948 24.04777718
v -81.26222229 59.03763199 22.81652641
v -81.24899292 58.74594498 24.04777718
v -81.23476410 58.56400299 22.81652641
v -81.20249176 58.27380371 24.04777718
v -81.17639160 58.09317780 22.81652641
v -81.12520599 57.80571365 24.04777718
v -81.08735657 57.62718201 22.81652641
v -81.01747894 57.34368134 24.04777718
v -80.96802521 57.16800690 22.81652641
v -80.87976074 56.88968277 24.04777718
v -80.81892395 56.71762085 22.81652641
v -80.71263885 56.44566345 24.04777718
v -80.64068604 56.27794647 22.81652641
v -80.51684570 56.01352692 24.04777718
v -80.43407440 55.85087585 22.81652641
v -80.29319763 55.59511948 24.04777718
v -80.19996643 55.43822861 22.81652641
v -80.04267120 55.19223404 24.04777718
v -79.93937683 55.04177856 22.81652641
v -79.76632690 54.80659866 24.04777718
v -79.65341187 54.66321945 22.81652641
v -79.46535492 54.43986130 24.04777718
v -79.34330750 54.30417633 22.81652641
v -79.14103699 54.09359360 24.04777718
v -79.01037598 53.96618271 22.81652641
v -78.79476929 53.76927948 24.04777718
v -78.65605927 53.65068436 22.81652641
v -78.42803955 53.46830750 24.04777718
v -78.28186035 53.35903931 22.81652641
v -78.04239655 53.19196320 24.04777718
v -77.88939667 53.09249115 22.81652641
v -77.63951874 52.94143295 24.04777718
v -77.48033142 52.85218048 22.81652641
v -77.22110748 52.71779251 24.04777718
v -77.05642700 52.63914108 22.81652641
v -76.78897095 52.52199173 24.04777718
v -76.61949921 52.45428085 22.81652641
v -76.34495544 52.35487366 24.04777718
v -76.17140961 52.29839325 22.81652641
v -75.89095306 52.21715546 24.04777718
v -75.71408844 52.17214203 22.81652641
v -75.42891693 52.10942459 24.04777718
v -75.24949646 52.07607651 22.81652641
v -74.96083069 52.03214264 24.04777718
v -74.77960968 52.01060104 22.81652641
v -74.48868561 51.98564148 24.04777718
v -74.30644226 51.97599792 22.81652641
v -74.01451874 51.97011948 24.04777718
v -73.83203125 51.97241592 22.81652641
v -73.54034424 51.98564148 24.04777718
v -73.35839844 51.99986649 22.81652641
v -73.06819916 52.03214264 24.04777718
v -72.88757324 52.05823898 22.81652641
v -72.60011292 52.10942459 24.04777718
v -72.42157745 52.14727783 22.81652641
v -72.13807678 52.21715546 24.04777718
v -71.96240234 52.26660538 22.81652641
v -71.68408203 52.35487366 24.04777718
v -71.51201630 52.41570663 22.81652641
v -71.24005890 52.52199173 24.04777718
v -71.07234192 52.59394836 22.81652641
v -70.80792236 52.71779251 24.04777718
v -70.64527130 52.80056000 22.81652641
v -70.38951874 52.94143295 24.04777718
v -70.23262787 53.03466415 22.81652641
v -69.98663330 53.19196320 24.04777718
v -69.83617401 53.29525757 22.81652641
v -69.60099792 53.46830750 24.04777718
v -69.45761871 53.58121872 22.81652641
v -69.23426056 53.76927948 24.04777718
v -69.09857178 53.89132690 22.81652641
v -68.88799286 54.09359360 24.04777718
v -68.76058197 54.22425461 22.81652641
v -68.56367493 54.43986130 24.04777718
v -68.44508362 54.57857513 22.81652641
v -68.26270294 54.80659866 24.04777718
v -68.15343475 54.95277023 22.81652641
v -67.98635864 55.19223404 24.04777718
v -67.88688660 55.34524155 22.81652641
v -67.73583221 55.59511948 24.04777718
v -67.64657593 55.75430298 22.81652641
v -67.51219177 56.01352692 24.04777718
v -67.43354034 56.17820740 22.81652641
v -67.31639099 56.44566345 24.04777718
v -67.24868011 56.61513519 22.81652641
v -67.14926910 56.88968277 24.04777718
v -67.09278870 57.06322098 22.81652641
v -67.01155090 57.34368134 24.04777718
v -66.96654510 57.52054214 22.81652641
v -66.90382385 57.80571365 24.04777718
v -66.87047577 57.98514175 22.81652641
v -66.82653809 58.27380371 24.04777718
v -66.80500031 58.45502853 22.81652641
v -66.78003693 58.74594498 24.04777718
v -66.77039337 58.92818832 22.81652641
v -66.76451874 59.22011948 24.04777718
v -66.76681519 59.40260315 22.81652641
v -66.78003693 59.69429016 24.04777718
v -66.79426575 59.87623596 22.81652641
v -66.82653809 60.16643143 24.04777718
v -66.85263824 60.34705734 22.81652641
v -66.90382385 60.63452148 24.04777718
v -66.94167328 60.81305313 22.81652641
v -67.01155090 61.09655762 24.04777718
v -67.06100464 61.27222824 22.81652641
v -67.14926910 61.55055237 24.04777718
v -67.21010590 61.72261810 22.81652641
v -67.31639099 61.99457169 24.04777718
v -67.38834381 62.16228867 22.81652641
v -67.51219177 62.42671204 24.04777718
v -67.59496307 62.58935928 22.81652641
v -67.73583221 62.84511948 24.04777718
v -67.82906342 63.00200653 22.81652641
v -67.98635864 63.24800110 24.04777718
v -68.08965302 63.39845657 22.81652641
v -68.26270294 63.63364029 24.04777718
v -68.37561798 63.77701569 22.81652641
v -68.56367493 64.00037384 24.04777718
v -68.68572235 64.13606262 22.81652641
v -68.88799286 64.34664154 24.04777718
v -69.01865387 64.47405243 22.81652641
v -69.23426056 64.67095947 24.04777718
v -69.37297058 64.78955078 22.81652641
v -69.60099792 64.97193146 24.04777718
v -69.74716949 65.08119965 22.81652641
v -69.98663330 65.24827576 24.04777718
v -70.13964081 65.34774780 22.81652641
v -70.38951874 65.49880219 24.04777718
v -70.54869843 65.58805847 22.81652641
v -70.80792236 65.72244263 24.04777718
v -70.97260284 65.80109406 22.81652641
v -71.24005890 65.91824341 24.04777718
v -71.40953064 65.98595428 22.81652641
v -71.68408203 66.08536530 24.04777718
v -71.85762024 66.14184570 22.81652641
v -72.13807678 66.22308350 24.04777718
v -72.31494141 66.26808929 22.81652641
v -72.60011292 66.33081055 24.04777718
v -72.77954102 66.36415863 22.81652641
v -73.06819916 66.40809631 24.04777718
v -73.24942780 66.42963409 22.81652641
v -73.54034424 66.45459747 24.04777718
v -73.72258759 66.46424103 22.81652641
v -74.01451874 66.47011566 24.04777718
v -74.19699860 66.46781921 22.81652641
v -74.48868561 66.45459747 24.04777718
v -74.67063141 66.44036865 22.81652641
v -74.96083069 66.40809631 24.04777718
v -75.14145660 66.38199615 22.81652641
v -75.42891693 66.33081055 24.04777718
v -75.60745239 66.29296112 22.81652641
v -75.89095306 66.22308350 24.04777718
v -76.06662750 66.17362976 22.81652641
v -76.34495544 66.08536530 24.04777718
v -76.51701355 66.02452850 22.81652641
v -76.78897095 65.91824341 24.04777718
v -76.95668793 65.84629059 22.81652641
v -77.38375854 65.63967133 22.81652641
v -77.79640198 65.40557098 22.81652641
v -78.19285583 65.14498138 22.81652641
v -78.57141113 64.85901642 22.81652641
v -78.93045807 64.54891205 22.81652641
v -79.26845551 64.21598053 22.81652641
v -79.58394623 63.86166000 22.81652641
v -79.87559509 63.48746490 22.81652641
v -80.14214325 63.09499359 22.81652641
v -80.38245392 62.68593216 22.81652641
v -80.59549713 62.26202774 22.81652641
v -80.78035736 61.82509995 22.81652641
v -80.93624115 61.37701416 22.81652641
v -81.06249237 60.91969299 22.81652641
v -81.15855408 60.45509720 22.81652641
v -81.22402954 59.98521042 22.81652641
v -81.25863647 59.51204681 22.81652641
v -81.26222229 59.03763199 22.81652641
v -81.23476410 58.56400299 22.81652641
v -81.17639160 58.09317780 22.81652641
v -81.08735657 57.62718201 22.81652641
v -80.96802521 57.16800690 22.81652641
v -80.81892395 56.71762085 22.81652641
v -80.64068604 56.27794647 22.81652641
v -80.43407440 55.85087585 22.81652641
v -80.19996643 55.43822861 22.81652641
v -79.93937683 55.04177856 22.81652641
v -79.65341187 54.66321945 22.81652641
v -79.34330750 54.30417633 22.81652641
v -79.01037598 53.96618271 22.81652641
v -78.65605927 53.65068436 22.81652641
v -78.28186035 53.35903931 22.81652641
v -77.88939667 53.09249115 22.81652641
v -77.48033142 52.85218048 22.81652641
v -77.05642700 52.63914108 22.81652641
v -76.61949921 52.45428085 22.81652641
v -76.17140961 52.29839325 22.81652641
v -75.71408844 52.17214203 22.81652641
v -75.24949646 52.07607651 22.81652641
v -74.77960968 52.01060104 22.81652641
v -74.30644226 51.97599792 22.81652641
v -73.83203125 51.97241592 22.81652641
v -73.35839844 51.99986649 22.81652641
v -72.88757324 52.05823898 22.81652641
v -72.42157745 52.14727783 22.81652641
v -71.96240234 52.26660538 22.81652641
v -71.51201630 52.41570663 22.81652641
v -71.07234192 52.59394836 22.81652641
v -70.64527130 52.80056000 22.81652641
v -70.23262787 53.03466415 22.81652641
v -69.83617401 53.29525757 22.81652641
v -69.45761871 53.58121872 22.81652641
v -69.09857178 53.89132690 22.81652641
v -68.76058197 54.22425461 22.81652641
v -68.44508362 54.57857513 22.81652641
v -68.15343475 54.95277023 22.81652641
v -67.88688660 55.34524155 22.81652641
v -67.64657593 55.75430298 22.81652641
v -67.43354034 56.17820740 22.81652641
v -67.24868011 56.61513519 22.81652641
v -67.09278870 57.06322098 22.81652641
v -66.96654510 57.52054214 22.81652641
v -66.87047577 57.98514175 22.81652641
v -66.80500031 58.45502853 22.81652641
v -66.77039337 58.92818832 22.81652641
v -66.76681519 59.40260315 22.81652641
v -66.79426575 59.87623596 22.81652641
v -66.85263824 60.34705734 22.81652641
v -66.94167328 60.81305313 22.81652641
v -67.06100464 61.27222824 22.81652641
v -67.21010590 61.72261810 22.81652641
v -67.38834381 62.16228867 22.81652641
v -67.59496307 62.58935928 22.81652641
v -67.82906342 63.00200653 22.81652641
v -68.08965302 63.39845657 22.81652641
v -68.37561798 63.77701569 22.81652641
v -68.68572235 64.13606262 22.81652641
v -69.01865387 64.47405243 22.81652641
v -69.37297058 64.78955078 22.81652641
v -69.74716949 65.08119965 22.81652641
v -70.13964081 65.34774780 22.81652641
v -70.54869843 65.58805847 22.81652641
v -70.97260284 65.80109406 22.81652641
v -71.40953064 65.98595428 22.81652641
v -71.85762024 66.14184570 22.81652641
v -72.31494141 66.26808929 22.81652641
v -72.77954102 66.36415863 22.81652641
v -73.24942780 66.42963409 22.81652641
v -73.72258759 66.46424103 22.81652641
v -74.19699860 66.46781921 22.81652641
v -74.67063141 66.44036865 22.81652641
v -75.14145660 66.38199615 22.81652641
v -75.60745239 66.29296112 22.81652641
v -76.06662750 66.17362976 22.81652641
v -76.51701355 66.02452850 22.81652641
v -77.44462585 65.75564575 21.06498909
v -77.38375854 65.63967133 20.94302750
v -77.18682098 65.88459778 21.06498909
v -76.95668793 65.84629059 20.94302750
v -76.75774384 66.07238007 21.06498909
v -76.51701355 66.02452850 20.94302750
v -76.31762695 66.23256683 21.06498909
v -76.06662750 66.17362976 20.94302750
v -75.86823273 66.36452484 21.06498909
v -75.60745239 66.29296112 20.94302750
v -75.41137695 66.46771240 21.06498909
v -75.14145660 66.38199615 20.94302750
v -74.94889069 66.54170990 21.06498909
v -74.67063141 66.44036865 20.94302750
v -74.48264313 66.58623505 21.06498909
v -74.19699860 66.46781921 20.94302750
v -74.01451874 66.60109711 21.06498909
v -73.72258759 66.46424103 20.94302750
v -73.54638672 66.58623505 21.06498909
v -73.24942780 66.42963409 20.94302750
v -73.08013916 66.54170990 21.06498909
v -72.77954102 66.36415863 20.94302750
v -72.61766052 66.46771240 21.06498909
v -72.31494141 66.26808929 20.94302750
v -72.16079712 66.36452484 21.06498909
v -71.85762024 66.14184570 20.94302750
v -71.71140289 66.23256683 21.06498909
v -71.40953064 65.98595428 20.94302750
v -71.27128601 66.07238007 21.06498909
v -70.97260284 65.80109406 20.94302750
v -70.84220886 65.88459778 21.06498909
v -70.54869843 65.58805847 20.94302750
v -70.42591095 65.66998291 21.06498909
v -70.13964081 65.34774780 20.94302750
v -70.02405548 65.42938995 21.06498909
v -69.74716949 65.08119965 20.94302750
v -69.63827515 65.16379547 21.06498909
v -69.37297058 64.78955078 20.94302750
v -69.27011871 64.87427521 21.06498909
v -69.01865387 64.47405243 20.94302750
v -68.92105865 64.56198120 21.06498909
v -68.68572235 64.13606262 20.94302750
v -68.58945465 64.22486877 21.06498909
v -68.28579712 63.87421036 21.06498909
v -68.19934845 63.94444275 21.20507240
v -67.91142273 63.56611252 21.20507240
v -67.83867645 63.61791611 21.36016273
v -67.57218170 63.21736526 21.36016273
v -67.51673889 63.25176620 21.52680969
v -67.27411652 62.83153534 21.52680969
v -67.23908997 62.85030365 21.70130920
v -67.02249146 62.41326904 21.70130920
v -67.01035309 62.41881180 21.87977791
v -66.82157898 61.96814346 21.87977791
v -66.83404541 61.96337891 22.05824661
v -66.67451477 61.50244141 22.05824661
v -66.71245575 61.49064255 22.23274422
v -66.58315277 61.02294540 22.23274422
v -66.64656830 61.00756454 22.39939308
v -66.54803467 60.53665924 22.39939308
v -66.63598633 60.52115250 22.55448341
v -66.56832123 60.05055618 22.55448341
v -66.67901611 60.03821182 22.69456673
v -66.64189911 59.57131958 22.69456673
v -66.63446808 59.10301208 22.69456673
v -66.65675354 58.63517761 22.69456673
v -66.70866394 58.16969681 22.69456673
v -66.79000092 57.70844650 22.69456673
v -66.90042114 57.25328064 22.69456673
v -67.03948975 56.80603790 22.69456673
v -67.20664215 56.36851501 22.69456673
v -67.40120697 55.94247437 22.69456673
v -67.62240601 55.52962875 22.69456673
v -67.86933899 55.13164902 22.69456673
v -68.14101410 54.75012589 22.69456673
v -68.43634796 54.38660812 22.69456673
v -68.75413513 54.04254913 22.69456673
v -69.09310913 53.71933746 22.69456673
v -69.45189667 53.41827774 22.69456673
v -69.82906342 53.14057922 22.69456673
v -70.22307587 52.88736343 22.69456673
v -70.63235474 52.65964508 22.69456673
v -71.05525970 52.45834351 22.69456673
v -71.49007416 52.28427124 22.69456673
v -71.93505096 52.13812256 22.69456673
v -72.39279938 52.01950455 22.69456673
v -72.84831238 51.93185425 22.69456673
v -72.36833191 51.91084290 22.55448341
v -72.83071136 51.82187271 22.55448341
v -72.34870911 51.82371902 22.39939308
v -72.81660461 51.73368835 22.39939308
v -72.33437347 51.76006317 22.23274422
v -72.80628967 51.66925812 22.23274422
v -72.32563782 51.72129440 22.05824661
v -72.80001068 51.63001633 22.05824661
v -72.32270813 51.70827484 21.87977791
v -72.79790497 51.61684036 21.87977791
v -72.32563782 51.72129440 21.70130920
v -72.80001068 51.63001633 21.70130920
v -72.33437347 51.76006317 21.52680969
v -72.80628967 51.66925812 21.52680969
v -72.34870911 51.82371902 21.36016273
v -72.81660461 51.73368835 21.36016273
v -72.36833191 51.91084290 21.20507240
v -72.83071136 51.82187271 21.20507240
v -72.39279938 52.01950455 21.06498909
v -72.84831238 51.93185425 21.06498909
v -72.42157745 52.14727783 20.94302750
v -72.88757324 52.05823898 20.94302750
v -68.37561798 63.77701569 20.94302750
v -68.00215149 63.50150299 21.06498909
v -67.64807129 63.17028046 21.20507240
v -67.33163452 62.80072021 21.36016273
v -67.05863953 62.39676285 21.52680969
v -66.83404541 61.96337891 21.70130920
v -66.66176605 61.50640488 21.87977791
v -66.54453278 61.03231430 22.05824661
v -66.48377228 60.54799271 22.23274422
v -66.47956848 60.06045532 22.39939308
v -66.53064728 59.57661819 22.55448341
v -68.08965302 63.39845657 20.94302750
v -67.74271393 63.11155701 21.06498909
v -67.41035461 62.75854111 21.20507240
v -67.11798859 62.36965561 21.36016273
v -66.87117004 61.94919586 21.52680969
v -66.67451477 61.50244141 21.70130920
v -66.53157043 61.03546143 21.87977791
v -66.44464111 60.55489349 22.05824661
v -66.41471863 60.06768799 22.23274422
v -66.44143677 59.58086777 22.39939308
v -66.52310181 59.10124588 22.55448341
v -67.82906342 63.00200653 20.94302750
v -67.50852966 62.70594025 21.06498909
v -67.19922638 62.33255386 21.20507240
v -66.93212128 61.92591095 21.36016273
v -66.71245575 61.49064255 21.52680969
v -66.54453278 61.03231430 21.70130920
v -66.43149567 60.55720901 21.87977791
v -66.37522125 60.07209396 22.05824661
v -66.37625885 59.58397293 22.23274422
v -66.43380737 59.09982681 22.39939308
v -66.54572296 58.62635040 22.55448341
v -67.59496307 62.58935928 20.94302750
v -67.30054474 62.28628540 21.06498909
v -67.01554871 61.89403534 21.20507240
v -66.77476501 61.47126770 21.36016273
v -66.58315277 61.02294540 21.52680969
v -66.44464111 60.55489349 21.70130920
v -66.36196136 60.07357407 21.87977791
v -66.33657074 59.58586502 22.05824661
v -66.36856079 59.09879303 22.23274422
v -66.45669556 58.61927032 22.39939308
v -66.59841919 58.15384293 22.55448341
v -67.38834381 62.16228867 20.94302750
v -67.11959076 61.85428619 21.06498909
v -66.86004639 61.44475174 21.20507240
v -66.64656830 61.00756454 21.36016273
v -66.48377228 60.54799271 21.52680969
v -66.37522125 60.07209396 21.70130920
v -66.32323456 59.58649826 21.87977791
v -66.32882690 59.09816360 22.05824661
v -66.39165497 58.61410141 22.23274422
v -66.51001740 58.14113617 22.39939308
v -66.68097687 57.68563461 22.55448341
v -67.21010590 61.72261810 20.94302750
v -66.96640778 61.41168213 21.06498909
v -66.73336029 60.98650742 21.20507240
v -66.54803467 60.53665924 21.36016273
v -66.41471863 60.06768799 21.52680969
v -66.33657074 59.58586502 21.70130920
v -66.31548309 59.09794998 21.87977791
v -66.35203552 58.61095047 22.05824661
v -66.44543457 58.13184738 22.23274422
v -66.59356689 57.66734314 22.39939308
v -66.79306793 57.22360229 22.55448341
v -67.06100464 61.27222824 20.94302750
v -66.84159851 60.96025085 21.06498909
v -66.63598633 60.52115250 21.20507240
v -66.47956848 60.06045532 21.36016273
v -66.37625885 59.58397293 21.52680969
v -66.32882690 59.09816360 21.70130920
v -66.33873749 58.60989380 21.87977791
v -66.40609741 58.12619400 22.05824661
v -66.52969360 57.65398026 22.23274422
v -66.70698547 57.19980240 22.39939308
v -66.93423462 56.76960754 22.55448341
v -66.94167328 60.81305313 20.94302750
v -66.74567413 60.50181198 21.06498909
v -66.56832123 60.05055618 21.20507240
v -66.44143677 59.58086777 21.36016273
v -66.36856079 59.09879303 21.52680969
v -66.35203552 58.61095047 21.70130920
v -66.39289093 58.12429428 21.87977791
v -66.49079895 57.64583969 22.05824661
v -66.64409637 57.18241501 22.23274422
v -66.84983826 56.74039841 22.39939308
v -67.10390472 56.32548141 22.55448341
v -66.85263824 60.34705734 20.94302750
v -66.67901611 60.03821182 21.06498909
v -66.53064728 59.57661819 21.20507240
v -66.43380737 59.09982681 21.36016273
v -66.39165497 58.61410141 21.52680969
v -66.40609741 58.12619400 21.70130920
v -66.47773743 57.64310837 21.87977791
v -66.60579681 57.17182541 22.05824661
v -66.78817749 56.71905899 22.23274422
v -67.02153778 56.29097748 22.39939308
v -67.30140686 55.89301300 22.55448341
v -66.79426575 59.87623596 20.94302750
v -66.64189911 59.57131958 21.06498909
v -66.52310181 59.10124588 21.20507240
v -66.45669556 58.61927032 21.36016273
v -66.44543457 58.13184738 21.52680969
v -66.49079895 57.64583969 21.70130920
v -66.59293365 57.16827011 21.87977791
v -66.75061798 56.70605850 22.05824661
v -66.96134949 56.26576996 22.23274422
v -67.22138977 55.85335541 22.39939308
v -67.52594757 55.47393799 22.55448341
v -66.76681519 59.40260315 20.94302750
v -66.63446808 59.10301208 21.06498909
v -66.54572296 58.62635040 21.20507240
v -66.51001740 58.14113617 21.36016273
v -66.52969360 57.65398026 21.52680969
v -66.60579681 57.17182541 21.70130920
v -66.73800659 56.70169449 21.87977791
v -66.92469788 56.25041580 22.05824661
v -67.16292572 55.82437897 22.23274422
v -67.44860077 55.42928696 22.39939308
v -67.77660370 55.06995010 22.55448341
v -66.77039337 58.92818832 20.94302750
v -66.65675354 58.63517761 21.06498909
v -66.59841919 58.15384293 21.20507240
v -66.59356689 57.66734314 21.36016273
v -66.64409637 57.18241501 21.52680969
v -66.75061798 56.70605850 21.70130920
v -66.91238403 56.24526215 21.87977791
v -67.12731934 55.80673218 22.05824661
v -67.39208984 55.39665985 22.23274422
v -67.70224762 55.02048111 22.39939308
v -68.05238342 54.68267441 22.55448341
v -66.80500031 58.45502853 20.94302750
v -66.70866394 58.16969681 21.06498909
v -66.68097687 57.68563461 21.20507240
v -66.70698547 57.19980240 21.36016273
v -66.78817749 56.71905899 21.52680969
v -66.92469788 56.25041580 21.70130920
v -67.11536407 55.80080414 21.87977791
v -67.35768127 55.37678909 22.05824661
v -67.64792633 54.98433685 22.23274422
v -67.98131561 54.62858963 22.39939308
v -68.35217285 54.31366730 22.55448341
v -66.87047577 57.98514175 20.94302750
v -66.79000092 57.70844650 21.06498909
v -66.79306793 57.22360229 21.20507240
v -66.84983826 56.74039841 21.36016273
v -66.96134949 56.26576996 21.52680969
v -67.12731934 55.80673218 21.70130920
v -67.34612274 55.37011719 21.87977791
v -67.61483765 54.96232605 22.05824661
v -67.92938995 54.58907318 22.23274422
v -68.28467560 54.25518417 22.39939308
v -68.67475891 53.96441650 22.55448341
v -66.96654510 57.52054214 20.94302750
v -66.90042114 57.25328064 21.06498909
v -66.93423462 56.76960754 21.20507240
v -67.02153778 56.29097748 21.36016273
v -67.16292572 55.82437897 21.52680969
v -67.35768127 55.37678909 21.70130920
v -67.60372925 54.95493317 21.87977791
v -67.89776611 54.56500626 22.05824661
v -68.23535919 54.21245193 22.23274422
v -68.61110687 53.90177155 22.39939308
v -69.01884460 53.63632965 22.55448341
v -67.09278870 57.06322098 20.94302750
v -67.03948975 56.80603790 21.06498909
v -67.10390472 56.32548141 21.20507240
v -67.22138977 55.85335541 21.36016273
v -67.39208984 55.39665985 21.52680969
v -67.61483765 54.96232605 21.70130920
v -67.88714600 54.55692291 21.87977791
v -68.20532990 54.18642807 22.05824661
v -68.56460571 53.85599899 22.23274422
v -68.95929718 53.56977081 22.39939308
v -69.38304901 53.33072662 22.55448341
v -67.24868011 56.61513519 20.94302750
v -67.20664215 56.36851501 21.06498909
v -67.30140686 55.89301300 21.20507240
v -67.44860077 55.42928696 21.36016273
v -67.64792633 54.98433685 21.52680969
v -67.89776611 54.56500626 21.70130920
v -68.19524384 54.17768860 21.87977791
v -68.53628540 53.82812119 22.05824661
v -68.91578674 53.52114487 22.23274422
v -69.32784271 53.26052475 22.39939308
v -69.76589966 53.04883957 22.55448341
v -67.43354034 56.17820740 20.94302750
v -67.40120697 55.94247437 21.06498909
v -67.52594757 55.47393799 21.20507240
v -67.70224762 55.02048111 21.36016273
v -67.92938995 54.58907318 21.52680969
v -68.20532990 54.18642807 21.70130920
v -68.52677155 53.81875992 21.87977791
v -68.88928986 53.49152756 22.05824661
v -69.28750610 53.20923615 22.23274422
v -69.71525574 52.97527695 22.39939308
v -70.16586304 52.79180145 22.55448341
v -67.64657593 55.75430298 20.94302750
v -67.62240601 55.52962875 21.06498909
v -67.77660370 55.06995010 21.20507240
v -67.98131561 54.62858963 21.36016273
v -68.23535919 54.21245193 21.52680969
v -68.53628540 53.82812119 21.70130920
v -68.88039398 53.48158264 21.87977791
v -69.26293945 53.17799759 22.05824661
v -69.67826080 52.92153168 22.23274422
v -70.11998749 52.71517563 22.39939308
v -70.58132172 52.56064606 22.55448341
v -67.88688660 55.34524155 20.94302750
v -67.86933899 55.13164902 21.06498909
v -68.05238342 54.68267441 21.20507240
v -68.28467560 54.25518417 21.36016273
v -68.56460571 53.85599899 21.52680969
v -68.88928986 53.49152756 21.70130920
v -69.25469208 53.16751099 21.87977791
v -69.65572357 52.88880157 22.05824661
v -70.08647156 52.65919113 22.23274422
v -70.54039764 52.48126602 22.39939308
v -71.01060486 52.35630798 22.55448341
v -68.15343475 54.95277023 20.94302750
v -68.14101410 54.75012589 21.06498909
v -68.35217285 54.31366730 21.20507240
v -68.61110687 53.90177155 21.36016273
v -68.91578674 53.52114487 21.52680969
v -69.26293945 53.17799759 21.70130920
v -69.64815521 52.87780762 21.87977791
v -70.06605530 52.62509537 22.05824661
v -70.51049805 52.42326736 22.23274422
v -70.97479248 52.27449036 22.39939308
v -71.45198059 52.17960739 22.55448341
v -68.44508362 54.57857513 20.94302750
v -68.43634796 54.38660812 21.06498909
v -68.67475891 53.96441650 21.20507240
v -68.95929718 53.56977081 21.36016273
v -69.28750610 53.20923615 21.52680969
v -69.65572357 52.88880157 21.70130920
v -70.05919647 52.61364746 21.87977791
v -70.49228668 52.38794708 22.05824661
v -70.94863129 52.21471405 22.23274422
v -71.42143250 52.09568405 22.39939308
v -71.90367126 52.03125381 22.55448341
v -68.76058197 54.22425461 20.94302750
v -68.75413513 54.04254913 21.06498909
v -69.01884460 53.63632965 21.20507240
v -69.32784271 53.26052475 21.36016273
v -69.67826080 52.92153168 21.52680969
v -70.06605530 52.62509537 21.70130920
v -70.48616791 52.37608337 21.87977791
v -70.93270111 52.17831039 22.05824661
v -71.39911652 52.03436661 22.23274422
v -71.87851715 51.94556427 22.39939308
v -69.09857178 53.89132690 20.94302750
v -69.09310913 53.71933746 21.06498909
v -69.38304901 53.33072662 21.20507240
v -69.71525574 52.97527695 21.36016273
v -70.08647156 52.65919113 21.52680969
v -70.49228668 52.38794708 21.70130920
v -70.92735291 52.16608429 21.87977791
v -71.38552856 51.99702454 22.05824661
v -71.86013031 51.88295746 22.23274422
v -69.45761871 53.58121872 20.94302750
v -69.45189667 53.41827774 21.06498909
v -69.76589966 53.04883957 21.20507240
v -70.11998749 52.71517563 21.36016273
v -70.51049805 52.42326736 21.52680969
v -70.93270111 52.17831039 21.70130920
v -71.38095856 51.98448563 21.87977791
v -71.84893799 51.84482574 22.05824661
v -69.83617401 53.29525757 20.94302750
v -69.82906342 53.14057922 21.06498909
v -70.16586304 52.79180145 21.20507240
v -70.54039764 52.48126602 21.36016273
v -70.94863129 52.21471405 21.52680969
v -71.38552856 51.99702454 21.70130920
v -71.84517670 51.83202362 21.87977791
v -70.23262787 53.03466415 20.94302750
v -70.22307587 52.88736343 21.06498909
v -70.58132172 52.56064606 21.20507240
v -70.97479248 52.27449036 21.36016273
v -71.39911652 52.03436661 21.52680969
v -71.84893799 51.84482574 21.70130920
v -70.64527130 52.80056000 20.94302750
v -70.63235474 52.65964508 21.06498909
v -71.01060486 52.35630798 21.20507240
v -71.42143250 52.09568405 21.36016273
v -71.86013031 51.88295746 21.52680969
v -71.07234192 52.59394836 20.94302750
v -71.05525970 52.45834351 21.06498909
v -71.45198059 52.17960739 21.20507240
v -71.87851715 51.94556427 21.36016273
v -71.51201630 52.41570663 20.94302750
v -71.49007416 52.28427124 21.06498909
v -71.90367126 52.03125381 21.20507240
v -71.96240234 52.26660538 20.94302750
v -71.93505096 52.13812256 21.06498909
v -73.31291199 51.87256241 21.06498909
v -73.35839844 51.99986649 20.94302750
v -73.78033447 51.84285736 21.06498909
v -73.83203125 51.97241592 20.94302750
v -74.24869537 51.84285736 21.06498909
v -74.30644226 51.97599792 20.94302750
v -74.71612549 51.87256241 21.06498909
v -74.77960968 52.01060104 20.94302750
v -75.18071747 51.93185425 21.06498909
v -75.24949646 52.07607651 20.94302750
v -75.64062500 52.02049255 21.06498909
v -75.71408844 52.17214203 20.94302750
v -76.09397888 52.13812256 21.06498909
v -76.17140961 52.29839325 20.94302750
v -76.53895569 52.28427124 21.06498909
v -76.61949921 52.45428085 20.94302750
v -76.97377777 52.45834351 21.06498909
v -77.05642700 52.63914108 20.94302750
v -77.39667511 52.65964508 21.06498909
v -77.48033142 52.85218048 20.94302750
v -77.80595398 52.88736343 21.06498909
v -77.88939667 53.09249115 20.94302750
v -78.19997406 53.14057922 21.06498909
v -78.28186035 53.35903931 20.94302750
v -78.57713318 53.41827774 21.06498909
v -78.65605927 53.65068436 20.94302750
v -78.93592072 53.71933746 21.06498909
v -79.01037598 53.96618271 20.94302750
v -79.27489471 54.04254913 21.06498909
v -79.34330750 54.30417633 20.94302750
v -79.59268188 54.38660812 21.06498909
v -79.65341187 54.66321945 20.94302750
v -79.88801575 54.75012589 21.06498909
v -79.93937683 55.04177856 20.94302750
v -80.15969086 55.13164902 21.06498909
v -80.19996643 55.43822861 20.94302750
v -80.40663147 55.52962875 21.06498909
v -80.43407440 55.85087585 20.94302750
v -80.62782288 55.94247437 21.06498909
v -80.64068604 56.27794647 20.94302750
v -80.82238770 56.36851501 21.06498909
v -80.81892395 56.71762085 20.94302750
v -80.98954773 56.80603790 21.06498909
v -80.96802521 57.16800690 20.94302750
v -81.12860870 57.25328064 21.06498909
v -81.08735657 57.62718201 20.94302750
v -81.23903656 57.70844650 21.06498909
v -81.17639160 58.09317780 20.94302750
v -81.32036591 58.16969681 21.06498909
v -81.23476410 58.56400299 20.94302750
v -81.37227631 58.63517761 21.06498909
v -81.26222229 59.03763199 20.94302750
v -81.39456177 59.10301208 21.06498909
v -81.25863647 59.51204681 20.94302750
v -81.38713074 59.57131958 21.06498909
v -81.22402954 59.98521042 20.94302750
v -81.35001373 60.03821182 21.06498909
v -81.15855408 60.45509720 20.94302750
v -81.28335571 60.50181198 21.06498909
v -81.06249237 60.91969299 20.94302750
v -81.18743134 60.96025085 21.06498909
v -80.93624115 61.37701416 20.94302750
v -81.06128693 61.41598129 21.06498909
v -80.90943909 61.85428619 21.06498909
v -81.01348114 61.89403534 21.20507240
v -80.82980347 62.33255386 21.20507240
v -80.91104126 62.36965561 21.36016273
v -80.69740295 62.80072021 21.36016273
v -80.75491333 62.83153534 21.52680969
v -80.51229095 63.25176620 21.52680969
v -80.54605865 63.27271652 21.70130920
v -80.27587891 63.67881393 21.70130920
v -80.28675079 63.68655777 21.87977791
v -79.99084473 64.07537079 21.87977791
v -79.98048401 64.06695557 22.05824661
v -79.66107178 64.43558502 22.05824661
v -79.63187408 64.40862274 22.23274422
v -79.29148865 64.75444794 22.23274422
v -79.24646759 64.70722961 22.39939308
v -78.88791656 65.02800751 22.39939308
v -78.83051300 64.95959473 22.55448341
v -78.45679474 65.25348663 22.55448341
v -78.39075470 65.16379547 22.69456673
v -78.00497437 65.42938995 22.69456673
v -77.60311890 65.66998291 22.69456673
v -77.44462585 65.75564575 22.69456673
v -77.65727234 65.76731110 22.55448341
v -77.49639130 65.85427094 22.55448341
v -77.70069885 65.84535217 22.39939308
v -77.53788757 65.93334961 22.39939308
v -77.73242188 65.90236664 22.23274422
v -77.56821442 65.99112701 22.23274422
v -77.75173950 65.93709564 22.05824661
v -77.58668518 66.02631378 22.05824661
v -77.75823212 65.94876099 21.87977791
v -77.59288788 66.03813171 21.87977791
v -77.75173950 65.93709564 21.70130920
v -77.58668518 66.02631378 21.70130920
v -77.73242188 65.90236664 21.52680969
v -77.56821442 65.99112701 21.52680969
v -77.70069885 65.84535217 21.36016273
v -77.53788757 65.93334961 21.36016273
v -77.65727234 65.76731110 21.20507240
v -77.49639130 65.85427094 21.20507240
v -77.60311890 65.66998291 21.06498909
v -77.79640198 65.40557098 20.94302750
v -78.00497437 65.42938995 21.06498909
v -78.19285583 65.14498138 20.94302750
v -78.39075470 65.16379547 21.06498909
v -78.57141113 64.85901642 20.94302750
v -78.75891876 64.87427521 21.06498909
v -78.93045807 64.54891205 20.94302750
v -79.10797119 64.56198120 21.06498909
v -79.26845551 64.21598053 20.94302750
v -79.43651581 64.22817993 21.06498909
v -79.58394623 63.86166000 20.94302750
v -79.74323273 63.87421036 21.06498909
v -79.87559509 63.48746490 20.94302750
v -80.02687836 63.50150299 21.06498909
v -80.14214325 63.09499359 20.94302750
v -80.28631592 63.11155701 21.06498909
v -80.38245392 62.68593216 20.94302750
v -80.52050018 62.70594025 21.06498909
v -80.59549713 62.26202774 20.94302750
v -80.72848511 62.28628540 21.06498909
v -80.78035736 61.82509995 20.94302750
v -78.75891876 64.87427521 22.69456673
v -79.18483734 64.64259338 22.55448341
v -79.58394623 64.36434937 22.39939308
v -79.94963837 64.04190063 22.23274422
v -80.27587891 63.67881393 22.05824661
v -80.55740356 63.27975464 21.87977791
v -80.78993988 62.85030365 21.70130920
v -80.97039795 62.39676285 21.52680969
v -81.09690857 61.92591095 21.36016273
v -81.16762543 61.44911575 21.20507240
v -79.10797119 64.56198120 22.69456673
v -79.51834106 64.30374908 22.55448341
v -79.89900208 64.00075531 22.39939308
v -80.24350739 63.65576553 22.23274422
v -80.54605865 63.27271652 22.05824661
v -80.80170441 62.85660553 21.87977791
v -81.00654602 62.41326904 21.70130920
v -81.15786743 61.94919586 21.52680969
v -81.25289154 61.47568512 21.36016273
v -81.29567719 60.98650742 21.20507240
v -79.43651581 64.22817993 22.69456673
v -79.82968140 63.94444275 22.55448341
v -80.19036102 63.61791611 22.39939308
v -80.51229095 63.25176620 22.23274422
v -80.78993988 62.85030365 22.05824661
v -81.01868439 62.41881180 21.87977791
v -81.19498444 61.96337891 21.70130920
v -81.31518555 61.49509811 21.52680969
v -81.38246918 61.00756454 21.36016273
v -81.39304352 60.52115250 21.20507240
v -79.74323273 63.87421036 22.69456673
v -80.11760712 63.56611252 22.55448341
v -80.45684814 63.21736526 22.39939308
v -80.75491333 62.83153534 22.23274422
v -81.00654602 62.41326904 22.05824661
v -81.20745087 61.96814346 21.87977791
v -81.35312653 61.50691986 21.70130920
v -81.44587708 61.02294540 21.52680969
v -81.48099518 60.53665924 21.36016273
v -81.46070862 60.05055618 21.20507240
v -80.02687836 63.50150299 22.69456673
v -80.38095856 63.17028046 22.55448341
v -80.69740295 62.80072021 22.39939308
v -80.97039795 62.39676285 22.23274422
v -81.19498444 61.96337891 22.05824661
v -81.36586761 61.51089096 21.87977791
v -81.48449707 61.03231430 21.70130920
v -81.54525757 60.54799271 21.52680969
v -81.54946899 60.06045532 21.36016273
v -81.49838257 59.57661819 21.20507240
v -80.28631592 63.11155701 22.69456673
v -80.61867523 62.75854111 22.55448341
v -80.91104126 62.36965561 22.39939308
v -81.15786743 61.94919586 22.23274422
v -81.35312653 61.50691986 22.05824661
v -81.49746704 61.03546143 21.87977791
v -81.58439636 60.55489349 21.70130920
v -81.61431122 60.06768799 21.52680969
v -81.58759308 59.58086777 21.36016273
v -81.50592804 59.10124588 21.20507240
v -80.52050018 62.70594025 22.69456673
v -80.82980347 62.33255386 22.55448341
v -81.09690857 61.92591095 22.39939308
v -81.31518555 61.49509811 22.23274422
v -81.48449707 61.03231430 22.05824661
v -81.59753418 60.55720901 21.87977791
v -81.65380859 60.07209396 21.70130920
v -81.65277100 59.58397293 21.52680969
v -81.59523010 59.09982681 21.36016273
v -81.48330688 58.62635040 21.20507240
v -80.72848511 62.28628540 22.69456673
v -81.01348114 61.89403534 22.55448341
v -81.25289154 61.47568512 22.39939308
v -81.44587708 61.02294540 22.23274422
v -81.58439636 60.55489349 22.05824661
v -81.66706848 60.07357407 21.87977791
v -81.69246674 59.58586502 21.70130920
v -81.66046906 59.09879303 21.52680969
v -81.57233429 58.61927032 21.36016273
v -81.43061066 58.15384293 21.20507240
v -80.90943909 61.85428619 22.69456673
v -81.16762543 61.44911575 22.55448341
v -81.38246918 61.00756454 22.39939308
v -81.54525757 60.54799271 22.23274422
v -81.65380859 60.07209396 22.05824661
v -81.70579529 59.58649826 21.87977791
v -81.70020294 59.09816360 21.70130920
v -81.63738251 58.61410141 21.52680969
v -81.51901245 58.14113617 21.36016273
v -81.34805298 57.68563461 21.20507240
v -81.06128693 61.41598129 22.69456673
v -81.29567719 60.98650742 22.55448341
v -81.48099518 60.53665924 22.39939308
v -81.61431122 60.06768799 22.23274422
v -81.69246674 59.58586502 22.05824661
v -81.71354675 59.09794998 21.87977791
v -81.67699432 58.61095047 21.70130920
v -81.58359528 58.13184738 21.52680969
v -81.43547058 57.66734314 21.36016273
v -81.23596191 57.22360229 21.20507240
v -81.18743134 60.96025085 22.69456673
v -81.28335571 60.50181198 22.69456673
v -81.35001373 60.03821182 22.69456673
v -81.38713074 59.57131958 22.69456673
v -81.39456177 59.10301208 22.69456673
v -81.37227631 58.63517761 22.69456673
v -81.32036591 58.16969681 22.69456673
v -81.23903656 57.70844650 22.69456673
v -81.12860870 57.25328064 22.69456673
v -80.98954773 56.80603790 22.69456673
v -80.82238770 56.36851501 22.69456673
v -80.62782288 55.94247437 22.69456673
v -80.40663147 55.52962875 22.69456673
v -80.15969086 55.13164902 22.69456673
v -79.88801575 54.75012589 22.69456673
v -79.59268188 54.38660812 22.69456673
v -79.27489471 54.04254913 22.69456673
v -78.93592072 53.71933746 22.69456673
v -78.57713318 53.41827774 22.69456673
v -78.19997406 53.14057922 22.69456673
v -77.80595398 52.88736343 22.69456673
v -77.39667511 52.65964508 22.69456673
v -76.97377777 52.45834351 22.69456673
v -76.53895569 52.28427124 22.69456673
v -76.09397888 52.13812256 22.69456673
v -75.64062500 52.02049255 22.69456673
v -75.18071747 51.93185425 22.69456673
v -74.71612549 51.87256241 22.69456673
v -74.24869537 51.84285736 22.69456673
v -73.78033447 51.84285736 22.69456673
v -73.31291199 51.87256241 22.69456673
v -66.74567413 60.50181198 22.69456673
v -66.73336029 60.98650742 22.55448341
v -66.77476501 61.47126770 22.39939308
v -66.87117004 61.94919586 22.23274422
v -67.02249146 62.41326904 22.05824661
v -67.22732544 62.85660553 21.87977791
v -67.48297119 63.27271652 21.70130920
v -67.78552246 63.65576553 21.52680969
v -68.13003540 64.00075531 21.36016273
v -68.50759125 64.30039215 21.20507240
v -66.84159851 60.96025085 22.69456673
v -66.86004639 61.44475174 22.55448341
v -66.93212128 61.92591095 22.39939308
v -67.05863953 62.39676285 22.23274422
v -67.23908997 62.85030365 22.05824661
v -67.47162628 63.27975464 21.87977791
v -67.75315094 63.67881393 21.70130920
v -68.07939148 64.04190063 21.52680969
v -68.44194794 64.36094666 21.36016273
v -68.84420013 64.64259338 21.20507240
v -66.96640778 61.41168213 22.69456673
v -67.01554871 61.89403534 22.55448341
v -67.11798859 62.36965561 22.39939308
v -67.27411652 62.83153534 22.23274422
v -67.48297119 63.27271652 22.05824661
v -67.74227905 63.68655777 21.87977791
v -68.04854584 64.06695557 21.70130920
v -68.39398956 64.40518951 21.52680969
v -68.78256989 64.70722961 21.36016273
v -69.19852448 64.95959473 21.20507240
v -67.11959076 61.85428619 22.69456673
v -67.19922638 62.33255386 22.55448341
v -67.33163452 62.80072021 22.39939308
v -67.51673889 63.25176620 22.23274422
v -67.75315094 63.67881393 22.05824661
v -68.03818512 64.07537079 21.87977791
v -68.36478424 64.43213654 21.70130920
v -68.73754120 64.75444794 21.52680969
v -69.14111328 65.02800751 21.36016273
v -69.57223511 65.25348663 21.20507240
v -67.30054474 62.28628540 22.69456673
v -67.41035461 62.75854111 22.55448341
v -67.57218170 63.21736526 22.39939308
v -67.78552246 63.65576553 22.23274422
v -68.04854584 64.06695557 22.05824661
v -68.35497284 64.44118500 21.87977791
v -68.71011353 64.78321075 21.70130920
v -69.09917450 65.07799530 21.52680969
v -69.51928711 65.32540894 21.36016273
v -69.96384430 65.52308655 21.20507240
v -67.50852966 62.70594025 22.69456673
v -67.64807129 63.17028046 22.55448341
v -67.83867645 63.61791611 22.39939308
v -68.07939148 64.04190063 22.23274422
v -68.36478424 64.43213654 22.05824661
v -68.70090485 64.79286957 21.87977791
v -69.07363129 65.10843658 21.70130920
v -69.48059845 65.37795258 21.52680969
v -69.91555786 65.59822083 21.36016273
v -70.37175751 65.76731110 21.20507240
v -67.74271393 63.11155701 22.69456673
v -67.91142273 63.56611252 22.55448341
v -68.13003540 64.00075531 22.39939308
v -68.39398956 64.40518951 22.23274422
v -68.71011353 64.78321075 22.05824661
v -69.06504822 65.11865997 21.87977791
v -69.45703888 65.40995026 21.70130920
v -69.88027954 65.65311432 21.52680969
v -70.32833099 65.84535217 21.36016273
v -70.79434204 65.98516846 21.20507240
v -68.00215149 63.50150299 22.69456673
v -68.19934845 63.94444275 22.55448341
v -68.44194794 64.36094666 22.39939308
v -68.73754120 64.75444794 22.23274422
v -69.07363129 65.10843658 22.05824661
v -69.44912720 65.42070007 21.87977791
v -69.85879517 65.68654633 21.70130920
v -70.29660797 65.90236664 21.52680969
v -70.75595093 66.06580353 21.36016273
v -71.22988892 66.17578125 21.20507240
v -68.28579712 63.87421036 22.69456673
v -68.50759125 64.30039215 22.55448341
v -68.78256989 64.70722961 22.39939308
v -69.09917450 65.07799530 22.23274422
v -69.45703888 65.40995026 22.05824661
v -69.85157776 65.69776917 21.87977791
v -70.27729034 65.93709564 21.70130920
v -70.72791290 66.12471771 21.52680969
v -71.19669342 66.25868988 21.36016273
v -71.67665100 66.33838654 21.20507240
v -68.58945465 64.22486877 22.69456673
v -68.84420013 64.64259338 22.55448341
v -69.14111328 65.02800751 22.39939308
v -69.48059845 65.37795258 22.23274422
v -69.85879517 65.68654633 22.05824661
v -70.27079773 65.94876099 21.87977791
v -70.71083069 66.16059875 21.70130920
v -71.17244720 66.31926727 21.52680969
v -71.64878082 66.42324066 21.36016273
v -72.13282776 66.47233582 21.20507240
v -68.92105865 64.56198120 22.69456673
v -69.27011871 64.87427521 22.69456673
v -69.63827515 65.16379547 22.69456673
v -70.02405548 65.42938995 22.69456673
v -70.42591095 65.66998291 22.69456673
v -70.84220886 65.88459778 22.69456673
v -71.27128601 66.07238007 22.69456673
v -71.71140289 66.23256683 22.69456673
v -72.16079712 66.36452484 22.69456673
v -72.61766052 66.46771240 22.69456673
v -73.08013916 66.54170990 22.69456673
v -73.54638672 66.58623505 22.69456673
v -74.01451874 66.60109711 22.69456673
v -74.48264313 66.58623505 22.69456673
v -74.94889069 66.54170990 22.69456673
v -75.41137695 66.46771240 22.69456673
v -75.86823273 66.36452484 22.69456673
v -76.31762695 66.23256683 22.69456673
v -76.75774384 66.07238007 22.69456673
v -77.18682098 65.88459778 22.69456673
v -77.23469543 65.98516846 22.55448341
v -76.79914093 66.17578125 22.55448341
v -76.35237885 66.33838654 22.55448341
v -75.89620972 66.47233582 22.55448341
v -75.43245697 66.57707977 22.55448341
v -74.96298981 66.65219879 22.55448341
v -74.48970795 66.69738770 22.55448341
v -74.01451874 66.71247864 22.55448341
v -73.53932190 66.69738770 22.55448341
v -73.06604004 66.65219879 22.55448341
v -72.59658051 66.57707977 22.55448341
v -72.13282776 66.47233582 22.55448341
v -71.67665100 66.33838654 22.55448341
v -71.22988892 66.17578125 22.55448341
v -70.79434204 65.98516846 22.55448341
v -70.37175751 65.76731110 22.55448341
v -69.96384430 65.52308655 22.55448341
v -69.57223511 65.25348663 22.55448341
v -69.19852448 64.95959473 22.55448341
v -77.27307892 66.06580353 22.39939308
v -76.83233643 66.25868988 22.39939308
v -76.38024902 66.42324066 22.39939308
v -75.91863251 66.55878448 22.39939308
v -75.44935608 66.66477203 22.39939308
v -74.97429657 66.74079132 22.39939308
v -74.49537659 66.78652191 22.39939308
v -74.01451874 66.80178070 22.39939308
v -73.53365326 66.78652191 22.39939308
v -73.05473328 66.74079132 22.39939308
v -72.57967377 66.66477203 22.39939308
v -72.11039734 66.55878448 22.39939308
v -71.64878082 66.42324066 22.39939308
v -71.19669342 66.25868988 22.39939308
v -70.75595093 66.06580353 22.39939308
v -70.32833099 65.84535217 22.39939308
v -69.91555786 65.59822083 22.39939308
v -69.51928711 65.32540894 22.39939308
v -77.30112457 66.12471771 22.23274422
v -76.85659027 66.31926727 22.23274422
v -76.40061188 66.48522949 22.23274422
v -75.93502045 66.62194061 22.23274422
v -75.46170044 66.72884369 22.23274422
v -74.98255920 66.80551147 22.23274422
v -74.49951172 66.85163879 22.23274422
v -74.01451874 66.86703491 22.23274422
v -73.52951813 66.85163879 22.23274422
v -73.04647064 66.80551147 22.23274422
v -72.56732941 66.72884369 22.23274422
v -72.09400940 66.62194061 22.23274422
v -71.62842560 66.48522949 22.23274422
v -71.17244720 66.31926727 22.23274422
v -70.72791290 66.12471771 22.23274422
v -70.29660797 65.90236664 22.23274422
v -69.88027954 65.65311432 22.23274422
v -77.31819916 66.16059875 22.05824661
v -76.87135315 66.35616302 22.05824661
v -76.41300964 66.52298737 22.05824661
v -75.94500732 66.66040802 22.05824661
v -75.46922302 66.76786804 22.05824661
v -74.98758698 66.84493256 22.05824661
v -74.50203705 66.89129639 22.05824661
v -74.01451874 66.90677643 22.05824661
v -73.52700043 66.89129639 22.05824661
v -73.04144287 66.84493256 22.05824661
v -72.55980682 66.76786804 22.05824661
v -72.08403015 66.66040802 22.05824661
v -71.61602020 66.52298737 22.05824661
v -71.15767670 66.35616302 22.05824661
v -70.71083069 66.16059875 22.05824661
v -70.27729034 65.93709564 22.05824661
v -77.32393646 66.17265320 21.87977791
v -76.87631989 66.36855316 21.87977791
v -76.41717529 66.53566742 21.87977791
v -75.94835663 66.67332458 21.87977791
v -75.47174835 66.78096771 21.87977791
v -74.98928070 66.85816956 21.87977791
v -74.50287628 66.90461731 21.87977791
v -74.01451874 66.92012024 21.87977791
v -73.52615356 66.90461731 21.87977791
v -73.03975677 66.85816956 21.87977791
v -72.55728149 66.78096771 21.87977791
v -72.08067322 66.67332458 21.87977791
v -71.61185455 66.53566742 21.87977791
v -71.15271759 66.36855316 21.87977791
v -70.70509338 66.17265320 21.87977791
v -77.31819916 66.16059875 21.70130920
v -76.87135315 66.35616302 21.70130920
v -76.41300964 66.52298737 21.70130920
v -75.94500732 66.66040802 21.70130920
v -75.46922302 66.76786804 21.70130920
v -74.98758698 66.84493256 21.70130920
v -74.50203705 66.89129639 21.70130920
v -74.01451874 66.90677643 21.70130920
v -73.52700043 66.89129639 21.70130920
v -73.04144287 66.84493256 21.70130920
v -72.55980682 66.76786804 21.70130920
v -72.08403015 66.66040802 21.70130920
v -71.61602020 66.52298737 21.70130920
v -71.15767670 66.35616302 21.70130920
v -77.30112457 66.12471771 21.52680969
v -76.85659027 66.31926727 21.52680969
v -76.40061188 66.48522949 21.52680969
v -75.93502045 66.62194061 21.52680969
v -75.46170044 66.72884369 21.52680969
v -74.98255920 66.80551147 21.52680969
v -74.49951172 66.85163879 21.52680969
v -74.01451874 66.86703491 21.52680969
v -73.52951813 66.85163879 21.52680969
v -73.04647064 66.80551147 21.52680969
v -72.56732941 66.72884369 21.52680969
v -72.09400940 66.62194061 21.52680969
v -71.62842560 66.48522949 21.52680969
v -77.27307892 66.06580353 21.36016273
v -76.83233643 66.25868988 21.36016273
v -76.38024902 66.42324066 21.36016273
v -75.91863251 66.55878448 21.36016273
v -75.44935608 66.66477203 21.36016273
v -74.97429657 66.74079132 21.36016273
v -74.49537659 66.78652191 21.36016273
v -74.01451874 66.80178070 21.36016273
v -73.53365326 66.78652191 21.36016273
v -73.05473328 66.74079132 21.36016273
v -72.57967377 66.66477203 21.36016273
v -72.11039734 66.55878448 21.36016273
v -77.23469543 65.98516846 21.20507240
v -76.79914093 66.17578125 21.20507240
v -76.35237885 66.33838654 21.20507240
v -75.89620972 66.47233582 21.20507240
v -75.43245697 66.57707977 21.20507240
v -74.96298981 66.65219879 21.20507240
v -74.48970795 66.69738770 21.20507240
v -74.01451874 66.71247864 21.20507240
v -73.53932190 66.69738770 21.20507240
v -73.06604004 66.65219879 21.20507240
v -72.59658051 66.57707977 21.20507240
v -73.30232239 51.76168823 21.20507240
v -73.77680206 51.73153305 21.20507240
v -74.25223541 51.73153305 21.20507240
v -74.72670746 51.76168823 21.20507240
v -75.19831848 51.82187271 21.20507240
v -75.66516113 51.91184998 21.20507240
v -76.12535858 52.03125381 21.20507240
v -76.57704926 52.17960739 21.20507240
v -77.01843262 52.35630798 21.20507240
v -77.44771576 52.56064606 21.20507240
v -77.86316681 52.79180145 21.20507240
v -78.26313019 53.04883957 21.20507240
v -78.64598083 53.33072662 21.20507240
v -79.01018524 53.63632965 21.20507240
v -79.35427856 53.96441650 21.20507240
v -79.67686462 54.31366730 21.20507240
v -79.97664642 54.68267441 21.20507240
v -80.25242615 55.06995010 21.20507240
v -80.50308990 55.47393799 21.20507240
v -80.72762299 55.89301300 21.20507240
v -80.92512512 56.32548141 21.20507240
v -81.09480286 56.76960754 21.20507240
v -73.29383087 51.67278290 21.36016273
v -73.77396393 51.64226913 21.36016273
v -74.25506592 51.64226913 21.36016273
v -74.73519897 51.67278290 21.36016273
v -75.21243286 51.73368835 21.36016273
v -75.68483734 51.82473755 21.36016273
v -76.15052032 51.94556427 21.36016273
v -76.60759735 52.09568405 21.36016273
v -77.05423737 52.27449036 21.36016273
v -77.48863220 52.48126602 21.36016273
v -77.90904236 52.71517563 21.36016273
v -78.31377411 52.97527695 21.36016273
v -78.70118713 53.26052475 21.36016273
v -79.06973267 53.56977081 21.36016273
v -79.41792297 53.90177155 21.36016273
v -79.74435425 54.25518417 21.36016273
v -80.04771423 54.62858963 21.36016273
v -80.32678223 55.02048111 21.36016273
v -80.58042908 55.42928696 21.36016273
v -80.80764008 55.85335541 21.36016273
v -81.00749969 56.29097748 21.36016273
v -81.17919922 56.74039841 21.36016273
v -81.32204437 57.19980240 21.36016273
v -73.28762817 51.60783005 21.52680969
v -73.77189636 51.57705307 21.52680969
v -74.25713348 51.57705307 21.52680969
v -74.74140167 51.60783005 21.52680969
v -75.22274017 51.66925812 21.52680969
v -75.69921112 51.76108932 21.52680969
v -76.16889954 51.88295746 21.52680969
v -76.62991333 52.03436661 21.52680969
v -77.08039856 52.21471405 21.52680969
v -77.51853180 52.42326736 21.52680969
v -77.94256592 52.65919113 21.52680969
v -78.35077667 52.92153168 21.52680969
v -78.74152374 53.20923615 21.52680969
v -79.11324310 53.52114487 21.52680969
v -79.46442413 53.85599899 21.52680969
v -79.79367065 54.21245193 21.52680969
v -80.09963989 54.58907318 21.52680969
v -80.38110352 54.98433685 21.52680969
v -80.63694000 55.39665985 21.52680969
v -80.86610413 55.82437897 21.52680969
v -81.06768036 56.26576996 21.52680969
v -81.24085999 56.71905899 21.52680969
v -81.38493347 57.18241501 21.52680969
v -81.49933624 57.65398026 21.52680969
v -73.28385162 51.56826782 21.70130920
v -73.77063751 51.53733444 21.70130920
v -74.25839996 51.53733444 21.70130920
v -74.74517822 51.56826782 21.70130920
v -75.22901917 51.63001633 21.70130920
v -75.70796967 51.72232437 21.70130920
v -76.18009949 51.84482574 21.70130920
v -76.64350891 51.99702454 21.70130920
v -77.09632874 52.17831039 21.70130920
v -77.53674316 52.38794708 21.70130920
v -77.96297455 52.62509537 21.70130920
v -78.37330627 52.88880157 21.70130920
v -78.76609039 53.17799759 21.70130920
v -79.13973999 53.49152756 21.70130920
v -79.49275208 53.82812119 21.70130920
v -79.82369995 54.18642807 21.70130920
v -80.13126373 54.56500626 21.70130920
v -80.41419220 54.96232605 21.70130920
v -80.67135620 55.37678909 21.70130920
v -80.90171051 55.80673218 21.70130920
v -81.10433197 56.25041580 21.70130920
v -81.27841187 56.70605850 21.70130920
v -81.42324066 57.17182541 21.70130920
v -81.53823090 57.64583969 21.70130920
v -81.62293243 58.12619400 21.70130920
v -73.28258514 51.55498505 21.87977791
v -73.77021027 51.52399445 21.87977791
v -74.25881958 51.52399445 21.87977791
v -74.74644470 51.55498505 21.87977791
v -75.23112488 51.61684036 21.87977791
v -75.71090698 51.70930862 21.87977791
v -76.18385315 51.83202362 21.87977791
v -76.64807129 51.98448563 21.87977791
v -77.10168457 52.16608429 21.87977791
v -77.54286194 52.37608337 21.87977791
v -77.96983337 52.61364746 21.87977791
v -78.38087463 52.87780762 21.87977791
v -78.77433777 53.16751099 21.87977791
v -79.14863586 53.48158264 21.87977791
v -79.50225830 53.81875992 21.87977791
v -79.83378601 54.17768860 21.87977791
v -80.14188385 54.55692291 21.87977791
v -80.42530060 54.95493317 21.87977791
v -80.68291473 55.37011719 21.87977791
v -80.91366577 55.80080414 21.87977791
v -81.11664581 56.24526215 21.87977791
v -81.29102325 56.70169449 21.87977791
v -81.43610382 57.16827011 21.87977791
v -81.55129242 57.64310837 21.87977791
v -81.63613892 58.12429428 21.87977791
v -81.69029999 58.60989380 21.87977791
v -73.28385162 51.56826782 22.05824661
v -73.77063751 51.53733444 22.05824661
v -74.25839996 51.53733444 22.05824661
v -74.74517822 51.56826782 22.05824661
v -75.22901917 51.63001633 22.05824661
v -75.70796967 51.72232437 22.05824661
v -76.18009949 51.84482574 22.05824661
v -76.64350891 51.99702454 22.05824661
v -77.09632874 52.17831039 22.05824661
v -77.53674316 52.38794708 22.05824661
v -77.96297455 52.62509537 22.05824661
v -78.37330627 52.88880157 22.05824661
v -78.76609039 53.17799759 22.05824661
v -79.13973999 53.49152756 22.05824661
v -79.49275208 53.82812119 22.05824661
v -79.82369995 54.18642807 22.05824661
v -80.13126373 54.56500626 22.05824661
v -80.41419220 54.96232605 22.05824661
v -80.67135620 55.37678909 22.05824661
v -80.90171051 55.80673218 22.05824661
v -81.10433197 56.25041580 22.05824661
v -81.27841187 56.70605850 22.05824661
v -81.42324066 57.17182541 22.05824661
v -81.53823090 57.64583969 22.05824661
v -81.62293243 58.12619400 22.05824661
v -81.67699432 58.61095047 22.05824661
v -81.70020294 59.09816360 22.05824661
v -73.28762817 51.60783005 22.23274422
v -73.77189636 51.57705307 22.23274422
v -74.25713348 51.57705307 22.23274422
v -74.74140167 51.60783005 22.23274422
v -75.22274017 51.66925812 22.23274422
v -75.69921112 51.76108932 22.23274422
v -76.16889954 51.88295746 22.23274422
v -76.62991333 52.03436661 22.23274422
v -77.08039856 52.21471405 22.23274422
v -77.51853180 52.42326736 22.23274422
v -77.94256592 52.65919113 22.23274422
v -78.35077667 52.92153168 22.23274422
v -78.74152374 53.20923615 22.23274422
v -79.11324310 53.52114487 22.23274422
v -79.46442413 53.85599899 22.23274422
v -79.79367065 54.21245193 22.23274422
v -80.09963989 54.58907318 22.23274422
v -80.38110352 54.98433685 22.23274422
v -80.63694000 55.39665985 22.23274422
v -80.86610413 55.82437897 22.23274422
v -81.06768036 56.26576996 22.23274422
v -81.24085999 56.71905899 22.23274422
v -81.38493347 57.18241501 22.23274422
v -81.49933624 57.65398026 22.23274422
v -81.58359528 58.13184738 22.23274422
v -81.63738251 58.61410141 22.23274422
v -81.66046906 59.09879303 22.23274422
v -81.65277100 59.58397293 22.23274422
v -73.29383087 51.67278290 22.39939308
v -73.77396393 51.64226913 22.39939308
v -74.25506592 51.64226913 22.39939308
v -74.73519897 51.67278290 22.39939308
v -75.21243286 51.73368835 22.39939308
v -75.68483734 51.82473755 22.39939308
v -76.15052032 51.94556427 22.39939308
v -76.60759735 52.09568405 22.39939308
v -77.05423737 52.27449036 22.39939308
v -77.48863220 52.48126602 22.39939308
v -77.90904236 52.71517563 22.39939308
v -78.31377411 52.97527695 22.39939308
v -78.70118713 53.26052475 22.39939308
v -79.06973267 53.56977081 22.39939308
v -79.41792297 53.90177155 22.39939308
v -79.74435425 54.25518417 22.39939308
v -80.04771423 54.62858963 22.39939308
v -80.32678223 55.02048111 22.39939308
v -80.58042908 55.42928696 22.39939308
v -80.80764008 55.85335541 22.39939308
v -81.00749969 56.29097748 22.39939308
v -81.17919922 56.74039841 22.39939308
v -81.32204437 57.19980240 22.39939308
v -81.43547058 57.66734314 22.39939308
v -81.51901245 58.14113617 22.39939308
v -81.57233429 58.61927032 22.39939308
v -81.59523010 59.09982681 22.39939308
v -81.58759308 59.58086777 22.39939308
v -81.54946899 60.06045532 22.39939308
v -73.30232239 51.76168823 22.55448341
v -73.77680206 51.73153305 22.55448341
v -74.25223541 51.73153305 22.55448341
v -74.72670746 51.76168823 22.55448341
v -75.19831848 51.82187271 22.55448341
v -75.66516113 51.91184998 22.55448341
v -76.12535858 52.03125381 22.55448341
v -76.57704926 52.17960739 22.55448341
v -77.01843262 52.35630798 22.55448341
v -77.44771576 52.56064606 22.55448341
v -77.86316681 52.79180145 22.55448341
v -78.26313019 53.04883957 22.55448341
v -78.64598083 53.33072662 22.55448341
v -79.01018524 53.63632965 22.55448341
v -79.35427856 53.96441650 22.55448341
v -79.67686462 54.31366730 22.55448341
v -79.97664642 54.68267441 22.55448341
v -80.25242615 55.06995010 22.55448341
v -80.50308990 55.47393799 22.55448341
v -80.72762299 55.89301300 22.55448341
v -80.92512512 56.32548141 22.55448341
v -81.09480286 56.76960754 22.55448341
v -81.23596191 57.22360229 22.55448341
v -81.34805298 57.68563461 22.55448341
v -81.43061066 58.15384293 22.55448341
v -81.48330688 58.62635040 22.55448341
v -81.50592804 59.10124588 22.55448341
v -81.49838257 59.57661819 22.55448341
v -81.46070862 60.05055618 22.55448341
v -81.39304352 60.52115250 22.55448341
v -80.61867523 62.75854111 21.20507240
v -80.45684814 63.21736526 21.36016273
v -80.24350739 63.65576553 21.52680969
v -79.98048401 64.06695557 21.70130920
v -79.67087555 64.44464111 21.87977791
v -79.31891632 64.78321075 22.05824661
v -78.92985535 65.07799530 22.23274422
v -78.50974274 65.32540894 22.39939308
v -78.06519318 65.52308655 22.55448341
v -80.38095856 63.17028046 21.20507240
v -80.19036102 63.61791611 21.36016273
v -79.94963837 64.04190063 21.52680969
v -79.66107178 64.43558502 21.70130920
v -79.32812500 64.79286957 21.87977791
v -78.95539856 65.10843658 22.05824661
v -78.54843140 65.37795258 22.23274422
v -78.11347198 65.59822083 22.39939308
v -80.11760712 63.56611252 21.20507240
v -79.89900208 64.00075531 21.36016273
v -79.63187408 64.40862274 21.52680969
v -79.31891632 64.78321075 21.70130920
v -78.96398163 65.11865997 21.87977791
v -78.57199097 65.40995026 22.05824661
v -78.14875031 65.65311432 22.23274422
v -79.82968140 63.94444275 21.20507240
v -79.58394623 64.36434937 21.36016273
v -79.29148865 64.75444794 21.52680969
v -78.95539856 65.10843658 21.70130920
v -78.57991028 65.42070007 21.87977791
v -78.17023468 65.68654633 22.05824661
v -79.51834106 64.30374908 21.20507240
v -79.24646759 64.70722961 21.36016273
v -78.92985535 65.07799530 21.52680969
v -78.57199097 65.40995026 21.70130920
v -78.17745209 65.69776917 21.87977791
v -79.18483734 64.64259338 21.20507240
v -78.88791656 65.02800751 21.36016273
v -78.54843140 65.37795258 21.52680969
v -78.17023468 65.68654633 21.70130920
v -78.83051300 64.95959473 21.20507240
v -78.50974274 65.32540894 21.36016273
v -78.14875031 65.65311432 21.52680969
v -78.45679474 65.25348663 21.20507240
v -78.11347198 65.59822083 21.36016273
v -78.06519318 65.52308655 21.20507240
v -77.38375854 65.63967133 20.94302750
v -76.95668793 65.84629059 20.94302750
v -76.51701355 66.02452850 20.94302750
v -76.06662750 66.17362976 20.94302750
v -75.60745239 66.29296112 20.94302750
v -75.14145660 66.38199615 20.94302750
v -74.67063141 66.44036865 20.94302750
v -74.19699860 66.46781921 20.94302750
v -73.72258759 66.46424103 20.94302750
v -73.24942780 66.42963409 20.94302750
v -72.77954102 66.36415863 20.94302750
v -72.31494141 66.26808929 20.94302750
v -71.85762024 66.14184570 20.94302750
v -71.40953064 65.98595428 20.94302750
v -70.97260284 65.80109406 20.94302750
v -70.54869843 65.58805847 20.94302750
v -70.13964081 65.34774780 20.94302750
v -69.74716949 65.08119965 20.94302750
v -69.37297058 64.78955078 20.94302750
v -69.01865387 64.47405243 20.94302750
v -68.68572235 64.13606262 20.94302750
v -72.42157745 52.14727783 20.94302750
v -72.88757324 52.05823898 20.94302750
v -68.37561798 63.77701569 20.94302750
v -68.08965302 63.39845657 20.94302750
v -67.82906342 63.00200653 20.94302750
v -67.59496307 62.58935928 20.94302750
v -67.38834381 62.16228867 20.94302750
v -67.21010590 61.72261810 20.94302750
v -67.06100464 61.27222824 20.94302750
v -66.94167328 60.81305313 20.94302750
v -66.85263824 60.34705734 20.94302750
v -66.79426575 59.87623596 20.94302750
v -66.76681519 59.40260315 20.94302750
v -66.77039337 58.92818832 20.94302750
v -66.80500031 58.45502853 20.94302750
v -66.87047577 57.98514175 20.94302750
v -66.96654510 57.52054214 20.94302750
v -67.09278870 57.06322098 20.94302750
v -67.24868011 56.61513519 20.94302750
v -67.43354034 56.17820740 20.94302750
v -67.64657593 55.75430298 20.94302750
v -67.88688660 55.34524155 20.94302750
v -68.15343475 54.95277023 20.94302750
v -68.44508362 54.57857513 20.94302750
v -68.76058197 54.22425461 20.94302750
v -69.09857178 53.89132690 20.94302750
v -69.45761871 53.58121872 20.94302750
v -69.83617401 53.29525757 20.94302750
v -70.23262787 53.03466415 20.94302750
v -70.64527130 52.80056000 20.94302750
v -71.07234192 52.59394836 20.94302750
v -71.51201630 52.41570663 20.94302750
v -71.96240234 52.26660538 20.94302750
v -73.35839844 51.99986649 20.94302750
v -73.83203125 51.97241592 20.94302750
v -74.30644226 51.97599792 20.94302750
v -74.77960968 52.01060104 20.94302750
v -75.24949646 52.07607651 20.94302750
v -75.71408844 52.17214203 20.94302750
v -76.17140961 52.29839325 20.94302750
v -76.61949921 52.45428085 20.94302750
v -77.05642700 52.63914108 20.94302750
v -77.48033142 52.85218048 20.94302750
v -77.88939667 53.09249115 20.94302750
v -78.28186035 53.35903931 20.94302750
v -78.65605927 53.65068436 20.94302750
v -79.01037598 53.96618271 20.94302750
v -79.34330750 54.30417633 20.94302750
v -79.65341187 54.66321945 20.94302750
v -79.93937683 55.04177856 20.94302750
v -80.19996643 55.43822861 20.94302750
v -80.43407440 55.85087585 20.94302750
v -80.64068604 56.27794647 20.94302750
v -80.81892395 56.71762085 20.94302750
v -80.96802521 57.16800690 20.94302750
v -81.08735657 57.62718201 20.94302750
v -81.17639160 58.09317780 20.94302750
v -81.23476410 58.56400299 20.94302750
v -81.26222229 59.03763199 20.94302750
v -81.25863647 59.51204681 20.94302750
v -81.22402954 59.98521042 20.94302750
v -81.15855408 60.45509720 20.94302750
v -81.06249237 60.91969299 20.94302750
v -80.93624115 61.37701416 20.94302750
v -77.79640198 65.40557098 20.94302750
v -78.19285583 65.14498138 20.94302750
v -78.57141113 64.85901642 20.94302750
v -78.93045807 64.54891205 20.94302750
v -79.26845551 64.21598053 20.94302750
v -79.58394623 63.86166000 20.94302750
v -79.87559509 63.48746490 20.94302750
v -80.14214325 63.09499359 20.94302750
v -80.38245392 62.68593216 20.94302750
v -80.59549713 62.26202774 20.94302750
v -80.78035736 61.82509995 20.94302750
v -81.24899292 59.69429016 19.71177673
v -81.26451874 59.22011948 19.71177673
v -81.24899292 58.74594498 19.71177673
v -81.20249176 58.27380371 19.71177673
v -81.12520599 57.80571365 19.71177673
v -81.01747894 57.34368134 19.71177673
v -80.87976074 56.88968277 19.71177673
v -80.71263885 56.44566345 19.71177673
v -80.51684570 56.01352692 19.71177673
v -80.29319763 55.59511948 19.71177673
v -80.04267120 55.19223404 19.71177673
v -79.76632690 54.80659866 19.71177673
v -79.46535492 54.43986130 19.71177673
v -79.14103699 54.09359360 19.71177673
v -78.79476929 53.76927948 19.71177673
v -78.42803955 53.46830750 19.71177673
v -78.04239655 53.19196320 19.71177673
v -77.63951874 52.94143295 19.71177673
v -77.22110748 52.71779251 19.71177673
v -76.78897095 52.52199173 19.71177673
v -76.34495544 52.35487366 19.71177673
v -75.89095306 52.21715546 19.71177673
v -75.42891693 52.10942459 19.71177673
v -74.96083069 52.03214264 19.71177673
v -74.48868561 51.98564148 19.71177673
v -74.01451874 51.97011948 19.71177673
v -73.54034424 51.98564148 19.71177673
v -73.06819916 52.03214264 19.71177673
v -72.60011292 52.10942459 19.71177673
v -72.13807678 52.21715546 19.71177673
v -71.68408203 52.35487366 19.71177673
v -71.24005890 52.52199173 19.71177673
v -70.80792236 52.71779251 19.71177673
v -70.38951874 52.94143295 19.71177673
v -69.98663330 53.19196320 19.71177673
v -69.60099792 53.46830750 19.71177673
v -69.23426056 53.76927948 19.71177673
v -68.88799286 54.09359360 19.71177673
v -68.56367493 54.43986130 19.71177673
v -68.26270294 54.80659866 19.71177673
v -67.98635864 55.19223404 19.71177673
v -67.73583221 55.59511948 19.71177673
v -67.51219177 56.01352692 19.71177673
v -67.31639099 56.44566345 19.71177673
v -67.14926910 56.88968277 19.71177673
v -67.01155090 57.34368134 19.71177673
v -66.90382385 57.80571365 19.71177673
v -66.82653809 58.27380371 19.71177673
v -66.78003693 58.74594498 19.71177673
v -66.76451874 59.22011948 19.71177673
v -66.78003693 59.69429016 19.71177673
v -66.82653809 60.16643143 19.71177673
v -66.90382385 60.63452148 19.71177673
v -67.01155090 61.09655762 19.71177673
v -67.14926910 61.55055237 19.71177673
v -67.31639099 61.99457169 19.71177673
v -67.51219177 62.42671204 19.71177673
v -67.73583221 62.84511948 19.71177673
v -67.98635864 63.24800110 19.71177673
v -68.26270294 63.63364029 19.71177673
v -68.56367493 64.00037384 19.71177673
v -68.88799286 64.34664154 19.71177673
v -69.23426056 64.67095947 19.71177673
v -69.60099792 64.97193146 19.71177673
v -69.98663330 65.24827576 19.71177673
v -70.38951874 65.49880219 19.71177673
v -70.80792236 65.72244263 19.71177673
v -71.24005890 65.91824341 19.71177673
v -71.68408203 66.08536530 19.71177673
v -72.13807678 66.22308350 19.71177673
v -72.60011292 66.33081055 19.71177673
v -73.06819916 66.40809631 19.71177673
v -73.54034424 66.45459747 19.71177673
v -74.01451874 66.47011566 19.71177673
v -74.48868561 66.45459747 19.71177673
v -74.96083069 66.40809631 19.71177673
v -75.42891693 66.33081055 19.71177673
v -75.89095306 66.22308350 19.71177673
v -76.34495544 66.08536530 19.71177673
v -76.78897095 65.91824341 19.71177673
v -77.22110748 65.72244263 19.71177673
v -77.63951874 65.49880219 19.71177673
v -78.04239655 65.24827576 19.71177673
v -78.42803955 64.97193146 19.71177673
v -78.79476929 64.67095947 19.71177673
v -79.14103699 64.34664154 19.71177673
v -79.46535492 64.00037384 19.71177673
v -79.76632690 63.63364029 19.71177673
v -80.04267120 63.24800110 19.71177673
v -80.29319763 62.84511948 19.71177673
v -80.51684570 62.42671204 19.71177673
v -80.71263885 61.99457169 19.71177673
v -80.87976074 61.55055237 19.71177673
v -81.01747894 61.09655762 19.71177673
v -81.12520599 60.63452148 19.71177673
v -81.20249176 60.16643143 19.71177673
v -77.22110748 65.72244263 24.04777718
v -77.63951874 65.49880219 24.04777718
v -78.04239655 65.24827576 24.04777718
v -78.42803955 64.97193146 24.04777718
v -78.79476929 64.67095947 24.04777718
v -79.14103699 64.34664154 24.04777718
v -79.46535492 64.00037384 24.04777718
v -79.76632690 63.63364029 24.04777718
v -80.04267120 63.24800110 24.04777718
v -80.29319763 62.84511948 24.04777718
v -80.51684570 62.42671204 24.04777718
v -80.71263885 61.99457169 24.04777718
v -80.87976074 61.55055237 24.04777718
v -81.01747894 61.09655762 24.04777718
v -81.12520599 60.63452148 24.04777718
v -81.20249176 60.16643143 24.04777718
v -81.24899292 59.69429016 24.04777718
v -81.26451874 59.22011948 24.04777718
v -81.24899292 58.74594498 24.04777718
v -81.20249176 58.27380371 24.04777718
v -81.12520599 57.80571365 24.04777718
v -81.01747894 57.34368134 24.04777718
v -80.87976074 56.88968277 24.04777718
v -80.71263885 56.44566345 24.04777718
v -80.51684570 56.01352692 24.04777718
v -80.29319763 55.59511948 24.04777718
v -80.04267120 55.19223404 24.04777718
v -79.76632690 54.80659866 24.04777718
v -79.46535492 54.43986130 24.04777718
v -79.14103699 54.09359360 24.04777718
v -78.79476929 53.76927948 24.04777718
v -78.42803955 53.46830750 24.04777718
v -78.04239655 53.19196320 24.04777718
v -77.63951874 52.94143295 24.04777718
v -77.22110748 52.71779251 24.04777718
v -76.78897095 52.52199173 24.04777718
v -76.34495544 52.35487366 24.04777718
v -75.89095306 52.21715546 24.04777718
v -75.42891693 52.10942459 24.04777718
v -74.96083069 52.03214264 24.04777718
v -74.48868561 51.98564148 24.04777718
v -74.01451874 51.97011948 24.04777718
v -73.54034424 51.98564148 24.04777718
v -73.06819916 52.03214264 24.04777718
v -72.60011292 52.10942459 24.04777718
v -72.13807678 52.21715546 24.04777718
v -71.68408203 52.35487366 24.04777718
v -71.24005890 52.52199173 24.04777718
v -70.80792236 52.71779251 24.04777718
v -70.38951874 52.94143295 24.04777718
v -69.98663330 53.19196320 24.04777718
v -69.60099792 53.46830750 24.04777718
v -69.23426056 53.76927948 24.04777718
v -68.88799286 54.09359360 24.04777718
v -68.56367493 54.43986130 24.04777718
v -68.26270294 54.80659866 24.04777718
v -67.98635864 55.19223404 24.04777718
v -67.73583221 55.59511948 24.04777718
v -67.51219177 56.01352692 24.04777718
v -67.31639099 56.44566345 24.04777718
v -67.14926910 56.88968277 24.04777718
v -67.01155090 57.34368134 24.04777718
v -66.90382385 57.80571365 24.04777718
v -66.82653809 58.27380371 24.04777718
v -66.78003693 58.74594498 24.04777718
v -66.76451874 59.22011948 24.04777718
v -66.78003693 59.69429016 24.04777718
v -66.82653809 60.16643143 24.04777718
v -66.90382385 60.63452148 24.04777718
v -67.01155090 61.09655762 24.04777718
v -67.14926910 61.55055237 24.04777718
v -67.31639099 61.99457169 24.04777718
v -67.51219177 62.42671204 24.04777718
v -67.73583221 62.84511948 24.04777718
v -67.98635864 63.24800110 24.04777718
v -68.26270294 63.63364029 24.04777718
v -68.56367493 64.00037384 24.04777718
v -68.88799286 64.34664154 24.04777718
v -69.23426056 64.67095947 24.04777718
v -69.60099792 64.97193146 24.04777718
v -69.98663330 65.24827576 24.04777718
v -70.38951874 65.49880219 24.04777718
v -70.80792236 65.72244263 24.04777718
v -71.24005890 65.91824341 24.04777718
v -71.68408203 66.08536530 24.04777718
v -72.13807678 66.22308350 24.04777718
v -72.60011292 66.33081055 24.04777718
v -73.06819916 66.40809631 24.04777718
v -73.54034424 66.45459747 24.04777718
v -74.01451874 66.47011566 24.04777718
v -74.48868561 66.45459747 24.04777718
v -74.96083069 66.40809631 24.04777718
v -75.42891693 66.33081055 24.04777718
v -75.89095306 66.22308350 24.04777718
v -76.34495544 66.08536530 24.04777718
v -76.78897095 65.91824341 24.04777718
v -74.43424225 64.95478058 24.04777718
v -74.01451874 64.97011566 24.04777718
v -74.85172272 64.90884399 24.04777718
v -75.26473999 64.83255768 24.04777718
v -75.67108917 64.72631836 24.04777718
v -76.06859589 64.59071350 24.04777718
v -76.45513916 64.42644501 24.04777718
v -76.82866669 64.23440552 24.04777718
v -77.18717957 64.01560211 24.04777718
v -77.52876282 63.77122116 24.04777718
v -77.85160065 63.50255966 24.04777718
v -78.15396118 63.21104431 24.04777718
v -78.43423462 62.89823914 24.04777718
v -78.69093323 62.56580734 24.04777718
v -78.92267609 62.21552658 24.04777718
v -79.12823486 61.84926224 24.04777718
v -79.30650330 61.46897125 24.04777718
v -79.45654297 61.07667923 24.04777718
v -79.57754517 60.67448425 24.04777718
v -79.66886902 60.26453018 24.04777718
v -79.73001862 59.84900284 24.04777718
v -79.76068115 59.43011856 24.04777718
v -79.76068115 59.01011658 24.04777718
v -79.73001862 58.59123230 24.04777718
v -79.66886902 58.17570496 24.04777718
v -79.57754517 57.76575089 24.04777718
v -79.45654297 57.36355591 24.04777718
v -79.30650330 56.97126770 24.04777718
v -79.12823486 56.59097290 24.04777718
v -78.92267609 56.22471237 24.04777718
v -78.69093323 55.87442780 24.04777718
v -78.43423462 55.54199982 24.04777718
v -78.15396118 55.22919083 24.04777718
v -77.85160065 54.93767929 24.04777718
v -77.52876282 54.66901398 24.04777718
v -77.18717957 54.42462921 24.04777718
v -76.82866669 54.20583344 24.04777718
v -76.45513916 54.01379013 24.04777718
v -76.06859589 53.84952545 24.04777718
v -75.67108917 53.71391296 24.04777718
v -75.26473999 53.60768127 24.04777718
v -74.85172272 53.53139496 24.04777718
v -74.43424225 53.48545837 24.04777718
v -74.01451874 53.47011948 24.04777718
v -73.59479523 53.48545837 24.04777718
v -73.17730713 53.53139496 24.04777718
v -72.76428986 53.60768127 24.04777718
v -72.35794830 53.71391296 24.04777718
v -71.96044159 53.84952545 24.04777718
v -71.57389069 54.01379013 24.04777718
v -71.20036316 54.20583344 24.04777718
v -70.84185028 54.42462921 24.04777718
v -70.50026703 54.66901398 24.04777718
v -70.17742920 54.93767929 24.04777718
v -69.87506866 55.22919083 24.04777718
v -69.59479523 55.54199982 24.04777718
v -69.33809662 55.87442780 24.04777718
v -69.10635376 56.22471237 24.04777718
v -68.90079498 56.59097290 24.04777718
v -68.72252655 56.97126770 24.04777718
v -68.57248688 57.36355591 24.04777718
v -68.45148468 57.76575089 24.04777718
v -68.36016083 58.17570496 24.04777718
v -68.29901123 58.59123230 24.04777718
v -68.26834869 59.01011658 24.04777718
v -68.26834869 59.43011856 24.04777718
v -68.29901123 59.84900284 24.04777718
v -68.36016083 60.26453018 24.04777718
v -68.45148468 60.67448425 24.04777718
v -68.57248688 61.07667923 24.04777718
v -68.72252655 61.46897125 24.04777718
v -68.90079498 61.84926224 24.04777718
v -69.10635376 62.21552658 24.04777718
v -69.33809662 62.56580734 24.04777718
v -69.59479523 62.89823914 24.04777718
v -69.87506866 63.21104431 24.04777718
v -70.17742920 63.50255966 24.04777718
v -70.50026703 63.77122116 24.04777718
v -70.84185028 64.01560211 24.04777718
v -71.20036316 64.23440552 24.04777718
v -71.57389069 64.42644501 24.04777718
v -71.96044159 64.59071350 24.04777718
v -72.35794830 64.72631836 24.04777718
v -72.76428986 64.83255768 24.04777718
v -73.17730713 64.90884399 24.04777718
v -73.59479523 64.95478058 24.04777718
v -81.24899292 59.69429016 19.71177673
v -81.26451874 59.22011948 19.71177673
v -81.24899292 58.74594498 19.71177673
v -81.20249176 58.27380371 19.71177673
v -81.12520599 57.80571365 19.71177673
v -81.01747894 57.34368134 19.71177673
v -80.87976074 56.88968277 19.71177673
v -80.71263885 56.44566345 19.71177673
v -80.51684570 56.01352692 19.71177673
v -80.29319763 55.59511948 19.71177673
v -80.04267120 55.19223404 19.71177673
v -79.76632690 54.80659866 19.71177673
v -79.46535492 54.43986130 19.71177673
v -79.14103699 54.09359360 19.71177673
v -78.79476929 53.76927948 19.71177673
v -78.42803955 53.46830750 19.71177673
v -78.04239655 53.19196320 19.71177673
v -77.63951874 52.94143295 19.71177673
v -77.22110748 52.71779251 19.71177673
v -76.78897095 52.52199173 19.71177673
v -76.34495544 52.35487366 19.71177673
v -75.89095306 52.21715546 19.71177673
v -75.42891693 52.10942459 19.71177673
v -74.96083069 52.03214264 19.71177673
v -74.48868561 51.98564148 19.71177673
v -74.01451874 51.97011948 19.71177673
v -73.54034424 51.98564148 19.71177673
v -73.06819916 52.03214264 19.71177673
v -72.60011292 52.10942459 19.71177673
v -72.13807678 52.21715546 19.71177673
v -71.68408203 52.35487366 19.71177673
v -71.24005890 52.52199173 19.71177673
v -70.80792236 52.71779251 19.71177673
v -70.38951874 52.94143295 19.71177673
v -69.98663330 53.19196320 19.71177673
v -69.60099792 53.46830750 19.71177673
v -69.23426056 53.76927948 19.71177673
v -68.88799286 54.09359360 19.71177673
v -68.56367493 54.43986130 19.71177673
v -68.26270294 54.80659866 19.71177673
v -67.98635864 55.19223404 19.71177673
v -67.73583221 55.59511948 19.71177673
v -67.51219177 56.01352692 19.71177673
v -67.31639099 56.44566345 19.71177673
v -67.14926910 56.88968277 19.71177673
v -67.01155090 57.34368134 19.71177673
v -66.90382385 57.80571365 19.71177673
v -66.82653809 58.27380371 19.71177673
v -66.78003693 58.74594498 19.71177673
v -66.76451874 59.22011948 19.71177673
v -66.78003693 59.69429016 19.71177673
v -66.82653809 60.16643143 19.71177673
v -66.90382385 60.63452148 19.71177673
v -67.01155090 61.09655762 19.71177673
v -67.14926910 61.55055237 19.71177673
v -67.31639099 61.99457169 19.71177673
v -67.51219177 62.42671204 19.71177673
v -67.73583221 62.84511948 19.71177673
v -67.98635864 63.24800110 19.71177673
v -68.26270294 63.63364029 19.71177673
v -68.56367493 64.00037384 19.71177673
v -68.88799286 64.34664154 19.71177673
v -69.23426056 64.67095947 19.71177673
v -69.60099792 64.97193146 19.71177673
v -69.98663330 65.24827576 19.71177673
v -70.38951874 65.49880219 19.71177673
v -70.80792236 65.72244263 19.71177673
v -71.24005890 65.91824341 19.71177673
v -71.68408203 66.08536530 19.71177673
v -72.13807678 66.22308350 19.71177673
v -72.60011292 66.33081055 19.71177673
v -73.06819916 66.40809631 19.71177673
v -73.54034424 66.45459747 19.71177673
v -74.01451874 66.47011566 19.71177673
v -74.48868561 66.45459747 19.71177673
v -74.96083069 66.40809631 19.71177673
v -75.42891693 66.33081055 19.71177673
v -75.89095306 66.22308350 19.71177673
v -76.34495544 66.08536530 19.71177673
v -76.78897095 65.91824341 19.71177673
v -77.22110748 65.72244263 19.71177673
v -77.63951874 65.49880219 19.71177673
v -78.04239655 65.24827576 19.71177673
v -78.42803955 64.97193146 19.71177673
v -78.79476929 64.67095947 19.71177673
v -79.14103699 64.34664154 19.71177673
v -79.46535492 64.00037384 19.71177673
v -79.76632690 63.63364029 19.71177673
v -80.04267120 63.24800110 19.71177673
v -80.29319763 62.84511948 19.71177673
v -80.51684570 62.42671204 19.71177673
v -80.71263885 61.99457169 19.71177673
v -80.87976074 61.55055237 19.71177673
v -81.01747894 61.09655762 19.71177673
v -81.12520599 60.63452148 19.71177673
v -81.20249176 60.16643143 19.71177673
v -73.59479523 64.95478058 19.71177673
v -74.01451874 64.97011566 19.71177673
v -73.17730713 64.90884399 19.71177673
v -72.76428986 64.83255768 19.71177673
v -72.35794830 64.72631836 19.71177673
v -71.96044159 64.59071350 19.71177673
v -71.57389069 64.42644501 19.71177673
v -71.20036316 64.23440552 19.71177673
v -70.84185028 64.01560211 19.71177673
v -70.50026703 63.77122116 19.71177673
v -70.17742920 63.50255966 19.71177673
v -69.87506866 63.21104431 19.71177673
v -69.59479523 62.89823914 19.71177673
v -69.33809662 62.56580734 19.71177673
v -69.10635376 62.21552658 19.71177673
v -68.90079498 61.84926224 19.71177673
v -68.72252655 61.46897125 19.71177673
v -68.57248688 61.07667923 19.71177673
v -68.45148468 60.67448425 19.71177673
v -68.36016083 60.26453018 19.71177673
v -68.29901123 59.84900284 19.71177673
v -68.26834869 59.43011856 19.71177673
v -68.26834869 59.01011658 19.71177673
v -68.29901123 58.59123230 19.71177673
v -68.36016083 58.17570496 19.71177673
v -68.45148468 57.76575089 19.71177673
v -68.57248688 57.36355591 19.71177673
v -68.72252655 56.97126770 19.71177673
v -68.90079498 56.59097290 19.71177673
v -69.10635376 56.22471237 19.71177673
v -69.33809662 55.87442780 19.71177673
v -69.59479523 55.54199982 19.71177673
v -69.87506866 55.22919083 19.71177673
v -70.17742920 54.93767929 19.71177673
v -70.50026703 54.66901398 19.71177673
v -70.84185028 54.42462921 19.71177673
v -71.20036316 54.20583344 19.71177673
v -71.57389069 54.01379013 19.71177673
v -71.96044159 53.84952545 19.71177673
v -72.35794830 53.71391296 19.71177673
v -72.76428986 53.60768127 19.71177673
v -73.17730713 53.53139496 19.71177673
v -73.59479523 53.48545837 19.71177673
v -74.01451874 53.47011948 19.71177673
v -74.43424225 53.48545837 19.71177673
v -74.85172272 53.53139496 19.71177673
v -75.26473999 53.60768127 19.71177673
v -75.67108917 53.71391296 19.71177673
v -76.06859589 53.84952545 19.71177673
v -76.45513916 54.01379013 19.71177673
v -76.82866669 54.20583344 19.71177673
v -77.18717957 54.42462921 19.71177673
v -77.52876282 54.66901398 19.71177673
v -77.85160065 54.93767929 19.71177673
v -78.15396118 55.22919083 19.71177673
v -78.43423462 55.54199982 19.71177673
v -78.69093323 55.87442780 19.71177673
v -78.92267609 56.22471237 19.71177673
v -79.12823486 56.59097290 19.71177673
v -79.30650330 56.97126770 19.71177673
v -79.45654297 57.36355591 19.71177673
v -79.57754517 57.76575089 19.71177673
v -79.66886902 58.17570496 19.71177673
v -79.73001862 58.59123230 19.71177673
v -79.76068115 59.01011658 19.71177673
v -79.76068115 59.43011856 19.71177673
v -79.73001862 59.84900284 19.71177673
v -79.66886902 60.26453018 19.71177673
v -79.57754517 60.67448425 19.71177673
v -79.45654297 61.07667923 19.71177673
v -79.30650330 61.46897125 19.71177673
v -79.12823486 61.84926224 19.71177673
v -78.92267609 62.21552658 19.71177673
v -78.69093323 62.56580734 19.71177673
v -78.43423462 62.89823914 19.71177673
v -78.15396118 63.21104431 19.71177673
v -77.85160065 63.50255966 19.71177673
v -77.52876282 63.77122116 19.71177673
v -77.18717957 64.01560211 19.71177673
v -76.82866669 64.23440552 19.71177673
v -76.45513916 64.42644501 19.71177673
v -76.06859589 64.59071350 19.71177673
v -75.67108917 64.72631836 19.71177673
v -75.26473999 64.83255768 19.71177673
v -74.85172272 64.90884399 19.71177673
v -74.43424225 64.95478058 19.71177673
v -77.38375854 65.63967133 22.81652641
v -77.44462585 65.75564575 21.06498909
v -77.38375854 65.63967133 20.94302750
v -77.44462585 65.75564575 22.69456673
v -77.49639130 65.85427094 22.55448341
v -77.53788757 65.93334961 22.39939308
v -77.56821442 65.99112701 22.23274422
v -77.58668518 66.02631378 22.05824661
v -77.59288788 66.03813171 21.87977791
v -77.58668518 66.02631378 21.70130920
v -77.56821442 65.99112701 21.52680969
v -77.53788757 65.93334961 21.36016273
v -77.49639130 65.85427094 21.20507240
v -76.62580872 64.19551849 22.69456673
v -76.66439819 64.28997803 22.79215622
v -76.68667603 64.31149292 22.81652641
v -76.66439819 64.31743622 22.81215668
v -76.66439819 64.44520569 22.89031982
v -76.49042511 64.37341309 22.76329041
v -76.49042511 64.47869873 22.82651329
v -76.32987213 64.44207001 22.69085884
v -76.32987213 64.52442169 22.73939514
v -76.18669128 64.52097321 22.59624863
v -76.18669128 64.58125305 22.63111115
v -76.06439972 64.60751343 22.48147011
v -76.06439972 64.64779663 22.50432777
v -75.96601105 64.69896698 22.34911346
v -75.96601105 64.72240448 22.36216354
v -75.89395142 64.79256439 22.20228767
v -75.89395142 64.80325317 22.20812225
v -75.84999084 64.88562775 22.04454231
v -75.84999084 64.88834381 22.04599571
v -75.83521271 64.97558594 21.87977791
v -75.84999084 64.91613770 22.05783844
v -76.57404327 64.09689331 22.55448341
v -76.49042511 64.20446777 22.62044334
v -76.49042511 64.33326721 22.73454857
v -76.49042511 64.09564209 22.48715591
v -76.53253937 64.01781464 22.39939308
v -76.49042511 64.00960541 22.33813858
v -76.50222015 63.96004105 22.23274422
v -76.49042511 63.94858932 22.17724991
v -76.48374939 63.92485046 22.05824661
v -76.32987213 64.04309082 22.14987564
v -76.32987213 64.01184082 21.99679756
v -76.18669128 64.13323975 21.98205566
v -76.18669128 64.12773895 21.84560966
v -76.06439972 64.27081299 21.85137558
v -76.06439972 64.28449249 21.73869133
v -75.96601105 64.44180298 21.77080536
v -75.96601105 64.46619415 21.68659210
v -75.89395142 64.62886047 21.74828339
v -75.89395142 64.65444183 21.69436646
v -75.84999084 64.81301117 21.78591728
v -75.84999084 64.83016968 21.76105309
v -76.47754669 63.91303635 21.87977791
v -76.32987213 64.00554657 21.84068680
v -76.18669128 64.14420319 21.71005058
v -76.06439972 64.31607819 21.62965965
v -75.96601105 64.50378418 21.60738373
v -75.89395142 64.68833923 21.64525414
v -75.84999084 64.85109711 21.73926544
v -76.48374939 63.92485046 21.70130920
v -76.32987213 64.02438354 21.68558884
v -76.18669128 64.18219757 21.57888412
v -76.06439972 64.36473846 21.52710533
v -75.96601105 64.55358887 21.53522873
v -75.89395142 64.72968292 21.60221481
v -75.84999084 64.87525177 21.72111702
v -76.50222015 63.96004105 21.52680969
v -76.32987213 64.06784821 21.53552055
v -76.18669128 64.24073792 21.45551300
v -76.06439972 64.42922211 21.43368721
v -75.96601105 64.61431885 21.47199631
v -75.89395142 64.77738953 21.56636429
v -75.84999084 64.90200043 21.70707703
v -76.49042511 63.97585678 21.50063133
v -76.53253937 64.01781464 21.36016273
v -76.49042511 64.04962158 21.34517288
v -76.57404327 64.09689331 21.20507240
v -76.49042511 64.14736938 21.20356178
v -76.62580872 64.19551849 21.06498909
v -76.49042511 64.26656342 21.07946396
v -76.68667603 64.31149292 20.94302750
v -76.49042511 64.40412903 20.97609329
v -76.66439819 64.36561584 20.91518974
v -76.49042511 64.55648804 20.89612770
v -76.66439819 64.52824402 20.82983398
v -76.49042511 64.71970367 20.84163857
v -76.66439819 64.70246124 20.77167320
v -76.49042511 64.88954926 20.81403732
v -76.66439819 64.88375092 20.74221039
v -76.49042511 65.06161499 20.81403732
v -76.66439819 65.06741333 20.74221039
v -76.49042511 65.23146057 20.84163857
v -76.66439819 65.24870300 20.77167320
v -76.49042511 65.39467621 20.89612770
v -76.66439819 65.42292023 20.82983398
v -76.49042511 65.54703522 20.97609329
v -76.66439819 65.58554840 20.91518974
v -76.49042511 65.68460083 21.07946396
v -76.66439819 65.73238373 21.02552605
v -76.49042511 65.80379486 21.20356178
v -76.66439819 65.85961151 21.15798759
v -76.49042511 65.90154266 21.34517288
v -76.66439819 65.96395111 21.30914307
v -76.49042511 65.97531128 21.50063133
v -76.66439819 66.04268646 21.47507858
v -76.49042511 66.02318573 21.66590881
v -76.66439819 66.09378815 21.65149498
v -76.49042511 66.04392242 21.83672523
v -76.66439819 66.11592102 21.83382225
v -76.49042511 66.03699493 22.00865555
v -76.66439819 66.10852814 22.01734161
v -76.49042511 66.00257874 22.17724991
v -76.66439819 66.07179260 22.19729805
v -76.49042511 65.94155884 22.33813858
v -76.66439819 66.00666046 22.36903000
v -76.49042511 65.85552216 22.48715591
v -76.66439819 65.91482544 22.52809143
v -76.49042511 65.74669647 22.62044334
v -76.66439819 65.79866791 22.67036057
v -76.49042511 65.61789703 22.73454857
v -76.66439819 65.66119385 22.79215622
v -76.49042511 65.47246552 22.82651329
v -76.66439819 65.50595856 22.89031982
v -76.49042511 65.31416321 22.89395905
v -76.66439819 65.33698273 22.96231079
v -76.49042511 65.14709473 22.93513870
v -76.66439819 65.15865326 23.00626564
v -76.49042511 64.97558594 22.94898605
v -76.66439819 64.97558594 23.02104568
v -76.49042511 64.80406952 22.93513870
v -76.66439819 64.79251099 23.00626564
v -76.49042511 64.63700104 22.89395905
v -76.66439819 64.61418152 22.96231079
v -76.66439819 64.21878052 21.02552605
v -76.84749603 64.18962860 20.99262238
v -76.84749603 64.34211731 20.87803650
v -77.03521729 64.17983246 20.98156357
v -77.03521729 64.33422089 20.86554909
v -77.22293854 64.18962860 20.99262238
v -77.22293854 64.34211731 20.87803650
v -77.40603638 64.21878052 21.02552605
v -77.40603638 64.36561584 20.91518974
v -77.58000183 64.26656342 21.07946396
v -77.58000183 64.40412903 20.97609329
v -77.74056244 64.33181000 21.15310860
v -77.74056244 64.45671082 21.05924988
v -77.88374329 64.41290283 21.24464417
v -77.88374329 64.52207184 21.16260910
v -78.00603485 64.50785065 21.35182190
v -78.00603485 64.59860229 21.28362846
v -78.10442352 64.61431885 21.47199631
v -78.10442352 64.68441010 21.41932678
v -78.17648315 64.72968292 21.60221481
v -78.17648315 64.77738953 21.56636429
v -78.22044373 64.85109711 21.73926544
v -78.22044373 64.87525177 21.72111702
v -78.23521423 64.97558594 21.87977791
v -76.66439819 64.09155273 21.15798759
v -76.66439819 63.98721695 21.30914307
v -76.66439819 63.90847778 21.47507858
v -76.66439819 63.85737991 21.65149498
v -76.49042511 63.92798233 21.66590881
v -76.66439819 63.83523941 21.83382225
v -76.49042511 63.90724182 21.83672523
v -76.66439819 63.84263611 22.01734161
v -76.49042511 63.91416931 22.00865555
v -76.66439819 63.87937546 22.19729805
v -76.66439819 63.94450378 22.36903000
v -76.66439819 64.03633881 22.52809143
v -76.66439819 64.15249634 22.67036057
v -77.40603638 65.73238373 21.02552605
v -77.22293854 65.76153564 20.99262238
v -77.22293854 65.60904694 20.87803650
v -77.03521729 65.77133179 20.98156357
v -77.03521729 65.61694336 20.86554909
v -76.84749603 65.76153564 20.99262238
v -76.84749603 65.60904694 20.87803650
v -77.40603638 65.85961151 21.15798759
v -77.40603638 65.96395111 21.30914307
v -77.40603638 66.04268646 21.47507858
v -77.40603638 66.09378815 21.65149498
v -77.58000183 66.02318573 21.66590881
v -77.40603638 66.11592102 21.83382225
v -77.58000183 66.04392242 21.83672523
v -77.40603638 66.10852814 22.01734161
v -77.58000183 66.03699493 22.00865555
v -77.40603638 66.07179260 22.19729805
v -77.40603638 66.00666046 22.36903000
v -77.40603638 65.91482544 22.52809143
v -77.40603638 65.79866791 22.67036057
v -77.40603638 65.66119385 22.79215622
v -77.40603638 65.50595856 22.89031982
v -77.22293854 65.52638245 22.92924309
v -77.22293854 65.35090637 23.00400734
v -77.03521729 65.35558319 23.01802063
v -77.03521729 65.16807556 23.06423759
v -76.84749603 65.16570282 23.04965401
v -76.84749603 64.97558594 23.06500244
v -77.58000183 65.74669647 22.62044334
v -77.58000183 65.61789703 22.73454857
v -77.58000183 65.85552216 22.48715591
v -77.58000183 65.94155884 22.33813858
v -77.58000183 66.00257874 22.17724991
v -77.74056244 65.90807343 22.14987564
v -77.74056244 65.93932343 21.99679756
v -77.88374329 65.81792450 21.98205566
v -77.88374329 65.82342529 21.84560966
v -78.00603485 65.68035126 21.85137558
v -78.00603485 65.66667175 21.73869133
v -78.10442352 65.50936127 21.77080536
v -78.10442352 65.48497009 21.68659210
v -78.17648315 65.32230377 21.74828339
v -78.17648315 65.29672241 21.69436646
v -78.22044373 65.13815308 21.78591728
v -78.22044373 65.12099457 21.76105309
v -77.74056244 65.94561768 21.84068680
v -77.88374329 65.80696106 21.71005058
v -78.00603485 65.63508606 21.62965965
v -78.10442352 65.44738007 21.60738373
v -78.17648315 65.26282501 21.64525414
v -78.22044373 65.10006714 21.73926544
v -77.74056244 65.92678070 21.68558884
v -77.88374329 65.76896667 21.57888412
v -78.00603485 65.58642578 21.52710533
v -78.10442352 65.39757538 21.53522873
v -78.17648315 65.22148132 21.60221481
v -78.17648315 65.17783356 21.56896782
v -78.22044373 65.07694244 21.72177315
v -78.17648315 65.17377472 21.56636429
v -78.22044373 65.07591248 21.72111702
v -78.22044373 65.04916382 21.70707703
v -77.74056244 65.88331604 21.53552055
v -77.88374329 65.71042633 21.45551300
v -78.00603485 65.52194214 21.43368721
v -78.10442352 65.33684540 21.47199631
v -78.10442352 65.27568054 21.42509460
v -78.10442352 65.26675415 21.41932678
v -78.17648315 65.12093353 21.53862953
v -78.22044373 65.02050781 21.69751167
v -77.58000183 65.97531128 21.50063133
v -77.58000183 65.90154266 21.34517288
v -77.58000183 65.80379486 21.20356178
v -77.58000183 65.68460083 21.07946396
v -77.40603638 65.63487244 20.94820595
v -77.58000183 65.58756256 21.00302887
v -77.40603638 65.58554840 20.91518974
v -77.58000183 65.54703522 20.97609329
v -77.58000183 65.39467621 20.89612770
v -77.74056244 65.35610962 20.98664284
v -77.74056244 65.20791626 20.93716812
v -77.88374329 65.17864990 21.05590630
v -77.88374329 65.04386139 21.03400040
v -78.00603485 65.03234100 21.17672157
v -78.00603485 64.91882324 21.17672157
v -78.10442352 64.93174744 21.33675575
v -78.10442352 64.84520721 21.35081863
v -78.17648315 64.88684082 21.51973152
v -78.17648315 64.83023071 21.53862953
v -78.22044373 64.90200043 21.70707703
v -77.63521576 64.97558594 22.91900826
v -77.58000183 64.97558594 22.94898605
v -77.58000183 65.14709473 22.93513870
v -77.40603638 64.97558594 23.02104568
v -77.40603638 65.15865326 23.00626564
v -77.22293854 64.97558594 23.06500244
v -77.22293854 65.16570282 23.04965401
v -77.03521729 64.97558594 23.07977676
v -77.74056244 64.97558594 22.85059738
v -77.74056244 64.81985474 22.83802605
v -77.88374329 64.97558594 22.72830582
v -77.88374329 64.83946991 22.71731758
v -78.00603485 64.97558594 22.58511925
v -78.00603485 64.86243439 22.57598495
v -78.10442352 64.97558594 22.42456627
v -78.10442352 64.88819122 22.41751099
v -78.17648315 64.97558594 22.25059700
v -78.17648315 64.91609955 22.24579620
v -78.22044373 64.97558594 22.06749916
v -78.22044373 64.94547272 22.06506729
v -76.43521881 64.97558594 22.91900826
v -76.32987213 64.97558594 22.85059738
v -76.32987213 65.13130951 22.83802605
v -76.18669128 64.97558594 22.72830582
v -76.18669128 65.11169434 22.71731758
v -76.06439972 64.97558594 22.58511925
v -76.06439972 65.08872986 22.57598495
v -75.96601105 64.97558594 22.42456627
v -75.96601105 65.06297302 22.41751099
v -75.89395142 64.97558594 22.25059700
v -75.89395142 65.03506470 22.24579620
v -75.84999084 64.97558594 22.06749916
v -75.84999084 65.00569153 22.06506729
v -76.32987213 64.81985474 22.83802605
v -76.18669128 64.83946991 22.71731758
v -76.06439972 64.86243439 22.57598495
v -75.96601105 64.88819122 22.41751099
v -75.89395142 64.91609955 22.24579620
v -75.84999084 64.94547272 22.06506729
v -75.84999084 65.03502655 22.05783844
v -75.84999084 65.06282043 22.04599571
v -75.84999084 65.08835602 22.02985001
v -75.84999084 65.11096954 22.00981712
v -75.84999084 65.13007355 21.98641586
v -75.84999084 65.14517975 21.96025276
v -75.84999084 65.15589142 21.93200493
v -75.84999084 65.16193390 21.90240479
v -75.84999084 65.16315460 21.87221909
v -75.84999084 65.15950775 21.84222794
v -75.84999084 65.15110779 21.81320953
v -75.84999084 65.13815308 21.78591728
v -75.84999084 65.12099457 21.76105309
v -75.84999084 65.10006714 21.73926544
v -75.84999084 65.07591248 21.72111702
v -75.84999084 65.04916382 21.70707703
v -75.84999084 65.02050781 21.69751167
v -75.84999084 64.99068451 21.69266510
v -75.84999084 64.96047974 21.69266510
v -75.84999084 64.93065643 21.69751167
v -75.84999084 64.80005646 21.81320953
v -75.84999084 64.79165649 21.84222794
v -75.84999084 64.78800964 21.87221909
v -75.84999084 64.78923035 21.90240479
v -75.84999084 64.79527283 21.93200493
v -75.84999084 64.80598450 21.96025276
v -75.84999084 64.82109070 21.98641586
v -75.84999084 64.84019470 22.00981712
v -75.84999084 64.86280823 22.02985001
v -78.22044373 64.91613770 22.05783844
v -78.22044373 64.88834381 22.04599571
v -78.22044373 64.86280823 22.02985001
v -78.22044373 64.84019470 22.00981712
v -78.22044373 64.82109070 21.98641586
v -78.22044373 64.80598450 21.96025276
v -78.22044373 64.79527283 21.93200493
v -78.22044373 64.78923035 21.90240479
v -78.22044373 64.78800964 21.87221909
v -78.22044373 64.79165649 21.84222794
v -78.22044373 64.80005646 21.81320953
v -78.22044373 64.81301117 21.78591728
v -78.22044373 64.83016968 21.76105309
v -78.22044373 64.93065643 21.69751167
v -78.22044373 64.96047974 21.69266510
v -78.22044373 64.99068451 21.69266510
v -78.22044373 65.15110779 21.81320953
v -78.22044373 65.15950775 21.84222794
v -78.22044373 65.16315460 21.87221909
v -78.22044373 65.16193390 21.90240479
v -78.22044373 65.15589142 21.93200493
v -78.22044373 65.14517975 21.96025276
v -78.22044373 65.13007355 21.98641586
v -78.22044373 65.11096954 22.00981712
v -78.22044373 65.08835602 22.02985001
v -78.22044373 65.06282043 22.04599571
v -78.22044373 65.03502655 22.05783844
v -78.22044373 65.00569153 22.06506729
v -78.17648315 65.03506470 22.24579620
v -78.17648315 65.09300995 22.23151398
v -78.17648315 65.14791107 22.20812225
v -78.17648315 65.19834900 22.17622757
v -78.17648315 65.24301910 22.13665390
v -78.17648315 65.28076172 22.09042740
v -78.17648315 65.31060028 22.03874588
v -78.17648315 65.33176422 21.98294640
v -78.17648315 65.34369659 21.92447472
v -78.17648315 65.34609985 21.86484528
v -78.17648315 65.33890533 21.80560303
v -78.10442352 65.06297302 22.41751099
v -78.10442352 65.14810181 22.39652824
v -78.10442352 65.22875977 22.36216354
v -78.10442352 65.30285645 22.31530380
v -78.10442352 65.36848450 22.25716591
v -78.10442352 65.42393494 22.18925285
v -78.10442352 65.46777344 22.11332321
v -78.10442352 65.49886322 22.03134727
v -78.10442352 65.51639557 21.94544411
v -78.10442352 65.51992798 21.85784149
v -78.00603485 65.08872986 22.57598495
v -78.00603485 65.19894409 22.54882050
v -78.00603485 65.30336761 22.50432777
v -78.00603485 65.39931488 22.44365883
v -78.00603485 65.48427582 22.36838531
v -78.00603485 65.55606842 22.28045654
v -78.00603485 65.61282349 22.18215179
v -78.00603485 65.65307617 22.07601547
v -78.00603485 65.67578125 21.96479607
v -77.88374329 65.11169434 22.71731758
v -77.88374329 65.24428558 22.68463707
v -77.88374329 65.36991119 22.63111115
v -77.88374329 65.48532867 22.55812645
v -77.88374329 65.58753967 22.46757317
v -77.88374329 65.67390442 22.36179543
v -77.88374329 65.74218750 22.24353409
v -77.88374329 65.79061127 22.11585236
v -77.74056244 65.13130951 22.83802605
v -77.74056244 65.28301239 22.80063629
v -77.74056244 65.42674255 22.73939514
v -77.74056244 65.55879211 22.65589333
v -77.74056244 65.67574310 22.55228806
v -77.74056244 65.77455139 22.43126678
v -77.74056244 65.85266876 22.29596138
v -77.58000183 65.31416321 22.89395905
v -77.58000183 65.47246552 22.82651329
v -77.58000183 64.80406952 22.93513870
v -77.58000183 64.63700104 22.89395905
v -77.74056244 64.66815186 22.80063629
v -77.58000183 64.47869873 22.82651329
v -77.74056244 64.52442169 22.73939514
v -77.58000183 64.33326721 22.73454857
v -77.74056244 64.39237213 22.65589333
v -77.58000183 64.20446777 22.62044334
v -77.74056244 64.27542114 22.55228806
v -77.58000183 64.09564209 22.48715591
v -77.74056244 64.17661285 22.43126678
v -77.58000183 64.00960541 22.33813858
v -77.74056244 64.09849548 22.29596138
v -77.58000183 63.94858932 22.17724991
v -77.74056244 64.04309082 22.14987564
v -77.58000183 63.91416931 22.00865555
v -77.74056244 64.01184082 21.99679756
v -77.58000183 63.90724182 21.83672523
v -77.74056244 64.00554657 21.84068680
v -77.58000183 63.92798233 21.66590881
v -77.74056244 64.02438354 21.68558884
v -77.58000183 63.97585678 21.50063133
v -77.74056244 64.06784821 21.53552055
v -77.58000183 64.04962158 21.34517288
v -77.74056244 64.13482666 21.39436722
v -77.58000183 64.14736938 21.20356178
v -77.74056244 64.22357941 21.26578712
v -77.40603638 64.79251099 23.00626564
v -77.40603638 64.61418152 22.96231079
v -77.40603638 64.44520569 22.89031982
v -77.40603638 64.28997803 22.79215622
v -77.40603638 64.15249634 22.67036057
v -77.40603638 64.03633881 22.52809143
v -77.40603638 63.94450378 22.36903000
v -77.40603638 63.87937546 22.19729805
v -77.40603638 63.84263611 22.01734161
v -77.40603638 63.83523941 21.83382225
v -77.40603638 63.85737991 21.65149498
v -77.40603638 63.90847778 21.47507858
v -77.40603638 63.98721695 21.30914307
v -77.40603638 64.09155273 21.15798759
v -77.22293854 64.78546143 23.04965401
v -77.22293854 64.60025787 23.00400734
v -77.22293854 64.42478180 22.92924309
v -77.22293854 64.26356506 22.82729721
v -77.22293854 64.12079620 22.70081139
v -77.22293854 64.00016022 22.55306244
v -77.22293854 63.90478897 22.38787460
v -77.22293854 63.83715057 22.20952797
v -77.22293854 63.79899597 22.02264023
v -77.22293854 63.79131699 21.83205223
v -77.22293854 63.81430817 21.64270210
v -77.22293854 63.86737823 21.45948982
v -77.22293854 63.94914627 21.28716469
v -77.22293854 64.05750275 21.13018608
v -77.03521729 64.78308868 23.06423759
v -77.03521729 64.59558105 23.01802063
v -77.03521729 64.41791534 22.94232368
v -77.03521729 64.25469208 22.83910942
v -77.03521729 64.11013794 22.71104622
v -77.03521729 63.98800278 22.56145477
v -77.03521729 63.89144135 22.39420891
v -77.03521729 63.82295990 22.21363831
v -77.03521729 63.78433228 22.02442169
v -77.03521729 63.77655411 21.83145905
v -77.03521729 63.79983521 21.63974571
v -77.03521729 63.85356140 21.45425224
v -77.03521729 63.93635178 21.27977753
v -77.03521729 64.04605865 21.12084198
v -76.84749603 64.78546143 23.04965401
v -76.84749603 64.60025787 23.00400734
v -76.84749603 64.42478180 22.92924309
v -76.84749603 64.26356506 22.82729721
v -76.84749603 64.12079620 22.70081139
v -76.84749603 64.00016022 22.55306244
v -76.84749603 63.90478897 22.38787460
v -76.84749603 63.83715057 22.20952797
v -76.84749603 63.79899597 22.02264023
v -76.84749603 63.79131699 21.83205223
v -76.84749603 63.81430817 21.64270210
v -76.84749603 63.86737823 21.45948982
v -76.84749603 63.94914627 21.28716469
v -76.84749603 64.05750275 21.13018608
v -76.32987213 65.28301239 22.80063629
v -76.32987213 65.42674255 22.73939514
v -76.32987213 65.55879211 22.65589333
v -76.32987213 65.67574310 22.55228806
v -76.32987213 65.77455139 22.43126678
v -76.32987213 65.85266876 22.29596138
v -76.32987213 65.90807343 22.14987564
v -76.32987213 65.93932343 21.99679756
v -76.32987213 65.94561768 21.84068680
v -76.32987213 65.92678070 21.68558884
v -76.32987213 65.88331604 21.53552055
v -76.32987213 65.81633759 21.39436722
v -76.32987213 65.72758484 21.26578712
v -76.32987213 65.61935425 21.15310860
v -76.32987213 65.49445343 21.05924988
v -76.32987213 65.35610962 20.98664284
v -76.32987213 65.20791626 20.93716812
v -76.32987213 65.05370331 20.91210556
v -76.32987213 64.89746094 20.91210556
v -76.32987213 64.74324799 20.93716812
v -76.32987213 64.59505463 20.98664284
v -76.32987213 64.45671082 21.05924988
v -76.32987213 64.33181000 21.15310860
v -76.32987213 64.22357941 21.26578712
v -76.32987213 64.13482666 21.39436722
v -75.89395142 64.75281525 22.17622757
v -75.89395142 64.70814514 22.13665390
v -75.89395142 64.67040253 22.09042740
v -75.89395142 64.64056396 22.03874588
v -75.89395142 64.61940002 21.98294640
v -75.89395142 64.60746765 21.92447472
v -75.89395142 64.60506439 21.86484528
v -75.89395142 64.61225891 21.80560303
v -75.96601105 64.64830780 22.31530380
v -75.96601105 64.58267975 22.25716591
v -75.96601105 64.52722931 22.18925285
v -75.96601105 64.48339081 22.11332321
v -75.96601105 64.45230103 22.03134727
v -75.96601105 64.43476868 21.94544411
v -75.96601105 64.43123627 21.85784149
v -76.06439972 64.55185699 22.44365883
v -76.06439972 64.46688843 22.36838531
v -76.06439972 64.39509583 22.28045654
v -76.06439972 64.33834076 22.18215179
v -76.06439972 64.29808807 22.07601547
v -76.06439972 64.27538300 21.96479607
v -76.18669128 64.46583557 22.55812645
v -76.18669128 64.36362457 22.46757317
v -76.18669128 64.27725983 22.36179543
v -76.18669128 64.20897675 22.24353409
v -76.18669128 64.16055298 22.11585236
v -76.32987213 64.39237213 22.65589333
v -76.32987213 64.27542114 22.55228806
v -76.32987213 64.17661285 22.43126678
v -76.32987213 64.09849548 22.29596138
v -76.18669128 64.31830597 21.34313011
v -76.18669128 64.41290283 21.24464417
v -76.18669128 64.52207184 21.16260910
v -76.18669128 64.64299011 21.09914970
v -76.18669128 64.77251434 21.05590630
v -76.18669128 64.90730286 21.03400040
v -76.18669128 65.04386139 21.03400040
v -76.18669128 65.17864990 21.05590630
v -76.18669128 65.30817413 21.09914970
v -76.18669128 65.42909241 21.16260910
v -76.18669128 65.53826141 21.24464417
v -76.18669128 65.63285828 21.34313011
v -76.18669128 65.71042633 21.45551300
v -76.18669128 65.76896667 21.57888412
v -76.18669128 65.80696106 21.71005058
v -76.18669128 65.82342529 21.84560966
v -76.18669128 65.81792450 21.98205566
v -76.18669128 65.79061127 22.11585236
v -76.18669128 65.74218750 22.24353409
v -76.18669128 65.67390442 22.36179543
v -76.18669128 65.58753967 22.46757317
v -76.18669128 65.48532867 22.55812645
v -76.18669128 65.36991119 22.63111115
v -76.18669128 65.24428558 22.68463707
v -76.06439972 64.50785065 21.35182190
v -75.96601105 64.68441010 21.41932678
v -75.89395142 64.83023071 21.53862953
v -76.06439972 64.59860229 21.28362846
v -76.06439972 64.69911194 21.23087692
v -76.06439972 64.80678558 21.19493103
v -76.06439972 64.91882324 21.17672157
v -76.06439972 65.03234100 21.17672157
v -76.06439972 65.14437866 21.19493103
v -76.06439972 65.25205231 21.23087692
v -76.06439972 65.35256195 21.28362846
v -76.06439972 65.44331360 21.35182190
v -76.06439972 65.52194214 21.43368721
v -76.06439972 65.58642578 21.52710533
v -76.06439972 65.63508606 21.62965965
v -76.06439972 65.66667175 21.73869133
v -76.06439972 65.68035126 21.85137558
v -76.06439972 65.67578125 21.96479607
v -76.06439972 65.65307617 22.07601547
v -76.06439972 65.61282349 22.18215179
v -76.06439972 65.55606842 22.28045654
v -76.06439972 65.48427582 22.36838531
v -76.06439972 65.39931488 22.44365883
v -76.06439972 65.30336761 22.50432777
v -76.06439972 65.19894409 22.54882050
v -77.88374329 64.31830597 21.34313011
v -77.88374329 64.24073792 21.45551300
v -77.88374329 64.18219757 21.57888412
v -77.88374329 64.14420319 21.71005058
v -77.88374329 64.12773895 21.84560966
v -77.88374329 64.13323975 21.98205566
v -77.88374329 64.16055298 22.11585236
v -77.88374329 64.20897675 22.24353409
v -77.88374329 64.27725983 22.36179543
v -77.88374329 64.36362457 22.46757317
v -77.88374329 64.46583557 22.55812645
v -77.88374329 64.58125305 22.63111115
v -77.88374329 64.70687866 22.68463707
v -78.00603485 64.42922211 21.43368721
v -78.00603485 64.36473846 21.52710533
v -78.00603485 64.31607819 21.62965965
v -78.00603485 64.28449249 21.73869133
v -78.00603485 64.27081299 21.85137558
v -78.00603485 64.27538300 21.96479607
v -78.00603485 64.29808807 22.07601547
v -78.00603485 64.33834076 22.18215179
v -78.00603485 64.39509583 22.28045654
v -78.00603485 64.46688843 22.36838531
v -78.00603485 64.55185699 22.44365883
v -78.00603485 64.64779663 22.50432777
v -78.00603485 64.75222015 22.54882050
v -78.10442352 64.55358887 21.53522873
v -78.10442352 64.50378418 21.60738373
v -78.10442352 64.46619415 21.68659210
v -78.10442352 64.44180298 21.77080536
v -78.10442352 64.43123627 21.85784149
v -78.10442352 64.43476868 21.94544411
v -78.10442352 64.45230103 22.03134727
v -78.10442352 64.48339081 22.11332321
v -78.10442352 64.52722931 22.18925285
v -78.10442352 64.58267975 22.25716591
v -78.10442352 64.64830780 22.31530380
v -78.10442352 64.72240448 22.36216354
v -78.10442352 64.80306244 22.39652824
v -78.17648315 64.68833923 21.64525414
v -78.17648315 64.65444183 21.69436646
v -78.17648315 64.62886047 21.74828339
v -78.17648315 64.61225891 21.80560303
v -78.17648315 64.60506439 21.86484528
v -78.17648315 64.60746765 21.92447472
v -78.17648315 64.61940002 21.98294640
v -78.17648315 64.64056396 22.03874588
v -78.17648315 64.67040253 22.09042740
v -78.17648315 64.70814514 22.13665390
v -78.17648315 64.75281525 22.17622757
v -78.17648315 64.80325317 22.20812225
v -78.17648315 64.85815430 22.23151398
v -78.10442352 64.76204681 21.37858391
v -78.00603485 64.69911194 21.23087692
v -77.88374329 64.64299011 21.09914970
v -77.74056244 64.59505463 20.98664284
v -77.58000183 64.55648804 20.89612770
v -77.40603638 64.52824402 20.82983398
v -77.22293854 64.51101685 20.78939438
v -77.03521729 64.50521851 20.77580261
v -76.84749603 64.51101685 20.78939438
v -75.96601105 64.76204681 21.37858391
v -75.89395142 64.88684082 21.51973152
v -77.22293854 65.89366150 21.13018608
v -77.22293854 66.00202179 21.28716469
v -77.22293854 66.08378601 21.45948982
v -77.22293854 66.13685608 21.64270210
v -77.22293854 66.15984344 21.83205223
v -77.22293854 66.15216827 22.02264023
v -77.22293854 66.11401367 22.20952797
v -77.22293854 66.04637146 22.38787460
v -77.22293854 65.95100403 22.55306244
v -77.22293854 65.83036804 22.70081139
v -77.22293854 65.68759918 22.82729721
v -77.03521729 65.90510559 21.12084198
v -77.03521729 66.01481628 21.27977753
v -77.03521729 66.09760284 21.45425224
v -77.03521729 66.15132904 21.63974571
v -77.03521729 66.17460632 21.83145905
v -77.03521729 66.16683197 22.02442169
v -77.03521729 66.12820435 22.21363831
v -77.03521729 66.05972290 22.39420891
v -77.03521729 65.96316528 22.56145477
v -77.03521729 65.84102631 22.71104622
v -77.03521729 65.69647217 22.83910942
v -77.03521729 65.53324890 22.94232368
v -76.84749603 65.89366150 21.13018608
v -76.84749603 66.00202179 21.28716469
v -76.84749603 66.08378601 21.45948982
v -76.84749603 66.13685608 21.64270210
v -76.84749603 66.15984344 21.83205223
v -76.84749603 66.15216827 22.02264023
v -76.84749603 66.11401367 22.20952797
v -76.84749603 66.04637146 22.38787460
v -76.84749603 65.95100403 22.55306244
v -76.84749603 65.83036804 22.70081139
v -76.84749603 65.68759918 22.82729721
v -76.84749603 65.52638245 22.92924309
v -76.84749603 65.35090637 23.00400734
v -75.96601105 65.33684540 21.47199631
v -75.96601105 65.26675415 21.41932678
v -75.96601105 65.18911743 21.37858391
v -75.96601105 65.10595703 21.35081863
v -75.96601105 65.01941681 21.33675575
v -75.96601105 64.93174744 21.33675575
v -75.96601105 64.84520721 21.35081863
v -75.89395142 65.22148132 21.60221481
v -75.89395142 65.17377472 21.56636429
v -75.89395142 65.12093353 21.53862953
v -75.89395142 65.06432343 21.51973152
v -75.89395142 65.00542450 21.51015854
v -75.89395142 64.94574738 21.51015854
v -75.96601105 65.39757538 21.53522873
v -75.96601105 65.44738007 21.60738373
v -75.96601105 65.48497009 21.68659210
v -75.96601105 65.50936127 21.77080536
v -75.96601105 65.51992798 21.85784149
v -75.96601105 65.51639557 21.94544411
v -75.96601105 65.49886322 22.03134727
v -75.96601105 65.46777344 22.11332321
v -75.96601105 65.42393494 22.18925285
v -75.96601105 65.36848450 22.25716591
v -75.96601105 65.30285645 22.31530380
v -75.96601105 65.22875977 22.36216354
v -75.96601105 65.14810181 22.39652824
v -75.89395142 65.26282501 21.64525414
v -75.89395142 65.29672241 21.69436646
v -75.89395142 65.32230377 21.74828339
v -75.89395142 65.33890533 21.80560303
v -75.89395142 65.34609985 21.86484528
v -75.89395142 65.34369659 21.92447472
v -75.89395142 65.33176422 21.98294640
v -75.89395142 65.31060028 22.03874588
v -75.89395142 65.28076172 22.09042740
v -75.89395142 65.24301910 22.13665390
v -75.89395142 65.19834900 22.17622757
v -75.89395142 65.14791107 22.20812225
v -75.89395142 65.09300995 22.23151398
v -76.84749603 65.44015503 20.78939438
v -76.84749603 65.25922394 20.72899246
v -76.84749603 65.07095337 20.69839478
v -76.84749603 64.88021088 20.69839478
v -76.84749603 64.69194031 20.72899246
v -77.03521729 65.44594574 20.77580261
v -77.03521729 65.26276398 20.71464729
v -77.03521729 65.07214355 20.68366814
v -77.03521729 64.87902069 20.68366814
v -77.03521729 64.68840027 20.71464729
v -77.40603638 65.42292023 20.82983398
v -77.58000183 65.23146057 20.84163857
v -77.74056244 65.05370331 20.91210556
v -77.88374329 64.90730286 21.03400040
v -78.00603485 64.80678558 21.19493103
v -77.22293854 65.44015503 20.78939438
v -77.22293854 65.25922394 20.72899246
v -77.22293854 65.07095337 20.69839478
v -77.22293854 64.88021088 20.69839478
v -77.22293854 64.69194031 20.72899246
v -77.74056244 65.49445343 21.05924988
v -77.74056244 65.52606201 21.08011055
v -77.88374329 65.45216370 21.17772865
v -77.88374329 65.53826141 21.24464417
v -78.00603485 65.44331360 21.35182190
v -77.88374329 65.63285828 21.34313011
v -77.88374329 65.42909241 21.16260910
v -78.00603485 65.36793518 21.29363441
v -77.88374329 65.30817413 21.09914970
v -78.00603485 65.25205231 21.23087692
v -78.00603485 65.35256195 21.28362846
v -78.10442352 65.18911743 21.37858391
v -77.74056244 65.61935425 21.15310860
v -77.40603638 65.33698273 22.96231079
v -77.74056244 65.81633759 21.39436722
v -77.74056244 65.72758484 21.26578712
v -76.32987213 64.66815186 22.80063629
v -76.18669128 64.70687866 22.68463707
v -76.06439972 64.75222015 22.54882050
v -75.96601105 64.80306244 22.39652824
v -75.89395142 64.85815430 22.23151398
v -77.40603638 65.24870300 20.77167320
v -77.58000183 65.06161499 20.81403732
v -77.74056244 64.89746094 20.91210556
v -77.88374329 64.77251434 21.05590630
v -78.00603485 65.14437866 21.19493103
v -78.10442352 65.10595703 21.35081863
v -78.17648315 65.06432343 21.51973152
v -77.40603638 65.06741333 20.74221039
v -77.40603638 64.88375092 20.74221039
v -77.40603638 64.70246124 20.77167320
v -78.10442352 65.01941681 21.33675575
v -78.17648315 65.00542450 21.51015854
v -77.58000183 64.88954926 20.81403732
v -77.74056244 64.74324799 20.93716812
v -78.17648315 64.94574738 21.51015854
v -77.58000183 64.71970367 20.84163857
v -73.59479523 64.95478058 19.71177673
v -74.01451874 64.97011566 19.71177673
v -73.17730713 64.90884399 19.71177673
v -72.76428986 64.83255768 19.71177673
v -72.35794830 64.72631836 19.71177673
v -71.96044159 64.59071350 19.71177673
v -71.57389069 64.42644501 19.71177673
v -71.20036316 64.23440552 19.71177673
v -70.84185028 64.01560211 19.71177673
v -70.50026703 63.77122116 19.71177673
v -70.17742920 63.50255966 19.71177673
v -69.87506866 63.21104431 19.71177673
v -69.59479523 62.89823914 19.71177673
v -69.33809662 62.56580734 19.71177673
v -69.10635376 62.21552658 19.71177673
v -68.90079498 61.84926224 19.71177673
v -68.72252655 61.46897125 19.71177673
v -68.57248688 61.07667923 19.71177673
v -68.45148468 60.67448425 19.71177673
v -68.36016083 60.26453018 19.71177673
v -68.29901123 59.84900284 19.71177673
v -68.26834869 59.43011856 19.71177673
v -68.26834869 59.01011658 19.71177673
v -68.29901123 58.59123230 19.71177673
v -68.36016083 58.17570496 19.71177673
v -68.45148468 57.76575089 19.71177673
v -68.57248688 57.36355591 19.71177673
v -68.72252655 56.97126770 19.71177673
v -68.90079498 56.59097290 19.71177673
v -69.10635376 56.22471237 19.71177673
v -69.33809662 55.87442780 19.71177673
v -69.59479523 55.54199982 19.71177673
v -69.87506866 55.22919083 19.71177673
v -70.17742920 54.93767929 19.71177673
v -70.50026703 54.66901398 19.71177673
v -70.84185028 54.42462921 19.71177673
v -71.20036316 54.20583344 19.71177673
v -71.57389069 54.01379013 19.71177673
v -71.96044159 53.84952545 19.71177673
v -72.35794830 53.71391296 19.71177673
v -72.76428986 53.60768127 19.71177673
v -73.17730713 53.53139496 19.71177673
v -73.59479523 53.48545837 19.71177673
v -74.01451874 53.47011948 19.71177673
v -74.43424225 53.48545837 19.71177673
v -74.85172272 53.53139496 19.71177673
v -75.26473999 53.60768127 19.71177673
v -75.67108917 53.71391296 19.71177673
v -76.06859589 53.84952545 19.71177673
v -76.45513916 54.01379013 19.71177673
v -76.82866669 54.20583344 19.71177673
v -77.18717957 54.42462921 19.71177673
v -77.52876282 54.66901398 19.71177673
v -77.85160065 54.93767929 19.71177673
v -78.15396118 55.22919083 19.71177673
v -78.43423462 55.54199982 19.71177673
v -78.69093323 55.87442780 19.71177673
v -78.92267609 56.22471237 19.71177673
v -79.12823486 56.59097290 19.71177673
v -79.30650330 56.97126770 19.71177673
v -79.45654297 57.36355591 19.71177673
v -79.57754517 57.76575089 19.71177673
v -79.66886902 58.17570496 19.71177673
v -79.73001862 58.59123230 19.71177673
v -79.76068115 59.01011658 19.71177673
v -79.76068115 59.43011856 19.71177673
v -79.73001862 59.84900284 19.71177673
v -79.66886902 60.26453018 19.71177673
v -79.57754517 60.67448425 19.71177673
v -79.45654297 61.07667923 19.71177673
v -79.30650330 61.46897125 19.71177673
v -79.12823486 61.84926224 19.71177673
v -78.92267609 62.21552658 19.71177673
v -78.69093323 62.56580734 19.71177673
v -78.43423462 62.89823914 19.71177673
v -78.15396118 63.21104431 19.71177673
v -77.85160065 63.50255966 19.71177673
v -77.52876282 63.77122116 19.71177673
v -77.18717957 64.01560211 19.71177673
v -76.82866669 64.23440552 19.71177673
v -76.45513916 64.42644501 19.71177673
v -76.06859589 64.59071350 19.71177673
v -75.67108917 64.72631836 19.71177673
v -75.26473999 64.83255768 19.71177673
v -74.85172272 64.90884399 19.71177673
v -74.43424225 64.95478058 19.71177673
v -76.68667603 64.31149292 20.94302750
v -76.30789948 64.49296570 20.94302750
v -77.05119324 64.10285187 20.94302750
v -77.39950562 63.86816406 20.94302750
v -77.72975922 63.60867691 20.94302750
v -78.04019928 63.32577133 20.94302750
v -78.32914734 63.02096558 20.94302750
v -78.59508514 62.69587708 20.94302750
v -78.83657837 62.35224533 20.94302750
v -79.05234528 61.99190140 20.94302750
v -79.24123383 61.61676788 20.94302750
v -79.40223694 61.22884750 20.94302750
v -79.53448486 60.83021164 20.94302750
v -79.63729095 60.42298508 20.94302750
v -79.71009827 60.00933838 20.94302750
v -79.75251007 59.59148407 20.94302750
v -79.76431274 59.17164612 20.94302750
v -79.74543762 58.75206757 20.94302750
v -79.69598389 58.33498383 20.94302750
v -79.61621094 57.92262650 20.94302750
v -79.50656128 57.51718903 20.94302750
v -79.36759949 57.12083817 20.94302750
v -79.20008087 56.73569107 20.94302750
v -79.00489807 56.36379623 20.94302750
v -78.78308868 56.00714111 20.94302750
v -78.53583527 55.66762924 20.94302750
v -78.26445770 55.34706879 20.94302750
v -77.97040558 55.04717636 20.94302750
v -77.65525055 54.76954651 20.94302750
v -77.32066345 54.51566315 20.94302750
v -76.96843719 54.28688049 20.94302750
v -76.60045624 54.08441925 20.94302750
v -76.21867371 53.90935898 20.94302750
v -75.82513428 53.76263046 20.94302750
v -75.42193604 53.64502335 20.94302750
v -75.01122284 53.55716324 20.94302750
v -74.59519958 53.49951553 20.94302750
v -74.17607117 53.47238922 20.94302750
v -73.75608063 53.47592926 20.94302750
v -73.33747101 53.51011658 20.94302750
v -72.92247772 53.57477188 20.94302750
v -72.51330566 53.66954422 20.94302750
v -72.11214447 53.79393387 20.94302750
v -71.72113037 53.94727325 20.94302750
v -71.34235382 54.12874603 20.94302750
v -70.97783661 54.33738327 20.94302750
v -70.62952423 54.57207108 20.94302750
v -70.29927063 54.83156204 20.94302750
v -69.98883820 55.11446381 20.94302750
v -69.69988251 55.41927338 20.94302750
v -69.43394470 55.74435806 20.94302750
v -69.19245148 56.08799362 20.94302750
v -68.97668457 56.44833374 20.94302750
v -68.78779602 56.82346725 20.94302750
v -68.62680054 57.21138763 20.94302750
v -68.49454498 57.61002350 20.94302750
v -68.39173889 58.01725006 20.94302750
v -68.31893921 58.43089676 20.94302750
v -68.27651978 58.84875107 20.94302750
v -68.26471710 59.26858902 20.94302750
v -68.28359985 59.68816757 20.94302750
v -68.33305359 60.10525131 20.94302750
v -68.41281891 60.51760864 20.94302750
v -68.52247620 60.92304611 20.94302750
v -68.66143036 61.31939697 20.94302750
v -68.82894897 61.70454788 20.94302750
v -69.02413177 62.07643890 20.94302750
v -69.24594116 62.43309402 20.94302750
v -69.49319458 62.77260590 20.94302750
v -69.76457214 63.09316635 20.94302750
v -70.05862427 63.39305878 20.94302750
v -70.37378693 63.67068863 20.94302750
v -70.70836639 63.92457199 20.94302750
v -71.06059265 64.15335846 20.94302750
v -71.42857361 64.35581970 20.94302750
v -71.81035614 64.53087616 20.94302750
v -72.20389557 64.67760468 20.94302750
v -72.60709381 64.79521179 20.94302750
v -73.01780701 64.88307190 20.94302750
v -73.43383789 64.94071960 20.94302750
v -73.85295868 64.96784973 20.94302750
v -74.27294922 64.96430969 20.94302750
v -74.69155884 64.93012238 20.94302750
v -75.10655975 64.86546326 20.94302750
v -75.51572418 64.77069092 20.94302750
v -75.91688538 64.64630127 20.94302750
v -76.62580872 64.19551849 22.69456673
v -76.68667603 64.31149292 22.81652641
v -76.57404327 64.09689331 22.55448341
v -76.53253937 64.01781464 22.39939308
v -76.50222015 63.96004105 22.23274422
v -76.48374939 63.92485046 22.05824661
v -76.47754669 63.91303635 21.87977791
v -76.48374939 63.92485046 21.70130920
v -76.50222015 63.96004105 21.52680969
v -76.53253937 64.01781464 21.36016273
v -76.57404327 64.09689331 21.20507240
v -76.62580872 64.19551849 21.06498909
v -76.68667603 64.31149292 20.94302750
v -76.30789948 64.49296570 20.94302750
v -77.05119324 64.10285187 20.94302750
v -77.39950562 63.86816406 20.94302750
v -77.72975922 63.60867691 20.94302750
v -78.04019928 63.32577133 20.94302750
v -78.32914734 63.02096558 20.94302750
v -78.59508514 62.69587708 20.94302750
v -78.83657837 62.35224533 20.94302750
v -79.05234528 61.99190140 20.94302750
v -79.24123383 61.61676788 20.94302750
v -79.40223694 61.22884750 20.94302750
v -79.53448486 60.83021164 20.94302750
v -79.63729095 60.42298508 20.94302750
v -79.71009827 60.00933838 20.94302750
v -79.75251007 59.59148407 20.94302750
v -79.76431274 59.17164612 20.94302750
v -79.74543762 58.75206757 20.94302750
v -79.69598389 58.33498383 20.94302750
v -79.61621094 57.92262650 20.94302750
v -79.50656128 57.51718903 20.94302750
v -79.36759949 57.12083817 20.94302750
v -79.20008087 56.73569107 20.94302750
v -79.00489807 56.36379623 20.94302750
v -78.78308868 56.00714111 20.94302750
v -78.53583527 55.66762924 20.94302750
v -78.26445770 55.34706879 20.94302750
v -77.97040558 55.04717636 20.94302750
v -77.65525055 54.76954651 20.94302750
v -77.32066345 54.51566315 20.94302750
v -76.96843719 54.28688049 20.94302750
v -76.60045624 54.08441925 20.94302750
v -76.21867371 53.90935898 20.94302750
v -75.82513428 53.76263046 20.94302750
v -75.42193604 53.64502335 20.94302750
v -75.01122284 53.55716324 20.94302750
v -74.59519958 53.49951553 20.94302750
v -74.17607117 53.47238922 20.94302750
v -73.75608063 53.47592926 20.94302750
v -73.33747101 53.51011658 20.94302750
v -72.92247772 53.57477188 20.94302750
v -72.51330566 53.66954422 20.94302750
v -72.11214447 53.79393387 20.94302750
v -71.72113037 53.94727325 20.94302750
v -71.34235382 54.12874603 20.94302750
v -70.97783661 54.33738327 20.94302750
v -70.62952423 54.57207108 20.94302750
v -70.29927063 54.83156204 20.94302750
v -69.98883820 55.11446381 20.94302750
v -69.69988251 55.41927338 20.94302750
v -69.43394470 55.74435806 20.94302750
v -69.19245148 56.08799362 20.94302750
v -68.97668457 56.44833374 20.94302750
v -68.78779602 56.82346725 20.94302750
v -68.62680054 57.21138763 20.94302750
v -68.49454498 57.61002350 20.94302750
v -68.39173889 58.01725006 20.94302750
v -68.31893921 58.43089676 20.94302750
v -68.27651978 58.84875107 20.94302750
v -68.26471710 59.26858902 20.94302750
v -68.28359985 59.68816757 20.94302750
v -68.33305359 60.10525131 20.94302750
v -68.41281891 60.51760864 20.94302750
v -68.52247620 60.92304611 20.94302750
v -68.66143036 61.31939697 20.94302750
v -68.82894897 61.70454788 20.94302750
v -69.02413177 62.07643890 20.94302750
v -69.24594116 62.43309402 20.94302750
v -69.49319458 62.77260590 20.94302750
v -69.76457214 63.09316635 20.94302750
v -70.05862427 63.39305878 20.94302750
v -70.37378693 63.67068863 20.94302750
v -70.70836639 63.92457199 20.94302750
v -71.06059265 64.15335846 20.94302750
v -71.42857361 64.35581970 20.94302750
v -71.81035614 64.53087616 20.94302750
v -72.20389557 64.67760468 20.94302750
v -72.60709381 64.79521179 20.94302750
v -73.01780701 64.88307190 20.94302750
v -73.43383789 64.94071960 20.94302750
v -73.85295868 64.96784973 20.94302750
v -74.27294922 64.96430969 20.94302750
v -74.69155884 64.93012238 20.94302750
v -75.10655975 64.86546326 20.94302750
v -75.51572418 64.77069092 20.94302750
v -75.91688538 64.64630127 20.94302750
v -76.50973511 64.25473022 22.69456673
v -76.30789948 64.49296570 22.81652641
v -76.18540192 64.40284729 22.69456673
v -75.91688538 64.64630127 22.81652641
v -75.85231781 64.53009796 22.69456673
v -75.51572418 64.77069092 22.81652641
v -75.51184082 64.63597107 22.69456673
v -75.16532898 64.72003174 22.69456673
v -75.14251709 64.61101532 22.55448341
v -74.79833221 64.67169952 22.55448341
v -74.78562164 64.58330536 22.39939308
v -74.44391632 64.62141418 22.39939308
v -74.43875122 64.55636597 22.23274422
v -74.09944916 64.57253265 22.23274422
v -74.09881592 64.53279114 22.05824661
v -73.76169586 64.52744293 22.05824661
v -73.76232910 64.51411438 21.87977791
v -73.42707062 64.48746490 21.87977791
v -73.42559052 64.50072479 21.70130920
v -73.09349823 64.45303345 21.70130920
v -73.08660889 64.49216461 21.52680969
v -72.75247955 64.42230988 21.52680969
v -72.73709869 64.48571777 21.36016273
v -72.40570068 64.39409637 21.36016273
v -72.37918091 64.47937775 21.20507240
v -72.04891205 64.36507416 21.20507240
v -72.00916290 64.46911621 21.06498909
v -71.68029022 64.33135986 21.06498909
v -71.36081696 64.17302704 21.06498909
v -71.05202484 63.99474716 21.06498909
v -70.75516510 63.79724121 21.06498909
v -70.47142792 63.58130264 21.06498909
v -70.81977081 63.70651245 21.20507240
v -70.54165649 63.49485397 21.20507240
v -70.87157440 63.63376236 21.36016273
v -70.59796906 63.42554092 21.36016273
v -70.90942383 63.58061218 21.52680969
v -70.63911438 63.37489700 21.52680969
v -70.93247223 63.54824066 21.70130920
v -70.66416931 63.34405136 21.70130920
v -70.94021606 63.53736877 21.87977791
v -70.67258453 63.33369446 21.87977791
v -70.93247223 63.54824066 22.05824661
v -70.66416931 63.34405136 22.05824661
v -70.90942383 63.58061218 22.23274422
v -70.63911438 63.37489700 22.23274422
v -70.87157440 63.63376236 22.39939308
v -70.59796906 63.42554092 22.39939308
v -70.81977081 63.70651245 22.55448341
v -70.54165649 63.49485397 22.55448341
v -70.75516510 63.79724121 22.69456673
v -70.47142792 63.58130264 22.69456673
v -70.37378693 63.67068863 22.81652641
v -70.20195770 63.34780502 22.69456673
v -70.05862427 63.39305878 22.81652641
v -69.94783783 63.09768677 22.69456673
v -69.76457214 63.09316635 22.81652641
v -69.71009064 62.83195877 22.69456673
v -69.49319458 62.77260590 22.81652641
v -69.48968506 62.55168152 22.69456673
v -69.24594116 62.43309402 22.81652641
v -69.28749084 62.25799179 22.69456673
v -69.02413177 62.07643890 22.81652641
v -69.10433197 61.95206833 22.69456673
v -68.82894897 61.70454788 22.81652641
v -68.94094849 61.63514709 22.69456673
v -68.66143036 61.31939697 22.81652641
v -68.79799652 61.30849838 22.69456673
v -68.67604065 60.97344208 22.69456673
v -68.78186035 60.93868637 22.55448341
v -68.68340302 60.60335159 22.55448341
v -68.76984406 60.58092117 22.39939308
v -68.69409943 60.24554443 22.39939308
v -68.75817108 60.23319626 22.23274422
v -68.70449829 59.89777756 22.23274422
v -68.74391937 59.89274597 22.05824661
v -68.71186829 59.55710983 22.05824661
v -68.72518921 59.55626297 21.87977791
v -68.71451569 59.22011948 21.87977791
v -68.70117188 59.22011948 21.70130920
v -68.71186829 58.88312531 21.70130920
v -68.67221069 58.88060379 21.52680969
v -68.70449829 58.54245758 21.52680969
v -68.63977051 58.53419876 21.36016273
v -68.69409943 58.19469070 21.36016273
v -68.60639954 58.17779160 21.20507240
v -68.68340302 57.83688354 21.20507240
v -68.57559204 57.80891037 21.06498909
v -68.67604065 57.46679306 21.06498909
v -68.79799652 57.13173676 21.06498909
v -68.94094849 56.80509186 21.06498909
v -69.10433197 56.48816681 21.06498909
v -69.28749084 56.18224335 21.06498909
v -69.20166779 56.54232025 21.20507240
v -69.38119507 56.24246216 21.20507240
v -69.27970886 56.58574295 21.36016273
v -69.45632172 56.29074478 21.36016273
v -69.33672333 56.61746597 21.52680969
v -69.51121521 56.32602310 21.52680969
v -69.37145233 56.63678741 21.70130920
v -69.54464722 56.34750748 21.70130920
v -69.38311768 56.64327621 21.87977791
v -69.55587006 56.35472107 21.87977791
v -69.37145233 56.63678741 22.05824661
v -69.54464722 56.34750748 22.05824661
v -69.33672333 56.61746597 22.23274422
v -69.51121521 56.32602310 22.23274422
v -69.27970886 56.58574295 22.39939308
v -69.45632172 56.29074478 22.39939308
v -69.20166779 56.54232025 22.55448341
v -69.38119507 56.24246216 22.55448341
v -69.10433197 56.48816681 22.69456673
v -69.28749084 56.18224335 22.69456673
v -69.19245148 56.08799362 22.81652641
v -69.48968506 55.88855362 22.69456673
v -69.43394470 55.74435806 22.81652641
v -69.71009064 55.60828018 22.69456673
v -69.69988251 55.41927338 22.81652641
v -69.94783783 55.34254837 22.69456673
v -69.98883820 55.11446381 22.81652641
v -70.20195770 55.09243011 22.69456673
v -70.29927063 54.83156204 22.81652641
v -70.47142792 54.85893250 22.69456673
v -70.62952423 54.57207108 22.81652641
v -70.75516510 54.64299774 22.69456673
v -70.97783661 54.33738327 22.81652641
v -71.05202484 54.44549179 22.69456673
v -71.34235382 54.12874603 22.81652641
v -71.36081696 54.26721191 22.69456673
v -71.68029022 54.10887527 22.69456673
v -71.72655487 54.21018982 22.55448341
v -72.04891205 54.07516479 22.55448341
v -72.08078766 54.15859222 22.39939308
v -72.40570068 54.04613876 22.39939308
v -72.42507935 54.10844421 22.23274422
v -72.75247955 54.01792908 22.23274422
v -72.76184845 54.05654907 22.05824661
v -73.09186554 53.98749542 22.05824661
v -73.09417725 54.00063705 21.87977791
v -73.42707062 53.95277405 21.87977791
v -73.42559052 53.93951035 21.70130920
v -73.76169586 53.91279221 21.70130920
v -73.75980377 53.87309647 21.52680969
v -74.09944916 53.86770630 21.52680969
v -74.10047913 53.80246735 21.36016273
v -74.44391632 53.81882477 21.36016273
v -74.45099640 53.72979736 21.20507240
v -74.79833221 53.76853561 21.20507240
v -74.81418610 53.65828705 21.06498909
v -75.16532898 53.72020340 21.06498909
v -75.51184082 53.80426407 21.06498909
v -75.85231781 53.91013718 21.06498909
v -76.18540192 54.03738785 21.06498909
v -76.50973511 54.18550873 21.06498909
v -76.14236450 54.14012146 21.20507240
v -76.46027374 54.28530502 21.20507240
v -76.10786438 54.22249222 21.36016273
v -76.42061615 54.36532211 21.36016273
v -76.08265686 54.28267670 21.52680969
v -76.39163971 54.42378616 21.52680969
v -76.06729889 54.31933212 21.70130920
v -76.37399292 54.45939255 21.70130920
v -76.06214142 54.33164215 21.87977791
v -76.36807251 54.47135162 21.87977791
v -76.06729889 54.31933212 22.05824661
v -76.37399292 54.45939255 22.05824661
v -76.08265686 54.28267670 22.23274422
v -76.39163971 54.42378616 22.23274422
v -76.10786438 54.22249222 22.39939308
v -76.42061615 54.36532211 22.39939308
v -76.14236450 54.14012146 22.55448341
v -76.46027374 54.28530502 22.55448341
v -76.18540192 54.03738785 22.69456673
v -76.50973511 54.18550873 22.69456673
v -76.60045624 54.08441925 22.81652641
v -76.82402802 54.35390091 22.69456673
v -76.96843719 54.28688049 22.81652641
v -77.12700653 54.54188919 22.69456673
v -77.32066345 54.51566315 22.81652641
v -77.41744995 54.74871445 22.69456673
v -77.65525055 54.76954651 22.81652641
v -77.69419098 54.97354126 22.69456673
v -77.97040558 55.04717636 22.81652641
v -77.95612335 55.21547318 22.69456673
v -78.26445770 55.34706879 22.81652641
v -78.20217133 55.47352600 22.69456673
v -78.53583527 55.66762924 22.81652641
v -78.43284607 55.74855042 22.69456673
v -78.64277649 56.03379440 22.69456673
v -78.55103302 56.09695435 22.55448341
v -78.73998260 56.39096451 22.55448341
v -78.66336060 56.43684387 22.39939308
v -78.83052063 56.73729324 22.39939308
v -78.77252960 56.76719284 22.23274422
v -78.91852570 57.07390213 22.23274422
v -78.88211823 57.08983612 22.05824661
v -79.00743103 57.40284729 22.05824661
v -78.99488831 57.40740967 21.87977791
v -79.09983063 57.72693634 21.87977791
v -79.11263275 57.72317505 21.70130920
v -79.19731140 58.04953384 21.70130920
v -79.23607635 58.04077530 21.52680969
v -79.30036163 58.37432480 21.52680969
v -79.36479187 58.36401367 21.36016273
v -79.40831757 58.70507431 21.36016273
v -79.49722290 58.69658279 21.20507240
v -79.51938629 59.04537201 21.20507240
v -79.63071442 59.04183960 21.06498909
v -79.63071442 59.39839935 21.06498909
v -79.60809326 59.75424194 21.06498909
v -79.56295776 60.10793304 21.06498909
v -79.49547577 60.45804977 21.06498909
v -79.40592957 60.80318069 21.06498909
v -79.29467010 61.14193726 21.06498909
v -79.29905701 60.77180099 21.20507240
v -79.19001007 61.10384369 21.20507240
v -79.21337128 60.74663925 21.36016273
v -79.10608673 61.07329941 21.36016273
v -79.15076447 60.72825623 21.52680969
v -79.04476929 61.05097961 21.52680969
v -79.11263275 60.71706009 21.70130920
v -79.00743103 61.03738785 21.70130920
v -79.09983063 60.71329880 21.87977791
v -78.99488831 61.03282547 21.87977791
v -79.11263275 60.71706009 22.05824661
v -79.00743103 61.03738785 22.05824661
v -79.15076447 60.72825623 22.23274422
v -79.04476929 61.05097961 22.23274422
v -79.21337128 60.74663925 22.39939308
v -79.10608673 61.07329941 22.39939308
v -79.29905701 60.77180099 22.55448341
v -79.19001007 61.10384369 22.55448341
v -79.40592957 60.80318069 22.69456673
v -79.29467010 61.14193726 22.69456673
v -79.40223694 61.22884750 22.81652641
v -79.16214752 61.47295761 22.69456673
v -79.24123383 61.61676788 22.81652641
v -79.00890350 61.79490280 22.69456673
v -79.05234528 61.99190140 22.81652641
v -78.83554840 62.10648346 22.69456673
v -78.83657837 62.35224533 22.81652641
v -78.64277649 62.40644073 22.69456673
v -78.59508514 62.69587708 22.81652641
v -78.43136597 62.69356918 22.69456673
v -78.32914734 63.02096558 22.81652641
v -78.20217133 62.96670914 22.69456673
v -78.04019928 63.32577133 22.81652641
v -77.95612335 63.22476196 22.69456673
v -77.69419098 63.46669388 22.69456673
v -77.62125397 63.38251877 22.55448341
v -77.34999847 63.60289001 22.55448341
v -77.29591370 63.53182220 22.39939308
v -77.01583862 63.73125839 22.39939308
v -76.97969818 63.67693710 22.23274422
v -76.69105530 63.85602570 22.23274422
v -76.67118835 63.82160950 22.05824661
v -75.10655975 64.86546326 22.81652641
v -74.81418610 64.78195190 22.69456673
v -74.45099640 64.71044159 22.55448341
v -74.10047913 64.63777161 22.39939308
v -73.75980377 64.56713867 22.23274422
v -73.42559052 64.50072479 22.05824661
v -73.09580994 64.43988800 21.87977791
v -72.76184845 64.38368988 21.70130920
v -72.42507935 64.33178711 21.52680969
v -72.08078766 64.28164673 21.36016273
v -71.72655487 64.23004913 21.20507240
v -74.69155884 64.93012238 22.81652641
v -74.45982361 64.82147217 22.69456673
v -74.10189819 64.72706604 22.55448341
v -73.75669861 64.63231659 22.39939308
v -73.42118835 64.54022217 22.23274422
v -73.09349823 64.45303345 22.05824661
v -72.76499176 64.37071991 21.87977791
v -72.43687439 64.29384613 21.70130920
v -72.10407257 64.22068787 21.52680969
v -71.76365662 64.14881134 21.36016273
v -71.41341400 64.07485199 21.20507240
v -74.27294922 64.96430969 22.81652641
v -74.10366821 64.83843231 22.69456673
v -73.75244904 64.72151947 22.55448341
v -73.41395569 64.60506439 22.39939308
v -73.08660889 64.49216461 22.23274422
v -72.76184845 64.38368988 22.05824661
v -72.44083405 64.28109741 21.87977791
v -72.11825562 64.18357086 21.70130920
v -71.79076385 64.08945465 21.52680969
v -71.45558929 63.99612808 21.36016273
v -71.11074829 63.90010071 21.20507240
v -73.85295868 64.96784973 22.81652641
v -73.74715424 64.83277893 22.69456673
v -73.40406036 64.69382477 22.55448341
v -73.07529449 64.55642700 22.39939308
v -72.75247955 64.42230988 22.23274422
v -72.43687439 64.29384613 22.05824661
v -72.12301636 64.17110443 21.87977791
v -71.80727386 64.05330658 21.70130920
v -71.48641205 63.93861389 21.52680969
v -71.15782928 63.82421494 21.36016273
v -73.43383789 64.94071960 22.81652641
v -73.39171600 64.80451965 22.69456673
v -73.05981445 64.64438629 22.55448341
v -72.73709869 64.48571777 22.39939308
v -72.42507935 64.33178711 22.23274422
v -72.11825562 64.18357086 22.05824661
v -71.81281281 64.04116821 21.87977791
v -71.50517273 63.90358353 21.70130920
v -71.19223022 63.76877213 21.52680969
v -73.01780701 64.88307190 22.81652641
v -73.04051208 64.75408173 22.69456673
v -72.71604156 64.57250977 22.55448341
v -72.40570068 64.39409637 22.39939308
v -72.10407257 64.22068787 22.23274422
v -71.80727386 64.05330658 22.05824661
v -71.51148224 63.89181900 21.87977791
v -71.21318817 63.73500443 21.70130920
v -72.68978119 64.68074799 22.69456673
v -72.60709381 64.79521179 22.81652641
v -72.34611511 64.58573914 22.69456673
v -72.20389557 64.67760468 22.81652641
v -72.00916290 64.46911621 22.69456673
v -71.81035614 64.53087616 22.81652641
v -71.68029022 64.33135986 22.69456673
v -71.42857361 64.35581970 22.81652641
v -71.36081696 64.17302704 22.69456673
v -71.06059265 64.15335846 22.81652641
v -71.05202484 63.99474716 22.69456673
v -70.70836639 63.92457199 22.81652641
v -68.52247620 60.92304611 22.81652641
v -68.57559204 60.63132477 22.69456673
v -68.60639954 60.26244736 22.55448341
v -68.63977051 59.90604019 22.39939308
v -68.67221069 59.55963135 22.23274422
v -68.70117188 59.22011948 22.05824661
v -68.72518921 58.88397217 21.87977791
v -68.74391937 58.54748917 21.70130920
v -68.75817108 58.20703888 21.52680969
v -68.76984406 57.85931396 21.36016273
v -68.78186035 57.50154877 21.20507240
v -68.41281891 60.51760864 22.81652641
v -68.49703217 60.28352356 22.69456673
v -68.55118561 59.91734314 22.55448341
v -68.60708618 59.56377029 22.39939308
v -68.66143036 59.22011948 22.23274422
v -68.71186829 58.88312531 22.05824661
v -68.75715637 58.54917908 21.87977791
v -68.79718781 58.21456146 21.70130920
v -68.83300781 57.87570190 21.52680969
v -68.86671448 57.52941513 21.36016273
v -68.90139771 57.17313385 21.20507240
v -68.33305359 60.10525131 22.81652641
v -68.44069672 59.93144226 22.69456673
v -68.51795959 59.56943512 22.55448341
v -68.59618378 59.22011948 22.39939308
v -68.67221069 58.88060379 22.23274422
v -68.74391937 58.54748917 22.05824661
v -68.81029510 58.21708679 21.87977791
v -68.87146759 57.88568115 21.70130920
v -68.92870331 57.54977798 21.52680969
v -68.98430634 57.20632553 21.36016273
v -69.04151917 56.85296249 21.20507240
v -68.28359985 59.68816757 22.81652641
v -68.40680695 59.57649994 22.69456673
v -68.50687408 59.22011948 22.55448341
v -68.60708618 58.87646484 22.39939308
v -68.70449829 58.54245758 22.23274422
v -68.79718781 58.21456146 22.05824661
v -68.88438416 57.88903427 21.87977791
v -68.96646118 57.56217575 21.70130920
v -69.04488373 57.23057556 21.52680969
v -69.12215424 56.89134598 21.36016273
v -68.26471710 59.26858902 22.81652641
v -68.39549255 59.22011948 22.69456673
v -68.51795959 58.87080002 22.55448341
v -68.63977051 58.53419876 22.39939308
v -68.75817108 58.20703888 22.23274422
v -68.87146759 57.88568115 22.05824661
v -68.97914124 57.56634140 21.87977791
v -69.08177948 57.24534607 21.70130920
v -69.18107605 56.91938782 21.52680969
v -68.27651978 58.84875107 22.81652641
v -68.40680695 58.86373901 22.69456673
v -68.55118561 58.52289200 22.55448341
v -68.69409943 58.19469070 22.39939308
v -68.83300781 57.87570190 22.23274422
v -68.96646118 57.56217575 22.05824661
v -69.09416199 57.25030518 21.87977791
v -69.21695709 56.93647003 21.70130920
v -68.44069672 58.50879288 22.69456673
v -68.31893921 58.43089676 22.81652641
v -68.49703217 58.15671158 22.69456673
v -68.39173889 58.01725006 22.81652641
v -68.57559204 57.80891037 22.69456673
v -68.49454498 57.61002350 22.81652641
v -68.67604065 57.46679306 22.69456673
v -68.62680054 57.21138763 22.81652641
v -68.79799652 57.13173676 22.69456673
v -68.78779602 56.82346725 22.81652641
v -68.94094849 56.80509186 22.69456673
v -68.97668457 56.44833374 22.81652641
v -71.72113037 53.94727325 22.81652641
v -72.00916290 53.97111893 22.69456673
v -72.37918091 53.96085739 22.55448341
v -72.73709869 53.95451736 22.39939308
v -73.08496094 53.94835663 22.23274422
v -73.42559052 53.93951035 22.05824661
v -73.76232910 53.92612076 21.87977791
v -74.09881592 53.90744019 21.70130920
v -74.43875122 53.88386917 21.52680969
v -74.78562164 53.85693359 21.36016273
v -75.14251709 53.82922363 21.20507240
v -72.11214447 53.79393387 22.81652641
v -72.34611511 53.85449982 22.69456673
v -72.71604156 53.86772537 22.55448341
v -73.07363129 53.88410187 22.39939308
v -73.42118835 53.90001678 22.23274422
v -73.76169586 53.91279221 22.05824661
v -74.09860229 53.92078400 21.87977791
v -74.43560028 53.92348480 21.70130920
v -74.77633667 53.92152023 21.52680969
v -75.12422943 53.91663742 21.36016273
v -75.48215485 53.91162109 21.20507240
v -72.51330566 53.66954422 22.81652641
v -72.68978119 53.75948715 22.69456673
v -73.05812073 53.79615021 22.55448341
v -73.41395569 53.83516693 22.39939308
v -73.75980377 53.87309647 22.23274422
v -74.09881592 53.90744019 22.05824661
v -74.43453979 53.93678665 21.87977791
v -74.77068329 53.96085358 21.70130920
v -75.11086273 53.98050690 21.52680969
v -75.45835876 53.99769974 21.36016273
v -75.81588745 54.01539230 21.20507240
v -72.92247772 53.57477188 22.81652641
v -73.03878021 53.68645859 22.69456673
v -73.40406036 53.74641037 22.55448341
v -73.75669861 53.80792236 22.39939308
v -74.09944916 53.86770630 22.23274422
v -74.43560028 53.92348480 22.05824661
v -74.76878357 53.97406387 21.87977791
v -75.10272217 54.01940155 21.70130920
v -75.44097137 54.06058884 21.52680969
v -75.78668213 54.09978867 21.36016273
v -73.33747101 53.51011658 22.81652641
v -73.39171600 53.63571548 22.69456673
v -73.75244904 53.71871185 22.55448341
v -74.10047913 53.80246735 22.39939308
v -74.43875122 53.88386917 22.23274422
v -74.77068329 53.96085358 22.05824661
v -75.09999084 54.03246689 21.87977791
v -75.43038177 54.09889221 21.70130920
v -75.76533508 54.16144943 21.52680969
v -73.75608063 53.47592926 22.81652641
v -73.74715424 53.60746002 22.69456673
v -74.10189819 53.71316910 22.55448341
v -74.44391632 53.81882477 22.39939308
v -74.77633667 53.92152023 22.23274422
v -75.10272217 54.01940155 22.05824661
v -75.42682648 54.11175537 21.87977791
v -75.75234222 54.19900131 21.70130920
v -74.10366821 53.60180283 22.69456673
v -74.17607117 53.47238922 22.81652641
v -74.45982361 53.61876678 22.69456673
v -74.59519958 53.49951553 22.81652641
v -74.81418610 53.65828705 22.69456673
v -75.01122284 53.55716324 22.81652641
v -75.16532898 53.72020340 22.69456673
v -75.42193604 53.64502335 22.81652641
v -75.51184082 53.80426407 22.69456673
v -75.82513428 53.76263046 22.81652641
v -75.85231781 53.91013718 22.69456673
v -76.21867371 53.90935898 22.81652641
v -78.78308868 56.00714111 22.81652641
v -78.83554840 56.33375168 22.69456673
v -78.90990448 56.69636917 22.55448341
v -78.97829437 57.04774094 22.39939308
v -79.04476929 57.38925552 22.23274422
v -79.11263275 57.72317505 22.05824661
v -79.18429565 58.05247116 21.87977791
v -79.26111603 58.38060379 21.70130920
v -79.34336090 58.71127319 21.52680969
v -79.43012238 59.04820633 21.36016273
v -79.51938629 59.39486313 21.20507240
v -79.00489807 56.36379623 22.81652641
v -79.00890350 56.64533234 22.69456673
v -79.06011200 57.01193619 22.55448341
v -79.10608673 57.36693954 22.39939308
v -79.15076447 57.71197891 22.23274422
v -79.19731140 58.04953384 22.05824661
v -79.24794006 58.38270950 21.87977791
v -79.30380249 58.71505356 21.70130920
v -79.36490631 59.05027390 21.52680969
v -79.43012238 59.39202881 21.36016273
v -79.49722290 59.74365234 21.20507240
v -79.20008087 56.73569107 22.81652641
v -79.16214752 56.96728134 22.69456673
v -79.19001007 57.33639145 22.55448341
v -79.21337128 57.69359589 22.39939308
v -79.23607635 58.04077530 22.23274422
v -79.26111603 58.38060379 22.05824661
v -79.29051971 58.71632004 21.87977791
v -79.32518768 59.05153656 21.70130920
v -79.36490631 59.38996124 21.52680969
v -79.40831757 59.73516464 21.36016273
v -79.45298004 60.09033203 21.20507240
v -79.36759949 57.12083817 22.81652641
v -79.29467010 57.29829788 22.69456673
v -79.29905701 57.66843414 22.55448341
v -79.29972076 58.02640152 22.39939308
v -79.30036163 58.37432480 22.23274422
v -79.30380249 58.71505356 22.05824661
v -79.31184387 59.05195999 21.87977791
v -79.32518768 59.38869858 21.70130920
v -79.34336090 59.72896194 21.52680969
v -79.36479187 60.07622147 21.36016273
v -79.38683319 60.43350983 21.20507240
v -79.50656128 57.51718903 22.81652641
v -79.40592957 57.63705444 22.69456673
v -79.38683319 58.00672531 22.55448341
v -79.36479187 58.36401367 22.39939308
v -79.34336090 58.71127319 22.23274422
v -79.32518768 59.05153656 22.05824661
v -79.31184387 59.38827515 21.87977791
v -79.30380249 59.72518539 21.70130920
v -79.30036163 60.06591415 21.52680969
v -79.29972076 60.41383362 21.36016273
v -79.61621094 57.92262650 22.81652641
v -79.49547577 57.98218918 22.69456673
v -79.45298004 58.34990311 22.55448341
v -79.40831757 58.70507431 22.39939308
v -79.36490631 59.05027390 22.23274422
v -79.32518768 59.38869858 22.05824661
v -79.29051971 59.72391510 21.87977791
v -79.26111603 60.05963516 21.70130920
v -79.23607635 60.39945984 21.52680969
v -79.69598389 58.33498383 22.81652641
v -79.56295776 58.33230591 22.69456673
v -79.49722290 58.69658279 22.55448341
v -79.43012238 59.04820633 22.39939308
v -79.36490631 59.38996124 22.23274422
v -79.30380249 59.72518539 22.05824661
v -79.24794006 60.05752563 21.87977791
v -79.19731140 60.39070511 21.70130920
v -79.60809326 58.68599701 22.69456673
v -79.74543762 58.75206757 22.81652641
v -79.63071442 59.04183960 22.69456673
v -79.76431274 59.17164612 22.81652641
v -79.63071442 59.39839935 22.69456673
v -79.75251007 59.59148407 22.81652641
v -79.60809326 59.75424194 22.69456673
v -79.71009827 60.00933838 22.81652641
v -79.56295776 60.10793304 22.69456673
v -79.63729095 60.42298508 22.81652641
v -79.49547577 60.45804977 22.69456673
v -79.53448486 60.83021164 22.81652641
v -77.72975922 63.60867691 22.81652641
v -77.41744995 63.69152451 22.69456673
v -77.06530762 63.80561447 22.55448341
v -76.72368622 63.91253281 22.39939308
v -77.39950562 63.86816406 22.81652641
v -77.12700653 63.89834976 22.69456673
v -76.76834106 63.98987579 22.55448341
v -77.05119324 64.10285187 22.81652641
v -76.82402802 64.08633423 22.69456673
v -76.66451263 63.81005096 21.87977791
v -76.67118835 63.82160950 21.70130920
v -76.69105530 63.85602570 21.52680969
v -76.72368622 63.91253281 21.36016273
v -76.76834106 63.98987579 21.20507240
v -76.82402802 64.08633423 21.06498909
v -77.12700653 63.89834976 21.06498909
v -77.41744995 63.69152451 21.06498909
v -77.69419098 63.46669388 21.06498909
v -77.95612335 63.22476196 21.06498909
v -78.20217133 62.96670914 21.06498909
v -78.43136597 62.69356918 21.06498909
v -78.34381866 62.62471771 21.20507240
v -78.55103302 62.34328079 21.20507240
v -78.47747040 62.29263687 21.36016273
v -78.66336060 62.00339508 21.36016273
v -78.60737610 61.96987534 21.52680969
v -78.77252960 61.67304230 21.52680969
v -78.73720551 61.65483475 21.70130920
v -78.88211823 61.35039902 21.70130920
v -78.86988831 61.34505081 21.87977791
v -78.64277649 62.40644073 21.06498909
v -78.73998260 62.04927063 21.20507240
v -78.83052063 61.70294189 21.36016273
v -78.91852570 61.36633301 21.52680969
v -78.83554840 62.10648346 21.06498909
v -78.90990448 61.74386597 21.20507240
v -78.97829437 61.39249420 21.36016273
v -79.00890350 61.79490280 21.06498909
v -79.06011200 61.42829895 21.20507240
v -79.16214752 61.47295761 21.06498909
v -79.60809326 58.68599701 21.06498909
v -79.45298004 58.34990311 21.20507240
v -79.29972076 58.02640152 21.36016273
v -79.15076447 57.71197891 21.52680969
v -79.00743103 57.40284729 21.70130920
v -78.86988831 57.09518814 21.87977791
v -78.73720551 56.78540039 22.05824661
v -78.60737610 56.47035980 22.23274422
v -78.47747040 56.14759827 22.39939308
v -78.34526825 55.81736374 22.55448341
v -79.56295776 58.33230591 21.06498909
v -79.38683319 58.00672531 21.20507240
v -79.21337128 57.69359589 21.36016273
v -79.04476929 57.38925552 21.52680969
v -78.88211823 57.08983612 21.70130920
v -78.72534180 56.79151917 21.87977791
v -78.57328033 56.49077225 22.05824661
v -78.42372894 56.18459702 22.23274422
v -78.27503967 55.87253952 22.39939308
v -78.11916351 55.54779053 22.55448341
v -79.49547577 57.98218918 21.06498909
v -79.29905701 57.66843414 21.20507240
v -79.10608673 57.36693954 21.36016273
v -78.91852570 57.07390213 21.52680969
v -78.73720551 56.78540039 21.70130920
v -78.56182861 56.49762726 21.87977791
v -78.39099121 56.20713425 22.05824661
v -78.22373199 55.91285324 22.23274422
v -78.05260468 55.60734177 22.39939308
v -77.87799072 55.29485321 22.55448341
v -79.40592957 57.63705444 21.06498909
v -79.29467010 57.29829788 21.06498909
v -79.16214752 56.96728134 21.06498909
v -79.00890350 56.64533234 21.06498909
v -78.83554840 56.33375168 21.06498909
v -78.64277649 56.03379440 21.06498909
v -78.43284607 55.74855042 21.06498909
v -78.20217133 55.47352600 21.06498909
v -78.11916351 55.54779053 21.20507240
v -77.87799072 55.29485321 21.20507240
v -77.81533813 55.35850143 21.36016273
v -77.56276703 55.12521362 21.36016273
v -77.52004242 55.17452621 21.52680969
v -77.25639343 54.96033859 21.52680969
v -77.23233032 54.99196243 21.70130920
v -76.95768738 54.79638672 21.70130920
v -76.95029449 54.80749893 21.87977791
v -76.66451263 54.63018417 21.87977791
v -76.67118835 54.61862564 22.05824661
v -77.95612335 55.21547318 21.06498909
v -77.62125397 55.05772018 21.20507240
v -77.29591370 54.90841293 21.36016273
v -76.97969818 54.76330185 21.52680969
v -76.67118835 54.61862564 21.70130920
v -77.69419098 54.97354126 21.06498909
v -77.34999847 54.83734512 21.20507240
v -77.01583862 54.70897675 21.36016273
v -76.69105530 54.58420944 21.52680969
v -77.41744995 54.74871445 21.06498909
v -77.06530762 54.63462067 21.20507240
v -76.72368622 54.52770233 21.36016273
v -77.12700653 54.54188919 21.06498909
v -76.76834106 54.45035934 21.20507240
v -76.82402802 54.35390091 21.06498909
v -74.45982361 53.61876678 21.06498909
v -74.10189819 53.71316910 21.20507240
v -73.75669861 53.80792236 21.36016273
v -73.42118835 53.90001678 21.52680969
v -73.09186554 53.98749542 21.70130920
v -72.76499176 54.06951523 21.87977791
v -72.43687439 54.14639282 22.05824661
v -72.10407257 54.21954346 22.23274422
v -71.76365662 54.29142761 22.39939308
v -71.41341400 54.36538696 22.55448341
v -74.10366821 53.60180283 21.06498909
v -73.75244904 53.71871185 21.20507240
v -73.41395569 53.83516693 21.36016273
v -73.08496094 53.94835663 21.52680969
v -72.76184845 54.05654907 21.70130920
v -72.44083405 54.15913773 21.87977791
v -72.11825562 54.25666809 22.05824661
v -71.79076385 54.35078049 22.23274422
v -71.45558929 54.44410706 22.39939308
v -71.11074829 54.54013443 22.55448341
v -73.74715424 53.60746002 21.06498909
v -73.40406036 53.74641037 21.20507240
v -73.07363129 53.88410187 21.36016273
v -72.75247955 54.01792908 21.52680969
v -72.43687439 54.14639282 21.70130920
v -72.12301636 54.26913452 21.87977791
v -71.80727386 54.38692856 22.05824661
v -71.48641205 54.50162506 22.23274422
v -71.15782928 54.61602020 22.39939308
v -70.81977081 54.73372269 22.55448341
v -73.39171600 53.63571548 21.06498909
v -73.05812073 53.79615021 21.20507240
v -72.73709869 53.95451736 21.36016273
v -72.42507935 54.10844421 21.52680969
v -72.11825562 54.25666809 21.70130920
v -71.81281281 54.39906693 21.87977791
v -71.50517273 54.53665161 22.05824661
v -71.19223022 54.67146683 22.23274422
v -70.87157440 54.80647278 22.39939308
v -70.54165649 54.94538116 22.55448341
v -73.03878021 53.68645859 21.06498909
v -72.68978119 53.75948715 21.06498909
v -72.34611511 53.85449982 21.06498909
v -72.00916290 53.97111893 21.06498909
v -71.68029022 54.10887527 21.06498909
v -71.36081696 54.26721191 21.06498909
v -71.05202484 54.44549179 21.06498909
v -70.75516510 54.64299774 21.06498909
v -70.81977081 54.73372269 21.20507240
v -70.54165649 54.94538116 21.20507240
v -70.59796906 55.01469803 21.36016273
v -70.33812714 55.23985291 21.36016273
v -70.38240051 55.28778458 21.52680969
v -70.14030457 55.52606583 21.52680969
v -70.16906738 55.55348969 21.70130920
v -69.94425964 55.80476379 21.70130920
v -69.95448303 55.81334305 21.87977791
v -69.74658203 56.07770538 21.87977791
v -69.73583984 56.06979370 22.05824661
v -70.47142792 54.85893250 21.06498909
v -70.27752686 55.17424774 21.20507240
v -70.09308624 55.48104095 21.36016273
v -69.91381836 55.77922058 21.52680969
v -69.73583984 56.06979370 21.70130920
v -70.20195770 55.09243011 21.06498909
v -70.02845001 55.41941071 21.20507240
v -69.86383057 55.73727798 21.36016273
v -69.70383453 56.04623032 21.52680969
v -69.94783783 55.34254837 21.06498909
v -69.79541779 55.67987442 21.20507240
v -69.65129089 56.00754547 21.36016273
v -69.71009064 55.60828018 21.06498909
v -69.57937622 55.95459366 21.20507240
v -69.48968506 55.88855362 21.06498909
v -68.49703217 58.15671158 21.06498909
v -68.55118561 58.52289200 21.20507240
v -68.60708618 58.87646484 21.36016273
v -68.66143036 59.22011948 21.52680969
v -68.71186829 59.55710983 21.70130920
v -68.75715637 59.89105988 21.87977791
v -68.79718781 60.22567368 22.05824661
v -68.83300781 60.56453323 22.23274422
v -68.86671448 60.91082001 22.39939308
v -68.90139771 61.26710129 22.55448341
v -68.44069672 58.50879288 21.06498909
v -68.51795959 58.87080002 21.20507240
v -68.59618378 59.22011948 21.36016273
v -68.67221069 59.55963135 21.52680969
v -68.74391937 59.89274597 21.70130920
v -68.81029510 60.22314835 21.87977791
v -68.87146759 60.55455399 22.05824661
v -68.92870331 60.89046097 22.23274422
v -68.98430634 61.23390961 22.39939308
v -69.04151917 61.58727646 22.55448341
v -68.40680695 58.86373901 21.06498909
v -68.50687408 59.22011948 21.20507240
v -68.60708618 59.56377029 21.36016273
v -68.70449829 59.89777756 21.52680969
v -68.79718781 60.22567368 21.70130920
v -68.88438416 60.55120087 21.87977791
v -68.96646118 60.87805939 22.05824661
v -69.04488373 61.20965958 22.23274422
v -69.12215424 61.54888916 22.39939308
v -69.20166779 61.89791489 22.55448341
v -68.39549255 59.22011948 21.06498909
v -68.51795959 59.56943512 21.20507240
v -68.63977051 59.90604019 21.36016273
v -68.75817108 60.23319626 21.52680969
v -68.87146759 60.55455399 21.70130920
v -68.97914124 60.87389374 21.87977791
v -69.08177948 61.19488907 22.05824661
v -69.18107605 61.52084732 22.23274422
v -69.27970886 61.85449600 22.39939308
v -69.38119507 62.19777298 22.55448341
v -68.40680695 59.57649994 21.06498909
v -68.44069672 59.93144226 21.06498909
v -68.49703217 60.28352356 21.06498909
v -68.57559204 60.63132477 21.06498909
v -68.67604065 60.97344208 21.06498909
v -68.79799652 61.30849838 21.06498909
v -68.94094849 61.63514709 21.06498909
v -69.10433197 61.95206833 21.06498909
v -69.20166779 61.89791489 21.20507240
v -69.38119507 62.19777298 21.20507240
v -69.45632172 62.14949036 21.36016273
v -69.65129089 62.43269348 21.36016273
v -69.70383453 62.39400482 21.52680969
v -69.91381836 62.66101456 21.52680969
v -69.94425964 62.63547134 21.70130920
v -70.16906738 62.88674545 21.70130920
v -70.17872620 62.87753677 21.87977791
v -70.41841888 63.11345291 21.87977791
v -70.40936279 63.12325668 22.05824661
v -69.28749084 62.25799179 21.06498909
v -69.57937622 62.48564148 21.20507240
v -69.86383057 62.70295715 21.36016273
v -70.14030457 62.91416931 21.52680969
v -70.40936279 63.12325668 21.70130920
v -69.48968506 62.55168152 21.06498909
v -69.79541779 62.76036453 21.20507240
v -70.09308624 62.95919800 21.36016273
v -70.38240051 63.15245056 21.52680969
v -69.71009064 62.83195877 21.06498909
v -70.02845001 63.02082825 21.20507240
v -70.33812714 63.20038223 21.36016273
v -69.94783783 63.09768677 21.06498909
v -70.27752686 63.26598740 21.20507240
v -70.20195770 63.34780502 21.06498909
v -72.34611511 64.58573914 21.06498909
v -72.71604156 64.57250977 21.20507240
v -73.07529449 64.55642700 21.36016273
v -73.42118835 64.54022217 21.52680969
v -73.76169586 64.52744293 21.70130920
v -74.09860229 64.51944733 21.87977791
v -74.43560028 64.51675415 22.05824661
v -74.77633667 64.51871490 22.23274422
v -75.12422943 64.52359772 22.39939308
v -75.48215485 64.52861786 22.55448341
v -72.68978119 64.68074799 21.06498909
v -73.05981445 64.64438629 21.20507240
v -73.41395569 64.60506439 21.36016273
v -73.75980377 64.56713867 21.52680969
v -74.09881592 64.53279114 21.70130920
v -74.43453979 64.50344849 21.87977791
v -74.77068329 64.47937775 22.05824661
v -75.11086273 64.45973206 22.23274422
v -75.45835876 64.44253540 22.39939308
v -75.81588745 64.42484283 22.55448341
v -73.04051208 64.75408173 21.06498909
v -73.40406036 64.69382477 21.20507240
v -73.75669861 64.63231659 21.36016273
v -74.09944916 64.57253265 21.52680969
v -74.43560028 64.51675415 21.70130920
v -74.76878357 64.46617126 21.87977791
v -75.10272217 64.42083740 22.05824661
v -75.44097137 64.37964630 22.23274422
v -75.78668213 64.34044647 22.39939308
v -76.14236450 64.30011749 22.55448341
v -73.39171600 64.80451965 21.06498909
v -73.74715424 64.83277893 21.06498909
v -74.10366821 64.83843231 21.06498909
v -74.45982361 64.82147217 21.06498909
v -74.81418610 64.78195190 21.06498909
v -75.16532898 64.72003174 21.06498909
v -75.51184082 64.63597107 21.06498909
v -75.85231781 64.53009796 21.06498909
v -76.18540192 64.40284729 21.06498909
v -76.14236450 64.30011749 21.20507240
v -76.46027374 64.15493011 21.20507240
v -76.42061615 64.07491302 21.36016273
v -76.50973511 64.25473022 21.06498909
v -76.39163971 64.01644897 21.52680969
v -76.37399292 63.98084259 21.70130920
v -76.36807251 63.96888351 21.87977791
v -76.37399292 63.98084259 22.05824661
v -76.39163971 64.01644897 22.23274422
v -76.42061615 64.07491302 22.39939308
v -76.46027374 64.15493011 22.55448341
v -76.10786438 64.21774292 22.39939308
v -76.08265686 64.15756226 22.23274422
v -76.06729889 64.12090302 22.05824661
v -76.06214142 64.10859680 21.87977791
v -76.06729889 64.12090302 21.70130920
v -76.08265686 64.15756226 21.52680969
v -76.10786438 64.21774292 21.36016273
v -75.76533508 64.27878571 22.23274422
v -75.75234222 64.24123383 22.05824661
v -75.74797821 64.22862244 21.87977791
v -75.75234222 64.24123383 21.70130920
v -75.76533508 64.27878571 21.52680969
v -75.78668213 64.34044647 21.36016273
v -75.81588745 64.42484283 21.20507240
v -75.43038177 64.34134674 22.05824661
v -75.42682648 64.32848358 21.87977791
v -75.43038177 64.34134674 21.70130920
v -75.44097137 64.37964630 21.52680969
v -75.45835876 64.44253540 21.36016273
v -75.48215485 64.52861786 21.20507240
v -75.09999084 64.40776825 21.87977791
v -75.10272217 64.42083740 21.70130920
v -74.77068329 64.47937775 21.70130920
v -75.11086273 64.45973206 21.52680969
v -74.77633667 64.51871490 21.52680969
v -74.43875122 64.55636597 21.52680969
v -75.12422943 64.52359772 21.36016273
v -74.78562164 64.58330536 21.36016273
v -74.44391632 64.62141418 21.36016273
v -74.10047913 64.63777161 21.36016273
v -75.14251709 64.61101532 21.20507240
v -74.79833221 64.67169952 21.20507240
v -74.45099640 64.71044159 21.20507240
v -74.10189819 64.72706604 21.20507240
v -73.75244904 64.72151947 21.20507240
v -72.37918091 64.47937775 22.55448341
v -72.08078766 64.28164673 22.39939308
v -71.79076385 64.08945465 22.23274422
v -71.50517273 63.90358353 22.05824661
v -71.22022247 63.72366333 21.87977791
v -72.04891205 64.36507416 22.55448341
v -71.76365662 64.14881134 22.39939308
v -71.48641205 63.93861389 22.23274422
v -71.21318817 63.73500443 22.05824661
v -71.72655487 64.23004913 22.55448341
v -71.45558929 63.99612808 22.39939308
v -71.19223022 63.76877213 22.23274422
v -71.41341400 64.07485199 22.55448341
v -71.15782928 63.82421494 22.39939308
v -71.11074829 63.90010071 22.55448341
v -70.27752686 63.26598740 22.55448341
v -70.02845001 63.02082825 22.55448341
v -69.79541779 62.76036453 22.55448341
v -69.57937622 62.48564148 22.55448341
v -70.33812714 63.20038223 22.39939308
v -70.09308624 62.95919800 22.39939308
v -69.86383057 62.70295715 22.39939308
v -69.65129089 62.43269348 22.39939308
v -69.45632172 62.14949036 22.39939308
v -70.38240051 63.15245056 22.23274422
v -70.14030457 62.91416931 22.23274422
v -69.91381836 62.66101456 22.23274422
v -69.70383453 62.39400482 22.23274422
v -69.51121521 62.11421585 22.23274422
v -69.33672333 61.82276917 22.23274422
v -70.16906738 62.88674545 22.05824661
v -69.95448303 62.62689209 21.87977791
v -69.73583984 62.37044144 21.70130920
v -69.51121521 62.11421585 21.52680969
v -69.27970886 61.85449600 21.36016273
v -69.04151917 61.58727646 21.20507240
v -69.94425964 62.63547134 22.05824661
v -69.73583984 62.37044144 22.05824661
v -69.54464722 62.09272766 22.05824661
v -69.37145233 61.80344772 22.05824661
v -69.21695709 61.50376511 22.05824661
v -69.74658203 62.36252975 21.87977791
v -69.54464722 62.09272766 21.70130920
v -69.33672333 61.82276917 21.52680969
v -69.12215424 61.54888916 21.36016273
v -68.90139771 61.26710129 21.20507240
v -69.55587006 62.08551407 21.87977791
v -69.38311768 61.79695892 21.87977791
v -69.22900391 61.49803162 21.87977791
v -69.09416199 61.18992996 21.87977791
v -69.37145233 61.80344772 21.70130920
v -69.18107605 61.52084732 21.52680969
v -68.98430634 61.23390961 21.36016273
v -68.78186035 60.93868637 21.20507240
v -69.21695709 61.50376511 21.70130920
v -69.08177948 61.19488907 21.70130920
v -68.96646118 60.87805939 21.70130920
v -69.04488373 61.20965958 21.52680969
v -68.86671448 60.91082001 21.36016273
v -68.68340302 60.60335159 21.20507240
v -68.92870331 60.89046097 21.52680969
v -68.83300781 60.56453323 21.52680969
v -68.76984406 60.58092117 21.36016273
v -68.60639954 60.26244736 21.20507240
v -68.69409943 60.24554443 21.36016273
v -68.55118561 59.91734314 21.20507240
v -68.60639954 58.17779160 22.55448341
v -68.76984406 57.85931396 22.39939308
v -68.92870331 57.54977798 22.23274422
v -69.08177948 57.24534607 22.05824661
v -69.22900391 56.94220352 21.87977791
v -68.68340302 57.83688354 22.55448341
v -68.86671448 57.52941513 22.39939308
v -69.04488373 57.23057556 22.23274422
v -69.21695709 56.93647003 22.05824661
v -68.78186035 57.50154877 22.55448341
v -68.98430634 57.20632553 22.39939308
v -69.18107605 56.91938782 22.23274422
v -68.90139771 57.17313385 22.55448341
v -69.12215424 56.89134598 22.39939308
v -69.04151917 56.85296249 22.55448341
v -69.57937622 55.95459366 22.55448341
v -69.79541779 55.67987442 22.55448341
v -70.02845001 55.41941071 22.55448341
v -70.27752686 55.17424774 22.55448341
v -69.65129089 56.00754547 22.39939308
v -69.86383057 55.73727798 22.39939308
v -70.09308624 55.48104095 22.39939308
v -70.33812714 55.23985291 22.39939308
v -70.59796906 55.01469803 22.39939308
v -69.70383453 56.04623032 22.23274422
v -69.91381836 55.77922058 22.23274422
v -70.14030457 55.52606583 22.23274422
v -70.38240051 55.28778458 22.23274422
v -70.63911438 55.06534195 22.23274422
v -70.90942383 54.85962296 22.23274422
v -69.94425964 55.80476379 22.05824661
v -70.17872620 55.56269836 21.87977791
v -70.40936279 55.31697845 21.70130920
v -70.63911438 55.06534195 21.52680969
v -70.87157440 54.80647278 21.36016273
v -71.11074829 54.54013443 21.20507240
v -70.16906738 55.55348969 22.05824661
v -70.40936279 55.31697845 22.05824661
v -70.66416931 55.09618378 22.05824661
v -70.93247223 54.89199448 22.05824661
v -71.21318817 54.70523453 22.05824661
v -70.41841888 55.32678223 21.87977791
v -70.66416931 55.09618378 21.70130920
v -70.90942383 54.85962296 21.52680969
v -71.15782928 54.61602020 21.36016273
v -71.41341400 54.36538696 21.20507240
v -70.67258453 55.10654068 21.87977791
v -70.94021606 54.90286636 21.87977791
v -71.22022247 54.71657181 21.87977791
v -71.51148224 54.54841614 21.87977791
v -70.93247223 54.89199448 21.70130920
v -71.19223022 54.67146683 21.52680969
v -71.45558929 54.44410706 21.36016273
v -71.72655487 54.21018982 21.20507240
v -71.21318817 54.70523453 21.70130920
v -71.50517273 54.53665161 21.70130920
v -71.80727386 54.38692856 21.70130920
v -71.48641205 54.50162506 21.52680969
v -71.76365662 54.29142761 21.36016273
v -72.04891205 54.07516479 21.20507240
v -71.79076385 54.35078049 21.52680969
v -72.10407257 54.21954346 21.52680969
v -72.08078766 54.15859222 21.36016273
v -72.37918091 53.96085739 21.20507240
v -72.40570068 54.04613876 21.36016273
v -72.71604156 53.86772537 21.20507240
v -74.45099640 53.72979736 22.55448341
v -74.78562164 53.85693359 22.39939308
v -75.11086273 53.98050690 22.23274422
v -75.43038177 54.09889221 22.05824661
v -75.74797821 54.21161270 21.87977791
v -74.79833221 53.76853561 22.55448341
v -75.12422943 53.91663742 22.39939308
v -75.44097137 54.06058884 22.23274422
v -75.75234222 54.19900131 22.05824661
v -75.14251709 53.82922363 22.55448341
v -75.45835876 53.99769974 22.39939308
v -75.76533508 54.16144943 22.23274422
v -75.48215485 53.91162109 22.55448341
v -75.78668213 54.09978867 22.39939308
v -75.81588745 54.01539230 22.55448341
v -76.76834106 54.45035934 22.55448341
v -77.06530762 54.63462067 22.55448341
v -77.34999847 54.83734512 22.55448341
v -77.62125397 55.05772018 22.55448341
v -76.72368622 54.52770233 22.39939308
v -77.01583862 54.70897675 22.39939308
v -77.29591370 54.90841293 22.39939308
v -77.56276703 55.12521362 22.39939308
v -77.81533813 55.35850143 22.39939308
v -76.69105530 54.58420944 22.23274422
v -76.97969818 54.76330185 22.23274422
v -77.25639343 54.96033859 22.23274422
v -77.52004242 55.17452621 22.23274422
v -77.76956940 55.40500641 22.23274422
v -78.00398254 55.65084839 22.23274422
v -76.95768738 54.79638672 22.05824661
v -77.22425079 55.00257874 21.87977791
v -77.49401855 55.20455933 21.70130920
v -77.76956940 55.40500641 21.52680969
v -78.05260468 55.60734177 21.36016273
v -78.34526825 55.81736374 21.20507240
v -77.23233032 54.99196243 22.05824661
v -77.49401855 55.20455933 22.05824661
v -77.74169159 55.43332672 22.05824661
v -77.97436523 55.67734528 22.05824661
v -78.19248199 55.93740463 22.05824661
v -77.48527527 55.21464539 21.87977791
v -77.74169159 55.43332672 21.70130920
v -78.00398254 55.65084839 21.52680969
v -78.27503967 55.87253952 21.36016273
v -78.55103302 56.09695435 21.20507240
v -77.73233032 55.44284058 21.87977791
v -77.96441650 55.68624115 21.87977791
v -78.18199158 55.94564819 21.87977791
v -78.38000488 56.21470261 21.87977791
v -77.97436523 55.67734528 21.70130920
v -78.22373199 55.91285324 21.52680969
v -78.47747040 56.14759827 21.36016273
v -78.73998260 56.39096451 21.20507240
v -78.19248199 55.93740463 21.70130920
v -78.39099121 56.20713425 21.70130920
v -78.57328033 56.49077225 21.70130920
v -78.42372894 56.18459702 21.52680969
v -78.66336060 56.43684387 21.36016273
v -78.90990448 56.69636917 21.20507240
v -78.60737610 56.47035980 21.52680969
v -78.77252960 56.76719284 21.52680969
v -78.83052063 56.73729324 21.36016273
v -79.06011200 57.01193619 21.20507240
v -78.97829437 57.04774094 21.36016273
v -79.19001007 57.33639145 21.20507240
v -79.51938629 59.04537201 22.55448341
v -79.43012238 59.39202881 22.39939308
v -79.34336090 59.72896194 22.23274422
v -79.26111603 60.05963516 22.05824661
v -79.18429565 60.38776398 21.87977791
v -79.51938629 59.39486313 22.55448341
v -79.40831757 59.73516464 22.39939308
v -79.30036163 60.06591415 22.23274422
v -79.19731140 60.39070511 22.05824661
v -79.49722290 59.74365234 22.55448341
v -79.36479187 60.07622147 22.39939308
v -79.23607635 60.39945984 22.23274422
v -79.45298004 60.09033203 22.55448341
v -79.29972076 60.41383362 22.39939308
v -79.38683319 60.43350983 22.55448341
v -79.06011200 61.42829895 22.55448341
v -78.90990448 61.74386597 22.55448341
v -78.73998260 62.04927063 22.55448341
v -78.55103302 62.34328079 22.55448341
v -78.34381866 62.62471771 22.55448341
v -78.11916351 62.89244461 22.55448341
v -77.87799072 63.14538193 22.55448341
v -78.97829437 61.39249420 22.39939308
v -78.83052063 61.70294189 22.39939308
v -78.66336060 62.00339508 22.39939308
v -78.47747040 62.29263687 22.39939308
v -78.27361298 62.56951141 22.39939308
v -78.05260468 62.83289719 22.39939308
v -77.81533813 63.08173370 22.39939308
v -77.56276703 63.31502151 22.39939308
v -78.91852570 61.36633301 22.23274422
v -78.77252960 61.67304230 22.23274422
v -78.60737610 61.96987534 22.23274422
v -78.42372894 62.25563812 22.23274422
v -78.22232819 62.52917480 22.23274422
v -78.00398254 62.78939056 22.23274422
v -77.76956940 63.03522873 22.23274422
v -77.52004242 63.26570892 22.23274422
v -77.25639343 63.47990036 22.23274422
v -78.88211823 61.35039902 22.05824661
v -78.73720551 61.65483475 22.05824661
v -78.57328033 61.94946289 22.05824661
v -78.39099121 62.23310471 22.05824661
v -78.19108582 62.50461197 22.05824661
v -77.97436523 62.76289368 22.05824661
v -77.74169159 63.00690842 22.05824661
v -77.49401855 63.23567581 22.05824661
v -77.23233032 63.44827652 22.05824661
v -76.95768738 63.64384842 22.05824661
v -78.72534180 61.64871979 21.87977791
v -78.57328033 61.94946289 21.70130920
v -78.42372894 62.25563812 21.52680969
v -78.27361298 62.56951141 21.36016273
v -78.11916351 62.89244461 21.20507240
v -78.56182861 61.94260788 21.87977791
v -78.38000488 62.22553635 21.87977791
v -78.18059540 62.49636078 21.87977791
v -77.96441650 62.75399399 21.87977791
v -77.73233032 62.99739838 21.87977791
v -77.48527527 63.22558975 21.87977791
v -77.22425079 63.43765640 21.87977791
v -76.95029449 63.63274002 21.87977791
v -78.39099121 62.23310471 21.70130920
v -78.22232819 62.52917480 21.52680969
v -78.05260468 62.83289719 21.36016273
v -77.87799072 63.14538193 21.20507240
v -78.19108582 62.50461197 21.70130920
v -77.97436523 62.76289368 21.70130920
v -77.74169159 63.00690842 21.70130920
v -77.49401855 63.23567581 21.70130920
v -77.23233032 63.44827652 21.70130920
v -76.95768738 63.64384842 21.70130920
v -78.00398254 62.78939056 21.52680969
v -77.81533813 63.08173370 21.36016273
v -77.62125397 63.38251877 21.20507240
v -77.76956940 63.03522873 21.52680969
v -77.52004242 63.26570892 21.52680969
v -77.25639343 63.47990036 21.52680969
v -76.97969818 63.67693710 21.52680969
v -77.56276703 63.31502151 21.36016273
v -77.34999847 63.60289001 21.20507240
v -77.29591370 63.53182220 21.36016273
v -77.01583862 63.73125839 21.36016273
v -77.06530762 63.80561447 21.20507240
v -74.43424225 64.95478058 24.04777718
v -74.01451874 64.97011566 24.04777718
v -74.85172272 64.90884399 24.04777718
v -75.26473999 64.83255768 24.04777718
v -75.67108917 64.72631836 24.04777718
v -76.06859589 64.59071350 24.04777718
v -76.45513916 64.42644501 24.04777718
v -76.82866669 64.23440552 24.04777718
v -77.18717957 64.01560211 24.04777718
v -77.52876282 63.77122116 24.04777718
v -77.85160065 63.50255966 24.04777718
v -78.15396118 63.21104431 24.04777718
v -78.43423462 62.89823914 24.04777718
v -78.69093323 62.56580734 24.04777718
v -78.92267609 62.21552658 24.04777718
v -79.12823486 61.84926224 24.04777718
v -79.30650330 61.46897125 24.04777718
v -79.45654297 61.07667923 24.04777718
v -79.57754517 60.67448425 24.04777718
v -79.66886902 60.26453018 24.04777718
v -79.73001862 59.84900284 24.04777718
v -79.76068115 59.43011856 24.04777718
v -79.76068115 59.01011658 24.04777718
v -79.73001862 58.59123230 24.04777718
v -79.66886902 58.17570496 24.04777718
v -79.57754517 57.76575089 24.04777718
v -79.45654297 57.36355591 24.04777718
v -79.30650330 56.97126770 24.04777718
v -79.12823486 56.59097290 24.04777718
v -78.92267609 56.22471237 24.04777718
v -78.69093323 55.87442780 24.04777718
v -78.43423462 55.54199982 24.04777718
v -78.15396118 55.22919083 24.04777718
v -77.85160065 54.93767929 24.04777718
v -77.52876282 54.66901398 24.04777718
v -77.18717957 54.42462921 24.04777718
v -76.82866669 54.20583344 24.04777718
v -76.45513916 54.01379013 24.04777718
v -76.06859589 53.84952545 24.04777718
v -75.67108917 53.71391296 24.04777718
v -75.26473999 53.60768127 24.04777718
v -74.85172272 53.53139496 24.04777718
v -74.43424225 53.48545837 24.04777718
v -74.01451874 53.47011948 24.04777718
v -73.59479523 53.48545837 24.04777718
v -73.17730713 53.53139496 24.04777718
v -72.76428986 53.60768127 24.04777718
v -72.35794830 53.71391296 24.04777718
v -71.96044159 53.84952545 24.04777718
v -71.57389069 54.01379013 24.04777718
v -71.20036316 54.20583344 24.04777718
v -70.84185028 54.42462921 24.04777718
v -70.50026703 54.66901398 24.04777718
v -70.17742920 54.93767929 24.04777718
v -69.87506866 55.22919083 24.04777718
v -69.59479523 55.54199982 24.04777718
v -69.33809662 55.87442780 24.04777718
v -69.10635376 56.22471237 24.04777718
v -68.90079498 56.59097290 24.04777718
v -68.72252655 56.97126770 24.04777718
v -68.57248688 57.36355591 24.04777718
v -68.45148468 57.76575089 24.04777718
v -68.36016083 58.17570496 24.04777718
v -68.29901123 58.59123230 24.04777718
v -68.26834869 59.01011658 24.04777718
v -68.26834869 59.43011856 24.04777718
v -68.29901123 59.84900284 24.04777718
v -68.36016083 60.26453018 24.04777718
v -68.45148468 60.67448425 24.04777718
v -68.57248688 61.07667923 24.04777718
v -68.72252655 61.46897125 24.04777718
v -68.90079498 61.84926224 24.04777718
v -69.10635376 62.21552658 24.04777718
v -69.33809662 62.56580734 24.04777718
v -69.59479523 62.89823914 24.04777718
v -69.87506866 63.21104431 24.04777718
v -70.17742920 63.50255966 24.04777718
v -70.50026703 63.77122116 24.04777718
v -70.84185028 64.01560211 24.04777718
v -71.20036316 64.23440552 24.04777718
v -71.57389069 64.42644501 24.04777718
v -71.96044159 64.59071350 24.04777718
v -72.35794830 64.72631836 24.04777718
v -72.76428986 64.83255768 24.04777718
v -73.17730713 64.90884399 24.04777718
v -73.59479523 64.95478058 24.04777718
v -76.68667603 64.31149292 22.81652641
v -76.30789948 64.49296570 22.81652641
v -75.91688538 64.64630127 22.81652641
v -75.51572418 64.77069092 22.81652641
v -70.37378693 63.67068863 22.81652641
v -70.05862427 63.39305878 22.81652641
v -69.76457214 63.09316635 22.81652641
v -69.49319458 62.77260590 22.81652641
v -69.24594116 62.43309402 22.81652641
v -69.02413177 62.07643890 22.81652641
v -68.82894897 61.70454788 22.81652641
v -68.66143036 61.31939697 22.81652641
v -69.19245148 56.08799362 22.81652641
v -69.43394470 55.74435806 22.81652641
v -69.69988251 55.41927338 22.81652641
v -69.98883820 55.11446381 22.81652641
v -70.29927063 54.83156204 22.81652641
v -70.62952423 54.57207108 22.81652641
v -70.97783661 54.33738327 22.81652641
v -71.34235382 54.12874603 22.81652641
v -76.60045624 54.08441925 22.81652641
v -76.96843719 54.28688049 22.81652641
v -77.32066345 54.51566315 22.81652641
v -77.65525055 54.76954651 22.81652641
v -77.97040558 55.04717636 22.81652641
v -78.26445770 55.34706879 22.81652641
v -78.53583527 55.66762924 22.81652641
v -79.40223694 61.22884750 22.81652641
v -79.24123383 61.61676788 22.81652641
v -79.05234528 61.99190140 22.81652641
v -78.83657837 62.35224533 22.81652641
v -78.59508514 62.69587708 22.81652641
v -78.32914734 63.02096558 22.81652641
v -78.04019928 63.32577133 22.81652641
v -75.10655975 64.86546326 22.81652641
v -74.69155884 64.93012238 22.81652641
v -74.27294922 64.96430969 22.81652641
v -73.85295868 64.96784973 22.81652641
v -73.43383789 64.94071960 22.81652641
v -73.01780701 64.88307190 22.81652641
v -72.60709381 64.79521179 22.81652641
v -72.20389557 64.67760468 22.81652641
v -71.81035614 64.53087616 22.81652641
v -71.42857361 64.35581970 22.81652641
v -71.06059265 64.15335846 22.81652641
v -70.70836639 63.92457199 22.81652641
v -68.52247620 60.92304611 22.81652641
v -68.41281891 60.51760864 22.81652641
v -68.33305359 60.10525131 22.81652641
v -68.28359985 59.68816757 22.81652641
v -68.26471710 59.26858902 22.81652641
v -68.27651978 58.84875107 22.81652641
v -68.31893921 58.43089676 22.81652641
v -68.39173889 58.01725006 22.81652641
v -68.49454498 57.61002350 22.81652641
v -68.62680054 57.21138763 22.81652641
v -68.78779602 56.82346725 22.81652641
v -68.97668457 56.44833374 22.81652641
v -71.72113037 53.94727325 22.81652641
v -72.11214447 53.79393387 22.81652641
v -72.51330566 53.66954422 22.81652641
v -72.92247772 53.57477188 22.81652641
v -73.33747101 53.51011658 22.81652641
v -73.75608063 53.47592926 22.81652641
v -74.17607117 53.47238922 22.81652641
v -74.59519958 53.49951553 22.81652641
v -75.01122284 53.55716324 22.81652641
v -75.42193604 53.64502335 22.81652641
v -75.82513428 53.76263046 22.81652641
v -76.21867371 53.90935898 22.81652641
v -78.78308868 56.00714111 22.81652641
v -79.00489807 56.36379623 22.81652641
v -79.20008087 56.73569107 22.81652641
v -79.36759949 57.12083817 22.81652641
v -79.50656128 57.51718903 22.81652641
v -79.61621094 57.92262650 22.81652641
v -79.69598389 58.33498383 22.81652641
v -79.74543762 58.75206757 22.81652641
v -79.76431274 59.17164612 22.81652641
v -79.75251007 59.59148407 22.81652641
v -79.71009827 60.00933838 22.81652641
v -79.63729095 60.42298508 22.81652641
v -79.53448486 60.83021164 22.81652641
v -77.72975922 63.60867691 22.81652641
v -77.39950562 63.86816406 22.81652641
v -77.05119324 64.10285187 22.81652641
v -76.50222015 63.96004105 22.23274422
v -76.49042511 63.94858932 22.17724991
v -76.48374939 63.92485046 22.05824661
v -76.48374939 63.92485046 21.70130920
v -76.50222015 63.96004105 21.52680969
v -76.49042511 63.92798233 21.66590881
v -76.47754669 63.91303635 21.87977791
v -76.48374939 63.92485046 21.70130920
v -76.49042511 63.90724182 21.83672523
v -76.48374939 63.92485046 22.05824661
v -76.47754669 63.91303635 21.87977791
v -76.49042511 63.91416931 22.00865555
v -76.50222015 63.96004105 22.23274422
v -76.48374939 63.92485046 22.05824661
v -76.49042511 63.91416931 22.00865555
v -77.58668518 66.02631378 21.70130920
v -77.56821442 65.99112701 21.52680969
v -77.58000183 66.02318573 21.66590881
v -77.59288788 66.03813171 21.87977791
v -77.58668518 66.02631378 21.70130920
v -77.58000183 66.04392242 21.83672523
v -77.58668518 66.02631378 22.05824661
v -77.59288788 66.03813171 21.87977791
v -77.58000183 66.03699493 22.00865555
v -77.56821442 65.99112701 22.23274422
v -77.58668518 66.02631378 22.05824661
v -77.58000183 66.03699493 22.00865555
v -77.56821442 65.99112701 22.23274422
v -77.58668518 66.02631378 22.05824661
v -77.58000183 66.00257874 22.17724991
f 17 18 19
f 19 18 20
f 19 20 21
f 53 52 54
f 53 54 55
f 55 54 56
f 55 56 57
f 57 56 58
f 57 58 59
f 59 58 60
f 91 92 93
f 93 92 94
f 109 110 111
f 111 110 112
f 111 112 113
f 113 112 114
f 113 114 115
f 115 114 116
f 115 116 117
f 117 116 118
f 117 118 119
f 119 118 120
f 119 120 121
f 121 120 122
f 121 122 123
f 123 122 124
f 123 124 125
f 125 124 126
f 125 126 127
f 127 126 128
f 127 128 129
f 129 128 130
f 129 130 131
f 131 130 132
f 131 132 133
f 133 132 134
f 133 134 135
f 135 134 136
f 135 136 137
f 137 136 138
f 137 138 139
f 139 138 140
f 139 140 141
f 141 140 142
f 141 142 143
f 143 142 144
f 143 144 145
f 145 144 146
f 145 146 147
f 147 146 148
f 147 148 149
f 149 148 150
f 149 150 151
f 151 150 152
f 151 152 153
f 153 152 154
f 153 154 155
f 155 154 156
f 155 156 157
f 157 156 158
f 157 158 159
f 159 158 160
f 159 160 161
f 161 160 162
f 161 162 163
f 163 162 164
f 163 164 165
f 165 164 166
f 165 166 1
f 1 166 2
f 59 60 61
f 61 60 62
f 61 62 63
f 63 62 64
f 79 80 81
f 81 80 82
f 81 82 83
f 83 82 84
f 83 84 85
f 85 84 86
f 85 86 87
f 87 86 88
f 87 88 89
f 89 88 90
f 89 90 91
f 91 90 92
f 39 40 41
f 41 40 42
f 41 42 43
f 21 20 22
f 21 22 23
f 23 22 24
f 23 24 25
f 25 24 26
f 25 26 27
f 27 26 28
f 27 28 29
f 29 28 30
f 45 46 47
f 47 46 48
f 47 48 49
f 49 48 50
f 43 42 44
f 43 44 45
f 45 44 46
f 49 50 51
f 51 50 52
f 51 52 53
f 29 30 31
f 31 30 32
f 31 32 33
f 33 32 34
f 33 34 35
f 35 34 36
f 35 36 37
f 37 36 38
f 37 38 39
f 39 38 40
f 63 64 65
f 65 64 66
f 65 66 67
f 67 66 68
f 67 68 69
f 69 68 70
f 69 70 71
f 71 70 72
f 71 72 73
f 73 72 74
f 73 74 75
f 75 74 76
f 75 76 77
f 77 76 78
f 77 78 79
f 79 78 80
f 93 94 95
f 95 94 96
f 95 96 97
f 97 96 98
f 97 98 99
f 99 98 100
f 99 100 101
f 101 100 102
f 101 102 103
f 103 102 104
f 103 104 105
f 105 104 106
f 105 106 107
f 107 106 108
f 107 108 109
f 109 108 110
f 1 2 3
f 3 2 4
f 3 4 5
f 5 4 6
f 5 6 7
f 7 6 8
f 7 8 9
f 9 8 10
f 9 10 11
f 11 10 12
f 11 12 13
f 13 12 14
f 13 14 15
f 15 14 16
f 15 16 17
f 17 16 18
f 253 252 254
f 251 252 253
f 251 250 252
f 249 250 251
f 249 248 250
f 247 248 249
f 247 246 248
f 245 246 247
f 245 244 246
f 243 244 245
f 243 242 244
f 241 242 243
f 241 240 242
f 239 240 241
f 239 238 240
f 237 238 239
f 269 268 270
f 267 268 269
f 267 266 268
f 265 266 267
f 265 264 266
f 263 264 265
f 263 262 264
f 261 262 263
f 261 260 262
f 259 260 261
f 259 258 260
f 257 258 259
f 257 256 258
f 255 256 257
f 255 254 256
f 253 254 255
f 285 284 286
f 283 284 285
f 283 282 284
f 281 282 283
f 281 280 282
f 279 280 281
f 279 278 280
f 277 278 279
f 277 276 278
f 275 276 277
f 275 274 276
f 273 274 275
f 273 272 274
f 271 272 273
f 271 270 272
f 269 270 271
f 301 300 302
f 299 300 301
f 299 298 300
f 297 298 299
f 297 296 298
f 295 296 297
f 295 294 296
f 293 294 295
f 293 292 294
f 291 292 293
f 291 290 292
f 289 290 291
f 289 288 290
f 287 288 289
f 287 286 288
f 285 286 287
f 317 316 318
f 315 316 317
f 315 314 316
f 313 314 315
f 313 312 314
f 311 312 313
f 311 310 312
f 309 310 311
f 309 308 310
f 307 308 309
f 307 306 308
f 305 306 307
f 305 304 306
f 303 304 305
f 303 302 304
f 301 302 303
f 167 332 168
f 331 332 167
f 331 330 332
f 329 330 331
f 329 328 330
f 327 328 329
f 327 326 328
f 325 326 327
f 325 324 326
f 323 324 325
f 323 322 324
f 321 322 323
f 321 320 322
f 319 320 321
f 319 318 320
f 317 318 319
f 237 236 238
f 235 236 237
f 235 234 236
f 233 234 235
f 233 232 234
f 231 232 233
f 231 230 232
f 229 230 231
f 229 228 230
f 227 228 229
f 227 226 228
f 225 226 227
f 225 224 226
f 223 224 225
f 223 222 224
f 221 222 223
f 221 220 222
f 219 220 221
f 219 218 220
f 217 218 219
f 217 216 218
f 215 216 217
f 215 214 216
f 213 214 215
f 213 212 214
f 211 212 213
f 211 210 212
f 209 210 211
f 209 208 210
f 207 208 209
f 207 206 208
f 205 206 207
f 205 204 206
f 203 204 205
f 203 202 204
f 201 202 203
f 201 200 202
f 199 200 201
f 199 198 200
f 197 198 199
f 197 196 198
f 195 196 197
f 195 194 196
f 193 194 195
f 193 192 194
f 191 192 193
f 191 190 192
f 189 190 191
f 189 188 190
f 187 188 189
f 187 186 188
f 185 186 187
f 185 184 186
f 183 184 185
f 183 182 184
f 181 182 183
f 181 180 182
f 179 180 181
f 179 178 180
f 177 178 179
f 177 176 178
f 175 176 177
f 175 174 176
f 173 174 175
f 173 172 174
f 171 172 173
f 171 170 172
f 169 170 171
f 169 168 170
f 167 168 169
f 378 453 377
f 378 452 453
f 379 452 378
f 379 451 452
f 380 451 379
f 380 450 451
f 381 450 380
f 381 449 450
f 382 449 381
f 382 448 449
f 383 448 382
f 383 447 448
f 384 447 383
f 385 447 384
f 385 446 447
f 386 446 385
f 370 461 369
f 370 460 461
f 371 460 370
f 371 459 460
f 372 459 371
f 372 458 459
f 373 458 372
f 373 457 458
f 374 457 373
f 374 456 457
f 375 456 374
f 375 455 456
f 376 455 375
f 376 454 455
f 377 454 376
f 377 453 454
f 361 468 469
f 362 468 361
f 362 467 468
f 363 467 362
f 363 466 467
f 364 466 363
f 364 465 466
f 365 465 364
f 365 464 465
f 366 464 365
f 366 463 464
f 367 463 366
f 368 463 367
f 368 462 463
f 369 462 368
f 369 461 462
f 353 476 477
f 354 476 353
f 354 475 476
f 355 475 354
f 355 474 475
f 356 474 355
f 356 473 474
f 357 473 356
f 357 472 473
f 358 472 357
f 358 471 472
f 359 471 358
f 359 470 471
f 360 470 359
f 360 469 470
f 361 469 360
f 345 484 344
f 345 483 484
f 346 483 345
f 346 482 483
f 347 482 346
f 347 481 482
f 348 481 347
f 348 480 481
f 349 480 348
f 349 479 480
f 350 479 349
f 350 478 479
f 351 478 350
f 352 478 351
f 352 477 478
f 353 477 352
f 337 492 336
f 337 491 492
f 338 491 337
f 338 490 491
f 339 490 338
f 339 489 490
f 340 489 339
f 340 488 489
f 341 488 340
f 341 487 488
f 342 487 341
f 342 486 487
f 343 486 342
f 343 485 486
f 344 485 343
f 344 484 485
f 386 445 446
f 387 445 386
f 387 444 445
f 388 444 387
f 388 443 444
f 389 443 388
f 389 442 443
f 390 442 389
f 390 441 442
f 391 441 390
f 391 440 441
f 392 440 391
f 392 439 440
f 393 439 392
f 393 438 439
f 394 438 393
f 335 493 417
f 336 493 335
f 336 492 493
f 394 437 438
f 395 437 394
f 395 436 437
f 396 436 395
f 396 435 436
f 397 435 396
f 397 434 435
f 398 434 397
f 398 433 434
f 399 433 398
f 399 432 433
f 400 432 399
f 401 432 400
f 401 431 432
f 402 431 401
f 402 430 431
f 534 475 474
f 535 475 534
f 535 476 475
f 536 476 535
f 536 477 476
f 537 477 536
f 537 478 477
f 538 478 537
f 538 479 478
f 539 479 538
f 539 480 479
f 540 480 539
f 540 481 480
f 541 481 540
f 541 482 481
f 542 482 541
f 542 483 482
f 543 483 542
f 543 484 483
f 544 484 543
f 544 485 484
f 545 485 544
f 545 486 485
f 495 486 545
f 494 488 487
f 572 488 494
f 572 489 488
f 571 489 572
f 571 490 489
f 570 490 571
f 570 491 490
f 569 491 570
f 569 492 491
f 568 492 569
f 568 493 492
f 546 493 568
f 437 496 438
f 437 567 496
f 436 567 437
f 436 566 567
f 435 566 436
f 435 565 566
f 434 565 435
f 434 564 565
f 433 564 434
f 433 563 564
f 432 563 433
f 432 562 563
f 431 562 432
f 431 561 562
f 430 561 431
f 430 560 561
f 429 560 430
f 429 559 560
f 428 559 429
f 428 558 559
f 427 558 428
f 427 557 558
f 426 557 427
f 426 556 557
f 425 556 426
f 425 555 556
f 424 555 425
f 424 554 555
f 423 554 424
f 423 553 554
f 422 553 423
f 422 552 553
f 421 552 422
f 421 551 552
f 420 551 421
f 420 550 551
f 419 550 420
f 419 549 550
f 418 549 419
f 418 548 549
f 416 548 418
f 467 526 468
f 467 525 526
f 466 525 467
f 466 524 525
f 465 524 466
f 465 523 524
f 464 523 465
f 474 533 534
f 474 532 533
f 473 532 474
f 473 531 532
f 472 531 473
f 416 547 548
f 417 547 416
f 417 546 547
f 493 546 417
f 459 518 460
f 459 517 518
f 458 517 459
f 458 516 517
f 457 516 458
f 457 515 516
f 456 515 457
f 472 530 531
f 471 530 472
f 471 529 530
f 470 529 471
f 470 528 529
f 469 528 470
f 469 527 528
f 468 527 469
f 468 526 527
f 451 510 452
f 451 509 510
f 450 509 451
f 450 508 509
f 449 508 450
f 449 507 508
f 448 507 449
f 464 522 523
f 463 522 464
f 463 521 522
f 462 521 463
f 462 520 521
f 461 520 462
f 461 519 520
f 460 519 461
f 460 518 519
f 443 502 444
f 443 501 502
f 442 501 443
f 442 500 501
f 441 500 442
f 441 499 500
f 440 499 441
f 456 514 515
f 455 514 456
f 455 513 514
f 454 513 455
f 454 512 513
f 453 512 454
f 453 511 512
f 452 511 453
f 452 510 511
f 495 494 487
f 495 487 486
f 440 498 499
f 439 498 440
f 439 497 498
f 438 497 439
f 496 497 438
f 448 506 507
f 447 506 448
f 447 505 506
f 446 505 447
f 446 504 505
f 445 504 446
f 445 503 504
f 444 503 445
f 444 502 503
f 403 430 402
f 403 429 430
f 404 429 403
f 404 428 429
f 405 428 404
f 405 427 428
f 406 427 405
f 406 426 427
f 407 426 406
f 407 425 426
f 408 425 407
f 408 424 425
f 409 424 408
f 409 423 424
f 410 423 409
f 410 422 423
f 411 422 410
f 411 421 422
f 412 421 411
f 412 420 421
f 413 420 412
f 413 419 420
f 414 419 413
f 414 418 419
f 415 418 414
f 415 416 418
f 333 416 415
f 417 334 335
f 417 333 334
f 416 333 417
f 671 589 590
f 803 666 667
f 803 667 802
f 802 667 668
f 802 668 801
f 734 657 812
f 812 657 658
f 812 658 811
f 811 658 659
f 811 659 810
f 810 659 660
f 810 660 809
f 805 665 804
f 804 665 666
f 804 666 803
f 663 582 664
f 716 752 753
f 716 753 715
f 715 753 754
f 715 754 714
f 714 754 755
f 714 755 756
f 724 744 745
f 724 745 723
f 723 745 746
f 723 746 722
f 722 746 747
f 657 576 658
f 657 575 576
f 656 575 657
f 656 574 575
f 670 589 671
f 725 743 744
f 725 744 724
f 728 651 729
f 729 651 652
f 729 652 730
f 730 652 653
f 730 653 731
f 731 653 654
f 731 654 732
f 732 654 655
f 732 655 733
f 733 655 573
f 722 747 721
f 721 747 748
f 721 748 720
f 720 748 749
f 733 735 736
f 733 736 732
f 720 643 721
f 721 643 644
f 721 644 722
f 722 644 645
f 722 645 723
f 723 645 646
f 723 646 724
f 724 646 647
f 724 647 725
f 725 647 648
f 727 741 742
f 727 742 726
f 726 742 743
f 726 743 725
f 727 650 728
f 728 650 651
f 718 640 641
f 718 641 719
f 719 641 642
f 719 642 720
f 720 642 643
f 710 632 711
f 711 632 633
f 711 633 712
f 712 633 634
f 712 634 713
f 733 573 656
f 657 734 656
f 656 734 735
f 656 735 733
f 715 636 637
f 715 637 716
f 716 637 638
f 716 638 717
f 717 638 639
f 717 639 718
f 718 639 640
f 708 630 709
f 709 630 631
f 709 631 710
f 710 631 632
f 701 621 622
f 725 648 726
f 726 648 649
f 726 649 727
f 727 649 650
f 703 624 625
f 703 625 704
f 704 625 626
f 704 626 705
f 705 626 627
f 705 627 706
f 706 627 628
f 706 628 707
f 707 628 629
f 707 629 708
f 708 629 630
f 693 613 614
f 713 634 635
f 713 635 714
f 714 635 636
f 714 636 715
f 695 616 696
f 696 616 617
f 696 617 697
f 697 617 618
f 697 618 698
f 698 618 619
f 698 619 699
f 699 619 620
f 699 620 700
f 700 620 621
f 700 621 701
f 685 605 686
f 701 622 702
f 702 622 623
f 702 623 703
f 703 623 624
f 687 608 688
f 688 608 609
f 688 609 689
f 689 609 610
f 689 610 690
f 690 610 611
f 690 611 691
f 691 611 612
f 691 612 692
f 692 612 613
f 692 613 693
f 677 597 678
f 693 614 694
f 694 614 615
f 694 615 695
f 695 615 616
f 680 599 600
f 680 600 681
f 681 600 601
f 681 601 682
f 682 601 602
f 682 602 683
f 683 602 603
f 683 603 684
f 684 603 604
f 684 604 685
f 685 604 605
f 672 590 591
f 686 605 606
f 686 606 687
f 687 606 607
f 687 607 608
f 674 593 594
f 674 594 675
f 675 594 595
f 675 595 676
f 676 595 596
f 676 596 677
f 677 596 597
f 671 590 672
f 761 708 709
f 761 709 760
f 760 709 710
f 760 710 759
f 678 597 598
f 678 598 679
f 679 598 599
f 679 599 680
f 757 712 713
f 757 713 756
f 756 713 714
f 769 700 701
f 769 701 768
f 768 701 702
f 768 702 767
f 767 702 703
f 767 703 766
f 766 703 704
f 766 704 765
f 765 704 705
f 672 591 592
f 672 592 673
f 673 592 593
f 673 593 674
f 763 707 762
f 762 707 708
f 762 708 761
f 777 692 693
f 777 693 776
f 776 693 694
f 776 694 775
f 775 694 695
f 775 695 774
f 774 695 696
f 774 696 773
f 773 696 697
f 759 710 711
f 759 711 758
f 758 711 712
f 758 712 757
f 771 699 770
f 770 699 700
f 770 700 769
f 785 684 685
f 785 685 784
f 784 685 686
f 784 686 783
f 783 686 687
f 783 687 782
f 782 687 688
f 782 688 781
f 781 688 689
f 765 705 764
f 764 705 706
f 764 706 763
f 763 706 707
f 779 691 778
f 778 691 692
f 778 692 777
f 793 676 677
f 793 677 792
f 792 677 678
f 792 678 791
f 791 678 679
f 791 679 790
f 790 679 680
f 790 680 789
f 789 680 681
f 773 697 772
f 772 697 698
f 772 698 771
f 771 698 699
f 787 683 786
f 786 683 684
f 786 684 785
f 801 668 669
f 801 669 800
f 800 669 670
f 800 670 799
f 799 670 671
f 799 671 798
f 798 671 672
f 798 672 797
f 797 672 673
f 781 689 780
f 780 689 690
f 780 690 779
f 779 690 691
f 795 675 794
f 794 675 676
f 794 676 793
f 809 660 661
f 809 661 808
f 808 661 662
f 808 662 807
f 807 662 663
f 807 663 806
f 806 663 664
f 806 664 805
f 805 664 665
f 789 681 788
f 788 681 682
f 788 682 787
f 787 682 683
f 664 582 583
f 664 583 665
f 665 583 584
f 665 584 666
f 666 584 585
f 666 585 667
f 667 585 586
f 667 586 668
f 668 586 587
f 668 587 669
f 669 587 588
f 669 588 670
f 797 673 796
f 796 673 674
f 796 674 795
f 795 674 675
f 720 749 719
f 719 749 750
f 732 736 737
f 732 737 731
f 731 737 738
f 731 738 730
f 730 738 739
f 730 739 729
f 729 739 740
f 729 740 728
f 728 740 741
f 728 741 727
f 718 750 751
f 718 751 717
f 717 751 752
f 717 752 716
f 670 588 589
f 719 750 718
f 663 581 582
f 662 581 663
f 662 580 581
f 661 580 662
f 661 579 580
f 660 579 661
f 660 578 579
f 659 578 660
f 659 577 578
f 658 577 659
f 658 576 577
f 573 574 656
f 851 852 853
f 853 852 854
f 853 854 855
f 855 854 856
f 867 866 868
f 867 868 869
f 869 868 870
f 869 870 871
f 871 870 872
f 839 840 841
f 841 840 842
f 841 842 843
f 873 872 874
f 873 874 875
f 875 874 876
f 875 876 877
f 877 876 878
f 877 878 879
f 879 878 880
f 879 880 881
f 881 880 882
f 881 882 883
f 835 834 836
f 883 882 884
f 883 884 885
f 885 884 886
f 885 886 887
f 887 886 888
f 889 888 890
f 889 890 891
f 891 890 892
f 891 892 893
f 893 892 894
f 893 894 895
f 895 894 896
f 895 896 897
f 897 896 898
f 897 898 899
f 899 898 900
f 899 900 901
f 901 900 902
f 901 902 903
f 903 902 904
f 871 872 873
f 905 904 906
f 905 906 907
f 907 906 908
f 907 908 909
f 909 908 910
f 909 910 911
f 911 910 912
f 911 912 913
f 913 912 914
f 913 914 915
f 915 914 916
f 915 916 917
f 917 916 918
f 917 918 919
f 919 918 920
f 887 888 889
f 921 920 922
f 921 922 923
f 923 922 924
f 923 924 925
f 925 924 926
f 925 926 927
f 927 926 928
f 927 928 929
f 929 928 930
f 929 930 931
f 931 930 932
f 931 932 933
f 933 932 934
f 933 934 935
f 935 934 936
f 903 904 905
f 937 936 938
f 937 938 939
f 939 938 940
f 939 940 941
f 941 940 942
f 941 942 943
f 943 942 944
f 943 944 945
f 945 944 946
f 945 946 947
f 947 946 948
f 947 948 813
f 813 948 949
f 813 949 814
f 814 949 950
f 919 920 921
f 815 950 951
f 815 951 816
f 816 951 952
f 816 952 817
f 817 952 953
f 817 953 818
f 818 953 954
f 818 954 819
f 819 954 955
f 819 955 820
f 820 955 956
f 820 956 821
f 821 956 957
f 821 957 822
f 822 957 958
f 935 936 937
f 823 958 959
f 823 959 824
f 824 959 960
f 824 960 825
f 825 960 961
f 825 961 826
f 826 961 962
f 826 962 827
f 827 962 963
f 827 963 828
f 828 963 964
f 828 964 829
f 829 964 965
f 829 965 830
f 830 965 966
f 814 950 815
f 831 966 967
f 831 967 832
f 832 967 968
f 832 968 833
f 833 968 969
f 833 969 834
f 834 969 970
f 834 970 836
f 822 958 823
f 830 966 831
f 843 842 844
f 843 844 845
f 845 844 846
f 845 846 847
f 847 846 848
f 847 848 849
f 849 848 850
f 849 850 851
f 855 856 857
f 857 856 858
f 857 858 859
f 859 858 860
f 859 860 861
f 861 860 862
f 861 862 863
f 863 862 864
f 863 864 865
f 865 864 866
f 865 866 867
f 851 850 852
f 835 836 837
f 837 836 838
f 837 838 839
f 839 838 840
f 1038 1117 1039
f 1049 1128 1050
f 1049 1127 1128
f 1048 1127 1049
f 1048 1126 1127
f 1047 1126 1048
f 1047 1125 1126
f 1046 1125 1047
f 982 1060 1061
f 981 1060 982
f 981 1059 1060
f 980 1059 981
f 980 1058 1059
f 979 1058 980
f 979 1057 1058
f 978 1057 979
f 978 1056 1057
f 977 1056 978
f 977 1055 1056
f 976 1055 977
f 976 1054 1055
f 975 1054 976
f 975 1053 1054
f 974 1052 1053
f 973 1052 974
f 973 1051 1052
f 972 1051 973
f 972 1050 1051
f 971 1050 972
f 971 1049 1050
f 974 1053 975
f 990 1068 1069
f 989 1068 990
f 989 1067 1068
f 988 1067 989
f 988 1066 1067
f 987 1066 988
f 987 1065 1066
f 986 1065 987
f 986 1064 1065
f 985 1064 986
f 985 1063 1064
f 984 1063 985
f 984 1062 1063
f 983 1062 984
f 983 1061 1062
f 982 1061 983
f 998 1076 1077
f 997 1076 998
f 997 1075 1076
f 996 1075 997
f 996 1074 1075
f 995 1074 996
f 995 1073 1074
f 994 1073 995
f 994 1072 1073
f 993 1072 994
f 993 1071 1072
f 992 1071 993
f 992 1070 1071
f 991 1070 992
f 991 1069 1070
f 990 1069 991
f 1006 1084 1085
f 1005 1084 1006
f 1005 1083 1084
f 1004 1083 1005
f 1004 1082 1083
f 1003 1082 1004
f 1003 1081 1082
f 1002 1081 1003
f 1002 1080 1081
f 1001 1080 1002
f 1001 1079 1080
f 1000 1079 1001
f 1000 1078 1079
f 999 1078 1000
f 999 1077 1078
f 998 1077 999
f 1014 1092 1093
f 1013 1092 1014
f 1013 1091 1092
f 1012 1091 1013
f 1012 1090 1091
f 1011 1090 1012
f 1011 1089 1090
f 1010 1089 1011
f 1010 1088 1089
f 1009 1088 1010
f 1009 1087 1088
f 1008 1087 1009
f 1008 1086 1087
f 1007 1086 1008
f 1007 1085 1086
f 1006 1085 1007
f 1022 1100 1101
f 1021 1100 1022
f 1021 1099 1100
f 1020 1099 1021
f 1020 1098 1099
f 1019 1098 1020
f 1019 1097 1098
f 1018 1097 1019
f 1018 1096 1097
f 1017 1096 1018
f 1017 1095 1096
f 1016 1095 1017
f 1016 1094 1095
f 1015 1094 1016
f 1015 1093 1094
f 1014 1093 1015
f 1030 1108 1109
f 1029 1108 1030
f 1029 1107 1108
f 1028 1107 1029
f 1028 1106 1107
f 1027 1106 1028
f 1027 1105 1106
f 1026 1105 1027
f 1026 1104 1105
f 1025 1104 1026
f 1025 1103 1104
f 1024 1103 1025
f 1024 1102 1103
f 1023 1102 1024
f 1023 1101 1102
f 1022 1101 1023
f 1038 1116 1117
f 1037 1116 1038
f 1037 1115 1116
f 1036 1115 1037
f 1036 1114 1115
f 1035 1114 1036
f 1035 1113 1114
f 1034 1113 1035
f 1034 1112 1113
f 1033 1112 1034
f 1033 1111 1112
f 1032 1111 1033
f 1032 1110 1111
f 1031 1110 1032
f 1031 1109 1110
f 1030 1109 1031
f 1046 1124 1125
f 1045 1124 1046
f 1045 1123 1124
f 1044 1123 1045
f 1044 1122 1123
f 1043 1122 1044
f 1043 1121 1122
f 1042 1121 1043
f 1042 1120 1121
f 1041 1120 1042
f 1041 1119 1120
f 1040 1119 1041
f 1040 1118 1119
f 1039 1118 1040
f 1039 1117 1118
f 1217 1181 1180
f 1216 1181 1217
f 1251 1308 1309
f 1250 1308 1251
f 1250 1307 1308
f 1249 1307 1250
f 1249 1306 1307
f 1209 1306 1249
f 1264 1321 1322
f 1263 1321 1264
f 1263 1320 1321
f 1262 1320 1263
f 1248 1303 1304
f 1247 1303 1248
f 1247 1302 1303
f 1246 1302 1247
f 1254 1311 1312
f 1253 1311 1254
f 1253 1310 1311
f 1252 1310 1253
f 1252 1309 1310
f 1251 1309 1252
f 1245 1300 1301
f 1244 1300 1245
f 1244 1299 1300
f 1243 1299 1244
f 1243 1298 1299
f 1242 1298 1243
f 1256 1313 1314
f 1255 1313 1256
f 1255 1312 1313
f 1217 1180 1218
f 1270 1327 1328
f 1269 1327 1270
f 1269 1326 1327
f 1268 1326 1269
f 1268 1325 1326
f 1267 1325 1268
f 1267 1324 1325
f 1266 1324 1267
f 1266 1323 1324
f 1265 1323 1266
f 1265 1322 1323
f 1264 1322 1265
f 1280 1337 1338
f 1279 1337 1280
f 1279 1336 1337
f 1278 1336 1279
f 1278 1335 1336
f 1277 1335 1278
f 1277 1334 1335
f 1276 1334 1277
f 1276 1333 1334
f 1275 1333 1276
f 1275 1332 1333
f 1274 1332 1275
f 1274 1331 1332
f 1273 1331 1274
f 1273 1330 1331
f 1272 1330 1273
f 1226 1345 1346
f 1227 1345 1226
f 1227 1344 1345
f 1228 1344 1227
f 1228 1343 1344
f 1229 1343 1228
f 1229 1342 1343
f 1230 1342 1229
f 1230 1341 1342
f 1283 1341 1230
f 1283 1340 1341
f 1282 1340 1283
f 1282 1339 1340
f 1281 1339 1282
f 1281 1338 1339
f 1280 1338 1281
f 1218 1353 1354
f 1219 1353 1218
f 1219 1352 1353
f 1220 1352 1219
f 1220 1351 1352
f 1221 1351 1220
f 1221 1350 1351
f 1222 1350 1221
f 1222 1349 1350
f 1223 1349 1222
f 1223 1348 1349
f 1224 1348 1223
f 1224 1347 1348
f 1225 1347 1224
f 1225 1346 1347
f 1226 1346 1225
f 1286 1361 1362
f 1285 1361 1286
f 1285 1360 1361
f 1284 1360 1285
f 1215 1182 1216
f 1215 1183 1182
f 1214 1183 1215
f 1214 1184 1183
f 1213 1184 1214
f 1213 1185 1184
f 1228 1169 1229
f 1228 1170 1169
f 1227 1170 1228
f 1227 1171 1170
f 1215 1356 1357
f 1216 1356 1215
f 1216 1355 1356
f 1217 1355 1216
f 1217 1354 1355
f 1218 1354 1217
f 1288 1363 1364
f 1287 1363 1288
f 1287 1362 1363
f 1286 1362 1287
f 1375 1353 1376
f 1375 1354 1353
f 1374 1354 1375
f 1374 1355 1354
f 1373 1355 1374
f 1212 1359 1284
f 1213 1359 1212
f 1213 1358 1359
f 1214 1358 1213
f 1214 1357 1358
f 1215 1357 1214
f 1216 1182 1181
f 1369 1359 1370
f 1369 1284 1359
f 1360 1284 1369
f 1383 1345 1384
f 1383 1346 1345
f 1382 1346 1383
f 1382 1347 1346
f 1381 1347 1382
f 1381 1348 1347
f 1291 1367 1368
f 1291 1366 1367
f 1290 1366 1291
f 1290 1365 1366
f 1289 1365 1290
f 1289 1364 1365
f 1288 1364 1289
f 1379 1350 1349
f 1378 1350 1379
f 1378 1351 1350
f 1377 1351 1378
f 1377 1352 1351
f 1376 1352 1377
f 1376 1353 1352
f 1387 1342 1388
f 1386 1342 1387
f 1373 1356 1355
f 1372 1356 1373
f 1372 1357 1356
f 1371 1357 1372
f 1371 1358 1357
f 1370 1358 1371
f 1370 1359 1358
f 1238 1294 1239
f 1238 1293 1294
f 1237 1293 1238
f 1237 1292 1293
f 1236 1292 1237
f 1236 1291 1292
f 1235 1291 1236
f 1235 1290 1291
f 1234 1290 1235
f 1209 1305 1306
f 1208 1305 1209
f 1208 1304 1305
f 1248 1304 1208
f 1380 1348 1381
f 1380 1349 1348
f 1379 1349 1380
f 1283 1230 1166
f 1165 1283 1166
f 1282 1283 1165
f 1164 1282 1165
f 1242 1297 1298
f 1241 1297 1242
f 1241 1296 1297
f 1240 1296 1241
f 1386 1343 1342
f 1385 1343 1386
f 1385 1344 1343
f 1384 1344 1385
f 1384 1345 1344
f 1240 1295 1296
f 1239 1295 1240
f 1239 1294 1295
f 1275 1276 1158
f 1157 1275 1158
f 1274 1275 1157
f 1156 1274 1157
f 1234 1289 1290
f 1233 1289 1234
f 1233 1288 1289
f 1232 1288 1233
f 1232 1287 1288
f 1231 1287 1232
f 1231 1286 1287
f 1210 1286 1231
f 1210 1285 1286
f 1211 1285 1210
f 1211 1284 1285
f 1212 1284 1211
f 1267 1268 1150
f 1149 1267 1150
f 1266 1267 1149
f 1148 1266 1149
f 1281 1282 1164
f 1163 1281 1164
f 1280 1281 1163
f 1162 1280 1163
f 1279 1280 1162
f 1161 1279 1162
f 1278 1279 1161
f 1160 1278 1161
f 1277 1278 1160
f 1159 1277 1160
f 1276 1277 1159
f 1158 1276 1159
f 1193 1235 1236
f 1192 1235 1193
f 1192 1234 1235
f 1191 1234 1192
f 1191 1233 1234
f 1190 1233 1191
f 1226 1171 1227
f 1226 1172 1171
f 1271 1272 1154
f 1153 1271 1154
f 1270 1271 1153
f 1152 1270 1153
f 1269 1270 1152
f 1151 1269 1152
f 1268 1269 1151
f 1150 1268 1151
f 1199 1241 1200
f 1240 1241 1199
f 1389 1340 1390
f 1341 1340 1389
f 1388 1341 1389
f 1342 1341 1388
f 1225 1172 1226
f 1225 1173 1172
f 1224 1173 1225
f 1224 1174 1173
f 1223 1174 1224
f 1223 1175 1174
f 1222 1175 1223
f 1222 1176 1175
f 1221 1176 1222
f 1221 1177 1176
f 1390 1339 1391
f 1340 1339 1390
f 1190 1232 1233
f 1189 1232 1190
f 1189 1231 1232
f 1188 1231 1189
f 1188 1210 1231
f 1187 1210 1188
f 1230 1167 1166
f 1230 1168 1167
f 1229 1168 1230
f 1229 1169 1168
f 1201 1243 1202
f 1242 1243 1201
f 1200 1242 1201
f 1241 1242 1200
f 1196 1238 1197
f 1237 1238 1196
f 1195 1237 1196
f 1236 1237 1195
f 1194 1236 1195
f 1193 1236 1194
f 1131 1250 1132
f 1131 1249 1250
f 1130 1249 1131
f 1130 1209 1249
f 1129 1209 1130
f 1248 1208 1207
f 1392 1337 1393
f 1338 1337 1392
f 1391 1338 1392
f 1339 1338 1391
f 1137 1256 1138
f 1137 1255 1256
f 1397 1332 1398
f 1333 1332 1397
f 1396 1333 1397
f 1334 1333 1396
f 1395 1334 1396
f 1335 1334 1395
f 1394 1335 1395
f 1336 1335 1394
f 1393 1336 1394
f 1337 1336 1393
f 1198 1240 1199
f 1239 1240 1198
f 1197 1239 1198
f 1238 1239 1197
f 1398 1331 1399
f 1332 1331 1398
f 1206 1248 1207
f 1247 1248 1206
f 1205 1247 1206
f 1246 1247 1205
f 1204 1246 1205
f 1245 1246 1204
f 1203 1245 1204
f 1244 1245 1203
f 1202 1244 1203
f 1243 1244 1202
f 1139 1258 1140
f 1139 1257 1258
f 1138 1257 1139
f 1138 1256 1257
f 1134 1253 1135
f 1134 1252 1253
f 1133 1252 1134
f 1133 1251 1252
f 1132 1251 1133
f 1132 1250 1251
f 1265 1266 1148
f 1147 1265 1148
f 1264 1265 1147
f 1146 1264 1147
f 1368 1292 1291
f 1438 1292 1368
f 1400 1329 1401
f 1330 1329 1400
f 1399 1330 1400
f 1331 1330 1399
f 1261 1262 1144
f 1143 1261 1144
f 1405 1324 1406
f 1325 1324 1405
f 1404 1325 1405
f 1326 1325 1404
f 1403 1326 1404
f 1327 1326 1403
f 1402 1327 1403
f 1328 1327 1402
f 1401 1328 1402
f 1329 1328 1401
f 1136 1255 1137
f 1136 1254 1255
f 1135 1254 1136
f 1135 1253 1254
f 1406 1323 1407
f 1324 1323 1406
f 1438 1293 1292
f 1437 1293 1438
f 1437 1294 1293
f 1436 1294 1437
f 1436 1295 1294
f 1435 1295 1436
f 1435 1296 1295
f 1434 1296 1435
f 1434 1297 1296
f 1433 1297 1434
f 1263 1264 1146
f 1145 1263 1146
f 1262 1263 1145
f 1144 1262 1145
f 1140 1259 1141
f 1140 1258 1259
f 1273 1274 1156
f 1155 1273 1156
f 1272 1273 1155
f 1154 1272 1155
f 1433 1298 1297
f 1432 1298 1433
f 1432 1299 1298
f 1431 1299 1432
f 1431 1300 1299
f 1430 1300 1431
f 1408 1321 1409
f 1322 1321 1408
f 1407 1322 1408
f 1323 1322 1407
f 1423 1308 1307
f 1422 1308 1423
f 1413 1316 1414
f 1317 1316 1413
f 1412 1317 1413
f 1318 1317 1412
f 1411 1318 1412
f 1319 1318 1411
f 1410 1319 1411
f 1320 1319 1410
f 1409 1320 1410
f 1321 1320 1409
f 1260 1261 1143
f 1142 1260 1143
f 1259 1260 1142
f 1141 1259 1142
f 1415 1316 1315
f 1414 1316 1415
f 1430 1301 1300
f 1429 1301 1430
f 1429 1302 1301
f 1428 1302 1429
f 1428 1303 1302
f 1427 1303 1428
f 1427 1304 1303
f 1426 1304 1427
f 1426 1305 1304
f 1425 1305 1426
f 1425 1306 1305
f 1424 1306 1425
f 1424 1307 1306
f 1423 1307 1424
f 1246 1301 1302
f 1245 1301 1246
f 1422 1309 1308
f 1421 1309 1422
f 1421 1310 1309
f 1420 1310 1421
f 1420 1311 1310
f 1419 1311 1420
f 1419 1312 1311
f 1418 1312 1419
f 1418 1313 1312
f 1417 1313 1418
f 1417 1314 1313
f 1416 1314 1417
f 1416 1315 1314
f 1415 1315 1416
f 1262 1319 1320
f 1261 1319 1262
f 1261 1318 1319
f 1260 1318 1261
f 1260 1317 1318
f 1259 1317 1260
f 1259 1316 1317
f 1258 1316 1259
f 1258 1315 1316
f 1257 1315 1258
f 1257 1314 1315
f 1256 1314 1257
f 1272 1329 1330
f 1271 1329 1272
f 1271 1328 1329
f 1270 1328 1271
f 1218 1180 1179
f 1218 1179 1219
f 1219 1179 1178
f 1219 1178 1220
f 1220 1178 1177
f 1220 1177 1221
f 1210 1187 1211
f 1211 1187 1186
f 1211 1186 1212
f 1212 1186 1185
f 1212 1185 1213
f 1129 1207 1208
f 1129 1208 1209
f 1254 1312 1255
f 1447 1446 1448
f 1447 1448 1449
f 1533 1534 1535
f 1532 1534 1533
f 1557 1481 1556
f 1483 1482 1558
f 1523 1524 1525
f 1522 1524 1523
f 1521 1522 1523
f 1520 1522 1521
f 1519 1520 1521
f 1518 1520 1519
f 1517 1518 1519
f 1516 1518 1517
f 1593 1544 1594
f 1543 1544 1593
f 1482 1481 1557
f 1556 1480 1555
f 1481 1480 1556
f 1555 1479 1554
f 1480 1479 1555
f 1554 1478 1553
f 1479 1478 1554
f 1553 1477 1552
f 1478 1477 1553
f 1552 1476 1551
f 1551 1475 1550
f 1476 1475 1551
f 1515 1516 1517
f 1514 1516 1515
f 1513 1514 1515
f 1512 1514 1513
f 1511 1512 1513
f 1510 1512 1511
f 1509 1510 1511
f 1508 1510 1509
f 1589 1540 1590
f 1539 1540 1589
f 1472 1548 1473
f 1596 1548 1472
f 1596 1547 1548
f 1546 1547 1596
f 1595 1546 1596
f 1545 1546 1595
f 1447 1449 1559
f 1594 1545 1595
f 1544 1545 1594
f 1507 1508 1509
f 1506 1508 1507
f 1505 1506 1507
f 1504 1506 1505
f 1503 1504 1505
f 1502 1504 1503
f 1501 1502 1503
f 1500 1502 1501
f 1499 1500 1501
f 1498 1500 1499
f 1497 1498 1499
f 1496 1498 1497
f 1495 1496 1497
f 1494 1496 1495
f 1493 1494 1495
f 1492 1494 1493
f 1535 1536 1586
f 1534 1536 1535
f 1592 1543 1593
f 1542 1543 1592
f 1591 1542 1592
f 1541 1542 1591
f 1477 1476 1552
f 1590 1541 1591
f 1540 1541 1590
f 1491 1492 1493
f 1490 1492 1491
f 1489 1490 1491
f 1488 1490 1489
f 1487 1488 1489
f 1486 1488 1487
f 1485 1486 1487
f 1484 1486 1485
f 1588 1539 1589
f 1538 1539 1588
f 1587 1538 1588
f 1537 1538 1587
f 1586 1537 1587
f 1536 1537 1586
f 1471 1484 1485
f 1469 1484 1471
f 1468 1470 1560
f 1444 1583 1584
f 1443 1583 1444
f 1443 1582 1583
f 1442 1582 1443
f 1452 1575 1576
f 1453 1575 1452
f 1453 1574 1575
f 1454 1574 1453
f 1446 1585 1448
f 1445 1584 1585
f 1444 1584 1445
f 1460 1567 1568
f 1461 1567 1460
f 1461 1566 1567
f 1462 1566 1461
f 1442 1581 1582
f 1441 1581 1442
f 1441 1580 1581
f 1440 1580 1441
f 1440 1579 1580
f 1439 1579 1440
f 1439 1578 1579
f 1450 1578 1439
f 1450 1577 1578
f 1451 1576 1577
f 1452 1576 1451
f 1462 1565 1566
f 1463 1565 1462
f 1463 1564 1565
f 1464 1564 1463
f 1464 1563 1564
f 1465 1563 1464
f 1465 1562 1563
f 1466 1562 1465
f 1466 1561 1562
f 1451 1577 1450
f 1467 1561 1466
f 1467 1560 1561
f 1468 1560 1467
f 1459 1569 1458
f 1454 1573 1574
f 1455 1573 1454
f 1455 1572 1573
f 1456 1572 1455
f 1456 1571 1572
f 1457 1571 1456
f 1457 1570 1571
f 1458 1570 1457
f 1458 1569 1570
f 1445 1585 1446
f 1459 1568 1569
f 1460 1568 1459
f 1531 1532 1533
f 1530 1532 1531
f 1529 1530 1531
f 1528 1530 1529
f 1527 1528 1529
f 1526 1528 1527
f 1525 1526 1527
f 1524 1526 1525
f 1550 1474 1549
f 1475 1474 1550
f 1549 1473 1548
f 1474 1473 1549
f 1470 1469 1471
f 1468 1469 1470
f 1559 1483 1558
f 1449 1483 1559
f 1558 1482 1557
f 1601 1602 1603
f 1603 1602 1604
f 1641 1640 1642
f 1641 1642 1643
f 1643 1642 1644
f 1643 1644 1645
f 1645 1644 1646
f 1684 1685 1624
f 1624 1685 1625
f 1685 1686 1625
f 1625 1686 1626
f 1686 1687 1626
f 1626 1687 1627
f 1687 1688 1627
f 1627 1688 1628
f 1645 1646 1647
f 1647 1646 1648
f 1647 1648 1649
f 1649 1648 1650
f 1649 1650 1651
f 1651 1650 1652
f 1725 1704 1726
f 1733 1696 1734
f 1718 1711 1719
f 1719 1711 1710
f 1719 1710 1720
f 1720 1710 1709
f 1720 1709 1721
f 1721 1709 1708
f 1721 1708 1722
f 1722 1708 1707
f 1724 1705 1725
f 1725 1705 1704
f 1741 1715 1742
f 1726 1704 1703
f 1726 1703 1727
f 1727 1703 1702
f 1727 1702 1728
f 1728 1702 1701
f 1728 1701 1729
f 1729 1701 1700
f 1729 1700 1730
f 1730 1700 1699
f 1732 1697 1733
f 1733 1697 1696
f 1744 1745 1631
f 1734 1696 1695
f 1734 1695 1735
f 1735 1695 1694
f 1735 1694 1736
f 1736 1694 1693
f 1736 1693 1737
f 1737 1693 1692
f 1737 1692 1738
f 1738 1692 1691
f 1722 1707 1723
f 1723 1707 1706
f 1723 1706 1724
f 1724 1706 1705
f 1740 1714 1741
f 1741 1714 1715
f 1748 1749 1635
f 1742 1715 1716
f 1742 1716 1743
f 1743 1716 1717
f 1743 1717 1597
f 1597 1717 1599
f 1718 1601 1712
f 1718 1712 1711
f 1603 1712 1601
f 1730 1699 1731
f 1731 1699 1698
f 1731 1698 1732
f 1732 1698 1697
f 1651 1652 1653
f 1653 1652 1654
f 1653 1654 1655
f 1655 1654 1656
f 1655 1656 1657
f 1657 1656 1658
f 1657 1658 1659
f 1659 1658 1660
f 1659 1660 1661
f 1661 1660 1662
f 1661 1662 1663
f 1663 1662 1664
f 1663 1664 1600
f 1600 1664 1598
f 1752 1753 1639
f 1631 1745 1632
f 1745 1746 1632
f 1632 1746 1633
f 1746 1747 1633
f 1633 1747 1634
f 1738 1691 1739
f 1739 1691 1713
f 1739 1713 1740
f 1740 1713 1714
f 1602 1665 1604
f 1604 1665 1605
f 1665 1666 1605
f 1605 1666 1606
f 1666 1667 1606
f 1606 1667 1607
f 1667 1668 1607
f 1607 1668 1608
f 1635 1749 1636
f 1749 1750 1636
f 1636 1750 1637
f 1750 1751 1637
f 1637 1751 1638
f 1690 1744 1630
f 1630 1744 1631
f 1668 1669 1608
f 1608 1669 1609
f 1669 1670 1609
f 1609 1670 1610
f 1670 1671 1610
f 1610 1671 1611
f 1671 1672 1611
f 1611 1672 1612
f 1672 1673 1612
f 1612 1673 1613
f 1673 1674 1613
f 1613 1674 1614
f 1674 1675 1614
f 1614 1675 1615
f 1675 1676 1615
f 1615 1676 1616
f 1639 1753 1640
f 1753 1754 1640
f 1640 1754 1642
f 1747 1748 1634
f 1634 1748 1635
f 1676 1677 1616
f 1616 1677 1617
f 1677 1678 1617
f 1617 1678 1618
f 1678 1679 1618
f 1618 1679 1619
f 1679 1680 1619
f 1619 1680 1620
f 1751 1752 1638
f 1638 1752 1639
f 1680 1681 1620
f 1620 1681 1621
f 1681 1682 1621
f 1621 1682 1622
f 1682 1683 1622
f 1622 1683 1623
f 1683 1684 1623
f 1623 1684 1624
f 1688 1689 1628
f 1598 1599 1600
f 1598 1597 1599
f 1628 1689 1629
f 1689 1690 1629
f 1629 1690 1630
f 1834 1858 1859
f 1834 1857 1858
f 1833 1857 1834
f 1833 1856 1857
f 1832 1856 1833
f 1763 1873 1764
f 1763 1872 1873
f 1762 1872 1763
f 1762 1871 1872
f 1761 1871 1762
f 1761 1870 1871
f 1761 1869 1870
f 1767 1878 1768
f 1767 1877 1878
f 1766 1877 1767
f 1766 1876 1877
f 1780 1893 1781
f 1780 1892 1893
f 1779 1892 1780
f 1779 1891 1892
f 1778 1891 1779
f 1778 1890 1891
f 1777 1890 1778
f 1777 1889 1890
f 1776 1889 1777
f 1776 1888 1889
f 1776 1887 1888
f 1775 1887 1776
f 1775 1886 1887
f 1774 1886 1775
f 1774 1885 1886
f 1773 1885 1774
f 1787 1902 1788
f 1787 1901 1902
f 1787 1900 1901
f 1786 1900 1787
f 1786 1899 1900
f 1785 1899 1786
f 1785 1898 1899
f 1784 1898 1785
f 1784 1897 1898
f 1783 1897 1784
f 1783 1896 1897
f 1782 1896 1783
f 1782 1895 1896
f 1782 1894 1895
f 1781 1894 1782
f 1781 1893 1894
f 1795 1910 1911
f 1794 1910 1795
f 1794 1909 1910
f 1793 1909 1794
f 1793 1908 1909
f 1792 1908 1793
f 1792 1907 1908
f 1792 1906 1907
f 1791 1906 1792
f 1791 1905 1906
f 1790 1905 1791
f 1790 1904 1905
f 1789 1904 1790
f 1789 1903 1904
f 1788 1903 1789
f 1788 1902 1903
f 1802 1919 1920
f 1802 1918 1919
f 1801 1918 1802
f 1801 1917 1918
f 1800 1917 1801
f 1800 1916 1917
f 1799 1916 1800
f 1799 1915 1916
f 1798 1915 1799
f 1798 1914 1915
f 1797 1914 1798
f 1797 1913 1914
f 1797 1912 1913
f 1796 1912 1797
f 1796 1911 1912
f 1795 1911 1796
f 1809 1928 1810
f 1809 1927 1928
f 1808 1927 1809
f 1808 1926 1927
f 1808 1925 1926
f 1807 1925 1808
f 1807 1924 1925
f 1806 1924 1807
f 1806 1923 1924
f 1805 1923 1806
f 1805 1922 1923
f 1804 1922 1805
f 1804 1921 1922
f 1803 1921 1804
f 1803 1920 1921
f 1802 1920 1803
f 1817 1936 1838
f 1816 1936 1817
f 1816 1935 1936
f 1815 1935 1816
f 1815 1934 1935
f 1814 1934 1815
f 1814 1933 1934
f 1813 1933 1814
f 1813 1932 1933
f 1813 1931 1932
f 1812 1931 1813
f 1812 1930 1931
f 1811 1930 1812
f 1811 1929 1930
f 1810 1929 1811
f 1810 1928 1929
f 1756 1864 1865
f 1756 1863 1864
f 1755 1863 1756
f 1755 1862 1863
f 1837 1862 1755
f 1837 1861 1862
f 1836 1861 1837
f 1836 1860 1861
f 1835 1860 1836
f 1835 1859 1860
f 1834 1859 1835
f 1766 1875 1876
f 1765 1875 1766
f 1765 1874 1875
f 1764 1874 1765
f 1764 1873 1874
f 1817 1838 1818
f 1758 1866 1867
f 1757 1866 1758
f 1757 1865 1866
f 1756 1865 1757
f 1827 1849 1850
f 1826 1849 1827
f 1826 1848 1849
f 1825 1848 1826
f 1825 1847 1848
f 1832 1855 1856
f 1831 1855 1832
f 1831 1854 1855
f 1830 1854 1831
f 1830 1853 1854
f 1829 1853 1830
f 1829 1852 1853
f 1828 1852 1829
f 1828 1851 1852
f 1828 1850 1851
f 1827 1850 1828
f 1758 1867 1759
f 1760 1869 1761
f 1760 1868 1869
f 1759 1868 1760
f 1759 1867 1868
f 1773 1884 1885
f 1772 1884 1773
f 1772 1883 1884
f 1771 1883 1772
f 1771 1882 1883
f 1771 1881 1882
f 1770 1881 1771
f 1770 1880 1881
f 1769 1880 1770
f 1769 1879 1880
f 1768 1879 1769
f 1768 1878 1879
f 1824 1847 1825
f 1824 1846 1847
f 1823 1846 1824
f 1823 1845 1846
f 1823 1844 1845
f 1822 1844 1823
f 1822 1843 1844
f 1821 1843 1822
f 1821 1842 1843
f 1820 1842 1821
f 1820 1841 1842
f 1819 1841 1820
f 1819 1840 1841
f 1818 1840 1819
f 1818 1839 1840
f 1838 1839 1818
f 2002 2048 2049
f 2002 2049 2003
f 2003 2049 2050
f 2003 2050 2004
f 2004 2050 2051
f 2004 2051 2005
f 2005 2051 2052
f 2005 2052 2053
f 2005 2053 2006
f 2006 2053 2054
f 2006 2054 2007
f 2007 2054 2055
f 1993 2037 2038
f 1993 2038 1994
f 1994 2038 2039
f 1994 2039 1995
f 2009 2057 2010
f 2010 2057 2058
f 2010 2058 2059
f 2010 2059 2011
f 2011 2059 2060
f 2011 2060 2012
f 2012 2060 2061
f 2012 2061 2013
f 2013 2061 2062
f 2013 2062 2014
f 2014 2062 2063
f 2014 2063 2015
f 2000 2046 2047
f 2000 2047 2001
f 2001 2047 2048
f 2001 2048 2002
f 2016 2066 2017
f 2017 2066 2067
f 2017 2067 2018
f 2018 2067 2068
f 2018 2068 2019
f 2019 2068 2069
f 2019 2069 1937
f 1937 2069 2070
f 1937 2070 2071
f 1937 2071 1938
f 1938 2071 2072
f 1938 2072 1939
f 2007 2055 2008
f 2008 2055 2056
f 2008 2056 2009
f 2009 2056 2057
f 1941 2074 2075
f 1941 2075 1942
f 1942 2075 2076
f 1942 2076 1943
f 1943 2076 2077
f 1943 2077 2078
f 1943 2078 1944
f 1944 2078 2079
f 1944 2079 1945
f 1945 2079 2080
f 1945 2080 1946
f 1946 2080 2081
f 2015 2063 2064
f 2015 2064 2065
f 2015 2065 2016
f 2016 2065 2066
f 1948 2083 2084
f 1948 2084 1949
f 1949 2084 2085
f 1949 2085 1950
f 1950 2085 2086
f 1950 2086 1951
f 1951 2086 2087
f 1951 2087 1952
f 1952 2087 2088
f 1952 2088 1953
f 1953 2088 2089
f 1953 2089 2090
f 1939 2072 2073
f 1939 2073 1940
f 1940 2073 2074
f 1940 2074 1941
f 1955 2092 1956
f 1956 2092 2093
f 1956 2093 1957
f 1957 2093 2094
f 1957 2094 1958
f 1958 2094 2095
f 1958 2095 2096
f 1958 2096 1959
f 1959 2096 2097
f 1959 2097 1960
f 1960 2097 2098
f 1960 2098 1961
f 1946 2081 1947
f 1947 2081 2082
f 1947 2082 1948
f 1948 2082 2083
f 1963 2100 2101
f 1963 2101 2102
f 1963 2102 1964
f 1964 2102 2103
f 1964 2103 1965
f 1965 2103 2104
f 1965 2104 1966
f 1966 2104 2105
f 1966 2105 1967
f 1967 2105 2106
f 1967 2106 1968
f 1968 2106 2107
f 1953 2090 1954
f 1954 2090 2091
f 1954 2091 1955
f 1955 2091 2092
f 1970 2109 2110
f 1970 2110 1971
f 1971 2110 2111
f 1971 2111 1972
f 1972 2111 2112
f 1972 2112 1973
f 1973 2112 2113
f 1973 2113 1974
f 1974 2113 2114
f 1974 2114 2115
f 1974 2115 1975
f 1975 2115 2116
f 1961 2098 2099
f 1961 2099 1962
f 1962 2099 2100
f 1962 2100 1963
f 1995 2039 2040
f 1995 2040 2041
f 1995 2041 1996
f 1996 2041 2042
f 1996 2042 1997
f 1997 2042 2043
f 1997 2043 1998
f 1998 2043 2044
f 1998 2044 1999
f 1999 2044 2045
f 1999 2045 2000
f 2000 2045 2046
f 1985 2029 1986
f 1986 2029 2030
f 1986 2030 1987
f 1987 2030 2031
f 1968 2107 1969
f 1969 2107 2108
f 1969 2108 2109
f 1969 2109 1970
f 1975 2116 1976
f 1976 2116 2117
f 1976 2117 1977
f 1977 2117 2118
f 1977 2118 1978
f 1978 2118 2020
f 1978 2020 1979
f 1987 2031 1988
f 1988 2031 2032
f 1988 2032 1989
f 1989 2032 2033
f 1989 2033 2034
f 1989 2034 1990
f 1990 2034 2035
f 1990 2035 1991
f 1991 2035 2036
f 1991 2036 1992
f 1992 2036 2037
f 1992 2037 1993
f 2020 2021 1979
f 1979 2021 2022
f 1979 2022 1980
f 1980 2022 2023
f 1980 2023 1981
f 1981 2023 2024
f 1981 2024 1982
f 1982 2024 2025
f 1982 2025 1983
f 1983 2025 2026
f 1983 2026 1984
f 1984 2026 2027
f 1984 2027 2028
f 1984 2028 1985
f 1985 2028 2029
f 2172 2171 2173
f 2173 2171 2174
f 2173 2174 2175
f 2175 2174 2176
f 2175 2176 2177
f 2144 2145 2146
f 2146 2145 2147
f 2146 2147 2148
f 2148 2147 2149
f 2148 2149 2150
f 2150 2149 2151
f 2150 2151 2152
f 2152 2151 2153
f 2152 2153 2154
f 2154 2153 2155
f 2154 2155 2156
f 2187 2188 2189
f 2189 2188 2190
f 2189 2190 2191
f 2191 2190 2192
f 2191 2192 2193
f 2160 2161 2162
f 2162 2161 2163
f 2162 2163 2164
f 2164 2163 2165
f 2164 2165 2166
f 2166 2165 2167
f 2166 2167 2168
f 2168 2167 2169
f 2168 2169 2170
f 2170 2169 2171
f 2170 2171 2172
f 2203 2204 2205
f 2205 2204 2206
f 2205 2206 2207
f 2207 2206 2208
f 2207 2208 2209
f 2177 2176 2178
f 2177 2178 2179
f 2179 2178 2180
f 2179 2180 2181
f 2181 2180 2182
f 2181 2182 2183
f 2183 2182 2184
f 2183 2184 2185
f 2185 2184 2186
f 2185 2186 2187
f 2187 2186 2188
f 2219 2220 2221
f 2221 2220 2222
f 2221 2222 2223
f 2223 2222 2224
f 2224 2222 2225
f 2193 2192 2194
f 2193 2194 2195
f 2195 2194 2196
f 2195 2196 2197
f 2197 2196 2198
f 2197 2198 2199
f 2199 2198 2200
f 2199 2200 2201
f 2201 2200 2202
f 2201 2202 2203
f 2203 2202 2204
f 2236 2235 2237
f 2236 2237 2238
f 2238 2237 2239
f 2238 2239 2240
f 2240 2239 2241
f 2209 2208 2210
f 2209 2210 2211
f 2211 2210 2212
f 2211 2212 2213
f 2213 2212 2214
f 2213 2214 2215
f 2215 2214 2216
f 2215 2216 2217
f 2217 2216 2218
f 2217 2218 2219
f 2219 2218 2220
f 2252 2251 2253
f 2252 2253 2254
f 2254 2253 2255
f 2254 2255 2256
f 2256 2255 2257
f 2224 2225 2226
f 2226 2225 2227
f 2226 2227 2228
f 2228 2227 2229
f 2228 2229 2230
f 2230 2229 2231
f 2230 2231 2232
f 2232 2231 2233
f 2232 2233 2234
f 2234 2233 2235
f 2234 2235 2236
f 2268 2267 2269
f 2268 2269 2270
f 2270 2269 2271
f 2270 2271 2272
f 2272 2271 2273
f 2240 2241 2242
f 2242 2241 2243
f 2242 2243 2244
f 2244 2243 2245
f 2244 2245 2246
f 2246 2245 2247
f 2246 2247 2248
f 2248 2247 2249
f 2248 2249 2250
f 2250 2249 2251
f 2250 2251 2252
f 2283 2284 2285
f 2285 2284 2286
f 2285 2286 2287
f 2287 2286 2288
f 2287 2288 2289
f 2256 2257 2258
f 2258 2257 2259
f 2258 2259 2260
f 2260 2259 2261
f 2260 2261 2262
f 2262 2261 2263
f 2262 2263 2264
f 2264 2263 2265
f 2264 2265 2266
f 2266 2265 2267
f 2266 2267 2268
f 2299 2300 2301
f 2301 2300 2302
f 2301 2302 2303
f 2303 2302 2304
f 2303 2304 2305
f 2273 2271 2274
f 2273 2274 2275
f 2275 2274 2276
f 2275 2276 2277
f 2277 2276 2278
f 2277 2278 2279
f 2279 2278 2280
f 2279 2280 2281
f 2281 2280 2282
f 2281 2282 2283
f 2283 2282 2284
f 2315 2316 2317
f 2317 2316 2318
f 2317 2318 2319
f 2319 2318 2320
f 2319 2320 2123
f 2289 2288 2290
f 2289 2290 2291
f 2291 2290 2292
f 2291 2292 2293
f 2293 2292 2294
f 2293 2294 2295
f 2295 2294 2296
f 2295 2296 2297
f 2297 2296 2298
f 2297 2298 2299
f 2299 2298 2300
f 2305 2304 2306
f 2305 2306 2307
f 2307 2306 2308
f 2307 2308 2309
f 2309 2308 2310
f 2309 2310 2311
f 2311 2310 2312
f 2311 2312 2313
f 2313 2312 2314
f 2313 2314 2315
f 2315 2314 2316
f 2417 2305 2307
f 2417 2307 2418
f 2418 2307 2309
f 2418 2309 2419
f 2419 2309 2311
f 2419 2311 2420
f 2420 2311 2313
f 2420 2313 2421
f 2421 2313 2315
f 2421 2315 2422
f 2424 2123 2323
f 2323 2123 2122
f 2123 2320 2121
f 2120 2321 2122
f 2122 2321 2322
f 2122 2322 2323
f 2422 2317 2423
f 2423 2317 2319
f 2423 2319 2424
f 2424 2319 2123
f 2408 2289 2409
f 2409 2289 2291
f 2409 2291 2410
f 2410 2291 2293
f 2410 2293 2411
f 2411 2293 2295
f 2411 2295 2412
f 2412 2295 2297
f 2412 2297 2413
f 2413 2297 2299
f 2413 2299 2414
f 2416 2305 2417
f 2414 2301 2415
f 2415 2301 2303
f 2415 2303 2416
f 2416 2303 2305
f 2400 2273 2401
f 2401 2273 2275
f 2401 2275 2402
f 2402 2275 2277
f 2402 2277 2403
f 2403 2277 2279
f 2403 2279 2404
f 2404 2279 2281
f 2404 2281 2405
f 2405 2281 2283
f 2405 2283 2406
f 2422 2315 2317
f 2406 2285 2407
f 2407 2285 2287
f 2407 2287 2408
f 2408 2287 2289
f 2392 2258 2393
f 2393 2258 2260
f 2393 2260 2394
f 2394 2260 2262
f 2394 2262 2395
f 2395 2262 2264
f 2395 2264 2396
f 2396 2264 2266
f 2396 2266 2397
f 2397 2266 2268
f 2397 2268 2398
f 2414 2299 2301
f 2398 2270 2399
f 2399 2270 2272
f 2399 2272 2400
f 2400 2272 2273
f 2384 2242 2385
f 2385 2242 2244
f 2385 2244 2386
f 2386 2244 2246
f 2386 2246 2387
f 2387 2246 2248
f 2387 2248 2388
f 2388 2248 2250
f 2388 2250 2389
f 2389 2250 2252
f 2389 2252 2390
f 2406 2283 2285
f 2390 2254 2391
f 2391 2254 2256
f 2391 2256 2392
f 2392 2256 2258
f 2376 2226 2377
f 2377 2226 2228
f 2377 2228 2378
f 2378 2228 2230
f 2378 2230 2379
f 2379 2230 2232
f 2379 2232 2380
f 2380 2232 2234
f 2380 2234 2381
f 2381 2234 2236
f 2381 2236 2382
f 2398 2268 2270
f 2382 2238 2383
f 2383 2238 2240
f 2383 2240 2384
f 2384 2240 2242
f 2368 2211 2369
f 2369 2211 2213
f 2369 2213 2370
f 2370 2213 2215
f 2370 2215 2371
f 2371 2215 2217
f 2371 2217 2372
f 2372 2217 2219
f 2372 2219 2373
f 2373 2219 2221
f 2373 2221 2374
f 2390 2252 2254
f 2374 2223 2375
f 2375 2223 2224
f 2375 2224 2376
f 2376 2224 2226
f 2360 2195 2361
f 2361 2195 2197
f 2361 2197 2362
f 2362 2197 2199
f 2362 2199 2363
f 2363 2199 2201
f 2363 2201 2364
f 2364 2201 2203
f 2364 2203 2365
f 2365 2203 2205
f 2365 2205 2366
f 2382 2236 2238
f 2366 2207 2367
f 2367 2207 2209
f 2367 2209 2368
f 2368 2209 2211
f 2352 2179 2353
f 2353 2179 2181
f 2353 2181 2354
f 2354 2181 2183
f 2354 2183 2355
f 2355 2183 2185
f 2355 2185 2356
f 2356 2185 2187
f 2356 2187 2357
f 2357 2187 2189
f 2357 2189 2358
f 2374 2221 2223
f 2358 2191 2359
f 2359 2191 2193
f 2359 2193 2360
f 2360 2193 2195
f 2344 2164 2345
f 2345 2164 2166
f 2345 2166 2346
f 2346 2166 2168
f 2346 2168 2347
f 2347 2168 2170
f 2347 2170 2348
f 2348 2170 2172
f 2348 2172 2349
f 2349 2172 2173
f 2349 2173 2350
f 2366 2205 2207
f 2350 2175 2351
f 2351 2175 2177
f 2351 2177 2352
f 2352 2177 2179
f 2336 2148 2337
f 2337 2148 2150
f 2337 2150 2338
f 2338 2150 2152
f 2338 2152 2339
f 2339 2152 2154
f 2339 2154 2340
f 2340 2154 2156
f 2340 2156 2341
f 2341 2156 2158
f 2341 2158 2342
f 2358 2189 2191
f 2342 2160 2343
f 2343 2160 2162
f 2343 2162 2344
f 2344 2162 2164
f 2328 2132 2329
f 2329 2132 2134
f 2329 2134 2330
f 2330 2134 2136
f 2330 2136 2331
f 2331 2136 2138
f 2331 2138 2332
f 2332 2138 2140
f 2332 2140 2333
f 2333 2140 2142
f 2333 2142 2334
f 2350 2173 2175
f 2334 2142 2144
f 2334 2144 2335
f 2335 2144 2146
f 2335 2146 2336
f 2336 2146 2148
f 2321 2120 2324
f 2324 2120 2124
f 2324 2124 2325
f 2325 2124 2126
f 2325 2126 2326
f 2326 2126 2128
f 2326 2128 2327
f 2327 2128 2130
f 2327 2130 2328
f 2328 2130 2132
f 2342 2158 2160
f 2156 2155 2157
f 2156 2157 2158
f 2158 2157 2159
f 2158 2159 2160
f 2160 2159 2161
f 2128 2129 2130
f 2130 2129 2131
f 2130 2131 2132
f 2132 2131 2133
f 2132 2133 2134
f 2134 2133 2135
f 2134 2135 2136
f 2136 2135 2137
f 2136 2137 2138
f 2138 2137 2139
f 2138 2139 2140
f 2140 2139 2141
f 2140 2141 2142
f 2142 2141 2143
f 2142 2143 2144
f 2144 2143 2145
f 2119 2120 2121
f 2121 2120 2122
f 2121 2122 2123
f 2120 2119 2124
f 2124 2119 2125
f 2124 2125 2126
f 2126 2125 2127
f 2126 2127 2128
f 2128 2127 2129
f 2437 2623 2624
f 2437 2624 2436
f 2436 2624 2625
f 2436 2625 2435
f 2435 2625 2626
f 2435 2626 2434
f 2432 2629 2431
f 2431 2629 2630
f 2431 2630 2430
f 2430 2630 2631
f 2430 2631 2429
f 2429 2631 2632
f 2429 2632 2427
f 2448 2613 2447
f 2447 2613 2614
f 2447 2614 2446
f 2446 2614 2615
f 2446 2615 2445
f 2445 2615 2616
f 2445 2616 2444
f 2444 2616 2617
f 2444 2617 2443
f 2443 2617 2618
f 2443 2618 2442
f 2440 2621 2439
f 2439 2621 2622
f 2439 2622 2438
f 2438 2622 2623
f 2438 2623 2437
f 2456 2605 2455
f 2455 2605 2606
f 2455 2606 2454
f 2454 2606 2607
f 2454 2607 2453
f 2453 2607 2608
f 2453 2608 2452
f 2452 2608 2609
f 2452 2609 2451
f 2451 2609 2610
f 2451 2610 2450
f 2434 2626 2627
f 2434 2627 2433
f 2433 2627 2628
f 2433 2628 2432
f 2432 2628 2629
f 2464 2597 2463
f 2463 2597 2598
f 2463 2598 2462
f 2462 2598 2599
f 2462 2599 2461
f 2461 2599 2600
f 2461 2600 2460
f 2460 2600 2601
f 2460 2601 2459
f 2459 2601 2602
f 2459 2602 2458
f 2442 2618 2619
f 2442 2619 2441
f 2441 2619 2620
f 2441 2620 2440
f 2440 2620 2621
f 2472 2589 2471
f 2471 2589 2590
f 2471 2590 2470
f 2470 2590 2591
f 2470 2591 2469
f 2469 2591 2592
f 2469 2592 2468
f 2468 2592 2593
f 2468 2593 2467
f 2467 2593 2594
f 2467 2594 2466
f 2450 2610 2611
f 2450 2611 2449
f 2449 2611 2612
f 2449 2612 2448
f 2448 2612 2613
f 2480 2581 2479
f 2479 2581 2582
f 2479 2582 2478
f 2478 2582 2583
f 2478 2583 2477
f 2477 2583 2584
f 2477 2584 2476
f 2476 2584 2585
f 2476 2585 2475
f 2475 2585 2586
f 2475 2586 2474
f 2458 2602 2603
f 2458 2603 2457
f 2457 2603 2604
f 2457 2604 2456
f 2456 2604 2605
f 2488 2573 2487
f 2487 2573 2574
f 2487 2574 2486
f 2486 2574 2575
f 2486 2575 2485
f 2485 2575 2576
f 2485 2576 2484
f 2484 2576 2577
f 2484 2577 2483
f 2483 2577 2578
f 2483 2578 2482
f 2466 2594 2595
f 2466 2595 2465
f 2465 2595 2596
f 2465 2596 2464
f 2464 2596 2597
f 2496 2565 2495
f 2495 2565 2566
f 2495 2566 2494
f 2494 2566 2567
f 2494 2567 2493
f 2493 2567 2568
f 2493 2568 2492
f 2492 2568 2569
f 2492 2569 2491
f 2491 2569 2570
f 2491 2570 2490
f 2474 2586 2587
f 2474 2587 2473
f 2473 2587 2588
f 2473 2588 2472
f 2472 2588 2589
f 2504 2557 2503
f 2503 2557 2558
f 2503 2558 2502
f 2502 2558 2559
f 2502 2559 2501
f 2501 2559 2560
f 2501 2560 2500
f 2500 2560 2561
f 2500 2561 2499
f 2499 2561 2562
f 2499 2562 2498
f 2482 2578 2579
f 2482 2579 2481
f 2481 2579 2580
f 2481 2580 2480
f 2480 2580 2581
f 2512 2549 2511
f 2511 2549 2550
f 2511 2550 2510
f 2510 2550 2551
f 2510 2551 2509
f 2509 2551 2552
f 2509 2552 2508
f 2508 2552 2553
f 2508 2553 2507
f 2507 2553 2554
f 2507 2554 2506
f 2490 2570 2571
f 2490 2571 2489
f 2489 2571 2572
f 2489 2572 2488
f 2488 2572 2573
f 2520 2541 2519
f 2519 2541 2542
f 2519 2542 2518
f 2518 2542 2543
f 2518 2543 2517
f 2517 2543 2544
f 2517 2544 2516
f 2516 2544 2545
f 2516 2545 2515
f 2515 2545 2546
f 2515 2546 2514
f 2498 2562 2563
f 2498 2563 2497
f 2497 2563 2564
f 2497 2564 2496
f 2496 2564 2565
f 2530 2426 2425
f 2530 2425 2529
f 2529 2425 2532
f 2529 2532 2528
f 2528 2532 2533
f 2522 2538 2539
f 2522 2539 2521
f 2521 2539 2540
f 2521 2540 2520
f 2520 2540 2541
f 2427 2426 2428
f 2427 2428 2429
f 2531 2428 2426
f 2531 2426 2530
f 2514 2546 2547
f 2514 2547 2513
f 2513 2547 2548
f 2513 2548 2512
f 2512 2548 2549
f 2528 2533 2527
f 2527 2533 2534
f 2527 2534 2526
f 2526 2534 2535
f 2526 2535 2525
f 2525 2535 2536
f 2525 2536 2524
f 2524 2536 2537
f 2524 2537 2523
f 2523 2537 2538
f 2523 2538 2522
f 2506 2554 2555
f 2506 2555 2505
f 2505 2555 2556
f 2505 2556 2504
f 2504 2556 2557
f 2642 2643 2644
f 2642 2641 2643
f 2640 2641 2642
f 2640 2639 2641
f 2638 2639 2640
f 2828 2829 2830
f 2828 2827 2829
f 2826 2827 2828
f 2826 2825 2827
f 2824 2825 2826
f 2824 2823 2825
f 2822 2823 2824
f 2822 2821 2823
f 2820 2821 2822
f 2820 2819 2821
f 2838 2839 2840
f 2812 2813 2814
f 2812 2811 2813
f 2810 2811 2812
f 2810 2809 2811
f 2808 2809 2810
f 2808 2807 2809
f 2806 2807 2808
f 2806 2805 2807
f 2804 2805 2806
f 2804 2803 2805
f 2834 2835 2836
f 2834 2833 2835
f 2832 2833 2834
f 2832 2831 2833
f 2830 2831 2832
f 2830 2829 2831
f 2840 2633 2838
f 2840 2635 2633
f 2638 2637 2639
f 2636 2637 2638
f 2636 2635 2637
f 2634 2635 2636
f 2634 2633 2635
f 2658 2659 2660
f 2658 2657 2659
f 2656 2657 2658
f 2656 2655 2657
f 2654 2655 2656
f 2654 2653 2655
f 2652 2653 2654
f 2652 2651 2653
f 2650 2651 2652
f 2650 2649 2651
f 2648 2649 2650
f 2648 2647 2649
f 2646 2647 2648
f 2646 2645 2647
f 2644 2645 2646
f 2644 2643 2645
f 2674 2675 2676
f 2674 2673 2675
f 2672 2673 2674
f 2672 2671 2673
f 2670 2671 2672
f 2670 2669 2671
f 2668 2669 2670
f 2668 2667 2669
f 2666 2667 2668
f 2666 2665 2667
f 2664 2665 2666
f 2664 2663 2665
f 2662 2663 2664
f 2662 2661 2663
f 2660 2661 2662
f 2660 2659 2661
f 2690 2691 2692
f 2690 2689 2691
f 2688 2689 2690
f 2688 2687 2689
f 2686 2687 2688
f 2686 2685 2687
f 2684 2685 2686
f 2684 2683 2685
f 2682 2683 2684
f 2682 2681 2683
f 2680 2681 2682
f 2680 2679 2681
f 2678 2679 2680
f 2678 2677 2679
f 2676 2677 2678
f 2676 2675 2677
f 2706 2707 2708
f 2706 2705 2707
f 2704 2705 2706
f 2704 2703 2705
f 2702 2703 2704
f 2702 2701 2703
f 2700 2701 2702
f 2700 2699 2701
f 2698 2699 2700
f 2698 2697 2699
f 2696 2697 2698
f 2696 2695 2697
f 2694 2695 2696
f 2694 2693 2695
f 2692 2693 2694
f 2692 2691 2693
f 2722 2723 2724
f 2722 2721 2723
f 2720 2721 2722
f 2720 2719 2721
f 2718 2719 2720
f 2718 2717 2719
f 2716 2717 2718
f 2716 2715 2717
f 2714 2715 2716
f 2714 2713 2715
f 2712 2713 2714
f 2712 2711 2713
f 2710 2711 2712
f 2710 2709 2711
f 2708 2709 2710
f 2708 2707 2709
f 2738 2739 2740
f 2738 2737 2739
f 2736 2737 2738
f 2736 2735 2737
f 2734 2735 2736
f 2734 2733 2735
f 2732 2733 2734
f 2732 2731 2733
f 2730 2731 2732
f 2730 2729 2731
f 2728 2729 2730
f 2728 2727 2729
f 2726 2727 2728
f 2726 2725 2727
f 2724 2725 2726
f 2724 2723 2725
f 2754 2755 2756
f 2754 2753 2755
f 2752 2753 2754
f 2752 2751 2753
f 2750 2751 2752
f 2750 2749 2751
f 2748 2749 2750
f 2748 2747 2749
f 2746 2747 2748
f 2746 2745 2747
f 2744 2745 2746
f 2744 2743 2745
f 2742 2743 2744
f 2742 2741 2743
f 2740 2741 2742
f 2740 2739 2741
f 2770 2771 2772
f 2770 2769 2771
f 2768 2769 2770
f 2768 2767 2769
f 2766 2767 2768
f 2766 2765 2767
f 2764 2765 2766
f 2764 2763 2765
f 2762 2763 2764
f 2762 2761 2763
f 2760 2761 2762
f 2760 2759 2761
f 2758 2759 2760
f 2758 2757 2759
f 2756 2757 2758
f 2756 2755 2757
f 2786 2787 2788
f 2786 2785 2787
f 2784 2785 2786
f 2784 2783 2785
f 2782 2783 2784
f 2782 2781 2783
f 2780 2781 2782
f 2780 2779 2781
f 2778 2779 2780
f 2778 2777 2779
f 2776 2777 2778
f 2776 2775 2777
f 2774 2775 2776
f 2774 2773 2775
f 2772 2773 2774
f 2772 2771 2773
f 2802 2803 2804
f 2802 2801 2803
f 2800 2801 2802
f 2800 2799 2801
f 2798 2799 2800
f 2798 2797 2799
f 2838 2837 2839
f 2836 2837 2838
f 2836 2835 2837
f 2796 2797 2798
f 2796 2795 2797
f 2794 2795 2796
f 2794 2793 2795
f 2792 2793 2794
f 2792 2791 2793
f 2790 2791 2792
f 2790 2789 2791
f 2788 2789 2790
f 2788 2787 2789
f 2818 2819 2820
f 2818 2817 2819
f 2816 2817 2818
f 2816 2815 2817
f 2814 2815 2816
f 2814 2813 2815
f 2849 2955 2956
f 2849 2956 2850
f 2850 2956 2957
f 2944 2943 2945
f 2944 2945 2946
f 3187 3120 3188
f 2946 2842 2841
f 2946 2841 2944
f 3120 3119 3188
f 3188 3119 3189
f 3123 3122 3185
f 3185 3122 3186
f 3119 3118 3189
f 3189 3118 3190
f 2844 2951 2845
f 2845 2951 2952
f 2857 2963 2964
f 2857 2964 2858
f 2858 2964 2965
f 2842 2949 2843
f 2843 2949 2950
f 2843 2950 2844
f 2844 2950 2951
f 2860 2967 2861
f 2861 2967 2968
f 2861 2968 2862
f 2862 2968 2969
f 2862 2969 2863
f 2847 2953 2954
f 2847 2954 2848
f 2848 2954 2955
f 2848 2955 2849
f 2865 2971 2972
f 2865 2972 2866
f 2866 2972 2973
f 2850 2957 2851
f 2851 2957 2958
f 2851 2958 2852
f 2852 2958 2959
f 2868 2975 2869
f 2869 2975 2976
f 2869 2976 2870
f 2870 2976 2977
f 2870 2977 2871
f 2855 2961 2962
f 2855 2962 2856
f 2856 2962 2963
f 2856 2963 2857
f 2873 2979 2980
f 2873 2980 2874
f 2874 2980 2981
f 2858 2965 2859
f 2859 2965 2966
f 2859 2966 2860
f 2860 2966 2967
f 2876 2983 2877
f 2877 2983 2984
f 2877 2984 2878
f 2878 2984 2985
f 2878 2985 2879
f 2863 2969 2970
f 2863 2970 2864
f 2864 2970 2971
f 2864 2971 2865
f 2881 2987 2988
f 2881 2988 2882
f 2882 2988 2989
f 2866 2973 2867
f 2867 2973 2974
f 2867 2974 2868
f 2868 2974 2975
f 2884 2991 2885
f 2885 2991 2992
f 2885 2992 2886
f 2886 2992 2993
f 2886 2993 2887
f 2871 2977 2978
f 2871 2978 2872
f 2872 2978 2979
f 2872 2979 2873
f 2889 2995 2996
f 2889 2996 2890
f 2890 2996 2997
f 2874 2981 2875
f 2875 2981 2982
f 2875 2982 2876
f 2876 2982 2983
f 2892 2999 2893
f 2893 2999 3000
f 2893 3000 2894
f 2894 3000 3001
f 2894 3001 2895
f 2879 2985 2986
f 2879 2986 2880
f 2880 2986 2987
f 2880 2987 2881
f 2897 3003 3004
f 2897 3004 2898
f 2898 3004 3005
f 2882 2989 2883
f 2883 2989 2990
f 2883 2990 2884
f 2884 2990 2991
f 2900 3007 2901
f 2901 3007 3008
f 2901 3008 2902
f 2902 3008 3009
f 2902 3009 2903
f 2887 2993 2994
f 2887 2994 2888
f 2888 2994 2995
f 2888 2995 2889
f 2905 3011 3012
f 2905 3012 2906
f 2906 3012 3013
f 2890 2997 2891
f 2891 2997 2998
f 2891 2998 2892
f 2892 2998 2999
f 2908 3015 2909
f 2909 3015 3016
f 2909 3016 2910
f 2910 3016 3017
f 2910 3017 2911
f 2895 3001 3002
f 2895 3002 2896
f 2896 3002 3003
f 2896 3003 2897
f 2913 3019 3020
f 2913 3020 2914
f 2914 3020 3021
f 2898 3005 2899
f 2899 3005 3006
f 2899 3006 2900
f 2900 3006 3007
f 2916 3023 2917
f 2917 3023 3024
f 2917 3024 2918
f 2918 3024 3025
f 2918 3025 2919
f 2903 3009 3010
f 2903 3010 2904
f 2904 3010 3011
f 2904 3011 2905
f 2921 3027 3028
f 2921 3028 2922
f 2922 3028 3029
f 2906 3013 2907
f 2907 3013 3014
f 2907 3014 2908
f 2908 3014 3015
f 2924 3031 2925
f 2925 3031 3032
f 2925 3032 2926
f 2926 3032 3033
f 2926 3033 2927
f 2911 3017 3018
f 2911 3018 2912
f 2912 3018 3019
f 2912 3019 2913
f 2929 3035 3036
f 2929 3036 2930
f 2930 3036 3037
f 2914 3021 2915
f 2915 3021 3022
f 2915 3022 2916
f 2916 3022 3023
f 2932 3039 2933
f 2933 3039 3040
f 2933 3040 2934
f 2934 3040 3041
f 2934 3041 2935
f 2919 3025 3026
f 2919 3026 2920
f 2920 3026 3027
f 2920 3027 2921
f 2937 3043 3044
f 2937 3044 2938
f 2938 3044 3045
f 2922 3029 2923
f 2923 3029 3030
f 2923 3030 2924
f 2924 3030 3031
f 2940 3047 2941
f 2941 3047 3048
f 2941 3048 2942
f 2942 3048 2947
f 2942 2947 2943
f 2927 3033 3034
f 2927 3034 2928
f 2928 3034 3035
f 2928 3035 2929
f 2945 3051 2946
f 2946 3051 3052
f 2946 3052 2949
f 2930 3037 2931
f 2931 3037 3038
f 2931 3038 2932
f 2932 3038 3039
f 2951 3054 3055
f 2951 3055 2952
f 2952 3055 3056
f 2952 3056 2953
f 2953 3056 3057
f 2935 3041 3042
f 2935 3042 2936
f 2936 3042 3043
f 2936 3043 2937
f 2955 3059 2956
f 2956 3059 3060
f 2956 3060 2957
f 2938 3045 2939
f 2939 3045 3046
f 2939 3046 2940
f 2940 3046 3047
f 2959 3062 3063
f 2959 3063 2960
f 2960 3063 3064
f 2960 3064 2961
f 2961 3064 3065
f 2947 3049 2948
f 2948 3049 3050
f 2948 3050 2945
f 2945 3050 3051
f 2963 3067 2964
f 2964 3067 3068
f 2964 3068 2965
f 2949 3052 3053
f 2949 3053 2950
f 2950 3053 3054
f 2950 3054 2951
f 2967 3070 3071
f 2967 3071 2968
f 2968 3071 3072
f 2968 3072 2969
f 2969 3072 3073
f 2953 3057 2954
f 2954 3057 3058
f 2954 3058 2955
f 2955 3058 3059
f 2971 3075 2972
f 2972 3075 3076
f 2972 3076 2973
f 2957 3060 3061
f 2957 3061 2958
f 2958 3061 3062
f 2958 3062 2959
f 2975 3078 3079
f 2975 3079 2976
f 2976 3079 3080
f 2976 3080 2977
f 2977 3080 3081
f 2961 3065 2962
f 2962 3065 3066
f 2962 3066 2963
f 2963 3066 3067
f 2979 3083 2980
f 2980 3083 3084
f 2980 3084 2981
f 2965 3068 3069
f 2965 3069 2966
f 2966 3069 3070
f 2966 3070 2967
f 2983 3086 3087
f 2983 3087 2984
f 2984 3087 3088
f 2984 3088 2985
f 2985 3088 3089
f 2969 3073 2970
f 2970 3073 3074
f 2970 3074 2971
f 2971 3074 3075
f 2987 3091 2988
f 2988 3091 3092
f 2988 3092 2989
f 2973 3076 3077
f 2973 3077 2974
f 2974 3077 3078
f 2974 3078 2975
f 2991 3094 3095
f 2991 3095 2992
f 2992 3095 3096
f 2992 3096 2993
f 2993 3096 3097
f 2977 3081 2978
f 2978 3081 3082
f 2978 3082 2979
f 2979 3082 3083
f 2995 3099 2996
f 2996 3099 3100
f 2996 3100 2997
f 2981 3084 3085
f 2981 3085 2982
f 2982 3085 3086
f 2982 3086 2983
f 2999 3102 3103
f 2999 3103 3000
f 3000 3103 3104
f 3000 3104 3001
f 3001 3104 3105
f 2985 3089 2986
f 2986 3089 3090
f 2986 3090 2987
f 2987 3090 3091
f 3003 3107 3004
f 3004 3107 3108
f 3004 3108 3005
f 2989 3092 3093
f 2989 3093 2990
f 2990 3093 3094
f 2990 3094 2991
f 3007 3110 3111
f 3007 3111 3008
f 3008 3111 3112
f 3008 3112 3009
f 3009 3112 3113
f 2993 3097 2994
f 2994 3097 3098
f 2994 3098 2995
f 2995 3098 3099
f 3011 3115 3012
f 3012 3115 3116
f 3012 3116 3013
f 2997 3100 3101
f 2997 3101 2998
f 2998 3101 3102
f 2998 3102 2999
f 3015 3118 3119
f 3015 3119 3016
f 3016 3119 3120
f 3016 3120 3017
f 3017 3120 3121
f 3001 3105 3002
f 3002 3105 3106
f 3002 3106 3003
f 3003 3106 3107
f 3019 3123 3020
f 3020 3123 3124
f 3020 3124 3021
f 3005 3108 3109
f 3005 3109 3006
f 3006 3109 3110
f 3006 3110 3007
f 3023 3126 3127
f 3023 3127 3024
f 3024 3127 3128
f 3024 3128 3025
f 3025 3128 3129
f 3009 3113 3010
f 3010 3113 3114
f 3010 3114 3011
f 3011 3114 3115
f 3027 3131 3028
f 3028 3131 3132
f 3028 3132 3029
f 3013 3116 3117
f 3013 3117 3014
f 3014 3117 3118
f 3014 3118 3015
f 3031 3134 3135
f 3031 3135 3032
f 3032 3135 3136
f 3032 3136 3033
f 3033 3136 3137
f 3017 3121 3018
f 3018 3121 3122
f 3018 3122 3019
f 3019 3122 3123
f 3035 3139 3036
f 3036 3139 3140
f 3036 3140 3037
f 3021 3124 3125
f 3021 3125 3022
f 3022 3125 3126
f 3022 3126 3023
f 3039 3142 3143
f 3039 3143 3040
f 3040 3143 3144
f 3040 3144 3041
f 3041 3144 3145
f 3025 3129 3026
f 3026 3129 3130
f 3026 3130 3027
f 3027 3130 3131
f 3043 3147 3044
f 3044 3147 3148
f 3044 3148 3045
f 3029 3132 3133
f 3029 3133 3030
f 3030 3133 3134
f 3030 3134 3031
f 3047 3150 3151
f 3047 3151 3048
f 3048 3151 3152
f 3048 3152 2947
f 2947 3152 3049
f 3033 3137 3034
f 3034 3137 3138
f 3034 3138 3035
f 3035 3138 3139
f 3154 3152 3155
f 3155 3152 3156
f 2845 2952 2846
f 3037 3140 3141
f 3037 3141 3038
f 3038 3141 3142
f 3038 3142 3039
f 3052 3051 3256
f 3256 3051 3153
f 2846 2952 2953
f 2846 2953 2847
f 2852 2959 2853
f 3041 3145 3042
f 3042 3145 3146
f 3042 3146 3043
f 3043 3146 3147
f 3226 3081 3227
f 3054 3053 3254
f 3045 3148 3149
f 3045 3149 3046
f 3046 3149 3150
f 3046 3150 3047
f 3058 3057 3250
f 3250 3057 3251
f 3057 3056 3251
f 3051 3050 3153
f 3153 3050 3049
f 3153 3049 3154
f 3154 3049 3152
f 3252 3055 3253
f 3247 3060 3248
f 3255 3052 3256
f 3059 3058 3249
f 3249 3058 3250
f 3055 3054 3253
f 3253 3054 3254
f 3062 3061 3246
f 3254 3053 3255
f 3053 3052 3255
f 3066 3065 3242
f 3242 3065 3243
f 3065 3064 3243
f 3251 3056 3252
f 3056 3055 3252
f 3244 3063 3245
f 3239 3068 3240
f 3060 3059 3248
f 3248 3059 3249
f 3067 3066 3241
f 3241 3066 3242
f 3063 3062 3245
f 3245 3062 3246
f 3070 3069 3238
f 3246 3061 3247
f 3061 3060 3247
f 3074 3073 3234
f 3234 3073 3235
f 3073 3072 3235
f 3243 3064 3244
f 3064 3063 3244
f 3236 3071 3237
f 3231 3076 3232
f 3068 3067 3240
f 3240 3067 3241
f 3075 3074 3233
f 3233 3074 3234
f 3071 3070 3237
f 3237 3070 3238
f 3078 3077 3230
f 3238 3069 3239
f 3069 3068 3239
f 3082 3081 3226
f 3081 3080 3227
f 3235 3072 3236
f 3072 3071 3236
f 3228 3079 3229
f 3223 3084 3224
f 3076 3075 3232
f 3232 3075 3233
f 3083 3082 3225
f 3225 3082 3226
f 3079 3078 3229
f 3229 3078 3230
f 3086 3085 3222
f 3230 3077 3231
f 3077 3076 3231
f 3090 3089 3218
f 3218 3089 3219
f 3089 3088 3219
f 3227 3080 3228
f 3080 3079 3228
f 3220 3087 3221
f 3215 3092 3216
f 3084 3083 3224
f 3224 3083 3225
f 3091 3090 3217
f 3217 3090 3218
f 3087 3086 3221
f 3221 3086 3222
f 3094 3093 3214
f 3222 3085 3223
f 3085 3084 3223
f 3098 3097 3210
f 3210 3097 3211
f 3097 3096 3211
f 3219 3088 3220
f 3088 3087 3220
f 3212 3095 3213
f 3207 3100 3208
f 3092 3091 3216
f 3216 3091 3217
f 3099 3098 3209
f 3209 3098 3210
f 3095 3094 3213
f 3213 3094 3214
f 3156 3151 3157
f 3214 3093 3215
f 3093 3092 3215
f 3102 3101 3206
f 3206 3101 3207
f 3101 3100 3207
f 3211 3096 3212
f 3096 3095 3212
f 3150 3149 3158
f 3158 3149 3159
f 3100 3099 3208
f 3208 3099 3209
f 3148 3147 3160
f 3160 3147 3161
f 3152 3151 3156
f 3106 3105 3202
f 3202 3105 3203
f 3103 3102 3205
f 3205 3102 3206
f 3104 3103 3204
f 3204 3103 3205
f 3151 3150 3157
f 3157 3150 3158
f 3145 3144 3163
f 3163 3144 3164
f 3149 3148 3159
f 3159 3148 3160
f 3143 3142 3165
f 3165 3142 3166
f 3147 3146 3161
f 3161 3146 3162
f 3141 3140 3167
f 3199 3108 3200
f 3105 3104 3203
f 3203 3104 3204
f 3107 3106 3201
f 3201 3106 3202
f 3146 3145 3162
f 3162 3145 3163
f 3168 3139 3169
f 3144 3143 3164
f 3164 3143 3165
f 3138 3137 3170
f 3170 3137 3171
f 3137 3136 3171
f 3142 3141 3166
f 3166 3141 3167
f 3172 3135 3173
f 3108 3107 3200
f 3200 3107 3201
f 3110 3109 3198
f 3198 3109 3199
f 3109 3108 3199
f 3167 3140 3168
f 3140 3139 3168
f 3134 3133 3174
f 3174 3133 3175
f 3139 3138 3169
f 3169 3138 3170
f 2853 2959 2960
f 3132 3131 3176
f 3176 3131 3177
f 3171 3136 3172
f 3136 3135 3172
f 3114 3113 3194
f 3194 3113 3195
f 3111 3110 3197
f 3197 3110 3198
f 3112 3111 3196
f 3196 3111 3197
f 3135 3134 3173
f 3173 3134 3174
f 3129 3128 3179
f 3179 3128 3180
f 3133 3132 3175
f 3175 3132 3176
f 3127 3126 3181
f 3181 3126 3182
f 3131 3130 3177
f 3177 3130 3178
f 3125 3124 3183
f 3191 3116 3192
f 3113 3112 3195
f 3195 3112 3196
f 3115 3114 3193
f 3193 3114 3194
f 3130 3129 3178
f 3178 3129 3179
f 3184 3123 3185
f 3128 3127 3180
f 3180 3127 3181
f 3122 3121 3186
f 3186 3121 3187
f 3121 3120 3187
f 3126 3125 3182
f 3182 3125 3183
f 2853 2960 2854
f 2854 2960 2961
f 2854 2961 2855
f 3116 3115 3192
f 3192 3115 3193
f 3118 3117 3190
f 3190 3117 3191
f 3117 3116 3191
f 3183 3124 3184
f 3124 3123 3184
f 2947 2948 2943
f 2943 2948 2945
f 2949 2842 2946
f 3325 3327 3326
f 3326 3327 3328
f 3327 3329 3328
f 3328 3329 3330
f 3329 3331 3330
f 3330 3331 3332
f 3259 3260 3261
f 3463 3257 3464
f 3464 3257 3258
f 3464 3258 3263
f 3433 3435 3434
f 3271 3273 3272
f 3370 3371 3372
f 3264 3263 3259
f 3264 3259 3261
f 3407 3409 3408
f 3274 3275 3276
f 3450 3451 3452
f 3413 3415 3414
f 3414 3415 3416
f 3440 3441 3442
f 3361 3363 3362
f 3362 3363 3364
f 3357 3359 3358
f 3358 3359 3360
f 3451 3453 3452
f 3399 3401 3400
f 3359 3361 3360
f 3262 3265 3266
f 3400 3401 3402
f 3461 3463 3462
f 3265 3267 3266
f 3425 3427 3426
f 3401 3403 3402
f 3277 3279 3278
f 3267 3269 3268
f 3268 3269 3270
f 3418 3419 3420
f 3408 3409 3410
f 3280 3281 3282
f 3426 3427 3428
f 3459 3461 3460
f 3281 3283 3282
f 3282 3283 3284
f 3272 3273 3274
f 3393 3395 3394
f 3394 3395 3396
f 3273 3275 3274
f 3460 3461 3462
f 3443 3445 3444
f 3349 3351 3350
f 3355 3357 3356
f 3356 3357 3358
f 3411 3413 3412
f 3412 3413 3414
f 3352 3353 3354
f 3444 3445 3446
f 3462 3463 3464
f 3353 3355 3354
f 3354 3355 3356
f 3447 3449 3448
f 3387 3389 3388
f 3275 3277 3276
f 3276 3277 3278
f 3388 3389 3390
f 3287 3289 3288
f 3288 3289 3290
f 3278 3279 3280
f 3448 3449 3450
f 3419 3421 3420
f 3279 3281 3280
f 3405 3407 3406
f 3406 3407 3408
f 3291 3293 3292
f 3292 3293 3294
f 3420 3421 3422
f 3435 3437 3436
f 3391 3393 3392
f 3283 3285 3284
f 3284 3285 3286
f 3436 3437 3438
f 3295 3297 3296
f 3344 3345 3346
f 3350 3351 3352
f 3397 3399 3398
f 3398 3399 3400
f 3351 3353 3352
f 3437 3439 3438
f 3438 3439 3440
f 3347 3349 3348
f 3348 3349 3350
f 3383 3385 3384
f 3384 3385 3386
f 3285 3287 3286
f 3286 3287 3288
f 3452 3453 3454
f 3298 3299 3300
f 3455 3457 3456
f 3385 3387 3386
f 3402 3403 3404
f 3392 3393 3394
f 3289 3291 3290
f 3290 3291 3292
f 3423 3425 3424
f 3302 3303 3304
f 3453 3455 3454
f 3377 3379 3378
f 3303 3305 3304
f 3378 3379 3380
f 3293 3295 3294
f 3294 3295 3296
f 3429 3431 3430
f 3306 3307 3308
f 3430 3431 3432
f 3395 3397 3396
f 3396 3397 3398
f 3454 3455 3456
f 3345 3347 3346
f 3346 3347 3348
f 3341 3343 3342
f 3342 3343 3344
f 3449 3451 3450
f 3415 3417 3416
f 3343 3345 3344
f 3296 3297 3298
f 3371 3373 3372
f 3372 3373 3374
f 3297 3299 3298
f 3416 3417 3418
f 3263 3258 3259
f 3309 3311 3310
f 3299 3301 3300
f 3300 3301 3302
f 3389 3391 3390
f 3390 3391 3392
f 3312 3313 3314
f 3439 3441 3440
f 3417 3419 3418
f 3313 3315 3314
f 3314 3315 3316
f 3304 3305 3306
f 3375 3377 3376
f 3434 3435 3436
f 3305 3307 3306
f 3381 3383 3382
f 3382 3383 3384
f 3333 3335 3334
f 3339 3341 3340
f 3340 3341 3342
f 3424 3425 3426
f 3456 3457 3458
f 3336 3337 3338
f 3367 3369 3368
f 3368 3369 3370
f 3337 3339 3338
f 3338 3339 3340
f 3445 3447 3446
f 3409 3411 3410
f 3307 3309 3308
f 3308 3309 3310
f 3369 3371 3370
f 3319 3321 3320
f 3320 3321 3322
f 3310 3311 3312
f 3386 3387 3388
f 3376 3377 3378
f 3311 3313 3312
f 3410 3411 3412
f 3446 3447 3448
f 3323 3325 3324
f 3324 3325 3326
f 3458 3459 3460
f 3260 3265 3262
f 3360 3361 3362
f 3315 3317 3316
f 3316 3317 3318
f 3427 3429 3428
f 3379 3381 3380
f 3380 3381 3382
f 3334 3335 3336
f 3428 3429 3430
f 3261 3260 3262
f 3335 3337 3336
f 3431 3433 3432
f 3363 3365 3364
f 3331 3333 3332
f 3332 3333 3334
f 3364 3365 3366
f 3457 3459 3458
f 3317 3319 3318
f 3318 3319 3320
f 3403 3405 3404
f 3373 3375 3374
f 3374 3375 3376
f 3404 3405 3406
f 3266 3267 3268
f 3432 3433 3434
f 3441 3443 3442
f 3365 3367 3366
f 3321 3323 3322
f 3322 3323 3324
f 3366 3367 3368
f 3421 3423 3422
f 3422 3423 3424
f 3269 3271 3270
f 3270 3271 3272
f 3442 3443 3444
f 3301 3303 3302
f 3502 3605 3503
f 3604 3605 3502
f 3501 3604 3502
f 3603 3604 3501
f 3500 3603 3501
f 3591 3592 3489
f 3488 3591 3489
f 3590 3591 3488
f 3487 3590 3488
f 3584 3585 3482
f 3481 3584 3482
f 3583 3584 3481
f 3480 3583 3481
f 3582 3583 3480
f 3479 3582 3480
f 3581 3582 3479
f 3615 3616 3513
f 3512 3615 3513
f 3614 3615 3512
f 3511 3614 3512
f 3613 3614 3511
f 3478 3581 3479
f 3580 3581 3478
f 3477 3580 3478
f 3579 3580 3477
f 3476 3579 3477
f 3578 3579 3476
f 3475 3578 3476
f 3577 3578 3475
f 3474 3577 3475
f 3576 3577 3474
f 3473 3576 3474
f 3515 3618 3516
f 3617 3618 3515
f 3514 3617 3515
f 3616 3617 3514
f 3513 3616 3514
f 3575 3576 3473
f 3472 3575 3473
f 3574 3575 3472
f 3471 3574 3472
f 3573 3574 3471
f 3470 3573 3471
f 3572 3573 3470
f 3469 3572 3470
f 3571 3572 3469
f 3468 3571 3469
f 3466 3571 3468
f 3518 3621 3519
f 3620 3621 3518
f 3517 3620 3518
f 3619 3620 3517
f 3516 3619 3517
f 3618 3619 3516
f 3568 3569 3570
f 3568 3567 3569
f 3602 3603 3500
f 3499 3602 3500
f 3601 3602 3499
f 3498 3601 3499
f 3492 3595 3493
f 3594 3595 3492
f 3491 3594 3492
f 3593 3594 3491
f 3490 3593 3491
f 3592 3593 3490
f 3489 3592 3490
f 3507 3610 3508
f 3609 3610 3507
f 3506 3609 3507
f 3608 3609 3506
f 3505 3608 3506
f 3623 3624 3521
f 3520 3623 3521
f 3622 3623 3520
f 3519 3622 3520
f 3621 3622 3519
f 3523 3626 3524
f 3625 3626 3523
f 3522 3625 3523
f 3624 3625 3522
f 3521 3624 3522
f 3600 3601 3498
f 3570 3672 3568
f 3671 3672 3570
f 3467 3466 3468
f 3465 3671 3570
f 3467 3671 3465
f 3567 3670 3569
f 3669 3670 3567
f 3526 3629 3527
f 3628 3629 3526
f 3525 3628 3526
f 3627 3628 3525
f 3524 3627 3525
f 3626 3627 3524
f 3566 3669 3567
f 3668 3669 3566
f 3565 3668 3566
f 3667 3668 3565
f 3564 3667 3565
f 3666 3667 3564
f 3664 3665 3562
f 3561 3664 3562
f 3663 3664 3561
f 3560 3663 3561
f 3662 3663 3560
f 3559 3662 3560
f 3661 3662 3559
f 3563 3666 3564
f 3665 3666 3563
f 3562 3665 3563
f 3631 3632 3529
f 3528 3631 3529
f 3630 3631 3528
f 3527 3630 3528
f 3629 3630 3527
f 3531 3634 3532
f 3633 3634 3531
f 3530 3633 3531
f 3558 3661 3559
f 3660 3661 3558
f 3557 3660 3558
f 3659 3660 3557
f 3556 3659 3557
f 3658 3659 3556
f 3632 3633 3530
f 3529 3632 3530
f 3656 3657 3554
f 3553 3656 3554
f 3655 3656 3553
f 3552 3655 3553
f 3654 3655 3552
f 3551 3654 3552
f 3653 3654 3551
f 3555 3658 3556
f 3657 3658 3555
f 3554 3657 3555
f 3534 3637 3535
f 3636 3637 3534
f 3533 3636 3534
f 3635 3636 3533
f 3532 3635 3533
f 3634 3635 3532
f 3550 3653 3551
f 3652 3653 3550
f 3549 3652 3550
f 3651 3652 3549
f 3548 3651 3549
f 3650 3651 3548
f 3648 3649 3546
f 3545 3648 3546
f 3647 3648 3545
f 3544 3647 3545
f 3646 3647 3544
f 3543 3646 3544
f 3645 3646 3543
f 3547 3650 3548
f 3649 3650 3547
f 3546 3649 3547
f 3639 3640 3537
f 3536 3639 3537
f 3638 3639 3536
f 3535 3638 3536
f 3637 3638 3535
f 3539 3642 3540
f 3641 3642 3539
f 3538 3641 3539
f 3542 3645 3543
f 3644 3645 3542
f 3541 3644 3542
f 3643 3644 3541
f 3540 3643 3541
f 3642 3643 3540
f 3640 3641 3538
f 3537 3640 3538
f 3589 3590 3487
f 3486 3589 3487
f 3588 3589 3486
f 3485 3588 3486
f 3587 3588 3485
f 3484 3587 3485
f 3586 3587 3484
f 3510 3613 3511
f 3612 3613 3510
f 3509 3612 3510
f 3611 3612 3509
f 3508 3611 3509
f 3610 3611 3508
f 3483 3586 3484
f 3585 3586 3483
f 3482 3585 3483
f 3497 3600 3498
f 3599 3600 3497
f 3496 3599 3497
f 3598 3599 3496
f 3495 3598 3496
f 3597 3598 3495
f 3607 3608 3505
f 3504 3607 3505
f 3606 3607 3504
f 3503 3606 3504
f 3605 3606 3503
f 3494 3597 3495
f 3596 3597 3494
f 3493 3596 3494
f 3595 3596 3493
f 3465 3466 3467
f 3786 3787 3788
f 3788 3787 3789
f 3788 3789 3790
f 3790 3789 3791
f 3790 3791 3792
f 3792 3791 3793
f 3792 3793 3794
f 3794 3793 3795
f 3794 3795 3796
f 3796 3795 3797
f 3796 3797 3798
f 3798 3797 3799
f 3798 3799 3800
f 3800 3799 3801
f 3776 3777 3778
f 3778 3777 3779
f 3778 3779 3780
f 3780 3779 3781
f 3780 3781 3782
f 3782 3781 3783
f 3782 3783 3784
f 3784 3783 3785
f 3784 3785 3786
f 3786 3785 3787
f 3800 3801 3802
f 3802 3801 3803
f 3802 3803 3804
f 3804 3803 3805
f 3804 3805 3806
f 3806 3805 3807
f 3806 3807 3808
f 3808 3807 3809
f 3768 3769 3770
f 3770 3769 3771
f 3770 3771 3772
f 3772 3771 3773
f 3772 3773 3774
f 3774 3773 3775
f 3774 3775 3776
f 3776 3775 3777
f 3754 3755 3756
f 3756 3755 3757
f 3756 3757 3758
f 3758 3757 3759
f 3758 3759 3760
f 3760 3759 3761
f 3760 3761 3762
f 3762 3761 3763
f 3762 3763 3764
f 3764 3763 3765
f 3764 3765 3766
f 3766 3765 3767
f 3766 3767 3768
f 3768 3767 3769
f 3744 3745 3746
f 3746 3745 3747
f 3746 3747 3748
f 3748 3747 3749
f 3748 3749 3750
f 3750 3749 3751
f 3750 3751 3752
f 3752 3751 3753
f 3752 3753 3754
f 3754 3753 3755
f 3808 3809 3810
f 3810 3809 3811
f 3810 3811 3812
f 3812 3811 3813
f 3812 3813 3814
f 3814 3813 3815
f 3814 3815 3816
f 3816 3815 3817
f 3816 3817 3818
f 3818 3817 3819
f 3736 3737 3738
f 3738 3737 3739
f 3738 3739 3740
f 3740 3739 3741
f 3740 3741 3742
f 3742 3741 3743
f 3742 3743 3744
f 3744 3743 3745
f 3722 3723 3724
f 3724 3723 3725
f 3724 3725 3726
f 3726 3725 3727
f 3726 3727 3728
f 3728 3727 3729
f 3728 3729 3730
f 3730 3729 3731
f 3730 3731 3732
f 3732 3731 3733
f 3732 3733 3734
f 3734 3733 3735
f 3734 3735 3736
f 3736 3735 3737
f 3818 3819 3820
f 3820 3819 3821
f 3820 3821 3822
f 3822 3821 3823
f 3822 3823 3824
f 3824 3823 3825
f 3824 3825 3826
f 3826 3825 3827
f 3826 3827 3828
f 3828 3827 3829
f 3828 3829 3830
f 3830 3829 3831
f 3830 3831 3832
f 3832 3831 3833
f 3712 3713 3714
f 3714 3713 3715
f 3714 3715 3716
f 3716 3715 3717
f 3716 3717 3718
f 3718 3717 3719
f 3718 3719 3720
f 3720 3719 3721
f 3720 3721 3722
f 3722 3721 3723
f 3832 3833 3834
f 3834 3833 3835
f 3834 3835 3836
f 3836 3835 3837
f 3836 3837 3838
f 3838 3837 3839
f 3838 3839 3840
f 3840 3839 3841
f 3704 3705 3706
f 3706 3705 3707
f 3706 3707 3708
f 3708 3707 3709
f 3708 3709 3710
f 3710 3709 3711
f 3710 3711 3712
f 3712 3711 3713
f 3690 3691 3692
f 3692 3691 3693
f 3692 3693 3694
f 3694 3693 3695
f 3694 3695 3696
f 3696 3695 3697
f 3696 3697 3698
f 3698 3697 3699
f 3698 3699 3700
f 3700 3699 3701
f 3700 3701 3702
f 3702 3701 3703
f 3702 3703 3704
f 3704 3703 3705
f 3680 3681 3682
f 3682 3681 3683
f 3682 3683 3684
f 3684 3683 3685
f 3684 3685 3686
f 3686 3685 3687
f 3686 3687 3688
f 3688 3687 3689
f 3688 3689 3690
f 3690 3689 3691
f 3840 3841 3842
f 3842 3841 3843
f 3842 3843 3844
f 3844 3843 3845
f 3844 3845 3846
f 3846 3845 3847
f 3846 3847 3848
f 3848 3847 3849
f 3848 3849 3850
f 3850 3849 3851
f 3884 3675 3676
f 3675 3875 3673
f 3673 3875 3876
f 3875 3877 3876
f 3673 3674 3675
f 3675 3674 3676
f 3676 3674 3677
f 3676 3677 3678
f 3678 3677 3679
f 3678 3679 3680
f 3680 3679 3681
f 3892 3690 3692
f 3876 3877 3878
f 3877 3879 3878
f 3878 3879 3874
f 3879 3872 3874
f 3870 3872 3880
f 3880 3872 3879
f 3880 3879 3881
f 3881 3879 3877
f 3881 3877 3882
f 3882 3877 3875
f 3882 3875 3883
f 3883 3875 3675
f 3883 3675 3884
f 3900 3706 3708
f 3884 3676 3885
f 3885 3676 3678
f 3885 3678 3886
f 3886 3678 3680
f 3886 3680 3887
f 3887 3680 3682
f 3887 3682 3888
f 3888 3682 3684
f 3888 3684 3889
f 3889 3684 3686
f 3889 3686 3890
f 3890 3686 3688
f 3890 3688 3891
f 3891 3688 3690
f 3891 3690 3892
f 3907 3724 3908
f 3892 3692 3893
f 3893 3692 3694
f 3893 3694 3894
f 3894 3694 3696
f 3894 3696 3895
f 3895 3696 3698
f 3895 3698 3896
f 3896 3698 3700
f 3896 3700 3897
f 3897 3700 3702
f 3897 3702 3898
f 3898 3702 3704
f 3898 3704 3899
f 3899 3704 3706
f 3899 3706 3900
f 3915 3740 3916
f 3900 3708 3901
f 3901 3708 3710
f 3901 3710 3902
f 3902 3710 3712
f 3902 3712 3903
f 3903 3712 3714
f 3903 3714 3904
f 3904 3714 3716
f 3904 3716 3905
f 3905 3716 3718
f 3905 3718 3720
f 3905 3720 3906
f 3906 3720 3722
f 3906 3722 3907
f 3907 3722 3724
f 3923 3756 3924
f 3908 3724 3726
f 3908 3726 3909
f 3909 3726 3728
f 3909 3728 3910
f 3910 3728 3730
f 3910 3730 3911
f 3911 3730 3732
f 3911 3732 3912
f 3912 3732 3734
f 3912 3734 3913
f 3913 3734 3736
f 3913 3736 3914
f 3914 3736 3738
f 3914 3738 3915
f 3915 3738 3740
f 3931 3772 3774
f 3916 3740 3742
f 3916 3742 3917
f 3917 3742 3744
f 3917 3744 3918
f 3918 3744 3746
f 3918 3746 3919
f 3919 3746 3748
f 3919 3748 3920
f 3920 3748 3750
f 3920 3750 3921
f 3921 3750 3752
f 3921 3752 3922
f 3922 3752 3754
f 3922 3754 3923
f 3923 3754 3756
f 3939 3788 3790
f 3924 3756 3758
f 3924 3758 3925
f 3925 3758 3760
f 3925 3760 3926
f 3926 3760 3762
f 3926 3762 3927
f 3927 3762 3764
f 3927 3764 3928
f 3928 3764 3766
f 3928 3766 3929
f 3929 3766 3768
f 3929 3768 3770
f 3929 3770 3930
f 3930 3770 3772
f 3930 3772 3931
f 3947 3804 3806
f 3931 3774 3932
f 3932 3774 3776
f 3932 3776 3933
f 3933 3776 3778
f 3933 3778 3934
f 3934 3778 3780
f 3934 3780 3935
f 3935 3780 3782
f 3935 3782 3936
f 3936 3782 3784
f 3936 3784 3937
f 3937 3784 3786
f 3937 3786 3938
f 3938 3786 3788
f 3938 3788 3939
f 3954 3822 3955
f 3939 3790 3940
f 3940 3790 3792
f 3940 3792 3941
f 3941 3792 3794
f 3941 3794 3942
f 3942 3794 3796
f 3942 3796 3943
f 3943 3796 3798
f 3943 3798 3944
f 3944 3798 3800
f 3944 3800 3945
f 3945 3800 3802
f 3945 3802 3946
f 3946 3802 3804
f 3946 3804 3947
f 3962 3838 3963
f 3947 3806 3948
f 3948 3806 3808
f 3948 3808 3949
f 3949 3808 3810
f 3949 3810 3950
f 3950 3810 3812
f 3950 3812 3951
f 3951 3812 3814
f 3951 3814 3952
f 3952 3814 3816
f 3952 3816 3953
f 3953 3816 3818
f 3953 3818 3954
f 3954 3818 3820
f 3954 3820 3822
f 3970 3854 3971
f 3955 3822 3824
f 3955 3824 3956
f 3956 3824 3826
f 3956 3826 3957
f 3957 3826 3828
f 3957 3828 3958
f 3958 3828 3830
f 3958 3830 3959
f 3959 3830 3832
f 3959 3832 3960
f 3960 3832 3834
f 3960 3834 3961
f 3961 3834 3836
f 3961 3836 3962
f 3962 3836 3838
f 3978 3870 3880
f 3963 3838 3840
f 3963 3840 3964
f 3964 3840 3842
f 3964 3842 3965
f 3965 3842 3844
f 3965 3844 3966
f 3966 3844 3846
f 3966 3846 3967
f 3967 3846 3848
f 3967 3848 3968
f 3968 3848 3850
f 3968 3850 3969
f 3969 3850 3852
f 3969 3852 3970
f 3970 3852 3854
f 3971 3854 3856
f 3971 3856 3972
f 3972 3856 3858
f 3972 3858 3973
f 3973 3858 3860
f 3973 3860 3974
f 3974 3860 3862
f 3974 3862 3975
f 3975 3862 3864
f 3975 3864 3976
f 3976 3864 3866
f 3976 3866 3977
f 3977 3866 3868
f 3977 3868 3978
f 3978 3868 3870
f 3850 3851 3852
f 3852 3851 3853
f 3852 3853 3854
f 3854 3853 3855
f 3854 3855 3856
f 3856 3855 3857
f 3856 3857 3858
f 3858 3857 3859
f 3858 3859 3860
f 3860 3859 3861
f 3860 3861 3862
f 3862 3861 3863
f 3862 3863 3864
f 3864 3863 3865
f 3864 3865 3866
f 3866 3865 3867
f 3866 3867 3868
f 3868 3867 3869
f 3868 3869 3870
f 3870 3869 3871
f 3870 3871 3872
f 3872 3871 3873
f 3872 3873 3874
f 3989 4087 4088
f 3989 4088 3990
f 3990 4088 4089
f 3990 4089 3991
f 3991 4089 4090
f 3991 4090 3992
f 3992 4090 4091
f 3992 4091 3993
f 3993 4091 4092
f 3993 4092 3994
f 3994 4092 4093
f 3994 4093 3995
f 4003 4101 4102
f 3987 4086 3988
f 3988 4086 4087
f 3988 4087 3989
f 4005 4103 4104
f 4005 4104 4006
f 4006 4104 4105
f 4006 4105 4007
f 4007 4105 4106
f 4007 4106 4008
f 4008 4106 4107
f 4008 4107 4009
f 4009 4107 4108
f 4009 4108 4010
f 4010 4108 4109
f 4010 4109 4011
f 4011 4109 4110
f 3995 4094 3996
f 3996 4094 4095
f 3996 4095 3997
f 4013 4111 4112
f 4013 4112 4014
f 4014 4112 4113
f 4014 4113 4015
f 4015 4113 4114
f 4015 4114 4016
f 4016 4114 4115
f 4016 4115 4017
f 4017 4115 4116
f 4017 4116 4018
f 4018 4116 4117
f 4018 4117 4019
f 4019 4117 4118
f 4003 4102 4004
f 4004 4102 4103
f 4004 4103 4005
f 4021 4119 4120
f 4021 4120 4022
f 4022 4120 4121
f 4022 4121 4023
f 4023 4121 4122
f 4023 4122 4024
f 4024 4122 4123
f 4024 4123 4025
f 4025 4123 4124
f 4025 4124 4026
f 4026 4124 4125
f 4026 4125 4027
f 4027 4125 4126
f 4011 4110 4012
f 4012 4110 4111
f 4012 4111 4013
f 4029 4127 4128
f 4029 4128 4030
f 4030 4128 4129
f 4030 4129 4031
f 4031 4129 4130
f 4031 4130 4032
f 4032 4130 4131
f 4032 4131 4033
f 4033 4131 4132
f 4033 4132 4034
f 4034 4132 4133
f 4034 4133 4035
f 4035 4133 4134
f 4019 4118 4020
f 4020 4118 4119
f 4020 4119 4021
f 4037 4135 4136
f 4037 4136 4038
f 4038 4136 4137
f 4038 4137 4039
f 4039 4137 4138
f 4039 4138 4040
f 4040 4138 4139
f 4040 4139 4041
f 4041 4139 4140
f 4041 4140 4042
f 4042 4140 4141
f 4042 4141 4043
f 4043 4141 4142
f 4027 4126 4028
f 4028 4126 4127
f 4028 4127 4029
f 4045 4143 4144
f 4045 4144 4046
f 4046 4144 4145
f 4046 4145 4047
f 4047 4145 4146
f 4047 4146 4048
f 4048 4146 4147
f 4048 4147 4049
f 4049 4147 4148
f 4049 4148 4050
f 4050 4148 4149
f 4050 4149 4051
f 4051 4149 4150
f 4035 4134 4036
f 4036 4134 4135
f 4036 4135 4037
f 4053 4151 4152
f 4053 4152 4054
f 4054 4152 4153
f 4054 4153 4055
f 4055 4153 4154
f 4055 4154 4056
f 4056 4154 4155
f 4056 4155 4057
f 4057 4155 4156
f 4057 4156 4058
f 4058 4156 4157
f 4058 4157 4059
f 4059 4157 4158
f 4043 4142 4044
f 4044 4142 4143
f 4044 4143 4045
f 4061 4159 4160
f 4061 4160 4062
f 4062 4160 4161
f 4062 4161 4063
f 4063 4161 4162
f 4063 4162 4064
f 4064 4162 4163
f 4064 4163 4065
f 4065 4163 4164
f 4065 4164 4066
f 4066 4164 4165
f 4066 4165 4067
f 4067 4165 4166
f 4051 4150 4052
f 4052 4150 4151
f 4052 4151 4053
f 4069 4167 4168
f 4069 4168 4070
f 4070 4168 4169
f 4070 4169 4071
f 4071 4169 4170
f 4071 4170 4072
f 4072 4170 4171
f 4072 4171 4073
f 4073 4171 4172
f 4073 4172 4074
f 4074 4172 4173
f 4074 4173 4075
f 4075 4173 4174
f 4059 4158 4060
f 4060 4158 4159
f 4060 4159 4061
f 4077 4175 4176
f 4077 4176 3979
f 3979 4176 4078
f 4075 4174 4076
f 4076 4174 4175
f 4076 4175 4077
f 4067 4166 4068
f 4068 4166 4167
f 4068 4167 4069
f 3995 4093 4094
f 3979 4078 3980
f 3980 4078 4079
f 3980 4079 3981
f 3997 4095 4096
f 3997 4096 3998
f 3998 4096 4097
f 3998 4097 3999
f 3999 4097 4098
f 3999 4098 4000
f 4000 4098 4099
f 4000 4099 4001
f 4001 4099 4100
f 4001 4100 4002
f 4002 4100 4101
f 4002 4101 4003
f 3981 4079 4080
f 3981 4080 3982
f 3982 4080 4081
f 3982 4081 3983
f 3983 4081 4082
f 3983 4082 3984
f 3984 4082 4083
f 3984 4083 3985
f 3985 4083 4084
f 3985 4084 3986
f 3986 4084 4085
f 3986 4085 3987
f 3987 4085 4086
f 4177 4351 4178
f 4178 4351 4350
f 4178 4350 4179
f 4196 4333 4332
f 4195 4333 4196
f 4195 4334 4333
f 4194 4334 4195
f 4194 4335 4334
f 4193 4335 4194
f 4193 4336 4335
f 4192 4336 4193
f 4192 4337 4336
f 4190 4339 4338
f 4205 4323 4206
f 4205 4324 4323
f 4204 4324 4205
f 4204 4325 4324
f 4203 4325 4204
f 4203 4326 4325
f 4202 4326 4203
f 4202 4327 4326
f 4201 4327 4202
f 4201 4328 4327
f 4200 4328 4201
f 4200 4329 4328
f 4183 4345 4184
f 4183 4346 4345
f 4182 4346 4183
f 4198 4331 4330
f 4213 4315 4214
f 4213 4316 4315
f 4212 4316 4213
f 4212 4317 4316
f 4211 4317 4212
f 4211 4318 4317
f 4210 4318 4211
f 4210 4319 4318
f 4209 4319 4210
f 4209 4320 4319
f 4208 4320 4209
f 4208 4321 4320
f 4191 4337 4192
f 4191 4338 4337
f 4190 4338 4191
f 4206 4323 4322
f 4221 4307 4222
f 4221 4308 4307
f 4220 4308 4221
f 4220 4309 4308
f 4219 4309 4220
f 4219 4310 4309
f 4218 4310 4219
f 4218 4311 4310
f 4217 4311 4218
f 4217 4312 4311
f 4216 4312 4217
f 4216 4313 4312
f 4199 4329 4200
f 4199 4330 4329
f 4198 4330 4199
f 4214 4315 4314
f 4229 4299 4230
f 4229 4300 4299
f 4228 4300 4229
f 4228 4301 4300
f 4227 4301 4228
f 4227 4302 4301
f 4226 4302 4227
f 4226 4303 4302
f 4225 4303 4226
f 4225 4304 4303
f 4224 4304 4225
f 4224 4305 4304
f 4207 4321 4208
f 4207 4322 4321
f 4206 4322 4207
f 4222 4307 4306
f 4237 4291 4238
f 4237 4292 4291
f 4236 4292 4237
f 4236 4293 4292
f 4235 4293 4236
f 4235 4294 4293
f 4234 4294 4235
f 4234 4295 4294
f 4233 4295 4234
f 4233 4296 4295
f 4232 4296 4233
f 4232 4297 4296
f 4215 4313 4216
f 4215 4314 4313
f 4214 4314 4215
f 4230 4299 4298
f 4245 4283 4246
f 4245 4284 4283
f 4244 4284 4245
f 4244 4285 4284
f 4243 4285 4244
f 4243 4286 4285
f 4242 4286 4243
f 4242 4287 4286
f 4241 4287 4242
f 4241 4288 4287
f 4240 4288 4241
f 4240 4289 4288
f 4223 4305 4224
f 4223 4306 4305
f 4222 4306 4223
f 4238 4291 4290
f 4253 4374 4254
f 4253 4277 4374
f 4252 4277 4253
f 4252 4276 4277
f 4251 4276 4252
f 4251 4278 4276
f 4250 4278 4251
f 4250 4279 4278
f 4249 4279 4250
f 4249 4280 4279
f 4248 4280 4249
f 4248 4281 4280
f 4231 4297 4232
f 4231 4298 4297
f 4230 4298 4231
f 4246 4283 4282
f 4261 4366 4262
f 4261 4367 4366
f 4260 4367 4261
f 4260 4368 4367
f 4259 4368 4260
f 4259 4369 4368
f 4258 4369 4259
f 4258 4370 4369
f 4257 4370 4258
f 4257 4371 4370
f 4256 4371 4257
f 4256 4372 4371
f 4239 4289 4240
f 4239 4290 4289
f 4238 4290 4239
f 4254 4374 4373
f 4269 4358 4270
f 4269 4359 4358
f 4268 4359 4269
f 4268 4360 4359
f 4267 4360 4268
f 4267 4361 4360
f 4266 4361 4267
f 4266 4362 4361
f 4265 4362 4266
f 4265 4363 4362
f 4264 4363 4265
f 4264 4364 4363
f 4247 4281 4248
f 4247 4282 4281
f 4246 4282 4247
f 4262 4366 4365
f 4177 4352 4351
f 4275 4352 4177
f 4275 4353 4352
f 4271 4356 4272
f 4271 4357 4356
f 4270 4357 4271
f 4274 4353 4275
f 4274 4354 4353
f 4273 4354 4274
f 4273 4355 4354
f 4272 4355 4273
f 4272 4356 4355
f 4255 4372 4256
f 4255 4373 4372
f 4254 4373 4255
f 4270 4358 4357
f 4263 4364 4264
f 4263 4365 4364
f 4262 4365 4263
f 4189 4339 4190
f 4189 4340 4339
f 4188 4340 4189
f 4188 4341 4340
f 4187 4341 4188
f 4187 4342 4341
f 4186 4342 4187
f 4186 4343 4342
f 4185 4343 4186
f 4185 4344 4343
f 4184 4344 4185
f 4184 4345 4344
f 4182 4347 4346
f 4197 4331 4198
f 4197 4332 4331
f 4196 4332 4197
f 4181 4347 4182
f 4181 4348 4347
f 4180 4348 4181
f 4180 4349 4348
f 4179 4349 4180
f 4179 4350 4349
f 4555 4554 4556
f 4523 4524 4525
f 4525 4524 4526
f 4525 4526 4527
f 4555 4556 4557
f 4557 4556 4558
f 4557 4558 4559
f 4559 4558 4560
f 4559 4560 4561
f 4561 4560 4562
f 4405 4404 4406
f 4405 4406 4407
f 4407 4406 4408
f 4407 4408 4409
f 4409 4408 4410
f 4409 4410 4411
f 4379 4378 4380
f 4383 4382 4384
f 4383 4384 4385
f 4385 4384 4386
f 4385 4386 4387
f 4387 4386 4388
f 4387 4388 4389
f 4389 4388 4390
f 4389 4390 4391
f 4391 4390 4392
f 4391 4392 4393
f 4393 4392 4394
f 4393 4394 4395
f 4421 4420 4422
f 4421 4422 4423
f 4423 4422 4424
f 4423 4424 4425
f 4425 4424 4426
f 4425 4426 4427
f 4395 4394 4396
f 4399 4398 4400
f 4399 4400 4401
f 4401 4400 4402
f 4401 4402 4403
f 4403 4402 4404
f 4403 4404 4405
f 4437 4436 4438
f 4437 4438 4439
f 4439 4438 4440
f 4439 4440 4441
f 4441 4440 4442
f 4441 4442 4443
f 4411 4410 4412
f 4379 4380 4381
f 4381 4380 4382
f 4381 4382 4383
f 4415 4414 4416
f 4415 4416 4417
f 4417 4416 4418
f 4417 4418 4419
f 4419 4418 4420
f 4419 4420 4421
f 4453 4452 4454
f 4453 4454 4455
f 4455 4454 4456
f 4455 4456 4457
f 4457 4456 4458
f 4457 4458 4459
f 4427 4426 4428
f 4395 4396 4397
f 4397 4396 4398
f 4397 4398 4399
f 4431 4430 4432
f 4431 4432 4433
f 4433 4432 4434
f 4433 4434 4435
f 4435 4434 4436
f 4435 4436 4437
f 4469 4468 4470
f 4469 4470 4471
f 4471 4470 4472
f 4471 4472 4473
f 4473 4472 4474
f 4473 4474 4475
f 4443 4442 4444
f 4411 4412 4413
f 4413 4412 4414
f 4413 4414 4415
f 4447 4446 4448
f 4447 4448 4449
f 4449 4448 4450
f 4449 4450 4451
f 4451 4450 4452
f 4451 4452 4453
f 4485 4484 4486
f 4485 4486 4487
f 4487 4486 4488
f 4487 4488 4489
f 4489 4488 4490
f 4489 4490 4491
f 4459 4458 4460
f 4427 4428 4429
f 4429 4428 4430
f 4429 4430 4431
f 4463 4462 4464
f 4463 4464 4465
f 4465 4464 4466
f 4465 4466 4467
f 4467 4466 4468
f 4467 4468 4469
f 4501 4500 4502
f 4501 4502 4503
f 4503 4502 4504
f 4503 4504 4505
f 4505 4504 4506
f 4505 4506 4507
f 4475 4474 4476
f 4443 4444 4445
f 4445 4444 4446
f 4445 4446 4447
f 4479 4478 4480
f 4479 4480 4481
f 4481 4480 4482
f 4481 4482 4483
f 4483 4482 4484
f 4483 4484 4485
f 4517 4516 4518
f 4517 4518 4519
f 4519 4518 4520
f 4519 4520 4521
f 4521 4520 4522
f 4521 4522 4523
f 4491 4490 4492
f 4459 4460 4461
f 4461 4460 4462
f 4461 4462 4463
f 4495 4494 4496
f 4495 4496 4497
f 4497 4496 4498
f 4497 4498 4499
f 4499 4498 4500
f 4499 4500 4501
f 4533 4532 4534
f 4533 4534 4535
f 4535 4534 4536
f 4535 4536 4537
f 4537 4536 4538
f 4537 4538 4539
f 4507 4506 4508
f 4475 4476 4477
f 4477 4476 4478
f 4477 4478 4479
f 4511 4510 4512
f 4511 4512 4513
f 4513 4512 4514
f 4513 4514 4515
f 4515 4514 4516
f 4515 4516 4517
f 4549 4548 4550
f 4549 4550 4551
f 4551 4550 4552
f 4551 4552 4553
f 4553 4552 4554
f 4553 4554 4555
f 4523 4522 4524
f 4491 4492 4493
f 4493 4492 4494
f 4493 4494 4495
f 4527 4526 4528
f 4527 4528 4529
f 4529 4528 4530
f 4529 4530 4531
f 4531 4530 4532
f 4531 4532 4533
f 4561 4562 4563
f 4563 4562 4564
f 4563 4564 4565
f 4565 4564 4566
f 4565 4566 4375
f 4375 4566 4376
f 4539 4538 4540
f 4507 4508 4509
f 4509 4508 4510
f 4509 4510 4511
f 4543 4542 4544
f 4543 4544 4545
f 4545 4544 4546
f 4545 4546 4547
f 4547 4546 4548
f 4547 4548 4549
f 4375 4376 4377
f 4377 4376 4378
f 4377 4378 4379
f 4539 4540 4541
f 4541 4540 4542
f 4541 4542 4543
f 4683 4682 4684
f 4677 4678 4679
f 4677 4676 4678
f 4675 4676 4677
f 4675 4674 4676
f 4673 4674 4675
f 4673 4672 4674
f 4671 4672 4673
f 4671 4670 4672
f 4669 4670 4671
f 4669 4668 4670
f 4667 4668 4669
f 4699 4698 4700
f 4665 4666 4667
f 4665 4664 4666
f 5852 5164 5162
f 4679 4678 4680
f 5852 5855 5164
f 5851 5855 5852
f 5851 5854 5855
f 5850 5853 5854
f 5849 5853 5850
f 5849 5180 5853
f 5172 5170 5174
f 5858 5170 5168
f 5858 5174 5170
f 5176 5174 5858
f 5857 5858 5168
f 5856 5858 5857
f 5856 5176 5858
f 4663 4664 4665
f 4667 4666 4668
f 4695 4694 4696
f 4693 4694 4695
f 4693 4692 4694
f 4691 4692 4693
f 4691 4690 4692
f 4689 4690 4691
f 4689 4688 4690
f 4687 4688 4689
f 4687 4686 4688
f 4685 4686 4687
f 4685 4684 4686
f 4683 4684 4685
f 4715 4714 4716
f 4681 4682 4683
f 4681 4680 4682
f 4679 4680 4681
f 4711 4710 4712
f 4709 4710 4711
f 4709 4708 4710
f 4707 4708 4709
f 4707 4706 4708
f 4705 4706 4707
f 4705 4704 4706
f 4703 4704 4705
f 4703 4702 4704
f 4701 4702 4703
f 4701 4700 4702
f 4699 4700 4701
f 4632 4728 4631
f 4697 4698 4699
f 4697 4696 4698
f 4695 4696 4697
f 4634 4726 4633
f 4725 4726 4634
f 4725 4724 4726
f 4723 4724 4725
f 4723 4722 4724
f 4721 4722 4723
f 4721 4720 4722
f 4719 4720 4721
f 4719 4718 4720
f 4717 4718 4719
f 4717 4716 4718
f 4715 4716 4717
f 4624 4736 4623
f 4713 4714 4715
f 4713 4712 4714
f 4711 4712 4713
f 4626 4734 4625
f 4626 4733 4734
f 4627 4733 4626
f 4627 4732 4733
f 4628 4732 4627
f 4628 4731 4732
f 4629 4731 4628
f 4629 4730 4731
f 4630 4730 4629
f 4630 4729 4730
f 4631 4729 4630
f 4631 4728 4729
f 4616 4744 4615
f 4632 4727 4728
f 4633 4727 4632
f 4633 4726 4727
f 4618 4742 4617
f 4618 4741 4742
f 4619 4741 4618
f 4619 4740 4741
f 4620 4740 4619
f 4620 4739 4740
f 4621 4739 4620
f 4621 4738 4739
f 4622 4738 4621
f 4622 4737 4738
f 4623 4737 4622
f 4623 4736 4737
f 4755 4756 4757
f 4624 4735 4736
f 4625 4735 4624
f 4625 4734 4735
f 4751 4752 4753
f 4751 4750 4752
f 4749 4750 4751
f 4749 4748 4750
f 4612 4748 4749
f 4612 4747 4748
f 4613 4747 4612
f 4613 4746 4747
f 4614 4746 4613
f 4614 4745 4746
f 4615 4745 4614
f 4615 4744 4745
f 4706 4772 4773
f 4616 4743 4744
f 4617 4743 4616
f 4617 4742 4743
f 4767 4768 4769
f 4767 4766 4768
f 4765 4766 4767
f 4765 4764 4766
f 4763 4764 4765
f 4763 4762 4764
f 4761 4762 4763
f 4761 4760 4762
f 4759 4760 4761
f 4759 4758 4760
f 4757 4758 4759
f 4757 4756 4758
f 4722 4780 4781
f 4755 4754 4756
f 4753 4754 4755
f 4753 4752 4754
f 4718 4778 4779
f 4716 4778 4718
f 4716 4777 4778
f 4714 4777 4716
f 4714 4776 4777
f 4712 4776 4714
f 4712 4775 4776
f 4710 4775 4712
f 4710 4774 4775
f 4708 4774 4710
f 4708 4773 4774
f 4706 4773 4708
f 4778 4788 4789
f 4704 4772 4706
f 4769 4770 4771
f 4769 4768 4770
f 4776 4786 4787
f 4775 4786 4776
f 4775 4785 4786
f 4774 4785 4775
f 4774 4784 4785
f 4773 4784 4774
f 4773 4783 4784
f 4772 4783 4773
f 4726 4782 4727
f 4724 4782 4726
f 4724 4781 4782
f 4722 4781 4724
f 4786 4796 4797
f 4720 4780 4722
f 4720 4779 4780
f 4718 4779 4720
f 4784 4794 4795
f 4783 4794 4784
f 4727 4793 4728
f 4782 4793 4727
f 4782 4792 4793
f 4781 4792 4782
f 4781 4791 4792
f 4780 4791 4781
f 4780 4790 4791
f 4779 4790 4780
f 4779 4789 4790
f 4778 4789 4779
f 4728 4804 4729
f 4777 4788 4778
f 4777 4787 4788
f 4776 4787 4777
f 4792 4802 4803
f 4791 4802 4792
f 4791 4801 4802
f 4790 4801 4791
f 4790 4800 4801
f 4789 4800 4790
f 4789 4799 4800
f 4788 4799 4789
f 4788 4798 4799
f 4787 4798 4788
f 4787 4797 4798
f 4786 4797 4787
f 4802 4812 4813
f 4785 4796 4786
f 4785 4795 4796
f 4784 4795 4785
f 4800 4810 4811
f 4799 4810 4800
f 4799 4809 4810
f 4798 4809 4799
f 4798 4808 4809
f 4797 4808 4798
f 4797 4807 4808
f 4796 4807 4797
f 4796 4806 4807
f 4795 4806 4796
f 4795 4805 4806
f 4794 4805 4795
f 4810 4820 4821
f 4793 4804 4728
f 4793 4803 4804
f 4792 4803 4793
f 4808 4818 4819
f 4807 4818 4808
f 4807 4817 4818
f 4806 4817 4807
f 4806 4816 4817
f 4805 4816 4806
f 4729 4815 4730
f 4804 4815 4729
f 4804 4814 4815
f 4803 4814 4804
f 4803 4813 4814
f 4802 4813 4803
f 4818 4828 4829
f 4801 4812 4802
f 4801 4811 4812
f 4800 4811 4801
f 4730 4826 4731
f 4815 4826 4730
f 4815 4825 4826
f 4814 4825 4815
f 4814 4824 4825
f 4813 4824 4814
f 4813 4823 4824
f 4812 4823 4813
f 4812 4822 4823
f 4811 4822 4812
f 4811 4821 4822
f 4810 4821 4811
f 4826 4836 4837
f 4809 4820 4810
f 4809 4819 4820
f 4808 4819 4809
f 4824 4834 4835
f 4823 4834 4824
f 4823 4833 4834
f 4822 4833 4823
f 4822 4832 4833
f 4821 4832 4822
f 4821 4831 4832
f 4820 4831 4821
f 4820 4830 4831
f 4819 4830 4820
f 4819 4829 4830
f 4818 4829 4819
f 4834 4844 4845
f 4817 4828 4818
f 4817 4827 4828
f 4816 4827 4817
f 4832 4842 4843
f 4831 4842 4832
f 4831 4841 4842
f 4830 4841 4831
f 4830 4840 4841
f 4829 4840 4830
f 4829 4839 4840
f 4828 4839 4829
f 4828 4838 4839
f 4827 4838 4828
f 4731 4837 4732
f 4826 4837 4731
f 4842 4852 4853
f 4825 4836 4826
f 4825 4835 4836
f 4824 4835 4825
f 4840 4850 4851
f 4839 4850 4840
f 4839 4849 4850
f 4838 4849 4839
f 4732 4848 4733
f 4837 4848 4732
f 4837 4847 4848
f 4836 4847 4837
f 4836 4846 4847
f 4835 4846 4836
f 4835 4845 4846
f 4834 4845 4835
f 4850 4860 4861
f 4833 4844 4834
f 4833 4843 4844
f 4832 4843 4833
f 4848 4858 4859
f 4847 4858 4848
f 4847 4857 4858
f 4846 4857 4847
f 4846 4856 4857
f 4845 4856 4846
f 4845 4855 4856
f 4844 4855 4845
f 4844 4854 4855
f 4843 4854 4844
f 4843 4853 4854
f 4842 4853 4843
f 4858 4868 4869
f 4841 4852 4842
f 4841 4851 4852
f 4840 4851 4841
f 4856 4866 4867
f 4855 4866 4856
f 4855 4865 4866
f 4854 4865 4855
f 4854 4864 4865
f 4853 4864 4854
f 4853 4863 4864
f 4852 4863 4853
f 4852 4862 4863
f 4851 4862 4852
f 4851 4861 4862
f 4850 4861 4851
f 4866 4876 4877
f 4849 4860 4850
f 4733 4859 4734
f 4848 4859 4733
f 4864 4874 4875
f 4863 4874 4864
f 4863 4873 4874
f 4862 4873 4863
f 4862 4872 4873
f 4861 4872 4862
f 4861 4871 4872
f 4860 4871 4861
f 4734 4870 4735
f 4859 4870 4734
f 4859 4869 4870
f 4858 4869 4859
f 4874 4884 4885
f 4857 4868 4858
f 4857 4867 4868
f 4856 4867 4857
f 4872 4882 4883
f 4871 4882 4872
f 4735 4881 4736
f 4870 4881 4735
f 4870 4880 4881
f 4869 4880 4870
f 4869 4879 4880
f 4868 4879 4869
f 4868 4878 4879
f 4867 4878 4868
f 4867 4877 4878
f 4866 4877 4867
f 4736 4892 4737
f 4865 4876 4866
f 4865 4875 4876
f 4864 4875 4865
f 4880 4890 4891
f 4879 4890 4880
f 4879 4889 4890
f 4878 4889 4879
f 4878 4888 4889
f 4877 4888 4878
f 4877 4887 4888
f 4876 4887 4877
f 4876 4886 4887
f 4875 4886 4876
f 4875 4885 4886
f 4874 4885 4875
f 4890 4900 4901
f 4873 4884 4874
f 4873 4883 4884
f 4872 4883 4873
f 4888 4898 4899
f 4887 4898 4888
f 4887 4897 4898
f 4886 4897 4887
f 4886 4896 4897
f 4885 4896 4886
f 4885 4895 4896
f 4884 4895 4885
f 4884 4894 4895
f 4883 4894 4884
f 4883 4893 4894
f 4882 4893 4883
f 4898 4908 4909
f 4881 4892 4736
f 4881 4891 4892
f 4880 4891 4881
f 4896 4906 4907
f 4895 4906 4896
f 4895 4905 4906
f 4894 4905 4895
f 4894 4904 4905
f 4893 4904 4894
f 4737 4903 4738
f 4892 4903 4737
f 4892 4902 4903
f 4891 4902 4892
f 4891 4901 4902
f 4890 4901 4891
f 4906 4916 4917
f 4889 4900 4890
f 4889 4899 4900
f 4888 4899 4889
f 4738 4914 4739
f 4903 4914 4738
f 4903 4913 4914
f 4902 4913 4903
f 4902 4912 4913
f 4901 4912 4902
f 4901 4911 4912
f 4900 4911 4901
f 4900 4910 4911
f 4899 4910 4900
f 4899 4909 4910
f 4898 4909 4899
f 4914 4924 4925
f 4897 4908 4898
f 4897 4907 4908
f 4896 4907 4897
f 4912 4922 4923
f 4911 4922 4912
f 4911 4921 4922
f 4910 4921 4911
f 4910 4920 4921
f 4909 4920 4910
f 4909 4919 4920
f 4908 4919 4909
f 4908 4918 4919
f 4907 4918 4908
f 4907 4917 4918
f 4906 4917 4907
f 4922 4932 4933
f 4905 4916 4906
f 4905 4915 4916
f 4904 4915 4905
f 4920 4930 4931
f 4919 4930 4920
f 4919 4929 4930
f 4918 4929 4919
f 4918 4928 4929
f 4917 4928 4918
f 4917 4927 4928
f 4916 4927 4917
f 4916 4926 4927
f 4915 4926 4916
f 4739 4925 4740
f 4914 4925 4739
f 4930 4940 4941
f 4913 4924 4914
f 4913 4923 4924
f 4912 4923 4913
f 4928 4938 4939
f 4927 4938 4928
f 4927 4937 4938
f 4926 4937 4927
f 4740 4936 4741
f 4925 4936 4740
f 4925 4935 4936
f 4924 4935 4925
f 4924 4934 4935
f 4923 4934 4924
f 4923 4933 4934
f 4922 4933 4923
f 4938 4948 4949
f 4921 4932 4922
f 4921 4931 4932
f 4920 4931 4921
f 4936 4946 4947
f 4935 4946 4936
f 4935 4945 4946
f 4934 4945 4935
f 4934 4944 4945
f 4933 4944 4934
f 4933 4943 4944
f 4932 4943 4933
f 4932 4942 4943
f 4931 4942 4932
f 4931 4941 4942
f 4930 4941 4931
f 4946 4956 4957
f 4929 4940 4930
f 4929 4939 4940
f 4928 4939 4929
f 4944 4954 4955
f 4943 4954 4944
f 4943 4953 4954
f 4942 4953 4943
f 4942 4952 4953
f 4941 4952 4942
f 4941 4951 4952
f 4940 4951 4941
f 4940 4950 4951
f 4939 4950 4940
f 4939 4949 4950
f 4938 4949 4939
f 4954 4964 4965
f 4937 4948 4938
f 4741 4947 4742
f 4936 4947 4741
f 4952 4962 4963
f 4951 4962 4952
f 4951 4961 4962
f 4950 4961 4951
f 4950 4960 4961
f 4949 4960 4950
f 4949 4959 4960
f 4948 4959 4949
f 4742 4958 4743
f 4947 4958 4742
f 4947 4957 4958
f 4946 4957 4947
f 4962 4972 4973
f 4945 4956 4946
f 4945 4955 4956
f 4944 4955 4945
f 4960 4970 4971
f 4959 4970 4960
f 4743 4969 4744
f 4958 4969 4743
f 4958 4968 4969
f 4957 4968 4958
f 4957 4967 4968
f 4956 4967 4957
f 4956 4966 4967
f 4955 4966 4956
f 4955 4965 4966
f 4954 4965 4955
f 4744 4980 4745
f 4953 4964 4954
f 4953 4963 4964
f 4952 4963 4953
f 4968 4978 4979
f 4967 4978 4968
f 4967 4977 4978
f 4966 4977 4967
f 4966 4976 4977
f 4965 4976 4966
f 4965 4975 4976
f 4964 4975 4965
f 4964 4974 4975
f 4963 4974 4964
f 4963 4973 4974
f 4962 4973 4963
f 4978 4988 4989
f 4961 4972 4962
f 4961 4971 4972
f 4960 4971 4961
f 4976 4986 4987
f 4975 4986 4976
f 4975 4985 4986
f 4974 4985 4975
f 4974 4984 4985
f 4973 4984 4974
f 4973 4983 4984
f 4972 4983 4973
f 4972 4982 4983
f 4971 4982 4972
f 4971 4981 4982
f 4970 4981 4971
f 4986 4996 4997
f 4969 4980 4744
f 4969 4979 4980
f 4968 4979 4969
f 4984 4994 4995
f 4983 4994 4984
f 4983 4993 4994
f 4982 4993 4983
f 4982 4992 4993
f 4981 4992 4982
f 4745 4991 4746
f 4980 4991 4745
f 4980 4990 4991
f 4979 4990 4980
f 4979 4989 4990
f 4978 4989 4979
f 4994 5004 5005
f 4977 4988 4978
f 4977 4987 4988
f 4976 4987 4977
f 4746 5002 4747
f 4991 5002 4746
f 4991 5001 5002
f 4990 5001 4991
f 4990 5000 5001
f 4989 5000 4990
f 4989 4999 5000
f 4988 4999 4989
f 4988 4998 4999
f 4987 4998 4988
f 4987 4997 4998
f 4986 4997 4987
f 5002 5012 5013
f 4985 4996 4986
f 4985 4995 4996
f 4984 4995 4985
f 5000 5010 5011
f 4999 5010 5000
f 4999 5009 5010
f 4998 5009 4999
f 4998 5008 5009
f 4997 5008 4998
f 4997 5007 5008
f 4996 5007 4997
f 4996 5006 5007
f 4995 5006 4996
f 4995 5005 5006
f 4994 5005 4995
f 5010 5020 5021
f 4993 5004 4994
f 4993 5003 5004
f 4992 5003 4993
f 5008 5018 5019
f 5007 5018 5008
f 5007 5017 5018
f 5006 5017 5007
f 5006 5016 5017
f 5005 5016 5006
f 5005 5015 5016
f 5004 5015 5005
f 5004 5014 5015
f 5003 5014 5004
f 4747 5013 4748
f 5002 5013 4747
f 5018 5028 5019
f 5001 5012 5002
f 5001 5011 5012
f 5000 5011 5001
f 5016 5026 5017
f 5016 5025 5026
f 5015 5025 5016
f 5015 5024 5025
f 5014 5024 5015
f 5013 4750 4748
f 5013 5023 4750
f 5012 5023 5013
f 5012 5022 5023
f 5011 5022 5012
f 5011 5021 5022
f 5010 5021 5011
f 5027 5035 5036
f 5009 5020 5010
f 5009 5019 5020
f 5008 5019 5009
f 5025 5033 5034
f 5024 5033 5025
f 5023 4752 4750
f 5023 5032 4752
f 5022 5032 5023
f 5022 5031 5032
f 5021 5031 5022
f 5021 5030 5031
f 5020 5030 5021
f 5020 5029 5030
f 5019 5029 5020
f 5019 5028 5029
f 5035 5043 5036
f 5018 5027 5028
f 5017 5027 5018
f 5017 5026 5027
f 5033 5041 5034
f 5032 4754 4752
f 5032 5040 4754
f 5031 5040 5032
f 5031 5039 5040
f 5030 5039 5031
f 5030 5038 5039
f 5029 5038 5030
f 5029 5037 5038
f 5028 5037 5029
f 5028 5036 5037
f 5027 5036 5028
f 5044 5050 5051
f 5026 5035 5027
f 5026 5034 5035
f 5025 5034 5026
f 5042 5048 5049
f 5041 5048 5042
f 5040 4756 4754
f 5040 5047 4756
f 5039 5047 5040
f 5039 5046 5047
f 5038 5046 5039
f 5038 5045 5046
f 5037 5045 5038
f 5037 5044 5045
f 5036 5044 5037
f 5036 5043 5044
f 5052 5058 5053
f 5035 5042 5043
f 5034 5042 5035
f 5034 5041 5042
f 5050 5056 5051
f 5050 5055 5056
f 5049 5055 5050
f 5049 5054 5055
f 5048 5054 5049
f 5047 4758 4756
f 5047 5053 4758
f 5046 5053 5047
f 5046 5052 5053
f 5045 5052 5046
f 5045 5051 5052
f 5044 5051 5045
f 5061 5065 5062
f 5043 5050 5044
f 5043 5049 5050
f 5042 5049 5043
f 5059 5063 5060
f 5058 4762 4760
f 5058 5062 4762
f 5057 5062 5058
f 5057 5061 5062
f 5056 5061 5057
f 5056 5060 5061
f 5055 5060 5056
f 5055 5059 5060
f 5054 5059 5055
f 5053 4760 4758
f 5053 5058 4760
f 5072 5071 5073
f 5052 5057 5058
f 5051 5057 5052
f 5051 5056 5057
f 5068 4771 5069
f 4769 4771 5068
f 5067 4768 4766
f 5067 4770 4768
f 5066 4770 5067
f 5065 4766 4764
f 5065 5067 4766
f 5064 5067 5065
f 5064 5066 5067
f 5063 5066 5064
f 5062 4764 4762
f 5062 5065 4764
f 5088 5087 5089
f 5061 5064 5065
f 5060 5064 5061
f 5060 5063 5064
f 5084 5083 5085
f 5082 5083 5084
f 5082 5081 5083
f 5080 5081 5082
f 5080 5079 5081
f 5078 5079 5080
f 5078 5077 5079
f 5076 5077 5078
f 5076 5075 5077
f 5074 5075 5076
f 5074 5073 5075
f 5072 5073 5074
f 5104 5103 5105
f 5070 5071 5072
f 5070 5069 5071
f 5068 5069 5070
f 5100 5099 5101
f 5098 5099 5100
f 5098 5097 5099
f 5096 5097 5098
f 5096 5095 5097
f 5094 5095 5096
f 5094 5093 5095
f 5092 5093 5094
f 5092 5091 5093
f 5090 5091 5092
f 5090 5089 5091
f 5088 5089 5090
f 5120 5119 5121
f 5086 5087 5088
f 5086 5085 5087
f 5084 5085 5086
f 5116 5115 5117
f 5114 5115 5116
f 5114 5113 5115
f 5112 5113 5114
f 5112 5111 5113
f 5110 5111 5112
f 5110 5109 5111
f 5108 5109 5110
f 5108 5107 5109
f 5106 5107 5108
f 5106 5105 5107
f 5104 5105 5106
f 5136 5135 5137
f 5102 5103 5104
f 5102 5101 5103
f 5100 5101 5102
f 5132 5131 5133
f 5130 5131 5132
f 5130 5129 5131
f 5128 5129 5130
f 5128 5127 5129
f 5126 5127 5128
f 5126 5125 5127
f 5124 5125 5126
f 5124 5123 5125
f 5122 5123 5124
f 5122 5121 5123
f 5120 5121 5122
f 4570 5151 4569
f 5118 5119 5120
f 5118 5117 5119
f 5116 5117 5118
f 5148 5147 5149
f 5146 5147 5148
f 5146 5145 5147
f 5144 5145 5146
f 5144 5143 5145
f 5142 5143 5144
f 5142 5141 5143
f 5140 5141 5142
f 5140 5139 5141
f 5138 5139 5140
f 5138 5137 5139
f 5136 5137 5138
f 5165 5164 5166
f 5134 5135 5136
f 5134 5133 5135
f 5132 5133 5134
f 5161 5160 5162
f 5159 5160 5161
f 5159 5158 5160
f 5157 5158 5159
f 5157 5156 5158
f 5155 5156 5157
f 5155 5154 5156
f 5153 5154 5155
f 5153 5152 5154
f 4568 5152 5153
f 4569 5152 4568
f 4569 5151 5152
f 5179 5178 5180
f 5150 5151 4570
f 5150 5149 5151
f 5148 5149 5150
f 5175 5174 5176
f 5173 5174 5175
f 5173 5172 5174
f 4664 5172 5173
f 4663 5172 4664
f 5171 5172 4663
f 5171 5170 5172
f 5169 5170 5171
f 5169 5168 5170
f 5167 5168 5169
f 5167 5166 5168
f 5165 5166 5167
f 4570 4571 5150
f 5163 5164 5165
f 5163 5162 5164
f 5161 5162 5163
f 5191 5190 5192
f 5189 5190 5191
f 5189 5188 5190
f 5187 5188 5189
f 5187 5186 5188
f 5185 5186 5187
f 5185 5184 5186
f 5183 5184 5185
f 5183 5182 5184
f 5181 5182 5183
f 5181 5180 5182
f 5179 5180 5181
f 5136 5201 5134
f 5177 5178 5179
f 5177 5176 5178
f 5175 5176 5177
f 5140 5199 5138
f 5140 5198 5199
f 5142 5198 5140
f 5142 5197 5198
f 5144 5197 5142
f 5144 5196 5197
f 5146 5196 5144
f 5146 5195 5196
f 5148 5195 5146
f 5148 5194 5195
f 5150 5194 5148
f 5150 4571 5194
f 5198 5208 5199
f 5193 5131 5129
f 5193 5192 5131
f 5191 5192 5193
f 5196 5206 5197
f 5196 5205 5206
f 5195 5205 5196
f 5195 5204 5205
f 5194 5204 5195
f 5194 4572 5204
f 4571 4572 5194
f 5130 5203 5128
f 5132 5203 5130
f 5132 5202 5203
f 5134 5202 5132
f 5134 5201 5202
f 5205 5215 5206
f 5136 5200 5201
f 5138 5200 5136
f 5138 5199 5200
f 4572 4573 5204
f 5128 5213 5126
f 5203 5213 5128
f 5203 5212 5213
f 5202 5212 5203
f 5202 5211 5212
f 5201 5211 5202
f 5201 5210 5211
f 5200 5210 5201
f 5200 5209 5210
f 5199 5209 5200
f 5199 5208 5209
f 5213 5223 5126
f 5198 5207 5208
f 5197 5207 5198
f 5197 5206 5207
f 5211 5221 5212
f 5211 5220 5221
f 5210 5220 5211
f 5210 5219 5220
f 5209 5219 5210
f 5209 5218 5219
f 5208 5218 5209
f 5208 5217 5218
f 5207 5217 5208
f 5207 5216 5217
f 5206 5216 5207
f 5206 5215 5216
f 5220 5230 5221
f 5205 5214 5215
f 5204 5214 5205
f 5204 4573 5214
f 5218 5228 5219
f 5218 5227 5228
f 5217 5227 5218
f 5217 5226 5227
f 5216 5226 5217
f 5216 5225 5226
f 5215 5225 5216
f 5215 5224 5225
f 5214 5224 5215
f 5214 4574 5224
f 4573 4574 5214
f 5126 5223 5124
f 5227 5237 5228
f 5213 5222 5223
f 5212 5222 5213
f 5212 5221 5222
f 5225 5235 5226
f 5225 5234 5235
f 5224 5234 5225
f 5224 4575 5234
f 4574 4575 5224
f 5124 5233 5122
f 5223 5233 5124
f 5223 5232 5233
f 5222 5232 5223
f 5222 5231 5232
f 5221 5231 5222
f 5221 5230 5231
f 5234 5244 5235
f 5220 5229 5230
f 5219 5229 5220
f 5219 5228 5229
f 5233 5243 5122
f 5233 5242 5243
f 5232 5242 5233
f 5232 5241 5242
f 5231 5241 5232
f 5231 5240 5241
f 5230 5240 5231
f 5230 5239 5240
f 5229 5239 5230
f 5229 5238 5239
f 5228 5238 5229
f 5228 5237 5238
f 5242 5252 5243
f 5227 5236 5237
f 5226 5236 5227
f 5226 5235 5236
f 5240 5250 5241
f 5240 5249 5250
f 5239 5249 5240
f 5239 5248 5249
f 5238 5248 5239
f 5238 5247 5248
f 5237 5247 5238
f 5237 5246 5247
f 5236 5246 5237
f 5236 5245 5246
f 5235 5245 5236
f 5235 5244 5245
f 5249 5259 5250
f 5234 4576 5244
f 4575 4576 5234
f 5122 5243 5120
f 5247 5257 5248
f 5247 5256 5257
f 5246 5256 5247
f 5246 5255 5256
f 5245 5255 5246
f 5245 5254 5255
f 5244 5254 5245
f 5244 4577 5254
f 4576 4577 5244
f 5120 5253 5118
f 5243 5253 5120
f 5243 5252 5253
f 5256 5266 5257
f 5242 5251 5252
f 5241 5251 5242
f 5241 5250 5251
f 5254 5264 5255
f 5254 4578 5264
f 4577 4578 5254
f 5118 5263 5116
f 5253 5263 5118
f 5253 5262 5263
f 5252 5262 5253
f 5252 5261 5262
f 5251 5261 5252
f 5251 5260 5261
f 5250 5260 5251
f 5250 5259 5260
f 4578 4579 5264
f 5249 5258 5259
f 5248 5258 5249
f 5248 5257 5258
f 5262 5272 5263
f 5262 5271 5272
f 5261 5271 5262
f 5261 5270 5271
f 5260 5270 5261
f 5260 5269 5270
f 5259 5269 5260
f 5259 5268 5269
f 5258 5268 5259
f 5258 5267 5268
f 5257 5267 5258
f 5257 5266 5267
f 5271 5281 5272
f 5256 5265 5266
f 5255 5265 5256
f 5255 5264 5265
f 5269 5279 5270
f 5269 5278 5279
f 5268 5278 5269
f 5268 5277 5278
f 5267 5277 5268
f 5267 5276 5277
f 5266 5276 5267
f 5266 5275 5276
f 5265 5275 5266
f 5265 5274 5275
f 5264 5274 5265
f 5264 4579 5274
f 5278 5288 5279
f 5116 5273 5114
f 5263 5273 5116
f 5263 5272 5273
f 5276 5286 5277
f 5276 5285 5286
f 5275 5285 5276
f 5275 5284 5285
f 5274 5284 5275
f 5274 4580 5284
f 4579 4580 5274
f 5114 5283 5112
f 5273 5283 5114
f 5273 5282 5283
f 5272 5282 5273
f 5272 5281 5282
f 5295 4582 5296
f 5271 5280 5281
f 5270 5280 5271
f 5270 5279 5280
f 5284 4580 5294
f 5112 5293 5110
f 5283 5293 5112
f 5283 5292 5293
f 5282 5292 5283
f 5282 5291 5292
f 5281 5291 5282
f 5281 5290 5291
f 5280 5290 5281
f 5280 5289 5290
f 5279 5289 5280
f 5279 5288 5289
f 5303 4590 5304
f 5278 5287 5288
f 5277 5287 5278
f 5277 5286 5287
f 5301 4588 5302
f 5301 4587 4588
f 5300 4587 5301
f 5300 4586 4587
f 5299 4586 5300
f 5299 4585 4586
f 5298 4585 5299
f 5298 4584 4585
f 5297 4584 5298
f 5297 4583 4584
f 5296 4583 5297
f 5296 4582 4583
f 5311 4598 5312
f 5295 4581 4582
f 5294 4581 5295
f 5294 4580 4581
f 5309 4596 5310
f 5309 4595 4596
f 5308 4595 5309
f 5308 4594 4595
f 5307 4594 5308
f 5307 4593 4594
f 5306 4593 5307
f 5306 4592 4593
f 5305 4592 5306
f 5305 4591 4592
f 5304 4591 5305
f 5304 4590 4591
f 5319 4606 5320
f 5303 4589 4590
f 5302 4589 5303
f 5302 4588 4589
f 5317 4604 5318
f 5317 4603 4604
f 5316 4603 5317
f 5316 4602 4603
f 5315 4602 5316
f 5315 4601 4602
f 5314 4601 5315
f 5314 4600 4601
f 5313 4600 5314
f 5313 4599 4600
f 5312 4599 5313
f 5312 4598 4599
f 4723 5326 4721
f 5311 4597 4598
f 5310 4597 5311
f 5310 4596 4597
f 4634 4635 4725
f 4749 4611 4612
f 5324 4611 4749
f 5324 4610 4611
f 5323 4610 5324
f 5323 4609 4610
f 5322 4609 5323
f 5322 4608 4609
f 5321 4608 5322
f 5321 4607 4608
f 5320 4607 5321
f 5320 4606 4607
f 4707 5334 4705
f 5319 4605 4606
f 5318 4605 5319
f 5318 4604 4605
f 4711 5332 4709
f 4711 5331 5332
f 4713 5331 4711
f 4713 5330 5331
f 4715 5330 4713
f 4715 5329 5330
f 4717 5329 4715
f 4717 5328 5329
f 4719 5328 4717
f 4719 5327 5328
f 4721 5327 4719
f 4721 5326 5327
f 5331 5341 5332
f 4723 5325 5326
f 4725 5325 4723
f 4725 4635 5325
f 5329 5339 5330
f 5329 5338 5339
f 5328 5338 5329
f 5328 5337 5338
f 5327 5337 5328
f 5327 5336 5337
f 5326 5336 5327
f 5326 5335 5336
f 5325 5335 5326
f 5325 4636 5335
f 4635 4636 5325
f 4705 5334 4703
f 5338 5348 5339
f 4707 5333 5334
f 4709 5333 4707
f 4709 5332 5333
f 5336 5346 5337
f 5336 5345 5346
f 5335 5345 5336
f 5335 4637 5345
f 4636 4637 5335
f 4703 5344 4701
f 5334 5344 4703
f 5334 5343 5344
f 5333 5343 5334
f 5333 5342 5343
f 5332 5342 5333
f 5332 5341 5342
f 5345 5355 5346
f 5331 5340 5341
f 5330 5340 5331
f 5330 5339 5340
f 5344 5354 4701
f 5344 5353 5354
f 5343 5353 5344
f 5343 5352 5353
f 5342 5352 5343
f 5342 5351 5352
f 5341 5351 5342
f 5341 5350 5351
f 5340 5350 5341
f 5340 5349 5350
f 5339 5349 5340
f 5339 5348 5349
f 5353 5363 5354
f 5338 5347 5348
f 5337 5347 5338
f 5337 5346 5347
f 5351 5361 5352
f 5351 5360 5361
f 5350 5360 5351
f 5350 5359 5360
f 5349 5359 5350
f 5349 5358 5359
f 5348 5358 5349
f 5348 5357 5358
f 5347 5357 5348
f 5347 5356 5357
f 5346 5356 5347
f 5346 5355 5356
f 5360 5370 5361
f 5345 4638 5355
f 4637 4638 5345
f 4701 5354 4699
f 5358 5368 5359
f 5358 5367 5368
f 5357 5367 5358
f 5357 5366 5367
f 5356 5366 5357
f 5356 5365 5366
f 5355 5365 5356
f 5355 4639 5365
f 4638 4639 5355
f 4699 5364 4697
f 5354 5364 4699
f 5354 5363 5364
f 5367 5377 5368
f 5353 5362 5363
f 5352 5362 5353
f 5352 5361 5362
f 5365 5375 5366
f 5365 4640 5375
f 4639 4640 5365
f 4697 5374 4695
f 5364 5374 4697
f 5364 5373 5374
f 5363 5373 5364
f 5363 5372 5373
f 5362 5372 5363
f 5362 5371 5372
f 5361 5371 5362
f 5361 5370 5371
f 4640 4641 5375
f 5360 5369 5370
f 5359 5369 5360
f 5359 5368 5369
f 5373 5383 5374
f 5373 5382 5383
f 5372 5382 5373
f 5372 5381 5382
f 5371 5381 5372
f 5371 5380 5381
f 5370 5380 5371
f 5370 5379 5380
f 5369 5379 5370
f 5369 5378 5379
f 5368 5378 5369
f 5368 5377 5378
f 5382 5392 5383
f 5367 5376 5377
f 5366 5376 5367
f 5366 5375 5376
f 5380 5390 5381
f 5380 5389 5390
f 5379 5389 5380
f 5379 5388 5389
f 5378 5388 5379
f 5378 5387 5388
f 5377 5387 5378
f 5377 5386 5387
f 5376 5386 5377
f 5376 5385 5386
f 5375 5385 5376
f 5375 4641 5385
f 5389 5399 5390
f 4695 5384 4693
f 5374 5384 4695
f 5374 5383 5384
f 5387 5397 5388
f 5387 5396 5397
f 5386 5396 5387
f 5386 5395 5396
f 5385 5395 5386
f 5385 4642 5395
f 4641 4642 5385
f 4693 5394 4691
f 5384 5394 4693
f 5384 5393 5394
f 5383 5393 5384
f 5383 5392 5393
f 5396 5406 5397
f 5382 5391 5392
f 5381 5391 5382
f 5381 5390 5391
f 4642 4643 5395
f 4691 5404 4689
f 5394 5404 4691
f 5394 5403 5404
f 5393 5403 5394
f 5393 5402 5403
f 5392 5402 5393
f 5392 5401 5402
f 5391 5401 5392
f 5391 5400 5401
f 5390 5400 5391
f 5390 5399 5400
f 5404 5414 4689
f 5389 5398 5399
f 5388 5398 5389
f 5388 5397 5398
f 5402 5412 5403
f 5402 5411 5412
f 5401 5411 5402
f 5401 5410 5411
f 5400 5410 5401
f 5400 5409 5410
f 5399 5409 5400
f 5399 5408 5409
f 5398 5408 5399
f 5398 5407 5408
f 5397 5407 5398
f 5397 5406 5407
f 5411 5421 5412
f 5396 5405 5406
f 5395 5405 5396
f 5395 4643 5405
f 5409 5419 5410
f 5409 5418 5419
f 5408 5418 5409
f 5408 5417 5418
f 5407 5417 5408
f 5407 5416 5417
f 5406 5416 5407
f 5406 5415 5416
f 5405 5415 5406
f 5405 4644 5415
f 4643 4644 5405
f 4689 5414 4687
f 5428 4648 5429
f 5404 5413 5414
f 5403 5413 5404
f 5403 5412 5413
f 5426 4646 5427
f 5426 4645 4646
f 5425 4645 5426
f 5425 4644 4645
f 5415 4644 5425
f 4687 5424 4685
f 5414 5424 4687
f 5414 5423 5424
f 5413 5423 5414
f 5413 5422 5423
f 5412 5422 5413
f 5412 5421 5422
f 5436 4656 5437
f 5411 5420 5421
f 5410 5420 5411
f 5410 5419 5420
f 5434 4654 5435
f 5434 4653 4654
f 5433 4653 5434
f 5433 4652 4653
f 5432 4652 5433
f 5432 4651 4652
f 5431 4651 5432
f 5431 4650 4651
f 5430 4650 5431
f 5430 4649 4650
f 5429 4649 5430
f 5429 4648 4649
f 5444 4568 5153
f 5428 4647 4648
f 5427 4647 5428
f 5427 4646 4647
f 5442 4662 5443
f 5442 4661 4662
f 5441 4661 5442
f 5441 4660 4661
f 5440 4660 5441
f 5440 4659 4660
f 5439 4659 5440
f 5439 4658 4659
f 5438 4658 5439
f 5438 4657 4658
f 5437 4657 5438
f 5437 4656 4657
f 5437 5451 5452
f 5436 4655 4656
f 5435 4655 5436
f 5435 4654 4655
f 5439 5449 5450
f 5440 5449 5439
f 5440 5448 5449
f 5441 5448 5440
f 5441 5447 5448
f 5442 5447 5441
f 5442 5446 5447
f 5443 5446 5442
f 5443 5445 5446
f 5444 5445 5443
f 5444 5155 5445
f 5153 5155 5444
f 5429 5459 5460
f 5444 4567 4568
f 5443 4567 5444
f 5443 4662 4567
f 5431 5457 5458
f 5432 5457 5431
f 5432 5456 5457
f 5433 5456 5432
f 5433 5455 5456
f 5434 5455 5433
f 5434 5454 5455
f 5435 5454 5434
f 5435 5453 5454
f 5436 5453 5435
f 5436 5452 5453
f 5437 5452 5436
f 5447 5466 5448
f 5438 5451 5437
f 5438 5450 5451
f 5439 5450 5438
f 5445 5464 5446
f 5445 5157 5464
f 5155 5157 5445
f 5425 5416 5415
f 5425 5463 5416
f 5426 5463 5425
f 5426 5462 5463
f 5427 5462 5426
f 5427 5461 5462
f 5428 5461 5427
f 5428 5460 5461
f 5429 5460 5428
f 5455 5474 5456
f 5430 5459 5429
f 5430 5458 5459
f 5431 5458 5430
f 5453 5472 5454
f 5453 5471 5472
f 5452 5471 5453
f 5452 5470 5471
f 5451 5470 5452
f 5451 5469 5470
f 5450 5469 5451
f 5450 5468 5469
f 5449 5468 5450
f 5449 5467 5468
f 5448 5467 5449
f 5448 5466 5467
f 5463 5417 5416
f 5447 5465 5466
f 5446 5465 5447
f 5446 5464 5465
f 5461 5480 5462
f 5461 5479 5480
f 5460 5479 5461
f 5460 5478 5479
f 5459 5478 5460
f 5459 5477 5478
f 5458 5477 5459
f 5458 5476 5477
f 5457 5476 5458
f 5457 5475 5476
f 5456 5475 5457
f 5456 5474 5475
f 5471 5488 5489
f 5455 5473 5474
f 5454 5473 5455
f 5454 5472 5473
f 5469 5486 5487
f 5468 5486 5469
f 5468 5485 5486
f 5467 5485 5468
f 5467 5484 5485
f 5466 5484 5467
f 5466 5483 5484
f 5465 5483 5466
f 5465 5482 5483
f 5464 5482 5465
f 5464 5159 5482
f 5157 5159 5464
f 5479 5496 5497
f 5463 5481 5417
f 5462 5481 5463
f 5462 5480 5481
f 5477 5494 5495
f 5476 5494 5477
f 5476 5493 5494
f 5475 5493 5476
f 5475 5492 5493
f 5474 5492 5475
f 5474 5491 5492
f 5473 5491 5474
f 5473 5490 5491
f 5472 5490 5473
f 5472 5489 5490
f 5471 5489 5472
f 5486 5503 5487
f 5470 5488 5471
f 5470 5487 5488
f 5469 5487 5470
f 5484 5501 5485
f 5484 5500 5501
f 5483 5500 5484
f 5483 5499 5500
f 5482 5499 5483
f 5482 5161 5499
f 5159 5161 5482
f 5481 5418 5417
f 5481 5498 5418
f 5480 5498 5481
f 5480 5497 5498
f 5479 5497 5480
f 5494 5511 5495
f 5478 5496 5479
f 5478 5495 5496
f 5477 5495 5478
f 5492 5509 5493
f 5492 5508 5509
f 5491 5508 5492
f 5491 5507 5508
f 5490 5507 5491
f 5490 5506 5507
f 5489 5506 5490
f 5489 5505 5506
f 5488 5505 5489
f 5488 5504 5505
f 5487 5504 5488
f 5487 5503 5504
f 5502 5517 5518
f 5486 5502 5503
f 5485 5502 5486
f 5485 5501 5502
f 5500 5515 5516
f 5499 5515 5500
f 5499 5163 5515
f 5161 5163 5499
f 5498 5419 5418
f 5498 5514 5419
f 5497 5514 5498
f 5497 5513 5514
f 5496 5513 5497
f 5496 5512 5513
f 5495 5512 5496
f 5495 5511 5512
f 5510 5525 5526
f 5494 5510 5511
f 5493 5510 5494
f 5493 5509 5510
f 5508 5523 5524
f 5507 5523 5508
f 5507 5522 5523
f 5506 5522 5507
f 5506 5521 5522
f 5505 5521 5506
f 5505 5520 5521
f 5504 5520 5505
f 5504 5519 5520
f 5503 5519 5504
f 5503 5518 5519
f 5502 5518 5503
f 5517 5532 5518
f 5501 5517 5502
f 5501 5516 5517
f 5500 5516 5501
f 5515 5530 5516
f 5515 5165 5530
f 5163 5165 5515
f 5514 5420 5419
f 5514 5529 5420
f 5513 5529 5514
f 5513 5528 5529
f 5512 5528 5513
f 5512 5527 5528
f 5511 5527 5512
f 5511 5526 5527
f 5510 5526 5511
f 5525 5540 5526
f 5509 5525 5510
f 5509 5524 5525
f 5508 5524 5509
f 5523 5538 5524
f 5523 5537 5538
f 5522 5537 5523
f 5522 5536 5537
f 5521 5536 5522
f 5521 5535 5536
f 5520 5535 5521
f 5520 5534 5535
f 5519 5534 5520
f 5519 5533 5534
f 5518 5533 5519
f 5518 5532 5533
f 5533 5546 5547
f 5517 5531 5532
f 5516 5531 5517
f 5516 5530 5531
f 5531 5544 5545
f 5530 5544 5531
f 5530 5167 5544
f 5165 5167 5530
f 5529 5421 5420
f 5529 5543 5421
f 5528 5543 5529
f 5528 5542 5543
f 5527 5542 5528
f 5527 5541 5542
f 5526 5541 5527
f 5526 5540 5541
f 5541 5554 5555
f 5525 5539 5540
f 5524 5539 5525
f 5524 5538 5539
f 5539 5552 5553
f 5538 5552 5539
f 5538 5551 5552
f 5537 5551 5538
f 5537 5550 5551
f 5536 5550 5537
f 5536 5549 5550
f 5535 5549 5536
f 5535 5548 5549
f 5534 5548 5535
f 5534 5547 5548
f 5533 5547 5534
f 5548 5561 5549
f 5532 5546 5533
f 5532 5545 5546
f 5531 5545 5532
f 5546 5559 5547
f 5546 5558 5559
f 5545 5558 5546
f 5545 5557 5558
f 5544 5557 5545
f 5544 5169 5557
f 5167 5169 5544
f 5543 5422 5421
f 5543 5556 5422
f 5542 5556 5543
f 5542 5555 5556
f 5541 5555 5542
f 5556 5423 5422
f 5540 5554 5541
f 5540 5553 5554
f 5539 5553 5540
f 5554 5567 5555
f 5554 5566 5567
f 5553 5566 5554
f 5553 5565 5566
f 5552 5565 5553
f 5552 5564 5565
f 5551 5564 5552
f 5551 5563 5564
f 5550 5563 5551
f 5550 5562 5563
f 5549 5562 5550
f 5549 5561 5562
f 5564 5575 5576
f 5548 5560 5561
f 5547 5560 5548
f 5547 5559 5560
f 5562 5573 5574
f 5561 5573 5562
f 5561 5572 5573
f 5560 5572 5561
f 5560 5571 5572
f 5559 5571 5560
f 5559 5570 5571
f 5558 5570 5559
f 5558 5569 5570
f 5557 5569 5558
f 5557 5171 5569
f 5169 5171 5557
f 5571 4669 5572
f 5556 5568 5423
f 5555 5568 5556
f 5555 5567 5568
f 5569 4665 5570
f 5569 4663 4665
f 5171 4663 5569
f 5568 5424 5423
f 5568 5579 5424
f 5567 5579 5568
f 5567 5578 5579
f 5566 5578 5567
f 5566 5577 5578
f 5565 5577 5566
f 5565 5576 5577
f 5564 5576 5565
f 5579 4685 5424
f 5563 5575 5564
f 5563 5574 5575
f 5562 5574 5563
f 5577 4681 5578
f 5577 4679 4681
f 5576 4679 5577
f 5576 4677 4679
f 5575 4677 5576
f 5575 4675 4677
f 5574 4675 5575
f 5574 4673 4675
f 5573 4673 5574
f 5573 4671 4673
f 5572 4671 5573
f 5572 4669 4671
f 5587 5080 5082
f 5571 4667 4669
f 5570 4667 5571
f 5570 4665 4667
f 5585 5076 5078
f 5584 5076 5585
f 5584 5074 5076
f 5583 5074 5584
f 5583 5072 5074
f 5582 5072 5583
f 5582 5070 5072
f 5581 5070 5582
f 5581 5068 5070
f 5580 5068 5581
f 5580 4769 5068
f 4767 4769 5580
f 5595 5096 5098
f 5579 4683 4685
f 5578 4683 5579
f 5578 4681 4683
f 5593 5092 5094
f 5592 5092 5593
f 5592 5090 5092
f 5591 5090 5592
f 5591 5088 5090
f 5590 5088 5591
f 5590 5086 5088
f 5589 5086 5590
f 5589 5084 5086
f 5588 5084 5589
f 5588 5082 5084
f 5587 5082 5588
f 5602 5580 5603
f 5586 5080 5587
f 5586 5078 5080
f 5585 5078 5586
f 5601 5108 5110
f 5600 5108 5601
f 5600 5106 5108
f 5599 5106 5600
f 5599 5104 5106
f 5598 5104 5599
f 5598 5102 5104
f 5597 5102 5598
f 5597 5100 5102
f 5596 5100 5597
f 5596 5098 5100
f 5595 5098 5596
f 5610 5588 5611
f 5594 5096 5595
f 5594 5094 5096
f 5593 5094 5594
f 5608 5586 5609
f 5608 5585 5586
f 5607 5585 5608
f 5607 5584 5585
f 5606 5584 5607
f 5606 5583 5584
f 5605 5583 5606
f 5605 5582 5583
f 5604 5582 5605
f 5604 5581 5582
f 5603 5581 5604
f 5603 5580 5581
f 5618 5596 5619
f 5602 4767 5580
f 4765 4767 5602
f 5601 5110 5293
f 5616 5594 5617
f 5616 5593 5594
f 5615 5593 5616
f 5615 5592 5593
f 5614 5592 5615
f 5614 5591 5592
f 5613 5591 5614
f 5613 5590 5591
f 5612 5590 5613
f 5612 5589 5590
f 5611 5589 5612
f 5611 5588 5589
f 5626 5602 5603
f 5610 5587 5588
f 5609 5587 5610
f 5609 5586 5587
f 5624 5293 5292
f 5624 5601 5293
f 5623 5601 5624
f 5623 5600 5601
f 5622 5600 5623
f 5622 5599 5600
f 5621 5599 5622
f 5621 5598 5599
f 5620 5598 5621
f 5620 5597 5598
f 5619 5597 5620
f 5619 5596 5597
f 5634 5610 5611
f 5618 5595 5596
f 5617 5595 5618
f 5617 5594 5595
f 5632 5608 5609
f 5631 5608 5632
f 5631 5607 5608
f 5630 5607 5631
f 5630 5606 5607
f 5629 5606 5630
f 5629 5605 5606
f 5628 5605 5629
f 5628 5604 5605
f 5627 5604 5628
f 5627 5603 5604
f 5626 5603 5627
f 5642 5618 5619
f 5625 5602 5626
f 5625 4765 5602
f 4763 4765 5625
f 5640 5616 5617
f 5639 5616 5640
f 5639 5615 5616
f 5638 5615 5639
f 5638 5614 5615
f 5637 5614 5638
f 5637 5613 5614
f 5636 5613 5637
f 5636 5612 5613
f 5635 5612 5636
f 5635 5611 5612
f 5634 5611 5635
f 5649 5625 5650
f 5633 5610 5634
f 5633 5609 5610
f 5632 5609 5633
f 5648 5624 5292
f 5647 5624 5648
f 5647 5623 5624
f 5646 5623 5647
f 5646 5622 5623
f 5645 5622 5646
f 5645 5621 5622
f 5644 5621 5645
f 5644 5620 5621
f 5643 5620 5644
f 5643 5619 5620
f 5642 5619 5643
f 5657 5633 5658
f 5641 5618 5642
f 5641 5617 5618
f 5640 5617 5641
f 5655 5631 5656
f 5655 5630 5631
f 5654 5630 5655
f 5654 5629 5630
f 5653 5629 5654
f 5653 5628 5629
f 5652 5628 5653
f 5652 5627 5628
f 5651 5627 5652
f 5651 5626 5627
f 5650 5626 5651
f 5650 5625 5626
f 5665 5641 5666
f 5649 4763 5625
f 4761 4763 5649
f 5648 5292 5291
f 5663 5639 5664
f 5663 5638 5639
f 5662 5638 5663
f 5662 5637 5638
f 5661 5637 5662
f 5661 5636 5637
f 5660 5636 5661
f 5660 5635 5636
f 5659 5635 5660
f 5659 5634 5635
f 5658 5634 5659
f 5658 5633 5634
f 5673 5291 5290
f 5657 5632 5633
f 5656 5632 5657
f 5656 5631 5632
f 5671 5647 5672
f 5671 5646 5647
f 5670 5646 5671
f 5670 5645 5646
f 5669 5645 5670
f 5669 5644 5645
f 5668 5644 5669
f 5668 5643 5644
f 5667 5643 5668
f 5667 5642 5643
f 5666 5642 5667
f 5666 5641 5642
f 5681 5655 5656
f 5665 5640 5641
f 5664 5640 5665
f 5664 5639 5640
f 5679 5653 5654
f 5678 5653 5679
f 5678 5652 5653
f 5677 5652 5678
f 5677 5651 5652
f 5676 5651 5677
f 5676 5650 5651
f 5675 5650 5676
f 5675 5649 5650
f 5674 5649 5675
f 5674 4761 5649
f 4759 4761 5674
f 5689 5663 5664
f 5673 5648 5291
f 5672 5648 5673
f 5672 5647 5648
f 5687 5661 5662
f 5686 5661 5687
f 5686 5660 5661
f 5685 5660 5686
f 5685 5659 5660
f 5684 5659 5685
f 5684 5658 5659
f 5683 5658 5684
f 5683 5657 5658
f 5682 5657 5683
f 5682 5656 5657
f 5681 5656 5682
f 5697 5671 5672
f 5680 5655 5681
f 5680 5654 5655
f 5679 5654 5680
f 5695 5669 5670
f 5694 5669 5695
f 5694 5668 5669
f 5693 5668 5694
f 5693 5667 5668
f 5692 5667 5693
f 5692 5666 5667
f 5691 5666 5692
f 5691 5665 5666
f 5690 5665 5691
f 5690 5664 5665
f 5689 5664 5690
f 5704 5678 5705
f 5688 5663 5689
f 5688 5662 5663
f 5687 5662 5688
f 5702 5676 5703
f 5702 5675 5676
f 5701 5675 5702
f 5701 5674 5675
f 5700 5674 5701
f 5700 4759 5674
f 4757 4759 5700
f 5699 5290 5289
f 5699 5673 5290
f 5698 5673 5699
f 5698 5672 5673
f 5697 5672 5698
f 5712 5686 5713
f 5696 5671 5697
f 5696 5670 5671
f 5695 5670 5696
f 5710 5684 5711
f 5710 5683 5684
f 5709 5683 5710
f 5709 5682 5683
f 5708 5682 5709
f 5708 5681 5682
f 5707 5681 5708
f 5707 5680 5681
f 5706 5680 5707
f 5706 5679 5680
f 5705 5679 5706
f 5705 5678 5679
f 5720 5694 5721
f 5704 5677 5678
f 5703 5677 5704
f 5703 5676 5677
f 5718 5692 5719
f 5718 5691 5692
f 5717 5691 5718
f 5717 5690 5691
f 5716 5690 5717
f 5716 5689 5690
f 5715 5689 5716
f 5715 5688 5689
f 5714 5688 5715
f 5714 5687 5688
f 5713 5687 5714
f 5713 5686 5687
f 5728 5700 5701
f 5712 5685 5686
f 5711 5685 5712
f 5711 5684 5685
f 5726 5289 5288
f 5726 5699 5289
f 5725 5699 5726
f 5725 5698 5699
f 5724 5698 5725
f 5724 5697 5698
f 5723 5697 5724
f 5723 5696 5697
f 5722 5696 5723
f 5722 5695 5696
f 5721 5695 5722
f 5721 5694 5695
f 5736 5708 5709
f 5720 5693 5694
f 5719 5693 5720
f 5719 5692 5693
f 5734 5706 5707
f 5733 5706 5734
f 5733 5705 5706
f 5732 5705 5733
f 5732 5704 5705
f 5731 5704 5732
f 5731 5703 5704
f 5730 5703 5731
f 5730 5702 5703
f 5729 5702 5730
f 5729 5701 5702
f 5728 5701 5729
f 5744 5716 5717
f 5727 5700 5728
f 5727 4757 5700
f 4755 4757 5727
f 5742 5714 5715
f 5741 5714 5742
f 5741 5713 5714
f 5740 5713 5741
f 5740 5712 5713
f 5739 5712 5740
f 5739 5711 5712
f 5738 5711 5739
f 5738 5710 5711
f 5737 5710 5738
f 5737 5709 5710
f 5736 5709 5737
f 5752 5724 5725
f 5735 5708 5736
f 5735 5707 5708
f 5734 5707 5735
f 5750 5722 5723
f 5749 5722 5750
f 5749 5721 5722
f 5748 5721 5749
f 5748 5720 5721
f 5747 5720 5748
f 5747 5719 5720
f 5746 5719 5747
f 5746 5718 5719
f 5745 5718 5746
f 5745 5717 5718
f 5744 5717 5745
f 5759 5731 5760
f 5743 5716 5744
f 5743 5715 5716
f 5742 5715 5743
f 5757 5729 5758
f 5757 5728 5729
f 5756 5728 5757
f 5756 5727 5728
f 5755 5727 5756
f 5755 4755 5727
f 4753 4755 5755
f 5754 5288 5287
f 5754 5726 5288
f 5753 5726 5754
f 5753 5725 5726
f 5752 5725 5753
f 5767 5739 5768
f 5751 5724 5752
f 5751 5723 5724
f 5750 5723 5751
f 5765 5737 5766
f 5765 5736 5737
f 5764 5736 5765
f 5764 5735 5736
f 5763 5735 5764
f 5763 5734 5735
f 5762 5734 5763
f 5762 5733 5734
f 5761 5733 5762
f 5761 5732 5733
f 5760 5732 5761
f 5760 5731 5732
f 5775 5747 5776
f 5759 5730 5731
f 5758 5730 5759
f 5758 5729 5730
f 5773 5745 5774
f 5773 5744 5745
f 5772 5744 5773
f 5772 5743 5744
f 5771 5743 5772
f 5771 5742 5743
f 5770 5742 5771
f 5770 5741 5742
f 5769 5741 5770
f 5769 5740 5741
f 5768 5740 5769
f 5768 5739 5740
f 5783 5287 5286
f 5767 5738 5739
f 5766 5738 5767
f 5766 5737 5738
f 5781 5753 5782
f 5781 5752 5753
f 5780 5752 5781
f 5780 5751 5752
f 5779 5751 5780
f 5779 5750 5751
f 5778 5750 5779
f 5778 5749 5750
f 5777 5749 5778
f 5777 5748 5749
f 5776 5748 5777
f 5776 5747 5748
f 5790 5761 5791
f 5775 5746 5747
f 5774 5746 5775
f 5774 5745 5746
f 5788 5759 5789
f 5788 5758 5759
f 5787 5758 5788
f 5787 5757 5758
f 5786 5757 5787
f 5786 5756 5757
f 5785 5756 5786
f 5785 5755 5756
f 5784 5755 5785
f 5784 4753 5755
f 4751 4753 5784
f 5324 4749 4751
f 5798 5769 5799
f 5783 5754 5287
f 5782 5754 5783
f 5782 5753 5754
f 5796 5767 5797
f 5796 5766 5767
f 5795 5766 5796
f 5795 5765 5766
f 5794 5765 5795
f 5794 5764 5765
f 5793 5764 5794
f 5793 5763 5764
f 5792 5763 5793
f 5792 5762 5763
f 5791 5762 5792
f 5791 5761 5762
f 5806 5777 5807
f 5790 5760 5761
f 5789 5760 5790
f 5789 5759 5760
f 5804 5775 5805
f 5804 5774 5775
f 5803 5774 5804
f 5803 5773 5774
f 5802 5773 5803
f 5802 5772 5773
f 5801 5772 5802
f 5801 5771 5772
f 5800 5771 5801
f 5800 5770 5771
f 5799 5770 5800
f 5799 5769 5770
f 5784 5324 4751
f 5798 5768 5769
f 5797 5768 5798
f 5797 5767 5768
f 5812 5783 5813
f 5812 5782 5783
f 5811 5782 5812
f 5811 5781 5782
f 5810 5781 5811
f 5810 5780 5781
f 5809 5780 5810
f 5809 5779 5780
f 5808 5779 5809
f 5808 5778 5779
f 5807 5778 5808
f 5807 5777 5778
f 5315 5316 5792
f 5806 5776 5777
f 5805 5776 5806
f 5805 5775 5776
f 5317 5318 5790
f 5318 5789 5790
f 5318 5319 5789
f 5319 5788 5789
f 5319 5320 5788
f 5320 5787 5788
f 5320 5321 5787
f 5321 5786 5787
f 5321 5322 5786
f 5322 5785 5786
f 5322 5323 5785
f 5323 5784 5785
f 5307 5308 5800
f 5323 5324 5784
f 5813 5286 5285
f 5813 5783 5286
f 5309 5310 5798
f 5310 5797 5798
f 5310 5311 5797
f 5311 5796 5797
f 5311 5312 5796
f 5312 5795 5796
f 5312 5313 5795
f 5313 5794 5795
f 5313 5314 5794
f 5314 5793 5794
f 5314 5315 5793
f 5315 5792 5793
f 5299 5300 5808
f 5316 5791 5792
f 5316 5317 5791
f 5317 5790 5791
f 5301 5302 5806
f 5302 5805 5806
f 5302 5303 5805
f 5303 5804 5805
f 5303 5304 5804
f 5304 5803 5804
f 5304 5305 5803
f 5305 5802 5803
f 5305 5306 5802
f 5306 5801 5802
f 5306 5307 5801
f 5307 5800 5801
f 5135 5814 5815
f 5308 5799 5800
f 5308 5309 5799
f 5309 5798 5799
f 5284 5294 5285
f 5294 5813 5285
f 5294 5295 5813
f 5295 5812 5813
f 5295 5296 5812
f 5296 5811 5812
f 5296 5297 5811
f 5297 5810 5811
f 5297 5298 5810
f 5298 5809 5810
f 5298 5299 5809
f 5299 5808 5809
f 5151 5822 5152
f 5300 5807 5808
f 5300 5301 5807
f 5301 5806 5807
f 5147 5820 5821
f 5145 5820 5147
f 5145 5819 5820
f 5143 5819 5145
f 5143 5818 5819
f 5141 5818 5143
f 5141 5817 5818
f 5139 5817 5141
f 5139 5816 5817
f 5137 5816 5139
f 5137 5815 5816
f 5135 5815 5137
f 5821 5829 5830
f 5133 5814 5135
f 5133 5192 5814
f 5131 5192 5133
f 5819 5827 5828
f 5818 5827 5819
f 5818 5826 5827
f 5817 5826 5818
f 5817 5825 5826
f 5816 5825 5817
f 5816 5824 5825
f 5815 5824 5816
f 5815 5823 5824
f 5814 5823 5815
f 5814 5190 5823
f 5192 5190 5814
f 5828 5836 5829
f 5149 5822 5151
f 5149 5821 5822
f 5147 5821 5149
f 5826 5834 5827
f 5826 5833 5834
f 5825 5833 5826
f 5825 5832 5833
f 5824 5832 5825
f 5824 5831 5832
f 5823 5831 5824
f 5823 5188 5831
f 5190 5188 5823
f 5822 5154 5152
f 5822 5830 5154
f 5821 5830 5822
f 5836 5842 5843
f 5820 5829 5821
f 5820 5828 5829
f 5819 5828 5820
f 5834 5840 5841
f 5833 5840 5834
f 5833 5839 5840
f 5832 5839 5833
f 5832 5838 5839
f 5831 5838 5832
f 5831 5186 5838
f 5188 5186 5831
f 5830 5156 5154
f 5830 5837 5156
f 5829 5837 5830
f 5829 5836 5837
f 5843 5160 5158
f 5828 5835 5836
f 5827 5835 5828
f 5827 5834 5835
f 5841 5847 5842
f 5841 5846 5847
f 5840 5846 5841
f 5840 5845 5846
f 5839 5845 5840
f 5839 5844 5845
f 5838 5844 5839
f 5838 5184 5844
f 5186 5184 5838
f 5837 5158 5156
f 5837 5843 5158
f 5836 5843 5837
f 5850 5854 5851
f 5835 5842 5836
f 5835 5841 5842
f 5834 5841 5835
f 5182 5180 5849
f 5848 5162 5160
f 5848 5852 5162
f 5847 5852 5848
f 5847 5851 5852
f 5846 5851 5847
f 5846 5850 5851
f 5845 5850 5846
f 5845 5849 5850
f 5844 5849 5845
f 5844 5182 5849
f 5184 5182 5844
f 5857 5168 5166
f 5843 5848 5160
f 5842 5848 5843
f 5842 5847 5848
f 5178 5176 5856
f 5855 5166 5164
f 5855 5857 5166
f 5854 5857 5855
f 5854 5856 5857
f 5853 5856 5854
f 5853 5178 5856
f 5180 5178 5853
f 5976 5918 5977
f 6043 5950 5951
f 6042 5950 6043
f 6042 5949 5950
f 6041 5949 6042
f 6048 5942 6049
f 6040 5948 6041
f 6040 5947 5948
f 6039 5947 6040
f 6048 5943 5942
f 5955 5940 5939
f 6050 5940 5955
f 6050 5941 5940
f 6049 5941 6050
f 6047 5943 6048
f 5955 5939 5956
f 5961 5934 5933
f 5959 5936 5935
f 5958 5936 5959
f 5958 5937 5936
f 5969 5926 5925
f 5957 5937 5958
f 5957 5938 5937
f 5956 5938 5957
f 5967 5928 5927
f 5966 5928 5967
f 5966 5929 5928
f 5965 5929 5966
f 5965 5930 5929
f 5964 5930 5965
f 5964 5931 5930
f 5963 5931 5964
f 5963 5932 5931
f 5962 5932 5963
f 5962 5933 5932
f 5961 5933 5962
f 5977 5918 5917
f 5960 5934 5961
f 5960 5935 5934
f 5959 5935 5960
f 5975 5920 5919
f 5974 5920 5975
f 5974 5921 5920
f 5973 5921 5974
f 5973 5922 5921
f 5972 5922 5973
f 5972 5923 5922
f 5971 5923 5972
f 5971 5924 5923
f 5970 5924 5971
f 5970 5925 5924
f 5969 5925 5970
f 5985 5912 5911
f 5968 5926 5969
f 5968 5927 5926
f 5967 5927 5968
f 5983 5881 5880
f 5982 5881 5983
f 5982 5913 5881
f 5981 5913 5982
f 5981 5914 5913
f 5980 5914 5981
f 5980 5915 5914
f 5979 5915 5980
f 5979 5916 5915
f 5978 5916 5979
f 5978 5917 5916
f 5977 5917 5978
f 5993 5904 5903
f 6022 5873 5872
f 5976 5919 5918
f 5975 5919 5976
f 5991 5906 5905
f 5990 5906 5991
f 5990 5907 5906
f 5989 5907 5990
f 5989 5908 5907
f 5988 5908 5989
f 5988 5909 5908
f 5987 5909 5988
f 5987 5910 5909
f 5986 5910 5987
f 5986 5911 5910
f 5985 5911 5986
f 6001 5896 5895
f 5984 5912 5985
f 5984 5880 5912
f 5983 5880 5984
f 5999 5898 5897
f 5998 5898 5999
f 5998 5899 5898
f 5997 5899 5998
f 5997 5900 5899
f 5996 5900 5997
f 5996 5901 5900
f 5995 5901 5996
f 5995 5902 5901
f 5994 5902 5995
f 5994 5903 5902
f 5993 5903 5994
f 6009 5888 5887
f 5992 5904 5993
f 5992 5905 5904
f 5991 5905 5992
f 6007 5890 5889
f 6006 5890 6007
f 6006 5891 5890
f 6005 5891 6006
f 6005 5892 5891
f 6004 5892 6005
f 6004 5893 5892
f 6003 5893 6004
f 6003 5894 5893
f 6002 5894 6003
f 6002 5895 5894
f 6001 5895 6002
f 6017 5878 5877
f 6000 5896 6001
f 6000 5897 5896
f 5999 5897 6000
f 6015 5882 5879
f 6014 5882 6015
f 6014 5883 5882
f 6013 5883 6014
f 6013 5884 5883
f 6012 5884 6013
f 6012 5885 5884
f 6011 5885 6012
f 6011 5886 5885
f 6010 5886 6011
f 6010 5887 5886
f 6009 5887 6010
f 6025 5870 5869
f 6008 5888 6009
f 6008 5889 5888
f 6007 5889 6008
f 6023 5872 5871
f 6022 5872 6023
f 6045 5953 6046
f 6021 5873 6022
f 6021 5874 5873
f 6020 5874 6021
f 6020 5875 5874
f 6019 5875 6020
f 6019 5876 5875
f 6018 5876 6019
f 6018 5877 5876
f 6017 5877 6018
f 6033 5862 5861
f 6016 5878 6017
f 6016 5879 5878
f 6015 5879 6016
f 6031 5864 5863
f 6030 5864 6031
f 6030 5865 5864
f 6029 5865 6030
f 6029 5866 5865
f 6028 5866 6029
f 6028 5867 5866
f 6027 5867 6028
f 6027 5868 5867
f 6026 5868 6027
f 6026 5869 5868
f 6025 5869 6026
f 6041 5948 5949
f 6024 5870 6025
f 6024 5871 5870
f 6023 5871 6024
f 6039 5946 5947
f 6038 5946 6039
f 6038 5945 5946
f 6037 5945 6038
f 6037 5944 5945
f 6036 5944 6037
f 6036 5859 5944
f 6035 5859 6036
f 6035 5860 5859
f 6034 5860 6035
f 6034 5861 5860
f 6033 5861 6034
f 6049 5942 5941
f 6032 5862 6033
f 6032 5863 5862
f 6031 5863 6032
f 6047 5954 5943
f 6046 5954 6047
f 6046 5953 5954
f 5956 5939 5938
f 6045 5952 5953
f 6044 5952 6045
f 6044 5951 5952
f 6043 5951 6044
f 6124 6218 6219
f 6139 6232 6148
f 6138 6232 6139
f 6138 6231 6232
f 6137 6231 6138
f 6137 6230 6231
f 6136 6230 6137
f 6136 6229 6230
f 6135 6229 6136
f 6135 6228 6229
f 6134 6228 6135
f 6133 6227 6134
f 6133 6226 6227
f 6132 6226 6133
f 6145 6152 6146
f 6143 6150 6144
f 6143 6149 6150
f 6142 6149 6143
f 6142 6147 6149
f 6141 6147 6142
f 6148 6140 6139
f 6148 6141 6140
f 6147 6141 6148
f 6058 6159 6160
f 6056 6157 6158
f 6055 6157 6056
f 6055 6156 6157
f 6054 6156 6055
f 6053 6156 6054
f 6053 6155 6156
f 6052 6155 6053
f 6052 6154 6155
f 6051 6154 6052
f 6051 6153 6154
f 6146 6153 6051
f 6146 6152 6153
f 6066 6167 6067
f 6145 6151 6152
f 6144 6151 6145
f 6144 6150 6151
f 6064 6165 6065
f 6064 6164 6165
f 6063 6164 6064
f 6062 6164 6063
f 6062 6163 6164
f 6061 6163 6062
f 6061 6162 6163
f 6060 6162 6061
f 6060 6161 6162
f 6059 6161 6060
f 6059 6160 6161
f 6058 6160 6059
f 6075 6174 6175
f 6057 6159 6058
f 6057 6158 6159
f 6056 6158 6057
f 6072 6173 6073
f 6072 6172 6173
f 6071 6172 6072
f 6071 6171 6172
f 6070 6171 6071
f 6070 6170 6171
f 6069 6170 6070
f 6069 6169 6170
f 6068 6169 6069
f 6068 6168 6169
f 6067 6168 6068
f 6067 6167 6168
f 6083 6182 6084
f 6066 6166 6167
f 6065 6166 6066
f 6065 6165 6166
f 6081 6180 6181
f 6080 6180 6081
f 6080 6179 6180
f 6079 6179 6080
f 6079 6178 6179
f 6078 6178 6079
f 6078 6177 6178
f 6077 6177 6078
f 6077 6176 6177
f 6076 6176 6077
f 6076 6175 6176
f 6075 6175 6076
f 6091 6190 6092
f 6074 6174 6075
f 6074 6173 6174
f 6073 6173 6074
f 6089 6188 6090
f 6089 6187 6188
f 6088 6187 6089
f 6088 6186 6187
f 6087 6186 6088
f 6087 6185 6186
f 6086 6185 6087
f 6086 6184 6185
f 6085 6184 6086
f 6085 6183 6184
f 6084 6183 6085
f 6084 6182 6183
f 6100 6197 6198
f 6083 6181 6182
f 6082 6181 6083
f 6081 6181 6082
f 6098 6195 6196
f 6097 6195 6098
f 6097 6194 6195
f 6096 6194 6097
f 6096 6193 6194
f 6095 6193 6096
f 6095 6192 6193
f 6094 6192 6095
f 6094 6191 6192
f 6093 6191 6094
f 6093 6190 6191
f 6092 6190 6093
f 6108 6205 6109
f 6091 6189 6190
f 6090 6189 6091
f 6090 6188 6189
f 6106 6203 6107
f 6106 6202 6203
f 6105 6202 6106
f 6105 6201 6202
f 6104 6201 6105
f 6104 6200 6201
f 6103 6200 6104
f 6103 6199 6200
f 6102 6199 6103
f 6101 6199 6102
f 6101 6198 6199
f 6100 6198 6101
f 6117 6212 6213
f 6099 6197 6100
f 6099 6196 6197
f 6098 6196 6099
f 6115 6210 6211
f 6114 6210 6115
f 6114 6209 6210
f 6113 6209 6114
f 6113 6208 6209
f 6112 6208 6113
f 6112 6207 6208
f 6111 6207 6112
f 6110 6207 6111
f 6110 6206 6207
f 6109 6206 6110
f 6109 6205 6206
f 6125 6220 6126
f 6108 6204 6205
f 6107 6204 6108
f 6107 6203 6204
f 6123 6218 6124
f 6123 6217 6218
f 6122 6217 6123
f 6122 6216 6217
f 6121 6216 6122
f 6120 6216 6121
f 6120 6215 6216
f 6119 6215 6120
f 6119 6214 6215
f 6118 6214 6119
f 6118 6213 6214
f 6117 6213 6118
f 6134 6227 6228
f 6116 6212 6117
f 6116 6211 6212
f 6115 6211 6116
f 6132 6225 6226
f 6131 6225 6132
f 6131 6224 6225
f 6130 6224 6131
f 6129 6224 6130
f 6129 6223 6224
f 6128 6223 6129
f 6128 6222 6223
f 6127 6222 6128
f 6127 6221 6222
f 6126 6221 6127
f 6126 6220 6221
f 6125 6219 6220
f 6124 6219 6125
f 6318 6404 6405
f 6319 6404 6318
f 6319 6403 6404
f 6320 6403 6319
f 6320 6402 6403
f 6321 6402 6320
f 6321 6401 6402
f 6322 6401 6321
f 6322 6400 6401
f 6323 6400 6322
f 6323 6399 6400
f 6307 6414 6330
f 6324 6398 6399
f 6325 6398 6324
f 6295 6338 6339
f 6330 6305 6306
f 6329 6305 6330
f 6304 6331 6303
f 6298 6337 6297
f 6298 6336 6337
f 6299 6336 6298
f 6299 6335 6336
f 6300 6335 6299
f 6300 6334 6335
f 6301 6334 6300
f 6301 6333 6334
f 6302 6333 6301
f 6302 6332 6333
f 6303 6332 6302
f 6303 6331 6332
f 6287 6346 6286
f 6304 6329 6331
f 6305 6329 6304
f 6330 6306 6307
f 6289 6344 6345
f 6290 6344 6289
f 6290 6343 6344
f 6291 6343 6290
f 6291 6342 6343
f 6292 6342 6291
f 6292 6341 6342
f 6293 6341 6292
f 6293 6340 6341
f 6317 6405 6406
f 6294 6339 6340
f 6295 6339 6294
f 6279 6354 6278
f 6296 6338 6295
f 6297 6338 6296
f 6297 6337 6338
f 6281 6352 6280
f 6281 6351 6352
f 6282 6351 6281
f 6282 6350 6351
f 6283 6350 6282
f 6283 6349 6350
f 6284 6349 6283
f 6284 6348 6349
f 6285 6348 6284
f 6285 6347 6348
f 6286 6347 6285
f 6286 6346 6347
f 6270 6361 6362
f 6288 6346 6287
f 6288 6345 6346
f 6289 6345 6288
f 6272 6359 6360
f 6273 6359 6272
f 6273 6358 6359
f 6274 6358 6273
f 6274 6357 6358
f 6275 6357 6274
f 6275 6356 6357
f 6276 6356 6275
f 6276 6355 6356
f 6277 6355 6276
f 6278 6355 6277
f 6278 6354 6355
f 6262 6369 6261
f 6279 6353 6354
f 6280 6353 6279
f 6280 6352 6353
f 6264 6367 6263
f 6264 6366 6367
f 6265 6366 6264
f 6265 6365 6366
f 6266 6365 6265
f 6266 6364 6365
f 6267 6364 6266
f 6267 6363 6364
f 6268 6363 6267
f 6269 6363 6268
f 6269 6362 6363
f 6270 6362 6269
f 6253 6376 6377
f 6271 6361 6270
f 6271 6360 6361
f 6272 6360 6271
f 6255 6374 6375
f 6256 6374 6255
f 6256 6373 6374
f 6257 6373 6256
f 6257 6372 6373
f 6258 6372 6257
f 6259 6372 6258
f 6259 6371 6372
f 6260 6371 6259
f 6260 6370 6371
f 6261 6370 6260
f 6261 6369 6370
f 6245 6384 6244
f 6262 6368 6369
f 6294 6340 6293
f 6263 6367 6368
f 6247 6382 6246
f 6247 6381 6382
f 6248 6381 6247
f 6249 6381 6248
f 6249 6380 6381
f 6250 6380 6249
f 6250 6379 6380
f 6251 6379 6250
f 6251 6378 6379
f 6252 6378 6251
f 6252 6377 6378
f 6253 6377 6252
f 6236 6391 6392
f 6254 6376 6253
f 6254 6375 6376
f 6255 6375 6254
f 6238 6389 6390
f 6239 6389 6238
f 6240 6389 6239
f 6240 6388 6389
f 6241 6388 6240
f 6241 6387 6388
f 6242 6387 6241
f 6242 6386 6387
f 6243 6386 6242
f 6243 6385 6386
f 6244 6385 6243
f 6244 6384 6385
f 6324 6399 6323
f 6245 6383 6384
f 6246 6383 6245
f 6246 6382 6383
f 6326 6397 6398
f 6327 6397 6326
f 6327 6396 6397
f 6328 6396 6327
f 6328 6395 6396
f 6233 6395 6328
f 6233 6394 6395
f 6234 6394 6233
f 6234 6393 6394
f 6235 6393 6234
f 6235 6392 6393
f 6236 6392 6235
f 6315 6406 6407
f 6237 6391 6236
f 6237 6390 6391
f 6238 6390 6237
f 6317 6406 6316
f 6308 6414 6307
f 6308 6413 6414
f 6309 6413 6308
f 6309 6412 6413
f 6310 6412 6309
f 6310 6411 6412
f 6311 6411 6310
f 6311 6410 6411
f 6312 6410 6311
f 6312 6409 6410
f 6313 6409 6312
f 6313 6408 6409
f 6314 6408 6313
f 6314 6407 6408
f 6326 6398 6325
f 6316 6406 6315
f 6315 6407 6314
f 6318 6405 6317
f 6263 6368 6262
f 6599 6424 6601
f 6430 6429 6431
f 6446 6445 6447
f 6444 6445 6446
f 6444 6443 6445
f 6442 6443 6444
f 6442 6441 6443
f 6440 6441 6442
f 6440 6439 6441
f 6438 6439 6440
f 6438 6437 6439
f 6436 6437 6438
f 6436 6435 6437
f 6434 6435 6436
f 6434 6433 6435
f 6446 6447 6448
f 6449 6450 6428
f 6462 6463 6464
f 6462 6461 6463
f 6460 6461 6462
f 6460 6459 6461
f 6458 6459 6460
f 6458 6457 6459
f 6456 6457 6458
f 6454 6455 6456
f 6454 6453 6455
f 6452 6453 6454
f 6452 6449 6453
f 6450 6449 6452
f 6429 6451 6431
f 6428 6451 6429
f 6430 6431 6432
f 6467 6475 6469
f 6467 6474 6475
f 6465 6474 6467
f 6465 6473 6474
f 6463 6473 6465
f 6463 6472 6473
f 6461 6472 6463
f 6461 6471 6472
f 6459 6471 6461
f 6459 6470 6471
f 6457 6470 6459
f 6468 6469 6447
f 6468 6467 6469
f 6466 6467 6468
f 6466 6465 6467
f 6464 6465 6466
f 6477 6484 6478
f 6476 6483 6447
f 6476 6482 6483
f 6475 6482 6476
f 6475 6481 6482
f 6474 6481 6475
f 6474 6480 6481
f 6473 6480 6474
f 6473 6479 6480
f 6472 6479 6473
f 6472 6478 6479
f 6471 6478 6472
f 6471 6477 6478
f 6470 6477 6471
f 6469 6476 6447
f 6469 6475 6476
f 6493 6492 6494
f 6491 6492 6493
f 6491 6484 6492
f 6485 6484 6491
f 6483 6490 6447
f 6483 6489 6490
f 6482 6489 6483
f 6482 6488 6489
f 6481 6488 6482
f 6481 6487 6488
f 6480 6487 6481
f 6480 6486 6487
f 6479 6486 6480
f 6479 6485 6486
f 6478 6485 6479
f 6478 6484 6485
f 6509 6508 6510
f 6507 6508 6509
f 6507 6506 6508
f 6505 6506 6507
f 6505 6504 6506
f 6503 6504 6505
f 6503 6502 6504
f 6501 6502 6503
f 6501 6500 6502
f 6499 6500 6501
f 6499 6498 6500
f 6497 6498 6499
f 6497 6496 6498
f 6495 6496 6497
f 6495 6494 6496
f 6493 6494 6495
f 6525 6524 6526
f 6523 6524 6525
f 6523 6522 6524
f 6521 6522 6523
f 6521 6520 6522
f 6519 6520 6521
f 6519 6518 6520
f 6517 6518 6519
f 6517 6516 6518
f 6515 6516 6517
f 6515 6514 6516
f 6513 6514 6515
f 6513 6512 6514
f 6511 6512 6513
f 6511 6510 6512
f 6509 6510 6511
f 6541 6540 6542
f 6539 6540 6541
f 6539 6538 6540
f 6537 6538 6539
f 6537 6536 6538
f 6535 6536 6537
f 6535 6534 6536
f 6533 6534 6535
f 6533 6532 6534
f 6531 6532 6533
f 6531 6530 6532
f 6529 6530 6531
f 6529 6528 6530
f 6527 6528 6529
f 6527 6526 6528
f 6525 6526 6527
f 6555 6554 6556
f 6553 6554 6555
f 6553 6552 6554
f 6498 6552 6553
f 6498 6551 6552
f 6496 6551 6498
f 6434 6550 6432
f 6549 6550 6434
f 6549 6548 6550
f 6547 6548 6549
f 6547 6546 6548
f 6545 6546 6547
f 6545 6544 6546
f 6543 6544 6545
f 6543 6542 6544
f 6541 6542 6543
f 6571 6570 6572
f 6569 6570 6571
f 6569 6568 6570
f 6567 6568 6569
f 6567 6566 6568
f 6565 6566 6567
f 6565 6564 6566
f 6563 6564 6565
f 6563 6562 6564
f 6561 6562 6563
f 6561 6560 6562
f 6559 6560 6561
f 6559 6558 6560
f 6557 6558 6559
f 6557 6556 6558
f 6555 6556 6557
f 6584 6583 6455
f 6582 6583 6584
f 6582 6581 6583
f 6580 6581 6582
f 6580 6579 6581
f 6578 6579 6580
f 6578 6484 6579
f 6577 6484 6578
f 6577 6492 6484
f 6576 6492 6577
f 6576 6494 6492
f 6575 6494 6576
f 6575 6496 6494
f 6551 6496 6575
f 6573 6572 6574
f 6571 6572 6573
f 6592 6593 6594
f 6592 6591 6593
f 6590 6591 6592
f 6590 6589 6591
f 6417 6589 6590
f 6417 6588 6589
f 6416 6588 6417
f 6581 6470 6583
f 6579 6477 6581
f 6587 6428 6430
f 6587 6449 6428
f 6586 6449 6587
f 6586 6453 6449
f 6585 6453 6586
f 6585 6455 6453
f 6584 6455 6585
f 6604 6603 6421
f 6602 6603 6604
f 6602 6601 6603
f 6600 6601 6602
f 6600 6599 6601
f 6598 6599 6600
f 6598 6425 6599
f 6597 6425 6598
f 6597 6426 6425
f 6596 6426 6597
f 6596 6427 6426
f 6595 6427 6596
f 6595 6416 6427
f 6588 6416 6595
f 6594 6516 6514
f 6594 6593 6516
f 6612 6613 6614
f 6612 6611 6613
f 6610 6611 6612
f 6610 6609 6611
f 6415 6609 6610
f 6415 6608 6609
f 6418 6608 6415
f 6601 6423 6603
f 6763 6781 6782
f 6607 6418 6415
f 6607 6419 6418
f 6606 6419 6607
f 6606 6420 6419
f 6605 6420 6606
f 6605 6421 6420
f 6604 6421 6605
f 6623 6622 6624
f 6621 6622 6623
f 6621 6422 6622
f 6620 6422 6621
f 6619 6421 6620
f 6619 6420 6421
f 6618 6420 6619
f 6618 6419 6420
f 6616 6419 6618
f 6608 6617 6609
f 6418 6617 6608
f 6418 6616 6617
f 6419 6616 6418
f 6546 6615 6548
f 6614 6615 6546
f 6614 6613 6615
f 6626 6635 6628
f 6626 6634 6635
f 6624 6634 6626
f 6624 6633 6634
f 6622 6633 6624
f 6622 6423 6633
f 6422 6423 6622
f 6631 6632 6574
f 6631 6630 6632
f 6629 6630 6631
f 6629 6628 6630
f 6627 6628 6629
f 6627 6626 6628
f 6625 6626 6627
f 6625 6624 6626
f 6623 6624 6625
f 6637 6642 6643
f 6636 6642 6637
f 6636 6641 6642
f 6635 6641 6636
f 6635 6640 6641
f 6634 6640 6635
f 6634 6639 6640
f 6633 6639 6634
f 6633 6424 6639
f 6423 6424 6633
f 6632 6638 6574
f 6632 6637 6638
f 6630 6637 6632
f 6630 6636 6637
f 6628 6636 6630
f 6628 6635 6636
f 6642 6652 6643
f 6642 6651 6652
f 6641 6651 6642
f 6641 6650 6651
f 6640 6650 6641
f 6640 6649 6650
f 6639 6649 6640
f 6639 6425 6649
f 6424 6425 6639
f 6647 6648 6574
f 6647 6646 6648
f 6645 6646 6647
f 6645 6644 6646
f 6638 6644 6645
f 6638 6643 6644
f 6637 6643 6638
f 6660 6416 6661
f 6659 6416 6660
f 6659 6427 6416
f 6658 6427 6659
f 6658 6426 6427
f 6657 6426 6658
f 6657 6425 6426
f 6649 6425 6657
f 6648 6656 6574
f 6648 6655 6656
f 6646 6655 6648
f 6646 6654 6655
f 6644 6654 6646
f 6644 6653 6654
f 6643 6653 6644
f 6643 6652 6653
f 6676 6675 6573
f 6674 6675 6676
f 6674 6673 6675
f 6672 6673 6674
f 6672 6671 6673
f 6670 6671 6672
f 6670 6669 6671
f 6668 6669 6670
f 6668 6667 6669
f 6666 6667 6668
f 6666 6665 6667
f 6664 6665 6666
f 6664 6663 6665
f 6662 6663 6664
f 6662 6661 6663
f 6660 6661 6662
f 6688 6689 6690
f 6688 6687 6689
f 6686 6687 6688
f 6686 6685 6687
f 6677 6685 6686
f 6613 6684 6615
f 6683 6684 6613
f 6683 6682 6684
f 6681 6682 6683
f 6681 6680 6682
f 6679 6680 6681
f 6679 6678 6680
f 6677 6678 6679
f 6661 6417 6663
f 6416 6417 6661
f 6676 6573 6574
f 6705 6706 6707
f 6705 6704 6706
f 6703 6704 6705
f 6703 6702 6704
f 6701 6702 6703
f 6701 6700 6702
f 6699 6700 6701
f 6699 6698 6700
f 6697 6698 6699
f 6696 6695 6574
f 6694 6695 6696
f 6694 6693 6695
f 6692 6693 6694
f 6692 6691 6693
f 6690 6691 6692
f 6690 6689 6691
f 6706 6715 6708
f 6706 6714 6715
f 6704 6714 6706
f 6704 6713 6714
f 6702 6713 6704
f 6702 6712 6713
f 6700 6712 6702
f 6700 6711 6712
f 6698 6711 6700
f 6698 6710 6711
f 6697 6710 6698
f 6697 6547 6710
f 6545 6547 6697
f 6709 6708 6447
f 6707 6708 6709
f 6707 6706 6708
f 6730 6447 6731
f 6729 6447 6730
f 6728 6447 6729
f 6726 6447 6727
f 6725 6447 6726
f 6724 6447 6725
f 6723 6447 6724
f 6722 6447 6723
f 6721 6447 6722
f 6720 6447 6721
f 6719 6447 6720
f 6718 6447 6719
f 6717 6447 6718
f 6716 6447 6717
f 6709 6447 6716
f 6708 6715 6447
f 6696 6574 6745
f 6448 6447 6715
f 6744 6447 6445
f 6743 6447 6744
f 6742 6447 6743
f 6741 6447 6742
f 6740 6447 6741
f 6739 6447 6740
f 6738 6447 6739
f 6737 6447 6738
f 6736 6447 6737
f 6735 6447 6490
f 6734 6447 6735
f 6733 6447 6734
f 6732 6447 6733
f 6731 6447 6732
f 6760 6574 6656
f 6759 6574 6760
f 6758 6574 6759
f 6676 6574 6758
f 6757 6574 6572
f 6755 6574 6756
f 6754 6574 6755
f 6753 6574 6754
f 6752 6574 6753
f 6751 6574 6752
f 6750 6574 6751
f 6749 6574 6750
f 6748 6574 6749
f 6747 6574 6748
f 6746 6574 6747
f 6745 6574 6746
f 6771 6773 6774
f 6772 6773 6771
f 6772 6693 6773
f 6695 6693 6772
f 6772 6574 6695
f 6771 6574 6772
f 6770 6574 6771
f 6769 6574 6770
f 6768 6574 6769
f 6767 6574 6768
f 6766 6574 6767
f 6765 6574 6766
f 6764 6574 6765
f 6763 6574 6764
f 6762 6574 6763
f 6761 6574 6762
f 6432 6433 6434
f 6764 6781 6763
f 6764 6780 6781
f 6765 6780 6764
f 6765 6779 6780
f 6766 6779 6765
f 6766 6778 6779
f 6767 6778 6766
f 6767 6777 6778
f 6768 6777 6767
f 6768 6776 6777
f 6769 6776 6768
f 6769 6775 6776
f 6770 6775 6769
f 6770 6774 6775
f 6771 6774 6770
f 6777 6788 6778
f 6777 6787 6788
f 6776 6787 6777
f 6776 6786 6787
f 6775 6786 6776
f 6775 6785 6786
f 6774 6785 6775
f 6774 6784 6785
f 6773 6784 6774
f 6773 6691 6784
f 6693 6691 6773
f 6761 6629 6631
f 6761 6783 6629
f 6762 6783 6761
f 6762 6782 6783
f 6763 6782 6762
f 6785 6794 6795
f 6784 6794 6785
f 6784 6689 6794
f 6691 6689 6784
f 6783 6627 6629
f 6783 6793 6627
f 6782 6793 6783
f 6782 6792 6793
f 6781 6792 6782
f 6781 6791 6792
f 6780 6791 6781
f 6780 6790 6791
f 6779 6790 6780
f 6779 6789 6790
f 6778 6789 6779
f 6778 6788 6789
f 6793 6802 6625
f 6792 6802 6793
f 6792 6801 6802
f 6791 6801 6792
f 6791 6800 6801
f 6790 6800 6791
f 6790 6799 6800
f 6789 6799 6790
f 6789 6798 6799
f 6788 6798 6789
f 6788 6797 6798
f 6787 6797 6788
f 6787 6796 6797
f 6786 6796 6787
f 6786 6795 6796
f 6785 6795 6786
f 6800 6809 6801
f 6800 6808 6809
f 6799 6808 6800
f 6799 6807 6808
f 6798 6807 6799
f 6798 6806 6807
f 6797 6806 6798
f 6797 6805 6806
f 6796 6805 6797
f 6796 6804 6805
f 6795 6804 6796
f 6795 6803 6804
f 6794 6803 6795
f 6794 6687 6803
f 6689 6687 6794
f 6793 6625 6627
f 6808 6815 6816
f 6807 6815 6808
f 6807 6814 6815
f 6806 6814 6807
f 6806 6813 6814
f 6805 6813 6806
f 6805 6812 6813
f 6804 6812 6805
f 6804 6811 6812
f 6803 6811 6804
f 6803 6685 6811
f 6687 6685 6803
f 6802 6623 6625
f 6802 6810 6623
f 6801 6810 6802
f 6801 6809 6810
f 6815 6616 6816
f 6815 6617 6616
f 6814 6617 6815
f 6814 6819 6617
f 6813 6819 6814
f 6813 6818 6819
f 6812 6818 6813
f 6812 6679 6818
f 6811 6679 6812
f 6811 6677 6679
f 6685 6677 6811
f 6810 6621 6623
f 6810 6817 6621
f 6809 6817 6810
f 6809 6816 6817
f 6808 6816 6809
f 6827 6828 6829
f 6827 6826 6828
f 6825 6826 6827
f 6825 6824 6826
f 6823 6824 6825
f 6823 6822 6824
f 6821 6822 6823
f 6821 6686 6822
f 6820 6686 6821
f 6820 6677 6686
f 6678 6677 6820
f 6621 6619 6620
f 6817 6619 6621
f 6817 6618 6619
f 6816 6618 6817
f 6816 6616 6618
f 6843 6844 6845
f 6843 6842 6844
f 6841 6842 6843
f 6841 6840 6842
f 6839 6840 6841
f 6839 6838 6840
f 6837 6838 6839
f 6837 6836 6838
f 6835 6836 6837
f 6835 6834 6836
f 6833 6834 6835
f 6833 6832 6834
f 6831 6832 6833
f 6831 6830 6832
f 6829 6830 6831
f 6829 6828 6830
f 6852 6829 6853
f 6852 6827 6829
f 6851 6827 6852
f 6851 6825 6827
f 6850 6825 6851
f 6850 6823 6825
f 6849 6823 6850
f 6849 6821 6823
f 6848 6821 6849
f 6848 6820 6821
f 6847 6820 6848
f 6847 6678 6820
f 6680 6678 6847
f 6560 6846 6562
f 6845 6846 6560
f 6845 6844 6846
f 6860 6845 6558
f 6860 6843 6845
f 6859 6843 6860
f 6859 6841 6843
f 6858 6841 6859
f 6858 6839 6841
f 6857 6839 6858
f 6857 6837 6839
f 6856 6837 6857
f 6856 6835 6837
f 6855 6835 6856
f 6855 6833 6835
f 6854 6833 6855
f 6854 6831 6833
f 6853 6831 6854
f 6853 6829 6831
f 6867 6853 6868
f 6867 6852 6853
f 6866 6852 6867
f 6866 6851 6852
f 6865 6851 6866
f 6865 6850 6851
f 6864 6850 6865
f 6864 6849 6850
f 6863 6849 6864
f 6863 6848 6849
f 6862 6848 6863
f 6862 6847 6848
f 6861 6847 6862
f 6861 6680 6847
f 6682 6680 6861
f 6558 6845 6560
f 6684 6682 6875
f 6556 6860 6558
f 6874 6860 6556
f 6874 6859 6860
f 6873 6859 6874
f 6873 6858 6859
f 6872 6858 6873
f 6872 6857 6858
f 6871 6857 6872
f 6871 6856 6857
f 6870 6856 6871
f 6870 6855 6856
f 6869 6855 6870
f 6869 6854 6855
f 6868 6854 6869
f 6868 6853 6854
f 6882 6868 6883
f 6882 6867 6868
f 6881 6867 6882
f 6881 6866 6867
f 6880 6866 6881
f 6880 6865 6866
f 6879 6865 6880
f 6879 6864 6865
f 6878 6864 6879
f 6878 6863 6864
f 6877 6863 6878
f 6877 6862 6863
f 6876 6862 6877
f 6876 6861 6862
f 6875 6861 6876
f 6875 6682 6861
f 6889 6875 6890
f 6889 6684 6875
f 6615 6684 6889
f 6554 6874 6556
f 6888 6874 6554
f 6888 6873 6874
f 6887 6873 6888
f 6887 6872 6873
f 6886 6872 6887
f 6886 6871 6872
f 6885 6871 6886
f 6885 6870 6871
f 6884 6870 6885
f 6884 6869 6870
f 6883 6869 6884
f 6883 6868 6869
f 6897 6883 6898
f 6897 6882 6883
f 6896 6882 6897
f 6896 6881 6882
f 6895 6881 6896
f 6895 6880 6881
f 6894 6880 6895
f 6894 6879 6880
f 6893 6879 6894
f 6893 6878 6879
f 6892 6878 6893
f 6892 6877 6878
f 6891 6877 6892
f 6891 6876 6877
f 6890 6876 6891
f 6890 6875 6876
f 6541 6699 6903
f 6543 6699 6541
f 6543 6697 6699
f 6545 6697 6543
f 6614 6546 6544
f 6552 6888 6554
f 6902 6888 6552
f 6902 6887 6888
f 6901 6887 6902
f 6901 6886 6887
f 6900 6886 6901
f 6900 6885 6886
f 6899 6885 6900
f 6899 6884 6885
f 6898 6884 6899
f 6898 6883 6884
f 6525 6910 6911
f 6527 6910 6525
f 6527 6909 6910
f 6529 6909 6527
f 6529 6908 6909
f 6531 6908 6529
f 6531 6907 6908
f 6533 6907 6531
f 6533 6906 6907
f 6535 6906 6533
f 6535 6905 6906
f 6537 6905 6535
f 6537 6904 6905
f 6539 6904 6537
f 6539 6903 6904
f 6541 6903 6539
f 6509 6918 6919
f 6511 6918 6509
f 6511 6917 6918
f 6513 6917 6511
f 6513 6916 6917
f 6515 6916 6513
f 6515 6915 6916
f 6517 6915 6515
f 6517 6914 6915
f 6519 6914 6517
f 6519 6913 6914
f 6521 6913 6519
f 6521 6912 6913
f 6523 6912 6521
f 6523 6911 6912
f 6525 6911 6523
f 6493 6926 6927
f 6495 6926 6493
f 6495 6925 6926
f 6497 6925 6495
f 6497 6924 6925
f 6499 6924 6497
f 6499 6923 6924
f 6501 6923 6499
f 6501 6922 6923
f 6503 6922 6501
f 6503 6921 6922
f 6505 6921 6503
f 6505 6920 6921
f 6507 6920 6505
f 6507 6919 6920
f 6509 6919 6507
f 6741 6930 6931
f 6742 6930 6741
f 6742 6929 6930
f 6743 6929 6742
f 6743 6928 6929
f 6744 6928 6743
f 6744 6443 6928
f 6445 6443 6744
f 6631 6574 6761
f 6727 6447 6728
f 6756 6574 6757
f 6468 6447 6736
f 6574 6645 6647
f 6638 6645 6574
f 6491 6927 6485
f 6493 6927 6491
f 6929 6937 6930
f 6929 6936 6937
f 6928 6936 6929
f 6928 6441 6936
f 6443 6441 6928
f 6736 6466 6468
f 6736 6935 6466
f 6737 6935 6736
f 6737 6934 6935
f 6738 6934 6737
f 6738 6933 6934
f 6739 6933 6738
f 6739 6932 6933
f 6740 6932 6739
f 6740 6931 6932
f 6741 6931 6740
f 6937 6943 6944
f 6936 6943 6937
f 6936 6439 6943
f 6441 6439 6936
f 6935 6464 6466
f 6935 6942 6464
f 6934 6942 6935
f 6934 6941 6942
f 6933 6941 6934
f 6933 6940 6941
f 6932 6940 6933
f 6932 6939 6940
f 6931 6939 6932
f 6931 6938 6939
f 6930 6938 6931
f 6930 6937 6938
f 6944 6950 6945
f 6944 6949 6950
f 6943 6949 6944
f 6943 6437 6949
f 6439 6437 6943
f 6942 6462 6464
f 6942 6948 6462
f 6941 6948 6942
f 6941 6947 6948
f 6940 6947 6941
f 6940 6946 6947
f 6939 6946 6940
f 6939 6945 6946
f 6938 6945 6939
f 6938 6944 6945
f 6937 6944 6938
f 6952 6956 6957
f 6951 6956 6952
f 6951 6955 6956
f 6950 6955 6951
f 6950 6954 6955
f 6949 6954 6950
f 6949 6435 6954
f 6437 6435 6949
f 6948 6460 6462
f 6948 6953 6460
f 6947 6953 6948
f 6947 6952 6953
f 6946 6952 6947
f 6946 6951 6952
f 6945 6951 6946
f 6945 6950 6951
f 6486 6927 6958
f 6486 6485 6927
f 6433 6431 6451
f 6458 6454 6456
f 6957 6454 6458
f 6957 6452 6454
f 6956 6452 6957
f 6956 6450 6452
f 6955 6450 6956
f 6955 6451 6450
f 6954 6451 6955
f 6954 6433 6451
f 6435 6433 6954
f 6953 6458 6460
f 6953 6957 6458
f 6952 6957 6953
f 6965 6919 6966
f 6965 6920 6919
f 6964 6920 6965
f 6964 6921 6920
f 6963 6921 6964
f 6963 6922 6921
f 6962 6922 6963
f 6962 6923 6922
f 6961 6923 6962
f 6961 6924 6923
f 6960 6924 6961
f 6960 6925 6924
f 6959 6925 6960
f 6959 6926 6925
f 6958 6926 6959
f 6958 6927 6926
f 6973 6911 6974
f 6973 6912 6911
f 6972 6912 6973
f 6972 6913 6912
f 6971 6913 6972
f 6971 6914 6913
f 6970 6914 6971
f 6970 6915 6914
f 6969 6915 6970
f 6969 6916 6915
f 6968 6916 6969
f 6968 6917 6916
f 6967 6917 6968
f 6967 6918 6917
f 6966 6918 6967
f 6966 6919 6918
f 6981 6903 6701
f 6981 6904 6903
f 6980 6904 6981
f 6980 6905 6904
f 6979 6905 6980
f 6979 6906 6905
f 6978 6906 6979
f 6978 6907 6906
f 6977 6907 6978
f 6977 6908 6907
f 6976 6908 6977
f 6976 6909 6908
f 6975 6909 6976
f 6975 6910 6909
f 6974 6910 6975
f 6974 6911 6910
f 6987 6961 6962
f 6986 6961 6987
f 6986 6960 6961
f 6985 6960 6986
f 6985 6959 6960
f 6982 6959 6985
f 6982 6958 6959
f 6490 6984 6735
f 6489 6984 6490
f 6489 6983 6984
f 6488 6983 6489
f 6488 6982 6983
f 6487 6982 6488
f 6487 6958 6982
f 6486 6958 6487
f 6701 6903 6699
f 6995 6969 6970
f 6994 6969 6995
f 6994 6968 6969
f 6993 6968 6994
f 6993 6967 6968
f 6992 6967 6993
f 6992 6966 6967
f 6991 6966 6992
f 6991 6965 6966
f 6990 6965 6991
f 6990 6964 6965
f 6989 6964 6990
f 6989 6963 6964
f 6988 6963 6989
f 6988 6962 6963
f 6987 6962 6988
f 7003 6977 6978
f 7002 6977 7003
f 7002 6976 6977
f 7001 6976 7002
f 7001 6975 6976
f 7000 6975 7001
f 7000 6974 6975
f 6999 6974 7000
f 6999 6973 6974
f 6998 6973 6999
f 6998 6972 6973
f 6997 6972 6998
f 6997 6971 6972
f 6996 6971 6997
f 6996 6970 6971
f 6995 6970 6996
f 7009 6842 7010
f 7009 6844 6842
f 7008 6844 7009
f 7008 6846 6844
f 7007 6846 7008
f 7007 6562 6846
f 6564 6562 7007
f 6902 6552 6551
f 6703 6981 6701
f 7006 6981 6703
f 7006 6980 6981
f 7005 6980 7006
f 7005 6979 6980
f 7004 6979 7005
f 7004 6978 6979
f 7003 6978 7004
f 7017 6826 7018
f 7017 6828 6826
f 7016 6828 7017
f 7016 6830 6828
f 7015 6830 7016
f 7015 6832 6830
f 7014 6832 7015
f 7014 6834 6832
f 7013 6834 7014
f 7013 6836 6834
f 7012 6836 7013
f 7012 6838 6836
f 7011 6838 7012
f 7011 6840 6838
f 7010 6840 7011
f 7010 6842 6840
f 7024 7011 7025
f 7024 7010 7011
f 7023 7010 7024
f 7023 7009 7010
f 7022 7009 7023
f 7022 7008 7009
f 7021 7008 7022
f 7021 7007 7008
f 7020 7007 7021
f 7020 6564 7007
f 6566 6564 7020
f 6688 6822 6686
f 7019 6822 6688
f 7019 6824 6822
f 7018 6824 7019
f 7018 6826 6824
f 7032 7019 6690
f 7032 7018 7019
f 7031 7018 7032
f 7031 7017 7018
f 7030 7017 7031
f 7030 7016 7017
f 7029 7016 7030
f 7029 7015 7016
f 7028 7015 7029
f 7028 7014 7015
f 7027 7014 7028
f 7027 7013 7014
f 7026 7013 7027
f 7026 7012 7013
f 7025 7012 7026
f 7025 7011 7012
f 7039 7026 7040
f 7039 7025 7026
f 7038 7025 7039
f 7038 7024 7025
f 7037 7024 7038
f 7037 7023 7024
f 7036 7023 7037
f 7036 7022 7023
f 7035 7022 7036
f 7035 7021 7022
f 7034 7021 7035
f 7034 7020 7021
f 7033 7020 7034
f 7033 6566 7020
f 6568 6566 7033
f 6690 7019 6688
f 7046 6568 7033
f 6570 6568 7046
f 6757 6572 6570
f 6692 7032 6690
f 7045 7032 6692
f 7045 7031 7032
f 7044 7031 7045
f 7044 7030 7031
f 7043 7030 7044
f 7043 7029 7030
f 7042 7029 7043
f 7042 7028 7029
f 7041 7028 7042
f 7041 7027 7028
f 7040 7027 7041
f 7040 7026 7027
f 7054 7040 7041
f 7053 7040 7054
f 7053 7039 7040
f 7052 7039 7053
f 7052 7038 7039
f 7051 7038 7052
f 7051 7037 7038
f 7050 7037 7051
f 7050 7036 7037
f 7049 7036 7050
f 7049 7035 7036
f 7048 7035 7049
f 7048 7034 7035
f 7047 7034 7048
f 7047 7033 7034
f 7046 7033 7047
f 6567 7060 7061
f 6569 7060 6567
f 6569 7059 7060
f 6571 7059 6569
f 6571 6675 7059
f 6573 6675 6571
f 6694 7045 6692
f 7058 7045 6694
f 7058 7044 7045
f 7057 7044 7058
f 7057 7043 7044
f 7056 7043 7057
f 7056 7042 7043
f 7055 7042 7056
f 7055 7041 7042
f 7054 7041 7055
f 6553 6500 6498
f 6553 6502 6500
f 6553 7067 6502
f 6555 7067 6553
f 6555 7066 7067
f 6557 7066 6555
f 6557 7065 7066
f 6559 7065 6557
f 6559 7064 7065
f 6561 7064 6559
f 6561 7063 7064
f 6563 7063 6561
f 6563 7062 7063
f 6565 7062 6563
f 6565 7061 7062
f 6567 7061 6565
f 6755 7047 7048
f 6755 6756 7047
f 6576 6901 6575
f 6900 6901 6576
f 6756 7046 7047
f 7046 6757 6570
f 6756 6757 7046
f 6575 6902 6551
f 6901 6902 6575
f 7068 6985 6986
f 6735 7069 6734
f 6984 7069 6735
f 6984 7068 7069
f 6983 7068 6984
f 6983 6985 7068
f 6982 6985 6983
f 6751 6752 7051
f 6896 6582 6584
f 6896 6897 6582
f 6752 7050 7051
f 6752 6753 7050
f 6897 6580 6582
f 6897 6898 6580
f 6753 7049 7050
f 6753 6754 7049
f 6898 6578 6580
f 6578 6899 6577
f 6898 6899 6578
f 6754 7048 7049
f 6754 6755 7048
f 6577 6900 6576
f 6899 6900 6577
f 6747 7055 7056
f 6747 6748 7055
f 6587 6893 6586
f 6892 6893 6587
f 6748 7054 7055
f 6748 6749 7054
f 6586 6894 6585
f 6893 6894 6586
f 6749 7053 7054
f 6749 6750 7053
f 6585 6895 6584
f 6894 6895 6585
f 6750 7052 7053
f 6750 6751 7052
f 6895 6896 6584
f 6751 7051 7052
f 7076 6602 6604
f 7075 6602 7076
f 7075 6600 6602
f 7074 6600 7075
f 7074 6598 6600
f 7073 6598 7074
f 7073 6597 6598
f 7072 6597 7073
f 7072 6596 6597
f 7071 6596 7072
f 7071 6595 6596
f 7070 6595 7071
f 7070 6588 6595
f 6589 6588 7070
f 6746 7056 7057
f 6746 6747 7056
f 7083 7072 7084
f 7083 7071 7072
f 7082 7071 7083
f 7082 7070 7071
f 7081 7070 7082
f 7081 6589 7070
f 6591 6589 7081
f 7080 6415 6610
f 7080 6607 6415
f 7079 6607 7080
f 7079 6606 6607
f 7078 6606 7079
f 7078 6605 6606
f 7077 6605 7078
f 7077 6604 6605
f 7076 6604 7077
f 7091 7080 7092
f 7091 7079 7080
f 7090 7079 7091
f 7090 7078 7079
f 7089 7078 7090
f 7089 7077 7078
f 7088 7077 7089
f 7088 7076 7077
f 7087 7076 7088
f 7087 7075 7076
f 7086 7075 7087
f 7086 7074 7075
f 7085 7074 7086
f 7085 7073 7074
f 7084 7073 7085
f 7084 7072 7073
f 7098 7086 7099
f 7098 7085 7086
f 7097 7085 7098
f 7097 7084 7085
f 7096 7084 7097
f 7096 7083 7084
f 7095 7083 7096
f 7095 7082 7083
f 7094 7082 7095
f 7094 7081 7082
f 7093 7081 7094
f 7093 6591 7081
f 6593 6591 7093
f 6518 6516 6593
f 7092 6610 6612
f 7092 7080 6610
f 6992 7106 7107
f 6993 7106 6992
f 7105 6612 6614
f 7105 7092 6612
f 7104 7092 7105
f 7104 7091 7092
f 7103 7091 7104
f 7103 7090 7091
f 7102 7090 7103
f 7102 7089 7090
f 7101 7089 7102
f 7101 7088 7089
f 7100 7088 7101
f 7100 7087 7088
f 7099 7087 7100
f 7099 7086 7087
f 7108 7114 7115
f 7107 7114 7108
f 7107 7113 7114
f 7106 7113 7107
f 6986 7112 7068
f 6987 7112 6986
f 6987 7111 7112
f 6988 7111 6987
f 6988 7110 7111
f 6989 7110 6988
f 6989 7109 7110
f 6990 7109 6989
f 6990 7108 7109
f 6991 7108 6990
f 6991 7107 7108
f 6992 7107 6991
f 7121 6996 7122
f 7121 6995 6996
f 7120 6995 7121
f 7120 6994 6995
f 7119 6994 7120
f 7119 6993 6994
f 7106 6993 7119
f 7112 7069 7068
f 7112 7118 7069
f 7111 7118 7112
f 7111 7117 7118
f 7110 7117 7111
f 7110 7116 7117
f 7109 7116 7110
f 7109 7115 7116
f 7108 7115 7109
f 7129 7004 7130
f 7129 7003 7004
f 7128 7003 7129
f 7128 7002 7003
f 7127 7002 7128
f 7127 7001 7002
f 7126 7001 7127
f 7126 7000 7001
f 7125 7000 7126
f 7125 6999 7000
f 7124 6999 7125
f 7124 6998 6999
f 7123 6998 7124
f 7123 6997 6998
f 7122 6997 7123
f 7122 6996 6997
f 7118 6734 7069
f 7118 6733 6734
f 7117 6733 7118
f 7117 6732 6733
f 7116 6732 7117
f 7116 6731 6732
f 7115 6731 7116
f 7115 6730 6731
f 7114 6730 7115
f 7114 6729 6730
f 7113 6729 7114
f 6705 7006 6703
f 7131 7006 6705
f 7131 7005 7006
f 7130 7005 7131
f 7130 7004 7005
f 7139 7125 7126
f 7138 7125 7139
f 7138 7124 7125
f 7137 7124 7138
f 7137 7123 7124
f 7136 7123 7137
f 7136 7122 7123
f 7135 7122 7136
f 7135 7121 7122
f 7134 7121 7135
f 7134 7120 7121
f 7133 7120 7134
f 7133 7119 7120
f 7132 7119 7133
f 7132 7106 7119
f 7113 7106 7132
f 6727 7132 7133
f 6728 7132 6727
f 6728 7113 7132
f 6729 7113 6728
f 6707 7131 6705
f 7144 7131 6707
f 7144 7130 7131
f 7143 7130 7144
f 7143 7129 7130
f 7142 7129 7143
f 7142 7128 7129
f 7141 7128 7142
f 7141 7127 7128
f 7140 7127 7141
f 7140 7126 7127
f 7139 7126 7140
f 6719 7140 7141
f 6720 7140 6719
f 6720 7139 7140
f 6721 7139 6720
f 6721 7138 7139
f 6722 7138 6721
f 6722 7137 7138
f 6723 7137 6722
f 6723 7136 7137
f 6724 7136 6723
f 6724 7135 7136
f 6725 7135 6724
f 6725 7134 7135
f 6726 7134 6725
f 6726 7133 7134
f 6727 7133 6726
f 7148 6508 6506
f 7147 6508 7148
f 7147 6510 6508
f 7146 6510 7147
f 7146 6512 6510
f 7145 6512 7146
f 7145 6514 6512
f 6594 6514 7145
f 6709 7144 6707
f 6716 7144 6709
f 6716 7143 7144
f 6717 7143 6716
f 6717 7142 7143
f 6718 7142 6717
f 6718 7141 7142
f 6719 7141 6718
f 7066 7149 7067
f 7154 7149 7066
f 7154 7148 7149
f 7153 7148 7154
f 7153 7147 7148
f 7152 7147 7153
f 7152 7146 7147
f 7151 7146 7152
f 7151 7145 7146
f 7150 7145 7151
f 7150 6594 7145
f 6592 6594 7150
f 7067 6504 6502
f 7149 6504 7067
f 7149 6506 6504
f 7148 6506 7149
f 7160 7150 7161
f 7160 6592 7150
f 6590 6592 7160
f 6673 7059 6675
f 6673 7159 7059
f 6671 7159 6673
f 6671 7158 7159
f 6669 7158 6671
f 6669 7157 7158
f 6667 7157 6669
f 6667 7156 7157
f 6665 7156 6667
f 6665 7155 7156
f 6663 7155 6665
f 6663 6590 7155
f 6417 6590 6663
f 7170 6651 6650
f 7170 7169 6651
f 7168 7169 7170
f 7168 7167 7169
f 7166 7167 7168
f 7166 7165 7167
f 6664 7165 7166
f 7065 7154 7066
f 7164 7154 7065
f 7164 7153 7154
f 7163 7153 7164
f 7163 7152 7153
f 7162 7152 7163
f 7162 7151 7152
f 7161 7151 7162
f 7161 7150 7151
f 7172 6653 6652
f 7172 7175 6653
f 7171 7175 7172
f 6654 7176 6655
f 7175 7176 6654
f 7175 7174 7176
f 7171 7174 7175
f 7171 7173 7174
f 7165 7173 7171
f 7165 6666 7173
f 6664 6666 7165
f 7169 6652 6651
f 7169 7172 6652
f 7167 7172 7169
f 7167 7171 7172
f 7165 7171 7167
f 6528 6526 7097
f 6526 7096 7097
f 6526 6524 7096
f 6524 7095 7096
f 6524 6522 7095
f 6522 7094 7095
f 6522 6520 7094
f 6520 7093 7094
f 7093 6518 6593
f 6520 6518 7093
f 7177 7166 7168
f 6660 7177 6659
f 6662 7177 6660
f 6662 7166 7177
f 6664 7166 6662
f 7175 6654 6653
f 6609 7178 6611
f 6609 6819 7178
f 6617 6819 6609
f 6540 7103 7104
f 6540 6538 7103
f 6538 7102 7103
f 6538 6536 7102
f 6536 7101 7102
f 6536 6534 7101
f 6534 7100 7101
f 6534 6532 7100
f 6532 7099 7100
f 6532 6530 7099
f 6530 7098 7099
f 6530 6528 7098
f 6528 7097 7098
f 7058 6694 6696
f 7168 7180 7177
f 7168 7170 7180
f 7170 7179 7180
f 7179 6650 6649
f 7170 6650 7179
f 7180 6659 7177
f 7180 6658 6659
f 7179 6658 7180
f 7179 6657 6658
f 6649 6657 7179
f 6542 7104 7105
f 6542 6540 7104
f 7178 6819 6818
f 6611 6683 6613
f 6611 7178 6683
f 6440 7182 6438
f 7183 7182 6440
f 7183 6711 7182
f 6712 6711 7183
f 6438 7181 6436
f 7182 7181 6438
f 7182 6710 7181
f 6711 6710 7182
f 6436 6549 6434
f 7181 6549 6436
f 7181 6547 6549
f 6710 6547 7181
f 6550 6889 6890
f 6889 6548 6615
f 6550 6548 6889
f 7058 6696 6745
f 7185 6446 6448
f 7185 6444 6446
f 7178 6681 6683
f 6818 6681 7178
f 6818 6679 6681
f 7105 6544 6542
f 7105 6614 6544
f 6444 7184 6442
f 7185 7184 6444
f 7185 6713 7184
f 6714 6713 7185
f 6448 6715 6714
f 6442 7183 6440
f 7184 7183 6442
f 7184 6712 7183
f 6713 6712 7184
f 7158 7189 7159
f 7158 7188 7189
f 7157 7188 7158
f 7157 7187 7188
f 7156 7187 7157
f 7156 7186 7187
f 7155 7186 7156
f 7155 7160 7186
f 6590 7160 7155
f 6745 7057 7058
f 6745 6746 7057
f 6432 6890 6891
f 6550 6890 6432
f 6430 6892 6587
f 6430 6891 6892
f 6432 6891 6430
f 7194 7163 7195
f 7194 7162 7163
f 7193 7162 7194
f 7193 7161 7162
f 7186 7161 7193
f 6655 7192 6656
f 7176 7192 6655
f 7176 7191 7192
f 7174 7191 7176
f 7174 7190 7191
f 7173 7190 7174
f 7173 6668 7190
f 6666 6668 7173
f 7186 7160 7161
f 7159 7060 7059
f 7159 7189 7060
f 7189 7199 7061
f 7188 7199 7189
f 7188 7198 7199
f 7187 7198 7188
f 7187 7193 7198
f 7186 7193 7187
f 7192 6760 6656
f 7192 7197 6760
f 7191 7197 7192
f 7191 7196 7197
f 7190 7196 7191
f 7190 6670 7196
f 6668 6670 7190
f 7064 7164 7065
f 7195 7164 7064
f 7195 7163 7164
f 7199 7201 7062
f 7198 7201 7199
f 6674 7200 6672
f 6758 7200 6674
f 6758 6759 7200
f 7063 7195 7064
f 7201 7195 7063
f 7201 7194 7195
f 7198 7194 7201
f 7197 6759 6760
f 7197 7200 6759
f 7196 7200 7197
f 7196 6672 7200
f 6670 6672 7196
f 7198 7193 7194
f 7189 7061 7060
f 6714 7185 6448
f 6676 6758 6674
f 7062 7201 7063
f 7199 7062 7061
f 6432 6431 6433
f 6428 6450 6451
f 6428 6429 6430
f 6464 6463 6465
f 7289 7283 7282
f 7288 7281 7290
f 7288 7282 7281
f 7289 7282 7288
f 7294 7277 7276
f 7293 7277 7294
f 7293 7278 7277
f 7292 7278 7293
f 7302 7269 7268
f 7301 7269 7302
f 7301 7270 7269
f 7300 7270 7301
f 7300 7271 7270
f 7299 7271 7300
f 7299 7272 7271
f 7298 7272 7299
f 7298 7273 7272
f 7297 7273 7298
f 7297 7274 7273
f 7296 7274 7297
f 7296 7275 7274
f 7295 7275 7296
f 7295 7276 7275
f 7294 7276 7295
f 7310 7261 7260
f 7309 7261 7310
f 7309 7262 7261
f 7308 7262 7309
f 7308 7263 7262
f 7307 7263 7308
f 7307 7264 7263
f 7306 7264 7307
f 7306 7265 7264
f 7305 7265 7306
f 7305 7266 7265
f 7304 7266 7305
f 7304 7267 7266
f 7303 7267 7304
f 7303 7268 7267
f 7302 7268 7303
f 7318 7253 7252
f 7317 7253 7318
f 7317 7254 7253
f 7316 7254 7317
f 7316 7255 7254
f 7315 7255 7316
f 7315 7256 7255
f 7314 7256 7315
f 7314 7257 7256
f 7313 7257 7314
f 7313 7258 7257
f 7312 7258 7313
f 7312 7259 7258
f 7311 7259 7312
f 7311 7260 7259
f 7310 7260 7311
f 7326 7245 7244
f 7325 7245 7326
f 7325 7246 7245
f 7324 7246 7325
f 7324 7247 7246
f 7323 7247 7324
f 7323 7248 7247
f 7322 7248 7323
f 7322 7249 7248
f 7321 7249 7322
f 7321 7250 7249
f 7320 7250 7321
f 7320 7251 7250
f 7319 7251 7320
f 7319 7252 7251
f 7318 7252 7319
f 7334 7237 7236
f 7333 7237 7334
f 7333 7238 7237
f 7332 7238 7333
f 7332 7239 7238
f 7331 7239 7332
f 7331 7240 7239
f 7330 7240 7331
f 7330 7241 7240
f 7329 7241 7330
f 7329 7242 7241
f 7328 7242 7329
f 7328 7243 7242
f 7327 7243 7328
f 7327 7244 7243
f 7326 7244 7327
f 7342 7229 7228
f 7341 7229 7342
f 7341 7230 7229
f 7340 7230 7341
f 7340 7231 7230
f 7339 7231 7340
f 7339 7232 7231
f 7338 7232 7339
f 7338 7233 7232
f 7337 7233 7338
f 7337 7234 7233
f 7336 7234 7337
f 7336 7235 7234
f 7335 7235 7336
f 7335 7236 7235
f 7334 7236 7335
f 7350 7221 7220
f 7349 7221 7350
f 7349 7222 7221
f 7348 7222 7349
f 7348 7223 7222
f 7347 7223 7348
f 7347 7224 7223
f 7346 7224 7347
f 7346 7225 7224
f 7345 7225 7346
f 7345 7226 7225
f 7344 7226 7345
f 7344 7227 7226
f 7343 7227 7344
f 7343 7228 7227
f 7342 7228 7343
f 7358 7213 7212
f 7357 7213 7358
f 7357 7214 7213
f 7356 7214 7357
f 7356 7215 7214
f 7355 7215 7356
f 7355 7216 7215
f 7354 7216 7355
f 7354 7217 7216
f 7353 7217 7354
f 7353 7218 7217
f 7352 7218 7353
f 7352 7219 7218
f 7351 7219 7352
f 7351 7220 7219
f 7350 7220 7351
f 7366 7205 7204
f 7365 7205 7366
f 7365 7206 7205
f 7364 7206 7365
f 7364 7207 7206
f 7363 7207 7364
f 7363 7208 7207
f 7362 7208 7363
f 7362 7209 7208
f 7361 7209 7362
f 7361 7210 7209
f 7360 7210 7361
f 7360 7211 7210
f 7359 7211 7360
f 7359 7212 7211
f 7358 7212 7359
f 7292 7279 7278
f 7373 7283 7289
f 7373 7284 7283
f 7372 7284 7373
f 7372 7285 7284
f 7371 7285 7372
f 7371 7286 7285
f 7370 7286 7371
f 7370 7287 7286
f 7369 7287 7370
f 7369 7203 7287
f 7368 7203 7369
f 7368 7202 7203
f 7367 7202 7368
f 7367 7204 7202
f 7291 7279 7292
f 7291 7280 7279
f 7366 7204 7367
f 7290 7280 7291
f 7290 7281 7280
f 7491 7734 7735
f 8637 8629 8630
f 8637 8630 8638
f 8638 8630 8631
f 8638 8631 8639
f 8639 8631 8632
f 8639 8632 8640
f 8640 8632 8633
f 8640 8633 8038
f 8637 8641 8635
f 8637 8635 8634
f 8635 8641 8636
f 8636 8641 8642
f 8636 8642 8043
f 8043 8642 8042
f 8641 8638 8643
f 8643 8638 8639
f 8643 8639 8644
f 8644 8639 8640
f 8644 8640 8039
f 8039 8640 8038
f 8641 8643 8642
f 8642 8643 8645
f 8645 8643 8644
f 8039 8040 8644
f 8644 8040 8645
f 8040 8041 8645
f 7484 7485 7486
f 7460 7499 7500
f 7460 7500 7459
f 7374 7375 7472
f 7472 7375 7473
f 7472 7473 7474
f 7474 7473 7475
f 7474 7475 7476
f 7476 7475 7477
f 7476 7477 7478
f 7478 7477 7479
f 7478 7479 7480
f 7480 7479 7481
f 7480 7481 7482
f 7482 7481 7483
f 7482 7483 7484
f 7484 7483 7485
f 7513 7512 7514
f 7513 7514 7515
f 7486 7487 7488
f 7488 7487 7489
f 7488 7489 7490
f 7490 7489 7491
f 7490 7491 7492
f 7492 7491 7493
f 7492 7493 7494
f 7494 7493 7495
f 7494 7495 7496
f 7496 7495 7497
f 7496 7497 7498
f 7498 7497 7499
f 7498 7499 7461
f 7461 7499 7460
f 7529 7528 7530
f 7529 7530 7531
f 7459 7500 7501
f 7459 7501 7458
f 7458 7501 7502
f 7458 7502 7503
f 7503 7502 7504
f 7503 7504 7505
f 7505 7504 7506
f 7505 7506 7507
f 7507 7506 7508
f 7507 7508 7509
f 7509 7508 7510
f 7509 7510 7511
f 7511 7510 7512
f 7511 7512 7513
f 7545 7544 7546
f 7545 7546 7547
f 7515 7514 7516
f 7515 7516 7517
f 7517 7516 7518
f 7517 7518 7519
f 7519 7518 7520
f 7519 7520 7521
f 7521 7520 7522
f 7521 7522 7523
f 7523 7522 7524
f 7523 7524 7525
f 7525 7524 7526
f 7525 7526 7527
f 7527 7526 7528
f 7527 7528 7529
f 7441 7560 7440
f 7440 7560 7561
f 7531 7530 7532
f 7531 7532 7533
f 7533 7532 7534
f 7533 7534 7535
f 7535 7534 7536
f 7535 7536 7537
f 7537 7536 7538
f 7537 7538 7539
f 7539 7538 7540
f 7539 7540 7541
f 7541 7540 7542
f 7541 7542 7543
f 7543 7542 7544
f 7543 7544 7545
f 7572 7573 7574
f 7574 7573 7575
f 7547 7546 7548
f 7547 7548 7549
f 7549 7548 7550
f 7549 7550 7551
f 7551 7550 7552
f 7551 7552 7553
f 7553 7552 7554
f 7553 7554 7555
f 7555 7554 7556
f 7555 7556 7557
f 7557 7556 7558
f 7557 7558 7559
f 7559 7558 7560
f 7559 7560 7441
f 7588 7589 7590
f 7590 7589 7591
f 7440 7561 7439
f 7439 7561 7562
f 7439 7562 7438
f 7438 7562 7563
f 7438 7563 7564
f 7564 7563 7565
f 7564 7565 7566
f 7566 7565 7567
f 7566 7567 7568
f 7568 7567 7569
f 7568 7569 7570
f 7570 7569 7571
f 7570 7571 7572
f 7572 7571 7573
f 7604 7605 7606
f 7606 7605 7607
f 7574 7575 7576
f 7576 7575 7577
f 7576 7577 7578
f 7578 7577 7579
f 7578 7579 7580
f 7580 7579 7581
f 7580 7581 7582
f 7582 7581 7583
f 7582 7583 7584
f 7584 7583 7585
f 7584 7585 7586
f 7586 7585 7587
f 7586 7587 7588
f 7588 7587 7589
f 7620 7621 7421
f 7421 7621 7420
f 7590 7591 7592
f 7592 7591 7593
f 7592 7593 7594
f 7594 7593 7595
f 7594 7595 7596
f 7596 7595 7597
f 7596 7597 7598
f 7598 7597 7599
f 7598 7599 7600
f 7600 7599 7601
f 7600 7601 7602
f 7602 7601 7603
f 7602 7603 7604
f 7604 7603 7605
f 7633 7632 7634
f 7633 7634 7635
f 7606 7607 7608
f 7608 7607 7609
f 7608 7609 7610
f 7610 7609 7611
f 7610 7611 7612
f 7612 7611 7613
f 7612 7613 7614
f 7614 7613 7615
f 7614 7615 7616
f 7616 7615 7617
f 7616 7617 7618
f 7618 7617 7619
f 7618 7619 7620
f 7620 7619 7621
f 7649 7648 7650
f 7649 7650 7651
f 7420 7621 7622
f 7420 7622 7419
f 7419 7622 7623
f 7419 7623 7418
f 7418 7623 7624
f 7418 7624 7625
f 7625 7624 7626
f 7625 7626 7627
f 7627 7626 7628
f 7627 7628 7629
f 7629 7628 7630
f 7629 7630 7631
f 7631 7630 7632
f 7631 7632 7633
f 7665 7664 7666
f 7665 7666 7667
f 7635 7634 7636
f 7635 7636 7637
f 7637 7636 7638
f 7637 7638 7639
f 7639 7638 7640
f 7639 7640 7641
f 7641 7640 7642
f 7641 7642 7643
f 7643 7642 7644
f 7643 7644 7645
f 7645 7644 7646
f 7645 7646 7647
f 7647 7646 7648
f 7647 7648 7649
f 7402 7680 7401
f 7401 7680 7681
f 7651 7650 7652
f 7651 7652 7653
f 7653 7652 7654
f 7653 7654 7655
f 7655 7654 7656
f 7655 7656 7657
f 7657 7656 7658
f 7657 7658 7659
f 7659 7658 7660
f 7659 7660 7661
f 7661 7660 7662
f 7661 7662 7663
f 7663 7662 7664
f 7663 7664 7665
f 7691 7692 7693
f 7693 7692 7694
f 7667 7666 7668
f 7667 7668 7669
f 7669 7668 7670
f 7669 7670 7671
f 7671 7670 7672
f 7671 7672 7673
f 7673 7672 7674
f 7673 7674 7675
f 7675 7674 7676
f 7675 7676 7677
f 7677 7676 7678
f 7677 7678 7679
f 7679 7678 7680
f 7679 7680 7402
f 7707 7708 7709
f 7709 7708 7710
f 7401 7681 7400
f 7400 7681 7682
f 7400 7682 7399
f 7399 7682 7683
f 7399 7683 7398
f 7398 7683 7684
f 7398 7684 7685
f 7685 7684 7686
f 7685 7686 7687
f 7687 7686 7688
f 7687 7688 7689
f 7689 7688 7690
f 7689 7690 7691
f 7691 7690 7692
f 7723 7724 7725
f 7725 7724 7726
f 7693 7694 7695
f 7695 7694 7696
f 7695 7696 7697
f 7697 7696 7698
f 7697 7698 7699
f 7699 7698 7700
f 7699 7700 7701
f 7701 7700 7702
f 7701 7702 7703
f 7703 7702 7704
f 7703 7704 7705
f 7705 7704 7706
f 7705 7706 7707
f 7707 7706 7708
f 7489 7733 7734
f 7489 7734 7491
f 7709 7710 7711
f 7711 7710 7712
f 7711 7712 7713
f 7713 7712 7714
f 7713 7714 7715
f 7715 7714 7716
f 7715 7716 7717
f 7717 7716 7718
f 7717 7718 7719
f 7719 7718 7720
f 7719 7720 7721
f 7721 7720 7722
f 7721 7722 7723
f 7723 7722 7724
f 7731 7741 7742
f 7731 7742 7732
f 7725 7726 7727
f 7727 7726 7379
f 7727 7379 7380
f 7477 7728 7479
f 7479 7728 7729
f 7479 7729 7481
f 7481 7729 7730
f 7481 7730 7483
f 7483 7730 7731
f 7483 7731 7485
f 7485 7731 7732
f 7485 7732 7487
f 7487 7732 7733
f 7487 7733 7489
f 7500 7749 7501
f 7739 7750 7740
f 7906 7916 7907
f 7491 7735 7493
f 7493 7735 7736
f 7493 7736 7495
f 7495 7736 7737
f 7495 7737 7497
f 7497 7737 7738
f 7497 7738 7499
f 7499 7738 7500
f 7728 7739 7729
f 7729 7739 7740
f 7729 7740 7730
f 7730 7740 7741
f 7730 7741 7731
f 7747 7757 7758
f 7747 7758 7748
f 7732 7742 7743
f 7732 7743 7733
f 7733 7743 7744
f 7733 7744 7734
f 7734 7744 7745
f 7734 7745 7735
f 7735 7745 7746
f 7735 7746 7736
f 7736 7746 7747
f 7736 7747 7737
f 7737 7747 7748
f 7737 7748 7738
f 7738 7748 7749
f 7738 7749 7500
f 7755 7765 7766
f 7755 7766 7756
f 7740 7750 7751
f 7740 7751 7741
f 7741 7751 7752
f 7741 7752 7742
f 7742 7752 7753
f 7742 7753 7743
f 7743 7753 7754
f 7743 7754 7744
f 7744 7754 7755
f 7744 7755 7745
f 7745 7755 7756
f 7745 7756 7746
f 7746 7756 7757
f 7746 7757 7747
f 7763 7773 7764
f 7764 7773 7774
f 7748 7758 7759
f 7748 7759 7749
f 7749 7759 7760
f 7749 7760 7501
f 7501 7760 7502
f 7750 7761 7751
f 7751 7761 7762
f 7751 7762 7752
f 7752 7762 7763
f 7752 7763 7753
f 7753 7763 7764
f 7753 7764 7754
f 7754 7764 7765
f 7754 7765 7755
f 7772 7780 7781
f 7772 7781 7773
f 7756 7766 7767
f 7756 7767 7757
f 7757 7767 7768
f 7757 7768 7758
f 7758 7768 7769
f 7758 7769 7759
f 7759 7769 7770
f 7759 7770 7760
f 7760 7770 7504
f 7760 7504 7502
f 7761 7771 7762
f 7762 7771 7772
f 7762 7772 7763
f 7763 7772 7773
f 7781 7780 7788
f 7788 7780 7789
f 7764 7774 7765
f 7765 7774 7775
f 7765 7775 7766
f 7766 7775 7776
f 7766 7776 7767
f 7767 7776 7777
f 7767 7777 7768
f 7768 7777 7778
f 7768 7778 7769
f 7769 7778 7779
f 7769 7779 7770
f 7770 7779 7506
f 7770 7506 7504
f 7771 7780 7772
f 7540 7801 7542
f 7542 7801 7802
f 7773 7781 7782
f 7773 7782 7774
f 7774 7782 7783
f 7774 7783 7775
f 7775 7783 7784
f 7775 7784 7776
f 7776 7784 7785
f 7776 7785 7777
f 7777 7785 7786
f 7777 7786 7778
f 7778 7786 7787
f 7778 7787 7779
f 7779 7787 7508
f 7779 7508 7506
f 7556 7809 7558
f 7558 7809 7810
f 7788 7789 7790
f 7790 7789 7791
f 7790 7791 7792
f 7792 7791 7793
f 7792 7793 7794
f 7794 7793 7795
f 7794 7795 7796
f 7796 7795 7797
f 7796 7797 7798
f 7798 7797 7799
f 7798 7799 7522
f 7522 7799 7524
f 7538 7800 7540
f 7540 7800 7801
f 7806 7817 7807
f 7807 7817 7818
f 7542 7802 7544
f 7544 7802 7803
f 7544 7803 7546
f 7546 7803 7804
f 7546 7804 7548
f 7548 7804 7805
f 7548 7805 7550
f 7550 7805 7806
f 7550 7806 7552
f 7552 7806 7807
f 7552 7807 7554
f 7554 7807 7808
f 7554 7808 7556
f 7556 7808 7809
f 7814 7825 7815
f 7815 7825 7826
f 7558 7810 7560
f 7560 7810 7561
f 7800 7811 7801
f 7801 7811 7812
f 7801 7812 7802
f 7802 7812 7813
f 7802 7813 7803
f 7803 7813 7814
f 7803 7814 7804
f 7804 7814 7815
f 7804 7815 7805
f 7805 7815 7816
f 7805 7816 7806
f 7806 7816 7817
f 7822 7833 7823
f 7823 7833 7834
f 7807 7818 7808
f 7808 7818 7819
f 7808 7819 7809
f 7809 7819 7820
f 7809 7820 7810
f 7810 7820 7821
f 7810 7821 7561
f 7561 7821 7562
f 7811 7822 7812
f 7812 7822 7823
f 7812 7823 7813
f 7813 7823 7824
f 7813 7824 7814
f 7814 7824 7825
f 7830 7841 7831
f 7831 7841 7842
f 7815 7826 7816
f 7816 7826 7827
f 7816 7827 7817
f 7817 7827 7828
f 7817 7828 7818
f 7818 7828 7829
f 7818 7829 7819
f 7819 7829 7830
f 7819 7830 7820
f 7820 7830 7831
f 7820 7831 7821
f 7821 7831 7832
f 7821 7832 7562
f 7562 7832 7563
f 7839 7848 7849
f 7839 7849 7840
f 7823 7834 7824
f 7824 7834 7835
f 7824 7835 7825
f 7825 7835 7836
f 7825 7836 7826
f 7826 7836 7837
f 7826 7837 7827
f 7827 7837 7838
f 7827 7838 7828
f 7828 7838 7839
f 7828 7839 7829
f 7829 7839 7840
f 7829 7840 7830
f 7830 7840 7841
f 7847 7856 7848
f 7848 7856 7857
f 7831 7842 7832
f 7832 7842 7565
f 7832 7565 7563
f 7833 7843 7834
f 7834 7843 7844
f 7834 7844 7835
f 7835 7844 7845
f 7835 7845 7836
f 7836 7845 7846
f 7836 7846 7837
f 7837 7846 7847
f 7837 7847 7838
f 7838 7847 7848
f 7838 7848 7839
f 7866 7865 7867
f 7866 7867 7868
f 7840 7849 7850
f 7840 7850 7841
f 7841 7850 7851
f 7841 7851 7842
f 7842 7851 7567
f 7842 7567 7565
f 7843 7852 7844
f 7844 7852 7853
f 7844 7853 7845
f 7845 7853 7854
f 7845 7854 7846
f 7846 7854 7855
f 7846 7855 7847
f 7847 7855 7856
f 7609 7876 7877
f 7609 7877 7611
f 7848 7857 7849
f 7849 7857 7858
f 7849 7858 7850
f 7850 7858 7859
f 7850 7859 7851
f 7851 7859 7569
f 7851 7569 7567
f 7853 7852 7860
f 7860 7852 7861
f 7860 7861 7862
f 7862 7861 7863
f 7862 7863 7864
f 7864 7863 7865
f 7864 7865 7866
f 7874 7884 7885
f 7874 7885 7875
f 7868 7867 7869
f 7868 7869 7870
f 7870 7869 7871
f 7870 7871 7583
f 7583 7871 7585
f 7599 7872 7601
f 7601 7872 7873
f 7601 7873 7603
f 7603 7873 7874
f 7603 7874 7605
f 7605 7874 7875
f 7605 7875 7607
f 7607 7875 7876
f 7607 7876 7609
f 7882 7892 7893
f 7882 7893 7622
f 7611 7877 7878
f 7611 7878 7613
f 7613 7878 7879
f 7613 7879 7615
f 7615 7879 7880
f 7615 7880 7617
f 7617 7880 7881
f 7617 7881 7619
f 7619 7881 7882
f 7619 7882 7621
f 7621 7882 7622
f 7872 7883 7873
f 7873 7883 7884
f 7873 7884 7874
f 7890 7900 7901
f 7890 7901 7891
f 7875 7885 7886
f 7875 7886 7876
f 7876 7886 7887
f 7876 7887 7877
f 7877 7887 7888
f 7877 7888 7878
f 7878 7888 7889
f 7878 7889 7879
f 7879 7889 7890
f 7879 7890 7880
f 7880 7890 7891
f 7880 7891 7881
f 7881 7891 7892
f 7881 7892 7882
f 7898 7908 7909
f 7898 7909 7899
f 7622 7893 7623
f 7883 7894 7884
f 7884 7894 7895
f 7884 7895 7885
f 7885 7895 7896
f 7885 7896 7886
f 7886 7896 7897
f 7886 7897 7887
f 7887 7897 7898
f 7887 7898 7888
f 7888 7898 7899
f 7888 7899 7889
f 7889 7899 7900
f 7889 7900 7890
f 7486 7485 7487
f 7907 7916 7917
f 7891 7901 7902
f 7891 7902 7892
f 7892 7902 7903
f 7892 7903 7893
f 7893 7903 7904
f 7893 7904 7623
f 7623 7904 7624
f 7894 7905 7895
f 7895 7905 7906
f 7895 7906 7896
f 7896 7906 7907
f 7896 7907 7897
f 7897 7907 7908
f 7897 7908 7898
f 7914 7628 7626
f 7915 7924 7916
f 7899 7909 7910
f 7899 7910 7900
f 7900 7910 7911
f 7900 7911 7901
f 7901 7911 7912
f 7901 7912 7902
f 7902 7912 7913
f 7902 7913 7903
f 7903 7913 7914
f 7903 7914 7904
f 7904 7914 7626
f 7904 7626 7624
f 7905 7915 7906
f 7906 7915 7916
f 7923 7931 7630
f 7923 7630 7628
f 7907 7917 7908
f 7908 7917 7918
f 7908 7918 7909
f 7909 7918 7919
f 7909 7919 7910
f 7910 7919 7920
f 7910 7920 7911
f 7911 7920 7921
f 7911 7921 7912
f 7912 7921 7922
f 7912 7922 7913
f 7913 7922 7923
f 7913 7923 7914
f 7914 7923 7628
f 7658 7944 7660
f 7660 7944 7945
f 7916 7924 7925
f 7916 7925 7917
f 7917 7925 7926
f 7917 7926 7918
f 7918 7926 7927
f 7918 7927 7919
f 7919 7927 7928
f 7919 7928 7920
f 7920 7928 7929
f 7920 7929 7921
f 7921 7929 7930
f 7921 7930 7922
f 7922 7930 7931
f 7922 7931 7923
f 7674 7952 7676
f 7676 7952 7953
f 7925 7924 7932
f 7932 7924 7933
f 7932 7933 7934
f 7934 7933 7935
f 7934 7935 7936
f 7936 7935 7937
f 7936 7937 7938
f 7938 7937 7939
f 7938 7939 7940
f 7940 7939 7941
f 7940 7941 7942
f 7942 7941 7943
f 7942 7943 7644
f 7644 7943 7646
f 7949 7960 7950
f 7950 7960 7961
f 7660 7945 7662
f 7662 7945 7946
f 7662 7946 7664
f 7664 7946 7947
f 7664 7947 7666
f 7666 7947 7948
f 7666 7948 7668
f 7668 7948 7949
f 7668 7949 7670
f 7670 7949 7950
f 7670 7950 7672
f 7672 7950 7951
f 7672 7951 7674
f 7674 7951 7952
f 7957 7968 7958
f 7958 7968 7969
f 7676 7953 7678
f 7678 7953 7954
f 7678 7954 7680
f 7680 7954 7681
f 7944 7955 7945
f 7945 7955 7956
f 7945 7956 7946
f 7946 7956 7957
f 7946 7957 7947
f 7947 7957 7958
f 7947 7958 7948
f 7948 7958 7959
f 7948 7959 7949
f 7949 7959 7960
f 7965 7976 7682
f 7682 7976 7683
f 7950 7961 7951
f 7951 7961 7962
f 7951 7962 7952
f 7952 7962 7963
f 7952 7963 7953
f 7953 7963 7964
f 7953 7964 7954
f 7954 7964 7965
f 7954 7965 7681
f 7681 7965 7682
f 7955 7966 7956
f 7956 7966 7967
f 7956 7967 7957
f 7957 7967 7968
f 7973 7984 7974
f 7974 7984 7985
f 7958 7969 7959
f 7959 7969 7970
f 7959 7970 7960
f 7960 7970 7971
f 7960 7971 7961
f 7961 7971 7972
f 7961 7972 7962
f 7962 7972 7973
f 7962 7973 7963
f 7963 7973 7974
f 7963 7974 7964
f 7964 7974 7975
f 7964 7975 7965
f 7965 7975 7976
f 7981 7992 7982
f 7982 7992 7993
f 7966 7977 7967
f 7967 7977 7978
f 7967 7978 7968
f 7968 7978 7979
f 7968 7979 7969
f 7969 7979 7980
f 7969 7980 7970
f 7970 7980 7981
f 7970 7981 7971
f 7971 7981 7982
f 7971 7982 7972
f 7972 7982 7983
f 7972 7983 7973
f 7973 7983 7984
f 7990 7999 8000
f 7990 8000 7991
f 7974 7985 7975
f 7975 7985 7986
f 7975 7986 7976
f 7976 7986 7987
f 7976 7987 7683
f 7683 7987 7684
f 7977 7988 7978
f 7978 7988 7989
f 7978 7989 7979
f 7979 7989 7990
f 7979 7990 7980
f 7980 7990 7991
f 7980 7991 7981
f 7981 7991 7992
f 7998 8007 7999
f 7999 8007 8008
f 7982 7993 7983
f 7983 7993 7994
f 7983 7994 7984
f 7984 7994 7995
f 7984 7995 7985
f 7985 7995 7996
f 7985 7996 7986
f 7986 7996 7997
f 7986 7997 7987
f 7987 7997 7686
f 7987 7686 7684
f 7988 7998 7989
f 7989 7998 7999
f 7989 7999 7990
f 8006 7690 7688
f 8008 8007 8015
f 7991 8000 8001
f 7991 8001 7992
f 7992 8001 8002
f 7992 8002 7993
f 7993 8002 8003
f 7993 8003 7994
f 7994 8003 8004
f 7994 8004 7995
f 7995 8004 8005
f 7995 8005 7996
f 7996 8005 8006
f 7996 8006 7997
f 7997 8006 7688
f 7997 7688 7686
f 7720 8027 8028
f 7720 8028 7722
f 7999 8008 8000
f 8000 8008 8009
f 8000 8009 8001
f 8001 8009 8010
f 8001 8010 8002
f 8002 8010 8011
f 8002 8011 8003
f 8003 8011 8012
f 8003 8012 8004
f 8004 8012 8013
f 8004 8013 8005
f 8005 8013 8014
f 8005 8014 8006
f 8006 8014 7690
f 8032 8034 8035
f 8032 8035 8033
f 8015 8007 8016
f 8015 8016 8017
f 8017 8016 8018
f 8017 8018 8019
f 8019 8018 8020
f 8019 8020 8021
f 8021 8020 8022
f 8021 8022 8023
f 8023 8022 8024
f 8023 8024 8025
f 8025 8024 8026
f 8025 8026 7704
f 7704 8026 7706
f 7718 8027 7720
f 8040 7384 7385
f 8040 7385 8041
f 7722 8028 8029
f 7722 8029 7724
f 7724 8029 8030
f 7724 8030 7726
f 7726 8030 7378
f 7726 7378 7379
f 8027 8031 8028
f 8028 8031 8032
f 8028 8032 8029
f 8029 8032 8033
f 8029 8033 8030
f 8030 8033 7377
f 8030 7377 7378
f 8031 8034 8032
f 8048 8049 8050
f 8050 8049 8051
f 8033 8035 7376
f 8033 7376 7377
f 8034 7375 8035
f 8035 7375 7374
f 8035 7374 7376
f 7727 7380 8036
f 8036 7380 7381
f 8036 7381 8037
f 8037 7381 7382
f 8037 7382 8038
f 8038 7382 7383
f 8038 7383 8039
f 8039 7383 7384
f 8039 7384 8040
f 8053 8059 8060
f 8053 8060 8055
f 8041 7385 7386
f 8041 7386 7388
f 8041 7388 8042
f 8042 7388 7389
f 8042 7389 8043
f 8043 7389 7390
f 8043 7390 8044
f 8044 7390 7391
f 8044 7391 8045
f 8045 7391 7392
f 8045 7392 8046
f 8046 7392 8047
f 8046 8047 8048
f 8048 8047 8049
f 8062 8064 8065
f 8062 8065 8063
f 8050 8051 8052
f 8052 8051 8053
f 8052 8053 8054
f 8054 8053 8055
f 8054 8055 8056
f 8056 8055 7695
f 8056 7695 7697
f 7392 7393 8047
f 8047 7393 8057
f 8047 8057 8049
f 8049 8057 8058
f 8049 8058 8051
f 8051 8058 8059
f 8051 8059 8053
f 7677 8067 8068
f 7677 8068 7675
f 8055 8060 7693
f 8055 7693 7695
f 7393 7394 8057
f 8057 7394 8061
f 8057 8061 8058
f 8058 8061 8062
f 8058 8062 8059
f 8059 8062 8063
f 8059 8063 8060
f 8060 8063 7691
f 8060 7691 7693
f 7394 7395 8061
f 8061 7395 8064
f 8061 8064 8062
f 7661 8075 8076
f 7661 8076 7659
f 8063 8065 7689
f 8063 7689 7691
f 7395 7396 8064
f 8064 7396 8066
f 8064 8066 8065
f 8065 8066 7687
f 8065 7687 7689
f 7396 7397 8066
f 8066 7397 7685
f 8066 7685 7687
f 7397 7398 7685
f 7402 7403 7679
f 7679 7403 8067
f 7679 8067 7677
f 8073 8082 8083
f 8073 8083 8074
f 7675 8068 8069
f 7675 8069 7673
f 7673 8069 8070
f 7673 8070 7671
f 7671 8070 8071
f 7671 8071 7669
f 7669 8071 8072
f 7669 8072 7667
f 7667 8072 8073
f 7667 8073 7665
f 7665 8073 8074
f 7665 8074 7663
f 7663 8074 8075
f 7663 8075 7661
f 8080 8089 8090
f 8080 8090 8081
f 7659 8076 7657
f 7403 7404 8067
f 8067 7404 8077
f 8067 8077 8068
f 8068 8077 8078
f 8068 8078 8069
f 8069 8078 8079
f 8069 8079 8070
f 8070 8079 8080
f 8070 8080 8071
f 8071 8080 8081
f 8071 8081 8072
f 8072 8081 8082
f 8072 8082 8073
f 8097 7405 7406
f 8097 7406 8098
f 8074 8083 8084
f 8074 8084 8075
f 8075 8084 8085
f 8075 8085 8076
f 8076 8085 8086
f 8076 8086 7657
f 7657 8086 7655
f 7404 7405 8077
f 8077 7405 8087
f 8077 8087 8078
f 8078 8087 8088
f 8078 8088 8079
f 8079 8088 8089
f 8079 8089 8080
f 8107 8106 8108
f 8107 8108 8109
f 8081 8090 8091
f 8081 8091 8082
f 8082 8091 8092
f 8082 8092 8083
f 8083 8092 8093
f 8083 8093 8084
f 8084 8093 8094
f 8084 8094 8085
f 8085 8094 8095
f 8085 8095 8086
f 8086 8095 8096
f 8086 8096 7655
f 7655 8096 7653
f 8087 7405 8097
f 8108 8118 8110
f 8110 8118 8119
f 8098 7406 7407
f 8098 7407 8099
f 8099 7407 7408
f 8099 7408 8100
f 8100 7408 7409
f 8100 7409 8101
f 8101 7409 7410
f 8101 7410 8102
f 8102 7410 7411
f 8102 7411 8103
f 8103 7411 8104
f 8103 8104 8105
f 8105 8104 8106
f 8105 8106 8107
f 8120 8124 7633
f 8120 7633 7635
f 8109 8108 8110
f 8109 8110 8111
f 8111 8110 8112
f 8111 8112 8113
f 8113 8112 8114
f 8113 8114 8115
f 8115 8114 7637
f 8115 7637 7639
f 7411 7412 8104
f 8104 7412 8116
f 8104 8116 8106
f 8106 8116 8117
f 8106 8117 8108
f 8108 8117 8118
f 8127 8129 7629
f 8127 7629 7631
f 8110 8119 8112
f 8112 8119 8120
f 8112 8120 8114
f 8114 8120 7635
f 8114 7635 7637
f 7412 7413 8116
f 8116 7413 8121
f 8116 8121 8117
f 8117 8121 8122
f 8117 8122 8118
f 8118 8122 8123
f 8118 8123 8119
f 8119 8123 8124
f 8119 8124 8120
f 7616 8132 8133
f 7616 8133 7614
f 7413 7414 8121
f 8121 7414 8125
f 8121 8125 8122
f 8122 8125 8126
f 8122 8126 8123
f 8123 8126 8127
f 8123 8127 8124
f 8124 8127 7631
f 8124 7631 7633
f 7414 7415 8125
f 8125 7415 8128
f 8125 8128 8126
f 8126 8128 8129
f 8126 8129 8127
f 7600 8140 7598
f 7422 7423 8131
f 7415 7416 8128
f 8128 7416 8130
f 8128 8130 8129
f 8129 8130 7627
f 8129 7627 7629
f 7416 7417 8130
f 8130 7417 7625
f 8130 7625 7627
f 7417 7418 7625
f 7421 7422 7620
f 7620 7422 8131
f 7620 8131 7618
f 7618 8131 8132
f 7618 8132 7616
f 8138 8147 8148
f 8138 8148 8139
f 7614 8133 8134
f 7614 8134 7612
f 7612 8134 8135
f 7612 8135 7610
f 7610 8135 8136
f 7610 8136 7608
f 7608 8136 8137
f 7608 8137 7606
f 7606 8137 8138
f 7606 8138 7604
f 7604 8138 8139
f 7604 8139 7602
f 7602 8139 8140
f 7602 8140 7600
f 8145 8154 8155
f 8145 8155 8146
f 8131 7423 8141
f 8131 8141 8132
f 8132 8141 8142
f 8132 8142 8133
f 8133 8142 8143
f 8133 8143 8134
f 8134 8143 8144
f 8134 8144 8135
f 8135 8144 8145
f 8135 8145 8136
f 8136 8145 8146
f 8136 8146 8137
f 8137 8146 8147
f 8137 8147 8138
f 8152 8161 8162
f 8152 8162 8153
f 8139 8148 8149
f 8139 8149 8140
f 8140 8149 8150
f 8140 8150 7598
f 7598 8150 7596
f 7423 7424 8141
f 8141 7424 8151
f 8141 8151 8142
f 8142 8151 8152
f 8142 8152 8143
f 8143 8152 8153
f 8143 8153 8144
f 8144 8153 8154
f 8144 8154 8145
f 8160 8169 8170
f 8160 8170 7594
f 8146 8155 8156
f 8146 8156 8147
f 8147 8156 8157
f 8147 8157 8148
f 8148 8157 8158
f 8148 8158 8149
f 8149 8158 8159
f 8149 8159 8150
f 8150 8159 8160
f 8150 8160 7596
f 7596 8160 7594
f 7424 7425 8151
f 8151 7425 8161
f 8151 8161 8152
f 8177 7431 8178
f 8177 8178 8179
f 8153 8162 8163
f 8153 8163 8154
f 8154 8163 8164
f 8154 8164 8155
f 8155 8164 8165
f 8155 8165 8156
f 8156 8165 8166
f 8156 8166 8157
f 8157 8166 8167
f 8157 8167 8158
f 8158 8167 8168
f 8158 8168 8159
f 8159 8168 8169
f 8159 8169 8160
f 8178 8190 8180
f 8180 8190 8191
f 7594 8170 7592
f 8161 7425 8171
f 8171 7425 7426
f 8171 7426 8172
f 8172 7426 7427
f 8172 7427 8173
f 8173 7427 7428
f 8173 7428 8174
f 8174 7428 7429
f 8174 7429 8175
f 8175 7429 7430
f 8175 7430 8176
f 8176 7430 7431
f 8176 7431 8177
f 8192 8196 8197
f 8192 8197 8193
f 8179 8178 8180
f 8179 8180 8181
f 8181 8180 8182
f 8181 8182 8183
f 8183 8182 8184
f 8183 8184 8185
f 8185 8184 8186
f 8185 8186 8187
f 8187 8186 8188
f 8187 8188 8189
f 8189 8188 7576
f 8189 7576 7578
f 7431 7432 8178
f 8178 7432 8190
f 8199 7435 8202
f 8199 8202 8200
f 8180 8191 8182
f 8182 8191 8192
f 8182 8192 8184
f 8184 8192 8193
f 8184 8193 8186
f 8186 8193 8194
f 8186 8194 8188
f 8188 8194 7574
f 8188 7574 7576
f 7432 7433 8190
f 8190 7433 8195
f 8190 8195 8191
f 8191 8195 8196
f 8191 8196 8192
f 7559 7442 8205
f 7559 8205 7557
f 8193 8197 8198
f 8193 8198 8194
f 8194 8198 7572
f 8194 7572 7574
f 7433 7434 8195
f 8195 7434 8199
f 8195 8199 8196
f 8196 8199 8200
f 8196 8200 8197
f 8197 8200 8201
f 8197 8201 8198
f 8198 8201 7570
f 8198 7570 7572
f 7434 7435 8199
f 7543 8212 8213
f 7543 8213 7541
f 8200 8202 8203
f 8200 8203 8201
f 8201 8203 7568
f 8201 7568 7570
f 7435 7436 8202
f 8202 7436 8204
f 8202 8204 8203
f 8203 8204 7566
f 8203 7566 7568
f 7436 7437 8204
f 8204 7437 7564
f 8204 7564 7566
f 7437 7438 7564
f 7441 7442 7559
f 8210 8219 8220
f 8210 8220 8211
f 7557 8205 8206
f 7557 8206 7555
f 7555 8206 8207
f 7555 8207 7553
f 7553 8207 8208
f 7553 8208 7551
f 7551 8208 8209
f 7551 8209 7549
f 7549 8209 8210
f 7549 8210 7547
f 7547 8210 8211
f 7547 8211 7545
f 7545 8211 8212
f 7545 8212 7543
f 8217 8226 8227
f 8217 8227 8218
f 7541 8213 8214
f 7541 8214 7539
f 7539 8214 7537
f 7442 7443 8205
f 8205 7443 8215
f 8205 8215 8206
f 8206 8215 8216
f 8206 8216 8207
f 8207 8216 8217
f 8207 8217 8208
f 8208 8217 8218
f 8208 8218 8209
f 8209 8218 8219
f 8209 8219 8210
f 7535 8234 7533
f 7444 7445 8225
f 8211 8220 8221
f 8211 8221 8212
f 8212 8221 8222
f 8212 8222 8213
f 8213 8222 8223
f 8213 8223 8214
f 8214 8223 8224
f 8214 8224 7537
f 7537 8224 7535
f 7443 7444 8215
f 8215 7444 8225
f 8215 8225 8216
f 8216 8225 8226
f 8216 8226 8217
f 8232 8241 8242
f 8232 8242 8233
f 8218 8227 8228
f 8218 8228 8219
f 8219 8228 8229
f 8219 8229 8220
f 8220 8229 8230
f 8220 8230 8221
f 8221 8230 8231
f 8221 8231 8222
f 8222 8231 8232
f 8222 8232 8223
f 8223 8232 8233
f 8223 8233 8224
f 8224 8233 8234
f 8224 8234 7535
f 8249 7449 7450
f 8249 7450 8250
f 8225 7445 8235
f 8225 8235 8226
f 8226 8235 8236
f 8226 8236 8227
f 8227 8236 8237
f 8227 8237 8228
f 8228 8237 8238
f 8228 8238 8229
f 8229 8238 8239
f 8229 8239 8230
f 8230 8239 8240
f 8230 8240 8231
f 8231 8240 8241
f 8231 8241 8232
f 8263 8262 7515
f 8263 7515 7517
f 8233 8242 8243
f 8233 8243 8234
f 8234 8243 8244
f 8234 8244 7533
f 7533 8244 7531
f 8235 7445 8245
f 8245 7445 7446
f 8245 7446 8246
f 8246 7446 7447
f 8246 7447 8247
f 8247 7447 7448
f 8247 7448 8248
f 8248 7448 7449
f 8248 7449 8249
f 8264 7453 8269
f 8264 8269 8265
f 8250 7450 7451
f 8250 7451 8251
f 8251 7451 8252
f 8251 8252 8253
f 8253 8252 8254
f 8253 8254 8255
f 8255 8254 8256
f 8255 8256 8257
f 8257 8256 8258
f 8257 8258 8259
f 8259 8258 8260
f 8259 8260 8261
f 8261 8260 8262
f 8261 8262 8263
f 8271 8275 8272
f 8272 8275 7509
f 7451 7452 8252
f 8252 7452 8264
f 8252 8264 8254
f 8254 8264 8265
f 8254 8265 8256
f 8256 8265 8266
f 8256 8266 8258
f 8258 8266 8267
f 8258 8267 8260
f 8260 8267 8268
f 8260 8268 8262
f 8262 8268 7513
f 8262 7513 7515
f 7452 7453 8264
f 8278 7457 7503
f 8278 7503 7505
f 8265 8269 8270
f 8265 8270 8266
f 8266 8270 8271
f 8266 8271 8267
f 8267 8271 8272
f 8267 8272 8268
f 8268 8272 7511
f 8268 7511 7513
f 7453 7454 8269
f 8269 7454 8273
f 8269 8273 8270
f 8270 8273 8274
f 8270 8274 8271
f 8271 8274 8275
f 7486 8284 8285
f 7486 8285 7484
f 8272 7509 7511
f 7454 7455 8273
f 8273 7455 8276
f 8273 8276 8274
f 8274 8276 8277
f 8274 8277 8275
f 8275 8277 7507
f 8275 7507 7509
f 7455 7456 8276
f 8276 7456 8278
f 8276 8278 8277
f 8277 8278 7505
f 8277 7505 7507
f 7456 7457 8278
f 8282 8291 8292
f 8282 8292 8283
f 7457 7458 7503
f 7461 7462 7498
f 7498 7462 8279
f 7498 8279 7496
f 7496 8279 8280
f 7496 8280 7494
f 7494 8280 8281
f 7494 8281 7492
f 7492 8281 8282
f 7492 8282 7490
f 7490 8282 8283
f 7490 8283 7488
f 7488 8283 8284
f 7488 8284 7486
f 8289 7464 8299
f 8289 8299 8290
f 7484 8285 8286
f 7484 8286 7482
f 7482 8286 8287
f 7482 8287 7480
f 7480 8287 8288
f 7480 8288 7478
f 7478 8288 7476
f 7462 7463 8279
f 8279 7463 8289
f 8279 8289 8280
f 8280 8289 8290
f 8280 8290 8281
f 8281 8290 8291
f 8281 8291 8282
f 8297 8306 8307
f 8297 8307 8298
f 8283 8292 8293
f 8283 8293 8284
f 8284 8293 8294
f 8284 8294 8285
f 8285 8294 8295
f 8285 8295 8286
f 8286 8295 8296
f 8286 8296 8287
f 8287 8296 8297
f 8287 8297 8288
f 8288 8297 8298
f 8288 8298 7476
f 7476 8298 7474
f 7463 7464 8289
f 8314 7469 7470
f 8314 7470 8315
f 8290 8299 8300
f 8290 8300 8291
f 8291 8300 8301
f 8291 8301 8292
f 8292 8301 8302
f 8292 8302 8293
f 8293 8302 8303
f 8293 8303 8294
f 8294 8303 8304
f 8294 8304 8295
f 8295 8304 8305
f 8295 8305 8296
f 8296 8305 8306
f 8296 8306 8297
f 8321 7386 7385
f 8321 7385 7384
f 8298 8307 8308
f 8298 8308 7474
f 7474 8308 7472
f 8299 7464 8309
f 8309 7464 7465
f 8309 7465 8310
f 8310 7465 7466
f 8310 7466 8311
f 8311 7466 7467
f 8311 7467 8312
f 8312 7467 7468
f 8312 7468 8313
f 8313 7468 7469
f 8313 7469 8314
f 8328 7374 7472
f 7472 8308 8328
f 8315 7470 7471
f 8315 7471 8316
f 8316 7471 8317
f 8316 8317 8318
f 8318 8317 8319
f 8318 8319 8320
f 8320 8319 7383
f 8320 7383 7382
f 7471 7387 8317
f 8317 7387 8321
f 8317 8321 8319
f 8319 8321 7384
f 8319 7384 7383
f 7387 7386 8321
f 8320 8335 8318
f 8308 8307 8329
f 8320 7382 8322
f 8322 7382 7381
f 8322 7381 8323
f 8323 7381 7380
f 8323 7380 8324
f 8324 7380 7379
f 8324 7379 8325
f 8325 7379 7378
f 8325 7378 8326
f 8326 7378 7377
f 8326 7377 8327
f 8327 7377 7376
f 8327 7376 8328
f 8328 7376 7374
f 8318 8342 8316
f 8307 8306 8336
f 8328 8308 8329
f 8328 8329 8327
f 8327 8329 8330
f 8327 8330 8326
f 8326 8330 8331
f 8326 8331 8325
f 8325 8331 8332
f 8325 8332 8324
f 8324 8332 8333
f 8324 8333 8323
f 8323 8333 8334
f 8323 8334 8322
f 8322 8334 8335
f 8322 8335 8320
f 8343 8306 8305
f 8344 8343 8349
f 8329 8307 8336
f 8329 8336 8330
f 8330 8336 8337
f 8330 8337 8331
f 8331 8337 8338
f 8331 8338 8332
f 8332 8338 8339
f 8332 8339 8333
f 8333 8339 8340
f 8333 8340 8334
f 8334 8340 8341
f 8334 8341 8335
f 8335 8341 8342
f 8335 8342 8318
f 8347 8346 8355
f 8355 8346 8352
f 8336 8306 8343
f 8336 8343 8337
f 8337 8343 8344
f 8337 8344 8338
f 8338 8344 8345
f 8338 8345 8339
f 8339 8345 8346
f 8339 8346 8340
f 8340 8346 8347
f 8340 8347 8341
f 8341 8347 8348
f 8341 8348 8342
f 8342 8348 8315
f 8342 8315 8316
f 8362 8357 8358
f 8362 8358 8363
f 8349 8343 8305
f 8349 8305 8304
f 8345 8344 8350
f 8350 8344 8349
f 8350 8349 8351
f 8351 8349 8304
f 8351 8304 8303
f 8346 8345 8352
f 8352 8345 8350
f 8352 8350 8353
f 8353 8350 8351
f 8353 8351 8354
f 8354 8351 8303
f 8354 8303 8302
f 8309 8300 8299
f 7781 7788 7782
f 8355 8352 8356
f 8356 8352 8353
f 8356 8353 8357
f 8357 8353 8354
f 8357 8354 8358
f 8358 8354 8302
f 8358 8302 8301
f 8348 8347 8359
f 8359 8347 8355
f 8359 8355 8360
f 8360 8355 8356
f 8360 8356 8361
f 8361 8356 8357
f 8361 8357 8362
f 8364 8369 8365
f 8365 8369 8370
f 8363 8358 8301
f 8363 8301 8300
f 8315 8348 8314
f 8314 8348 8359
f 8314 8359 8313
f 8313 8359 8360
f 8313 8360 8312
f 8312 8360 8361
f 8312 8361 8311
f 8311 8361 8362
f 8311 8362 8310
f 8310 8362 8363
f 8310 8363 8309
f 8309 8363 8300
f 8372 8375 7514
f 8372 7514 7512
f 7782 7788 8364
f 7782 8364 7783
f 7783 8364 8365
f 7783 8365 7784
f 7784 8365 8366
f 7784 8366 7785
f 7785 8366 8367
f 7785 8367 7786
f 7786 8367 8368
f 7786 8368 7787
f 7787 8368 7510
f 7787 7510 7508
f 7788 7790 8364
f 8364 7790 8369
f 8378 7520 7518
f 7522 7520 7798
f 8365 8370 8366
f 8366 8370 8371
f 8366 8371 8367
f 8367 8371 8372
f 8367 8372 8368
f 8368 8372 7512
f 8368 7512 7510
f 7790 7792 8369
f 8369 7792 8373
f 8369 8373 8370
f 8370 8373 8374
f 8370 8374 8371
f 8371 8374 8375
f 8371 8375 8372
f 8385 8380 8381
f 8385 8381 8386
f 7792 7794 8373
f 8373 7794 8376
f 8373 8376 8374
f 8374 8376 8377
f 8374 8377 8375
f 8375 8377 7516
f 8375 7516 7514
f 7794 7796 8376
f 8376 7796 8378
f 8376 8378 8377
f 8377 8378 7518
f 8377 7518 7516
f 7796 7798 8378
f 8378 7798 7520
f 8392 8387 8393
f 8393 8387 8243
f 7521 7523 8379
f 8379 7523 7525
f 8379 7525 8380
f 8380 7525 7527
f 8380 7527 8381
f 8381 7527 7529
f 8381 7529 8382
f 8382 7529 7531
f 8382 7531 8244
f 7519 7521 8383
f 8383 7521 8379
f 8383 8379 8384
f 8384 8379 8380
f 8384 8380 8385
f 8251 8399 8250
f 8394 8388 8389
f 8386 8381 8382
f 8386 8382 8387
f 8387 8382 8244
f 8387 8244 8243
f 7517 7519 8388
f 8388 7519 8383
f 8388 8383 8389
f 8389 8383 8384
f 8389 8384 8390
f 8390 8384 8385
f 8390 8385 8391
f 8391 8385 8386
f 8391 8386 8392
f 8392 8386 8387
f 8396 8405 8406
f 8396 8406 8397
f 8393 8243 8242
f 7517 8388 8263
f 8263 8388 8394
f 8263 8394 8261
f 8261 8394 8395
f 8261 8395 8259
f 8259 8395 8396
f 8259 8396 8257
f 8257 8396 8397
f 8257 8397 8255
f 8255 8397 8398
f 8255 8398 8253
f 8253 8398 8399
f 8253 8399 8251
f 8412 8404 8413
f 8413 8404 8241
f 8394 8389 8400
f 8400 8389 8390
f 8400 8390 8401
f 8401 8390 8391
f 8401 8391 8402
f 8402 8391 8392
f 8402 8392 8403
f 8403 8392 8393
f 8403 8393 8404
f 8404 8393 8242
f 8404 8242 8241
f 8394 8400 8395
f 8395 8400 8405
f 8395 8405 8396
f 8418 8412 8419
f 8419 8412 8413
f 8397 8406 8407
f 8397 8407 8398
f 8398 8407 8408
f 8398 8408 8399
f 8399 8408 8409
f 8399 8409 8250
f 8250 8409 8249
f 8405 8400 8401
f 8405 8401 8410
f 8410 8401 8402
f 8410 8402 8411
f 8411 8402 8403
f 8411 8403 8412
f 8412 8403 8404
f 8424 8420 8425
f 8425 8420 8239
f 8413 8241 8240
f 8405 8410 8406
f 8406 8410 8414
f 8406 8414 8407
f 8407 8414 8415
f 8407 8415 8408
f 8408 8415 8416
f 8408 8416 8409
f 8409 8416 8417
f 8409 8417 8249
f 8249 8417 8248
f 8414 8410 8411
f 8414 8411 8418
f 8418 8411 8412
f 8246 8429 8245
f 8429 8428 8237
f 8419 8413 8420
f 8420 8413 8240
f 8420 8240 8239
f 8414 8418 8415
f 8415 8418 8421
f 8415 8421 8416
f 8416 8421 8422
f 8416 8422 8417
f 8417 8422 8423
f 8417 8423 8248
f 8248 8423 8247
f 8421 8418 8419
f 8421 8419 8424
f 8424 8419 8420
f 7859 8434 7571
f 7859 7571 7569
f 8425 8239 8238
f 8421 8424 8422
f 8422 8424 8426
f 8422 8426 8423
f 8423 8426 8427
f 8423 8427 8247
f 8247 8427 8246
f 8426 8424 8425
f 8426 8425 8428
f 8428 8425 8238
f 8428 8238 8237
f 8426 8428 8427
f 8427 8428 8429
f 8427 8429 8246
f 8436 8439 8440
f 8436 8440 8437
f 8245 8429 8236
f 8236 8429 8237
f 8235 8245 8236
f 7853 7860 7854
f 7854 7860 8430
f 7854 8430 7855
f 7855 8430 8431
f 7855 8431 7856
f 7856 8431 8432
f 7856 8432 7857
f 7857 8432 8433
f 7857 8433 7858
f 7858 8433 8434
f 7858 8434 7859
f 8443 8444 7579
f 8443 7579 7577
f 7860 7862 8430
f 8430 7862 8435
f 8430 8435 8431
f 8431 8435 8436
f 8431 8436 8432
f 8432 8436 8437
f 8432 8437 8433
f 8433 8437 8438
f 8433 8438 8434
f 8434 8438 7573
f 8434 7573 7571
f 7862 7864 8435
f 8435 7864 8439
f 8435 8439 8436
f 8449 7582 8445
f 8449 8445 8450
f 8437 8440 8441
f 8437 8441 8438
f 8438 8441 7575
f 8438 7575 7573
f 7864 7866 8439
f 8439 7866 8442
f 8439 8442 8440
f 8440 8442 8443
f 8440 8443 8441
f 8441 8443 7577
f 8441 7577 7575
f 7866 7868 8442
f 8442 7868 8444
f 8442 8444 8443
f 8456 8451 8457
f 8457 8451 8452
f 7868 7870 8444
f 8444 7870 7581
f 8444 7581 7579
f 7583 7581 7870
f 7582 7584 8445
f 8445 7584 7586
f 8445 7586 8446
f 8446 7586 7588
f 8446 7588 8447
f 8447 7588 7590
f 8447 7590 8448
f 8448 7590 7592
f 8448 7592 8170
f 7580 7582 8449
f 8181 8463 8464
f 8181 8464 8179
f 8450 8445 8446
f 8450 8446 8451
f 8451 8446 8447
f 8451 8447 8452
f 8452 8447 8448
f 8452 8448 8453
f 8453 8448 8170
f 8453 8170 8169
f 7578 7580 8454
f 8454 7580 8449
f 8454 8449 8455
f 8455 8449 8450
f 8455 8450 8456
f 8456 8450 8451
f 8470 8168 8167
f 8460 8466 8461
f 8457 8452 8458
f 8458 8452 8453
f 8458 8453 8459
f 8459 8453 8169
f 8459 8169 8168
f 7578 8454 8189
f 8189 8454 8460
f 8189 8460 8187
f 8187 8460 8461
f 8187 8461 8185
f 8185 8461 8462
f 8185 8462 8183
f 8183 8462 8463
f 8183 8463 8181
f 8476 8468 8477
f 8477 8468 8469
f 8179 8464 8465
f 8179 8465 8177
f 8177 8465 8176
f 8460 8454 8455
f 8460 8455 8466
f 8466 8455 8456
f 8466 8456 8467
f 8467 8456 8457
f 8467 8457 8468
f 8468 8457 8458
f 8468 8458 8469
f 8469 8458 8459
f 8469 8459 8470
f 8470 8459 8168
f 8175 8483 8174
f 8480 8476 8477
f 8461 8466 8471
f 8461 8471 8462
f 8462 8471 8472
f 8462 8472 8463
f 8463 8472 8473
f 8463 8473 8464
f 8464 8473 8474
f 8464 8474 8465
f 8465 8474 8475
f 8465 8475 8176
f 8176 8475 8175
f 8471 8466 8467
f 8471 8467 8476
f 8476 8467 8468
f 8174 8489 8173
f 8487 8484 8485
f 8477 8469 8478
f 8478 8469 8470
f 8478 8470 8479
f 8479 8470 8167
f 8479 8167 8166
f 8471 8476 8472
f 8472 8476 8480
f 8472 8480 8473
f 8473 8480 8481
f 8473 8481 8474
f 8474 8481 8482
f 8474 8482 8475
f 8475 8482 8483
f 8475 8483 8175
f 8494 8164 8163
f 8492 8494 8493
f 8480 8477 8484
f 8484 8477 8478
f 8484 8478 8485
f 8485 8478 8479
f 8485 8479 8486
f 8486 8479 8166
f 8486 8166 8165
f 8480 8484 8481
f 8481 8484 8487
f 8481 8487 8482
f 8482 8487 8488
f 8482 8488 8483
f 8483 8488 8489
f 8483 8489 8174
f 7929 8498 8499
f 7929 8499 7930
f 8487 8485 8490
f 8490 8485 8486
f 8490 8486 8491
f 8491 8486 8165
f 8491 8165 8164
f 8487 8490 8488
f 8488 8490 8492
f 8488 8492 8489
f 8489 8492 8493
f 8489 8493 8173
f 8173 8493 8172
f 8492 8490 8491
f 8492 8491 8494
f 8494 8491 8164
f 8500 7634 7632
f 7934 7936 8501
f 8493 8494 8495
f 8493 8495 8172
f 8172 8495 8171
f 8495 8494 8163
f 8171 8495 8162
f 8162 8495 8163
f 8161 8171 8162
f 7925 7932 7926
f 7926 7932 8496
f 7926 8496 7927
f 7927 8496 8497
f 7927 8497 7928
f 7928 8497 8498
f 7928 8498 7929
f 8507 7638 7636
f 7938 7940 8508
f 7930 8499 8500
f 7930 8500 7931
f 7931 8500 7632
f 7931 7632 7630
f 7932 7934 8496
f 8496 7934 8501
f 8496 8501 8497
f 8497 8501 8502
f 8497 8502 8498
f 8498 8502 8503
f 8498 8503 8499
f 8499 8503 8504
f 8499 8504 8500
f 8500 8504 7634
f 8513 7651 8514
f 8514 7651 7653
f 8501 7936 8505
f 8501 8505 8502
f 8502 8505 8506
f 8502 8506 8503
f 8503 8506 8507
f 8503 8507 8504
f 8504 8507 7636
f 8504 7636 7634
f 7936 7938 8505
f 8505 7938 8508
f 8505 8508 8506
f 8506 8508 8509
f 8506 8509 8507
f 8507 8509 7638
f 8520 8515 8521
f 8521 8515 8516
f 8508 7940 8510
f 8508 8510 8509
f 8509 8510 7640
f 8509 7640 7638
f 7940 7942 8510
f 8510 7942 7642
f 8510 7642 7640
f 7644 7642 7942
f 7643 7645 8511
f 8511 7645 7647
f 8511 7647 8512
f 8512 7647 7649
f 8512 7649 8513
f 8513 7649 7651
f 8111 8527 8528
f 8111 8528 8109
f 8514 7653 8096
f 7641 7643 8515
f 8515 7643 8511
f 8515 8511 8516
f 8516 8511 8512
f 8516 8512 8517
f 8517 8512 8513
f 8517 8513 8518
f 8518 8513 8514
f 8518 8514 8519
f 8519 8514 8096
f 8519 8096 8095
f 7639 7641 8520
f 8520 7641 8515
f 8534 8524 8535
f 8535 8524 8525
f 8521 8516 8522
f 8522 8516 8517
f 8522 8517 8523
f 8523 8517 8518
f 8523 8518 8524
f 8524 8518 8519
f 8524 8519 8525
f 8525 8519 8095
f 8525 8095 8094
f 7639 8520 8115
f 8115 8520 8526
f 8115 8526 8113
f 8113 8526 8527
f 8113 8527 8111
f 8102 8541 8101
f 8537 8532 8533
f 8109 8528 8529
f 8109 8529 8107
f 8107 8529 8530
f 8107 8530 8105
f 8105 8530 8531
f 8105 8531 8103
f 8103 8531 8102
f 8526 8520 8521
f 8526 8521 8532
f 8532 8521 8522
f 8532 8522 8533
f 8533 8522 8523
f 8533 8523 8534
f 8534 8523 8524
f 8540 8547 8548
f 8540 8548 8541
f 8535 8525 8536
f 8536 8525 8094
f 8536 8094 8093
f 8526 8532 8527
f 8527 8532 8537
f 8527 8537 8528
f 8528 8537 8538
f 8528 8538 8529
f 8529 8538 8539
f 8529 8539 8530
f 8530 8539 8540
f 8530 8540 8531
f 8531 8540 8541
f 8531 8541 8102
f 8547 8553 8548
f 8548 8553 8554
f 8537 8533 8542
f 8542 8533 8534
f 8542 8534 8543
f 8543 8534 8535
f 8543 8535 8544
f 8544 8535 8536
f 8544 8536 8545
f 8545 8536 8093
f 8545 8093 8092
f 8537 8542 8538
f 8538 8542 8546
f 8538 8546 8539
f 8539 8546 8547
f 8539 8547 8540
f 8099 8559 8098
f 8558 8556 8557
f 8541 8548 8549
f 8541 8549 8101
f 8101 8549 8100
f 8546 8542 8543
f 8546 8543 8550
f 8550 8543 8544
f 8550 8544 8551
f 8551 8544 8545
f 8551 8545 8552
f 8552 8545 8092
f 8552 8092 8091
f 8551 8553 8550
f 8550 8553 8547
f 8550 8547 8546
f 8010 8562 8563
f 8010 8563 8011
f 8548 8554 8549
f 8549 8554 8555
f 8549 8555 8100
f 8100 8555 8099
f 8553 8551 8556
f 8556 8551 8552
f 8556 8552 8557
f 8557 8552 8091
f 8557 8091 8090
f 8553 8556 8554
f 8554 8556 8558
f 8554 8558 8555
f 8555 8558 8559
f 8555 8559 8099
f 8564 8569 8565
f 8565 8569 8570
f 8558 8557 8560
f 8560 8557 8090
f 8560 8090 8089
f 8558 8560 8559
f 8559 8560 8561
f 8559 8561 8098
f 8098 8561 8097
f 8561 8560 8089
f 8097 8561 8088
f 8088 8561 8089
f 8087 8097 8088
f 8008 8015 8009
f 8009 8015 8562
f 8009 8562 8010
f 8571 8574 8572
f 8572 8574 8575
f 8011 8563 8564
f 8011 8564 8012
f 8012 8564 8565
f 8012 8565 8013
f 8013 8565 8566
f 8013 8566 8014
f 8014 8566 7692
f 8014 7692 7690
f 8015 8017 8562
f 8562 8017 8567
f 8562 8567 8563
f 8563 8567 8568
f 8563 8568 8564
f 8564 8568 8569
f 8577 7707 8578
f 8578 7707 7709
f 8565 8570 8566
f 8566 8570 7694
f 8566 7694 7692
f 8017 8019 8567
f 8567 8019 8571
f 8567 8571 8568
f 8568 8571 8572
f 8568 8572 8569
f 8569 8572 8573
f 8569 8573 8570
f 8570 8573 7696
f 8570 7696 7694
f 8019 8021 8571
f 8571 8021 8574
f 8585 8577 8578
f 8585 8578 8586
f 8572 8575 8573
f 8573 8575 7698
f 8573 7698 7696
f 8021 8023 8574
f 8574 8023 8576
f 8574 8576 8575
f 8575 8576 7700
f 8575 7700 7698
f 8023 8025 8576
f 8576 8025 7702
f 8576 7702 7700
f 7704 7702 8025
f 7703 7705 8577
f 8577 7705 7707
f 8592 8584 8593
f 8593 8584 8585
f 8578 7709 8579
f 8579 7709 7711
f 8579 7711 8580
f 8580 7711 7713
f 8580 7713 8581
f 8581 7713 7715
f 8581 7715 8582
f 8582 7715 7717
f 8582 7717 8583
f 8583 7717 7719
f 8583 7719 7721
f 7701 7703 8584
f 8584 7703 8577
f 8584 8577 8585
f 8600 7723 7725
f 7697 7699 8601
f 8586 8578 8579
f 8586 8579 8587
f 8587 8579 8580
f 8587 8580 8588
f 8588 8580 8581
f 8588 8581 8589
f 8589 8581 8582
f 8589 8582 8590
f 8590 8582 8583
f 8590 8583 8591
f 8591 8583 7721
f 8591 7721 7723
f 7699 7701 8592
f 8592 7701 8584
f 8608 8598 8599
f 8608 8599 8609
f 8593 8585 8594
f 8594 8585 8586
f 8594 8586 8595
f 8595 8586 8587
f 8595 8587 8596
f 8596 8587 8588
f 8596 8588 8597
f 8597 8588 8589
f 8597 8589 8598
f 8598 8589 8590
f 8598 8590 8599
f 8599 8590 8591
f 8599 8591 8600
f 8600 8591 7723
f 8048 8615 8046
f 8046 8615 8045
f 8601 7699 8592
f 8601 8592 8602
f 8602 8592 8593
f 8602 8593 8603
f 8603 8593 8594
f 8603 8594 8604
f 8604 8594 8595
f 8604 8595 8605
f 8605 8595 8596
f 8605 8596 8606
f 8606 8596 8597
f 8606 8597 8607
f 8607 8597 8598
f 8607 8598 8608
f 8622 8608 8609
f 8622 8609 8623
f 8609 8599 8600
f 8609 8600 8610
f 8610 8600 7725
f 8610 7725 7727
f 7697 8601 8056
f 8056 8601 8611
f 8056 8611 8054
f 8054 8611 8612
f 8054 8612 8052
f 8052 8612 8613
f 8052 8613 8050
f 8050 8613 8614
f 8050 8614 8048
f 8048 8614 8615
f 8624 8617 8628
f 8628 8617 8618
f 8611 8601 8602
f 8611 8602 8616
f 8616 8602 8603
f 8616 8603 8617
f 8617 8603 8604
f 8617 8604 8618
f 8618 8604 8605
f 8618 8605 8619
f 8619 8605 8606
f 8619 8606 8620
f 8620 8606 8607
f 8620 8607 8621
f 8621 8607 8608
f 8621 8608 8622
f 8625 8634 8626
f 8626 8634 8635
f 8623 8609 8610
f 8623 8610 8036
f 8036 8610 7727
f 8611 8616 8612
f 8612 8616 8624
f 8612 8624 8613
f 8613 8624 8625
f 8613 8625 8614
f 8614 8625 8626
f 8614 8626 8615
f 8615 8626 8627
f 8615 8627 8045
f 8045 8627 8044
f 8624 8616 8617
f 8038 8633 8037
f 8638 8641 8637
f 8628 8618 8629
f 8629 8618 8619
f 8629 8619 8630
f 8630 8619 8620
f 8630 8620 8631
f 8631 8620 8621
f 8631 8621 8632
f 8632 8621 8622
f 8632 8622 8633
f 8633 8622 8623
f 8633 8623 8037
f 8037 8623 8036
f 8624 8628 8625
f 8625 8628 8634
f 8642 8645 8042
f 8042 8645 8041
f 8626 8635 8627
f 8627 8635 8636
f 8627 8636 8044
f 8044 8636 8043
f 8634 8628 8629
f 8634 8629 8637
f 8716 8743 8742
f 8716 8742 8717
f 8717 8742 8741
f 8717 8741 8718
f 8718 8741 8740
f 8718 8740 8719
f 8719 8740 8739
f 8719 8739 8720
f 8720 8739 8738
f 8720 8738 8721
f 8721 8738 8737
f 8721 8737 8722
f 8722 8737 8736
f 8723 8777 8724
f 8724 8777 8776
f 8724 8776 8725
f 8725 8776 8775
f 8725 8775 8726
f 8726 8775 8774
f 8726 8774 8727
f 8727 8774 8773
f 8727 8773 8728
f 8728 8773 8772
f 8728 8772 8729
f 8729 8772 8771
f 8729 8771 8730
f 8730 8771 8770
f 8715 8743 8716
f 8658 8763 8659
f 8659 8763 8762
f 8731 8769 8647
f 8647 8769 8768
f 8647 8768 8646
f 8646 8768 8767
f 8646 8767 8648
f 8648 8767 8766
f 8648 8766 8649
f 8649 8766 8735
f 8649 8735 8650
f 8650 8735 8734
f 8666 8811 8667
f 8667 8811 8810
f 8651 8733 8652
f 8652 8733 8732
f 8652 8732 8653
f 8653 8732 8817
f 8653 8817 8654
f 8654 8817 8816
f 8654 8816 8655
f 8655 8816 8815
f 8655 8815 8656
f 8656 8815 8765
f 8656 8765 8657
f 8657 8765 8764
f 8657 8764 8658
f 8658 8764 8763
f 8674 8803 8675
f 8675 8803 8802
f 8659 8762 8660
f 8660 8762 8761
f 8660 8761 8661
f 8661 8761 8760
f 8661 8760 8662
f 8662 8760 8759
f 8662 8759 8663
f 8663 8759 8814
f 8663 8814 8664
f 8664 8814 8813
f 8664 8813 8665
f 8665 8813 8812
f 8665 8812 8666
f 8666 8812 8811
f 8682 8752 8683
f 8683 8752 8801
f 8667 8810 8668
f 8668 8810 8809
f 8668 8809 8669
f 8669 8809 8808
f 8669 8808 8670
f 8670 8808 8807
f 8670 8807 8671
f 8671 8807 8806
f 8671 8806 8672
f 8672 8806 8805
f 8672 8805 8673
f 8673 8805 8804
f 8673 8804 8674
f 8674 8804 8803
f 8690 8794 8691
f 8691 8794 8793
f 8675 8802 8676
f 8676 8802 8758
f 8676 8758 8677
f 8677 8758 8757
f 8677 8757 8678
f 8678 8757 8756
f 8678 8756 8679
f 8679 8756 8755
f 8679 8755 8680
f 8680 8755 8754
f 8680 8754 8681
f 8681 8754 8753
f 8681 8753 8682
f 8682 8753 8752
f 8698 8748 8699
f 8699 8748 8747
f 8683 8801 8684
f 8684 8801 8800
f 8684 8800 8685
f 8685 8800 8799
f 8685 8799 8686
f 8686 8799 8798
f 8686 8798 8687
f 8687 8798 8797
f 8687 8797 8688
f 8688 8797 8796
f 8688 8796 8689
f 8689 8796 8795
f 8689 8795 8690
f 8690 8795 8794
f 8706 8786 8707
f 8707 8786 8785
f 8691 8793 8692
f 8692 8793 8792
f 8692 8792 8693
f 8693 8792 8791
f 8693 8791 8694
f 8694 8791 8790
f 8694 8790 8695
f 8695 8790 8751
f 8695 8751 8696
f 8696 8751 8750
f 8696 8750 8697
f 8697 8750 8749
f 8697 8749 8698
f 8698 8749 8748
f 8714 8778 8715
f 8715 8778 8743
f 8699 8747 8700
f 8700 8747 8746
f 8700 8746 8701
f 8701 8746 8745
f 8701 8745 8702
f 8702 8745 8744
f 8702 8744 8703
f 8703 8744 8789
f 8703 8789 8704
f 8704 8789 8788
f 8704 8788 8705
f 8705 8788 8787
f 8705 8787 8706
f 8706 8787 8786
f 8722 8736 8723
f 8723 8736 8777
f 8707 8785 8708
f 8708 8785 8784
f 8708 8784 8709
f 8709 8784 8783
f 8709 8783 8710
f 8710 8783 8782
f 8710 8782 8711
f 8711 8782 8781
f 8711 8781 8712
f 8712 8781 8780
f 8712 8780 8713
f 8713 8780 8779
f 8713 8779 8714
f 8714 8779 8778
f 8650 8734 8651
f 8651 8734 8733
f 8730 8770 8731
f 8731 8770 8769
f 8819 8818 8820
f 8822 8821 8823
f 8825 8824 8826
f 8828 8827 8829
f 8832 8831 8830
f 8834 8833 8835
f 8837 8836 8838
f 8840 8839 8841
f 8844 8843 8842
f 8847 8845 8846

