# https://github.com/mikedh/trimesh

o LeftSlider2_1.stl
v -5.07106972 10.10268974 38.20960236
v -5.07106972 10.14926338 36.96967316
v -5.07106972 10.45180893 38.40906525
v -5.07106972 10.69132233 37.15784836
v -5.07106972 10.81612015 38.61499405
v -5.07106972 11.18137741 37.45631409
v -5.07106972 11.22296238 38.71302795
v -5.07106972 11.30563736 37.51346588
v -5.07106972 11.44239616 37.51158142
v -5.07106972 9.71312904 38.11004257
v -5.07106972 9.57968140 36.90029526
v -5.07106972 9.31111717 38.11754227
v -5.07106972 9.00830078 36.95283890
v -5.07106972 8.92554092 38.23155975
v -5.07106972 8.46092606 37.12493896
v -5.07106972 8.58410454 38.44390488
v -5.07106972 8.46202374 38.50462723
v -5.07106972 8.32567596 38.50504684
v -5.07106972 8.20322514 38.44507217
v -5.07106972 8.11996651 38.33709717
v -5.07106972 7.96227884 37.40882111
v -5.07106972 7.86457586 37.77669144
v -5.07106972 7.87267590 37.51145172
v -5.07106972 7.83770418 37.64312744
v -5.07106972 11.64108658 38.69562912
v -5.07106972 11.56503391 37.45102692
v -5.07106972 11.64967728 37.34358978
v -5.07106972 12.03837681 38.56413269
v -5.07106972 11.67984867 37.21018982
v -5.07106972 12.38431931 38.32864761
v -5.07106972 12.65234184 38.00725174
v -5.07106972 12.87984943 37.21018982
v -5.07106972 12.82185841 37.62463760
v -5.07106972 12.87984943 27.78981209
v -5.07106972 11.67984867 27.78981209
v -5.07106972 12.65234184 26.99274826
v -5.07106972 12.38431931 26.67135239
v -5.07106972 12.03837681 26.43586540
v -5.07106972 11.64967728 27.65640831
v -5.07106972 11.64108658 26.30437279
v -5.07106972 11.56503391 27.54897308
v -5.07106972 11.44239616 27.48842049
v -5.07106972 11.22296238 26.28697205
v -5.07106972 11.30563736 27.48653412
v -5.07106972 11.18137741 27.54368401
v -5.07106972 10.81612015 26.38500404
v -5.07106972 10.69132233 27.84215355
v -5.07106972 10.45180893 26.59093666
v -5.07106972 10.14926338 28.03032684
v -5.07106972 10.10268974 26.79039955
v -5.07106972 9.71312904 26.88995743
v -5.07106972 9.57968140 28.09970665
v -5.07106972 9.31111717 26.88245773
v -5.07106972 9.00830078 28.04715919
v -5.07106972 8.92554092 26.76843834
v -5.07106972 8.46092606 27.87506104
v -5.07106972 8.58410454 26.55609322
v -5.07106972 8.46202374 26.49537086
v -5.07106972 8.32567596 26.49495316
v -5.07106972 8.20322514 26.55492783
v -5.07106972 8.11996651 26.66290474
v -5.07106972 7.96227884 27.59118080
v -5.07106972 7.86457586 27.22330856
v -5.07106972 7.87267590 27.48855019
v -5.07106972 7.83770418 27.35687256
v -5.07106972 12.82185841 27.37536240
v -5.07106972 11.30563736 27.48653412
v -5.07106972 11.18137741 27.54368401
v -5.07106972 10.69132233 27.84215355
v -5.07106972 10.14926338 28.03032684
v -5.07106972 9.57968140 28.09970665
v -5.07106972 9.00830078 28.04715919
v -5.07106972 8.46092606 27.87506104
v -5.07106972 7.96227884 27.59118080
v -5.07106972 7.87267590 27.48855019
v -17.26306725 8.46092606 27.87506104
v -29.45506477 8.46092606 27.87506104
v -41.64706039 8.46092606 27.87506104
v -41.64706039 9.00830078 28.04715919
v -53.83905792 9.00830078 28.04715919
v -53.83905792 9.57968140 28.09970665
v -66.03105927 9.57968140 28.09970665
v -66.03105927 10.14926338 28.03032684
v -78.22305298 10.14926338 28.03032684
v -78.22305298 10.69132233 27.84215355
v -90.41504669 10.69132233 27.84215355
v -102.60704803 11.18137741 27.54368401
v -102.60704803 10.72510147 27.82593727
v -17.26306725 9.00830078 28.04715919
v -17.26306725 9.57968140 28.09970665
v -17.26306725 10.14926338 28.03032684
v -17.26306725 10.69132233 27.84215355
v -53.83905792 10.69132233 27.84215355
v -41.64706039 10.69132233 27.84215355
v -29.45506477 10.69132233 27.84215355
v -29.45506477 10.14926338 28.03032684
v -102.60704803 10.22202492 28.01239967
v -90.41504669 10.14926338 28.03032684
v -78.22305298 9.57968140 28.09970665
v -66.03105927 9.00830078 28.04715919
v -53.83905792 8.46092606 27.87506104
v -102.60704803 9.69201279 28.09570885
v -90.41504669 9.57968140 28.09970665
v -78.22305298 9.00830078 28.04715919
v -66.03105927 8.46092606 27.87506104
v -102.60704803 9.15599060 28.07257462
v -90.41504669 9.00830078 28.04715919
v -78.22305298 8.46092606 27.87506104
v -102.51470184 8.25186920 27.77298355
v -102.40235901 8.09053993 27.67798233
v -102.25867462 7.96227884 27.59118080
v -102.60704803 8.63512707 27.94391060
v -90.41504669 8.46092606 27.87506104
v -102.58408356 8.43836784 27.86492920
v -29.45506477 9.00830078 28.04715919
v -29.45506477 9.57968140 28.09970665
v -41.64706039 9.57968140 28.09970665
v -53.83905792 10.14926338 28.03032684
v -66.03105927 10.69132233 27.84215355
v -41.64706039 10.14926338 28.03032684
v -8.02670574 11.30563736 27.48653412
v -10.98234081 11.30563736 27.48653412
v -13.93797684 11.30563736 27.48653412
v -25.76051903 11.30563736 27.48653412
v -28.71615601 11.30563736 27.48653412
v -31.67179108 11.30563736 27.48653412
v -34.62742615 11.30563736 27.48653412
v -46.44997025 11.30563736 27.48653412
v -49.40560532 11.30563736 27.48653412
v -52.36124039 11.30563736 27.48653412
v -55.31687546 11.30563736 27.48653412
v -67.13941956 11.30563736 27.48653412
v -70.09505463 11.30563736 27.48653412
v -73.05068970 11.30563736 27.48653412
v -76.00632477 11.30563736 27.48653412
v -87.82887268 11.30563736 27.48653412
v -90.78450775 11.30563736 27.48653412
v -93.74014282 11.30563736 27.48653412
v -96.69577789 11.30563736 27.48653412
v -99.65141296 11.30563736 27.48653412
v -102.60704803 11.30563736 27.48653412
v -58.27251053 11.30563736 27.48653412
v -61.22814941 11.30563736 27.48653412
v -16.89361191 11.30563736 27.48653412
v -19.84924889 11.30563736 27.48653412
v -22.80488396 11.30563736 27.48653412
v -37.58306122 11.30563736 27.48653412
v -40.53869629 11.30563736 27.48653412
v -43.49433517 11.30563736 27.48653412
v -64.18378448 11.30563736 27.48653412
v -78.96195984 11.30563736 27.48653412
v -81.91759491 11.30563736 27.48653412
v -84.87322998 11.30563736 27.48653412
v -102.10379028 7.88174772 27.50434494
v -13.90630627 7.87267590 27.48855019
v -16.85138512 7.87267590 27.48855019
v -19.79646492 7.87267590 27.48855019
v -22.74154282 7.87267590 27.48855019
v -28.63170052 7.87267590 27.48855019
v -31.57678032 7.87267590 27.48855019
v -34.52185822 7.87267590 27.48855019
v -37.46693802 7.87267590 27.48855019
v -43.35709381 7.87267590 27.48855019
v -46.30217361 7.87267590 27.48855019
v -49.24725342 7.87267590 27.48855019
v -52.19233322 7.87267590 27.48855019
v -58.08248901 7.87267590 27.48855019
v -61.02756882 7.87267590 27.48855019
v -63.97264862 7.87267590 27.48855019
v -66.91772461 7.87267590 27.48855019
v -72.80788422 7.87267590 27.48855019
v -75.75296021 7.87267590 27.48855019
v -78.69804382 7.87267590 27.48855019
v -81.64311981 7.87267590 27.48855019
v -87.53327942 7.87267590 27.48855019
v -90.47835541 7.87267590 27.48855019
v -93.42343903 7.87267590 27.48855019
v -96.36851501 7.87267590 27.48855019
v -99.31359863 7.87267590 27.48855019
v -8.01614857 7.87267590 27.48855019
v -55.13741302 7.87267590 27.48855019
v -10.96122742 7.87267590 27.48855019
v -25.68662262 7.87267590 27.48855019
v -40.41201782 7.87267590 27.48855019
v -69.86280823 7.87267590 27.48855019
v -84.58820343 7.87267590 27.48855019
v -5.07106972 11.44239616 27.48842049
v -5.07106972 11.30563736 27.48653412
v -8.02670574 11.30563736 27.48653412
v -10.98234081 11.30563736 27.48653412
v -13.93797684 11.30563736 27.48653412
v -13.93797684 11.44239616 27.48842049
v -16.89361191 11.44239616 27.48842049
v -25.76051903 11.44239616 27.48842049
v -28.71615601 11.44239616 27.48842049
v -25.76051903 11.30563736 27.48653412
v -28.71615601 11.30563736 27.48653412
v -31.67179108 11.30563736 27.48653412
v -34.62742615 11.30563736 27.48653412
v -34.62742615 11.44239616 27.48842049
v -37.58306122 11.44239616 27.48842049
v -46.44997025 11.44239616 27.48842049
v -49.40560532 11.44239616 27.48842049
v -46.44997025 11.30563736 27.48653412
v -49.40560532 11.30563736 27.48653412
v -52.36124039 11.30563736 27.48653412
v -55.31687546 11.30563736 27.48653412
v -55.31687546 11.44239616 27.48842049
v -58.27251053 11.44239616 27.48842049
v -67.13941956 11.44239616 27.48842049
v -70.09505463 11.44239616 27.48842049
v -67.13941956 11.30563736 27.48653412
v -70.09505463 11.30563736 27.48653412
v -73.05068970 11.30563736 27.48653412
v -76.00632477 11.30563736 27.48653412
v -76.00632477 11.44239616 27.48842049
v -78.96195984 11.44239616 27.48842049
v -87.82887268 11.44239616 27.48842049
v -90.78450775 11.44239616 27.48842049
v -87.82887268 11.30563736 27.48653412
v -90.78450775 11.30563736 27.48653412
v -93.74014282 11.30563736 27.48653412
v -96.69577789 11.30563736 27.48653412
v -96.69577789 11.44239616 27.48842049
v -99.65141296 11.44239616 27.48842049
v -8.02670574 11.44239616 27.48842049
v -102.60704803 11.44239616 27.48842049
v -99.65141296 11.30563736 27.48653412
v -102.60704803 11.30563736 27.48653412
v -58.27251053 11.30563736 27.48653412
v -61.22814941 11.30563736 27.48653412
v -61.22814941 11.44239616 27.48842049
v -64.18378448 11.44239616 27.48842049
v -10.98234081 11.44239616 27.48842049
v -16.89361191 11.30563736 27.48653412
v -19.84924889 11.30563736 27.48653412
v -22.80488396 11.30563736 27.48653412
v -22.80488396 11.44239616 27.48842049
v -19.84924889 11.44239616 27.48842049
v -31.67179108 11.44239616 27.48842049
v -37.58306122 11.30563736 27.48653412
v -40.53869629 11.30563736 27.48653412
v -43.49433517 11.30563736 27.48653412
v -43.49433517 11.44239616 27.48842049
v -40.53869629 11.44239616 27.48842049
v -52.36124039 11.44239616 27.48842049
v -64.18378448 11.30563736 27.48653412
v -73.05068970 11.44239616 27.48842049
v -78.96195984 11.30563736 27.48653412
v -81.91759491 11.30563736 27.48653412
v -84.87322998 11.30563736 27.48653412
v -84.87322998 11.44239616 27.48842049
v -81.91759491 11.44239616 27.48842049
v -93.74014282 11.44239616 27.48842049
v -5.07106972 11.56503391 27.54897308
v -5.07106972 11.44239616 27.48842049
v -13.93797684 11.44239616 27.48842049
v -16.89361191 11.44239616 27.48842049
v -16.89361191 11.56503391 27.54897308
v -19.84924889 11.56503391 27.54897308
v -25.76051903 11.56503391 27.54897308
v -28.71615601 11.56503391 27.54897308
v -25.76051903 11.44239616 27.48842049
v -28.71615601 11.44239616 27.48842049
v -34.62742615 11.44239616 27.48842049
v -37.58306122 11.44239616 27.48842049
v -37.58306122 11.56503391 27.54897308
v -40.53869629 11.56503391 27.54897308
v -46.44997025 11.56503391 27.54897308
v -49.40560532 11.56503391 27.54897308
v -46.44997025 11.44239616 27.48842049
v -49.40560532 11.44239616 27.48842049
v -55.31687546 11.44239616 27.48842049
v -58.27251053 11.44239616 27.48842049
v -58.27251053 11.56503391 27.54897308
v -61.22814941 11.56503391 27.54897308
v -67.13941956 11.56503391 27.54897308
v -70.09505463 11.56503391 27.54897308
v -67.13941956 11.44239616 27.48842049
v -70.09505463 11.44239616 27.48842049
v -76.00632477 11.44239616 27.48842049
v -78.96195984 11.44239616 27.48842049
v -78.96195984 11.56503391 27.54897308
v -81.91759491 11.56503391 27.54897308
v -87.82887268 11.56503391 27.54897308
v -90.78450775 11.56503391 27.54897308
v -87.82887268 11.44239616 27.48842049
v -90.78450775 11.44239616 27.48842049
v -96.69577789 11.44239616 27.48842049
v -99.65141296 11.44239616 27.48842049
v -99.65141296 11.56503391 27.54897308
v -102.60704803 11.56503391 27.54897308
v -93.74014282 11.56503391 27.54897308
v -8.02670574 11.44239616 27.48842049
v -8.02670574 11.56503391 27.54897308
v -55.31687546 11.56503391 27.54897308
v -102.60704803 11.44239616 27.48842049
v -61.22814941 11.44239616 27.48842049
v -64.18378448 11.44239616 27.48842049
v -64.18378448 11.56503391 27.54897308
v -10.98234081 11.44239616 27.48842049
v -10.98234081 11.56503391 27.54897308
v -22.80488396 11.44239616 27.48842049
v -19.84924889 11.44239616 27.48842049
v -31.67179108 11.44239616 27.48842049
v -31.67179108 11.56503391 27.54897308
v -43.49433517 11.44239616 27.48842049
v -40.53869629 11.44239616 27.48842049
v -52.36124039 11.44239616 27.48842049
v -52.36124039 11.56503391 27.54897308
v -73.05068970 11.44239616 27.48842049
v -73.05068970 11.56503391 27.54897308
v -84.87322998 11.44239616 27.48842049
v -81.91759491 11.44239616 27.48842049
v -93.74014282 11.44239616 27.48842049
v -13.93797684 11.56503391 27.54897308
v -22.80488396 11.56503391 27.54897308
v -34.62742615 11.56503391 27.54897308
v -43.49433517 11.56503391 27.54897308
v -76.00632477 11.56503391 27.54897308
v -84.87322998 11.56503391 27.54897308
v -96.69577789 11.56503391 27.54897308
v -5.07106972 11.64967728 27.65640831
v -5.07106972 11.56503391 27.54897308
v -16.89361191 11.56503391 27.54897308
v -19.84924889 11.56503391 27.54897308
v -19.84924889 11.64967728 27.65640831
v -22.80488396 11.64967728 27.65640831
v -25.76051903 11.64967728 27.65640831
v -28.71615601 11.64967728 27.65640831
v -25.76051903 11.56503391 27.54897308
v -28.71615601 11.56503391 27.54897308
v -37.58306122 11.56503391 27.54897308
v -40.53869629 11.56503391 27.54897308
v -40.53869629 11.64967728 27.65640831
v -43.49433517 11.64967728 27.65640831
v -46.44997025 11.64967728 27.65640831
v -49.40560532 11.64967728 27.65640831
v -46.44997025 11.56503391 27.54897308
v -49.40560532 11.56503391 27.54897308
v -58.27251053 11.56503391 27.54897308
v -61.22814941 11.56503391 27.54897308
v -61.22814941 11.64967728 27.65640831
v -64.18378448 11.64967728 27.65640831
v -67.13941956 11.64967728 27.65640831
v -70.09505463 11.64967728 27.65640831
v -67.13941956 11.56503391 27.54897308
v -70.09505463 11.56503391 27.54897308
v -78.96195984 11.56503391 27.54897308
v -81.91759491 11.56503391 27.54897308
v -81.91759491 11.64967728 27.65640831
v -84.87322998 11.64967728 27.65640831
v -87.82887268 11.64967728 27.65640831
v -90.78450775 11.64967728 27.65640831
v -87.82887268 11.56503391 27.54897308
v -90.78450775 11.56503391 27.54897308
v -99.65141296 11.56503391 27.54897308
v -102.60704803 11.56503391 27.54897308
v -102.60704803 11.64967728 27.65640831
v -99.65141296 11.64967728 27.65640831
v -96.69577789 11.64967728 27.65640831
v -93.74014282 11.64967728 27.65640831
v -93.74014282 11.56503391 27.54897308
v -8.02670574 11.56503391 27.54897308
v -8.02670574 11.64967728 27.65640831
v -52.36124039 11.64967728 27.65640831
v -55.31687546 11.64967728 27.65640831
v -58.27251053 11.64967728 27.65640831
v -55.31687546 11.56503391 27.54897308
v -64.18378448 11.56503391 27.54897308
v -10.98234081 11.56503391 27.54897308
v -10.98234081 11.64967728 27.65640831
v -31.67179108 11.56503391 27.54897308
v -31.67179108 11.64967728 27.65640831
v -52.36124039 11.56503391 27.54897308
v -73.05068970 11.56503391 27.54897308
v -73.05068970 11.64967728 27.65640831
v -13.93797684 11.56503391 27.54897308
v -16.89361191 11.64967728 27.65640831
v -22.80488396 11.56503391 27.54897308
v -34.62742615 11.56503391 27.54897308
v -37.58306122 11.64967728 27.65640831
v -43.49433517 11.56503391 27.54897308
v -76.00632477 11.56503391 27.54897308
v -78.96195984 11.64967728 27.65640831
v -84.87322998 11.56503391 27.54897308
v -96.69577789 11.56503391 27.54897308
v -13.93797684 11.64967728 27.65640831
v -34.62742615 11.64967728 27.65640831
v -76.00632477 11.64967728 27.65640831
v -5.07106972 11.67984867 27.78981209
v -5.07106972 11.64967728 27.65640831
v -19.84924889 11.64967728 27.65640831
v -22.80488396 11.64967728 27.65640831
v -25.76051903 11.64967728 27.65640831
v -28.71615601 11.64967728 27.65640831
v -40.53869629 11.64967728 27.65640831
v -43.49433517 11.64967728 27.65640831
v -46.44997025 11.64967728 27.65640831
v -49.40560532 11.64967728 27.65640831
v -61.22814941 11.64967728 27.65640831
v -64.18378448 11.64967728 27.65640831
v -102.60704803 11.67984867 27.78981209
v -67.13941956 11.64967728 27.65640831
v -70.09505463 11.64967728 27.65640831
v -81.91759491 11.64967728 27.65640831
v -84.87322998 11.64967728 27.65640831
v -87.82887268 11.64967728 27.65640831
v -90.78450775 11.64967728 27.65640831
v -102.60704803 11.64967728 27.65640831
v -99.65141296 11.64967728 27.65640831
v -96.69577789 11.64967728 27.65640831
v -93.74014282 11.64967728 27.65640831
v -8.02670574 11.64967728 27.65640831
v -52.36124039 11.64967728 27.65640831
v -55.31687546 11.64967728 27.65640831
v -58.27251053 11.64967728 27.65640831
v -10.98234081 11.64967728 27.65640831
v -31.67179108 11.64967728 27.65640831
v -73.05068970 11.64967728 27.65640831
v -16.89361191 11.64967728 27.65640831
v -37.58306122 11.64967728 27.65640831
v -78.96195984 11.64967728 27.65640831
v -13.93797684 11.64967728 27.65640831
v -34.62742615 11.64967728 27.65640831
v -76.00632477 11.64967728 27.65640831
v -5.07106972 11.64967728 37.34358978
v -5.07106972 11.67984867 37.21018982
v -102.60704803 11.67984867 37.21018982
v -8.02670574 11.64967728 37.34358978
v -10.98234081 11.64967728 37.34358978
v -13.93797684 11.64967728 37.34358978
v -25.76051903 11.64967728 37.34358978
v -28.71615601 11.64967728 37.34358978
v -31.67179108 11.64967728 37.34358978
v -34.62742615 11.64967728 37.34358978
v -46.44997025 11.64967728 37.34358978
v -49.40560532 11.64967728 37.34358978
v -52.36124039 11.64967728 37.34358978
v -55.31687546 11.64967728 37.34358978
v -67.13941956 11.64967728 37.34358978
v -70.09505463 11.64967728 37.34358978
v -73.05068970 11.64967728 37.34358978
v -76.00632477 11.64967728 37.34358978
v -87.82887268 11.64967728 37.34358978
v -90.78450775 11.64967728 37.34358978
v -93.74014282 11.64967728 37.34358978
v -96.69577789 11.64967728 37.34358978
v -99.65141296 11.64967728 37.34358978
v -102.60704803 11.64967728 37.34358978
v -58.27251053 11.64967728 37.34358978
v -61.22814941 11.64967728 37.34358978
v -16.89361191 11.64967728 37.34358978
v -19.84924889 11.64967728 37.34358978
v -22.80488396 11.64967728 37.34358978
v -37.58306122 11.64967728 37.34358978
v -40.53869629 11.64967728 37.34358978
v -43.49433517 11.64967728 37.34358978
v -64.18378448 11.64967728 37.34358978
v -78.96195984 11.64967728 37.34358978
v -81.91759491 11.64967728 37.34358978
v -84.87322998 11.64967728 37.34358978
v -5.07106972 11.56503391 37.45102692
v -5.07106972 11.64967728 37.34358978
v -8.02670574 11.64967728 37.34358978
v -10.98234081 11.64967728 37.34358978
v -13.93797684 11.64967728 37.34358978
v -13.93797684 11.56503391 37.45102692
v -16.89361191 11.56503391 37.45102692
v -25.76051903 11.56503391 37.45102692
v -28.71615601 11.56503391 37.45102692
v -25.76051903 11.64967728 37.34358978
v -28.71615601 11.64967728 37.34358978
v -31.67179108 11.64967728 37.34358978
v -34.62742615 11.64967728 37.34358978
v -34.62742615 11.56503391 37.45102692
v -37.58306122 11.56503391 37.45102692
v -46.44997025 11.56503391 37.45102692
v -49.40560532 11.56503391 37.45102692
v -46.44997025 11.64967728 37.34358978
v -49.40560532 11.64967728 37.34358978
v -52.36124039 11.64967728 37.34358978
v -55.31687546 11.64967728 37.34358978
v -55.31687546 11.56503391 37.45102692
v -58.27251053 11.56503391 37.45102692
v -67.13941956 11.56503391 37.45102692
v -70.09505463 11.56503391 37.45102692
v -67.13941956 11.64967728 37.34358978
v -70.09505463 11.64967728 37.34358978
v -73.05068970 11.64967728 37.34358978
v -76.00632477 11.64967728 37.34358978
v -76.00632477 11.56503391 37.45102692
v -78.96195984 11.56503391 37.45102692
v -87.82887268 11.56503391 37.45102692
v -90.78450775 11.56503391 37.45102692
v -87.82887268 11.64967728 37.34358978
v -90.78450775 11.64967728 37.34358978
v -93.74014282 11.64967728 37.34358978
v -96.69577789 11.64967728 37.34358978
v -96.69577789 11.56503391 37.45102692
v -99.65141296 11.56503391 37.45102692
v -8.02670574 11.56503391 37.45102692
v -102.60704803 11.56503391 37.45102692
v -99.65141296 11.64967728 37.34358978
v -102.60704803 11.64967728 37.34358978
v -58.27251053 11.64967728 37.34358978
v -61.22814941 11.64967728 37.34358978
v -61.22814941 11.56503391 37.45102692
v -64.18378448 11.56503391 37.45102692
v -10.98234081 11.56503391 37.45102692
v -16.89361191 11.64967728 37.34358978
v -19.84924889 11.64967728 37.34358978
v -22.80488396 11.64967728 37.34358978
v -22.80488396 11.56503391 37.45102692
v -19.84924889 11.56503391 37.45102692
v -31.67179108 11.56503391 37.45102692
v -37.58306122 11.64967728 37.34358978
v -40.53869629 11.64967728 37.34358978
v -43.49433517 11.64967728 37.34358978
v -43.49433517 11.56503391 37.45102692
v -40.53869629 11.56503391 37.45102692
v -52.36124039 11.56503391 37.45102692
v -64.18378448 11.64967728 37.34358978
v -73.05068970 11.56503391 37.45102692
v -78.96195984 11.64967728 37.34358978
v -81.91759491 11.64967728 37.34358978
v -84.87322998 11.64967728 37.34358978
v -84.87322998 11.56503391 37.45102692
v -81.91759491 11.56503391 37.45102692
v -93.74014282 11.56503391 37.45102692
v -5.07106972 11.44239616 37.51158142
v -5.07106972 11.56503391 37.45102692
v -13.93797684 11.56503391 37.45102692
v -16.89361191 11.56503391 37.45102692
v -16.89361191 11.44239616 37.51158142
v -19.84924889 11.44239616 37.51158142
v -25.76051903 11.44239616 37.51158142
v -28.71615601 11.44239616 37.51158142
v -25.76051903 11.56503391 37.45102692
v -28.71615601 11.56503391 37.45102692
v -34.62742615 11.56503391 37.45102692
v -37.58306122 11.56503391 37.45102692
v -37.58306122 11.44239616 37.51158142
v -40.53869629 11.44239616 37.51158142
v -46.44997025 11.44239616 37.51158142
v -49.40560532 11.44239616 37.51158142
v -46.44997025 11.56503391 37.45102692
v -49.40560532 11.56503391 37.45102692
v -55.31687546 11.56503391 37.45102692
v -58.27251053 11.56503391 37.45102692
v -58.27251053 11.44239616 37.51158142
v -61.22814941 11.44239616 37.51158142
v -67.13941956 11.44239616 37.51158142
v -70.09505463 11.44239616 37.51158142
v -67.13941956 11.56503391 37.45102692
v -70.09505463 11.56503391 37.45102692
v -76.00632477 11.56503391 37.45102692
v -78.96195984 11.56503391 37.45102692
v -78.96195984 11.44239616 37.51158142
v -81.91759491 11.44239616 37.51158142
v -87.82887268 11.44239616 37.51158142
v -90.78450775 11.44239616 37.51158142
v -87.82887268 11.56503391 37.45102692
v -90.78450775 11.56503391 37.45102692
v -96.69577789 11.56503391 37.45102692
v -99.65141296 11.56503391 37.45102692
v -99.65141296 11.44239616 37.51158142
v -102.60704803 11.44239616 37.51158142
v -93.74014282 11.44239616 37.51158142
v -8.02670574 11.56503391 37.45102692
v -8.02670574 11.44239616 37.51158142
v -55.31687546 11.44239616 37.51158142
v -102.60704803 11.56503391 37.45102692
v -61.22814941 11.56503391 37.45102692
v -64.18378448 11.56503391 37.45102692
v -64.18378448 11.44239616 37.51158142
v -10.98234081 11.56503391 37.45102692
v -10.98234081 11.44239616 37.51158142
v -22.80488396 11.56503391 37.45102692
v -19.84924889 11.56503391 37.45102692
v -31.67179108 11.56503391 37.45102692
v -31.67179108 11.44239616 37.51158142
v -43.49433517 11.56503391 37.45102692
v -40.53869629 11.56503391 37.45102692
v -52.36124039 11.56503391 37.45102692
v -52.36124039 11.44239616 37.51158142
v -73.05068970 11.56503391 37.45102692
v -73.05068970 11.44239616 37.51158142
v -84.87322998 11.56503391 37.45102692
v -81.91759491 11.56503391 37.45102692
v -93.74014282 11.56503391 37.45102692
v -13.93797684 11.44239616 37.51158142
v -22.80488396 11.44239616 37.51158142
v -34.62742615 11.44239616 37.51158142
v -43.49433517 11.44239616 37.51158142
v -76.00632477 11.44239616 37.51158142
v -84.87322998 11.44239616 37.51158142
v -96.69577789 11.44239616 37.51158142
v -5.07106972 11.30563736 37.51346588
v -5.07106972 11.44239616 37.51158142
v -16.89361191 11.44239616 37.51158142
v -19.84924889 11.44239616 37.51158142
v -19.84924889 11.30563736 37.51346588
v -22.80488396 11.30563736 37.51346588
v -25.76051903 11.30563736 37.51346588
v -28.71615601 11.30563736 37.51346588
v -25.76051903 11.44239616 37.51158142
v -28.71615601 11.44239616 37.51158142
v -37.58306122 11.44239616 37.51158142
v -40.53869629 11.44239616 37.51158142
v -40.53869629 11.30563736 37.51346588
v -43.49433517 11.30563736 37.51346588
v -46.44997025 11.30563736 37.51346588
v -49.40560532 11.30563736 37.51346588
v -46.44997025 11.44239616 37.51158142
v -49.40560532 11.44239616 37.51158142
v -58.27251053 11.44239616 37.51158142
v -61.22814941 11.44239616 37.51158142
v -61.22814941 11.30563736 37.51346588
v -64.18378448 11.30563736 37.51346588
v -67.13941956 11.30563736 37.51346588
v -70.09505463 11.30563736 37.51346588
v -67.13941956 11.44239616 37.51158142
v -70.09505463 11.44239616 37.51158142
v -78.96195984 11.44239616 37.51158142
v -81.91759491 11.44239616 37.51158142
v -81.91759491 11.30563736 37.51346588
v -84.87322998 11.30563736 37.51346588
v -87.82887268 11.30563736 37.51346588
v -90.78450775 11.30563736 37.51346588
v -87.82887268 11.44239616 37.51158142
v -90.78450775 11.44239616 37.51158142
v -99.65141296 11.44239616 37.51158142
v -102.60704803 11.44239616 37.51158142
v -102.60704803 11.30563736 37.51346588
v -99.65141296 11.30563736 37.51346588
v -96.69577789 11.30563736 37.51346588
v -93.74014282 11.30563736 37.51346588
v -93.74014282 11.44239616 37.51158142
v -8.02670574 11.44239616 37.51158142
v -8.02670574 11.30563736 37.51346588
v -52.36124039 11.30563736 37.51346588
v -55.31687546 11.30563736 37.51346588
v -58.27251053 11.30563736 37.51346588
v -55.31687546 11.44239616 37.51158142
v -64.18378448 11.44239616 37.51158142
v -10.98234081 11.44239616 37.51158142
v -10.98234081 11.30563736 37.51346588
v -31.67179108 11.44239616 37.51158142
v -31.67179108 11.30563736 37.51346588
v -52.36124039 11.44239616 37.51158142
v -73.05068970 11.44239616 37.51158142
v -73.05068970 11.30563736 37.51346588
v -13.93797684 11.44239616 37.51158142
v -16.89361191 11.30563736 37.51346588
v -22.80488396 11.44239616 37.51158142
v -34.62742615 11.44239616 37.51158142
v -37.58306122 11.30563736 37.51346588
v -43.49433517 11.44239616 37.51158142
v -76.00632477 11.44239616 37.51158142
v -78.96195984 11.30563736 37.51346588
v -84.87322998 11.44239616 37.51158142
v -96.69577789 11.44239616 37.51158142
v -13.93797684 11.30563736 37.51346588
v -34.62742615 11.30563736 37.51346588
v -76.00632477 11.30563736 37.51346588
v -5.07106972 10.14926338 36.96967316
v -5.07106972 10.69132233 37.15784836
v -5.07106972 11.18137741 37.45631409
v -5.07106972 11.30563736 37.51346588
v -5.07106972 9.57968140 36.90029526
v -5.07106972 9.00830078 36.95283890
v -5.07106972 8.46092606 37.12493896
v -5.07106972 7.96227884 37.40882111
v -5.07106972 7.87267590 37.51145172
v -5.07106972 7.83770418 37.64312744
v -19.84924889 11.30563736 37.51346588
v -22.80488396 11.30563736 37.51346588
v -25.76051903 11.30563736 37.51346588
v -28.71615601 11.30563736 37.51346588
v -40.53869629 11.30563736 37.51346588
v -43.49433517 11.30563736 37.51346588
v -46.44997025 11.30563736 37.51346588
v -49.40560532 11.30563736 37.51346588
v -61.22814941 11.30563736 37.51346588
v -64.18378448 11.30563736 37.51346588
v -102.60704803 11.18137741 37.45631409
v -67.13941956 11.30563736 37.51346588
v -70.09505463 11.30563736 37.51346588
v -81.91759491 11.30563736 37.51346588
v -84.87322998 11.30563736 37.51346588
v -87.82887268 11.30563736 37.51346588
v -90.78450775 11.30563736 37.51346588
v -102.60704803 11.30563736 37.51346588
v -99.65141296 11.30563736 37.51346588
v -96.69577789 11.30563736 37.51346588
v -93.74014282 11.30563736 37.51346588
v -8.02670574 11.30563736 37.51346588
v -52.36124039 11.30563736 37.51346588
v -55.31687546 11.30563736 37.51346588
v -58.27251053 11.30563736 37.51346588
v -10.98234081 11.30563736 37.51346588
v -31.67179108 11.30563736 37.51346588
v -73.05068970 11.30563736 37.51346588
v -16.89361191 11.30563736 37.51346588
v -37.58306122 11.30563736 37.51346588
v -78.96195984 11.30563736 37.51346588
v -13.93797684 11.30563736 37.51346588
v -34.62742615 11.30563736 37.51346588
v -76.00632477 11.30563736 37.51346588
v -17.26306725 10.69132233 37.15784836
v -29.45506477 10.69132233 37.15784836
v -41.64706039 10.69132233 37.15784836
v -41.64706039 10.14926338 36.96967316
v -53.83905792 10.14926338 36.96967316
v -53.83905792 9.57968140 36.90029526
v -66.03105927 9.57968140 36.90029526
v -66.03105927 9.00830078 36.95283890
v -78.22305298 9.00830078 36.95283890
v -78.22305298 8.46092606 37.12493896
v -90.41504669 8.46092606 37.12493896
v -102.25867462 7.96227884 37.40882111
v -102.40235901 8.09053993 37.32201767
v -17.26306725 10.14926338 36.96967316
v -17.26306725 9.57968140 36.90029526
v -17.26306725 9.00830078 36.95283890
v -17.26306725 8.46092606 37.12493896
v -53.83905792 8.46092606 37.12493896
v -41.64706039 8.46092606 37.12493896
v -29.45506477 8.46092606 37.12493896
v -29.45506477 9.00830078 36.95283890
v -102.51470184 8.25186920 37.22701645
v -102.58408356 8.43836689 37.13507080
v -102.60704803 8.63512707 37.05609131
v -90.41504669 9.00830078 36.95283890
v -102.60704803 9.15599060 36.92742538
v -90.41504669 9.57968140 36.90029526
v -102.60704803 9.69201279 36.90428925
v -90.41504669 10.14926338 36.96967316
v -102.60704803 10.22202492 36.98759842
v -90.41504669 10.69132233 37.15784836
v -102.60704803 10.72510147 37.17406082
v -29.45506477 10.14926338 36.96967316
v -29.45506477 9.57968140 36.90029526
v -53.83905792 10.69132233 37.15784836
v -66.03105927 10.69132233 37.15784836
v -78.22305298 10.69132233 37.15784836
v -78.22305298 10.14926338 36.96967316
v -66.03105927 10.14926338 36.96967316
v -41.64706039 9.57968140 36.90029526
v -53.83905792 9.00830078 36.95283890
v -66.03105927 8.46092606 37.12493896
v -78.22305298 9.57968140 36.90029526
v -41.64706039 9.00830078 36.95283890
v -8.01614857 7.87267590 37.51145172
v -10.96122742 7.87267590 37.51145172
v -13.90630627 7.87267590 37.51145172
v -13.90630627 7.83770418 37.64312744
v -16.85138512 7.83770418 37.64312744
v -19.79646492 7.83770418 37.64312744
v -22.74154282 7.83770418 37.64312744
v -19.79646492 7.87267590 37.51145172
v -22.74154282 7.87267590 37.51145172
v -25.68662262 7.87267590 37.51145172
v -28.63170052 7.87267590 37.51145172
v -28.63170052 7.83770418 37.64312744
v -31.57678032 7.83770418 37.64312744
v -34.52185822 7.83770418 37.64312744
v -37.46693802 7.83770418 37.64312744
v -34.52185822 7.87267590 37.51145172
v -37.46693802 7.87267590 37.51145172
v -40.41201782 7.87267590 37.51145172
v -43.35709381 7.87267590 37.51145172
v -43.35709381 7.83770418 37.64312744
v -46.30217361 7.83770418 37.64312744
v -49.24725342 7.83770418 37.64312744
v -52.19233322 7.83770418 37.64312744
v -49.24725342 7.87267590 37.51145172
v -52.19233322 7.87267590 37.51145172
v -55.13741302 7.87267590 37.51145172
v -58.08248901 7.87267590 37.51145172
v -58.08248901 7.83770418 37.64312744
v -61.02756882 7.83770418 37.64312744
v -63.97264862 7.83770418 37.64312744
v -66.91772461 7.83770418 37.64312744
v -63.97264862 7.87267590 37.51145172
v -66.91772461 7.87267590 37.51145172
v -69.86280823 7.87267590 37.51145172
v -72.80788422 7.87267590 37.51145172
v -72.80788422 7.83770418 37.64312744
v -75.75296021 7.83770418 37.64312744
v -78.69804382 7.83770418 37.64312744
v -81.64311981 7.83770418 37.64312744
v -78.69804382 7.87267590 37.51145172
v -81.64311981 7.87267590 37.51145172
v -102.10938263 7.88372374 37.49235916
v -84.58820343 7.87267590 37.51145172
v -87.53327942 7.87267590 37.51145172
v -87.53327942 7.83770418 37.64312744
v -90.47835541 7.83770418 37.64312744
v -93.42343903 7.83770418 37.64312744
v -96.36851501 7.83770418 37.64312744
v -93.42343903 7.87267590 37.51145172
v -96.36851501 7.87267590 37.51145172
v -99.31359863 7.87267590 37.51145172
v -101.94612885 7.84428120 37.58922577
v -99.31359863 7.83770418 37.64312744
v -8.01614857 7.83770418 37.64312744
v -55.13741302 7.83770418 37.64312744
v -75.75296021 7.87267590 37.51145172
v -10.96122742 7.83770418 37.64312744
v -16.85138512 7.87267590 37.51145172
v -25.68662262 7.83770418 37.64312744
v -31.57678032 7.87267590 37.51145172
v -40.41201782 7.83770418 37.64312744
v -46.30217361 7.87267590 37.51145172
v -61.02756882 7.87267590 37.51145172
v -69.86280823 7.83770418 37.64312744
v -84.58820343 7.83770418 37.64312744
v -90.47835541 7.87267590 37.51145172
v -5.07106972 8.32567596 38.50504684
v -5.07106972 8.20322514 38.44507217
v -5.07106972 8.11996651 38.33709717
v -5.07106972 7.86457586 37.77669144
v -5.07106972 7.83770418 37.64312744
v -102.60704803 11.67984867 37.21018982
v -102.60704803 11.67984867 36.75000000
v -102.60704803 11.18137741 37.45631409
v -102.60704803 11.44239616 37.51158142
v -102.60704803 11.30563736 37.51346588
v -102.60704803 11.56503391 37.45102692
v -102.60704803 11.64967728 37.34358978
v -102.25867462 7.96227884 37.40882111
v -102.40235901 8.09053993 37.32201767
v -102.51470184 8.25186920 37.22701645
v -102.58408356 8.43836689 37.13507080
v -102.60704803 8.63512707 37.05609131
v -102.60704803 9.15599060 36.92742538
v -102.60704803 9.69201279 36.90428925
v -102.60704803 10.22202492 36.98759842
v -102.60704803 10.72510147 37.17406082
v -13.90630627 7.83770418 37.64312744
v -16.85138512 7.83770418 37.64312744
v -19.79646492 7.83770418 37.64312744
v -22.74154282 7.83770418 37.64312744
v -28.63170052 7.83770418 37.64312744
v -31.57678032 7.83770418 37.64312744
v -34.52185822 7.83770418 37.64312744
v -37.46693802 7.83770418 37.64312744
v -43.35709381 7.83770418 37.64312744
v -46.30217361 7.83770418 37.64312744
v -49.24725342 7.83770418 37.64312744
v -52.19233322 7.83770418 37.64312744
v -58.08248901 7.83770418 37.64312744
v -61.02756882 7.83770418 37.64312744
v -101.60704803 7.86457586 37.77669144
v -63.97264862 7.83770418 37.64312744
v -66.91772461 7.83770418 37.64312744
v -72.80788422 7.83770418 37.64312744
v -75.75296021 7.83770418 37.64312744
v -78.69804382 7.83770418 37.64312744
v -81.64311981 7.83770418 37.64312744
v -102.10938263 7.88372374 37.49235916
v -87.53327942 7.83770418 37.64312744
v -90.47835541 7.83770418 37.64312744
v -93.42343903 7.83770418 37.64312744
v -96.36851501 7.83770418 37.64312744
v -101.94612885 7.84428120 37.58922577
v -99.31359863 7.83770418 37.64312744
v -8.01614857 7.83770418 37.64312744
v -55.13741302 7.83770418 37.64312744
v -10.96122742 7.83770418 37.64312744
v -25.68662262 7.83770418 37.64312744
v -40.41201782 7.83770418 37.64312744
v -69.86280823 7.83770418 37.64312744
v -84.58820343 7.83770418 37.64312744
v -101.60704803 8.11996651 38.33709717
v -8.02013111 8.20322514 38.44507217
v -10.96919346 8.20322514 38.44507217
v -13.91825485 8.20322514 38.44507217
v -13.91825485 8.32567596 38.50504684
v -16.86731720 8.32567596 38.50504684
v -22.76543999 8.32567596 38.50504684
v -25.71450233 8.32567596 38.50504684
v -22.76543999 8.20322514 38.44507217
v -25.71450233 8.20322514 38.44507217
v -28.66356277 8.20322514 38.44507217
v -31.61262512 8.20322514 38.44507217
v -31.61262512 8.32567596 38.50504684
v -34.56168747 8.32567596 38.50504684
v -40.45981216 8.32567596 38.50504684
v -43.40887070 8.32567596 38.50504684
v -40.45981216 8.20322514 38.44507217
v -43.40887070 8.20322514 38.44507217
v -46.35793304 8.20322514 38.44507217
v -49.30699539 8.20322514 38.44507217
v -49.30699539 8.32567596 38.50504684
v -52.25605774 8.32567596 38.50504684
v -102.39010620 8.58410454 38.44390488
v -58.15418243 8.32567596 38.50504684
v -61.10324097 8.32567596 38.50504684
v -58.15418243 8.20322514 38.44507217
v -61.10324097 8.20322514 38.44507217
v -64.05230713 8.20322514 38.44507217
v -67.00136566 8.20322514 38.44507217
v -67.00136566 8.32567596 38.50504684
v -69.95042419 8.32567596 38.50504684
v -75.84854889 8.32567596 38.50504684
v -78.79761505 8.32567596 38.50504684
v -75.84854889 8.20322514 38.44507217
v -78.79761505 8.20322514 38.44507217
v -101.81837463 8.18809319 38.43164444
v -81.74667358 8.20322514 38.44507217
v -84.69573975 8.20322514 38.44507217
v -84.69573975 8.32567596 38.50504684
v -87.64479828 8.32567596 38.50504684
v -93.54292297 8.32567596 38.50504684
v -96.49198151 8.32567596 38.50504684
v -93.54292297 8.20322514 38.44507217
v -96.49198151 8.20322514 38.44507217
v -99.44104767 8.20322514 38.44507217
v -102.02880859 8.29503345 38.49626541
v -99.44104767 8.32567596 38.50504684
v -102.22253418 8.43166733 38.51023483
v -8.02013111 8.32567596 38.50504684
v -46.35793304 8.32567596 38.50504684
v -10.96919346 8.32567596 38.50504684
v -16.86731720 8.20322514 38.44507217
v -19.81637764 8.20322514 38.44507217
v -19.81637764 8.32567596 38.50504684
v -28.66356277 8.32567596 38.50504684
v -34.56168747 8.20322514 38.44507217
v -37.51074982 8.20322514 38.44507217
v -37.51074982 8.32567596 38.50504684
v -52.25605774 8.20322514 38.44507217
v -55.20512009 8.20322514 38.44507217
v -55.20512009 8.32567596 38.50504684
v -64.05230713 8.32567596 38.50504684
v -69.95042419 8.20322514 38.44507217
v -72.89949036 8.20322514 38.44507217
v -72.89949036 8.32567596 38.50504684
v -81.74667358 8.32567596 38.50504684
v -87.64479828 8.20322514 38.44507217
v -90.59385681 8.20322514 38.44507217
v -90.59385681 8.32567596 38.50504684
v -102.60704803 12.87984943 36.75000000
v -102.60704803 12.87984943 37.21018982
v -102.60704803 12.82185841 37.62463760
v -102.60704803 12.38431931 38.32864761
v -102.60704803 12.65234184 38.00725174
v -102.60704803 10.15422249 38.23159027
v -102.60704803 10.45180893 38.40906525
v -102.60704803 12.03837681 38.56413269
v -102.60704803 10.81612015 38.61499405
v -102.60704803 11.64108658 38.69562912
v -102.60704803 11.22296238 38.71302795
v -102.60704803 9.82385445 38.12713242
v -102.60704803 9.47833252 38.10126114
v -102.60704803 9.13609314 38.15536118
v -102.55168915 8.83159542 38.27782059
v -102.59324646 8.98031139 38.20855331
v -5.07106972 8.46202374 38.50462723
v -5.07106972 8.32567596 38.50504684
v -13.91825485 8.32567596 38.50504684
v -16.86731720 8.32567596 38.50504684
v -16.86731720 8.46202374 38.50462723
v -19.81637764 8.46202374 38.50462723
v -22.76543999 8.46202374 38.50462723
v -25.71450233 8.46202374 38.50462723
v -22.76543999 8.32567596 38.50504684
v -25.71450233 8.32567596 38.50504684
v -31.61262512 8.32567596 38.50504684
v -34.56168747 8.32567596 38.50504684
v -34.56168747 8.46202374 38.50462723
v -37.51074982 8.46202374 38.50462723
v -40.45981216 8.46202374 38.50462723
v -43.40887070 8.46202374 38.50462723
v -40.45981216 8.32567596 38.50504684
v -43.40887070 8.32567596 38.50504684
v -49.30699539 8.32567596 38.50504684
v -52.25605774 8.32567596 38.50504684
v -52.25605774 8.46202374 38.50462723
v -55.20512009 8.46202374 38.50462723
v -58.15418243 8.46202374 38.50462723
v -61.10324097 8.46202374 38.50462723
v -58.15418243 8.32567596 38.50504684
v -61.10324097 8.32567596 38.50504684
v -67.00136566 8.32567596 38.50504684
v -69.95042419 8.32567596 38.50504684
v -69.95042419 8.46202374 38.50462723
v -72.89949036 8.46202374 38.50462723
v -75.84854889 8.46202374 38.50462723
v -78.79761505 8.46202374 38.50462723
v -75.84854889 8.32567596 38.50504684
v -78.79761505 8.32567596 38.50504684
v -84.69573975 8.32567596 38.50504684
v -87.64479828 8.32567596 38.50504684
v -87.64479828 8.46202374 38.50462723
v -90.59385681 8.46202374 38.50462723
v -93.54292297 8.46202374 38.50462723
v -96.49198151 8.46202374 38.50462723
v -93.54292297 8.32567596 38.50504684
v -96.49198151 8.32567596 38.50504684
v -102.02880859 8.29503345 38.49626541
v -99.44104767 8.32567596 38.50504684
v -102.22253418 8.43166733 38.51023483
v -99.44104767 8.46202374 38.50462723
v -8.02013111 8.32567596 38.50504684
v -8.02013111 8.46202374 38.50462723
v -49.30699539 8.46202374 38.50462723
v -46.35793304 8.46202374 38.50462723
v -46.35793304 8.32567596 38.50504684
v -10.96919346 8.32567596 38.50504684
v -10.96919346 8.46202374 38.50462723
v -19.81637764 8.32567596 38.50504684
v -28.66356277 8.32567596 38.50504684
v -28.66356277 8.46202374 38.50462723
v -37.51074982 8.32567596 38.50504684
v -55.20512009 8.32567596 38.50504684
v -64.05230713 8.32567596 38.50504684
v -64.05230713 8.46202374 38.50462723
v -72.89949036 8.32567596 38.50504684
v -81.74667358 8.32567596 38.50504684
v -81.74667358 8.46202374 38.50462723
v -90.59385681 8.32567596 38.50504684
v -13.91825485 8.46202374 38.50462723
v -31.61262512 8.46202374 38.50462723
v -67.00136566 8.46202374 38.50462723
v -84.69573975 8.46202374 38.50462723
v -5.07106972 10.10268974 38.20960236
v -5.07106972 10.45180893 38.40906525
v -5.07106972 10.81612015 38.61499405
v -5.07106972 11.22296238 38.71302795
v -5.07106972 9.71312904 38.11004257
v -5.07106972 9.31111717 38.11754227
v -5.07106972 8.92554092 38.23155975
v -5.07106972 8.58410454 38.44390488
v -5.07106972 8.46202374 38.50462723
v -5.07106972 11.64108658 38.69562912
v -5.07106972 12.03837681 38.56413269
v -5.07106972 12.38431931 38.32864761
v -5.07106972 12.65234184 38.00725174
v -5.07106972 12.87984943 37.21018982
v -5.07106972 12.82185841 37.62463760
v -16.86731720 8.46202374 38.50462723
v -19.81637764 8.46202374 38.50462723
v -22.76543999 8.46202374 38.50462723
v -25.71450233 8.46202374 38.50462723
v -34.56168747 8.46202374 38.50462723
v -37.51074982 8.46202374 38.50462723
v -40.45981216 8.46202374 38.50462723
v -43.40887070 8.46202374 38.50462723
v -52.25605774 8.46202374 38.50462723
v -55.20512009 8.46202374 38.50462723
v -102.39010620 8.58410454 38.44390488
v -58.15418243 8.46202374 38.50462723
v -61.10324097 8.46202374 38.50462723
v -69.95042419 8.46202374 38.50462723
v -72.89949036 8.46202374 38.50462723
v -75.84854889 8.46202374 38.50462723
v -78.79761505 8.46202374 38.50462723
v -87.64479828 8.46202374 38.50462723
v -90.59385681 8.46202374 38.50462723
v -93.54292297 8.46202374 38.50462723
v -96.49198151 8.46202374 38.50462723
v -102.22253418 8.43166733 38.51023483
v -99.44104767 8.46202374 38.50462723
v -8.02013111 8.46202374 38.50462723
v -49.30699539 8.46202374 38.50462723
v -46.35793304 8.46202374 38.50462723
v -10.96919346 8.46202374 38.50462723
v -28.66356277 8.46202374 38.50462723
v -64.05230713 8.46202374 38.50462723
v -81.74667358 8.46202374 38.50462723
v -13.91825485 8.46202374 38.50462723
v -31.61262512 8.46202374 38.50462723
v -67.00136566 8.46202374 38.50462723
v -84.69573975 8.46202374 38.50462723
v -102.60704803 12.87984943 37.21018982
v -102.60704803 12.82185841 37.62463760
v -102.60704803 12.38431931 38.32864761
v -102.60704803 12.65234184 38.00725174
v -102.60704803 10.15422249 38.23159027
v -102.60704803 10.45180893 38.40906525
v -102.60704803 12.03837681 38.56413269
v -102.60704803 10.81612015 38.61499405
v -102.60704803 11.64108658 38.69562912
v -102.60704803 11.22296238 38.71302795
v -102.60704803 9.82385445 38.12713242
v -102.60704803 9.47833252 38.10126114
v -102.60704803 9.13609314 38.15536118
v -102.55168915 8.83159542 38.27782059
v -102.59324646 8.98031139 38.20855331
v -13.19906807 8.92554092 38.23155975
v -21.32706642 8.92554092 38.23155975
v -29.45506477 8.92554092 38.23155975
v -29.45506477 9.31111717 38.11754227
v -37.58306122 9.31111717 38.11754227
v -37.58306122 9.71312904 38.11004257
v -45.71105957 9.71312904 38.11004257
v -45.71105957 10.10268974 38.20960236
v -53.83905792 10.10268974 38.20960236
v -13.19906807 9.31111717 38.11754227
v -13.19906807 9.71312904 38.11004257
v -13.19906807 10.10268974 38.20960236
v -94.47904968 10.10268974 38.20960236
v -86.35105133 10.10268974 38.20960236
v -78.22305298 10.10268974 38.20960236
v -78.22305298 9.71312904 38.11004257
v -70.09505463 9.71312904 38.11004257
v -70.09505463 9.31111717 38.11754227
v -61.96705627 9.31111717 38.11754227
v -61.96705627 8.92554092 38.23155975
v -53.83905792 8.92554092 38.23155975
v -45.71105957 8.92554092 38.23155975
v -37.58306122 8.92554092 38.23155975
v -45.71105957 9.31111717 38.11754227
v -94.47904968 9.71312904 38.11004257
v -86.35105133 9.71312904 38.11004257
v -86.35105133 9.31111717 38.11754227
v -78.22305298 9.31111717 38.11754227
v -78.22305298 8.92554092 38.23155975
v -70.09505463 8.92554092 38.23155975
v -94.47904968 9.31111717 38.11754227
v -86.35105133 8.92554092 38.23155975
v -94.47904968 8.92554092 38.23155975
v -21.32706642 9.31111717 38.11754227
v -21.32706642 9.71312904 38.11004257
v -21.32706642 10.10268974 38.20960236
v -53.83905792 9.31111717 38.11754227
v -53.83905792 9.71312904 38.11004257
v -29.45506477 9.71312904 38.11004257
v -37.58306122 10.10268974 38.20960236
v -61.96705627 9.71312904 38.11004257
v -70.09505463 10.10268974 38.20960236
v -29.45506477 10.10268974 38.20960236
v -61.96705627 10.10268974 38.20960236
v -13.93797684 10.81612015 38.61499405
v -22.80488396 10.81612015 38.61499405
v -31.67179108 10.81612015 38.61499405
v -31.67179108 11.22296238 38.71302795
v -40.53869629 11.22296238 38.71302795
v -40.53869629 11.64108658 38.69562912
v -49.40560532 11.64108658 38.69562912
v -49.40560532 12.03837681 38.56413269
v -58.27251053 12.03837681 38.56413269
v -58.27251053 12.38431931 38.32864761
v -67.13941956 12.38431931 38.32864761
v -67.13941956 12.65234184 38.00725174
v -76.00632477 12.65234184 38.00725174
v -76.00632477 12.82185841 37.62463760
v -84.87322998 12.82185841 37.62463760
v -93.74014282 12.82185841 37.62463760
v -93.74014282 12.65234184 38.00725174
v -93.74014282 12.38431931 38.32864761
v -93.74014282 12.03837681 38.56413269
v -93.74014282 11.64108658 38.69562912
v -93.74014282 11.22296238 38.71302795
v -93.74014282 10.81612015 38.61499405
v -13.93797684 11.22296238 38.71302795
v -13.93797684 11.64108658 38.69562912
v -13.93797684 12.03837681 38.56413269
v -13.93797684 12.38431931 38.32864761
v -13.93797684 12.65234184 38.00725174
v -13.93797684 12.82185841 37.62463760
v -49.40560532 12.82185841 37.62463760
v -40.53869629 12.82185841 37.62463760
v -31.67179108 12.82185841 37.62463760
v -31.67179108 12.65234184 38.00725174
v -22.80488396 12.65234184 38.00725174
v -22.80488396 12.38431931 38.32864761
v -58.27251053 10.81612015 38.61499405
v -67.13941956 10.81612015 38.61499405
v -76.00632477 10.81612015 38.61499405
v -76.00632477 11.22296238 38.71302795
v -84.87322998 11.22296238 38.71302795
v -84.87322998 11.64108658 38.69562912
v -22.80488396 11.22296238 38.71302795
v -22.80488396 11.64108658 38.69562912
v -22.80488396 12.03837681 38.56413269
v -40.53869629 10.81612015 38.61499405
v -49.40560532 10.81612015 38.61499405
v -58.27251053 11.22296238 38.71302795
v -67.13941956 11.22296238 38.71302795
v -67.13941956 11.64108658 38.69562912
v -76.00632477 11.64108658 38.69562912
v -76.00632477 12.03837681 38.56413269
v -84.87322998 12.03837681 38.56413269
v -84.87322998 12.38431931 38.32864761
v -49.40560532 11.22296238 38.71302795
v -84.87322998 10.81612015 38.61499405
v -31.67179108 11.64108658 38.69562912
v -40.53869629 12.03837681 38.56413269
v -49.40560532 12.38431931 38.32864761
v -58.27251053 12.65234184 38.00725174
v -67.13941956 12.82185841 37.62463760
v -58.27251053 11.64108658 38.69562912
v -31.67179108 12.03837681 38.56413269
v -31.67179108 12.38431931 38.32864761
v -67.13941956 12.03837681 38.56413269
v -40.53869629 12.38431931 38.32864761
v -49.40560532 12.65234184 38.00725174
v -58.27251053 12.82185841 37.62463760
v -76.00632477 12.38431931 38.32864761
v -40.53869629 12.65234184 38.00725174
v -84.87322998 12.65234184 38.00725174
v -22.80488396 12.82185841 37.62463760
v -69.90705109 11.67984867 34.09999847
v -70.70704651 11.67984867 34.09999847
v -70.70704651 11.67984867 30.89999962
v -71.12115479 11.67984867 30.95451927
v -69.90705109 11.67984867 30.89999962
v -71.12115479 11.67984867 34.04548264
v -71.50704956 11.67984867 33.88563919
v -71.83841705 11.67984867 33.63137054
v -72.09268951 11.67984867 33.29999924
v -72.25252533 11.67984867 32.91411209
v -72.30704498 11.67984867 32.50000000
v -72.25252533 11.67984867 32.08588791
v -72.09268951 11.67984867 31.70000076
v -71.83841705 11.67984867 31.36862946
v -71.50704956 11.67984867 31.11435890
v -69.49293518 11.67984867 30.95451927
v -69.10704803 11.67984867 31.11435890
v -68.77568054 11.67984867 31.36862946
v -68.52140808 11.67984867 31.70000076
v -68.36156464 11.67984867 32.08588791
v -68.30704498 11.67984867 32.50000000
v -68.36156464 11.67984867 32.91411209
v -68.52140808 11.67984867 33.29999924
v -68.77568054 11.67984867 33.63137054
v -69.10704803 11.67984867 33.88563919
v -69.49293518 11.67984867 34.04548264
v -69.90705109 12.87984943 30.89999962
v -70.70704651 12.87984943 30.89999962
v -71.12115479 12.87984943 30.95451927
v -71.50704956 12.87984943 31.11435890
v -71.83841705 12.87984943 31.36862946
v -72.09268951 12.87984943 31.70000076
v -72.25252533 12.87984943 32.08588791
v -72.30704498 12.87984943 32.50000000
v -72.25252533 12.87984943 32.91411209
v -72.09268951 12.87984943 33.29999924
v -71.83841705 12.87984943 33.63137054
v -71.50704956 12.87984943 33.88563919
v -71.12115479 12.87984943 34.04548264
v -70.70704651 12.87984943 34.09999847
v -69.90705109 12.87984943 34.09999847
v -69.49293518 12.87984943 34.04548264
v -69.10704803 12.87984943 33.88563919
v -68.77568054 12.87984943 33.63137054
v -68.52140808 12.87984943 33.29999924
v -68.36156464 12.87984943 32.91411209
v -68.30704498 12.87984943 32.50000000
v -68.36156464 12.87984943 32.08588791
v -68.52140808 12.87984943 31.70000076
v -68.77568054 12.87984943 31.36862946
v -69.10704803 12.87984943 31.11435890
v -69.49293518 12.87984943 30.95451927
v -23.30704689 11.67984867 32.50000000
v -23.36156654 11.67984867 32.08588791
v -23.52140617 11.67984867 31.70000076
v -25.70704842 11.67984867 34.09999847
v -24.90704727 11.67984867 34.09999847
v -25.70704842 11.67984867 30.89999962
v -24.90704727 11.67984867 30.89999962
v -24.49293709 11.67984867 30.95451927
v -24.10704803 11.67984867 31.11435890
v -23.77567673 11.67984867 31.36862946
v -26.12115860 11.67984867 30.95451927
v -26.50704765 11.67984867 31.11435890
v -26.83841896 11.67984867 31.36862946
v -27.09268761 11.67984867 31.70000076
v -27.25252914 11.67984867 32.08588791
v -27.30704689 11.67984867 32.50000000
v -27.25252914 11.67984867 32.91411209
v -27.09268761 11.67984867 33.29999924
v -26.83841896 11.67984867 33.63137054
v -26.50704765 11.67984867 33.88563919
v -26.12115860 11.67984867 34.04548264
v -24.49293709 11.67984867 34.04548264
v -24.10704803 11.67984867 33.88563919
v -23.77567673 11.67984867 33.63137054
v -23.52140617 11.67984867 33.29999924
v -23.36156654 11.67984867 32.91411209
v -24.90704727 12.87984943 30.89999962
v -25.70704842 12.87984943 30.89999962
v -26.12115860 12.87984943 30.95451927
v -26.50704765 12.87984943 31.11435890
v -26.83841896 12.87984943 31.36862946
v -27.09268761 12.87984943 31.70000076
v -27.25252914 12.87984943 32.08588791
v -27.30704689 12.87984943 32.50000000
v -27.25252914 12.87984943 32.91411209
v -27.09268761 12.87984943 33.29999924
v -26.83841896 12.87984943 33.63137054
v -26.50704765 12.87984943 33.88563919
v -26.12115860 12.87984943 34.04548264
v -25.70704842 12.87984943 34.09999847
v -24.90704727 12.87984943 34.09999847
v -24.49293709 12.87984943 34.04548264
v -24.10704803 12.87984943 33.88563919
v -23.77567673 12.87984943 33.63137054
v -23.52140617 12.87984943 33.29999924
v -23.36156654 12.87984943 32.91411209
v -23.30704689 12.87984943 32.50000000
v -23.36156654 12.87984943 32.08588791
v -23.52140617 12.87984943 31.70000076
v -23.77567673 12.87984943 31.36862946
v -24.10704803 12.87984943 31.11435890
v -24.49293709 12.87984943 30.95451927
v -85.19786072 11.67984867 34.09627151
v -85.63257599 11.67984867 34.06653595
v -86.04315186 11.67984867 33.92061615
v -86.39913177 11.67984867 33.66933823
v -86.67411804 11.67984867 33.33133316
v -86.84771729 11.67984867 32.93167496
v -86.90705109 11.67984867 32.50000000
v -86.84771729 11.67984867 32.06832504
v -86.67411804 11.67984867 31.66866493
v -86.39913177 11.67984867 31.33066177
v -86.04315186 11.67984867 31.07938385
v -85.63257599 11.67984867 30.93346596
v -85.19786072 11.67984867 30.90373039
v -84.77124023 11.67984867 34.00761795
v -84.38436127 11.67984867 33.80715179
v -84.06591034 11.67984867 33.50973892
v -83.83950806 11.67984867 33.13744354
v -83.72194672 11.67984867 32.71786499
v -83.72194672 11.67984867 32.28213501
v -83.83950806 11.67984867 31.86255836
v -84.06591034 11.67984867 31.49025917
v -84.38436127 11.67984867 31.19284821
v -84.77124023 11.67984867 30.99238205
v -86.84771729 12.87984943 32.93167496
v -86.90705109 12.87984943 32.50000000
v -86.84771729 12.87984943 32.06832504
v -86.67411804 12.87984943 31.66866493
v -86.39913177 12.87984943 31.33066177
v -86.04315186 12.87984943 31.07938385
v -85.63257599 12.87984943 30.93346596
v -85.19786072 12.87984943 30.90373039
v -84.77124023 12.87984943 30.99238205
v -84.38436127 12.87984943 31.19284821
v -84.06591034 12.87984943 31.49025917
v -83.83950806 12.87984943 31.86255836
v -83.72194672 12.87984943 32.28213501
v -83.72194672 12.87984943 32.71786499
v -83.83950806 12.87984943 33.13744354
v -84.06591034 12.87984943 33.50973892
v -84.38436127 12.87984943 33.80715179
v -84.77124023 12.87984943 34.00761795
v -85.19786072 12.87984943 34.09627151
v -85.63257599 12.87984943 34.06653595
v -86.04315186 12.87984943 33.92061615
v -86.39913177 12.87984943 33.66933823
v -86.67411804 12.87984943 33.33133316
v -102.60704803 11.67984867 36.75000000
v -102.60704803 8.37984943 36.75000000
v -103.80704498 8.37984943 36.75000000
v -102.60704803 8.14174366 36.68966675
v -103.80704498 8.14174366 36.68966675
v -103.39483643 12.68886566 36.75000000
v -103.61606598 12.46763420 36.75000000
v -102.60704803 12.87984943 36.75000000
v -102.80704498 12.87984943 36.75000000
v -103.11606598 12.83090591 36.75000000
v -103.75810242 12.18886566 36.75000000
v -103.80704498 11.87984943 36.75000000
v -102.60704803 8.14174366 36.68966675
v -103.80704498 8.14174366 36.68966675
v -102.60704803 7.96110201 36.52322388
v -103.80704498 7.96110201 36.52322388
v -102.60704803 7.96110201 36.52322388
v -103.80704498 7.96110201 36.52322388
v -102.60704803 7.88151979 36.29084015
v -103.80704498 7.88151979 36.29084015
v -102.60704803 7.88151979 36.29084015
v -103.80704498 7.88151979 36.29084015
v -102.60704803 7.92220354 36.04860306
v -103.80704498 7.92220354 36.04860306
v -102.60704803 8.28504372 35.07084656
v -103.80704498 8.28504372 35.07084656
v -102.60704803 8.52980042 34.05706024
v -103.80704498 8.52980042 34.05706024
v -102.60704803 8.65304184 33.02145767
v -103.80704498 8.65304184 33.02145767
v -102.60704803 8.65304184 31.97854424
v -103.80704498 8.65304184 31.97854424
v -102.60704803 8.52980042 30.94293976
v -103.80704498 8.52980042 30.94293976
v -102.60704803 8.28504372 29.92915535
v -103.80704498 8.28504372 29.92915535
v -102.60704803 7.92220354 28.95139694
v -103.80704498 7.92220354 28.95139694
v -102.60704803 7.88151979 28.70915794
v -103.80704498 7.88151979 28.70915794
v -102.60704803 7.88151979 28.70915794
v -103.80704498 7.88151979 28.70915794
v -102.60704803 7.96110201 28.47677612
v -103.80704498 7.96110201 28.47677612
v -102.60704803 7.96110201 28.47677612
v -103.80704498 7.96110201 28.47677612
v -102.60704803 8.14174366 28.31033516
v -103.80704498 8.14174366 28.31033516
v -102.60704803 11.67984867 28.25000000
v -102.60704803 8.14174366 28.31033516
v -103.80704498 8.14174366 28.31033516
v -102.60704803 8.37984943 28.25000000
v -103.80704498 8.37984943 28.25000000
v -103.39483643 12.68886566 28.25000000
v -103.11606598 12.83090591 28.25000000
v -103.61606598 12.46763420 28.25000000
v -103.80704498 11.87984943 28.25000000
v -103.75810242 12.18886566 28.25000000
v -102.80704498 12.87984943 28.25000000
v -102.60704803 12.87984943 28.25000000
v -102.60704803 11.67984867 36.75000000
v -102.60704803 11.67984867 28.25000000
v -102.60704803 8.37984943 36.75000000
v -102.60704803 8.14174366 36.68966675
v -102.60704803 7.96110201 36.52322388
v -102.60704803 7.88151979 36.29084015
v -102.60704803 7.92220354 36.04860306
v -102.60704803 8.28504372 35.07084656
v -102.60704803 8.52980042 34.05706024
v -102.60704803 8.65304184 33.02145767
v -102.60704803 8.65304184 31.97854424
v -102.60704803 8.52980042 30.94293976
v -102.60704803 8.28504372 29.92915535
v -102.60704803 7.92220354 28.95139694
v -102.60704803 7.88151979 28.70915794
v -102.60704803 7.96110201 28.47677612
v -102.60704803 8.14174366 28.31033516
v -102.60704803 8.37984943 28.25000000
v -103.80704498 8.37984943 36.75000000
v -103.80704498 8.14174366 36.68966675
v -103.80704498 7.96110201 36.52322388
v -103.80704498 7.88151979 36.29084015
v -103.80704498 7.92220354 36.04860306
v -103.80704498 8.28504372 35.07084656
v -103.80704498 8.52980042 34.05706024
v -103.80704498 8.65304184 33.02145767
v -103.80704498 8.65304184 31.97854424
v -103.80704498 8.52980042 30.94293976
v -103.80704498 8.28504372 29.92915535
v -103.80704498 7.92220354 28.95139694
v -103.80704498 7.88151979 28.70915794
v -103.80704498 7.96110201 28.47677612
v -103.80704498 8.14174366 28.31033516
v -103.80704498 8.37984943 28.25000000
v -103.39483643 12.68886566 36.75000000
v -103.61606598 12.46763420 36.75000000
v -102.80704498 12.87984943 36.75000000
v -103.11606598 12.83090591 36.75000000
v -103.75810242 12.18886566 36.75000000
v -103.80704498 11.87984943 36.75000000
v -103.39483643 12.68886566 28.25000000
v -103.11606598 12.83090591 28.25000000
v -103.61606598 12.46763420 28.25000000
v -103.80704498 11.87984943 28.25000000
v -103.75810242 12.18886566 28.25000000
v -102.80704498 12.87984943 28.25000000
v -103.75810242 12.18886566 32.50000000
v -103.61606598 12.46763420 32.50000000
v -103.39483643 12.68886566 32.50000000
v -103.11606598 12.83090591 32.50000000
v -5.07106972 8.20322514 26.55492783
v -5.07106972 8.11996651 26.66290474
v -5.07106972 7.86457586 27.22330856
v -5.07106972 7.83770418 27.35687256
v -102.60704803 11.18137741 27.54368401
v -102.60704803 10.72510147 27.82593727
v -102.60704803 10.22202492 28.01239967
v -102.60704803 9.69201279 28.09570885
v -102.60704803 9.15599060 28.07257462
v -102.51470184 8.25186920 27.77298355
v -102.40235901 8.09053993 27.67798233
v -102.25867462 7.96227884 27.59118080
v -102.60704803 8.63512707 27.94391060
v -102.58408356 8.43836784 27.86492920
v -102.60704803 11.67984867 27.78981209
v -102.60704803 11.56503391 27.54897308
v -102.60704803 11.64967728 27.65640831
v -102.60704803 11.44239616 27.48842049
v -102.60704803 11.30563736 27.48653412
v -102.60704803 11.67984867 28.25000000
v -102.60704803 12.87984943 28.25000000
v -102.60704803 12.87984943 27.78981209
v -102.60704803 12.82185841 27.37536240
v -102.60704803 12.65234184 26.99274826
v -102.60704803 12.38431931 26.67135239
v -102.60704803 12.03837681 26.43586540
v -102.60704803 10.45180893 26.59093666
v -102.60704803 10.81612015 26.38500404
v -102.60704803 11.64108658 26.30437279
v -102.60704803 11.22296238 26.28697205
v -102.60704803 10.15422249 26.76840973
v -102.60704803 9.82385445 26.87286758
v -102.60704803 9.47833252 26.89873886
v -102.60704803 9.13609314 26.84463882
v -102.39010620 8.58410454 26.55609322
v -102.22241211 8.43157387 26.48975563
v -102.10379028 7.88174772 27.50434494
v -102.02872467 8.29498196 26.50375366
v -101.94525909 7.84457541 27.41035271
v -101.81832886 8.18807507 26.56837463
v -101.60704803 7.86457586 27.22330856
v -101.60704803 8.11996651 26.66290474
v -102.55166626 8.83151722 26.72214890
v -102.59324646 8.98030663 26.79144859
v -8.01614857 7.83770418 27.35687256
v -10.96122742 7.83770418 27.35687256
v -13.90630627 7.83770418 27.35687256
v -19.79646492 7.83770418 27.35687256
v -22.74154282 7.83770418 27.35687256
v -25.68662262 7.83770418 27.35687256
v -28.63170052 7.83770418 27.35687256
v -34.52185822 7.83770418 27.35687256
v -37.46693802 7.83770418 27.35687256
v -40.41201782 7.83770418 27.35687256
v -43.35709381 7.83770418 27.35687256
v -49.24725342 7.83770418 27.35687256
v -52.19233322 7.83770418 27.35687256
v -55.13741302 7.83770418 27.35687256
v -58.08248901 7.83770418 27.35687256
v -63.97264862 7.83770418 27.35687256
v -66.91772461 7.83770418 27.35687256
v -69.86280823 7.83770418 27.35687256
v -72.80788422 7.83770418 27.35687256
v -78.69804382 7.83770418 27.35687256
v -81.64311981 7.83770418 27.35687256
v -84.58820343 7.83770418 27.35687256
v -87.53327942 7.83770418 27.35687256
v -93.42343903 7.83770418 27.35687256
v -96.36851501 7.83770418 27.35687256
v -99.31359863 7.83770418 27.35687256
v -16.85138512 7.83770418 27.35687256
v -31.57678032 7.83770418 27.35687256
v -46.30217361 7.83770418 27.35687256
v -61.02756882 7.83770418 27.35687256
v -75.75296021 7.83770418 27.35687256
v -90.47835541 7.83770418 27.35687256
v -16.86731720 8.20322514 26.55492783
v -19.81637764 8.20322514 26.55492783
v -22.76543999 8.20322514 26.55492783
v -25.71450233 8.20322514 26.55492783
v -34.56168747 8.20322514 26.55492783
v -37.51074982 8.20322514 26.55492783
v -40.45981216 8.20322514 26.55492783
v -43.40887070 8.20322514 26.55492783
v -52.25605774 8.20322514 26.55492783
v -55.20512009 8.20322514 26.55492783
v -58.15418243 8.20322514 26.55492783
v -61.10324097 8.20322514 26.55492783
v -69.95042419 8.20322514 26.55492783
v -72.89949036 8.20322514 26.55492783
v -75.84854889 8.20322514 26.55492783
v -78.79761505 8.20322514 26.55492783
v -87.64479828 8.20322514 26.55492783
v -90.59385681 8.20322514 26.55492783
v -93.54292297 8.20322514 26.55492783
v -96.49198151 8.20322514 26.55492783
v -99.44104767 8.20322514 26.55492783
v -8.02013111 8.20322514 26.55492783
v -49.30699539 8.20322514 26.55492783
v -46.35793304 8.20322514 26.55492783
v -10.96919346 8.20322514 26.55492783
v -28.66356277 8.20322514 26.55492783
v -64.05230713 8.20322514 26.55492783
v -81.74667358 8.20322514 26.55492783
v -13.91825485 8.20322514 26.55492783
v -31.61262512 8.20322514 26.55492783
v -67.00136566 8.20322514 26.55492783
v -84.69573975 8.20322514 26.55492783
v -5.07106972 7.87267590 27.48855019
v -5.07106972 7.83770418 27.35687256
v -102.10379028 7.88174772 27.50434494
v -101.94525909 7.84457541 27.41035271
v -8.01614857 7.83770418 27.35687256
v -10.96122742 7.83770418 27.35687256
v -13.90630627 7.83770418 27.35687256
v -13.90630627 7.87267590 27.48855019
v -16.85138512 7.87267590 27.48855019
v -19.79646492 7.87267590 27.48855019
v -22.74154282 7.87267590 27.48855019
v -19.79646492 7.83770418 27.35687256
v -22.74154282 7.83770418 27.35687256
v -25.68662262 7.83770418 27.35687256
v -28.63170052 7.83770418 27.35687256
v -28.63170052 7.87267590 27.48855019
v -31.57678032 7.87267590 27.48855019
v -34.52185822 7.87267590 27.48855019
v -37.46693802 7.87267590 27.48855019
v -34.52185822 7.83770418 27.35687256
v -37.46693802 7.83770418 27.35687256
v -40.41201782 7.83770418 27.35687256
v -43.35709381 7.83770418 27.35687256
v -43.35709381 7.87267590 27.48855019
v -46.30217361 7.87267590 27.48855019
v -49.24725342 7.87267590 27.48855019
v -52.19233322 7.87267590 27.48855019
v -49.24725342 7.83770418 27.35687256
v -52.19233322 7.83770418 27.35687256
v -55.13741302 7.83770418 27.35687256
v -58.08248901 7.83770418 27.35687256
v -58.08248901 7.87267590 27.48855019
v -61.02756882 7.87267590 27.48855019
v -63.97264862 7.87267590 27.48855019
v -66.91772461 7.87267590 27.48855019
v -63.97264862 7.83770418 27.35687256
v -66.91772461 7.83770418 27.35687256
v -69.86280823 7.83770418 27.35687256
v -72.80788422 7.83770418 27.35687256
v -72.80788422 7.87267590 27.48855019
v -75.75296021 7.87267590 27.48855019
v -78.69804382 7.87267590 27.48855019
v -81.64311981 7.87267590 27.48855019
v -78.69804382 7.83770418 27.35687256
v -81.64311981 7.83770418 27.35687256
v -84.58820343 7.83770418 27.35687256
v -87.53327942 7.83770418 27.35687256
v -87.53327942 7.87267590 27.48855019
v -90.47835541 7.87267590 27.48855019
v -93.42343903 7.87267590 27.48855019
v -96.36851501 7.87267590 27.48855019
v -93.42343903 7.83770418 27.35687256
v -96.36851501 7.83770418 27.35687256
v -99.31359863 7.83770418 27.35687256
v -99.31359863 7.87267590 27.48855019
v -8.01614857 7.87267590 27.48855019
v -55.13741302 7.87267590 27.48855019
v -10.96122742 7.87267590 27.48855019
v -16.85138512 7.83770418 27.35687256
v -25.68662262 7.87267590 27.48855019
v -31.57678032 7.83770418 27.35687256
v -40.41201782 7.87267590 27.48855019
v -46.30217361 7.83770418 27.35687256
v -61.02756882 7.83770418 27.35687256
v -69.86280823 7.87267590 27.48855019
v -75.75296021 7.83770418 27.35687256
v -84.58820343 7.87267590 27.48855019
v -90.47835541 7.83770418 27.35687256
v -5.07106972 12.87984943 27.78981209
v -5.07106972 12.65234184 26.99274826
v -5.07106972 12.38431931 26.67135239
v -5.07106972 12.03837681 26.43586540
v -5.07106972 11.64108658 26.30437279
v -5.07106972 11.22296238 26.28697205
v -5.07106972 10.81612015 26.38500404
v -5.07106972 10.45180893 26.59093666
v -5.07106972 10.10268974 26.79039955
v -5.07106972 9.71312904 26.88995743
v -5.07106972 9.31111717 26.88245773
v -5.07106972 8.92554092 26.76843834
v -5.07106972 8.58410454 26.55609322
v -5.07106972 8.46202374 26.49537086
v -5.07106972 12.82185841 27.37536240
v -102.60704803 12.87984943 27.78981209
v -102.60704803 12.82185841 27.37536240
v -102.60704803 12.65234184 26.99274826
v -102.60704803 12.38431931 26.67135239
v -102.60704803 12.03837681 26.43586540
v -102.60704803 10.45180893 26.59093666
v -102.60704803 10.81612015 26.38500404
v -102.60704803 11.64108658 26.30437279
v -102.60704803 11.22296238 26.28697205
v -102.60704803 10.15422249 26.76840973
v -102.60704803 9.82385445 26.87286758
v -102.60704803 9.47833252 26.89873886
v -102.60704803 9.13609314 26.84463882
v -102.39010620 8.58410454 26.55609322
v -102.22241211 8.43157387 26.48975563
v -102.55166626 8.83151722 26.72214890
v -102.59324646 8.98030663 26.79144859
v -8.02013111 8.46202374 26.49537086
v -10.96919346 8.46202374 26.49537086
v -13.91825485 8.46202374 26.49537086
v -22.76543999 8.46202374 26.49537086
v -25.71450233 8.46202374 26.49537086
v -28.66356277 8.46202374 26.49537086
v -31.61262512 8.46202374 26.49537086
v -40.45981216 8.46202374 26.49537086
v -43.40887070 8.46202374 26.49537086
v -46.35793304 8.46202374 26.49537086
v -49.30699539 8.46202374 26.49537086
v -58.15418243 8.46202374 26.49537086
v -61.10324097 8.46202374 26.49537086
v -64.05230713 8.46202374 26.49537086
v -67.00136566 8.46202374 26.49537086
v -75.84854889 8.46202374 26.49537086
v -78.79761505 8.46202374 26.49537086
v -81.74667358 8.46202374 26.49537086
v -84.69573975 8.46202374 26.49537086
v -93.54292297 8.46202374 26.49537086
v -96.49198151 8.46202374 26.49537086
v -99.44104767 8.46202374 26.49537086
v -55.20512009 8.46202374 26.49537086
v -52.25605774 8.46202374 26.49537086
v -16.86731720 8.46202374 26.49537086
v -19.81637764 8.46202374 26.49537086
v -34.56168747 8.46202374 26.49537086
v -37.51074982 8.46202374 26.49537086
v -69.95042419 8.46202374 26.49537086
v -72.89949036 8.46202374 26.49537086
v -87.64479828 8.46202374 26.49537086
v -90.59385681 8.46202374 26.49537086
v -13.19906807 10.10268974 26.79039955
v -21.32706642 10.10268974 26.79039955
v -29.45506477 10.10268974 26.79039955
v -29.45506477 9.71312904 26.88995743
v -37.58306122 9.71312904 26.88995743
v -37.58306122 9.31111717 26.88245773
v -45.71105957 9.31111717 26.88245773
v -45.71105957 8.92554092 26.76843834
v -53.83905792 8.92554092 26.76843834
v -13.19906807 9.71312904 26.88995743
v -13.19906807 9.31111717 26.88245773
v -13.19906807 8.92554092 26.76843834
v -94.47904968 8.92554092 26.76843834
v -86.35105133 8.92554092 26.76843834
v -78.22305298 8.92554092 26.76843834
v -78.22305298 9.31111717 26.88245773
v -70.09505463 9.31111717 26.88245773
v -70.09505463 9.71312904 26.88995743
v -61.96705627 9.71312904 26.88995743
v -61.96705627 10.10268974 26.79039955
v -53.83905792 10.10268974 26.79039955
v -45.71105957 10.10268974 26.79039955
v -37.58306122 10.10268974 26.79039955
v -45.71105957 9.71312904 26.88995743
v -94.47904968 9.31111717 26.88245773
v -94.47904968 9.71312904 26.88995743
v -94.47904968 10.10268974 26.79039955
v -86.35105133 10.10268974 26.79039955
v -78.22305298 10.10268974 26.79039955
v -86.35105133 9.71312904 26.88995743
v -78.22305298 9.71312904 26.88995743
v -86.35105133 9.31111717 26.88245773
v -21.32706642 9.71312904 26.88995743
v -21.32706642 9.31111717 26.88245773
v -21.32706642 8.92554092 26.76843834
v -53.83905792 9.71312904 26.88995743
v -53.83905792 9.31111717 26.88245773
v -70.09505463 10.10268974 26.79039955
v -29.45506477 9.31111717 26.88245773
v -37.58306122 8.92554092 26.76843834
v -61.96705627 9.31111717 26.88245773
v -70.09505463 8.92554092 26.76843834
v -29.45506477 8.92554092 26.76843834
v -61.96705627 8.92554092 26.76843834
v -13.93797684 12.82185841 27.37536240
v -22.80488396 12.82185841 27.37536240
v -31.67179108 12.82185841 27.37536240
v -31.67179108 12.65234184 26.99274826
v -40.53869629 12.65234184 26.99274826
v -40.53869629 12.38431931 26.67135239
v -49.40560532 12.38431931 26.67135239
v -49.40560532 12.03837681 26.43586540
v -58.27251053 12.03837681 26.43586540
v -58.27251053 11.64108658 26.30437279
v -67.13941956 11.64108658 26.30437279
v -67.13941956 11.22296238 26.28697205
v -76.00632477 11.22296238 26.28697205
v -76.00632477 10.81612015 26.38500404
v -84.87322998 10.81612015 26.38500404
v -93.74014282 10.81612015 26.38500404
v -93.74014282 11.22296238 26.28697205
v -93.74014282 11.64108658 26.30437279
v -93.74014282 12.03837681 26.43586540
v -93.74014282 12.38431931 26.67135239
v -93.74014282 12.65234184 26.99274826
v -93.74014282 12.82185841 27.37536240
v -13.93797684 12.65234184 26.99274826
v -13.93797684 12.38431931 26.67135239
v -13.93797684 12.03837681 26.43586540
v -13.93797684 11.64108658 26.30437279
v -13.93797684 11.22296238 26.28697205
v -13.93797684 10.81612015 26.38500404
v -49.40560532 10.81612015 26.38500404
v -40.53869629 10.81612015 26.38500404
v -31.67179108 10.81612015 26.38500404
v -31.67179108 11.22296238 26.28697205
v -22.80488396 11.22296238 26.28697205
v -22.80488396 11.64108658 26.30437279
v -58.27251053 12.82185841 27.37536240
v -67.13941956 12.82185841 27.37536240
v -76.00632477 12.82185841 27.37536240
v -76.00632477 12.65234184 26.99274826
v -84.87322998 12.65234184 26.99274826
v -84.87322998 12.38431931 26.67135239
v -22.80488396 12.65234184 26.99274826
v -22.80488396 12.38431931 26.67135239
v -22.80488396 12.03837681 26.43586540
v -40.53869629 12.82185841 27.37536240
v -49.40560532 12.82185841 27.37536240
v -58.27251053 12.65234184 26.99274826
v -67.13941956 12.65234184 26.99274826
v -67.13941956 12.38431931 26.67135239
v -76.00632477 12.38431931 26.67135239
v -76.00632477 12.03837681 26.43586540
v -84.87322998 12.03837681 26.43586540
v -84.87322998 11.64108658 26.30437279
v -49.40560532 12.65234184 26.99274826
v -84.87322998 12.82185841 27.37536240
v -31.67179108 12.38431931 26.67135239
v -40.53869629 12.03837681 26.43586540
v -49.40560532 11.64108658 26.30437279
v -58.27251053 11.22296238 26.28697205
v -67.13941956 10.81612015 26.38500404
v -58.27251053 12.38431931 26.67135239
v -31.67179108 12.03837681 26.43586540
v -31.67179108 11.64108658 26.30437279
v -67.13941956 12.03837681 26.43586540
v -40.53869629 11.64108658 26.30437279
v -49.40560532 11.22296238 26.28697205
v -58.27251053 10.81612015 26.38500404
v -76.00632477 11.64108658 26.30437279
v -40.53869629 11.22296238 26.28697205
v -84.87322998 11.22296238 26.28697205
v -22.80488396 10.81612015 26.38500404
v -5.07106972 8.46202374 26.49537086
v -5.07106972 8.32567596 26.49495316
v -102.22241211 8.43157387 26.48975563
v -102.02872467 8.29498196 26.50375366
v -8.02013111 8.46202374 26.49537086
v -10.96919346 8.46202374 26.49537086
v -13.91825485 8.46202374 26.49537086
v -13.91825485 8.32567596 26.49495316
v -16.86731720 8.32567596 26.49495316
v -22.76543999 8.32567596 26.49495316
v -25.71450233 8.32567596 26.49495316
v -22.76543999 8.46202374 26.49537086
v -25.71450233 8.46202374 26.49537086
v -28.66356277 8.46202374 26.49537086
v -31.61262512 8.46202374 26.49537086
v -31.61262512 8.32567596 26.49495316
v -34.56168747 8.32567596 26.49495316
v -40.45981216 8.32567596 26.49495316
v -43.40887070 8.32567596 26.49495316
v -40.45981216 8.46202374 26.49537086
v -43.40887070 8.46202374 26.49537086
v -46.35793304 8.46202374 26.49537086
v -49.30699539 8.46202374 26.49537086
v -49.30699539 8.32567596 26.49495316
v -52.25605774 8.32567596 26.49495316
v -58.15418243 8.32567596 26.49495316
v -61.10324097 8.32567596 26.49495316
v -58.15418243 8.46202374 26.49537086
v -61.10324097 8.46202374 26.49537086
v -64.05230713 8.46202374 26.49537086
v -67.00136566 8.46202374 26.49537086
v -67.00136566 8.32567596 26.49495316
v -69.95042419 8.32567596 26.49495316
v -75.84854889 8.32567596 26.49495316
v -78.79761505 8.32567596 26.49495316
v -75.84854889 8.46202374 26.49537086
v -78.79761505 8.46202374 26.49537086
v -81.74667358 8.46202374 26.49537086
v -84.69573975 8.46202374 26.49537086
v -84.69573975 8.32567596 26.49495316
v -87.64479828 8.32567596 26.49495316
v -93.54292297 8.32567596 26.49495316
v -96.49198151 8.32567596 26.49495316
v -93.54292297 8.46202374 26.49537086
v -96.49198151 8.46202374 26.49537086
v -99.44104767 8.46202374 26.49537086
v -99.44104767 8.32567596 26.49495316
v -8.02013111 8.32567596 26.49495316
v -46.35793304 8.32567596 26.49495316
v -55.20512009 8.46202374 26.49537086
v -52.25605774 8.46202374 26.49537086
v -10.96919346 8.32567596 26.49495316
v -16.86731720 8.46202374 26.49537086
v -19.81637764 8.46202374 26.49537086
v -19.81637764 8.32567596 26.49495316
v -28.66356277 8.32567596 26.49495316
v -34.56168747 8.46202374 26.49537086
v -37.51074982 8.46202374 26.49537086
v -37.51074982 8.32567596 26.49495316
v -55.20512009 8.32567596 26.49495316
v -64.05230713 8.32567596 26.49495316
v -69.95042419 8.46202374 26.49537086
v -72.89949036 8.46202374 26.49537086
v -72.89949036 8.32567596 26.49495316
v -81.74667358 8.32567596 26.49495316
v -87.64479828 8.46202374 26.49537086
v -90.59385681 8.46202374 26.49537086
v -90.59385681 8.32567596 26.49495316
v -5.07106972 8.32567596 26.49495316
v -5.07106972 8.20322514 26.55492783
v -102.02872467 8.29498196 26.50375366
v -101.81832886 8.18807507 26.56837463
v -13.91825485 8.32567596 26.49495316
v -16.86731720 8.32567596 26.49495316
v -16.86731720 8.20322514 26.55492783
v -19.81637764 8.20322514 26.55492783
v -22.76543999 8.20322514 26.55492783
v -25.71450233 8.20322514 26.55492783
v -22.76543999 8.32567596 26.49495316
v -25.71450233 8.32567596 26.49495316
v -31.61262512 8.32567596 26.49495316
v -34.56168747 8.32567596 26.49495316
v -34.56168747 8.20322514 26.55492783
v -37.51074982 8.20322514 26.55492783
v -40.45981216 8.20322514 26.55492783
v -43.40887070 8.20322514 26.55492783
v -40.45981216 8.32567596 26.49495316
v -43.40887070 8.32567596 26.49495316
v -49.30699539 8.32567596 26.49495316
v -52.25605774 8.32567596 26.49495316
v -52.25605774 8.20322514 26.55492783
v -55.20512009 8.20322514 26.55492783
v -58.15418243 8.20322514 26.55492783
v -61.10324097 8.20322514 26.55492783
v -58.15418243 8.32567596 26.49495316
v -61.10324097 8.32567596 26.49495316
v -67.00136566 8.32567596 26.49495316
v -69.95042419 8.32567596 26.49495316
v -69.95042419 8.20322514 26.55492783
v -72.89949036 8.20322514 26.55492783
v -75.84854889 8.20322514 26.55492783
v -78.79761505 8.20322514 26.55492783
v -75.84854889 8.32567596 26.49495316
v -78.79761505 8.32567596 26.49495316
v -84.69573975 8.32567596 26.49495316
v -87.64479828 8.32567596 26.49495316
v -87.64479828 8.20322514 26.55492783
v -90.59385681 8.20322514 26.55492783
v -93.54292297 8.20322514 26.55492783
v -96.49198151 8.20322514 26.55492783
v -93.54292297 8.32567596 26.49495316
v -96.49198151 8.32567596 26.49495316
v -99.44104767 8.32567596 26.49495316
v -99.44104767 8.20322514 26.55492783
v -8.02013111 8.32567596 26.49495316
v -8.02013111 8.20322514 26.55492783
v -49.30699539 8.20322514 26.55492783
v -46.35793304 8.20322514 26.55492783
v -46.35793304 8.32567596 26.49495316
v -10.96919346 8.32567596 26.49495316
v -10.96919346 8.20322514 26.55492783
v -19.81637764 8.32567596 26.49495316
v -28.66356277 8.32567596 26.49495316
v -28.66356277 8.20322514 26.55492783
v -37.51074982 8.32567596 26.49495316
v -55.20512009 8.32567596 26.49495316
v -64.05230713 8.32567596 26.49495316
v -64.05230713 8.20322514 26.55492783
v -72.89949036 8.32567596 26.49495316
v -81.74667358 8.32567596 26.49495316
v -81.74667358 8.20322514 26.55492783
v -90.59385681 8.32567596 26.49495316
v -13.91825485 8.20322514 26.55492783
v -31.61262512 8.20322514 26.55492783
v -67.00136566 8.20322514 26.55492783
v -84.69573975 8.20322514 26.55492783
v -5.07106972 11.67984867 37.21018982
v -5.07106972 11.67984867 27.78981209
v -102.60704803 11.67984867 27.78981209
v -23.30704689 11.67984867 32.50000000
v -23.36156654 11.67984867 32.08588791
v -23.52140617 11.67984867 31.70000076
v -102.60704803 11.67984867 37.21018982
v -69.90705109 11.67984867 34.09999847
v -25.70704842 11.67984867 34.09999847
v -24.90704727 11.67984867 34.09999847
v -70.70704651 11.67984867 34.09999847
v -102.60704803 11.67984867 36.75000000
v -85.19786072 11.67984867 34.09627151
v -85.63257599 11.67984867 34.06653595
v -86.04315186 11.67984867 33.92061615
v -86.39913177 11.67984867 33.66933823
v -86.67411804 11.67984867 33.33133316
v -86.84771729 11.67984867 32.93167496
v -86.90705109 11.67984867 32.50000000
v -102.60704803 11.67984867 28.25000000
v -86.84771729 11.67984867 32.06832504
v -86.67411804 11.67984867 31.66866493
v -86.39913177 11.67984867 31.33066177
v -86.04315186 11.67984867 31.07938385
v -85.63257599 11.67984867 30.93346596
v -85.19786072 11.67984867 30.90373039
v -70.70704651 11.67984867 30.89999962
v -71.12115479 11.67984867 30.95451927
v -69.90705109 11.67984867 30.89999962
v -25.70704842 11.67984867 30.89999962
v -24.90704727 11.67984867 30.89999962
v -24.49293709 11.67984867 30.95451927
v -24.10704803 11.67984867 31.11435890
v -23.77567673 11.67984867 31.36862946
v -71.12115479 11.67984867 34.04548264
v -84.77124023 11.67984867 34.00761795
v -71.50704956 11.67984867 33.88563919
v -84.38436127 11.67984867 33.80715179
v -71.83841705 11.67984867 33.63137054
v -84.06591034 11.67984867 33.50973892
v -72.09268951 11.67984867 33.29999924
v -83.83950806 11.67984867 33.13744354
v -72.25252533 11.67984867 32.91411209
v -83.72194672 11.67984867 32.71786499
v -72.30704498 11.67984867 32.50000000
v -83.72194672 11.67984867 32.28213501
v -72.25252533 11.67984867 32.08588791
v -83.83950806 11.67984867 31.86255836
v -72.09268951 11.67984867 31.70000076
v -84.06591034 11.67984867 31.49025917
v -71.83841705 11.67984867 31.36862946
v -84.38436127 11.67984867 31.19284821
v -71.50704956 11.67984867 31.11435890
v -84.77124023 11.67984867 30.99238205
v -26.12115860 11.67984867 30.95451927
v -69.49293518 11.67984867 30.95451927
v -69.10704803 11.67984867 31.11435890
v -26.50704765 11.67984867 31.11435890
v -68.77568054 11.67984867 31.36862946
v -26.83841896 11.67984867 31.36862946
v -68.52140808 11.67984867 31.70000076
v -27.09268761 11.67984867 31.70000076
v -68.36156464 11.67984867 32.08588791
v -27.25252914 11.67984867 32.08588791
v -68.30704498 11.67984867 32.50000000
v -27.30704689 11.67984867 32.50000000
v -27.25252914 11.67984867 32.91411209
v -68.36156464 11.67984867 32.91411209
v -27.09268761 11.67984867 33.29999924
v -68.52140808 11.67984867 33.29999924
v -26.83841896 11.67984867 33.63137054
v -68.77568054 11.67984867 33.63137054
v -26.50704765 11.67984867 33.88563919
v -69.10704803 11.67984867 33.88563919
v -26.12115860 11.67984867 34.04548264
v -69.49293518 11.67984867 34.04548264
v -24.49293709 11.67984867 34.04548264
v -24.10704803 11.67984867 33.88563919
v -23.77567673 11.67984867 33.63137054
v -23.52140617 11.67984867 33.29999924
v -23.36156654 11.67984867 32.91411209
v -5.07106972 12.87984943 37.21018982
v -5.07106972 12.87984943 27.78981209
v -69.90705109 12.87984943 30.89999962
v -70.70704651 12.87984943 30.89999962
v -71.12115479 12.87984943 30.95451927
v -71.50704956 12.87984943 31.11435890
v -71.83841705 12.87984943 31.36862946
v -72.09268951 12.87984943 31.70000076
v -72.25252533 12.87984943 32.08588791
v -72.30704498 12.87984943 32.50000000
v -72.25252533 12.87984943 32.91411209
v -72.09268951 12.87984943 33.29999924
v -71.83841705 12.87984943 33.63137054
v -71.50704956 12.87984943 33.88563919
v -71.12115479 12.87984943 34.04548264
v -70.70704651 12.87984943 34.09999847
v -69.90705109 12.87984943 34.09999847
v -69.49293518 12.87984943 34.04548264
v -69.10704803 12.87984943 33.88563919
v -68.77568054 12.87984943 33.63137054
v -68.52140808 12.87984943 33.29999924
v -68.36156464 12.87984943 32.91411209
v -68.30704498 12.87984943 32.50000000
v -68.36156464 12.87984943 32.08588791
v -68.52140808 12.87984943 31.70000076
v -68.77568054 12.87984943 31.36862946
v -69.10704803 12.87984943 31.11435890
v -69.49293518 12.87984943 30.95451927
v -24.90704727 12.87984943 30.89999962
v -25.70704842 12.87984943 30.89999962
v -26.12115860 12.87984943 30.95451927
v -26.50704765 12.87984943 31.11435890
v -26.83841896 12.87984943 31.36862946
v -27.09268761 12.87984943 31.70000076
v -27.25252914 12.87984943 32.08588791
v -27.30704689 12.87984943 32.50000000
v -27.25252914 12.87984943 32.91411209
v -27.09268761 12.87984943 33.29999924
v -26.83841896 12.87984943 33.63137054
v -26.50704765 12.87984943 33.88563919
v -26.12115860 12.87984943 34.04548264
v -25.70704842 12.87984943 34.09999847
v -24.90704727 12.87984943 34.09999847
v -24.49293709 12.87984943 34.04548264
v -24.10704803 12.87984943 33.88563919
v -23.77567673 12.87984943 33.63137054
v -23.52140617 12.87984943 33.29999924
v -23.36156654 12.87984943 32.91411209
v -23.30704689 12.87984943 32.50000000
v -23.36156654 12.87984943 32.08588791
v -23.52140617 12.87984943 31.70000076
v -23.77567673 12.87984943 31.36862946
v -24.10704803 12.87984943 31.11435890
v -24.49293709 12.87984943 30.95451927
v -86.84771729 12.87984943 32.93167496
v -86.90705109 12.87984943 32.50000000
v -86.84771729 12.87984943 32.06832504
v -86.67411804 12.87984943 31.66866493
v -86.39913177 12.87984943 31.33066177
v -86.04315186 12.87984943 31.07938385
v -85.63257599 12.87984943 30.93346596
v -85.19786072 12.87984943 30.90373039
v -84.77124023 12.87984943 30.99238205
v -84.38436127 12.87984943 31.19284821
v -84.06591034 12.87984943 31.49025917
v -83.83950806 12.87984943 31.86255836
v -83.72194672 12.87984943 32.28213501
v -83.72194672 12.87984943 32.71786499
v -83.83950806 12.87984943 33.13744354
v -84.06591034 12.87984943 33.50973892
v -84.38436127 12.87984943 33.80715179
v -84.77124023 12.87984943 34.00761795
v -85.19786072 12.87984943 34.09627151
v -85.63257599 12.87984943 34.06653595
v -86.04315186 12.87984943 33.92061615
v -86.39913177 12.87984943 33.66933823
v -86.67411804 12.87984943 33.33133316
v -102.60704803 12.87984943 36.75000000
v -102.80704498 12.87984943 36.75000000
v -102.80704498 12.87984943 28.25000000
v -102.60704803 12.87984943 28.25000000
v -102.60704803 12.87984943 27.78981209
v -102.60704803 12.87984943 37.21018982
f 15 18 19
f 15 19 20
f 15 20 21
f 21 20 22
f 53 54 55
f 55 54 56
f 55 56 57
f 57 56 58
f 58 56 59
f 38 39 40
f 38 35 39
f 59 56 60
f 60 56 61
f 61 56 62
f 61 62 63
f 63 62 64
f 63 64 65
f 36 66 34
f 2 10 11
f 11 10 12
f 11 12 13
f 13 12 14
f 13 14 15
f 15 14 16
f 15 16 17
f 17 18 15
f 1 2 3
f 3 2 4
f 3 4 5
f 5 4 6
f 5 6 7
f 7 6 8
f 7 8 9
f 1 10 2
f 46 47 48
f 48 47 49
f 48 49 50
f 50 49 51
f 51 49 52
f 51 52 53
f 53 52 54
f 21 22 23
f 23 22 24
f 40 39 41
f 40 41 42
f 40 42 43
f 43 42 44
f 43 44 45
f 43 45 46
f 46 45 47
f 7 9 25
f 25 9 26
f 25 26 27
f 25 27 28
f 28 27 29
f 28 29 30
f 30 29 31
f 31 29 32
f 31 32 33
f 32 29 34
f 34 29 35
f 34 35 36
f 36 35 37
f 37 35 38
f 82 83 84
f 82 81 83
f 95 96 91
f 95 94 96
f 68 94 95
f 68 93 94
f 87 93 68
f 92 69 68
f 92 70 69
f 91 70 92
f 91 71 70
f 90 71 91
f 90 72 71
f 117 120 118
f 95 91 92
f 120 96 94
f 120 116 96
f 117 116 120
f 117 115 116
f 85 119 87
f 83 119 85
f 83 118 119
f 81 118 83
f 81 117 118
f 79 117 81
f 79 115 117
f 77 115 79
f 116 90 96
f 116 89 90
f 115 89 116
f 115 76 89
f 77 76 115
f 113 114 109
f 112 114 113
f 68 125 126
f 124 125 68
f 80 81 82
f 80 79 81
f 78 79 80
f 78 77 79
f 74 77 78
f 74 76 77
f 73 76 74
f 99 104 100
f 99 103 104
f 68 126 127
f 68 130 131
f 68 129 130
f 128 129 68
f 108 113 109
f 107 113 108
f 74 111 166
f 180 75 74
f 111 179 178
f 154 179 111
f 184 162 74
f 136 87 153
f 150 87 143
f 132 87 150
f 183 158 74
f 185 170 111
f 74 159 183
f 107 112 113
f 106 112 107
f 74 110 111
f 74 109 110
f 105 109 74
f 105 108 109
f 104 108 105
f 104 107 108
f 103 107 104
f 103 106 107
f 102 106 103
f 101 105 74
f 100 105 101
f 100 104 105
f 74 155 182
f 186 174 111
f 111 175 186
f 111 171 185
f 111 167 181
f 87 152 153
f 87 151 152
f 135 151 87
f 87 134 135
f 87 133 134
f 132 133 87
f 176 111 177
f 176 175 111
f 173 111 174
f 87 138 139
f 87 137 138
f 136 137 87
f 160 159 74
f 169 111 170
f 168 111 169
f 172 111 173
f 172 171 111
f 157 74 158
f 156 74 157
f 156 155 74
f 165 74 166
f 124 68 146
f 128 68 149
f 74 163 184
f 182 180 74
f 166 111 181
f 68 148 149
f 68 147 148
f 127 147 68
f 168 167 111
f 177 111 178
f 87 142 143
f 87 131 142
f 68 131 87
f 140 141 87
f 139 140 87
f 164 74 165
f 164 163 74
f 161 74 162
f 160 74 161
f 68 145 146
f 68 144 145
f 123 144 68
f 89 72 90
f 89 73 72
f 76 73 89
f 86 87 88
f 86 85 87
f 68 122 123
f 68 121 122
f 67 121 68
f 68 95 92
f 93 120 94
f 119 93 87
f 118 93 119
f 118 120 93
f 98 103 99
f 98 102 103
f 97 102 98
f 78 101 74
f 80 101 78
f 80 100 101
f 82 100 80
f 82 99 100
f 84 99 82
f 84 98 99
f 86 98 84
f 86 97 98
f 88 97 86
f 91 96 90
f 84 85 86
f 84 83 85
f 191 190 192
f 191 192 193
f 237 238 194
f 237 236 238
f 191 193 235
f 236 239 238
f 235 239 236
f 235 193 239
f 227 229 228
f 225 228 223
f 225 227 228
f 243 244 202
f 226 188 187
f 189 188 226
f 231 232 233
f 231 230 232
f 234 189 226
f 190 189 234
f 241 201 245
f 199 201 241
f 243 242 244
f 214 213 248
f 240 197 195
f 198 197 240
f 209 230 207
f 194 196 237
f 232 230 209
f 246 205 203
f 206 205 246
f 202 204 243
f 242 245 244
f 241 245 242
f 251 250 252
f 210 211 212
f 212 211 213
f 248 213 211
f 220 219 221
f 223 222 224
f 223 224 225
f 218 219 220
f 202 203 204
f 207 208 209
f 207 206 208
f 222 254 224
f 204 203 205
f 246 208 206
f 199 200 201
f 199 198 200
f 214 248 216
f 198 240 200
f 218 220 251
f 249 217 253
f 249 253 250
f 250 253 252
f 247 231 233
f 210 212 247
f 190 234 192
f 210 247 233
f 222 221 254
f 254 221 219
f 215 216 217
f 215 214 216
f 215 217 249
f 251 252 218
f 194 195 196
f 196 195 197
f 312 280 278
f 311 280 312
f 287 286 288
f 285 286 287
f 290 291 292
f 290 289 291
f 305 264 306
f 294 256 295
f 310 272 270
f 309 272 310
f 295 256 255
f 299 298 300
f 282 283 284
f 282 281 283
f 292 297 290
f 296 275 273
f 306 264 262
f 286 293 288
f 299 300 277
f 258 257 259
f 302 294 295
f 263 303 261
f 258 260 304
f 257 301 316
f 257 316 259
f 316 301 302
f 287 313 285
f 304 260 317
f 271 307 269
f 301 294 302
f 277 279 299
f 308 268 319
f 308 319 307
f 307 319 269
f 265 305 318
f 265 318 267
f 318 305 306
f 266 268 308
f 303 317 261
f 313 321 285
f 314 284 321
f 314 321 313
f 282 284 314
f 281 311 320
f 281 320 283
f 320 311 312
f 279 278 280
f 277 278 279
f 274 275 276
f 274 273 275
f 289 315 322
f 289 322 291
f 266 267 268
f 266 265 267
f 296 273 309
f 322 315 293
f 296 309 310
f 300 298 276
f 269 270 271
f 276 298 274
f 304 317 303
f 315 288 293
f 258 259 260
f 271 270 272
f 263 262 264
f 261 262 263
f 388 379 378
f 361 387 363
f 360 387 361
f 362 356 354
f 353 386 352
f 352 386 350
f 353 355 386
f 390 376 377
f 344 370 342
f 384 376 390
f 389 382 381
f 328 380 326
f 389 373 374
f 337 339 383
f 337 383 336
f 336 383 334
f 349 384 385
f 388 371 372
f 378 371 388
f 357 387 360
f 349 385 351
f 381 373 389
f 329 380 328
f 329 331 380
f 366 340 338
f 375 340 366
f 355 354 356
f 358 357 359
f 359 357 360
f 353 354 355
f 333 381 382
f 333 382 335
f 325 379 327
f 325 378 379
f 376 348 377
f 377 348 346
f 347 346 348
f 345 346 347
f 350 351 352
f 350 349 351
f 372 364 365
f 371 364 372
f 369 368 341
f 367 368 369
f 365 324 323
f 364 324 365
f 362 363 356
f 362 361 363
f 374 332 330
f 373 332 374
f 347 370 345
f 326 325 327
f 326 327 328
f 331 330 332
f 367 375 366
f 345 370 344
f 339 338 340
f 342 343 344
f 343 341 368
f 337 338 339
f 334 335 336
f 342 341 343
f 390 385 384
f 367 369 375
f 329 330 331
f 334 333 335
f 419 396 391
f 415 391 403
f 414 392 391
f 402 401 403
f 404 403 405
f 420 405 403
f 393 421 391
f 403 411 412
f 408 403 409
f 415 403 416
f 403 412 413
f 416 403 417
f 394 393 391
f 394 391 395
f 398 391 399
f 418 414 391
f 400 391 415
f 410 411 403
f 402 403 404
f 397 422 391
f 407 406 403
f 407 403 408
f 406 423 403
f 424 418 391
f 425 419 391
f 391 421 424
f 426 420 403
f 403 423 426
f 403 401 417
f 391 422 425
f 403 413 409
f 395 391 396
f 399 391 400
f 398 397 391
f 428 440 429
f 429 440 451
f 459 429 452
f 429 461 462
f 428 456 457
f 428 454 455
f 432 453 428
f 428 453 454
f 448 449 429
f 449 450 429
f 428 435 436
f 428 434 435
f 429 447 448
f 441 442 429
f 433 434 428
f 429 442 443
f 429 446 447
f 445 446 429
f 429 451 452
f 445 429 462
f 429 443 444
f 428 438 439
f 428 439 440
f 437 438 428
f 428 430 431
f 428 457 458
f 427 430 428
f 441 429 459
f 437 428 458
f 436 456 428
f 444 460 429
f 433 428 455
f 428 431 432
f 429 460 461
f 486 523 509
f 490 489 524
f 523 507 509
f 486 488 523
f 530 497 495
f 466 510 468
f 498 497 530
f 494 496 527
f 526 529 528
f 525 529 526
f 494 495 496
f 490 524 492
f 496 495 497
f 474 516 476
f 483 482 484
f 483 484 485
f 475 474 476
f 480 479 481
f 491 490 492
f 491 492 493
f 488 487 489
f 502 464 463
f 486 487 488
f 465 464 502
f 499 500 501
f 499 498 500
f 475 476 477
f 478 479 480
f 472 471 473
f 470 471 472
f 507 506 508
f 524 489 487
f 507 508 509
f 522 484 482
f 525 493 529
f 498 530 500
f 527 526 528
f 475 477 517
f 517 477 521
f 527 528 494
f 491 493 525
f 478 480 519
f 503 505 504
f 501 504 499
f 501 503 504
f 511 469 515
f 467 469 511
f 517 521 518
f 518 521 520
f 470 472 513
f 519 518 520
f 482 481 522
f 522 481 479
f 519 520 478
f 513 512 514
f 513 514 470
f 510 465 502
f 466 465 510
f 467 466 468
f 467 468 469
f 474 473 516
f 516 473 471
f 512 515 514
f 511 515 512
f 485 506 483
f 508 506 485
f 534 533 535
f 534 535 536
f 586 548 546
f 575 576 553
f 585 548 586
f 563 589 561
f 582 540 538
f 581 540 582
f 547 583 545
f 592 577 578
f 580 536 593
f 533 577 592
f 539 579 537
f 568 573 566
f 578 570 571
f 577 570 578
f 587 556 588
f 588 556 554
f 534 536 580
f 533 592 535
f 565 591 598
f 565 598 567
f 572 549 585
f 576 574 552
f 572 551 549
f 584 544 595
f 584 595 583
f 583 595 545
f 572 585 586
f 571 532 531
f 575 574 576
f 570 532 571
f 542 544 584
f 541 581 594
f 541 594 543
f 594 581 582
f 580 593 579
f 579 593 537
f 590 560 597
f 591 564 569
f 589 597 561
f 590 597 589
f 542 541 543
f 553 554 555
f 550 549 551
f 547 546 548
f 545 546 547
f 563 562 564
f 558 559 560
f 561 562 563
f 542 543 544
f 550 551 552
f 598 591 569
f 562 569 564
f 558 557 559
f 555 554 556
f 557 587 596
f 557 596 559
f 558 560 590
f 596 587 588
f 566 565 567
f 566 567 568
f 553 555 575
f 552 574 550
f 537 538 539
f 539 538 540
f 613 659 612
f 609 658 611
f 653 624 622
f 641 600 599
f 609 657 658
f 633 663 636
f 643 644 645
f 652 624 653
f 651 616 642
f 623 646 621
f 648 640 641
f 647 640 648
f 640 600 641
f 645 644 617
f 650 608 606
f 649 608 650
f 642 616 614
f 602 601 603
f 602 603 604
f 605 606 607
f 638 639 632
f 638 637 639
f 625 660 661
f 625 661 627
f 612 659 610
f 643 645 651
f 621 646 620
f 620 646 618
f 601 655 603
f 601 654 655
f 665 649 650
f 613 615 659
f 604 656 602
f 657 649 665
f 605 656 604
f 605 607 656
f 654 647 664
f 664 647 648
f 635 633 636
f 634 633 635
f 626 627 628
f 626 625 627
f 629 630 631
f 631 630 632
f 660 652 666
f 666 652 653
f 665 658 657
f 664 655 654
f 637 663 639
f 636 663 637
f 638 632 630
f 628 662 626
f 629 662 628
f 629 631 662
f 618 619 620
f 618 617 619
f 666 661 660
f 623 622 624
f 621 622 623
f 610 609 611
f 643 651 642
f 619 617 644
f 613 614 615
f 610 611 612
f 607 606 608
f 615 614 616
f 743 711 724
f 712 711 743
f 669 742 687
f 741 742 669
f 741 740 742
f 739 740 741
f 739 738 740
f 737 738 739
f 737 736 738
f 735 736 737
f 735 734 736
f 721 734 735
f 721 733 734
f 721 732 733
f 723 732 721
f 726 731 725
f 712 743 714
f 739 741 747
f 741 669 747
f 746 749 748
f 745 749 746
f 745 715 749
f 713 715 745
f 739 748 737
f 747 748 739
f 747 746 748
f 669 746 747
f 669 745 746
f 713 745 669
f 744 725 731
f 744 724 725
f 743 724 744
f 735 737 753
f 754 731 729
f 754 744 731
f 750 744 754
f 748 753 737
f 749 753 748
f 749 717 753
f 715 717 749
f 750 743 744
f 720 752 722
f 718 752 720
f 718 751 752
f 716 751 718
f 716 750 751
f 714 750 716
f 714 743 750
f 757 758 759
f 757 756 758
f 674 756 757
f 674 755 756
f 675 755 674
f 674 730 727
f 721 735 719
f 728 754 729
f 752 728 722
f 751 728 752
f 751 754 728
f 750 754 751
f 730 726 727
f 719 753 717
f 735 753 719
f 730 731 726
f 730 729 731
f 674 729 730
f 674 728 729
f 722 728 674
f 727 673 674
f 727 672 673
f 726 672 727
f 726 671 672
f 725 671 726
f 725 667 671
f 724 667 725
f 724 668 667
f 711 668 724
f 721 722 723
f 721 720 722
f 760 761 762
f 778 779 674
f 778 777 779
f 776 777 778
f 773 774 775
f 773 772 774
f 674 772 773
f 674 771 772
f 770 771 674
f 770 769 771
f 768 769 770
f 765 766 767
f 765 764 766
f 674 764 765
f 674 763 764
f 762 763 674
f 762 761 763
f 796 797 798
f 796 795 797
f 794 795 796
f 794 793 795
f 792 793 794
f 789 790 791
f 789 788 790
f 674 788 789
f 674 787 788
f 786 787 674
f 786 785 787
f 784 785 786
f 781 782 783
f 781 780 782
f 674 780 781
f 674 779 780
f 719 720 721
f 719 718 720
f 717 718 719
f 717 716 718
f 715 716 717
f 715 714 716
f 713 714 715
f 713 712 714
f 669 712 713
f 669 711 712
f 668 711 669
f 687 697 693
f 687 707 710
f 687 685 701
f 777 809 779
f 808 675 676
f 755 675 808
f 806 805 807
f 796 805 806
f 796 804 805
f 803 804 796
f 803 802 804
f 801 802 803
f 798 799 800
f 798 797 799
f 669 706 709
f 669 705 708
f 710 704 687
f 709 703 669
f 708 702 669
f 690 707 687
f 681 706 669
f 677 705 669
f 704 689 687
f 703 680 669
f 702 698 669
f 794 810 792
f 796 810 794
f 796 674 810
f 722 674 796
f 779 809 780
f 815 771 769
f 772 771 815
f 768 814 767
f 768 770 814
f 814 765 767
f 814 674 765
f 770 674 814
f 813 763 761
f 764 763 813
f 760 812 759
f 760 762 812
f 812 757 759
f 812 674 757
f 762 674 812
f 811 755 808
f 756 755 811
f 791 810 789
f 792 810 791
f 818 787 785
f 788 787 818
f 810 674 789
f 784 817 783
f 784 786 817
f 817 781 783
f 817 674 781
f 786 674 817
f 782 780 809
f 776 816 775
f 776 778 816
f 816 773 775
f 816 674 773
f 778 674 816
f 819 799 797
f 818 790 788
f 815 774 772
f 813 766 764
f 811 758 756
f 807 804 802
f 807 805 804
f 801 820 800
f 801 803 820
f 820 798 800
f 820 796 798
f 803 796 820
f 819 795 793
f 797 795 819
f 700 687 701
f 699 687 700
f 699 669 687
f 684 669 699
f 698 670 669
f 687 696 697
f 687 695 696
f 694 695 687
f 692 687 693
f 691 687 692
f 691 690 687
f 688 687 689
f 686 687 688
f 686 685 687
f 683 669 684
f 682 669 683
f 682 681 669
f 679 669 680
f 678 669 679
f 678 677 669
f 843 842 824
f 823 895 896
f 823 894 895
f 893 894 823
f 893 892 894
f 891 892 893
f 888 889 890
f 888 887 889
f 856 854 871
f 823 887 888
f 856 859 875
f 875 858 856
f 876 862 856
f 824 842 872
f 824 846 873
f 824 850 874
f 853 856 871
f 824 856 853
f 870 825 824
f 856 869 867
f 868 869 856
f 874 849 824
f 873 845 824
f 872 870 824
f 905 906 907
f 866 856 867
f 905 904 906
f 900 901 902
f 902 901 903
f 902 903 823
f 823 903 904
f 823 904 905
f 919 918 920
f 917 918 919
f 912 920 921
f 912 921 922
f 922 921 923
f 914 913 915
f 912 913 914
f 896 897 898
f 912 911 913
f 914 915 916
f 919 920 912
f 925 822 821
f 878 822 925
f 908 909 910
f 910 909 911
f 910 911 912
f 958 840 839
f 958 841 840
f 957 841 958
f 957 828 841
f 951 828 957
f 955 954 956
f 953 954 955
f 953 952 954
f 892 926 894
f 839 838 958
f 958 838 837
f 823 933 893
f 927 878 925
f 879 878 927
f 912 823 910
f 877 823 912
f 932 934 933
f 932 890 934
f 823 936 902
f 823 935 936
f 896 935 823
f 926 895 894
f 897 895 926
f 933 934 891
f 904 903 938
f 936 937 900
f 823 928 929
f 880 928 823
f 935 937 936
f 935 898 937
f 902 936 900
f 896 898 935
f 949 952 953
f 830 952 949
f 830 951 952
f 856 823 877
f 824 823 856
f 856 864 876
f 823 932 933
f 888 932 823
f 885 929 883
f 823 929 885
f 880 882 928
f 928 882 930
f 929 930 883
f 928 930 929
f 931 886 884
f 887 886 931
f 913 911 942
f 942 911 909
f 888 890 932
f 893 933 891
f 822 878 823
f 823 878 879
f 823 879 880
f 904 938 906
f 887 931 889
f 913 942 915
f 880 881 882
f 880 879 881
f 912 943 944
f 912 944 919
f 919 944 917
f 914 943 912
f 923 921 920
f 944 945 917
f 943 945 944
f 943 916 945
f 914 916 943
f 879 927 881
f 923 920 918
f 938 903 901
f 905 939 823
f 823 939 940
f 823 940 910
f 910 940 908
f 905 907 939
f 939 907 941
f 939 941 940
f 940 941 908
f 847 824 848
f 847 846 824
f 851 850 824
f 848 824 849
f 860 859 856
f 857 856 858
f 855 856 857
f 855 854 856
f 844 824 845
f 843 824 844
f 912 856 877
f 912 868 856
f 883 884 885
f 885 884 886
f 885 886 823
f 823 886 887
f 960 835 899
f 899 835 834
f 899 834 833
f 835 960 836
f 836 960 961
f 836 961 837
f 946 827 947
f 947 827 826
f 947 826 832
f 958 837 959
f 948 832 831
f 948 831 829
f 860 856 861
f 861 856 862
f 851 824 852
f 852 824 853
f 865 856 866
f 865 864 856
f 896 895 897
f 947 832 948
f 924 833 863
f 924 863 922
f 837 961 959
f 899 833 924
f 922 868 912
f 922 863 868
f 829 950 948
f 828 951 830
f 830 949 829
f 829 949 950
f 1011 1010 1012
f 1009 963 962
f 976 977 978
f 973 972 974
f 973 974 975
f 978 977 979
f 989 988 990
f 986 985 987
f 984 985 986
f 981 982 983
f 997 998 999
f 981 980 982
f 997 996 998
f 994 993 995
f 992 993 994
f 989 990 991
f 1006 1005 1007
f 1004 1005 1006
f 1024 995 993
f 1023 995 1024
f 1016 971 1017
f 1017 971 969
f 1013 1008 1014
f 1014 1008 1009
f 1000 1001 1002
f 1002 1001 1003
f 1008 963 1009
f 1011 1012 979
f 965 964 966
f 1028 1020 1021
f 965 966 967
f 999 1025 997
f 991 1022 989
f 992 1022 991
f 1027 1016 1017
f 968 1015 967
f 967 1015 965
f 972 1016 1027
f 976 978 1018
f 972 1027 974
f 1000 1025 999
f 968 970 1015
f 964 1026 966
f 984 1019 983
f 984 986 1019
f 1010 980 1012
f 982 980 1010
f 1011 979 977
f 975 1018 973
f 976 1018 975
f 1026 1013 1014
f 1020 987 1021
f 964 1013 1026
f 1021 987 985
f 988 1020 1028
f 983 1019 981
f 1007 1003 1001
f 1007 1005 1003
f 992 994 1022
f 988 1028 990
f 1029 1023 1024
f 1000 1002 1025
f 996 1029 998
f 996 1023 1029
f 968 969 970
f 970 969 971
f 1204 1150 1206
f 1204 1206 1189
f 1189 1206 1154
f 1170 1164 1207
f 1207 1164 1165
f 1207 1165 1043
f 1201 1205 1202
f 1202 1205 1166
f 1202 1166 1203
f 1203 1166 1079
f 1166 1205 1167
f 1153 1154 1206
f 1153 1206 1152
f 1152 1206 1150
f 1043 1168 1207
f 1140 1181 1031
f 1149 1196 1151
f 1151 1196 1079
f 1192 1178 1179
f 1142 1144 1190
f 1190 1144 1197
f 1190 1197 1183
f 1183 1197 1185
f 1177 1175 1186
f 1188 1187 1189
f 1188 1189 1155
f 1155 1189 1154
f 1140 1142 1181
f 1181 1142 1190
f 1181 1190 1182
f 1182 1190 1183
f 1163 1171 1162
f 1184 1173 1172
f 1159 1084 1191
f 1191 1084 1174
f 1191 1174 1176
f 1158 1159 1191
f 1158 1191 1176
f 1139 1178 1141
f 1141 1178 1192
f 1139 1138 1178
f 1178 1138 1160
f 1178 1160 1179
f 1179 1160 1161
f 1179 1161 1180
f 1180 1161 1162
f 1180 1162 1171
f 1161 1039 1162
f 1031 1181 1182
f 1031 1182 1172
f 1172 1182 1183
f 1172 1183 1184
f 1184 1183 1185
f 1184 1185 1186
f 1186 1185 1187
f 1186 1187 1188
f 1079 1166 1043
f 1043 1166 1167
f 1043 1167 1168
f 1168 1167 1169
f 1168 1169 1170
f 1170 1169 1171
f 1170 1171 1163
f 1154 1080 1082
f 1031 1172 1084
f 1084 1172 1173
f 1084 1173 1174
f 1174 1173 1175
f 1174 1175 1176
f 1176 1175 1177
f 1176 1177 1157
f 1157 1177 1156
f 1158 1088 1159
f 1159 1088 1086
f 1159 1086 1084
f 1138 1032 1160
f 1160 1032 1033
f 1160 1033 1161
f 1161 1033 1039
f 1144 1143 1145
f 1162 1039 1040
f 1162 1040 1163
f 1163 1040 1041
f 1163 1041 1164
f 1164 1041 1042
f 1164 1042 1165
f 1165 1042 1044
f 1165 1044 1043
f 1148 1149 1150
f 1150 1149 1151
f 1150 1151 1152
f 1152 1151 1079
f 1152 1079 1153
f 1153 1079 1080
f 1153 1080 1154
f 1137 1135 1134
f 1154 1082 1155
f 1155 1082 1081
f 1155 1081 1156
f 1156 1081 1085
f 1156 1085 1157
f 1157 1085 1087
f 1157 1087 1158
f 1158 1087 1088
f 1032 1138 1031
f 1031 1138 1139
f 1031 1139 1140
f 1140 1139 1141
f 1140 1141 1142
f 1142 1141 1143
f 1142 1143 1144
f 1109 1121 1111
f 1144 1145 1146
f 1146 1145 1147
f 1146 1147 1148
f 1148 1147 1149
f 1132 1128 1136
f 1136 1128 1129
f 1136 1129 1031
f 1134 1131 1137
f 1137 1131 1102
f 1137 1102 1084
f 1106 1119 1107
f 1107 1119 1109
f 1031 1133 1136
f 1136 1133 1132
f 1084 1135 1137
f 1111 1123 1113
f 1095 1127 1097
f 1097 1127 1132
f 1097 1132 1099
f 1099 1132 1133
f 1099 1133 1101
f 1101 1133 1031
f 1132 1127 1128
f 1114 1130 1112
f 1112 1130 1134
f 1112 1134 1110
f 1110 1134 1135
f 1110 1135 1108
f 1108 1135 1084
f 1134 1130 1131
f 1119 1121 1109
f 1116 1037 1096
f 1095 1094 1127
f 1127 1094 1103
f 1127 1103 1128
f 1128 1103 1104
f 1128 1104 1129
f 1129 1104 1105
f 1129 1105 1031
f 1098 1116 1096
f 1123 1037 1113
f 1114 1115 1130
f 1130 1115 1117
f 1130 1117 1131
f 1131 1117 1100
f 1131 1100 1102
f 1121 1123 1111
f 1121 1122 1123
f 1123 1122 1092
f 1123 1092 1037
f 1037 1092 1055
f 1089 1090 1118
f 1118 1090 1124
f 1118 1124 1120
f 1120 1124 1125
f 1120 1125 1122
f 1122 1125 1092
f 1090 1091 1124
f 1124 1091 1126
f 1124 1126 1125
f 1125 1126 1092
f 1091 1093 1126
f 1126 1093 1092
f 1110 1109 1111
f 1110 1111 1112
f 1112 1111 1113
f 1112 1113 1114
f 1114 1113 1037
f 1114 1037 1115
f 1115 1037 1116
f 1115 1116 1117
f 1117 1116 1098
f 1117 1098 1100
f 1083 1089 1106
f 1106 1089 1118
f 1106 1118 1119
f 1119 1118 1120
f 1119 1120 1121
f 1121 1120 1122
f 1100 1099 1101
f 1100 1101 1102
f 1102 1101 1031
f 1102 1031 1084
f 1094 1036 1103
f 1103 1036 1035
f 1103 1035 1104
f 1104 1035 1034
f 1104 1034 1105
f 1105 1034 1030
f 1105 1030 1031
f 1083 1106 1084
f 1084 1106 1107
f 1084 1107 1108
f 1108 1107 1109
f 1108 1109 1110
f 1036 1094 1037
f 1037 1094 1095
f 1037 1095 1096
f 1096 1095 1097
f 1096 1097 1098
f 1098 1097 1099
f 1098 1099 1100
f 1175 1173 1184
f 1197 1146 1200
f 1197 1200 1185
f 1185 1200 1187
f 1156 1177 1188
f 1188 1177 1186
f 1192 1198 1193
f 1193 1198 1201
f 1193 1201 1194
f 1141 1192 1143
f 1143 1192 1193
f 1143 1193 1145
f 1145 1193 1194
f 1145 1194 1147
f 1147 1194 1195
f 1147 1195 1149
f 1047 1037 1048
f 1149 1195 1196
f 1200 1204 1187
f 1187 1204 1189
f 1155 1156 1188
f 1170 1163 1164
f 1201 1199 1205
f 1205 1199 1169
f 1205 1169 1167
f 1148 1150 1204
f 1186 1175 1184
f 1157 1158 1176
f 1192 1179 1198
f 1198 1179 1180
f 1198 1180 1199
f 1199 1180 1171
f 1199 1171 1169
f 1046 1045 1037
f 1046 1037 1047
f 1144 1146 1197
f 1037 1075 1071
f 1037 1076 1072
f 1037 1070 1052
f 1055 1077 1073
f 1055 1078 1074
f 1194 1201 1202
f 1194 1202 1195
f 1195 1202 1203
f 1195 1203 1196
f 1196 1203 1079
f 1201 1198 1199
f 1146 1148 1200
f 1200 1148 1204
f 1058 1077 1055
f 1062 1078 1055
f 1049 1076 1037
f 1074 1061 1055
f 1045 1075 1037
f 1073 1057 1055
f 1072 1048 1037
f 1068 1038 1037
f 1055 1053 1037
f 1037 1053 1069
f 1037 1069 1070
f 1071 1068 1037
f 1063 1055 1064
f 1064 1055 1065
f 1066 1067 1055
f 1055 1067 1065
f 1059 1058 1055
f 1059 1055 1060
f 1060 1055 1061
f 1063 1062 1055
f 1054 1053 1055
f 1054 1055 1056
f 1056 1055 1057
f 1050 1049 1037
f 1050 1037 1051
f 1051 1037 1052
f 1207 1168 1170
f 1234 1235 1212
f 1212 1235 1210
f 1210 1235 1211
f 1211 1235 1236
f 1211 1236 1222
f 1230 1252 1229
f 1230 1251 1252
f 1231 1251 1230
f 1231 1250 1251
f 1232 1250 1231
f 1232 1249 1250
f 1233 1249 1232
f 1233 1248 1249
f 1208 1248 1233
f 1209 1248 1208
f 1247 1248 1209
f 1209 1246 1247
f 1213 1246 1209
f 1213 1245 1246
f 1214 1245 1213
f 1214 1244 1245
f 1212 1259 1234
f 1223 1259 1212
f 1223 1258 1259
f 1225 1256 1257
f 1224 1258 1223
f 1224 1257 1258
f 1225 1257 1224
f 1226 1255 1256
f 1226 1256 1225
f 1227 1255 1226
f 1227 1254 1255
f 1229 1252 1253
f 1228 1254 1227
f 1228 1253 1254
f 1229 1253 1228
f 1222 1237 1221
f 1222 1236 1237
f 1219 1239 1240
f 1219 1240 1218
f 1216 1243 1215
f 1216 1242 1243
f 1217 1242 1216
f 1217 1241 1242
f 1218 1241 1217
f 1218 1240 1241
f 1215 1243 1244
f 1215 1244 1214
f 1220 1239 1219
f 1220 1238 1239
f 1221 1238 1220
f 1221 1237 1238
f 1286 1287 1266
f 1276 1294 1277
f 1276 1293 1294
f 1275 1293 1276
f 1275 1292 1293
f 1274 1292 1275
f 1274 1291 1292
f 1273 1291 1274
f 1273 1290 1291
f 1272 1290 1273
f 1272 1289 1290
f 1271 1289 1272
f 1279 1296 1297
f 1278 1296 1279
f 1278 1295 1296
f 1277 1295 1278
f 1277 1294 1295
f 1268 1310 1267
f 1268 1309 1310
f 1269 1309 1268
f 1269 1308 1309
f 1262 1308 1269
f 1262 1307 1308
f 1261 1307 1262
f 1261 1306 1307
f 1260 1306 1261
f 1260 1305 1306
f 1285 1305 1260
f 1285 1304 1305
f 1284 1304 1285
f 1284 1303 1304
f 1283 1303 1284
f 1283 1302 1303
f 1267 1310 1311
f 1266 1311 1286
f 1267 1311 1266
f 1281 1300 1301
f 1264 1300 1281
f 1263 1300 1264
f 1299 1300 1263
f 1263 1298 1299
f 1280 1298 1263
f 1280 1297 1298
f 1279 1297 1280
f 1271 1288 1289
f 1270 1288 1271
f 1270 1287 1288
f 1265 1287 1270
f 1266 1287 1265
f 1282 1302 1283
f 1282 1301 1302
f 1281 1301 1282
f 1346 1330 1347
f 1346 1331 1330
f 1345 1331 1346
f 1345 1332 1331
f 1344 1332 1345
f 1344 1333 1332
f 1343 1333 1344
f 1343 1334 1333
f 1336 1319 1337
f 1337 1319 1320
f 1337 1320 1338
f 1335 1318 1336
f 1336 1318 1319
f 1348 1329 1328
f 1347 1329 1348
f 1347 1330 1329
f 1340 1322 1323
f 1339 1322 1340
f 1339 1321 1322
f 1338 1321 1339
f 1338 1320 1321
f 1341 1324 1342
f 1341 1323 1324
f 1340 1323 1341
f 1349 1328 1327
f 1349 1327 1350
f 1350 1327 1326
f 1350 1326 1351
f 1351 1326 1325
f 1351 1325 1352
f 1352 1325 1312
f 1352 1312 1353
f 1353 1312 1313
f 1353 1313 1354
f 1354 1313 1314
f 1354 1314 1355
f 1355 1314 1315
f 1355 1315 1356
f 1342 1324 1334
f 1342 1334 1343
f 1348 1328 1349
f 1356 1315 1316
f 1335 1317 1318
f 1356 1316 1357
f 1357 1317 1335
f 1357 1316 1317
f 1358 1366 1367
f 1358 1367 1363
f 1360 1358 1363
f 1359 1358 1360
f 1360 1363 1364
f 1368 1369 1364
f 1364 1369 1360
f 1365 1366 1358
f 1361 1360 1362
f 1359 1360 1361
f 1370 1371 1372
f 1372 1371 1373
f 1374 1375 1376
f 1376 1375 1377
f 1392 1391 1393
f 1390 1389 1391
f 1386 1387 1388
f 1388 1387 1389
f 1380 1381 1382
f 1380 1379 1381
f 1388 1389 1390
f 1390 1391 1392
f 1392 1393 1394
f 1394 1393 1395
f 1394 1395 1396
f 1396 1395 1397
f 1382 1381 1383
f 1382 1383 1384
f 1384 1383 1385
f 1384 1385 1386
f 1386 1385 1387
f 1378 1379 1380
f 1398 1399 1400
f 1400 1399 1401
f 1402 1403 1404
f 1404 1403 1405
f 1409 1410 1406
f 1406 1411 1412
f 1413 1410 1414
f 1406 1410 1411
f 1406 1416 1417
f 1413 1414 1415
f 1407 1408 1409
f 1409 1408 1410
f 1411 1410 1413
f 1412 1416 1406
f 1435 1430 1434
f 1434 1431 1433
f 1419 1427 1428
f 1424 1422 1423
f 1425 1421 1424
f 1421 1425 1420
f 1420 1426 1418
f 1419 1428 1429
f 1420 1425 1426
f 1419 1429 1435
f 1424 1421 1422
f 1434 1430 1431
f 1433 1431 1432
f 1418 1427 1419
f 1418 1426 1427
f 1435 1429 1430
f 1439 1438 1440
f 1440 1438 1437
f 1446 1451 1450
f 1445 1451 1446
f 1445 1461 1451
f 1444 1461 1445
f 1443 1461 1444
f 1443 1457 1461
f 1442 1457 1443
f 1442 1436 1457
f 1441 1436 1442
f 1441 1437 1436
f 1464 1460 1462
f 1465 1460 1464
f 1440 1437 1441
f 1465 1458 1460
f 1466 1458 1465
f 1466 1459 1458
f 1467 1459 1466
f 1467 1463 1459
f 1454 1463 1467
f 1467 1455 1454
f 1467 1452 1455
f 1466 1452 1467
f 1466 1453 1452
f 1465 1453 1466
f 1465 1456 1453
f 1464 1456 1465
f 1464 1457 1456
f 1464 1461 1457
f 1462 1461 1464
f 1447 1449 1448
f 1447 1450 1449
f 1446 1450 1447
f 1519 1520 1470
f 1470 1520 1521
f 1470 1521 1522
f 1550 1469 1551
f 1554 1509 1555
f 1553 1509 1554
f 1510 1477 1481
f 1510 1481 1511
f 1508 1533 1534
f 1531 1532 1508
f 1508 1532 1533
f 1508 1525 1526
f 1470 1524 1508
f 1508 1524 1525
f 1535 1536 1508
f 1523 1524 1470
f 1565 1468 1469
f 1557 1556 1509
f 1557 1509 1558
f 1562 1509 1563
f 1561 1509 1562
f 1561 1560 1509
f 1502 1477 1510
f 1478 1477 1502
f 1508 1507 1509
f 1506 1507 1508
f 1506 1505 1507
f 1504 1505 1506
f 1504 1503 1505
f 1479 1503 1504
f 1479 1502 1503
f 1478 1502 1479
f 1509 1564 1563
f 1507 1564 1509
f 1508 1536 1537
f 1508 1537 1506
f 1539 1470 1518
f 1568 1565 1469
f 1519 1470 1539
f 1469 1470 1509
f 1482 1488 1489
f 1487 1488 1482
f 1571 1559 1509
f 1475 1500 1476
f 1474 1500 1475
f 1473 1500 1474
f 1473 1499 1500
f 1472 1499 1473
f 1542 1508 1530
f 1515 1470 1538
f 1538 1470 1514
f 1570 1555 1509
f 1569 1547 1469
f 1476 1500 1480
f 1480 1500 1501
f 1543 1508 1534
f 1535 1508 1543
f 1527 1508 1541
f 1531 1508 1542
f 1541 1508 1526
f 1540 1470 1522
f 1469 1566 1567
f 1469 1552 1566
f 1509 1552 1469
f 1482 1489 1484
f 1484 1489 1490
f 1484 1490 1483
f 1483 1490 1485
f 1485 1490 1491
f 1485 1491 1492
f 1493 1494 1492
f 1492 1494 1486
f 1486 1498 1472
f 1509 1470 1508
f 1495 1493 1496
f 1495 1496 1497
f 1472 1498 1499
f 1494 1498 1486
f 1523 1470 1540
f 1470 1513 1514
f 1511 1481 1480
f 1556 1574 1509
f 1509 1574 1570
f 1469 1567 1551
f 1469 1573 1569
f 1560 1575 1509
f 1509 1575 1571
f 1545 1544 1469
f 1553 1552 1509
f 1548 1573 1469
f 1469 1572 1568
f 1544 1572 1469
f 1546 1469 1547
f 1545 1469 1546
f 1494 1493 1495
f 1492 1486 1485
f 1508 1528 1529
f 1558 1509 1559
f 1549 1469 1550
f 1527 1528 1508
f 1515 1516 1470
f 1470 1517 1518
f 1508 1529 1530
f 1470 1516 1517
f 1511 1480 1501
f 1471 1512 1470
f 1470 1512 1513
f 1549 1548 1469
f 1579 1629 1630
f 1579 1630 1578
f 1637 1596 1594
f 1585 1634 1584
f 1627 1626 1628
f 1625 1626 1627
f 1580 1577 1631
f 1622 1623 1624
f 1595 1594 1596
f 1622 1621 1623
f 1617 1618 1619
f 1619 1618 1620
f 1631 1577 1576
f 1589 1588 1635
f 1634 1582 1584
f 1585 1587 1634
f 1602 1632 1604
f 1604 1632 1605
f 1581 1580 1633
f 1633 1580 1631
f 1640 1615 1613
f 1637 1599 1597
f 1635 1591 1589
f 1633 1583 1581
f 1630 1629 1628
f 1630 1628 1626
f 1625 1643 1624
f 1642 1623 1621
f 1638 1598 1600
f 1641 1614 1616
f 1617 1619 1641
f 1617 1641 1616
f 1642 1620 1618
f 1621 1620 1642
f 1643 1622 1624
f 1625 1627 1643
f 1640 1612 1610
f 1613 1612 1640
f 1609 1639 1608
f 1609 1611 1639
f 1639 1606 1608
f 1601 1603 1638
f 1601 1638 1600
f 1607 1605 1632
f 1593 1636 1592
f 1593 1595 1636
f 1636 1590 1592
f 1635 1588 1586
f 1597 1596 1637
f 1598 1599 1600
f 1601 1602 1603
f 1598 1597 1599
f 1606 1607 1608
f 1606 1605 1607
f 1582 1583 1584
f 1585 1586 1587
f 1582 1581 1583
f 1603 1602 1604
f 1609 1610 1611
f 1611 1610 1612
f 1590 1591 1592
f 1614 1615 1616
f 1614 1613 1615
f 1587 1586 1588
f 1593 1594 1595
f 1590 1589 1591
f 1656 1684 1685
f 1708 1652 1717
f 1728 1727 1651
f 1718 1653 1654
f 1717 1653 1718
f 1717 1652 1653
f 1735 1736 1737
f 1716 1656 1672
f 1716 1715 1656
f 1672 1689 1690
f 1672 1688 1689
f 1687 1688 1672
f 1672 1693 1694
f 1672 1692 1693
f 1691 1692 1672
f 1683 1684 1656
f 1656 1702 1703
f 1726 1727 1728
f 1714 1715 1716
f 1714 1713 1715
f 1712 1713 1714
f 1712 1711 1713
f 1710 1711 1712
f 1710 1709 1711
f 1651 1709 1710
f 1651 1708 1709
f 1652 1708 1651
f 1729 1730 1731
f 1729 1651 1730
f 1728 1651 1729
f 1728 1729 1743
f 1656 1685 1686
f 1726 1725 1727
f 1724 1725 1726
f 1724 1723 1725
f 1722 1723 1724
f 1722 1721 1723
f 1672 1721 1722
f 1672 1720 1721
f 1674 1720 1672
f 1719 1655 1656
f 1719 1654 1655
f 1718 1654 1719
f 1739 1738 1723
f 1737 1738 1739
f 1737 1736 1738
f 1713 1747 1715
f 1735 1668 1736
f 1734 1668 1735
f 1734 1669 1668
f 1733 1669 1734
f 1733 1670 1669
f 1732 1670 1733
f 1732 1671 1670
f 1720 1671 1732
f 1720 1675 1671
f 1674 1675 1720
f 1731 1712 1714
f 1731 1730 1712
f 1744 1731 1714
f 1743 1731 1744
f 1743 1729 1731
f 1748 1744 1751
f 1712 1730 1710
f 1742 1719 1656
f 1742 1718 1719
f 1741 1718 1742
f 1741 1717 1718
f 1740 1717 1741
f 1740 1708 1717
f 1709 1708 1740
f 1730 1651 1710
f 1668 1651 1736
f 1664 1651 1668
f 1739 1723 1721
f 1728 1743 1726
f 1746 1740 1741
f 1715 1747 1656
f 1758 1757 1759
f 1713 1746 1747
f 1711 1746 1713
f 1711 1740 1746
f 1709 1740 1711
f 1733 1735 1737
f 1733 1734 1735
f 1738 1745 1725
f 1738 1736 1745
f 1745 1727 1725
f 1745 1651 1727
f 1736 1651 1745
f 1744 1714 1716
f 1720 1732 1739
f 1751 1716 1672
f 1751 1744 1716
f 1770 1666 1663
f 1750 1742 1656
f 1750 1741 1742
f 1746 1741 1750
f 1732 1737 1739
f 1732 1733 1737
f 1723 1738 1725
f 1748 1743 1744
f 1722 1749 1672
f 1724 1749 1722
f 1724 1748 1749
f 1726 1748 1724
f 1726 1743 1748
f 1760 1761 1762
f 1760 1759 1761
f 1758 1759 1760
f 1777 1648 1778
f 1756 1757 1758
f 1756 1755 1757
f 1754 1755 1756
f 1754 1753 1755
f 1644 1753 1754
f 1644 1752 1753
f 1658 1752 1644
f 1751 1749 1748
f 1672 1749 1751
f 1750 1747 1746
f 1656 1747 1750
f 1720 1739 1721
f 1771 1662 1772
f 1771 1663 1662
f 1770 1663 1771
f 1788 1787 1789
f 1769 1666 1770
f 1769 1667 1666
f 1768 1667 1769
f 1768 1665 1667
f 1767 1665 1768
f 1767 1664 1665
f 1766 1664 1767
f 1766 1765 1664
f 1764 1765 1766
f 1764 1763 1765
f 1762 1763 1764
f 1762 1761 1763
f 1779 1649 1650
f 1778 1649 1779
f 1778 1648 1649
f 1786 1797 1798
f 1777 1647 1648
f 1776 1647 1777
f 1776 1646 1647
f 1775 1646 1776
f 1775 1645 1646
f 1774 1645 1775
f 1774 1658 1645
f 1752 1658 1774
f 1773 1660 1659
f 1773 1661 1660
f 1772 1661 1773
f 1772 1662 1661
f 1790 1791 1771
f 1790 1789 1791
f 1788 1789 1790
f 1805 1788 1790
f 1659 1787 1788
f 1659 1786 1787
f 1644 1786 1659
f 1777 1785 1776
f 1784 1785 1777
f 1784 1783 1785
f 1782 1783 1784
f 1782 1781 1783
f 1651 1781 1782
f 1651 1780 1781
f 1664 1780 1651
f 1779 1650 1651
f 1800 1799 1801
f 1798 1799 1800
f 1798 1797 1799
f 1756 1758 1804
f 1786 1796 1797
f 1644 1796 1786
f 1644 1795 1796
f 1754 1795 1644
f 1794 1776 1785
f 1794 1775 1776
f 1793 1775 1794
f 1793 1774 1775
f 1792 1774 1793
f 1792 1752 1774
f 1753 1752 1792
f 1771 1791 1770
f 1753 1792 1755
f 1772 1805 1790
f 1772 1773 1805
f 1770 1791 1802
f 1805 1659 1788
f 1773 1659 1805
f 1798 1787 1786
f 1789 1787 1798
f 1796 1804 1797
f 1795 1804 1796
f 1795 1756 1804
f 1754 1756 1795
f 1769 1803 1768
f 1802 1803 1769
f 1802 1801 1803
f 1800 1801 1802
f 1797 1811 1799
f 1804 1811 1797
f 1804 1758 1811
f 1784 1777 1778
f 1806 1792 1793
f 1765 1810 1664
f 1763 1810 1765
f 1763 1809 1810
f 1761 1809 1763
f 1761 1808 1809
f 1759 1808 1761
f 1759 1807 1808
f 1757 1807 1759
f 1757 1806 1807
f 1755 1806 1757
f 1755 1792 1806
f 1807 1812 1815
f 1806 1812 1807
f 1802 1791 1800
f 1767 1768 1820
f 1799 1814 1801
f 1811 1814 1799
f 1811 1760 1814
f 1758 1760 1811
f 1813 1785 1783
f 1813 1794 1785
f 1812 1794 1813
f 1812 1793 1794
f 1806 1793 1812
f 1771 1772 1790
f 1800 1789 1798
f 1791 1789 1800
f 1762 1764 1818
f 1819 1783 1781
f 1819 1813 1783
f 1815 1813 1819
f 1769 1770 1802
f 1801 1818 1803
f 1814 1818 1801
f 1814 1762 1818
f 1760 1762 1814
f 1815 1812 1813
f 1810 1817 1664
f 1809 1817 1810
f 1809 1816 1817
f 1808 1816 1809
f 1808 1815 1816
f 1807 1815 1808
f 1780 1819 1781
f 1817 1780 1664
f 1816 1780 1817
f 1816 1819 1780
f 1656 1703 1683
f 1672 1697 1673
f 1672 1696 1697
f 1695 1696 1672
f 1815 1819 1816
f 1821 1779 1651
f 1821 1778 1779
f 1784 1778 1821
f 1803 1820 1768
f 1818 1820 1803
f 1818 1764 1820
f 1656 1677 1678
f 1656 1676 1677
f 1657 1676 1656
f 1656 1681 1682
f 1656 1680 1681
f 1679 1680 1656
f 1656 1701 1679
f 1656 1700 1701
f 1678 1700 1656
f 1699 1656 1686
f 1698 1656 1699
f 1698 1672 1656
f 1687 1672 1698
f 1651 1782 1821
f 1766 1820 1764
f 1767 1820 1766
f 1821 1782 1784
f 1672 1706 1707
f 1694 1706 1672
f 1672 1705 1691
f 1672 1704 1705
f 1690 1704 1672
f 1672 1707 1695
f 1682 1702 1656
f 1841 1840 1842
f 1859 1886 1861
f 1863 1864 1865
f 1860 1861 1862
f 1860 1859 1861
f 1844 1845 1846
f 1839 1840 1841
f 1852 1853 1854
f 1857 1856 1858
f 1868 1867 1866
f 1888 1889 1863
f 1887 1889 1888
f 1828 1827 1829
f 1826 1822 1869
f 1824 1868 1825
f 1824 1867 1868
f 1836 1837 1838
f 1887 1862 1889
f 1860 1862 1887
f 1865 1888 1863
f 1836 1835 1837
f 1840 1870 1842
f 1886 1858 1856
f 1859 1858 1886
f 1884 1885 1855
f 1883 1885 1884
f 1883 1854 1885
f 1852 1854 1883
f 1857 1884 1855
f 1828 1829 1830
f 1869 1822 1823
f 1833 1832 1834
f 1835 1877 1837
f 1882 1850 1848
f 1851 1850 1882
f 1881 1872 1846
f 1871 1872 1881
f 1847 1849 1871
f 1870 1843 1842
f 1845 1843 1870
f 1879 1880 1839
f 1878 1880 1879
f 1878 1838 1880
f 1836 1838 1878
f 1841 1879 1839
f 1831 1832 1833
f 1855 1856 1857
f 1874 1876 1875
f 1877 1834 1832
f 1835 1834 1877
f 1875 1876 1831
f 1874 1830 1876
f 1851 1882 1853
f 1881 1847 1871
f 1828 1830 1874
f 1852 1851 1853
f 1833 1875 1831
f 1865 1864 1866
f 1827 1873 1829
f 1849 1848 1850
f 1847 1848 1849
f 1868 1866 1864
f 1873 1826 1869
f 1827 1826 1873
f 1844 1843 1845
f 1872 1844 1846
f 1911 1910 1912
f 1911 1912 1913
f 1932 1931 1933
f 1914 1915 1916
f 1916 1915 1917
f 1935 1933 1931
f 1955 1944 1945
f 1906 1908 1946
f 1906 1946 1905
f 1905 1946 1903
f 1939 1909 1907
f 1912 1910 1938
f 1938 1910 1940
f 1914 1916 1947
f 1914 1947 1913
f 1918 1948 1956
f 1956 1948 1949
f 1944 1901 1945
f 1945 1901 1899
f 1947 1911 1913
f 1948 1917 1949
f 1949 1917 1915
f 1951 1925 1952
f 1952 1925 1923
f 1918 1956 1920
f 1898 1899 1900
f 1900 1899 1901
f 1941 1936 1942
f 1942 1936 1937
f 1903 1902 1904
f 1894 1941 1954
f 1894 1954 1896
f 1954 1941 1942
f 1898 1900 1943
f 1898 1943 1897
f 1897 1943 1895
f 1902 1944 1955
f 1902 1955 1904
f 1892 1934 1935
f 1892 1935 1893
f 1936 1890 1937
f 1937 1890 1891
f 1939 1938 1940
f 1939 1940 1909
f 1895 1894 1896
f 1895 1896 1897
f 1919 1918 1920
f 1919 1920 1921
f 1922 1923 1924
f 1924 1923 1925
f 1927 1926 1928
f 1927 1928 1929
f 1930 1931 1932
f 1922 1950 1921
f 1921 1950 1919
f 1926 1951 1957
f 1926 1957 1928
f 1957 1951 1952
f 1930 1932 1953
f 1930 1953 1929
f 1929 1953 1927
f 1935 1934 1933
f 1922 1924 1950
f 1908 1907 1909
f 1906 1907 1908
f 1903 1904 1905
f 1958 1965 1966
f 1964 1965 1958
f 1959 1961 1962
f 1959 1962 1963
f 1958 1961 1959
f 1976 1977 1978
f 1979 1977 1980
f 1978 1977 1979
f 1981 1977 1982
f 1980 1977 1981
f 1971 1969 1972
f 1970 1969 1971
f 1968 1969 1970
f 1968 1964 1969
f 1965 1964 1968
f 1958 1966 1967
f 1994 1993 1995
f 1992 1993 1994
f 1992 1970 1993
f 1968 1970 1992
f 1991 1959 1963
f 1976 1969 1977
f 1975 1969 1976
f 1974 1969 1975
f 1973 1969 1974
f 1972 1969 1973
f 2014 2015 2016
f 2016 2015 2017
f 2016 2017 2018
f 2018 2017 2019
f 2018 2019 2020
f 2020 2019 2021
f 2020 2021 2022
f 2022 2021 2023
f 2022 2023 2024
f 2022 2024 2025
f 1994 1995 1996
f 1996 1995 1997
f 1996 1997 1998
f 1998 1997 1999
f 1998 1999 2000
f 2000 1999 2001
f 2000 2001 2002
f 2002 2001 2003
f 2002 2003 2004
f 2004 2003 2005
f 2004 2005 2006
f 2006 2005 2007
f 2006 2007 2008
f 2008 2007 2009
f 2008 2009 2010
f 2010 2009 2011
f 1982 1977 1983
f 1983 1977 1984
f 1983 1984 1985
f 1977 1960 1984
f 1984 1960 1986
f 1986 1960 1959
f 1986 1959 1987
f 1987 1959 1988
f 1988 1959 1989
f 1989 1959 1990
f 1990 1959 1991
f 2025 2026 2027
f 2025 2024 2026
f 2029 2028 2030
f 2027 2026 2028
f 2027 2028 2029
f 2029 2030 2031
f 1967 2034 1958
f 1965 2032 1966
f 2033 2032 1965
f 2031 2032 2033
f 2031 2030 2032
f 1987 2012 1986
f 1986 2012 2013
f 2010 2011 1985
f 1985 2011 1983
f 2013 2012 2014
f 2014 2012 2015
f 1958 2038 1961
f 1958 2037 2038
f 2036 2037 1958
f 1958 2035 2036
f 1958 2034 2035
f 2112 2116 2111
f 2111 2116 2054
f 2111 2054 2053
f 2112 2117 2116
f 2113 2117 2112
f 2114 2117 2113
f 2115 2117 2114
f 2076 2060 2059
f 2075 2060 2076
f 2075 2061 2060
f 2074 2061 2075
f 2073 2061 2074
f 2073 2062 2061
f 2072 2062 2073
f 2072 2063 2062
f 2071 2063 2072
f 2071 2064 2063
f 2070 2064 2071
f 2070 2065 2064
f 2041 2120 2042
f 2040 2068 2067
f 2040 2041 2068
f 2120 2041 2040
f 2084 2039 2085
f 2083 2039 2084
f 2082 2039 2083
f 2081 2039 2082
f 2080 2039 2081
f 2055 2039 2080
f 2055 2121 2039
f 2054 2121 2055
f 2116 2121 2054
f 2079 2057 2056
f 2078 2057 2079
f 2079 2056 2055
f 2078 2058 2057
f 2077 2058 2078
f 2077 2059 2058
f 2076 2059 2077
f 2040 2091 2090
f 2040 2092 2091
f 2067 2092 2040
f 2100 2043 2042
f 2101 2043 2100
f 2101 2044 2043
f 2102 2044 2101
f 2102 2045 2044
f 2103 2045 2102
f 2103 2046 2045
f 2104 2046 2103
f 2104 2047 2046
f 2069 2065 2070
f 2069 2066 2065
f 2069 2041 2066
f 2068 2041 2069
f 2107 2049 2106
f 2107 2050 2049
f 2108 2050 2107
f 2108 2051 2050
f 2109 2051 2108
f 2109 2052 2051
f 2110 2052 2109
f 2110 2053 2052
f 2111 2053 2110
f 2040 2088 2087
f 2080 2079 2055
f 2090 2089 2040
f 2106 2049 2048
f 2040 2089 2088
f 2106 2048 2105
f 2105 2048 2047
f 2105 2047 2104
f 2094 2117 2093
f 2093 2117 2115
f 2095 2118 2094
f 2094 2118 2117
f 2099 2118 2098
f 2098 2118 2097
f 2096 2118 2095
f 2097 2118 2096
f 2042 2119 2100
f 2039 2086 2085
f 2039 2087 2086
f 2040 2087 2039
f 2099 2119 2118
f 2042 2120 2119
f 2100 2119 2099

