# https://github.com/mikedh/trimesh

o RightSlider1_1.stl
v -73.00962830 110.19261932 38.80447769
v -73.43997955 110.21704865 38.79991150
v -73.22721100 110.22911072 39.21932983
v -73.58896637 110.21012115 39.17238235
v -73.22721100 110.12094879 39.62521362
v -73.65557098 110.08600616 39.61039352
v -73.22721100 109.90432739 39.98509216
v -73.65557098 109.87487793 39.96115494
v -73.22721100 109.59629822 40.27066803
v -73.65557098 109.57464600 40.23949051
v -73.22721100 109.22107697 40.45947647
v -73.65557098 109.20893860 40.42351151
v -73.22721100 108.80818176 40.53665924
v -73.65557098 108.80651093 40.49874115
v -73.65557098 108.40007019 40.45951843
v -74.04479218 108.43580627 40.31194687
v -73.99465179 108.05798340 40.18658447
v -73.73183441 110.09606934 39.52954483
v -73.85814667 109.88321686 39.84532928
v -73.95869446 109.58709717 40.09669876
v -74.02613831 109.22931671 40.26530457
v -74.05554962 108.83598328 40.33884048
v -73.90877533 107.73007965 39.97190094
v -73.65557098 107.69493103 40.05737305
v -73.65557098 108.01850891 40.30817795
v -73.22721100 108.39099121 40.49636841
v -72.80568695 108.80442810 40.45159912
v -72.80568695 109.19384766 40.37880325
v -72.80568695 109.54773712 40.20072937
v -72.80568695 109.83825684 39.93138885
v -72.80568695 110.04256439 39.59196854
v -72.80568695 110.14457703 39.20915985
v -72.60413361 110.04885864 38.83135605
v -72.42564392 109.94477081 39.18511963
v -72.25698853 109.79766083 38.87831879
v -72.11831665 109.64612579 39.14918900
v -71.99688721 109.45976257 38.94149399
v -71.90896606 109.27317810 39.10431671
v -71.84531403 109.06309509 39.01565552
v -71.90896606 109.23455048 39.24926758
v -71.90896606 109.15718842 39.37779236
v -72.11831665 109.58036804 39.39593887
v -72.11831665 109.44867706 39.61472702
v -72.42564392 109.85729218 39.51338959
v -72.42564392 109.68209839 39.80445480
v -73.65557098 107.45374298 39.72662735
v -73.79344177 107.47603607 39.68355942
v -73.65705872 107.31438446 39.34260559
v -73.22769928 107.27668762 39.34965134
v -73.22721100 107.42032623 39.74462128
v -73.22721100 107.66770172 40.08381653
v -73.22721100 107.99969482 40.34114075
v -72.80568695 108.41078186 40.41355896
v -72.42564392 108.79555511 40.25055313
v -72.42564392 109.12949371 40.18812943
v -72.42564392 109.43296814 40.03542328
v -72.80517578 107.36061096 39.33396149
v -72.80568695 107.49554443 39.70472717
v -72.80568695 107.72878265 40.02449799
v -72.80568695 108.04190826 40.26719666
v -72.42564392 108.45783997 40.21789551
v -72.11831665 108.78228760 39.95004654
v -72.11831665 109.03330231 39.90312195
v -72.11831665 109.26141357 39.78833771
v -72.42439270 107.55921936 39.29682922
v -72.42564392 107.67321014 39.61020660
v -72.42564392 107.87315369 39.88430023
v -72.42564392 108.14166260 40.09242249
v -72.11831665 108.52832794 39.92546844
v -71.90896606 108.76572418 39.57477188
v -71.90896606 108.91317749 39.54720688
v -71.90896606 109.04718018 39.47977829
v -72.11682129 107.85609436 39.24132538
v -72.11831665 107.93869781 39.46880341
v -72.11831665 108.08894348 39.67474365
v -72.11831665 108.29077911 39.83118057
v -71.90896606 108.61647034 39.56032181
v -71.81480408 108.64043427 39.09468079
v -71.90786743 108.22670746 39.17203140
v -71.90896606 108.27019501 39.29212570
v -71.90896606 108.35842896 39.41304779
v -71.90896606 108.47698975 39.50494766
v -74.06810760 107.35930634 39.33420563
v -74.45069885 107.51370239 39.30533981
v -74.77529144 107.76562500 39.25823975
v -75.01682281 108.09563446 39.19653702
v -75.15662384 108.47824097 39.12500381
v -75.18391418 108.88388824 39.04916382
v -75.09657288 109.28125763 38.97486877
v -74.90135193 109.63964844 38.90786362
v -74.61332703 109.93138885 38.85331726
v -74.25473785 110.13395691 38.81544495
v -73.85329437 110.23168945 38.79717255
v -74.22693634 107.58261871 39.67685699
v -74.57826996 107.73826599 39.57051849
v -74.86753082 107.96483612 39.41572571
v -75.07427979 108.24633026 39.22341537
v -75.07427979 108.36342621 39.35066605
v -75.07427979 108.51192474 39.43927002
v -74.86753082 108.14841461 39.61522675
v -74.86753082 108.38122559 39.75413513
v -74.57826996 107.97534943 39.82817078
v -74.57826996 108.27602386 40.00757217
v -74.22693634 107.85645294 39.97445679
v -74.22693634 108.20375061 40.18167114
v -73.83835602 107.50888824 39.72722626
v -74.22693634 108.59570312 40.28131866
v -74.22693634 108.99979401 40.26513672
v -74.22693634 109.38252258 40.13446426
v -74.22693634 109.71213531 39.90013885
v -74.22693634 109.96129608 39.58159637
v -73.83835602 110.03881836 39.62590790
v -74.22693634 110.10935211 39.20525360
v -73.83835602 110.19628143 39.22563553
v -74.57826996 109.92581940 39.16222000
v -74.57826996 109.79764557 39.48804474
v -74.57826996 109.58192444 39.76382828
v -74.57826996 109.29655457 39.96670151
v -74.57826996 108.96520996 40.07983017
v -74.57826996 108.61535645 40.09384155
v -74.86753082 109.65866852 39.09958267
v -74.86753082 109.55941772 39.35186768
v -74.86753082 109.39238739 39.56540680
v -74.86753082 109.17142487 39.72248840
v -74.86753082 108.91486359 39.81008530
v -74.86753082 108.64397430 39.82093430
v -75.07427979 109.32675171 39.02175903
v -75.07427979 109.26344299 39.18268204
v -75.07427979 109.15690613 39.31888962
v -75.07427979 109.01596069 39.41908646
v -75.07427979 108.85231018 39.47496033
v -75.07427979 108.67951965 39.48188019
v -73.42014313 110.05415344 25.55914688
v -73.81714630 109.96681213 25.54281616
v -73.64418030 109.78179932 25.86885452
v -73.93487549 109.67302704 25.83713913
v -73.64418030 109.45867157 26.11523628
v -74.01620483 109.30042267 26.04047203
v -73.64418030 109.08019257 26.26319885
v -74.05425262 108.88053894 26.13559723
v -73.64418030 108.67559814 26.30129433
v -74.04579926 108.44893646 26.11446190
v -73.64418030 108.27615356 26.22657776
v -73.99155426 108.04216766 25.97885132
v -73.64418030 107.91268158 26.04482079
v -73.89611816 107.69466400 25.74025345
v -73.64418030 107.61326599 25.77005768
v -73.76756287 107.43585968 25.41886902
v -73.64418030 107.40102386 25.42350769
v -73.61678314 107.28765869 25.04191017
v -73.20536041 107.36990356 25.43703842
v -73.21105194 107.25832367 25.03642464
v -72.81340790 107.34278870 25.05221748
v -72.77558899 107.45692444 25.39920425
v -72.45621490 107.53419495 25.08800316
v -72.39185333 107.65459442 25.31326294
v -72.16854095 107.81695557 25.14086914
v -72.08719635 108.07190704 25.39236641
v -71.97380066 108.16805267 25.20651245
v -71.88784790 108.55892181 25.27959061
v -71.91767120 108.95774078 25.35415649
v -72.08719635 108.70263672 25.70777130
v -72.08719635 108.46546936 25.66341019
v -72.08719635 108.24967194 25.55549812
v -72.39185333 108.36425781 25.96449471
v -72.39185333 108.06951141 25.81710243
v -72.77558899 108.29557037 26.16880226
v -72.77558899 107.94725800 25.99461937
v -73.20536041 108.26533508 26.25874519
v -73.20536041 107.89343262 26.07276917
v -72.06085205 109.33204651 25.42413712
v -72.08719635 109.16756439 25.59730530
v -72.08719635 108.94284821 25.68515396
v -72.39185333 109.01627350 25.99419212
v -72.39185333 108.68817902 26.02508354
v -72.77558899 109.06610107 26.20389748
v -72.77558899 108.67837524 26.24040413
v -73.20536041 109.08803558 26.29621506
v -73.20536041 108.67405701 26.33519363
v -72.08719635 109.35931396 25.45111656
v -72.30573273 109.65138245 25.48384285
v -72.39185333 109.58513641 25.67450142
v -72.63237762 109.88974762 25.52840805
v -72.77558899 109.73839569 25.82606316
v -73.01420593 110.02774811 25.55421066
v -73.20536041 109.80588531 25.89275932
v -72.39185333 107.82670593 25.59428978
v -72.77558899 107.66032410 25.73130989
v -73.20536041 107.58707428 25.79162979
v -73.20536041 109.47530365 26.14481926
v -72.77558899 109.42881012 26.06210136
v -72.39185333 109.32319641 25.87420273
v -74.00137329 107.31832123 25.04764366
v -74.36191559 107.45343018 25.07290459
v -74.66966248 107.68222046 25.11567879
v -74.90008545 107.98644257 25.17255783
v -75.03481293 108.34185791 25.23900795
v -75.06310272 108.72011566 25.30972862
v -74.98269653 109.09107208 25.37908554
v -74.80001068 109.42514801 25.44154549
v -74.52960205 109.69571686 25.49213028
v -74.19303894 109.88119507 25.52680969
v -74.06163788 107.48398590 25.41684914
v -74.47438049 107.63195801 25.33073997
v -74.81837463 107.87844849 25.18729973
v -74.81837463 108.05546570 25.41068077
v -74.81837463 108.28834534 25.57500076
v -74.81837463 108.55814362 25.66689491
v -74.47438049 108.15884399 25.82908630
v -74.47438049 108.50563812 25.94720459
v -74.06163788 108.08110046 25.98161697
v -74.06163788 108.47411346 26.11548042
v -74.06163788 107.74185944 25.74225044
v -74.47438049 107.85949707 25.61787033
v -74.06163788 108.88893127 26.13294792
v -74.06163788 109.29181671 26.03259850
v -74.06163788 109.64997864 25.82259750
v -74.47438049 109.54320526 25.68876839
v -74.81837463 109.36534882 25.46583748
v -74.47438049 109.22716522 25.87407112
v -74.81837463 109.11947632 25.60999870
v -74.47438049 108.87167358 25.96261787
v -74.81837463 108.84291077 25.67888641
v -60.30963135 110.19261932 38.80447769
v -60.73997879 110.21704865 38.79991150
v -60.52721024 110.22911072 39.21932983
v -60.88896942 110.21012115 39.17238235
v -60.52721024 110.12094879 39.62521362
v -60.95556641 110.08600616 39.61039352
v -60.52721024 109.90432739 39.98509216
v -60.95556641 109.87487793 39.96115494
v -60.52721024 109.59629822 40.27066803
v -60.95556641 109.57464600 40.23949051
v -60.52721024 109.22107697 40.45947647
v -60.95556641 109.20893860 40.42351151
v -60.52721024 108.80818176 40.53665924
v -60.95556641 108.80651093 40.49874115
v -60.95556641 108.40007019 40.45951843
v -61.34479523 108.43580627 40.31194687
v -61.29465103 108.05798340 40.18658447
v -61.03183365 110.09606934 39.52954483
v -61.15814972 109.88321686 39.84532928
v -61.25869751 109.58709717 40.09669876
v -61.32613754 109.22931671 40.26530457
v -61.35555267 108.83598328 40.33884048
v -61.20877457 107.73007965 39.97190094
v -60.95556641 107.69493103 40.05737305
v -60.95556641 108.01850891 40.30817795
v -60.52721024 108.39099121 40.49636841
v -60.10568619 108.80442810 40.45159912
v -60.10568619 109.19384766 40.37880325
v -60.10568619 109.54773712 40.20072937
v -60.10568619 109.83825684 39.93138885
v -60.10568619 110.04256439 39.59196854
v -60.10568619 110.14457703 39.20915985
v -59.90413284 110.04885864 38.83135605
v -59.72564316 109.94477081 39.18511963
v -59.55698776 109.79766083 38.87831879
v -59.41831970 109.64612579 39.14918900
v -59.29688644 109.45976257 38.94149399
v -59.20896912 109.27317810 39.10431671
v -59.14531708 109.06309509 39.01565552
v -59.20896912 109.23455048 39.24926758
v -59.20896912 109.15718842 39.37779236
v -59.41831970 109.58036804 39.39593887
v -59.41831970 109.44867706 39.61472702
v -59.72564316 109.85729218 39.51338959
v -59.72564316 109.68209839 39.80445480
v -60.95556641 107.45374298 39.72662735
v -61.09344101 107.47603607 39.68355942
v -60.95705795 107.31438446 39.34260559
v -60.52770233 107.27668762 39.34965134
v -60.52721024 107.42032623 39.74462128
v -60.52721024 107.66770172 40.08381653
v -60.52721024 107.99969482 40.34114075
v -60.10568619 108.41078186 40.41355896
v -59.72564316 108.79555511 40.25055313
v -59.72564316 109.12949371 40.18812943
v -59.72564316 109.43296814 40.03542328
v -60.10517502 107.36061096 39.33396149
v -60.10568619 107.49554443 39.70472717
v -60.10568619 107.72878265 40.02449799
v -60.10568619 108.04190826 40.26719666
v -59.72564316 108.45783997 40.21789551
v -59.41831970 108.78228760 39.95004654
v -59.41831970 109.03330231 39.90312195
v -59.41831970 109.26141357 39.78833771
v -59.72439194 107.55921936 39.29682922
v -59.72564316 107.67321014 39.61020660
v -59.72564316 107.87315369 39.88430023
v -59.72564316 108.14166260 40.09242249
v -59.41831970 108.52832794 39.92546844
v -59.20896912 108.76572418 39.57477188
v -59.20896912 108.91317749 39.54720688
v -59.20896912 109.04718018 39.47977829
v -59.41681671 107.85609436 39.24132538
v -59.41831970 107.93869781 39.46880341
v -59.41831970 108.08894348 39.67474365
v -59.41831970 108.29077911 39.83118057
v -59.20896912 108.61647034 39.56032181
v -59.11480331 108.64043427 39.09468079
v -59.20786667 108.22670746 39.17203140
v -59.20896912 108.27019501 39.29212570
v -59.20896912 108.35842896 39.41304779
v -59.20896912 108.47698975 39.50494766
v -61.36810303 107.35930634 39.33420563
v -61.75069809 107.51370239 39.30533981
v -62.07529449 107.76562500 39.25823975
v -62.31682205 108.09563446 39.19653702
v -62.45662689 108.47824097 39.12500381
v -62.48391342 108.88388824 39.04916382
v -62.39657211 109.28125763 38.97486877
v -62.20135117 109.63964844 38.90786362
v -61.91332626 109.93138885 38.85331726
v -61.55474091 110.13395691 38.81544495
v -61.15328979 110.23168945 38.79717255
v -61.52693939 107.58261871 39.67685699
v -61.87826920 107.73826599 39.57051849
v -62.16753006 107.96483612 39.41572571
v -62.37427902 108.24633026 39.22341537
v -62.37427902 108.36342621 39.35066605
v -62.37427902 108.51192474 39.43927002
v -62.16753006 108.14841461 39.61522675
v -62.16753006 108.38122559 39.75413513
v -61.87826920 107.97534943 39.82817078
v -61.87826920 108.27602386 40.00757217
v -61.52693939 107.85645294 39.97445679
v -61.52693939 108.20375061 40.18167114
v -61.13835907 107.50888824 39.72722626
v -61.52693939 108.59570312 40.28131866
v -61.52693939 108.99979401 40.26513672
v -61.52693939 109.38252258 40.13446426
v -61.52693939 109.71213531 39.90013885
v -61.52693939 109.96129608 39.58159637
v -61.13835907 110.03881836 39.62590790
v -61.52693939 110.10935211 39.20525360
v -61.13835907 110.19628143 39.22563553
v -61.87826920 109.92581940 39.16222000
v -61.87826920 109.79764557 39.48804474
v -61.87826920 109.58192444 39.76382828
v -61.87826920 109.29655457 39.96670151
v -61.87826920 108.96520996 40.07983017
v -61.87826920 108.61535645 40.09384155
v -62.16753006 109.65866852 39.09958267
v -62.16753006 109.55941772 39.35186768
v -62.16753006 109.39238739 39.56540680
v -62.16753006 109.17142487 39.72248840
v -62.16753006 108.91486359 39.81008530
v -62.16753006 108.64397430 39.82093430
v -62.37427902 109.32675171 39.02175903
v -62.37427902 109.26344299 39.18268204
v -62.37427902 109.15690613 39.31888962
v -62.37427902 109.01596069 39.41908646
v -62.37427902 108.85231018 39.47496033
v -62.37427902 108.67951965 39.48188019
v -60.72014236 110.05415344 25.55914688
v -61.11714172 109.96681213 25.54281616
v -60.94417953 109.78179932 25.86885452
v -61.23487091 109.67302704 25.83713913
v -60.94417953 109.45867157 26.11523628
v -61.31620407 109.30042267 26.04047203
v -60.94417953 109.08019257 26.26319885
v -61.35425568 108.88053894 26.13559723
v -60.94417953 108.67559814 26.30129433
v -61.34580231 108.44893646 26.11446190
v -60.94417953 108.27615356 26.22657776
v -61.29155731 108.04216766 25.97885132
v -60.94417953 107.91268158 26.04482079
v -61.19611740 107.69466400 25.74025345
v -60.94417953 107.61326599 25.77005768
v -61.06756210 107.43585968 25.41886902
v -60.94417953 107.40102386 25.42350769
v -60.91678238 107.28765869 25.04191017
v -60.50536346 107.36990356 25.43703842
v -60.51105499 107.25832367 25.03642464
v -60.11341095 107.34278870 25.05221748
v -60.07558441 107.45692444 25.39920425
v -59.75621796 107.53419495 25.08800316
v -59.69185257 107.65459442 25.31326294
v -59.46854019 107.81695557 25.14086914
v -59.38719559 108.07190704 25.39236641
v -59.27380371 108.16805267 25.20651245
v -59.18784714 108.55892181 25.27959061
v -59.21767426 108.95774078 25.35415649
v -59.38719559 108.70263672 25.70777130
v -59.38719559 108.46546936 25.66341019
v -59.38719559 108.24967194 25.55549812
v -59.69185257 108.36425781 25.96449471
v -59.69185257 108.06951141 25.81710243
v -60.07558441 108.29557037 26.16880226
v -60.07558441 107.94725800 25.99461937
v -60.50536346 108.26533508 26.25874519
v -60.50536346 107.89343262 26.07276917
v -59.36085129 109.33204651 25.42413712
v -59.38719559 109.16756439 25.59730530
v -59.38719559 108.94284821 25.68515396
v -59.69185257 109.01627350 25.99419212
v -59.69185257 108.68817902 26.02508354
v -60.07558441 109.06610107 26.20389748
v -60.07558441 108.67837524 26.24040413
v -60.50536346 109.08803558 26.29621506
v -60.50536346 108.67405701 26.33519363
v -59.38719559 109.35931396 25.45111656
v -59.60573196 109.65138245 25.48384285
v -59.69185257 109.58513641 25.67450142
v -59.93237686 109.88974762 25.52840805
v -60.07558441 109.73839569 25.82606316
v -60.31420898 110.02774811 25.55421066
v -60.50536346 109.80588531 25.89275932
v -59.69185257 107.82670593 25.59428978
v -60.07558441 107.66032410 25.73130989
v -60.50536346 107.58707428 25.79162979
v -60.50536346 109.47530365 26.14481926
v -60.07558441 109.42881012 26.06210136
v -59.69185257 109.32319641 25.87420273
v -61.30137253 107.31832123 25.04764366
v -61.66191483 107.45343018 25.07290459
v -61.96966553 107.68222046 25.11567879
v -62.20008850 107.98644257 25.17255783
v -62.33481216 108.34185791 25.23900795
v -62.36310196 108.72011566 25.30972862
v -62.28269577 109.09107208 25.37908554
v -62.10000992 109.42514801 25.44154549
v -61.82960510 109.69571686 25.49213028
v -61.49303818 109.88119507 25.52680969
v -61.36163712 107.48398590 25.41684914
v -61.77437973 107.63195801 25.33073997
v -62.11837387 107.87844849 25.18729973
v -62.11837387 108.05546570 25.41068077
v -62.11837387 108.28834534 25.57500076
v -62.11837387 108.55814362 25.66689491
v -61.77437973 108.15884399 25.82908630
v -61.77437973 108.50563812 25.94720459
v -61.36163712 108.08110046 25.98161697
v -61.36163712 108.47411346 26.11548042
v -61.36163712 107.74185944 25.74225044
v -61.77437973 107.85949707 25.61787033
v -61.36163712 108.88893127 26.13294792
v -61.36163712 109.29181671 26.03259850
v -61.36163712 109.64997864 25.82259750
v -61.77437973 109.54320526 25.68876839
v -62.11837387 109.36534882 25.46583748
v -61.77437973 109.22716522 25.87407112
v -62.11837387 109.11947632 25.60999870
v -61.77437973 108.87167358 25.96261787
v -62.11837387 108.84291077 25.67888641
v -47.60963058 110.19261932 38.80447769
v -48.03998184 110.21704865 38.79991150
v -47.82720947 110.22911072 39.21932983
v -48.18896866 110.21012115 39.17238235
v -47.82720947 110.12094879 39.62521362
v -48.25556946 110.08600616 39.61039352
v -47.82720947 109.90432739 39.98509216
v -48.25556946 109.87487793 39.96115494
v -47.82720947 109.59629822 40.27066803
v -48.25556946 109.57464600 40.23949051
v -47.82720947 109.22107697 40.45947647
v -48.25556946 109.20893860 40.42351151
v -47.82720947 108.80818176 40.53665924
v -48.25556946 108.80651093 40.49874115
v -48.25556946 108.40007019 40.45951843
v -48.64479446 108.43580627 40.31194687
v -48.59465027 108.05798340 40.18658447
v -48.33183289 110.09606934 39.52954483
v -48.45814896 109.88321686 39.84532928
v -48.55869675 109.58709717 40.09669876
v -48.62613678 109.22931671 40.26530457
v -48.65555191 108.83598328 40.33884048
v -48.50877762 107.73007965 39.97190094
v -48.25556946 107.69493103 40.05737305
v -48.25556946 108.01850891 40.30817795
v -47.82720947 108.39099121 40.49636841
v -47.40568924 108.80442810 40.45159912
v -47.40568924 109.19384766 40.37880325
v -47.40568924 109.54773712 40.20072937
v -47.40568924 109.83825684 39.93138885
v -47.40568924 110.04256439 39.59196854
v -47.40568924 110.14457703 39.20915985
v -47.20413208 110.04885864 38.83135605
v -47.02564621 109.94477081 39.18511963
v -46.85699081 109.79766083 38.87831879
v -46.71831894 109.64612579 39.14918900
v -46.59688568 109.45976257 38.94149399
v -46.50896835 109.27317810 39.10431671
v -46.44531631 109.06309509 39.01565552
v -46.50896835 109.23455048 39.24926758
v -46.50896835 109.15718842 39.37779236
v -46.71831894 109.58036804 39.39593887
v -46.71831894 109.44867706 39.61472702
v -47.02564621 109.85729218 39.51338959
v -47.02564621 109.68209839 39.80445480
v -48.25556946 107.45374298 39.72662735
v -48.39344025 107.47603607 39.68355942
v -48.25705719 107.31438446 39.34260559
v -47.82770157 107.27668762 39.34965134
v -47.82720947 107.42032623 39.74462128
v -47.82720947 107.66770172 40.08381653
v -47.82720947 107.99969482 40.34114075
v -47.40568924 108.41078186 40.41355896
v -47.02564621 108.79555511 40.25055313
v -47.02564621 109.12949371 40.18812943
v -47.02564621 109.43296814 40.03542328
v -47.40517426 107.36061096 39.33396149
v -47.40568924 107.49554443 39.70472717
v -47.40568924 107.72878265 40.02449799
v -47.40568924 108.04190826 40.26719666
v -47.02564621 108.45783997 40.21789551
v -46.71831894 108.78228760 39.95004654
v -46.71831894 109.03330231 39.90312195
v -46.71831894 109.26141357 39.78833771
v -47.02439117 107.55921936 39.29682922
v -47.02564621 107.67321014 39.61020660
v -47.02564621 107.87315369 39.88430023
v -47.02564621 108.14166260 40.09242249
v -46.71831894 108.52832794 39.92546844
v -46.50896835 108.76572418 39.57477188
v -46.50896835 108.91317749 39.54720688
v -46.50896835 109.04718018 39.47977829
v -46.71681976 107.85609436 39.24132538
v -46.71831894 107.93869781 39.46880341
v -46.71831894 108.08894348 39.67474365
v -46.71831894 108.29077911 39.83118057
v -46.50896835 108.61647034 39.56032181
v -46.41480255 108.64043427 39.09468079
v -46.50786591 108.22670746 39.17203140
v -46.50896835 108.27019501 39.29212570
v -46.50896835 108.35842896 39.41304779
v -46.50896835 108.47698975 39.50494766
v -48.66810226 107.35930634 39.33420563
v -49.05069733 107.51370239 39.30533981
v -49.37529373 107.76562500 39.25823975
v -49.61682129 108.09563446 39.19653702
v -49.75662613 108.47824097 39.12500381
v -49.78391266 108.88388824 39.04916382
v -49.69657135 109.28125763 38.97486877
v -49.50135040 109.63964844 38.90786362
v -49.21332550 109.93138885 38.85331726
v -48.85474014 110.13395691 38.81544495
v -48.45329285 110.23168945 38.79717255
v -48.82693863 107.58261871 39.67685699
v -49.17826843 107.73826599 39.57051849
v -49.46752930 107.96483612 39.41572571
v -49.67427826 108.24633026 39.22341537
v -49.67427826 108.36342621 39.35066605
v -49.67427826 108.51192474 39.43927002
v -49.46752930 108.14841461 39.61522675
v -49.46752930 108.38122559 39.75413513
v -49.17826843 107.97534943 39.82817078
v -49.17826843 108.27602386 40.00757217
v -48.82693863 107.85645294 39.97445679
v -48.82693863 108.20375061 40.18167114
v -48.43835831 107.50888824 39.72722626
v -48.82693863 108.59570312 40.28131866
v -48.82693863 108.99979401 40.26513672
v -48.82693863 109.38252258 40.13446426
v -48.82693863 109.71213531 39.90013885
v -48.82693863 109.96129608 39.58159637
v -48.43835831 110.03881836 39.62590790
v -48.82693863 110.10935211 39.20525360
v -48.43835831 110.19628143 39.22563553
v -49.17826843 109.92581940 39.16222000
v -49.17826843 109.79764557 39.48804474
v -49.17826843 109.58192444 39.76382828
v -49.17826843 109.29655457 39.96670151
v -49.17826843 108.96520996 40.07983017
v -49.17826843 108.61535645 40.09384155
v -49.46752930 109.65866852 39.09958267
v -49.46752930 109.55941772 39.35186768
v -49.46752930 109.39238739 39.56540680
v -49.46752930 109.17142487 39.72248840
v -49.46752930 108.91486359 39.81008530
v -49.46752930 108.64397430 39.82093430
v -49.67427826 109.32675171 39.02175903
v -49.67427826 109.26344299 39.18268204
v -49.67427826 109.15690613 39.31888962
v -49.67427826 109.01596069 39.41908646
v -49.67427826 108.85231018 39.47496033
v -49.67427826 108.67951965 39.48188019
v -48.02014160 110.05415344 25.55914688
v -48.41714478 109.96681213 25.54281616
v -48.24417877 109.78179932 25.86885452
v -48.53487396 109.67302704 25.83713913
v -48.24417877 109.45867157 26.11523628
v -48.61620331 109.30042267 26.04047203
v -48.24417877 109.08019257 26.26319885
v -48.65425491 108.88053894 26.13559723
v -48.24417877 108.67559814 26.30129433
v -48.64580154 108.44893646 26.11446190
v -48.24417877 108.27615356 26.22657776
v -48.59155655 108.04216766 25.97885132
v -48.24417877 107.91268158 26.04482079
v -48.49611664 107.69466400 25.74025345
v -48.24417877 107.61326599 25.77005768
v -48.36756516 107.43585968 25.41886902
v -48.24417877 107.40102386 25.42350769
v -48.21678162 107.28765869 25.04191017
v -47.80536270 107.36990356 25.43703842
v -47.81105423 107.25832367 25.03642464
v -47.41341019 107.34278870 25.05221748
v -47.37558746 107.45692444 25.39920425
v -47.05621719 107.53419495 25.08800316
v -46.99185181 107.65459442 25.31326294
v -46.76854324 107.81695557 25.14086914
v -46.68719482 108.07190704 25.39236641
v -46.57380295 108.16805267 25.20651245
v -46.48784637 108.55892181 25.27959061
v -46.51767349 108.95774078 25.35415649
v -46.68719482 108.70263672 25.70777130
v -46.68719482 108.46546936 25.66341019
v -46.68719482 108.24967194 25.55549812
v -46.99185181 108.36425781 25.96449471
v -46.99185181 108.06951141 25.81710243
v -47.37558746 108.29557037 26.16880226
v -47.37558746 107.94725800 25.99461937
v -47.80536270 108.26533508 26.25874519
v -47.80536270 107.89343262 26.07276917
v -46.66085052 109.33204651 25.42413712
v -46.68719482 109.16756439 25.59730530
v -46.68719482 108.94284821 25.68515396
v -46.99185181 109.01627350 25.99419212
v -46.99185181 108.68817902 26.02508354
v -47.37558746 109.06610107 26.20389748
v -47.37558746 108.67837524 26.24040413
v -47.80536270 109.08803558 26.29621506
v -47.80536270 108.67405701 26.33519363
v -46.68719482 109.35931396 25.45111656
v -46.90573120 109.65138245 25.48384285
v -46.99185181 109.58513641 25.67450142
v -47.23237991 109.88974762 25.52840805
v -47.37558746 109.73839569 25.82606316
v -47.61420822 110.02774811 25.55421066
v -47.80536270 109.80588531 25.89275932
v -46.99185181 107.82670593 25.59428978
v -47.37558746 107.66032410 25.73130989
v -47.80536270 107.58707428 25.79162979
v -47.80536270 109.47530365 26.14481926
v -47.37558746 109.42881012 26.06210136
v -46.99185181 109.32319641 25.87420273
v -48.60137177 107.31832123 25.04764366
v -48.96191406 107.45343018 25.07290459
v -49.26966476 107.68222046 25.11567879
v -49.50008774 107.98644257 25.17255783
v -49.63481140 108.34185791 25.23900795
v -49.66310120 108.72011566 25.30972862
v -49.58269882 109.09107208 25.37908554
v -49.40000916 109.42514801 25.44154549
v -49.12960434 109.69571686 25.49213028
v -48.79303741 109.88119507 25.52680969
v -48.66164017 107.48398590 25.41684914
v -49.07437897 107.63195801 25.33073997
v -49.41837692 107.87844849 25.18729973
v -49.41837692 108.05546570 25.41068077
v -49.41837692 108.28834534 25.57500076
v -49.41837692 108.55814362 25.66689491
v -49.07437897 108.15884399 25.82908630
v -49.07437897 108.50563812 25.94720459
v -48.66164017 108.08110046 25.98161697
v -48.66164017 108.47411346 26.11548042
v -48.66164017 107.74185944 25.74225044
v -49.07437897 107.85949707 25.61787033
v -48.66164017 108.88893127 26.13294792
v -48.66164017 109.29181671 26.03259850
v -48.66164017 109.64997864 25.82259750
v -49.07437897 109.54320526 25.68876839
v -49.41837692 109.36534882 25.46583748
v -49.07437897 109.22716522 25.87407112
v -49.41837692 109.11947632 25.60999870
v -49.07437897 108.87167358 25.96261787
v -49.41837692 108.84291077 25.67888641
v -34.90962982 110.19261932 38.80447769
v -35.33998108 110.21704865 38.79991150
v -35.12720871 110.22911072 39.21932983
v -35.48896790 110.21012115 39.17238235
v -35.12720871 110.12094879 39.62521362
v -35.55556870 110.08600616 39.61039352
v -35.12720871 109.90432739 39.98509216
v -35.55556870 109.87487793 39.96115494
v -35.12720871 109.59629822 40.27066803
v -35.55556870 109.57464600 40.23949051
v -35.12720871 109.22107697 40.45947647
v -35.55556870 109.20893860 40.42351151
v -35.12720871 108.80818176 40.53665924
v -35.55556870 108.80651093 40.49874115
v -35.55556870 108.40007019 40.45951843
v -35.94479752 108.43580627 40.31194687
v -35.89464951 108.05798340 40.18658447
v -35.63183594 110.09606934 39.52954483
v -35.75814819 109.88321686 39.84532928
v -35.85869598 109.58709717 40.09669876
v -35.92613602 109.22931671 40.26530457
v -35.95555496 108.83598328 40.33884048
v -35.80877686 107.73007965 39.97190094
v -35.55556870 107.69493103 40.05737305
v -35.55556870 108.01850891 40.30817795
v -35.12720871 108.39099121 40.49636841
v -34.70568848 108.80442810 40.45159912
v -34.70568848 109.19384766 40.37880325
v -34.70568848 109.54773712 40.20072937
v -34.70568848 109.83825684 39.93138885
v -34.70568848 110.04256439 39.59196854
v -34.70568848 110.14457703 39.20915985
v -34.50413132 110.04885864 38.83135605
v -34.32564545 109.94477081 39.18511963
v -34.15699005 109.79766083 38.87831879
v -34.01831818 109.64612579 39.14918900
v -33.89688492 109.45976257 38.94149399
v -33.80896759 109.27317810 39.10431671
v -33.74531555 109.06309509 39.01565552
v -33.80896759 109.23455048 39.24926758
v -33.80896759 109.15718842 39.37779236
v -34.01831818 109.58036804 39.39593887
v -34.01831818 109.44867706 39.61472702
v -34.32564545 109.85729218 39.51338959
v -34.32564545 109.68209839 39.80445480
v -35.55556870 107.45374298 39.72662735
v -35.69343948 107.47603607 39.68355942
v -35.55705643 107.31438446 39.34260559
v -35.12770081 107.27668762 39.34965134
v -35.12720871 107.42032623 39.74462128
v -35.12720871 107.66770172 40.08381653
v -35.12720871 107.99969482 40.34114075
v -34.70568848 108.41078186 40.41355896
v -34.32564545 108.79555511 40.25055313
v -34.32564545 109.12949371 40.18812943
v -34.32564545 109.43296814 40.03542328
v -34.70517349 107.36061096 39.33396149
v -34.70568848 107.49554443 39.70472717
v -34.70568848 107.72878265 40.02449799
v -34.70568848 108.04190826 40.26719666
v -34.32564545 108.45783997 40.21789551
v -34.01831818 108.78228760 39.95004654
v -34.01831818 109.03330231 39.90312195
v -34.01831818 109.26141357 39.78833771
v -34.32439423 107.55921936 39.29682922
v -34.32564545 107.67321014 39.61020660
v -34.32564545 107.87315369 39.88430023
v -34.32564545 108.14166260 40.09242249
v -34.01831818 108.52832794 39.92546844
v -33.80896759 108.76572418 39.57477188
v -33.80896759 108.91317749 39.54720688
v -33.80896759 109.04718018 39.47977829
v -34.01681900 107.85609436 39.24132538
v -34.01831818 107.93869781 39.46880341
v -34.01831818 108.08894348 39.67474365
v -34.01831818 108.29077911 39.83118057
v -33.80896759 108.61647034 39.56032181
v -33.71480179 108.64043427 39.09468079
v -33.80786514 108.22670746 39.17203140
v -33.80896759 108.27019501 39.29212570
v -33.80896759 108.35842896 39.41304779
v -33.80896759 108.47698975 39.50494766
v -35.96810532 107.35930634 39.33420563
v -36.35070038 107.51370239 39.30533981
v -36.67529297 107.76562500 39.25823975
v -36.91682053 108.09563446 39.19653702
v -37.05662537 108.47824097 39.12500381
v -37.08391190 108.88388824 39.04916382
v -36.99657059 109.28125763 38.97486877
v -36.80134964 109.63964844 38.90786362
v -36.51332474 109.93138885 38.85331726
v -36.15473938 110.13395691 38.81544495
v -35.75329208 110.23168945 38.79717255
v -36.12693787 107.58261871 39.67685699
v -36.47827148 107.73826599 39.57051849
v -36.76752853 107.96483612 39.41572571
v -36.97427750 108.24633026 39.22341537
v -36.97427750 108.36342621 39.35066605
v -36.97427750 108.51192474 39.43927002
v -36.76752853 108.14841461 39.61522675
v -36.76752853 108.38122559 39.75413513
v -36.47827148 107.97534943 39.82817078
v -36.47827148 108.27602386 40.00757217
v -36.12693787 107.85645294 39.97445679
v -36.12693787 108.20375061 40.18167114
v -35.73835754 107.50888824 39.72722626
v -36.12693787 108.59570312 40.28131866
v -36.12693787 108.99979401 40.26513672
v -36.12693787 109.38252258 40.13446426
v -36.12693787 109.71213531 39.90013885
v -36.12693787 109.96129608 39.58159637
v -35.73835754 110.03881836 39.62590790
v -36.12693787 110.10935211 39.20525360
v -35.73835754 110.19628143 39.22563553
v -36.47827148 109.92581940 39.16222000
v -36.47827148 109.79764557 39.48804474
v -36.47827148 109.58192444 39.76382828
v -36.47827148 109.29655457 39.96670151
v -36.47827148 108.96520996 40.07983017
v -36.47827148 108.61535645 40.09384155
v -36.76752853 109.65866852 39.09958267
v -36.76752853 109.55941772 39.35186768
v -36.76752853 109.39238739 39.56540680
v -36.76752853 109.17142487 39.72248840
v -36.76752853 108.91486359 39.81008530
v -36.76752853 108.64397430 39.82093430
v -36.97427750 109.32675171 39.02175903
v -36.97427750 109.26344299 39.18268204
v -36.97427750 109.15690613 39.31888962
v -36.97427750 109.01596069 39.41908646
v -36.97427750 108.85231018 39.47496033
v -36.97427750 108.67951965 39.48188019
v -35.32014465 110.05415344 25.55914688
v -35.71714401 109.96681213 25.54281616
v -35.54417801 109.78179932 25.86885452
v -35.83487320 109.67302704 25.83713913
v -35.54417801 109.45867157 26.11523628
v -35.91620636 109.30042267 26.04047203
v -35.54417801 109.08019257 26.26319885
v -35.95425415 108.88053894 26.13559723
v -35.54417801 108.67559814 26.30129433
v -35.94580078 108.44893646 26.11446190
v -35.54417801 108.27615356 26.22657776
v -35.89155579 108.04216766 25.97885132
v -35.54417801 107.91268158 26.04482079
v -35.79611588 107.69466400 25.74025345
v -35.54417801 107.61326599 25.77005768
v -35.66756439 107.43585968 25.41886902
v -35.54417801 107.40102386 25.42350769
v -35.51678085 107.28765869 25.04191017
v -35.10536194 107.36990356 25.43703842
v -35.11105347 107.25832367 25.03642464
v -34.71341324 107.34278870 25.05221748
v -34.67558670 107.45692444 25.39920425
v -34.35621643 107.53419495 25.08800316
v -34.29185104 107.65459442 25.31326294
v -34.06854248 107.81695557 25.14086914
v -33.98719406 108.07190704 25.39236641
v -33.87380219 108.16805267 25.20651245
v -33.78784561 108.55892181 25.27959061
v -33.81767273 108.95774078 25.35415649
v -33.98719406 108.70263672 25.70777130
v -33.98719406 108.46546936 25.66341019
v -33.98719406 108.24967194 25.55549812
v -34.29185104 108.36425781 25.96449471
v -34.29185104 108.06951141 25.81710243
v -34.67558670 108.29557037 26.16880226
v -34.67558670 107.94725800 25.99461937
v -35.10536194 108.26533508 26.25874519
v -35.10536194 107.89343262 26.07276917
v -33.96085358 109.33204651 25.42413712
v -33.98719406 109.16756439 25.59730530
v -33.98719406 108.94284821 25.68515396
v -34.29185104 109.01627350 25.99419212
v -34.29185104 108.68817902 26.02508354
v -34.67558670 109.06610107 26.20389748
v -34.67558670 108.67837524 26.24040413
v -35.10536194 109.08803558 26.29621506
v -35.10536194 108.67405701 26.33519363
v -33.98719406 109.35931396 25.45111656
v -34.20573044 109.65138245 25.48384285
v -34.29185104 109.58513641 25.67450142
v -34.53237915 109.88974762 25.52840805
v -34.67558670 109.73839569 25.82606316
v -34.91420746 110.02774811 25.55421066
v -35.10536194 109.80588531 25.89275932
v -34.29185104 107.82670593 25.59428978
v -34.67558670 107.66032410 25.73130989
v -35.10536194 107.58707428 25.79162979
v -35.10536194 109.47530365 26.14481926
v -34.67558670 109.42881012 26.06210136
v -34.29185104 109.32319641 25.87420273
v -35.90137100 107.31832123 25.04764366
v -36.26191330 107.45343018 25.07290459
v -36.56966400 107.68222046 25.11567879
v -36.80008698 107.98644257 25.17255783
v -36.93481445 108.34185791 25.23900795
v -36.96310043 108.72011566 25.30972862
v -36.88269806 109.09107208 25.37908554
v -36.70001221 109.42514801 25.44154549
v -36.42960358 109.69571686 25.49213028
v -36.09304047 109.88119507 25.52680969
v -35.96163940 107.48398590 25.41684914
v -36.37437820 107.63195801 25.33073997
v -36.71837616 107.87844849 25.18729973
v -36.71837616 108.05546570 25.41068077
v -36.71837616 108.28834534 25.57500076
v -36.71837616 108.55814362 25.66689491
v -36.37437820 108.15884399 25.82908630
v -36.37437820 108.50563812 25.94720459
v -35.96163940 108.08110046 25.98161697
v -35.96163940 108.47411346 26.11548042
v -35.96163940 107.74185944 25.74225044
v -36.37437820 107.85949707 25.61787033
v -35.96163940 108.88893127 26.13294792
v -35.96163940 109.29181671 26.03259850
v -35.96163940 109.64997864 25.82259750
v -36.37437820 109.54320526 25.68876839
v -36.71837616 109.36534882 25.46583748
v -36.37437820 109.22716522 25.87407112
v -36.71837616 109.11947632 25.60999870
v -36.37437820 108.87167358 25.96261787
v -36.71837616 108.84291077 25.67888641
v -22.20963097 110.19261932 38.80447769
v -22.63998032 110.21704865 38.79991150
v -22.42720985 110.22911072 39.21932983
v -22.78896904 110.21012115 39.17238235
v -22.42720985 110.12094879 39.62521362
v -22.85556793 110.08600616 39.61039352
v -22.42720985 109.90432739 39.98509216
v -22.85556793 109.87487793 39.96115494
v -22.42720985 109.59629822 40.27066803
v -22.85556793 109.57464600 40.23949051
v -22.42720985 109.22107697 40.45947647
v -22.85556793 109.20893860 40.42351151
v -22.42720985 108.80818176 40.53665924
v -22.85556793 108.80651093 40.49874115
v -22.85556793 108.40007019 40.45951843
v -23.24479485 108.43580627 40.31194687
v -23.19465065 108.05798340 40.18658447
v -22.93183327 110.09606934 39.52954483
v -23.05814934 109.88321686 39.84532928
v -23.15869522 109.58709717 40.09669876
v -23.22613716 109.22931671 40.26530457
v -23.25555229 108.83598328 40.33884048
v -23.10877609 107.73007965 39.97190094
v -22.85556793 107.69493103 40.05737305
v -22.85556793 108.01850891 40.30817795
v -22.42720985 108.39099121 40.49636841
v -22.00568771 108.80442810 40.45159912
v -22.00568771 109.19384766 40.37880325
v -22.00568771 109.54773712 40.20072937
v -22.00568771 109.83825684 39.93138885
v -22.00568771 110.04256439 39.59196854
v -22.00568771 110.14457703 39.20915985
v -21.80413246 110.04885864 38.83135605
v -21.62564468 109.94477081 39.18511963
v -21.45698929 109.79766083 38.87831879
v -21.31831932 109.64612579 39.14918900
v -21.19688606 109.45976257 38.94149399
v -21.10896873 109.27317810 39.10431671
v -21.04531670 109.06309509 39.01565552
v -21.10896873 109.23455048 39.24926758
v -21.10896873 109.15718842 39.37779236
v -21.31831932 109.58036804 39.39593887
v -21.31831932 109.44867706 39.61472702
v -21.62564468 109.85729218 39.51338959
v -21.62564468 109.68209839 39.80445480
v -22.85556793 107.45374298 39.72662735
v -22.99344063 107.47603607 39.68355942
v -22.85705757 107.31438446 39.34260559
v -22.42770195 107.27668762 39.34965134
v -22.42720985 107.42032623 39.74462128
v -22.42720985 107.66770172 40.08381653
v -22.42720985 107.99969482 40.34114075
v -22.00568771 108.41078186 40.41355896
v -21.62564468 108.79555511 40.25055313
v -21.62564468 109.12949371 40.18812943
v -21.62564468 109.43296814 40.03542328
v -22.00517464 107.36061096 39.33396149
v -22.00568771 107.49554443 39.70472717
v -22.00568771 107.72878265 40.02449799
v -22.00568771 108.04190826 40.26719666
v -21.62564468 108.45783997 40.21789551
v -21.31831932 108.78228760 39.95004654
v -21.31831932 109.03330231 39.90312195
v -21.31831932 109.26141357 39.78833771
v -21.62439346 107.55921936 39.29682922
v -21.62564468 107.67321014 39.61020660
v -21.62564468 107.87315369 39.88430023
v -21.62564468 108.14166260 40.09242249
v -21.31831932 108.52832794 39.92546844
v -21.10896873 108.76572418 39.57477188
v -21.10896873 108.91317749 39.54720688
v -21.10896873 109.04718018 39.47977829
v -21.31681824 107.85609436 39.24132538
v -21.31831932 107.93869781 39.46880341
v -21.31831932 108.08894348 39.67474365
v -21.31831932 108.29077911 39.83118057
v -21.10896873 108.61647034 39.56032181
v -21.01480293 108.64043427 39.09468079
v -21.10786629 108.22670746 39.17203140
v -21.10896873 108.27019501 39.29212570
v -21.10896873 108.35842896 39.41304779
v -21.10896873 108.47698975 39.50494766
v -23.26810455 107.35930634 39.33420563
v -23.65069962 107.51370239 39.30533981
v -23.97529411 107.76562500 39.25823975
v -24.21681976 108.09563446 39.19653702
v -24.35662651 108.47824097 39.12500381
v -24.38391113 108.88388824 39.04916382
v -24.29657173 109.28125763 38.97486877
v -24.10135078 109.63964844 38.90786362
v -23.81332588 109.93138885 38.85331726
v -23.45474052 110.13395691 38.81544495
v -23.05329132 110.23168945 38.79717255
v -23.42693901 107.58261871 39.67685699
v -23.77826881 107.73826599 39.57051849
v -24.06752777 107.96483612 39.41572571
v -24.27427864 108.24633026 39.22341537
v -24.27427864 108.36342621 39.35066605
v -24.27427864 108.51192474 39.43927002
v -24.06752777 108.14841461 39.61522675
v -24.06752777 108.38122559 39.75413513
v -23.77826881 107.97534943 39.82817078
v -23.77826881 108.27602386 40.00757217
v -23.42693901 107.85645294 39.97445679
v -23.42693901 108.20375061 40.18167114
v -23.03835678 107.50888824 39.72722626
v -23.42693901 108.59570312 40.28131866
v -23.42693901 108.99979401 40.26513672
v -23.42693901 109.38252258 40.13446426
v -23.42693901 109.71213531 39.90013885
v -23.42693901 109.96129608 39.58159637
v -23.03835678 110.03881836 39.62590790
v -23.42693901 110.10935211 39.20525360
v -23.03835678 110.19628143 39.22563553
v -23.77826881 109.92581940 39.16222000
v -23.77826881 109.79764557 39.48804474
v -23.77826881 109.58192444 39.76382828
v -23.77826881 109.29655457 39.96670151
v -23.77826881 108.96520996 40.07983017
v -23.77826881 108.61535645 40.09384155
v -24.06752777 109.65866852 39.09958267
v -24.06752777 109.55941772 39.35186768
v -24.06752777 109.39238739 39.56540680
v -24.06752777 109.17142487 39.72248840
v -24.06752777 108.91486359 39.81008530
v -24.06752777 108.64397430 39.82093430
v -24.27427864 109.32675171 39.02175903
v -24.27427864 109.26344299 39.18268204
v -24.27427864 109.15690613 39.31888962
v -24.27427864 109.01596069 39.41908646
v -24.27427864 108.85231018 39.47496033
v -24.27427864 108.67951965 39.48188019
v -22.62014389 110.05415344 25.55914688
v -23.01714325 109.96681213 25.54281616
v -22.84417725 109.78179932 25.86885452
v -23.13487244 109.67302704 25.83713913
v -22.84417725 109.45867157 26.11523628
v -23.21620560 109.30042267 26.04047203
v -22.84417725 109.08019257 26.26319885
v -23.25425529 108.88053894 26.13559723
v -22.84417725 108.67559814 26.30129433
v -23.24580002 108.44893646 26.11446190
v -22.84417725 108.27615356 26.22657776
v -23.19155693 108.04216766 25.97885132
v -22.84417725 107.91268158 26.04482079
v -23.09611702 107.69466400 25.74025345
v -22.84417725 107.61326599 25.77005768
v -22.96756363 107.43585968 25.41886902
v -22.84417725 107.40102386 25.42350769
v -22.81678009 107.28765869 25.04191017
v -22.40536118 107.36990356 25.43703842
v -22.41105461 107.25832367 25.03642464
v -22.01341057 107.34278870 25.05221748
v -21.97558594 107.45692444 25.39920425
v -21.65621567 107.53419495 25.08800316
v -21.59185028 107.65459442 25.31326294
v -21.36854172 107.81695557 25.14086914
v -21.28719521 108.07190704 25.39236641
v -21.17380142 108.16805267 25.20651245
v -21.08784676 108.55892181 25.27959061
v -21.11767197 108.95774078 25.35415649
v -21.28719521 108.70263672 25.70777130
v -21.28719521 108.46546936 25.66341019
v -21.28719521 108.24967194 25.55549812
v -21.59185028 108.36425781 25.96449471
v -21.59185028 108.06951141 25.81710243
v -21.97558594 108.29557037 26.16880226
v -21.97558594 107.94725800 25.99461937
v -22.40536118 108.26533508 26.25874519
v -22.40536118 107.89343262 26.07276917
v -21.26085091 109.33204651 25.42413712
v -21.28719521 109.16756439 25.59730530
v -21.28719521 108.94284821 25.68515396
v -21.59185028 109.01627350 25.99419212
v -21.59185028 108.68817902 26.02508354
v -21.97558594 109.06610107 26.20389748
v -21.97558594 108.67837524 26.24040413
v -22.40536118 109.08803558 26.29621506
v -22.40536118 108.67405701 26.33519363
v -21.28719521 109.35931396 25.45111656
v -21.50572968 109.65138245 25.48384285
v -21.59185028 109.58513641 25.67450142
v -21.83237839 109.88974762 25.52840805
v -21.97558594 109.73839569 25.82606316
v -22.21420860 110.02774811 25.55421066
v -22.40536118 109.80588531 25.89275932
v -21.59185028 107.82670593 25.59428978
v -21.97558594 107.66032410 25.73130989
v -22.40536118 107.58707428 25.79162979
v -22.40536118 109.47530365 26.14481926
v -21.97558594 109.42881012 26.06210136
v -21.59185028 109.32319641 25.87420273
v -23.20137215 107.31832123 25.04764366
v -23.56191444 107.45343018 25.07290459
v -23.86966324 107.68222046 25.11567879
v -24.10008621 107.98644257 25.17255783
v -24.23481369 108.34185791 25.23900795
v -24.26310158 108.72011566 25.30972862
v -24.18269730 109.09107208 25.37908554
v -24.00001144 109.42514801 25.44154549
v -23.72960472 109.69571686 25.49213028
v -23.39303780 109.88119507 25.52680969
v -23.26163864 107.48398590 25.41684914
v -23.67437935 107.63195801 25.33073997
v -24.01837540 107.87844849 25.18729973
v -24.01837540 108.05546570 25.41068077
v -24.01837540 108.28834534 25.57500076
v -24.01837540 108.55814362 25.66689491
v -23.67437935 108.15884399 25.82908630
v -23.67437935 108.50563812 25.94720459
v -23.26163864 108.08110046 25.98161697
v -23.26163864 108.47411346 26.11548042
v -23.26163864 107.74185944 25.74225044
v -23.67437935 107.85949707 25.61787033
v -23.26163864 108.88893127 26.13294792
v -23.26163864 109.29181671 26.03259850
v -23.26163864 109.64997864 25.82259750
v -23.67437935 109.54320526 25.68876839
v -24.01837540 109.36534882 25.46583748
v -23.67437935 109.22716522 25.87407112
v -24.01837540 109.11947632 25.60999870
v -23.67437935 108.87167358 25.96261787
v -24.01837540 108.84291077 25.67888641
v -67.00962830 110.19261932 38.80447769
v -67.43997955 110.21704865 38.79991150
v -67.22721100 110.22911072 39.21932983
v -67.58896637 110.21012115 39.17238235
v -67.22721100 110.12094879 39.62521362
v -67.65557098 110.08600616 39.61039352
v -67.22721100 109.90432739 39.98509216
v -67.65557098 109.87487793 39.96115494
v -67.22721100 109.59629822 40.27066803
v -67.65557098 109.57464600 40.23949051
v -67.22721100 109.22107697 40.45947647
v -67.65557098 109.20893860 40.42351151
v -67.22721100 108.80818176 40.53665924
v -67.65557098 108.80651093 40.49874115
v -67.65557098 108.40007019 40.45951843
v -68.04479218 108.43580627 40.31194687
v -67.99465179 108.05798340 40.18658447
v -67.73183441 110.09606934 39.52954483
v -67.85814667 109.88321686 39.84532928
v -67.95869446 109.58709717 40.09669876
v -68.02613831 109.22931671 40.26530457
v -68.05554962 108.83598328 40.33884048
v -67.90877533 107.73007965 39.97190094
v -67.65557098 107.69493103 40.05737305
v -67.65557098 108.01850891 40.30817795
v -67.22721100 108.39099121 40.49636841
v -66.80568695 108.80442810 40.45159912
v -66.80568695 109.19384766 40.37880325
v -66.80568695 109.54773712 40.20072937
v -66.80568695 109.83825684 39.93138885
v -66.80568695 110.04256439 39.59196854
v -66.80568695 110.14457703 39.20915985
v -66.60413361 110.04885864 38.83135605
v -66.42564392 109.94477081 39.18511963
v -66.25698853 109.79766083 38.87831879
v -66.11831665 109.64612579 39.14918900
v -65.99688721 109.45976257 38.94149399
v -65.90896606 109.27317810 39.10431671
v -65.84531403 109.06309509 39.01565552
v -65.90896606 109.23455048 39.24926758
v -65.90896606 109.15718842 39.37779236
v -66.11831665 109.58036804 39.39593887
v -66.11831665 109.44867706 39.61472702
v -66.42564392 109.85729218 39.51338959
v -66.42564392 109.68209839 39.80445480
v -67.65557098 107.45374298 39.72662735
v -67.79344177 107.47603607 39.68355942
v -67.65705872 107.31438446 39.34260559
v -67.22769928 107.27668762 39.34965134
v -67.22721100 107.42032623 39.74462128
v -67.22721100 107.66770172 40.08381653
v -67.22721100 107.99969482 40.34114075
v -66.80568695 108.41078186 40.41355896
v -66.42564392 108.79555511 40.25055313
v -66.42564392 109.12949371 40.18812943
v -66.42564392 109.43296814 40.03542328
v -66.80517578 107.36061096 39.33396149
v -66.80568695 107.49554443 39.70472717
v -66.80568695 107.72878265 40.02449799
v -66.80568695 108.04190826 40.26719666
v -66.42564392 108.45783997 40.21789551
v -66.11831665 108.78228760 39.95004654
v -66.11831665 109.03330231 39.90312195
v -66.11831665 109.26141357 39.78833771
v -66.42439270 107.55921936 39.29682922
v -66.42564392 107.67321014 39.61020660
v -66.42564392 107.87315369 39.88430023
v -66.42564392 108.14166260 40.09242249
v -66.11831665 108.52832794 39.92546844
v -65.90896606 108.76572418 39.57477188
v -65.90896606 108.91317749 39.54720688
v -65.90896606 109.04718018 39.47977829
v -66.11682129 107.85609436 39.24132538
v -66.11831665 107.93869781 39.46880341
v -66.11831665 108.08894348 39.67474365
v -66.11831665 108.29077911 39.83118057
v -65.90896606 108.61647034 39.56032181
v -65.81480408 108.64043427 39.09468079
v -65.90786743 108.22670746 39.17203140
v -65.90896606 108.27019501 39.29212570
v -65.90896606 108.35842896 39.41304779
v -65.90896606 108.47698975 39.50494766
v -67.85329437 110.23168945 38.79717255
v -68.25473785 110.13395691 38.81544495
v -68.61332703 109.93138885 38.85331726
v -68.90135193 109.63964844 38.90786362
v -69.09657288 109.28125763 38.97486877
v -69.18391418 108.88388824 39.04916382
v -69.15662384 108.47824097 39.12500381
v -69.01682281 108.09563446 39.19653702
v -68.77529144 107.76562500 39.25823975
v -68.45069885 107.51370239 39.30533981
v -68.06810760 107.35930634 39.33420563
v -68.22693634 107.58261871 39.67685699
v -68.57826996 107.73826599 39.57051849
v -68.86753082 107.96483612 39.41572571
v -69.07427979 108.24633026 39.22341537
v -69.07427979 108.36342621 39.35066605
v -69.07427979 108.51192474 39.43927002
v -68.86753082 108.14841461 39.61522675
v -68.86753082 108.38122559 39.75413513
v -68.57826996 107.97534943 39.82817078
v -68.57826996 108.27602386 40.00757217
v -68.22693634 107.85645294 39.97445679
v -68.22693634 108.20375061 40.18167114
v -67.83835602 107.50888824 39.72722626
v -68.22693634 108.59570312 40.28131866
v -68.22693634 108.99979401 40.26513672
v -68.22693634 109.38252258 40.13446426
v -68.22693634 109.71213531 39.90013885
v -68.22693634 109.96129608 39.58159637
v -67.83835602 110.03881836 39.62590790
v -68.22693634 110.10935211 39.20525360
v -67.83835602 110.19628143 39.22563553
v -68.57826996 109.92581940 39.16222000
v -68.57826996 109.79764557 39.48804474
v -68.57826996 109.58192444 39.76382828
v -68.57826996 109.29655457 39.96670151
v -68.57826996 108.96520996 40.07983017
v -68.57826996 108.61535645 40.09384155
v -68.86753082 109.65866852 39.09958267
v -68.86753082 109.55941772 39.35186768
v -68.86753082 109.39238739 39.56540680
v -68.86753082 109.17142487 39.72248840
v -68.86753082 108.91486359 39.81008530
v -68.86753082 108.64397430 39.82093430
v -69.07427979 109.32675171 39.02175903
v -69.07427979 109.26344299 39.18268204
v -69.07427979 109.15690613 39.31888962
v -69.07427979 109.01596069 39.41908646
v -69.07427979 108.85231018 39.47496033
v -69.07427979 108.67951965 39.48188019
v -67.42014313 110.05415344 25.55914688
v -67.81714630 109.96681213 25.54281616
v -67.64418030 109.78179932 25.86885452
v -67.93487549 109.67302704 25.83713913
v -67.64418030 109.45867157 26.11523628
v -68.01620483 109.30042267 26.04047203
v -67.64418030 109.08019257 26.26319885
v -68.05425262 108.88053894 26.13559723
v -67.64418030 108.67559814 26.30129433
v -68.04579926 108.44893646 26.11446190
v -67.64418030 108.27615356 26.22657776
v -67.99155426 108.04216766 25.97885132
v -67.64418030 107.91268158 26.04482079
v -67.89611816 107.69466400 25.74025345
v -67.64418030 107.61326599 25.77005768
v -67.76756287 107.43585968 25.41886902
v -67.64418030 107.40102386 25.42350769
v -67.61678314 107.28765869 25.04191017
v -67.20536041 107.36990356 25.43703842
v -67.21105194 107.25832367 25.03642464
v -66.81340790 107.34278870 25.05221748
v -66.77558899 107.45692444 25.39920425
v -66.45621490 107.53419495 25.08800316
v -66.39185333 107.65459442 25.31326294
v -66.16854095 107.81695557 25.14086914
v -66.08719635 108.07190704 25.39236641
v -65.97380066 108.16805267 25.20651245
v -65.88784790 108.55892181 25.27959061
v -65.91767120 108.95774078 25.35415649
v -66.08719635 108.70263672 25.70777130
v -66.08719635 108.46546936 25.66341019
v -66.08719635 108.24967194 25.55549812
v -66.39185333 108.36425781 25.96449471
v -66.39185333 108.06951141 25.81710243
v -66.77558899 108.29557037 26.16880226
v -66.77558899 107.94725800 25.99461937
v -67.20536041 108.26533508 26.25874519
v -67.20536041 107.89343262 26.07276917
v -66.06085205 109.33204651 25.42413712
v -66.08719635 109.16756439 25.59730530
v -66.08719635 108.94284821 25.68515396
v -66.39185333 109.01627350 25.99419212
v -66.39185333 108.68817902 26.02508354
v -66.77558899 109.06610107 26.20389748
v -66.77558899 108.67837524 26.24040413
v -67.20536041 109.08803558 26.29621506
v -67.20536041 108.67405701 26.33519363
v -66.08719635 109.35931396 25.45111656
v -66.30573273 109.65138245 25.48384285
v -66.39185333 109.58513641 25.67450142
v -66.63237762 109.88974762 25.52840805
v -66.77558899 109.73839569 25.82606316
v -67.01420593 110.02774811 25.55421066
v -67.20536041 109.80588531 25.89275932
v -66.39185333 107.82670593 25.59428978
v -66.77558899 107.66032410 25.73130989
v -67.20536041 107.58707428 25.79162979
v -67.20536041 109.47530365 26.14481926
v -66.77558899 109.42881012 26.06210136
v -66.39185333 109.32319641 25.87420273
v -68.19303894 109.88119507 25.52680969
v -68.52960205 109.69571686 25.49213028
v -68.80001068 109.42514801 25.44154549
v -68.98269653 109.09107208 25.37908554
v -69.06310272 108.72011566 25.30972862
v -69.03481293 108.34185791 25.23900795
v -68.90008545 107.98644257 25.17255783
v -68.66966248 107.68222046 25.11567879
v -68.36191559 107.45343018 25.07290459
v -68.00137329 107.31832123 25.04764366
v -68.06163788 107.48398590 25.41684914
v -68.47438049 107.63195801 25.33073997
v -68.81837463 107.87844849 25.18729973
v -68.81837463 108.05546570 25.41068077
v -68.81837463 108.28834534 25.57500076
v -68.81837463 108.55814362 25.66689491
v -68.47438049 108.15884399 25.82908630
v -68.47438049 108.50563812 25.94720459
v -68.06163788 108.08110046 25.98161697
v -68.06163788 108.47411346 26.11548042
v -68.06163788 107.74185944 25.74225044
v -68.47438049 107.85949707 25.61787033
v -68.06163788 108.88893127 26.13294792
v -68.06163788 109.29181671 26.03259850
v -68.06163788 109.64997864 25.82259750
v -68.47438049 109.54320526 25.68876839
v -68.81837463 109.36534882 25.46583748
v -68.47438049 109.22716522 25.87407112
v -68.81837463 109.11947632 25.60999870
v -68.47438049 108.87167358 25.96261787
v -68.81837463 108.84291077 25.67888641
v -54.30963135 110.19261932 38.80447769
v -54.73997879 110.21704865 38.79991150
v -54.52721024 110.22911072 39.21932983
v -54.88896942 110.21012115 39.17238235
v -54.52721024 110.12094879 39.62521362
v -54.95556641 110.08600616 39.61039352
v -54.52721024 109.90432739 39.98509216
v -54.95556641 109.87487793 39.96115494
v -54.52721024 109.59629822 40.27066803
v -54.95556641 109.57464600 40.23949051
v -54.52721024 109.22107697 40.45947647
v -54.95556641 109.20893860 40.42351151
v -54.52721024 108.80818176 40.53665924
v -54.95556641 108.80651093 40.49874115
v -54.95556641 108.40007019 40.45951843
v -55.34479523 108.43580627 40.31194687
v -55.29465103 108.05798340 40.18658447
v -55.03183365 110.09606934 39.52954483
v -55.15814972 109.88321686 39.84532928
v -55.25869751 109.58709717 40.09669876
v -55.32613754 109.22931671 40.26530457
v -55.35555267 108.83598328 40.33884048
v -55.20877457 107.73007965 39.97190094
v -54.95556641 107.69493103 40.05737305
v -54.95556641 108.01850891 40.30817795
v -54.52721024 108.39099121 40.49636841
v -54.10568619 108.80442810 40.45159912
v -54.10568619 109.19384766 40.37880325
v -54.10568619 109.54773712 40.20072937
v -54.10568619 109.83825684 39.93138885
v -54.10568619 110.04256439 39.59196854
v -54.10568619 110.14457703 39.20915985
v -53.90413284 110.04885864 38.83135605
v -53.72564316 109.94477081 39.18511963
v -53.55698776 109.79766083 38.87831879
v -53.41831970 109.64612579 39.14918900
v -53.29688644 109.45976257 38.94149399
v -53.20896912 109.27317810 39.10431671
v -53.14531708 109.06309509 39.01565552
v -53.20896912 109.23455048 39.24926758
v -53.20896912 109.15718842 39.37779236
v -53.41831970 109.58036804 39.39593887
v -53.41831970 109.44867706 39.61472702
v -53.72564316 109.85729218 39.51338959
v -53.72564316 109.68209839 39.80445480
v -54.95556641 107.45374298 39.72662735
v -55.09344101 107.47603607 39.68355942
v -54.95705795 107.31438446 39.34260559
v -54.52770233 107.27668762 39.34965134
v -54.52721024 107.42032623 39.74462128
v -54.52721024 107.66770172 40.08381653
v -54.52721024 107.99969482 40.34114075
v -54.10568619 108.41078186 40.41355896
v -53.72564316 108.79555511 40.25055313
v -53.72564316 109.12949371 40.18812943
v -53.72564316 109.43296814 40.03542328
v -54.10517502 107.36061096 39.33396149
v -54.10568619 107.49554443 39.70472717
v -54.10568619 107.72878265 40.02449799
v -54.10568619 108.04190826 40.26719666
v -53.72564316 108.45783997 40.21789551
v -53.41831970 108.78228760 39.95004654
v -53.41831970 109.03330231 39.90312195
v -53.41831970 109.26141357 39.78833771
v -53.72439194 107.55921936 39.29682922
v -53.72564316 107.67321014 39.61020660
v -53.72564316 107.87315369 39.88430023
v -53.72564316 108.14166260 40.09242249
v -53.41831970 108.52832794 39.92546844
v -53.20896912 108.76572418 39.57477188
v -53.20896912 108.91317749 39.54720688
v -53.20896912 109.04718018 39.47977829
v -53.41681671 107.85609436 39.24132538
v -53.41831970 107.93869781 39.46880341
v -53.41831970 108.08894348 39.67474365
v -53.41831970 108.29077911 39.83118057
v -53.20896912 108.61647034 39.56032181
v -53.11480331 108.64043427 39.09468079
v -53.20786667 108.22670746 39.17203140
v -53.20896912 108.27019501 39.29212570
v -53.20896912 108.35842896 39.41304779
v -53.20896912 108.47698975 39.50494766
v -55.15328979 110.23168945 38.79717255
v -55.55474091 110.13395691 38.81544495
v -55.91332626 109.93138885 38.85331726
v -56.20135117 109.63964844 38.90786362
v -56.39657211 109.28125763 38.97486877
v -56.48391342 108.88388824 39.04916382
v -56.45662689 108.47824097 39.12500381
v -56.31682205 108.09563446 39.19653702
v -56.07529449 107.76562500 39.25823975
v -55.75069809 107.51370239 39.30533981
v -55.36810303 107.35930634 39.33420563
v -55.52693939 107.58261871 39.67685699
v -55.87826920 107.73826599 39.57051849
v -56.16753006 107.96483612 39.41572571
v -56.37427902 108.24633026 39.22341537
v -56.37427902 108.36342621 39.35066605
v -56.37427902 108.51192474 39.43927002
v -56.16753006 108.14841461 39.61522675
v -56.16753006 108.38122559 39.75413513
v -55.87826920 107.97534943 39.82817078
v -55.87826920 108.27602386 40.00757217
v -55.52693939 107.85645294 39.97445679
v -55.52693939 108.20375061 40.18167114
v -55.13835907 107.50888824 39.72722626
v -55.52693939 108.59570312 40.28131866
v -55.52693939 108.99979401 40.26513672
v -55.52693939 109.38252258 40.13446426
v -55.52693939 109.71213531 39.90013885
v -55.52693939 109.96129608 39.58159637
v -55.13835907 110.03881836 39.62590790
v -55.52693939 110.10935211 39.20525360
v -55.13835907 110.19628143 39.22563553
v -55.87826920 109.92581940 39.16222000
v -55.87826920 109.79764557 39.48804474
v -55.87826920 109.58192444 39.76382828
v -55.87826920 109.29655457 39.96670151
v -55.87826920 108.96520996 40.07983017
v -55.87826920 108.61535645 40.09384155
v -56.16753006 109.65866852 39.09958267
v -56.16753006 109.55941772 39.35186768
v -56.16753006 109.39238739 39.56540680
v -56.16753006 109.17142487 39.72248840
v -56.16753006 108.91486359 39.81008530
v -56.16753006 108.64397430 39.82093430
v -56.37427902 109.32675171 39.02175903
v -56.37427902 109.26344299 39.18268204
v -56.37427902 109.15690613 39.31888962
v -56.37427902 109.01596069 39.41908646
v -56.37427902 108.85231018 39.47496033
v -56.37427902 108.67951965 39.48188019
v -54.72014236 110.05415344 25.55914688
v -55.11714172 109.96681213 25.54281616
v -54.94417953 109.78179932 25.86885452
v -55.23487091 109.67302704 25.83713913
v -54.94417953 109.45867157 26.11523628
v -55.31620407 109.30042267 26.04047203
v -54.94417953 109.08019257 26.26319885
v -55.35425568 108.88053894 26.13559723
v -54.94417953 108.67559814 26.30129433
v -55.34580231 108.44893646 26.11446190
v -54.94417953 108.27615356 26.22657776
v -55.29155731 108.04216766 25.97885132
v -54.94417953 107.91268158 26.04482079
v -55.19611740 107.69466400 25.74025345
v -54.94417953 107.61326599 25.77005768
v -55.06756210 107.43585968 25.41886902
v -54.94417953 107.40102386 25.42350769
v -54.91678238 107.28765869 25.04191017
v -54.50536346 107.36990356 25.43703842
v -54.51105499 107.25832367 25.03642464
v -54.11341095 107.34278870 25.05221748
v -54.07558441 107.45692444 25.39920425
v -53.75621796 107.53419495 25.08800316
v -53.69185257 107.65459442 25.31326294
v -53.46854019 107.81695557 25.14086914
v -53.38719559 108.07190704 25.39236641
v -53.27380371 108.16805267 25.20651245
v -53.18784714 108.55892181 25.27959061
v -53.21767426 108.95774078 25.35415649
v -53.38719559 108.70263672 25.70777130
v -53.38719559 108.46546936 25.66341019
v -53.38719559 108.24967194 25.55549812
v -53.69185257 108.36425781 25.96449471
v -53.69185257 108.06951141 25.81710243
v -54.07558441 108.29557037 26.16880226
v -54.07558441 107.94725800 25.99461937
v -54.50536346 108.26533508 26.25874519
v -54.50536346 107.89343262 26.07276917
v -53.36085129 109.33204651 25.42413712
v -53.38719559 109.16756439 25.59730530
v -53.38719559 108.94284821 25.68515396
v -53.69185257 109.01627350 25.99419212
v -53.69185257 108.68817902 26.02508354
v -54.07558441 109.06610107 26.20389748
v -54.07558441 108.67837524 26.24040413
v -54.50536346 109.08803558 26.29621506
v -54.50536346 108.67405701 26.33519363
v -53.38719559 109.35931396 25.45111656
v -53.60573196 109.65138245 25.48384285
v -53.69185257 109.58513641 25.67450142
v -53.93237686 109.88974762 25.52840805
v -54.07558441 109.73839569 25.82606316
v -54.31420898 110.02774811 25.55421066
v -54.50536346 109.80588531 25.89275932
v -53.69185257 107.82670593 25.59428978
v -54.07558441 107.66032410 25.73130989
v -54.50536346 107.58707428 25.79162979
v -54.50536346 109.47530365 26.14481926
v -54.07558441 109.42881012 26.06210136
v -53.69185257 109.32319641 25.87420273
v -55.49303818 109.88119507 25.52680969
v -55.82960510 109.69571686 25.49213028
v -56.10000992 109.42514801 25.44154549
v -56.28269577 109.09107208 25.37908554
v -56.36310196 108.72011566 25.30972862
v -56.33481216 108.34185791 25.23900795
v -56.20008850 107.98644257 25.17255783
v -55.96966553 107.68222046 25.11567879
v -55.66191483 107.45343018 25.07290459
v -55.30137253 107.31832123 25.04764366
v -55.36163712 107.48398590 25.41684914
v -55.77437973 107.63195801 25.33073997
v -56.11837387 107.87844849 25.18729973
v -56.11837387 108.05546570 25.41068077
v -56.11837387 108.28834534 25.57500076
v -56.11837387 108.55814362 25.66689491
v -55.77437973 108.15884399 25.82908630
v -55.77437973 108.50563812 25.94720459
v -55.36163712 108.08110046 25.98161697
v -55.36163712 108.47411346 26.11548042
v -55.36163712 107.74185944 25.74225044
v -55.77437973 107.85949707 25.61787033
v -55.36163712 108.88893127 26.13294792
v -55.36163712 109.29181671 26.03259850
v -55.36163712 109.64997864 25.82259750
v -55.77437973 109.54320526 25.68876839
v -56.11837387 109.36534882 25.46583748
v -55.77437973 109.22716522 25.87407112
v -56.11837387 109.11947632 25.60999870
v -55.77437973 108.87167358 25.96261787
v -56.11837387 108.84291077 25.67888641
v -41.60963058 110.19261932 38.80447769
v -42.03998184 110.21704865 38.79991150
v -41.82720947 110.22911072 39.21932983
v -42.18896866 110.21012115 39.17238235
v -41.82720947 110.12094879 39.62521362
v -42.25556946 110.08600616 39.61039352
v -41.82720947 109.90432739 39.98509216
v -42.25556946 109.87487793 39.96115494
v -41.82720947 109.59629822 40.27066803
v -42.25556946 109.57464600 40.23949051
v -41.82720947 109.22107697 40.45947647
v -42.25556946 109.20893860 40.42351151
v -41.82720947 108.80818176 40.53665924
v -42.25556946 108.80651093 40.49874115
v -42.25556946 108.40007019 40.45951843
v -42.64479446 108.43580627 40.31194687
v -42.59465027 108.05798340 40.18658447
v -42.33183289 110.09606934 39.52954483
v -42.45814896 109.88321686 39.84532928
v -42.55869675 109.58709717 40.09669876
v -42.62613678 109.22931671 40.26530457
v -42.65555191 108.83598328 40.33884048
v -42.50877762 107.73007965 39.97190094
v -42.25556946 107.69493103 40.05737305
v -42.25556946 108.01850891 40.30817795
v -41.82720947 108.39099121 40.49636841
v -41.40568924 108.80442810 40.45159912
v -41.40568924 109.19384766 40.37880325
v -41.40568924 109.54773712 40.20072937
v -41.40568924 109.83825684 39.93138885
v -41.40568924 110.04256439 39.59196854
v -41.40568924 110.14457703 39.20915985
v -41.20413208 110.04885864 38.83135605
v -41.02564621 109.94477081 39.18511963
v -40.85699081 109.79766083 38.87831879
v -40.71831894 109.64612579 39.14918900
v -40.59688568 109.45976257 38.94149399
v -40.50896835 109.27317810 39.10431671
v -40.44531631 109.06309509 39.01565552
v -40.50896835 109.23455048 39.24926758
v -40.50896835 109.15718842 39.37779236
v -40.71831894 109.58036804 39.39593887
v -40.71831894 109.44867706 39.61472702
v -41.02564621 109.85729218 39.51338959
v -41.02564621 109.68209839 39.80445480
v -42.25556946 107.45374298 39.72662735
v -42.39344025 107.47603607 39.68355942
v -42.25705719 107.31438446 39.34260559
v -41.82770157 107.27668762 39.34965134
v -41.82720947 107.42032623 39.74462128
v -41.82720947 107.66770172 40.08381653
v -41.82720947 107.99969482 40.34114075
v -41.40568924 108.41078186 40.41355896
v -41.02564621 108.79555511 40.25055313
v -41.02564621 109.12949371 40.18812943
v -41.02564621 109.43296814 40.03542328
v -41.40517426 107.36061096 39.33396149
v -41.40568924 107.49554443 39.70472717
v -41.40568924 107.72878265 40.02449799
v -41.40568924 108.04190826 40.26719666
v -41.02564621 108.45783997 40.21789551
v -40.71831894 108.78228760 39.95004654
v -40.71831894 109.03330231 39.90312195
v -40.71831894 109.26141357 39.78833771
v -41.02439117 107.55921936 39.29682922
v -41.02564621 107.67321014 39.61020660
v -41.02564621 107.87315369 39.88430023
v -41.02564621 108.14166260 40.09242249
v -40.71831894 108.52832794 39.92546844
v -40.50896835 108.76572418 39.57477188
v -40.50896835 108.91317749 39.54720688
v -40.50896835 109.04718018 39.47977829
v -40.71681976 107.85609436 39.24132538
v -40.71831894 107.93869781 39.46880341
v -40.71831894 108.08894348 39.67474365
v -40.71831894 108.29077911 39.83118057
v -40.50896835 108.61647034 39.56032181
v -40.41480255 108.64043427 39.09468079
v -40.50786591 108.22670746 39.17203140
v -40.50896835 108.27019501 39.29212570
v -40.50896835 108.35842896 39.41304779
v -40.50896835 108.47698975 39.50494766
v -42.45329285 110.23168945 38.79717255
v -42.85474014 110.13395691 38.81544495
v -43.21332550 109.93138885 38.85331726
v -43.50135040 109.63964844 38.90786362
v -43.69657135 109.28125763 38.97486877
v -43.78391266 108.88388824 39.04916382
v -43.75662613 108.47824097 39.12500381
v -43.61682129 108.09563446 39.19653702
v -43.37529373 107.76562500 39.25823975
v -43.05069733 107.51370239 39.30533981
v -42.66810226 107.35930634 39.33420563
v -42.82693863 107.58261871 39.67685699
v -43.17826843 107.73826599 39.57051849
v -43.46752930 107.96483612 39.41572571
v -43.67427826 108.24633026 39.22341537
v -43.67427826 108.36342621 39.35066605
v -43.67427826 108.51192474 39.43927002
v -43.46752930 108.14841461 39.61522675
v -43.46752930 108.38122559 39.75413513
v -43.17826843 107.97534943 39.82817078
v -43.17826843 108.27602386 40.00757217
v -42.82693863 107.85645294 39.97445679
v -42.82693863 108.20375061 40.18167114
v -42.43835831 107.50888824 39.72722626
v -42.82693863 108.59570312 40.28131866
v -42.82693863 108.99979401 40.26513672
v -42.82693863 109.38252258 40.13446426
v -42.82693863 109.71213531 39.90013885
v -42.82693863 109.96129608 39.58159637
v -42.43835831 110.03881836 39.62590790
v -42.82693863 110.10935211 39.20525360
v -42.43835831 110.19628143 39.22563553
v -43.17826843 109.92581940 39.16222000
v -43.17826843 109.79764557 39.48804474
v -43.17826843 109.58192444 39.76382828
v -43.17826843 109.29655457 39.96670151
v -43.17826843 108.96520996 40.07983017
v -43.17826843 108.61535645 40.09384155
v -43.46752930 109.65866852 39.09958267
v -43.46752930 109.55941772 39.35186768
v -43.46752930 109.39238739 39.56540680
v -43.46752930 109.17142487 39.72248840
v -43.46752930 108.91486359 39.81008530
v -43.46752930 108.64397430 39.82093430
v -43.67427826 109.32675171 39.02175903
v -43.67427826 109.26344299 39.18268204
v -43.67427826 109.15690613 39.31888962
v -43.67427826 109.01596069 39.41908646
v -43.67427826 108.85231018 39.47496033
v -43.67427826 108.67951965 39.48188019
v -42.02014160 110.05415344 25.55914688
v -42.41714478 109.96681213 25.54281616
v -42.24417877 109.78179932 25.86885452
v -42.53487396 109.67302704 25.83713913
v -42.24417877 109.45867157 26.11523628
v -42.61620331 109.30042267 26.04047203
v -42.24417877 109.08019257 26.26319885
v -42.65425491 108.88053894 26.13559723
v -42.24417877 108.67559814 26.30129433
v -42.64580154 108.44893646 26.11446190
v -42.24417877 108.27615356 26.22657776
v -42.59155655 108.04216766 25.97885132
v -42.24417877 107.91268158 26.04482079
v -42.49611664 107.69466400 25.74025345
v -42.24417877 107.61326599 25.77005768
v -42.36756516 107.43585968 25.41886902
v -42.24417877 107.40102386 25.42350769
v -42.21678162 107.28765869 25.04191017
v -41.80536270 107.36990356 25.43703842
v -41.81105423 107.25832367 25.03642464
v -41.41341019 107.34278870 25.05221748
v -41.37558746 107.45692444 25.39920425
v -41.05621719 107.53419495 25.08800316
v -40.99185181 107.65459442 25.31326294
v -40.76854324 107.81695557 25.14086914
v -40.68719482 108.07190704 25.39236641
v -40.57380295 108.16805267 25.20651245
v -40.48784637 108.55892181 25.27959061
v -40.51767349 108.95774078 25.35415649
v -40.68719482 108.70263672 25.70777130
v -40.68719482 108.46546936 25.66341019
v -40.68719482 108.24967194 25.55549812
v -40.99185181 108.36425781 25.96449471
v -40.99185181 108.06951141 25.81710243
v -41.37558746 108.29557037 26.16880226
v -41.37558746 107.94725800 25.99461937
v -41.80536270 108.26533508 26.25874519
v -41.80536270 107.89343262 26.07276917
v -40.66085052 109.33204651 25.42413712
v -40.68719482 109.16756439 25.59730530
v -40.68719482 108.94284821 25.68515396
v -40.99185181 109.01627350 25.99419212
v -40.99185181 108.68817902 26.02508354
v -41.37558746 109.06610107 26.20389748
v -41.37558746 108.67837524 26.24040413
v -41.80536270 109.08803558 26.29621506
v -41.80536270 108.67405701 26.33519363
v -40.68719482 109.35931396 25.45111656
v -40.90573120 109.65138245 25.48384285
v -40.99185181 109.58513641 25.67450142
v -41.23237991 109.88974762 25.52840805
v -41.37558746 109.73839569 25.82606316
v -41.61420822 110.02774811 25.55421066
v -41.80536270 109.80588531 25.89275932
v -40.99185181 107.82670593 25.59428978
v -41.37558746 107.66032410 25.73130989
v -41.80536270 107.58707428 25.79162979
v -41.80536270 109.47530365 26.14481926
v -41.37558746 109.42881012 26.06210136
v -40.99185181 109.32319641 25.87420273
v -42.79303741 109.88119507 25.52680969
v -43.12960434 109.69571686 25.49213028
v -43.40000916 109.42514801 25.44154549
v -43.58269882 109.09107208 25.37908554
v -43.66310120 108.72011566 25.30972862
v -43.63481140 108.34185791 25.23900795
v -43.50008774 107.98644257 25.17255783
v -43.26966476 107.68222046 25.11567879
v -42.96191406 107.45343018 25.07290459
v -42.60137177 107.31832123 25.04764366
v -42.66164017 107.48398590 25.41684914
v -43.07437897 107.63195801 25.33073997
v -43.41837692 107.87844849 25.18729973
v -43.41837692 108.05546570 25.41068077
v -43.41837692 108.28834534 25.57500076
v -43.41837692 108.55814362 25.66689491
v -43.07437897 108.15884399 25.82908630
v -43.07437897 108.50563812 25.94720459
v -42.66164017 108.08110046 25.98161697
v -42.66164017 108.47411346 26.11548042
v -42.66164017 107.74185944 25.74225044
v -43.07437897 107.85949707 25.61787033
v -42.66164017 108.88893127 26.13294792
v -42.66164017 109.29181671 26.03259850
v -42.66164017 109.64997864 25.82259750
v -43.07437897 109.54320526 25.68876839
v -43.41837692 109.36534882 25.46583748
v -43.07437897 109.22716522 25.87407112
v -43.41837692 109.11947632 25.60999870
v -43.07437897 108.87167358 25.96261787
v -43.41837692 108.84291077 25.67888641
v -28.90963173 110.19261932 38.80447769
v -29.33998108 110.21704865 38.79991150
v -29.12721062 110.22911072 39.21932983
v -29.48896980 110.21012115 39.17238235
v -29.12721062 110.12094879 39.62521362
v -29.55556870 110.08600616 39.61039352
v -29.12721062 109.90432739 39.98509216
v -29.55556870 109.87487793 39.96115494
v -29.12721062 109.59629822 40.27066803
v -29.55556870 109.57464600 40.23949051
v -29.12721062 109.22107697 40.45947647
v -29.55556870 109.20893860 40.42351151
v -29.12721062 108.80818176 40.53665924
v -29.55556870 108.80651093 40.49874115
v -29.55556870 108.40007019 40.45951843
v -29.94479561 108.43580627 40.31194687
v -29.89464951 108.05798340 40.18658447
v -29.63183403 110.09606934 39.52954483
v -29.75814819 109.88321686 39.84532928
v -29.85869598 109.58709717 40.09669876
v -29.92613792 109.22931671 40.26530457
v -29.95555305 108.83598328 40.33884048
v -29.80877686 107.73007965 39.97190094
v -29.55556870 107.69493103 40.05737305
v -29.55556870 108.01850891 40.30817795
v -29.12721062 108.39099121 40.49636841
v -28.70568848 108.80442810 40.45159912
v -28.70568848 109.19384766 40.37880325
v -28.70568848 109.54773712 40.20072937
v -28.70568848 109.83825684 39.93138885
v -28.70568848 110.04256439 39.59196854
v -28.70568848 110.14457703 39.20915985
v -28.50413322 110.04885864 38.83135605
v -28.32564545 109.94477081 39.18511963
v -28.15699005 109.79766083 38.87831879
v -28.01831818 109.64612579 39.14918900
v -27.89688683 109.45976257 38.94149399
v -27.80896950 109.27317810 39.10431671
v -27.74531555 109.06309509 39.01565552
v -27.80896950 109.23455048 39.24926758
v -27.80896950 109.15718842 39.37779236
v -28.01831818 109.58036804 39.39593887
v -28.01831818 109.44867706 39.61472702
v -28.32564545 109.85729218 39.51338959
v -28.32564545 109.68209839 39.80445480
v -29.55556870 107.45374298 39.72662735
v -29.69343948 107.47603607 39.68355942
v -29.55705833 107.31438446 39.34260559
v -29.12770081 107.27668762 39.34965134
v -29.12721062 107.42032623 39.74462128
v -29.12721062 107.66770172 40.08381653
v -29.12721062 107.99969482 40.34114075
v -28.70568848 108.41078186 40.41355896
v -28.32564545 108.79555511 40.25055313
v -28.32564545 109.12949371 40.18812943
v -28.32564545 109.43296814 40.03542328
v -28.70517540 107.36061096 39.33396149
v -28.70568848 107.49554443 39.70472717
v -28.70568848 107.72878265 40.02449799
v -28.70568848 108.04190826 40.26719666
v -28.32564545 108.45783997 40.21789551
v -28.01831818 108.78228760 39.95004654
v -28.01831818 109.03330231 39.90312195
v -28.01831818 109.26141357 39.78833771
v -28.32439232 107.55921936 39.29682922
v -28.32564545 107.67321014 39.61020660
v -28.32564545 107.87315369 39.88430023
v -28.32564545 108.14166260 40.09242249
v -28.01831818 108.52832794 39.92546844
v -27.80896950 108.76572418 39.57477188
v -27.80896950 108.91317749 39.54720688
v -27.80896950 109.04718018 39.47977829
v -28.01681900 107.85609436 39.24132538
v -28.01831818 107.93869781 39.46880341
v -28.01831818 108.08894348 39.67474365
v -28.01831818 108.29077911 39.83118057
v -27.80896950 108.61647034 39.56032181
v -27.71480179 108.64043427 39.09468079
v -27.80786705 108.22670746 39.17203140
v -27.80896950 108.27019501 39.29212570
v -27.80896950 108.35842896 39.41304779
v -27.80896950 108.47698975 39.50494766
v -29.75329208 110.23168945 38.79717255
v -30.15474129 110.13395691 38.81544495
v -30.51332474 109.93138885 38.85331726
v -30.80134964 109.63964844 38.90786362
v -30.99657249 109.28125763 38.97486877
v -31.08391190 108.88388824 39.04916382
v -31.05662537 108.47824097 39.12500381
v -30.91682053 108.09563446 39.19653702
v -30.67529297 107.76562500 39.25823975
v -30.35069847 107.51370239 39.30533981
v -29.96810341 107.35930634 39.33420563
v -30.12693787 107.58261871 39.67685699
v -30.47826958 107.73826599 39.57051849
v -30.76752853 107.96483612 39.41572571
v -30.97427940 108.24633026 39.22341537
v -30.97427940 108.36342621 39.35066605
v -30.97427940 108.51192474 39.43927002
v -30.76752853 108.14841461 39.61522675
v -30.76752853 108.38122559 39.75413513
v -30.47826958 107.97534943 39.82817078
v -30.47826958 108.27602386 40.00757217
v -30.12693787 107.85645294 39.97445679
v -30.12693787 108.20375061 40.18167114
v -29.73835754 107.50888824 39.72722626
v -30.12693787 108.59570312 40.28131866
v -30.12693787 108.99979401 40.26513672
v -30.12693787 109.38252258 40.13446426
v -30.12693787 109.71213531 39.90013885
v -30.12693787 109.96129608 39.58159637
v -29.73835754 110.03881836 39.62590790
v -30.12693787 110.10935211 39.20525360
v -29.73835754 110.19628143 39.22563553
v -30.47826958 109.92581940 39.16222000
v -30.47826958 109.79764557 39.48804474
v -30.47826958 109.58192444 39.76382828
v -30.47826958 109.29655457 39.96670151
v -30.47826958 108.96520996 40.07983017
v -30.47826958 108.61535645 40.09384155
v -30.76752853 109.65866852 39.09958267
v -30.76752853 109.55941772 39.35186768
v -30.76752853 109.39238739 39.56540680
v -30.76752853 109.17142487 39.72248840
v -30.76752853 108.91486359 39.81008530
v -30.76752853 108.64397430 39.82093430
v -30.97427940 109.32675171 39.02175903
v -30.97427940 109.26344299 39.18268204
v -30.97427940 109.15690613 39.31888962
v -30.97427940 109.01596069 39.41908646
v -30.97427940 108.85231018 39.47496033
v -30.97427940 108.67951965 39.48188019
v -29.32014275 110.05415344 25.55914688
v -29.71714211 109.96681213 25.54281616
v -29.54417801 109.78179932 25.86885452
v -29.83487129 109.67302704 25.83713913
v -29.54417801 109.45867157 26.11523628
v -29.91620445 109.30042267 26.04047203
v -29.54417801 109.08019257 26.26319885
v -29.95425606 108.88053894 26.13559723
v -29.54417801 108.67559814 26.30129433
v -29.94580078 108.44893646 26.11446190
v -29.54417801 108.27615356 26.22657776
v -29.89155769 108.04216766 25.97885132
v -29.54417801 107.91268158 26.04482079
v -29.79611778 107.69466400 25.74025345
v -29.54417801 107.61326599 25.77005768
v -29.66756439 107.43585968 25.41886902
v -29.54417801 107.40102386 25.42350769
v -29.51678085 107.28765869 25.04191017
v -29.10536194 107.36990356 25.43703842
v -29.11105537 107.25832367 25.03642464
v -28.71341133 107.34278870 25.05221748
v -28.67558670 107.45692444 25.39920425
v -28.35621643 107.53419495 25.08800316
v -28.29185104 107.65459442 25.31326294
v -28.06854248 107.81695557 25.14086914
v -27.98719597 108.07190704 25.39236641
v -27.87380219 108.16805267 25.20651245
v -27.78784752 108.55892181 25.27959061
v -27.81767273 108.95774078 25.35415649
v -27.98719597 108.70263672 25.70777130
v -27.98719597 108.46546936 25.66341019
v -27.98719597 108.24967194 25.55549812
v -28.29185104 108.36425781 25.96449471
v -28.29185104 108.06951141 25.81710243
v -28.67558670 108.29557037 26.16880226
v -28.67558670 107.94725800 25.99461937
v -29.10536194 108.26533508 26.25874519
v -29.10536194 107.89343262 26.07276917
v -27.96085167 109.33204651 25.42413712
v -27.98719597 109.16756439 25.59730530
v -27.98719597 108.94284821 25.68515396
v -28.29185104 109.01627350 25.99419212
v -28.29185104 108.68817902 26.02508354
v -28.67558670 109.06610107 26.20389748
v -28.67558670 108.67837524 26.24040413
v -29.10536194 109.08803558 26.29621506
v -29.10536194 108.67405701 26.33519363
v -27.98719597 109.35931396 25.45111656
v -28.20573044 109.65138245 25.48384285
v -28.29185104 109.58513641 25.67450142
v -28.53237915 109.88974762 25.52840805
v -28.67558670 109.73839569 25.82606316
v -28.91420746 110.02774811 25.55421066
v -29.10536194 109.80588531 25.89275932
v -28.29185104 107.82670593 25.59428978
v -28.67558670 107.66032410 25.73130989
v -29.10536194 107.58707428 25.79162979
v -29.10536194 109.47530365 26.14481926
v -28.67558670 109.42881012 26.06210136
v -28.29185104 109.32319641 25.87420273
v -30.09303856 109.88119507 25.52680969
v -30.42960548 109.69571686 25.49213028
v -30.70001030 109.42514801 25.44154549
v -30.88269806 109.09107208 25.37908554
v -30.96310234 108.72011566 25.30972862
v -30.93481255 108.34185791 25.23900795
v -30.80008698 107.98644257 25.17255783
v -30.56966400 107.68222046 25.11567879
v -30.26191521 107.45343018 25.07290459
v -29.90137291 107.31832123 25.04764366
v -29.96163940 107.48398590 25.41684914
v -30.37437820 107.63195801 25.33073997
v -30.71837616 107.87844849 25.18729973
v -30.71837616 108.05546570 25.41068077
v -30.71837616 108.28834534 25.57500076
v -30.71837616 108.55814362 25.66689491
v -30.37437820 108.15884399 25.82908630
v -30.37437820 108.50563812 25.94720459
v -29.96163940 108.08110046 25.98161697
v -29.96163940 108.47411346 26.11548042
v -29.96163940 107.74185944 25.74225044
v -30.37437820 107.85949707 25.61787033
v -29.96163940 108.88893127 26.13294792
v -29.96163940 109.29181671 26.03259850
v -29.96163940 109.64997864 25.82259750
v -30.37437820 109.54320526 25.68876839
v -30.71837616 109.36534882 25.46583748
v -30.37437820 109.22716522 25.87407112
v -30.71837616 109.11947632 25.60999870
v -30.37437820 108.87167358 25.96261787
v -30.71837616 108.84291077 25.67888641
v -16.20963097 110.19261932 38.80447769
v -16.63998032 110.21704865 38.79991150
v -16.42720985 110.22911072 39.21932983
v -16.78896904 110.21012115 39.17238235
v -16.42720985 110.12094879 39.62521362
v -16.85556793 110.08600616 39.61039352
v -16.42720985 109.90432739 39.98509216
v -16.85556793 109.87487793 39.96115494
v -16.42720985 109.59629822 40.27066803
v -16.85556793 109.57464600 40.23949051
v -16.42720985 109.22107697 40.45947647
v -16.85556793 109.20893860 40.42351151
v -16.42720985 108.80818176 40.53665924
v -16.85556793 108.80651093 40.49874115
v -16.85556793 108.40007019 40.45951843
v -17.24479485 108.43580627 40.31194687
v -17.19465065 108.05798340 40.18658447
v -16.93183327 110.09606934 39.52954483
v -17.05814934 109.88321686 39.84532928
v -17.15869522 109.58709717 40.09669876
v -17.22613716 109.22931671 40.26530457
v -17.25555229 108.83598328 40.33884048
v -17.10877609 107.73007965 39.97190094
v -16.85556793 107.69493103 40.05737305
v -16.85556793 108.01850891 40.30817795
v -16.42720985 108.39099121 40.49636841
v -16.00568771 108.80442810 40.45159912
v -16.00568771 109.19384766 40.37880325
v -16.00568771 109.54773712 40.20072937
v -16.00568771 109.83825684 39.93138885
v -16.00568771 110.04256439 39.59196854
v -16.00568771 110.14457703 39.20915985
v -15.80413246 110.04885864 38.83135605
v -15.62564468 109.94477081 39.18511963
v -15.45698929 109.79766083 38.87831879
v -15.31831932 109.64612579 39.14918900
v -15.19688702 109.45976257 38.94149399
v -15.10896873 109.27317810 39.10431671
v -15.04531574 109.06309509 39.01565552
v -15.10896873 109.23455048 39.24926758
v -15.10896873 109.15718842 39.37779236
v -15.31831932 109.58036804 39.39593887
v -15.31831932 109.44867706 39.61472702
v -15.62564468 109.85729218 39.51338959
v -15.62564468 109.68209839 39.80445480
v -16.85556793 107.45374298 39.72662735
v -16.99344063 107.47603607 39.68355942
v -16.85705757 107.31438446 39.34260559
v -16.42770195 107.27668762 39.34965134
v -16.42720985 107.42032623 39.74462128
v -16.42720985 107.66770172 40.08381653
v -16.42720985 107.99969482 40.34114075
v -16.00568771 108.41078186 40.41355896
v -15.62564468 108.79555511 40.25055313
v -15.62564468 109.12949371 40.18812943
v -15.62564468 109.43296814 40.03542328
v -16.00517464 107.36061096 39.33396149
v -16.00568771 107.49554443 39.70472717
v -16.00568771 107.72878265 40.02449799
v -16.00568771 108.04190826 40.26719666
v -15.62564468 108.45783997 40.21789551
v -15.31831932 108.78228760 39.95004654
v -15.31831932 109.03330231 39.90312195
v -15.31831932 109.26141357 39.78833771
v -15.62439346 107.55921936 39.29682922
v -15.62564468 107.67321014 39.61020660
v -15.62564468 107.87315369 39.88430023
v -15.62564468 108.14166260 40.09242249
v -15.31831932 108.52832794 39.92546844
v -15.10896873 108.76572418 39.57477188
v -15.10896873 108.91317749 39.54720688
v -15.10896873 109.04718018 39.47977829
v -15.31681824 107.85609436 39.24132538
v -15.31831932 107.93869781 39.46880341
v -15.31831932 108.08894348 39.67474365
v -15.31831932 108.29077911 39.83118057
v -15.10896873 108.61647034 39.56032181
v -15.01480198 108.64043427 39.09468079
v -15.10786629 108.22670746 39.17203140
v -15.10896873 108.27019501 39.29212570
v -15.10896873 108.35842896 39.41304779
v -15.10896873 108.47698975 39.50494766
v -17.05329132 110.23168945 38.79717255
v -17.45474052 110.13395691 38.81544495
v -17.81332588 109.93138885 38.85331726
v -18.10135078 109.63964844 38.90786362
v -18.29657173 109.28125763 38.97486877
v -18.38391113 108.88388824 39.04916382
v -18.35662651 108.47824097 39.12500381
v -18.21681976 108.09563446 39.19653702
v -17.97529411 107.76562500 39.25823975
v -17.65069962 107.51370239 39.30533981
v -17.26810455 107.35930634 39.33420563
v -17.42693901 107.58261871 39.67685699
v -17.77826881 107.73826599 39.57051849
v -18.06752777 107.96483612 39.41572571
v -18.27427864 108.24633026 39.22341537
v -18.27427864 108.36342621 39.35066605
v -18.27427864 108.51192474 39.43927002
v -18.06752777 108.14841461 39.61522675
v -18.06752777 108.38122559 39.75413513
v -17.77826881 107.97534943 39.82817078
v -17.77826881 108.27602386 40.00757217
v -17.42693901 107.85645294 39.97445679
v -17.42693901 108.20375061 40.18167114
v -17.03835678 107.50888824 39.72722626
v -17.42693901 108.59570312 40.28131866
v -17.42693901 108.99979401 40.26513672
v -17.42693901 109.38252258 40.13446426
v -17.42693901 109.71213531 39.90013885
v -17.42693901 109.96129608 39.58159637
v -17.03835678 110.03881836 39.62590790
v -17.42693901 110.10935211 39.20525360
v -17.03835678 110.19628143 39.22563553
v -17.77826881 109.92581940 39.16222000
v -17.77826881 109.79764557 39.48804474
v -17.77826881 109.58192444 39.76382828
v -17.77826881 109.29655457 39.96670151
v -17.77826881 108.96520996 40.07983017
v -17.77826881 108.61535645 40.09384155
v -18.06752777 109.65866852 39.09958267
v -18.06752777 109.55941772 39.35186768
v -18.06752777 109.39238739 39.56540680
v -18.06752777 109.17142487 39.72248840
v -18.06752777 108.91486359 39.81008530
v -18.06752777 108.64397430 39.82093430
v -18.27427864 109.32675171 39.02175903
v -18.27427864 109.26344299 39.18268204
v -18.27427864 109.15690613 39.31888962
v -18.27427864 109.01596069 39.41908646
v -18.27427864 108.85231018 39.47496033
v -18.27427864 108.67951965 39.48188019
v -16.62014389 110.05415344 25.55914688
v -17.01714325 109.96681213 25.54281616
v -16.84417725 109.78179932 25.86885452
v -17.13487244 109.67302704 25.83713913
v -16.84417725 109.45867157 26.11523628
v -17.21620560 109.30042267 26.04047203
v -16.84417725 109.08019257 26.26319885
v -17.25425529 108.88053894 26.13559723
v -16.84417725 108.67559814 26.30129433
v -17.24580002 108.44893646 26.11446190
v -16.84417725 108.27615356 26.22657776
v -17.19155693 108.04216766 25.97885132
v -16.84417725 107.91268158 26.04482079
v -17.09611702 107.69466400 25.74025345
v -16.84417725 107.61326599 25.77005768
v -16.96756363 107.43585968 25.41886902
v -16.84417725 107.40102386 25.42350769
v -16.81678009 107.28765869 25.04191017
v -16.40536118 107.36990356 25.43703842
v -16.41105461 107.25832367 25.03642464
v -16.01341057 107.34278870 25.05221748
v -15.97558594 107.45692444 25.39920425
v -15.65621662 107.53419495 25.08800316
v -15.59185123 107.65459442 25.31326294
v -15.36854172 107.81695557 25.14086914
v -15.28719521 108.07190704 25.39236641
v -15.17380142 108.16805267 25.20651245
v -15.08784676 108.55892181 25.27959061
v -15.11767292 108.95774078 25.35415649
v -15.28719521 108.70263672 25.70777130
v -15.28719521 108.46546936 25.66341019
v -15.28719521 108.24967194 25.55549812
v -15.59185123 108.36425781 25.96449471
v -15.59185123 108.06951141 25.81710243
v -15.97558594 108.29557037 26.16880226
v -15.97558594 107.94725800 25.99461937
v -16.40536118 108.26533508 26.25874519
v -16.40536118 107.89343262 26.07276917
v -15.26085186 109.33204651 25.42413712
v -15.28719521 109.16756439 25.59730530
v -15.28719521 108.94284821 25.68515396
v -15.59185123 109.01627350 25.99419212
v -15.59185123 108.68817902 26.02508354
v -15.97558594 109.06610107 26.20389748
v -15.97558594 108.67837524 26.24040413
v -16.40536118 109.08803558 26.29621506
v -16.40536118 108.67405701 26.33519363
v -15.28719521 109.35931396 25.45111656
v -15.50573063 109.65138245 25.48384285
v -15.59185123 109.58513641 25.67450142
v -15.83237839 109.88974762 25.52840805
v -15.97558594 109.73839569 25.82606316
v -16.21420860 110.02774811 25.55421066
v -16.40536118 109.80588531 25.89275932
v -15.59185123 107.82670593 25.59428978
v -15.97558594 107.66032410 25.73130989
v -16.40536118 107.58707428 25.79162979
v -16.40536118 109.47530365 26.14481926
v -15.97558594 109.42881012 26.06210136
v -15.59185123 109.32319641 25.87420273
v -17.39303780 109.88119507 25.52680969
v -17.72960472 109.69571686 25.49213028
v -18.00001144 109.42514801 25.44154549
v -18.18269730 109.09107208 25.37908554
v -18.26310158 108.72011566 25.30972862
v -18.23481369 108.34185791 25.23900795
v -18.10008621 107.98644257 25.17255783
v -17.86966324 107.68222046 25.11567879
v -17.56191444 107.45343018 25.07290459
v -17.20137215 107.31832123 25.04764366
v -17.26163864 107.48398590 25.41684914
v -17.67437935 107.63195801 25.33073997
v -18.01837540 107.87844849 25.18729973
v -18.01837540 108.05546570 25.41068077
v -18.01837540 108.28834534 25.57500076
v -18.01837540 108.55814362 25.66689491
v -17.67437935 108.15884399 25.82908630
v -17.67437935 108.50563812 25.94720459
v -17.26163864 108.08110046 25.98161697
v -17.26163864 108.47411346 26.11548042
v -17.26163864 107.74185944 25.74225044
v -17.67437935 107.85949707 25.61787033
v -17.26163864 108.88893127 26.13294792
v -17.26163864 109.29181671 26.03259850
v -17.26163864 109.64997864 25.82259750
v -17.67437935 109.54320526 25.68876839
v -18.01837540 109.36534882 25.46583748
v -17.67437935 109.22716522 25.87407112
v -18.01837540 109.11947632 25.60999870
v -17.67437935 108.87167358 25.96261787
v -18.01837540 108.84291077 25.67888641
v -71.05665588 109.79213715 33.24159622
v -71.05665588 109.29213715 33.24159622
v -71.39353943 109.79213715 32.97808075
v -71.39353943 109.29213715 32.97808075
v -71.64235687 109.79213715 32.63020325
v -71.64235687 109.29213715 32.63020325
v -71.78288269 109.79213715 32.22624207
v -71.78288269 109.29213715 32.22624207
v -71.80368805 109.79213715 31.79904175
v -71.80368805 109.29213715 31.79904175
v -71.70307922 109.79213715 31.38333702
v -71.70307922 109.29213715 31.38333702
v -71.48924255 109.79213715 31.01292610
v -71.48924255 109.29213715 31.01292610
v -71.17955780 109.79213715 30.71792412
v -71.17955780 109.29213715 30.71792412
v -70.79920197 109.79213715 30.52231216
v -70.79920197 109.29213715 30.52231216
v -70.37910461 109.79213715 30.44199944
v -70.37910461 109.29213715 30.44199944
v -69.95342255 109.79213715 30.48351288
v -69.95342255 109.29213715 30.48351288
v -58.35665512 109.79213715 33.24159622
v -58.35665512 109.29213715 33.24159622
v -58.69353867 109.79213715 32.97808075
v -58.69353867 109.29213715 32.97808075
v -58.94235992 109.79213715 32.63020325
v -58.94235992 109.29213715 32.63020325
v -59.08288574 109.79213715 32.22624207
v -59.08288574 109.29213715 32.22624207
v -59.10368729 109.79213715 31.79904175
v -59.10368729 109.29213715 31.79904175
v -59.00308228 109.79213715 31.38333702
v -59.00308228 109.29213715 31.38333702
v -58.78924179 109.79213715 31.01292610
v -58.78924179 109.29213715 31.01292610
v -58.47955704 109.79213715 30.71792412
v -58.47955704 109.29213715 30.71792412
v -58.09920502 109.79213715 30.52231216
v -58.09920502 109.29213715 30.52231216
v -57.67910767 109.79213715 30.44199944
v -57.67910767 109.29213715 30.44199944
v -57.25342178 109.79213715 30.48351288
v -57.25342178 109.29213715 30.48351288
v -45.65665436 109.79213715 33.24159622
v -45.65665436 109.29213715 33.24159622
v -45.99354172 109.79213715 32.97808075
v -45.99354172 109.29213715 32.97808075
v -46.24235916 109.79213715 32.63020325
v -46.24235916 109.29213715 32.63020325
v -46.38288498 109.79213715 32.22624207
v -46.38288498 109.29213715 32.22624207
v -46.40369034 109.79213715 31.79904175
v -46.40369034 109.29213715 31.79904175
v -46.30308151 109.79213715 31.38333702
v -46.30308151 109.29213715 31.38333702
v -46.08924103 109.79213715 31.01292610
v -46.08924103 109.29213715 31.01292610
v -45.77955627 109.79213715 30.71792412
v -45.77955627 109.29213715 30.71792412
v -45.39920425 109.79213715 30.52231216
v -45.39920425 109.29213715 30.52231216
v -44.97910690 109.79213715 30.44199944
v -44.97910690 109.29213715 30.44199944
v -44.55342102 109.79213715 30.48351288
v -44.55342102 109.29213715 30.48351288
v -32.95665359 109.79213715 33.24159622
v -32.95665359 109.29213715 33.24159622
v -33.29354095 109.79213715 32.97808075
v -33.29354095 109.29213715 32.97808075
v -33.54235840 109.79213715 32.63020325
v -33.54235840 109.29213715 32.63020325
v -33.68288422 109.79213715 32.22624207
v -33.68288422 109.29213715 32.22624207
v -33.70368958 109.79213715 31.79904175
v -33.70368958 109.29213715 31.79904175
v -33.60308075 109.79213715 31.38333702
v -33.60308075 109.29213715 31.38333702
v -33.38924408 109.79213715 31.01292610
v -33.38924408 109.29213715 31.01292610
v -33.07955551 109.79213715 30.71792412
v -33.07955551 109.29213715 30.71792412
v -32.69920349 109.79213715 30.52231216
v -32.69920349 109.29213715 30.52231216
v -32.27910614 109.79213715 30.44199944
v -32.27910614 109.29213715 30.44199944
v -31.85342216 109.79213715 30.48351288
v -31.85342216 109.29213715 30.48351288
v -20.25665474 109.79213715 33.24159622
v -20.25665474 109.29213715 33.24159622
v -20.59354019 109.79213715 32.97808075
v -20.59354019 109.29213715 32.97808075
v -20.84235954 109.79213715 32.63020325
v -20.84235954 109.29213715 32.63020325
v -20.98288536 109.79213715 32.22624207
v -20.98288536 109.29213715 32.22624207
v -21.00368881 109.79213715 31.79904175
v -21.00368881 109.29213715 31.79904175
v -20.90308189 109.79213715 31.38333702
v -20.90308189 109.29213715 31.38333702
v -20.68924332 109.79213715 31.01292610
v -20.68924332 109.29213715 31.01292610
v -20.37955666 109.79213715 30.71792412
v -20.37955666 109.29213715 30.71792412
v -19.99920464 109.79213715 30.52231216
v -19.99920464 109.29213715 30.52231216
v -19.57910728 109.79213715 30.44199944
v -19.57910728 109.29213715 30.44199944
v -19.15342140 109.79213715 30.48351288
v -19.15342140 109.29213715 30.48351288
v -73.42014313 110.05415344 25.55914688
v -73.81714630 109.96681213 25.54281616
v -73.61678314 107.28765869 25.04191017
v -73.21105194 107.25832367 25.03642464
v -72.81340790 107.34278870 25.05221748
v -72.45621490 107.53419495 25.08800316
v -72.16854095 107.81695557 25.14086914
v -71.97380066 108.16805267 25.20651245
v -71.88784790 108.55892181 25.27959061
v -71.91767120 108.95774078 25.35415649
v -72.06085205 109.33204651 25.42413712
v -72.30573273 109.65138245 25.48384285
v -72.63237762 109.88974762 25.52840805
v -73.01420593 110.02774811 25.55421066
v -60.72014236 110.05415344 25.55914688
v -61.11714172 109.96681213 25.54281616
v -60.91678238 107.28765869 25.04191017
v -60.51105499 107.25832367 25.03642464
v -60.11341095 107.34278870 25.05221748
v -59.75621796 107.53419495 25.08800316
v -59.46854019 107.81695557 25.14086914
v -59.27380371 108.16805267 25.20651245
v -59.18784714 108.55892181 25.27959061
v -59.21767426 108.95774078 25.35415649
v -59.36085129 109.33204651 25.42413712
v -59.60573196 109.65138245 25.48384285
v -59.93237686 109.88974762 25.52840805
v -60.31420898 110.02774811 25.55421066
v -48.02014160 110.05415344 25.55914688
v -48.41714478 109.96681213 25.54281616
v -48.21678162 107.28765869 25.04191017
v -47.81105423 107.25832367 25.03642464
v -47.41341019 107.34278870 25.05221748
v -47.05621719 107.53419495 25.08800316
v -46.76854324 107.81695557 25.14086914
v -46.57380295 108.16805267 25.20651245
v -46.48784637 108.55892181 25.27959061
v -46.51767349 108.95774078 25.35415649
v -46.66085052 109.33204651 25.42413712
v -46.90573120 109.65138245 25.48384285
v -47.23237991 109.88974762 25.52840805
v -47.61420822 110.02774811 25.55421066
v -35.32014465 110.05415344 25.55914688
v -35.71714401 109.96681213 25.54281616
v -35.51678085 107.28765869 25.04191017
v -35.11105347 107.25832367 25.03642464
v -34.71341324 107.34278870 25.05221748
v -34.35621643 107.53419495 25.08800316
v -34.06854248 107.81695557 25.14086914
v -33.87380219 108.16805267 25.20651245
v -33.78784561 108.55892181 25.27959061
v -33.81767273 108.95774078 25.35415649
v -33.96085358 109.33204651 25.42413712
v -34.20573044 109.65138245 25.48384285
v -34.53237915 109.88974762 25.52840805
v -34.91420746 110.02774811 25.55421066
v -22.62014389 110.05415344 25.55914688
v -23.01714325 109.96681213 25.54281616
v -22.81678009 107.28765869 25.04191017
v -22.41105461 107.25832367 25.03642464
v -22.01341057 107.34278870 25.05221748
v -21.65621567 107.53419495 25.08800316
v -21.36854172 107.81695557 25.14086914
v -21.17380142 108.16805267 25.20651245
v -21.08784676 108.55892181 25.27959061
v -21.11767197 108.95774078 25.35415649
v -21.26085091 109.33204651 25.42413712
v -21.50572968 109.65138245 25.48384285
v -21.83237839 109.88974762 25.52840805
v -22.21420860 110.02774811 25.55421066
v -67.42014313 110.05415344 25.55914688
v -67.81714630 109.96681213 25.54281616
v -67.61678314 107.28765869 25.04191017
v -67.21105194 107.25832367 25.03642464
v -66.81340790 107.34278870 25.05221748
v -66.45621490 107.53419495 25.08800316
v -66.16854095 107.81695557 25.14086914
v -65.97380066 108.16805267 25.20651245
v -65.88784790 108.55892181 25.27959061
v -65.91767120 108.95774078 25.35415649
v -66.06085205 109.33204651 25.42413712
v -66.30573273 109.65138245 25.48384285
v -66.63237762 109.88974762 25.52840805
v -67.01420593 110.02774811 25.55421066
v -54.72014236 110.05415344 25.55914688
v -55.11714172 109.96681213 25.54281616
v -54.91678238 107.28765869 25.04191017
v -54.51105499 107.25832367 25.03642464
v -54.11341095 107.34278870 25.05221748
v -53.75621796 107.53419495 25.08800316
v -53.46854019 107.81695557 25.14086914
v -53.27380371 108.16805267 25.20651245
v -53.18784714 108.55892181 25.27959061
v -53.21767426 108.95774078 25.35415649
v -53.36085129 109.33204651 25.42413712
v -53.60573196 109.65138245 25.48384285
v -53.93237686 109.88974762 25.52840805
v -54.31420898 110.02774811 25.55421066
v -42.02014160 110.05415344 25.55914688
v -42.41714478 109.96681213 25.54281616
v -42.21678162 107.28765869 25.04191017
v -41.81105423 107.25832367 25.03642464
v -41.41341019 107.34278870 25.05221748
v -41.05621719 107.53419495 25.08800316
v -40.76854324 107.81695557 25.14086914
v -40.57380295 108.16805267 25.20651245
v -40.48784637 108.55892181 25.27959061
v -40.51767349 108.95774078 25.35415649
v -40.66085052 109.33204651 25.42413712
v -40.90573120 109.65138245 25.48384285
v -41.23237991 109.88974762 25.52840805
v -41.61420822 110.02774811 25.55421066
v -29.32014275 110.05415344 25.55914688
v -29.71714211 109.96681213 25.54281616
v -29.51678085 107.28765869 25.04191017
v -29.11105537 107.25832367 25.03642464
v -28.71341133 107.34278870 25.05221748
v -28.35621643 107.53419495 25.08800316
v -28.06854248 107.81695557 25.14086914
v -27.87380219 108.16805267 25.20651245
v -27.78784752 108.55892181 25.27959061
v -27.81767273 108.95774078 25.35415649
v -27.96085167 109.33204651 25.42413712
v -28.20573044 109.65138245 25.48384285
v -28.53237915 109.88974762 25.52840805
v -28.91420746 110.02774811 25.55421066
v -16.62014389 110.05415344 25.55914688
v -17.01714325 109.96681213 25.54281616
v -16.81678009 107.28765869 25.04191017
v -16.41105461 107.25832367 25.03642464
v -16.01341057 107.34278870 25.05221748
v -15.65621662 107.53419495 25.08800316
v -15.36854172 107.81695557 25.14086914
v -15.17380142 108.16805267 25.20651245
v -15.08784676 108.55892181 25.27959061
v -15.11767292 108.95774078 25.35415649
v -15.26085186 109.33204651 25.42413712
v -15.50573063 109.65138245 25.48384285
v -15.83237839 109.88974762 25.52840805
v -16.21420860 110.02774811 25.55421066
v -49.66957092 106.74467468 38.94045639
v -49.74790192 106.76027679 38.93753815
v -49.51036835 106.73213959 38.94279861
v -40.69971085 106.76027679 38.93753815
v -40.31036758 106.73213959 38.94279861
v -40.39069366 106.80838013 38.92854309
v -40.00135040 106.78025055 38.93380356
v -40.11192322 106.94800568 38.90243912
v -39.72257996 106.91986847 38.90769958
v -39.89069366 107.16546631 38.86178207
v -39.50135040 107.13733673 38.86704254
v -39.74865341 107.43948364 38.81055069
v -39.35931015 107.41135406 38.81581116
v -39.31036758 107.71510315 38.75901794
v -39.69971085 107.74324036 38.75375748
v -39.31036758 110.22144318 38.29042435
v -39.36036682 110.22144318 38.29042435
v -39.37807465 110.22564697 38.28963852
v -39.39564514 110.23822021 38.28728867
v -39.42981339 110.28800964 38.27797699
v -39.49061966 110.47941589 38.24219131
v -39.69971085 111.05442047 38.13468552
v -39.53521729 110.77183533 38.18751907
v -39.55805206 111.12889862 38.12076187
v -39.78702545 111.07320404 38.13117599
v -39.82302856 111.12889862 38.12076187
v -39.74971008 111.05442047 38.13468552
v -39.76844788 111.05912781 38.13380814
v -49.59022522 106.73527527 38.94221115
v -39.86215210 111.18737030 38.10001755
v -39.56036758 111.20331573 38.09042358
v -39.90359497 111.23664856 38.06239700
v -39.56036758 111.25083923 38.04588318
v -39.93682861 111.27494812 38.00517654
v -39.56036758 111.28153229 37.98843384
v -39.94971085 111.29186249 37.93468475
v -39.56036758 111.29213715 37.92416763
v -39.94971085 111.29201508 37.93118286
v -39.94971085 111.29210663 37.92767715
v -39.94971085 111.29213715 37.92416763
v -36.96957397 106.74467468 38.94045639
v -37.04790497 106.76027679 38.93753815
v -36.81036758 106.73213959 38.94279861
v -27.99971008 106.76027679 38.93753815
v -27.61036682 106.73213959 38.94279861
v -27.69069290 106.80838013 38.92854309
v -27.30134964 106.78025055 38.93380356
v -27.41192436 106.94800568 38.90243912
v -27.02258110 106.91986847 38.90769958
v -27.19069290 107.16546631 38.86178207
v -26.80134964 107.13733673 38.86704254
v -27.04865265 107.43948364 38.81055069
v -26.65930939 107.41135406 38.81581116
v -26.61036682 107.71510315 38.75901794
v -26.99971008 107.74324036 38.75375748
v -26.61036682 110.22144318 38.29042435
v -26.66036606 110.22144318 38.29042435
v -26.67807579 110.22564697 38.28963852
v -26.69564438 110.23822021 38.28728867
v -26.72981453 110.28800964 38.27797699
v -26.79062080 110.47941589 38.24219131
v -26.99971008 111.05442047 38.13468552
v -26.83521652 110.77183533 38.18751907
v -26.85805130 111.12889862 38.12076187
v -27.08702469 111.07320404 38.13117599
v -27.12302780 111.12889862 38.12076187
v -27.04970932 111.05442047 38.13468552
v -27.06844902 111.05912781 38.13380814
v -36.89022446 106.73527527 38.94221115
v -62.36957169 106.74467468 38.94045639
v -62.44790268 106.76027679 38.93753815
v -62.21036530 106.73213959 38.94279861
v -53.39971161 106.76027679 38.93753815
v -53.01036835 106.73213959 38.94279861
v -53.09069443 106.80838013 38.92854309
v -52.70135117 106.78025055 38.93380356
v -52.81192398 106.94800568 38.90243912
v -52.42258072 106.91986847 38.90769958
v -52.59069443 107.16546631 38.86178207
v -52.20135117 107.13733673 38.86704254
v -52.44865417 107.43948364 38.81055069
v -52.05931091 107.41135406 38.81581116
v -52.01036835 107.71510315 38.75901794
v -52.39971161 107.74324036 38.75375748
v -52.01036835 110.22144318 38.29042435
v -52.06036758 110.22144318 38.29042435
v -52.07807541 110.22564697 38.28963852
v -52.09564209 110.23822021 38.28728867
v -52.12981415 110.28800964 38.27797699
v -52.19062042 110.47941589 38.24219131
v -52.39971161 111.05442047 38.13468552
v -52.23521805 110.77183533 38.18751907
v -52.25805283 111.12889862 38.12076187
v -52.48702621 111.07320404 38.13117599
v -52.52302933 111.12889862 38.12076187
v -52.44971085 111.05442047 38.13468552
v -52.46844864 111.05912781 38.13380814
v -62.29022598 106.73527527 38.94221115
v -39.50135040 107.13733673 25.01380539
v -39.35931015 107.41135406 25.06503677
v -39.31036758 107.71510315 25.12182808
v -39.72257996 106.91986847 24.97314644
v -40.00135040 106.78025055 24.94704247
v -40.31036758 106.73213959 24.93804932
v -52.56215286 111.18737030 38.10001755
v -52.26036835 111.20331573 38.09042358
v -52.60359573 111.23664856 38.06239700
v -52.26036835 111.25083923 38.04588318
v -52.63682938 111.27494812 38.00517654
v -52.26036835 111.28153229 37.98843384
v -52.64971161 111.29186249 37.93468475
v -52.26036835 111.29213715 37.92416763
v -52.64971161 111.29201508 37.93118286
v -52.64971161 111.29210663 37.92767715
v -52.64971161 111.29213715 37.92416763
v -27.16215134 111.18737030 38.10001755
v -26.86036682 111.20331573 38.09042358
v -27.20359612 111.23664856 38.06239700
v -26.86036682 111.25083923 38.04588318
v -27.23682785 111.27494812 38.00517654
v -26.86036682 111.28153229 37.98843384
v -27.24971008 111.29186249 37.93468475
v -26.86036682 111.29213715 37.92416763
v -27.24971008 111.29201508 37.93118286
v -27.24971008 111.29210663 37.92767715
v -27.24971008 111.29213715 37.92416763
v -74.99022675 106.73527527 38.94221115
v -74.91036987 106.73213959 38.94279861
v -75.14790344 106.76027679 38.93753815
v -75.06957245 106.74467468 38.94045639
v -24.19022369 106.73527527 38.94221115
v -24.11036682 106.73213959 38.94279861
v -24.34790230 106.76027679 38.93753815
v -24.26957321 106.74467468 38.94045639
v -39.31036758 111.68867493 25.59042358
v -39.36036682 111.68867493 25.59042358
v -39.43875885 111.69821167 25.60642815
v -39.50287247 111.72142792 25.65009880
v -39.54527283 111.74880219 25.71420288
v -39.56036758 111.77210999 25.79042435
v -39.56036758 111.78321075 25.84524918
v -39.56036758 111.78990173 25.90078545
v -39.56036758 111.79213715 25.95667839
v -66.09970856 106.76027679 38.93753815
v -65.71036530 106.73213959 38.94279861
v -65.79069519 106.80838013 38.92854309
v -65.40135193 106.78025055 38.93380356
v -65.51192474 106.94800568 38.90243912
v -65.12258148 106.91986847 38.90769958
v -65.29069519 107.16546631 38.86178207
v -64.90135193 107.13733673 38.86704254
v -65.14865112 107.43948364 38.81055069
v -64.75930786 107.41135406 38.81581116
v -64.71036530 107.71510315 38.75901794
v -65.09970856 107.74324036 38.75375748
v -64.71036530 110.22144318 38.29042435
v -64.76036835 110.22144318 38.29042435
v -64.77807617 110.22564697 38.28963852
v -64.79564667 110.23822021 38.28728867
v -64.82981873 110.28800964 38.27797699
v -64.89061737 110.47941589 38.24219131
v -65.09970856 111.05442047 38.13468552
v -64.93521881 110.77183533 38.18751907
v -64.95805359 111.12889862 38.12076187
v -65.18702698 111.07320404 38.13117599
v -65.22303009 111.12889862 38.12076187
v -65.14971161 111.05442047 38.13468552
v -65.16844940 111.05912781 38.13380814
v -15.29971027 106.76027679 38.93753815
v -14.91036701 106.73213959 38.94279861
v -14.99069309 106.80838013 38.92854309
v -14.60134983 106.78025055 38.93380356
v -14.71192455 106.94800568 38.90243912
v -14.32258129 106.91986847 38.90769958
v -14.49069309 107.16546631 38.86178207
v -14.10134983 107.13733673 38.86704254
v -14.34865379 107.43948364 38.81055069
v -13.95931053 107.41135406 38.81581116
v -13.91036701 107.71510315 38.75901794
v -14.29971027 107.74324036 38.75375748
v -13.91036701 110.22144318 38.29042435
v -13.96036625 110.22144318 38.29042435
v -13.97807503 110.22564697 38.28963852
v -13.99564362 110.23822021 38.28728867
v -14.02981472 110.28800964 38.27797699
v -14.09062099 110.47941589 38.24219131
v -14.29971027 111.05442047 38.13468552
v -14.13521671 110.77183533 38.18751907
v -14.15805244 111.12889862 38.12076187
v -14.38702393 111.07320404 38.13117599
v -14.42302799 111.12889862 38.12076187
v -14.34971046 111.05442047 38.13468552
v -14.36844921 111.05912781 38.13380814
v -52.20135117 107.13733673 25.01380539
v -52.05931091 107.41135406 25.06503677
v -52.01036835 107.71510315 25.12182808
v -52.42258072 106.91986847 24.97314644
v -52.70135117 106.78025055 24.94704247
v -53.01036835 106.73213959 24.93804932
v -26.80134964 107.13733673 25.01380539
v -26.65930939 107.41135406 25.06503677
v -26.61036682 107.71510315 25.12182808
v -27.02258110 106.91986847 24.97314644
v -27.30134964 106.78025055 24.94704247
v -27.61036682 106.73213959 24.93804932
v -52.01036835 111.68867493 25.59042358
v -52.06036758 111.68867493 25.59042358
v -52.13875961 111.69821167 25.60642815
v -52.20287323 111.72142792 25.65009880
v -52.24526978 111.74880219 25.71420288
v -52.26036835 111.77210999 25.79042435
v -52.26036835 111.78321075 25.84524918
v -52.26036835 111.78990173 25.90078545
v -52.26036835 111.79213715 25.95667839
v -65.26215363 111.18737030 38.10001755
v -64.96036530 111.20331573 38.09042358
v -65.30359650 111.23664856 38.06239700
v -64.96036530 111.25083923 38.04588318
v -65.33683014 111.27494812 38.00517654
v -64.96036530 111.28153229 37.98843384
v -65.34970856 111.29186249 37.93468475
v -64.96036530 111.29213715 37.92416763
v -65.34970856 111.29201508 37.93118286
v -65.34970856 111.29210663 37.92767715
v -65.34970856 111.29213715 37.92416763
v -14.46215153 111.18737030 38.10001755
v -14.16036701 111.20331573 38.09042358
v -14.50359631 111.23664856 38.06239700
v -14.16036701 111.25083923 38.04588318
v -14.53682804 111.27494812 38.00517654
v -14.16036701 111.28153229 37.98843384
v -14.54971027 111.29186249 37.93468475
v -14.16036701 111.29213715 37.92416763
v -14.54971027 111.29201508 37.93118286
v -14.54971027 111.29210663 37.92767715
v -14.54971027 111.29213715 37.92416763
v -52.25540543 111.79213715 26.68468666
v -52.25540543 111.29213715 26.68468666
v -52.25815582 111.79213715 26.67006874
v -52.25815582 111.29213715 26.67006874
v -52.25981522 111.79213715 26.65528679
v -52.25981522 111.29213715 26.65528679
v -52.26036835 111.79213715 26.64042282
v -52.26036835 111.29213715 26.64042282
v -13.91036701 111.68867493 25.59042358
v -13.96036625 111.68867493 25.59042358
v -14.03876019 111.69821167 25.60642815
v -14.10287285 111.72142792 25.65009880
v -14.14527130 111.74880219 25.71420288
v -14.16036701 111.77210999 25.79042435
v -14.16036701 111.78321075 25.84524918
v -14.16036701 111.78990173 25.90078545
v -14.16036701 111.79213715 25.95667839
v -64.71036530 111.68867493 25.59042358
v -64.76036835 111.68867493 25.59042358
v -64.83876038 111.69821167 25.60642815
v -64.90287018 111.72142792 25.65009880
v -64.94527435 111.74880219 25.71420288
v -64.96036530 111.77210999 25.79042435
v -64.96036530 111.78321075 25.84524918
v -64.96036530 111.78990173 25.90078545
v -64.96036530 111.79213715 25.95667839
v -39.55540848 111.79213715 26.68468666
v -39.55540848 111.29213715 26.68468666
v -39.55815887 111.79213715 26.67006874
v -39.55815887 111.29213715 26.67006874
v -39.55981445 111.79213715 26.65528679
v -39.55981445 111.29213715 26.65528679
v -39.56036758 111.79213715 26.64042282
v -39.56036758 111.29213715 26.64042282
v -26.61036682 111.68867493 25.59042358
v -26.66036606 111.68867493 25.59042358
v -26.73875999 111.69821167 25.60642815
v -26.80287361 111.72142792 25.65009880
v -26.84527206 111.74880219 25.71420288
v -26.86036682 111.77210999 25.79042435
v -26.86036682 111.78321075 25.84524918
v -26.86036682 111.78990173 25.90078545
v -26.86036682 111.79213715 25.95667839
v -64.95540619 111.79213715 26.68468666
v -64.95540619 111.29213715 26.68468666
v -64.95816040 111.79213715 26.67006874
v -64.95816040 111.29213715 26.67006874
v -64.95981598 111.79213715 26.65528679
v -64.95981598 111.29213715 26.65528679
v -64.96036530 111.79213715 26.64042282
v -64.96036530 111.29213715 26.64042282
v -26.85540771 111.79213715 26.68468666
v -26.85540771 111.29213715 26.68468666
v -26.85815811 111.79213715 26.67006874
v -26.85815811 111.29213715 26.67006874
v -26.85981369 111.79213715 26.65528679
v -26.85981369 111.29213715 26.65528679
v -26.86036682 111.79213715 26.64042282
v -26.86036682 111.29213715 26.64042282
v -14.16036701 109.29213715 28.44198799
v -14.16036701 109.33577728 28.19870377
v -14.16036701 109.46124268 27.98575020
v -14.16036701 109.65290833 27.82967949
v -14.16036701 109.88686371 27.74995041
v -75.66036987 111.29213715 36.51655579
v -75.66036987 111.29213715 36.36081696
v -75.66036987 111.27015686 36.42539597
v -75.66036987 111.27015686 36.26965714
v -75.66036987 111.29210663 25.79743385
v -75.66036987 111.25083923 25.83496284
v -75.66036987 111.29213715 25.80094147
v -75.66036987 111.28153229 25.89241219
v -75.66036987 111.29213715 25.95667839
v -75.66036987 111.29201508 25.79392815
v -75.66036987 111.29186249 25.79042435
v -75.66036987 111.20331573 25.79042435
v -14.16036701 111.12222290 27.56201553
v -14.16036701 111.20903778 27.52657127
v -14.16036701 111.27015686 27.45545197
v -14.54971027 111.27015686 27.45545197
v -14.16036701 111.29213715 27.36429214
v -14.54971027 111.29213715 27.36429214
v -73.39329529 107.28765869 38.68320084
v -73.00870514 107.31832123 38.67746735
v -72.64816284 107.45343018 38.65220642
v -72.34041595 107.68222046 38.60943222
v -72.10999298 107.98644257 38.55255127
v -71.97526550 108.34185791 38.48610306
v -72.81703949 109.88119507 38.19829941
v -72.48046875 109.69571686 38.23297882
v -73.19293213 109.96681213 38.18229294
v -72.21006775 109.42514801 38.28356552
v -72.02738190 109.09107208 38.34602737
v -71.94697571 108.72011566 38.41538239
v -60.69329453 107.28765869 38.68320084
v -60.30870438 107.31832123 38.67746735
v -59.94816208 107.45343018 38.65220642
v -59.64041138 107.68222046 38.60943222
v -59.40998840 107.98644257 38.55255127
v -59.27526474 108.34185791 38.48610306
v -60.11703873 109.88119507 38.19829941
v -59.78047180 109.69571686 38.23297882
v -60.49293518 109.96681213 38.18229294
v -59.51006699 109.42514801 38.28356552
v -59.32737732 109.09107208 38.34602737
v -59.24697495 108.72011566 38.41538239
v -47.99329758 107.28765869 38.68320084
v -47.60870361 107.31832123 38.67746735
v -47.24816132 107.45343018 38.65220642
v -46.94041061 107.68222046 38.60943222
v -46.70999146 107.98644257 38.55255127
v -46.57526398 108.34185791 38.48610306
v -47.41703796 109.88119507 38.19829941
v -47.08047104 109.69571686 38.23297882
v -47.79293442 109.96681213 38.18229294
v -46.81006622 109.42514801 38.28356552
v -46.62738037 109.09107208 38.34602737
v -46.54697418 108.72011566 38.41538239
v -35.29329681 107.28765869 38.68320084
v -34.90870285 107.31832123 38.67746735
v -34.54816055 107.45343018 38.65220642
v -34.24041367 107.68222046 38.60943222
v -34.00999069 107.98644257 38.55255127
v -33.87526321 108.34185791 38.48610306
v -34.71703720 109.88119507 38.19829941
v -34.38047028 109.69571686 38.23297882
v -35.09293365 109.96681213 38.18229294
v -34.11006546 109.42514801 38.28356552
v -33.92737961 109.09107208 38.34602737
v -33.84697342 108.72011566 38.41538239
v -22.59329605 107.28765869 38.68320084
v -22.20870399 107.31832123 38.67746735
v -21.84816170 107.45343018 38.65220642
v -21.54041290 107.68222046 38.60943222
v -21.30998993 107.98644257 38.55255127
v -21.17526436 108.34185791 38.48610306
v -22.01703835 109.88119507 38.19829941
v -21.68047142 109.69571686 38.23297882
v -22.39293289 109.96681213 38.18229294
v -21.41006660 109.42514801 38.28356552
v -21.22737885 109.09107208 38.34602737
v -21.14697456 108.72011566 38.41538239
v -67.39329529 107.28765869 38.68320084
v -67.00870514 107.31832123 38.67746735
v -66.64816284 107.45343018 38.65220642
v -66.34041595 107.68222046 38.60943222
v -66.10999298 107.98644257 38.55255127
v -65.97526550 108.34185791 38.48610306
v -66.81703949 109.88119507 38.19829941
v -66.48046875 109.69571686 38.23297882
v -67.19293213 109.96681213 38.18229294
v -66.21006775 109.42514801 38.28356552
v -66.02738190 109.09107208 38.34602737
v -65.94697571 108.72011566 38.41538239
v -54.69329453 107.28765869 38.68320084
v -54.30870438 107.31832123 38.67746735
v -53.94816208 107.45343018 38.65220642
v -53.64041138 107.68222046 38.60943222
v -53.40998840 107.98644257 38.55255127
v -53.27526474 108.34185791 38.48610306
v -54.11703873 109.88119507 38.19829941
v -53.78047180 109.69571686 38.23297882
v -54.49293518 109.96681213 38.18229294
v -53.51006699 109.42514801 38.28356552
v -53.32737732 109.09107208 38.34602737
v -53.24697495 108.72011566 38.41538239
v -41.99329758 107.28765869 38.68320084
v -41.60870361 107.31832123 38.67746735
v -41.24816132 107.45343018 38.65220642
v -40.94041061 107.68222046 38.60943222
v -40.70999146 107.98644257 38.55255127
v -40.57526398 108.34185791 38.48610306
v -41.41703796 109.88119507 38.19829941
v -41.08047104 109.69571686 38.23297882
v -41.79293442 109.96681213 38.18229294
v -40.81006622 109.42514801 38.28356552
v -40.62738037 109.09107208 38.34602737
v -40.54697418 108.72011566 38.41538239
v -29.29329681 107.28765869 38.68320084
v -28.90870476 107.31832123 38.67746735
v -28.54816246 107.45343018 38.65220642
v -28.24041176 107.68222046 38.60943222
v -28.00998878 107.98644257 38.55255127
v -27.87526321 108.34185791 38.48610306
v -28.71703720 109.88119507 38.19829941
v -28.38047218 109.69571686 38.23297882
v -29.09293365 109.96681213 38.18229294
v -28.11006546 109.42514801 38.28356552
v -27.92737961 109.09107208 38.34602737
v -27.84697533 108.72011566 38.41538239
v -16.59329605 107.28765869 38.68320084
v -16.20870399 107.31832123 38.67746735
v -15.84816265 107.45343018 38.65220642
v -15.54041290 107.68222046 38.60943222
v -15.30998993 107.98644257 38.55255127
v -15.17526340 108.34185791 38.48610306
v -16.01703835 109.88119507 38.19829941
v -15.68047142 109.69571686 38.23297882
v -16.39293289 109.96681213 38.18229294
v -15.41006565 109.42514801 38.28356552
v -15.22737885 109.09107208 38.34602737
v -15.14697552 108.72011566 38.41538239
v -75.91036987 107.71510315 25.12182808
v -75.91036987 107.74324036 24.97135162
v -75.86141968 107.41135406 25.06503677
v -75.86141968 107.43948364 24.91456032
v -75.71938324 107.13733673 25.01380539
v -75.71938324 107.16546631 24.86332703
v -75.49815369 106.91986847 24.97314644
v -75.49815369 106.94800568 24.82266998
v -75.21938324 106.78025055 24.94704247
v -75.21938324 106.80838013 24.79656601
v -74.91036987 106.73213959 24.93804932
v -74.91036987 106.76027679 24.78757095
v -64.90135193 107.13733673 25.01380539
v -64.75930786 107.41135406 25.06503677
v -64.71036530 107.71510315 25.12182808
v -65.12258148 106.91986847 24.97314644
v -65.40135193 106.78025055 24.94704247
v -65.71036530 106.73213959 24.93804932
v -63.21036530 107.71510315 25.12182808
v -63.21036530 107.74324036 24.97135162
v -63.16142273 107.41135406 25.06503677
v -63.16142273 107.43948364 24.91456032
v -63.01938248 107.13733673 25.01380539
v -63.01938248 107.16546631 24.86332703
v -62.79815292 106.91986847 24.97314644
v -62.79815292 106.94800568 24.82266998
v -62.51938248 106.78025055 24.94704247
v -62.51938248 106.80838013 24.79656601
v -62.21036530 106.73213959 24.93804932
v -62.21036530 106.76027679 24.78757095
v -50.51036835 107.71510315 25.12182808
v -50.51036835 107.74324036 24.97135162
v -50.46142197 107.41135406 25.06503677
v -50.46142197 107.43948364 24.91456032
v -50.31938553 107.13733673 25.01380539
v -50.31938553 107.16546631 24.86332703
v -50.09815216 106.91986847 24.97314644
v -50.09815216 106.94800568 24.82266998
v -49.81938553 106.78025055 24.94704247
v -49.81938553 106.80838013 24.79656601
v -49.51036835 106.73213959 24.93804932
v -49.51036835 106.76027679 24.78757095
v -37.81036758 107.71510315 25.12182808
v -37.81036758 107.74324036 24.97135162
v -37.76142502 107.41135406 25.06503677
v -37.76142502 107.43948364 24.91456032
v -37.61938477 107.13733673 25.01380539
v -37.61938477 107.16546631 24.86332703
v -37.39815140 106.91986847 24.97314644
v -37.39815140 106.94800568 24.82266998
v -37.11938477 106.78025055 24.94704247
v -37.11938477 106.80838013 24.79656601
v -36.81036758 106.73213959 24.93804932
v -36.81036758 106.76027679 24.78757095
v -25.11036682 107.71510315 25.12182808
v -25.11036682 107.74324036 24.97135162
v -25.06142235 107.41135406 25.06503677
v -25.06142235 107.43948364 24.91456032
v -24.91938400 107.13733673 25.01380539
v -24.91938400 107.16546631 24.86332703
v -24.69815254 106.91986847 24.97314644
v -24.69815254 106.94800568 24.82266998
v -24.41938400 106.78025055 24.94704247
v -24.41938400 106.80838013 24.79656601
v -24.11036682 106.73213959 24.93804932
v -24.11036682 106.76027679 24.78757095
v -14.10134983 107.13733673 25.01380539
v -13.95931053 107.41135406 25.06503677
v -13.91036701 107.71510315 25.12182808
v -14.32258129 106.91986847 24.97314644
v -14.60134983 106.78025055 24.94704247
v -14.91036701 106.73213959 24.93804932
v -75.91036987 111.05442047 25.59042358
v -75.91036987 110.22144318 25.59042358
v -65.86217499 106.76027679 24.78757095
v -74.00137329 107.31832123 25.04764366
v -74.36191559 107.45343018 25.07290459
v -74.66966248 107.68222046 25.11567879
v -74.90008545 107.98644257 25.17255783
v -75.03481293 108.34185791 25.23900795
v -75.06310272 108.72011566 25.30972862
v -74.98269653 109.09107208 25.37908554
v -74.80001068 109.42514801 25.44154549
v -75.86036682 110.22144318 25.59042358
v -74.52960205 109.69571686 25.49213028
v -75.84265900 110.22564697 25.59120941
v -74.19303894 109.88119507 25.52680969
v -75.82508850 110.23822021 25.59355927
v -75.79091644 110.28800964 25.60286903
v -75.73011017 110.47941589 25.63865471
v -75.66268158 111.12889862 25.76008415
v -75.68551636 110.77183533 25.69332695
v -68.19303894 109.88119507 25.52680969
v -68.52960205 109.69571686 25.49213028
v -68.80001068 109.42514801 25.44154549
v -68.98269653 109.09107208 25.37908554
v -69.06310272 108.72011566 25.30972862
v -69.03481293 108.34185791 25.23900795
v -68.90008545 107.98644257 25.17255783
v -68.66966248 107.68222046 25.11567879
v -68.36191559 107.45343018 25.07290459
v -68.00137329 107.31832123 25.04764366
v -64.93521881 110.77183533 25.69332695
v -64.95805359 111.12889862 25.76008415
v -64.82981873 110.28800964 25.60286903
v -64.89061737 110.47941589 25.63865471
v -64.77807617 110.22564697 25.59120941
v -64.79564667 110.23822021 25.59355927
v -64.76036835 110.22144318 25.59042358
v -64.71036530 110.22144318 25.59042358
v -63.21036530 111.05442047 25.59042358
v -63.21036530 110.22144318 25.59042358
v -53.16217422 106.76027679 24.78757095
v -61.30137253 107.31832123 25.04764366
v -61.66191483 107.45343018 25.07290459
v -61.96966553 107.68222046 25.11567879
v -62.20008850 107.98644257 25.17255783
v -62.33481216 108.34185791 25.23900795
v -62.36310196 108.72011566 25.30972862
v -62.28269577 109.09107208 25.37908554
v -62.10000992 109.42514801 25.44154549
v -63.16036606 110.22144318 25.59042358
v -61.82960510 109.69571686 25.49213028
v -63.14265823 110.22564697 25.59120941
v -61.49303818 109.88119507 25.52680969
v -63.12508774 110.23822021 25.59355927
v -63.09091949 110.28800964 25.60286903
v -63.03011322 110.47941589 25.63865471
v -62.96268082 111.12889862 25.76008415
v -62.98551559 110.77183533 25.69332695
v -55.49303818 109.88119507 25.52680969
v -55.82960510 109.69571686 25.49213028
v -56.10000992 109.42514801 25.44154549
v -56.28269577 109.09107208 25.37908554
v -56.36310196 108.72011566 25.30972862
v -56.33481216 108.34185791 25.23900795
v -56.20008850 107.98644257 25.17255783
v -55.96966553 107.68222046 25.11567879
v -55.66191483 107.45343018 25.07290459
v -55.30137253 107.31832123 25.04764366
v -52.23521805 110.77183533 25.69332695
v -52.25805283 111.12889862 25.76008415
v -52.12981415 110.28800964 25.60286903
v -52.19062042 110.47941589 25.63865471
v -52.07807541 110.22564697 25.59120941
v -52.09564209 110.23822021 25.59355927
v -52.06036758 110.22144318 25.59042358
v -52.01036835 110.22144318 25.59042358
v -50.51036835 111.05442047 25.59042358
v -50.51036835 110.22144318 25.59042358
v -40.46217346 106.76027679 24.78757095
v -48.60137177 107.31832123 25.04764366
v -48.96191406 107.45343018 25.07290459
v -49.26966476 107.68222046 25.11567879
v -49.50008774 107.98644257 25.17255783
v -49.63481140 108.34185791 25.23900795
v -49.66310120 108.72011566 25.30972862
v -49.58269882 109.09107208 25.37908554
v -49.40000916 109.42514801 25.44154549
v -50.46036530 110.22144318 25.59042358
v -49.12960434 109.69571686 25.49213028
v -50.44265747 110.22564697 25.59120941
v -48.79303741 109.88119507 25.52680969
v -50.42509079 110.23822021 25.59355927
v -50.39091873 110.28800964 25.60286903
v -50.33011246 110.47941589 25.63865471
v -50.26268005 111.12889862 25.76008415
v -50.28551865 110.77183533 25.69332695
v -42.79303741 109.88119507 25.52680969
v -43.12960434 109.69571686 25.49213028
v -43.40000916 109.42514801 25.44154549
v -43.58269882 109.09107208 25.37908554
v -43.66310120 108.72011566 25.30972862
v -43.63481140 108.34185791 25.23900795
v -43.50008774 107.98644257 25.17255783
v -43.26966476 107.68222046 25.11567879
v -42.96191406 107.45343018 25.07290459
v -42.60137177 107.31832123 25.04764366
v -39.53521729 110.77183533 25.69332695
v -39.55805206 111.12889862 25.76008415
v -39.42981339 110.28800964 25.60286903
v -39.49061966 110.47941589 25.63865471
v -39.37807465 110.22564697 25.59120941
v -39.39564514 110.23822021 25.59355927
v -39.36036682 110.22144318 25.59042358
v -39.31036758 110.22144318 25.59042358
v -37.81036758 111.05442047 25.59042358
v -37.81036758 110.22144318 25.59042358
v -27.76217270 106.76027679 24.78757095
v -35.90137100 107.31832123 25.04764366
v -36.26191330 107.45343018 25.07290459
v -36.56966400 107.68222046 25.11567879
v -36.80008698 107.98644257 25.17255783
v -36.93481445 108.34185791 25.23900795
v -36.96310043 108.72011566 25.30972862
v -36.88269806 109.09107208 25.37908554
v -36.70001221 109.42514801 25.44154549
v -37.76036835 110.22144318 25.59042358
v -36.42960358 109.69571686 25.49213028
v -37.74265671 110.22564697 25.59120941
v -36.09304047 109.88119507 25.52680969
v -37.72509003 110.23822021 25.59355927
v -37.69091797 110.28800964 25.60286903
v -37.63011169 110.47941589 25.63865471
v -37.56268311 111.12889862 25.76008415
v -37.58551788 110.77183533 25.69332695
v -30.09303856 109.88119507 25.52680969
v -30.42960548 109.69571686 25.49213028
v -30.70001030 109.42514801 25.44154549
v -30.88269806 109.09107208 25.37908554
v -30.96310234 108.72011566 25.30972862
v -30.93481255 108.34185791 25.23900795
v -30.80008698 107.98644257 25.17255783
v -30.56966400 107.68222046 25.11567879
v -30.26191521 107.45343018 25.07290459
v -29.90137291 107.31832123 25.04764366
v -26.83521652 110.77183533 25.69332695
v -26.85805130 111.12889862 25.76008415
v -26.72981453 110.28800964 25.60286903
v -26.79062080 110.47941589 25.63865471
v -26.67807579 110.22564697 25.59120941
v -26.69564438 110.23822021 25.59355927
v -26.66036606 110.22144318 25.59042358
v -26.61036682 110.22144318 25.59042358
v -25.11036682 111.05442047 25.59042358
v -25.11036682 110.22144318 25.59042358
v -15.06217384 106.76027679 24.78757095
v -23.20137215 107.31832123 25.04764366
v -23.56191444 107.45343018 25.07290459
v -23.86966324 107.68222046 25.11567879
v -24.10008621 107.98644257 25.17255783
v -24.23481369 108.34185791 25.23900795
v -24.26310158 108.72011566 25.30972862
v -24.18269730 109.09107208 25.37908554
v -24.00001144 109.42514801 25.44154549
v -25.06036758 110.22144318 25.59042358
v -23.72960472 109.69571686 25.49213028
v -25.04265785 110.22564697 25.59120941
v -23.39303780 109.88119507 25.52680969
v -25.02508926 110.23822021 25.59355927
v -24.99091911 110.28800964 25.60286903
v -24.93011284 110.47941589 25.63865471
v -24.86268044 111.12889862 25.76008415
v -24.88551712 110.77183533 25.69332695
v -17.39303780 109.88119507 25.52680969
v -17.72960472 109.69571686 25.49213028
v -18.00001144 109.42514801 25.44154549
v -18.18269730 109.09107208 25.37908554
v -18.26310158 108.72011566 25.30972862
v -18.23481369 108.34185791 25.23900795
v -18.10008621 107.98644257 25.17255783
v -17.86966324 107.68222046 25.11567879
v -17.56191444 107.45343018 25.07290459
v -17.20137215 107.31832123 25.04764366
v -14.13521671 110.77183533 25.69332695
v -14.15805244 111.12889862 25.76008415
v -14.02981472 110.28800964 25.60286903
v -14.09062099 110.47941589 25.63865471
v -13.97807503 110.22564697 25.59120941
v -13.99564362 110.23822021 25.59355927
v -13.96036625 110.22144318 25.59042358
v -13.91036701 110.22144318 25.59042358
v -13.91036701 111.68867493 38.29042435
v -26.61036682 111.68867493 38.29042435
v -39.31036758 111.68867493 38.29042435
v -52.01036835 111.68867493 38.29042435
v -64.71036530 111.68867493 38.29042435
v -64.76036835 111.68867493 38.29042435
v -64.96036530 111.77210999 38.09042358
v -64.94527435 111.74880219 38.16664505
v -64.90287018 111.72142792 38.23074722
v -64.83876038 111.69821167 38.27442169
v -64.96036530 111.79213715 37.24042511
v -64.96036530 111.79213715 37.92416763
v -64.96036530 111.78990173 37.98006439
v -64.96036530 111.78321075 38.03559875
v -64.96036530 111.29213715 37.24042511
v -64.76036835 111.29213715 37.04042435
v -64.86036682 111.29213715 37.06721878
v -64.93357086 111.29213715 37.14042282
v -64.93357086 111.79213715 37.14042282
v -63.35466766 111.79213715 37.04042435
v -63.35466766 111.29213715 37.04042435
v -52.06036758 111.68867493 38.29042435
v -52.26036835 111.77210999 38.09042358
v -52.24526978 111.74880219 38.16664505
v -52.20287323 111.72142792 38.23074722
v -52.13875961 111.69821167 38.27442169
v -52.26036835 111.79213715 37.24042511
v -52.26036835 111.79213715 37.92416763
v -52.26036835 111.78990173 37.98006439
v -52.26036835 111.78321075 38.03559875
v -52.26036835 111.29213715 37.24042511
v -52.06036758 111.29213715 37.04042435
v -52.16036606 111.29213715 37.06721878
v -52.23357010 111.29213715 37.14042282
v -52.23357010 111.79213715 37.14042282
v -50.65467072 111.79213715 37.04042435
v -50.65467072 111.29213715 37.04042435
v -39.36036682 111.68867493 38.29042435
v -39.56036758 111.77210999 38.09042358
v -39.54527283 111.74880219 38.16664505
v -39.50287247 111.72142792 38.23074722
v -39.43875885 111.69821167 38.27442169
v -39.56036758 111.79213715 37.24042511
v -39.56036758 111.79213715 37.92416763
v -39.56036758 111.78990173 37.98006439
v -39.56036758 111.78321075 38.03559875
v -39.56036758 111.29213715 37.24042511
v -39.36036682 111.29213715 37.04042435
v -39.46036530 111.29213715 37.06721878
v -39.53357315 111.29213715 37.14042282
v -39.53357315 111.79213715 37.14042282
v -37.95466995 111.79213715 37.04042435
v -37.95466995 111.29213715 37.04042435
v -26.66036606 111.68867493 38.29042435
v -26.86036682 111.77210999 38.09042358
v -26.84523773 111.74877167 38.16673279
v -26.80285454 111.72142029 38.23077011
v -26.73866653 111.69818878 38.27445984
v -26.86036682 111.79213715 37.24042511
v -26.86036682 111.79213715 37.92416763
v -26.86036682 111.78990173 37.98006439
v -26.86036682 111.78321075 38.03559875
v -26.86036682 111.29213715 37.24042511
v -26.66036606 111.29213715 37.04042435
v -26.76036644 111.29213715 37.06721878
v -26.83357239 111.29213715 37.14042282
v -26.83357239 111.79213715 37.14042282
v -25.25466919 111.79213715 37.04042435
v -25.25466919 111.29213715 37.04042435
v -13.96036625 111.68867493 38.29042435
v -14.16036701 111.77210999 38.09042358
v -14.14523697 111.74877167 38.16673279
v -14.10285568 111.72142029 38.23077011
v -14.03866673 111.69818878 38.27445984
v -26.86036682 111.20331573 25.79042435
v -26.86036682 111.29213715 25.95667839
v -26.86036682 111.28153229 25.89241219
v -26.86036682 111.25083923 25.83496284
v -39.56036758 111.20331573 25.79042435
v -39.56036758 111.29213715 25.95667839
v -39.56036758 111.28153229 25.89241219
v -39.56036758 111.25083923 25.83496284
v -52.26036835 111.20331573 25.79042435
v -52.26036835 111.29213715 25.95667839
v -52.26036835 111.28153229 25.89241219
v -52.26036835 111.25083923 25.83496284
v -64.96036530 111.20331573 25.79042435
v -64.96036530 111.29213715 25.95667839
v -64.96036530 111.28153229 25.89241219
v -64.96036530 111.25083923 25.83496284
v -75.86036682 111.05442047 25.59042358
v -75.82305145 111.07320404 25.59393501
v -75.78704834 111.12889862 25.60434723
v -75.74742889 111.18793488 25.62538147
v -75.70563507 111.23764038 25.66403008
v -75.67343903 111.27472687 25.71943283
v -75.84162903 111.05912781 25.59130287
v -14.16036701 111.29213715 36.51655579
v -14.16036701 111.62303162 36.06031799
v -14.16036701 111.79213715 37.92416763
v -14.16036701 111.79213715 36.51655579
v -14.16036701 111.74850464 36.27327347
v -14.16036701 111.43137360 35.90424728
v -14.16036701 111.27015686 36.42539597
v -14.16036701 111.19741821 35.82452011
v -14.16036701 111.20903778 36.35427475
v -14.16036701 111.12222290 36.31883240
v -14.16036701 109.96205902 35.63658524
v -14.16036701 109.88686371 36.13089752
v -14.16036701 109.87524414 35.60113907
v -14.16036701 109.81412506 35.53002167
v -14.16036701 109.65290833 36.05116653
v -14.16036701 109.79213715 35.43886185
v -14.16036701 109.46124268 35.89509583
v -14.16036701 109.29213715 35.43886185
v -14.16036701 109.33577728 35.68214417
v -14.16036701 109.79213715 28.44198799
v -14.16036701 109.81412506 28.35082626
v -14.16036701 109.87524414 28.27970695
v -14.16036701 109.96205902 28.24426270
v -14.16036701 111.19741821 28.05632973
v -14.16036701 111.43137360 27.97659874
v -14.16036701 111.62303162 27.82052803
v -14.16036701 111.29213715 25.95667839
v -14.16036701 111.28153229 25.89241219
v -14.16036701 111.25083923 25.83496284
v -14.16036701 111.20331573 25.79042435
v -14.16036701 111.79213715 27.36429214
v -14.16036701 111.74850464 27.60757637
v -14.16036701 111.78990173 37.98006439
v -14.16036701 111.78321075 38.03559875
v -25.06036758 111.05442047 25.59042358
v -25.02305222 111.07320404 25.59393501
v -24.98704910 111.12889862 25.60434723
v -24.94742966 111.18793488 25.62538147
v -24.90563202 111.23764038 25.66403008
v -24.87343788 111.27472687 25.71943283
v -24.86036682 111.29186249 25.79042435
v -24.86036682 111.20331573 25.79042435
v -25.04162788 111.05912781 25.59130287
v -24.86036682 111.29210663 25.79743385
v -24.86036682 111.25083923 25.83496284
v -24.86036682 111.29213715 25.80094147
v -24.86036682 111.28153229 25.89241219
v -24.86036682 111.29213715 25.95667839
v -24.86036682 111.29201508 25.79392815
v -37.76036835 111.05442047 25.59042358
v -37.72305298 111.07320404 25.59393501
v -37.68704987 111.12889862 25.60434723
v -37.64743042 111.18793488 25.62538147
v -37.60563278 111.23764038 25.66403008
v -37.57343674 111.27472687 25.71943283
v -37.56036758 111.29186249 25.79042435
v -37.56036758 111.20331573 25.79042435
v -37.74162674 111.05912781 25.59130287
v -37.56036758 111.29210663 25.79743385
v -37.56036758 111.25083923 25.83496284
v -37.56036758 111.29213715 25.80094147
v -37.56036758 111.28153229 25.89241219
v -37.56036758 111.29213715 25.95667839
v -37.56036758 111.29201508 25.79392815
v -50.46036530 111.05442047 25.59042358
v -50.42305374 111.07320404 25.59393501
v -50.38704681 111.12889862 25.60434723
v -50.34743118 111.18793488 25.62538147
v -50.30563354 111.23764038 25.66403008
v -50.27343750 111.27472687 25.71943283
v -50.26036835 111.29186249 25.79042435
v -50.26036835 111.20331573 25.79042435
v -50.44162750 111.05912781 25.59130287
v -50.26036835 111.29210663 25.79743385
v -50.26036835 111.25083923 25.83496284
v -50.26036835 111.29213715 25.80094147
v -50.26036835 111.28153229 25.89241219
v -50.26036835 111.29213715 25.95667839
v -50.26036835 111.29201508 25.79392815
v -63.16036606 111.05442047 25.59042358
v -63.12305069 111.07320404 25.59393501
v -63.08704758 111.12889862 25.60434723
v -63.04743195 111.18793488 25.62538147
v -63.00563049 111.23764038 25.66403008
v -62.97343826 111.27472687 25.71943283
v -62.96036530 111.29186249 25.79042435
v -62.96036530 111.20331573 25.79042435
v -63.14162827 111.05912781 25.59130287
v -62.96036530 111.29210663 25.79743385
v -62.96036530 111.25083923 25.83496284
v -62.96036530 111.29213715 25.80094147
v -62.96036530 111.28153229 25.89241219
v -62.96036530 111.29213715 25.95667839
v -62.96036530 111.29201508 25.79392815
v -66.74215698 111.21266937 25.79707718
v -68.52626038 111.21266937 25.79707718
v -70.31036377 111.21266937 25.79707718
v -70.31036377 111.27117157 25.86753273
v -72.09447479 111.27117157 25.86753273
v -73.87857819 111.27117157 25.86753273
v -66.74215698 111.27117157 25.86753273
v -68.52626038 111.27117157 25.86753273
v -73.87857819 111.21266937 25.79707718
v -72.09447479 111.21266937 25.79707718
v -54.04215622 111.21266937 25.79707718
v -55.82626343 111.21266937 25.79707718
v -57.61036682 111.21266937 25.79707718
v -57.61036682 111.27117157 25.86753273
v -59.39447021 111.27117157 25.86753273
v -61.17857742 111.27117157 25.86753273
v -54.04215622 111.27117157 25.86753273
v -55.82626343 111.27117157 25.86753273
v -61.17857742 111.21266937 25.79707718
v -59.39447021 111.21266937 25.79707718
v -28.64215660 111.21266937 25.79707718
v -30.42626190 111.21266937 25.79707718
v -32.21036530 111.21266937 25.79707718
v -32.21036530 111.27117157 25.86753273
v -33.99447250 111.27117157 25.86753273
v -35.77857590 111.27117157 25.86753273
v -28.64215660 111.27117157 25.86753273
v -30.42626190 111.27117157 25.86753273
v -35.77857590 111.21266937 25.79707718
v -33.99447250 111.21266937 25.79707718
v -41.34215546 111.21266937 25.79707718
v -43.12626266 111.21266937 25.79707718
v -44.91036606 111.21266937 25.79707718
v -44.91036606 111.27117157 25.86753273
v -46.69447327 111.27117157 25.86753273
v -48.47857666 111.27117157 25.86753273
v -41.34215546 111.27117157 25.86753273
v -43.12626266 111.27117157 25.86753273
v -48.47857666 111.21266937 25.79707718
v -46.69447327 111.21266937 25.79707718
v -20.11198044 111.27015686 36.42539597
v -22.09584999 111.27015686 36.42539597
v -24.07972145 111.27015686 36.42539597
v -26.06359291 111.27015686 36.42539597
v -30.03133392 111.27015686 36.42539597
v -32.01520538 111.27015686 36.42539597
v -33.99907684 111.27015686 36.42539597
v -35.98294830 111.27015686 36.42539597
v -39.95068741 111.27015686 36.42539597
v -41.93455887 111.27015686 36.42539597
v -43.91843033 111.27015686 36.42539597
v -45.90230179 111.27015686 36.42539597
v -47.88617325 111.27015686 36.42539597
v -51.85391617 111.27015686 36.42539597
v -53.83778763 111.27015686 36.42539597
v -55.82165527 111.27015686 36.42539597
v -57.80552673 111.27015686 36.42539597
v -61.77326965 111.27015686 36.42539597
v -63.75714111 111.27015686 36.42539597
v -65.74101257 111.27015686 36.42539597
v -67.72488403 111.27015686 36.42539597
v -71.69262695 111.27015686 36.42539597
v -73.67649841 111.27015686 36.42539597
v -16.14423752 111.27015686 36.42539597
v -18.12810898 111.27015686 36.42539597
v -28.04746437 111.27015686 36.42539597
v -37.96681976 111.27015686 36.42539597
v -49.87004471 111.27015686 36.42539597
v -59.78939819 111.27015686 36.42539597
v -69.70875549 111.27015686 36.42539597
v -15.94215679 111.21266937 25.79707718
v -15.94215679 111.27117157 25.86753273
v -17.72626114 111.27117157 25.86753273
v -19.51036644 111.27117157 25.86753273
v -21.29447174 111.27117157 25.86753273
v -19.51036644 111.21266937 25.79707718
v -21.29447174 111.21266937 25.79707718
v -23.07857704 111.21266937 25.79707718
v -23.07857704 111.27117157 25.86753273
v -17.72626114 111.21266937 25.79707718
v -73.79901886 107.25832367 38.68868637
v -75.29971313 106.73213959 38.78706360
v -67.79901886 107.25832367 38.68868637
v -68.19666290 107.34278870 38.67289352
v -68.55386353 107.53419495 38.63710785
v -68.84153748 107.81695557 38.58423996
v -69.03627777 108.16805267 38.51859665
v -69.12223053 108.55892181 38.44551849
v -69.09240723 108.95774078 38.37095261
v -68.94922638 109.33204651 38.30097198
v -68.70434570 109.65138245 38.24126816
v -68.37770081 109.88974762 38.19670105
v -67.99586487 110.02774811 38.17089844
v -73.58993530 110.05415344 38.16596222
v -73.99586487 110.02774811 38.17089844
v -76.07485962 110.77183533 38.03178406
v -76.05202484 111.12889862 37.96502686
v -65.34739685 111.12889862 37.96502686
v -74.37770081 109.88974762 38.19670105
v -76.18025970 110.28800964 38.12224197
v -76.11945343 110.47941589 38.08645630
v -74.70434570 109.65138245 38.24126816
v -76.23200226 110.22564697 38.13389969
v -76.21443176 110.23822021 38.13154984
v -76.24971008 110.22144318 38.13468552
v -74.94922638 109.33204651 38.30097198
v -76.29971313 110.22144318 38.13468552
v -75.09240723 108.95774078 38.37095261
v -76.29971313 107.71510315 38.60328293
v -75.12223053 108.55892181 38.44551849
v -75.03627777 108.16805267 38.51859665
v -74.84153748 107.81695557 38.58423996
v -76.25076294 107.41135406 38.66007233
v -74.55386353 107.53419495 38.63710785
v -76.10872650 107.13733673 38.71130371
v -74.19666290 107.34278870 38.67289352
v -75.88749695 106.91986847 38.75196457
v -75.60872650 106.78025055 38.77806854
v -66.09970856 106.73213959 38.78706360
v -65.79069519 106.78025055 38.77806854
v -65.51192474 106.91986847 38.75196457
v -65.29069519 107.13733673 38.71130371
v -65.14865112 107.41135406 38.66007233
v -65.09970856 107.71510315 38.60328293
v -65.09970856 110.22144318 38.13468552
v -65.14971161 110.22144318 38.13468552
v -65.16741943 110.22564697 38.13389969
v -65.18498993 110.23822021 38.13154984
v -65.21916199 110.28800964 38.12224197
v -65.27996063 110.47941589 38.08645630
v -67.58993530 110.05415344 38.16596222
v -65.32456207 110.77183533 38.03178406
v -61.09902191 107.25832367 38.68868637
v -62.59970856 106.73213959 38.78706360
v -55.09902191 107.25832367 38.68868637
v -55.49666595 107.34278870 38.67289352
v -55.85385895 107.53419495 38.63710785
v -56.14153671 107.81695557 38.58423996
v -56.33627319 108.16805267 38.51859665
v -56.42222977 108.55892181 38.44551849
v -56.39240265 108.95774078 38.37095261
v -56.24922562 109.33204651 38.30097198
v -56.00434494 109.65138245 38.24126816
v -55.67770004 109.88974762 38.19670105
v -55.29586792 110.02774811 38.17089844
v -60.88993454 110.05415344 38.16596222
v -61.29586792 110.02774811 38.17089844
v -63.37485886 110.77183533 38.03178406
v -63.35202408 111.12889862 37.96502686
v -52.64739609 111.12889862 37.96502686
v -61.67770004 109.88974762 38.19670105
v -63.48026276 110.28800964 38.12224197
v -63.41945648 110.47941589 38.08645630
v -62.00434494 109.65138245 38.24126816
v -63.53200150 110.22564697 38.13389969
v -63.51443100 110.23822021 38.13154984
v -63.54970932 110.22144318 38.13468552
v -62.24922562 109.33204651 38.30097198
v -63.59970856 110.22144318 38.13468552
v -62.39240265 108.95774078 38.37095261
v -63.59970856 107.71510315 38.60328293
v -62.42222977 108.55892181 38.44551849
v -62.33627319 108.16805267 38.51859665
v -62.14153671 107.81695557 38.58423996
v -63.55076599 107.41135406 38.66007233
v -61.85385895 107.53419495 38.63710785
v -63.40872574 107.13733673 38.71130371
v -61.49666595 107.34278870 38.67289352
v -63.18749619 106.91986847 38.75196457
v -62.90872574 106.78025055 38.77806854
v -53.39971161 106.73213959 38.78706360
v -53.09069443 106.78025055 38.77806854
v -52.81192398 106.91986847 38.75196457
v -52.59069443 107.13733673 38.71130371
v -52.44865417 107.41135406 38.66007233
v -52.39971161 107.71510315 38.60328293
v -52.39971161 110.22144318 38.13468552
v -52.44971085 110.22144318 38.13468552
v -52.46741867 110.22564697 38.13389969
v -52.48498917 110.23822021 38.13154984
v -52.51915741 110.28800964 38.12224197
v -52.57996368 110.47941589 38.08645630
v -54.88993454 110.05415344 38.16596222
v -52.62456131 110.77183533 38.03178406
v -48.39902115 107.25832367 38.68868637
v -49.89971161 106.73213959 38.78706360
v -42.39902115 107.25832367 38.68868637
v -42.79666519 107.34278870 38.67289352
v -43.15386200 107.53419495 38.63710785
v -43.44153595 107.81695557 38.58423996
v -43.63627625 108.16805267 38.51859665
v -43.72222900 108.55892181 38.44551849
v -43.69240570 108.95774078 38.37095261
v -43.54922485 109.33204651 38.30097198
v -43.30434418 109.65138245 38.24126816
v -42.97769928 109.88974762 38.19670105
v -42.59586716 110.02774811 38.17089844
v -48.18993378 110.05415344 38.16596222
v -48.59586716 110.02774811 38.17089844
v -50.67486191 110.77183533 38.03178406
v -50.65202332 111.12889862 37.96502686
v -39.94739532 111.12889862 37.96502686
v -48.97769928 109.88974762 38.19670105
v -50.78026199 110.28800964 38.12224197
v -50.71945572 110.47941589 38.08645630
v -49.30434418 109.65138245 38.24126816
v -50.83200073 110.22564697 38.13389969
v -50.81443405 110.23822021 38.13154984
v -50.84970856 110.22144318 38.13468552
v -49.54922485 109.33204651 38.30097198
v -50.89971161 110.22144318 38.13468552
v -49.69240570 108.95774078 38.37095261
v -50.89971161 107.71510315 38.60328293
v -49.72222900 108.55892181 38.44551849
v -49.63627625 108.16805267 38.51859665
v -49.44153595 107.81695557 38.58423996
v -50.85076523 107.41135406 38.66007233
v -49.15386200 107.53419495 38.63710785
v -50.70872879 107.13733673 38.71130371
v -48.79666519 107.34278870 38.67289352
v -50.48749542 106.91986847 38.75196457
v -50.20872879 106.78025055 38.77806854
v -40.69971085 106.73213959 38.78706360
v -40.39069366 106.78025055 38.77806854
v -40.11192322 106.91986847 38.75196457
v -39.89069366 107.13733673 38.71130371
v -39.74865341 107.41135406 38.66007233
v -39.69971085 107.71510315 38.60328293
v -39.69971085 110.22144318 38.13468552
v -39.74971008 110.22144318 38.13468552
v -39.76741791 110.22564697 38.13389969
v -39.78498840 110.23822021 38.13154984
v -39.81915665 110.28800964 38.12224197
v -39.87996292 110.47941589 38.08645630
v -42.18993378 110.05415344 38.16596222
v -39.92456055 110.77183533 38.03178406
v -35.69902039 107.25832367 38.68868637
v -37.19971085 106.73213959 38.78706360
v -29.69902229 107.25832367 38.68868637
v -30.09666443 107.34278870 38.67289352
v -30.45386124 107.53419495 38.63710785
v -30.74153519 107.81695557 38.58423996
v -30.93627548 108.16805267 38.51859665
v -31.02223015 108.55892181 38.44551849
v -30.99240494 108.95774078 38.37095261
v -30.84922409 109.33204651 38.30097198
v -30.60434532 109.65138245 38.24126816
v -30.27769852 109.88974762 38.19670105
v -29.89586830 110.02774811 38.17089844
v -35.48993301 110.05415344 38.16596222
v -35.89587021 110.02774811 38.17089844
v -37.97486115 110.77183533 38.03178406
v -37.95202637 111.12889862 37.96502686
v -27.24739456 111.12889862 37.96502686
v -36.27769852 109.88974762 38.19670105
v -38.08026123 110.28800964 38.12224197
v -38.01945496 110.47941589 38.08645630
v -36.60434723 109.65138245 38.24126816
v -38.13199997 110.22564697 38.13389969
v -38.11443329 110.23822021 38.13154984
v -38.14971161 110.22144318 38.13468552
v -36.84922409 109.33204651 38.30097198
v -38.19971085 110.22144318 38.13468552
v -36.99240494 108.95774078 38.37095261
v -38.19971085 107.71510315 38.60328293
v -37.02222824 108.55892181 38.44551849
v -36.93627548 108.16805267 38.51859665
v -36.74153519 107.81695557 38.58423996
v -38.15076828 107.41135406 38.66007233
v -36.45386124 107.53419495 38.63710785
v -38.00872803 107.13733673 38.71130371
v -36.09666443 107.34278870 38.67289352
v -37.78749466 106.91986847 38.75196457
v -37.50872803 106.78025055 38.77806854
v -27.99971008 106.73213959 38.78706360
v -27.69069290 106.78025055 38.77806854
v -27.41192436 106.91986847 38.75196457
v -27.19069290 107.13733673 38.71130371
v -27.04865265 107.41135406 38.66007233
v -26.99971008 107.71510315 38.60328293
v -26.99971008 110.22144318 38.13468552
v -27.04970932 110.22144318 38.13468552
v -27.06741905 110.22564697 38.13389969
v -27.08498764 110.23822021 38.13154984
v -27.11915779 110.28800964 38.12224197
v -27.17996407 110.47941589 38.08645630
v -29.48993301 110.05415344 38.16596222
v -27.22455978 110.77183533 38.03178406
v -22.99902153 107.25832367 38.68868637
v -24.49971008 106.73213959 38.78706360
v -16.99902153 107.25832367 38.68868637
v -17.39666557 107.34278870 38.67289352
v -17.75386047 107.53419495 38.63710785
v -18.04153442 107.81695557 38.58423996
v -18.23627472 108.16805267 38.51859665
v -18.32222939 108.55892181 38.44551849
v -18.29240417 108.95774078 38.37095261
v -18.14922523 109.33204651 38.30097198
v -17.90434647 109.65138245 38.24126816
v -17.57769775 109.88974762 38.19670105
v -17.19586754 110.02774811 38.17089844
v -22.78993416 110.05415344 38.16596222
v -23.19586754 110.02774811 38.17089844
v -25.27486038 110.77183533 38.03178406
v -25.25202370 111.12889862 37.96502686
v -14.54739571 111.12889862 37.96502686
v -23.57769775 109.88974762 38.19670105
v -25.38026237 110.28800964 38.12224197
v -25.31945610 110.47941589 38.08645630
v -23.90434647 109.65138245 38.24126816
v -25.43200111 110.22564697 38.13389969
v -25.41443253 110.23822021 38.13154984
v -25.44971085 110.22144318 38.13468552
v -24.14922523 109.33204651 38.30097198
v -25.49971008 110.22144318 38.13468552
v -24.29240417 108.95774078 38.37095261
v -25.49971008 107.71510315 38.60328293
v -24.32222939 108.55892181 38.44551849
v -24.23627472 108.16805267 38.51859665
v -24.04153442 107.81695557 38.58423996
v -25.45076561 107.41135406 38.66007233
v -23.75386047 107.53419495 38.63710785
v -25.30872726 107.13733673 38.71130371
v -23.39666557 107.34278870 38.67289352
v -25.08749580 106.91986847 38.75196457
v -24.80872726 106.78025055 38.77806854
v -15.29971027 106.73213959 38.78706360
v -14.99069309 106.78025055 38.77806854
v -14.71192455 106.91986847 38.75196457
v -14.49069309 107.13733673 38.71130371
v -14.34865379 107.41135406 38.66007233
v -14.29971027 107.71510315 38.60328293
v -14.29971027 110.22144318 38.13468552
v -14.34971046 110.22144318 38.13468552
v -14.36741829 110.22564697 38.13389969
v -14.38498688 110.23822021 38.13154984
v -14.41915798 110.28800964 38.12224197
v -14.47996426 110.47941589 38.08645630
v -16.78993416 110.05415344 38.16596222
v -14.52455997 110.77183533 38.03178406
v -50.89971161 111.68867493 38.13468552
v -50.84970856 111.68867493 38.13468552
v -50.77131653 111.69821167 38.11868286
v -50.70720291 111.72142792 38.07501221
v -50.66480637 111.74880219 38.01090622
v -50.64971161 111.77210999 37.93468475
v -50.64971161 111.78321075 37.87985992
v -50.64971161 111.78990173 37.82432556
v -50.64971161 111.79213715 37.76843262
v -38.19971085 111.68867493 38.13468552
v -38.14971161 111.68867493 38.13468552
v -38.07131577 111.69821167 38.11868286
v -38.00720215 111.72142792 38.07501221
v -37.96480560 111.74880219 38.01090622
v -37.94971085 111.77210999 37.93468475
v -37.94971085 111.78321075 37.87985992
v -37.94971085 111.78990173 37.82432556
v -37.94971085 111.79213715 37.76843262
v -50.65192032 111.79213715 37.05504227
v -50.65192032 111.29213715 37.05504227
v -50.65026474 111.79213715 37.06982422
v -50.65026474 111.29213715 37.06982422
v -50.64971161 111.79213715 37.08468628
v -50.64971161 111.29213715 37.08468628
v -37.95191956 111.79213715 37.05504227
v -37.95191956 111.29213715 37.05504227
v -37.95026398 111.79213715 37.06982422
v -37.95026398 111.29213715 37.06982422
v -37.94971085 111.79213715 37.08468628
v -37.94971085 111.29213715 37.08468628
v -40.54050446 106.74467468 24.78465462
v -40.69971085 106.73213959 24.78231049
v -49.89971161 106.73213959 24.78231049
v -50.20872879 106.78025055 24.79130554
v -50.48749542 106.91986847 24.81740952
v -50.70872879 107.13733673 24.85806847
v -50.85076523 107.41135406 24.90929985
v -50.89971161 107.71510315 24.96609116
v -50.89971161 110.22144318 25.43468666
v -50.84970856 110.22144318 25.43468666
v -50.83200073 110.22564697 25.43547249
v -50.81443405 110.23822021 25.43782234
v -50.78026199 110.28800964 25.44713211
v -50.71945572 110.47941589 25.48291779
v -50.67486191 110.77183533 25.53759003
v -50.65202332 111.12889862 25.60434723
v -40.61985397 106.73527527 24.78289795
v -63.59970856 111.68867493 38.13468552
v -63.54970932 111.68867493 38.13468552
v -63.47131729 111.69821167 38.11868286
v -63.40720367 111.72142792 38.07501221
v -63.36480713 111.74880219 38.01090622
v -63.34970856 111.77210999 37.93468475
v -63.34970856 111.78321075 37.87985992
v -63.34970856 111.78990173 37.82432556
v -63.34970856 111.79213715 37.76843262
v -76.29971313 111.68867493 38.13468552
v -76.24971008 111.68867493 38.13468552
v -76.17131805 111.69821167 38.11868286
v -76.10720062 111.72142792 38.07501221
v -76.06480408 111.74880219 38.01090622
v -76.04971313 111.77210999 37.93468475
v -76.04971313 111.78321075 37.87985992
v -76.04971313 111.78990173 37.82432556
v -76.04971313 111.79213715 37.76843262
v -25.49971008 111.68867493 38.13468552
v -25.44971085 111.68867493 38.13468552
v -25.37131691 111.69821167 38.11868286
v -25.30720329 111.72142792 38.07501221
v -25.26480484 111.74880219 38.01090622
v -25.24971008 111.77210999 37.93468475
v -25.24971008 111.78321075 37.87985992
v -25.24971008 111.78990173 37.82432556
v -25.24971008 111.79213715 37.76843262
v -25.25191879 111.79213715 37.05504227
v -25.25026321 111.79213715 37.06982422
v -25.24971008 111.79213715 37.08468628
v -76.04971313 111.79213715 36.36081696
v -63.35192108 111.79213715 37.05504227
v -63.35026169 111.79213715 37.06982422
v -63.34970856 111.79213715 37.08468628
v -50.64971161 111.20331573 25.63468552
v -50.64971161 111.25083923 25.67922592
v -50.64971161 111.28153229 25.73667526
v -50.64971161 111.29213715 25.80094147
v -53.24050522 106.74467468 24.78465462
v -53.31985092 106.73527527 24.78289795
v -53.39971161 106.73213959 24.78231049
v -62.59970856 106.73213959 24.78231049
v -62.90872574 106.78025055 24.79130554
v -63.18749619 106.91986847 24.81740952
v -63.40872574 107.13733673 24.85806847
v -63.55076599 107.41135406 24.90929985
v -63.59970856 107.71510315 24.96609116
v -63.59970856 110.22144318 25.43468666
v -63.54970932 110.22144318 25.43468666
v -63.53200150 110.22564697 25.43547249
v -63.51443100 110.23822021 25.43782234
v -63.48026276 110.28800964 25.44713211
v -63.41945648 110.47941589 25.48291779
v -63.37485886 110.77183533 25.53759003
v -63.35202408 111.12889862 25.60434723
v -63.35192108 111.29213715 37.05504227
v -63.35026169 111.29213715 37.06982422
v -63.34970856 111.29213715 37.08468628
v -25.25191879 111.29213715 37.05504227
v -25.25026321 111.29213715 37.06982422
v -25.24971008 111.29213715 37.08468628
v -76.04971313 109.79213715 35.28312302
v -76.04971313 109.79213715 28.28625107
v -27.84050369 106.74467468 24.78465462
v -27.99971008 106.73213959 24.78231049
v -37.19971085 106.73213959 24.78231049
v -37.50872803 106.78025055 24.79130554
v -37.78749466 106.91986847 24.81740952
v -38.00872803 107.13733673 24.85806847
v -38.15076828 107.41135406 24.90929985
v -38.19971085 107.71510315 24.96609116
v -38.19971085 110.22144318 25.43468666
v -38.14971161 110.22144318 25.43468666
v -38.13199997 110.22564697 25.43547249
v -38.11443329 110.23822021 25.43782234
v -38.08026123 110.28800964 25.44713211
v -38.01945496 110.47941589 25.48291779
v -37.97486115 110.77183533 25.53759003
v -37.95202637 111.12889862 25.60434723
v -27.91985130 106.73527527 24.78289795
v -76.04971313 109.81412506 28.19508934
v -76.04971313 109.87524414 28.12397003
v -76.04971313 109.96205902 28.08852577
v -76.04971313 111.19741821 27.90059280
v -76.04971313 111.43137360 27.82086182
v -76.04971313 111.62303162 27.66479111
v -76.04971313 111.74850464 27.45183945
v -76.04971313 111.79213715 27.20855331
v -63.34970856 111.20331573 25.63468552
v -63.34970856 111.25083923 25.67922592
v -63.34970856 111.28153229 25.73667526
v -63.34970856 111.29213715 25.80094147
v -65.94050598 106.74467468 24.78465462
v -66.01985168 106.73527527 24.78289795
v -66.09970856 106.73213959 24.78231049
v -37.94971085 111.20331573 25.63468552
v -37.94971085 111.25083923 25.67922592
v -37.94971085 111.28153229 25.73667526
v -37.94971085 111.29213715 25.80094147
v -15.14050484 106.74467468 24.78465462
v -15.21985245 106.73527527 24.78289795
v -15.29971027 106.73213959 24.78231049
v -75.29971313 106.73213959 24.78231049
v -75.60872650 106.78025055 24.79130554
v -75.88749695 106.91986847 24.81740952
v -76.10872650 107.13733673 24.85806847
v -76.25076294 107.41135406 24.90929985
v -76.29971313 107.71510315 24.96609116
v -76.29971313 110.22144318 25.43468666
v -76.24971008 110.22144318 25.43468666
v -76.23200226 110.22564697 25.43547249
v -76.21443176 110.23822021 25.43782234
v -76.18025970 110.28800964 25.44713211
v -76.11945343 110.47941589 25.48291779
v -76.07485962 110.77183533 25.53759003
v -76.05202484 111.12889862 25.60434723
v -24.49971008 106.73213959 24.78231049
v -24.80872726 106.78025055 24.79130554
v -25.08749580 106.91986847 24.81740952
v -25.30872726 107.13733673 24.85806847
v -25.45076561 107.41135406 24.90929985
v -25.49971008 107.71510315 24.96609116
v -25.49971008 110.22144318 25.43468666
v -25.44971085 110.22144318 25.43468666
v -25.43200111 110.22564697 25.43547249
v -25.41443253 110.23822021 25.43782234
v -25.38026237 110.28800964 25.44713211
v -25.31945610 110.47941589 25.48291779
v -25.27486038 110.77183533 25.53759003
v -25.25202370 111.12889862 25.60434723
v -76.04971313 109.29213715 28.28625107
v -76.04971313 109.29213715 35.28312302
v -76.04971313 111.20331573 25.63468552
v -76.04971313 111.25083923 25.67922592
v -76.04971313 111.28153229 25.73667526
v -76.04971313 111.29213715 25.80094147
v -14.54971027 111.27015686 27.29971504
v -14.54971027 111.29213715 27.20855331
v -14.54971027 111.25083923 37.89014816
v -14.54971027 111.28153229 37.83269882
v -14.54971027 111.29213715 37.76843262
v -14.54971027 111.20331573 37.93468475
v -25.24971008 111.20331573 25.63468552
v -25.24971008 111.25083923 25.67922592
v -25.24971008 111.28153229 25.73667526
v -25.24971008 111.29213715 25.80094147
v -50.64971161 111.29213715 26.48468590
v -50.74971008 111.29213715 26.65789223
v -50.67650604 111.29213715 26.58468628
v -50.84970856 111.29213715 26.68468666
v -76.04971313 111.29213715 27.20855331
v -38.14971161 111.29213715 26.68468666
v -25.44971085 111.29213715 26.68468666
v -38.04970932 111.29213715 26.65789223
v -37.97650528 111.29213715 26.58468628
v -37.94971085 111.29213715 26.48468590
v -25.34971046 111.29213715 26.65789223
v -25.27650452 111.29213715 26.58468628
v -25.24971008 111.29213715 26.48468590
v -63.54970932 111.29213715 26.68468666
v -63.44971085 111.29213715 26.65789223
v -63.37650681 111.29213715 26.58468628
v -63.34970856 111.29213715 26.48468590
v -76.29971313 111.68867493 25.43468666
v -63.59970856 111.68867493 25.43468666
v -50.89971161 111.68867493 25.43468666
v -38.19971085 111.68867493 25.43468666
v -25.49971008 111.68867493 25.43468666
v -65.34970856 111.20331573 37.93468475
v -65.34970856 111.25083923 37.89014816
v -65.34970856 111.28153229 37.83269882
v -65.34970856 111.29213715 37.76843262
v -63.34970856 111.29213715 37.76843262
v -63.34970856 111.28153229 37.83269882
v -63.34970856 111.25083923 37.89014816
v -63.34970856 111.20331573 37.93468475
v -52.64971161 111.20331573 37.93468475
v -52.64971161 111.25083923 37.89014816
v -52.64971161 111.28153229 37.83269882
v -52.64971161 111.29213715 37.76843262
v -50.64971161 111.29213715 37.76843262
v -50.64971161 111.28153229 37.83269882
v -50.64971161 111.25083923 37.89014816
v -50.64971161 111.20331573 37.93468475
v -39.94971085 111.20331573 37.93468475
v -39.94971085 111.25083923 37.89014816
v -39.94971085 111.28153229 37.83269882
v -39.94971085 111.29213715 37.76843262
v -37.94971085 111.29213715 37.76843262
v -37.94971085 111.28153229 37.83269882
v -37.94971085 111.25083923 37.89014816
v -37.94971085 111.20331573 37.93468475
v -27.24971008 111.20331573 37.93468475
v -27.24971008 111.25083923 37.89014816
v -27.24971008 111.28153229 37.83269882
v -27.24971008 111.29213715 37.76843262
v -25.24971008 111.29213715 37.76843262
v -25.24971008 111.28153229 37.83269882
v -25.24971008 111.25083923 37.89014816
v -25.24971008 111.20331573 37.93468475
v -76.24971008 111.68867493 25.43468666
v -76.04971313 111.77210999 25.63468552
v -76.06480408 111.74880219 25.55846405
v -76.10720062 111.72142792 25.49436188
v -76.17131805 111.69821167 25.45068932
v -76.04971313 111.78990173 25.74504662
v -76.04971313 111.78321075 25.68951035
v -76.04971313 111.79213715 25.80094147
v -76.04971313 111.27015686 27.29971504
v -76.04971313 111.20903778 27.37083435
v -76.04971313 111.12222290 27.40627861
v -76.04971313 109.88686371 27.59421158
v -76.04971313 109.65290833 27.67394257
v -76.04971313 109.46124268 27.83001328
v -76.04971313 109.33577728 28.04296494
v -76.04971313 109.46124268 35.73936081
v -76.04971313 109.65290833 35.89543152
v -76.04971313 109.33577728 35.52640533
v -76.04971313 109.81412506 35.37428284
v -76.04971313 109.88686371 35.97515869
v -76.04971313 109.87524414 35.44540405
v -76.04971313 109.96205902 35.48084641
v -76.04971313 111.12222290 36.16309357
v -76.04971313 111.19741821 35.66878128
v -76.04971313 111.20903778 36.19853973
v -76.04971313 111.27015686 36.26965714
v -76.04971313 111.43137360 35.74851227
v -76.04971313 111.29213715 36.36081696
v -76.04971313 111.62303162 35.90458298
v -76.04971313 111.29213715 37.76843262
v -76.04971313 111.28153229 37.83269882
v -76.04971313 111.25083923 37.89014816
v -76.04971313 111.20331573 37.93468475
v -76.04971313 111.74850464 36.11753464
v -25.44971085 111.68867493 25.43468666
v -25.24971008 111.77210999 25.63468552
v -25.26480484 111.74880219 25.55846405
v -25.30720329 111.72142792 25.49436188
v -25.37131691 111.69821167 25.45068932
v -25.24971008 111.79213715 26.48468590
v -25.24971008 111.79213715 25.80094147
v -25.24971008 111.78990173 25.74504662
v -25.24971008 111.78321075 25.68951035
v -25.27650452 111.79213715 26.58468628
v -38.14971161 111.68867493 25.43468666
v -37.94971085 111.77210999 25.63468552
v -37.96480560 111.74880219 25.55846405
v -38.00720215 111.72142792 25.49436188
v -38.07131577 111.69821167 25.45068932
v -37.94971085 111.79213715 26.48468590
v -37.94971085 111.79213715 25.80094147
v -37.94971085 111.78990173 25.74504662
v -37.94971085 111.78321075 25.68951035
v -37.97650528 111.79213715 26.58468628
v -50.84970856 111.68867493 25.43468666
v -50.64971161 111.77210999 25.63468552
v -50.66480637 111.74880219 25.55846405
v -50.70720291 111.72142792 25.49436188
v -50.77131653 111.69821167 25.45068932
v -50.64971161 111.79213715 26.48468590
v -50.64971161 111.79213715 25.80094147
v -50.64971161 111.78990173 25.74504662
v -50.64971161 111.78321075 25.68951035
v -50.67650604 111.79213715 26.58468628
v -63.54970932 111.68867493 25.43468666
v -63.34970856 111.77210999 25.63468552
v -63.36480713 111.74880219 25.55846405
v -63.40720367 111.72142792 25.49436188
v -63.47131729 111.69821167 25.45068932
v -63.34970856 111.79213715 26.48468590
v -63.34970856 111.79213715 25.80094147
v -63.34970856 111.78990173 25.74504662
v -63.34970856 111.78321075 25.68951035
v -63.37650681 111.79213715 26.58468628
v -23.46792030 111.21266937 37.92803192
v -23.46792030 111.27117157 37.85757828
v -21.68381500 111.27117157 37.85757828
v -19.89970970 111.27117157 37.85757828
v -18.11560440 111.27117157 37.85757828
v -19.89970970 111.21266937 37.92803192
v -18.11560440 111.21266937 37.92803192
v -16.33150101 111.21266937 37.92803192
v -16.33150101 111.27117157 37.85757828
v -21.68381500 111.21266937 37.92803192
v -36.16791916 111.21266937 37.92803192
v -36.16791916 111.27117157 37.85757828
v -34.38381577 111.27117157 37.85757828
v -32.59970856 111.27117157 37.85757828
v -30.81560516 111.27117157 37.85757828
v -32.59970856 111.21266937 37.92803192
v -30.81560516 111.21266937 37.92803192
v -29.03149986 111.21266937 37.92803192
v -29.03149986 111.27117157 37.85757828
v -34.38381577 111.21266937 37.92803192
v -48.86791992 111.21266937 37.92803192
v -48.86791992 111.27117157 37.85757828
v -47.08381653 111.27117157 37.85757828
v -45.29970932 111.27117157 37.85757828
v -43.51560593 111.27117157 37.85757828
v -45.29970932 111.21266937 37.92803192
v -43.51560593 111.21266937 37.92803192
v -41.73149872 111.21266937 37.92803192
v -41.73149872 111.27117157 37.85757828
v -47.08381653 111.21266937 37.92803192
v -61.56792068 111.21266937 37.92803192
v -61.56792068 111.27117157 37.85757828
v -59.78381348 111.27117157 37.85757828
v -57.99971008 111.27117157 37.85757828
v -56.21560669 111.27117157 37.85757828
v -57.99971008 111.21266937 37.92803192
v -56.21560669 111.21266937 37.92803192
v -54.43149948 111.21266937 37.92803192
v -54.43149948 111.27117157 37.85757828
v -59.78381348 111.21266937 37.92803192
v -67.13150024 111.21266937 37.92803192
v -67.13150024 111.27117157 37.85757828
v -68.91560364 111.27117157 37.85757828
v -70.69970703 111.27117157 37.85757828
v -70.69970703 111.21266937 37.92803192
v -72.48381805 111.21266937 37.92803192
v -74.26792145 111.21266937 37.92803192
v -74.26792145 111.27117157 37.85757828
v -72.48381805 111.27117157 37.85757828
v -68.91560364 111.21266937 37.92803192
v -16.53358078 111.27015686 27.29971504
v -18.51745224 111.27015686 27.29971504
v -20.50132370 111.27015686 27.29971504
v -24.46906471 111.27015686 27.29971504
v -26.45293617 111.27015686 27.29971504
v -28.43680763 111.27015686 27.29971504
v -30.42067719 111.27015686 27.29971504
v -34.38842010 111.27015686 27.29971504
v -36.37229156 111.27015686 27.29971504
v -38.35616302 111.27015686 27.29971504
v -40.34003067 111.27015686 27.29971504
v -46.29164505 111.27015686 27.29971504
v -48.27551651 111.27015686 27.29971504
v -50.25938797 111.27015686 27.29971504
v -52.24325943 111.27015686 27.29971504
v -56.21099854 111.27015686 27.29971504
v -58.19487000 111.27015686 27.29971504
v -60.17874146 111.27015686 27.29971504
v -62.16261292 111.27015686 27.29971504
v -66.13035583 111.27015686 27.29971504
v -68.11422729 111.27015686 27.29971504
v -70.09809875 111.27015686 27.29971504
v -72.08197021 111.27015686 27.29971504
v -74.06584167 111.27015686 27.29971504
v -44.30777359 111.27015686 27.29971504
v -22.48519325 111.27015686 27.29971504
v -32.40454865 111.27015686 27.29971504
v -42.32390213 111.27015686 27.29971504
v -54.22713089 111.27015686 27.29971504
v -64.14648438 111.27015686 27.29971504
v -39.69727325 107.03044128 24.48515701
v -39.47436523 107.26761627 24.52949905
v -39.50135040 107.13733673 25.01380539
v -39.41786194 107.35871124 24.57383537
v -39.35931015 107.41135406 25.06503677
v -39.37306595 107.46440887 24.56629372
v -39.33839798 107.57589722 24.58713722
v -39.31739807 107.69062805 24.60858727
v -39.31036758 107.71510315 25.12182808
v -39.31036758 107.80699921 24.63034439
v -39.72257996 106.91986847 24.97314644
v -39.98633957 106.87705994 24.45648003
v -40.00135040 106.78025055 24.94704247
v -40.31036758 106.82402802 24.44656372
v -40.31036758 106.73213959 24.93804932
v -39.31036758 111.22078705 25.26860046
v -40.46217346 106.82402802 24.44656372
v -40.21926880 106.91677094 24.46390533
v -40.00898743 107.06806183 24.49218941
v -39.84561157 107.26761627 24.52949905
v -39.31036758 111.40496063 25.33046341
v -39.31036758 111.56503296 25.44056511
v -39.31036758 111.68867493 25.59042358
v -50.51036835 107.71510315 25.12182808
v -50.51036835 107.74324036 24.97135162
v -50.46142197 107.41135406 25.06503677
v -50.46142197 107.43948364 24.91456032
v -50.31938553 107.13733673 25.01380539
v -50.31938553 107.16546631 24.86332703
v -50.09815216 106.91986847 24.97314644
v -50.09815216 106.94800568 24.82266998
v -49.81938553 106.78025055 24.94704247
v -49.81938553 106.80838013 24.79656601
v -49.51036835 106.73213959 24.93804932
v -49.51036835 106.76027679 24.78757095
v -50.51036835 111.05442047 25.59042358
v -50.51036835 110.22144318 25.59042358
v -40.46217346 106.76027679 24.78757095
v -39.31036758 110.22144318 25.59042358
v -50.89971161 111.22078705 25.11286354
v -50.89971161 107.80699921 24.47460747
v -50.89735413 107.73958588 24.46200371
v -50.89030457 107.67248535 24.44945908
v -50.87858582 107.60601807 24.43703270
v -40.54050446 106.74467468 24.78465462
v -40.69971085 106.73213959 24.78231049
v -49.89971161 106.73213959 24.78231049
v -50.20872879 106.78025055 24.79130554
v -50.48749542 106.91986847 24.81740952
v -50.70872879 107.13733673 24.85806847
v -50.85076523 107.41135406 24.90929985
v -50.89971161 107.71510315 24.96609116
v -50.89971161 110.22144318 25.43468666
v -40.61985397 106.73527527 24.78289795
v -39.84727478 107.26522827 24.52742195
v -40.06840897 107.04467010 24.33207893
v -40.25981140 106.92424774 24.30956459
v -40.47393036 106.84941101 24.29557228
v -40.69971085 106.82402802 24.29082680
v -50.87027740 107.55763245 24.49797058
v -50.75214386 107.26522827 24.52742195
v -50.79358673 107.33367157 24.56708336
v -50.82897949 107.41207123 24.57715988
v -50.85547638 107.49302673 24.55354881
v -50.53100967 107.04467010 24.33207893
v -50.33960724 106.92424774 24.30956459
v -50.12548828 106.84941101 24.29557228
v -49.89971161 106.82402802 24.29082680
v -50.89971161 111.40496063 25.17472649
v -50.89971161 111.56503296 25.28482819
v -50.89971161 111.68867493 25.43468666
v -75.91036987 111.55853271 38.29042435
v -75.91036987 111.45667267 38.36602020
v -75.91036987 111.68867493 38.29042435
v -75.91036987 111.56503296 38.44028473
v -75.91036987 111.34284973 38.42199707
v -75.91036987 111.22078705 38.45650864
v -75.91036987 107.77886200 39.10002518
v -75.91036987 111.22078705 38.61224747
v -75.91036987 111.40496063 38.55038452
v -75.91036987 107.80699921 39.25050354
v -75.86141968 107.50324249 39.30729294
v -75.85551453 107.45779419 39.16005325
v -75.71938324 107.22922516 39.35852432
v -75.69698334 107.17193604 39.21349716
v -75.49815369 107.01175690 39.39918518
v -75.45216370 106.95266724 39.25449371
v -75.21938324 106.87213898 39.42528915
v -75.14790344 106.82402802 39.27854538
v -74.91036987 106.82402802 39.43428421
v -74.99022675 106.73527527 38.94221115
v -74.91036987 106.73213959 38.94279861
v -75.14790344 106.76027679 38.93753815
v -75.06957245 106.74467468 38.94045639
v -66.09970856 106.76027679 38.93753815
v -65.71036530 106.73213959 38.94279861
v -65.79069519 106.80838013 38.92854309
v -65.40135193 106.78025055 38.93380356
v -65.51192474 106.94800568 38.90243912
v -65.12258148 106.91986847 38.90769958
v -65.29069519 107.16546631 38.86178207
v -64.90135193 107.13733673 38.86704254
v -65.14865112 107.43948364 38.81055069
v -64.75930786 107.41135406 38.81581116
v -64.71036530 107.71510315 38.75901794
v -65.09970856 107.74324036 38.75375748
v -64.71036530 110.22144318 38.29042435
v -65.09970856 111.05442047 38.13468552
v -64.71036530 107.80699921 39.25050354
v -64.75930786 107.50324249 39.30729294
v -64.90135193 107.22922516 39.35852432
v -65.12258148 107.01175690 39.39918518
v -65.40135193 106.87213898 39.42528915
v -65.71036530 106.82402802 39.43428421
v -64.71036530 111.22078705 38.61224747
v -64.71036530 111.40496063 38.55038452
v -64.71036530 111.56503296 38.44028473
v -64.71036530 111.68867493 38.29042435
v -75.29971313 106.73213959 38.78706360
v -76.29971313 110.22144318 38.13468552
v -76.29971313 107.71510315 38.60328293
v -76.25076294 107.41135406 38.66007233
v -76.10872650 107.13733673 38.71130371
v -75.88749695 106.91986847 38.75196457
v -75.60872650 106.78025055 38.77806854
v -66.09970856 106.73213959 38.78706360
v -65.79069519 106.78025055 38.77806854
v -65.51192474 106.91986847 38.75196457
v -65.29069519 107.13733673 38.71130371
v -65.14865112 107.41135406 38.66007233
v -65.09970856 107.71510315 38.60328293
v -65.09970856 110.22144318 38.13468552
v -76.29971313 111.22078705 38.45650864
v -76.29971313 111.40496063 38.39464569
v -76.29971313 111.56503296 38.28454590
v -76.29971313 111.68867493 38.13468552
v -75.29971313 106.82402802 39.27854538
v -75.60872650 106.87213898 39.26955032
v -75.88749695 107.01175690 39.24344635
v -76.10872650 107.22922516 39.20278931
v -76.25076294 107.50324249 39.15155792
v -76.29971313 107.80699921 39.09476471
v -39.37306595 107.46440887 24.56629372
v -39.33839798 107.57589722 24.58713722
v -39.31739807 107.69062805 24.60858727
v -39.31036758 107.80699921 24.63034439
v -39.75225830 107.46440887 24.56629372
v -39.72317886 107.56714630 24.58550072
v -39.70559311 107.67237854 24.60517502
v -39.69971085 107.77886200 24.62508392
v -39.69971085 111.22078705 25.26860046
v -39.31036758 111.22078705 25.26860046
v -39.69971085 111.34284973 25.30311394
v -39.31036758 111.40496063 25.33046341
v -39.69971085 111.45667267 25.35908890
v -39.31036758 111.56503296 25.44056511
v -39.69971085 111.55853271 25.43468666
v -39.79212570 111.56357574 25.43923569
v -39.74971008 111.55853271 25.43468666
v -39.83193588 111.57759094 25.45236969
v -39.89459610 111.61989594 25.49682808
v -39.31036758 111.68867493 25.59042358
v -39.93518829 111.66881561 25.55989647
v -39.36036682 111.68867493 25.59042358
v -39.94971085 111.71368408 25.63468552
v -39.43875885 111.69821167 25.60642815
v -39.50287247 111.72142792 25.65009880
v -39.54527283 111.74880219 25.71420288
v -39.94971085 111.75689697 25.73737526
v -39.56036758 111.77210999 25.79042435
v -39.94971085 111.78327179 25.84562111
v -39.56036758 111.78321075 25.84524918
v -39.56036758 111.78990173 25.90078545
v -39.94971085 111.79213715 25.95667839
v -39.56036758 111.79213715 25.95667839
v -52.07306671 107.46440887 24.56629372
v -52.03839874 107.57589722 24.58713722
v -52.01739883 107.69062805 24.60858727
v -52.01036835 107.80699921 24.63034439
v -52.45225906 107.46440887 24.56629372
v -52.42317963 107.56714630 24.58550072
v -52.40559387 107.67237854 24.60517502
v -52.39971161 107.77886200 24.62508392
v -52.39971161 111.22078705 25.26860046
v -52.01036835 111.22078705 25.26860046
v -26.67306519 107.46440887 24.56629372
v -26.63839722 107.57589722 24.58713722
v -26.61739922 107.69062805 24.60858727
v -26.61036682 107.80699921 24.63034439
v -52.39971161 111.34284973 25.30311394
v -52.01036835 111.40496063 25.33046341
v -52.39971161 111.45667267 25.35908890
v -52.01036835 111.56503296 25.44056511
v -52.39971161 111.55853271 25.43468666
v -52.49212265 111.56357574 25.43923569
v -52.44971085 111.55853271 25.43468666
v -52.53193665 111.57759094 25.45236969
v -52.59459305 111.61989594 25.49682808
v -52.01036835 111.68867493 25.59042358
v -52.63518906 111.66881561 25.55989647
v -52.06036758 111.68867493 25.59042358
v -52.64971161 111.71368408 25.63468552
v -52.13875961 111.69821167 25.60642815
v -52.20287323 111.72142792 25.65009880
v -52.24526978 111.74880219 25.71420288
v -52.64971161 111.75689697 25.73737526
v -52.26036835 111.77210999 25.79042435
v -52.64971161 111.78327179 25.84562111
v -52.26036835 111.78321075 25.84524918
v -52.26036835 111.78990173 25.90078545
v -52.64971161 111.79213715 25.95667839
v -52.26036835 111.79213715 25.95667839
v -27.05225945 107.46440887 24.56629372
v -27.02318001 107.56714630 24.58550072
v -27.00559425 107.67237854 24.60517502
v -26.99971008 107.77886200 24.62508392
v -26.99971008 111.22078705 25.26860046
v -26.61036682 111.22078705 25.26860046
v -52.25540543 111.79213715 26.68468666
v -52.25815582 111.79213715 26.67006874
v -52.25981522 111.79213715 26.65528679
v -52.26036835 111.79213715 26.64042282
v -14.29971027 111.22078705 25.26860046
v -14.29971027 111.34284973 25.30311394
v -13.91036701 111.22078705 25.26860046
v -13.91036701 111.40496063 25.33046341
v -14.29971027 111.45667267 25.35908890
v -13.91036701 111.56503296 25.44056511
v -14.29971027 111.55853271 25.43468666
v -14.39212418 111.56357574 25.43923569
v -14.34971046 111.55853271 25.43468666
v -14.43193722 111.57759094 25.45236969
v -14.49459457 111.61989594 25.49682808
v -13.91036701 111.68867493 25.59042358
v -14.53518963 111.66881561 25.55989647
v -13.96036625 111.68867493 25.59042358
v -14.54971027 111.71368408 25.63468552
v -14.03876019 111.69821167 25.60642815
v -14.10287285 111.72142792 25.65009880
v -14.14527130 111.74880219 25.71420288
v -14.54971027 111.75689697 25.73737526
v -14.16036701 111.77210999 25.79042435
v -14.54971027 111.78327179 25.84562111
v -14.16036701 111.78321075 25.84524918
v -14.16036701 111.78990173 25.90078545
v -14.54971027 111.79213715 25.95667839
v -14.16036701 111.79213715 25.95667839
v -65.09970856 111.22078705 25.26860046
v -65.09970856 111.34284973 25.30311394
v -64.71036530 111.22078705 25.26860046
v -64.71036530 111.40496063 25.33046341
v -65.09970856 111.45667267 25.35908890
v -64.71036530 111.56503296 25.44056511
v -65.09970856 111.55853271 25.43468666
v -65.19212341 111.56357574 25.43923569
v -65.14971161 111.55853271 25.43468666
v -65.23193359 111.57759094 25.45236969
v -65.29459381 111.61989594 25.49682808
v -64.71036530 111.68867493 25.59042358
v -65.33518982 111.66881561 25.55989647
v -64.76036835 111.68867493 25.59042358
v -65.34970856 111.71368408 25.63468552
v -64.83876038 111.69821167 25.60642815
v -64.90287018 111.72142792 25.65009880
v -64.94527435 111.74880219 25.71420288
v -65.34970856 111.75689697 25.73737526
v -64.96036530 111.77210999 25.79042435
v -65.34970856 111.78327179 25.84562111
v -64.96036530 111.78321075 25.84524918
v -64.96036530 111.78990173 25.90078545
v -65.34970856 111.79213715 25.95667839
v -64.96036530 111.79213715 25.95667839
v -39.55540848 111.79213715 26.68468666
v -39.55815887 111.79213715 26.67006874
v -39.55981445 111.79213715 26.65528679
v -39.56036758 111.79213715 26.64042282
v -65.15225983 107.46440887 24.56629372
v -65.12317657 107.56714630 24.58550072
v -64.77306366 107.46440887 24.56629372
v -65.10559845 107.67237854 24.60517502
v -65.09970856 107.77886200 24.62508392
v -64.71036530 107.80699921 24.63034439
v -64.73839569 107.57589722 24.58713722
v -64.71739960 107.69062805 24.60858727
v -26.99971008 111.34284973 25.30311394
v -26.61036682 111.40496063 25.33046341
v -26.99971008 111.45667267 25.35908890
v -26.61036682 111.56503296 25.44056511
v -26.99971008 111.55853271 25.43468666
v -27.09212303 111.56357574 25.43923569
v -27.04970932 111.55853271 25.43468666
v -27.13193703 111.57759094 25.45236969
v -27.19459343 111.61989594 25.49682808
v -26.61036682 111.68867493 25.59042358
v -27.23518944 111.66881561 25.55989647
v -26.66036606 111.68867493 25.59042358
v -27.24971008 111.71368408 25.63468552
v -26.73875999 111.69821167 25.60642815
v -26.80287361 111.72142792 25.65009880
v -26.84527206 111.74880219 25.71420288
v -27.24971008 111.75689697 25.73737526
v -26.86036682 111.77210999 25.79042435
v -27.24971008 111.78327179 25.84562111
v -26.86036682 111.78321075 25.84524918
v -26.86036682 111.78990173 25.90078545
v -27.24971008 111.79213715 25.95667839
v -26.86036682 111.79213715 25.95667839
v -64.95540619 111.79213715 26.68468666
v -64.95816040 111.79213715 26.67006874
v -64.95981598 111.79213715 26.65528679
v -64.96036530 111.79213715 26.64042282
v -26.85540771 111.79213715 26.68468666
v -26.85815811 111.79213715 26.67006874
v -26.85981369 111.79213715 26.65528679
v -26.86036682 111.79213715 26.64042282
v -75.66036987 111.74850464 27.60757637
v -75.66036987 111.74850464 27.45183945
v -75.66036987 111.79213715 27.36429214
v -75.66036987 111.79213715 27.20855331
v -71.83711243 108.98349762 24.69457054
v -71.83386230 108.59352112 24.62166023
v -73.17369843 110.23331451 24.92824173
v -73.57009888 110.21704865 24.92520142
v -72.78701019 110.14605713 24.91192818
v -72.43751526 109.96147156 24.87741661
v -72.15006256 109.69267273 24.82716179
v -71.94506836 109.35877228 24.76473427
v -71.93555450 108.21656036 24.55118179
v -72.13495636 107.87940979 24.48814583
v -72.41789246 107.60601807 24.43703270
v -59.13711548 108.98349762 24.69457054
v -59.13386536 108.59352112 24.62166023
v -60.47369385 110.23331451 24.92824173
v -60.87009811 110.21704865 24.92520142
v -60.08700943 110.14605713 24.91192818
v -59.73751831 109.96147156 24.87741661
v -59.45006180 109.69267273 24.82716179
v -59.24507141 109.35877228 24.76473427
v -59.23555374 108.21656036 24.55118179
v -59.43495560 107.87940979 24.48814583
v -59.71789169 107.60601807 24.43703270
v -46.43711472 108.98349762 24.69457054
v -46.43386459 108.59352112 24.62166023
v -47.77369690 110.23331451 24.92824173
v -48.17009735 110.21704865 24.92520142
v -47.38700867 110.14605713 24.91192818
v -47.03751755 109.96147156 24.87741661
v -46.75006104 109.69267273 24.82716179
v -46.54507065 109.35877228 24.76473427
v -46.53555298 108.21656036 24.55118179
v -46.73495483 107.87940979 24.48814583
v -47.01789093 107.60601807 24.43703270
v -33.73711395 108.98349762 24.69457054
v -33.73386383 108.59352112 24.62166023
v -35.07369614 110.23331451 24.92824173
v -35.47009659 110.21704865 24.92520142
v -34.68700790 110.14605713 24.91192818
v -34.33751678 109.96147156 24.87741661
v -34.05006027 109.69267273 24.82716179
v -33.84506989 109.35877228 24.76473427
v -33.83555603 108.21656036 24.55118179
v -34.03495407 107.87940979 24.48814583
v -34.31789398 107.60601807 24.43703270
v -21.03711510 108.98349762 24.69457054
v -21.03386497 108.59352112 24.62166023
v -22.37369537 110.23331451 24.92824173
v -22.77009583 110.21704865 24.92520142
v -21.98700905 110.14605713 24.91192818
v -21.63751793 109.96147156 24.87741661
v -21.35006142 109.69267273 24.82716179
v -21.14507103 109.35877228 24.76473427
v -21.13555527 108.21656036 24.55118179
v -21.33495331 107.87940979 24.48814583
v -21.61789322 107.60601807 24.43703270
v -65.83711243 108.98349762 24.69457054
v -65.83386230 108.59352112 24.62166023
v -67.17369843 110.23331451 24.92824173
v -67.57009888 110.21704865 24.92520142
v -66.78701019 110.14605713 24.91192818
v -66.43751526 109.96147156 24.87741661
v -66.15006256 109.69267273 24.82716179
v -65.94506836 109.35877228 24.76473427
v -65.93555450 108.21656036 24.55118179
v -66.13495636 107.87940979 24.48814583
v -66.41789246 107.60601807 24.43703270
v -53.13711548 108.98349762 24.69457054
v -53.13386536 108.59352112 24.62166023
v -54.47369385 110.23331451 24.92824173
v -54.87009811 110.21704865 24.92520142
v -54.08700943 110.14605713 24.91192818
v -53.73751831 109.96147156 24.87741661
v -53.45006180 109.69267273 24.82716179
v -53.24507141 109.35877228 24.76473427
v -53.23555374 108.21656036 24.55118179
v -53.43495560 107.87940979 24.48814583
v -53.71789169 107.60601807 24.43703270
v -40.43711472 108.98349762 24.69457054
v -40.43386459 108.59352112 24.62166023
v -41.77369690 110.23331451 24.92824173
v -42.17009735 110.21704865 24.92520142
v -41.38700867 110.14605713 24.91192818
v -41.03751755 109.96147156 24.87741661
v -40.75006104 109.69267273 24.82716179
v -40.54507065 109.35877228 24.76473427
v -40.53555298 108.21656036 24.55118179
v -40.73495483 107.87940979 24.48814583
v -41.01789093 107.60601807 24.43703270
v -27.73711395 108.98349762 24.69457054
v -27.73386574 108.59352112 24.62166023
v -29.07369614 110.23331451 24.92824173
v -29.47009659 110.21704865 24.92520142
v -28.68700790 110.14605713 24.91192818
v -28.33751678 109.96147156 24.87741661
v -28.05006218 109.69267273 24.82716179
v -27.84506989 109.35877228 24.76473427
v -27.83555412 108.21656036 24.55118179
v -28.03495407 107.87940979 24.48814583
v -28.31789207 107.60601807 24.43703270
v -15.03711414 108.98349762 24.69457054
v -15.03386497 108.59352112 24.62166023
v -16.37369537 110.23331451 24.92824173
v -16.77009583 110.21704865 24.92520142
v -15.98700809 110.14605713 24.91192818
v -15.63751698 109.96147156 24.87741661
v -15.35006142 109.69267273 24.82716179
v -15.14507103 109.35877228 24.76473427
v -15.13555431 108.21656036 24.55118179
v -15.33495426 107.87940979 24.48814583
v -15.61789227 107.60601807 24.43703270
v -13.97306633 107.46440887 24.56629372
v -13.93839741 107.57589722 24.58713722
v -13.91739941 107.69062805 24.60858727
v -13.91036701 107.80699921 24.63034439
v -14.16036701 111.79213715 27.36429214
v -14.16036701 111.74850464 27.60757637
v -14.29971027 107.77886200 24.62508392
v -14.30559444 107.67237854 24.60517502
v -14.32318020 107.56714630 24.58550072
v -14.35225868 107.46440887 24.56629372
v -34.66036606 111.74850464 27.60757637
v -39.78536606 111.74850464 27.60757637
v -44.91036606 111.74850464 27.60757637
v -50.03536606 111.74850464 27.60757637
v -55.16036606 111.74850464 27.60757637
v -70.53536987 111.74850464 27.60757637
v -65.41036987 111.74850464 27.60757637
v -60.28536606 111.74850464 27.60757637
v -19.28536606 111.74850464 27.60757637
v -24.41036606 111.74850464 27.60757637
v -29.53536606 111.74850464 27.60757637
v -73.99196625 110.19429779 24.92094803
v -74.39063263 110.05678558 24.89523697
v -74.73445892 109.81542206 24.85011101
v -74.99613953 109.48936462 24.78915024
v -75.15492249 109.10450745 24.71719551
v -75.12249756 108.28279114 24.56356430
v -74.93387604 107.91117096 24.49408531
v -74.64728546 107.60601807 24.43703270
v -75.19818115 108.69138336 24.63995552
v -61.29196548 110.19429779 24.92094803
v -61.69063187 110.05678558 24.89523697
v -62.03445435 109.81542206 24.85011101
v -62.29614258 109.48936462 24.78915024
v -62.45491791 109.10450745 24.71719551
v -62.42250061 108.28279114 24.56356430
v -62.23387527 107.91117096 24.49408531
v -61.94728851 107.60601807 24.43703270
v -62.49818420 108.69138336 24.63995552
v -48.59196472 110.19429779 24.92094803
v -48.99063110 110.05678558 24.89523697
v -49.33445740 109.81542206 24.85011101
v -49.59614182 109.48936462 24.78915024
v -49.75492096 109.10450745 24.71719551
v -49.72249985 108.28279114 24.56356430
v -49.53387833 107.91117096 24.49408531
v -49.24728775 107.60601807 24.43703270
v -49.79818344 108.69138336 24.63995552
v -35.89196396 110.19429779 24.92094803
v -36.29063034 110.05678558 24.89523697
v -36.63445663 109.81542206 24.85011101
v -36.89614105 109.48936462 24.78915024
v -37.05492020 109.10450745 24.71719551
v -37.02249908 108.28279114 24.56356430
v -36.83387756 107.91117096 24.49408531
v -36.54728699 107.60601807 24.43703270
v -37.09818268 108.69138336 24.63995552
v -23.19196320 110.19429779 24.92094803
v -23.59063148 110.05678558 24.89523697
v -23.93445587 109.81542206 24.85011101
v -24.19614220 109.48936462 24.78915024
v -24.35491943 109.10450745 24.71719551
v -24.32250023 108.28279114 24.56356430
v -24.13387680 107.91117096 24.49408531
v -23.84728622 107.60601807 24.43703270
v -24.39818382 108.69138336 24.63995552
v -68.64728546 107.60601807 24.43703270
v -68.93387604 107.91117096 24.49408531
v -69.12249756 108.28279114 24.56356430
v -69.19818115 108.69138336 24.63995552
v -69.15492249 109.10450745 24.71719551
v -68.99613953 109.48936462 24.78915024
v -68.73445892 109.81542206 24.85011101
v -68.39063263 110.05678558 24.89523697
v -67.99196625 110.19429779 24.92094803
v -65.09970856 111.22078705 25.11286354
v -76.29971313 111.22078705 25.11286354
v -76.29971313 107.80699921 24.47460747
v -76.29735565 107.73958588 24.46200371
v -76.29030609 107.67248535 24.44945908
v -76.27858734 107.60601807 24.43703270
v -65.09970856 107.80699921 24.47460747
v -65.10206604 107.73958588 24.46200371
v -65.10911560 107.67248535 24.44945908
v -65.12083435 107.60601807 24.43703270
v -55.94728851 107.60601807 24.43703270
v -56.23387527 107.91117096 24.49408531
v -56.42250061 108.28279114 24.56356430
v -56.49818420 108.69138336 24.63995552
v -56.45491791 109.10450745 24.71719551
v -56.29614258 109.48936462 24.78915024
v -56.03445435 109.81542206 24.85011101
v -55.69063187 110.05678558 24.89523697
v -55.29196548 110.19429779 24.92094803
v -52.39971161 111.22078705 25.11286354
v -63.59970856 111.22078705 25.11286354
v -63.59970856 107.80699921 24.47460747
v -63.59735489 107.73958588 24.46200371
v -63.59030151 107.67248535 24.44945908
v -63.57858658 107.60601807 24.43703270
v -52.39971161 107.80699921 24.47460747
v -52.40206528 107.73958588 24.46200371
v -52.40911865 107.67248535 24.44945908
v -52.42083359 107.60601807 24.43703270
v -43.24728775 107.60601807 24.43703270
v -43.53387833 107.91117096 24.49408531
v -43.72249985 108.28279114 24.56356430
v -43.79818344 108.69138336 24.63995552
v -43.75492096 109.10450745 24.71719551
v -43.59614182 109.48936462 24.78915024
v -43.33445740 109.81542206 24.85011101
v -42.99063110 110.05678558 24.89523697
v -42.59196472 110.19429779 24.92094803
v -39.69971085 111.22078705 25.11286354
v -50.89971161 111.22078705 25.11286354
v -50.89971161 107.80699921 24.47460747
v -50.89735413 107.73958588 24.46200371
v -50.89030457 107.67248535 24.44945908
v -50.87858582 107.60601807 24.43703270
v -39.69971085 107.80699921 24.47460747
v -39.70206451 107.73958588 24.46200371
v -39.70911789 107.67248535 24.44945908
v -39.72083282 107.60601807 24.43703270
v -30.54728699 107.60601807 24.43703270
v -30.83387756 107.91117096 24.49408531
v -31.02250099 108.28279114 24.56356430
v -31.09818268 108.69138336 24.63995552
v -31.05492020 109.10450745 24.71719551
v -30.89614296 109.48936462 24.78915024
v -30.63445663 109.81542206 24.85011101
v -30.29063225 110.05678558 24.89523697
v -29.89196396 110.19429779 24.92094803
v -26.99971008 111.22078705 25.11286354
v -38.19971085 111.22078705 25.11286354
v -38.19971085 107.80699921 24.47460747
v -38.19735718 107.73958588 24.46200371
v -38.19030380 107.67248535 24.44945908
v -38.17858505 107.60601807 24.43703270
v -26.99971008 107.80699921 24.47460747
v -27.00206375 107.73958588 24.46200371
v -27.00911713 107.67248535 24.44945908
v -27.02083397 107.60601807 24.43703270
v -17.84728622 107.60601807 24.43703270
v -18.13387680 107.91117096 24.49408531
v -18.32250023 108.28279114 24.56356430
v -18.39818382 108.69138336 24.63995552
v -18.35491943 109.10450745 24.71719551
v -18.19614220 109.48936462 24.78915024
v -17.93445587 109.81542206 24.85011101
v -17.59063148 110.05678558 24.89523697
v -17.19196320 110.19429779 24.92094803
v -14.29971027 111.22078705 25.11286354
v -25.49971008 111.22078705 25.11286354
v -25.49971008 107.80699921 24.47460747
v -25.49735451 107.73958588 24.46200371
v -25.49030304 107.67248535 24.44945908
v -25.47858620 107.60601807 24.43703270
v -14.29971027 107.80699921 24.47460747
v -14.30206490 107.73958588 24.46200371
v -14.30911732 107.67248535 24.44945908
v -14.32083511 107.60601807 24.43703270
v -76.04971313 111.74850464 27.45183945
v -76.04971313 111.79213715 27.20855331
v -14.54971027 111.79213715 25.80094147
v -14.54971027 111.78990173 25.74504662
v -14.54971027 111.78321075 25.68951035
v -14.54971027 111.77210999 25.63468552
v -76.29971313 111.40496063 25.17472649
v -76.29971313 111.56503296 25.28482819
v -76.29971313 111.68867493 25.43468666
v -63.59970856 111.40496063 25.17472649
v -63.59970856 111.56503296 25.28482819
v -63.59970856 111.68867493 25.43468666
v -50.89971161 111.40496063 25.17472649
v -50.89971161 111.56503296 25.28482819
v -50.89971161 111.68867493 25.43468666
v -38.19971085 111.40496063 25.17472649
v -38.19971085 111.56503296 25.28482819
v -38.19971085 111.68867493 25.43468666
v -25.49971008 111.40496063 25.17472649
v -25.49971008 111.56503296 25.28482819
v -25.49971008 111.68867493 25.43468666
v -26.99971008 111.40496063 25.17472649
v -26.99971008 111.56503296 25.28482819
v -26.99971008 111.68867493 25.43468666
v -27.04970932 111.68867493 25.43468666
v -27.24971008 111.77210999 25.63468552
v -27.23461533 111.74880219 25.55846405
v -27.19221687 111.72142792 25.49436188
v -27.12810326 111.69821167 25.45068932
v -27.24971008 111.79213715 25.80094147
v -27.24971008 111.78990173 25.74504662
v -27.24971008 111.78321075 25.68951035
v -39.69971085 111.40496063 25.17472649
v -39.69971085 111.56503296 25.28482819
v -39.69971085 111.68867493 25.43468666
v -39.74971008 111.68867493 25.43468666
v -39.94971085 111.77210999 25.63468552
v -39.93461609 111.74880219 25.55846405
v -39.89221573 111.72142792 25.49436188
v -39.82810211 111.69821167 25.45068932
v -39.94971085 111.79213715 25.80094147
v -39.94971085 111.78990173 25.74504662
v -39.94971085 111.78321075 25.68951035
v -52.39971161 111.40496063 25.17472649
v -52.39971161 111.56503296 25.28482819
v -52.39971161 111.68867493 25.43468666
v -52.44971085 111.68867493 25.43468666
v -52.64971161 111.77210999 25.63468552
v -52.63461304 111.74880219 25.55846405
v -52.59221649 111.72142792 25.49436188
v -52.52810287 111.69821167 25.45068932
v -52.64971161 111.79213715 25.80094147
v -52.64971161 111.78990173 25.74504662
v -52.64971161 111.78321075 25.68951035
v -65.09970856 111.40496063 25.17472649
v -65.09970856 111.56503296 25.28482819
v -65.09970856 111.68867493 25.43468666
v -65.14971161 111.68867493 25.43468666
v -65.34970856 111.77210999 25.63468552
v -65.33461761 111.74880219 25.55846405
v -65.29221344 111.72142792 25.49436188
v -65.22810364 111.69821167 25.45068932
v -65.34970856 111.79213715 25.80094147
v -65.34970856 111.78990173 25.74504662
v -65.34970856 111.78321075 25.68951035
v -76.24971008 111.68867493 25.43468666
v -76.04971313 111.77210999 25.63468552
v -76.06480408 111.74880219 25.55846405
v -76.10720062 111.72142792 25.49436188
v -76.17131805 111.69821167 25.45068932
v -76.04971313 111.78990173 25.74504662
v -76.04971313 111.78321075 25.68951035
v -76.04971313 111.79213715 25.80094147
v -14.53461456 111.74880219 25.55846405
v -14.49221611 111.72142792 25.49436188
v -14.42810345 111.69821167 25.45068932
v -14.34971046 111.68867493 25.43468666
v -14.29971027 111.68867493 25.43468666
v -25.44971085 111.68867493 25.43468666
v -25.24971008 111.77210999 25.63468552
v -25.26480484 111.74880219 25.55846405
v -25.30720329 111.72142792 25.49436188
v -25.37131691 111.69821167 25.45068932
v -25.24971008 111.79213715 26.48468590
v -25.24971008 111.79213715 25.80094147
v -25.24971008 111.78990173 25.74504662
v -25.24971008 111.78321075 25.68951035
v -25.44971085 111.79213715 26.68468666
v -25.34971046 111.79213715 26.65789223
v -25.27650452 111.79213715 26.58468628
v -38.14971161 111.68867493 25.43468666
v -37.94971085 111.77210999 25.63468552
v -37.96480560 111.74880219 25.55846405
v -38.00720215 111.72142792 25.49436188
v -38.07131577 111.69821167 25.45068932
v -37.94971085 111.79213715 26.48468590
v -37.94971085 111.79213715 25.80094147
v -37.94971085 111.78990173 25.74504662
v -37.94971085 111.78321075 25.68951035
v -38.14971161 111.79213715 26.68468666
v -38.04970932 111.79213715 26.65789223
v -37.97650528 111.79213715 26.58468628
v -50.84970856 111.68867493 25.43468666
v -50.64971161 111.77210999 25.63468552
v -50.66480637 111.74880219 25.55846405
v -50.70720291 111.72142792 25.49436188
v -50.77131653 111.69821167 25.45068932
v -50.64971161 111.79213715 26.48468590
v -50.64971161 111.79213715 25.80094147
v -50.64971161 111.78990173 25.74504662
v -50.64971161 111.78321075 25.68951035
v -50.84970856 111.79213715 26.68468666
v -50.74971008 111.79213715 26.65789223
v -50.67650604 111.79213715 26.58468628
v -63.54970932 111.68867493 25.43468666
v -63.34970856 111.77210999 25.63468552
v -63.36480713 111.74880219 25.55846405
v -63.40720367 111.72142792 25.49436188
v -63.47131729 111.69821167 25.45068932
v -63.34970856 111.79213715 26.48468590
v -63.34970856 111.79213715 25.80094147
v -63.34970856 111.78990173 25.74504662
v -63.34970856 111.78321075 25.68951035
v -63.54970932 111.79213715 26.68468666
v -63.44971085 111.79213715 26.65789223
v -63.37650681 111.79213715 26.58468628
v -14.29971027 111.40496063 25.17472649
v -14.29971027 111.56503296 25.28482819
v -72.56637573 111.75054169 25.56322098
v -72.56637573 111.63068390 25.35375595
v -68.83304596 111.75054169 25.56322098
v -68.83304596 111.63068390 25.35375595
v -68.83304596 111.44680786 25.19744492
v -72.56637573 111.44680786 25.19744492
v -59.86637497 111.75054169 25.56322098
v -59.86637497 111.63068390 25.35375595
v -56.13304520 111.75054169 25.56322098
v -56.13304520 111.63068390 25.35375595
v -56.13304520 111.44680786 25.19744492
v -59.86637497 111.44680786 25.19744492
v -34.46637726 111.75054169 25.56322098
v -34.46637726 111.63068390 25.35375595
v -30.73304367 111.75054169 25.56322098
v -30.73304367 111.63068390 25.35375595
v -30.73304367 111.44680786 25.19744492
v -34.46637726 111.44680786 25.19744492
v -47.16637802 111.75054169 25.56322098
v -47.16637802 111.63068390 25.35375595
v -43.43304443 111.75054169 25.56322098
v -43.43304443 111.63068390 25.35375595
v -43.43304443 111.44680786 25.19744492
v -47.16637802 111.44680786 25.19744492
v -18.03304291 111.63068390 25.35375595
v -18.03304291 111.44680786 25.19744492
v -21.76637650 111.44680786 25.19744492
v -21.76637650 111.63068390 25.35375595
v -21.76637650 111.75054169 25.56322098
v -18.03304291 111.75054169 25.56322098
v -39.69727325 107.03044128 24.48515701
v -39.47436523 107.26761627 24.52949905
v -39.98633957 106.87705994 24.45648003
v -40.31036758 106.82402802 24.44656372
v -40.46217346 106.82402802 24.44656372
v -40.21926880 106.91677094 24.46390533
v -40.00898743 107.06806183 24.49218941
v -39.84561157 107.26761627 24.52949905
v -25.11036682 111.55853271 38.29042435
v -25.11036682 111.45667267 38.36602020
v -25.11036682 111.68867493 38.29042435
v -25.11036682 111.56503296 38.44028473
v -25.11036682 111.34284973 38.42199707
v -25.11036682 111.22078705 38.45650864
v -25.11036682 107.77886200 39.10002518
v -25.11036682 111.22078705 38.61224747
v -25.11036682 111.40496063 38.55038452
v -25.11036682 107.80699921 39.25050354
v -25.06142235 107.50324249 39.30729294
v -25.05551720 107.45779419 39.16005325
v -24.91938400 107.22922516 39.35852432
v -24.89698410 107.17193604 39.21349716
v -24.69815254 107.01175690 39.39918518
v -24.65216064 106.95266724 39.25449371
v -24.41938400 106.87213898 39.42528915
v -24.34790230 106.82402802 39.27854538
v -24.11036682 106.82402802 39.43428421
v -24.19022369 106.73527527 38.94221115
v -24.11036682 106.73213959 38.94279861
v -24.34790230 106.76027679 38.93753815
v -24.26957321 106.74467468 38.94045639
v -15.29971027 106.76027679 38.93753815
v -14.91036701 106.73213959 38.94279861
v -14.99069309 106.80838013 38.92854309
v -14.60134983 106.78025055 38.93380356
v -14.71192455 106.94800568 38.90243912
v -14.32258129 106.91986847 38.90769958
v -14.49069309 107.16546631 38.86178207
v -14.10134983 107.13733673 38.86704254
v -14.34865379 107.43948364 38.81055069
v -13.95931053 107.41135406 38.81581116
v -13.91036701 107.71510315 38.75901794
v -14.29971027 107.74324036 38.75375748
v -13.91036701 110.22144318 38.29042435
v -14.29971027 111.05442047 38.13468552
v -13.91036701 107.80699921 39.25050354
v -13.95931053 107.50324249 39.30729294
v -14.10134983 107.22922516 39.35852432
v -14.32258129 107.01175690 39.39918518
v -14.60134983 106.87213898 39.42528915
v -14.91036701 106.82402802 39.43428421
v -13.91036701 111.22078705 38.61224747
v -13.91036701 111.40496063 38.55038452
v -13.91036701 111.56503296 38.44028473
v -13.91036701 111.68867493 38.29042435
v -24.49971008 106.73213959 38.78706360
v -25.49971008 110.22144318 38.13468552
v -25.49971008 107.71510315 38.60328293
v -25.45076561 107.41135406 38.66007233
v -25.30872726 107.13733673 38.71130371
v -25.08749580 106.91986847 38.75196457
v -24.80872726 106.78025055 38.77806854
v -15.29971027 106.73213959 38.78706360
v -14.99069309 106.78025055 38.77806854
v -14.71192455 106.91986847 38.75196457
v -14.49069309 107.13733673 38.71130371
v -14.34865379 107.41135406 38.66007233
v -14.29971027 107.71510315 38.60328293
v -14.29971027 110.22144318 38.13468552
v -25.49971008 111.22078705 38.45650864
v -25.49971008 111.40496063 38.39464569
v -25.49971008 111.56503296 38.28454590
v -25.49971008 111.68867493 38.13468552
v -24.49971008 106.82402802 39.27854538
v -24.80872726 106.87213898 39.26955032
v -25.08749580 107.01175690 39.24344635
v -25.30872726 107.22922516 39.20278931
v -25.45076561 107.50324249 39.15155792
v -25.49971008 107.80699921 39.09476471
v -52.39727402 107.03044128 24.48515701
v -52.17436600 107.26761627 24.52949905
v -52.20135117 107.13733673 25.01380539
v -52.11786270 107.35871124 24.57383537
v -52.05931091 107.41135406 25.06503677
v -52.07306671 107.46440887 24.56629372
v -52.03839874 107.57589722 24.58713722
v -52.01739883 107.69062805 24.60858727
v -52.01036835 107.71510315 25.12182808
v -52.01036835 107.80699921 24.63034439
v -52.42258072 106.91986847 24.97314644
v -52.68634033 106.87705994 24.45648003
v -52.70135117 106.78025055 24.94704247
v -53.01036835 106.82402802 24.44656372
v -53.01036835 106.73213959 24.93804932
v -52.01036835 111.22078705 25.26860046
v -52.01036835 111.40496063 25.33046341
v -52.01036835 111.56503296 25.44056511
v -52.01036835 111.68867493 25.59042358
v -63.21036530 107.71510315 25.12182808
v -63.21036530 107.74324036 24.97135162
v -63.16142273 107.41135406 25.06503677
v -63.16142273 107.43948364 24.91456032
v -63.01938248 107.13733673 25.01380539
v -63.01938248 107.16546631 24.86332703
v -62.79815292 106.91986847 24.97314644
v -62.79815292 106.94800568 24.82266998
v -62.51938248 106.78025055 24.94704247
v -62.51938248 106.80838013 24.79656601
v -62.21036530 106.73213959 24.93804932
v -62.21036530 106.76027679 24.78757095
v -63.21036530 111.05442047 25.59042358
v -63.21036530 110.22144318 25.59042358
v -53.16217422 106.82402802 24.44656372
v -53.16217422 106.76027679 24.78757095
v -52.01036835 110.22144318 25.59042358
v -52.54560852 107.26761627 24.52949905
v -52.70898819 107.06806183 24.49218941
v -52.91926956 106.91677094 24.46390533
v -63.59970856 111.22078705 25.11286354
v -63.59970856 107.80699921 24.47460747
v -63.59735489 107.73958588 24.46200371
v -63.59030151 107.67248535 24.44945908
v -63.57858658 107.60601807 24.43703270
v -52.54727554 107.26522827 24.52742195
v -52.76840973 107.04467010 24.33207893
v -52.95981216 106.92424774 24.30956459
v -53.17393112 106.84941101 24.29557228
v -53.24050522 106.74467468 24.78465462
v -53.31985092 106.73527527 24.78289795
v -53.39971161 106.82402802 24.29082680
v -53.39971161 106.73213959 24.78231049
v -62.59970856 106.73213959 24.78231049
v -62.90872574 106.78025055 24.79130554
v -63.18749619 106.91986847 24.81740952
v -63.40872574 107.13733673 24.85806847
v -63.55076599 107.41135406 24.90929985
v -63.59970856 107.71510315 24.96609116
v -63.59970856 110.22144318 25.43468666
v -63.55547714 107.49302673 24.55354881
v -63.52897644 107.41207123 24.57715988
v -63.49358749 107.33367157 24.56708336
v -63.45214462 107.26522827 24.52742195
v -63.57027817 107.55763245 24.49797058
v -63.23101044 107.04467010 24.33207893
v -63.03960800 106.92424774 24.30956459
v -62.82548904 106.84941101 24.29557228
v -62.59970856 106.82402802 24.29082680
v -63.59970856 111.40496063 25.17472649
v -63.59970856 111.56503296 25.28482819
v -63.59970856 111.68867493 25.43468666
v -26.99727440 107.03044128 24.48515701
v -26.77436638 107.26761627 24.52949905
v -26.80134964 107.13733673 25.01380539
v -26.71786118 107.35871124 24.57383537
v -26.65930939 107.41135406 25.06503677
v -26.67306519 107.46440887 24.56629372
v -26.63839722 107.57589722 24.58713722
v -26.61739922 107.69062805 24.60858727
v -26.61036682 107.71510315 25.12182808
v -26.61036682 107.80699921 24.63034439
v -27.02258110 106.91986847 24.97314644
v -27.28633881 106.87705994 24.45648003
v -27.30134964 106.78025055 24.94704247
v -27.61036682 106.82402802 24.44656372
v -27.61036682 106.73213959 24.93804932
v -26.61036682 111.22078705 25.26860046
v -27.76217270 106.82402802 24.44656372
v -27.51926804 106.91677094 24.46390533
v -27.30898666 107.06806183 24.49218941
v -27.14560890 107.26761627 24.52949905
v -26.61036682 111.40496063 25.33046341
v -26.61036682 111.56503296 25.44056511
v -26.61036682 111.68867493 25.59042358
v -37.81036758 107.71510315 25.12182808
v -37.81036758 107.74324036 24.97135162
v -37.76142502 107.41135406 25.06503677
v -37.76142502 107.43948364 24.91456032
v -37.61938477 107.13733673 25.01380539
v -37.61938477 107.16546631 24.86332703
v -37.39815140 106.91986847 24.97314644
v -37.39815140 106.94800568 24.82266998
v -37.11938477 106.78025055 24.94704247
v -37.11938477 106.80838013 24.79656601
v -36.81036758 106.73213959 24.93804932
v -36.81036758 106.76027679 24.78757095
v -37.81036758 111.05442047 25.59042358
v -37.81036758 110.22144318 25.59042358
v -27.76217270 106.76027679 24.78757095
v -26.61036682 110.22144318 25.59042358
v -38.19971085 111.22078705 25.11286354
v -38.19971085 107.80699921 24.47460747
v -38.19735718 107.73958588 24.46200371
v -38.19030380 107.67248535 24.44945908
v -38.17858505 107.60601807 24.43703270
v -27.84050369 106.74467468 24.78465462
v -27.99971008 106.73213959 24.78231049
v -37.19971085 106.73213959 24.78231049
v -37.50872803 106.78025055 24.79130554
v -37.78749466 106.91986847 24.81740952
v -38.00872803 107.13733673 24.85806847
v -38.15076828 107.41135406 24.90929985
v -38.19971085 107.71510315 24.96609116
v -38.19971085 110.22144318 25.43468666
v -27.91985130 106.73527527 24.78289795
v -27.14727402 107.26522827 24.52742195
v -27.36841011 107.04467010 24.33207893
v -27.55981064 106.92424774 24.30956459
v -27.77393150 106.84941101 24.29557228
v -27.99971008 106.82402802 24.29082680
v -38.17027664 107.55763245 24.49797058
v -38.05214691 107.26522827 24.52742195
v -38.09358597 107.33367157 24.56708336
v -38.12897873 107.41207123 24.57715988
v -38.15547562 107.49302673 24.55354881
v -37.83100891 107.04467010 24.33207893
v -37.63961029 106.92424774 24.30956459
v -37.42548752 106.84941101 24.29557228
v -37.19971085 106.82402802 24.29082680
v -38.19971085 111.40496063 25.17472649
v -38.19971085 111.56503296 25.28482819
v -38.19971085 111.68867493 25.43468666
v -26.99727440 107.03044128 24.48515701
v -26.77436638 107.26761627 24.52949905
v -27.28633881 106.87705994 24.45648003
v -27.61036682 106.82402802 24.44656372
v -27.76217270 106.82402802 24.44656372
v -27.51926804 106.91677094 24.46390533
v -27.30898666 107.06806183 24.49218941
v -27.14560890 107.26761627 24.52949905
v -64.87436676 107.26761627 24.52949905
v -65.09727478 107.03044128 24.48515701
v -65.24561310 107.26761627 24.52949905
v -65.40898895 107.06806183 24.49218941
v -65.38633728 106.87705994 24.45648003
v -65.61927032 106.91677094 24.46390533
v -65.71036530 106.82402802 24.44656372
v -65.86217499 106.82402802 24.44656372
v -14.07436657 107.26761627 24.52949905
v -14.29727554 107.03044128 24.48515701
v -14.44561005 107.26761627 24.52949905
v -14.60898685 107.06806183 24.49218941
v -14.58633900 106.87705994 24.45648003
v -14.81926823 106.91677094 24.46390533
v -14.91036701 106.82402802 24.44656372
v -15.06217384 106.82402802 24.44656372
v -71.05665588 109.29213715 33.24159622
v -71.39353943 109.29213715 32.97808075
v -71.64235687 109.29213715 32.63020325
v -71.78288269 109.29213715 32.22624207
v -71.80368805 109.29213715 31.79904175
v -71.70307922 109.29213715 31.38333702
v -71.48924255 109.29213715 31.01292610
v -71.17955780 109.29213715 30.71792412
v -70.79920197 109.29213715 30.52231216
v -70.37910461 109.29213715 30.44199944
v -69.95342255 109.29213715 30.48351288
v -58.35665512 109.29213715 33.24159622
v -58.69353867 109.29213715 32.97808075
v -58.94235992 109.29213715 32.63020325
v -59.08288574 109.29213715 32.22624207
v -59.10368729 109.29213715 31.79904175
v -59.00308228 109.29213715 31.38333702
v -58.78924179 109.29213715 31.01292610
v -58.47955704 109.29213715 30.71792412
v -58.09920502 109.29213715 30.52231216
v -57.67910767 109.29213715 30.44199944
v -57.25342178 109.29213715 30.48351288
v -45.65665436 109.29213715 33.24159622
v -45.99354172 109.29213715 32.97808075
v -46.24235916 109.29213715 32.63020325
v -46.38288498 109.29213715 32.22624207
v -46.40369034 109.29213715 31.79904175
v -46.30308151 109.29213715 31.38333702
v -46.08924103 109.29213715 31.01292610
v -45.77955627 109.29213715 30.71792412
v -45.39920425 109.29213715 30.52231216
v -44.97910690 109.29213715 30.44199944
v -44.55342102 109.29213715 30.48351288
v -32.95665359 109.29213715 33.24159622
v -33.29354095 109.29213715 32.97808075
v -33.54235840 109.29213715 32.63020325
v -33.68288422 109.29213715 32.22624207
v -33.70368958 109.29213715 31.79904175
v -33.60308075 109.29213715 31.38333702
v -33.38924408 109.29213715 31.01292610
v -33.07955551 109.29213715 30.71792412
v -32.69920349 109.29213715 30.52231216
v -32.27910614 109.29213715 30.44199944
v -31.85342216 109.29213715 30.48351288
v -20.25665474 109.29213715 33.24159622
v -20.59354019 109.29213715 32.97808075
v -20.84235954 109.29213715 32.63020325
v -20.98288536 109.29213715 32.22624207
v -21.00368881 109.29213715 31.79904175
v -20.90308189 109.29213715 31.38333702
v -20.68924332 109.29213715 31.01292610
v -20.37955666 109.29213715 30.71792412
v -19.99920464 109.29213715 30.52231216
v -19.57910728 109.29213715 30.44199944
v -19.15342140 109.29213715 30.48351288
v -14.16036701 109.29213715 28.44198799
v -14.54971027 109.29213715 28.44198799
v -14.16036701 109.33577728 28.19870377
v -14.54971027 109.33577728 28.19870377
v -75.66036987 109.33577728 35.68214417
v -75.66036987 109.33577728 35.52640533
v -75.66036987 109.29213715 35.43886185
v -75.66036987 109.29213715 35.28312302
v -14.16036701 109.29213715 35.43886185
v -14.16036701 109.33577728 35.68214417
v -19.28536606 109.33577728 35.68214417
v -24.41036606 109.33577728 35.68214417
v -29.53536606 109.33577728 35.68214417
v -50.03536606 109.33577728 35.68214417
v -55.16036606 109.33577728 35.68214417
v -60.28536606 109.33577728 35.68214417
v -65.41036987 109.33577728 35.68214417
v -70.53536987 109.33577728 35.68214417
v -44.91036606 109.33577728 35.68214417
v -39.78536606 109.33577728 35.68214417
v -34.66036606 109.33577728 35.68214417
v -57.93096924 109.29213715 33.28311157
v -70.63096619 109.29213715 33.28311157
v -70.21086884 109.29213715 33.20279694
v -69.83052063 109.29213715 33.00718689
v -57.51087189 109.29213715 33.20279694
v -45.23096848 109.29213715 33.28311157
v -32.53096771 109.29213715 33.28311157
v -19.83096886 109.29213715 33.28311157
v -32.11087418 109.29213715 33.20279694
v -31.73052025 109.29213715 33.00718689
v -57.13051987 109.29213715 33.00718689
v -56.82083511 109.29213715 32.71218491
v -56.60699463 109.29213715 32.34177399
v -56.50638962 109.29213715 31.92606735
v -56.52719116 109.29213715 31.49886894
v -56.66771698 109.29213715 31.09490776
v -56.91653824 109.29213715 30.74702835
v -76.04971313 109.29213715 28.28625107
v -69.61653900 109.29213715 30.74702835
v -69.36771393 109.29213715 31.09490776
v -69.22719574 109.29213715 31.49886894
v -69.20639038 109.29213715 31.92606735
v -69.30699158 109.29213715 32.34177399
v -69.52083588 109.29213715 32.71218491
v -44.81087112 109.29213715 33.20279694
v -44.43051910 109.29213715 33.00718689
v -31.42083359 109.29213715 32.71218491
v -31.20699501 109.29213715 32.34177399
v -31.10638809 109.29213715 31.92606735
v -31.12719154 109.29213715 31.49886894
v -31.26771736 109.29213715 31.09490776
v -31.51653671 109.29213715 30.74702835
v -14.54971027 109.29213715 28.28625107
v -44.21653748 109.29213715 30.74702835
v -43.96771622 109.29213715 31.09490776
v -43.82719040 109.29213715 31.49886894
v -43.80638885 109.29213715 31.92606735
v -43.90699387 109.29213715 32.34177399
v -44.12083435 109.29213715 32.71218491
v -76.04971313 109.29213715 35.28312302
v -18.81653595 109.29213715 30.74702835
v -18.56771660 109.29213715 31.09490776
v -18.42719269 109.29213715 31.49886894
v -18.40638733 109.29213715 31.92606735
v -18.50699425 109.29213715 32.34177399
v -18.72083473 109.29213715 32.71218491
v -19.03051949 109.29213715 33.00718689
v -19.41087151 109.29213715 33.20279694
v -14.54971027 109.33577728 28.04296494
v -76.04971313 109.33577728 28.04296494
v -76.04971313 109.33577728 35.52640533
v -35.04970932 109.33577728 28.04296494
v -40.17470932 109.33577728 28.04296494
v -45.29970932 109.33577728 28.04296494
v -50.42470932 109.33577728 28.04296494
v -55.54970932 109.33577728 28.04296494
v -70.92471313 109.33577728 28.04296494
v -65.79971313 109.33577728 28.04296494
v -60.67470932 109.33577728 28.04296494
v -19.67470932 109.33577728 28.04296494
v -24.79970932 109.33577728 28.04296494
v -29.92470932 109.33577728 28.04296494
v -14.16036701 109.33577728 28.19870377
v -14.54971027 109.33577728 28.19870377
v -14.16036701 109.46124268 27.98575020
v -14.54971027 109.46124268 27.98575020
v -14.16036701 109.46124268 27.98575020
v -14.54971027 109.46124268 27.98575020
v -14.16036701 109.65290833 27.82967949
v -14.54971027 109.65290833 27.82967949
v -14.16036701 109.65290833 27.82967949
v -14.54971027 109.65290833 27.82967949
v -14.16036701 109.88686371 27.74995041
v -14.54971027 109.88686371 27.74995041
v -14.54971027 111.12222290 27.56201553
v -14.16036701 111.12222290 27.56201553
v -14.16036701 111.20903778 27.52657127
v -14.54971027 111.20903778 27.52657127
v -75.66036987 111.29213715 36.51655579
v -75.66036987 111.29213715 36.36081696
v -75.66036987 111.27015686 36.42539597
v -75.66036987 111.20903778 36.35427475
v -75.66036987 111.27015686 36.26965714
v -75.66036987 111.12222290 36.31883240
v -75.66036987 111.20903778 36.19853973
v -75.66036987 111.12222290 36.16309357
v -75.66036987 109.88686371 36.13089752
v -75.66036987 109.88686371 35.97515869
v -75.66036987 109.65290833 36.05116653
v -75.66036987 109.65290833 35.89543152
v -75.66036987 109.46124268 35.89509583
v -75.66036987 109.46124268 35.73936081
v -75.66036987 109.33577728 35.68214417
v -75.66036987 109.33577728 35.52640533
v -75.66036987 109.29213715 35.43886185
v -75.66036987 109.29213715 35.28312302
v -75.66036987 109.79213715 28.44198799
v -75.66036987 109.81412506 28.35082626
v -75.66036987 109.79213715 28.28625107
v -75.66036987 109.87524414 28.27970695
v -75.66036987 109.81412506 28.19508934
v -75.66036987 109.96205902 28.24426270
v -75.66036987 109.87524414 28.12397003
v -75.66036987 109.96205902 28.08852577
v -75.66036987 111.19741821 28.05632973
v -75.66036987 111.19741821 27.90059280
v -75.66036987 111.43137360 27.97659874
v -75.66036987 111.43137360 27.82086182
v -75.66036987 111.62303162 27.82052803
v -75.66036987 111.62303162 27.66479111
v -75.66036987 111.74850464 27.60757637
v -75.66036987 111.74850464 27.45183945
v -75.66036987 111.79213715 27.36429214
v -75.66036987 111.79213715 27.20855331
v -14.16036701 111.20903778 27.52657127
v -14.54971027 111.20903778 27.52657127
v -14.16036701 111.27015686 27.45545197
v -14.54971027 111.27015686 27.45545197
v -73.39329529 107.28765869 38.68320084
v -73.24251556 107.43585968 38.30624008
v -73.00870514 107.31832123 38.67746735
v -72.94844055 107.48398590 38.30826187
v -72.64816284 107.45343018 38.65220642
v -72.53569794 107.63195801 38.39437103
v -72.34041595 107.68222046 38.60943222
v -72.19170380 107.87844849 38.53781128
v -72.10999298 107.98644257 38.55255127
v -72.19170380 108.05546570 38.31443024
v -71.97526550 108.34185791 38.48610306
v -72.19170380 108.28834534 38.15010834
v -72.19170380 108.55814362 38.05821609
v -72.53569794 108.15884399 37.89602280
v -72.53569794 108.50563812 37.77790451
v -72.94844055 108.08110046 37.74349213
v -72.94844055 108.47411346 37.60963058
v -72.96427917 108.44893646 37.61064911
v -72.95581818 108.88053894 37.58951187
v -73.11396027 107.69466400 37.98485565
v -72.94844055 107.74185944 37.98286057
v -72.53569794 107.85949707 38.10723877
v -73.01851654 108.04216766 37.74625778
v -72.94844055 108.88893127 37.59216309
v -72.99387360 109.30042267 37.68463898
v -72.94844055 109.29181671 37.69251251
v -72.94844055 109.64997864 37.90251160
v -72.53569794 109.54320526 38.03634262
v -72.81703949 109.88119507 38.19829941
v -72.48046875 109.69571686 38.23297882
v -73.07520294 109.67302704 37.88796997
v -73.19293213 109.96681213 38.18229294
v -72.21006775 109.42514801 38.28356552
v -72.19170380 109.36534882 38.25927353
v -72.53569794 109.22716522 37.85103989
v -72.19170380 109.11947632 38.11511230
v -72.53569794 108.87167358 37.76249313
v -72.19170380 108.84291077 38.04622269
v -72.02738190 109.09107208 38.34602737
v -71.94697571 108.72011566 38.41538239
v -73.79901886 107.25832367 38.68868637
v -73.58993530 110.05415344 38.16596222
v -73.99586487 110.02774811 38.17089844
v -74.37770081 109.88974762 38.19670105
v -74.70434570 109.65138245 38.24126816
v -74.94922638 109.33204651 38.30097198
v -75.09240723 108.95774078 38.37095261
v -75.12223053 108.55892181 38.44551849
v -75.03627777 108.16805267 38.51859665
v -74.84153748 107.81695557 38.58423996
v -74.55386353 107.53419495 38.63710785
v -74.19666290 107.34278870 38.67289352
v -73.36589813 109.78179932 37.85625458
v -73.36589813 109.45867157 37.60987473
v -73.36589813 109.08019257 37.46191025
v -73.36589813 108.67559814 37.42381668
v -73.36589813 108.27615356 37.49853134
v -73.36589813 107.91268158 37.68029022
v -73.36589813 107.61326599 37.95505142
v -73.36589813 107.40102386 38.30160141
v -73.80471802 107.36990356 38.28807068
v -74.23448944 107.45692444 38.32590485
v -74.61822510 107.65459442 38.41184616
v -74.92288208 108.07190704 38.33274460
v -74.92288208 108.70263672 38.01733780
v -74.92288208 108.46546936 38.06169891
v -74.92288208 108.24967194 38.16961288
v -74.61822510 108.36425781 37.76061630
v -74.61822510 108.06951141 37.90800858
v -74.23448944 108.29557037 37.55630875
v -74.23448944 107.94725800 37.73049164
v -73.80471802 108.26533508 37.46636581
v -73.80471802 107.89343262 37.65233994
v -74.92288208 109.16756439 38.12780762
v -74.92288208 108.94284821 38.03995514
v -74.61822510 109.01627350 37.73091888
v -74.61822510 108.68817902 37.70002747
v -74.23448944 109.06610107 37.52121353
v -74.23448944 108.67837524 37.48470688
v -73.80471802 109.08803558 37.42889404
v -73.80471802 108.67405701 37.38991547
v -74.92288208 109.35931396 38.27399445
v -74.61822510 109.58513641 38.05060959
v -74.23448944 109.73839569 37.89904785
v -73.80471802 109.80588531 37.83235168
v -74.61822510 107.82670593 38.13082123
v -74.23448944 107.66032410 37.99380112
v -73.80471802 107.58707428 37.93347931
v -73.80471802 109.47530365 37.58029175
v -74.23448944 109.42881012 37.66300964
v -74.61822510 109.32319641 37.85090637
v -72.34122467 109.68016052 24.18401527
v -72.16287994 109.41593170 24.14812279
v -72.22785950 109.42286682 24.05633736
v -72.16287994 109.19331360 23.98619080
v -72.17768860 109.18584442 23.96297455
v -72.14926910 108.93508148 23.91108704
v -71.95228577 109.03958130 24.27726746
v -71.95228577 108.86866760 24.21623993
v -71.83711243 108.98349762 24.69457054
v -71.83386230 108.59352112 24.62166023
v -72.16287994 109.58383179 24.36626816
v -72.52910614 109.89968109 24.29294586
v -72.45135498 109.94023895 24.56355858
v -72.77706146 110.06453705 24.37475204
v -72.79813385 110.11576843 24.52299690
v -73.06602478 110.16206360 24.42314720
v -73.17967987 110.19806671 24.50397873
v -73.37377930 110.18475342 24.43440628
v -73.43858337 110.21659851 24.59641647
v -73.17369843 110.23331451 24.92824173
v -73.50433350 110.22740936 24.76079559
v -73.57009888 110.21704865 24.92520142
v -72.78701019 110.14605713 24.91192818
v -72.43751526 109.96147156 24.87741661
v -72.15006256 109.69267273 24.82716179
v -72.16287994 109.68339539 24.62291336
v -71.94506836 109.35877228 24.76473427
v -71.95228577 109.36266327 24.69702911
v -71.95228577 109.29702759 24.52783585
v -71.95228577 109.18634033 24.38402176
v -71.93555450 108.21656036 24.55118179
v -71.95228577 108.35278320 24.33642578
v -71.95228577 108.51073456 24.24707222
v -71.95228577 108.68748474 24.20589447
v -72.15478516 108.43588257 23.93498802
v -72.14181519 108.68566895 23.90167618
v -71.95228577 108.22644043 24.46670341
v -72.13495636 107.87940979 24.48814583
v -72.16287994 107.95989227 24.27354050
v -72.32061005 107.77050781 24.26931381
v -72.24506378 107.96543121 24.12574768
v -72.41789246 107.60601807 24.43703270
v -72.16287994 108.15153503 24.07592583
v -72.18901062 108.19084167 24.01058578
v -73.99196625 110.19429779 24.92094803
v -73.80724335 110.22767639 24.50686455
v -73.75373840 110.22322845 24.45350075
v -74.12843323 110.15490723 24.41959763
v -74.23168182 110.13469696 24.51799393
v -74.39063263 110.05678558 24.89523697
v -74.61145020 109.92479706 24.54311943
v -74.73445892 109.81542206 24.85011101
v -74.91467285 109.61560059 24.58013153
v -74.99613953 109.48936462 24.78915024
v -75.11588287 109.23307037 24.62592125
v -75.15492249 109.10450745 24.71719551
v -75.11588287 109.19755554 24.49218178
v -75.11588287 109.12638092 24.37351990
v -74.91467285 109.55242157 24.34218216
v -74.91467285 109.42578125 24.13105774
v -74.72010803 109.73423767 24.21084976
v -74.87944794 109.42286682 24.05633736
v -74.46137238 109.98644257 24.33600044
v -74.93753052 109.18554688 23.96284485
v -74.97006226 108.93314362 23.91082954
v -75.11588287 108.90167236 24.21669579
v -75.11588287 109.02510834 24.27923012
v -75.11588287 108.76573944 24.19081688
v -74.97779083 108.68218994 23.90186119
v -75.11588287 108.62796021 24.20361710
v -74.96128082 108.43015289 23.93620300
v -75.11588287 108.49912262 24.25409698
v -74.91950989 108.18419647 24.01332855
v -75.11588287 108.38932037 24.33830261
v -74.91467285 108.11439514 24.06839752
v -75.11588287 108.30715179 24.44963646
v -74.91467285 107.96820068 24.26648521
v -75.12249756 108.28279114 24.56356430
v -74.93387604 107.91117096 24.49408531
v -74.76409149 107.77016449 24.26955986
v -74.64728546 107.60601807 24.43703270
v -74.85247803 107.96035767 24.12886429
v -75.19818115 108.69138336 24.63995552
v -60.69329453 107.28765869 38.68320084
v -60.54251099 107.43585968 38.30624008
v -60.30870438 107.31832123 38.67746735
v -60.24843979 107.48398590 38.30826187
v -59.94816208 107.45343018 38.65220642
v -59.83569717 107.63195801 38.39437103
v -59.64041138 107.68222046 38.60943222
v -59.49170303 107.87844849 38.53781128
v -59.40998840 107.98644257 38.55255127
v -59.49170303 108.05546570 38.31443024
v -59.27526474 108.34185791 38.48610306
v -59.49170303 108.28834534 38.15010834
v -59.49170303 108.55814362 38.05821609
v -59.83569717 108.15884399 37.89602280
v -59.83569717 108.50563812 37.77790451
v -60.24843979 108.08110046 37.74349213
v -60.24843979 108.47411346 37.60963058
v -60.26427460 108.44893646 37.61064911
v -60.25582123 108.88053894 37.58951187
v -60.41395950 107.69466400 37.98485565
v -60.24843979 107.74185944 37.98286057
v -59.83569717 107.85949707 38.10723877
v -60.31851959 108.04216766 37.74625778
v -60.24843979 108.88893127 37.59216309
v -60.29387283 109.30042267 37.68463898
v -60.24843979 109.29181671 37.69251251
v -60.24843979 109.64997864 37.90251160
v -59.83569717 109.54320526 38.03634262
v -60.11703873 109.88119507 38.19829941
v -59.78047180 109.69571686 38.23297882
v -60.37520599 109.67302704 37.88796997
v -60.49293518 109.96681213 38.18229294
v -59.51006699 109.42514801 38.28356552
v -59.49170303 109.36534882 38.25927353
v -59.83569717 109.22716522 37.85103989
v -59.49170303 109.11947632 38.11511230
v -59.83569717 108.87167358 37.76249313
v -59.49170303 108.84291077 38.04622269
v -59.32737732 109.09107208 38.34602737
v -59.24697495 108.72011566 38.41538239
v -61.09902191 107.25832367 38.68868637
v -60.88993454 110.05415344 38.16596222
v -61.29586792 110.02774811 38.17089844
v -61.67770004 109.88974762 38.19670105
v -62.00434494 109.65138245 38.24126816
v -62.24922562 109.33204651 38.30097198
v -62.39240265 108.95774078 38.37095261
v -62.42222977 108.55892181 38.44551849
v -62.33627319 108.16805267 38.51859665
v -62.14153671 107.81695557 38.58423996
v -61.85385895 107.53419495 38.63710785
v -61.49666595 107.34278870 38.67289352
v -60.66589737 109.78179932 37.85625458
v -60.66589737 109.45867157 37.60987473
v -60.66589737 109.08019257 37.46191025
v -60.66589737 108.67559814 37.42381668
v -60.66589737 108.27615356 37.49853134
v -60.66589737 107.91268158 37.68029022
v -60.66589737 107.61326599 37.95505142
v -60.66589737 107.40102386 38.30160141
v -61.10471344 107.36990356 38.28807068
v -61.53449249 107.45692444 38.32590485
v -61.91822433 107.65459442 38.41184616
v -62.22288132 108.07190704 38.33274460
v -62.22288132 108.70263672 38.01733780
v -62.22288132 108.46546936 38.06169891
v -62.22288132 108.24967194 38.16961288
v -61.91822433 108.36425781 37.76061630
v -61.91822433 108.06951141 37.90800858
v -61.53449249 108.29557037 37.55630875
v -61.53449249 107.94725800 37.73049164
v -61.10471344 108.26533508 37.46636581
v -61.10471344 107.89343262 37.65233994
v -62.22288132 109.16756439 38.12780762
v -62.22288132 108.94284821 38.03995514
v -61.91822433 109.01627350 37.73091888
v -61.91822433 108.68817902 37.70002747
v -61.53449249 109.06610107 37.52121353
v -61.53449249 108.67837524 37.48470688
v -61.10471344 109.08803558 37.42889404
v -61.10471344 108.67405701 37.38991547
v -62.22288132 109.35931396 38.27399445
v -61.91822433 109.58513641 38.05060959
v -61.53449249 109.73839569 37.89904785
v -61.10471344 109.80588531 37.83235168
v -61.91822433 107.82670593 38.13082123
v -61.53449249 107.66032410 37.99380112
v -61.10471344 107.58707428 37.93347931
v -61.10471344 109.47530365 37.58029175
v -61.53449249 109.42881012 37.66300964
v -61.91822433 109.32319641 37.85090637
v -59.64122391 109.68016052 24.18401527
v -59.46287918 109.41593170 24.14812279
v -59.52785873 109.42286682 24.05633736
v -59.46287918 109.19331360 23.98619080
v -59.47768402 109.18584442 23.96297455
v -59.44926453 108.93508148 23.91108704
v -59.25228500 109.03958130 24.27726746
v -59.25228500 108.86866760 24.21623993
v -59.13711548 108.98349762 24.69457054
v -59.13386536 108.59352112 24.62166023
v -59.46287918 109.58383179 24.36626816
v -59.82910538 109.89968109 24.29294586
v -59.75135803 109.94023895 24.56355858
v -60.07706070 110.06453705 24.37475204
v -60.09813690 110.11576843 24.52299690
v -60.36602783 110.16206360 24.42314720
v -60.47968292 110.19806671 24.50397873
v -60.67377853 110.18475342 24.43440628
v -60.73858261 110.21659851 24.59641647
v -60.47369385 110.23331451 24.92824173
v -60.80433273 110.22740936 24.76079559
v -60.87009811 110.21704865 24.92520142
v -60.08700943 110.14605713 24.91192818
v -59.73751831 109.96147156 24.87741661
v -59.45006180 109.69267273 24.82716179
v -59.46287918 109.68339539 24.62291336
v -59.24507141 109.35877228 24.76473427
v -59.25228500 109.36266327 24.69702911
v -59.25228500 109.29702759 24.52783585
v -59.25228500 109.18634033 24.38402176
v -59.23555374 108.21656036 24.55118179
v -59.25228500 108.35278320 24.33642578
v -59.25228500 108.51073456 24.24707222
v -59.25228500 108.68748474 24.20589447
v -59.45478821 108.43588257 23.93498802
v -59.44181824 108.68566895 23.90167618
v -59.25228500 108.22644043 24.46670341
v -59.43495560 107.87940979 24.48814583
v -59.46287918 107.95989227 24.27354050
v -59.62060928 107.77050781 24.26931381
v -59.54506302 107.96543121 24.12574768
v -59.71789169 107.60601807 24.43703270
v -59.46287918 108.15153503 24.07592583
v -59.48901367 108.19084167 24.01058578
v -61.29196548 110.19429779 24.92094803
v -61.10724258 110.22767639 24.50686455
v -61.05373764 110.22322845 24.45350075
v -61.42843628 110.15490723 24.41959763
v -61.53168106 110.13469696 24.51799393
v -61.69063187 110.05678558 24.89523697
v -61.91144943 109.92479706 24.54311943
v -62.03445435 109.81542206 24.85011101
v -62.21467209 109.61560059 24.58013153
v -62.29614258 109.48936462 24.78915024
v -62.41587830 109.23307037 24.62592125
v -62.45491791 109.10450745 24.71719551
v -62.41587830 109.19755554 24.49218178
v -62.41587830 109.12638092 24.37351990
v -62.21467209 109.55242157 24.34218216
v -62.21467209 109.42578125 24.13105774
v -62.02011108 109.73423767 24.21084976
v -62.17945099 109.42286682 24.05633736
v -61.76137161 109.98644257 24.33600044
v -62.23752975 109.18554688 23.96284485
v -62.27006531 108.93314362 23.91082954
v -62.41587830 108.90167236 24.21669579
v -62.41587830 109.02510834 24.27923012
v -62.41587830 108.76573944 24.19081688
v -62.27779388 108.68218994 23.90186119
v -62.41587830 108.62796021 24.20361710
v -62.26128006 108.43015289 23.93620300
v -62.41587830 108.49912262 24.25409698
v -62.21951294 108.18419647 24.01332855
v -62.41587830 108.38932037 24.33830261
v -62.21467209 108.11439514 24.06839752
v -62.41587830 108.30715179 24.44963646
v -62.21467209 107.96820068 24.26648521
v -62.42250061 108.28279114 24.56356430
v -62.23387527 107.91117096 24.49408531
v -62.06409073 107.77016449 24.26955986
v -61.94728851 107.60601807 24.43703270
v -62.15247726 107.96035767 24.12886429
v -62.49818420 108.69138336 24.63995552
v -47.99329758 107.28765869 38.68320084
v -47.84251404 107.43585968 38.30624008
v -47.60870361 107.31832123 38.67746735
v -47.54843903 107.48398590 38.30826187
v -47.24816132 107.45343018 38.65220642
v -47.13569641 107.63195801 38.39437103
v -46.94041061 107.68222046 38.60943222
v -46.79170227 107.87844849 38.53781128
v -46.70999146 107.98644257 38.55255127
v -46.79170227 108.05546570 38.31443024
v -46.57526398 108.34185791 38.48610306
v -46.79170227 108.28834534 38.15010834
v -46.79170227 108.55814362 38.05821609
v -47.13569641 108.15884399 37.89602280
v -47.13569641 108.50563812 37.77790451
v -47.54843903 108.08110046 37.74349213
v -47.54843903 108.47411346 37.60963058
v -47.56427765 108.44893646 37.61064911
v -47.55582047 108.88053894 37.58951187
v -47.71395874 107.69466400 37.98485565
v -47.54843903 107.74185944 37.98286057
v -47.13569641 107.85949707 38.10723877
v -47.61851883 108.04216766 37.74625778
v -47.54843903 108.88893127 37.59216309
v -47.59387207 109.30042267 37.68463898
v -47.54843903 109.29181671 37.69251251
v -47.54843903 109.64997864 37.90251160
v -47.13569641 109.54320526 38.03634262
v -47.41703796 109.88119507 38.19829941
v -47.08047104 109.69571686 38.23297882
v -47.67520523 109.67302704 37.88796997
v -47.79293442 109.96681213 38.18229294
v -46.81006622 109.42514801 38.28356552
v -46.79170227 109.36534882 38.25927353
v -47.13569641 109.22716522 37.85103989
v -46.79170227 109.11947632 38.11511230
v -47.13569641 108.87167358 37.76249313
v -46.79170227 108.84291077 38.04622269
v -46.62738037 109.09107208 38.34602737
v -46.54697418 108.72011566 38.41538239
v -48.39902115 107.25832367 38.68868637
v -48.18993378 110.05415344 38.16596222
v -48.59586716 110.02774811 38.17089844
v -48.97769928 109.88974762 38.19670105
v -49.30434418 109.65138245 38.24126816
v -49.54922485 109.33204651 38.30097198
v -49.69240570 108.95774078 38.37095261
v -49.72222900 108.55892181 38.44551849
v -49.63627625 108.16805267 38.51859665
v -49.44153595 107.81695557 38.58423996
v -49.15386200 107.53419495 38.63710785
v -48.79666519 107.34278870 38.67289352
v -47.96589661 109.78179932 37.85625458
v -47.96589661 109.45867157 37.60987473
v -47.96589661 109.08019257 37.46191025
v -47.96589661 108.67559814 37.42381668
v -47.96589661 108.27615356 37.49853134
v -47.96589661 107.91268158 37.68029022
v -47.96589661 107.61326599 37.95505142
v -47.96589661 107.40102386 38.30160141
v -48.40471649 107.36990356 38.28807068
v -48.83449173 107.45692444 38.32590485
v -49.21822357 107.65459442 38.41184616
v -49.52288055 108.07190704 38.33274460
v -49.52288055 108.70263672 38.01733780
v -49.52288055 108.46546936 38.06169891
v -49.52288055 108.24967194 38.16961288
v -49.21822357 108.36425781 37.76061630
v -49.21822357 108.06951141 37.90800858
v -48.83449173 108.29557037 37.55630875
v -48.83449173 107.94725800 37.73049164
v -48.40471649 108.26533508 37.46636581
v -48.40471649 107.89343262 37.65233994
v -49.52288055 109.16756439 38.12780762
v -49.52288055 108.94284821 38.03995514
v -49.21822357 109.01627350 37.73091888
v -49.21822357 108.68817902 37.70002747
v -48.83449173 109.06610107 37.52121353
v -48.83449173 108.67837524 37.48470688
v -48.40471649 109.08803558 37.42889404
v -48.40471649 108.67405701 37.38991547
v -49.52288055 109.35931396 38.27399445
v -49.21822357 109.58513641 38.05060959
v -48.83449173 109.73839569 37.89904785
v -48.40471649 109.80588531 37.83235168
v -49.21822357 107.82670593 38.13082123
v -48.83449173 107.66032410 37.99380112
v -48.40471649 107.58707428 37.93347931
v -48.40471649 109.47530365 37.58029175
v -48.83449173 109.42881012 37.66300964
v -49.21822357 109.32319641 37.85090637
v -46.94122314 109.68016052 24.18401527
v -46.76287842 109.41593170 24.14812279
v -46.82786179 109.42286682 24.05633736
v -46.76287842 109.19331360 23.98619080
v -46.77768326 109.18584442 23.96297455
v -46.74926758 108.93508148 23.91108704
v -46.55228424 109.03958130 24.27726746
v -46.55228424 108.86866760 24.21623993
v -46.43711472 108.98349762 24.69457054
v -46.43386459 108.59352112 24.62166023
v -46.76287842 109.58383179 24.36626816
v -47.12910461 109.89968109 24.29294586
v -47.05135727 109.94023895 24.56355858
v -47.37705994 110.06453705 24.37475204
v -47.39813614 110.11576843 24.52299690
v -47.66602707 110.16206360 24.42314720
v -47.77968216 110.19806671 24.50397873
v -47.97377777 110.18475342 24.43440628
v -48.03858185 110.21659851 24.59641647
v -47.77369690 110.23331451 24.92824173
v -48.10433578 110.22740936 24.76079559
v -48.17009735 110.21704865 24.92520142
v -47.38700867 110.14605713 24.91192818
v -47.03751755 109.96147156 24.87741661
v -46.75006104 109.69267273 24.82716179
v -46.76287842 109.68339539 24.62291336
v -46.54507065 109.35877228 24.76473427
v -46.55228424 109.36266327 24.69702911
v -46.55228424 109.29702759 24.52783585
v -46.55228424 109.18634033 24.38402176
v -46.53555298 108.21656036 24.55118179
v -46.55228424 108.35278320 24.33642578
v -46.55228424 108.51073456 24.24707222
v -46.55228424 108.68748474 24.20589447
v -46.75478745 108.43588257 23.93498802
v -46.74181747 108.68566895 23.90167618
v -46.55228424 108.22644043 24.46670341
v -46.73495483 107.87940979 24.48814583
v -46.76287842 107.95989227 24.27354050
v -46.92060852 107.77050781 24.26931381
v -46.84506607 107.96543121 24.12574768
v -47.01789093 107.60601807 24.43703270
v -46.76287842 108.15153503 24.07592583
v -46.78901291 108.19084167 24.01058578
v -48.59196472 110.19429779 24.92094803
v -48.40724182 110.22767639 24.50686455
v -48.35374069 110.22322845 24.45350075
v -48.72843552 110.15490723 24.41959763
v -48.83168030 110.13469696 24.51799393
v -48.99063110 110.05678558 24.89523697
v -49.21145248 109.92479706 24.54311943
v -49.33445740 109.81542206 24.85011101
v -49.51467133 109.61560059 24.58013153
v -49.59614182 109.48936462 24.78915024
v -49.71587753 109.23307037 24.62592125
v -49.75492096 109.10450745 24.71719551
v -49.71587753 109.19755554 24.49218178
v -49.71587753 109.12638092 24.37351990
v -49.51467133 109.55242157 24.34218216
v -49.51467133 109.42578125 24.13105774
v -49.32011032 109.73423767 24.21084976
v -49.47945023 109.42286682 24.05633736
v -49.06137085 109.98644257 24.33600044
v -49.53752899 109.18554688 23.96284485
v -49.57006454 108.93314362 23.91082954
v -49.71587753 108.90167236 24.21669579
v -49.71587753 109.02510834 24.27923012
v -49.71587753 108.76573944 24.19081688
v -49.57779312 108.68218994 23.90186119
v -49.71587753 108.62796021 24.20361710
v -49.56127930 108.43015289 23.93620300
v -49.71587753 108.49912262 24.25409698
v -49.51951218 108.18419647 24.01332855
v -49.71587753 108.38932037 24.33830261
v -49.51467133 108.11439514 24.06839752
v -49.71587753 108.30715179 24.44963646
v -49.51467133 107.96820068 24.26648521
v -49.72249985 108.28279114 24.56356430
v -49.53387833 107.91117096 24.49408531
v -49.36408997 107.77016449 24.26955986
v -49.24728775 107.60601807 24.43703270
v -49.45247650 107.96035767 24.12886429
v -49.79818344 108.69138336 24.63995552
v -35.29329681 107.28765869 38.68320084
v -35.14251328 107.43585968 38.30624008
v -34.90870285 107.31832123 38.67746735
v -34.84843826 107.48398590 38.30826187
v -34.54816055 107.45343018 38.65220642
v -34.43569946 107.63195801 38.39437103
v -34.24041367 107.68222046 38.60943222
v -34.09170151 107.87844849 38.53781128
v -34.00999069 107.98644257 38.55255127
v -34.09170151 108.05546570 38.31443024
v -33.87526321 108.34185791 38.48610306
v -34.09170151 108.28834534 38.15010834
v -34.09170151 108.55814362 38.05821609
v -34.43569946 108.15884399 37.89602280
v -34.43569946 108.50563812 37.77790451
v -34.84843826 108.08110046 37.74349213
v -34.84843826 108.47411346 37.60963058
v -34.86427689 108.44893646 37.61064911
v -34.85581970 108.88053894 37.58951187
v -35.01395798 107.69466400 37.98485565
v -34.84843826 107.74185944 37.98286057
v -34.43569946 107.85949707 38.10723877
v -34.91851807 108.04216766 37.74625778
v -34.84843826 108.88893127 37.59216309
v -34.89387131 109.30042267 37.68463898
v -34.84843826 109.29181671 37.69251251
v -34.84843826 109.64997864 37.90251160
v -34.43569946 109.54320526 38.03634262
v -34.71703720 109.88119507 38.19829941
v -34.38047028 109.69571686 38.23297882
v -34.97520447 109.67302704 37.88796997
v -35.09293365 109.96681213 38.18229294
v -34.11006546 109.42514801 38.28356552
v -34.09170151 109.36534882 38.25927353
v -34.43569946 109.22716522 37.85103989
v -34.09170151 109.11947632 38.11511230
v -34.43569946 108.87167358 37.76249313
v -34.09170151 108.84291077 38.04622269
v -33.92737961 109.09107208 38.34602737
v -33.84697342 108.72011566 38.41538239
v -35.69902039 107.25832367 38.68868637
v -35.48993301 110.05415344 38.16596222
v -35.89587021 110.02774811 38.17089844
v -36.27769852 109.88974762 38.19670105
v -36.60434723 109.65138245 38.24126816
v -36.84922409 109.33204651 38.30097198
v -36.99240494 108.95774078 38.37095261
v -37.02222824 108.55892181 38.44551849
v -36.93627548 108.16805267 38.51859665
v -36.74153519 107.81695557 38.58423996
v -36.45386124 107.53419495 38.63710785
v -36.09666443 107.34278870 38.67289352
v -35.26589966 109.78179932 37.85625458
v -35.26589966 109.45867157 37.60987473
v -35.26589966 109.08019257 37.46191025
v -35.26589966 108.67559814 37.42381668
v -35.26589966 108.27615356 37.49853134
v -35.26589966 107.91268158 37.68029022
v -35.26589966 107.61326599 37.95505142
v -35.26589966 107.40102386 38.30160141
v -35.70471573 107.36990356 38.28807068
v -36.13449097 107.45692444 38.32590485
v -36.51822662 107.65459442 38.41184616
v -36.82287979 108.07190704 38.33274460
v -36.82287979 108.70263672 38.01733780
v -36.82287979 108.46546936 38.06169891
v -36.82287979 108.24967194 38.16961288
v -36.51822662 108.36425781 37.76061630
v -36.51822662 108.06951141 37.90800858
v -36.13449097 108.29557037 37.55630875
v -36.13449097 107.94725800 37.73049164
v -35.70471573 108.26533508 37.46636581
v -35.70471573 107.89343262 37.65233994
v -36.82287979 109.16756439 38.12780762
v -36.82287979 108.94284821 38.03995514
v -36.51822662 109.01627350 37.73091888
v -36.51822662 108.68817902 37.70002747
v -36.13449097 109.06610107 37.52121353
v -36.13449097 108.67837524 37.48470688
v -35.70471573 109.08803558 37.42889404
v -35.70471573 108.67405701 37.38991547
v -36.82287979 109.35931396 38.27399445
v -36.51822662 109.58513641 38.05060959
v -36.13449097 109.73839569 37.89904785
v -35.70471573 109.80588531 37.83235168
v -36.51822662 107.82670593 38.13082123
v -36.13449097 107.66032410 37.99380112
v -35.70471573 107.58707428 37.93347931
v -35.70471573 109.47530365 37.58029175
v -36.13449097 109.42881012 37.66300964
v -36.51822662 109.32319641 37.85090637
v -34.24122238 109.68016052 24.18401527
v -34.06288147 109.41593170 24.14812279
v -34.12786102 109.42286682 24.05633736
v -34.06288147 109.19331360 23.98619080
v -34.07768631 109.18584442 23.96297455
v -34.04926682 108.93508148 23.91108704
v -33.85228348 109.03958130 24.27726746
v -33.85228348 108.86866760 24.21623993
v -33.73711395 108.98349762 24.69457054
v -33.73386383 108.59352112 24.62166023
v -34.06288147 109.58383179 24.36626816
v -34.42910385 109.89968109 24.29294586
v -34.35135651 109.94023895 24.56355858
v -34.67706299 110.06453705 24.37475204
v -34.69813538 110.11576843 24.52299690
v -34.96602631 110.16206360 24.42314720
v -35.07968140 110.19806671 24.50397873
v -35.27377701 110.18475342 24.43440628
v -35.33858109 110.21659851 24.59641647
v -35.07369614 110.23331451 24.92824173
v -35.40433502 110.22740936 24.76079559
v -35.47009659 110.21704865 24.92520142
v -34.68700790 110.14605713 24.91192818
v -34.33751678 109.96147156 24.87741661
v -34.05006027 109.69267273 24.82716179
v -34.06288147 109.68339539 24.62291336
v -33.84506989 109.35877228 24.76473427
v -33.85228348 109.36266327 24.69702911
v -33.85228348 109.29702759 24.52783585
v -33.85228348 109.18634033 24.38402176
v -33.83555603 108.21656036 24.55118179
v -33.85228348 108.35278320 24.33642578
v -33.85228348 108.51073456 24.24707222
v -33.85228348 108.68748474 24.20589447
v -34.05478668 108.43588257 23.93498802
v -34.04181671 108.68566895 23.90167618
v -33.85228348 108.22644043 24.46670341
v -34.03495407 107.87940979 24.48814583
v -34.06288147 107.95989227 24.27354050
v -34.22060776 107.77050781 24.26931381
v -34.14506531 107.96543121 24.12574768
v -34.31789398 107.60601807 24.43703270
v -34.06288147 108.15153503 24.07592583
v -34.08901215 108.19084167 24.01058578
v -35.89196396 110.19429779 24.92094803
v -35.70724487 110.22767639 24.50686455
v -35.65373993 110.22322845 24.45350075
v -36.02843857 110.15490723 24.41959763
v -36.13167953 110.13469696 24.51799393
v -36.29063034 110.05678558 24.89523697
v -36.51145172 109.92479706 24.54311943
v -36.63445663 109.81542206 24.85011101
v -36.81467056 109.61560059 24.58013153
v -36.89614105 109.48936462 24.78915024
v -37.01588058 109.23307037 24.62592125
v -37.05492020 109.10450745 24.71719551
v -37.01588058 109.19755554 24.49218178
v -37.01588058 109.12638092 24.37351990
v -36.81467056 109.55242157 24.34218216
v -36.81467056 109.42578125 24.13105774
v -36.62010956 109.73423767 24.21084976
v -36.77944946 109.42286682 24.05633736
v -36.36137009 109.98644257 24.33600044
v -36.83752823 109.18554688 23.96284485
v -36.87006378 108.93314362 23.91082954
v -37.01588058 108.90167236 24.21669579
v -37.01588058 109.02510834 24.27923012
v -37.01588058 108.76573944 24.19081688
v -36.87779236 108.68218994 23.90186119
v -37.01588058 108.62796021 24.20361710
v -36.86127853 108.43015289 23.93620300
v -37.01588058 108.49912262 24.25409698
v -36.81951141 108.18419647 24.01332855
v -37.01588058 108.38932037 24.33830261
v -36.81467056 108.11439514 24.06839752
v -37.01588058 108.30715179 24.44963646
v -36.81467056 107.96820068 24.26648521
v -37.02249908 108.28279114 24.56356430
v -36.83387756 107.91117096 24.49408531
v -36.66409302 107.77016449 24.26955986
v -36.54728699 107.60601807 24.43703270
v -36.75247955 107.96035767 24.12886429
v -37.09818268 108.69138336 24.63995552
v -22.59329605 107.28765869 38.68320084
v -22.44251251 107.43585968 38.30624008
v -22.20870399 107.31832123 38.67746735
v -22.14843750 107.48398590 38.30826187
v -21.84816170 107.45343018 38.65220642
v -21.73569870 107.63195801 38.39437103
v -21.54041290 107.68222046 38.60943222
v -21.39170074 107.87844849 38.53781128
v -21.30998993 107.98644257 38.55255127
v -21.39170074 108.05546570 38.31443024
v -21.17526436 108.34185791 38.48610306
v -21.39170074 108.28834534 38.15010834
v -21.39170074 108.55814362 38.05821609
v -21.73569870 108.15884399 37.89602280
v -21.73569870 108.50563812 37.77790451
v -22.14843750 108.08110046 37.74349213
v -22.14843750 108.47411346 37.60963058
v -22.16427612 108.44893646 37.61064911
v -22.15582085 108.88053894 37.58951187
v -22.31395912 107.69466400 37.98485565
v -22.14843750 107.74185944 37.98286057
v -21.73569870 107.85949707 38.10723877
v -22.21851921 108.04216766 37.74625778
v -22.14843750 108.88893127 37.59216309
v -22.19387245 109.30042267 37.68463898
v -22.14843750 109.29181671 37.69251251
v -22.14843750 109.64997864 37.90251160
v -21.73569870 109.54320526 38.03634262
v -22.01703835 109.88119507 38.19829941
v -21.68047142 109.69571686 38.23297882
v -22.27520370 109.67302704 37.88796997
v -22.39293289 109.96681213 38.18229294
v -21.41006660 109.42514801 38.28356552
v -21.39170074 109.36534882 38.25927353
v -21.73569870 109.22716522 37.85103989
v -21.39170074 109.11947632 38.11511230
v -21.73569870 108.87167358 37.76249313
v -21.39170074 108.84291077 38.04622269
v -21.22737885 109.09107208 38.34602737
v -21.14697456 108.72011566 38.41538239
v -22.99902153 107.25832367 38.68868637
v -22.78993416 110.05415344 38.16596222
v -23.19586754 110.02774811 38.17089844
v -23.57769775 109.88974762 38.19670105
v -23.90434647 109.65138245 38.24126816
v -24.14922523 109.33204651 38.30097198
v -24.29240417 108.95774078 38.37095261
v -24.32222939 108.55892181 38.44551849
v -24.23627472 108.16805267 38.51859665
v -24.04153442 107.81695557 38.58423996
v -23.75386047 107.53419495 38.63710785
v -23.39666557 107.34278870 38.67289352
v -22.56589890 109.78179932 37.85625458
v -22.56589890 109.45867157 37.60987473
v -22.56589890 109.08019257 37.46191025
v -22.56589890 108.67559814 37.42381668
v -22.56589890 108.27615356 37.49853134
v -22.56589890 107.91268158 37.68029022
v -22.56589890 107.61326599 37.95505142
v -22.56589890 107.40102386 38.30160141
v -23.00471497 107.36990356 38.28807068
v -23.43449020 107.45692444 38.32590485
v -23.81822586 107.65459442 38.41184616
v -24.12288094 108.07190704 38.33274460
v -24.12288094 108.70263672 38.01733780
v -24.12288094 108.46546936 38.06169891
v -24.12288094 108.24967194 38.16961288
v -23.81822586 108.36425781 37.76061630
v -23.81822586 108.06951141 37.90800858
v -23.43449020 108.29557037 37.55630875
v -23.43449020 107.94725800 37.73049164
v -23.00471497 108.26533508 37.46636581
v -23.00471497 107.89343262 37.65233994
v -24.12288094 109.16756439 38.12780762
v -24.12288094 108.94284821 38.03995514
v -23.81822586 109.01627350 37.73091888
v -23.81822586 108.68817902 37.70002747
v -23.43449020 109.06610107 37.52121353
v -23.43449020 108.67837524 37.48470688
v -23.00471497 109.08803558 37.42889404
v -23.00471497 108.67405701 37.38991547
v -24.12288094 109.35931396 38.27399445
v -23.81822586 109.58513641 38.05060959
v -23.43449020 109.73839569 37.89904785
v -23.00471497 109.80588531 37.83235168
v -23.81822586 107.82670593 38.13082123
v -23.43449020 107.66032410 37.99380112
v -23.00471497 107.58707428 37.93347931
v -23.00471497 109.47530365 37.58029175
v -23.43449020 109.42881012 37.66300964
v -23.81822586 109.32319641 37.85090637
v -21.54122162 109.68016052 24.18401527
v -21.36287880 109.41593170 24.14812279
v -21.42786026 109.42286682 24.05633736
v -21.36287880 109.19331360 23.98619080
v -21.37768555 109.18584442 23.96297455
v -21.34926605 108.93508148 23.91108704
v -21.15228462 109.03958130 24.27726746
v -21.15228462 108.86866760 24.21623993
v -21.03711510 108.98349762 24.69457054
v -21.03386497 108.59352112 24.62166023
v -21.36287880 109.58383179 24.36626816
v -21.72910500 109.89968109 24.29294586
v -21.65135574 109.94023895 24.56355858
v -21.97706223 110.06453705 24.37475204
v -21.99813652 110.11576843 24.52299690
v -22.26602554 110.16206360 24.42314720
v -22.37968063 110.19806671 24.50397873
v -22.57377815 110.18475342 24.43440628
v -22.63858223 110.21659851 24.59641647
v -22.37369537 110.23331451 24.92824173
v -22.70433426 110.22740936 24.76079559
v -22.77009583 110.21704865 24.92520142
v -21.98700905 110.14605713 24.91192818
v -21.63751793 109.96147156 24.87741661
v -21.35006142 109.69267273 24.82716179
v -21.36287880 109.68339539 24.62291336
v -21.14507103 109.35877228 24.76473427
v -21.15228462 109.36266327 24.69702911
v -21.15228462 109.29702759 24.52783585
v -21.15228462 109.18634033 24.38402176
v -21.13555527 108.21656036 24.55118179
v -21.15228462 108.35278320 24.33642578
v -21.15228462 108.51073456 24.24707222
v -21.15228462 108.68748474 24.20589447
v -21.35478783 108.43588257 23.93498802
v -21.34181786 108.68566895 23.90167618
v -21.15228462 108.22644043 24.46670341
v -21.33495331 107.87940979 24.48814583
v -21.36287880 107.95989227 24.27354050
v -21.52060890 107.77050781 24.26931381
v -21.44506454 107.96543121 24.12574768
v -21.61789322 107.60601807 24.43703270
v -21.36287880 108.15153503 24.07592583
v -21.38901329 108.19084167 24.01058578
v -23.19196320 110.19429779 24.92094803
v -23.00724411 110.22767639 24.50686455
v -22.95373917 110.22322845 24.45350075
v -23.32843590 110.15490723 24.41959763
v -23.43168068 110.13469696 24.51799393
v -23.59063148 110.05678558 24.89523697
v -23.81145096 109.92479706 24.54311943
v -23.93445587 109.81542206 24.85011101
v -24.11466980 109.61560059 24.58013153
v -24.19614220 109.48936462 24.78915024
v -24.31587982 109.23307037 24.62592125
v -24.35491943 109.10450745 24.71719551
v -24.31587982 109.19755554 24.49218178
v -24.31587982 109.12638092 24.37351990
v -24.11466980 109.55242157 24.34218216
v -24.11466980 109.42578125 24.13105774
v -23.92011070 109.73423767 24.21084976
v -24.07945061 109.42286682 24.05633736
v -23.66137123 109.98644257 24.33600044
v -24.13752937 109.18554688 23.96284485
v -24.17006493 108.93314362 23.91082954
v -24.31587982 108.90167236 24.21669579
v -24.31587982 109.02510834 24.27923012
v -24.31587982 108.76573944 24.19081688
v -24.17779160 108.68218994 23.90186119
v -24.31587982 108.62796021 24.20361710
v -24.16127968 108.43015289 23.93620300
v -24.31587982 108.49912262 24.25409698
v -24.11951256 108.18419647 24.01332855
v -24.31587982 108.38932037 24.33830261
v -24.11466980 108.11439514 24.06839752
v -24.31587982 108.30715179 24.44963646
v -24.11466980 107.96820068 24.26648521
v -24.32250023 108.28279114 24.56356430
v -24.13387680 107.91117096 24.49408531
v -23.96409225 107.77016449 24.26955986
v -23.84728622 107.60601807 24.43703270
v -24.05247688 107.96035767 24.12886429
v -24.39818382 108.69138336 24.63995552
v -67.39329529 107.28765869 38.68320084
v -67.24251556 107.43585968 38.30624008
v -67.00870514 107.31832123 38.67746735
v -66.94844055 107.48398590 38.30826187
v -66.64816284 107.45343018 38.65220642
v -66.53569794 107.63195801 38.39437103
v -66.34041595 107.68222046 38.60943222
v -66.19170380 107.87844849 38.53781128
v -66.10999298 107.98644257 38.55255127
v -66.19170380 108.05546570 38.31443024
v -65.97526550 108.34185791 38.48610306
v -66.19170380 108.28834534 38.15010834
v -66.19170380 108.55814362 38.05821609
v -66.53569794 108.15884399 37.89602280
v -66.53569794 108.50563812 37.77790451
v -66.94844055 108.08110046 37.74349213
v -66.94844055 108.47411346 37.60963058
v -66.96427917 108.44893646 37.61064911
v -66.95581818 108.88053894 37.58951187
v -67.11396027 107.69466400 37.98485565
v -66.94844055 107.74185944 37.98286057
v -66.53569794 107.85949707 38.10723877
v -67.01851654 108.04216766 37.74625778
v -66.94844055 108.88893127 37.59216309
v -66.99387360 109.30042267 37.68463898
v -66.94844055 109.29181671 37.69251251
v -66.94844055 109.64997864 37.90251160
v -66.53569794 109.54320526 38.03634262
v -66.81703949 109.88119507 38.19829941
v -66.48046875 109.69571686 38.23297882
v -67.07520294 109.67302704 37.88796997
v -67.19293213 109.96681213 38.18229294
v -66.21006775 109.42514801 38.28356552
v -66.19170380 109.36534882 38.25927353
v -66.53569794 109.22716522 37.85103989
v -66.19170380 109.11947632 38.11511230
v -66.53569794 108.87167358 37.76249313
v -66.19170380 108.84291077 38.04622269
v -66.02738190 109.09107208 38.34602737
v -65.94697571 108.72011566 38.41538239
v -67.79901886 107.25832367 38.68868637
v -68.19666290 107.34278870 38.67289352
v -68.55386353 107.53419495 38.63710785
v -68.84153748 107.81695557 38.58423996
v -69.03627777 108.16805267 38.51859665
v -69.12223053 108.55892181 38.44551849
v -69.09240723 108.95774078 38.37095261
v -68.94922638 109.33204651 38.30097198
v -68.70434570 109.65138245 38.24126816
v -68.37770081 109.88974762 38.19670105
v -67.99586487 110.02774811 38.17089844
v -67.58993530 110.05415344 38.16596222
v -67.36589813 109.78179932 37.85625458
v -67.36589813 109.45867157 37.60987473
v -67.36589813 109.08019257 37.46191025
v -67.36589813 108.67559814 37.42381668
v -67.36589813 108.27615356 37.49853134
v -67.36589813 107.91268158 37.68029022
v -67.36589813 107.61326599 37.95505142
v -67.36589813 107.40102386 38.30160141
v -67.80471802 107.36990356 38.28807068
v -68.23448944 107.45692444 38.32590485
v -68.61822510 107.65459442 38.41184616
v -68.92288208 108.07190704 38.33274460
v -68.92288208 108.70263672 38.01733780
v -68.92288208 108.46546936 38.06169891
v -68.92288208 108.24967194 38.16961288
v -68.61822510 108.36425781 37.76061630
v -68.61822510 108.06951141 37.90800858
v -68.23448944 108.29557037 37.55630875
v -68.23448944 107.94725800 37.73049164
v -67.80471802 108.26533508 37.46636581
v -67.80471802 107.89343262 37.65233994
v -68.92288208 109.16756439 38.12780762
v -68.92288208 108.94284821 38.03995514
v -68.61822510 109.01627350 37.73091888
v -68.61822510 108.68817902 37.70002747
v -68.23448944 109.06610107 37.52121353
v -68.23448944 108.67837524 37.48470688
v -67.80471802 109.08803558 37.42889404
v -67.80471802 108.67405701 37.38991547
v -68.92288208 109.35931396 38.27399445
v -68.61822510 109.58513641 38.05060959
v -68.23448944 109.73839569 37.89904785
v -67.80471802 109.80588531 37.83235168
v -68.61822510 107.82670593 38.13082123
v -68.23448944 107.66032410 37.99380112
v -67.80471802 107.58707428 37.93347931
v -67.80471802 109.47530365 37.58029175
v -68.23448944 109.42881012 37.66300964
v -68.61822510 109.32319641 37.85090637
v -66.34122467 109.68016052 24.18401527
v -66.16287994 109.41593170 24.14812279
v -66.22785950 109.42286682 24.05633736
v -66.16287994 109.19331360 23.98619080
v -66.17768860 109.18584442 23.96297455
v -66.14926910 108.93508148 23.91108704
v -65.95228577 109.03958130 24.27726746
v -65.95228577 108.86866760 24.21623993
v -65.83711243 108.98349762 24.69457054
v -65.83386230 108.59352112 24.62166023
v -66.16287994 109.58383179 24.36626816
v -66.52910614 109.89968109 24.29294586
v -66.45135498 109.94023895 24.56355858
v -66.77706146 110.06453705 24.37475204
v -66.79813385 110.11576843 24.52299690
v -67.06602478 110.16206360 24.42314720
v -67.17967987 110.19806671 24.50397873
v -67.37377930 110.18475342 24.43440628
v -67.43858337 110.21659851 24.59641647
v -67.17369843 110.23331451 24.92824173
v -67.50433350 110.22740936 24.76079559
v -67.57009888 110.21704865 24.92520142
v -66.78701019 110.14605713 24.91192818
v -66.43751526 109.96147156 24.87741661
v -66.15006256 109.69267273 24.82716179
v -66.16287994 109.68339539 24.62291336
v -65.94506836 109.35877228 24.76473427
v -65.95228577 109.36266327 24.69702911
v -65.95228577 109.29702759 24.52783585
v -65.95228577 109.18634033 24.38402176
v -65.93555450 108.21656036 24.55118179
v -65.95228577 108.35278320 24.33642578
v -65.95228577 108.51073456 24.24707222
v -65.95228577 108.68748474 24.20589447
v -66.15478516 108.43588257 23.93498802
v -66.14181519 108.68566895 23.90167618
v -65.95228577 108.22644043 24.46670341
v -66.13495636 107.87940979 24.48814583
v -66.16287994 107.95989227 24.27354050
v -66.32061005 107.77050781 24.26931381
v -66.24506378 107.96543121 24.12574768
v -66.41789246 107.60601807 24.43703270
v -66.16287994 108.15153503 24.07592583
v -66.18901062 108.19084167 24.01058578
v -68.64728546 107.60601807 24.43703270
v -68.93387604 107.91117096 24.49408531
v -69.12249756 108.28279114 24.56356430
v -69.19818115 108.69138336 24.63995552
v -69.15492249 109.10450745 24.71719551
v -68.99613953 109.48936462 24.78915024
v -68.73445892 109.81542206 24.85011101
v -68.39063263 110.05678558 24.89523697
v -67.99196625 110.19429779 24.92094803
v -67.80724335 110.22767639 24.50686455
v -67.75373840 110.22322845 24.45350075
v -68.12843323 110.15490723 24.41959763
v -68.23168182 110.13469696 24.51799393
v -68.61145020 109.92479706 24.54311943
v -68.91467285 109.61560059 24.58013153
v -69.11588287 109.23307037 24.62592125
v -69.11588287 109.19755554 24.49218178
v -69.11588287 109.12638092 24.37351990
v -68.91467285 109.55242157 24.34218216
v -68.91467285 109.42578125 24.13105774
v -68.72010803 109.73423767 24.21084976
v -68.87944794 109.42286682 24.05633736
v -68.46137238 109.98644257 24.33600044
v -68.93753052 109.18554688 23.96284485
v -68.97006226 108.93314362 23.91082954
v -69.11588287 108.90167236 24.21669579
v -69.11588287 109.02510834 24.27923012
v -69.11588287 108.76573944 24.19081688
v -68.97779083 108.68218994 23.90186119
v -69.11588287 108.62796021 24.20361710
v -68.96128082 108.43015289 23.93620300
v -69.11588287 108.49912262 24.25409698
v -68.91950989 108.18419647 24.01332855
v -69.11588287 108.38932037 24.33830261
v -68.91467285 108.11439514 24.06839752
v -69.11588287 108.30715179 24.44963646
v -68.91467285 107.96820068 24.26648521
v -68.76409149 107.77016449 24.26955986
v -68.85247803 107.96035767 24.12886429
v -54.69329453 107.28765869 38.68320084
v -54.54251099 107.43585968 38.30624008
v -54.30870438 107.31832123 38.67746735
v -54.24843979 107.48398590 38.30826187
v -53.94816208 107.45343018 38.65220642
v -53.83569717 107.63195801 38.39437103
v -53.64041138 107.68222046 38.60943222
v -53.49170303 107.87844849 38.53781128
v -53.40998840 107.98644257 38.55255127
v -53.49170303 108.05546570 38.31443024
v -53.27526474 108.34185791 38.48610306
v -53.49170303 108.28834534 38.15010834
v -53.49170303 108.55814362 38.05821609
v -53.83569717 108.15884399 37.89602280
v -53.83569717 108.50563812 37.77790451
v -54.24843979 108.08110046 37.74349213
v -54.24843979 108.47411346 37.60963058
v -54.26427460 108.44893646 37.61064911
v -54.25582123 108.88053894 37.58951187
v -54.41395950 107.69466400 37.98485565
v -54.24843979 107.74185944 37.98286057
v -53.83569717 107.85949707 38.10723877
v -54.31851959 108.04216766 37.74625778
v -54.24843979 108.88893127 37.59216309
v -54.29387283 109.30042267 37.68463898
v -54.24843979 109.29181671 37.69251251
v -54.24843979 109.64997864 37.90251160
v -53.83569717 109.54320526 38.03634262
v -54.11703873 109.88119507 38.19829941
v -53.78047180 109.69571686 38.23297882
v -54.37520599 109.67302704 37.88796997
v -54.49293518 109.96681213 38.18229294
v -53.51006699 109.42514801 38.28356552
v -53.49170303 109.36534882 38.25927353
v -53.83569717 109.22716522 37.85103989
v -53.49170303 109.11947632 38.11511230
v -53.83569717 108.87167358 37.76249313
v -53.49170303 108.84291077 38.04622269
v -53.32737732 109.09107208 38.34602737
v -53.24697495 108.72011566 38.41538239
v -55.09902191 107.25832367 38.68868637
v -55.49666595 107.34278870 38.67289352
v -55.85385895 107.53419495 38.63710785
v -56.14153671 107.81695557 38.58423996
v -56.33627319 108.16805267 38.51859665
v -56.42222977 108.55892181 38.44551849
v -56.39240265 108.95774078 38.37095261
v -56.24922562 109.33204651 38.30097198
v -56.00434494 109.65138245 38.24126816
v -55.67770004 109.88974762 38.19670105
v -55.29586792 110.02774811 38.17089844
v -54.88993454 110.05415344 38.16596222
v -54.66589737 109.78179932 37.85625458
v -54.66589737 109.45867157 37.60987473
v -54.66589737 109.08019257 37.46191025
v -54.66589737 108.67559814 37.42381668
v -54.66589737 108.27615356 37.49853134
v -54.66589737 107.91268158 37.68029022
v -54.66589737 107.61326599 37.95505142
v -54.66589737 107.40102386 38.30160141
v -55.10471344 107.36990356 38.28807068
v -55.53449249 107.45692444 38.32590485
v -55.91822433 107.65459442 38.41184616
v -56.22288132 108.07190704 38.33274460
v -56.22288132 108.70263672 38.01733780
v -56.22288132 108.46546936 38.06169891
v -56.22288132 108.24967194 38.16961288
v -55.91822433 108.36425781 37.76061630
v -55.91822433 108.06951141 37.90800858
v -55.53449249 108.29557037 37.55630875
v -55.53449249 107.94725800 37.73049164
v -55.10471344 108.26533508 37.46636581
v -55.10471344 107.89343262 37.65233994
v -56.22288132 109.16756439 38.12780762
v -56.22288132 108.94284821 38.03995514
v -55.91822433 109.01627350 37.73091888
v -55.91822433 108.68817902 37.70002747
v -55.53449249 109.06610107 37.52121353
v -55.53449249 108.67837524 37.48470688
v -55.10471344 109.08803558 37.42889404
v -55.10471344 108.67405701 37.38991547
v -56.22288132 109.35931396 38.27399445
v -55.91822433 109.58513641 38.05060959
v -55.53449249 109.73839569 37.89904785
v -55.10471344 109.80588531 37.83235168
v -55.91822433 107.82670593 38.13082123
v -55.53449249 107.66032410 37.99380112
v -55.10471344 107.58707428 37.93347931
v -55.10471344 109.47530365 37.58029175
v -55.53449249 109.42881012 37.66300964
v -55.91822433 109.32319641 37.85090637
v -53.64122391 109.68016052 24.18401527
v -53.46287918 109.41593170 24.14812279
v -53.52785873 109.42286682 24.05633736
v -53.46287918 109.19331360 23.98619080
v -53.47768402 109.18584442 23.96297455
v -53.44926453 108.93508148 23.91108704
v -53.25228500 109.03958130 24.27726746
v -53.25228500 108.86866760 24.21623993
v -53.13711548 108.98349762 24.69457054
v -53.13386536 108.59352112 24.62166023
v -53.46287918 109.58383179 24.36626816
v -53.82910538 109.89968109 24.29294586
v -53.75135803 109.94023895 24.56355858
v -54.07706070 110.06453705 24.37475204
v -54.09813690 110.11576843 24.52299690
v -54.36602783 110.16206360 24.42314720
v -54.47968292 110.19806671 24.50397873
v -54.67377853 110.18475342 24.43440628
v -54.73858261 110.21659851 24.59641647
v -54.47369385 110.23331451 24.92824173
v -54.80433273 110.22740936 24.76079559
v -54.87009811 110.21704865 24.92520142
v -54.08700943 110.14605713 24.91192818
v -53.73751831 109.96147156 24.87741661
v -53.45006180 109.69267273 24.82716179
v -53.46287918 109.68339539 24.62291336
v -53.24507141 109.35877228 24.76473427
v -53.25228500 109.36266327 24.69702911
v -53.25228500 109.29702759 24.52783585
v -53.25228500 109.18634033 24.38402176
v -53.23555374 108.21656036 24.55118179
v -53.25228500 108.35278320 24.33642578
v -53.25228500 108.51073456 24.24707222
v -53.25228500 108.68748474 24.20589447
v -53.45478821 108.43588257 23.93498802
v -53.44181824 108.68566895 23.90167618
v -53.25228500 108.22644043 24.46670341
v -53.43495560 107.87940979 24.48814583
v -53.46287918 107.95989227 24.27354050
v -53.62060928 107.77050781 24.26931381
v -53.54506302 107.96543121 24.12574768
v -53.71789169 107.60601807 24.43703270
v -53.46287918 108.15153503 24.07592583
v -53.48901367 108.19084167 24.01058578
v -55.94728851 107.60601807 24.43703270
v -56.23387527 107.91117096 24.49408531
v -56.42250061 108.28279114 24.56356430
v -56.49818420 108.69138336 24.63995552
v -56.45491791 109.10450745 24.71719551
v -56.29614258 109.48936462 24.78915024
v -56.03445435 109.81542206 24.85011101
v -55.69063187 110.05678558 24.89523697
v -55.29196548 110.19429779 24.92094803
v -55.10724258 110.22767639 24.50686455
v -55.05373764 110.22322845 24.45350075
v -55.42843628 110.15490723 24.41959763
v -55.53168106 110.13469696 24.51799393
v -55.91144943 109.92479706 24.54311943
v -56.21467209 109.61560059 24.58013153
v -56.41587830 109.23307037 24.62592125
v -56.41587830 109.19755554 24.49218178
v -56.41587830 109.12638092 24.37351990
v -56.21467209 109.55242157 24.34218216
v -56.21467209 109.42578125 24.13105774
v -56.02011108 109.73423767 24.21084976
v -56.17945099 109.42286682 24.05633736
v -55.76137161 109.98644257 24.33600044
v -56.23752975 109.18554688 23.96284485
v -56.27006531 108.93314362 23.91082954
v -56.41587830 108.90167236 24.21669579
v -56.41587830 109.02510834 24.27923012
v -56.41587830 108.76573944 24.19081688
v -56.27779388 108.68218994 23.90186119
v -56.41587830 108.62796021 24.20361710
v -56.26128006 108.43015289 23.93620300
v -56.41587830 108.49912262 24.25409698
v -56.21951294 108.18419647 24.01332855
v -56.41587830 108.38932037 24.33830261
v -56.21467209 108.11439514 24.06839752
v -56.41587830 108.30715179 24.44963646
v -56.21467209 107.96820068 24.26648521
v -56.06409073 107.77016449 24.26955986
v -56.15247726 107.96035767 24.12886429
v -41.99329758 107.28765869 38.68320084
v -41.84251404 107.43585968 38.30624008
v -41.60870361 107.31832123 38.67746735
v -41.54843903 107.48398590 38.30826187
v -41.24816132 107.45343018 38.65220642
v -41.13569641 107.63195801 38.39437103
v -40.94041061 107.68222046 38.60943222
v -40.79170227 107.87844849 38.53781128
v -40.70999146 107.98644257 38.55255127
v -40.79170227 108.05546570 38.31443024
v -40.57526398 108.34185791 38.48610306
v -40.79170227 108.28834534 38.15010834
v -40.79170227 108.55814362 38.05821609
v -41.13569641 108.15884399 37.89602280
v -41.13569641 108.50563812 37.77790451
v -41.54843903 108.08110046 37.74349213
v -41.54843903 108.47411346 37.60963058
v -41.56427765 108.44893646 37.61064911
v -41.55582047 108.88053894 37.58951187
v -41.71395874 107.69466400 37.98485565
v -41.54843903 107.74185944 37.98286057
v -41.13569641 107.85949707 38.10723877
v -41.61851883 108.04216766 37.74625778
v -41.54843903 108.88893127 37.59216309
v -41.59387207 109.30042267 37.68463898
v -41.54843903 109.29181671 37.69251251
v -41.54843903 109.64997864 37.90251160
v -41.13569641 109.54320526 38.03634262
v -41.41703796 109.88119507 38.19829941
v -41.08047104 109.69571686 38.23297882
v -41.67520523 109.67302704 37.88796997
v -41.79293442 109.96681213 38.18229294
v -40.81006622 109.42514801 38.28356552
v -40.79170227 109.36534882 38.25927353
v -41.13569641 109.22716522 37.85103989
v -40.79170227 109.11947632 38.11511230
v -41.13569641 108.87167358 37.76249313
v -40.79170227 108.84291077 38.04622269
v -40.62738037 109.09107208 38.34602737
v -40.54697418 108.72011566 38.41538239
v -42.39902115 107.25832367 38.68868637
v -42.79666519 107.34278870 38.67289352
v -43.15386200 107.53419495 38.63710785
v -43.44153595 107.81695557 38.58423996
v -43.63627625 108.16805267 38.51859665
v -43.72222900 108.55892181 38.44551849
v -43.69240570 108.95774078 38.37095261
v -43.54922485 109.33204651 38.30097198
v -43.30434418 109.65138245 38.24126816
v -42.97769928 109.88974762 38.19670105
v -42.59586716 110.02774811 38.17089844
v -42.18993378 110.05415344 38.16596222
v -41.96589661 109.78179932 37.85625458
v -41.96589661 109.45867157 37.60987473
v -41.96589661 109.08019257 37.46191025
v -41.96589661 108.67559814 37.42381668
v -41.96589661 108.27615356 37.49853134
v -41.96589661 107.91268158 37.68029022
v -41.96589661 107.61326599 37.95505142
v -41.96589661 107.40102386 38.30160141
v -42.40471649 107.36990356 38.28807068
v -42.83449173 107.45692444 38.32590485
v -43.21822357 107.65459442 38.41184616
v -43.52288055 108.07190704 38.33274460
v -43.52288055 108.70263672 38.01733780
v -43.52288055 108.46546936 38.06169891
v -43.52288055 108.24967194 38.16961288
v -43.21822357 108.36425781 37.76061630
v -43.21822357 108.06951141 37.90800858
v -42.83449173 108.29557037 37.55630875
v -42.83449173 107.94725800 37.73049164
v -42.40471649 108.26533508 37.46636581
v -42.40471649 107.89343262 37.65233994
v -43.52288055 109.16756439 38.12780762
v -43.52288055 108.94284821 38.03995514
v -43.21822357 109.01627350 37.73091888
v -43.21822357 108.68817902 37.70002747
v -42.83449173 109.06610107 37.52121353
v -42.83449173 108.67837524 37.48470688
v -42.40471649 109.08803558 37.42889404
v -42.40471649 108.67405701 37.38991547
v -43.52288055 109.35931396 38.27399445
v -43.21822357 109.58513641 38.05060959
v -42.83449173 109.73839569 37.89904785
v -42.40471649 109.80588531 37.83235168
v -43.21822357 107.82670593 38.13082123
v -42.83449173 107.66032410 37.99380112
v -42.40471649 107.58707428 37.93347931
v -42.40471649 109.47530365 37.58029175
v -42.83449173 109.42881012 37.66300964
v -43.21822357 109.32319641 37.85090637
v -40.94122314 109.68016052 24.18401527
v -40.76287842 109.41593170 24.14812279
v -40.82786179 109.42286682 24.05633736
v -40.76287842 109.19331360 23.98619080
v -40.77768326 109.18584442 23.96297455
v -40.74926758 108.93508148 23.91108704
v -40.55228424 109.03958130 24.27726746
v -40.55228424 108.86866760 24.21623993
v -40.43711472 108.98349762 24.69457054
v -40.43386459 108.59352112 24.62166023
v -40.76287842 109.58383179 24.36626816
v -41.12910461 109.89968109 24.29294586
v -41.05135727 109.94023895 24.56355858
v -41.37705994 110.06453705 24.37475204
v -41.39813614 110.11576843 24.52299690
v -41.66602707 110.16206360 24.42314720
v -41.77968216 110.19806671 24.50397873
v -41.97377777 110.18475342 24.43440628
v -42.03858185 110.21659851 24.59641647
v -41.77369690 110.23331451 24.92824173
v -42.10433578 110.22740936 24.76079559
v -42.17009735 110.21704865 24.92520142
v -41.38700867 110.14605713 24.91192818
v -41.03751755 109.96147156 24.87741661
v -40.75006104 109.69267273 24.82716179
v -40.76287842 109.68339539 24.62291336
v -40.54507065 109.35877228 24.76473427
v -40.55228424 109.36266327 24.69702911
v -40.55228424 109.29702759 24.52783585
v -40.55228424 109.18634033 24.38402176
v -40.53555298 108.21656036 24.55118179
v -40.55228424 108.35278320 24.33642578
v -40.55228424 108.51073456 24.24707222
v -40.55228424 108.68748474 24.20589447
v -40.75478745 108.43588257 23.93498802
v -40.74181747 108.68566895 23.90167618
v -40.55228424 108.22644043 24.46670341
v -40.73495483 107.87940979 24.48814583
v -40.76287842 107.95989227 24.27354050
v -40.92060852 107.77050781 24.26931381
v -40.84506607 107.96543121 24.12574768
v -41.01789093 107.60601807 24.43703270
v -40.76287842 108.15153503 24.07592583
v -40.78901291 108.19084167 24.01058578
v -43.24728775 107.60601807 24.43703270
v -43.53387833 107.91117096 24.49408531
v -43.72249985 108.28279114 24.56356430
v -43.79818344 108.69138336 24.63995552
v -43.75492096 109.10450745 24.71719551
v -43.59614182 109.48936462 24.78915024
v -43.33445740 109.81542206 24.85011101
v -42.99063110 110.05678558 24.89523697
v -42.59196472 110.19429779 24.92094803
v -42.40724182 110.22767639 24.50686455
v -42.35374069 110.22322845 24.45350075
v -42.72843552 110.15490723 24.41959763
v -42.83168030 110.13469696 24.51799393
v -43.21145248 109.92479706 24.54311943
v -43.51467133 109.61560059 24.58013153
v -43.71587753 109.23307037 24.62592125
v -43.71587753 109.19755554 24.49218178
v -43.71587753 109.12638092 24.37351990
v -43.51467133 109.55242157 24.34218216
v -43.51467133 109.42578125 24.13105774
v -43.32011032 109.73423767 24.21084976
v -43.47945023 109.42286682 24.05633736
v -43.06137085 109.98644257 24.33600044
v -43.53752899 109.18554688 23.96284485
v -43.57006454 108.93314362 23.91082954
v -43.71587753 108.90167236 24.21669579
v -43.71587753 109.02510834 24.27923012
v -43.71587753 108.76573944 24.19081688
v -43.57779312 108.68218994 23.90186119
v -43.71587753 108.62796021 24.20361710
v -43.56127930 108.43015289 23.93620300
v -43.71587753 108.49912262 24.25409698
v -43.51951218 108.18419647 24.01332855
v -43.71587753 108.38932037 24.33830261
v -43.51467133 108.11439514 24.06839752
v -43.71587753 108.30715179 24.44963646
v -43.51467133 107.96820068 24.26648521
v -43.36408997 107.77016449 24.26955986
v -43.45247650 107.96035767 24.12886429
v -29.29329681 107.28765869 38.68320084
v -29.14251328 107.43585968 38.30624008
v -28.90870476 107.31832123 38.67746735
v -28.84843826 107.48398590 38.30826187
v -28.54816246 107.45343018 38.65220642
v -28.43569756 107.63195801 38.39437103
v -28.24041176 107.68222046 38.60943222
v -28.09170151 107.87844849 38.53781128
v -28.00998878 107.98644257 38.55255127
v -28.09170151 108.05546570 38.31443024
v -27.87526321 108.34185791 38.48610306
v -28.09170151 108.28834534 38.15010834
v -28.09170151 108.55814362 38.05821609
v -28.43569756 108.15884399 37.89602280
v -28.43569756 108.50563812 37.77790451
v -28.84843826 108.08110046 37.74349213
v -28.84843826 108.47411346 37.60963058
v -28.86427689 108.44893646 37.61064911
v -28.85582161 108.88053894 37.58951187
v -29.01395798 107.69466400 37.98485565
v -28.84843826 107.74185944 37.98286057
v -28.43569756 107.85949707 38.10723877
v -28.91851997 108.04216766 37.74625778
v -28.84843826 108.88893127 37.59216309
v -28.89387131 109.30042267 37.68463898
v -28.84843826 109.29181671 37.69251251
v -28.84843826 109.64997864 37.90251160
v -28.43569756 109.54320526 38.03634262
v -28.71703720 109.88119507 38.19829941
v -28.38047218 109.69571686 38.23297882
v -28.97520447 109.67302704 37.88796997
v -29.09293365 109.96681213 38.18229294
v -28.11006546 109.42514801 38.28356552
v -28.09170151 109.36534882 38.25927353
v -28.43569756 109.22716522 37.85103989
v -28.09170151 109.11947632 38.11511230
v -28.43569756 108.87167358 37.76249313
v -28.09170151 108.84291077 38.04622269
v -27.92737961 109.09107208 38.34602737
v -27.84697533 108.72011566 38.41538239
v -29.69902229 107.25832367 38.68868637
v -30.09666443 107.34278870 38.67289352
v -30.45386124 107.53419495 38.63710785
v -30.74153519 107.81695557 38.58423996
v -30.93627548 108.16805267 38.51859665
v -31.02223015 108.55892181 38.44551849
v -30.99240494 108.95774078 38.37095261
v -30.84922409 109.33204651 38.30097198
v -30.60434532 109.65138245 38.24126816
v -30.27769852 109.88974762 38.19670105
v -29.89586830 110.02774811 38.17089844
v -29.48993301 110.05415344 38.16596222
v -29.26589775 109.78179932 37.85625458
v -29.26589775 109.45867157 37.60987473
v -29.26589775 109.08019257 37.46191025
v -29.26589775 108.67559814 37.42381668
v -29.26589775 108.27615356 37.49853134
v -29.26589775 107.91268158 37.68029022
v -29.26589775 107.61326599 37.95505142
v -29.26589775 107.40102386 38.30160141
v -29.70471573 107.36990356 38.28807068
v -30.13449097 107.45692444 38.32590485
v -30.51822472 107.65459442 38.41184616
v -30.82288170 108.07190704 38.33274460
v -30.82288170 108.70263672 38.01733780
v -30.82288170 108.46546936 38.06169891
v -30.82288170 108.24967194 38.16961288
v -30.51822472 108.36425781 37.76061630
v -30.51822472 108.06951141 37.90800858
v -30.13449097 108.29557037 37.55630875
v -30.13449097 107.94725800 37.73049164
v -29.70471573 108.26533508 37.46636581
v -29.70471573 107.89343262 37.65233994
v -30.82288170 109.16756439 38.12780762
v -30.82288170 108.94284821 38.03995514
v -30.51822472 109.01627350 37.73091888
v -30.51822472 108.68817902 37.70002747
v -30.13449097 109.06610107 37.52121353
v -30.13449097 108.67837524 37.48470688
v -29.70471573 109.08803558 37.42889404
v -29.70471573 108.67405701 37.38991547
v -30.82288170 109.35931396 38.27399445
v -30.51822472 109.58513641 38.05060959
v -30.13449097 109.73839569 37.89904785
v -29.70471573 109.80588531 37.83235168
v -30.51822472 107.82670593 38.13082123
v -30.13449097 107.66032410 37.99380112
v -29.70471573 107.58707428 37.93347931
v -29.70471573 109.47530365 37.58029175
v -30.13449097 109.42881012 37.66300964
v -30.51822472 109.32319641 37.85090637
v -28.24122238 109.68016052 24.18401527
v -28.06287956 109.41593170 24.14812279
v -28.12786102 109.42286682 24.05633736
v -28.06287956 109.19331360 23.98619080
v -28.07768440 109.18584442 23.96297455
v -28.04926682 108.93508148 23.91108704
v -27.85228539 109.03958130 24.27726746
v -27.85228539 108.86866760 24.21623993
v -27.73711395 108.98349762 24.69457054
v -27.73386574 108.59352112 24.62166023
v -28.06287956 109.58383179 24.36626816
v -28.42910576 109.89968109 24.29294586
v -28.35135651 109.94023895 24.56355858
v -28.67706108 110.06453705 24.37475204
v -28.69813538 110.11576843 24.52299690
v -28.96602631 110.16206360 24.42314720
v -29.07968140 110.19806671 24.50397873
v -29.27377892 110.18475342 24.43440628
v -29.33858299 110.21659851 24.59641647
v -29.07369614 110.23331451 24.92824173
v -29.40433502 110.22740936 24.76079559
v -29.47009659 110.21704865 24.92520142
v -28.68700790 110.14605713 24.91192818
v -28.33751678 109.96147156 24.87741661
v -28.05006218 109.69267273 24.82716179
v -28.06287956 109.68339539 24.62291336
v -27.84506989 109.35877228 24.76473427
v -27.85228539 109.36266327 24.69702911
v -27.85228539 109.29702759 24.52783585
v -27.85228539 109.18634033 24.38402176
v -27.83555412 108.21656036 24.55118179
v -27.85228539 108.35278320 24.33642578
v -27.85228539 108.51073456 24.24707222
v -27.85228539 108.68748474 24.20589447
v -28.05478668 108.43588257 23.93498802
v -28.04181671 108.68566895 23.90167618
v -27.85228539 108.22644043 24.46670341
v -28.03495407 107.87940979 24.48814583
v -28.06287956 107.95989227 24.27354050
v -28.22060966 107.77050781 24.26931381
v -28.14506531 107.96543121 24.12574768
v -28.31789207 107.60601807 24.43703270
v -28.06287956 108.15153503 24.07592583
v -28.08901405 108.19084167 24.01058578
v -30.54728699 107.60601807 24.43703270
v -30.83387756 107.91117096 24.49408531
v -31.02250099 108.28279114 24.56356430
v -31.09818268 108.69138336 24.63995552
v -31.05492020 109.10450745 24.71719551
v -30.89614296 109.48936462 24.78915024
v -30.63445663 109.81542206 24.85011101
v -30.29063225 110.05678558 24.89523697
v -29.89196396 110.19429779 24.92094803
v -29.70724297 110.22767639 24.50686455
v -29.65373993 110.22322845 24.45350075
v -30.02843666 110.15490723 24.41959763
v -30.13167953 110.13469696 24.51799393
v -30.51145172 109.92479706 24.54311943
v -30.81467056 109.61560059 24.58013153
v -31.01587868 109.23307037 24.62592125
v -31.01587868 109.19755554 24.49218178
v -31.01587868 109.12638092 24.37351990
v -30.81467056 109.55242157 24.34218216
v -30.81467056 109.42578125 24.13105774
v -30.62011147 109.73423767 24.21084976
v -30.77945137 109.42286682 24.05633736
v -30.36137199 109.98644257 24.33600044
v -30.83753014 109.18554688 23.96284485
v -30.87006569 108.93314362 23.91082954
v -31.01587868 108.90167236 24.21669579
v -31.01587868 109.02510834 24.27923012
v -31.01587868 108.76573944 24.19081688
v -30.87779236 108.68218994 23.90186119
v -31.01587868 108.62796021 24.20361710
v -30.86127853 108.43015289 23.93620300
v -31.01587868 108.49912262 24.25409698
v -30.81951141 108.18419647 24.01332855
v -31.01587868 108.38932037 24.33830261
v -30.81467056 108.11439514 24.06839752
v -31.01587868 108.30715179 24.44963646
v -30.81467056 107.96820068 24.26648521
v -30.66409111 107.77016449 24.26955986
v -30.75247765 107.96035767 24.12886429
v -16.59329605 107.28765869 38.68320084
v -16.44251251 107.43585968 38.30624008
v -16.20870399 107.31832123 38.67746735
v -16.14843750 107.48398590 38.30826187
v -15.84816265 107.45343018 38.65220642
v -15.73569775 107.63195801 38.39437103
v -15.54041290 107.68222046 38.60943222
v -15.39170170 107.87844849 38.53781128
v -15.30998993 107.98644257 38.55255127
v -15.39170170 108.05546570 38.31443024
v -15.17526340 108.34185791 38.48610306
v -15.39170170 108.28834534 38.15010834
v -15.39170170 108.55814362 38.05821609
v -15.73569775 108.15884399 37.89602280
v -15.73569775 108.50563812 37.77790451
v -16.14843750 108.08110046 37.74349213
v -16.14843750 108.47411346 37.60963058
v -16.16427612 108.44893646 37.61064911
v -16.15582085 108.88053894 37.58951187
v -16.31395912 107.69466400 37.98485565
v -16.14843750 107.74185944 37.98286057
v -15.73569775 107.85949707 38.10723877
v -16.21851921 108.04216766 37.74625778
v -16.14843750 108.88893127 37.59216309
v -16.19387245 109.30042267 37.68463898
v -16.14843750 109.29181671 37.69251251
v -16.14843750 109.64997864 37.90251160
v -15.73569775 109.54320526 38.03634262
v -16.01703835 109.88119507 38.19829941
v -15.68047142 109.69571686 38.23297882
v -16.27520370 109.67302704 37.88796997
v -16.39293289 109.96681213 38.18229294
v -15.41006565 109.42514801 38.28356552
v -15.39170170 109.36534882 38.25927353
v -15.73569775 109.22716522 37.85103989
v -15.39170170 109.11947632 38.11511230
v -15.73569775 108.87167358 37.76249313
v -15.39170170 108.84291077 38.04622269
v -15.22737885 109.09107208 38.34602737
v -15.14697552 108.72011566 38.41538239
v -16.99902153 107.25832367 38.68868637
v -17.39666557 107.34278870 38.67289352
v -17.75386047 107.53419495 38.63710785
v -18.04153442 107.81695557 38.58423996
v -18.23627472 108.16805267 38.51859665
v -18.32222939 108.55892181 38.44551849
v -18.29240417 108.95774078 38.37095261
v -18.14922523 109.33204651 38.30097198
v -17.90434647 109.65138245 38.24126816
v -17.57769775 109.88974762 38.19670105
v -17.19586754 110.02774811 38.17089844
v -16.78993416 110.05415344 38.16596222
v -16.56589890 109.78179932 37.85625458
v -16.56589890 109.45867157 37.60987473
v -16.56589890 109.08019257 37.46191025
v -16.56589890 108.67559814 37.42381668
v -16.56589890 108.27615356 37.49853134
v -16.56589890 107.91268158 37.68029022
v -16.56589890 107.61326599 37.95505142
v -16.56589890 107.40102386 38.30160141
v -17.00471497 107.36990356 38.28807068
v -17.43449020 107.45692444 38.32590485
v -17.81822586 107.65459442 38.41184616
v -18.12288094 108.07190704 38.33274460
v -18.12288094 108.70263672 38.01733780
v -18.12288094 108.46546936 38.06169891
v -18.12288094 108.24967194 38.16961288
v -17.81822586 108.36425781 37.76061630
v -17.81822586 108.06951141 37.90800858
v -17.43449020 108.29557037 37.55630875
v -17.43449020 107.94725800 37.73049164
v -17.00471497 108.26533508 37.46636581
v -17.00471497 107.89343262 37.65233994
v -18.12288094 109.16756439 38.12780762
v -18.12288094 108.94284821 38.03995514
v -17.81822586 109.01627350 37.73091888
v -17.81822586 108.68817902 37.70002747
v -17.43449020 109.06610107 37.52121353
v -17.43449020 108.67837524 37.48470688
v -17.00471497 109.08803558 37.42889404
v -17.00471497 108.67405701 37.38991547
v -18.12288094 109.35931396 38.27399445
v -17.81822586 109.58513641 38.05060959
v -17.43449020 109.73839569 37.89904785
v -17.00471497 109.80588531 37.83235168
v -17.81822586 107.82670593 38.13082123
v -17.43449020 107.66032410 37.99380112
v -17.00471497 107.58707428 37.93347931
v -17.00471497 109.47530365 37.58029175
v -17.43449020 109.42881012 37.66300964
v -17.81822586 109.32319641 37.85090637
v -15.54122257 109.68016052 24.18401527
v -15.36287975 109.41593170 24.14812279
v -15.42786026 109.42286682 24.05633736
v -15.36287975 109.19331360 23.98619080
v -15.37768555 109.18584442 23.96297455
v -15.34926605 108.93508148 23.91108704
v -15.15228462 109.03958130 24.27726746
v -15.15228462 108.86866760 24.21623993
v -15.03711414 108.98349762 24.69457054
v -15.03386497 108.59352112 24.62166023
v -15.36287975 109.58383179 24.36626816
v -15.72910500 109.89968109 24.29294586
v -15.65135670 109.94023895 24.56355858
v -15.97706223 110.06453705 24.37475204
v -15.99813557 110.11576843 24.52299690
v -16.26602554 110.16206360 24.42314720
v -16.37968063 110.19806671 24.50397873
v -16.57377815 110.18475342 24.43440628
v -16.63858223 110.21659851 24.59641647
v -16.37369537 110.23331451 24.92824173
v -16.70433426 110.22740936 24.76079559
v -16.77009583 110.21704865 24.92520142
v -15.98700809 110.14605713 24.91192818
v -15.63751698 109.96147156 24.87741661
v -15.35006142 109.69267273 24.82716179
v -15.36287975 109.68339539 24.62291336
v -15.14507103 109.35877228 24.76473427
v -15.15228462 109.36266327 24.69702911
v -15.15228462 109.29702759 24.52783585
v -15.15228462 109.18634033 24.38402176
v -15.13555431 108.21656036 24.55118179
v -15.15228462 108.35278320 24.33642578
v -15.15228462 108.51073456 24.24707222
v -15.15228462 108.68748474 24.20589447
v -15.35478783 108.43588257 23.93498802
v -15.34181690 108.68566895 23.90167618
v -15.15228462 108.22644043 24.46670341
v -15.33495426 107.87940979 24.48814583
v -15.36287975 107.95989227 24.27354050
v -15.52060986 107.77050781 24.26931381
v -15.44506454 107.96543121 24.12574768
v -15.61789227 107.60601807 24.43703270
v -15.36287975 108.15153503 24.07592583
v -15.38901329 108.19084167 24.01058578
v -17.84728622 107.60601807 24.43703270
v -18.13387680 107.91117096 24.49408531
v -18.32250023 108.28279114 24.56356430
v -18.39818382 108.69138336 24.63995552
v -18.35491943 109.10450745 24.71719551
v -18.19614220 109.48936462 24.78915024
v -17.93445587 109.81542206 24.85011101
v -17.59063148 110.05678558 24.89523697
v -17.19196320 110.19429779 24.92094803
v -17.00724411 110.22767639 24.50686455
v -16.95373917 110.22322845 24.45350075
v -17.32843590 110.15490723 24.41959763
v -17.43168068 110.13469696 24.51799393
v -17.81145096 109.92479706 24.54311943
v -18.11466980 109.61560059 24.58013153
v -18.31587982 109.23307037 24.62592125
v -18.31587982 109.19755554 24.49218178
v -18.31587982 109.12638092 24.37351990
v -18.11466980 109.55242157 24.34218216
v -18.11466980 109.42578125 24.13105774
v -17.92011070 109.73423767 24.21084976
v -18.07945061 109.42286682 24.05633736
v -17.66137123 109.98644257 24.33600044
v -18.13752937 109.18554688 23.96284485
v -18.17006493 108.93314362 23.91082954
v -18.31587982 108.90167236 24.21669579
v -18.31587982 109.02510834 24.27923012
v -18.31587982 108.76573944 24.19081688
v -18.17779160 108.68218994 23.90186119
v -18.31587982 108.62796021 24.20361710
v -18.16127968 108.43015289 23.93620300
v -18.31587982 108.49912262 24.25409698
v -18.11951256 108.18419647 24.01332855
v -18.31587982 108.38932037 24.33830261
v -18.11466980 108.11439514 24.06839752
v -18.31587982 108.30715179 24.44963646
v -18.11466980 107.96820068 24.26648521
v -17.96409225 107.77016449 24.26955986
v -18.05247688 107.96035767 24.12886429
v -64.71036530 111.22078705 25.26860046
v -64.71036530 111.40496063 25.33046341
v -64.71036530 111.56503296 25.44056511
v -64.71036530 111.68867493 25.59042358
v -64.87436676 107.26761627 24.52949905
v -65.09727478 107.03044128 24.48515701
v -65.24561310 107.26761627 24.52949905
v -65.40898895 107.06806183 24.49218941
v -65.38633728 106.87705994 24.45648003
v -65.61927032 106.91677094 24.46390533
v -65.71036530 106.82402802 24.44656372
v -65.86217499 106.82402802 24.44656372
v -64.77306366 107.46440887 24.56629372
v -64.71036530 107.80699921 24.63034439
v -64.73839569 107.57589722 24.58713722
v -64.71739960 107.69062805 24.60858727
v -75.91036987 107.71510315 25.12182808
v -75.91036987 107.74324036 24.97135162
v -75.86141968 107.41135406 25.06503677
v -75.86141968 107.43948364 24.91456032
v -75.71938324 107.13733673 25.01380539
v -75.71938324 107.16546631 24.86332703
v -75.49815369 106.91986847 24.97314644
v -75.49815369 106.94800568 24.82266998
v -75.21938324 106.78025055 24.94704247
v -75.21938324 106.80838013 24.79656601
v -74.91036987 106.73213959 24.93804932
v -74.91036987 106.76027679 24.78757095
v -64.90135193 107.13733673 25.01380539
v -64.81786346 107.35871124 24.57383537
v -64.75930786 107.41135406 25.06503677
v -64.71036530 107.71510315 25.12182808
v -65.12258148 106.91986847 24.97314644
v -65.40135193 106.78025055 24.94704247
v -65.71036530 106.73213959 24.93804932
v -75.91036987 111.05442047 25.59042358
v -75.91036987 110.22144318 25.59042358
v -65.86217499 106.76027679 24.78757095
v -64.71036530 110.22144318 25.59042358
v -76.29971313 111.22078705 25.11286354
v -76.29971313 107.80699921 24.47460747
v -76.29735565 107.73958588 24.46200371
v -76.29030609 107.67248535 24.44945908
v -76.27858734 107.60601807 24.43703270
v -65.24727631 107.26522827 24.52742195
v -65.46840668 107.04467010 24.33207893
v -65.65981293 106.92424774 24.30956459
v -65.87393188 106.84941101 24.29557228
v -65.94050598 106.74467468 24.78465462
v -66.01985168 106.73527527 24.78289795
v -66.09970856 106.82402802 24.29082680
v -66.09970856 106.73213959 24.78231049
v -75.29971313 106.73213959 24.78231049
v -75.60872650 106.78025055 24.79130554
v -75.88749695 106.91986847 24.81740952
v -76.10872650 107.13733673 24.85806847
v -76.25076294 107.41135406 24.90929985
v -76.29971313 107.71510315 24.96609116
v -76.29971313 110.22144318 25.43468666
v -76.27027893 107.55763245 24.49797058
v -76.19358826 107.33367157 24.56708336
v -76.15214539 107.26522827 24.52742195
v -76.22898102 107.41207123 24.57715988
v -76.25547791 107.49302673 24.55354881
v -75.93100739 107.04467010 24.33207893
v -75.73960876 106.92424774 24.30956459
v -75.52548981 106.84941101 24.29557228
v -75.29971313 106.82402802 24.29082680
v -76.29971313 111.40496063 25.17472649
v -76.29971313 111.56503296 25.28482819
v -76.29971313 111.68867493 25.43468666
v -13.91036701 111.22078705 25.26860046
v -13.91036701 111.40496063 25.33046341
v -13.91036701 111.56503296 25.44056511
v -13.91036701 111.68867493 25.59042358
v -14.07436657 107.26761627 24.52949905
v -14.29727554 107.03044128 24.48515701
v -14.44561005 107.26761627 24.52949905
v -14.60898685 107.06806183 24.49218941
v -14.58633900 106.87705994 24.45648003
v -14.81926823 106.91677094 24.46390533
v -14.91036701 106.82402802 24.44656372
v -15.06217384 106.82402802 24.44656372
v -25.11036682 107.71510315 25.12182808
v -25.11036682 107.74324036 24.97135162
v -25.06142235 107.41135406 25.06503677
v -25.06142235 107.43948364 24.91456032
v -24.91938400 107.13733673 25.01380539
v -24.91938400 107.16546631 24.86332703
v -24.69815254 106.91986847 24.97314644
v -24.69815254 106.94800568 24.82266998
v -24.41938400 106.78025055 24.94704247
v -24.41938400 106.80838013 24.79656601
v -24.11036682 106.73213959 24.93804932
v -24.11036682 106.76027679 24.78757095
v -14.10134983 107.13733673 25.01380539
v -14.01786232 107.35871124 24.57383537
v -13.95931053 107.41135406 25.06503677
v -13.97306633 107.46440887 24.56629372
v -13.93839741 107.57589722 24.58713722
v -13.91739941 107.69062805 24.60858727
v -13.91036701 107.71510315 25.12182808
v -13.91036701 107.80699921 24.63034439
v -14.32258129 106.91986847 24.97314644
v -14.60134983 106.78025055 24.94704247
v -14.91036701 106.73213959 24.93804932
v -25.11036682 111.05442047 25.59042358
v -25.11036682 110.22144318 25.59042358
v -15.06217384 106.76027679 24.78757095
v -13.91036701 110.22144318 25.59042358
v -25.49971008 111.22078705 25.11286354
v -25.49971008 107.80699921 24.47460747
v -25.49735451 107.73958588 24.46200371
v -25.49030304 107.67248535 24.44945908
v -25.47858620 107.60601807 24.43703270
v -14.44727516 107.26522827 24.52742195
v -14.66840935 107.04467010 24.33207893
v -14.85981083 106.92424774 24.30956459
v -15.07393074 106.84941101 24.29557228
v -15.14050484 106.74467468 24.78465462
v -15.21985245 106.73527527 24.78289795
v -15.29971027 106.82402802 24.29082680
v -15.29971027 106.73213959 24.78231049
v -24.49971008 106.73213959 24.78231049
v -24.80872726 106.78025055 24.79130554
v -25.08749580 106.91986847 24.81740952
v -25.30872726 107.13733673 24.85806847
v -25.45076561 107.41135406 24.90929985
v -25.49971008 107.71510315 24.96609116
v -25.49971008 110.22144318 25.43468666
v -25.47027779 107.55763245 24.49797058
v -25.35214615 107.26522827 24.52742195
v -25.39353180 107.33356476 24.56704712
v -25.42893219 107.41195679 24.57716560
v -25.45545959 107.49296570 24.55357552
v -25.13101006 107.04467010 24.33207893
v -24.93960953 106.92424774 24.30956459
v -24.72548866 106.84941101 24.29557228
v -24.49971008 106.82402802 24.29082680
v -25.49971008 111.40496063 25.17472649
v -25.49971008 111.56503296 25.28482819
v -25.49971008 111.68867493 25.43468666
v -36.96957397 106.74467468 38.94045639
v -37.04790497 106.76027679 38.93753815
v -36.81036758 106.73213959 38.94279861
v -27.99971008 106.76027679 38.93753815
v -27.61036682 106.73213959 38.94279861
v -27.69069290 106.80838013 38.92854309
v -27.30134964 106.78025055 38.93380356
v -27.41192436 106.94800568 38.90243912
v -27.02258110 106.91986847 38.90769958
v -27.19069290 107.16546631 38.86178207
v -26.80134964 107.13733673 38.86704254
v -27.04865265 107.43948364 38.81055069
v -26.65930939 107.41135406 38.81581116
v -26.61036682 107.71510315 38.75901794
v -26.99971008 107.74324036 38.75375748
v -26.61036682 110.22144318 38.29042435
v -26.99971008 111.05442047 38.13468552
v -36.89022446 106.73527527 38.94221115
v -26.61036682 107.80699921 39.25050354
v -26.65930939 107.50324249 39.30729294
v -26.80134964 107.22922516 39.35852432
v -27.02258110 107.01175690 39.39918518
v -27.30134964 106.87213898 39.42528915
v -27.61036682 106.82402802 39.43428421
v -37.04790497 106.82402802 39.27854538
v -36.81036758 106.82402802 39.43428421
v -37.11938477 106.87213898 39.42528915
v -37.35216141 106.95266724 39.25449371
v -37.39815140 107.01175690 39.39918518
v -37.59698486 107.17193604 39.21349716
v -37.61938477 107.22922516 39.35852432
v -37.75551605 107.45779419 39.16005325
v -37.76142502 107.50324249 39.30729294
v -37.81036758 107.77886200 39.10002518
v -37.81036758 107.80699921 39.25050354
v -26.61036682 111.22078705 38.61224747
v -26.61036682 111.40496063 38.55038452
v -26.61036682 111.56503296 38.44028473
v -26.61036682 111.68867493 38.29042435
v -37.81036758 111.22078705 38.61224747
v -37.81036758 111.22078705 38.45650864
v -37.81036758 111.40496063 38.55038452
v -37.81036758 111.56503296 38.44028473
v -37.81036758 111.68867493 38.29042435
v -37.81036758 111.45667267 38.36602020
v -37.81036758 111.34284973 38.42199707
v -37.81036758 111.55853271 38.29042435
v -37.19971085 106.73213959 38.78706360
v -38.19971085 110.22144318 38.13468552
v -38.19971085 107.71510315 38.60328293
v -38.15076828 107.41135406 38.66007233
v -38.00872803 107.13733673 38.71130371
v -37.78749466 106.91986847 38.75196457
v -37.50872803 106.78025055 38.77806854
v -27.99971008 106.73213959 38.78706360
v -27.69069290 106.78025055 38.77806854
v -27.41192436 106.91986847 38.75196457
v -27.19069290 107.13733673 38.71130371
v -27.04865265 107.41135406 38.66007233
v -26.99971008 107.71510315 38.60328293
v -26.99971008 110.22144318 38.13468552
v -37.19971085 106.82402802 39.27854538
v -37.50872803 106.87213898 39.26955032
v -37.78749466 107.01175690 39.24344635
v -38.00872803 107.22922516 39.20278931
v -38.15076828 107.50324249 39.15155792
v -38.19971085 107.80699921 39.09476471
v -38.19971085 111.22078705 38.45650864
v -38.19971085 111.40496063 38.39464569
v -38.19971085 111.56503296 38.28454590
v -38.19971085 111.68867493 38.13468552
v -49.66957092 106.74467468 38.94045639
v -49.74790192 106.76027679 38.93753815
v -49.51036835 106.73213959 38.94279861
v -40.69971085 106.76027679 38.93753815
v -40.31036758 106.73213959 38.94279861
v -40.39069366 106.80838013 38.92854309
v -40.00135040 106.78025055 38.93380356
v -40.11192322 106.94800568 38.90243912
v -39.72257996 106.91986847 38.90769958
v -39.89069366 107.16546631 38.86178207
v -39.50135040 107.13733673 38.86704254
v -39.74865341 107.43948364 38.81055069
v -39.35931015 107.41135406 38.81581116
v -39.31036758 107.71510315 38.75901794
v -39.69971085 107.74324036 38.75375748
v -39.31036758 110.22144318 38.29042435
v -39.69971085 111.05442047 38.13468552
v -49.59022522 106.73527527 38.94221115
v -39.31036758 107.80699921 39.25050354
v -39.35931015 107.50324249 39.30729294
v -39.50135040 107.22922516 39.35852432
v -39.72257996 107.01175690 39.39918518
v -40.00135040 106.87213898 39.42528915
v -40.31036758 106.82402802 39.43428421
v -49.74790192 106.82402802 39.27854538
v -49.51036835 106.82402802 39.43428421
v -49.81938553 106.87213898 39.42528915
v -50.05216217 106.95266724 39.25449371
v -50.09815216 107.01175690 39.39918518
v -50.29698563 107.17193604 39.21349716
v -50.31938553 107.22922516 39.35852432
v -50.45551682 107.45779419 39.16005325
v -50.46142197 107.50324249 39.30729294
v -50.51036835 107.77886200 39.10002518
v -50.51036835 107.80699921 39.25050354
v -39.31036758 111.22078705 38.61224747
v -39.31036758 111.40496063 38.55038452
v -39.31036758 111.56503296 38.44028473
v -39.31036758 111.68867493 38.29042435
v -50.51036835 111.22078705 38.61224747
v -50.51036835 111.22078705 38.45650864
v -50.51036835 111.40496063 38.55038452
v -50.51036835 111.56503296 38.44028473
v -50.51036835 111.68867493 38.29042435
v -50.51036835 111.45667267 38.36602020
v -50.51036835 111.34284973 38.42199707
v -50.51036835 111.55853271 38.29042435
v -49.89971161 106.73213959 38.78706360
v -50.89971161 110.22144318 38.13468552
v -50.89971161 107.71510315 38.60328293
v -50.85076523 107.41135406 38.66007233
v -50.70872879 107.13733673 38.71130371
v -50.48749542 106.91986847 38.75196457
v -50.20872879 106.78025055 38.77806854
v -40.69971085 106.73213959 38.78706360
v -40.39069366 106.78025055 38.77806854
v -40.11192322 106.91986847 38.75196457
v -39.89069366 107.13733673 38.71130371
v -39.74865341 107.41135406 38.66007233
v -39.69971085 107.71510315 38.60328293
v -39.69971085 110.22144318 38.13468552
v -49.89971161 106.82402802 39.27854538
v -50.20872879 106.87213898 39.26955032
v -50.48749542 107.01175690 39.24344635
v -50.70872879 107.22922516 39.20278931
v -50.85076523 107.50324249 39.15155792
v -50.89971161 107.80699921 39.09476471
v -50.89971161 111.22078705 38.45650864
v -50.89971161 111.40496063 38.39464569
v -50.89971161 111.56503296 38.28454590
v -50.89971161 111.68867493 38.13468552
v -62.36957169 106.74467468 38.94045639
v -62.44790268 106.76027679 38.93753815
v -62.21036530 106.73213959 38.94279861
v -53.39971161 106.76027679 38.93753815
v -53.01036835 106.73213959 38.94279861
v -53.09069443 106.80838013 38.92854309
v -52.70135117 106.78025055 38.93380356
v -52.81192398 106.94800568 38.90243912
v -52.42258072 106.91986847 38.90769958
v -52.59069443 107.16546631 38.86178207
v -52.20135117 107.13733673 38.86704254
v -52.44865417 107.43948364 38.81055069
v -52.05931091 107.41135406 38.81581116
v -52.01036835 107.71510315 38.75901794
v -52.39971161 107.74324036 38.75375748
v -52.01036835 110.22144318 38.29042435
v -52.39971161 111.05442047 38.13468552
v -62.29022598 106.73527527 38.94221115
v -52.01036835 107.80699921 39.25050354
v -52.05931091 107.50324249 39.30729294
v -52.20135117 107.22922516 39.35852432
v -52.42258072 107.01175690 39.39918518
v -52.70135117 106.87213898 39.42528915
v -53.01036835 106.82402802 39.43428421
v -62.44790268 106.82402802 39.27854538
v -62.21036530 106.82402802 39.43428421
v -62.51938248 106.87213898 39.42528915
v -62.75216293 106.95266724 39.25449371
v -62.79815292 107.01175690 39.39918518
v -62.99698639 107.17193604 39.21349716
v -63.01938248 107.22922516 39.35852432
v -63.15551758 107.45779419 39.16005325
v -63.16142273 107.50324249 39.30729294
v -63.21036530 107.77886200 39.10002518
v -63.21036530 107.80699921 39.25050354
v -52.01036835 111.22078705 38.61224747
v -52.01036835 111.40496063 38.55038452
v -52.01036835 111.56503296 38.44028473
v -52.01036835 111.68867493 38.29042435
v -63.21036530 111.22078705 38.61224747
v -63.21036530 111.22078705 38.45650864
v -63.21036530 111.40496063 38.55038452
v -63.21036530 111.56503296 38.44028473
v -63.21036530 111.68867493 38.29042435
v -63.21036530 111.45667267 38.36602020
v -63.21036530 111.34284973 38.42199707
v -63.21036530 111.55853271 38.29042435
v -62.59970856 106.73213959 38.78706360
v -63.59970856 110.22144318 38.13468552
v -63.59970856 107.71510315 38.60328293
v -63.55076599 107.41135406 38.66007233
v -63.40872574 107.13733673 38.71130371
v -63.18749619 106.91986847 38.75196457
v -62.90872574 106.78025055 38.77806854
v -53.39971161 106.73213959 38.78706360
v -53.09069443 106.78025055 38.77806854
v -52.81192398 106.91986847 38.75196457
v -52.59069443 107.13733673 38.71130371
v -52.44865417 107.41135406 38.66007233
v -52.39971161 107.71510315 38.60328293
v -52.39971161 110.22144318 38.13468552
v -62.59970856 106.82402802 39.27854538
v -62.90872574 106.87213898 39.26955032
v -63.18749619 107.01175690 39.24344635
v -63.40872574 107.22922516 39.20278931
v -63.55076599 107.50324249 39.15155792
v -63.59970856 107.80699921 39.09476471
v -63.59970856 111.22078705 38.45650864
v -63.59970856 111.40496063 38.39464569
v -63.59970856 111.56503296 38.28454590
v -63.59970856 111.68867493 38.13468552
v -64.76036835 111.29213715 37.04042435
v -64.76036835 111.79213715 37.04042435
v -64.86036682 111.29213715 37.06721878
v -64.86036682 111.79213715 37.06721878
v -63.35466766 111.79213715 37.04042435
v -63.35466766 111.29213715 37.04042435
v -64.86036682 111.29213715 37.06721878
v -64.86036682 111.79213715 37.06721878
v -64.93357086 111.29213715 37.14042282
v -64.93357086 111.79213715 37.14042282
v -62.96036530 111.79213715 37.76843262
v -62.96036530 111.78327179 37.87948990
v -62.96036530 111.79213715 37.92416763
v -62.96036530 111.75689697 37.98773575
v -62.96036530 111.78990173 37.98006439
v -62.96036530 111.78321075 38.03559875
v -62.96036530 111.77210999 38.09042358
v -62.96036530 111.71368408 38.09042358
v -62.97488785 111.66881561 38.16521454
v -62.97546387 111.74880219 38.16664505
v -62.97488785 111.66881561 38.16521454
v -62.97546387 111.74880219 38.16664505
v -63.01548386 111.61989594 38.22828293
v -63.01786041 111.72142792 38.23074722
v -63.21036530 111.68867493 38.29042435
v -63.21036530 111.55853271 38.29042435
v -63.01548386 111.61989594 38.22828293
v -63.01786041 111.72142792 38.23074722
v -63.07814026 111.57759094 38.27273941
v -63.08197403 111.69821167 38.27442169
v -63.11795425 111.56357574 38.28587341
v -63.16036606 111.68867493 38.29042435
v -63.16036606 111.55853271 38.29042435
v -52.06036758 111.29213715 37.04042435
v -52.06036758 111.79213715 37.04042435
v -52.16036606 111.29213715 37.06721878
v -52.16036606 111.79213715 37.06721878
v -50.65467072 111.79213715 37.04042435
v -50.65467072 111.29213715 37.04042435
v -52.16036606 111.29213715 37.06721878
v -52.16036606 111.79213715 37.06721878
v -52.23357010 111.29213715 37.14042282
v -52.23357010 111.79213715 37.14042282
v -50.26036835 111.79213715 37.76843262
v -50.26036835 111.78327179 37.87948990
v -50.26036835 111.79213715 37.92416763
v -50.26036835 111.75689697 37.98773575
v -50.26036835 111.78990173 37.98006439
v -50.26036835 111.78321075 38.03559875
v -50.26036835 111.77210999 38.09042358
v -50.26036835 111.71368408 38.09042358
v -50.27499771 111.66861725 38.16550827
v -50.27546310 111.74880219 38.16664505
v -50.27499771 111.66861725 38.16550827
v -50.27546310 111.74880219 38.16664505
v -50.31561661 111.61977386 38.22843170
v -50.31785965 111.72142792 38.23074722
v -50.51036835 111.68867493 38.29042435
v -50.51036835 111.55853271 38.29042435
v -50.31561661 111.61977386 38.22843170
v -50.31785965 111.72142792 38.23074722
v -50.37852097 111.57742310 38.27291107
v -50.38197327 111.69821167 38.27442169
v -50.41810608 111.56353760 38.28590775
v -50.46036530 111.68867493 38.29042435
v -50.46036530 111.55853271 38.29042435
v -39.36036682 111.29213715 37.04042435
v -39.36036682 111.79213715 37.04042435
v -39.46036530 111.29213715 37.06721878
v -39.46036530 111.79213715 37.06721878
v -37.95466995 111.79213715 37.04042435
v -37.95466995 111.29213715 37.04042435
v -39.46036530 111.29213715 37.06721878
v -39.46036530 111.79213715 37.06721878
v -39.53357315 111.29213715 37.14042282
v -39.53357315 111.79213715 37.14042282
v -37.56036758 111.79213715 37.76843262
v -37.56036758 111.78327179 37.87948990
v -37.56036758 111.79213715 37.92416763
v -37.56036758 111.75689697 37.98773575
v -37.56036758 111.78990173 37.98006439
v -37.56036758 111.78321075 38.03559875
v -37.56036758 111.77210999 38.09042358
v -37.56036758 111.71368408 38.09042358
v -37.57500076 111.66861725 38.16550827
v -37.57546234 111.74880219 38.16664505
v -37.57500076 111.66861725 38.16550827
v -37.57546234 111.74880219 38.16664505
v -37.61561584 111.61977386 38.22843170
v -37.61785889 111.72142792 38.23074722
v -37.81036758 111.68867493 38.29042435
v -37.81036758 111.55853271 38.29042435
v -37.61561584 111.61977386 38.22843170
v -37.61785889 111.72142792 38.23074722
v -37.67852020 111.57742310 38.27291107
v -37.68197250 111.69821167 38.27442169
v -37.71810913 111.56353760 38.28590775
v -37.76036835 111.68867493 38.29042435
v -37.76036835 111.55853271 38.29042435
v -26.66036606 111.29213715 37.04042435
v -26.66036606 111.79213715 37.04042435
v -26.76036644 111.29213715 37.06721878
v -26.76036644 111.79213715 37.06721878
v -25.25466919 111.79213715 37.04042435
v -25.25466919 111.29213715 37.04042435
v -26.76036644 111.29213715 37.06721878
v -26.76036644 111.79213715 37.06721878
v -26.83357239 111.29213715 37.14042282
v -26.83357239 111.79213715 37.14042282
v -24.86036682 111.79213715 37.76843262
v -24.86036682 111.78327179 37.87948990
v -24.86036682 111.79213715 37.92416763
v -24.86036682 111.75689697 37.98773575
v -24.86036682 111.78990173 37.98006439
v -24.86036682 111.78321075 38.03559875
v -24.86036682 111.77210999 38.09042358
v -24.86036682 111.71368408 38.09042358
v -24.87499809 111.66861725 38.16550827
v -24.87546158 111.74880219 38.16664505
v -24.87499809 111.66861725 38.16550827
v -24.87546158 111.74880219 38.16664505
v -24.91561699 111.61977386 38.22843170
v -24.91786003 111.72142792 38.23074722
v -25.11036682 111.55853271 38.29042435
v -25.11036682 111.68867493 38.29042435
v -24.91561699 111.61977386 38.22843170
v -24.91786003 111.72142792 38.23074722
v -24.97852135 111.57742310 38.27291107
v -24.98197365 111.69821167 38.27442169
v -25.01810837 111.56353760 38.28590775
v -25.06036758 111.68867493 38.29042435
v -25.06036758 111.55853271 38.29042435
v -75.66036987 111.79213715 37.76843262
v -75.66036987 111.78327179 37.87948990
v -75.66036987 111.79213715 37.92416763
v -75.66036987 111.75689697 37.98773575
v -75.66036987 111.78990173 37.98006439
v -75.66036987 111.78321075 38.03559875
v -75.66036987 111.77210999 38.09042358
v -75.66036987 111.71368408 38.09042358
v -75.67488861 111.66881561 38.16521454
v -75.67546082 111.74880219 38.16664505
v -75.67488861 111.66881561 38.16521454
v -75.67546082 111.74880219 38.16664505
v -75.71548462 111.61989594 38.22828293
v -75.71785736 111.72142792 38.23074722
v -75.91036987 111.55853271 38.29042435
v -75.91036987 111.68867493 38.29042435
v -75.71548462 111.61989594 38.22828293
v -75.71785736 111.72142792 38.23074722
v -75.77813721 111.57759094 38.27273941
v -75.78197479 111.69821167 38.27442169
v -75.81795502 111.56357574 38.28587341
v -75.86036682 111.68867493 38.29042435
v -75.86036682 111.55853271 38.29042435
v -52.39727402 107.03044128 24.48515701
v -52.17436600 107.26761627 24.52949905
v -52.68634033 106.87705994 24.45648003
v -53.01036835 106.82402802 24.44656372
v -53.16217422 106.82402802 24.44656372
v -52.54560852 107.26761627 24.52949905
v -52.70898819 107.06806183 24.49218941
v -52.91926956 106.91677094 24.46390533
v -75.66036987 109.87524414 28.27970695
v -75.66036987 109.96205902 28.24426270
v -75.66036987 111.19741821 28.05632973
v -75.66036987 111.43137360 27.97659874
v -14.16036701 109.87524414 28.27970695
v -14.16036701 109.96205902 28.24426270
v -14.16036701 111.19741821 28.05632973
v -14.16036701 111.43137360 27.97659874
v -19.28536606 111.43137360 27.97659874
v -24.41036606 111.43137360 27.97659874
v -29.53536606 111.43137360 27.97659874
v -50.03536606 111.43137360 27.97659874
v -55.16036606 111.43137360 27.97659874
v -60.28536606 111.43137360 27.97659874
v -65.41036987 111.43137360 27.97659874
v -70.53536987 111.43137360 27.97659874
v -44.91036606 111.43137360 27.97659874
v -39.78536606 111.43137360 27.97659874
v -34.66036606 111.43137360 27.97659874
v -20.11198044 109.87524414 28.27970695
v -22.09584999 109.87524414 28.27970695
v -24.07972145 109.87524414 28.27970695
v -26.06359291 109.87524414 28.27970695
v -30.03133392 109.87524414 28.27970695
v -32.01520538 109.87524414 28.27970695
v -33.99907684 109.87524414 28.27970695
v -35.98294830 109.87524414 28.27970695
v -39.95068741 109.87524414 28.27970695
v -41.93455887 109.87524414 28.27970695
v -43.91843033 109.87524414 28.27970695
v -45.90230179 109.87524414 28.27970695
v -47.88617325 109.87524414 28.27970695
v -51.85391617 109.87524414 28.27970695
v -53.83778763 109.87524414 28.27970695
v -55.82165527 109.87524414 28.27970695
v -57.80552673 109.87524414 28.27970695
v -61.77326965 109.87524414 28.27970695
v -63.75714111 109.87524414 28.27970695
v -65.74101257 109.87524414 28.27970695
v -67.72488403 109.87524414 28.27970695
v -71.69262695 109.87524414 28.27970695
v -73.67649841 109.87524414 28.27970695
v -16.14423752 109.87524414 28.27970695
v -18.12810898 109.87524414 28.27970695
v -28.04746437 109.87524414 28.27970695
v -37.96681976 109.87524414 28.27970695
v -49.87004471 109.87524414 28.27970695
v -59.78939819 109.87524414 28.27970695
v -69.70875549 109.87524414 28.27970695
v -75.66036987 111.43137360 27.97659874
v -75.66036987 111.62303162 27.82052803
v -14.16036701 111.43137360 27.97659874
v -14.16036701 111.62303162 27.82052803
v -19.28536606 111.43137360 27.97659874
v -24.41036606 111.43137360 27.97659874
v -29.53536606 111.43137360 27.97659874
v -29.53536606 111.62303162 27.82052803
v -34.66036606 111.62303162 27.82052803
v -50.03536606 111.62303162 27.82052803
v -55.16036606 111.62303162 27.82052803
v -50.03536606 111.43137360 27.97659874
v -55.16036606 111.43137360 27.97659874
v -60.28536606 111.43137360 27.97659874
v -65.41036987 111.43137360 27.97659874
v -65.41036987 111.62303162 27.82052803
v -70.53536987 111.62303162 27.82052803
v -60.28536606 111.62303162 27.82052803
v -19.28536606 111.62303162 27.82052803
v -70.53536987 111.43137360 27.97659874
v -44.91036606 111.43137360 27.97659874
v -39.78536606 111.43137360 27.97659874
v -34.66036606 111.43137360 27.97659874
v -39.78536606 111.62303162 27.82052803
v -24.41036606 111.62303162 27.82052803
v -44.91036606 111.62303162 27.82052803
v -75.66036987 111.62303162 27.82052803
v -75.66036987 111.74850464 27.60757637
v -14.16036701 111.62303162 27.82052803
v -14.16036701 111.74850464 27.60757637
v -29.53536606 111.62303162 27.82052803
v -34.66036606 111.62303162 27.82052803
v -34.66036606 111.74850464 27.60757637
v -39.78536606 111.74850464 27.60757637
v -44.91036606 111.74850464 27.60757637
v -50.03536606 111.74850464 27.60757637
v -55.16036606 111.74850464 27.60757637
v -50.03536606 111.62303162 27.82052803
v -55.16036606 111.62303162 27.82052803
v -65.41036987 111.62303162 27.82052803
v -70.53536987 111.62303162 27.82052803
v -70.53536987 111.74850464 27.60757637
v -65.41036987 111.74850464 27.60757637
v -60.28536606 111.74850464 27.60757637
v -60.28536606 111.62303162 27.82052803
v -19.28536606 111.62303162 27.82052803
v -19.28536606 111.74850464 27.60757637
v -39.78536606 111.62303162 27.82052803
v -24.41036606 111.62303162 27.82052803
v -24.41036606 111.74850464 27.60757637
v -44.91036606 111.62303162 27.82052803
v -29.53536606 111.74850464 27.60757637
v -71.05665588 109.79213715 33.24159622
v -71.39353943 109.79213715 32.97808075
v -71.64235687 109.79213715 32.63020325
v -71.78288269 109.79213715 32.22624207
v -71.80368805 109.79213715 31.79904175
v -71.70307922 109.79213715 31.38333702
v -71.48924255 109.79213715 31.01292610
v -71.17955780 109.79213715 30.71792412
v -70.79920197 109.79213715 30.52231216
v -70.37910461 109.79213715 30.44199944
v -69.95342255 109.79213715 30.48351288
v -58.35665512 109.79213715 33.24159622
v -58.69353867 109.79213715 32.97808075
v -58.94235992 109.79213715 32.63020325
v -59.08288574 109.79213715 32.22624207
v -59.10368729 109.79213715 31.79904175
v -59.00308228 109.79213715 31.38333702
v -58.78924179 109.79213715 31.01292610
v -58.47955704 109.79213715 30.71792412
v -58.09920502 109.79213715 30.52231216
v -57.67910767 109.79213715 30.44199944
v -57.25342178 109.79213715 30.48351288
v -45.65665436 109.79213715 33.24159622
v -45.99354172 109.79213715 32.97808075
v -46.24235916 109.79213715 32.63020325
v -46.38288498 109.79213715 32.22624207
v -46.40369034 109.79213715 31.79904175
v -46.30308151 109.79213715 31.38333702
v -46.08924103 109.79213715 31.01292610
v -45.77955627 109.79213715 30.71792412
v -45.39920425 109.79213715 30.52231216
v -44.97910690 109.79213715 30.44199944
v -44.55342102 109.79213715 30.48351288
v -32.95665359 109.79213715 33.24159622
v -33.29354095 109.79213715 32.97808075
v -33.54235840 109.79213715 32.63020325
v -33.68288422 109.79213715 32.22624207
v -33.70368958 109.79213715 31.79904175
v -33.60308075 109.79213715 31.38333702
v -33.38924408 109.79213715 31.01292610
v -33.07955551 109.79213715 30.71792412
v -32.69920349 109.79213715 30.52231216
v -32.27910614 109.79213715 30.44199944
v -31.85342216 109.79213715 30.48351288
v -20.25665474 109.79213715 33.24159622
v -20.59354019 109.79213715 32.97808075
v -20.84235954 109.79213715 32.63020325
v -20.98288536 109.79213715 32.22624207
v -21.00368881 109.79213715 31.79904175
v -20.90308189 109.79213715 31.38333702
v -20.68924332 109.79213715 31.01292610
v -20.37955666 109.79213715 30.71792412
v -19.99920464 109.79213715 30.52231216
v -19.57910728 109.79213715 30.44199944
v -19.15342140 109.79213715 30.48351288
v -75.66036987 109.79213715 28.44198799
v -75.66036987 109.81412506 28.35082626
v -75.66036987 109.79213715 28.28625107
v -75.66036987 109.81412506 28.19508934
v -14.16036701 109.81412506 35.53002167
v -14.16036701 109.79213715 35.43886185
v -14.16036701 109.79213715 28.44198799
v -14.16036701 109.81412506 28.35082626
v -16.14423752 109.81412506 28.35082626
v -18.12810898 109.81412506 28.35082626
v -20.11198044 109.81412506 28.35082626
v -24.07972145 109.81412506 28.35082626
v -26.06359291 109.81412506 28.35082626
v -28.04746437 109.81412506 28.35082626
v -30.03133392 109.81412506 28.35082626
v -33.99907684 109.81412506 28.35082626
v -35.98294830 109.81412506 28.35082626
v -37.96681976 109.81412506 28.35082626
v -39.95068741 109.81412506 28.35082626
v -45.90230179 109.81412506 28.35082626
v -47.88617325 109.81412506 28.35082626
v -49.87004471 109.81412506 28.35082626
v -51.85391617 109.81412506 28.35082626
v -55.82165527 109.81412506 28.35082626
v -57.80552673 109.81412506 28.35082626
v -59.78939819 109.81412506 28.35082626
v -61.77326965 109.81412506 28.35082626
v -65.74101257 109.81412506 28.35082626
v -67.72488403 109.81412506 28.35082626
v -69.70875549 109.81412506 28.35082626
v -71.69262695 109.81412506 28.35082626
v -73.67649841 109.81412506 28.35082626
v -43.91843033 109.81412506 28.35082626
v -22.09584999 109.81412506 28.35082626
v -32.01520538 109.81412506 28.35082626
v -41.93455887 109.81412506 28.35082626
v -53.83778763 109.81412506 28.35082626
v -63.75714111 109.81412506 28.35082626
v -14.54971027 109.79213715 35.43886185
v -14.54971027 109.81412506 35.53002167
v -56.91653824 109.79213715 30.74702835
v -56.66771698 109.79213715 31.09490776
v -56.52719116 109.79213715 31.49886894
v -56.50638962 109.79213715 31.92606735
v -56.60699463 109.79213715 32.34177399
v -56.82083511 109.79213715 32.71218491
v -57.13051987 109.79213715 33.00718689
v -57.51087189 109.79213715 33.20279694
v -57.93096924 109.79213715 33.28311157
v -70.63096619 109.79213715 33.28311157
v -76.04971313 109.79213715 35.28312302
v -45.23096848 109.79213715 33.28311157
v -14.54971027 109.79213715 35.28312302
v -32.53096771 109.79213715 33.28311157
v -19.83096886 109.79213715 33.28311157
v -69.83052063 109.79213715 33.00718689
v -70.21086884 109.79213715 33.20279694
v -69.52083588 109.79213715 32.71218491
v -69.30699158 109.79213715 32.34177399
v -69.20639038 109.79213715 31.92606735
v -69.22719574 109.79213715 31.49886894
v -69.36771393 109.79213715 31.09490776
v -69.61653900 109.79213715 30.74702835
v -76.04971313 109.79213715 28.28625107
v -31.51653671 109.79213715 30.74702835
v -31.26771736 109.79213715 31.09490776
v -31.12719154 109.79213715 31.49886894
v -31.10638809 109.79213715 31.92606735
v -31.20699501 109.79213715 32.34177399
v -31.42083359 109.79213715 32.71218491
v -31.73052025 109.79213715 33.00718689
v -32.11087418 109.79213715 33.20279694
v -44.81087112 109.79213715 33.20279694
v -44.43051910 109.79213715 33.00718689
v -44.12083435 109.79213715 32.71218491
v -43.90699387 109.79213715 32.34177399
v -43.80638885 109.79213715 31.92606735
v -43.82719040 109.79213715 31.49886894
v -43.96771622 109.79213715 31.09490776
v -44.21653748 109.79213715 30.74702835
v -18.40638733 109.79213715 31.92606735
v -18.50699425 109.79213715 32.34177399
v -18.42719269 109.79213715 31.49886894
v -18.56771660 109.79213715 31.09490776
v -18.81653595 109.79213715 30.74702835
v -18.72083473 109.79213715 32.71218491
v -19.03051949 109.79213715 33.00718689
v -19.41087151 109.79213715 33.20279694
v -76.04971313 109.81412506 28.19508934
v -14.54971027 109.81412506 35.37428284
v -76.04971313 109.81412506 35.37428284
v -20.50132370 109.81412506 35.37428284
v -22.48519325 109.81412506 35.37428284
v -24.46906471 109.81412506 35.37428284
v -26.45293617 109.81412506 35.37428284
v -30.42067719 109.81412506 35.37428284
v -32.40454865 109.81412506 35.37428284
v -34.38842010 109.81412506 35.37428284
v -36.37229156 109.81412506 35.37428284
v -40.34003067 109.81412506 35.37428284
v -42.32390213 109.81412506 35.37428284
v -44.30777359 109.81412506 35.37428284
v -46.29164505 109.81412506 35.37428284
v -48.27551651 109.81412506 35.37428284
v -52.24325943 109.81412506 35.37428284
v -54.22713089 109.81412506 35.37428284
v -56.21099854 109.81412506 35.37428284
v -58.19487000 109.81412506 35.37428284
v -62.16261292 109.81412506 35.37428284
v -64.14648438 109.81412506 35.37428284
v -66.13035583 109.81412506 35.37428284
v -68.11422729 109.81412506 35.37428284
v -72.08197021 109.81412506 35.37428284
v -74.06584167 109.81412506 35.37428284
v -16.53358078 109.81412506 35.37428284
v -18.51745224 109.81412506 35.37428284
v -28.43680763 109.81412506 35.37428284
v -38.35616302 109.81412506 35.37428284
v -50.25938797 109.81412506 35.37428284
v -60.17874146 109.81412506 35.37428284
v -70.09809875 109.81412506 35.37428284
v -75.66036987 109.81412506 28.35082626
v -75.66036987 109.87524414 28.27970695
v -14.16036701 109.81412506 28.35082626
v -14.16036701 109.87524414 28.27970695
v -16.14423752 109.81412506 28.35082626
v -18.12810898 109.81412506 28.35082626
v -20.11198044 109.81412506 28.35082626
v -20.11198044 109.87524414 28.27970695
v -22.09584999 109.87524414 28.27970695
v -24.07972145 109.87524414 28.27970695
v -26.06359291 109.87524414 28.27970695
v -24.07972145 109.81412506 28.35082626
v -26.06359291 109.81412506 28.35082626
v -28.04746437 109.81412506 28.35082626
v -30.03133392 109.81412506 28.35082626
v -30.03133392 109.87524414 28.27970695
v -32.01520538 109.87524414 28.27970695
v -33.99907684 109.87524414 28.27970695
v -35.98294830 109.87524414 28.27970695
v -33.99907684 109.81412506 28.35082626
v -35.98294830 109.81412506 28.35082626
v -37.96681976 109.81412506 28.35082626
v -39.95068741 109.81412506 28.35082626
v -39.95068741 109.87524414 28.27970695
v -41.93455887 109.87524414 28.27970695
v -43.91843033 109.87524414 28.27970695
v -45.90230179 109.87524414 28.27970695
v -47.88617325 109.87524414 28.27970695
v -45.90230179 109.81412506 28.35082626
v -47.88617325 109.81412506 28.35082626
v -49.87004471 109.81412506 28.35082626
v -51.85391617 109.81412506 28.35082626
v -51.85391617 109.87524414 28.27970695
v -53.83778763 109.87524414 28.27970695
v -55.82165527 109.87524414 28.27970695
v -57.80552673 109.87524414 28.27970695
v -55.82165527 109.81412506 28.35082626
v -57.80552673 109.81412506 28.35082626
v -59.78939819 109.81412506 28.35082626
v -61.77326965 109.81412506 28.35082626
v -61.77326965 109.87524414 28.27970695
v -63.75714111 109.87524414 28.27970695
v -65.74101257 109.87524414 28.27970695
v -67.72488403 109.87524414 28.27970695
v -65.74101257 109.81412506 28.35082626
v -67.72488403 109.81412506 28.35082626
v -69.70875549 109.81412506 28.35082626
v -71.69262695 109.81412506 28.35082626
v -71.69262695 109.87524414 28.27970695
v -73.67649841 109.87524414 28.27970695
v -16.14423752 109.87524414 28.27970695
v -73.67649841 109.81412506 28.35082626
v -43.91843033 109.81412506 28.35082626
v -18.12810898 109.87524414 28.27970695
v -22.09584999 109.81412506 28.35082626
v -28.04746437 109.87524414 28.27970695
v -32.01520538 109.81412506 28.35082626
v -37.96681976 109.87524414 28.27970695
v -41.93455887 109.81412506 28.35082626
v -49.87004471 109.87524414 28.27970695
v -53.83778763 109.81412506 28.35082626
v -59.78939819 109.87524414 28.27970695
v -63.75714111 109.81412506 28.35082626
v -69.70875549 109.87524414 28.27970695
v -14.16036701 109.87524414 35.60113907
v -14.16036701 109.81412506 35.53002167
v -14.54971027 109.81412506 35.53002167
v -14.54971027 109.87524414 35.60113907
v -14.16036701 111.43137360 35.90424728
v -14.16036701 111.19741821 35.82452011
v -14.16036701 109.96205902 35.63658524
v -14.16036701 109.87524414 35.60113907
v -14.54971027 109.87524414 35.60113907
v -14.54971027 109.96205902 35.63658524
v -14.54971027 111.19741821 35.82452011
v -14.54971027 111.43137360 35.90424728
v -14.16036701 111.62303162 36.06031799
v -14.16036701 111.43137360 35.90424728
v -14.54971027 111.43137360 35.90424728
v -14.54971027 111.62303162 36.06031799
v -14.16036701 111.62303162 36.06031799
v -14.16036701 111.74850464 36.27327347
v -14.54971027 111.62303162 36.06031799
v -14.54971027 111.74850464 36.27327347
v -73.00962830 110.19261932 38.80447769
v -73.43997955 110.21704865 38.79991150
v -72.60413361 110.04885864 38.83135605
v -72.25698853 109.79766083 38.87831879
v -71.99688721 109.45976257 38.94149399
v -71.84531403 109.06309509 39.01565552
v -73.65705872 107.31438446 39.34260559
v -73.22769928 107.27668762 39.34965134
v -72.80517578 107.36061096 39.33396149
v -72.42439270 107.55921936 39.29682922
v -72.11682129 107.85609436 39.24132538
v -71.81480408 108.64043427 39.09468079
v -71.90786743 108.22670746 39.17203140
v -60.30963135 110.19261932 38.80447769
v -60.73997879 110.21704865 38.79991150
v -59.90413284 110.04885864 38.83135605
v -59.55698776 109.79766083 38.87831879
v -59.29688644 109.45976257 38.94149399
v -59.14531708 109.06309509 39.01565552
v -60.95705795 107.31438446 39.34260559
v -60.52770233 107.27668762 39.34965134
v -60.10517502 107.36061096 39.33396149
v -59.72439194 107.55921936 39.29682922
v -59.41681671 107.85609436 39.24132538
v -59.11480331 108.64043427 39.09468079
v -59.20786667 108.22670746 39.17203140
v -47.60963058 110.19261932 38.80447769
v -48.03998184 110.21704865 38.79991150
v -47.20413208 110.04885864 38.83135605
v -46.85699081 109.79766083 38.87831879
v -46.59688568 109.45976257 38.94149399
v -46.44531631 109.06309509 39.01565552
v -48.25705719 107.31438446 39.34260559
v -47.82770157 107.27668762 39.34965134
v -47.40517426 107.36061096 39.33396149
v -47.02439117 107.55921936 39.29682922
v -46.71681976 107.85609436 39.24132538
v -46.41480255 108.64043427 39.09468079
v -46.50786591 108.22670746 39.17203140
v -34.90962982 110.19261932 38.80447769
v -35.33998108 110.21704865 38.79991150
v -34.50413132 110.04885864 38.83135605
v -34.15699005 109.79766083 38.87831879
v -33.89688492 109.45976257 38.94149399
v -33.74531555 109.06309509 39.01565552
v -35.55705643 107.31438446 39.34260559
v -35.12770081 107.27668762 39.34965134
v -34.70517349 107.36061096 39.33396149
v -34.32439423 107.55921936 39.29682922
v -34.01681900 107.85609436 39.24132538
v -33.71480179 108.64043427 39.09468079
v -33.80786514 108.22670746 39.17203140
v -22.20963097 110.19261932 38.80447769
v -22.63998032 110.21704865 38.79991150
v -21.80413246 110.04885864 38.83135605
v -21.45698929 109.79766083 38.87831879
v -21.19688606 109.45976257 38.94149399
v -21.04531670 109.06309509 39.01565552
v -22.85705757 107.31438446 39.34260559
v -22.42770195 107.27668762 39.34965134
v -22.00517464 107.36061096 39.33396149
v -21.62439346 107.55921936 39.29682922
v -21.31681824 107.85609436 39.24132538
v -21.01480293 108.64043427 39.09468079
v -21.10786629 108.22670746 39.17203140
v -67.00962830 110.19261932 38.80447769
v -67.43997955 110.21704865 38.79991150
v -66.60413361 110.04885864 38.83135605
v -66.25698853 109.79766083 38.87831879
v -65.99688721 109.45976257 38.94149399
v -65.84531403 109.06309509 39.01565552
v -67.65705872 107.31438446 39.34260559
v -67.22769928 107.27668762 39.34965134
v -66.80517578 107.36061096 39.33396149
v -66.42439270 107.55921936 39.29682922
v -66.11682129 107.85609436 39.24132538
v -65.81480408 108.64043427 39.09468079
v -65.90786743 108.22670746 39.17203140
v -54.30963135 110.19261932 38.80447769
v -54.73997879 110.21704865 38.79991150
v -53.90413284 110.04885864 38.83135605
v -53.55698776 109.79766083 38.87831879
v -53.29688644 109.45976257 38.94149399
v -53.14531708 109.06309509 39.01565552
v -54.95705795 107.31438446 39.34260559
v -54.52770233 107.27668762 39.34965134
v -54.10517502 107.36061096 39.33396149
v -53.72439194 107.55921936 39.29682922
v -53.41681671 107.85609436 39.24132538
v -53.11480331 108.64043427 39.09468079
v -53.20786667 108.22670746 39.17203140
v -41.60963058 110.19261932 38.80447769
v -42.03998184 110.21704865 38.79991150
v -41.20413208 110.04885864 38.83135605
v -40.85699081 109.79766083 38.87831879
v -40.59688568 109.45976257 38.94149399
v -40.44531631 109.06309509 39.01565552
v -42.25705719 107.31438446 39.34260559
v -41.82770157 107.27668762 39.34965134
v -41.40517426 107.36061096 39.33396149
v -41.02439117 107.55921936 39.29682922
v -40.71681976 107.85609436 39.24132538
v -40.41480255 108.64043427 39.09468079
v -40.50786591 108.22670746 39.17203140
v -28.90963173 110.19261932 38.80447769
v -29.33998108 110.21704865 38.79991150
v -28.50413322 110.04885864 38.83135605
v -28.15699005 109.79766083 38.87831879
v -27.89688683 109.45976257 38.94149399
v -27.74531555 109.06309509 39.01565552
v -29.55705833 107.31438446 39.34260559
v -29.12770081 107.27668762 39.34965134
v -28.70517540 107.36061096 39.33396149
v -28.32439232 107.55921936 39.29682922
v -28.01681900 107.85609436 39.24132538
v -27.71480179 108.64043427 39.09468079
v -27.80786705 108.22670746 39.17203140
v -16.20963097 110.19261932 38.80447769
v -16.63998032 110.21704865 38.79991150
v -15.80413246 110.04885864 38.83135605
v -15.45698929 109.79766083 38.87831879
v -15.19688702 109.45976257 38.94149399
v -15.04531574 109.06309509 39.01565552
v -16.85705757 107.31438446 39.34260559
v -16.42770195 107.27668762 39.34965134
v -16.00517464 107.36061096 39.33396149
v -15.62439346 107.55921936 39.29682922
v -15.31681824 107.85609436 39.24132538
v -15.01480198 108.64043427 39.09468079
v -15.10786629 108.22670746 39.17203140
v -75.91036987 111.55853271 38.29042435
v -75.91036987 111.45667267 38.36602020
v -75.91036987 111.68867493 38.29042435
v -75.91036987 111.56503296 38.44028473
v -75.91036987 111.34284973 38.42199707
v -75.91036987 111.22078705 38.45650864
v -75.91036987 107.77886200 39.10002518
v -75.91036987 111.22078705 38.61224747
v -75.91036987 111.40496063 38.55038452
v -75.91036987 107.80699921 39.25050354
v -25.11036682 111.55853271 38.29042435
v -25.11036682 111.45667267 38.36602020
v -25.11036682 111.68867493 38.29042435
v -25.11036682 111.56503296 38.44028473
v -25.11036682 111.34284973 38.42199707
v -25.11036682 111.22078705 38.45650864
v -25.11036682 107.77886200 39.10002518
v -25.11036682 111.22078705 38.61224747
v -25.11036682 111.40496063 38.55038452
v -25.11036682 107.80699921 39.25050354
v -75.86141968 107.50324249 39.30729294
v -75.85551453 107.45779419 39.16005325
v -75.71938324 107.22922516 39.35852432
v -75.69698334 107.17193604 39.21349716
v -75.49815369 107.01175690 39.39918518
v -75.45216370 106.95266724 39.25449371
v -75.21938324 106.87213898 39.42528915
v -75.14790344 106.82402802 39.27854538
v -74.91036987 106.82402802 39.43428421
v -25.06142235 107.50324249 39.30729294
v -25.05551720 107.45779419 39.16005325
v -24.91938400 107.22922516 39.35852432
v -24.89698410 107.17193604 39.21349716
v -24.69815254 107.01175690 39.39918518
v -24.65216064 106.95266724 39.25449371
v -24.41938400 106.87213898 39.42528915
v -24.34790230 106.82402802 39.27854538
v -24.11036682 106.82402802 39.43428421
v -13.91036701 107.80699921 39.25050354
v -13.95931053 107.50324249 39.30729294
v -14.10134983 107.22922516 39.35852432
v -14.32258129 107.01175690 39.39918518
v -14.60134983 106.87213898 39.42528915
v -14.91036701 106.82402802 39.43428421
v -26.61036682 107.80699921 39.25050354
v -26.65930939 107.50324249 39.30729294
v -26.80134964 107.22922516 39.35852432
v -27.02258110 107.01175690 39.39918518
v -27.30134964 106.87213898 39.42528915
v -27.61036682 106.82402802 39.43428421
v -37.04790497 106.82402802 39.27854538
v -36.81036758 106.82402802 39.43428421
v -37.11938477 106.87213898 39.42528915
v -37.35216141 106.95266724 39.25449371
v -37.39815140 107.01175690 39.39918518
v -37.59698486 107.17193604 39.21349716
v -37.61938477 107.22922516 39.35852432
v -37.75551605 107.45779419 39.16005325
v -37.76142502 107.50324249 39.30729294
v -37.81036758 107.77886200 39.10002518
v -37.81036758 107.80699921 39.25050354
v -39.31036758 107.80699921 39.25050354
v -39.35931015 107.50324249 39.30729294
v -39.50135040 107.22922516 39.35852432
v -39.72257996 107.01175690 39.39918518
v -40.00135040 106.87213898 39.42528915
v -40.31036758 106.82402802 39.43428421
v -49.74790192 106.82402802 39.27854538
v -49.51036835 106.82402802 39.43428421
v -49.81938553 106.87213898 39.42528915
v -50.05216217 106.95266724 39.25449371
v -50.09815216 107.01175690 39.39918518
v -50.29698563 107.17193604 39.21349716
v -50.31938553 107.22922516 39.35852432
v -50.45551682 107.45779419 39.16005325
v -50.46142197 107.50324249 39.30729294
v -50.51036835 107.77886200 39.10002518
v -50.51036835 107.80699921 39.25050354
v -52.01036835 107.80699921 39.25050354
v -52.05931091 107.50324249 39.30729294
v -52.20135117 107.22922516 39.35852432
v -52.42258072 107.01175690 39.39918518
v -52.70135117 106.87213898 39.42528915
v -53.01036835 106.82402802 39.43428421
v -62.44790268 106.82402802 39.27854538
v -62.21036530 106.82402802 39.43428421
v -62.51938248 106.87213898 39.42528915
v -62.75216293 106.95266724 39.25449371
v -62.79815292 107.01175690 39.39918518
v -62.99698639 107.17193604 39.21349716
v -63.01938248 107.22922516 39.35852432
v -63.15551758 107.45779419 39.16005325
v -63.16142273 107.50324249 39.30729294
v -63.21036530 107.77886200 39.10002518
v -63.21036530 107.80699921 39.25050354
v -64.71036530 107.80699921 39.25050354
v -64.75930786 107.50324249 39.30729294
v -64.90135193 107.22922516 39.35852432
v -65.12258148 107.01175690 39.39918518
v -65.40135193 106.87213898 39.42528915
v -65.71036530 106.82402802 39.43428421
v -13.91036701 111.22078705 38.61224747
v -13.91036701 111.40496063 38.55038452
v -13.91036701 111.56503296 38.44028473
v -13.91036701 111.68867493 38.29042435
v -26.61036682 111.22078705 38.61224747
v -26.61036682 111.40496063 38.55038452
v -26.61036682 111.56503296 38.44028473
v -26.61036682 111.68867493 38.29042435
v -39.31036758 111.22078705 38.61224747
v -39.31036758 111.40496063 38.55038452
v -39.31036758 111.56503296 38.44028473
v -39.31036758 111.68867493 38.29042435
v -52.01036835 111.22078705 38.61224747
v -52.01036835 111.40496063 38.55038452
v -52.01036835 111.56503296 38.44028473
v -52.01036835 111.68867493 38.29042435
v -64.71036530 111.22078705 38.61224747
v -64.71036530 111.40496063 38.55038452
v -64.71036530 111.56503296 38.44028473
v -64.71036530 111.68867493 38.29042435
v -64.76036835 111.68867493 38.29042435
v -64.96036530 111.77210999 38.09042358
v -64.94527435 111.74880219 38.16664505
v -64.90287018 111.72142792 38.23074722
v -64.83876038 111.69821167 38.27442169
v -64.96036530 111.79213715 37.24042511
v -64.96036530 111.79213715 37.92416763
v -64.96036530 111.78990173 37.98006439
v -64.96036530 111.78321075 38.03559875
v -64.76036835 111.79213715 37.04042435
v -64.86036682 111.79213715 37.06721878
v -64.93357086 111.79213715 37.14042282
v -63.35466766 111.79213715 37.04042435
v -63.21036530 111.22078705 38.61224747
v -63.21036530 111.22078705 38.45650864
v -63.21036530 111.40496063 38.55038452
v -63.21036530 111.56503296 38.44028473
v -63.21036530 111.68867493 38.29042435
v -63.21036530 111.45667267 38.36602020
v -63.21036530 111.34284973 38.42199707
v -63.21036530 111.55853271 38.29042435
v -62.96036530 111.79213715 37.76843262
v -62.96036530 111.78327179 37.87948990
v -62.96036530 111.79213715 37.92416763
v -62.96036530 111.75689697 37.98773575
v -62.96036530 111.78990173 37.98006439
v -62.96036530 111.78321075 38.03559875
v -62.96036530 111.77210999 38.09042358
v -62.96036530 111.71368408 38.09042358
v -62.97488785 111.66881561 38.16521454
v -62.97546387 111.74880219 38.16664505
v -63.01548386 111.61989594 38.22828293
v -63.01786041 111.72142792 38.23074722
v -63.07814026 111.57759094 38.27273941
v -63.08197403 111.69821167 38.27442169
v -63.11795425 111.56357574 38.28587341
v -63.16036606 111.68867493 38.29042435
v -63.16036606 111.55853271 38.29042435
v -52.06036758 111.68867493 38.29042435
v -52.26036835 111.77210999 38.09042358
v -52.24526978 111.74880219 38.16664505
v -52.20287323 111.72142792 38.23074722
v -52.13875961 111.69821167 38.27442169
v -52.26036835 111.79213715 37.24042511
v -52.26036835 111.79213715 37.92416763
v -52.26036835 111.78990173 37.98006439
v -52.26036835 111.78321075 38.03559875
v -52.06036758 111.79213715 37.04042435
v -52.16036606 111.79213715 37.06721878
v -52.23357010 111.79213715 37.14042282
v -50.65467072 111.79213715 37.04042435
v -50.51036835 111.22078705 38.61224747
v -50.51036835 111.22078705 38.45650864
v -50.51036835 111.40496063 38.55038452
v -50.51036835 111.56503296 38.44028473
v -50.51036835 111.68867493 38.29042435
v -50.51036835 111.45667267 38.36602020
v -50.51036835 111.34284973 38.42199707
v -50.51036835 111.55853271 38.29042435
v -50.26036835 111.79213715 37.76843262
v -50.26036835 111.78327179 37.87948990
v -50.26036835 111.79213715 37.92416763
v -50.26036835 111.75689697 37.98773575
v -50.26036835 111.78990173 37.98006439
v -50.26036835 111.78321075 38.03559875
v -50.26036835 111.77210999 38.09042358
v -50.26036835 111.71368408 38.09042358
v -50.27499771 111.66861725 38.16550827
v -50.27546310 111.74880219 38.16664505
v -50.31561661 111.61977386 38.22843170
v -50.31785965 111.72142792 38.23074722
v -50.37852097 111.57742310 38.27291107
v -50.38197327 111.69821167 38.27442169
v -50.41810608 111.56353760 38.28590775
v -50.46036530 111.68867493 38.29042435
v -50.46036530 111.55853271 38.29042435
v -39.36036682 111.68867493 38.29042435
v -39.56036758 111.77210999 38.09042358
v -39.54527283 111.74880219 38.16664505
v -39.50287247 111.72142792 38.23074722
v -39.43875885 111.69821167 38.27442169
v -39.56036758 111.79213715 37.24042511
v -39.56036758 111.79213715 37.92416763
v -39.56036758 111.78990173 37.98006439
v -39.56036758 111.78321075 38.03559875
v -39.36036682 111.79213715 37.04042435
v -39.46036530 111.79213715 37.06721878
v -39.53357315 111.79213715 37.14042282
v -37.95466995 111.79213715 37.04042435
v -37.81036758 111.22078705 38.61224747
v -37.81036758 111.22078705 38.45650864
v -37.81036758 111.40496063 38.55038452
v -37.81036758 111.56503296 38.44028473
v -37.81036758 111.68867493 38.29042435
v -37.81036758 111.45667267 38.36602020
v -37.81036758 111.34284973 38.42199707
v -37.81036758 111.55853271 38.29042435
v -37.56036758 111.79213715 37.76843262
v -37.56036758 111.78327179 37.87948990
v -37.56036758 111.79213715 37.92416763
v -37.56036758 111.75689697 37.98773575
v -37.56036758 111.78990173 37.98006439
v -37.56036758 111.78321075 38.03559875
v -37.56036758 111.77210999 38.09042358
v -37.56036758 111.71368408 38.09042358
v -37.57500076 111.66861725 38.16550827
v -37.57546234 111.74880219 38.16664505
v -37.61561584 111.61977386 38.22843170
v -37.61785889 111.72142792 38.23074722
v -37.67852020 111.57742310 38.27291107
v -37.68197250 111.69821167 38.27442169
v -37.71810913 111.56353760 38.28590775
v -37.76036835 111.68867493 38.29042435
v -37.76036835 111.55853271 38.29042435
v -26.66036606 111.68867493 38.29042435
v -26.86036682 111.77210999 38.09042358
v -26.84523773 111.74877167 38.16673279
v -26.80285454 111.72142029 38.23077011
v -26.73866653 111.69818878 38.27445984
v -26.86036682 111.79213715 37.24042511
v -26.86036682 111.79213715 37.92416763
v -26.86036682 111.78990173 37.98006439
v -26.86036682 111.78321075 38.03559875
v -26.66036606 111.79213715 37.04042435
v -26.76036644 111.79213715 37.06721878
v -26.83357239 111.79213715 37.14042282
v -25.25466919 111.79213715 37.04042435
v -24.86036682 111.79213715 37.76843262
v -24.86036682 111.78327179 37.87948990
v -24.86036682 111.79213715 37.92416763
v -24.86036682 111.75689697 37.98773575
v -24.86036682 111.78990173 37.98006439
v -24.86036682 111.78321075 38.03559875
v -24.86036682 111.77210999 38.09042358
v -24.86036682 111.71368408 38.09042358
v -24.87499809 111.66861725 38.16550827
v -24.87546158 111.74880219 38.16664505
v -24.91561699 111.61977386 38.22843170
v -24.91786003 111.72142792 38.23074722
v -24.97852135 111.57742310 38.27291107
v -24.98197365 111.69821167 38.27442169
v -25.01810837 111.56353760 38.28590775
v -25.06036758 111.68867493 38.29042435
v -25.06036758 111.55853271 38.29042435
v -13.96036625 111.68867493 38.29042435
v -14.16036701 111.77210999 38.09042358
v -14.14523697 111.74877167 38.16673279
v -14.10285568 111.72142029 38.23077011
v -14.03866673 111.69818878 38.27445984
v -75.66036987 111.79213715 37.76843262
v -75.66036987 111.78327179 37.87948990
v -75.66036987 111.79213715 37.92416763
v -75.66036987 111.75689697 37.98773575
v -75.66036987 111.78990173 37.98006439
v -75.66036987 111.78321075 38.03559875
v -75.66036987 111.77210999 38.09042358
v -75.66036987 111.71368408 38.09042358
v -75.67488861 111.66881561 38.16521454
v -75.67546082 111.74880219 38.16664505
v -75.71548462 111.61989594 38.22828293
v -75.71785736 111.72142792 38.23074722
v -75.77813721 111.57759094 38.27273941
v -75.78197479 111.69821167 38.27442169
v -75.81795502 111.56357574 38.28587341
v -75.86036682 111.68867493 38.29042435
v -75.86036682 111.55853271 38.29042435
v -14.16036701 111.79213715 37.92416763
v -14.16036701 111.79213715 36.51655579
v -14.16036701 111.74850464 36.27327347
v -14.16036701 111.78990173 37.98006439
v -14.16036701 111.78321075 38.03559875
v -14.54971027 111.74850464 36.27327347
v -14.54971027 111.79213715 36.51655579
v -21.37703323 111.75054169 38.16188812
v -17.64369965 111.75054169 38.16188812
v -17.64369965 111.63068390 38.37135315
v -17.64369965 111.44680786 38.52766418
v -21.37703323 111.44680786 38.52766418
v -21.37703323 111.63068390 38.37135315
v -34.07703400 111.75054169 38.16188812
v -30.34370041 111.75054169 38.16188812
v -30.34370041 111.63068390 38.37135315
v -30.34370041 111.44680786 38.52766418
v -34.07703400 111.44680786 38.52766418
v -34.07703400 111.63068390 38.37135315
v -46.77703476 111.75054169 38.16188812
v -43.04370117 111.75054169 38.16188812
v -43.04370117 111.63068390 38.37135315
v -43.04370117 111.44680786 38.52766418
v -46.77703476 111.44680786 38.52766418
v -46.77703476 111.63068390 38.37135315
v -59.47703171 111.75054169 38.16188812
v -55.74369812 111.75054169 38.16188812
v -55.74369812 111.63068390 38.37135315
v -55.74369812 111.44680786 38.52766418
v -59.47703171 111.44680786 38.52766418
v -59.47703171 111.63068390 38.37135315
v -68.44370270 111.44680786 38.52766418
v -72.17703247 111.44680786 38.52766418
v -72.17703247 111.63068390 38.37135315
v -72.17703247 111.75054169 38.16188812
v -68.44370270 111.75054169 38.16188812
v -68.44370270 111.63068390 38.37135315
v -23.26810455 107.35930634 39.33420563
v -23.65069962 107.51370239 39.30533981
v -23.97529411 107.76562500 39.25823975
v -24.21681976 108.09563446 39.19653702
v -24.35662651 108.47824097 39.12500381
v -24.38391113 108.88388824 39.04916382
v -24.29657173 109.28125763 38.97486877
v -24.10135078 109.63964844 38.90786362
v -23.81332588 109.93138885 38.85331726
v -23.45474052 110.13395691 38.81544495
v -23.05329132 110.23168945 38.79717255
v -17.05329132 110.23168945 38.79717255
v -17.45474052 110.13395691 38.81544495
v -17.81332588 109.93138885 38.85331726
v -18.10135078 109.63964844 38.90786362
v -18.29657173 109.28125763 38.97486877
v -18.38391113 108.88388824 39.04916382
v -18.35662651 108.47824097 39.12500381
v -18.21681976 108.09563446 39.19653702
v -17.97529411 107.76562500 39.25823975
v -17.65069962 107.51370239 39.30533981
v -17.26810455 107.35930634 39.33420563
v -35.96810532 107.35930634 39.33420563
v -36.35070038 107.51370239 39.30533981
v -36.67529297 107.76562500 39.25823975
v -36.91682053 108.09563446 39.19653702
v -37.05662537 108.47824097 39.12500381
v -37.08391190 108.88388824 39.04916382
v -36.99657059 109.28125763 38.97486877
v -36.80134964 109.63964844 38.90786362
v -36.51332474 109.93138885 38.85331726
v -36.15473938 110.13395691 38.81544495
v -35.75329208 110.23168945 38.79717255
v -29.75329208 110.23168945 38.79717255
v -30.15474129 110.13395691 38.81544495
v -30.51332474 109.93138885 38.85331726
v -30.80134964 109.63964844 38.90786362
v -30.99657249 109.28125763 38.97486877
v -31.08391190 108.88388824 39.04916382
v -31.05662537 108.47824097 39.12500381
v -30.91682053 108.09563446 39.19653702
v -30.67529297 107.76562500 39.25823975
v -30.35069847 107.51370239 39.30533981
v -29.96810341 107.35930634 39.33420563
v -48.66810226 107.35930634 39.33420563
v -49.05069733 107.51370239 39.30533981
v -49.37529373 107.76562500 39.25823975
v -49.61682129 108.09563446 39.19653702
v -49.75662613 108.47824097 39.12500381
v -49.78391266 108.88388824 39.04916382
v -49.69657135 109.28125763 38.97486877
v -49.50135040 109.63964844 38.90786362
v -49.21332550 109.93138885 38.85331726
v -48.85474014 110.13395691 38.81544495
v -48.45329285 110.23168945 38.79717255
v -42.45329285 110.23168945 38.79717255
v -42.85474014 110.13395691 38.81544495
v -43.21332550 109.93138885 38.85331726
v -43.50135040 109.63964844 38.90786362
v -43.69657135 109.28125763 38.97486877
v -43.78391266 108.88388824 39.04916382
v -43.75662613 108.47824097 39.12500381
v -43.61682129 108.09563446 39.19653702
v -43.37529373 107.76562500 39.25823975
v -43.05069733 107.51370239 39.30533981
v -42.66810226 107.35930634 39.33420563
v -61.36810303 107.35930634 39.33420563
v -61.75069809 107.51370239 39.30533981
v -62.07529449 107.76562500 39.25823975
v -62.31682205 108.09563446 39.19653702
v -62.45662689 108.47824097 39.12500381
v -62.48391342 108.88388824 39.04916382
v -62.39657211 109.28125763 38.97486877
v -62.20135117 109.63964844 38.90786362
v -61.91332626 109.93138885 38.85331726
v -61.55474091 110.13395691 38.81544495
v -61.15328979 110.23168945 38.79717255
v -55.15328979 110.23168945 38.79717255
v -55.55474091 110.13395691 38.81544495
v -55.91332626 109.93138885 38.85331726
v -56.20135117 109.63964844 38.90786362
v -56.39657211 109.28125763 38.97486877
v -56.48391342 108.88388824 39.04916382
v -56.45662689 108.47824097 39.12500381
v -56.31682205 108.09563446 39.19653702
v -56.07529449 107.76562500 39.25823975
v -55.75069809 107.51370239 39.30533981
v -55.36810303 107.35930634 39.33420563
v -74.06810760 107.35930634 39.33420563
v -74.45069885 107.51370239 39.30533981
v -74.77529144 107.76562500 39.25823975
v -75.01682281 108.09563446 39.19653702
v -75.15662384 108.47824097 39.12500381
v -75.18391418 108.88388824 39.04916382
v -75.09657288 109.28125763 38.97486877
v -74.90135193 109.63964844 38.90786362
v -74.61332703 109.93138885 38.85331726
v -74.25473785 110.13395691 38.81544495
v -73.85329437 110.23168945 38.79717255
v -67.85329437 110.23168945 38.79717255
v -68.25473785 110.13395691 38.81544495
v -68.61332703 109.93138885 38.85331726
v -68.90135193 109.63964844 38.90786362
v -69.09657288 109.28125763 38.97486877
v -69.18391418 108.88388824 39.04916382
v -69.15662384 108.47824097 39.12500381
v -69.01682281 108.09563446 39.19653702
v -68.77529144 107.76562500 39.25823975
v -68.45069885 107.51370239 39.30533981
v -68.06810760 107.35930634 39.33420563
v -49.89971161 106.82402802 39.27854538
v -50.20872879 106.87213898 39.26955032
v -50.48749542 107.01175690 39.24344635
v -50.70872879 107.22922516 39.20278931
v -50.85076523 107.50324249 39.15155792
v -50.89971161 107.80699921 39.09476471
v -50.89971161 111.22078705 38.45650864
v -50.89971161 111.40496063 38.39464569
v -50.89971161 111.56503296 38.28454590
v -50.89971161 111.68867493 38.13468552
v -50.84970856 111.68867493 38.13468552
v -50.77131653 111.69821167 38.11868286
v -50.70720291 111.72142792 38.07501221
v -50.66480637 111.74880219 38.01090622
v -50.64971161 111.77210999 37.93468475
v -50.64971161 111.78321075 37.87985992
v -50.64971161 111.78990173 37.82432556
v -50.64971161 111.79213715 37.76843262
v -37.19971085 106.82402802 39.27854538
v -37.50872803 106.87213898 39.26955032
v -37.78749466 107.01175690 39.24344635
v -38.00872803 107.22922516 39.20278931
v -38.15076828 107.50324249 39.15155792
v -38.19971085 107.80699921 39.09476471
v -38.19971085 111.22078705 38.45650864
v -62.59970856 106.82402802 39.27854538
v -62.90872574 106.87213898 39.26955032
v -63.18749619 107.01175690 39.24344635
v -63.40872574 107.22922516 39.20278931
v -63.55076599 107.50324249 39.15155792
v -63.59970856 107.80699921 39.09476471
v -63.59970856 111.22078705 38.45650864
v -38.19971085 111.40496063 38.39464569
v -38.19971085 111.56503296 38.28454590
v -38.19971085 111.68867493 38.13468552
v -38.14971161 111.68867493 38.13468552
v -38.07131577 111.69821167 38.11868286
v -38.00720215 111.72142792 38.07501221
v -37.96480560 111.74880219 38.01090622
v -37.94971085 111.77210999 37.93468475
v -37.94971085 111.78321075 37.87985992
v -37.94971085 111.78990173 37.82432556
v -37.94971085 111.79213715 37.76843262
v -50.65192032 111.79213715 37.05504227
v -50.65026474 111.79213715 37.06982422
v -50.64971161 111.79213715 37.08468628
v -37.95191956 111.79213715 37.05504227
v -37.95026398 111.79213715 37.06982422
v -37.94971085 111.79213715 37.08468628
v -63.59970856 111.40496063 38.39464569
v -63.59970856 111.56503296 38.28454590
v -63.59970856 111.68867493 38.13468552
v -63.54970932 111.68867493 38.13468552
v -63.47131729 111.69821167 38.11868286
v -63.40720367 111.72142792 38.07501221
v -63.36480713 111.74880219 38.01090622
v -63.34970856 111.77210999 37.93468475
v -63.34970856 111.78321075 37.87985992
v -63.34970856 111.78990173 37.82432556
v -63.34970856 111.79213715 37.76843262
v -76.29971313 111.22078705 38.45650864
v -76.29971313 111.40496063 38.39464569
v -76.29971313 111.56503296 38.28454590
v -76.29971313 111.68867493 38.13468552
v -76.24971008 111.68867493 38.13468552
v -76.17131805 111.69821167 38.11868286
v -76.10720062 111.72142792 38.07501221
v -76.06480408 111.74880219 38.01090622
v -76.04971313 111.77210999 37.93468475
v -76.04971313 111.78321075 37.87985992
v -76.04971313 111.78990173 37.82432556
v -76.04971313 111.79213715 37.76843262
v -25.49971008 111.22078705 38.45650864
v -25.49971008 111.40496063 38.39464569
v -25.49971008 111.56503296 38.28454590
v -25.49971008 111.68867493 38.13468552
v -25.44971085 111.68867493 38.13468552
v -25.37131691 111.69821167 38.11868286
v -25.30720329 111.72142792 38.07501221
v -25.26480484 111.74880219 38.01090622
v -25.24971008 111.77210999 37.93468475
v -25.24971008 111.78321075 37.87985992
v -25.24971008 111.78990173 37.82432556
v -25.24971008 111.79213715 37.76843262
v -14.54971027 111.79213715 36.36081696
v -25.25191879 111.79213715 37.05504227
v -25.25026321 111.79213715 37.06982422
v -25.24971008 111.79213715 37.08468628
v -76.04971313 111.79213715 36.36081696
v -63.35192108 111.79213715 37.05504227
v -63.35026169 111.79213715 37.06982422
v -63.34970856 111.79213715 37.08468628
v -14.54971027 111.74850464 36.11753464
v -24.49971008 106.82402802 39.27854538
v -24.80872726 106.87213898 39.26955032
v -25.08749580 107.01175690 39.24344635
v -25.30872726 107.22922516 39.20278931
v -25.45076561 107.50324249 39.15155792
v -25.49971008 107.80699921 39.09476471
v -75.29971313 106.82402802 39.27854538
v -75.60872650 106.87213898 39.26955032
v -75.88749695 107.01175690 39.24344635
v -76.10872650 107.22922516 39.20278931
v -76.25076294 107.50324249 39.15155792
v -76.29971313 107.80699921 39.09476471
v -76.04971313 111.74850464 36.11753464
v -19.67470932 111.74850464 36.11753464
v -24.79970932 111.74850464 36.11753464
v -29.92470932 111.74850464 36.11753464
v -50.42470932 111.74850464 36.11753464
v -55.54970932 111.74850464 36.11753464
v -60.67470932 111.74850464 36.11753464
v -65.79971313 111.74850464 36.11753464
v -70.92471313 111.74850464 36.11753464
v -45.29970932 111.74850464 36.11753464
v -40.17470932 111.74850464 36.11753464
v -35.04970932 111.74850464 36.11753464
v -75.66036987 111.20903778 36.35427475
v -75.66036987 111.12222290 36.31883240
v -75.66036987 109.88686371 36.13089752
v -75.66036987 109.65290833 36.05116653
v -14.16036701 111.20903778 36.35427475
v -14.16036701 111.12222290 36.31883240
v -14.16036701 109.88686371 36.13089752
v -14.16036701 109.65290833 36.05116653
v -16.14423752 111.20903778 36.35427475
v -18.12810898 111.20903778 36.35427475
v -20.11198044 111.20903778 36.35427475
v -24.07972145 111.20903778 36.35427475
v -26.06359291 111.20903778 36.35427475
v -28.04746437 111.20903778 36.35427475
v -30.03133392 111.20903778 36.35427475
v -33.99907684 111.20903778 36.35427475
v -35.98294830 111.20903778 36.35427475
v -37.96681976 111.20903778 36.35427475
v -39.95068741 111.20903778 36.35427475
v -45.90230179 111.20903778 36.35427475
v -47.88617325 111.20903778 36.35427475
v -49.87004471 111.20903778 36.35427475
v -51.85391617 111.20903778 36.35427475
v -55.82165527 111.20903778 36.35427475
v -57.80552673 111.20903778 36.35427475
v -59.78939819 111.20903778 36.35427475
v -61.77326965 111.20903778 36.35427475
v -65.74101257 111.20903778 36.35427475
v -67.72488403 111.20903778 36.35427475
v -69.70875549 111.20903778 36.35427475
v -71.69262695 111.20903778 36.35427475
v -73.67649841 111.20903778 36.35427475
v -43.91843033 111.20903778 36.35427475
v -22.09584999 111.20903778 36.35427475
v -32.01520538 111.20903778 36.35427475
v -41.93455887 111.20903778 36.35427475
v -53.83778763 111.20903778 36.35427475
v -63.75714111 111.20903778 36.35427475
v -34.66036606 109.65290833 36.05116653
v -39.78536606 109.65290833 36.05116653
v -44.91036606 109.65290833 36.05116653
v -50.03536606 109.65290833 36.05116653
v -55.16036606 109.65290833 36.05116653
v -70.53536987 109.65290833 36.05116653
v -65.41036987 109.65290833 36.05116653
v -60.28536606 109.65290833 36.05116653
v -19.28536606 109.65290833 36.05116653
v -24.41036606 109.65290833 36.05116653
v -29.53536606 109.65290833 36.05116653
v -75.66036987 111.27015686 36.42539597
v -75.66036987 111.20903778 36.35427475
v -14.16036701 111.27015686 36.42539597
v -14.16036701 111.20903778 36.35427475
v -16.14423752 111.20903778 36.35427475
v -18.12810898 111.20903778 36.35427475
v -20.11198044 111.20903778 36.35427475
v -20.11198044 111.27015686 36.42539597
v -22.09584999 111.27015686 36.42539597
v -24.07972145 111.27015686 36.42539597
v -26.06359291 111.27015686 36.42539597
v -24.07972145 111.20903778 36.35427475
v -26.06359291 111.20903778 36.35427475
v -28.04746437 111.20903778 36.35427475
v -30.03133392 111.20903778 36.35427475
v -30.03133392 111.27015686 36.42539597
v -32.01520538 111.27015686 36.42539597
v -33.99907684 111.27015686 36.42539597
v -35.98294830 111.27015686 36.42539597
v -33.99907684 111.20903778 36.35427475
v -35.98294830 111.20903778 36.35427475
v -37.96681976 111.20903778 36.35427475
v -39.95068741 111.20903778 36.35427475
v -39.95068741 111.27015686 36.42539597
v -41.93455887 111.27015686 36.42539597
v -43.91843033 111.27015686 36.42539597
v -45.90230179 111.27015686 36.42539597
v -47.88617325 111.27015686 36.42539597
v -45.90230179 111.20903778 36.35427475
v -47.88617325 111.20903778 36.35427475
v -49.87004471 111.20903778 36.35427475
v -51.85391617 111.20903778 36.35427475
v -51.85391617 111.27015686 36.42539597
v -53.83778763 111.27015686 36.42539597
v -55.82165527 111.27015686 36.42539597
v -57.80552673 111.27015686 36.42539597
v -55.82165527 111.20903778 36.35427475
v -57.80552673 111.20903778 36.35427475
v -59.78939819 111.20903778 36.35427475
v -61.77326965 111.20903778 36.35427475
v -61.77326965 111.27015686 36.42539597
v -63.75714111 111.27015686 36.42539597
v -65.74101257 111.27015686 36.42539597
v -67.72488403 111.27015686 36.42539597
v -65.74101257 111.20903778 36.35427475
v -67.72488403 111.20903778 36.35427475
v -69.70875549 111.20903778 36.35427475
v -71.69262695 111.20903778 36.35427475
v -71.69262695 111.27015686 36.42539597
v -73.67649841 111.27015686 36.42539597
v -16.14423752 111.27015686 36.42539597
v -73.67649841 111.20903778 36.35427475
v -43.91843033 111.20903778 36.35427475
v -18.12810898 111.27015686 36.42539597
v -22.09584999 111.20903778 36.35427475
v -28.04746437 111.27015686 36.42539597
v -32.01520538 111.20903778 36.35427475
v -37.96681976 111.27015686 36.42539597
v -41.93455887 111.20903778 36.35427475
v -49.87004471 111.27015686 36.42539597
v -53.83778763 111.20903778 36.35427475
v -59.78939819 111.27015686 36.42539597
v -63.75714111 111.20903778 36.35427475
v -69.70875549 111.27015686 36.42539597
v -75.66036987 109.46124268 35.89509583
v -75.66036987 109.33577728 35.68214417
v -14.16036701 109.46124268 35.89509583
v -14.16036701 109.33577728 35.68214417
v -19.28536606 109.33577728 35.68214417
v -24.41036606 109.33577728 35.68214417
v -29.53536606 109.33577728 35.68214417
v -29.53536606 109.46124268 35.89509583
v -34.66036606 109.46124268 35.89509583
v -50.03536606 109.46124268 35.89509583
v -55.16036606 109.46124268 35.89509583
v -50.03536606 109.33577728 35.68214417
v -55.16036606 109.33577728 35.68214417
v -60.28536606 109.33577728 35.68214417
v -65.41036987 109.33577728 35.68214417
v -65.41036987 109.46124268 35.89509583
v -70.53536987 109.46124268 35.89509583
v -60.28536606 109.46124268 35.89509583
v -19.28536606 109.46124268 35.89509583
v -70.53536987 109.33577728 35.68214417
v -44.91036606 109.33577728 35.68214417
v -39.78536606 109.33577728 35.68214417
v -34.66036606 109.33577728 35.68214417
v -39.78536606 109.46124268 35.89509583
v -24.41036606 109.46124268 35.89509583
v -44.91036606 109.46124268 35.89509583
v -75.66036987 109.65290833 36.05116653
v -75.66036987 109.46124268 35.89509583
v -14.16036701 109.65290833 36.05116653
v -14.16036701 109.46124268 35.89509583
v -29.53536606 109.46124268 35.89509583
v -34.66036606 109.46124268 35.89509583
v -34.66036606 109.65290833 36.05116653
v -39.78536606 109.65290833 36.05116653
v -44.91036606 109.65290833 36.05116653
v -50.03536606 109.65290833 36.05116653
v -55.16036606 109.65290833 36.05116653
v -50.03536606 109.46124268 35.89509583
v -55.16036606 109.46124268 35.89509583
v -65.41036987 109.46124268 35.89509583
v -70.53536987 109.46124268 35.89509583
v -70.53536987 109.65290833 36.05116653
v -65.41036987 109.65290833 36.05116653
v -60.28536606 109.65290833 36.05116653
v -60.28536606 109.46124268 35.89509583
v -19.28536606 109.46124268 35.89509583
v -19.28536606 109.65290833 36.05116653
v -39.78536606 109.46124268 35.89509583
v -24.41036606 109.46124268 35.89509583
v -24.41036606 109.65290833 36.05116653
v -44.91036606 109.46124268 35.89509583
v -29.53536606 109.65290833 36.05116653
v -39.75225830 107.46440887 24.56629372
v -39.72317886 107.56714630 24.58550072
v -39.70559311 107.67237854 24.60517502
v -39.69971085 107.77886200 24.62508392
v -39.69971085 111.22078705 25.26860046
v -39.69971085 111.34284973 25.30311394
v -39.69971085 111.45667267 25.35908890
v -39.69971085 111.55853271 25.43468666
v -39.69971085 111.22078705 25.11286354
v -39.69971085 107.80699921 24.47460747
v -39.70206451 107.73958588 24.46200371
v -39.70911789 107.67248535 24.44945908
v -39.72083282 107.60601807 24.43703270
v -39.72914124 107.55763245 24.49797058
v -39.73818588 107.51538086 24.53950691
v -39.69971085 111.40496063 25.17472649
v -39.69971085 111.56503296 25.28482819
v -39.69971085 111.68867493 25.43468666
v -52.45225906 107.46440887 24.56629372
v -52.42317963 107.56714630 24.58550072
v -52.40559387 107.67237854 24.60517502
v -52.39971161 107.77886200 24.62508392
v -52.39971161 111.22078705 25.26860046
v -52.39971161 111.34284973 25.30311394
v -52.39971161 111.45667267 25.35908890
v -52.39971161 111.55853271 25.43468666
v -52.39971161 111.22078705 25.11286354
v -52.39971161 107.80699921 24.47460747
v -52.40206528 107.73958588 24.46200371
v -52.40911865 107.67248535 24.44945908
v -52.42083359 107.60601807 24.43703270
v -52.42914200 107.55763245 24.49797058
v -52.43818665 107.51538086 24.53950691
v -52.39971161 111.40496063 25.17472649
v -52.39971161 111.56503296 25.28482819
v -52.39971161 111.68867493 25.43468666
v -39.47436523 107.26761627 24.52949905
v -39.41786194 107.35871124 24.57383537
v -39.37306595 107.46440887 24.56629372
v -39.75225830 107.46440887 24.56629372
v -39.84561157 107.26761627 24.52949905
v -52.17436600 107.26761627 24.52949905
v -52.11786270 107.35871124 24.57383537
v -52.07306671 107.46440887 24.56629372
v -52.45225906 107.46440887 24.56629372
v -26.77436638 107.26761627 24.52949905
v -26.71786118 107.35871124 24.57383537
v -26.67306519 107.46440887 24.56629372
v -27.05225945 107.46440887 24.56629372
v -27.14560890 107.26761627 24.52949905
v -64.87436676 107.26761627 24.52949905
v -65.24561310 107.26761627 24.52949905
v -65.15225983 107.46440887 24.56629372
v -64.77306366 107.46440887 24.56629372
v -14.07436657 107.26761627 24.52949905
v -14.44561005 107.26761627 24.52949905
v -72.34122467 109.68016052 24.18401527
v -72.22785950 109.42286682 24.05633736
v -72.17768860 109.18584442 23.96297455
v -72.14926910 108.93508148 23.91108704
v -72.52910614 109.89968109 24.29294586
v -72.77706146 110.06453705 24.37475204
v -73.06602478 110.16206360 24.42314720
v -73.37377930 110.18475342 24.43440628
v -72.15478516 108.43588257 23.93498802
v -72.14181519 108.68566895 23.90167618
v -72.32061005 107.77050781 24.26931381
v -72.24506378 107.96543121 24.12574768
v -72.41789246 107.60601807 24.43703270
v -72.18901062 108.19084167 24.01058578
v -59.64122391 109.68016052 24.18401527
v -59.52785873 109.42286682 24.05633736
v -59.47768402 109.18584442 23.96297455
v -59.44926453 108.93508148 23.91108704
v -59.82910538 109.89968109 24.29294586
v -60.07706070 110.06453705 24.37475204
v -60.36602783 110.16206360 24.42314720
v -60.67377853 110.18475342 24.43440628
v -59.45478821 108.43588257 23.93498802
v -59.44181824 108.68566895 23.90167618
v -59.62060928 107.77050781 24.26931381
v -59.54506302 107.96543121 24.12574768
v -59.71789169 107.60601807 24.43703270
v -59.48901367 108.19084167 24.01058578
v -46.94122314 109.68016052 24.18401527
v -46.82786179 109.42286682 24.05633736
v -46.77768326 109.18584442 23.96297455
v -46.74926758 108.93508148 23.91108704
v -47.12910461 109.89968109 24.29294586
v -47.37705994 110.06453705 24.37475204
v -47.66602707 110.16206360 24.42314720
v -47.97377777 110.18475342 24.43440628
v -46.75478745 108.43588257 23.93498802
v -46.74181747 108.68566895 23.90167618
v -46.92060852 107.77050781 24.26931381
v -46.84506607 107.96543121 24.12574768
v -47.01789093 107.60601807 24.43703270
v -46.78901291 108.19084167 24.01058578
v -34.24122238 109.68016052 24.18401527
v -34.12786102 109.42286682 24.05633736
v -34.07768631 109.18584442 23.96297455
v -34.04926682 108.93508148 23.91108704
v -34.42910385 109.89968109 24.29294586
v -34.67706299 110.06453705 24.37475204
v -34.96602631 110.16206360 24.42314720
v -35.27377701 110.18475342 24.43440628
v -34.05478668 108.43588257 23.93498802
v -34.04181671 108.68566895 23.90167618
v -34.22060776 107.77050781 24.26931381
v -34.14506531 107.96543121 24.12574768
v -34.31789398 107.60601807 24.43703270
v -34.08901215 108.19084167 24.01058578
v -21.54122162 109.68016052 24.18401527
v -21.42786026 109.42286682 24.05633736
v -21.37768555 109.18584442 23.96297455
v -21.34926605 108.93508148 23.91108704
v -21.72910500 109.89968109 24.29294586
v -21.97706223 110.06453705 24.37475204
v -22.26602554 110.16206360 24.42314720
v -22.57377815 110.18475342 24.43440628
v -21.35478783 108.43588257 23.93498802
v -21.34181786 108.68566895 23.90167618
v -21.52060890 107.77050781 24.26931381
v -21.44506454 107.96543121 24.12574768
v -21.61789322 107.60601807 24.43703270
v -21.38901329 108.19084167 24.01058578
v -66.34122467 109.68016052 24.18401527
v -66.22785950 109.42286682 24.05633736
v -66.17768860 109.18584442 23.96297455
v -66.14926910 108.93508148 23.91108704
v -66.52910614 109.89968109 24.29294586
v -66.77706146 110.06453705 24.37475204
v -67.06602478 110.16206360 24.42314720
v -67.37377930 110.18475342 24.43440628
v -66.15478516 108.43588257 23.93498802
v -66.14181519 108.68566895 23.90167618
v -66.32061005 107.77050781 24.26931381
v -66.24506378 107.96543121 24.12574768
v -66.41789246 107.60601807 24.43703270
v -66.18901062 108.19084167 24.01058578
v -53.64122391 109.68016052 24.18401527
v -53.52785873 109.42286682 24.05633736
v -53.47768402 109.18584442 23.96297455
v -53.44926453 108.93508148 23.91108704
v -53.82910538 109.89968109 24.29294586
v -54.07706070 110.06453705 24.37475204
v -54.36602783 110.16206360 24.42314720
v -54.67377853 110.18475342 24.43440628
v -53.45478821 108.43588257 23.93498802
v -53.44181824 108.68566895 23.90167618
v -53.62060928 107.77050781 24.26931381
v -53.54506302 107.96543121 24.12574768
v -53.71789169 107.60601807 24.43703270
v -53.48901367 108.19084167 24.01058578
v -40.94122314 109.68016052 24.18401527
v -40.82786179 109.42286682 24.05633736
v -40.77768326 109.18584442 23.96297455
v -40.74926758 108.93508148 23.91108704
v -41.12910461 109.89968109 24.29294586
v -41.37705994 110.06453705 24.37475204
v -41.66602707 110.16206360 24.42314720
v -41.97377777 110.18475342 24.43440628
v -40.75478745 108.43588257 23.93498802
v -40.74181747 108.68566895 23.90167618
v -40.92060852 107.77050781 24.26931381
v -40.84506607 107.96543121 24.12574768
v -41.01789093 107.60601807 24.43703270
v -40.78901291 108.19084167 24.01058578
v -28.24122238 109.68016052 24.18401527
v -28.12786102 109.42286682 24.05633736
v -28.07768440 109.18584442 23.96297455
v -28.04926682 108.93508148 23.91108704
v -28.42910576 109.89968109 24.29294586
v -28.67706108 110.06453705 24.37475204
v -28.96602631 110.16206360 24.42314720
v -29.27377892 110.18475342 24.43440628
v -28.05478668 108.43588257 23.93498802
v -28.04181671 108.68566895 23.90167618
v -28.22060966 107.77050781 24.26931381
v -28.14506531 107.96543121 24.12574768
v -28.31789207 107.60601807 24.43703270
v -28.08901405 108.19084167 24.01058578
v -15.54122257 109.68016052 24.18401527
v -15.42786026 109.42286682 24.05633736
v -15.37768555 109.18584442 23.96297455
v -15.34926605 108.93508148 23.91108704
v -15.72910500 109.89968109 24.29294586
v -15.97706223 110.06453705 24.37475204
v -16.26602554 110.16206360 24.42314720
v -16.57377815 110.18475342 24.43440628
v -15.35478783 108.43588257 23.93498802
v -15.34181690 108.68566895 23.90167618
v -15.52060986 107.77050781 24.26931381
v -15.44506454 107.96543121 24.12574768
v -15.61789227 107.60601807 24.43703270
v -15.38901329 108.19084167 24.01058578
v -64.81786346 107.35871124 24.57383537
v -14.01786232 107.35871124 24.57383537
v -13.97306633 107.46440887 24.56629372
v -52.54560852 107.26761627 24.52949905
v -14.35225868 107.46440887 24.56629372
v -73.75373840 110.22322845 24.45350075
v -74.12843323 110.15490723 24.41959763
v -74.72010803 109.73423767 24.21084976
v -74.87944794 109.42286682 24.05633736
v -74.46137238 109.98644257 24.33600044
v -74.93753052 109.18554688 23.96284485
v -74.97006226 108.93314362 23.91082954
v -74.97779083 108.68218994 23.90186119
v -74.96128082 108.43015289 23.93620300
v -74.91950989 108.18419647 24.01332855
v -74.76409149 107.77016449 24.26955986
v -74.64728546 107.60601807 24.43703270
v -74.85247803 107.96035767 24.12886429
v -61.05373764 110.22322845 24.45350075
v -61.42843628 110.15490723 24.41959763
v -62.02011108 109.73423767 24.21084976
v -62.17945099 109.42286682 24.05633736
v -61.76137161 109.98644257 24.33600044
v -62.23752975 109.18554688 23.96284485
v -62.27006531 108.93314362 23.91082954
v -62.27779388 108.68218994 23.90186119
v -62.26128006 108.43015289 23.93620300
v -62.21951294 108.18419647 24.01332855
v -62.06409073 107.77016449 24.26955986
v -61.94728851 107.60601807 24.43703270
v -62.15247726 107.96035767 24.12886429
v -48.35374069 110.22322845 24.45350075
v -48.72843552 110.15490723 24.41959763
v -49.32011032 109.73423767 24.21084976
v -49.47945023 109.42286682 24.05633736
v -49.06137085 109.98644257 24.33600044
v -49.53752899 109.18554688 23.96284485
v -49.57006454 108.93314362 23.91082954
v -49.57779312 108.68218994 23.90186119
v -49.56127930 108.43015289 23.93620300
v -49.51951218 108.18419647 24.01332855
v -49.36408997 107.77016449 24.26955986
v -49.24728775 107.60601807 24.43703270
v -49.45247650 107.96035767 24.12886429
v -35.65373993 110.22322845 24.45350075
v -36.02843857 110.15490723 24.41959763
v -36.62010956 109.73423767 24.21084976
v -36.77944946 109.42286682 24.05633736
v -36.36137009 109.98644257 24.33600044
v -36.83752823 109.18554688 23.96284485
v -36.87006378 108.93314362 23.91082954
v -36.87779236 108.68218994 23.90186119
v -36.86127853 108.43015289 23.93620300
v -36.81951141 108.18419647 24.01332855
v -36.66409302 107.77016449 24.26955986
v -36.54728699 107.60601807 24.43703270
v -36.75247955 107.96035767 24.12886429
v -22.95373917 110.22322845 24.45350075
v -23.32843590 110.15490723 24.41959763
v -23.92011070 109.73423767 24.21084976
v -24.07945061 109.42286682 24.05633736
v -23.66137123 109.98644257 24.33600044
v -24.13752937 109.18554688 23.96284485
v -24.17006493 108.93314362 23.91082954
v -24.17779160 108.68218994 23.90186119
v -24.16127968 108.43015289 23.93620300
v -24.11951256 108.18419647 24.01332855
v -23.96409225 107.77016449 24.26955986
v -23.84728622 107.60601807 24.43703270
v -24.05247688 107.96035767 24.12886429
v -68.64728546 107.60601807 24.43703270
v -76.27858734 107.60601807 24.43703270
v -65.12083435 107.60601807 24.43703270
v -67.75373840 110.22322845 24.45350075
v -68.12843323 110.15490723 24.41959763
v -68.72010803 109.73423767 24.21084976
v -68.87944794 109.42286682 24.05633736
v -68.46137238 109.98644257 24.33600044
v -68.93753052 109.18554688 23.96284485
v -68.97006226 108.93314362 23.91082954
v -68.97779083 108.68218994 23.90186119
v -68.96128082 108.43015289 23.93620300
v -68.91950989 108.18419647 24.01332855
v -68.76409149 107.77016449 24.26955986
v -68.85247803 107.96035767 24.12886429
v -55.94728851 107.60601807 24.43703270
v -63.57858658 107.60601807 24.43703270
v -52.42083359 107.60601807 24.43703270
v -55.05373764 110.22322845 24.45350075
v -55.42843628 110.15490723 24.41959763
v -56.02011108 109.73423767 24.21084976
v -56.17945099 109.42286682 24.05633736
v -55.76137161 109.98644257 24.33600044
v -56.23752975 109.18554688 23.96284485
v -56.27006531 108.93314362 23.91082954
v -56.27779388 108.68218994 23.90186119
v -56.26128006 108.43015289 23.93620300
v -56.21951294 108.18419647 24.01332855
v -56.06409073 107.77016449 24.26955986
v -56.15247726 107.96035767 24.12886429
v -43.24728775 107.60601807 24.43703270
v -50.87858582 107.60601807 24.43703270
v -39.72083282 107.60601807 24.43703270
v -42.35374069 110.22322845 24.45350075
v -42.72843552 110.15490723 24.41959763
v -43.32011032 109.73423767 24.21084976
v -43.47945023 109.42286682 24.05633736
v -43.06137085 109.98644257 24.33600044
v -43.53752899 109.18554688 23.96284485
v -43.57006454 108.93314362 23.91082954
v -43.57779312 108.68218994 23.90186119
v -43.56127930 108.43015289 23.93620300
v -43.51951218 108.18419647 24.01332855
v -43.36408997 107.77016449 24.26955986
v -43.45247650 107.96035767 24.12886429
v -30.54728699 107.60601807 24.43703270
v -38.17858505 107.60601807 24.43703270
v -27.02083397 107.60601807 24.43703270
v -29.65373993 110.22322845 24.45350075
v -30.02843666 110.15490723 24.41959763
v -30.62011147 109.73423767 24.21084976
v -30.77945137 109.42286682 24.05633736
v -30.36137199 109.98644257 24.33600044
v -30.83753014 109.18554688 23.96284485
v -30.87006569 108.93314362 23.91082954
v -30.87779236 108.68218994 23.90186119
v -30.86127853 108.43015289 23.93620300
v -30.81951141 108.18419647 24.01332855
v -30.66409111 107.77016449 24.26955986
v -30.75247765 107.96035767 24.12886429
v -17.84728622 107.60601807 24.43703270
v -25.47858620 107.60601807 24.43703270
v -14.32083511 107.60601807 24.43703270
v -16.95373917 110.22322845 24.45350075
v -17.32843590 110.15490723 24.41959763
v -17.92011070 109.73423767 24.21084976
v -18.07945061 109.42286682 24.05633736
v -17.66137123 109.98644257 24.33600044
v -18.13752937 109.18554688 23.96284485
v -18.17006493 108.93314362 23.91082954
v -18.17779160 108.68218994 23.90186119
v -18.16127968 108.43015289 23.93620300
v -18.11951256 108.18419647 24.01332855
v -17.96409225 107.77016449 24.26955986
v -18.05247688 107.96035767 24.12886429
v -39.72914124 107.55763245 24.49797058
v -39.73818588 107.51538086 24.53950691
v -39.84727478 107.26522827 24.52742195
v -40.06840897 107.04467010 24.33207893
v -52.42914200 107.55763245 24.49797058
v -52.43818665 107.51538086 24.53950691
v -52.54727554 107.26522827 24.52742195
v -52.76840973 107.04467010 24.33207893
v -65.13817596 107.51541901 24.53948212
v -63.55547714 107.49302673 24.55354881
v -63.52897644 107.41207123 24.57715988
v -63.49358749 107.33367157 24.56708336
v -63.45214462 107.26522827 24.52742195
v -65.24727631 107.26522827 24.52742195
v -63.57027817 107.55763245 24.49797058
v -65.12914276 107.55763245 24.49797058
v -27.02914238 107.55763245 24.49797058
v -27.03818703 107.51538086 24.53950691
v -27.14727402 107.26522827 24.52742195
v -27.36841011 107.04467010 24.33207893
v -14.33818722 107.51538086 24.53950691
v -12.87298107 107.49598694 24.55195618
v -14.32914162 107.55763245 24.49797058
v -11.29868793 107.49598694 24.55195618
v -9.72439480 107.49598694 24.55195618
v -9.72439480 107.41787720 24.57669258
v -8.15010166 107.41787720 24.57669258
v -8.15010166 107.33639526 24.56803131
v -6.57580853 107.33639526 24.56803131
v -5.00151539 107.26522827 24.52742195
v -5.00151539 107.33639526 24.56803131
v -12.87298107 107.41787720 24.57669258
v -12.87298107 107.33639526 24.56803131
v -11.29868793 107.33639526 24.56803131
v -9.72439480 107.33639526 24.56803131
v -11.29868793 107.41787720 24.57669258
v -14.44727516 107.26522827 24.52742195
v -6.57580853 107.41787720 24.57669258
v -5.00151539 107.41787720 24.57669258
v -6.57580853 107.49598694 24.55195618
v -5.00151539 107.49598694 24.55195618
v -5.00151539 107.55763245 24.49797058
v -8.15010166 107.49598694 24.55195618
v -65.46840668 107.04467010 24.33207893
v -14.66840935 107.04467010 24.33207893
v -105.07941437 111.08961487 24.88342476
v -105.13089752 110.65836334 24.66942406
v -104.99503326 111.49928284 25.08671188
v -5.00151539 111.87723541 25.27426147
v -104.87982941 111.87723541 25.27426147
v -5.00151539 109.42286682 24.05633736
v -105.14819336 110.21617889 24.45000076
v -105.14819336 109.42286682 24.05633736
v -10.30970383 109.02963257 23.92514992
v -10.30970383 108.61550903 23.90660286
v -10.30970383 108.21212769 24.00211334
v -10.30970383 107.85028839 24.20438385
v -5.00151539 107.85028839 24.20438385
v -5.00151539 108.21212769 24.00211334
v -5.00151539 108.61550903 23.90660286
v -5.00151539 109.02963257 23.92514992
v -25.47027779 107.55763245 24.49797058
v -38.17027664 107.55763245 24.49797058
v -50.87027740 107.55763245 24.49797058
v -25.35214615 107.26522827 24.52742195
v -25.39353180 107.33356476 24.56704712
v -25.42893219 107.41195679 24.57716560
v -25.45545959 107.49296570 24.55357552
v -38.05214691 107.26522827 24.52742195
v -38.09358597 107.33367157 24.56708336
v -38.12897873 107.41207123 24.57715988
v -38.15547562 107.49302673 24.55354881
v -50.75214386 107.26522827 24.52742195
v -50.79358673 107.33367157 24.56708336
v -50.82897949 107.41207123 24.57715988
v -50.85547638 107.49302673 24.55354881
v -82.27251434 107.85028839 24.20438385
v -76.27027893 107.55763245 24.49797058
v -89.89774323 107.85028839 24.20438385
v -104.93194580 107.66271210 24.37313461
v -97.52297211 107.85028839 24.20438385
v -105.05453491 107.80898285 24.23703194
v -105.12495422 107.98406219 24.11401939
v -97.52297211 108.21212769 24.00211334
v -105.14819336 108.19022369 24.01083565
v -105.14819336 108.59986877 23.90815926
v -97.52297211 108.61550903 23.90660286
v -105.14819336 109.02190399 23.92373657
v -97.52297211 109.02963257 23.92514992
v -89.89774323 109.02963257 23.92514992
v -82.27251434 109.02963257 23.92514992
v -82.27251434 108.61550903 23.90660286
v -82.27251434 108.21212769 24.00211334
v -104.76884460 107.55763245 24.49797058
v -89.89774323 108.21212769 24.00211334
v -89.89774323 108.61550903 23.90660286
v -104.59411621 106.45349121 23.66757965
v -104.62649536 107.48409271 24.55843353
v -104.73460388 106.49155426 23.58842659
v -104.90590668 106.59334564 23.46806908
v -105.03869629 106.73012543 23.32509232
v -105.12126160 106.89847565 23.17326164
v -105.14819336 107.08368683 23.03082085
v -104.47071075 107.40253448 24.57764626
v -104.45014191 106.45004272 23.74292183
v -104.14819336 107.26522827 24.52742195
v -104.14819336 106.51512146 23.86308479
v -76.19358826 107.33367157 24.56708336
v -77.83547974 107.33639526 24.56803131
v -76.15214539 107.26522827 24.52742195
v -79.51881409 107.33639526 24.56803131
v -81.20214844 107.33639526 24.56803131
v -81.20214844 107.41787720 24.57669258
v -82.88548279 107.41787720 24.57669258
v -82.88548279 107.49598694 24.55195618
v -84.56882477 107.49598694 24.55195618
v -86.25215912 107.49598694 24.55195618
v -87.93549347 107.49598694 24.55195618
v -86.25215912 107.41787720 24.57669258
v -87.93549347 107.41787720 24.57669258
v -86.25215912 107.33639526 24.56803131
v -87.93549347 107.33639526 24.56803131
v -89.61882782 107.33639526 24.56803131
v -91.30216217 107.33639526 24.56803131
v -92.98549652 107.33639526 24.56803131
v -92.98549652 107.41787720 24.57669258
v -94.66883087 107.41787720 24.57669258
v -94.66883087 107.49598694 24.55195618
v -96.35216522 107.49598694 24.55195618
v -98.03550720 107.49598694 24.55195618
v -99.71884155 107.49598694 24.55195618
v -98.03550720 107.41787720 24.57669258
v -99.71884155 107.41787720 24.57669258
v -98.03550720 107.33639526 24.56803131
v -99.71884155 107.33639526 24.56803131
v -101.40217590 107.33639526 24.56803131
v -103.08551025 107.33639526 24.56803131
v -103.08551025 107.41787720 24.57669258
v -103.08551025 107.49598694 24.55195618
v -101.40217590 107.49598694 24.55195618
v -76.22898102 107.41207123 24.57715988
v -77.83547974 107.41787720 24.57669258
v -79.51881409 107.41787720 24.57669258
v -79.51881409 107.49598694 24.55195618
v -81.20214844 107.49598694 24.55195618
v -76.25547791 107.49302673 24.55354881
v -77.83547974 107.49598694 24.55195618
v -91.30216217 107.49598694 24.55195618
v -89.61882782 107.49598694 24.55195618
v -82.88548279 107.33639526 24.56803131
v -84.56882477 107.33639526 24.56803131
v -84.56882477 107.41787720 24.57669258
v -89.61882782 107.41787720 24.57669258
v -91.30216217 107.41787720 24.57669258
v -94.66883087 107.33639526 24.56803131
v -96.35216522 107.33639526 24.56803131
v -96.35216522 107.41787720 24.57669258
v -101.40217590 107.41787720 24.57669258
v -92.98549652 107.49598694 24.55195618
v -75.93100739 107.04467010 24.33207893
v -63.23101044 107.04467010 24.33207893
v -5.00151539 106.51512146 23.86308479
v -50.53100967 107.04467010 24.33207893
v -37.83100891 107.04467010 24.33207893
v -25.13101006 107.04467010 24.33207893
v -105.14819336 113.04037476 24.45000076
v -105.14819336 112.88090515 24.28176880
v -105.14819336 112.69943237 24.13754654
v -105.14819336 112.49954224 24.02017593
v -105.14819336 110.04518127 22.80225372
v -105.14819336 107.53279877 22.77064133
v -105.14819336 109.56145477 22.61407089
v -105.14819336 108.02110291 22.59468842
v -105.14819336 109.05194092 22.51512909
v -105.14819336 108.53294373 22.50859833
v -5.00151539 111.95069885 25.32961273
v -6.95991373 111.95069885 25.32961273
v -8.91831207 111.95069885 25.32961273
v -10.87670994 111.95069885 25.32961273
v -10.87670994 111.99918365 25.40778732
v -12.83510876 111.99918365 25.40778732
v -5.00151539 112.01610565 25.49820518
v -14.79350662 111.99918365 25.40778732
v -16.75190544 111.99918365 25.40778732
v -14.79350662 111.95069885 25.32961273
v -16.75190544 111.95069885 25.32961273
v -18.71030426 111.95069885 25.32961273
v -20.66870117 111.95069885 25.32961273
v -20.66870117 111.99918365 25.40778732
v -22.62709999 111.99918365 25.40778732
v -24.58549881 111.99918365 25.40778732
v -26.54389572 111.99918365 25.40778732
v -24.58549881 111.95069885 25.32961273
v -26.54389572 111.95069885 25.32961273
v -28.50229454 111.95069885 25.32961273
v -30.46069336 111.95069885 25.32961273
v -30.46069336 111.99918365 25.40778732
v -32.41909027 111.99918365 25.40778732
v -34.37749100 111.99918365 25.40778732
v -36.33588791 111.99918365 25.40778732
v -34.37749100 111.95069885 25.32961273
v -36.33588791 111.95069885 25.32961273
v -38.29428482 111.95069885 25.32961273
v -40.25268555 111.95069885 25.32961273
v -40.25268555 111.99918365 25.40778732
v -42.21108246 111.99918365 25.40778732
v -44.16948318 111.99918365 25.40778732
v -46.12788010 111.99918365 25.40778732
v -44.16948318 111.95069885 25.32961273
v -46.12788010 111.95069885 25.32961273
v -48.08627701 111.95069885 25.32961273
v -50.04467773 111.95069885 25.32961273
v -50.04467773 111.99918365 25.40778732
v -52.00307465 111.99918365 25.40778732
v -53.96147156 111.99918365 25.40778732
v -104.67623901 112.01610565 25.49820518
v -55.91987228 111.99918365 25.40778732
v -57.87826920 111.99918365 25.40778732
v -55.91987228 111.95069885 25.32961273
v -57.87826920 111.95069885 25.32961273
v -59.83666611 111.95069885 25.32961273
v -61.79506683 111.95069885 25.32961273
v -61.79506683 111.99918365 25.40778732
v -63.75346375 111.99918365 25.40778732
v -65.71186066 111.99918365 25.40778732
v -67.67025757 111.99918365 25.40778732
v -65.71186066 111.95069885 25.32961273
v -67.67025757 111.95069885 25.32961273
v -69.62866211 111.95069885 25.32961273
v -71.58705902 111.95069885 25.32961273
v -71.58705902 111.99918365 25.40778732
v -73.54545593 111.99918365 25.40778732
v -75.50385284 111.99918365 25.40778732
v -77.46224976 111.99918365 25.40778732
v -75.50385284 111.95069885 25.32961273
v -77.46224976 111.95069885 25.32961273
v -104.84510803 111.94137573 25.31993675
v -6.95991373 111.99918365 25.40778732
v -5.00151539 111.99918365 25.40778732
v -104.79762268 111.98449707 25.37663841
v -102.92143250 111.99918365 25.40778732
v -100.96303558 111.99918365 25.40778732
v -99.00463104 111.99918365 25.40778732
v -99.00463104 111.95069885 25.32961273
v -97.04623413 111.95069885 25.32961273
v -95.08783722 111.95069885 25.32961273
v -93.12944031 111.95069885 25.32961273
v -95.08783722 111.99918365 25.40778732
v -93.12944031 111.99918365 25.40778732
v -91.17104340 111.99918365 25.40778732
v -89.21263885 111.99918365 25.40778732
v -89.21263885 111.95069885 25.32961273
v -87.25424194 111.95069885 25.32961273
v -85.29584503 111.95069885 25.32961273
v -83.33744812 111.95069885 25.32961273
v -85.29584503 111.99918365 25.40778732
v -83.33744812 111.99918365 25.40778732
v -81.37905121 111.99918365 25.40778732
v -79.42065430 111.99918365 25.40778732
v -79.42065430 111.95069885 25.32961273
v -102.92143250 111.95069885 25.32961273
v -100.96303558 111.95069885 25.32961273
v -8.91831207 111.99918365 25.40778732
v -12.83510876 111.95069885 25.32961273
v -18.71030426 111.99918365 25.40778732
v -22.62709999 111.95069885 25.32961273
v -28.50229454 111.99918365 25.40778732
v -32.41909027 111.95069885 25.32961273
v -38.29428482 111.99918365 25.40778732
v -42.21108246 111.95069885 25.32961273
v -48.08627701 111.99918365 25.40778732
v -52.00307465 111.95069885 25.32961273
v -53.96147156 111.95069885 25.32961273
v -59.83666611 111.99918365 25.40778732
v -63.75346375 111.95069885 25.32961273
v -69.62866211 111.99918365 25.40778732
v -73.54545593 111.95069885 25.32961273
v -81.37905121 111.95069885 25.32961273
v -87.25424194 111.99918365 25.40778732
v -91.17104340 111.95069885 25.32961273
v -97.04623413 111.99918365 25.40778732
v -103.40617371 112.01610565 25.91030693
v -103.74819946 112.01610565 25.85000038
v -104.39855194 112.01610565 25.68977356
v -104.08309937 112.01610565 25.80935287
v -104.67623901 113.41610718 25.49820518
v -104.39855194 113.41610718 25.68977356
v -104.08309937 113.41610718 25.80935287
v -103.74819946 113.41610718 25.85000038
v -104.88433075 113.39995575 25.26801300
v -105.03601074 113.33854675 24.99864578
v -105.12404633 113.21444702 24.70816803
v -103.40617371 113.41610718 25.91030693
v -11.50584698 106.45911407 23.77988434
v -13.67395782 106.45911407 23.77988434
v -15.84206772 106.45911407 23.77988434
v -18.01017761 106.45911407 23.77988434
v -22.34639931 106.45911407 23.77988434
v -24.51451111 106.45911407 23.77988434
v -26.68262100 106.45911407 23.77988434
v -28.85073090 106.45911407 23.77988434
v -33.18695068 106.45911407 23.77988434
v -35.35506439 106.45911407 23.77988434
v -37.52317429 106.45911407 23.77988434
v -39.69128418 106.45911407 23.77988434
v -44.02750397 106.45911407 23.77988434
v -46.19561386 106.45911407 23.77988434
v -48.36372757 106.45911407 23.77988434
v -50.53183746 106.45911407 23.77988434
v -54.86805725 106.45911407 23.77988434
v -57.03616714 106.45911407 23.77988434
v -59.20428085 106.45911407 23.77988434
v -61.37239075 106.45911407 23.77988434
v -65.70861053 106.45911407 23.77988434
v -67.87672424 106.45911407 23.77988434
v -70.04483032 106.45911407 23.77988434
v -72.21294403 106.45911407 23.77988434
v -76.54916382 106.45911407 23.77988434
v -78.71727753 106.45911407 23.77988434
v -80.88538361 106.45911407 23.77988434
v -83.05349731 106.45911407 23.77988434
v -87.38971710 106.45911407 23.77988434
v -89.55782318 106.45911407 23.77988434
v -91.72593689 106.45911407 23.77988434
v -93.89405060 106.45911407 23.77988434
v -98.23027039 106.45911407 23.77988434
v -100.39837646 106.45911407 23.77988434
v -102.56649017 106.45911407 23.77988434
v -7.16962576 106.45911407 23.77988434
v -5.00151539 106.45911407 23.77988434
v -52.69994736 106.45911407 23.77988434
v -9.33773613 106.45911407 23.77988434
v -20.17828941 106.45911407 23.77988434
v -31.01884270 106.45911407 23.77988434
v -41.85939407 106.45911407 23.77988434
v -63.54050064 106.45911407 23.77988434
v -74.38105011 106.45911407 23.77988434
v -85.22160339 106.45911407 23.77988434
v -96.06215668 106.45911407 23.77988434
v -75.66036987 109.81412506 28.19508934
v -75.66036987 109.87524414 28.12397003
v -76.04971313 109.81412506 28.19508934
v -76.04971313 109.87524414 28.12397003
v -75.66036987 109.87524414 28.12397003
v -75.66036987 109.96205902 28.08852577
v -75.66036987 111.19741821 27.90059280
v -75.66036987 111.43137360 27.82086182
v -76.04971313 109.87524414 28.12397003
v -76.04971313 109.96205902 28.08852577
v -76.04971313 111.19741821 27.90059280
v -76.04971313 111.43137360 27.82086182
v -27.05225945 107.46440887 24.56629372
v -27.02318001 107.56714630 24.58550072
v -27.00559425 107.67237854 24.60517502
v -26.99971008 107.77886200 24.62508392
v -26.99971008 111.22078705 25.26860046
v -26.99971008 111.34284973 25.30311394
v -26.99971008 111.45667267 25.35908890
v -26.99971008 111.55853271 25.43468666
v -26.99971008 111.22078705 25.11286354
v -26.99971008 107.80699921 24.47460747
v -27.00206375 107.73958588 24.46200371
v -27.00911713 107.67248535 24.44945908
v -27.02083397 107.60601807 24.43703270
v -27.02914238 107.55763245 24.49797058
v -27.03818703 107.51538086 24.53950691
v -26.99971008 111.40496063 25.17472649
v -26.99971008 111.56503296 25.28482819
v -26.99971008 111.68867493 25.43468666
v -75.66036987 111.43137360 27.82086182
v -75.66036987 111.62303162 27.66479111
v -76.04971313 111.43137360 27.82086182
v -76.04971313 111.62303162 27.66479111
v -75.66036987 111.62303162 27.66479111
v -75.66036987 111.74850464 27.45183945
v -76.04971313 111.62303162 27.66479111
v -76.04971313 111.74850464 27.45183945
v -14.29971027 111.22078705 25.26860046
v -14.29971027 111.34284973 25.30311394
v -14.29971027 111.45667267 25.35908890
v -14.29971027 111.55853271 25.43468666
v -14.29971027 107.77886200 24.62508392
v -14.30559444 107.67237854 24.60517502
v -14.32318020 107.56714630 24.58550072
v -14.35225868 107.46440887 24.56629372
v -14.29971027 111.22078705 25.11286354
v -14.29971027 107.80699921 24.47460747
v -14.30206490 107.73958588 24.46200371
v -14.30911732 107.67248535 24.44945908
v -14.32083511 107.60601807 24.43703270
v -14.33818722 107.51538086 24.53950691
v -14.32914162 107.55763245 24.49797058
v -14.29971027 111.68867493 25.43468666
v -14.29971027 111.40496063 25.17472649
v -14.29971027 111.56503296 25.28482819
v -14.53518963 111.66881561 25.55989647
v -14.54971027 111.71368408 25.63468552
v -14.54971027 111.75689697 25.73737526
v -14.54971027 111.78327179 25.84562111
v -14.54971027 111.79213715 25.95667839
v -14.54971027 111.79213715 25.80094147
v -14.54971027 111.78990173 25.74504662
v -14.54971027 111.78321075 25.68951035
v -14.54971027 111.77210999 25.63468552
v -14.53461456 111.74880219 25.55846405
v -14.54971027 109.29213715 28.44198799
v -14.54971027 109.33577728 28.19870377
v -14.54971027 109.46124268 27.98575020
v -14.54971027 109.65290833 27.82967949
v -14.54971027 109.88686371 27.74995041
v -14.54971027 111.12222290 27.56201553
v -14.54971027 111.20903778 27.52657127
v -14.54971027 111.27015686 27.45545197
v -14.54971027 111.29213715 27.36429214
v -14.54971027 109.29213715 28.28625107
v -14.54971027 109.65290833 27.67394257
v -14.54971027 109.88686371 27.59421158
v -14.54971027 111.12222290 27.40627861
v -14.54971027 111.20903778 27.37083435
v -14.54971027 111.27015686 27.29971504
v -14.54971027 111.29213715 27.20855331
v -14.54971027 109.46124268 27.83001328
v -14.54971027 109.33577728 28.04296494
v -14.54971027 109.79213715 35.43886185
v -14.54971027 109.81412506 35.53002167
v -14.54971027 109.87524414 35.60113907
v -14.54971027 109.96205902 35.63658524
v -14.54971027 111.19741821 35.82452011
v -14.54971027 111.43137360 35.90424728
v -14.54971027 111.62303162 36.06031799
v -14.54971027 111.74850464 36.27327347
v -14.54971027 111.79213715 36.51655579
v -14.54971027 111.79213715 36.36081696
v -14.54971027 109.79213715 35.28312302
v -14.54971027 111.74850464 36.11753464
v -14.54971027 111.62303162 35.90458298
v -14.54971027 111.43137360 35.74851227
v -14.54971027 111.19741821 35.66878128
v -14.54971027 109.96205902 35.48084641
v -14.54971027 109.87524414 35.44540405
v -14.54971027 109.81412506 35.37428284
v -5.00151539 111.99918365 39.59221268
v -6.95991373 111.99918365 39.59221268
v -5.00151539 112.01610565 39.50179291
v -8.91831207 111.99918365 39.59221268
v -10.87670994 111.99918365 39.59221268
v -10.87670994 111.95069885 39.67038727
v -12.83510876 111.95069885 39.67038727
v -5.00151539 111.87723541 39.72573853
v -14.79350662 111.95069885 39.67038727
v -16.75190544 111.95069885 39.67038727
v -14.79350662 111.99918365 39.59221268
v -16.75190544 111.99918365 39.59221268
v -18.71030426 111.99918365 39.59221268
v -20.66870117 111.99918365 39.59221268
v -20.66870117 111.95069885 39.67038727
v -22.62709999 111.95069885 39.67038727
v -24.58549881 111.95069885 39.67038727
v -26.54389572 111.95069885 39.67038727
v -24.58549881 111.99918365 39.59221268
v -26.54389572 111.99918365 39.59221268
v -28.50229454 111.99918365 39.59221268
v -30.46069336 111.99918365 39.59221268
v -30.46069336 111.95069885 39.67038727
v -32.41909027 111.95069885 39.67038727
v -34.37749100 111.95069885 39.67038727
v -36.33588791 111.95069885 39.67038727
v -34.37749100 111.99918365 39.59221268
v -36.33588791 111.99918365 39.59221268
v -38.29428482 111.99918365 39.59221268
v -40.25268555 111.99918365 39.59221268
v -40.25268555 111.95069885 39.67038727
v -42.21108246 111.95069885 39.67038727
v -44.16948318 111.95069885 39.67038727
v -46.12788010 111.95069885 39.67038727
v -44.16948318 111.99918365 39.59221268
v -46.12788010 111.99918365 39.59221268
v -48.08627701 111.99918365 39.59221268
v -50.04467773 111.99918365 39.59221268
v -50.04467773 111.95069885 39.67038727
v -52.00307465 111.95069885 39.67038727
v -53.96147156 111.95069885 39.67038727
v -104.87982941 111.87723541 39.72573853
v -55.91987228 111.95069885 39.67038727
v -57.87826920 111.95069885 39.67038727
v -55.91987228 111.99918365 39.59221268
v -57.87826920 111.99918365 39.59221268
v -104.67623901 112.01610565 39.50179291
v -59.83666611 111.99918365 39.59221268
v -61.79506683 111.99918365 39.59221268
v -61.79506683 111.95069885 39.67038727
v -63.75346375 111.95069885 39.67038727
v -65.71186066 111.95069885 39.67038727
v -67.67025757 111.95069885 39.67038727
v -65.71186066 111.99918365 39.59221268
v -67.67025757 111.99918365 39.59221268
v -69.62866211 111.99918365 39.59221268
v -71.58705902 111.99918365 39.59221268
v -71.58705902 111.95069885 39.67038727
v -73.54545593 111.95069885 39.67038727
v -75.50385284 111.95069885 39.67038727
v -77.46224976 111.95069885 39.67038727
v -75.50385284 111.99918365 39.59221268
v -77.46224976 111.99918365 39.59221268
v -79.42065430 111.99918365 39.59221268
v -81.37905121 111.99918365 39.59221268
v -81.37905121 111.95069885 39.67038727
v -83.33744812 111.95069885 39.67038727
v -85.29584503 111.95069885 39.67038727
v -87.25424194 111.95069885 39.67038727
v -85.29584503 111.99918365 39.59221268
v -87.25424194 111.99918365 39.59221268
v -89.21263885 111.99918365 39.59221268
v -91.17104340 111.99918365 39.59221268
v -91.17104340 111.95069885 39.67038727
v -93.12944031 111.95069885 39.67038727
v -95.08783722 111.95069885 39.67038727
v -97.04623413 111.95069885 39.67038727
v -95.08783722 111.99918365 39.59221268
v -97.04623413 111.99918365 39.59221268
v -99.00463104 111.99918365 39.59221268
v -100.96303558 111.99918365 39.59221268
v -100.96303558 111.95069885 39.67038727
v -102.92143250 111.95069885 39.67038727
v -104.84522247 111.94120789 39.68021774
v -6.95991373 111.95069885 39.67038727
v -5.00151539 111.95069885 39.67038727
v -104.79750061 111.98458862 39.62321854
v -102.92143250 111.99918365 39.59221268
v -53.96147156 111.99918365 39.59221268
v -52.00307465 111.99918365 39.59221268
v -8.91831207 111.95069885 39.67038727
v -12.83510876 111.99918365 39.59221268
v -18.71030426 111.95069885 39.67038727
v -22.62709999 111.99918365 39.59221268
v -28.50229454 111.95069885 39.67038727
v -32.41909027 111.99918365 39.59221268
v -38.29428482 111.95069885 39.67038727
v -42.21108246 111.99918365 39.59221268
v -48.08627701 111.95069885 39.67038727
v -59.83666611 111.95069885 39.67038727
v -63.75346375 111.99918365 39.59221268
v -69.62866211 111.95069885 39.67038727
v -73.54545593 111.99918365 39.59221268
v -79.42065430 111.95069885 39.67038727
v -83.33744812 111.99918365 39.59221268
v -89.21263885 111.95069885 39.67038727
v -93.12944031 111.99918365 39.59221268
v -99.00463104 111.95069885 39.67038727
v -5.00151539 109.42286682 40.94366074
v -105.13089752 110.65836334 40.33057404
v -105.07941437 111.08961487 40.11657715
v -104.99503326 111.49928284 39.91328812
v -105.14819336 109.42286682 40.94366074
v -105.14819336 110.21617889 40.54999924
v -105.14819336 109.02190399 41.07626343
v -105.14819336 108.59986877 41.09184265
v -105.14819336 108.19022369 40.98916245
v -5.00151539 109.02963257 41.07484818
v -13.34707165 109.02963257 41.07484818
v -21.69262886 109.02963257 41.07484818
v -30.03818512 109.02963257 41.07484818
v -30.03818512 108.61550903 41.09339523
v -38.38374329 108.61550903 41.09339523
v -38.38374329 108.21212769 40.99788666
v -46.72929764 108.21212769 40.99788666
v -46.72929764 107.85028839 40.79561615
v -55.07485580 107.85028839 40.79561615
v -5.00151539 107.55763245 40.50202942
v -104.76884460 107.55763245 40.50202942
v -13.34707165 108.61550903 41.09339523
v -5.00151539 108.61550903 41.09339523
v -13.34707165 108.21212769 40.99788666
v -5.00151539 108.21212769 40.99788666
v -13.34707165 107.85028839 40.79561615
v -5.00151539 107.85028839 40.79561615
v -104.93194580 107.66271210 40.62686539
v -96.80264282 107.85028839 40.79561615
v -88.45708466 107.85028839 40.79561615
v -80.11152649 107.85028839 40.79561615
v -80.11152649 108.21212769 40.99788666
v -71.76596832 108.21212769 40.99788666
v -71.76596832 108.61550903 41.09339523
v -63.42041397 108.61550903 41.09339523
v -63.42041397 109.02963257 41.07484818
v -55.07485580 109.02963257 41.07484818
v -105.05453491 107.80898285 40.76296616
v -105.12495422 107.98406219 40.88598251
v -96.80264282 108.21212769 40.99788666
v -96.80264282 108.61550903 41.09339523
v -96.80264282 109.02963257 41.07484818
v -88.45708466 109.02963257 41.07484818
v -80.11152649 109.02963257 41.07484818
v -88.45708466 108.61550903 41.09339523
v -80.11152649 108.61550903 41.09339523
v -88.45708466 108.21212769 40.99788666
v -21.69262886 108.61550903 41.09339523
v -21.69262886 108.21212769 40.99788666
v -21.69262886 107.85028839 40.79561615
v -38.38374329 109.02963257 41.07484818
v -46.72929764 109.02963257 41.07484818
v -55.07485580 108.61550903 41.09339523
v -63.42041397 108.21212769 40.99788666
v -71.76596832 107.85028839 40.79561615
v -46.72929764 108.61550903 41.09339523
v -71.76596832 109.02963257 41.07484818
v -30.03818512 108.21212769 40.99788666
v -38.38374329 107.85028839 40.79561615
v -55.07485580 108.21212769 40.99788666
v -30.03818512 107.85028839 40.79561615
v -63.42041397 107.85028839 40.79561615
v -104.62649536 107.48409271 40.44156647
v -5.00151539 107.49598694 40.44804382
v -6.75181913 107.49598694 40.44804382
v -8.50212288 107.49598694 40.44804382
v -10.25242710 107.49598694 40.44804382
v -15.50333977 107.49598694 40.44804382
v -17.25364304 107.49598694 40.44804382
v -19.00394821 107.49598694 40.44804382
v -20.75425148 107.49598694 40.44804382
v -26.00516319 107.49598694 40.44804382
v -27.75546837 107.49598694 40.44804382
v -29.50577164 107.49598694 40.44804382
v -31.25607491 107.49598694 40.44804382
v -36.50698853 107.49598694 40.44804382
v -38.25729370 107.49598694 40.44804382
v -40.00759506 107.49598694 40.44804382
v -41.75790024 107.49598694 40.44804382
v -47.00881195 107.49598694 40.44804382
v -48.75911713 107.49598694 40.44804382
v -50.50941849 107.49598694 40.44804382
v -52.25972366 107.49598694 40.44804382
v -57.51063538 107.49598694 40.44804382
v -59.26094055 107.49598694 40.44804382
v -61.01124573 107.49598694 40.44804382
v -62.76154709 107.49598694 40.44804382
v -68.01245880 107.49598694 40.44804382
v -69.76276398 107.49598694 40.44804382
v -71.51306915 107.49598694 40.44804382
v -73.26337433 107.49598694 40.44804382
v -78.51428223 107.49598694 40.44804382
v -80.26458740 107.49598694 40.44804382
v -82.01489258 107.49598694 40.44804382
v -83.76519775 107.49598694 40.44804382
v -89.01610565 107.49598694 40.44804382
v -90.76641083 107.49598694 40.44804382
v -92.51671600 107.49598694 40.44804382
v -94.26702118 107.49598694 40.44804382
v -99.51793671 107.49598694 40.44804382
v -101.26823425 107.49598694 40.44804382
v -103.01853943 107.49598694 40.44804382
v -55.76033401 107.49598694 40.44804382
v -54.01002884 107.49598694 40.44804382
v -12.00273132 107.49598694 40.44804382
v -13.75303555 107.49598694 40.44804382
v -22.50455475 107.49598694 40.44804382
v -24.25485992 107.49598694 40.44804382
v -33.00637817 107.49598694 40.44804382
v -34.75668335 107.49598694 40.44804382
v -43.50820541 107.49598694 40.44804382
v -45.25850677 107.49598694 40.44804382
v -64.51185608 107.49598694 40.44804382
v -66.26215363 107.49598694 40.44804382
v -75.01367950 107.49598694 40.44804382
v -76.76397705 107.49598694 40.44804382
v -85.51550293 107.49598694 40.44804382
v -87.26580811 107.49598694 40.44804382
v -96.01732635 107.49598694 40.44804382
v -97.76763153 107.49598694 40.44804382
v -104.87982941 111.87723541 39.72573853
v -104.67623901 112.01610565 39.50179291
v -104.84522247 111.94120789 39.68021774
v -104.79750061 111.98458862 39.62321854
v -105.13089752 110.65836334 40.33057404
v -105.07941437 111.08961487 40.11657715
v -104.99503326 111.49928284 39.91328812
v -105.14819336 109.42286682 40.94366074
v -105.14819336 110.21617889 40.54999924
v -105.14819336 113.04037476 40.54999924
v -105.14819336 112.88090515 40.71823120
v -105.14819336 112.69943237 40.86245346
v -105.14819336 112.49954224 40.97982407
v -105.14819336 110.04518127 42.19774628
v -105.14819336 109.02190399 41.07626343
v -105.14819336 108.59986877 41.09184265
v -105.14819336 108.19022369 40.98916245
v -105.14819336 107.08368683 41.96917725
v -105.14819336 107.53279877 42.22935867
v -105.14819336 109.56145477 42.38592911
v -105.14819336 108.02110291 42.40531158
v -105.14819336 109.05194092 42.48487091
v -105.14819336 108.53294373 42.49140167
v -104.76884460 107.55763245 40.50202942
v -104.93194580 107.66271210 40.62686539
v -105.05453491 107.80898285 40.76296616
v -105.12495422 107.98406219 40.88598251
v -104.14819336 106.51512146 41.13691711
v -104.45056915 106.44990540 41.25720978
v -104.14819336 107.26522827 40.47257996
v -104.47071075 107.40253448 40.42235184
v -104.59814453 106.45337677 41.33456421
v -104.62649536 107.48409271 40.44156647
v -104.73460388 106.49155426 41.41157532
v -104.90590668 106.59334564 41.53192902
v -105.03869629 106.73012543 41.67490768
v -105.12126160 106.89847565 41.82674026
v -5.00151539 107.49598694 40.44804382
v -6.75181913 107.49598694 40.44804382
v -8.50212288 107.49598694 40.44804382
v -10.25242710 107.49598694 40.44804382
v -10.25242710 107.41787720 40.42330551
v -12.00273132 107.41787720 40.42330551
v -12.00273132 107.33639526 40.43196869
v -13.75303555 107.33639526 40.43196869
v -5.00151539 107.26522827 40.47257996
v -15.50333977 107.33639526 40.43196869
v -17.25364304 107.33639526 40.43196869
v -15.50333977 107.41787720 40.42330551
v -17.25364304 107.41787720 40.42330551
v -15.50333977 107.49598694 40.44804382
v -17.25364304 107.49598694 40.44804382
v -19.00394821 107.49598694 40.44804382
v -20.75425148 107.49598694 40.44804382
v -20.75425148 107.41787720 40.42330551
v -22.50455475 107.41787720 40.42330551
v -22.50455475 107.33639526 40.43196869
v -24.25485992 107.33639526 40.43196869
v -26.00516319 107.33639526 40.43196869
v -27.75546837 107.33639526 40.43196869
v -26.00516319 107.41787720 40.42330551
v -27.75546837 107.41787720 40.42330551
v -26.00516319 107.49598694 40.44804382
v -27.75546837 107.49598694 40.44804382
v -29.50577164 107.49598694 40.44804382
v -31.25607491 107.49598694 40.44804382
v -31.25607491 107.41787720 40.42330551
v -33.00637817 107.41787720 40.42330551
v -33.00637817 107.33639526 40.43196869
v -34.75668335 107.33639526 40.43196869
v -36.50698853 107.33639526 40.43196869
v -38.25729370 107.33639526 40.43196869
v -36.50698853 107.41787720 40.42330551
v -38.25729370 107.41787720 40.42330551
v -36.50698853 107.49598694 40.44804382
v -38.25729370 107.49598694 40.44804382
v -40.00759506 107.49598694 40.44804382
v -41.75790024 107.49598694 40.44804382
v -41.75790024 107.41787720 40.42330551
v -43.50820541 107.41787720 40.42330551
v -43.50820541 107.33639526 40.43196869
v -45.25850677 107.33639526 40.43196869
v -47.00881195 107.33639526 40.43196869
v -48.75911713 107.33639526 40.43196869
v -47.00881195 107.41787720 40.42330551
v -48.75911713 107.41787720 40.42330551
v -47.00881195 107.49598694 40.44804382
v -48.75911713 107.49598694 40.44804382
v -50.50941849 107.49598694 40.44804382
v -52.25972366 107.49598694 40.44804382
v -52.25972366 107.41787720 40.42330551
v -54.01002884 107.41787720 40.42330551
v -54.01002884 107.33639526 40.43196869
v -55.76033401 107.33639526 40.43196869
v -57.51063538 107.33639526 40.43196869
v -59.26094055 107.33639526 40.43196869
v -57.51063538 107.41787720 40.42330551
v -59.26094055 107.41787720 40.42330551
v -57.51063538 107.49598694 40.44804382
v -59.26094055 107.49598694 40.44804382
v -61.01124573 107.49598694 40.44804382
v -62.76154709 107.49598694 40.44804382
v -62.76154709 107.41787720 40.42330551
v -64.51185608 107.41787720 40.42330551
v -64.51185608 107.33639526 40.43196869
v -66.26215363 107.33639526 40.43196869
v -68.01245880 107.33639526 40.43196869
v -69.76276398 107.33639526 40.43196869
v -68.01245880 107.41787720 40.42330551
v -69.76276398 107.41787720 40.42330551
v -68.01245880 107.49598694 40.44804382
v -69.76276398 107.49598694 40.44804382
v -71.51306915 107.49598694 40.44804382
v -73.26337433 107.49598694 40.44804382
v -73.26337433 107.41787720 40.42330551
v -75.01367950 107.41787720 40.42330551
v -75.01367950 107.33639526 40.43196869
v -76.76397705 107.33639526 40.43196869
v -78.51428223 107.33639526 40.43196869
v -80.26458740 107.33639526 40.43196869
v -78.51428223 107.41787720 40.42330551
v -80.26458740 107.41787720 40.42330551
v -78.51428223 107.49598694 40.44804382
v -80.26458740 107.49598694 40.44804382
v -82.01489258 107.49598694 40.44804382
v -83.76519775 107.49598694 40.44804382
v -83.76519775 107.41787720 40.42330551
v -85.51550293 107.41787720 40.42330551
v -85.51550293 107.33639526 40.43196869
v -87.26580811 107.33639526 40.43196869
v -89.01610565 107.33639526 40.43196869
v -90.76641083 107.33639526 40.43196869
v -89.01610565 107.41787720 40.42330551
v -90.76641083 107.41787720 40.42330551
v -89.01610565 107.49598694 40.44804382
v -90.76641083 107.49598694 40.44804382
v -92.51671600 107.49598694 40.44804382
v -94.26702118 107.49598694 40.44804382
v -94.26702118 107.41787720 40.42330551
v -96.01732635 107.41787720 40.42330551
v -96.01732635 107.33639526 40.43196869
v -97.76763153 107.33639526 40.43196869
v -99.51793671 107.33639526 40.43196869
v -101.26823425 107.33639526 40.43196869
v -99.51793671 107.41787720 40.42330551
v -101.26823425 107.41787720 40.42330551
v -99.51793671 107.49598694 40.44804382
v -101.26823425 107.49598694 40.44804382
v -103.01853943 107.49598694 40.44804382
v -103.01853943 107.41787720 40.42330551
v -103.01853943 107.33639526 40.43196869
v -6.75181913 107.41787720 40.42330551
v -5.00151539 107.41787720 40.42330551
v -6.75181913 107.33639526 40.43196869
v -5.00151539 107.33639526 40.43196869
v -52.25972366 107.33639526 40.43196869
v -50.50941849 107.33639526 40.43196869
v -50.50941849 107.41787720 40.42330551
v -55.76033401 107.49598694 40.44804382
v -54.01002884 107.49598694 40.44804382
v -8.50212288 107.41787720 40.42330551
v -8.50212288 107.33639526 40.43196869
v -12.00273132 107.49598694 40.44804382
v -13.75303555 107.49598694 40.44804382
v -13.75303555 107.41787720 40.42330551
v -19.00394821 107.41787720 40.42330551
v -19.00394821 107.33639526 40.43196869
v -22.50455475 107.49598694 40.44804382
v -24.25485992 107.49598694 40.44804382
v -24.25485992 107.41787720 40.42330551
v -29.50577164 107.41787720 40.42330551
v -29.50577164 107.33639526 40.43196869
v -33.00637817 107.49598694 40.44804382
v -34.75668335 107.49598694 40.44804382
v -34.75668335 107.41787720 40.42330551
v -40.00759506 107.41787720 40.42330551
v -40.00759506 107.33639526 40.43196869
v -43.50820541 107.49598694 40.44804382
v -45.25850677 107.49598694 40.44804382
v -45.25850677 107.41787720 40.42330551
v -55.76033401 107.41787720 40.42330551
v -61.01124573 107.41787720 40.42330551
v -61.01124573 107.33639526 40.43196869
v -64.51185608 107.49598694 40.44804382
v -66.26215363 107.49598694 40.44804382
v -66.26215363 107.41787720 40.42330551
v -71.51306915 107.41787720 40.42330551
v -71.51306915 107.33639526 40.43196869
v -75.01367950 107.49598694 40.44804382
v -76.76397705 107.49598694 40.44804382
v -76.76397705 107.41787720 40.42330551
v -82.01489258 107.41787720 40.42330551
v -82.01489258 107.33639526 40.43196869
v -85.51550293 107.49598694 40.44804382
v -87.26580811 107.49598694 40.44804382
v -87.26580811 107.41787720 40.42330551
v -92.51671600 107.41787720 40.42330551
v -92.51671600 107.33639526 40.43196869
v -96.01732635 107.49598694 40.44804382
v -97.76763153 107.49598694 40.44804382
v -97.76763153 107.41787720 40.42330551
v -10.25242710 107.33639526 40.43196869
v -20.75425148 107.33639526 40.43196869
v -31.25607491 107.33639526 40.43196869
v -41.75790024 107.33639526 40.43196869
v -62.76154709 107.33639526 40.43196869
v -73.26337433 107.33639526 40.43196869
v -83.76519775 107.33639526 40.43196869
v -94.26702118 107.33639526 40.43196869
v -104.39855194 112.01610565 39.31022644
v -103.74819946 112.01610565 39.15000153
v -103.40617371 112.01610565 39.08969116
v -103.10540771 112.01610565 38.91604614
v -104.08309937 112.01610565 39.19064713
v -103.10540771 113.41610718 38.91604614
v -103.40617371 113.41610718 39.08969116
v -103.74819946 113.41610718 39.15000153
v -104.08309937 113.41610718 39.19064713
v -104.39855194 113.41610718 39.31022644
v -104.67623901 113.41610718 39.50179291
v -104.88433075 113.39995575 39.73198700
v -105.03601074 113.33854675 40.00135422
v -105.12404633 113.21444702 40.29183197
v -5.00151539 106.45911407 41.22011566
v -7.16962576 106.45911407 41.22011566
v -5.00151539 106.51512146 41.13691711
v -9.33773613 106.45911407 41.22011566
v -11.50584698 106.45911407 41.22011566
v -15.84206772 106.45911407 41.22011566
v -18.01017761 106.45911407 41.22011566
v -20.17828941 106.45911407 41.22011566
v -22.34639931 106.45911407 41.22011566
v -26.68262100 106.45911407 41.22011566
v -28.85073090 106.45911407 41.22011566
v -31.01884270 106.45911407 41.22011566
v -33.18695068 106.45911407 41.22011566
v -37.52317429 106.45911407 41.22011566
v -39.69128418 106.45911407 41.22011566
v -41.85939407 106.45911407 41.22011566
v -44.02750397 106.45911407 41.22011566
v -48.36372757 106.45911407 41.22011566
v -50.53183746 106.45911407 41.22011566
v -52.69994736 106.45911407 41.22011566
v -54.86805725 106.45911407 41.22011566
v -59.20428085 106.45911407 41.22011566
v -61.37239075 106.45911407 41.22011566
v -63.54050064 106.45911407 41.22011566
v -65.70861053 106.45911407 41.22011566
v -70.04483032 106.45911407 41.22011566
v -72.21294403 106.45911407 41.22011566
v -74.38105011 106.45911407 41.22011566
v -76.54916382 106.45911407 41.22011566
v -80.88538361 106.45911407 41.22011566
v -83.05349731 106.45911407 41.22011566
v -85.22160339 106.45911407 41.22011566
v -87.38971710 106.45911407 41.22011566
v -91.72593689 106.45911407 41.22011566
v -93.89405060 106.45911407 41.22011566
v -96.06215668 106.45911407 41.22011566
v -98.23027039 106.45911407 41.22011566
v -102.56649017 106.45911407 41.22011566
v -100.39837646 106.45911407 41.22011566
v -57.03616714 106.45911407 41.22011566
v -13.67395782 106.45911407 41.22011566
v -24.51451111 106.45911407 41.22011566
v -35.35506439 106.45911407 41.22011566
v -46.19561386 106.45911407 41.22011566
v -67.87672424 106.45911407 41.22011566
v -78.71727753 106.45911407 41.22011566
v -89.55782318 106.45911407 41.22011566
v -103.40617371 112.01610565 37.21030807
v -103.74819946 112.01610565 37.15000153
v -103.74819946 113.41610718 37.15000153
v -103.40617371 113.41610718 37.21030807
v -105.14819336 112.41610718 37.15000153
v -105.14819336 109.51610565 37.15000153
v -105.14819336 109.41610718 37.17679596
v -104.45721436 113.36716461 37.15000153
v -104.14819336 113.41610718 37.15000153
v -105.09925079 112.72512054 37.15000153
v -104.95721436 113.00389099 37.15000153
v -104.73598480 113.22512054 37.15000153
v -103.74819946 109.51610565 37.15000153
v -103.74819946 109.41610718 37.17679596
v -103.10540771 112.01610565 37.38395691
v -103.40617371 112.01610565 37.21030807
v -103.40617371 113.41610718 37.21030807
v -103.10540771 113.41610718 37.38395691
v -103.10540771 112.01610565 38.91604614
v -102.88217163 112.01610565 38.65000153
v -102.76338959 112.01610565 38.32364655
v -102.76338959 112.01610565 37.97635269
v -102.88217163 112.01610565 37.65000153
v -103.10540771 112.01610565 37.38395691
v -103.10540771 113.41610718 37.38395691
v -102.88217163 113.41610718 37.65000153
v -102.76338959 113.41610718 37.97635269
v -102.76338959 113.41610718 38.32364655
v -102.88217163 113.41610718 38.65000153
v -103.10540771 113.41610718 38.91604614
v -103.10540771 112.01610565 26.08395576
v -103.40617371 112.01610565 25.91030693
v -103.40617371 113.41610718 25.91030693
v -103.10540771 113.41610718 26.08395576
v -103.10540771 112.01610565 27.61604500
v -102.88217163 112.01610565 27.35000038
v -102.76338959 112.01610565 27.02364731
v -102.76338959 112.01610565 26.67635155
v -102.88217163 112.01610565 26.35000038
v -103.10540771 112.01610565 26.08395576
v -103.10540771 113.41610718 26.08395576
v -102.88217163 113.41610718 26.35000038
v -102.76338959 113.41610718 26.67635155
v -102.76338959 113.41610718 27.02364731
v -102.88217163 113.41610718 27.35000038
v -103.10540771 113.41610718 27.61604500
v -103.74819946 112.01610565 27.85000038
v -103.40617371 112.01610565 27.78969193
v -103.10540771 112.01610565 27.61604500
v -103.10540771 113.41610718 27.61604500
v -103.40617371 113.41610718 27.78969193
v -103.74819946 113.41610718 27.85000038
v -104.14819336 113.41610718 27.85000038
v -104.45721436 113.36716461 27.85000038
v -104.73598480 113.22512054 27.85000038
v -105.14819336 112.41610718 27.85000038
v -104.95721436 113.00389099 27.85000038
v -105.09925079 112.72512054 27.85000038
v -103.74819946 109.51610565 27.85000038
v -105.14819336 109.51610565 27.85000038
v -105.14819336 109.41610718 27.82320595
v -103.74819946 109.41610718 27.82320595
v -104.14819336 113.41610718 27.85000038
v -104.45721436 113.36716461 27.85000038
v -104.73598480 113.22512054 27.85000038
v -105.14819336 112.41610718 27.85000038
v -104.95721436 113.00389099 27.85000038
v -105.09925079 112.72512054 27.85000038
v -105.14819336 109.51610565 27.85000038
v -105.14819336 112.41610718 37.15000153
v -105.14819336 109.51610565 37.15000153
v -105.14819336 109.41610718 37.17679596
v -105.14819336 109.41610718 27.82320595
v -105.14819336 106.31610107 37.00000000
v -105.14819336 106.31610107 28.00000000
v -105.14819336 109.34290314 27.75000000
v -105.14819336 107.31610107 27.00000000
v -105.14819336 108.81610107 27.00000000
v -105.14819336 109.31610107 27.64999962
v -105.14819336 109.00744629 27.03806114
v -105.14819336 109.16965485 27.14644623
v -105.14819336 109.31610107 27.50000000
v -105.14819336 109.27804565 27.30865860
v -105.14819336 107.00708771 27.04894257
v -105.14819336 106.72831726 27.19098282
v -105.14819336 106.50708771 27.41221428
v -105.14819336 106.36505127 27.69098282
v -105.14819336 106.36505127 37.30901718
v -105.14819336 106.50708771 37.58778381
v -105.14819336 106.72831726 37.80901718
v -105.14819336 107.00708771 37.95105743
v -105.14819336 107.31610107 38.00000000
v -105.14819336 109.34290314 37.25000000
v -105.14819336 108.81610107 38.00000000
v -105.14819336 109.31610107 37.34999847
v -105.14819336 109.00744629 37.96194077
v -105.14819336 109.16965485 37.85355377
v -105.14819336 109.27804565 37.69134140
v -105.14819336 109.31610107 37.50000000
v -104.45721436 113.36716461 37.15000153
v -104.14819336 113.41610718 37.15000153
v -104.45721436 113.36716461 32.50000000
v -104.73598480 113.22512054 32.50000000
v -104.95721436 113.00389099 32.50000000
v -105.09925079 112.72512054 32.50000000
v -105.09925079 112.72512054 37.15000153
v -104.95721436 113.00389099 37.15000153
v -104.73598480 113.22512054 37.15000153
v -103.74819946 112.01610565 37.15000153
v -103.74819946 112.01610565 27.85000038
v -103.74819946 109.51610565 27.85000038
v -103.74819946 109.51610565 37.15000153
v -103.74819946 109.41610718 27.82320595
v -103.74819946 109.41610718 37.17679596
v -103.74819946 109.34290314 27.75000000
v -103.74819946 109.34290314 37.25000000
v -103.74819946 106.31610107 28.00000000
v -103.74819946 106.31610107 37.00000000
v -103.74819946 107.31610107 38.00000000
v -103.74819946 107.00708771 37.95105743
v -103.74819946 108.81610107 38.00000000
v -103.74819946 109.31610107 37.34999847
v -103.74819946 109.00744629 37.96194077
v -103.74819946 109.16965485 37.85355377
v -103.74819946 109.31610107 37.50000000
v -103.74819946 109.27804565 37.69134140
v -103.74819946 106.72831726 37.80901718
v -103.74819946 106.50708771 37.58778381
v -103.74819946 106.36505127 37.30901718
v -103.74819946 106.36505127 27.69098282
v -103.74819946 106.50708771 27.41221428
v -103.74819946 106.72831726 27.19098282
v -103.74819946 107.00708771 27.04894257
v -103.74819946 107.31610107 27.00000000
v -103.74819946 108.81610107 27.00000000
v -103.74819946 109.31610107 27.64999962
v -103.74819946 109.00744629 27.03806114
v -103.74819946 109.16965485 27.14644623
v -103.74819946 109.27804565 27.30865860
v -103.74819946 109.31610107 27.50000000
v -105.14819336 109.41610718 37.17679596
v -105.14819336 109.34290314 37.25000000
v -103.74819946 109.41610718 37.17679596
v -103.74819946 109.34290314 37.25000000
v -105.14819336 109.34290314 37.25000000
v -105.14819336 109.31610107 37.34999847
v -105.14819336 109.27804565 37.69134140
v -105.14819336 109.31610107 37.50000000
v -103.74819946 109.34290314 37.25000000
v -103.74819946 109.31610107 37.34999847
v -103.74819946 109.31610107 37.50000000
v -103.74819946 109.27804565 37.69134140
v -105.14819336 109.16965485 37.85355377
v -105.14819336 109.27804565 37.69134140
v -103.74819946 109.16965485 37.85355377
v -103.74819946 109.27804565 37.69134140
v -105.14819336 109.00744629 37.96194077
v -105.14819336 109.16965485 37.85355377
v -103.74819946 109.00744629 37.96194077
v -103.74819946 109.16965485 37.85355377
v -105.14819336 106.31610107 37.00000000
v -105.14819336 106.31610107 28.00000000
v -105.14819336 107.31610107 27.00000000
v -105.14819336 108.81610107 27.00000000
v -105.14819336 109.00744629 27.03806114
v -105.14819336 107.00708771 27.04894257
v -105.14819336 106.72831726 27.19098282
v -105.14819336 106.50708771 27.41221428
v -105.14819336 106.36505127 27.69098282
v -105.14819336 106.36505127 37.30901718
v -105.14819336 106.50708771 37.58778381
v -105.14819336 106.72831726 37.80901718
v -105.14819336 107.00708771 37.95105743
v -105.14819336 107.31610107 38.00000000
v -105.14819336 108.81610107 38.00000000
v -105.14819336 109.00744629 37.96194077
v -103.74819946 106.31610107 28.00000000
v -103.74819946 106.31610107 37.00000000
v -103.74819946 107.31610107 38.00000000
v -103.74819946 107.00708771 37.95105743
v -103.74819946 108.81610107 38.00000000
v -103.74819946 109.00744629 37.96194077
v -103.74819946 106.72831726 37.80901718
v -103.74819946 106.50708771 37.58778381
v -103.74819946 106.36505127 37.30901718
v -103.74819946 106.36505127 27.69098282
v -103.74819946 106.50708771 27.41221428
v -103.74819946 106.72831726 27.19098282
v -103.74819946 107.00708771 27.04894257
v -103.74819946 107.31610107 27.00000000
v -103.74819946 108.81610107 27.00000000
v -103.74819946 109.00744629 27.03806114
v -105.14819336 109.00744629 27.03806114
v -105.14819336 109.16965485 27.14644623
v -103.74819946 109.00744629 27.03806114
v -103.74819946 109.16965485 27.14644623
v -105.14819336 109.16965485 27.14644623
v -105.14819336 109.27804565 27.30865860
v -103.74819946 109.16965485 27.14644623
v -103.74819946 109.27804565 27.30865860
v -105.14819336 109.34290314 27.75000000
v -105.14819336 109.31610107 27.64999962
v -105.14819336 109.31610107 27.50000000
v -105.14819336 109.27804565 27.30865860
v -103.74819946 109.34290314 27.75000000
v -103.74819946 109.31610107 27.64999962
v -103.74819946 109.27804565 27.30865860
v -103.74819946 109.31610107 27.50000000
v -105.14819336 109.41610718 27.82320595
v -105.14819336 109.34290314 27.75000000
v -103.74819946 109.41610718 27.82320595
v -103.74819946 109.34290314 27.75000000
v -85.03900909 112.01610565 34.09627151
v -85.47372437 112.01610565 34.06653595
v -85.88430023 112.01610565 33.92061615
v -86.24028015 112.01610565 33.66933823
v -86.51526642 112.01610565 33.33133316
v -86.68886566 112.01610565 32.93167496
v -86.74819946 112.01610565 32.50000000
v -86.68886566 112.01610565 32.06832504
v -86.51526642 112.01610565 31.66866493
v -86.24028015 112.01610565 31.33066177
v -85.88430023 112.01610565 31.07938385
v -85.47372437 112.01610565 30.93346596
v -85.03900909 112.01610565 30.90373039
v -84.61238861 112.01610565 30.99238205
v -84.22550964 112.01610565 31.19284821
v -83.90705872 112.01610565 31.49025917
v -83.68065643 112.01610565 31.86255836
v -83.56309509 112.01610565 32.28213501
v -83.56309509 112.01610565 32.71786499
v -83.68065643 112.01610565 33.13744354
v -83.90705872 112.01610565 33.50973892
v -84.22550964 112.01610565 33.80715179
v -84.61238861 112.01610565 34.00761795
v -86.68886566 113.41610718 32.06832504
v -86.74819946 113.41610718 32.50000000
v -86.68886566 113.41610718 32.93167496
v -86.51526642 113.41610718 33.33133316
v -86.51526642 113.41610718 31.66866493
v -86.24028015 113.41610718 31.33066177
v -85.88430023 113.41610718 31.07938385
v -85.47372437 113.41610718 30.93346596
v -85.03900909 113.41610718 30.90373039
v -84.61238861 113.41610718 30.99238205
v -84.22550964 113.41610718 31.19284821
v -83.90705872 113.41610718 31.49025917
v -83.68065643 113.41610718 31.86255836
v -83.56309509 113.41610718 32.28213501
v -83.56309509 113.41610718 32.71786499
v -83.68065643 113.41610718 33.13744354
v -83.90705872 113.41610718 33.50973892
v -84.22550964 113.41610718 33.80715179
v -84.61238861 113.41610718 34.00761795
v -85.03900909 113.41610718 34.09627151
v -85.47372437 113.41610718 34.06653595
v -85.88430023 113.41610718 33.92061615
v -86.24028015 113.41610718 33.66933823
v -49.96873856 112.01610565 36.49597168
v -49.25811386 112.01610565 36.39971161
v -48.57609558 112.01610565 36.17811203
v -50.68512726 112.01610565 36.46379852
v -51.38426208 112.01610565 36.30422592
v -51.38426208 112.01610565 28.69577408
v -50.68512726 112.01610565 28.53620148
v -49.96873856 112.01610565 28.50402832
v -49.25811386 112.01610565 28.60028839
v -48.57609558 112.01610565 28.82188797
v -47.94460678 112.01610565 29.16170692
v -47.38394547 112.01610565 29.60881996
v -46.91212845 112.01610565 30.14885902
v -46.54431915 112.01610565 30.76446533
v -52.04367065 112.01610565 28.97761726
v -52.64215469 112.01610565 29.37267494
v -53.16048050 112.01610565 29.86824417
v -52.04367065 112.01610565 36.02238083
v -52.64215469 112.01610565 35.62732697
v -53.16048050 112.01610565 35.13175583
v -53.58198929 112.01610565 34.55159760
v -53.89313507 112.01610565 33.90549850
v -54.08391571 112.01610565 33.21422577
v -54.14819717 112.01610565 32.50000000
v -54.08391571 112.01610565 31.78577232
v -53.89313507 112.01610565 31.09450150
v -53.58198929 112.01610565 30.44840240
v -46.29234314 112.01610565 31.43585205
v -46.16429901 112.01610565 32.14144135
v -46.16429901 112.01610565 32.85855865
v -46.29234314 112.01610565 33.56414795
v -46.54431915 112.01610565 34.23553467
v -47.38394547 112.01610565 35.39117813
v -46.91212845 112.01610565 34.85114288
v -47.94460678 112.01610565 35.83829117
v -54.14819717 113.41610718 32.50000000
v -54.08391571 113.41610718 33.21422577
v -53.89313507 113.41610718 33.90549850
v -53.58198929 113.41610718 34.55159760
v -53.16048050 113.41610718 35.13175583
v -52.64215469 113.41610718 35.62732697
v -52.04367065 113.41610718 36.02238083
v -51.38426208 113.41610718 36.30422592
v -50.68512726 113.41610718 36.46379852
v -49.96873856 113.41610718 36.49597168
v -49.25811386 113.41610718 36.39971161
v -48.57609558 113.41610718 36.17811203
v -47.94460678 113.41610718 35.83829117
v -47.38394547 113.41610718 35.39117813
v -46.91212845 113.41610718 34.85114288
v -46.54431915 113.41610718 34.23553467
v -46.29234314 113.41610718 33.56414795
v -46.16429901 113.41610718 32.85855865
v -46.16429901 113.41610718 32.14144135
v -46.29234314 113.41610718 31.43585205
v -46.54431915 113.41610718 30.76446533
v -46.91212845 113.41610718 30.14885902
v -47.38394547 113.41610718 29.60881996
v -47.94460678 113.41610718 29.16170692
v -48.57609558 113.41610718 28.82188797
v -49.25811386 113.41610718 28.60028839
v -49.96873856 113.41610718 28.50402832
v -50.68512726 113.41610718 28.53620148
v -51.38426208 113.41610718 28.69577408
v -52.04367065 113.41610718 28.97761726
v -52.64215469 113.41610718 29.37267494
v -53.16048050 113.41610718 29.86824417
v -53.58198929 113.41610718 30.44840240
v -53.89313507 113.41610718 31.09450150
v -54.08391571 113.41610718 31.78577232
v -23.14819527 112.01610565 32.50000000
v -23.20271492 112.01610565 32.08588791
v -23.36255455 112.01610565 31.70000076
v -25.54819679 112.01610565 30.89999962
v -25.96230698 112.01610565 30.95451927
v -26.34819603 112.01610565 31.11435890
v -26.67956734 112.01610565 31.36862946
v -24.33408546 112.01610565 30.95451927
v -24.74819565 112.01610565 30.89999962
v -26.93383598 112.01610565 31.70000076
v -27.09367752 112.01610565 32.08588791
v -27.14819527 112.01610565 32.50000000
v -27.09367752 112.01610565 32.91411209
v -26.93383598 112.01610565 33.29999924
v -26.67956734 112.01610565 33.63137054
v -26.34819603 112.01610565 33.88563919
v -25.96230698 112.01610565 34.04548264
v -25.54819679 112.01610565 34.09999847
v -24.74819565 112.01610565 34.09999847
v -24.33408546 112.01610565 34.04548264
v -23.94819641 112.01610565 33.88563919
v -23.61682510 112.01610565 33.63137054
v -23.36255455 112.01610565 33.29999924
v -23.20271492 112.01610565 32.91411209
v -23.61682510 112.01610565 31.36862946
v -23.94819641 112.01610565 31.11435890
v -24.74819565 113.41610718 34.09999847
v -24.33408546 113.41610718 34.04548264
v -23.94819641 113.41610718 33.88563919
v -23.61682510 113.41610718 33.63137054
v -23.36255455 113.41610718 33.29999924
v -23.20271492 113.41610718 32.91411209
v -23.14819527 113.41610718 32.50000000
v -23.20271492 113.41610718 32.08588791
v -23.36255455 113.41610718 31.70000076
v -23.61682510 113.41610718 31.36862946
v -23.94819641 113.41610718 31.11435890
v -24.33408546 113.41610718 30.95451927
v -24.74819565 113.41610718 30.89999962
v -25.54819679 113.41610718 34.09999847
v -25.54819679 113.41610718 30.89999962
v -25.96230698 113.41610718 30.95451927
v -26.34819603 113.41610718 31.11435890
v -26.67956734 113.41610718 31.36862946
v -26.93383598 113.41610718 31.70000076
v -27.09367752 113.41610718 32.08588791
v -27.14819527 113.41610718 32.50000000
v -27.09367752 113.41610718 32.91411209
v -26.93383598 113.41610718 33.29999924
v -26.67956734 113.41610718 33.63137054
v -26.34819603 113.41610718 33.88563919
v -25.96230698 113.41610718 34.04548264
v -70.54819489 112.01610565 34.09999847
v -70.54819489 112.01610565 30.89999962
v -69.74819946 112.01610565 30.89999962
v -70.96230316 112.01610565 30.95451927
v -71.34819794 112.01610565 31.11435890
v -71.67956543 112.01610565 31.36862946
v -71.93383789 112.01610565 31.70000076
v -72.09367371 112.01610565 32.08588791
v -72.14819336 112.01610565 32.50000000
v -72.09367371 112.01610565 32.91411209
v -71.93383789 112.01610565 33.29999924
v -71.67956543 112.01610565 33.63137054
v -71.34819794 112.01610565 33.88563919
v -70.96230316 112.01610565 34.04548264
v -69.74819946 112.01610565 34.09999847
v -69.33408356 112.01610565 34.04548264
v -68.94819641 112.01610565 33.88563919
v -68.61682892 112.01610565 33.63137054
v -68.36255646 112.01610565 33.29999924
v -68.20271301 112.01610565 32.91411209
v -68.14819336 112.01610565 32.50000000
v -68.20271301 112.01610565 32.08588791
v -68.36255646 112.01610565 31.70000076
v -68.61682892 112.01610565 31.36862946
v -68.94819641 112.01610565 31.11435890
v -69.33408356 112.01610565 30.95451927
v -69.74819946 113.41610718 34.09999847
v -69.33408356 113.41610718 34.04548264
v -68.94819641 113.41610718 33.88563919
v -68.61682892 113.41610718 33.63137054
v -68.36255646 113.41610718 33.29999924
v -68.20271301 113.41610718 32.91411209
v -68.14819336 113.41610718 32.50000000
v -68.20271301 113.41610718 32.08588791
v -68.36255646 113.41610718 31.70000076
v -68.61682892 113.41610718 31.36862946
v -68.94819641 113.41610718 31.11435890
v -69.33408356 113.41610718 30.95451927
v -69.74819946 113.41610718 30.89999962
v -70.54819489 113.41610718 34.09999847
v -70.54819489 113.41610718 30.89999962
v -70.96230316 113.41610718 30.95451927
v -71.34819794 113.41610718 31.11435890
v -71.67956543 113.41610718 31.36862946
v -71.93383789 113.41610718 31.70000076
v -72.09367371 113.41610718 32.08588791
v -72.14819336 113.41610718 32.50000000
v -72.09367371 113.41610718 32.91411209
v -71.93383789 113.41610718 33.29999924
v -71.67956543 113.41610718 33.63137054
v -71.34819794 113.41610718 33.88563919
v -70.96230316 113.41610718 34.04548264
v -104.59411621 106.45349121 23.66757965
v -104.73460388 106.49155426 23.58842659
v -104.90590668 106.59334564 23.46806908
v -105.03869629 106.73012543 23.32509232
v -105.12126160 106.89847565 23.17326164
v -105.14819336 107.08368683 23.03082085
v -104.45014191 106.45004272 23.74292183
v -105.14819336 113.04037476 24.45000076
v -105.14819336 112.88090515 24.28176880
v -105.14819336 112.69943237 24.13754654
v -105.14819336 112.49954224 24.02017593
v -105.14819336 110.04518127 22.80225372
v -105.14819336 107.53279877 22.77064133
v -105.14819336 109.56145477 22.61407089
v -105.14819336 108.02110291 22.59468842
v -105.14819336 109.05194092 22.51512909
v -105.14819336 108.53294373 22.50859833
v -104.67623901 113.41610718 25.49820518
v -104.88433075 113.39995575 25.26801300
v -105.03601074 113.33854675 24.99864578
v -105.12404633 113.21444702 24.70816803
v -5.00151539 106.45053864 23.67995453
v -7.16962576 106.45053864 23.67995453
v -5.00151539 106.49155426 23.58842659
v -9.33773613 106.45053864 23.67995453
v -11.50584698 106.45053864 23.67995453
v -11.50584698 106.45911407 23.77988434
v -13.67395782 106.45911407 23.77988434
v -15.84206772 106.45911407 23.77988434
v -18.01017761 106.45911407 23.77988434
v -15.84206772 106.45053864 23.67995453
v -18.01017761 106.45053864 23.67995453
v -20.17828941 106.45053864 23.67995453
v -22.34639931 106.45053864 23.67995453
v -22.34639931 106.45911407 23.77988434
v -24.51451111 106.45911407 23.77988434
v -26.68262100 106.45911407 23.77988434
v -28.85073090 106.45911407 23.77988434
v -26.68262100 106.45053864 23.67995453
v -28.85073090 106.45053864 23.67995453
v -31.01884270 106.45053864 23.67995453
v -33.18695068 106.45053864 23.67995453
v -33.18695068 106.45911407 23.77988434
v -35.35506439 106.45911407 23.77988434
v -37.52317429 106.45911407 23.77988434
v -39.69128418 106.45911407 23.77988434
v -37.52317429 106.45053864 23.67995453
v -39.69128418 106.45053864 23.67995453
v -41.85939407 106.45053864 23.67995453
v -44.02750397 106.45053864 23.67995453
v -44.02750397 106.45911407 23.77988434
v -46.19561386 106.45911407 23.77988434
v -48.36372757 106.45911407 23.77988434
v -50.53183746 106.45911407 23.77988434
v -48.36372757 106.45053864 23.67995453
v -50.53183746 106.45053864 23.67995453
v -52.69994736 106.45053864 23.67995453
v -54.86805725 106.45053864 23.67995453
v -54.86805725 106.45911407 23.77988434
v -57.03616714 106.45911407 23.77988434
v -59.20428085 106.45911407 23.77988434
v -61.37239075 106.45911407 23.77988434
v -59.20428085 106.45053864 23.67995453
v -61.37239075 106.45053864 23.67995453
v -63.54050064 106.45053864 23.67995453
v -65.70861053 106.45053864 23.67995453
v -65.70861053 106.45911407 23.77988434
v -67.87672424 106.45911407 23.77988434
v -70.04483032 106.45911407 23.77988434
v -72.21294403 106.45911407 23.77988434
v -70.04483032 106.45053864 23.67995453
v -72.21294403 106.45053864 23.67995453
v -74.38105011 106.45053864 23.67995453
v -76.54916382 106.45053864 23.67995453
v -76.54916382 106.45911407 23.77988434
v -78.71727753 106.45911407 23.77988434
v -80.88538361 106.45911407 23.77988434
v -83.05349731 106.45911407 23.77988434
v -80.88538361 106.45053864 23.67995453
v -83.05349731 106.45053864 23.67995453
v -85.22160339 106.45053864 23.67995453
v -87.38971710 106.45053864 23.67995453
v -87.38971710 106.45911407 23.77988434
v -89.55782318 106.45911407 23.77988434
v -91.72593689 106.45911407 23.77988434
v -93.89405060 106.45911407 23.77988434
v -91.72593689 106.45053864 23.67995453
v -93.89405060 106.45053864 23.67995453
v -96.06215668 106.45053864 23.67995453
v -98.23027039 106.45053864 23.67995453
v -98.23027039 106.45911407 23.77988434
v -100.39837646 106.45911407 23.77988434
v -102.56649017 106.45911407 23.77988434
v -102.56649017 106.45053864 23.67995453
v -100.39837646 106.45053864 23.67995453
v -7.16962576 106.45911407 23.77988434
v -5.00151539 106.45911407 23.77988434
v -52.69994736 106.45911407 23.77988434
v -78.71727753 106.45053864 23.67995453
v -9.33773613 106.45911407 23.77988434
v -13.67395782 106.45053864 23.67995453
v -20.17828941 106.45911407 23.77988434
v -24.51451111 106.45053864 23.67995453
v -31.01884270 106.45911407 23.77988434
v -35.35506439 106.45053864 23.67995453
v -41.85939407 106.45911407 23.77988434
v -46.19561386 106.45053864 23.67995453
v -57.03616714 106.45053864 23.67995453
v -63.54050064 106.45911407 23.77988434
v -67.87672424 106.45053864 23.67995453
v -74.38105011 106.45911407 23.77988434
v -85.22160339 106.45911407 23.77988434
v -89.55782318 106.45053864 23.67995453
v -96.06215668 106.45911407 23.77988434
v -5.00151539 109.52070618 22.60261154
v -16.12892342 109.52070618 22.60261154
v -5.00151539 110.04518127 22.80225372
v -27.25633240 109.52070618 22.60261154
v -38.38374329 109.52070618 22.60261154
v -38.38374329 108.96760559 22.50772285
v -49.51115036 108.96760559 22.50772285
v -49.51115036 108.40658569 22.52113914
v -60.63856125 108.40658569 22.52113914
v -60.63856125 107.85865021 22.64235878
v -71.76596832 107.85865021 22.64235878
v -71.76596832 107.34432983 22.86684418
v -82.89337921 107.34432983 22.86684418
v -82.89337921 106.88286591 23.18618584
v -94.02079010 106.88286591 23.18618584
v -16.12892342 108.96760559 22.50772285
v -5.00151539 108.96760559 22.50772285
v -16.12892342 108.40658569 22.52113914
v -5.00151539 108.40658569 22.52113914
v -16.12892342 107.85865021 22.64235878
v -5.00151539 107.85865021 22.64235878
v -16.12892342 107.34432983 22.86684418
v -5.00151539 107.34432983 22.86684418
v -16.12892342 106.88286591 23.18618584
v -5.00151539 106.88286591 23.18618584
v -49.51115036 106.88286591 23.18618584
v -38.38374329 106.88286591 23.18618584
v -27.25633240 106.88286591 23.18618584
v -27.25633240 107.34432983 22.86684418
v -94.02079010 107.34432983 22.86684418
v -94.02079010 107.85865021 22.64235878
v -94.02079010 108.40658569 22.52113914
v -94.02079010 108.96760559 22.50772285
v -94.02079010 109.52070618 22.60261154
v -82.89337921 109.52070618 22.60261154
v -71.76596832 109.52070618 22.60261154
v -60.63856125 109.52070618 22.60261154
v -71.76596832 108.96760559 22.50772285
v -60.63856125 108.96760559 22.50772285
v -71.76596832 108.40658569 22.52113914
v -27.25633240 108.96760559 22.50772285
v -27.25633240 108.40658569 22.52113914
v -27.25633240 107.85865021 22.64235878
v -49.51115036 109.52070618 22.60261154
v -82.89337921 108.96760559 22.50772285
v -82.89337921 108.40658569 22.52113914
v -82.89337921 107.85865021 22.64235878
v -38.38374329 108.40658569 22.52113914
v -49.51115036 107.85865021 22.64235878
v -60.63856125 107.34432983 22.86684418
v -71.76596832 106.88286591 23.18618584
v -38.38374329 107.85865021 22.64235878
v -38.38374329 107.34432983 22.86684418
v -49.51115036 107.34432983 22.86684418
v -60.63856125 106.88286591 23.18618584
v -5.00151539 112.49954224 24.02017593
v -5.00151539 113.35295868 25.04611588
v -14.10575867 113.35295868 25.04611588
v -5.00151539 113.41610718 25.49820518
v -23.21000290 113.35295868 25.04611588
v -32.31424713 113.35295868 25.04611588
v -32.31424713 113.16836548 24.62862968
v -41.41849136 113.16836548 24.62862968
v -41.41849136 112.87644196 24.27769661
v -50.52273560 112.87644196 24.27769661
v -14.10575867 113.16836548 24.62862968
v -5.00151539 113.16836548 24.62862968
v -14.10575867 112.87644196 24.27769661
v -5.00151539 112.87644196 24.27769661
v -96.04395294 112.87644196 24.27769661
v -86.93970490 112.87644196 24.27769661
v -77.83546448 112.87644196 24.27769661
v -77.83546448 113.16836548 24.62862968
v -68.73122406 113.16836548 24.62862968
v -68.73122406 113.35295868 25.04611588
v -59.62697601 113.35295868 25.04611588
v -96.04395294 113.16836548 24.62862968
v -96.04395294 113.35295868 25.04611588
v -23.21000290 113.16836548 24.62862968
v -23.21000290 112.87644196 24.27769661
v -41.41849136 113.35295868 25.04611588
v -50.52273560 113.35295868 25.04611588
v -59.62697601 113.16836548 24.62862968
v -68.73122406 112.87644196 24.27769661
v -50.52273560 113.16836548 24.62862968
v -77.83546448 113.35295868 25.04611588
v -86.93970490 113.35295868 25.04611588
v -86.93970490 113.16836548 24.62862968
v -32.31424713 112.87644196 24.27769661
v -59.62697601 112.87644196 24.27769661
v -105.14819336 113.04037476 40.54999924
v -105.14819336 112.88090515 40.71823120
v -105.14819336 112.69943237 40.86245346
v -105.14819336 112.49954224 40.97982407
v -105.14819336 110.04518127 42.19774628
v -105.14819336 107.08368683 41.96917725
v -105.14819336 107.53279877 42.22935867
v -105.14819336 109.56145477 42.38592911
v -105.14819336 108.02110291 42.40531158
v -105.14819336 109.05194092 42.48487091
v -105.14819336 108.53294373 42.49140167
v -104.59814453 106.45337677 41.33456421
v -104.73460388 106.49155426 41.41157532
v -104.90590668 106.59334564 41.53192902
v -105.03869629 106.73012543 41.67490768
v -105.12126160 106.89847565 41.82674026
v -104.67623901 113.41610718 39.50179291
v -104.88433075 113.39995575 39.73198700
v -105.03601074 113.33854675 40.00135422
v -105.12404633 113.21444702 40.29183197
v -5.00151539 113.41610718 39.50179291
v -5.00151539 112.87644196 40.72230530
v -14.10575867 112.87644196 40.72230530
v -5.00151539 112.49954224 40.97982407
v -23.21000290 112.87644196 40.72230530
v -32.31424713 112.87644196 40.72230530
v -32.31424713 113.16836548 40.37137222
v -41.41849136 113.16836548 40.37137222
v -41.41849136 113.35295868 39.95388412
v -50.52273560 113.35295868 39.95388412
v -14.10575867 113.16836548 40.37137222
v -5.00151539 113.16836548 40.37137222
v -14.10575867 113.35295868 39.95388412
v -5.00151539 113.35295868 39.95388412
v -96.04395294 113.35295868 39.95388412
v -86.93970490 113.35295868 39.95388412
v -77.83546448 113.35295868 39.95388412
v -77.83546448 113.16836548 40.37137222
v -68.73122406 113.16836548 40.37137222
v -68.73122406 112.87644196 40.72230530
v -59.62697601 112.87644196 40.72230530
v -96.04395294 113.16836548 40.37137222
v -96.04395294 112.87644196 40.72230530
v -23.21000290 113.16836548 40.37137222
v -23.21000290 113.35295868 39.95388412
v -41.41849136 112.87644196 40.72230530
v -50.52273560 112.87644196 40.72230530
v -59.62697601 113.16836548 40.37137222
v -68.73122406 113.35295868 39.95388412
v -50.52273560 113.16836548 40.37137222
v -77.83546448 112.87644196 40.72230530
v -86.93970490 112.87644196 40.72230530
v -86.93970490 113.16836548 40.37137222
v -32.31424713 113.35295868 39.95388412
v -59.62697601 113.35295868 39.95388412
v -5.00151539 110.04518127 42.19774628
v -5.00151539 106.88286591 41.81381607
v -16.12892342 106.88286591 41.81381607
v -5.00151539 106.49155426 41.41157532
v -27.25633240 106.88286591 41.81381607
v -38.38374329 106.88286591 41.81381607
v -38.38374329 107.34432983 42.13315582
v -49.51115036 107.34432983 42.13315582
v -49.51115036 107.85865021 42.35763931
v -60.63856125 107.85865021 42.35763931
v -60.63856125 108.40658569 42.47885895
v -71.76596832 108.40658569 42.47885895
v -71.76596832 108.96760559 42.49227524
v -82.89337921 108.96760559 42.49227524
v -82.89337921 109.52070618 42.39738846
v -94.02079010 109.52070618 42.39738846
v -16.12892342 107.34432983 42.13315582
v -5.00151539 107.34432983 42.13315582
v -16.12892342 107.85865021 42.35763931
v -5.00151539 107.85865021 42.35763931
v -16.12892342 108.40658569 42.47885895
v -5.00151539 108.40658569 42.47885895
v -16.12892342 108.96760559 42.49227524
v -5.00151539 108.96760559 42.49227524
v -16.12892342 109.52070618 42.39738846
v -5.00151539 109.52070618 42.39738846
v -49.51115036 109.52070618 42.39738846
v -38.38374329 109.52070618 42.39738846
v -27.25633240 109.52070618 42.39738846
v -27.25633240 108.96760559 42.49227524
v -94.02079010 108.96760559 42.49227524
v -82.89337921 108.40658569 42.47885895
v -71.76596832 107.85865021 42.35763931
v -60.63856125 107.34432983 42.13315582
v -49.51115036 106.88286591 41.81381607
v -94.02079010 108.40658569 42.47885895
v -82.89337921 107.85865021 42.35763931
v -71.76596832 107.34432983 42.13315582
v -60.63856125 106.88286591 41.81381607
v -94.02079010 107.85865021 42.35763931
v -82.89337921 107.34432983 42.13315582
v -71.76596832 106.88286591 41.81381607
v -94.02079010 107.34432983 42.13315582
v -82.89337921 106.88286591 41.81381607
v -94.02079010 106.88286591 41.81381607
v -27.25633240 107.34432983 42.13315582
v -27.25633240 107.85865021 42.35763931
v -27.25633240 108.40658569 42.47885895
v -38.38374329 107.85865021 42.35763931
v -49.51115036 108.40658569 42.47885895
v -60.63856125 108.96760559 42.49227524
v -71.76596832 109.52070618 42.39738846
v -38.38374329 108.40658569 42.47885895
v -38.38374329 108.96760559 42.49227524
v -49.51115036 108.96760559 42.49227524
v -60.63856125 109.52070618 42.39738846
v -11.50584698 106.45053864 41.32004547
v -13.67395782 106.45053864 41.32004547
v -15.84206772 106.45053864 41.32004547
v -18.01017761 106.45053864 41.32004547
v -22.34639931 106.45053864 41.32004547
v -24.51451111 106.45053864 41.32004547
v -26.68262100 106.45053864 41.32004547
v -28.85073090 106.45053864 41.32004547
v -33.18695068 106.45053864 41.32004547
v -35.35506439 106.45053864 41.32004547
v -37.52317429 106.45053864 41.32004547
v -39.69128418 106.45053864 41.32004547
v -44.02750397 106.45053864 41.32004547
v -46.19561386 106.45053864 41.32004547
v -48.36372757 106.45053864 41.32004547
v -50.53183746 106.45053864 41.32004547
v -54.86805725 106.45053864 41.32004547
v -57.03616714 106.45053864 41.32004547
v -59.20428085 106.45053864 41.32004547
v -61.37239075 106.45053864 41.32004547
v -65.70861053 106.45053864 41.32004547
v -67.87672424 106.45053864 41.32004547
v -70.04483032 106.45053864 41.32004547
v -72.21294403 106.45053864 41.32004547
v -76.54916382 106.45053864 41.32004547
v -78.71727753 106.45053864 41.32004547
v -80.88538361 106.45053864 41.32004547
v -83.05349731 106.45053864 41.32004547
v -87.38971710 106.45053864 41.32004547
v -89.55782318 106.45053864 41.32004547
v -91.72593689 106.45053864 41.32004547
v -93.89405060 106.45053864 41.32004547
v -98.23027039 106.45053864 41.32004547
v -100.39837646 106.45053864 41.32004547
v -102.56649017 106.45053864 41.32004547
v -7.16962576 106.45053864 41.32004547
v -5.00151539 106.45053864 41.32004547
v -52.69994736 106.45053864 41.32004547
v -9.33773613 106.45053864 41.32004547
v -20.17828941 106.45053864 41.32004547
v -31.01884270 106.45053864 41.32004547
v -41.85939407 106.45053864 41.32004547
v -63.54050064 106.45053864 41.32004547
v -74.38105011 106.45053864 41.32004547
v -85.22160339 106.45053864 41.32004547
v -96.06215668 106.45053864 41.32004547
v -104.45056915 106.44990540 41.25720978
v -104.59814453 106.45337677 41.33456421
v -5.00151539 106.45911407 41.22011566
v -7.16962576 106.45911407 41.22011566
v -9.33773613 106.45911407 41.22011566
v -11.50584698 106.45911407 41.22011566
v -11.50584698 106.45053864 41.32004547
v -13.67395782 106.45053864 41.32004547
v -15.84206772 106.45053864 41.32004547
v -18.01017761 106.45053864 41.32004547
v -15.84206772 106.45911407 41.22011566
v -18.01017761 106.45911407 41.22011566
v -20.17828941 106.45911407 41.22011566
v -22.34639931 106.45911407 41.22011566
v -22.34639931 106.45053864 41.32004547
v -24.51451111 106.45053864 41.32004547
v -26.68262100 106.45053864 41.32004547
v -28.85073090 106.45053864 41.32004547
v -26.68262100 106.45911407 41.22011566
v -28.85073090 106.45911407 41.22011566
v -31.01884270 106.45911407 41.22011566
v -33.18695068 106.45911407 41.22011566
v -33.18695068 106.45053864 41.32004547
v -35.35506439 106.45053864 41.32004547
v -37.52317429 106.45053864 41.32004547
v -39.69128418 106.45053864 41.32004547
v -37.52317429 106.45911407 41.22011566
v -39.69128418 106.45911407 41.22011566
v -41.85939407 106.45911407 41.22011566
v -44.02750397 106.45911407 41.22011566
v -44.02750397 106.45053864 41.32004547
v -46.19561386 106.45053864 41.32004547
v -48.36372757 106.45053864 41.32004547
v -50.53183746 106.45053864 41.32004547
v -48.36372757 106.45911407 41.22011566
v -50.53183746 106.45911407 41.22011566
v -52.69994736 106.45911407 41.22011566
v -54.86805725 106.45911407 41.22011566
v -54.86805725 106.45053864 41.32004547
v -57.03616714 106.45053864 41.32004547
v -59.20428085 106.45053864 41.32004547
v -61.37239075 106.45053864 41.32004547
v -59.20428085 106.45911407 41.22011566
v -61.37239075 106.45911407 41.22011566
v -63.54050064 106.45911407 41.22011566
v -65.70861053 106.45911407 41.22011566
v -65.70861053 106.45053864 41.32004547
v -67.87672424 106.45053864 41.32004547
v -70.04483032 106.45053864 41.32004547
v -72.21294403 106.45053864 41.32004547
v -70.04483032 106.45911407 41.22011566
v -72.21294403 106.45911407 41.22011566
v -74.38105011 106.45911407 41.22011566
v -76.54916382 106.45911407 41.22011566
v -76.54916382 106.45053864 41.32004547
v -78.71727753 106.45053864 41.32004547
v -80.88538361 106.45053864 41.32004547
v -83.05349731 106.45053864 41.32004547
v -80.88538361 106.45911407 41.22011566
v -83.05349731 106.45911407 41.22011566
v -85.22160339 106.45911407 41.22011566
v -87.38971710 106.45911407 41.22011566
v -87.38971710 106.45053864 41.32004547
v -89.55782318 106.45053864 41.32004547
v -91.72593689 106.45053864 41.32004547
v -93.89405060 106.45053864 41.32004547
v -91.72593689 106.45911407 41.22011566
v -93.89405060 106.45911407 41.22011566
v -96.06215668 106.45911407 41.22011566
v -98.23027039 106.45911407 41.22011566
v -98.23027039 106.45053864 41.32004547
v -100.39837646 106.45053864 41.32004547
v -102.56649017 106.45053864 41.32004547
v -7.16962576 106.45053864 41.32004547
v -5.00151539 106.45053864 41.32004547
v -52.69994736 106.45053864 41.32004547
v -102.56649017 106.45911407 41.22011566
v -100.39837646 106.45911407 41.22011566
v -57.03616714 106.45911407 41.22011566
v -9.33773613 106.45053864 41.32004547
v -13.67395782 106.45911407 41.22011566
v -20.17828941 106.45053864 41.32004547
v -24.51451111 106.45911407 41.22011566
v -31.01884270 106.45053864 41.32004547
v -35.35506439 106.45911407 41.22011566
v -41.85939407 106.45053864 41.32004547
v -46.19561386 106.45911407 41.22011566
v -63.54050064 106.45053864 41.32004547
v -67.87672424 106.45911407 41.22011566
v -74.38105011 106.45053864 41.32004547
v -78.71727753 106.45911407 41.22011566
v -85.22160339 106.45053864 41.32004547
v -89.55782318 106.45911407 41.22011566
v -96.06215668 106.45053864 41.32004547
v -5.00151539 107.26522827 24.52742195
v -5.00151539 107.33639526 24.56803131
v -5.00151539 107.41787720 24.57669258
v -5.00151539 107.49598694 24.55195618
v -5.00151539 107.55763245 24.49797058
v -5.00151539 111.87723541 25.27426147
v -5.00151539 109.42286682 24.05633736
v -5.00151539 107.85028839 24.20438385
v -5.00151539 108.21212769 24.00211334
v -5.00151539 108.61550903 23.90660286
v -5.00151539 109.02963257 23.92514992
v -5.00151539 111.99918365 39.59221268
v -5.00151539 112.01610565 39.50179291
v -5.00151539 111.87723541 39.72573853
v -5.00151539 111.95069885 39.67038727
v -5.00151539 109.42286682 40.94366074
v -5.00151539 109.02963257 41.07484818
v -5.00151539 107.55763245 40.50202942
v -5.00151539 108.61550903 41.09339523
v -5.00151539 108.21212769 40.99788666
v -5.00151539 107.85028839 40.79561615
v -5.00151539 106.51512146 23.86308479
v -5.00151539 107.49598694 40.44804382
v -5.00151539 107.26522827 40.47257996
v -5.00151539 107.41787720 40.42330551
v -5.00151539 107.33639526 40.43196869
v -5.00151539 111.95069885 25.32961273
v -5.00151539 112.01610565 25.49820518
v -5.00151539 111.99918365 25.40778732
v -5.00151539 106.45053864 23.67995453
v -5.00151539 106.49155426 23.58842659
v -5.00151539 106.45911407 23.77988434
v -5.00151539 109.52070618 22.60261154
v -5.00151539 110.04518127 22.80225372
v -5.00151539 108.96760559 22.50772285
v -5.00151539 108.40658569 22.52113914
v -5.00151539 107.85865021 22.64235878
v -5.00151539 107.34432983 22.86684418
v -5.00151539 106.88286591 23.18618584
v -5.00151539 112.49954224 24.02017593
v -5.00151539 113.35295868 25.04611588
v -5.00151539 113.41610718 25.49820518
v -5.00151539 113.16836548 24.62862968
v -5.00151539 112.87644196 24.27769661
v -5.00151539 113.41610718 39.50179291
v -5.00151539 112.87644196 40.72230530
v -5.00151539 112.49954224 40.97982407
v -5.00151539 113.16836548 40.37137222
v -5.00151539 113.35295868 39.95388412
v -5.00151539 110.04518127 42.19774628
v -5.00151539 106.88286591 41.81381607
v -5.00151539 106.49155426 41.41157532
v -5.00151539 107.34432983 42.13315582
v -5.00151539 107.85865021 42.35763931
v -5.00151539 108.40658569 42.47885895
v -5.00151539 108.96760559 42.49227524
v -5.00151539 109.52070618 42.39738846
v -5.00151539 106.45911407 41.22011566
v -5.00151539 106.51512146 41.13691711
v -5.00151539 106.45053864 41.32004547
v -65.09970856 111.22078705 25.26860046
v -65.09970856 111.34284973 25.30311394
v -65.09970856 111.45667267 25.35908890
v -65.09970856 111.55853271 25.43468666
v -65.15225983 107.46440887 24.56629372
v -65.12317657 107.56714630 24.58550072
v -65.10559845 107.67237854 24.60517502
v -65.09970856 107.77886200 24.62508392
v -65.09970856 111.22078705 25.11286354
v -65.09970856 107.80699921 24.47460747
v -65.10206604 107.73958588 24.46200371
v -65.10911560 107.67248535 24.44945908
v -65.12083435 107.60601807 24.43703270
v -65.13817596 107.51541901 24.53948212
v -65.12914276 107.55763245 24.49797058
v -65.09970856 111.40496063 25.17472649
v -65.09970856 111.56503296 25.28482819
v -65.09970856 111.68867493 25.43468666
v -65.46840668 107.04467010 24.33207893
v -65.65981293 106.92424774 24.30956459
v -65.87393188 106.84941101 24.29557228
v -66.09970856 106.82402802 24.29082680
v -75.93100739 107.04467010 24.33207893
v -75.73960876 106.92424774 24.30956459
v -75.52548981 106.84941101 24.29557228
v -75.29971313 106.82402802 24.29082680
v -52.76840973 107.04467010 24.33207893
v -52.95981216 106.92424774 24.30956459
v -53.17393112 106.84941101 24.29557228
v -53.39971161 106.82402802 24.29082680
v -63.23101044 107.04467010 24.33207893
v -63.03960800 106.92424774 24.30956459
v -62.82548904 106.84941101 24.29557228
v -62.59970856 106.82402802 24.29082680
v -40.06840897 107.04467010 24.33207893
v -40.25981140 106.92424774 24.30956459
v -40.47393036 106.84941101 24.29557228
v -40.69971085 106.82402802 24.29082680
v -50.53100967 107.04467010 24.33207893
v -50.33960724 106.92424774 24.30956459
v -50.12548828 106.84941101 24.29557228
v -49.89971161 106.82402802 24.29082680
v -27.36841011 107.04467010 24.33207893
v -27.55981064 106.92424774 24.30956459
v -27.77393150 106.84941101 24.29557228
v -27.99971008 106.82402802 24.29082680
v -37.83100891 107.04467010 24.33207893
v -37.63961029 106.92424774 24.30956459
v -37.42548752 106.84941101 24.29557228
v -37.19971085 106.82402802 24.29082680
v -14.66840935 107.04467010 24.33207893
v -14.85981083 106.92424774 24.30956459
v -15.07393074 106.84941101 24.29557228
v -15.29971027 106.82402802 24.29082680
v -25.13101006 107.04467010 24.33207893
v -24.93960953 106.92424774 24.30956459
v -24.72548866 106.84941101 24.29557228
v -24.49971008 106.82402802 24.29082680
v -71.05665588 109.79213715 33.24159622
v -71.05665588 109.29213715 33.24159622
v -69.95342255 109.79213715 30.48351288
v -69.95342255 109.29213715 30.48351288
v -70.63096619 109.79213715 33.28311157
v -69.83052063 109.79213715 33.00718689
v -70.21086884 109.79213715 33.20279694
v -69.52083588 109.79213715 32.71218491
v -69.30699158 109.79213715 32.34177399
v -69.20639038 109.79213715 31.92606735
v -69.22719574 109.79213715 31.49886894
v -69.36771393 109.79213715 31.09490776
v -69.61653900 109.79213715 30.74702835
v -70.63096619 109.29213715 33.28311157
v -70.21086884 109.29213715 33.20279694
v -69.83052063 109.29213715 33.00718689
v -69.61653900 109.29213715 30.74702835
v -69.36771393 109.29213715 31.09490776
v -69.22719574 109.29213715 31.49886894
v -69.20639038 109.29213715 31.92606735
v -69.30699158 109.29213715 32.34177399
v -69.52083588 109.29213715 32.71218491
v -58.35665512 109.79213715 33.24159622
v -58.35665512 109.29213715 33.24159622
v -57.25342178 109.79213715 30.48351288
v -57.25342178 109.29213715 30.48351288
v -56.91653824 109.79213715 30.74702835
v -56.66771698 109.79213715 31.09490776
v -56.52719116 109.79213715 31.49886894
v -56.50638962 109.79213715 31.92606735
v -56.60699463 109.79213715 32.34177399
v -56.82083511 109.79213715 32.71218491
v -57.13051987 109.79213715 33.00718689
v -57.51087189 109.79213715 33.20279694
v -57.93096924 109.79213715 33.28311157
v -57.93096924 109.29213715 33.28311157
v -57.51087189 109.29213715 33.20279694
v -57.13051987 109.29213715 33.00718689
v -56.82083511 109.29213715 32.71218491
v -56.60699463 109.29213715 32.34177399
v -56.50638962 109.29213715 31.92606735
v -56.52719116 109.29213715 31.49886894
v -56.66771698 109.29213715 31.09490776
v -56.91653824 109.29213715 30.74702835
v -45.65665436 109.79213715 33.24159622
v -45.65665436 109.29213715 33.24159622
v -44.55342102 109.79213715 30.48351288
v -44.55342102 109.29213715 30.48351288
v -45.23096848 109.79213715 33.28311157
v -44.81087112 109.79213715 33.20279694
v -44.43051910 109.79213715 33.00718689
v -44.12083435 109.79213715 32.71218491
v -43.90699387 109.79213715 32.34177399
v -43.80638885 109.79213715 31.92606735
v -43.82719040 109.79213715 31.49886894
v -43.96771622 109.79213715 31.09490776
v -44.21653748 109.79213715 30.74702835
v -45.23096848 109.29213715 33.28311157
v -44.81087112 109.29213715 33.20279694
v -44.43051910 109.29213715 33.00718689
v -44.21653748 109.29213715 30.74702835
v -43.96771622 109.29213715 31.09490776
v -43.82719040 109.29213715 31.49886894
v -43.80638885 109.29213715 31.92606735
v -43.90699387 109.29213715 32.34177399
v -44.12083435 109.29213715 32.71218491
v -32.95665359 109.79213715 33.24159622
v -32.95665359 109.29213715 33.24159622
v -31.85342216 109.79213715 30.48351288
v -31.85342216 109.29213715 30.48351288
v -32.53096771 109.79213715 33.28311157
v -31.51653671 109.79213715 30.74702835
v -31.26771736 109.79213715 31.09490776
v -31.12719154 109.79213715 31.49886894
v -31.10638809 109.79213715 31.92606735
v -31.20699501 109.79213715 32.34177399
v -31.42083359 109.79213715 32.71218491
v -31.73052025 109.79213715 33.00718689
v -32.11087418 109.79213715 33.20279694
v -32.53096771 109.29213715 33.28311157
v -32.11087418 109.29213715 33.20279694
v -31.73052025 109.29213715 33.00718689
v -31.42083359 109.29213715 32.71218491
v -31.20699501 109.29213715 32.34177399
v -31.10638809 109.29213715 31.92606735
v -31.12719154 109.29213715 31.49886894
v -31.26771736 109.29213715 31.09490776
v -31.51653671 109.29213715 30.74702835
v -20.25665474 109.79213715 33.24159622
v -20.25665474 109.29213715 33.24159622
v -19.15342140 109.79213715 30.48351288
v -19.15342140 109.29213715 30.48351288
v -19.83096886 109.79213715 33.28311157
v -18.40638733 109.79213715 31.92606735
v -18.50699425 109.79213715 32.34177399
v -18.42719269 109.79213715 31.49886894
v -18.56771660 109.79213715 31.09490776
v -18.81653595 109.79213715 30.74702835
v -18.72083473 109.79213715 32.71218491
v -19.03051949 109.79213715 33.00718689
v -19.41087151 109.79213715 33.20279694
v -19.83096886 109.29213715 33.28311157
v -18.81653595 109.29213715 30.74702835
v -18.56771660 109.29213715 31.09490776
v -18.42719269 109.29213715 31.49886894
v -18.40638733 109.29213715 31.92606735
v -18.50699425 109.29213715 32.34177399
v -18.72083473 109.29213715 32.71218491
v -19.03051949 109.29213715 33.00718689
v -19.41087151 109.29213715 33.20279694
v -26.99971008 111.55853271 25.43468666
v -27.09212303 111.56357574 25.43923569
v -27.04970932 111.55853271 25.43468666
v -27.13193703 111.57759094 25.45236969
v -27.19459343 111.61989594 25.49682808
v -26.99971008 111.68867493 25.43468666
v -27.04970932 111.68867493 25.43468666
v -27.19221687 111.72142792 25.49436188
v -27.12810326 111.69821167 25.45068932
v -27.23518944 111.66881561 25.55989647
v -27.24971008 111.71368408 25.63468552
v -27.24971008 111.75689697 25.73737526
v -27.24971008 111.78327179 25.84562111
v -27.24971008 111.79213715 25.95667839
v -27.24971008 111.77210999 25.63468552
v -27.23461533 111.74880219 25.55846405
v -27.24971008 111.79213715 25.80094147
v -27.24971008 111.78990173 25.74504662
v -27.24971008 111.78321075 25.68951035
v -27.19459343 111.61989594 25.49682808
v -27.23518944 111.66881561 25.55989647
v -27.23461533 111.74880219 25.55846405
v -27.19221687 111.72142792 25.49436188
v -39.69971085 111.55853271 25.43468666
v -39.79212570 111.56357574 25.43923569
v -39.74971008 111.55853271 25.43468666
v -39.83193588 111.57759094 25.45236969
v -39.89459610 111.61989594 25.49682808
v -39.69971085 111.68867493 25.43468666
v -39.74971008 111.68867493 25.43468666
v -39.89221573 111.72142792 25.49436188
v -39.82810211 111.69821167 25.45068932
v -39.93518829 111.66881561 25.55989647
v -39.94971085 111.71368408 25.63468552
v -39.94971085 111.75689697 25.73737526
v -39.94971085 111.78327179 25.84562111
v -39.94971085 111.79213715 25.95667839
v -39.94971085 111.77210999 25.63468552
v -39.93461609 111.74880219 25.55846405
v -39.94971085 111.79213715 25.80094147
v -39.94971085 111.78990173 25.74504662
v -39.94971085 111.78321075 25.68951035
v -39.89459610 111.61989594 25.49682808
v -39.93518829 111.66881561 25.55989647
v -39.93461609 111.74880219 25.55846405
v -39.89221573 111.72142792 25.49436188
v -52.39971161 111.55853271 25.43468666
v -52.49212265 111.56357574 25.43923569
v -52.44971085 111.55853271 25.43468666
v -52.53193665 111.57759094 25.45236969
v -52.59459305 111.61989594 25.49682808
v -52.39971161 111.68867493 25.43468666
v -52.44971085 111.68867493 25.43468666
v -52.59221649 111.72142792 25.49436188
v -52.52810287 111.69821167 25.45068932
v -52.63518906 111.66881561 25.55989647
v -52.64971161 111.71368408 25.63468552
v -52.64971161 111.75689697 25.73737526
v -52.64971161 111.78327179 25.84562111
v -52.64971161 111.79213715 25.95667839
v -52.64971161 111.77210999 25.63468552
v -52.63461304 111.74880219 25.55846405
v -52.64971161 111.79213715 25.80094147
v -52.64971161 111.78990173 25.74504662
v -52.64971161 111.78321075 25.68951035
v -52.59459305 111.61989594 25.49682808
v -52.63518906 111.66881561 25.55989647
v -52.63461304 111.74880219 25.55846405
v -52.59221649 111.72142792 25.49436188
v -65.09970856 111.55853271 25.43468666
v -65.19212341 111.56357574 25.43923569
v -65.14971161 111.55853271 25.43468666
v -65.23193359 111.57759094 25.45236969
v -65.29459381 111.61989594 25.49682808
v -65.09970856 111.68867493 25.43468666
v -65.14971161 111.68867493 25.43468666
v -65.29221344 111.72142792 25.49436188
v -65.22810364 111.69821167 25.45068932
v -65.33518982 111.66881561 25.55989647
v -65.34970856 111.71368408 25.63468552
v -65.34970856 111.75689697 25.73737526
v -65.34970856 111.78327179 25.84562111
v -65.34970856 111.79213715 25.95667839
v -65.34970856 111.77210999 25.63468552
v -65.33461761 111.74880219 25.55846405
v -65.34970856 111.79213715 25.80094147
v -65.34970856 111.78990173 25.74504662
v -65.34970856 111.78321075 25.68951035
v -65.29459381 111.61989594 25.49682808
v -65.33518982 111.66881561 25.55989647
v -65.33461761 111.74880219 25.55846405
v -65.29221344 111.72142792 25.49436188
v -14.49459457 111.61989594 25.49682808
v -14.53518963 111.66881561 25.55989647
v -14.53461456 111.74880219 25.55846405
v -14.49221611 111.72142792 25.49436188
v -14.29971027 111.55853271 25.43468666
v -14.39212418 111.56357574 25.43923569
v -14.34971046 111.55853271 25.43468666
v -14.43193722 111.57759094 25.45236969
v -14.49459457 111.61989594 25.49682808
v -14.49221611 111.72142792 25.49436188
v -14.42810345 111.69821167 25.45068932
v -14.34971046 111.68867493 25.43468666
v -14.29971027 111.68867493 25.43468666
v -26.85540771 111.79213715 26.68468666
v -26.85540771 111.29213715 26.68468666
v -25.44971085 111.29213715 26.68468666
v -25.34971046 111.29213715 26.65789223
v -25.44971085 111.79213715 26.68468666
v -25.34971046 111.79213715 26.65789223
v -25.34971046 111.29213715 26.65789223
v -25.27650452 111.29213715 26.58468628
v -25.34971046 111.79213715 26.65789223
v -25.27650452 111.79213715 26.58468628
v -39.55540848 111.79213715 26.68468666
v -39.55540848 111.29213715 26.68468666
v -38.14971161 111.29213715 26.68468666
v -38.04970932 111.29213715 26.65789223
v -38.14971161 111.79213715 26.68468666
v -38.04970932 111.79213715 26.65789223
v -38.04970932 111.29213715 26.65789223
v -37.97650528 111.29213715 26.58468628
v -38.04970932 111.79213715 26.65789223
v -37.97650528 111.79213715 26.58468628
v -52.25540543 111.79213715 26.68468666
v -52.25540543 111.29213715 26.68468666
v -50.74971008 111.29213715 26.65789223
v -50.84970856 111.29213715 26.68468666
v -50.84970856 111.79213715 26.68468666
v -50.74971008 111.79213715 26.65789223
v -50.74971008 111.29213715 26.65789223
v -50.67650604 111.29213715 26.58468628
v -50.74971008 111.79213715 26.65789223
v -50.67650604 111.79213715 26.58468628
v -64.95540619 111.79213715 26.68468666
v -64.95540619 111.29213715 26.68468666
v -63.54970932 111.29213715 26.68468666
v -63.44971085 111.29213715 26.65789223
v -63.54970932 111.79213715 26.68468666
v -63.44971085 111.79213715 26.65789223
v -63.44971085 111.29213715 26.65789223
v -63.37650681 111.29213715 26.58468628
v -63.44971085 111.79213715 26.65789223
v -63.37650681 111.79213715 26.58468628
v -14.54971027 111.43137360 35.74851227
v -14.54971027 111.19741821 35.66878128
v -14.54971027 109.96205902 35.48084641
v -14.54971027 109.87524414 35.44540405
v -76.04971313 109.87524414 35.44540405
v -76.04971313 109.96205902 35.48084641
v -76.04971313 111.19741821 35.66878128
v -76.04971313 111.43137360 35.74851227
v -16.53358078 109.87524414 35.44540405
v -18.51745224 109.87524414 35.44540405
v -20.50132370 109.87524414 35.44540405
v -24.46906471 109.87524414 35.44540405
v -26.45293617 109.87524414 35.44540405
v -28.43680763 109.87524414 35.44540405
v -30.42067719 109.87524414 35.44540405
v -34.38842010 109.87524414 35.44540405
v -36.37229156 109.87524414 35.44540405
v -38.35616302 109.87524414 35.44540405
v -40.34003067 109.87524414 35.44540405
v -46.29164505 109.87524414 35.44540405
v -48.27551651 109.87524414 35.44540405
v -50.25938797 109.87524414 35.44540405
v -52.24325943 109.87524414 35.44540405
v -56.21099854 109.87524414 35.44540405
v -58.19487000 109.87524414 35.44540405
v -60.17874146 109.87524414 35.44540405
v -62.16261292 109.87524414 35.44540405
v -66.13035583 109.87524414 35.44540405
v -68.11422729 109.87524414 35.44540405
v -70.09809875 109.87524414 35.44540405
v -72.08197021 109.87524414 35.44540405
v -74.06584167 109.87524414 35.44540405
v -44.30777359 109.87524414 35.44540405
v -22.48519325 109.87524414 35.44540405
v -32.40454865 109.87524414 35.44540405
v -42.32390213 109.87524414 35.44540405
v -54.22713089 109.87524414 35.44540405
v -64.14648438 109.87524414 35.44540405
v -35.04970932 111.43137360 35.74851227
v -40.17470932 111.43137360 35.74851227
v -45.29970932 111.43137360 35.74851227
v -50.42470932 111.43137360 35.74851227
v -55.54970932 111.43137360 35.74851227
v -70.92471313 111.43137360 35.74851227
v -65.79971313 111.43137360 35.74851227
v -60.67470932 111.43137360 35.74851227
v -19.67470932 111.43137360 35.74851227
v -24.79970932 111.43137360 35.74851227
v -29.92470932 111.43137360 35.74851227
v -14.54971027 109.87524414 35.44540405
v -14.54971027 109.81412506 35.37428284
v -76.04971313 109.81412506 35.37428284
v -76.04971313 109.87524414 35.44540405
v -16.53358078 109.87524414 35.44540405
v -18.51745224 109.87524414 35.44540405
v -20.50132370 109.87524414 35.44540405
v -20.50132370 109.81412506 35.37428284
v -22.48519325 109.81412506 35.37428284
v -24.46906471 109.81412506 35.37428284
v -26.45293617 109.81412506 35.37428284
v -24.46906471 109.87524414 35.44540405
v -26.45293617 109.87524414 35.44540405
v -28.43680763 109.87524414 35.44540405
v -30.42067719 109.87524414 35.44540405
v -30.42067719 109.81412506 35.37428284
v -32.40454865 109.81412506 35.37428284
v -34.38842010 109.81412506 35.37428284
v -36.37229156 109.81412506 35.37428284
v -34.38842010 109.87524414 35.44540405
v -36.37229156 109.87524414 35.44540405
v -38.35616302 109.87524414 35.44540405
v -40.34003067 109.87524414 35.44540405
v -40.34003067 109.81412506 35.37428284
v -42.32390213 109.81412506 35.37428284
v -44.30777359 109.81412506 35.37428284
v -46.29164505 109.81412506 35.37428284
v -48.27551651 109.81412506 35.37428284
v -46.29164505 109.87524414 35.44540405
v -48.27551651 109.87524414 35.44540405
v -50.25938797 109.87524414 35.44540405
v -52.24325943 109.87524414 35.44540405
v -52.24325943 109.81412506 35.37428284
v -54.22713089 109.81412506 35.37428284
v -56.21099854 109.81412506 35.37428284
v -58.19487000 109.81412506 35.37428284
v -56.21099854 109.87524414 35.44540405
v -58.19487000 109.87524414 35.44540405
v -60.17874146 109.87524414 35.44540405
v -62.16261292 109.87524414 35.44540405
v -62.16261292 109.81412506 35.37428284
v -64.14648438 109.81412506 35.37428284
v -66.13035583 109.81412506 35.37428284
v -68.11422729 109.81412506 35.37428284
v -66.13035583 109.87524414 35.44540405
v -68.11422729 109.87524414 35.44540405
v -70.09809875 109.87524414 35.44540405
v -72.08197021 109.87524414 35.44540405
v -72.08197021 109.81412506 35.37428284
v -74.06584167 109.81412506 35.37428284
v -16.53358078 109.81412506 35.37428284
v -74.06584167 109.87524414 35.44540405
v -44.30777359 109.87524414 35.44540405
v -18.51745224 109.81412506 35.37428284
v -22.48519325 109.87524414 35.44540405
v -28.43680763 109.81412506 35.37428284
v -32.40454865 109.87524414 35.44540405
v -38.35616302 109.81412506 35.37428284
v -42.32390213 109.87524414 35.44540405
v -50.25938797 109.81412506 35.37428284
v -54.22713089 109.87524414 35.44540405
v -60.17874146 109.81412506 35.37428284
v -64.14648438 109.87524414 35.44540405
v -70.09809875 109.81412506 35.37428284
v -14.54971027 111.74850464 36.11753464
v -14.54971027 111.62303162 35.90458298
v -76.04971313 111.62303162 35.90458298
v -76.04971313 111.74850464 36.11753464
v -19.67470932 111.74850464 36.11753464
v -24.79970932 111.74850464 36.11753464
v -29.92470932 111.74850464 36.11753464
v -29.92470932 111.62303162 35.90458298
v -35.04970932 111.62303162 35.90458298
v -50.42470932 111.62303162 35.90458298
v -55.54970932 111.62303162 35.90458298
v -50.42470932 111.74850464 36.11753464
v -55.54970932 111.74850464 36.11753464
v -60.67470932 111.74850464 36.11753464
v -65.79971313 111.74850464 36.11753464
v -65.79971313 111.62303162 35.90458298
v -70.92471313 111.62303162 35.90458298
v -60.67470932 111.62303162 35.90458298
v -19.67470932 111.62303162 35.90458298
v -70.92471313 111.74850464 36.11753464
v -45.29970932 111.74850464 36.11753464
v -40.17470932 111.74850464 36.11753464
v -35.04970932 111.74850464 36.11753464
v -40.17470932 111.62303162 35.90458298
v -24.79970932 111.62303162 35.90458298
v -45.29970932 111.62303162 35.90458298
v -14.54971027 111.62303162 35.90458298
v -14.54971027 111.43137360 35.74851227
v -76.04971313 111.43137360 35.74851227
v -76.04971313 111.62303162 35.90458298
v -29.92470932 111.62303162 35.90458298
v -35.04970932 111.62303162 35.90458298
v -35.04970932 111.43137360 35.74851227
v -40.17470932 111.43137360 35.74851227
v -45.29970932 111.43137360 35.74851227
v -50.42470932 111.43137360 35.74851227
v -55.54970932 111.43137360 35.74851227
v -50.42470932 111.62303162 35.90458298
v -55.54970932 111.62303162 35.90458298
v -65.79971313 111.62303162 35.90458298
v -70.92471313 111.62303162 35.90458298
v -70.92471313 111.43137360 35.74851227
v -65.79971313 111.43137360 35.74851227
v -60.67470932 111.43137360 35.74851227
v -60.67470932 111.62303162 35.90458298
v -19.67470932 111.62303162 35.90458298
v -19.67470932 111.43137360 35.74851227
v -40.17470932 111.62303162 35.90458298
v -24.79970932 111.62303162 35.90458298
v -24.79970932 111.43137360 35.74851227
v -45.29970932 111.62303162 35.90458298
v -29.92470932 111.43137360 35.74851227
v -75.66036987 111.20903778 36.19853973
v -75.66036987 111.12222290 36.16309357
v -75.66036987 109.88686371 35.97515869
v -75.66036987 109.65290833 35.89543152
v -76.04971313 109.65290833 35.89543152
v -76.04971313 109.88686371 35.97515869
v -76.04971313 111.12222290 36.16309357
v -76.04971313 111.20903778 36.19853973
v -75.66036987 111.27015686 36.26965714
v -75.66036987 111.20903778 36.19853973
v -76.04971313 111.20903778 36.19853973
v -76.04971313 111.27015686 36.26965714
v -75.66036987 109.46124268 35.73936081
v -75.66036987 109.33577728 35.52640533
v -76.04971313 109.46124268 35.73936081
v -76.04971313 109.33577728 35.52640533
v -75.66036987 109.65290833 35.89543152
v -75.66036987 109.46124268 35.73936081
v -76.04971313 109.46124268 35.73936081
v -76.04971313 109.65290833 35.89543152
v -14.54971027 109.65290833 27.67394257
v -14.54971027 109.88686371 27.59421158
v -14.54971027 111.12222290 27.40627861
v -14.54971027 111.20903778 27.37083435
v -76.04971313 111.20903778 27.37083435
v -76.04971313 111.12222290 27.40627861
v -76.04971313 109.88686371 27.59421158
v -76.04971313 109.65290833 27.67394257
v -19.67470932 109.65290833 27.67394257
v -24.79970932 109.65290833 27.67394257
v -29.92470932 109.65290833 27.67394257
v -50.42470932 109.65290833 27.67394257
v -55.54970932 109.65290833 27.67394257
v -60.67470932 109.65290833 27.67394257
v -65.79971313 109.65290833 27.67394257
v -70.92471313 109.65290833 27.67394257
v -45.29970932 109.65290833 27.67394257
v -40.17470932 109.65290833 27.67394257
v -35.04970932 109.65290833 27.67394257
v -20.50132370 111.20903778 27.37083435
v -22.48519325 111.20903778 27.37083435
v -24.46906471 111.20903778 27.37083435
v -26.45293617 111.20903778 27.37083435
v -30.42067719 111.20903778 27.37083435
v -32.40454865 111.20903778 27.37083435
v -34.38842010 111.20903778 27.37083435
v -36.37229156 111.20903778 27.37083435
v -40.34003067 111.20903778 27.37083435
v -42.32390213 111.20903778 27.37083435
v -44.30777359 111.20903778 27.37083435
v -46.29164505 111.20903778 27.37083435
v -48.27551651 111.20903778 27.37083435
v -52.24325943 111.20903778 27.37083435
v -54.22713089 111.20903778 27.37083435
v -56.21099854 111.20903778 27.37083435
v -58.19487000 111.20903778 27.37083435
v -62.16261292 111.20903778 27.37083435
v -64.14648438 111.20903778 27.37083435
v -66.13035583 111.20903778 27.37083435
v -68.11422729 111.20903778 27.37083435
v -72.08197021 111.20903778 27.37083435
v -74.06584167 111.20903778 27.37083435
v -16.53358078 111.20903778 27.37083435
v -18.51745224 111.20903778 27.37083435
v -28.43680763 111.20903778 27.37083435
v -38.35616302 111.20903778 27.37083435
v -50.25938797 111.20903778 27.37083435
v -60.17874146 111.20903778 27.37083435
v -70.09809875 111.20903778 27.37083435
v -14.54971027 109.65290833 27.67394257
v -14.54971027 109.46124268 27.83001328
v -76.04971313 109.65290833 27.67394257
v -76.04971313 109.46124268 27.83001328
v -19.67470932 109.65290833 27.67394257
v -24.79970932 109.65290833 27.67394257
v -29.92470932 109.65290833 27.67394257
v -29.92470932 109.46124268 27.83001328
v -35.04970932 109.46124268 27.83001328
v -50.42470932 109.46124268 27.83001328
v -55.54970932 109.46124268 27.83001328
v -50.42470932 109.65290833 27.67394257
v -55.54970932 109.65290833 27.67394257
v -60.67470932 109.65290833 27.67394257
v -65.79971313 109.65290833 27.67394257
v -65.79971313 109.46124268 27.83001328
v -70.92471313 109.46124268 27.83001328
v -60.67470932 109.46124268 27.83001328
v -19.67470932 109.46124268 27.83001328
v -70.92471313 109.65290833 27.67394257
v -45.29970932 109.65290833 27.67394257
v -40.17470932 109.65290833 27.67394257
v -35.04970932 109.65290833 27.67394257
v -40.17470932 109.46124268 27.83001328
v -24.79970932 109.46124268 27.83001328
v -45.29970932 109.46124268 27.83001328
v -14.54971027 109.46124268 27.83001328
v -14.54971027 109.33577728 28.04296494
v -76.04971313 109.46124268 27.83001328
v -76.04971313 109.33577728 28.04296494
v -29.92470932 109.46124268 27.83001328
v -35.04970932 109.46124268 27.83001328
v -35.04970932 109.33577728 28.04296494
v -40.17470932 109.33577728 28.04296494
v -45.29970932 109.33577728 28.04296494
v -50.42470932 109.33577728 28.04296494
v -55.54970932 109.33577728 28.04296494
v -50.42470932 109.46124268 27.83001328
v -55.54970932 109.46124268 27.83001328
v -65.79971313 109.46124268 27.83001328
v -70.92471313 109.46124268 27.83001328
v -70.92471313 109.33577728 28.04296494
v -65.79971313 109.33577728 28.04296494
v -60.67470932 109.33577728 28.04296494
v -60.67470932 109.46124268 27.83001328
v -19.67470932 109.46124268 27.83001328
v -19.67470932 109.33577728 28.04296494
v -40.17470932 109.46124268 27.83001328
v -24.79970932 109.46124268 27.83001328
v -24.79970932 109.33577728 28.04296494
v -45.29970932 109.46124268 27.83001328
v -29.92470932 109.33577728 28.04296494
v -14.54971027 111.20903778 27.37083435
v -14.54971027 111.27015686 27.29971504
v -76.04971313 111.27015686 27.29971504
v -76.04971313 111.20903778 27.37083435
v -16.53358078 111.27015686 27.29971504
v -18.51745224 111.27015686 27.29971504
v -20.50132370 111.27015686 27.29971504
v -20.50132370 111.20903778 27.37083435
v -22.48519325 111.20903778 27.37083435
v -24.46906471 111.20903778 27.37083435
v -26.45293617 111.20903778 27.37083435
v -24.46906471 111.27015686 27.29971504
v -26.45293617 111.27015686 27.29971504
v -28.43680763 111.27015686 27.29971504
v -30.42067719 111.27015686 27.29971504
v -30.42067719 111.20903778 27.37083435
v -32.40454865 111.20903778 27.37083435
v -34.38842010 111.20903778 27.37083435
v -36.37229156 111.20903778 27.37083435
v -34.38842010 111.27015686 27.29971504
v -36.37229156 111.27015686 27.29971504
v -38.35616302 111.27015686 27.29971504
v -40.34003067 111.27015686 27.29971504
v -40.34003067 111.20903778 27.37083435
v -42.32390213 111.20903778 27.37083435
v -44.30777359 111.20903778 27.37083435
v -46.29164505 111.20903778 27.37083435
v -48.27551651 111.20903778 27.37083435
v -46.29164505 111.27015686 27.29971504
v -48.27551651 111.27015686 27.29971504
v -50.25938797 111.27015686 27.29971504
v -52.24325943 111.27015686 27.29971504
v -52.24325943 111.20903778 27.37083435
v -54.22713089 111.20903778 27.37083435
v -56.21099854 111.20903778 27.37083435
v -58.19487000 111.20903778 27.37083435
v -56.21099854 111.27015686 27.29971504
v -58.19487000 111.27015686 27.29971504
v -60.17874146 111.27015686 27.29971504
v -62.16261292 111.27015686 27.29971504
v -62.16261292 111.20903778 27.37083435
v -64.14648438 111.20903778 27.37083435
v -66.13035583 111.20903778 27.37083435
v -68.11422729 111.20903778 27.37083435
v -66.13035583 111.27015686 27.29971504
v -68.11422729 111.27015686 27.29971504
v -70.09809875 111.27015686 27.29971504
v -72.08197021 111.27015686 27.29971504
v -72.08197021 111.20903778 27.37083435
v -74.06584167 111.20903778 27.37083435
v -16.53358078 111.20903778 27.37083435
v -74.06584167 111.27015686 27.29971504
v -44.30777359 111.27015686 27.29971504
v -18.51745224 111.20903778 27.37083435
v -22.48519325 111.27015686 27.29971504
v -28.43680763 111.20903778 27.37083435
v -32.40454865 111.27015686 27.29971504
v -38.35616302 111.20903778 27.37083435
v -42.32390213 111.27015686 27.29971504
v -50.25938797 111.20903778 27.37083435
v -54.22713089 111.27015686 27.29971504
v -60.17874146 111.20903778 27.37083435
v -64.14648438 111.27015686 27.29971504
v -70.09809875 111.20903778 27.37083435
v -5.00151539 112.01610565 39.50179291
v -104.67623901 112.01610565 39.50179291
v -5.00151539 112.01610565 25.49820518
v -104.67623901 112.01610565 25.49820518
v -23.14819527 112.01610565 32.50000000
v -23.20271492 112.01610565 32.08588791
v -23.36255455 112.01610565 31.70000076
v -49.96873856 112.01610565 36.49597168
v -49.25811386 112.01610565 36.39971161
v -48.57609558 112.01610565 36.17811203
v -104.39855194 112.01610565 39.31022644
v -103.74819946 112.01610565 39.15000153
v -103.40617371 112.01610565 39.08969116
v -50.68512726 112.01610565 36.46379852
v -103.10540771 112.01610565 38.91604614
v -102.88217163 112.01610565 38.65000153
v -104.08309937 112.01610565 39.19064713
v -102.76338959 112.01610565 38.32364655
v -51.38426208 112.01610565 36.30422592
v -102.76338959 112.01610565 37.97635269
v -70.54819489 112.01610565 34.09999847
v -102.88217163 112.01610565 37.65000153
v -85.03900909 112.01610565 34.09627151
v -103.10540771 112.01610565 37.38395691
v -103.40617371 112.01610565 37.21030807
v -85.47372437 112.01610565 34.06653595
v -103.74819946 112.01610565 37.15000153
v -85.88430023 112.01610565 33.92061615
v -86.24028015 112.01610565 33.66933823
v -86.51526642 112.01610565 33.33133316
v -86.68886566 112.01610565 32.93167496
v -86.74819946 112.01610565 32.50000000
v -103.74819946 112.01610565 27.85000038
v -86.68886566 112.01610565 32.06832504
v -86.51526642 112.01610565 31.66866493
v -86.24028015 112.01610565 31.33066177
v -85.88430023 112.01610565 31.07938385
v -85.47372437 112.01610565 30.93346596
v -103.40617371 112.01610565 27.78969193
v -85.03900909 112.01610565 30.90373039
v -103.10540771 112.01610565 27.61604500
v -102.88217163 112.01610565 27.35000038
v -70.54819489 112.01610565 30.89999962
v -102.76338959 112.01610565 27.02364731
v -51.38426208 112.01610565 28.69577408
v -102.76338959 112.01610565 26.67635155
v -50.68512726 112.01610565 28.53620148
v -102.88217163 112.01610565 26.35000038
v -103.10540771 112.01610565 26.08395576
v -103.40617371 112.01610565 25.91030693
v -49.96873856 112.01610565 28.50402832
v -49.25811386 112.01610565 28.60028839
v -48.57609558 112.01610565 28.82188797
v -25.54819679 112.01610565 30.89999962
v -47.94460678 112.01610565 29.16170692
v -47.38394547 112.01610565 29.60881996
v -25.96230698 112.01610565 30.95451927
v -46.91212845 112.01610565 30.14885902
v -46.54431915 112.01610565 30.76446533
v -26.34819603 112.01610565 31.11435890
v -26.67956734 112.01610565 31.36862946
v -103.74819946 112.01610565 25.85000038
v -104.39855194 112.01610565 25.68977356
v -104.08309937 112.01610565 25.80935287
v -52.04367065 112.01610565 28.97761726
v -69.74819946 112.01610565 30.89999962
v -52.64215469 112.01610565 29.37267494
v -53.16048050 112.01610565 29.86824417
v -70.96230316 112.01610565 30.95451927
v -84.61238861 112.01610565 30.99238205
v -71.34819794 112.01610565 31.11435890
v -84.22550964 112.01610565 31.19284821
v -71.67956543 112.01610565 31.36862946
v -83.90705872 112.01610565 31.49025917
v -71.93383789 112.01610565 31.70000076
v -83.68065643 112.01610565 31.86255836
v -72.09367371 112.01610565 32.08588791
v -83.56309509 112.01610565 32.28213501
v -72.14819336 112.01610565 32.50000000
v -83.56309509 112.01610565 32.71786499
v -72.09367371 112.01610565 32.91411209
v -83.68065643 112.01610565 33.13744354
v -71.93383789 112.01610565 33.29999924
v -83.90705872 112.01610565 33.50973892
v -71.67956543 112.01610565 33.63137054
v -84.22550964 112.01610565 33.80715179
v -71.34819794 112.01610565 33.88563919
v -84.61238861 112.01610565 34.00761795
v -70.96230316 112.01610565 34.04548264
v -52.04367065 112.01610565 36.02238083
v -69.74819946 112.01610565 34.09999847
v -52.64215469 112.01610565 35.62732697
v -53.16048050 112.01610565 35.13175583
v -69.33408356 112.01610565 34.04548264
v -53.58198929 112.01610565 34.55159760
v -68.94819641 112.01610565 33.88563919
v -53.89313507 112.01610565 33.90549850
v -68.61682892 112.01610565 33.63137054
v -54.08391571 112.01610565 33.21422577
v -68.36255646 112.01610565 33.29999924
v -68.20271301 112.01610565 32.91411209
v -54.14819717 112.01610565 32.50000000
v -68.14819336 112.01610565 32.50000000
v -68.20271301 112.01610565 32.08588791
v -54.08391571 112.01610565 31.78577232
v -68.36255646 112.01610565 31.70000076
v -68.61682892 112.01610565 31.36862946
v -53.89313507 112.01610565 31.09450150
v -68.94819641 112.01610565 31.11435890
v -53.58198929 112.01610565 30.44840240
v -69.33408356 112.01610565 30.95451927
v -24.33408546 112.01610565 30.95451927
v -24.74819565 112.01610565 30.89999962
v -46.29234314 112.01610565 31.43585205
v -26.93383598 112.01610565 31.70000076
v -46.16429901 112.01610565 32.14144135
v -27.09367752 112.01610565 32.08588791
v -27.14819527 112.01610565 32.50000000
v -46.16429901 112.01610565 32.85855865
v -27.09367752 112.01610565 32.91411209
v -26.93383598 112.01610565 33.29999924
v -46.29234314 112.01610565 33.56414795
v -26.67956734 112.01610565 33.63137054
v -46.54431915 112.01610565 34.23553467
v -26.34819603 112.01610565 33.88563919
v -25.96230698 112.01610565 34.04548264
v -25.54819679 112.01610565 34.09999847
v -47.38394547 112.01610565 35.39117813
v -46.91212845 112.01610565 34.85114288
v -24.74819565 112.01610565 34.09999847
v -47.94460678 112.01610565 35.83829117
v -24.33408546 112.01610565 34.04548264
v -23.94819641 112.01610565 33.88563919
v -23.61682510 112.01610565 33.63137054
v -23.36255455 112.01610565 33.29999924
v -23.20271492 112.01610565 32.91411209
v -23.61682510 112.01610565 31.36862946
v -23.94819641 112.01610565 31.11435890
v -103.74819946 113.41610718 37.15000153
v -103.40617371 113.41610718 37.21030807
v -103.10540771 113.41610718 37.38395691
v -102.88217163 113.41610718 37.65000153
v -102.76338959 113.41610718 37.97635269
v -102.76338959 113.41610718 38.32364655
v -102.88217163 113.41610718 38.65000153
v -103.10540771 113.41610718 38.91604614
v -103.40617371 113.41610718 39.08969116
v -103.74819946 113.41610718 39.15000153
v -104.08309937 113.41610718 39.19064713
v -104.39855194 113.41610718 39.31022644
v -104.67623901 113.41610718 39.50179291
v -104.67623901 113.41610718 25.49820518
v -104.39855194 113.41610718 25.68977356
v -104.08309937 113.41610718 25.80935287
v -103.74819946 113.41610718 25.85000038
v -103.40617371 113.41610718 25.91030693
v -103.10540771 113.41610718 26.08395576
v -102.88217163 113.41610718 26.35000038
v -102.76338959 113.41610718 26.67635155
v -102.76338959 113.41610718 27.02364731
v -102.88217163 113.41610718 27.35000038
v -103.10540771 113.41610718 27.61604500
v -103.40617371 113.41610718 27.78969193
v -103.74819946 113.41610718 27.85000038
v -104.14819336 113.41610718 27.85000038
v -104.14819336 113.41610718 37.15000153
v -86.68886566 113.41610718 32.06832504
v -86.74819946 113.41610718 32.50000000
v -86.68886566 113.41610718 32.93167496
v -86.51526642 113.41610718 33.33133316
v -86.51526642 113.41610718 31.66866493
v -86.24028015 113.41610718 31.33066177
v -85.88430023 113.41610718 31.07938385
v -85.47372437 113.41610718 30.93346596
v -85.03900909 113.41610718 30.90373039
v -84.61238861 113.41610718 30.99238205
v -84.22550964 113.41610718 31.19284821
v -83.90705872 113.41610718 31.49025917
v -83.68065643 113.41610718 31.86255836
v -83.56309509 113.41610718 32.28213501
v -83.56309509 113.41610718 32.71786499
v -83.68065643 113.41610718 33.13744354
v -83.90705872 113.41610718 33.50973892
v -84.22550964 113.41610718 33.80715179
v -84.61238861 113.41610718 34.00761795
v -85.03900909 113.41610718 34.09627151
v -85.47372437 113.41610718 34.06653595
v -85.88430023 113.41610718 33.92061615
v -86.24028015 113.41610718 33.66933823
v -54.14819717 113.41610718 32.50000000
v -54.08391571 113.41610718 33.21422577
v -53.89313507 113.41610718 33.90549850
v -53.58198929 113.41610718 34.55159760
v -53.16048050 113.41610718 35.13175583
v -52.64215469 113.41610718 35.62732697
v -52.04367065 113.41610718 36.02238083
v -51.38426208 113.41610718 36.30422592
v -50.68512726 113.41610718 36.46379852
v -49.96873856 113.41610718 36.49597168
v -49.25811386 113.41610718 36.39971161
v -48.57609558 113.41610718 36.17811203
v -47.94460678 113.41610718 35.83829117
v -47.38394547 113.41610718 35.39117813
v -46.91212845 113.41610718 34.85114288
v -46.54431915 113.41610718 34.23553467
v -46.29234314 113.41610718 33.56414795
v -46.16429901 113.41610718 32.85855865
v -46.16429901 113.41610718 32.14144135
v -46.29234314 113.41610718 31.43585205
v -46.54431915 113.41610718 30.76446533
v -46.91212845 113.41610718 30.14885902
v -47.38394547 113.41610718 29.60881996
v -47.94460678 113.41610718 29.16170692
v -48.57609558 113.41610718 28.82188797
v -49.25811386 113.41610718 28.60028839
v -49.96873856 113.41610718 28.50402832
v -50.68512726 113.41610718 28.53620148
v -51.38426208 113.41610718 28.69577408
v -52.04367065 113.41610718 28.97761726
v -52.64215469 113.41610718 29.37267494
v -53.16048050 113.41610718 29.86824417
v -53.58198929 113.41610718 30.44840240
v -53.89313507 113.41610718 31.09450150
v -54.08391571 113.41610718 31.78577232
v -24.74819565 113.41610718 34.09999847
v -24.33408546 113.41610718 34.04548264
v -23.94819641 113.41610718 33.88563919
v -23.61682510 113.41610718 33.63137054
v -23.36255455 113.41610718 33.29999924
v -23.20271492 113.41610718 32.91411209
v -23.14819527 113.41610718 32.50000000
v -23.20271492 113.41610718 32.08588791
v -23.36255455 113.41610718 31.70000076
v -23.61682510 113.41610718 31.36862946
v -23.94819641 113.41610718 31.11435890
v -24.33408546 113.41610718 30.95451927
v -24.74819565 113.41610718 30.89999962
v -25.54819679 113.41610718 34.09999847
v -25.54819679 113.41610718 30.89999962
v -25.96230698 113.41610718 30.95451927
v -26.34819603 113.41610718 31.11435890
v -26.67956734 113.41610718 31.36862946
v -26.93383598 113.41610718 31.70000076
v -27.09367752 113.41610718 32.08588791
v -27.14819527 113.41610718 32.50000000
v -27.09367752 113.41610718 32.91411209
v -26.93383598 113.41610718 33.29999924
v -26.67956734 113.41610718 33.63137054
v -26.34819603 113.41610718 33.88563919
v -25.96230698 113.41610718 34.04548264
v -69.74819946 113.41610718 34.09999847
v -69.33408356 113.41610718 34.04548264
v -68.94819641 113.41610718 33.88563919
v -68.61682892 113.41610718 33.63137054
v -68.36255646 113.41610718 33.29999924
v -68.20271301 113.41610718 32.91411209
v -68.14819336 113.41610718 32.50000000
v -68.20271301 113.41610718 32.08588791
v -68.36255646 113.41610718 31.70000076
v -68.61682892 113.41610718 31.36862946
v -68.94819641 113.41610718 31.11435890
v -69.33408356 113.41610718 30.95451927
v -69.74819946 113.41610718 30.89999962
v -70.54819489 113.41610718 34.09999847
v -70.54819489 113.41610718 30.89999962
v -70.96230316 113.41610718 30.95451927
v -71.34819794 113.41610718 31.11435890
v -71.67956543 113.41610718 31.36862946
v -71.93383789 113.41610718 31.70000076
v -72.09367371 113.41610718 32.08588791
v -72.14819336 113.41610718 32.50000000
v -72.09367371 113.41610718 32.91411209
v -71.93383789 113.41610718 33.29999924
v -71.67956543 113.41610718 33.63137054
v -71.34819794 113.41610718 33.88563919
v -70.96230316 113.41610718 34.04548264
v -5.00151539 113.41610718 25.49820518
v -5.00151539 113.41610718 39.50179291
v -72.34041595 107.68222046 38.60943222
v -72.19170380 107.87844849 38.53781128
v -72.10999298 107.98644257 38.55255127
v -72.94844055 108.47411346 37.60963058
v -72.96427917 108.44893646 37.61064911
v -72.95581818 108.88053894 37.58951187
v -59.64041138 107.68222046 38.60943222
v -59.49170303 107.87844849 38.53781128
v -59.40998840 107.98644257 38.55255127
v -60.24843979 108.47411346 37.60963058
v -60.26427460 108.44893646 37.61064911
v -60.25582123 108.88053894 37.58951187
v -46.94041061 107.68222046 38.60943222
v -46.79170227 107.87844849 38.53781128
v -46.70999146 107.98644257 38.55255127
v -47.54843903 108.47411346 37.60963058
v -47.56427765 108.44893646 37.61064911
v -47.55582047 108.88053894 37.58951187
v -34.24041367 107.68222046 38.60943222
v -34.09170151 107.87844849 38.53781128
v -34.00999069 107.98644257 38.55255127
v -34.84843826 108.47411346 37.60963058
v -34.86427689 108.44893646 37.61064911
v -34.85581970 108.88053894 37.58951187
v -21.54041290 107.68222046 38.60943222
v -21.39170074 107.87844849 38.53781128
v -21.30998993 107.98644257 38.55255127
v -22.14843750 108.47411346 37.60963058
v -22.16427612 108.44893646 37.61064911
v -22.15582085 108.88053894 37.58951187
v -66.34041595 107.68222046 38.60943222
v -66.19170380 107.87844849 38.53781128
v -66.10999298 107.98644257 38.55255127
v -66.94844055 108.47411346 37.60963058
v -66.96427917 108.44893646 37.61064911
v -66.95581818 108.88053894 37.58951187
v -53.64041138 107.68222046 38.60943222
v -53.49170303 107.87844849 38.53781128
v -53.40998840 107.98644257 38.55255127
v -54.24843979 108.47411346 37.60963058
v -54.26427460 108.44893646 37.61064911
v -54.25582123 108.88053894 37.58951187
v -40.94041061 107.68222046 38.60943222
v -40.79170227 107.87844849 38.53781128
v -40.70999146 107.98644257 38.55255127
v -41.54843903 108.47411346 37.60963058
v -41.56427765 108.44893646 37.61064911
v -41.55582047 108.88053894 37.58951187
v -28.24041176 107.68222046 38.60943222
v -28.09170151 107.87844849 38.53781128
v -28.00998878 107.98644257 38.55255127
v -28.84843826 108.47411346 37.60963058
v -28.86427689 108.44893646 37.61064911
v -28.85582161 108.88053894 37.58951187
v -15.54041290 107.68222046 38.60943222
v -15.39170170 107.87844849 38.53781128
v -15.30998993 107.98644257 38.55255127
v -16.14843750 108.47411346 37.60963058
v -16.16427612 108.44893646 37.61064911
v -16.15582085 108.88053894 37.58951187
v -73.90877533 107.73007965 39.97190094
v -73.79344177 107.47603607 39.68355942
v -73.83835602 107.50888824 39.72722626
v -74.66966248 107.68222046 25.11567879
v -74.90008545 107.98644257 25.17255783
v -74.81837463 107.87844849 25.18729973
v -74.05425262 108.88053894 26.13559723
v -74.04579926 108.44893646 26.11446190
v -74.06163788 108.47411346 26.11548042
v -61.20877457 107.73007965 39.97190094
v -61.09344101 107.47603607 39.68355942
v -61.13835907 107.50888824 39.72722626
v -61.96966553 107.68222046 25.11567879
v -62.20008850 107.98644257 25.17255783
v -62.11837387 107.87844849 25.18729973
v -61.35425568 108.88053894 26.13559723
v -61.34580231 108.44893646 26.11446190
v -61.36163712 108.47411346 26.11548042
v -48.50877762 107.73007965 39.97190094
v -48.39344025 107.47603607 39.68355942
v -48.43835831 107.50888824 39.72722626
v -49.26966476 107.68222046 25.11567879
v -49.50008774 107.98644257 25.17255783
v -49.41837692 107.87844849 25.18729973
v -48.65425491 108.88053894 26.13559723
v -48.64580154 108.44893646 26.11446190
v -48.66164017 108.47411346 26.11548042
v -35.80877686 107.73007965 39.97190094
v -35.69343948 107.47603607 39.68355942
v -35.73835754 107.50888824 39.72722626
v -36.56966400 107.68222046 25.11567879
v -36.80008698 107.98644257 25.17255783
v -36.71837616 107.87844849 25.18729973
v -35.95425415 108.88053894 26.13559723
v -35.94580078 108.44893646 26.11446190
v -35.96163940 108.47411346 26.11548042
v -23.10877609 107.73007965 39.97190094
v -22.99344063 107.47603607 39.68355942
v -23.03835678 107.50888824 39.72722626
v -23.86966324 107.68222046 25.11567879
v -24.10008621 107.98644257 25.17255783
v -24.01837540 107.87844849 25.18729973
v -23.25425529 108.88053894 26.13559723
v -23.24580002 108.44893646 26.11446190
v -23.26163864 108.47411346 26.11548042
v -67.90877533 107.73007965 39.97190094
v -67.79344177 107.47603607 39.68355942
v -67.83835602 107.50888824 39.72722626
v -68.90008545 107.98644257 25.17255783
v -68.66966248 107.68222046 25.11567879
v -68.81837463 107.87844849 25.18729973
v -68.05425262 108.88053894 26.13559723
v -68.04579926 108.44893646 26.11446190
v -68.06163788 108.47411346 26.11548042
v -55.20877457 107.73007965 39.97190094
v -55.09344101 107.47603607 39.68355942
v -55.13835907 107.50888824 39.72722626
v -56.20008850 107.98644257 25.17255783
v -55.96966553 107.68222046 25.11567879
v -56.11837387 107.87844849 25.18729973
v -55.35425568 108.88053894 26.13559723
v -55.34580231 108.44893646 26.11446190
v -55.36163712 108.47411346 26.11548042
v -42.50877762 107.73007965 39.97190094
v -42.39344025 107.47603607 39.68355942
v -42.43835831 107.50888824 39.72722626
v -43.50008774 107.98644257 25.17255783
v -43.26966476 107.68222046 25.11567879
v -43.41837692 107.87844849 25.18729973
v -42.65425491 108.88053894 26.13559723
v -42.64580154 108.44893646 26.11446190
v -42.66164017 108.47411346 26.11548042
v -29.80877686 107.73007965 39.97190094
v -29.69343948 107.47603607 39.68355942
v -29.73835754 107.50888824 39.72722626
v -30.80008698 107.98644257 25.17255783
v -30.56966400 107.68222046 25.11567879
v -30.71837616 107.87844849 25.18729973
v -29.95425606 108.88053894 26.13559723
v -29.94580078 108.44893646 26.11446190
v -29.96163940 108.47411346 26.11548042
v -17.10877609 107.73007965 39.97190094
v -16.99344063 107.47603607 39.68355942
v -17.03835678 107.50888824 39.72722626
v -18.10008621 107.98644257 25.17255783
v -17.86966324 107.68222046 25.11567879
v -18.01837540 107.87844849 25.18729973
v -17.25425529 108.88053894 26.13559723
v -17.24580002 108.44893646 26.11446190
v -17.26163864 108.47411346 26.11548042
f 1 2 3
f 3 2 4
f 3 4 5
f 5 4 6
f 5 6 7
f 7 6 8
f 7 8 9
f 63 70 71
f 63 71 64
f 64 71 72
f 64 72 43
f 43 72 41
f 65 73 66
f 66 73 74
f 66 74 67
f 67 74 75
f 67 75 68
f 68 75 76
f 68 76 69
f 69 76 77
f 69 77 70
f 70 77 78
f 70 78 71
f 71 78 39
f 71 39 72
f 72 39 41
f 73 79 74
f 74 79 80
f 74 80 75
f 75 80 81
f 75 81 76
f 76 81 82
f 76 82 77
f 77 82 78
f 79 78 80
f 80 78 81
f 81 78 82
f 31 44 32
f 32 44 34
f 40 38 36
f 44 42 34
f 34 42 36
f 42 40 36
f 50 58 51
f 51 58 59
f 51 59 52
f 52 59 60
f 52 60 53
f 53 60 61
f 53 61 54
f 54 61 62
f 54 62 55
f 55 62 63
f 55 63 56
f 56 63 64
f 56 64 45
f 45 64 43
f 57 65 58
f 58 65 66
f 43 44 45
f 45 44 31
f 45 31 30
f 24 23 46
f 48 47 83
f 94 23 104
f 15 16 17
f 4 18 6
f 6 18 19
f 6 19 8
f 11 12 13
f 13 12 14
f 13 14 15
f 15 14 16
f 35 36 37
f 37 36 38
f 14 22 16
f 23 24 17
f 17 24 25
f 17 25 15
f 84 95 85
f 93 114 4
f 15 25 26
f 15 26 13
f 85 95 96
f 85 96 86
f 37 38 39
f 39 38 40
f 39 40 41
f 41 40 42
f 41 42 43
f 43 42 44
f 101 100 102
f 101 102 103
f 103 102 104
f 103 104 105
f 106 23 94
f 107 119 120
f 94 104 102
f 23 17 104
f 105 16 107
f 107 16 22
f 8 19 20
f 8 20 10
f 10 20 21
f 10 21 12
f 12 21 22
f 12 22 14
f 110 19 111
f 83 47 94
f 83 94 84
f 84 94 95
f 113 114 93
f 103 126 101
f 93 4 2
f 19 18 112
f 112 18 114
f 18 4 114
f 86 96 97
f 86 97 87
f 87 97 98
f 87 98 99
f 99 98 100
f 99 100 101
f 110 117 109
f 105 104 17
f 105 17 16
f 94 47 106
f 108 119 107
f 127 89 128
f 107 120 105
f 105 120 103
f 92 91 115
f 115 91 121
f 107 22 108
f 108 22 21
f 108 21 109
f 109 21 20
f 109 20 110
f 110 20 19
f 48 49 46
f 46 49 50
f 46 50 24
f 24 50 51
f 24 51 25
f 25 51 52
f 25 52 26
f 26 52 53
f 26 53 27
f 27 53 54
f 27 54 28
f 118 124 119
f 111 19 112
f 111 112 113
f 113 112 114
f 120 126 103
f 126 131 132
f 91 90 121
f 121 90 127
f 121 127 122
f 122 127 128
f 93 92 113
f 113 92 115
f 113 115 111
f 111 115 116
f 111 116 110
f 110 116 117
f 28 54 55
f 28 55 29
f 29 55 56
f 29 56 30
f 30 56 45
f 125 131 126
f 109 117 118
f 109 118 108
f 108 118 119
f 89 88 128
f 128 88 129
f 87 132 88
f 88 132 131
f 115 121 116
f 116 121 122
f 116 122 117
f 117 122 123
f 117 123 118
f 118 123 124
f 96 100 98
f 119 124 125
f 119 125 120
f 120 125 126
f 126 132 101
f 101 132 99
f 90 89 127
f 96 98 97
f 122 128 123
f 123 128 129
f 123 129 124
f 124 129 130
f 124 130 125
f 125 130 131
f 88 131 130
f 132 87 99
f 130 129 88
f 94 102 95
f 95 102 100
f 95 100 96
f 9 8 10
f 9 10 11
f 11 10 12
f 46 23 47
f 46 47 48
f 49 57 50
f 50 57 58
f 58 66 59
f 59 66 67
f 59 67 60
f 60 67 68
f 60 68 61
f 61 68 69
f 61 69 62
f 62 69 70
f 62 70 63
f 13 26 27
f 13 27 11
f 11 27 28
f 11 28 9
f 9 28 29
f 9 29 7
f 7 29 30
f 7 30 5
f 5 30 31
f 5 31 3
f 3 31 32
f 3 32 1
f 1 32 33
f 33 32 34
f 33 34 35
f 35 34 36
f 213 144 211
f 146 144 213
f 214 209 207
f 214 213 209
f 207 206 214
f 214 204 203
f 208 209 210
f 208 207 209
f 197 207 208
f 197 206 207
f 218 200 219
f 201 200 218
f 196 206 197
f 196 205 206
f 195 204 205
f 194 204 195
f 194 203 204
f 193 203 194
f 222 221 223
f 220 221 222
f 220 219 221
f 218 219 220
f 193 148 203
f 150 148 193
f 218 217 202
f 216 217 218
f 216 138 217
f 215 138 216
f 210 211 212
f 210 209 211
f 215 140 138
f 212 140 215
f 144 142 211
f 213 211 209
f 216 218 220
f 215 222 212
f 220 222 215
f 222 210 212
f 203 213 214
f 203 146 213
f 148 146 203
f 212 211 142
f 223 199 198
f 221 199 223
f 219 199 221
f 200 199 219
f 210 223 208
f 222 223 210
f 136 134 202
f 217 136 202
f 138 136 217
f 218 202 201
f 215 216 220
f 206 204 214
f 206 205 204
f 208 198 197
f 223 198 208
f 188 156 187
f 154 156 188
f 156 158 187
f 189 154 188
f 151 154 189
f 147 151 189
f 149 151 147
f 165 163 175
f 177 165 175
f 167 165 177
f 163 162 175
f 179 167 177
f 169 167 179
f 141 169 179
f 143 169 141
f 174 173 192
f 191 174 192
f 176 174 191
f 173 172 192
f 190 176 191
f 178 176 190
f 137 178 190
f 139 178 137
f 180 192 172
f 182 192 180
f 182 191 192
f 184 191 182
f 184 190 191
f 186 190 184
f 186 137 190
f 135 137 186
f 189 145 147
f 189 170 145
f 188 170 189
f 188 168 170
f 187 168 188
f 187 166 168
f 158 166 187
f 158 164 166
f 160 164 158
f 186 133 135
f 186 185 133
f 184 185 186
f 184 183 185
f 182 183 184
f 182 181 183
f 180 181 182
f 180 171 181
f 172 171 180
f 179 139 141
f 179 178 139
f 177 178 179
f 177 176 178
f 175 176 177
f 175 174 176
f 162 174 175
f 162 173 174
f 161 173 162
f 161 172 173
f 171 172 161
f 170 143 145
f 170 169 143
f 168 169 170
f 168 167 169
f 166 167 168
f 166 165 167
f 164 165 166
f 164 163 165
f 160 163 164
f 160 162 163
f 161 162 160
f 158 159 160
f 158 157 159
f 156 157 158
f 156 155 157
f 154 155 156
f 154 153 155
f 151 153 154
f 151 152 153
f 151 150 152
f 149 150 151
f 149 148 150
f 147 148 149
f 147 146 148
f 145 146 147
f 145 144 146
f 143 144 145
f 143 142 144
f 141 142 143
f 141 140 142
f 139 140 141
f 139 138 140
f 137 138 139
f 137 136 138
f 135 136 137
f 135 134 136
f 133 134 135
f 228 229 230
f 237 245 239
f 246 247 240
f 240 247 248
f 336 337 316
f 308 318 319
f 308 319 309
f 309 319 320
f 309 320 310
f 345 350 351
f 345 351 346
f 336 315 338
f 336 338 334
f 334 338 339
f 334 339 333
f 226 225 227
f 226 227 228
f 326 325 327
f 326 327 328
f 328 327 240
f 328 240 239
f 317 270 329
f 331 342 330
f 317 246 327
f 317 327 325
f 246 240 327
f 328 239 330
f 311 355 354
f 311 354 353
f 339 344 345
f 339 345 340
f 340 345 346
f 340 346 341
f 333 243 242
f 333 242 334
f 334 242 335
f 334 335 336
f 336 335 337
f 343 349 326
f 316 337 227
f 316 227 225
f 242 241 335
f 335 241 337
f 310 355 311
f 346 351 352
f 346 352 347
f 347 352 353
f 347 353 348
f 297 303 298
f 333 339 340
f 333 340 332
f 332 340 341
f 332 341 331
f 331 341 342
f 313 312 350
f 330 342 343
f 330 343 328
f 328 343 326
f 315 314 338
f 230 229 231
f 355 310 322
f 353 352 311
f 317 325 318
f 318 325 323
f 341 346 347
f 341 347 342
f 342 347 348
f 342 348 343
f 343 348 349
f 344 313 350
f 344 350 345
f 350 312 351
f 312 311 351
f 351 311 352
f 348 353 354
f 348 354 349
f 349 354 355
f 349 355 324
f 324 355 322
f 318 323 319
f 319 323 321
f 319 321 320
f 326 349 324
f 314 313 344
f 224 225 226
f 232 233 234
f 234 233 235
f 234 235 236
f 236 235 237
f 236 237 238
f 238 237 239
f 238 239 240
f 227 241 229
f 229 241 242
f 229 242 231
f 228 227 229
f 232 231 233
f 298 303 304
f 298 304 299
f 299 304 305
f 299 305 300
f 300 305 301
f 302 301 303
f 303 301 304
f 304 301 305
f 254 267 255
f 255 267 257
f 263 261 259
f 267 265 257
f 257 265 259
f 265 263 259
f 230 231 232
f 288 296 289
f 289 296 297
f 289 297 290
f 290 297 298
f 290 298 291
f 291 298 299
f 291 299 292
f 292 299 300
f 292 300 293
f 293 300 301
f 293 301 294
f 294 301 262
f 294 262 295
f 295 262 264
f 296 302 297
f 297 302 303
f 280 288 281
f 281 288 289
f 281 289 282
f 282 289 290
f 282 290 283
f 283 290 291
f 283 291 284
f 284 291 292
f 284 292 285
f 285 292 293
f 285 293 286
f 286 293 294
f 286 294 287
f 287 294 295
f 287 295 266
f 266 295 264
f 272 280 273
f 273 280 281
f 273 281 274
f 274 281 282
f 274 282 275
f 275 282 283
f 275 283 276
f 276 283 284
f 276 284 277
f 277 284 285
f 277 285 278
f 278 285 286
f 278 286 279
f 279 286 287
f 279 287 268
f 268 287 266
f 271 272 269
f 269 272 273
f 269 273 247
f 247 273 274
f 247 274 248
f 248 274 275
f 248 275 249
f 249 275 276
f 249 276 250
f 250 276 277
f 250 277 251
f 251 277 278
f 251 278 252
f 252 278 279
f 252 279 253
f 253 279 268
f 258 259 260
f 260 259 261
f 260 261 262
f 262 261 263
f 310 320 321
f 310 321 322
f 262 263 264
f 264 263 265
f 264 265 266
f 266 265 267
f 266 267 268
f 268 267 254
f 268 254 253
f 247 246 269
f 269 246 270
f 269 270 271
f 324 323 325
f 324 325 326
f 330 239 245
f 330 245 331
f 232 251 252
f 232 252 230
f 230 252 253
f 230 253 228
f 228 253 254
f 228 254 226
f 226 254 255
f 226 255 224
f 224 255 256
f 256 255 257
f 256 257 258
f 258 257 259
f 240 248 238
f 238 248 249
f 238 249 236
f 236 249 250
f 236 250 234
f 234 250 251
f 234 251 232
f 271 270 306
f 306 270 317
f 306 317 307
f 307 317 318
f 307 318 308
f 241 227 337
f 316 315 336
f 322 321 323
f 322 323 324
f 329 246 317
f 338 314 344
f 338 344 339
f 331 245 244
f 331 244 332
f 332 244 243
f 332 243 333
f 231 242 243
f 231 243 233
f 233 243 244
f 233 244 235
f 235 244 245
f 235 245 237
f 405 415 403
f 403 415 395
f 362 401 360
f 360 401 413
f 401 399 413
f 413 399 414
f 396 395 415
f 399 397 414
f 414 397 415
f 397 396 415
f 366 392 364
f 364 392 402
f 392 390 402
f 402 390 400
f 358 360 409
f 409 360 413
f 409 413 407
f 407 413 414
f 407 414 405
f 390 388 400
f 400 388 398
f 388 386 398
f 372 374 370
f 370 374 412
f 374 377 412
f 412 377 411
f 379 381 410
f 377 379 411
f 386 385 398
f 403 394 404
f 403 404 405
f 405 404 406
f 405 406 407
f 407 406 408
f 407 408 409
f 409 408 356
f 409 356 358
f 383 387 381
f 381 387 389
f 381 389 410
f 410 389 391
f 410 391 411
f 411 391 393
f 411 393 412
f 412 393 368
f 391 392 393
f 393 392 366
f 393 366 368
f 394 395 384
f 384 395 396
f 384 396 385
f 385 396 397
f 385 397 398
f 398 397 399
f 398 399 400
f 400 399 401
f 400 401 402
f 402 401 362
f 402 362 364
f 395 394 403
f 374 373 375
f 374 375 376
f 374 376 377
f 377 376 378
f 377 378 379
f 379 378 380
f 379 380 381
f 381 380 382
f 381 382 383
f 384 385 383
f 383 385 386
f 383 386 387
f 387 386 388
f 387 388 389
f 389 388 390
f 389 390 391
f 358 357 359
f 358 359 360
f 360 359 361
f 360 361 362
f 362 361 363
f 362 363 364
f 364 363 365
f 364 365 366
f 366 365 367
f 366 367 368
f 368 367 369
f 368 369 370
f 370 369 371
f 370 371 372
f 372 371 373
f 372 373 374
f 391 390 392
f 356 357 358
f 419 428 429
f 419 429 420
f 420 429 430
f 367 365 434
f 373 371 416
f 416 426 417
f 417 426 427
f 417 427 418
f 418 427 428
f 443 444 445
f 433 446 431
f 435 363 438
f 442 422 444
f 444 422 446
f 446 422 421
f 446 421 431
f 420 430 431
f 431 430 432
f 431 432 433
f 433 432 434
f 433 434 435
f 369 367 436
f 436 367 434
f 438 445 435
f 424 423 441
f 441 423 442
f 441 442 443
f 443 442 444
f 437 427 426
f 430 429 437
f 445 433 435
f 443 445 438
f 441 440 425
f 441 425 424
f 361 359 440
f 440 359 425
f 359 357 425
f 445 444 446
f 445 446 433
f 416 371 426
f 435 434 365
f 371 369 426
f 426 369 436
f 426 436 437
f 436 434 432
f 439 441 443
f 438 439 443
f 438 363 361
f 431 421 420
f 429 428 427
f 429 427 437
f 437 436 432
f 438 361 439
f 439 361 440
f 411 379 410
f 405 414 415
f 437 432 430
f 412 368 370
f 439 440 441
f 423 422 442
f 447 448 449
f 449 448 450
f 449 450 451
f 451 450 452
f 451 452 453
f 453 452 454
f 453 454 455
f 451 476 477
f 453 476 451
f 453 475 476
f 455 475 453
f 455 474 475
f 457 474 455
f 457 473 474
f 459 473 457
f 459 472 473
f 461 472 459
f 461 471 472
f 463 471 461
f 463 470 471
f 469 470 463
f 460 468 462
f 458 468 460
f 489 490 491
f 489 488 490
f 487 488 489
f 487 486 488
f 485 486 487
f 485 484 486
f 483 484 485
f 483 482 484
f 481 482 483
f 481 480 482
f 479 480 481
f 479 478 480
f 447 478 479
f 449 478 447
f 449 477 478
f 451 477 449
f 473 500 474
f 473 499 500
f 472 499 473
f 472 498 499
f 471 498 472
f 471 497 498
f 470 497 471
f 470 496 497
f 492 496 470
f 492 495 496
f 494 495 492
f 492 493 494
f 492 469 493
f 470 469 492
f 491 477 476
f 491 490 477
f 500 508 501
f 500 507 508
f 499 507 500
f 499 506 507
f 498 506 499
f 498 505 506
f 497 505 498
f 497 504 505
f 496 504 497
f 496 503 504
f 495 503 496
f 476 502 491
f 475 502 476
f 475 501 502
f 474 501 475
f 474 500 501
f 508 516 509
f 508 515 516
f 507 515 508
f 507 514 515
f 506 514 507
f 506 513 514
f 505 513 506
f 505 512 513
f 504 512 505
f 504 511 512
f 503 511 504
f 491 510 489
f 502 510 491
f 502 509 510
f 501 509 502
f 501 508 509
f 516 524 517
f 516 523 524
f 515 523 516
f 515 522 523
f 514 522 515
f 514 521 522
f 513 521 514
f 513 520 521
f 512 520 513
f 512 519 520
f 511 519 512
f 489 518 487
f 510 518 489
f 510 517 518
f 509 517 510
f 509 516 517
f 478 490 480
f 477 490 478
f 527 524 528
f 526 524 527
f 525 524 526
f 523 528 524
f 522 528 523
f 522 527 528
f 521 527 522
f 521 526 527
f 520 526 521
f 520 525 526
f 519 525 520
f 518 485 487
f 517 485 518
f 517 524 485
f 488 486 482
f 480 488 482
f 490 488 480
f 486 484 482
f 549 548 550
f 547 548 549
f 555 466 556
f 551 463 462
f 551 550 463
f 549 550 551
f 556 562 563
f 557 562 556
f 547 546 548
f 532 543 533
f 532 542 543
f 531 542 532
f 531 541 542
f 530 541 531
f 530 540 541
f 529 540 530
f 529 493 540
f 494 493 529
f 556 466 465
f 555 467 466
f 551 462 553
f 469 463 550
f 540 550 548
f 540 469 550
f 552 469 540
f 540 493 552
f 539 450 448
f 539 560 450
f 559 560 539
f 559 558 560
f 557 558 559
f 557 465 558
f 556 465 557
f 564 569 570
f 563 569 564
f 553 566 551
f 553 565 566
f 554 565 553
f 554 564 565
f 555 564 554
f 555 563 564
f 556 563 555
f 571 576 577
f 570 576 571
f 557 561 562
f 545 546 547
f 545 544 546
f 533 544 545
f 533 543 544
f 558 464 560
f 465 464 558
f 537 536 567
f 549 572 547
f 566 572 549
f 566 571 572
f 565 571 566
f 565 570 571
f 564 570 565
f 541 546 542
f 541 548 546
f 563 568 569
f 554 467 555
f 554 468 467
f 553 468 554
f 553 462 468
f 538 537 561
f 551 566 549
f 535 534 574
f 573 535 574
f 536 535 573
f 547 578 545
f 572 578 547
f 572 577 578
f 571 577 572
f 570 575 576
f 559 561 557
f 559 538 561
f 539 538 559
f 464 450 560
f 567 573 568
f 567 536 573
f 534 578 577
f 569 575 570
f 569 574 575
f 568 574 569
f 568 573 574
f 542 544 543
f 542 546 544
f 540 548 541
f 562 568 563
f 562 567 568
f 561 567 562
f 561 537 567
f 533 578 534
f 574 534 575
f 576 575 534
f 578 533 545
f 534 577 576
f 458 467 468
f 456 467 458
f 456 466 467
f 454 466 456
f 454 465 466
f 452 465 454
f 452 464 465
f 450 464 452
f 461 462 463
f 461 460 462
f 459 460 461
f 459 458 460
f 457 458 459
f 457 456 458
f 455 456 457
f 455 454 456
f 666 667 668
f 668 667 669
f 668 669 656
f 656 669 654
f 581 582 583
f 583 582 584
f 583 584 585
f 585 584 586
f 585 586 587
f 587 586 588
f 587 588 589
f 589 588 590
f 589 590 591
f 591 590 592
f 593 594 595
f 595 594 596
f 595 596 597
f 597 596 598
f 597 598 599
f 597 599 600
f 600 599 601
f 600 601 602
f 602 601 603
f 602 603 604
f 604 603 605
f 604 605 606
f 607 608 606
f 606 608 609
f 579 580 581
f 581 580 582
f 666 668 661
f 659 657 655
f 590 588 657
f 658 586 661
f 661 586 584
f 666 665 667
f 642 651 652
f 642 652 643
f 643 652 653
f 643 653 654
f 646 645 665
f 665 645 667
f 669 644 654
f 654 644 643
f 652 651 650
f 652 650 660
f 660 650 649
f 653 652 660
f 668 656 658
f 649 659 660
f 660 659 655
f 660 655 653
f 592 590 659
f 659 590 657
f 661 584 662
f 662 584 663
f 664 648 647
f 584 582 663
f 663 582 648
f 582 580 648
f 647 646 664
f 664 646 665
f 664 665 666
f 610 611 612
f 612 611 613
f 612 613 614
f 614 613 615
f 614 615 616
f 616 615 589
f 616 589 591
f 617 618 607
f 607 618 619
f 607 619 608
f 608 619 620
f 608 620 621
f 621 620 622
f 621 622 623
f 591 592 593
f 593 592 594
f 596 594 639
f 639 594 649
f 639 649 640
f 640 649 650
f 667 645 669
f 669 645 644
f 654 653 655
f 654 655 656
f 656 655 657
f 656 657 658
f 658 657 588
f 594 592 649
f 649 592 659
f 661 668 658
f 662 664 666
f 661 662 666
f 662 663 664
f 664 663 648
f 640 650 641
f 625 624 585
f 625 585 587
f 618 617 626
f 626 617 627
f 626 627 628
f 628 627 629
f 628 629 630
f 630 629 631
f 630 631 632
f 632 631 579
f 632 579 581
f 606 610 604
f 604 610 612
f 604 612 633
f 606 609 610
f 610 609 611
f 641 650 651
f 634 614 616
f 634 616 635
f 635 616 591
f 635 591 593
f 581 583 632
f 632 583 636
f 632 636 630
f 630 636 637
f 630 637 628
f 628 637 638
f 628 638 626
f 626 638 618
f 585 624 583
f 583 624 636
f 623 622 624
f 623 624 625
f 619 618 638
f 622 620 637
f 637 620 638
f 620 619 638
f 589 615 587
f 587 615 625
f 615 613 625
f 625 613 623
f 609 608 621
f 613 611 623
f 623 611 621
f 611 609 621
f 595 597 593
f 593 597 635
f 633 612 614
f 633 614 634
f 602 604 633
f 600 602 634
f 634 602 633
f 624 622 636
f 636 622 637
f 597 600 635
f 635 600 634
f 745 751 746
f 745 750 751
f 744 750 745
f 744 749 750
f 743 749 744
f 743 748 749
f 742 748 743
f 777 691 690
f 776 691 777
f 776 685 691
f 774 685 776
f 692 686 773
f 777 788 776
f 736 743 744
f 735 743 736
f 735 742 743
f 734 742 735
f 712 741 710
f 733 741 712
f 733 740 741
f 763 692 773
f 700 713 701
f 750 747 751
f 749 747 750
f 748 747 749
f 746 751 747
f 732 740 733
f 740 747 708
f 739 747 740
f 739 746 747
f 738 746 739
f 738 745 746
f 737 745 738
f 737 744 745
f 775 692 763
f 763 716 775
f 768 767 769
f 756 767 768
f 756 766 767
f 755 766 756
f 755 765 766
f 754 765 755
f 754 764 765
f 782 783 762
f 782 781 783
f 752 763 753
f 752 716 763
f 736 744 737
f 732 739 740
f 731 739 732
f 731 738 739
f 730 738 731
f 730 737 738
f 729 737 730
f 729 736 737
f 728 736 729
f 728 735 736
f 727 735 728
f 727 734 735
f 726 734 727
f 714 733 712
f 725 733 714
f 725 732 733
f 717 718 715
f 715 716 717
f 724 732 725
f 724 731 732
f 723 731 724
f 723 730 731
f 722 730 723
f 782 784 780
f 782 761 784
f 762 761 782
f 687 673 783
f 781 687 783
f 688 687 781
f 762 673 671
f 762 783 673
f 789 795 772
f 789 794 795
f 780 781 782
f 780 688 781
f 717 716 752
f 777 690 778
f 753 764 754
f 753 763 764
f 722 729 730
f 721 729 722
f 721 728 729
f 720 728 721
f 720 727 728
f 719 727 720
f 719 726 727
f 718 726 719
f 699 725 714
f 702 703 704
f 702 701 703
f 698 725 699
f 698 724 725
f 697 724 698
f 697 723 724
f 696 723 697
f 696 722 723
f 695 722 696
f 695 721 722
f 694 721 695
f 694 720 721
f 693 720 694
f 693 719 720
f 715 719 693
f 715 718 719
f 684 694 695
f 686 694 684
f 715 692 716
f 693 692 715
f 714 700 699
f 714 713 700
f 712 713 714
f 712 711 713
f 710 711 712
f 710 709 711
f 708 709 710
f 708 707 709
f 706 707 708
f 706 705 707
f 704 705 706
f 704 703 705
f 682 683 684
f 682 681 683
f 670 701 702
f 672 701 670
f 672 700 701
f 674 700 672
f 674 699 700
f 676 699 674
f 676 698 699
f 678 698 676
f 678 697 698
f 680 697 678
f 680 696 697
f 682 696 680
f 682 695 696
f 684 695 682
f 686 693 694
f 692 693 686
f 683 691 685
f 681 691 683
f 681 690 691
f 679 690 681
f 679 689 690
f 677 689 679
f 677 688 689
f 675 688 677
f 675 687 688
f 673 687 675
f 684 685 686
f 684 683 685
f 680 681 682
f 680 679 681
f 678 679 680
f 678 677 679
f 676 677 678
f 676 675 677
f 674 675 676
f 674 673 675
f 672 673 674
f 672 671 673
f 670 671 672
f 765 769 767
f 764 769 765
f 764 771 769
f 763 771 764
f 794 800 795
f 793 798 799
f 765 767 766
f 787 793 788
f 787 792 793
f 786 792 787
f 786 791 792
f 799 798 757
f 801 756 768
f 757 800 799
f 757 801 800
f 756 801 757
f 797 757 798
f 758 757 797
f 796 758 797
f 795 801 770
f 795 800 801
f 779 786 778
f 779 785 786
f 780 785 779
f 780 784 785
f 792 798 793
f 792 797 798
f 791 797 792
f 791 796 797
f 790 796 791
f 790 759 796
f 760 759 790
f 772 795 770
f 794 799 800
f 793 799 794
f 788 794 789
f 788 793 794
f 779 688 780
f 779 689 688
f 778 689 779
f 778 690 689
f 785 791 786
f 785 790 791
f 784 790 785
f 784 760 790
f 761 760 784
f 774 789 772
f 776 789 774
f 776 788 789
f 759 758 796
f 770 801 768
f 778 787 777
f 778 786 787
f 772 773 774
f 772 771 773
f 770 771 772
f 770 769 771
f 741 708 710
f 740 708 741
f 709 707 705
f 711 709 705
f 703 711 705
f 713 711 703
f 777 787 788
f 774 686 685
f 774 773 686
f 768 769 770
f 701 713 703
f 763 773 771
f 808 809 810
f 829 832 833
f 802 803 804
f 804 803 805
f 804 805 806
f 806 805 807
f 806 807 808
f 818 817 819
f 818 819 820
f 820 819 821
f 820 821 822
f 820 822 823
f 823 822 824
f 823 824 825
f 810 809 811
f 810 811 812
f 812 811 813
f 812 813 814
f 814 813 815
f 814 815 816
f 866 876 877
f 817 815 872
f 879 892 877
f 877 876 878
f 819 817 862
f 882 880 878
f 862 872 863
f 863 872 873
f 863 873 864
f 864 873 874
f 865 874 875
f 865 875 866
f 866 875 876
f 887 888 889
f 889 888 890
f 889 890 891
f 891 890 892
f 877 878 879
f 879 878 880
f 879 880 881
f 881 880 811
f 884 807 885
f 885 807 886
f 885 886 887
f 887 886 871
f 887 871 870
f 807 805 886
f 886 805 871
f 805 803 871
f 870 869 887
f 813 811 880
f 881 809 884
f 884 809 807
f 823 825 857
f 857 825 856
f 884 885 889
f 869 868 888
f 888 868 890
f 890 868 892
f 892 868 867
f 892 867 877
f 877 867 866
f 875 874 873
f 875 873 883
f 883 873 872
f 876 875 883
f 891 892 879
f 889 891 884
f 884 891 881
f 845 843 860
f 860 843 861
f 843 842 861
f 812 838 810
f 810 838 848
f 838 836 848
f 848 836 846
f 832 831 844
f 836 834 846
f 846 834 844
f 834 832 844
f 818 820 816
f 816 820 858
f 887 869 888
f 858 823 857
f 825 827 856
f 857 839 858
f 858 839 814
f 858 814 816
f 804 806 855
f 855 806 859
f 855 859 853
f 853 859 860
f 853 860 851
f 851 860 861
f 851 861 849
f 849 861 841
f 808 847 806
f 806 847 859
f 891 879 881
f 859 845 860
f 842 841 861
f 848 808 810
f 841 840 849
f 849 840 850
f 849 850 851
f 851 850 852
f 851 852 853
f 853 852 854
f 853 854 855
f 855 854 802
f 855 802 804
f 829 833 827
f 827 833 835
f 827 835 856
f 820 823 858
f 856 837 857
f 857 837 839
f 835 834 836
f 835 836 837
f 837 836 838
f 837 838 839
f 839 838 812
f 839 812 814
f 840 841 830
f 830 841 842
f 830 842 831
f 831 842 843
f 831 843 844
f 844 843 845
f 844 845 846
f 847 845 859
f 846 847 848
f 848 847 808
f 885 887 889
f 872 815 882
f 872 882 883
f 883 882 878
f 883 878 876
f 815 813 882
f 882 813 880
f 862 817 872
f 808 807 809
f 825 824 826
f 825 826 827
f 827 826 828
f 827 828 829
f 830 831 829
f 829 831 832
f 856 835 837
f 833 832 834
f 833 834 835
f 846 845 847
f 816 815 817
f 816 817 818
f 893 894 895
f 895 894 896
f 895 896 897
f 897 896 898
f 897 898 899
f 899 898 900
f 899 900 901
f 901 900 902
f 901 902 903
f 903 902 904
f 934 932 928
f 926 934 928
f 936 934 926
f 932 930 928
f 924 936 926
f 923 936 924
f 971 970 972
f 969 974 970
f 968 974 969
f 968 973 974
f 967 973 968
f 967 972 973
f 966 972 967
f 966 971 972
f 965 971 966
f 964 931 933
f 963 931 964
f 963 970 931
f 962 970 963
f 962 969 970
f 960 968 961
f 960 967 968
f 959 967 960
f 959 966 967
f 958 966 959
f 958 965 966
f 957 965 958
f 935 964 933
f 956 964 935
f 956 963 964
f 955 963 956
f 955 962 963
f 954 962 955
f 954 961 962
f 973 970 974
f 972 970 973
f 952 960 953
f 952 959 960
f 951 959 952
f 951 958 959
f 950 958 951
f 950 957 958
f 949 957 950
f 937 956 935
f 948 956 937
f 948 955 956
f 947 955 948
f 947 954 955
f 946 954 947
f 946 953 954
f 961 969 962
f 961 968 969
f 944 952 945
f 944 951 952
f 943 951 944
f 943 950 951
f 942 950 943
f 942 949 950
f 941 949 942
f 922 948 937
f 921 948 922
f 921 947 948
f 920 947 921
f 920 946 947
f 919 946 920
f 919 945 946
f 953 961 954
f 953 960 961
f 917 944 918
f 917 943 944
f 916 943 917
f 916 942 943
f 938 942 916
f 938 941 942
f 940 941 938
f 938 939 940
f 938 915 939
f 916 915 938
f 937 923 922
f 937 936 923
f 935 936 937
f 935 934 936
f 945 953 946
f 945 952 953
f 931 932 933
f 931 930 932
f 929 930 931
f 929 928 930
f 927 928 929
f 927 926 928
f 925 926 927
f 925 924 926
f 893 924 925
f 895 924 893
f 895 923 924
f 897 923 895
f 897 922 923
f 899 922 897
f 918 945 919
f 918 944 945
f 901 920 921
f 903 920 901
f 903 919 920
f 905 919 903
f 905 918 919
f 907 918 905
f 907 917 918
f 909 917 907
f 909 916 917
f 915 916 909
f 906 914 908
f 904 914 906
f 904 913 914
f 902 913 904
f 933 934 935
f 933 932 934
f 900 911 912
f 898 911 900
f 898 910 911
f 896 910 898
f 907 908 909
f 907 906 908
f 905 906 907
f 905 904 906
f 903 904 905
f 991 990 992
f 940 939 975
f 999 908 914
f 979 990 991
f 979 989 990
f 899 921 922
f 901 921 899
f 977 988 978
f 977 987 988
f 976 987 977
f 976 986 987
f 975 986 976
f 975 939 986
f 995 996 997
f 995 994 996
f 993 994 995
f 993 992 994
f 991 992 993
f 997 996 909
f 1002 1009 1001
f 1002 1008 1009
f 902 912 913
f 900 912 902
f 1005 1007 1003
f 1005 984 1007
f 985 984 1005
f 910 896 1006
f 1002 911 1003
f 1002 912 911
f 1001 912 1002
f 1001 913 912
f 1000 913 1001
f 1000 914 913
f 999 914 1000
f 1003 911 1004
f 1010 1016 1011
f 1010 1015 1016
f 978 989 979
f 978 988 989
f 1008 1014 1009
f 1008 1013 1014
f 1007 1013 1008
f 1007 983 1013
f 997 908 999
f 915 909 996
f 986 996 994
f 986 915 996
f 998 915 986
f 986 939 998
f 997 909 908
f 1012 1018 995
f 984 983 1007
f 997 1012 995
f 1003 1008 1002
f 1003 1007 1008
f 993 1024 991
f 1018 1024 993
f 1000 1011 999
f 1000 1010 1011
f 1001 1010 1000
f 1001 1009 1010
f 1004 910 1006
f 911 910 1004
f 985 896 894
f 985 1006 896
f 1005 1006 985
f 1005 1004 1006
f 1003 1004 1005
f 981 980 1020
f 1012 1017 1018
f 1011 1017 1012
f 1009 1015 1010
f 1009 1014 1015
f 1018 1023 1024
f 988 992 990
f 987 992 988
f 987 994 992
f 986 994 987
f 1022 1021 980
f 1024 979 991
f 980 1023 1022
f 980 1024 1023
f 979 1024 980
f 1020 980 1021
f 1011 1016 1017
f 1017 1023 1018
f 1017 1022 1023
f 1016 1022 1017
f 1016 1021 1022
f 1015 1021 1016
f 1015 1020 1021
f 1014 1020 1015
f 1014 1019 1020
f 1013 1019 1014
f 1013 982 1019
f 983 982 1013
f 995 1018 993
f 988 990 989
f 1019 981 1020
f 982 981 1019
f 999 1012 997
f 999 1011 1012
f 1039 1043 1081
f 1043 1046 1081
f 1081 1046 1080
f 1048 1050 1079
f 1046 1048 1080
f 1080 1048 1079
f 1029 1070 1082
f 1070 1068 1082
f 1082 1068 1083
f 1065 1064 1084
f 1068 1066 1083
f 1083 1066 1084
f 1066 1065 1084
f 1035 1061 1033
f 1033 1061 1071
f 1061 1059 1071
f 1071 1059 1069
f 1055 1054 1067
f 1059 1057 1069
f 1041 1043 1039
f 1102 1103 1104
f 1036 1034 1103
f 1104 1032 1107
f 1095 1105 1106
f 1106 1105 1101
f 1106 1101 1099
f 1042 1040 1085
f 1085 1040 1095
f 1085 1095 1086
f 1086 1095 1096
f 1086 1096 1087
f 1087 1096 1097
f 1088 1097 1098
f 1088 1098 1089
f 1089 1098 1099
f 1089 1099 1100
f 1100 1099 1101
f 1100 1101 1102
f 1102 1101 1103
f 1110 1092 1111
f 1110 1111 1112
f 1112 1111 1113
f 1107 1032 1030
f 1107 1030 1108
f 1108 1030 1109
f 1108 1109 1110
f 1110 1109 1094
f 1102 1115 1100
f 1092 1091 1111
f 1111 1091 1113
f 1113 1091 1115
f 1115 1091 1090
f 1104 1103 1034
f 1040 1038 1095
f 1095 1038 1105
f 1107 1108 1112
f 1038 1036 1105
f 1105 1036 1103
f 1105 1103 1101
f 1110 1094 1093
f 1030 1028 1109
f 1050 1058 1079
f 1079 1058 1060
f 1079 1060 1080
f 1080 1060 1062
f 1080 1062 1081
f 1081 1062 1037
f 1081 1037 1039
f 1027 1029 1078
f 1078 1029 1082
f 1078 1082 1076
f 1076 1082 1083
f 1076 1083 1074
f 1074 1083 1084
f 1031 1070 1029
f 1109 1028 1094
f 1028 1026 1094
f 1093 1092 1110
f 1112 1113 1114
f 1114 1113 1115
f 1114 1115 1102
f 1115 1090 1100
f 1100 1090 1089
f 1098 1097 1096
f 1098 1096 1106
f 1106 1096 1095
f 1099 1098 1106
f 1114 1102 1104
f 1112 1114 1107
f 1107 1114 1104
f 1108 1110 1112
f 1067 1068 1069
f 1069 1068 1070
f 1069 1070 1071
f 1071 1070 1031
f 1071 1031 1033
f 1064 1063 1072
f 1072 1063 1073
f 1072 1073 1074
f 1074 1073 1075
f 1074 1075 1076
f 1076 1075 1077
f 1076 1077 1078
f 1078 1077 1025
f 1069 1057 1067
f 1057 1055 1067
f 1050 1056 1058
f 1052 1054 1055
f 1052 1055 1056
f 1056 1055 1057
f 1056 1057 1058
f 1058 1057 1059
f 1058 1059 1060
f 1060 1059 1061
f 1060 1061 1062
f 1062 1061 1035
f 1062 1035 1037
f 1063 1064 1053
f 1053 1064 1065
f 1053 1065 1054
f 1074 1084 1072
f 1072 1084 1064
f 1067 1066 1068
f 1037 1036 1038
f 1037 1038 1039
f 1039 1038 1040
f 1039 1040 1041
f 1041 1040 1042
f 1041 1042 1043
f 1043 1042 1044
f 1043 1044 1045
f 1043 1045 1046
f 1046 1045 1047
f 1046 1047 1048
f 1048 1047 1049
f 1048 1049 1050
f 1078 1025 1027
f 1052 1056 1050
f 1053 1054 1052
f 1033 1034 1035
f 1035 1034 1036
f 1050 1049 1051
f 1050 1051 1052
f 1025 1026 1027
f 1027 1026 1028
f 1027 1028 1029
f 1029 1028 1030
f 1029 1030 1031
f 1031 1030 1032
f 1031 1032 1033
f 1033 1032 1034
f 1054 1065 1066
f 1054 1066 1067
f 1035 1036 1037
f 1157 1155 1151
f 1188 1194 1189
f 1189 1194 1195
f 1189 1195 1190
f 1190 1195 1196
f 1190 1196 1191
f 1191 1196 1197
f 1191 1197 1192
f 1192 1197 1193
f 1194 1193 1195
f 1195 1193 1196
f 1196 1193 1197
f 1146 1159 1147
f 1147 1159 1149
f 1149 1157 1151
f 1179 1187 1158
f 1158 1187 1156
f 1180 1188 1181
f 1181 1188 1189
f 1181 1189 1182
f 1182 1189 1190
f 1236 1201 1242
f 1236 1242 1237
f 1237 1242 1243
f 1209 1217 1210
f 1210 1217 1215
f 1210 1215 1211
f 1211 1215 1213
f 1211 1213 1212
f 1242 1202 1243
f 1202 1203 1243
f 1243 1203 1244
f 1204 1247 1203
f 1203 1247 1246
f 1203 1246 1245
f 1182 1190 1183
f 1183 1190 1191
f 1183 1191 1184
f 1184 1191 1192
f 1184 1192 1185
f 1185 1192 1193
f 1185 1193 1186
f 1187 1154 1156
f 1171 1179 1160
f 1160 1179 1158
f 1172 1180 1173
f 1173 1180 1181
f 1173 1181 1174
f 1174 1181 1182
f 1239 1244 1245
f 1239 1245 1240
f 1240 1245 1246
f 1216 1247 1214
f 1201 1202 1242
f 1222 1234 1235
f 1222 1235 1220
f 1220 1235 1218
f 1199 1200 1230
f 1230 1200 1236
f 1230 1236 1231
f 1218 1241 1216
f 1200 1201 1236
f 1174 1182 1175
f 1175 1182 1183
f 1175 1183 1176
f 1176 1183 1184
f 1176 1184 1177
f 1177 1184 1185
f 1177 1185 1178
f 1155 1153 1151
f 1159 1157 1149
f 1179 1186 1187
f 1144 1171 1145
f 1145 1171 1160
f 1164 1172 1165
f 1165 1172 1173
f 1165 1173 1166
f 1166 1173 1174
f 1232 1238 1233
f 1233 1238 1239
f 1237 1243 1238
f 1247 1204 1214
f 1245 1244 1203
f 1235 1240 1241
f 1235 1241 1218
f 1198 1229 1119
f 1198 1119 1117
f 1134 1133 1227
f 1227 1133 1229
f 1133 1119 1229
f 1198 1199 1228
f 1238 1243 1244
f 1238 1244 1239
f 1226 1231 1225
f 1225 1231 1232
f 1240 1246 1241
f 1241 1246 1247
f 1241 1247 1216
f 1223 1233 1234
f 1223 1234 1222
f 1209 1138 1219
f 1209 1219 1217
f 1138 1132 1219
f 1220 1131 1222
f 1222 1131 1137
f 1222 1137 1223
f 1231 1236 1237
f 1231 1237 1232
f 1232 1237 1238
f 1223 1137 1136
f 1223 1136 1224
f 1233 1239 1234
f 1234 1239 1240
f 1234 1240 1235
f 1225 1134 1226
f 1226 1134 1227
f 1226 1227 1228
f 1228 1227 1229
f 1228 1229 1198
f 1206 1210 1211
f 1206 1211 1205
f 1205 1211 1212
f 1228 1199 1230
f 1228 1230 1226
f 1226 1230 1231
f 1224 1135 1225
f 1225 1135 1134
f 1225 1232 1224
f 1224 1232 1233
f 1224 1233 1223
f 1204 1213 1214
f 1214 1213 1215
f 1214 1215 1216
f 1216 1215 1217
f 1216 1217 1218
f 1218 1217 1219
f 1218 1219 1220
f 1220 1219 1132
f 1220 1132 1131
f 1209 1162 1221
f 1221 1138 1209
f 1122 1123 1124
f 1120 1146 1118
f 1118 1146 1147
f 1126 1125 1127
f 1127 1137 1129
f 1129 1137 1131
f 1205 1212 1204
f 1204 1212 1213
f 1163 1162 1208
f 1208 1162 1209
f 1208 1209 1207
f 1207 1209 1210
f 1207 1210 1206
f 1124 1123 1125
f 1124 1125 1126
f 1224 1136 1135
f 1121 1133 1134
f 1121 1134 1123
f 1123 1134 1135
f 1123 1135 1125
f 1125 1135 1136
f 1125 1136 1127
f 1127 1136 1137
f 1160 1159 1146
f 1160 1146 1145
f 1138 1139 1132
f 1116 1117 1118
f 1118 1117 1119
f 1118 1119 1120
f 1120 1119 1121
f 1120 1121 1122
f 1122 1121 1123
f 1126 1142 1143
f 1126 1143 1124
f 1124 1143 1144
f 1124 1144 1122
f 1122 1144 1145
f 1122 1145 1120
f 1120 1145 1146
f 1143 1169 1170
f 1143 1170 1144
f 1118 1147 1116
f 1126 1127 1128
f 1128 1127 1129
f 1128 1129 1130
f 1130 1129 1131
f 1130 1131 1132
f 1119 1133 1121
f 1152 1153 1154
f 1154 1153 1155
f 1154 1155 1156
f 1156 1155 1157
f 1156 1157 1158
f 1158 1157 1159
f 1158 1159 1160
f 1170 1177 1178
f 1170 1178 1171
f 1139 1138 1161
f 1132 1139 1140
f 1132 1140 1130
f 1130 1140 1141
f 1130 1141 1128
f 1128 1141 1142
f 1128 1142 1126
f 1139 1166 1140
f 1140 1166 1167
f 1140 1167 1141
f 1141 1167 1168
f 1141 1168 1142
f 1142 1168 1169
f 1142 1169 1143
f 1178 1185 1186
f 1178 1186 1179
f 1144 1170 1171
f 1116 1147 1148
f 1148 1147 1149
f 1148 1149 1150
f 1150 1149 1151
f 1150 1151 1152
f 1152 1151 1153
f 1166 1174 1167
f 1167 1174 1175
f 1167 1175 1168
f 1168 1175 1176
f 1168 1176 1169
f 1169 1176 1177
f 1169 1177 1170
f 1186 1193 1154
f 1186 1154 1187
f 1171 1178 1179
f 1161 1138 1162
f 1161 1162 1163
f 1163 1164 1161
f 1161 1164 1165
f 1161 1165 1139
f 1139 1165 1166
f 1262 1266 1304
f 1264 1266 1262
f 1280 1278 1290
f 1292 1280 1290
f 1282 1280 1292
f 1278 1277 1290
f 1294 1282 1292
f 1284 1282 1294
f 1256 1284 1294
f 1258 1284 1256
f 1289 1288 1307
f 1306 1289 1307
f 1291 1289 1306
f 1288 1287 1307
f 1303 1271 1302
f 1331 1333 1335
f 1301 1305 1299
f 1301 1252 1305
f 1250 1252 1301
f 1304 1260 1262
f 1304 1285 1260
f 1303 1285 1304
f 1271 1273 1302
f 1322 1321 1329
f 1329 1319 1318
f 1335 1334 1336
f 1333 1334 1335
f 1321 1319 1329
f 1321 1320 1319
f 1323 1312 1313
f 1338 1312 1323
f 1334 1311 1336
f 1313 1322 1323
f 1318 1328 1329
f 1318 1261 1328
f 1263 1261 1318
f 1262 1261 1263
f 1260 1261 1262
f 1313 1321 1322
f 1314 1321 1313
f 1314 1320 1321
f 1315 1319 1320
f 1316 1319 1315
f 1316 1318 1319
f 1317 1318 1316
f 1251 1249 1308
f 1332 1251 1308
f 1253 1251 1332
f 1337 1338 1325
f 1337 1336 1338
f 1335 1336 1337
f 1317 1263 1318
f 1265 1263 1317
f 1327 1326 1257
f 1325 1326 1327
f 1325 1324 1326
f 1279 1278 1280
f 1275 1278 1279
f 1262 1263 1264
f 1292 1293 1294
f 1292 1291 1293
f 1260 1259 1261
f 1258 1259 1260
f 1258 1257 1259
f 1256 1257 1258
f 1256 1255 1257
f 1254 1255 1256
f 1254 1253 1255
f 1252 1253 1254
f 1252 1251 1253
f 1250 1251 1252
f 1250 1249 1251
f 1248 1249 1250
f 1279 1280 1281
f 1302 1283 1303
f 1302 1281 1283
f 1275 1277 1278
f 1276 1277 1275
f 1273 1274 1275
f 1273 1272 1274
f 1271 1272 1273
f 1271 1270 1272
f 1269 1270 1271
f 1269 1268 1270
f 1266 1268 1269
f 1266 1267 1268
f 1266 1265 1267
f 1264 1265 1266
f 1264 1263 1265
f 1294 1293 1254
f 1305 1291 1306
f 1293 1291 1305
f 1290 1291 1292
f 1290 1289 1291
f 1277 1289 1290
f 1277 1288 1289
f 1276 1288 1277
f 1276 1287 1288
f 1286 1287 1276
f 1285 1258 1260
f 1285 1284 1258
f 1283 1284 1285
f 1283 1282 1284
f 1281 1282 1283
f 1281 1280 1282
f 1303 1283 1285
f 1304 1269 1303
f 1266 1269 1304
f 1273 1281 1302
f 1273 1279 1281
f 1275 1279 1273
f 1301 1248 1250
f 1301 1300 1248
f 1299 1300 1301
f 1299 1298 1300
f 1297 1298 1299
f 1297 1296 1298
f 1295 1296 1297
f 1295 1286 1296
f 1287 1286 1295
f 1294 1254 1256
f 1309 1310 1333
f 1323 1324 1325
f 1323 1322 1324
f 1252 1293 1305
f 1254 1293 1252
f 1295 1307 1287
f 1297 1307 1295
f 1297 1306 1307
f 1299 1306 1297
f 1299 1305 1306
f 1336 1311 1338
f 1335 1337 1330
f 1337 1325 1327
f 1333 1332 1308
f 1331 1332 1333
f 1331 1253 1332
f 1330 1253 1331
f 1330 1255 1253
f 1327 1255 1330
f 1259 1257 1326
f 1328 1326 1324
f 1328 1259 1326
f 1261 1259 1328
f 1329 1324 1322
f 1329 1328 1324
f 1333 1310 1334
f 1310 1311 1334
f 1325 1338 1323
f 1330 1331 1335
f 1333 1308 1309
f 1269 1271 1303
f 1330 1337 1327
f 1338 1311 1312
f 1428 1435 1427
f 1386 1385 1431
f 1431 1385 1432
f 1430 1433 1429
f 1429 1433 1434
f 1429 1434 1428
f 1443 1442 1355
f 1444 1361 1432
f 1432 1361 1442
f 1432 1442 1440
f 1361 1355 1442
f 1443 1354 1445
f 1447 1456 1446
f 1446 1456 1457
f 1446 1457 1445
f 1431 1432 1430
f 1430 1432 1433
f 1451 1452 1421
f 1421 1452 1342
f 1427 1435 1436
f 1427 1436 1437
f 1437 1436 1438
f 1437 1438 1439
f 1439 1438 1440
f 1439 1440 1441
f 1451 1422 1453
f 1451 1453 1449
f 1449 1453 1454
f 1443 1355 1354
f 1432 1385 1444
f 1445 1354 1360
f 1445 1360 1446
f 1428 1434 1435
f 1441 1440 1442
f 1441 1442 1443
f 1447 1358 1448
f 1448 1358 1357
f 1448 1357 1449
f 1449 1357 1450
f 1449 1450 1451
f 1451 1450 1452
f 1454 1459 1460
f 1454 1460 1455
f 1455 1460 1461
f 1445 1457 1458
f 1445 1458 1443
f 1443 1458 1441
f 1422 1423 1453
f 1421 1342 1340
f 1357 1356 1450
f 1450 1356 1452
f 1441 1464 1439
f 1423 1424 1459
f 1459 1424 1465
f 1459 1465 1460
f 1356 1342 1452
f 1421 1422 1451
f 1426 1470 1469
f 1426 1469 1468
f 1470 1427 1437
f 1449 1454 1448
f 1448 1454 1455
f 1448 1455 1447
f 1447 1455 1456
f 1446 1360 1359
f 1446 1359 1447
f 1447 1359 1358
f 1465 1425 1466
f 1425 1426 1466
f 1466 1426 1467
f 1427 1470 1426
f 1453 1423 1459
f 1453 1459 1454
f 1455 1461 1456
f 1456 1461 1462
f 1456 1462 1457
f 1457 1462 1463
f 1457 1463 1458
f 1458 1463 1464
f 1458 1464 1441
f 1461 1467 1462
f 1462 1467 1468
f 1462 1468 1463
f 1463 1468 1469
f 1463 1469 1464
f 1464 1469 1470
f 1468 1467 1426
f 1432 1440 1433
f 1433 1440 1438
f 1433 1438 1434
f 1464 1470 1439
f 1439 1470 1437
f 1424 1425 1465
f 1460 1465 1466
f 1460 1466 1461
f 1461 1466 1467
f 1413 1418 1419
f 1413 1419 1414
f 1414 1419 1420
f 1414 1420 1415
f 1415 1420 1416
f 1417 1416 1418
f 1418 1416 1419
f 1419 1416 1420
f 1369 1382 1370
f 1370 1382 1372
f 1378 1376 1374
f 1382 1380 1372
f 1372 1380 1374
f 1380 1378 1374
f 1434 1438 1436
f 1434 1436 1435
f 1404 1411 1412
f 1404 1412 1405
f 1405 1412 1413
f 1405 1413 1406
f 1406 1413 1414
f 1406 1414 1407
f 1407 1414 1415
f 1407 1415 1408
f 1408 1415 1416
f 1408 1416 1409
f 1409 1416 1377
f 1409 1377 1410
f 1410 1377 1379
f 1411 1417 1412
f 1412 1417 1418
f 1412 1418 1413
f 1396 1403 1404
f 1396 1404 1397
f 1397 1404 1405
f 1397 1405 1398
f 1398 1405 1406
f 1398 1406 1399
f 1399 1406 1407
f 1399 1407 1400
f 1400 1407 1408
f 1400 1408 1401
f 1401 1408 1409
f 1401 1409 1402
f 1402 1409 1410
f 1402 1410 1381
f 1381 1410 1379
f 1403 1411 1404
f 1388 1395 1396
f 1388 1396 1389
f 1389 1396 1397
f 1389 1397 1390
f 1390 1397 1398
f 1390 1398 1391
f 1391 1398 1399
f 1391 1399 1392
f 1392 1399 1400
f 1392 1400 1393
f 1393 1400 1401
f 1393 1401 1394
f 1394 1401 1402
f 1394 1402 1383
f 1383 1402 1381
f 1395 1403 1396
f 1384 1387 1388
f 1384 1388 1362
f 1362 1388 1389
f 1362 1389 1363
f 1363 1389 1390
f 1363 1390 1364
f 1364 1390 1391
f 1364 1391 1365
f 1365 1391 1392
f 1365 1392 1366
f 1366 1392 1393
f 1366 1393 1367
f 1367 1393 1394
f 1367 1394 1368
f 1368 1394 1383
f 1387 1395 1388
f 1373 1372 1374
f 1373 1374 1375
f 1375 1374 1376
f 1375 1376 1377
f 1377 1376 1378
f 1377 1378 1379
f 1379 1378 1380
f 1379 1380 1381
f 1381 1380 1382
f 1381 1382 1383
f 1383 1382 1369
f 1383 1369 1368
f 1362 1361 1384
f 1384 1361 1385
f 1384 1385 1386
f 1386 1387 1384
f 1353 1364 1351
f 1351 1364 1365
f 1351 1365 1349
f 1349 1365 1366
f 1349 1366 1347
f 1347 1366 1367
f 1347 1367 1345
f 1345 1367 1368
f 1345 1368 1343
f 1343 1368 1369
f 1343 1369 1341
f 1341 1369 1370
f 1341 1370 1339
f 1339 1370 1371
f 1371 1370 1372
f 1371 1372 1373
f 1353 1352 1354
f 1353 1354 1355
f 1342 1356 1344
f 1344 1356 1357
f 1344 1357 1346
f 1346 1357 1358
f 1346 1358 1348
f 1348 1358 1359
f 1348 1359 1350
f 1350 1359 1360
f 1350 1360 1352
f 1352 1360 1354
f 1361 1362 1355
f 1355 1362 1363
f 1355 1363 1353
f 1353 1363 1364
f 1339 1340 1341
f 1341 1340 1342
f 1341 1342 1343
f 1343 1342 1344
f 1343 1344 1345
f 1345 1344 1346
f 1345 1346 1347
f 1347 1346 1348
f 1347 1348 1349
f 1349 1348 1350
f 1349 1350 1351
f 1351 1350 1352
f 1351 1352 1353
f 1518 1519 1520
f 1518 1509 1519
f 1510 1509 1518
f 1526 1508 1527
f 1526 1506 1508
f 1525 1506 1526
f 1525 1504 1506
f 1513 1514 1515
f 1513 1512 1514
f 1500 1512 1513
f 1500 1511 1512
f 1499 1511 1500
f 1522 1529 1520
f 1522 1528 1529
f 1524 1528 1522
f 1520 1519 1521
f 1560 1561 1548
f 1560 1559 1561
f 1526 1494 1525
f 1492 1494 1526
f 1494 1496 1525
f 1527 1492 1526
f 1489 1492 1527
f 1485 1489 1527
f 1487 1489 1485
f 1503 1501 1513
f 1545 1544 1552
f 1552 1542 1541
f 1544 1542 1552
f 1515 1503 1513
f 1505 1503 1515
f 1514 1512 1529
f 1511 1510 1530
f 1528 1514 1529
f 1516 1514 1528
f 1475 1516 1528
f 1477 1516 1475
f 1518 1530 1510
f 1520 1530 1518
f 1550 1478 1553
f 1482 1480 1549
f 1551 1549 1547
f 1558 1559 1560
f 1520 1529 1530
f 1506 1507 1508
f 1506 1505 1507
f 1504 1505 1506
f 1508 1507 1481
f 1502 1503 1504
f 1502 1501 1503
f 1498 1501 1502
f 1498 1500 1501
f 1499 1500 1498
f 1496 1497 1498
f 1496 1495 1497
f 1494 1495 1496
f 1494 1493 1495
f 1492 1493 1494
f 1492 1491 1493
f 1489 1491 1492
f 1489 1490 1491
f 1499 1510 1511
f 1509 1510 1499
f 1508 1481 1483
f 1558 1560 1553
f 1560 1548 1550
f 1484 1482 1551
f 1552 1547 1545
f 1552 1551 1547
f 1544 1543 1542
f 1546 1535 1536
f 1561 1535 1546
f 1561 1534 1535
f 1553 1554 1558
f 1554 1556 1558
f 1553 1560 1550
f 1548 1561 1546
f 1556 1555 1531
f 1554 1555 1556
f 1554 1476 1555
f 1553 1476 1554
f 1553 1478 1476
f 1488 1486 1540
f 1536 1545 1546
f 1536 1544 1545
f 1537 1544 1536
f 1485 1484 1486
f 1483 1484 1485
f 1483 1482 1484
f 1481 1482 1483
f 1481 1480 1482
f 1479 1480 1481
f 1479 1478 1480
f 1477 1478 1479
f 1477 1476 1478
f 1475 1476 1477
f 1475 1474 1476
f 1473 1474 1475
f 1548 1549 1550
f 1548 1547 1549
f 1546 1547 1548
f 1504 1503 1505
f 1537 1543 1544
f 1532 1533 1556
f 1474 1472 1531
f 1555 1474 1531
f 1476 1474 1555
f 1556 1531 1532
f 1551 1482 1549
f 1473 1472 1474
f 1471 1472 1473
f 1541 1551 1552
f 1541 1484 1551
f 1486 1484 1541
f 1550 1549 1480
f 1559 1534 1561
f 1557 1534 1559
f 1533 1534 1557
f 1546 1545 1547
f 1538 1542 1543
f 1539 1542 1538
f 1539 1541 1542
f 1540 1541 1539
f 1540 1486 1541
f 1558 1557 1559
f 1556 1557 1558
f 1556 1533 1557
f 1489 1488 1490
f 1487 1488 1489
f 1487 1486 1488
f 1485 1486 1487
f 1496 1504 1525
f 1496 1502 1504
f 1498 1502 1496
f 1524 1471 1473
f 1524 1523 1471
f 1473 1475 1524
f 1527 1483 1485
f 1527 1508 1483
f 1481 1507 1479
f 1512 1511 1530
f 1529 1512 1530
f 1517 1477 1479
f 1517 1516 1477
f 1515 1516 1517
f 1515 1514 1516
f 1501 1500 1513
f 1517 1505 1515
f 1507 1505 1517
f 1479 1507 1517
f 1520 1521 1522
f 1522 1521 1523
f 1522 1523 1524
f 1524 1475 1528
f 1655 1663 1656
f 1656 1663 1661
f 1656 1661 1657
f 1657 1661 1659
f 1657 1659 1658
f 1685 1690 1691
f 1685 1691 1686
f 1686 1691 1692
f 1603 1601 1597
f 1651 1657 1658
f 1651 1658 1650
f 1650 1658 1659
f 1580 1579 1673
f 1673 1579 1675
f 1579 1565 1675
f 1653 1655 1656
f 1653 1656 1652
f 1652 1656 1657
f 1652 1657 1651
f 1664 1665 1666
f 1666 1665 1578
f 1666 1578 1577
f 1645 1646 1676
f 1676 1646 1682
f 1676 1682 1677
f 1677 1682 1683
f 1677 1683 1678
f 1670 1582 1581
f 1670 1581 1671
f 1671 1581 1580
f 1679 1685 1680
f 1680 1685 1686
f 1680 1686 1681
f 1674 1673 1675
f 1674 1675 1644
f 1644 1675 1565
f 1646 1647 1682
f 1684 1689 1690
f 1684 1690 1685
f 1672 1676 1677
f 1672 1677 1671
f 1671 1677 1678
f 1686 1692 1687
f 1687 1692 1693
f 1687 1693 1662
f 1669 1679 1680
f 1669 1680 1668
f 1668 1680 1681
f 1648 1649 1689
f 1666 1681 1664
f 1650 1693 1649
f 1649 1693 1692
f 1649 1692 1691
f 1693 1650 1660
f 1691 1690 1649
f 1678 1683 1684
f 1678 1684 1679
f 1679 1684 1685
f 1681 1686 1687
f 1681 1687 1664
f 1664 1687 1662
f 1682 1647 1688
f 1682 1688 1683
f 1683 1688 1689
f 1683 1689 1684
f 1650 1659 1660
f 1660 1659 1661
f 1660 1661 1662
f 1584 1578 1665
f 1666 1577 1668
f 1668 1577 1583
f 1668 1583 1669
f 1669 1583 1582
f 1669 1582 1670
f 1671 1580 1672
f 1672 1580 1673
f 1672 1673 1674
f 1568 1591 1566
f 1568 1569 1570
f 1570 1569 1571
f 1571 1582 1573
f 1566 1567 1568
f 1568 1567 1569
f 1609 1608 1654
f 1654 1608 1655
f 1654 1655 1653
f 1644 1565 1563
f 1644 1645 1674
f 1674 1645 1676
f 1674 1676 1672
f 1662 1661 1663
f 1662 1663 1664
f 1664 1663 1665
f 1671 1678 1670
f 1670 1678 1679
f 1670 1679 1669
f 1571 1581 1582
f 1604 1603 1605
f 1573 1582 1583
f 1573 1583 1575
f 1562 1563 1564
f 1564 1563 1565
f 1564 1565 1566
f 1566 1565 1567
f 1568 1590 1591
f 1588 1614 1615
f 1566 1591 1592
f 1566 1592 1564
f 1570 1571 1572
f 1572 1571 1573
f 1572 1573 1574
f 1574 1573 1575
f 1574 1575 1576
f 1576 1575 1577
f 1576 1577 1578
f 1565 1579 1567
f 1567 1579 1580
f 1567 1580 1569
f 1569 1580 1581
f 1569 1581 1571
f 1602 1603 1604
f 1615 1622 1623
f 1604 1605 1606
f 1606 1605 1592
f 1575 1583 1577
f 1584 1585 1578
f 1578 1585 1586
f 1578 1586 1576
f 1576 1586 1587
f 1576 1587 1574
f 1574 1587 1588
f 1574 1588 1572
f 1572 1588 1589
f 1572 1589 1570
f 1570 1589 1590
f 1570 1590 1568
f 1587 1614 1588
f 1623 1630 1631
f 1588 1615 1589
f 1589 1615 1616
f 1564 1592 1593
f 1564 1593 1562
f 1562 1593 1594
f 1594 1593 1595
f 1594 1595 1596
f 1596 1595 1597
f 1596 1597 1598
f 1598 1597 1599
f 1598 1599 1600
f 1600 1599 1601
f 1600 1601 1602
f 1602 1601 1603
f 1614 1622 1615
f 1631 1638 1639
f 1615 1623 1616
f 1616 1623 1624
f 1606 1592 1591
f 1585 1584 1607
f 1607 1584 1608
f 1607 1608 1609
f 1609 1610 1607
f 1607 1610 1611
f 1607 1611 1585
f 1585 1611 1612
f 1585 1612 1586
f 1586 1612 1613
f 1586 1613 1587
f 1587 1613 1614
f 1622 1630 1623
f 1592 1605 1593
f 1623 1631 1624
f 1624 1631 1632
f 1589 1616 1590
f 1590 1616 1617
f 1590 1617 1591
f 1591 1617 1606
f 1610 1618 1611
f 1611 1618 1619
f 1611 1619 1612
f 1612 1619 1620
f 1612 1620 1613
f 1613 1620 1621
f 1613 1621 1614
f 1614 1621 1622
f 1630 1638 1631
f 1631 1639 1632
f 1632 1639 1600
f 1632 1600 1633
f 1616 1624 1617
f 1617 1624 1625
f 1617 1625 1606
f 1606 1625 1604
f 1618 1626 1619
f 1619 1626 1627
f 1619 1627 1620
f 1620 1627 1628
f 1620 1628 1621
f 1621 1628 1629
f 1621 1629 1622
f 1622 1629 1630
f 1593 1605 1595
f 1601 1599 1597
f 1605 1603 1595
f 1595 1603 1597
f 1624 1632 1625
f 1625 1632 1633
f 1625 1633 1604
f 1604 1633 1602
f 1626 1634 1627
f 1627 1634 1635
f 1627 1635 1628
f 1628 1635 1636
f 1628 1636 1629
f 1629 1636 1637
f 1629 1637 1630
f 1630 1637 1638
f 1662 1693 1660
f 1647 1648 1688
f 1688 1648 1689
f 1689 1649 1690
f 1633 1600 1602
f 1634 1640 1635
f 1635 1640 1641
f 1635 1641 1636
f 1636 1641 1642
f 1636 1642 1637
f 1637 1642 1643
f 1637 1643 1638
f 1638 1643 1639
f 1640 1639 1641
f 1641 1639 1642
f 1642 1639 1643
f 1655 1608 1667
f 1667 1584 1655
f 1655 1584 1665
f 1668 1681 1666
f 1655 1665 1663
f 1762 1765 1761
f 1762 1764 1765
f 1763 1764 1762
f 1775 1774 1770
f 1773 1772 1703
f 1771 1772 1773
f 1771 1770 1772
f 1759 1768 1769
f 1755 1756 1779
f 1760 1767 1759
f 1759 1767 1768
f 1711 1709 1763
f 1776 1701 1699
f 1773 1701 1776
f 1705 1703 1772
f 1774 1772 1770
f 1774 1705 1772
f 1707 1705 1774
f 1775 1770 1768
f 1775 1765 1764
f 1764 1774 1775
f 1769 1768 1770
f 1771 1784 1769
f 1783 1784 1771
f 1783 1782 1784
f 1781 1782 1783
f 1781 1780 1782
f 1779 1780 1781
f 1779 1756 1780
f 1697 1695 1754
f 1760 1766 1767
f 1761 1765 1766
f 1779 1754 1755
f 1779 1778 1754
f 1777 1778 1779
f 1763 1709 1764
f 1776 1699 1777
f 1776 1777 1781
f 1777 1779 1781
f 1776 1783 1773
f 1781 1783 1776
f 1783 1771 1773
f 1768 1767 1775
f 1767 1765 1775
f 1764 1707 1774
f 1709 1707 1764
f 1784 1758 1769
f 1784 1757 1758
f 1782 1757 1784
f 1769 1770 1771
f 1756 1757 1780
f 1778 1697 1754
f 1699 1697 1778
f 1777 1699 1778
f 1704 1705 1706
f 1767 1766 1765
f 1769 1758 1759
f 1780 1757 1782
f 1702 1701 1703
f 1700 1701 1702
f 1700 1699 1701
f 1698 1699 1700
f 1698 1697 1699
f 1696 1697 1698
f 1696 1695 1697
f 1694 1695 1696
f 1722 1723 1721
f 1704 1703 1705
f 1702 1703 1704
f 1717 1716 1718
f 1715 1716 1717
f 1715 1714 1716
f 1712 1714 1715
f 1712 1713 1714
f 1712 1711 1713
f 1710 1711 1712
f 1710 1709 1711
f 1708 1709 1710
f 1708 1707 1709
f 1706 1707 1708
f 1706 1705 1707
f 1736 1735 1737
f 1722 1733 1734
f 1732 1733 1722
f 1731 1704 1706
f 1731 1730 1704
f 1729 1730 1731
f 1729 1728 1730
f 1727 1728 1729
f 1727 1726 1728
f 1725 1726 1727
f 1725 1724 1726
f 1721 1724 1725
f 1721 1723 1724
f 1719 1725 1727
f 1719 1720 1721
f 1719 1718 1720
f 1717 1718 1719
f 1749 1717 1748
f 1715 1717 1749
f 1717 1719 1748
f 1750 1715 1749
f 1712 1715 1750
f 1708 1712 1750
f 1726 1724 1736
f 1738 1726 1736
f 1728 1726 1738
f 1745 1746 1747
f 1745 1744 1746
f 1743 1744 1745
f 1743 1742 1744
f 1741 1742 1743
f 1741 1732 1742
f 1733 1732 1741
f 1740 1700 1702
f 1740 1739 1700
f 1738 1739 1740
f 1738 1737 1739
f 1736 1737 1738
f 1700 1739 1698
f 1723 1735 1736
f 1723 1734 1735
f 1722 1734 1723
f 1724 1723 1736
f 1740 1728 1738
f 1730 1728 1740
f 1702 1730 1740
f 1704 1730 1702
f 1735 1734 1753
f 1752 1735 1753
f 1737 1735 1752
f 1734 1733 1753
f 1751 1737 1752
f 1739 1737 1751
f 1698 1739 1751
f 1741 1753 1733
f 1743 1753 1741
f 1743 1752 1753
f 1745 1752 1743
f 1745 1751 1752
f 1747 1751 1745
f 1747 1698 1751
f 1696 1698 1747
f 1750 1706 1708
f 1750 1731 1706
f 1749 1731 1750
f 1749 1729 1731
f 1748 1729 1749
f 1748 1727 1729
f 1719 1727 1748
f 1710 1712 1708
f 1721 1725 1719
f 1747 1694 1696
f 1747 1746 1694
f 1902 1907 1908
f 1902 1908 1903
f 1895 1803 1896
f 1895 1896 1897
f 1904 1909 1910
f 1904 1910 1887
f 1887 1910 1885
f 1867 1788 1786
f 1803 1802 1896
f 1818 1826 1820
f 1848 1856 1827
f 1827 1856 1825
f 1849 1857 1850
f 1850 1857 1858
f 1850 1858 1851
f 1851 1858 1859
f 1846 1854 1847
f 1847 1854 1855
f 1847 1855 1848
f 1816 1828 1818
f 1857 1863 1858
f 1858 1863 1864
f 1858 1864 1859
f 1859 1864 1865
f 1859 1865 1860
f 1860 1865 1866
f 1860 1866 1861
f 1861 1866 1862
f 1863 1862 1864
f 1864 1862 1865
f 1865 1862 1866
f 1901 1907 1902
f 1795 1794 1796
f 1807 1808 1801
f 1785 1786 1787
f 1787 1786 1788
f 1787 1788 1789
f 1789 1788 1790
f 1789 1790 1791
f 1791 1790 1792
f 1791 1792 1793
f 1793 1792 1794
f 1793 1794 1795
f 1787 1816 1785
f 1795 1796 1797
f 1797 1796 1798
f 1797 1798 1799
f 1799 1798 1800
f 1799 1800 1801
f 1788 1802 1790
f 1790 1802 1803
f 1790 1803 1792
f 1792 1803 1804
f 1792 1804 1794
f 1794 1804 1805
f 1794 1805 1796
f 1878 1888 1886
f 1807 1801 1888
f 1826 1824 1820
f 1896 1802 1898
f 1906 1911 1912
f 1867 1868 1897
f 1897 1868 1899
f 1897 1899 1895
f 1895 1899 1900
f 1895 1900 1894
f 1894 1900 1901
f 1894 1901 1893
f 1889 1888 1801
f 1889 1801 1800
f 1892 1902 1903
f 1892 1903 1891
f 1891 1903 1904
f 1796 1805 1806
f 1796 1806 1798
f 1798 1806 1800
f 1808 1807 1830
f 1801 1808 1809
f 1801 1809 1799
f 1799 1809 1810
f 1799 1810 1797
f 1797 1810 1811
f 1797 1811 1795
f 1795 1811 1812
f 1795 1812 1793
f 1793 1812 1813
f 1793 1813 1791
f 1791 1813 1814
f 1791 1814 1789
f 1877 1831 1878
f 1877 1878 1876
f 1897 1896 1898
f 1897 1898 1867
f 1867 1898 1788
f 1875 1880 1874
f 1874 1880 1881
f 1878 1831 1890
f 1890 1807 1878
f 1878 1807 1888
f 1889 1800 1891
f 1899 1869 1905
f 1891 1806 1892
f 1892 1806 1805
f 1892 1805 1893
f 1893 1805 1804
f 1893 1804 1894
f 1894 1804 1803
f 1894 1803 1895
f 1876 1878 1879
f 1876 1879 1875
f 1875 1879 1880
f 1874 1881 1873
f 1802 1788 1898
f 1873 1882 1883
f 1883 1882 1884
f 1883 1884 1885
f 1885 1884 1886
f 1885 1886 1887
f 1887 1886 1888
f 1887 1888 1889
f 1789 1814 1815
f 1789 1815 1787
f 1787 1815 1816
f 1813 1839 1840
f 1785 1816 1817
f 1817 1816 1818
f 1817 1818 1819
f 1819 1818 1820
f 1819 1820 1821
f 1821 1820 1822
f 1821 1822 1823
f 1823 1822 1824
f 1823 1824 1825
f 1825 1824 1826
f 1825 1826 1827
f 1827 1826 1828
f 1891 1800 1806
f 1832 1831 1877
f 1827 1828 1829
f 1829 1828 1815
f 1829 1815 1814
f 1840 1847 1848
f 1830 1807 1831
f 1830 1831 1832
f 1832 1833 1830
f 1830 1833 1834
f 1830 1834 1808
f 1808 1834 1835
f 1808 1835 1809
f 1809 1835 1836
f 1809 1836 1810
f 1810 1836 1837
f 1810 1837 1811
f 1811 1837 1838
f 1873 1881 1882
f 1811 1838 1812
f 1812 1838 1839
f 1812 1839 1813
f 1848 1855 1856
f 1813 1840 1814
f 1814 1840 1829
f 1833 1841 1834
f 1834 1841 1842
f 1834 1842 1835
f 1835 1842 1843
f 1835 1843 1836
f 1836 1843 1844
f 1836 1844 1837
f 1837 1844 1845
f 1837 1845 1838
f 1838 1845 1846
f 1893 1902 1892
f 1885 1916 1883
f 1870 1871 1911
f 1911 1871 1912
f 1891 1904 1889
f 1889 1904 1887
f 1872 1915 1914
f 1916 1873 1883
f 1914 1913 1872
f 1878 1886 1879
f 1879 1886 1884
f 1906 1912 1907
f 1907 1912 1913
f 1907 1913 1908
f 1908 1913 1914
f 1908 1914 1909
f 1909 1914 1915
f 1909 1915 1910
f 1893 1901 1902
f 1880 1884 1882
f 1903 1908 1909
f 1903 1909 1904
f 1869 1870 1905
f 1905 1870 1911
f 1905 1911 1906
f 1868 1869 1899
f 1872 1916 1915
f 1851 1859 1852
f 1852 1859 1860
f 1852 1860 1853
f 1853 1860 1861
f 1853 1861 1854
f 1854 1861 1862
f 1854 1862 1855
f 1855 1862 1823
f 1855 1823 1856
f 1880 1882 1881
f 1910 1915 1916
f 1910 1916 1885
f 1871 1872 1912
f 1912 1872 1913
f 1873 1916 1872
f 1879 1884 1880
f 1838 1846 1839
f 1839 1846 1847
f 1839 1847 1840
f 1856 1823 1825
f 1840 1848 1829
f 1829 1848 1827
f 1841 1849 1842
f 1842 1849 1850
f 1842 1850 1843
f 1843 1850 1851
f 1843 1851 1844
f 1844 1851 1852
f 1844 1852 1845
f 1845 1852 1853
f 1845 1853 1846
f 1846 1853 1854
f 1901 1906 1907
f 1900 1906 1901
f 1900 1905 1906
f 1899 1905 1900
f 1828 1826 1818
f 1824 1822 1820
f 1815 1828 1816
f 1931 1932 1933
f 1931 1930 1932
f 1929 1930 1931
f 1959 1958 1960
f 1959 1960 1961
f 1961 1960 1962
f 1961 1962 1963
f 1963 1962 1923
f 1933 1932 1934
f 1933 1934 1935
f 1935 1934 1936
f 1935 1936 1937
f 1935 1937 1938
f 1938 1937 1939
f 1938 1939 1940
f 1940 1939 1941
f 1940 1941 1942
f 1942 1941 1943
f 1942 1943 1944
f 1942 1948 1950
f 1942 1950 1971
f 1971 1950 1952
f 1971 1952 1972
f 1972 1952 1954
f 1950 1949 1951
f 1950 1951 1952
f 1952 1951 1953
f 1952 1953 1954
f 1954 1953 1927
f 1954 1927 1929
f 1955 1956 1945
f 1945 1956 1957
f 1945 1957 1946
f 1946 1957 1958
f 1946 1958 1959
f 1923 1962 1921
f 1921 1962 1974
f 1962 1960 1974
f 1974 1960 1975
f 1957 1956 1976
f 1963 1923 1925
f 1956 1955 1964
f 1964 1955 1965
f 1964 1965 1966
f 1966 1965 1967
f 1966 1967 1968
f 1968 1967 1969
f 1968 1969 1970
f 1970 1969 1917
f 1970 1917 1919
f 1944 1948 1942
f 1933 1935 1931
f 1931 1935 1973
f 1935 1938 1973
f 1973 1938 1972
f 1940 1942 1971
f 1972 1954 1973
f 1973 1954 1929
f 1973 1929 1931
f 1919 1921 1970
f 1970 1921 1974
f 1970 1974 1968
f 1968 1974 1975
f 1968 1975 1966
f 1966 1975 1976
f 1966 1976 1964
f 1964 1976 1956
f 1960 1958 1975
f 1975 1958 1976
f 1958 1957 1976
f 1927 1953 1925
f 1925 1953 1963
f 1953 1951 1963
f 1963 1951 1961
f 1947 1946 1959
f 1951 1949 1961
f 1961 1949 1959
f 1949 1947 1959
f 1938 1940 1972
f 1972 1940 1971
f 1986 1932 1987
f 1986 1987 1985
f 1985 1987 1988
f 1983 1990 1982
f 1982 1990 1991
f 1982 1991 1992
f 1992 1991 1993
f 1992 1993 1994
f 1994 1993 1995
f 1987 1997 1998
f 1997 1928 1995
f 1997 1995 1993
f 1928 1926 1995
f 1996 1924 1999
f 1999 1924 1922
f 1999 1922 2000
f 1934 1932 1986
f 1922 1920 2001
f 2001 1920 1977
f 1920 1918 1977
f 1985 1988 1984
f 1984 1988 1989
f 1983 1989 1990
f 2004 2003 2005
f 2004 2005 2006
f 2006 2005 2007
f 2006 2007 1994
f 1994 2007 1992
f 1979 1980 2003
f 1994 1995 1996
f 1932 1930 1987
f 1987 1930 1997
f 1996 1995 1926
f 1992 1981 1982
f 1990 1989 1988
f 1990 1988 1998
f 1998 1997 1993
f 1998 1993 1991
f 1930 1928 1997
f 2004 2006 1999
f 1999 2006 1996
f 2000 2002 2004
f 1999 2000 2004
f 2000 1922 2001
f 2000 2001 2002
f 2002 2001 1977
f 2002 1977 1978
f 1978 1979 2002
f 2002 1979 2003
f 2002 2003 2004
f 2003 1980 2005
f 2005 1980 2007
f 2007 1980 1981
f 2007 1981 1992
f 1998 1988 1987
f 1991 1990 1998
f 2006 1994 1996
f 1929 1928 1930
f 1945 1946 1944
f 1944 1946 1947
f 1944 1947 1948
f 1948 1947 1949
f 1948 1949 1950
f 1917 1918 1919
f 1919 1918 1920
f 1919 1920 1921
f 1921 1920 1922
f 1921 1922 1923
f 1923 1922 1924
f 1923 1924 1925
f 1925 1924 1926
f 1925 1926 1927
f 1927 1926 1928
f 1927 1928 1929
f 2052 2071 2050
f 2063 2071 2052
f 2063 2070 2071
f 2052 2038 2037
f 2052 2051 2038
f 2050 2051 2052
f 2050 2049 2051
f 2048 2049 2050
f 2048 2047 2049
f 2046 2047 2048
f 2046 2045 2047
f 2044 2045 2046
f 2044 2043 2045
f 2042 2043 2044
f 2057 2064 2065
f 2099 2102 2098
f 2099 2101 2102
f 2100 2101 2099
f 2118 2026 2119
f 2117 2026 2118
f 2117 2027 2026
f 2116 2027 2117
f 2116 2028 2027
f 2115 2028 2116
f 2112 2023 2114
f 2030 2024 2111
f 2101 2111 2109
f 2113 2030 2101
f 2101 2054 2113
f 2112 2024 2023
f 2116 2124 2125
f 2117 2124 2116
f 2117 2123 2124
f 2118 2123 2117
f 2118 2122 2123
f 2120 2122 2118
f 2106 2105 2107
f 2096 2105 2106
f 2096 2104 2105
f 2119 2025 2121
f 2026 2025 2119
f 2090 2011 2009
f 2098 2102 2103
f 2112 2111 2024
f 2110 2111 2112
f 2110 2109 2111
f 2108 2109 2110
f 2108 2107 2109
f 2106 2107 2108
f 2097 2104 2096
f 2097 2103 2104
f 2098 2103 2097
f 2120 2121 2090
f 2120 2119 2121
f 2118 2119 2120
f 2126 2131 2132
f 2125 2131 2126
f 2125 2130 2131
f 2124 2130 2125
f 2124 2129 2130
f 2123 2129 2124
f 2115 2029 2028
f 2114 2029 2115
f 2114 2023 2029
f 2091 2092 2122
f 2112 2127 2110
f 2114 2127 2112
f 2101 2030 2111
f 2100 2054 2101
f 2055 2054 2100
f 2115 2126 2114
f 2115 2125 2126
f 2116 2125 2115
f 2133 2138 2139
f 2132 2138 2133
f 2132 2137 2138
f 2131 2137 2132
f 2131 2136 2137
f 2130 2136 2131
f 2120 2091 2122
f 2090 2091 2120
f 2025 2011 2121
f 2128 2134 2129
f 2128 2093 2134
f 2092 2093 2128
f 2090 2121 2011
f 2018 2035 2016
f 2018 2034 2035
f 2020 2034 2018
f 2020 2033 2034
f 2053 2056 2057
f 2055 2056 2053
f 2053 2054 2055
f 2053 2030 2054
f 2031 2030 2053
f 2127 2133 2110
f 2127 2132 2133
f 2126 2132 2127
f 2103 2107 2105
f 2102 2107 2103
f 2102 2109 2107
f 2101 2109 2102
f 2137 2136 2095
f 2139 2096 2106
f 2095 2138 2137
f 2095 2139 2138
f 2123 2128 2129
f 2122 2128 2123
f 2122 2092 2128
f 2134 2094 2135
f 2114 2126 2127
f 2010 2038 2039
f 2012 2038 2010
f 2012 2037 2038
f 2014 2037 2012
f 2014 2036 2037
f 2016 2036 2014
f 2016 2035 2036
f 2021 2029 2023
f 2019 2029 2021
f 2019 2028 2029
f 2017 2028 2019
f 2017 2027 2028
f 2015 2027 2017
f 2015 2026 2027
f 2013 2026 2015
f 2013 2025 2026
f 2011 2025 2013
f 2022 2023 2024
f 2042 2041 2043
f 2040 2041 2042
f 2040 2039 2041
f 2008 2039 2040
f 2010 2039 2008
f 2016 2017 2018
f 2016 2015 2017
f 2014 2015 2016
f 2014 2013 2015
f 2012 2013 2014
f 2012 2011 2013
f 2010 2011 2012
f 2010 2009 2011
f 2008 2009 2010
f 2022 2033 2020
f 2022 2032 2033
f 2024 2032 2022
f 2024 2031 2032
f 2030 2031 2024
f 2022 2021 2023
f 2020 2021 2022
f 2020 2019 2021
f 2018 2019 2020
f 2018 2017 2019
f 2093 2094 2134
f 2108 2139 2106
f 2133 2139 2108
f 2096 2139 2095
f 2135 2095 2136
f 2094 2095 2135
f 2038 2051 2039
f 2088 2085 2089
f 2087 2085 2088
f 2086 2085 2087
f 2084 2089 2085
f 2083 2089 2084
f 2083 2088 2089
f 2082 2088 2083
f 2130 2135 2136
f 2129 2135 2130
f 2129 2134 2135
f 2110 2133 2108
f 2103 2105 2104
f 2078 2046 2079
f 2078 2085 2046
f 2077 2085 2078
f 2077 2084 2085
f 2076 2084 2077
f 2076 2083 2084
f 2075 2083 2076
f 2075 2082 2083
f 2074 2082 2075
f 2074 2081 2082
f 2073 2081 2074
f 2049 2047 2043
f 2041 2049 2043
f 2051 2049 2041
f 2047 2045 2043
f 2039 2051 2041
f 2070 2078 2071
f 2070 2077 2078
f 2069 2077 2070
f 2069 2076 2077
f 2068 2076 2069
f 2068 2075 2076
f 2067 2075 2068
f 2067 2074 2075
f 2066 2074 2067
f 2066 2073 2074
f 2065 2073 2066
f 2082 2087 2088
f 2081 2087 2082
f 2081 2086 2087
f 2080 2086 2081
f 2079 2046 2048
f 2062 2070 2063
f 2062 2069 2070
f 2061 2069 2062
f 2061 2068 2069
f 2060 2068 2061
f 2060 2067 2068
f 2059 2067 2060
f 2059 2066 2067
f 2058 2066 2059
f 2058 2065 2066
f 2057 2065 2058
f 2073 2080 2081
f 2072 2080 2073
f 2050 2079 2048
f 2071 2079 2050
f 2071 2078 2079
f 2035 2062 2036
f 2035 2061 2062
f 2034 2061 2035
f 2034 2060 2061
f 2033 2060 2034
f 2033 2059 2060
f 2032 2059 2033
f 2032 2058 2059
f 2031 2058 2032
f 2031 2057 2058
f 2053 2057 2031
f 2065 2072 2073
f 2064 2072 2065
f 2056 2064 2057
f 2037 2063 2052
f 2036 2063 2037
f 2036 2062 2063
f 2222 2229 2219
f 2227 2229 2222
f 2229 2217 2219
f 2213 2211 2221
f 2225 2202 2226
f 2201 2202 2225
f 2222 2223 2227
f 2223 2225 2227
f 2221 2211 2210
f 2151 2149 2218
f 2220 2218 2216
f 2214 2213 2221
f 2220 2151 2218
f 2172 2170 2182
f 2148 2176 2186
f 2176 2174 2186
f 2191 2197 2198
f 2191 2198 2189
f 2186 2174 2184
f 2170 2169 2182
f 2193 2144 2197
f 2193 2197 2191
f 2195 2163 2194
f 2161 2163 2195
f 2163 2165 2194
f 2196 2161 2195
f 2158 2161 2196
f 2154 2158 2196
f 2156 2158 2154
f 2174 2172 2184
f 2184 2172 2182
f 2222 2145 2223
f 2222 2147 2145
f 2219 2147 2222
f 2153 2151 2220
f 2221 2216 2214
f 2221 2220 2216
f 2210 2220 2221
f 2210 2153 2220
f 2155 2153 2210
f 2219 2218 2149
f 2217 2218 2219
f 2217 2216 2218
f 2215 2216 2217
f 2215 2214 2216
f 2205 2214 2215
f 2158 2159 2160
f 2158 2157 2159
f 2156 2157 2158
f 2156 2155 2157
f 2154 2155 2156
f 2154 2153 2155
f 2152 2153 2154
f 2152 2151 2153
f 2205 2213 2214
f 2208 2211 2207
f 2208 2210 2211
f 2209 2210 2208
f 2150 2151 2152
f 2150 2149 2151
f 2148 2149 2150
f 2148 2147 2149
f 2146 2147 2148
f 2146 2145 2147
f 2144 2145 2146
f 2144 2143 2145
f 2175 2176 2177
f 2175 2174 2176
f 2173 2174 2175
f 2173 2172 2174
f 2171 2172 2173
f 2171 2170 2172
f 2167 2170 2171
f 2167 2169 2170
f 2209 2155 2210
f 2157 2155 2209
f 2168 2169 2167
f 2165 2166 2167
f 2165 2164 2166
f 2163 2164 2165
f 2163 2162 2164
f 2161 2162 2163
f 2161 2160 2162
f 2158 2160 2161
f 2187 2188 2189
f 2187 2178 2188
f 2179 2178 2187
f 2186 2146 2148
f 2186 2185 2146
f 2184 2185 2186
f 2184 2183 2185
f 2182 2183 2184
f 2182 2181 2183
f 2169 2181 2182
f 2169 2180 2181
f 2168 2180 2169
f 2168 2179 2180
f 2178 2179 2168
f 2177 2150 2152
f 2177 2176 2150
f 2142 2144 2193
f 2196 2152 2154
f 2196 2177 2152
f 2195 2177 2196
f 2195 2175 2177
f 2194 2175 2195
f 2194 2173 2175
f 2165 2173 2194
f 2165 2171 2173
f 2167 2171 2165
f 2193 2140 2142
f 2193 2192 2140
f 2191 2192 2193
f 2191 2190 2192
f 2189 2190 2191
f 2189 2188 2190
f 2150 2176 2148
f 2181 2180 2199
f 2198 2181 2199
f 2183 2181 2198
f 2180 2179 2199
f 2197 2183 2198
f 2185 2183 2197
f 2144 2185 2197
f 2146 2185 2144
f 2187 2199 2179
f 2189 2199 2187
f 2189 2198 2199
f 2142 2141 2143
f 2223 2145 2224
f 2223 2224 2225
f 2225 2224 2200
f 2225 2200 2201
f 2145 2143 2224
f 2224 2143 2200
f 2143 2141 2200
f 2227 2226 2228
f 2227 2228 2229
f 2229 2228 2230
f 2207 2211 2212
f 2206 2212 2213
f 2206 2213 2205
f 2229 2230 2217
f 2140 2141 2142
f 2202 2203 2226
f 2142 2143 2144
f 2213 2212 2211
f 2215 2204 2205
f 2230 2204 2215
f 2230 2203 2204
f 2228 2203 2230
f 2226 2203 2228
f 2225 2226 2227
f 2217 2230 2215
f 2249 2250 2251
f 2245 2246 2247
f 2249 2248 2250
f 2247 2248 2249
f 2239 2240 2241
f 2241 2240 2242
f 2241 2242 2243
f 2243 2242 2244
f 2239 2238 2240
f 2251 2250 2252
f 2237 2236 2238
f 2235 2236 2237
f 2235 2234 2236
f 2233 2234 2235
f 2245 2244 2246
f 2243 2244 2245
f 2247 2246 2248
f 2237 2238 2239
f 2233 2232 2234
f 2231 2232 2233
f 2273 2272 2274
f 2267 2268 2269
f 2269 2270 2271
f 2269 2268 2270
f 2271 2270 2272
f 2259 2260 2261
f 2255 2256 2257
f 2271 2272 2273
f 2263 2262 2264
f 2261 2262 2263
f 2255 2254 2256
f 2253 2254 2255
f 2261 2260 2262
f 2257 2258 2259
f 2267 2266 2268
f 2265 2266 2267
f 2265 2264 2266
f 2263 2264 2265
f 2257 2256 2258
f 2259 2258 2260
f 2293 2292 2294
f 2277 2276 2278
f 2275 2276 2277
f 2277 2278 2279
f 2283 2282 2284
f 2283 2284 2285
f 2285 2284 2286
f 2291 2292 2293
f 2289 2290 2291
f 2279 2280 2281
f 2289 2288 2290
f 2287 2288 2289
f 2285 2286 2287
f 2281 2282 2283
f 2291 2290 2292
f 2279 2278 2280
f 2281 2280 2282
f 2295 2294 2296
f 2287 2286 2288
f 2293 2294 2295
f 2299 2300 2301
f 2301 2300 2302
f 2311 2312 2313
f 2317 2316 2318
f 2315 2316 2317
f 2303 2302 2304
f 2307 2306 2308
f 2305 2306 2307
f 2305 2304 2306
f 2303 2304 2305
f 2301 2302 2303
f 2309 2310 2311
f 2307 2308 2309
f 2309 2308 2310
f 2311 2310 2312
f 2313 2312 2314
f 2313 2314 2315
f 2315 2314 2316
f 2297 2298 2299
f 2299 2298 2300
f 2329 2328 2330
f 2337 2338 2339
f 2339 2338 2340
f 2329 2330 2331
f 2325 2326 2327
f 2327 2326 2328
f 2331 2332 2333
f 2319 2320 2321
f 2333 2334 2335
f 2335 2334 2336
f 2327 2328 2329
f 2331 2330 2332
f 2321 2320 2322
f 2333 2332 2334
f 2335 2336 2337
f 2337 2336 2338
f 2321 2322 2323
f 2323 2322 2324
f 2323 2324 2325
f 2325 2324 2326
f 3951 4050 3952
f 4066 4067 4068
f 4066 3938 4067
f 4065 3938 4066
f 4053 3942 3941
f 3572 3942 4053
f 4051 4049 4047
f 4051 4050 4049
f 4046 4052 4045
f 4046 4048 4052
f 4045 4043 4044
f 4052 4043 4045
f 4052 3624 4043
f 4048 3624 4052
f 3946 4061 4057
f 4053 3941 4054
f 4068 4067 4069
f 2483 2482 2484
f 2483 2484 2485
f 2485 2484 2486
f 3943 4060 3944
f 3572 4060 3943
f 3572 4059 4060
f 4058 4059 3572
f 4058 4057 4059
f 4056 4057 4058
f 3951 3625 3624
f 4062 4053 4055
f 4062 3572 4053
f 4058 3572 4062
f 3943 3573 3572
f 3944 4060 4061
f 4036 4042 4035
f 4036 4038 4042
f 4035 4033 4034
f 4042 4033 4035
f 4042 3676 4033
f 4038 3676 4042
f 3900 3677 3676
f 3956 3955 3899
f 3899 4041 4037
f 3898 4041 3899
f 3897 4041 3898
f 3948 3947 3954
f 3954 4051 4047
f 3953 4051 3954
f 3952 4051 3953
f 3952 4050 4051
f 4038 4039 3676
f 4038 4037 4039
f 4036 4037 4038
f 4036 3899 4037
f 4035 3899 4036
f 4035 3956 3899
f 4034 3956 4035
f 4034 3957 3956
f 4033 3957 4034
f 4033 3958 3957
f 3676 3958 4033
f 4043 3949 4044
f 4043 3950 3949
f 3624 3950 4043
f 4041 4039 4037
f 4041 4040 4039
f 3799 2948 3800
f 3799 3031 2948
f 3797 3031 3799
f 3351 3353 3796
f 3796 3356 3351
f 3796 3348 3356
f 3795 3348 3796
f 3795 3347 3348
f 3794 3347 3795
f 3794 3346 3347
f 3793 3346 3794
f 3793 3345 3346
f 3800 2948 2946
f 3897 4040 4041
f 3900 4040 3897
f 3676 4040 3900
f 3676 4039 4040
f 3801 2946 2944
f 3787 3817 3818
f 3786 3817 3787
f 3786 3249 3817
f 3248 3249 3786
f 3793 3344 3345
f 3800 2946 3801
f 3811 3029 3812
f 3811 2938 3029
f 3810 2938 3811
f 3809 2938 3810
f 3757 3344 3793
f 2715 2716 2713
f 2713 2714 2715
f 2713 2712 2714
f 2711 2712 2713
f 2711 2710 2712
f 3808 2938 3809
f 3807 2938 3808
f 3806 2938 3807
f 3805 2938 3806
f 3805 2940 2938
f 3804 2940 3805
f 3803 2940 3804
f 3803 2942 2940
f 3802 2942 3803
f 3802 2944 2942
f 3801 2944 3802
f 3825 2970 2968
f 3824 2970 3825
f 3788 3818 3819
f 3787 3818 3788
f 3792 3815 3816
f 3791 3815 3792
f 3791 3814 3815
f 3790 3814 3791
f 3790 3201 3814
f 3200 3201 3790
f 3799 3798 3797
f 3358 3357 3365
f 3029 3357 3358
f 3813 3358 3359
f 3813 3029 3358
f 3812 3029 3813
f 2709 2710 2711
f 2774 2773 2775
f 2772 2773 2774
f 2772 2771 2773
f 2770 2771 2772
f 2770 2769 2771
f 3105 3327 3328
f 3837 3328 3329
f 3837 3105 3328
f 2768 2769 2770
f 2764 2763 2765
f 2762 2763 2764
f 3824 2972 2970
f 3823 2972 3824
f 3823 3107 2972
f 3822 3107 3823
f 2762 2761 2763
f 2760 2761 2762
f 2749 2748 2750
f 3826 2966 3827
f 3826 2968 2966
f 3825 2968 3826
f 3836 3105 3837
f 3835 3105 3836
f 3835 2962 3105
f 3834 2962 3835
f 3833 2962 3834
f 3832 2962 3833
f 3831 2962 3832
f 3830 2962 3831
f 3829 2962 3830
f 3829 2964 2962
f 3828 2964 3829
f 3827 2964 3828
f 3827 2966 2964
f 3823 3838 3822
f 3328 3327 3335
f 2747 2748 2749
f 2747 2746 2748
f 2745 2746 2747
f 2745 2744 2746
f 3837 3329 3854
f 3366 3368 3850
f 3850 3371 3366
f 3850 3363 3371
f 3849 3363 3850
f 2929 2343 2994
f 2344 2343 2929
f 3857 3333 3341
f 3856 3333 3857
f 3856 3332 3333
f 3855 3332 3856
f 3855 3331 3332
f 3854 3331 3855
f 3854 3330 3331
f 3854 3329 3330
f 3849 3362 3363
f 3848 3362 3849
f 3848 3361 3362
f 3847 3361 3848
f 3847 3360 3361
f 3847 3359 3360
f 3813 3359 3847
f 3002 3003 3004
f 3002 3001 3003
f 2992 3001 3002
f 2992 3000 3001
f 2992 2999 3000
f 2919 2999 2992
f 2998 2999 2919
f 2919 2997 2998
f 2919 2996 2997
f 2921 2996 2919
f 3853 2930 3861
f 3853 2993 2930
f 3851 2993 3853
f 3868 2920 3869
f 3867 2920 3868
f 3336 3338 3857
f 3857 3341 3336
f 2921 2995 2996
f 2923 2995 2921
f 2925 2995 2923
f 2925 2994 2995
f 2927 2994 2925
f 2929 2994 2927
f 3013 2352 2351
f 3012 2352 3013
f 3012 2353 2352
f 3011 2353 3012
f 2354 2412 2411
f 2354 3011 2412
f 2353 3011 2354
f 2341 3010 3008
f 2341 3009 3010
f 2354 3009 2341
f 3008 2342 2341
f 3008 3005 2342
f 3007 3005 3008
f 3006 3005 3007
f 3004 3005 3006
f 3004 3003 3005
f 2936 2344 2929
f 3020 2344 2936
f 3020 2345 2344
f 3019 2345 3020
f 3019 2346 2345
f 3018 2346 3019
f 3018 2347 2346
f 3017 2347 3018
f 3017 2348 2347
f 3016 2348 3017
f 3016 2349 2348
f 3015 2349 3016
f 3015 2350 2349
f 3014 2350 3015
f 3014 2351 2350
f 3013 2351 3014
f 3028 2420 2933
f 3028 2421 2420
f 3027 2421 3028
f 3027 2422 2421
f 3025 2422 3027
f 2423 3026 3023
f 2423 3025 3026
f 2422 3025 2423
f 2424 3024 3021
f 2424 3023 3024
f 2423 3023 2424
f 2411 3022 3009
f 2411 3021 3022
f 2424 3021 2411
f 2936 2413 3020
f 2414 2413 2936
f 2354 2411 3009
f 2415 2414 2936
f 2934 2936 2935
f 2934 2415 2936
f 2931 2415 2934
f 2931 2416 2415
f 3744 2958 3745
f 3744 2960 2958
f 3743 2960 3744
f 3743 3069 2960
f 3743 3758 3742
f 3343 3342 3350
f 3067 3342 3343
f 3757 3343 3344
f 3757 3067 3343
f 3756 3067 3757
f 3755 3067 3756
f 3755 2950 3067
f 3754 2950 3755
f 3753 2950 3754
f 2932 2416 2931
f 2932 2417 2416
f 2933 2417 2932
f 2418 2417 2933
f 2933 2419 2418
f 2933 2420 2419
f 3030 3037 3038
f 2937 3037 3030
f 3036 3037 2937
f 2937 3035 3036
f 2937 3034 3035
f 2939 3034 2937
f 2939 3033 3034
f 2941 3033 2939
f 2943 3033 2941
f 2943 3032 3033
f 2945 3032 2943
f 2947 3032 2945
f 2947 2357 3032
f 2358 2357 2947
f 2368 2426 2425
f 2368 3049 2426
f 2367 3049 2368
f 2355 3048 3046
f 2355 3047 3048
f 2368 3047 2355
f 3046 2356 2355
f 3046 3043 2356
f 3045 3043 3046
f 3044 3043 3045
f 3042 3043 3044
f 3042 3041 3043
f 3040 3041 3042
f 3040 3039 3041
f 3030 3039 3040
f 3030 3038 3039
f 3057 2360 2359
f 3056 2360 3057
f 3056 2361 2360
f 3055 2361 3056
f 3055 2362 2361
f 3054 2362 3055
f 3054 2363 2362
f 3053 2363 3054
f 3053 2364 2363
f 3052 2364 3053
f 3052 2365 2364
f 3051 2365 3052
f 3051 2366 2365
f 3050 2366 3051
f 3050 2367 2366
f 3049 2367 3050
f 3063 2436 3065
f 2437 3064 3061
f 2437 3063 3064
f 2436 3063 2437
f 2438 3062 3059
f 2438 3061 3062
f 2437 3061 2438
f 2425 3060 3047
f 2425 3059 3060
f 2438 3059 2425
f 2679 2427 3058
f 2428 2427 2679
f 2679 2358 2947
f 3058 2358 2679
f 3058 2359 2358
f 3057 2359 3058
f 2368 2425 3047
f 2429 2428 2679
f 2677 2679 2678
f 2677 2429 2679
f 2674 2429 2677
f 2674 2430 2429
f 2675 2430 2674
f 2675 2431 2430
f 2676 2431 2675
f 2432 2431 2676
f 2676 2433 2432
f 2676 2434 2433
f 3066 2434 2676
f 3066 2435 2434
f 3065 2435 3066
f 3065 2436 2435
f 2949 3072 3073
f 2951 3072 2949
f 2951 3071 3072
f 2953 3071 2951
f 2955 3071 2953
f 2955 3070 3071
f 2957 3070 2955
f 2959 3070 2957
f 2959 2371 3070
f 2372 2371 2959
f 2743 2744 2745
f 4056 3946 4057
f 4068 4069 3520
f 3944 4061 3945
f 3624 4050 3951
f 3624 4049 4050
f 2369 3085 3086
f 2382 3085 2369
f 3084 2370 2369
f 3084 3081 2370
f 3083 3081 3084
f 3082 3081 3083
f 3080 3081 3082
f 3080 3079 3081
f 3078 3079 3080
f 3078 3077 3079
f 3068 3077 3078
f 3068 3076 3077
f 3068 3075 3076
f 2949 3075 3068
f 3074 3075 2949
f 2949 3073 3074
f 3093 2376 2375
f 3092 2376 3093
f 3092 2377 2376
f 3091 2377 3092
f 3091 2378 2377
f 3090 2378 3091
f 3090 2379 2378
f 3089 2379 3090
f 3089 2380 2379
f 3088 2380 3089
f 3088 2381 2380
f 3087 2381 3088
f 2382 2440 2439
f 2382 3087 2440
f 2381 3087 2382
f 2369 3086 3084
f 2452 3100 3097
f 2452 3099 3100
f 2451 3099 2452
f 2439 3098 3085
f 2439 3097 3098
f 2452 3097 2439
f 2584 2441 3096
f 2442 2441 2584
f 2584 2372 2959
f 3096 2372 2584
f 3096 2373 2372
f 3095 2373 3096
f 3095 2374 2373
f 3094 2374 3095
f 3094 2375 2374
f 3093 2375 3094
f 2579 2443 2582
f 2579 2444 2443
f 2580 2444 2579
f 2580 2445 2444
f 2581 2445 2580
f 2446 2445 2581
f 2581 2447 2446
f 2581 2448 2447
f 3104 2448 2581
f 3104 2449 2448
f 3103 2449 3104
f 3103 2450 2449
f 3101 2450 3103
f 2451 3102 3099
f 2451 3101 3102
f 2450 3101 2451
f 2967 3109 2965
f 2967 3108 3109
f 2969 3108 2967
f 2971 3108 2969
f 2971 2385 3108
f 2386 2385 2971
f 2382 2439 3085
f 2443 2442 2584
f 2582 2584 2583
f 2582 2443 2584
f 3121 3119 3122
f 3120 3119 3121
f 3118 3119 3120
f 3118 3117 3119
f 3116 3117 3118
f 3116 3115 3117
f 3106 3115 3116
f 3106 3114 3115
f 3106 3113 3114
f 2961 3113 3106
f 3112 3113 2961
f 2961 3111 3112
f 2961 3110 3111
f 2963 3110 2961
f 2963 3109 3110
f 2965 3109 2963
f 3129 2392 2391
f 3128 2392 3129
f 3128 2393 2392
f 3127 2393 3128
f 3127 2394 2393
f 3126 2394 3127
f 3126 2395 2394
f 3125 2395 3126
f 2396 2454 2453
f 2396 3125 2454
f 2395 3125 2396
f 2383 3124 3122
f 2383 3123 3124
f 2396 3123 2383
f 3122 2384 2383
f 3122 3119 2384
f 2453 3135 3136
f 2466 3135 2453
f 2685 2455 3134
f 2456 2455 2685
f 2685 2386 2971
f 3134 2386 2685
f 3134 2387 2386
f 3133 2387 3134
f 3133 2388 2387
f 3132 2388 3133
f 3132 2389 2388
f 3131 2389 3132
f 3131 2390 2389
f 3130 2390 3131
f 3130 2391 2390
f 3129 2391 3130
f 2682 2459 2681
f 2460 2459 2682
f 2682 2461 2460
f 2682 2462 2461
f 3142 2462 2682
f 3142 2463 2462
f 3141 2463 3142
f 3141 2464 2463
f 3139 2464 3141
f 2465 3140 3137
f 2465 3139 3140
f 2464 3139 2465
f 2466 3138 3135
f 2466 3137 3138
f 2465 3137 2466
f 2453 3136 3123
f 2979 3147 2977
f 2979 3146 3147
f 2981 3146 2979
f 2983 3146 2981
f 2983 2399 3146
f 2400 2399 2983
f 2396 2453 3123
f 2457 2456 2685
f 2683 2685 2684
f 2683 2457 2685
f 2680 2457 2683
f 2680 2458 2457
f 2681 2458 2680
f 2681 2459 2458
f 2975 3147 3148
f 2977 3147 2975
f 3738 3739 3740
f 3738 3737 3739
f 3736 3737 3738
f 3736 3233 3737
f 3752 2950 3753
f 3751 2950 3752
f 3750 2950 3751
f 3749 2950 3750
f 3749 2952 2950
f 3748 2952 3749
f 3747 2952 3748
f 3747 2954 2952
f 3746 2954 3747
f 3746 2956 2954
f 3745 2956 3746
f 3745 2958 2956
f 3160 2398 2397
f 3160 3157 2398
f 3159 3157 3160
f 3158 3157 3159
f 3156 3157 3158
f 3156 3155 3157
f 3154 3155 3156
f 3154 3153 3155
f 3144 3153 3154
f 3144 3152 3153
f 3144 3151 3152
f 2973 3151 3144
f 3150 3151 2973
f 2973 3149 3150
f 2973 3148 3149
f 2975 3148 2973
f 3168 2405 2404
f 3167 2405 3168
f 3167 2406 2405
f 3166 2406 3167
f 3166 2407 2406
f 3165 2407 3166
f 3165 2408 2407
f 3164 2408 3165
f 3164 2409 2408
f 3163 2409 3164
f 2410 2468 2467
f 2410 3163 2468
f 2409 3163 2410
f 2397 3162 3160
f 2397 3161 3162
f 2410 3161 2397
f 2479 3175 2480
f 2467 3174 3161
f 2467 3173 3174
f 2480 3173 2467
f 2990 2469 3172
f 2470 2469 2990
f 2990 2400 2983
f 3172 2400 2990
f 3172 2401 2400
f 3171 2401 3172
f 3171 2402 2401
f 3170 2402 3171
f 3170 2403 2402
f 3169 2403 3170
f 3169 2404 2403
f 3168 2404 3169
f 2986 2472 2985
f 2986 2473 2472
f 2987 2473 2986
f 2474 2473 2987
f 2987 2475 2474
f 2987 2476 2475
f 3180 2476 2987
f 3180 2477 2476
f 3179 2477 3180
f 3179 2478 2477
f 3177 2478 3179
f 2479 3178 3175
f 2479 3177 3178
f 2478 3177 2479
f 2480 3176 3173
f 2480 3175 3176
f 3865 2922 3866
f 3864 2922 3865
f 3864 2924 2922
f 3863 2924 3864
f 3863 2926 2924
f 3862 2926 3863
f 3862 2928 2926
f 3861 2928 3862
f 3861 2930 2928
f 3875 2982 3876
f 3875 2984 2982
f 3860 2984 3875
f 3860 3145 2984
f 3858 3145 3860
f 3742 3069 3743
f 3740 3739 3741
f 2410 2467 3161
f 2471 2470 2990
f 2988 2990 2989
f 2988 2471 2990
f 2985 2471 2988
f 2985 2472 2471
f 3848 4024 3847
f 3849 4024 3848
f 3850 4024 3849
f 3850 4031 4024
f 3870 2920 3871
f 3869 2920 3870
f 3886 3143 3887
f 3886 2974 3143
f 3885 2974 3886
f 3884 2974 3885
f 3883 2974 3884
f 3232 3233 3736
f 3734 3733 3735
f 3732 3733 3734
f 3732 3731 3733
f 3730 3731 3732
f 3730 3217 3731
f 3216 3217 3730
f 3866 2920 3867
f 3866 2922 2920
f 3850 4028 4029
f 3921 4028 3850
f 3808 4023 3807
f 3809 4023 3808
f 3809 4027 4023
f 3810 4027 3809
f 3811 4027 3810
f 3811 4026 4027
f 3812 4026 3811
f 3812 4025 4026
f 3876 2980 3877
f 3876 2982 2980
f 3853 3852 3851
f 3272 3271 3277
f 2991 3271 3272
f 3874 3272 3273
f 3874 2991 3272
f 3873 2991 3874
f 3872 2991 3873
f 3872 2920 2991
f 3871 2920 3872
f 3813 4025 3812
f 3813 4024 4025
f 3847 4024 3813
f 3807 3923 3806
f 3921 4032 4028
f 3920 4032 3921
f 3796 4014 3795
f 3796 4021 4014
f 4020 4021 3796
f 3796 4019 4020
f 3796 4018 4019
f 4048 4049 3624
f 4048 4047 4049
f 4046 4047 4048
f 4046 3954 4047
f 4045 3954 4046
f 4045 3948 3954
f 4044 3948 4045
f 4044 3949 3948
f 4055 3946 4056
f 4030 4031 3850
f 3850 4029 4030
f 3793 4014 3757
f 3751 3924 3750
f 4013 3924 3751
f 4055 3940 3946
f 4023 3923 3807
f 3905 4022 4018
f 3907 4022 3905
f 3794 4014 3793
f 3795 4014 3794
f 3832 4003 3831
f 3833 4003 3832
f 4054 3940 4055
f 4054 3941 3940
f 3940 3939 3946
f 3905 4018 3796
f 3752 4013 3751
f 3753 4013 3752
f 3753 4017 4013
f 3754 4017 3753
f 3755 4017 3754
f 3755 4016 4017
f 3756 4016 3755
f 3756 4015 4016
f 3757 4015 3756
f 3757 4014 4015
f 2637 3185 2636
f 3186 3185 2637
f 2497 2495 2498
f 2496 2495 2497
f 2494 2495 2496
f 2494 2492 2495
f 3914 4012 4008
f 3913 4012 3914
f 3855 4004 3854
f 3856 4004 3855
f 3857 4004 3856
f 3857 4011 4004
f 4010 4011 3857
f 3857 4009 4010
f 3857 4008 4009
f 3914 4008 3857
f 2702 3187 2700
f 3194 3187 2702
f 2702 3193 3194
f 2702 3192 3193
f 3191 3192 2702
f 2638 3186 2637
f 2639 3186 2638
f 2639 3190 3186
f 2640 3190 2639
f 2641 3190 2640
f 2641 3189 3190
f 2643 3189 2641
f 2643 3188 3189
f 2644 3188 2643
f 2644 3187 3188
f 2696 3187 2644
f 3835 4007 3834
f 3835 4006 4007
f 3836 4006 3835
f 3836 4005 4006
f 3837 4005 3836
f 3837 4004 4005
f 3854 4004 3837
f 3831 3925 3830
f 4003 3925 3831
f 3917 4002 3998
f 3916 4002 3917
f 3195 3199 3191
f 3198 3199 3195
f 2702 3195 3191
f 2698 3187 2696
f 2700 3187 2698
f 3904 3999 4000
f 3904 3998 3999
f 3917 3998 3904
f 3883 3993 3882
f 3884 3993 3883
f 3884 3997 3993
f 3885 3997 3884
f 3886 3997 3885
f 2572 3204 3205
f 2573 3204 2572
f 2573 3203 3204
f 2586 3203 2573
f 2566 3184 2565
f 3202 3184 2566
f 3833 4007 4003
f 3834 4007 3833
f 3210 3203 2592
f 2592 3209 3210
f 2592 3208 3209
f 3207 3208 2592
f 2567 3202 2566
f 2568 3202 2567
f 2568 3206 3202
f 2569 3206 2568
f 2570 3206 2569
f 2570 3205 3206
f 2572 3205 2570
f 3902 3994 3901
f 3903 3994 3902
f 3904 3994 3903
f 3904 4001 3994
f 4000 4001 3904
f 3769 3475 3474
f 3770 3475 3769
f 3886 3996 3997
f 3887 3996 3886
f 3887 3995 3996
f 3888 3995 3887
f 3888 3994 3995
f 3901 3994 3888
f 3882 3926 3881
f 3993 3926 3882
f 3211 3215 3207
f 3214 3215 3211
f 2592 3211 3207
f 2588 3203 2586
f 2590 3203 2588
f 2592 3203 2590
f 3773 3988 3989
f 3986 3988 3773
f 3776 3774 3775
f 3776 3773 3774
f 3987 3773 3776
f 3478 3769 3476
f 3768 3769 3478
f 3468 3773 3991
f 3468 3772 3773
f 3467 3772 3468
f 3467 3771 3772
f 3472 3771 3467
f 3770 3471 3475
f 3770 3472 3471
f 3771 3472 3770
f 3769 3474 3476
f 2504 3220 2503
f 2504 3219 3220
f 2511 3219 2504
f 2497 3183 2496
f 3218 3183 2497
f 2493 2492 2494
f 2491 2492 2493
f 2491 2490 2492
f 2489 2490 2491
f 2489 2488 2490
f 3844 3846 3966
f 3845 3846 3844
f 3987 3789 3992
f 3776 3789 3987
f 3990 3991 3773
f 3773 3989 3990
f 2517 3227 3223
f 2513 3219 2511
f 2515 3219 2513
f 2517 3219 2515
f 3226 3219 2517
f 2517 3225 3226
f 2517 3224 3225
f 3223 3224 2517
f 2498 3218 2497
f 2499 3218 2498
f 2499 3222 3218
f 2500 3222 2499
f 2501 3222 2500
f 2501 3221 3222
f 2503 3221 2501
f 2503 3220 3221
f 3985 3984 3986
f 3982 3984 3985
f 3982 3983 3984
f 3982 3981 3983
f 3980 3981 3982
f 3980 3978 3981
f 3979 3978 3980
f 3977 3978 3979
f 3977 3975 3978
f 3820 3975 3977
f 3890 3976 3974
f 3820 3974 3975
f 3820 3890 3974
f 3821 3890 3820
f 3227 3231 3223
f 3230 3231 3227
f 3960 3892 3893
f 3891 3892 3960
f 3842 3968 3969
f 3842 3967 3968
f 2540 3238 2539
f 2541 3238 2540
f 2541 3237 3238
f 2543 3237 2541
f 2543 3236 3237
f 2544 3236 2543
f 2544 3235 3236
f 2597 3235 2544
f 2537 3182 2536
f 3234 3182 2537
f 3987 3986 3773
f 3985 3986 3987
f 3239 3240 2603
f 2538 3234 2537
f 2539 3234 2538
f 2539 3238 3234
f 3889 3890 3821
f 3889 3972 3973
f 3821 3972 3889
f 3821 3971 3972
f 3839 3971 3821
f 3839 3970 3971
f 3840 3970 3839
f 3841 3970 3840
f 3841 3969 3970
f 3842 3969 3841
f 3894 3909 3960
f 3960 3893 3894
f 3870 3963 3959
f 3871 3963 3870
f 3872 3963 3871
f 3872 3962 3963
f 3873 3962 3872
f 3873 3961 3962
f 3874 3961 3873
f 3243 3247 3239
f 3246 3247 3243
f 2603 3243 3239
f 2599 3235 2597
f 2601 3235 2599
f 2603 3235 2601
f 3242 3235 2603
f 2603 3241 3242
f 2603 3240 3241
f 2668 3253 2666
f 2668 3252 3253
f 2669 3252 2668
f 2669 3251 3252
f 2707 3251 2669
f 3181 2662 3250
f 2661 2662 3181
f 3843 3967 3842
f 3843 3909 3967
f 3844 3909 3843
f 3844 3960 3909
f 3966 3960 3844
f 3966 3965 3960
f 3964 3965 3966
f 3869 3959 3868
f 3870 3959 3869
f 2752 3139 3141
f 2752 3140 3139
f 2753 3140 2752
f 3142 2752 3141
f 2751 2752 3142
f 3888 3143 3313
f 3887 3143 3888
f 3882 2974 3883
f 3881 2974 3882
f 3880 2974 3881
f 3880 2976 2974
f 3879 2976 3880
f 3878 2976 3879
f 3878 2978 2976
f 3877 2978 3878
f 3877 2980 2978
f 2663 3250 2662
f 2664 3250 2663
f 2664 3254 3250
f 2665 3254 2664
f 2666 3254 2665
f 2666 3253 3254
f 2756 3258 3255
f 3257 3258 2756
f 3256 2757 2758
f 3256 2756 2757
f 3257 2756 3256
f 3256 2774 2775
f 3256 2759 2774
f 2758 2759 3256
f 3136 2756 3255
f 3136 2755 2756
f 3135 2755 3136
f 3135 2754 2755
f 3138 2754 3135
f 2753 3137 3140
f 2753 3138 3137
f 2754 3138 2753
f 3097 2619 3098
f 3097 2618 2619
f 3100 2618 3097
f 2617 3099 3102
f 2617 3100 3099
f 2618 3100 2617
f 2616 3101 3103
f 2616 3102 3101
f 2617 3102 2616
f 3104 2616 3103
f 2615 2616 3104
f 2487 2488 2489
f 2487 2486 2488
f 2485 2486 2487
f 2481 2482 2483
f 3945 4061 3946
f 2686 2687 3066
f 2620 3262 3259
f 3261 3262 2620
f 3260 2621 2622
f 3260 2620 2621
f 3261 2620 3260
f 3260 2749 2750
f 3260 2623 2749
f 2622 2623 3260
f 3098 2620 3259
f 3098 2619 2620
f 3265 2691 3264
f 3264 2723 2724
f 3264 2694 2723
f 2693 2694 3264
f 3060 2691 3263
f 3060 2690 2691
f 3059 2690 3060
f 3059 2689 2690
f 3062 2689 3059
f 2688 3061 3064
f 2688 3062 3061
f 2689 3062 2688
f 2687 3063 3065
f 2687 3064 3063
f 2688 3064 2687
f 3066 2687 3065
f 3022 2738 2739
f 3021 2738 3022
f 3021 2737 2738
f 3024 2737 3021
f 2736 3023 3026
f 2736 3024 3023
f 2737 3024 2736
f 2735 3025 3027
f 2735 3026 3025
f 2736 3026 2735
f 3028 2735 3027
f 2734 2735 3028
f 2691 3266 3263
f 3265 3266 2691
f 3264 2692 2693
f 3264 2691 2692
f 3275 3008 3010
f 3274 3008 3275
f 3273 3008 3274
f 3273 3007 3008
f 3272 3007 3273
f 3002 2991 2992
f 3271 2991 3002
f 2739 3270 3267
f 3269 3270 2739
f 3268 2740 2741
f 3268 2739 2740
f 3269 2739 3268
f 3268 2766 2767
f 3268 2742 2766
f 2741 2742 3268
f 3022 2739 3267
f 2712 3677 3900
f 2710 3677 2712
f 2710 3711 3677
f 3874 3960 3961
f 3891 3960 3874
f 3868 3922 3867
f 3959 3922 3868
f 3004 3271 3002
f 3004 3277 3271
f 3006 3277 3004
f 3006 3272 3277
f 3007 3272 3006
f 2791 3009 2792
f 3276 3009 2791
f 3276 3010 3009
f 3275 3010 3276
f 3676 3781 3782
f 3675 3781 3676
f 3675 3780 3781
f 3680 3780 3675
f 3779 3679 3683
f 3251 3279 3280
f 3251 3278 3279
f 2713 3278 3251
f 3251 2711 2713
f 3251 2709 2711
f 2707 2709 3251
f 3706 2672 3705
f 3706 2673 2672
f 3707 2673 3706
f 3707 2670 2673
f 3708 2670 3707
f 3283 3284 3285
f 3283 3278 3284
f 3279 3278 3283
f 3281 3279 3282
f 3280 3279 3281
f 2708 3711 2710
f 2708 3709 3711
f 2706 3709 2708
f 2671 3709 2706
f 2671 3708 3709
f 2670 3708 2671
f 3705 2667 3704
f 2672 2667 3705
f 3686 3778 3684
f 3777 3778 3686
f 3676 3782 3958
f 2776 2777 2778
f 3297 2778 2779
f 3297 2776 2778
f 3293 2776 3297
f 3295 2776 3293
f 3295 3294 3296
f 3293 3294 3295
f 3293 3292 3294
f 3291 3292 3293
f 3291 3289 3292
f 3290 3289 3291
f 3288 3289 3290
f 3288 3287 3289
f 3285 3287 3288
f 3285 3286 3287
f 3285 3284 3286
f 2797 3304 2730
f 2733 2731 2732
f 2733 2730 2731
f 3303 2730 2733
f 3303 2797 2730
f 3302 2797 3303
f 3302 2795 2797
f 3301 2795 3302
f 3301 2794 2795
f 3301 2793 2794
f 3300 2793 3301
f 3300 2780 2793
f 3299 2780 3300
f 3298 2780 3299
f 3298 2779 2780
f 3297 2779 3298
f 2727 3178 2726
f 2727 3175 3178
f 2727 3176 3175
f 2728 3176 2727
f 2728 3173 3176
f 2729 3173 2728
f 2729 3174 3173
f 2730 3174 2729
f 3307 3174 2730
f 3280 3311 3251
f 3310 3311 3280
f 3303 3308 3309
f 2733 3308 3303
f 3306 3307 2730
f 2730 3305 3306
f 2730 3304 3305
f 3159 3313 3158
f 3318 3161 3319
f 3317 3161 3318
f 3317 3162 3161
f 3316 3162 3317
f 3316 3160 3162
f 3315 3160 3316
f 3314 3160 3315
f 3314 3159 3160
f 3313 3159 3314
f 3154 3143 3144
f 3312 3143 3154
f 2726 3180 2725
f 3179 3180 2726
f 2726 3177 3179
f 2726 3178 3177
f 3330 3122 3331
f 3329 3122 3330
f 3329 3121 3122
f 3328 3121 3329
f 3116 3105 3106
f 3327 3105 3116
f 3322 3318 3319
f 3322 3326 3318
f 3321 3326 3322
f 3323 3324 3325
f 3323 3322 3324
f 3321 3322 3323
f 3156 3312 3154
f 3156 3320 3312
f 3158 3320 3156
f 3158 3313 3320
f 3337 3333 3334
f 3337 3341 3333
f 3336 3341 3337
f 3338 3339 3340
f 3338 3337 3339
f 3336 3337 3338
f 3118 3327 3116
f 3118 3335 3327
f 3120 3335 3118
f 3120 3328 3335
f 3121 3328 3120
f 3333 3123 3334
f 3332 3123 3333
f 3332 3124 3123
f 3331 3124 3332
f 3331 3122 3124
f 3080 3342 3078
f 3080 3350 3342
f 3082 3350 3080
f 3082 3343 3350
f 3083 3343 3082
f 3348 3085 3349
f 3347 3085 3348
f 3347 3086 3085
f 3346 3086 3347
f 3346 3084 3086
f 3345 3084 3346
f 3344 3084 3345
f 3344 3083 3084
f 3343 3083 3344
f 3078 3067 3068
f 3342 3067 3078
f 3362 3047 3363
f 3362 3048 3047
f 3361 3048 3362
f 3361 3046 3048
f 3360 3046 3361
f 3359 3046 3360
f 3359 3045 3046
f 3358 3045 3359
f 3040 3029 3030
f 3357 3029 3040
f 3352 3348 3349
f 3352 3356 3348
f 3351 3356 3352
f 3353 3354 3355
f 3353 3352 3354
f 3351 3352 3353
f 3367 3363 3364
f 3367 3371 3363
f 3366 3371 3367
f 3368 3369 3370
f 3368 3367 3369
f 3366 3367 3368
f 3042 3357 3040
f 3042 3365 3357
f 3044 3365 3042
f 3044 3358 3365
f 3045 3358 3044
f 3363 3047 3364
f 3956 3782 3955
f 3955 3788 3819
f 3955 3785 3788
f 3784 3785 3955
f 3860 3859 3858
f 3313 3312 3320
f 3143 3312 3313
f 3888 3313 3314
f 3677 3672 3673
f 3661 3662 3698
f 3710 3711 3709
f 3656 2545 3655
f 2602 3625 3951
f 2600 3625 2602
f 2600 3659 3625
f 3779 3680 3679
f 3780 3680 3779
f 3778 3682 3684
f 3704 2918 2917
f 3703 2918 3704
f 2912 2918 3703
f 3703 2911 2912
f 3696 3695 3661
f 3694 3695 3696
f 3694 3693 3695
f 3692 3693 3694
f 3710 3677 3711
f 3672 3677 3710
f 3709 2915 3710
f 3709 2913 2915
f 3708 2913 3709
f 3707 2913 3708
f 3706 2913 3707
f 3706 2914 2913
f 3705 2914 3706
f 3705 2916 2914
f 3704 2916 3705
f 3704 2917 2916
f 3778 3683 3682
f 3779 3683 3778
f 3782 3957 3958
f 3956 3957 3782
f 3955 3783 3784
f 3955 3782 3783
f 3623 3724 3725
f 3628 3724 3623
f 3723 3627 3631
f 3952 2602 3951
f 3952 2604 2602
f 2605 2604 3952
f 2606 3953 3954
f 2606 3952 3953
f 2605 3952 2606
f 3654 2547 3653
f 3654 2548 2547
f 3655 2548 3654
f 3655 2545 2548
f 3947 3729 3740
f 3728 3729 3947
f 2598 3659 2600
f 2598 3657 3659
f 2596 3657 2598
f 2546 3657 2596
f 2546 3656 3657
f 2545 3656 2546
f 3653 2542 3652
f 2547 2542 3653
f 3634 3722 3632
f 3721 3722 3634
f 3624 3726 3950
f 3624 3725 3726
f 3623 3725 3624
f 2514 3573 2516
f 2514 3607 3573
f 3723 3628 3627
f 3724 3628 3723
f 3722 3630 3632
f 3722 3631 3630
f 3723 3631 3722
f 3726 3949 3950
f 3948 3949 3726
f 3947 3727 3728
f 3947 3726 3727
f 3948 3726 3947
f 3947 3740 3741
f 3571 3716 3572
f 3571 3715 3716
f 3576 3715 3571
f 3714 3575 3579
f 3944 2516 3943
f 3944 2518 2516
f 2519 2518 3944
f 2520 3945 3946
f 2520 3944 3945
f 2519 3944 2520
f 3602 2507 3601
f 3602 2508 2507
f 3603 2508 3602
f 3603 2505 2508
f 3604 2505 3603
f 2516 3573 3943
f 3940 3717 3939
f 3939 3734 3735
f 3939 3720 3734
f 3719 3720 3939
f 2512 3607 2514
f 2512 3605 3607
f 2510 3605 2512
f 2506 3605 2510
f 2506 3604 3605
f 2505 3604 2506
f 3601 2502 3600
f 2507 2502 3601
f 3582 3713 3580
f 3712 3713 3582
f 3572 3717 3942
f 3572 3716 3717
f 3550 2577 2576
f 3551 2577 3550
f 3551 2574 2577
f 3552 2574 3551
f 2591 3521 3935
f 2589 3521 2591
f 2589 3555 3521
f 3714 3576 3575
f 3715 3576 3714
f 3713 3578 3580
f 3713 3579 3578
f 3714 3579 3713
f 3717 3941 3942
f 3940 3941 3717
f 3939 3718 3719
f 3939 3717 3718
f 2576 2571 3549
f 3530 3760 3528
f 3759 3760 3530
f 3520 3764 3934
f 3520 3763 3764
f 3519 3763 3520
f 3519 3762 3763
f 3524 3762 3519
f 3761 3523 3527
f 3936 2591 3935
f 3936 2593 2591
f 2594 2593 3936
f 2595 3937 3938
f 2595 3936 3937
f 2594 3936 2595
f 3550 2576 3549
f 3761 3527 3760
f 3764 3933 3934
f 3932 3933 3764
f 3931 3765 3766
f 3931 3764 3765
f 3932 3764 3931
f 3931 3792 3816
f 3931 3767 3792
f 3766 3767 3931
f 2587 3555 2589
f 2587 3553 3555
f 2585 3553 2587
f 2575 3553 2585
f 2575 3552 3553
f 2574 3552 2575
f 3549 2571 3548
f 2704 2703 3928
f 2705 3929 3930
f 2705 3928 3929
f 2704 3928 2705
f 3498 2647 3497
f 3498 2648 2647
f 3499 2648 3498
f 3499 2645 2648
f 3500 2645 3499
f 2701 3469 3927
f 2699 3469 2701
f 2699 3503 3469
f 3761 3524 3523
f 3762 3524 3761
f 3760 3526 3528
f 3760 3527 3526
f 2697 3503 2699
f 2697 3501 3503
f 2695 3501 2697
f 2646 3501 2695
f 2646 3500 3501
f 2645 3500 2646
f 3497 2642 3496
f 2647 2642 3497
f 3928 2701 3927
f 3928 2703 2701
f 3022 3372 3373
f 3267 3372 3022
f 3377 2789 2788
f 3376 2789 3377
f 3376 3375 2789
f 3374 3375 3376
f 3374 3373 3375
f 3022 3373 3374
f 3681 3682 3678
f 3674 3680 3675
f 3674 3679 3680
f 3678 3679 3674
f 3703 2910 2911
f 3702 2910 3703
f 3702 2909 2910
f 3701 2909 3702
f 3700 2909 3701
f 3700 2908 2909
f 3699 2908 3700
f 3698 2908 3699
f 3698 2907 2908
f 3662 2907 3698
f 3695 3660 3661
f 3696 3661 3697
f 3381 3022 3374
f 3380 3022 3381
f 3379 3373 3372
f 3375 3373 3379
f 3022 2792 3009
f 3380 2792 3022
f 3380 2786 2792
f 3377 2786 3380
f 3270 3269 3378
f 2789 3269 3268
f 3379 3269 2789
f 3379 3378 3269
f 3372 3378 3379
f 3372 3270 3378
f 3267 3270 3372
f 3377 2788 2786
f 3382 3388 3389
f 3382 3266 3388
f 3263 3266 3382
f 3387 3369 3367
f 3387 3370 3369
f 3386 3370 3387
f 3386 3385 3370
f 3384 3385 3386
f 3384 3383 3385
f 3060 3383 3384
f 3060 3382 3383
f 3263 3382 3060
f 2789 3375 3379
f 3377 3381 3376
f 3377 3380 3381
f 3381 3374 3376
f 3370 3385 3389
f 3387 3391 3386
f 3387 3390 3391
f 3391 3384 3386
f 3391 3060 3384
f 3390 3060 3391
f 3389 3383 3382
f 3385 3383 3389
f 3060 3364 3047
f 3390 3364 3060
f 3390 3367 3364
f 3387 3367 3390
f 3266 3265 3388
f 3370 3265 3264
f 3389 3265 3370
f 3389 3388 3265
f 3258 3257 3398
f 3340 3257 3256
f 3399 3257 3340
f 3399 3398 3257
f 3392 3398 3399
f 3392 3258 3398
f 3255 3258 3392
f 3397 3339 3337
f 3397 3340 3339
f 3396 3340 3397
f 3396 3395 3340
f 3394 3395 3396
f 3394 3393 3395
f 3136 3393 3394
f 3136 3392 3393
f 3255 3392 3136
f 3404 3403 3405
f 3098 3403 3404
f 3098 3402 3403
f 3259 3402 3098
f 3340 3395 3399
f 3397 3401 3396
f 3397 3400 3401
f 3401 3394 3396
f 3401 3136 3394
f 3400 3136 3401
f 3399 3393 3392
f 3395 3393 3399
f 3136 3334 3123
f 3400 3334 3136
f 3400 3337 3334
f 3397 3337 3400
f 3098 3349 3085
f 3410 3349 3098
f 3410 3352 3349
f 3407 3352 3410
f 3262 3261 3408
f 3355 3261 3260
f 3409 3261 3355
f 3409 3408 3261
f 3402 3408 3409
f 3402 3262 3408
f 3259 3262 3402
f 3407 3354 3352
f 3407 3355 3354
f 3406 3355 3407
f 3406 3405 3355
f 3404 3405 3406
f 3355 3405 3409
f 3407 3411 3406
f 3407 3410 3411
f 3411 3404 3406
f 3411 3098 3404
f 3410 3098 3411
f 3409 3403 3402
f 3405 3403 3409
f 3668 2858 2857
f 3667 2858 3668
f 3667 2852 2858
f 3666 2852 3667
f 3692 3691 3693
f 3688 3691 3692
f 3690 3691 3688
f 3688 3689 3690
f 3688 3687 3689
f 3686 3687 3688
f 3686 3685 3687
f 3684 3685 3686
f 3684 3681 3685
f 3682 3681 3684
f 3678 3683 3679
f 3678 3682 3683
f 4065 3932 3938
f 4064 3932 4065
f 4064 3933 3932
f 4063 3933 4064
f 4063 3934 3933
f 3520 3934 4063
f 4061 4059 4057
f 4061 4060 4059
f 4056 4062 4055
f 4056 4058 4062
f 3666 2851 2852
f 3665 2851 3666
f 3665 2850 2851
f 3664 2850 3665
f 3673 3676 3677
f 3673 3675 3676
f 3674 3675 3673
f 3672 2855 3673
f 3672 2853 2855
f 3671 2853 3672
f 3671 2854 2853
f 3670 2854 3671
f 3670 2856 2854
f 3669 2856 3670
f 3669 2857 2856
f 3668 2857 3669
f 4055 4053 4054
f 4071 4070 4069
f 4066 4072 4065
f 4066 4068 4072
f 4065 4063 4064
f 4072 4063 4065
f 4072 3520 4063
f 4068 3520 4072
f 3935 3521 3520
f 3932 3931 3938
f 3938 4071 4067
f 3937 4071 3938
f 3936 4071 3937
f 3936 4070 4071
f 3935 4070 3936
f 3520 4070 3935
f 3520 4069 4070
f 4071 4069 4067
f 3892 3276 3893
f 3892 3275 3276
f 3891 3275 3892
f 3891 3274 3275
f 3891 3273 3274
f 2785 2787 3894
f 3894 2790 2785
f 3894 2791 2790
f 3893 2791 3894
f 3893 3276 2791
f 3664 2849 2850
f 3663 2849 3664
f 3663 2848 2849
f 3662 2848 3663
f 3661 2848 3662
f 3661 2847 2848
f 3660 2847 3661
f 3874 3273 3891
f 3897 2712 3900
f 3897 2714 2712
f 2715 2714 3897
f 2716 3898 3899
f 2716 3897 3898
f 2715 3897 2716
f 3609 3610 3646
f 3658 3659 3657
f 3658 3625 3659
f 3620 3625 3658
f 2900 2906 3651
f 3651 2899 2900
f 3651 2898 2899
f 3650 2898 3651
f 3625 3620 3621
f 4079 3991 3990
f 4079 3468 3991
f 4078 3468 4079
f 4078 4077 3468
f 4076 4077 4078
f 3642 3641 3643
f 3640 3641 3642
f 3640 3639 3641
f 3636 3639 3640
f 3657 2903 3658
f 3657 2901 2903
f 3656 2901 3657
f 3655 2901 3656
f 3654 2901 3655
f 3654 2902 2901
f 3653 2902 3654
f 3653 2904 2902
f 3652 2904 3653
f 3652 2905 2904
f 3652 2906 2905
f 3651 2906 3652
f 4076 4075 4077
f 3930 4075 4076
f 3930 4074 4075
f 3929 4074 3930
f 3928 4074 3929
f 3928 4073 4074
f 3927 4073 3928
f 3927 3468 4073
f 3469 3468 3927
f 3946 3227 2517
f 3939 3227 3946
f 4074 4082 4075
f 4074 4073 4082
f 4081 4076 4078
f 4082 4077 4075
f 4082 3468 4077
f 4073 3468 4082
f 4079 4081 4078
f 4080 4081 4079
f 3989 3988 3930
f 4081 3930 4076
f 4081 3989 3930
f 4080 3989 4081
f 4080 3990 3989
f 4079 3990 4080
f 3814 3213 3815
f 3201 3213 3814
f 3212 3213 3201
f 2781 3201 3196
f 2781 3212 3201
f 3217 3212 2781
f 3228 2781 3278
f 3228 3217 2781
f 3229 3217 3228
f 3731 3217 3229
f 3229 3733 3731
f 3229 3735 3733
f 3230 3735 3229
f 3227 3735 3230
f 3939 3735 3227
f 3946 2517 2520
f 2781 3986 2782
f 3988 3986 2781
f 3930 2702 2705
f 3930 3195 2702
f 3988 3195 3930
f 3988 3198 3195
f 2781 3198 3988
f 2781 3197 3198
f 3196 3197 2781
f 2592 2595 3938
f 3211 3931 3816
f 3211 3938 3931
f 2592 3938 3211
f 3816 3214 3211
f 3816 3213 3214
f 3815 3213 3816
f 2603 3954 3243
f 3741 3246 3243
f 3741 3245 3246
f 3739 3245 3741
f 3737 3245 3739
f 3233 3245 3737
f 3233 3244 3245
f 3278 3244 3233
f 3278 3249 3244
f 3278 3817 3249
f 3818 3817 3278
f 3899 3955 3819
f 2713 2716 3899
f 3278 3819 3818
f 3278 3899 3819
f 2713 3899 3278
f 3986 2784 2782
f 3984 2784 3986
f 3233 3228 3278
f 2603 2606 3954
f 3243 3947 3741
f 3243 3954 3947
f 3896 4088 4089
f 3896 4087 4088
f 3622 3627 3628
f 3626 3627 3622
f 3621 3624 3625
f 3621 3623 3624
f 3650 2897 2898
f 3649 2897 3650
f 3648 2897 3649
f 3648 2896 2897
f 3647 2896 3648
f 3646 2896 3647
f 3646 2895 2896
f 3610 2895 3646
f 3643 3608 3609
f 3644 3609 3645
f 3644 3643 3609
f 3642 3643 3644
f 4086 4087 3896
f 3896 4084 4085
f 3896 4083 4084
f 3895 4083 3896
f 3896 4092 4093
f 3896 4091 4092
f 4090 4091 3896
f 3909 4100 4101
f 3909 4099 4100
f 4098 4099 3909
f 3909 4096 4097
f 3909 4095 4096
f 4094 4095 3909
f 3909 4104 4105
f 3909 4103 4104
f 4102 4103 3909
f 4108 3896 4085
f 4086 3896 4108
f 4094 3896 4107
f 3909 3896 4094
f 4106 3967 3909
f 4110 3896 4093
f 4107 3896 4110
f 4109 3896 4089
f 4090 3896 4109
f 4106 3909 4105
f 4112 3909 4101
f 4102 3909 4112
f 4111 3909 4097
f 4098 3909 4111
f 3615 2840 2846
f 3614 2840 3615
f 3614 2839 2840
f 3613 2839 3614
f 3638 3639 3636
f 3636 3637 3638
f 3636 3635 3637
f 3634 3635 3636
f 3634 3633 3635
f 3632 3633 3634
f 3632 3629 3633
f 3630 3629 3632
f 3626 3631 3627
f 3626 3630 3631
f 3629 3630 3626
f 3622 3628 3623
f 2499 2495 2500
f 2498 2495 2499
f 3610 2836 3611
f 3609 2836 3610
f 3609 2835 2836
f 3608 2835 3609
f 3622 3623 3621
f 3620 2843 3621
f 3620 2841 2843
f 3619 2841 3620
f 3619 2842 2841
f 3618 2842 3619
f 3618 2844 2842
f 3617 2844 3618
f 3617 2845 2844
f 3616 2845 3617
f 3616 2846 2845
f 3615 2846 3616
f 3901 3314 3315
f 3888 3314 3901
f 3902 3316 3317
f 3901 3316 3902
f 3901 3315 3316
f 3613 2838 2839
f 3612 2838 3613
f 3612 2837 2838
f 3611 2837 3612
f 3611 2836 2837
f 2504 2510 2511
f 2506 2510 2504
f 2483 2509 2481
f 2505 2507 2508
f 2502 2507 2505
f 2504 2505 2506
f 2504 2502 2505
f 2503 2502 2504
f 2501 2502 2503
f 2501 2495 2502
f 2500 2495 2501
f 3908 3896 3909
f 3906 2744 3908
f 3906 2746 2744
f 2748 2746 3906
f 2750 3907 3905
f 2750 3906 3907
f 2748 3906 2750
f 3905 3260 2750
f 3905 3355 3260
f 3796 3355 3905
f 3353 3355 3796
f 3321 3323 3904
f 3904 3326 3321
f 3904 3318 3326
f 3903 3318 3904
f 3903 3317 3318
f 2527 2528 2529
f 2527 2526 2528
f 2525 2526 2527
f 2525 2524 2526
f 2523 2524 2525
f 2523 2522 2524
f 2521 2522 2523
f 2519 2520 2517
f 2517 2518 2519
f 2517 2516 2518
f 2515 2516 2517
f 2515 2514 2516
f 2513 2514 2515
f 2513 2512 2514
f 2511 2512 2513
f 2511 2510 2512
f 2544 2542 2545
f 2543 2542 2544
f 2541 2542 2543
f 2541 2535 2542
f 2540 2535 2541
f 2539 2535 2540
f 2538 2535 2539
f 2537 2535 2538
f 2536 2535 2537
f 2534 2535 2536
f 2534 2532 2535
f 2533 2532 2534
f 2531 2532 2533
f 2531 2530 2532
f 2529 2530 2531
f 2529 2528 2530
f 2562 2561 2563
f 2560 2561 2562
f 2560 2559 2561
f 2558 2559 2560
f 2558 2557 2559
f 2556 2557 2558
f 2556 2555 2557
f 2554 2555 2556
f 2554 2553 2555
f 2552 2553 2554
f 2552 2551 2553
f 2550 2551 2552
f 2523 2549 2521
f 2545 2547 2548
f 2542 2547 2545
f 2544 2545 2546
f 2552 2578 2550
f 2574 2576 2577
f 2571 2576 2574
f 2573 2574 2575
f 2573 2571 2574
f 2572 2571 2573
f 2570 2571 2572
f 2570 2564 2571
f 2569 2564 2570
f 2568 2564 2569
f 2567 2564 2568
f 2566 2564 2567
f 2565 2564 2566
f 2563 2564 2565
f 2563 2561 2564
f 3896 3916 3304
f 3902 3317 3903
f 3911 3915 3896
f 3857 3338 3340
f 3914 3256 2775
f 3914 3340 3256
f 3857 3340 3914
f 2775 3913 3914
f 2775 3912 3913
f 2773 3912 2775
f 2771 3912 2773
f 2769 3912 2771
f 3910 3912 2769
f 3896 2769 3911
f 3896 3910 2769
f 2744 3910 3896
f 2586 2585 2587
f 2573 2585 2586
f 2575 2585 2573
f 3908 2744 3896
f 3909 2761 3918
f 3909 2763 2761
f 2765 2763 3909
f 2789 3268 2767
f 3894 2787 2789
f 3909 2767 2765
f 3909 2789 2767
f 3894 2789 3909
f 3896 2797 2798
f 3304 2797 3896
f 3325 3904 3323
f 3325 3917 3904
f 3304 3917 3325
f 3304 3916 3917
f 3850 3368 3370
f 3921 3264 2724
f 3921 3370 3264
f 3850 3370 3921
f 2724 3920 3921
f 2724 3919 3920
f 2722 3919 2724
f 2720 3919 2722
f 2718 3919 2720
f 2718 3918 3919
f 3909 3918 2718
f 3896 3915 3916
f 2718 3908 3909
f 3414 3278 3415
f 3573 3568 3569
f 3557 3558 3594
f 3606 3607 3605
f 3606 3573 3607
f 3568 3573 3606
f 3605 2891 3606
f 3605 2889 2891
f 3602 2890 2889
f 3601 2890 3602
f 3601 2892 2890
f 3600 2892 3601
f 3600 2893 2892
f 3600 2894 2893
f 3599 2894 3600
f 2888 2894 3599
f 3599 2887 2888
f 3599 2886 2887
f 3598 2886 3599
f 3598 2885 2886
f 3597 2885 3598
f 3413 3278 3414
f 3413 3412 3278
f 3594 2884 3595
f 3594 2883 2884
f 3558 2883 3594
f 3591 3556 3557
f 3592 3557 3593
f 3592 3591 3557
f 3590 3591 3592
f 3590 3589 3591
f 3588 3589 3590
f 3588 3587 3589
f 3584 3587 3588
f 3586 3587 3584
f 3584 3585 3586
f 3604 2889 3605
f 3603 2889 3604
f 3602 2889 3603
f 3418 3278 3419
f 3417 3278 3418
f 3417 3416 3278
f 3580 3581 3582
f 3580 3577 3581
f 3578 3577 3580
f 3574 3579 3575
f 3574 3578 3579
f 3577 3578 3574
f 3570 3576 3571
f 3570 3575 3576
f 3574 3575 3570
f 3569 3572 3573
f 3569 3571 3572
f 3570 3571 3569
f 3568 2831 3569
f 3596 2885 3597
f 3596 2884 2885
f 3595 2884 3596
f 3422 3278 2781
f 3421 3278 3422
f 3421 3420 3278
f 3431 2781 3432
f 3430 2781 3431
f 3430 3429 2781
f 3427 2781 3428
f 3426 2781 3427
f 3426 3425 2781
f 3423 2781 3424
f 3422 2781 3423
f 2594 2595 2592
f 2592 2593 2594
f 2592 2591 2593
f 2590 2591 2592
f 2590 2589 2591
f 2588 2589 2590
f 2588 2587 2589
f 2586 2587 2588
f 3566 2830 3567
f 3566 2832 2830
f 3565 2832 3566
f 3565 2833 2832
f 3564 2833 3565
f 3564 2834 2833
f 3563 2834 3564
f 3563 2828 2834
f 3562 2828 3563
f 3562 2827 2828
f 3561 2827 3562
f 3561 2826 2827
f 3560 2826 3561
f 3584 3583 3585
f 3582 3583 3584
f 3582 3581 3583
f 3436 3435 3278
f 3435 3284 3278
f 3434 2781 2783
f 3434 3433 2781
f 2603 2604 2605
f 2603 2602 2604
f 2601 2602 2603
f 2601 2600 2602
f 2599 2600 2601
f 2599 2598 2600
f 2597 2598 2599
f 2597 2596 2598
f 2544 2596 2597
f 2546 2596 2544
f 3438 3419 3278
f 3437 3415 3278
f 3440 3428 2781
f 3439 3424 2781
f 2605 2606 2603
f 3278 3420 3438
f 3278 3416 3437
f 3278 3412 3436
f 3441 3432 2781
f 2781 3433 3441
f 2781 3429 3440
f 2781 3425 3439
f 3560 2825 2826
f 3559 2825 3560
f 3559 2824 2825
f 3558 2824 3559
f 3557 2824 3558
f 3557 2823 2824
f 3556 2823 3557
f 3568 2829 2831
f 3567 2829 3568
f 3567 2830 2829
f 3521 3516 3517
f 3505 3506 3542
f 3554 3555 3553
f 3554 3521 3555
f 3516 3521 3554
f 3553 2879 3554
f 3553 2877 2879
f 3552 2877 3553
f 3551 2877 3552
f 3550 2877 3551
f 3550 2878 2877
f 3549 2878 3550
f 3549 2880 2878
f 3548 2880 3549
f 3548 2881 2880
f 3548 2882 2881
f 3547 2882 3548
f 2876 2882 3547
f 3547 2875 2876
f 3547 2874 2875
f 3546 2874 3547
f 3546 2873 2874
f 3545 2873 3546
f 3544 2873 3545
f 3544 2872 2873
f 3543 2872 3544
f 3542 2872 3543
f 3542 2871 2872
f 3506 2871 3542
f 3539 3504 3505
f 2634 2635 2636
f 2634 2632 2635
f 2633 2632 2634
f 2631 2632 2633
f 2631 2630 2632
f 2629 2630 2631
f 2629 2628 2630
f 2627 2628 2629
f 2627 2626 2628
f 2625 2626 2627
f 2625 2624 2626
f 2608 2624 2625
f 2608 2609 2624
f 2610 2609 2608
f 2612 2649 2650
f 2612 2613 2649
f 2614 2613 2612
f 2608 2607 2610
f 2645 2647 2648
f 2642 2647 2645
f 2644 2645 2646
f 2644 2642 2645
f 2643 2642 2644
f 2641 2642 2643
f 2641 2635 2642
f 2640 2635 2641
f 2639 2635 2640
f 2638 2635 2639
f 2637 2635 2638
f 2636 2635 2637
f 3174 3448 3449
f 3447 3448 3174
f 3447 3446 3448
f 3540 3505 3541
f 3540 3539 3505
f 3538 3539 3540
f 3538 3537 3539
f 3536 3537 3538
f 3536 3535 3537
f 3532 3535 3536
f 3534 3535 3532
f 3532 3533 3534
f 3532 3531 3533
f 3530 3531 3532
f 3530 3529 3531
f 3528 3529 3530
f 3528 3525 3529
f 3526 3525 3528
f 3522 3527 3523
f 3445 3446 3447
f 3445 3325 3446
f 3444 3325 3445
f 3444 3305 3325
f 3443 3305 3444
f 3443 3306 3305
f 3442 3306 3443
f 3442 3307 3306
f 3174 3307 3442
f 2665 2660 2666
f 2664 2660 2665
f 2663 2660 2664
f 2662 2660 2663
f 2661 2660 2662
f 2659 2660 2661
f 2659 2657 2660
f 2658 2657 2659
f 2656 2657 2658
f 2656 2655 2657
f 2654 2655 2656
f 2654 2653 2655
f 2652 2653 2654
f 2652 2651 2653
f 2650 2651 2652
f 2650 2649 2651
f 3450 3448 3446
f 3450 3449 3448
f 3445 3451 3444
f 3445 3447 3451
f 3444 3442 3443
f 3451 3442 3444
f 3451 3174 3442
f 3447 3174 3451
f 3319 3161 3174
f 3305 3304 3325
f 3325 3450 3446
f 3324 3450 3325
f 3322 3450 3324
f 3322 3449 3450
f 3319 3449 3322
f 3174 3449 3319
f 3522 3526 3527
f 3525 3526 3522
f 3518 3524 3519
f 3518 3523 3524
f 3522 3523 3518
f 3517 3520 3521
f 3517 3519 3520
f 3518 3519 3517
f 3516 2819 3517
f 3516 2817 2819
f 3515 2817 3516
f 3515 2818 2817
f 3514 2818 3515
f 3514 2820 2818
f 3513 2820 3514
f 3513 2821 2820
f 3512 2821 3513
f 3512 2822 2821
f 3511 2822 3512
f 3511 2816 2822
f 3510 2816 3511
f 3510 2815 2816
f 3509 2815 3510
f 3509 2814 2815
f 3508 2814 3509
f 3508 2813 2814
f 3507 2813 3508
f 3507 2812 2813
f 3506 2812 3507
f 3505 2812 3506
f 3505 2811 2812
f 3504 2811 3505
f 2797 2796 2798
f 2795 2796 2797
f 2786 2791 2792
f 2786 2790 2791
f 2785 2790 2786
f 2787 2788 2789
f 2787 2786 2788
f 2785 2786 2787
f 2612 2611 2614
f 2670 2672 2673
f 2667 2672 2670
f 2669 2670 2671
f 2669 2667 2670
f 2668 2667 2669
f 2666 2667 2668
f 3469 3464 3465
f 3453 3454 3490
f 3502 3503 3501
f 3502 3469 3503
f 3464 3469 3502
f 3498 2866 2865
f 3497 2866 3498
f 3497 2868 2866
f 3496 2868 3497
f 3496 2869 2868
f 3496 2870 2869
f 3495 2870 3496
f 2864 2870 3495
f 3495 2863 2864
f 3495 2862 2863
f 3494 2862 3495
f 2666 2660 2667
f 3490 2860 3491
f 3490 2859 2860
f 3454 2859 3490
f 3487 3452 3453
f 3488 3453 3489
f 3488 3487 3453
f 3486 3487 3488
f 3486 3485 3487
f 3484 3485 3486
f 3484 3483 3485
f 3480 3483 3484
f 3501 2867 3502
f 3501 2865 2867
f 3500 2865 3501
f 3499 2865 3500
f 3498 2865 3499
f 3476 3477 3478
f 3476 3473 3477
f 3474 3473 3476
f 3470 3475 3471
f 3470 3474 3475
f 3473 3474 3470
f 3466 3472 3467
f 3466 3471 3472
f 3470 3471 3466
f 3465 3468 3469
f 3465 3467 3468
f 3494 2861 2862
f 3493 2861 3494
f 3492 2861 3493
f 3492 2860 2861
f 3491 2860 3492
f 3458 2803 2804
f 3457 2803 3458
f 3482 3483 3480
f 3480 3481 3482
f 3480 3479 3481
f 3478 3479 3480
f 3478 3477 3479
f 3462 2806 3463
f 3462 2808 2806
f 3461 2808 3462
f 3461 2809 2808
f 3460 2809 3461
f 3460 2810 2809
f 3459 2810 3460
f 3459 2804 2810
f 3458 2804 3459
f 2766 2765 2767
f 2764 2765 2766
f 3457 2802 2803
f 3456 2802 3457
f 3456 2801 2802
f 3455 2801 3456
f 3455 2800 2801
f 3454 2800 3455
f 3453 2800 3454
f 3453 2799 2800
f 3452 2799 3453
f 3466 3467 3465
f 3464 2807 3465
f 3464 2805 2807
f 3463 2805 3464
f 3463 2806 2805
f 2709 2708 2710
f 2707 2708 2709
f 2707 2706 2708
f 2669 2706 2707
f 2671 2706 2669
f 2704 2705 2702
f 2702 2703 2704
f 2702 2701 2703
f 2700 2701 2702
f 2700 2699 2701
f 2698 2699 2700
f 2698 2697 2699
f 2696 2697 2698
f 2696 2695 2697
f 2644 2695 2696
f 2646 2695 2644
f 2723 2722 2724
f 2721 2722 2723
f 2721 2720 2722
f 2719 2720 2721
f 2719 2718 2720
f 2717 2718 2719
f 4171 4166 4158
f 4170 4166 4171
f 4157 4166 4170
f 4170 4150 4157
f 4170 4129 4150
f 4142 4141 4143
f 4140 4141 4142
f 4140 4139 4141
f 4138 4139 4140
f 4138 4137 4139
f 4136 4137 4138
f 4168 4131 4130
f 4167 4131 4168
f 4132 4131 4167
f 4169 4129 4170
f 4169 4130 4129
f 4168 4130 4169
f 4146 4145 4147
f 4144 4145 4146
f 4144 4143 4145
f 4142 4143 4144
f 4146 4147 4150
f 4150 4127 4146
f 4150 4126 4127
f 4129 4126 4150
f 4149 4137 4136
f 4148 4137 4149
f 4156 4172 4155
f 4159 4179 4180
f 4160 4179 4159
f 4160 4178 4179
f 4161 4178 4160
f 4161 4177 4178
f 4162 4177 4161
f 4162 4173 4177
f 4162 4174 4173
f 4163 4174 4162
f 4155 4164 4154
f 4155 4172 4164
f 4158 4180 4171
f 4126 4125 4127
f 4124 4125 4126
f 4124 4123 4125
f 4113 4123 4124
f 4115 4123 4113
f 4121 4120 4122
f 4117 4120 4121
f 4119 4120 4117
f 4117 4118 4119
f 4134 4135 4151
f 4151 4133 4134
f 4151 4128 4133
f 4121 4128 4151
f 4122 4128 4121
f 4117 4116 4118
f 4115 4116 4117
f 4115 4114 4116
f 4159 4180 4158
f 4182 4165 4183
f 4164 4176 4163
f 4172 4176 4164
f 4154 4164 4153
f 4163 4175 4174
f 4181 4165 4182
f 4152 4165 4181
f 4152 4164 4165
f 4153 4164 4152
f 4113 4114 4115
f 4163 4176 4175
f 4210 4225 4208
f 4210 4224 4225
f 4212 4224 4210
f 4212 4223 4224
f 4214 4223 4212
f 4214 4222 4223
f 4216 4222 4214
f 4216 4221 4222
f 4217 4221 4216
f 4208 4225 4226
f 4227 4219 4228
f 4227 4217 4219
f 4221 4217 4227
f 4204 4226 4202
f 4208 4226 4204
f 4229 4219 4230
f 4228 4219 4229
f 4247 4248 4232
f 4232 4246 4247
f 4232 4245 4246
f 4233 4245 4232
f 4254 4245 4233
f 4240 4211 4239
f 4234 4252 4253
f 4235 4252 4234
f 4236 4250 4251
f 4237 4250 4236
f 4237 4249 4250
f 4231 4249 4237
f 4238 4209 4207
f 4239 4209 4238
f 4242 4218 4215
f 4189 4191 4192
f 4190 4191 4189
f 4187 4185 4188
f 4186 4185 4187
f 4235 4251 4252
f 4236 4251 4235
f 4240 4213 4211
f 4241 4213 4240
f 4241 4215 4213
f 4242 4215 4241
f 4233 4253 4254
f 4234 4253 4233
f 4205 4249 4231
f 4201 4249 4205
f 4244 4218 4243
f 4184 4185 4186
f 4243 4218 4242
f 4187 4188 4189
f 4201 4206 4203
f 4205 4206 4201
f 4202 4203 4204
f 4202 4201 4203
f 4200 4201 4202
f 4200 4199 4201
f 4198 4199 4200
f 4198 4197 4199
f 4196 4197 4198
f 4196 4195 4197
f 4194 4195 4196
f 4194 4190 4195
f 4193 4190 4194
f 4220 4218 4244
f 4238 4207 4205
f 4205 4231 4238
f 4190 4193 4191
f 4189 4192 4187
f 4239 4211 4209
f 4852 4850 4851
f 4850 4849 4851
f 4860 4776 4777
f 4860 4777 4778
f 4377 4374 4378
f 4363 4361 4364
f 4363 4364 4365
f 4365 4364 4366
f 4365 4366 4367
f 4367 4366 4368
f 4367 4369 4365
f 4365 4369 4370
f 4365 4370 4371
f 4371 4370 4372
f 4371 4372 4373
f 4373 4372 4374
f 4416 4415 4417
f 4417 4415 4418
f 4417 4418 4419
f 4822 4334 4324
f 4360 4361 4362
f 4362 4361 4363
f 4391 4392 4393
f 4373 4374 4375
f 4375 4374 4376
f 4376 4374 4377
f 4406 4407 4408
f 4408 4407 4409
f 4408 4409 4410
f 4410 4409 4411
f 4411 4409 4412
f 4854 4850 4852
f 4382 4380 4383
f 4382 4383 4384
f 4356 4355 4357
f 4357 4355 4358
f 4357 4358 4359
f 4400 4401 4402
f 4402 4401 4403
f 4402 4404 4400
f 4400 4404 4405
f 4590 4591 4675
f 4675 4591 4592
f 4348 4347 4349
f 4348 4349 4350
f 4350 4349 4351
f 4400 4405 4406
f 4406 4405 4407
f 4859 4782 4707
f 4707 4782 4789
f 4707 4789 4788
f 4707 4788 4706
f 4706 4788 4787
f 4706 4787 4705
f 4342 4344 4340
f 4340 4344 4345
f 4340 4345 4346
f 4346 4345 4347
f 4346 4347 4348
f 4855 4858 4860
f 4377 4378 4379
f 4379 4378 4380
f 4379 4380 4381
f 4381 4380 4382
f 4352 4353 4354
f 4354 4353 4355
f 4354 4355 4356
f 4335 4336 4337
f 4337 4336 4338
f 4338 4336 4339
f 4338 4339 4340
f 4322 4320 4323
f 4322 4323 4324
f 4325 4326 4298
f 4298 4326 4327
f 4298 4327 4328
f 4329 4330 4328
f 4328 4330 4298
f 4859 4784 4783
f 4859 4783 4782
f 4737 4736 4852
f 4852 4736 4853
f 4852 4853 4854
f 4305 4309 4310
f 4305 4310 4311
f 4311 4310 4312
f 4311 4312 4313
f 4330 4301 4298
f 4298 4301 4299
f 4299 4301 4300
f 4305 4306 4307
f 4307 4306 4308
f 4307 4309 4305
f 4805 4716 4717
f 4351 4349 4352
f 4352 4349 4353
f 4313 4314 4315
f 4315 4314 4316
f 4316 4314 4317
f 4317 4314 4318
f 4317 4318 4319
f 4319 4318 4320
f 4319 4320 4321
f 4321 4320 4322
f 4849 4745 4851
f 4851 4745 4739
f 4851 4739 4740
f 4740 4741 4851
f 4851 4741 4742
f 4851 4742 4852
f 4852 4742 4738
f 4852 4738 4737
f 4323 4823 4822
f 4431 4420 4704
f 4704 4420 4421
f 4704 4421 4422
f 4422 4423 4704
f 4704 4423 4775
f 4775 4423 4383
f 4775 4383 4765
f 4743 4811 4286
f 4286 4811 4810
f 4286 4810 4287
f 4287 4810 4388
f 4388 4810 4816
f 4388 4816 4815
f 4828 4334 4822
f 4313 4312 4314
f 4612 4432 4439
f 4612 4439 4613
f 4613 4439 4438
f 4296 4302 4297
f 4297 4302 4303
f 4303 4302 4304
f 4303 4304 4305
f 4305 4304 4306
f 4288 4293 4294
f 4288 4294 4295
f 4296 4297 4295
f 4295 4297 4288
f 4297 4291 4288
f 4288 4291 4289
f 4289 4291 4290
f 4754 4823 4323
f 4681 4529 4680
f 4680 4529 4528
f 4680 4528 4521
f 4681 4682 4529
f 4529 4682 4530
f 4665 4474 4666
f 4666 4474 4473
f 4610 4433 4611
f 4623 4495 4488
f 4624 4625 4496
f 4496 4625 4497
f 4497 4625 4626
f 4488 4487 4623
f 4292 4293 4288
f 4611 4433 4432
f 4611 4432 4612
f 4618 4567 4619
f 4619 4567 4571
f 4442 4441 4608
f 4608 4441 4609
f 4609 4441 4440
f 4609 4440 4610
f 4610 4440 4433
f 4675 4592 4593
f 4593 4594 4675
f 4675 4594 4676
f 4676 4594 4598
f 4678 4596 4597
f 4678 4597 4679
f 4680 4520 4674
f 4674 4520 4527
f 4674 4527 4526
f 4615 4437 4436
f 4615 4436 4616
f 4616 4436 4434
f 4616 4434 4617
f 4617 4434 4618
f 4618 4434 4435
f 4618 4435 4563
f 4563 4564 4618
f 4493 4492 4617
f 4617 4492 4491
f 4617 4491 4489
f 4489 4490 4617
f 4617 4490 4616
f 4618 4564 4565
f 4618 4565 4566
f 4566 4567 4618
f 4809 4850 4805
f 4805 4850 4716
f 4619 4571 4568
f 4568 4569 4619
f 4619 4569 4620
f 4620 4569 4621
f 4621 4569 4570
f 4621 4570 4622
f 4623 4487 4617
f 4617 4487 4494
f 4617 4494 4493
f 4624 4496 4623
f 4623 4496 4495
f 4613 4438 4614
f 4614 4438 4437
f 4614 4437 4615
f 4724 4674 4675
f 4718 4719 4848
f 4848 4719 4844
f 4848 4844 4846
f 4846 4844 4845
f 4844 4843 4845
f 4743 4744 4811
f 4811 4744 4812
f 4812 4744 4745
f 4812 4745 4813
f 4813 4745 4806
f 4806 4745 4849
f 4806 4849 4807
f 4807 4849 4808
f 4808 4849 4809
f 4809 4849 4850
f 4793 4844 4719
f 4793 4719 4720
f 4843 4734 4845
f 4845 4734 4728
f 4845 4728 4729
f 4729 4730 4845
f 4845 4730 4731
f 4845 4731 4846
f 4846 4731 4727
f 4846 4727 4726
f 4726 4725 4846
f 4846 4725 4847
f 4848 4847 4675
f 4848 4675 4718
f 4725 4724 4847
f 4847 4724 4675
f 4673 4469 4467
f 4673 4467 4674
f 4674 4467 4675
f 4675 4467 4468
f 4675 4468 4590
f 4858 4785 4859
f 4858 4859 4860
f 4822 4324 4323
f 4821 4838 4817
f 4817 4838 4713
f 4747 4746 4841
f 4841 4746 4637
f 4846 4847 4848
f 4796 4843 4797
f 4797 4843 4844
f 4797 4844 4793
f 4705 4787 4358
f 4358 4787 4786
f 4426 4427 4803
f 4827 4331 4332
f 4827 4332 4333
f 4333 4334 4827
f 4827 4334 4828
f 4666 4473 4667
f 4667 4473 4466
f 4667 4466 4668
f 4668 4466 4465
f 4668 4465 4669
f 4669 4465 4472
f 4669 4472 4670
f 4670 4472 4471
f 4672 4469 4673
f 4732 4733 4799
f 4799 4733 4800
f 4800 4733 4734
f 4800 4734 4801
f 4801 4734 4794
f 4794 4734 4843
f 4794 4843 4795
f 4795 4843 4796
f 4803 4424 4425
f 4803 4425 4426
f 4359 4791 4546
f 4546 4791 4790
f 4546 4790 4424
f 4358 4786 4359
f 4359 4786 4792
f 4359 4792 4791
f 4826 4331 4827
f 4802 4424 4803
f 4840 4753 4749
f 4840 4749 4748
f 4748 4747 4840
f 4840 4747 4841
f 4840 4841 4842
f 4842 4841 4637
f 4842 4637 4712
f 4746 4636 4637
f 4712 4713 4842
f 4842 4713 4838
f 4842 4838 4840
f 4840 4838 4839
f 4838 4837 4839
f 4703 4429 4704
f 4274 4273 4275
f 4453 4452 4627
f 4627 4452 4628
f 4628 4452 4451
f 4628 4451 4629
f 4629 4451 4444
f 4629 4444 4630
f 4817 4713 4714
f 4837 4756 4839
f 4815 4385 4386
f 4815 4386 4387
f 4385 4814 4430
f 4430 4814 4331
f 4430 4331 4431
f 4431 4331 4826
f 4431 4826 4420
f 4630 4443 4631
f 4631 4443 4450
f 4631 4450 4632
f 4632 4450 4449
f 4632 4449 4633
f 4633 4449 4448
f 4633 4448 4634
f 4634 4448 4447
f 4634 4447 4635
f 4285 4283 4286
f 4285 4286 4287
f 4268 4269 4270
f 4270 4269 4271
f 4270 4272 4268
f 4268 4272 4273
f 4268 4273 4274
f 4637 4574 4575
f 4575 4576 4637
f 4637 4576 4638
f 4638 4576 4580
f 4638 4580 4577
f 4577 4578 4638
f 4638 4578 4639
f 4639 4578 4640
f 4640 4578 4579
f 4839 4756 4750
f 4839 4750 4751
f 4751 4752 4839
f 4839 4752 4753
f 4704 4429 4431
f 4839 4753 4840
f 4630 4444 4443
f 4643 4644 4507
f 4507 4644 4508
f 4508 4644 4645
f 4499 4498 4642
f 4504 4503 4636
f 4636 4503 4502
f 4636 4502 4500
f 4500 4501 4636
f 4636 4501 4635
f 4635 4447 4445
f 4635 4445 4636
f 4636 4445 4637
f 4637 4445 4446
f 4637 4446 4572
f 4572 4573 4637
f 4637 4573 4574
f 4820 4837 4821
f 4821 4837 4838
f 4757 4617 4618
f 4759 4758 4834
f 4834 4758 4835
f 4834 4835 4836
f 4709 4710 4836
f 4836 4710 4832
f 4836 4832 4834
f 4640 4579 4641
f 4642 4498 4636
f 4636 4498 4505
f 4636 4505 4504
f 4643 4507 4642
f 4642 4507 4506
f 4642 4506 4499
f 4836 4618 4709
f 4758 4757 4835
f 4835 4757 4618
f 4274 4275 4276
f 4276 4275 4277
f 4276 4277 4278
f 4834 4832 4833
f 4832 4831 4833
f 4754 4755 4823
f 4823 4755 4824
f 4824 4755 4756
f 4824 4756 4825
f 4825 4756 4818
f 4818 4756 4837
f 4818 4837 4819
f 4819 4837 4820
f 4804 4427 4798
f 4798 4427 4419
f 4798 4419 4418
f 4732 4799 4418
f 4418 4799 4798
f 4387 4388 4815
f 4423 4384 4383
f 4430 4546 4385
f 4385 4546 4802
f 4802 4546 4424
f 4475 4474 4665
f 4770 4831 4771
f 4771 4831 4772
f 4772 4831 4832
f 4772 4832 4768
f 4836 4835 4618
f 4833 4763 4764
f 4833 4764 4834
f 4834 4764 4760
f 4834 4760 4759
f 4278 4277 4279
f 4279 4277 4280
f 4280 4277 4281
f 4280 4281 4282
f 4282 4281 4283
f 4282 4283 4284
f 4284 4283 4285
f 4769 4767 4831
f 4769 4831 4770
f 4778 4779 4855
f 4855 4779 4780
f 4803 4427 4804
f 4694 4829 4693
f 4856 4694 4857
f 4857 4694 4721
f 4857 4721 4722
f 4723 4781 4722
f 4722 4781 4858
f 4722 4858 4857
f 4857 4858 4855
f 4857 4855 4856
f 4781 4785 4858
f 4768 4832 4710
f 4768 4710 4711
f 4831 4767 4833
f 4833 4767 4761
f 4833 4761 4762
f 4762 4763 4833
f 4775 4766 4773
f 4773 4766 4767
f 4773 4767 4774
f 4774 4767 4769
f 4530 4682 4683
f 4521 4520 4680
f 4670 4471 4671
f 4263 4265 4264
f 4264 4265 4266
f 4266 4265 4267
f 4266 4267 4268
f 4268 4267 4269
f 4855 4780 4830
f 4855 4830 4856
f 4856 4830 4829
f 4856 4829 4694
f 4693 4535 4533
f 4533 4534 4693
f 4554 4546 4430
f 4554 4430 4555
f 4555 4430 4556
f 4671 4471 4470
f 4671 4470 4672
f 4672 4470 4469
f 4676 4598 4595
f 4595 4596 4676
f 4676 4596 4677
f 4677 4596 4678
f 4335 4337 4548
f 4548 4337 4542
f 4548 4542 4549
f 4765 4766 4775
f 4649 4455 4454
f 4649 4454 4650
f 4650 4454 4461
f 4656 4582 4583
f 4656 4583 4584
f 4584 4585 4656
f 4687 4477 4476
f 4687 4476 4688
f 4688 4476 4483
f 4464 4463 4646
f 4646 4463 4647
f 4647 4463 4462
f 4647 4462 4648
f 4648 4462 4455
f 4648 4455 4649
f 4661 4517 4510
f 4662 4663 4518
f 4518 4663 4519
f 4650 4461 4651
f 4651 4461 4460
f 4651 4460 4652
f 4652 4460 4459
f 4652 4459 4653
f 4653 4459 4458
f 4653 4458 4654
f 4654 4458 4456
f 4654 4456 4655
f 4655 4456 4656
f 4656 4456 4457
f 4656 4457 4581
f 4581 4582 4656
f 4549 4542 4550
f 4657 4585 4589
f 4695 4605 4696
f 4696 4605 4697
f 4697 4605 4606
f 4697 4606 4698
f 4700 4701 4540
f 4540 4701 4541
f 4541 4701 4702
f 4532 4531 4699
f 4537 4536 4693
f 4693 4536 4535
f 4690 4481 4691
f 4691 4481 4480
f 4691 4480 4692
f 4692 4480 4478
f 4693 4534 4692
f 4586 4587 4657
f 4657 4587 4658
f 4658 4587 4659
f 4659 4587 4588
f 4659 4588 4660
f 4661 4509 4655
f 4655 4509 4516
f 4655 4516 4515
f 4662 4518 4661
f 4661 4518 4517
f 4510 4509 4661
f 4515 4514 4655
f 4655 4514 4513
f 4655 4513 4511
f 4511 4512 4655
f 4656 4585 4657
f 4694 4479 4599
f 4599 4600 4694
f 4694 4600 4601
f 4694 4601 4602
f 4602 4603 4694
f 4694 4603 4695
f 4695 4603 4607
f 4695 4607 4604
f 4604 4605 4695
f 4486 4485 4684
f 4699 4531 4693
f 4693 4531 4538
f 4693 4538 4537
f 4700 4540 4699
f 4699 4540 4539
f 4657 4589 4586
f 4263 4264 4262
f 4262 4264 4255
f 4264 4258 4255
f 4526 4525 4674
f 4674 4525 4524
f 4674 4524 4522
f 4522 4523 4674
f 4674 4523 4673
f 4814 4385 4815
f 4552 4562 4546
f 4546 4562 4561
f 4430 4559 4556
f 4255 4258 4256
f 4256 4258 4257
f 4688 4483 4689
f 4655 4512 4654
f 4430 4557 4558
f 4430 4558 4559
f 4550 4542 4551
f 4337 4545 4542
f 4542 4545 4543
f 4543 4545 4544
f 4553 4552 4546
f 4553 4546 4554
f 4692 4478 4693
f 4693 4478 4694
f 4694 4478 4479
f 4259 4260 4255
f 4699 4539 4532
f 4519 4663 4664
f 4255 4260 4261
f 4255 4261 4262
f 4340 4339 4341
f 4340 4341 4342
f 4860 4778 4855
f 4389 4390 4391
f 4391 4390 4392
f 4561 4560 4546
f 4560 4547 4546
f 4684 4485 4685
f 4685 4485 4484
f 4685 4484 4686
f 4686 4484 4477
f 4686 4477 4687
f 4689 4483 4482
f 4689 4482 4690
f 4690 4482 4481
f 4428 4557 4430
f 4412 4413 4414
f 4414 4413 4415
f 4860 4859 4707
f 4860 4707 4708
f 4785 4784 4859
f 4360 4362 4393
f 4393 4362 4391
f 4362 4394 4391
f 4391 4394 4395
f 4395 4394 4396
f 4329 4397 4330
f 4330 4397 4398
f 4398 4397 4399
f 4398 4399 4400
f 4400 4399 4401
f 4414 4415 4416
f 4854 4716 4850
f 4715 4716 4854
f 4735 4655 4656
f 4853 4735 4656
f 4736 4735 4853
f 4854 4656 4715
f 4854 4853 4656
f 4708 4776 4860
f 4342 4341 4343
f 4412 4409 4413
f 4863 4866 4867
f 4863 4867 4861
f 4861 4868 4862
f 4861 4867 4868
f 4865 4866 4864
f 4864 4866 4863
f 4939 4930 4918
f 4918 4930 4917
f 4922 4935 4921
f 4920 4936 4937
f 4921 4935 4936
f 4921 4936 4920
f 4920 4937 4919
f 4922 4934 4935
f 4923 4892 4890
f 4926 4900 4898
f 4919 4937 4938
f 4926 4898 4925
f 4925 4898 4896
f 4905 4903 4929
f 4929 4903 4928
f 4886 4934 4890
f 4890 4934 4916
f 4890 4916 4923
f 4916 4934 4922
f 4924 4896 4894
f 4924 4894 4923
f 4923 4894 4892
f 4917 4930 4931
f 4906 4902 4912
f 4919 4938 4918
f 4917 4931 4932
f 4893 4911 4889
f 4914 4904 4915
f 4925 4896 4924
f 4913 4904 4914
f 4912 4904 4913
f 4932 4933 4917
f 4927 4900 4926
f 4918 4938 4939
f 4871 4870 4872
f 4869 4870 4871
f 4889 4911 4887
f 4899 4907 4908
f 4901 4906 4907
f 4901 4907 4899
f 4902 4906 4901
f 4881 4882 4883
f 4883 4882 4884
f 4883 4884 4885
f 4885 4884 4886
f 4885 4886 4887
f 4887 4886 4888
f 4874 4876 4877
f 4912 4902 4904
f 4875 4878 4876
f 4872 4873 4874
f 4875 4876 4874
f 4874 4877 4872
f 4872 4870 4873
f 4886 4891 4888
f 4878 4875 4879
f 4879 4875 4880
f 4890 4891 4886
f 4899 4908 4897
f 4928 4903 4927
f 4927 4903 4900
f 4893 4910 4911
f 4895 4910 4893
f 4887 4888 4889
f 4879 4880 4881
f 4881 4880 4882
f 4897 4909 4895
f 4895 4909 4910
f 4897 4908 4909
f 4949 4955 4948
f 4997 4999 4996
f 4996 5001 4995
f 4996 5000 5001
f 4996 4999 5000
f 4992 5007 4991
f 4979 4998 5008
f 4991 5007 4990
f 4957 4958 4975
f 4990 4989 4991
f 5003 4999 4997
f 4981 4997 4980
f 4982 4997 4981
f 4982 5003 4997
f 4983 5003 4982
f 4992 5006 5007
f 4993 5006 4992
f 4993 5005 5006
f 4994 5005 4993
f 5008 4998 5009
f 5009 4998 5010
f 4995 5001 5002
f 4995 5002 5004
f 4994 5004 5005
f 4975 4956 4957
f 4975 4955 4956
f 4948 4955 4975
f 4995 5004 4994
f 4974 4954 4969
f 4972 4960 4959
f 4971 4960 4972
f 4969 4970 4974
f 4974 4953 4954
f 4973 4953 4974
f 4980 4997 4979
f 4979 4997 4998
f 4961 4960 4962
f 4961 4962 4963
f 4963 4962 4964
f 4963 4964 4965
f 4965 4964 4966
f 4965 4966 4967
f 4967 4966 4968
f 4967 4968 4969
f 4969 4968 4970
f 4959 4960 4961
f 4987 4973 4974
f 4940 4941 4942
f 4942 4941 4943
f 4942 4943 4944
f 4944 4943 4945
f 4944 4945 4946
f 4946 4947 4944
f 4944 4947 4948
f 4948 4947 4949
f 4942 4950 4940
f 4940 4950 4951
f 4951 4950 4952
f 4951 4952 4953
f 4953 4952 4954
f 4976 4977 4984
f 4987 4974 4988
f 4988 4989 4987
f 4987 4989 4990
f 4984 4977 4985
f 4985 4977 4978
f 4985 4978 4986
f 4986 4978 4973
f 4986 4973 4987
f 5051 5062 5050
f 5058 5076 5077
f 5050 5063 5079
f 5050 5062 5063
f 5079 5063 5080
f 5059 5076 5058
f 5053 5062 5052
f 5053 5070 5062
f 5062 5074 5061
f 5061 5074 5073
f 5052 5062 5051
f 5070 5074 5062
f 5061 5073 5072
f 5061 5072 5060
f 5060 5071 5075
f 5060 5072 5071
f 5019 5026 5049
f 5049 5026 5031
f 5060 5075 5059
f 5059 5075 5076
f 5058 5077 5057
f 5057 5077 5078
f 5054 5070 5053
f 5020 5026 5019
f 5046 5035 5047
f 5047 5035 5034
f 5049 5031 5032
f 5032 5033 5049
f 5027 5024 5048
f 5048 5024 5025
f 5044 5045 5048
f 5048 5025 5044
f 5036 5035 5037
f 5068 5027 5048
f 5080 5063 5081
f 5057 5078 5056
f 5056 5078 5069
f 5068 5048 5055
f 5055 5064 5068
f 5068 5064 5069
f 5069 5064 5056
f 5030 5029 5065
f 5065 5029 5066
f 5066 5029 5028
f 5066 5028 5067
f 5067 5028 5027
f 5067 5027 5068
f 5034 5035 5036
f 5042 5043 5044
f 5044 5043 5045
f 5036 5037 5038
f 5038 5037 5039
f 5038 5039 5040
f 5040 5039 5041
f 5040 5041 5042
f 5042 5041 5043
f 5011 5021 5022
f 5022 5021 5023
f 5011 5012 5013
f 5013 5012 5014
f 5022 5023 5024
f 5024 5023 5025
f 5015 5014 5016
f 5013 5014 5015
f 5015 5018 5019
f 5019 5018 5020
f 5015 5016 5017
f 5017 5018 5015
f 5013 5021 5011
f 5084 5087 5088
f 5085 5087 5084
f 5086 5087 5085
f 5082 5089 5083
f 5082 5088 5089
f 5084 5088 5082
f 5093 5091 5094
f 5090 5091 5092
f 5095 5096 5097
f 5092 5091 5093
f 5093 5094 5095
f 5095 5094 5096
f 5103 5102 5104
f 5101 5099 5102
f 5101 5102 5103
f 5100 5099 5101
f 5098 5099 5100
f 5103 5104 5105
f 5222 5161 5223
f 5160 5161 5222
f 5159 5161 5160
f 5162 5161 5159
f 5221 5109 5108
f 5221 5110 5109
f 5199 5110 5221
f 5168 5182 5167
f 5168 5183 5182
f 5221 5183 5168
f 5207 5140 5139
f 5107 5106 5221
f 5229 5169 5189
f 5228 5169 5229
f 5227 5169 5228
f 5174 5167 5179
f 5181 5169 5173
f 5180 5169 5181
f 5179 5169 5180
f 5179 5167 5169
f 5178 5165 5167
f 5177 5178 5167
f 5174 5175 5167
f 5169 5172 5173
f 5169 5171 5172
f 5170 5171 5169
f 5167 5176 5177
f 5167 5175 5176
f 5189 5188 5150
f 5169 5188 5189
f 5169 5187 5188
f 5167 5187 5169
f 5182 5187 5167
f 5232 5168 5166
f 5221 5168 5232
f 5236 5199 5237
f 5235 5199 5236
f 5235 5214 5199
f 5234 5214 5235
f 5234 5233 5214
f 5199 5239 5240
f 5199 5238 5239
f 5231 5238 5199
f 5241 5230 5214
f 5242 5241 5214
f 5199 5240 5237
f 5214 5243 5242
f 5233 5243 5214
f 5134 5198 5135
f 5134 5197 5198
f 5133 5197 5134
f 5133 5196 5197
f 5132 5196 5133
f 5150 5190 5191
f 5150 5188 5190
f 5202 5122 5121
f 5201 5122 5202
f 5201 5123 5122
f 5200 5123 5201
f 5186 5128 5182
f 5117 5184 5185
f 5117 5183 5184
f 5182 5183 5117
f 5135 5127 5136
f 5135 5198 5127
f 5152 5209 5153
f 5152 5208 5209
f 5151 5208 5152
f 5151 5191 5208
f 5150 5191 5151
f 5132 5195 5196
f 5131 5195 5132
f 5131 5194 5195
f 5129 5193 5130
f 5129 5192 5193
f 5128 5192 5129
f 5186 5192 5128
f 5203 5121 5120
f 5202 5121 5203
f 5214 5137 5199
f 5214 5148 5137
f 5162 5148 5214
f 5159 5148 5162
f 5159 5149 5148
f 5116 5124 5200
f 5116 5125 5124
f 5116 5126 5125
f 5200 5124 5123
f 5182 5128 5187
f 5199 5126 5115
f 5137 5126 5199
f 5137 5127 5126
f 5136 5127 5137
f 5153 5210 5154
f 5153 5209 5210
f 5220 5140 5207
f 5220 5141 5140
f 5219 5141 5220
f 5219 5142 5141
f 5218 5142 5219
f 5139 5206 5207
f 5139 5187 5206
f 5188 5187 5139
f 5130 5194 5131
f 5130 5193 5194
f 5215 5146 5145
f 5138 5146 5215
f 5138 5147 5146
f 5138 5148 5147
f 5137 5148 5138
f 5226 5169 5227
f 5156 5213 5157
f 5156 5212 5213
f 5155 5212 5156
f 5155 5211 5212
f 5154 5211 5155
f 5154 5210 5211
f 5218 5143 5142
f 5217 5143 5218
f 5217 5144 5143
f 5216 5144 5217
f 5216 5145 5144
f 5215 5145 5216
f 5185 5118 5117
f 5205 5118 5185
f 5205 5119 5118
f 5204 5119 5205
f 5204 5120 5119
f 5203 5120 5204
f 5225 5169 5226
f 5225 5161 5169
f 5224 5161 5225
f 5223 5161 5224
f 5158 5149 5159
f 5157 5149 5158
f 5157 5213 5149
f 5115 5126 5116
f 5199 5115 5114
f 5108 5107 5221
f 5111 5110 5199
f 5199 5112 5111
f 5199 5113 5112
f 5114 5113 5199
f 5221 5106 5183
f 5163 5162 5164
f 5161 5162 5163
f 5244 5245 5246
f 5246 5245 5247
f 5248 5249 5250
f 5250 5249 5251
f 5252 5253 5254
f 5254 5253 5255
f 5257 5256 5258
f 5254 5256 5257
f 5258 5256 5259
f 5255 5256 5254
f 5274 5273 5275
f 5274 5275 5276
f 5272 5271 5273
f 5272 5273 5274
f 5270 5269 5271
f 5270 5271 5272
f 5265 5264 5266
f 5265 5266 5267
f 5265 5267 5268
f 5268 5267 5269
f 5268 5269 5270
f 5262 5261 5263
f 5263 5261 5264
f 5263 5264 5265
f 5276 5275 5277
f 5260 5261 5262
f 5284 5283 5285
f 5282 5283 5284
f 5282 5281 5283
f 5278 5279 5280
f 5280 5279 5281
f 5280 5281 5282
f 5289 5288 5290
f 5287 5288 5289
f 5287 5286 5288
f 5285 5286 5287
f 5285 5283 5286
f 5291 5292 5293
f 5293 5292 5294
f 5289 5290 5291
f 5293 5294 5295
f 5291 5290 5292
f 5296 5297 5298
f 5298 5297 5299
f 5384 5341 5352
f 5384 5342 5341
f 5383 5342 5384
f 5383 5343 5342
f 5382 5343 5383
f 5353 5379 5388
f 5361 5351 5350
f 5360 5351 5361
f 5358 5301 5359
f 5360 5340 5351
f 5360 5300 5340
f 5359 5300 5360
f 5359 5301 5300
f 5380 5379 5354
f 5378 5379 5380
f 5378 5377 5379
f 5376 5377 5378
f 5376 5375 5377
f 5364 5375 5376
f 5354 5379 5353
f 5381 5390 5373
f 5382 5390 5381
f 5382 5344 5343
f 5381 5344 5382
f 5352 5330 5353
f 5352 5331 5330
f 5341 5331 5352
f 5366 5367 5368
f 5366 5365 5367
f 5347 5365 5366
f 5347 5364 5365
f 5346 5364 5347
f 5363 5348 5347
f 5363 5349 5348
f 5383 5389 5382
f 5383 5388 5389
f 5384 5388 5383
f 5384 5353 5388
f 5352 5353 5384
f 5387 5357 5358
f 5387 5372 5357
f 5386 5372 5387
f 5362 5363 5385
f 5387 5361 5386
f 5381 5345 5344
f 5373 5345 5381
f 5380 5354 5355
f 5374 5373 5390
f 5388 5377 5389
f 5379 5377 5388
f 5358 5319 5301
f 5357 5319 5358
f 5357 5322 5319
f 5356 5322 5357
f 5356 5317 5322
f 5355 5317 5356
f 5355 5318 5317
f 5354 5318 5355
f 5354 5324 5318
f 5353 5324 5354
f 5353 5330 5324
f 5382 5389 5390
f 5314 5313 5315
f 5312 5313 5314
f 5312 5311 5313
f 5310 5311 5312
f 5310 5309 5311
f 5308 5309 5310
f 5308 5307 5309
f 5306 5305 5307
f 5304 5305 5306
f 5304 5303 5305
f 5302 5303 5304
f 5302 5301 5303
f 5300 5301 5302
f 5362 5349 5363
f 5362 5350 5349
f 5361 5350 5362
f 5360 5361 5387
f 5358 5360 5387
f 5359 5360 5358
f 5367 5365 5376
f 5378 5367 5376
f 5369 5367 5378
f 5365 5364 5376
f 5380 5369 5378
f 5371 5369 5380
f 5355 5371 5380
f 5386 5362 5385
f 5361 5362 5386
f 5356 5371 5355
f 5375 5374 5390
f 5389 5375 5390
f 5377 5375 5389
f 5314 5337 5312
f 5303 5320 5321
f 5303 5319 5320
f 5301 5319 5303
f 5316 5315 5317
f 5314 5315 5316
f 5336 5337 5314
f 5336 5335 5337
f 5334 5335 5336
f 5334 5333 5335
f 5327 5333 5334
f 5325 5327 5334
f 5323 5336 5316
f 5334 5336 5323
f 5336 5314 5316
f 5311 5309 5321
f 5321 5305 5303
f 5325 5326 5327
f 5325 5324 5326
f 5323 5324 5325
f 5323 5318 5324
f 5316 5318 5323
f 5322 5317 5315
f 5320 5315 5313
f 5320 5322 5315
f 5319 5322 5320
f 5312 5339 5310
f 5337 5339 5312
f 5337 5338 5339
f 5335 5338 5337
f 5333 5338 5335
f 5332 5338 5333
f 5326 5330 5328
f 5321 5313 5311
f 5321 5320 5313
f 5309 5305 5321
f 5309 5307 5305
f 5330 5331 5328
f 5327 5332 5333
f 5329 5332 5327
f 5323 5325 5334
f 5324 5330 5326
f 5327 5328 5329
f 5327 5326 5328
f 5347 5366 5363
f 5364 5374 5375
f 5346 5374 5364
f 5346 5373 5374
f 5345 5373 5346
f 5372 5356 5357
f 5372 5371 5356
f 5370 5371 5372
f 5370 5369 5371
f 5368 5369 5370
f 5368 5367 5369
f 5386 5370 5372
f 5385 5370 5386
f 5385 5368 5370
f 5363 5368 5385
f 5363 5366 5368
f 5468 5473 5466
f 5416 5417 5418
f 5418 5417 5399
f 5418 5399 5419
f 5419 5399 5420
f 5419 5420 5392
f 5392 5420 5394
f 5429 5430 5431
f 5428 5432 5430
f 5429 5431 5433
f 5433 5431 5434
f 5433 5434 5425
f 5424 5426 5398
f 5398 5426 5396
f 5403 5413 5414
f 5403 5414 5415
f 5446 5445 5447
f 5391 5392 5393
f 5425 5423 5433
f 5433 5423 5422
f 5433 5422 5429
f 5429 5422 5427
f 5398 5400 5424
f 5397 5394 5420
f 5418 5419 5401
f 5401 5419 5392
f 5409 5437 5436
f 5437 5438 5436
f 5436 5438 5439
f 5436 5439 5435
f 5435 5439 5440
f 5440 5439 5441
f 5440 5441 5442
f 5442 5441 5443
f 5442 5443 5444
f 5444 5443 5445
f 5444 5445 5446
f 5450 5451 5452
f 5438 5453 5439
f 5439 5453 5441
f 5453 5451 5441
f 5441 5451 5443
f 5452 5454 5450
f 5450 5454 5448
f 5455 5456 5454
f 5454 5456 5457
f 5454 5457 5448
f 5448 5457 5446
f 5456 5455 5458
f 5435 5412 5436
f 5436 5412 5411
f 5436 5411 5409
f 5408 5437 5409
f 5462 5461 5463
f 5462 5463 5464
f 5464 5463 5465
f 5464 5465 5466
f 5466 5465 5467
f 5466 5467 5468
f 5468 5467 5469
f 5469 5467 5470
f 5469 5470 5471
f 5463 5472 5465
f 5465 5472 5467
f 5472 5470 5467
f 5446 5447 5448
f 5448 5447 5449
f 5448 5449 5450
f 5450 5449 5451
f 5392 5391 5401
f 5393 5392 5394
f 5416 5418 5401
f 5403 5416 5401
f 5420 5399 5397
f 5473 5456 5458
f 5464 5473 5462
f 5462 5473 5460
f 5447 5445 5443
f 5449 5447 5443
f 5451 5449 5443
f 5460 5473 5458
f 5458 5455 5459
f 5458 5459 5460
f 5460 5459 5461
f 5460 5461 5462
f 5396 5397 5398
f 5398 5397 5399
f 5398 5399 5400
f 5401 5391 5402
f 5401 5402 5403
f 5403 5402 5404
f 5403 5404 5405
f 5405 5404 5406
f 5405 5406 5407
f 5407 5406 5408
f 5407 5408 5409
f 5405 5410 5413
f 5405 5413 5403
f 5393 5394 5395
f 5395 5394 5396
f 5396 5394 5397
f 5407 5409 5410
f 5410 5409 5411
f 5410 5411 5412
f 5407 5410 5405
f 5466 5473 5464
f 5446 5457 5473
f 5473 5457 5456
f 5416 5415 5417
f 5421 5422 5400
f 5400 5422 5423
f 5400 5423 5424
f 5424 5423 5425
f 5424 5425 5426
f 5422 5421 5427
f 5427 5421 5428
f 5427 5428 5429
f 5429 5428 5430
f 5403 5415 5416
f 5530 5491 5496
f 5530 5496 5531
f 5531 5496 5493
f 5531 5493 5532
f 5532 5493 5475
f 5482 5483 5484
f 5484 5483 5485
f 5484 5485 5486
f 5486 5485 5487
f 5486 5487 5488
f 5488 5487 5489
f 5495 5487 5485
f 5493 5496 5494
f 5474 5475 5476
f 5476 5475 5477
f 5476 5477 5478
f 5478 5477 5479
f 5478 5479 5480
f 5480 5479 5481
f 5488 5489 5490
f 5490 5489 5491
f 5542 5543 5544
f 5544 5543 5545
f 5501 5502 5503
f 5498 5504 5500
f 5500 5504 5502
f 5504 5505 5502
f 5503 5506 5501
f 5501 5506 5507
f 5501 5507 5508
f 5508 5507 5509
f 5508 5509 5510
f 5510 5509 5511
f 5494 5496 5489
f 5494 5489 5487
f 5496 5491 5489
f 5482 5481 5483
f 5547 5519 5555
f 5555 5519 5518
f 5532 5475 5533
f 5533 5475 5474
f 5533 5474 5534
f 5534 5474 5514
f 5534 5514 5525
f 5536 5523 5537
f 5537 5523 5522
f 5537 5522 5521
f 5520 5538 5521
f 5521 5538 5539
f 5521 5539 5540
f 5540 5539 5541
f 5540 5541 5542
f 5542 5541 5543
f 5561 5546 5531
f 5561 5531 5532
f 5544 5545 5546
f 5527 5504 5498
f 5527 5498 5528
f 5528 5498 5492
f 5528 5492 5529
f 5520 5548 5538
f 5538 5548 5549
f 5538 5549 5550
f 5550 5549 5551
f 5550 5551 5552
f 5552 5551 5553
f 5552 5553 5554
f 5554 5553 5528
f 5554 5528 5529
f 5563 5549 5564
f 5549 5548 5564
f 5555 5518 5556
f 5534 5525 5535
f 5535 5525 5524
f 5535 5524 5536
f 5536 5524 5523
f 5558 5516 5515
f 5558 5515 5526
f 5521 5540 5537
f 5537 5540 5542
f 5537 5542 5559
f 5559 5542 5544
f 5559 5544 5560
f 5560 5544 5546
f 5560 5546 5561
f 5560 5536 5559
f 5558 5527 5562
f 5526 5527 5558
f 5546 5545 5530
f 5546 5530 5531
f 5519 5547 5520
f 5520 5547 5548
f 5556 5563 5564
f 5556 5564 5555
f 5555 5564 5547
f 5528 5553 5527
f 5527 5553 5562
f 5553 5551 5562
f 5562 5551 5563
f 5548 5547 5564
f 5551 5549 5563
f 5515 5505 5526
f 5511 5513 5486
f 5486 5513 5484
f 5483 5481 5479
f 5483 5479 5495
f 5495 5479 5477
f 5485 5483 5495
f 5510 5488 5490
f 5508 5510 5497
f 5497 5510 5490
f 5499 5501 5508
f 5490 5492 5497
f 5497 5492 5498
f 5497 5498 5499
f 5499 5498 5500
f 5499 5500 5501
f 5501 5500 5502
f 5526 5505 5504
f 5526 5504 5527
f 5554 5543 5552
f 5539 5538 5550
f 5530 5545 5529
f 5556 5518 5517
f 5556 5517 5557
f 5557 5517 5516
f 5510 5511 5488
f 5488 5511 5486
f 5506 5512 5507
f 5507 5512 5509
f 5509 5512 5511
f 5511 5512 5513
f 5557 5516 5558
f 5543 5541 5552
f 5552 5541 5550
f 5541 5539 5550
f 5533 5534 5532
f 5532 5534 5561
f 5534 5535 5561
f 5561 5535 5560
f 5536 5537 5559
f 5535 5536 5560
f 5497 5499 5508
f 5558 5562 5557
f 5557 5562 5563
f 5557 5563 5556
f 5529 5545 5554
f 5545 5543 5554
f 5529 5492 5491
f 5529 5491 5530
f 5475 5493 5477
f 5477 5493 5494
f 5477 5494 5495
f 5495 5494 5487
f 5590 5592 5575
f 5630 5629 5632
f 5622 5631 5620
f 5603 5596 5601
f 5598 5600 5572
f 5607 5608 5599
f 5607 5605 5608
f 5603 5605 5607
f 5575 5593 5566
f 5592 5593 5575
f 5571 5568 5594
f 5572 5574 5598
f 5572 5600 5570
f 5582 5611 5583
f 5610 5585 5583
f 5610 5586 5585
f 5609 5586 5610
f 5624 5625 5626
f 5624 5623 5625
f 5622 5623 5624
f 5622 5621 5623
f 5620 5621 5622
f 5620 5619 5621
f 5618 5619 5620
f 5613 5627 5615
f 5577 5590 5575
f 5638 5647 5636
f 5638 5637 5639
f 5636 5637 5638
f 5590 5591 5592
f 5590 5589 5591
f 5577 5589 5590
f 5577 5588 5589
f 5577 5587 5588
f 5579 5587 5577
f 5579 5584 5587
f 5581 5584 5579
f 5567 5566 5568
f 5565 5566 5567
f 5584 5585 5586
f 5584 5583 5585
f 5581 5583 5584
f 5581 5582 5583
f 5581 5580 5582
f 5579 5580 5581
f 5579 5578 5580
f 5577 5578 5579
f 5634 5647 5632
f 5625 5623 5617
f 5623 5621 5617
f 5621 5619 5617
f 5636 5647 5634
f 5595 5596 5574
f 5566 5594 5568
f 5593 5594 5566
f 5593 5573 5594
f 5592 5573 5593
f 5592 5591 5573
f 5577 5576 5578
f 5575 5576 5577
f 5575 5565 5576
f 5566 5565 5575
f 5572 5573 5574
f 5572 5571 5573
f 5570 5571 5572
f 5570 5568 5571
f 5569 5568 5570
f 5567 5568 5569
f 5602 5606 5604
f 5603 5604 5605
f 5603 5602 5604
f 5618 5617 5619
f 5614 5615 5616
f 5614 5613 5615
f 5609 5613 5614
f 5610 5613 5609
f 5610 5612 5613
f 5611 5612 5610
f 5636 5635 5637
f 5634 5635 5636
f 5634 5633 5635
f 5632 5633 5634
f 5632 5629 5633
f 5583 5611 5610
f 5601 5602 5603
f 5601 5595 5602
f 5596 5595 5601
f 5598 5599 5600
f 5598 5597 5599
f 5574 5597 5598
f 5574 5596 5597
f 5616 5617 5618
f 5616 5615 5617
f 5647 5630 5632
f 5647 5631 5630
f 5620 5631 5647
f 5640 5647 5638
f 5642 5647 5640
f 5646 5644 5641
f 5639 5646 5641
f 5637 5646 5639
f 5643 5644 5645
f 5643 5641 5644
f 5642 5641 5643
f 5640 5641 5642
f 5640 5639 5641
f 5638 5639 5640
f 5628 5631 5622
f 5628 5630 5631
f 5629 5630 5628
f 5624 5628 5622
f 5626 5628 5624
f 5615 5625 5617
f 5627 5625 5615
f 5607 5596 5603
f 5607 5597 5596
f 5599 5597 5607
f 5594 5573 5571
f 5612 5627 5613
f 5650 5649 5651
f 5671 5666 5672
f 5664 5666 5671
f 5670 5665 5663
f 5668 5663 5661
f 5668 5670 5663
f 5667 5670 5668
f 5669 5661 5659
f 5669 5668 5661
f 5651 5668 5669
f 5651 5667 5668
f 5675 5674 5676
f 5673 5674 5675
f 5673 5672 5674
f 5671 5672 5673
f 5662 5663 5664
f 5649 5667 5651
f 5648 5649 5650
f 5650 5651 5652
f 5714 5715 5716
f 5714 5713 5715
f 5695 5713 5714
f 5695 5712 5713
f 5710 5698 5697
f 5709 5698 5710
f 5709 5699 5698
f 5708 5699 5709
f 5708 5688 5699
f 5708 5648 5688
f 5694 5721 5722
f 5693 5721 5694
f 5720 5704 5705
f 5720 5719 5704
f 5718 5719 5720
f 5718 5717 5719
f 5735 5720 5705
f 5734 5720 5735
f 5731 5690 5732
f 5731 5691 5690
f 5730 5691 5731
f 5730 5692 5691
f 5729 5692 5730
f 5729 5693 5692
f 5737 5723 5738
f 5725 5723 5737
f 5728 5727 5702
f 5726 5727 5728
f 5726 5725 5727
f 5724 5725 5726
f 5704 5670 5705
f 5704 5665 5670
f 5703 5665 5704
f 5703 5666 5665
f 5731 5737 5730
f 5731 5736 5737
f 5732 5736 5731
f 5732 5701 5736
f 5700 5701 5732
f 5735 5705 5706
f 5734 5710 5733
f 5709 5710 5734
f 5734 5718 5720
f 5733 5718 5734
f 5733 5716 5718
f 5711 5716 5733
f 5694 5712 5695
f 5711 5696 5695
f 5711 5697 5696
f 5710 5697 5711
f 5713 5712 5724
f 5728 5717 5726
f 5719 5717 5728
f 5703 5719 5728
f 5704 5719 5703
f 5723 5722 5738
f 5707 5708 5706
f 5715 5713 5724
f 5722 5721 5738
f 5736 5725 5737
f 5727 5725 5736
f 5701 5727 5736
f 5724 5723 5725
f 5712 5723 5724
f 5712 5722 5723
f 5694 5722 5712
f 5707 5648 5708
f 5707 5649 5648
f 5706 5649 5707
f 5706 5667 5649
f 5721 5693 5729
f 5728 5702 5703
f 5716 5717 5718
f 5716 5715 5717
f 5705 5667 5706
f 5705 5670 5667
f 5726 5715 5724
f 5717 5715 5726
f 5702 5727 5701
f 5729 5738 5721
f 5730 5738 5729
f 5730 5737 5738
f 5710 5711 5733
f 5735 5709 5734
f 5708 5709 5735
f 5706 5708 5735
f 5711 5714 5716
f 5695 5714 5711
f 5732 5689 5700
f 5732 5690 5689
f 5702 5666 5703
f 5702 5672 5666
f 5701 5672 5702
f 5701 5678 5672
f 5700 5678 5701
f 5700 5679 5678
f 5689 5679 5700
f 5671 5673 5682
f 5673 5675 5682
f 5671 5684 5664
f 5682 5684 5671
f 5684 5662 5664
f 5659 5657 5669
f 5669 5653 5651
f 5657 5653 5669
f 5657 5655 5653
f 5660 5687 5658
f 5685 5687 5660
f 5685 5686 5687
f 5683 5686 5685
f 5681 5686 5683
f 5680 5686 5681
f 5662 5685 5660
f 5684 5685 5662
f 5684 5683 5685
f 5682 5683 5684
f 5682 5681 5683
f 5675 5681 5682
f 5675 5680 5681
f 5677 5680 5675
f 5678 5679 5676
f 5674 5678 5676
f 5672 5678 5674
f 5675 5676 5677
f 5652 5651 5653
f 5652 5653 5654
f 5654 5653 5655
f 5656 5655 5657
f 5656 5657 5658
f 5658 5657 5659
f 5658 5659 5660
f 5660 5659 5661
f 5660 5661 5662
f 5662 5661 5663
f 5664 5663 5665
f 5740 5739 5749
f 5746 5747 5748
f 5746 5745 5747
f 5744 5745 5746
f 5744 5742 5745
f 5743 5742 5744
f 5741 5742 5743
f 5777 5770 5775
f 5781 5770 5777
f 5781 5771 5770
f 5773 5771 5781
f 5768 5747 5745
f 5746 5774 5744
f 5772 5774 5746
f 5781 5782 5773
f 5781 5779 5782
f 5777 5779 5781
f 5776 5780 5778
f 5777 5778 5779
f 5777 5776 5778
f 5775 5776 5777
f 5775 5769 5776
f 5770 5769 5775
f 5749 5767 5740
f 5766 5767 5749
f 5745 5742 5768
f 5746 5748 5772
f 5772 5773 5774
f 5816 5821 5814
f 5820 5818 5815
f 5813 5820 5815
f 5811 5820 5813
f 5817 5818 5819
f 5817 5815 5818
f 5804 5803 5806
f 5796 5805 5794
f 5802 5805 5796
f 5802 5804 5805
f 5803 5804 5802
f 5808 5821 5806
f 5816 5815 5817
f 5806 5803 5807
f 5790 5791 5792
f 5790 5789 5791
f 5740 5768 5742
f 5767 5768 5740
f 5798 5802 5796
f 5799 5797 5791
f 5797 5795 5791
f 5795 5793 5791
f 5810 5821 5808
f 5812 5821 5810
f 5821 5804 5806
f 5821 5805 5804
f 5794 5805 5821
f 5814 5821 5812
f 5794 5795 5796
f 5794 5793 5795
f 5792 5793 5794
f 5792 5791 5793
f 5796 5795 5797
f 5788 5787 5789
f 5788 5789 5790
f 5814 5815 5816
f 5814 5813 5815
f 5812 5813 5814
f 5812 5811 5813
f 5810 5811 5812
f 5810 5809 5811
f 5808 5809 5810
f 5808 5807 5809
f 5806 5807 5808
f 5772 5771 5773
f 5748 5771 5772
f 5748 5770 5771
f 5769 5770 5748
f 5758 5757 5759
f 5767 5747 5768
f 5766 5747 5767
f 5766 5765 5747
f 5764 5765 5766
f 5764 5763 5765
f 5783 5760 5784
f 5800 5802 5798
f 5789 5799 5791
f 5801 5799 5789
f 5787 5801 5789
f 5786 5801 5787
f 5798 5799 5800
f 5798 5797 5799
f 5796 5797 5798
f 5783 5787 5788
f 5784 5787 5783
f 5784 5786 5787
f 5785 5786 5784
f 5757 5785 5784
f 5756 5785 5757
f 5784 5759 5757
f 5784 5760 5759
f 5751 5763 5764
f 5751 5762 5763
f 5751 5761 5762
f 5753 5761 5751
f 5753 5758 5761
f 5755 5758 5753
f 5758 5759 5760
f 5741 5740 5742
f 5739 5740 5741
f 5755 5757 5758
f 5755 5756 5757
f 5755 5754 5756
f 5753 5754 5755
f 5753 5752 5754
f 5751 5752 5753
f 5751 5750 5752
f 5749 5750 5751
f 5749 5739 5750
f 5751 5764 5749
f 5764 5766 5749
f 5843 5835 5833
f 5849 5850 5851
f 5843 5842 5835
f 5883 5884 5908
f 5908 5884 5907
f 5880 5882 5909
f 5882 5883 5909
f 5909 5883 5908
f 5848 5852 5850
f 5852 5853 5850
f 5851 5854 5849
f 5849 5854 5855
f 5849 5855 5856
f 5856 5855 5857
f 5856 5857 5858
f 5830 5829 5831
f 5830 5831 5832
f 5832 5831 5833
f 5832 5833 5834
f 5834 5833 5835
f 5858 5857 5859
f 5884 5885 5907
f 5847 5849 5856
f 5845 5847 5856
f 5876 5840 5877
f 5877 5840 5839
f 5881 5823 5822
f 5881 5822 5882
f 5884 5871 5885
f 5885 5871 5870
f 5885 5870 5869
f 5868 5886 5869
f 5863 5853 5874
f 5874 5853 5852
f 5874 5852 5875
f 5875 5852 5846
f 5875 5846 5876
f 5876 5846 5840
f 5831 5829 5827
f 5831 5827 5843
f 5843 5827 5825
f 5833 5831 5843
f 5858 5836 5838
f 5856 5858 5845
f 5845 5858 5838
f 5882 5822 5862
f 5882 5862 5873
f 5882 5873 5883
f 5883 5873 5872
f 5883 5872 5884
f 5884 5872 5871
f 5875 5901 5910
f 5901 5899 5910
f 5910 5899 5911
f 5896 5895 5912
f 5911 5897 5912
f 5897 5896 5912
f 5878 5893 5877
f 5877 5893 5902
f 5893 5891 5902
f 5902 5891 5900
f 5887 5886 5898
f 5891 5889 5900
f 5890 5889 5891
f 5877 5839 5878
f 5878 5839 5844
f 5878 5844 5879
f 5900 5889 5898
f 5889 5887 5898
f 5881 5882 5880
f 5885 5890 5907
f 5907 5890 5892
f 5907 5892 5908
f 5908 5892 5894
f 5909 5894 5879
f 5909 5879 5880
f 5874 5875 5906
f 5906 5875 5910
f 5906 5910 5905
f 5905 5910 5911
f 5905 5911 5904
f 5904 5911 5912
f 5904 5912 5903
f 5903 5912 5895
f 5876 5901 5875
f 5898 5899 5900
f 5900 5899 5901
f 5900 5901 5902
f 5902 5901 5876
f 5899 5897 5911
f 5895 5867 5903
f 5903 5867 5866
f 5903 5866 5904
f 5904 5866 5865
f 5904 5865 5905
f 5905 5865 5864
f 5905 5864 5906
f 5906 5864 5863
f 5906 5863 5874
f 5869 5888 5885
f 5885 5888 5890
f 5869 5886 5887
f 5869 5887 5888
f 5888 5887 5889
f 5888 5889 5890
f 5908 5894 5909
f 5890 5891 5892
f 5892 5891 5893
f 5892 5893 5894
f 5894 5893 5878
f 5894 5878 5879
f 5867 5895 5868
f 5868 5895 5896
f 5868 5896 5886
f 5886 5896 5897
f 5886 5897 5898
f 5898 5897 5899
f 5879 5844 5841
f 5879 5841 5880
f 5880 5841 5823
f 5880 5823 5881
f 5902 5876 5877
f 5841 5844 5842
f 5842 5844 5837
f 5842 5837 5835
f 5844 5839 5837
f 5838 5840 5845
f 5845 5840 5846
f 5845 5846 5847
f 5822 5823 5824
f 5824 5823 5825
f 5824 5825 5826
f 5826 5825 5827
f 5826 5827 5828
f 5828 5827 5829
f 5847 5846 5848
f 5847 5848 5849
f 5849 5848 5850
f 5858 5859 5836
f 5836 5859 5834
f 5854 5860 5855
f 5855 5860 5857
f 5857 5860 5859
f 5859 5860 5861
f 5859 5861 5834
f 5834 5861 5832
f 5825 5842 5843
f 5825 5841 5842
f 5823 5841 5825
f 5838 5837 5839
f 5836 5837 5838
f 5836 5835 5837
f 5834 5835 5836
f 5846 5852 5848
f 5966 5967 5968
f 5966 5965 5967
f 5964 5965 5966
f 5964 5963 5965
f 5962 5963 5964
f 5962 5961 5963
f 5957 5961 5962
f 5958 5961 5957
f 5958 5960 5961
f 5932 5933 5934
f 5932 5931 5933
f 5929 5931 5932
f 5929 5930 5931
f 5929 5928 5930
f 5927 5928 5929
f 5970 5979 5968
f 5976 5979 5970
f 5976 5978 5979
f 5977 5978 5976
f 5972 5976 5970
f 5974 5976 5972
f 5927 5926 5928
f 5925 5926 5927
f 5925 5924 5926
f 5923 5924 5925
f 5927 5935 5925
f 5927 5932 5935
f 5929 5932 5927
f 5923 5913 5924
f 5914 5913 5923
f 5920 5921 5922
f 5944 5943 5949
f 5946 5947 5948
f 5946 5945 5947
f 5922 5945 5946
f 5922 5944 5945
f 5943 5944 5922
f 5914 5942 5916
f 5941 5942 5914
f 5941 5921 5942
f 5940 5921 5941
f 5940 5939 5921
f 5938 5939 5940
f 5938 5937 5939
f 5968 5967 5969
f 5987 5994 5989
f 5985 5994 5987
f 5963 5973 5965
f 5975 5973 5963
f 5961 5975 5963
f 5988 5987 5989
f 5986 5987 5988
f 5986 5985 5987
f 5959 5960 5958
f 5931 5959 5958
f 5930 5959 5931
f 5958 5933 5931
f 5958 5934 5933
f 5957 5934 5958
f 5978 5977 5980
f 5982 5995 5980
f 5973 5971 5965
f 5960 5975 5961
f 5972 5973 5974
f 5972 5971 5973
f 5970 5971 5972
f 5970 5969 5971
f 5968 5969 5970
f 5986 5995 5984
f 5995 5978 5980
f 5995 5979 5978
f 5968 5979 5995
f 5988 5995 5986
f 5990 5995 5988
f 5991 5992 5993
f 5991 5989 5992
f 5990 5989 5991
f 5988 5989 5990
f 5917 5916 5918
f 5915 5916 5917
f 5915 5914 5916
f 5913 5914 5915
f 5994 5992 5989
f 5984 5985 5986
f 5984 5983 5985
f 5982 5983 5984
f 5982 5981 5983
f 5980 5981 5982
f 5980 5977 5981
f 5971 5969 5965
f 5969 5967 5965
f 5984 5995 5982
f 5925 5937 5938
f 5925 5936 5937
f 5925 5935 5936
f 5920 5922 5946
f 5951 5944 5949
f 5955 5944 5951
f 5955 5945 5944
f 5947 5945 5955
f 5942 5921 5919
f 5920 5948 5918
f 5946 5948 5920
f 5955 5956 5947
f 5955 5953 5956
f 5951 5953 5955
f 5950 5954 5952
f 5920 5919 5921
f 5918 5919 5920
f 5918 5916 5919
f 5951 5952 5953
f 5951 5950 5952
f 5949 5950 5951
f 5949 5943 5950
f 5925 5938 5923
f 5938 5940 5923
f 5923 5941 5914
f 5940 5941 5923
f 5919 5916 5942
f 6055 6056 6054
f 6054 6056 6083
f 6056 6057 6083
f 6077 6086 6069
f 6050 6075 6049
f 6049 6075 6084
f 6075 6073 6084
f 6073 6071 6085
f 6085 6071 6086
f 6071 6070 6086
f 6052 6067 6051
f 6063 6061 6072
f 6079 6038 6080
f 6080 6038 6037
f 6074 6063 6072
f 6043 6062 6059
f 6059 6062 6064
f 6059 6064 6081
f 6081 6064 6066
f 6083 6057 6082
f 6058 6059 6081
f 6082 6068 6083
f 6083 6068 6053
f 6083 6053 6054
f 6048 6049 6080
f 6080 6049 6084
f 6080 6084 6079
f 6079 6084 6085
f 6042 6069 6070
f 6042 6070 6060
f 6078 6086 6077
f 6060 6071 6072
f 6072 6071 6073
f 6072 6073 6074
f 6074 6073 6075
f 6084 6073 6085
f 6070 6069 6086
f 6076 6050 6051
f 6069 6041 6077
f 6077 6041 6040
f 6077 6040 6078
f 6078 6040 6039
f 6078 6039 6079
f 6079 6039 6038
f 6058 6046 6045
f 6058 6045 6059
f 6080 6037 6048
f 6059 6044 6043
f 6042 6060 6043
f 6043 6060 6061
f 6043 6061 6062
f 6081 6066 6082
f 6082 6066 6068
f 6064 6063 6065
f 6064 6065 6066
f 6066 6065 6067
f 6066 6067 6068
f 6068 6067 6052
f 6068 6052 6053
f 6041 6069 6042
f 6054 6015 5997
f 6054 5997 6055
f 6060 6070 6071
f 6052 6013 6018
f 6052 6018 6053
f 6053 6018 6015
f 6053 6015 6054
f 6074 6075 6076
f 6076 6075 6050
f 6055 5997 5996
f 6055 5996 6056
f 6056 5996 6036
f 6056 6036 6047
f 6056 6047 6057
f 6057 6047 6046
f 6057 6046 6058
f 5998 5999 6000
f 6000 5999 6001
f 6000 6001 6002
f 6002 6001 6003
f 6059 6045 6044
f 6062 6061 6063
f 6062 6063 6064
f 6037 6027 6048
f 6048 6027 6026
f 6048 6026 6049
f 6049 6026 6020
f 6049 6020 6050
f 6050 6020 6014
f 6050 6014 6051
f 6051 6014 6013
f 6051 6013 6052
f 6006 6005 6007
f 6006 6007 6008
f 6008 6007 6009
f 6008 6009 6010
f 6010 6009 6011
f 6010 6011 6012
f 6012 6011 6013
f 5997 6015 5999
f 5999 6015 6016
f 5999 6016 6017
f 6017 6016 6009
f 6017 6009 6007
f 6015 6018 6016
f 6016 6018 6011
f 5996 5997 5998
f 5998 5997 5999
f 6018 6013 6011
f 6012 6014 6019
f 6019 6014 6020
f 6019 6020 6021
f 6021 6020 6022
f 6021 6022 6023
f 6023 6022 6024
f 6023 6024 6025
f 6020 6026 6022
f 6022 6026 6024
f 6026 6027 6024
f 6025 6028 6023
f 6023 6028 6029
f 6023 6029 6030
f 6004 6003 6005
f 6004 6005 6006
f 6030 6031 6032
f 6032 6031 6033
f 6032 6033 6010
f 6010 6033 6008
f 6028 6034 6029
f 6029 6034 6031
f 6031 6034 6033
f 6033 6034 6035
f 6033 6035 6008
f 6008 6035 6006
f 6005 6003 6001
f 6005 6001 6017
f 6017 6001 5999
f 6007 6005 6017
f 6032 6010 6012
f 6016 6011 6009
f 6019 6032 6012
f 6021 6023 6030
f 6030 6029 6031
f 6019 6021 6030
f 6030 6032 6019
f 6051 6067 6076
f 6067 6065 6076
f 6076 6065 6074
f 6061 6060 6072
f 6065 6063 6074
f 6079 6085 6078
f 6078 6085 6086
f 6082 6058 6081
f 6057 6058 6082
f 6160 6169 6158
f 6158 6169 6156
f 6143 6141 6139
f 6165 6166 6167
f 6159 6168 6161
f 6161 6168 6163
f 6168 6166 6163
f 6164 6169 6162
f 6162 6169 6160
f 6142 6153 6169
f 6169 6153 6152
f 6146 6147 6148
f 6134 6149 6135
f 6145 6143 6139
f 6147 6145 6139
f 6156 6169 6154
f 6158 6157 6159
f 6158 6159 6160
f 6160 6159 6161
f 6160 6161 6162
f 6162 6161 6163
f 6162 6163 6164
f 6164 6163 6165
f 6165 6163 6166
f 6169 6152 6154
f 6138 6137 6139
f 6138 6139 6140
f 6140 6139 6141
f 6140 6141 6142
f 6124 6128 6126
f 6125 6127 6129
f 6129 6127 6130
f 6132 6108 6107
f 6132 6107 6105
f 6104 6133 6105
f 6099 6109 6110
f 6099 6110 6111
f 6099 6111 6112
f 6112 6111 6113
f 6144 6145 6146
f 6146 6145 6147
f 6099 6112 6097
f 6106 6105 6107
f 6106 6107 6108
f 6103 6106 6101
f 6101 6106 6109
f 6112 6113 6114
f 6114 6113 6095
f 6114 6095 6115
f 6115 6095 6116
f 6115 6116 6088
f 6088 6116 6090
f 6117 6118 6096
f 6096 6118 6119
f 6096 6119 6120
f 6120 6119 6121
f 6114 6115 6097
f 6097 6115 6088
f 6112 6114 6097
f 6118 6117 6123
f 6123 6117 6124
f 6123 6124 6125
f 6125 6124 6126
f 6125 6126 6127
f 6131 6108 6132
f 6099 6098 6100
f 6099 6100 6101
f 6094 6096 6120
f 6093 6090 6116
f 6120 6121 6122
f 6101 6100 6102
f 6101 6102 6103
f 6103 6102 6104
f 6103 6104 6105
f 6103 6105 6106
f 6156 6157 6158
f 6142 6141 6143
f 6142 6143 6144
f 6144 6143 6145
f 6135 6149 6137
f 6149 6147 6137
f 6137 6147 6139
f 6148 6150 6146
f 6146 6150 6144
f 6151 6152 6150
f 6091 6090 6092
f 6092 6090 6093
f 6092 6093 6094
f 6094 6093 6095
f 6094 6095 6096
f 6088 6087 6097
f 6097 6087 6098
f 6097 6098 6099
f 6150 6152 6153
f 6150 6153 6144
f 6144 6153 6142
f 6152 6151 6154
f 6154 6151 6155
f 6154 6155 6156
f 6156 6155 6157
f 6105 6133 6132
f 6133 6134 6132
f 6132 6134 6135
f 6132 6135 6131
f 6131 6135 6136
f 6136 6135 6137
f 6136 6137 6138
f 6087 6088 6089
f 6089 6088 6090
f 6089 6090 6091
f 6129 6130 6121
f 6120 6122 6094
f 6094 6122 6092
f 6116 6095 6093
f 6121 6119 6129
f 6129 6119 6118
f 6129 6118 6125
f 6125 6118 6123
f 6101 6109 6099
f 6252 6260 6251
f 6252 6259 6260
f 6253 6259 6252
f 6253 6258 6259
f 6254 6258 6253
f 6254 6223 6258
f 6256 6232 6255
f 6250 6224 6225
f 6250 6249 6224
f 6248 6249 6250
f 6248 6247 6249
f 6246 6247 6248
f 6246 6245 6247
f 6234 6245 6246
f 6234 6244 6245
f 6216 6244 6234
f 6216 6243 6244
f 6217 6243 6216
f 6242 6226 6227
f 6242 6241 6226
f 6225 6241 6250
f 6247 6245 6259
f 6241 6239 6250
f 6199 6202 6197
f 6200 6201 6198
f 6193 6206 6186
f 6204 6206 6193
f 6206 6184 6186
f 6181 6179 6191
f 6191 6175 6173
f 6179 6175 6191
f 6179 6177 6175
f 6182 6209 6180
f 6207 6209 6182
f 6207 6208 6209
f 6205 6208 6207
f 6203 6208 6205
f 6202 6208 6203
f 6184 6207 6182
f 6206 6207 6184
f 6206 6205 6207
f 6204 6205 6206
f 6204 6203 6205
f 6197 6203 6204
f 6193 6195 6204
f 6195 6197 6204
f 6193 6188 6194
f 6186 6188 6193
f 6192 6187 6185
f 6190 6185 6183
f 6190 6192 6185
f 6196 6200 6198
f 6194 6200 6196
f 6197 6198 6199
f 6197 6196 6198
f 6195 6196 6197
f 6195 6194 6196
f 6193 6194 6195
f 6180 6181 6182
f 6197 6202 6203
f 6186 6185 6187
f 6184 6185 6186
f 6184 6183 6185
f 6182 6183 6184
f 6182 6181 6183
f 6222 6200 6223
f 6222 6201 6200
f 6221 6201 6222
f 6256 6242 6257
f 6256 6240 6242
f 6255 6240 6256
f 6255 6238 6240
f 6233 6238 6255
f 6233 6236 6238
f 6215 6236 6233
f 6254 6221 6222
f 6254 6220 6221
f 6253 6220 6254
f 6253 6219 6220
f 6252 6219 6253
f 6252 6218 6219
f 6226 6241 6225
f 6245 6244 6260
f 6189 6192 6190
f 6191 6183 6181
f 6191 6190 6183
f 6173 6190 6191
f 6173 6189 6190
f 6171 6189 6173
f 6180 6179 6181
f 6178 6179 6180
f 6178 6177 6179
f 6176 6175 6177
f 6174 6175 6176
f 6174 6173 6175
f 6172 6173 6174
f 6172 6171 6173
f 6170 6171 6172
f 6259 6245 6260
f 6227 6189 6228
f 6227 6192 6189
f 6226 6192 6227
f 6226 6187 6192
f 6225 6187 6226
f 6225 6188 6187
f 6224 6188 6225
f 6224 6194 6188
f 6223 6194 6224
f 6223 6200 6194
f 6240 6241 6242
f 6240 6239 6241
f 6238 6239 6240
f 6230 6210 6211
f 6230 6170 6210
f 6229 6170 6230
f 6215 6235 6236
f 6215 6234 6235
f 6216 6234 6215
f 6233 6214 6215
f 6233 6213 6214
f 6232 6213 6233
f 6232 6212 6213
f 6231 6212 6232
f 6231 6211 6212
f 6230 6211 6231
f 6251 6218 6252
f 6251 6217 6218
f 6243 6217 6251
f 6229 6171 6170
f 6228 6171 6229
f 6228 6189 6171
f 6222 6223 6254
f 6257 6227 6228
f 6257 6242 6227
f 6238 6237 6239
f 6236 6237 6238
f 6236 6235 6237
f 6258 6247 6259
f 6231 6232 6256
f 6232 6233 6255
f 6257 6231 6256
f 6230 6231 6257
f 6228 6230 6257
f 6229 6230 6228
f 6237 6235 6246
f 6248 6237 6246
f 6239 6237 6248
f 6235 6234 6246
f 6250 6239 6248
f 6249 6247 6258
f 6223 6249 6258
f 6224 6249 6223
f 6251 6260 6243
f 6244 6243 6260
f 6312 6318 6311
f 6312 6317 6318
f 6313 6317 6312
f 6314 6317 6313
f 6314 6316 6317
f 6315 6316 6314
f 6279 6315 6314
f 6278 6315 6279
f 6314 6281 6279
f 6314 6282 6281
f 6313 6282 6314
f 6324 6328 6322
f 6326 6328 6324
f 6318 6325 6319
f 6327 6325 6318
f 6290 6269 6267
f 6291 6292 6270
f 6273 6286 6271
f 6286 6288 6271
f 6271 6289 6262
f 6288 6289 6271
f 6267 6264 6290
f 6268 6270 6294
f 6299 6292 6297
f 6303 6292 6299
f 6303 6293 6292
f 6295 6293 6303
f 6277 6279 6280
f 6268 6296 6266
f 6294 6296 6268
f 6303 6304 6295
f 6303 6301 6304
f 6299 6301 6303
f 6298 6302 6300
f 6299 6300 6301
f 6299 6298 6300
f 6297 6298 6299
f 6297 6291 6298
f 6292 6291 6297
f 6294 6295 6296
f 6294 6293 6295
f 6270 6293 6294
f 6270 6292 6293
f 6263 6262 6264
f 6262 6290 6264
f 6289 6290 6262
f 6289 6269 6290
f 6288 6269 6289
f 6288 6287 6269
f 6286 6287 6288
f 6286 6285 6287
f 6273 6285 6286
f 6273 6284 6285
f 6273 6283 6284
f 6275 6283 6273
f 6275 6280 6283
f 6277 6280 6275
f 6280 6281 6282
f 6280 6279 6281
f 6261 6262 6263
f 6277 6278 6279
f 6277 6276 6278
f 6275 6276 6277
f 6275 6274 6276
f 6273 6274 6275
f 6273 6272 6274
f 6271 6272 6273
f 6271 6261 6272
f 6262 6261 6271
f 6268 6269 6270
f 6268 6267 6269
f 6266 6267 6268
f 6266 6264 6267
f 6265 6264 6266
f 6263 6264 6265
f 6343 6342 6341
f 6339 6343 6341
f 6337 6343 6339
f 6306 6342 6305
f 6306 6341 6342
f 6330 6329 6332
f 6322 6331 6309
f 6328 6331 6322
f 6328 6330 6331
f 6329 6330 6328
f 6334 6308 6332
f 6325 6323 6319
f 6323 6321 6319
f 6321 6320 6319
f 6336 6308 6334
f 6338 6308 6336
f 6308 6330 6332
f 6308 6331 6330
f 6309 6331 6308
f 6340 6308 6338
f 6307 6308 6340
f 6317 6327 6318
f 6316 6327 6317
f 6324 6325 6326
f 6324 6323 6325
f 6322 6323 6324
f 6322 6321 6323
f 6309 6321 6322
f 6309 6320 6321
f 6310 6320 6309
f 6310 6319 6320
f 6311 6319 6310
f 6311 6318 6319
f 6307 6341 6306
f 6340 6341 6307
f 6340 6339 6341
f 6338 6339 6340
f 6338 6337 6339
f 6336 6337 6338
f 6336 6335 6337
f 6334 6335 6336
f 6334 6333 6335
f 6332 6333 6334
f 6332 6329 6333
f 6378 6377 6379
f 6381 6383 6356
f 6356 6383 6354
f 6353 6351 6349
f 6353 6349 6365
f 6365 6349 6347
f 6355 6353 6365
f 6380 6358 6360
f 6364 6366 6359
f 6367 6380 6360
f 6369 6371 6378
f 6367 6369 6378
f 6371 6372 6373
f 6368 6374 6370
f 6370 6374 6372
f 6374 6375 6372
f 6373 6376 6371
f 6371 6376 6377
f 6371 6377 6378
f 6350 6349 6351
f 6378 6379 6380
f 6380 6379 6381
f 6380 6381 6358
f 6358 6381 6356
f 6376 6382 6377
f 6377 6382 6379
f 6379 6382 6381
f 6381 6382 6383
f 6404 6405 6431
f 6431 6405 6430
f 6406 6407 6429
f 6405 6406 6430
f 6430 6406 6429
f 6413 6411 6422
f 6422 6411 6420
f 6429 6412 6414
f 6426 6433 6434
f 6426 6434 6425
f 6425 6434 6417
f 6398 6423 6397
f 6397 6423 6432
f 6423 6421 6432
f 6432 6421 6433
f 6418 6417 6434
f 6421 6419 6433
f 6433 6419 6434
f 6419 6418 6434
f 6400 6415 6399
f 6411 6409 6420
f 6403 6404 6402
f 6402 6404 6431
f 6428 6397 6432
f 6428 6432 6427
f 6358 6359 6360
f 6360 6359 6361
f 6345 6363 6347
f 6347 6363 6364
f 6347 6364 6365
f 6365 6364 6357
f 6365 6357 6355
f 6363 6366 6364
f 6364 6359 6357
f 6366 6361 6359
f 6360 6362 6367
f 6367 6362 6368
f 6367 6368 6369
f 6369 6368 6370
f 6369 6370 6371
f 6371 6370 6372
f 6403 6345 6344
f 6403 6344 6404
f 6404 6344 6384
f 6404 6384 6385
f 6407 6387 6388
f 6407 6388 6389
f 6390 6408 6389
f 6404 6385 6405
f 6405 6385 6386
f 6352 6351 6353
f 6352 6353 6354
f 6354 6353 6355
f 6354 6355 6356
f 6356 6355 6357
f 6356 6357 6358
f 6358 6357 6359
f 6422 6421 6423
f 6422 6423 6424
f 6406 6386 6387
f 6399 6362 6361
f 6344 6345 6346
f 6346 6345 6347
f 6346 6347 6348
f 6348 6347 6349
f 6348 6349 6350
f 6399 6361 6400
f 6400 6361 6366
f 6400 6366 6401
f 6401 6366 6363
f 6401 6363 6402
f 6402 6363 6345
f 6402 6345 6403
f 6427 6432 6433
f 6427 6433 6426
f 6390 6418 6408
f 6408 6418 6419
f 6408 6419 6420
f 6399 6415 6424
f 6415 6413 6424
f 6424 6413 6422
f 6409 6408 6420
f 6428 6394 6395
f 6428 6395 6396
f 6389 6410 6407
f 6407 6410 6412
f 6407 6412 6429
f 6424 6423 6398
f 6424 6398 6399
f 6417 6391 6425
f 6425 6391 6392
f 6425 6392 6426
f 6426 6392 6393
f 6426 6393 6427
f 6427 6393 6394
f 6427 6394 6428
f 6406 6387 6407
f 6429 6414 6430
f 6430 6414 6416
f 6430 6416 6431
f 6431 6416 6401
f 6431 6401 6402
f 6396 6397 6428
f 6389 6408 6409
f 6389 6409 6410
f 6410 6409 6411
f 6410 6411 6412
f 6412 6411 6413
f 6412 6413 6414
f 6414 6413 6415
f 6414 6415 6416
f 6416 6415 6400
f 6416 6400 6401
f 6391 6417 6390
f 6390 6417 6418
f 6420 6419 6421
f 6420 6421 6422
f 6378 6380 6367
f 6405 6386 6406
f 6398 6362 6399
f 6398 6368 6362
f 6397 6368 6398
f 6397 6374 6368
f 6396 6374 6397
f 6396 6375 6374
f 6395 6375 6396
f 6460 6461 6462
f 6460 6459 6461
f 6447 6459 6460
f 6447 6458 6459
f 6447 6457 6458
f 6449 6457 6447
f 6449 6454 6457
f 6447 6448 6449
f 6472 6476 6474
f 6473 6474 6475
f 6473 6472 6474
f 6471 6472 6473
f 6471 6465 6472
f 6466 6465 6471
f 6468 6469 6470
f 6468 6467 6469
f 6444 6467 6468
f 6444 6466 6467
f 6465 6466 6444
f 6436 6464 6438
f 6463 6464 6436
f 6463 6443 6464
f 6447 6460 6445
f 6514 6513 6515
f 6512 6513 6514
f 6512 6511 6513
f 6510 6511 6512
f 6510 6509 6511
f 6508 6509 6510
f 6508 6507 6509
f 6508 6482 6506
f 6499 6497 6493
f 6497 6495 6493
f 6495 6494 6493
f 6510 6482 6508
f 6512 6482 6510
f 6482 6504 6506
f 6482 6505 6504
f 6483 6505 6482
f 6492 6499 6493
f 6501 6499 6492
f 6491 6501 6492
f 6490 6501 6491
f 6498 6499 6500
f 6498 6497 6499
f 6496 6497 6498
f 6514 6482 6512
f 6481 6482 6514
f 6517 6516 6515
f 6513 6517 6515
f 6511 6517 6513
f 6480 6516 6479
f 6480 6515 6516
f 6481 6515 6480
f 6514 6515 6481
f 6487 6491 6486
f 6488 6491 6487
f 6488 6490 6491
f 6489 6490 6488
f 6453 6489 6488
f 6452 6489 6453
f 6488 6455 6453
f 6506 6507 6508
f 6506 6503 6507
f 6504 6503 6506
f 6496 6505 6483
f 6502 6505 6496
f 6502 6504 6505
f 6503 6504 6502
f 6498 6502 6496
f 6500 6502 6498
f 6488 6456 6455
f 6487 6456 6488
f 6496 6495 6497
f 6483 6495 6496
f 6483 6494 6495
f 6484 6494 6483
f 6484 6493 6494
f 6485 6493 6484
f 6485 6492 6493
f 6486 6492 6485
f 6486 6491 6492
f 6440 6438 6441
f 6439 6438 6440
f 6437 6438 6439
f 6437 6436 6438
f 6435 6436 6437
f 6451 6454 6449
f 6454 6455 6456
f 6454 6453 6455
f 6451 6453 6454
f 6451 6452 6453
f 6451 6450 6452
f 6449 6450 6451
f 6449 6448 6450
f 6447 6446 6448
f 6445 6446 6447
f 6445 6435 6446
f 6436 6435 6445
f 6442 6443 6444
f 6442 6441 6443
f 6440 6441 6442
f 6462 6461 6443
f 6460 6462 6445
f 6445 6463 6436
f 6462 6463 6445
f 6441 6438 6464
f 6442 6444 6468
f 6473 6466 6471
f 6477 6466 6473
f 6477 6467 6466
f 6469 6467 6477
f 6464 6443 6441
f 6442 6470 6440
f 6468 6470 6442
f 6477 6478 6469
f 6477 6475 6478
f 6473 6475 6477
f 6462 6443 6463
f 6520 6519 6521
f 6543 6545 6552
f 6541 6543 6552
f 6587 6585 6596
f 6596 6585 6594
f 6585 6583 6594
f 6577 6578 6576
f 6581 6586 6603
f 6571 6597 6606
f 6597 6595 6606
f 6576 6578 6605
f 6578 6579 6605
f 6605 6579 6604
f 6580 6581 6603
f 6579 6580 6604
f 6604 6580 6603
f 6600 6607 6608
f 6600 6608 6599
f 6599 6608 6591
f 6572 6597 6571
f 6527 6523 6539
f 6539 6523 6521
f 6529 6527 6539
f 6554 6532 6534
f 6552 6554 6541
f 6541 6554 6534
f 6554 6553 6555
f 6594 6595 6596
f 6606 6595 6607
f 6592 6591 6608
f 6595 6593 6607
f 6607 6593 6608
f 6593 6592 6608
f 6574 6589 6573
f 6573 6589 6598
f 6589 6587 6598
f 6598 6587 6596
f 6583 6582 6594
f 6601 6568 6602
f 6602 6568 6569
f 6602 6569 6570
f 6563 6584 6581
f 6581 6584 6586
f 6532 6555 6530
f 6550 6556 6551
f 6551 6556 6553
f 6553 6556 6555
f 6555 6556 6557
f 6555 6557 6530
f 6530 6557 6528
f 6527 6525 6523
f 6603 6586 6588
f 6603 6588 6604
f 6604 6588 6590
f 6604 6590 6605
f 6605 6590 6575
f 6605 6575 6576
f 6570 6571 6602
f 6602 6571 6606
f 6602 6606 6601
f 6601 6606 6607
f 6601 6607 6600
f 6588 6587 6589
f 6588 6589 6590
f 6590 6589 6574
f 6590 6574 6575
f 6565 6591 6564
f 6564 6591 6592
f 6596 6595 6597
f 6596 6597 6598
f 6598 6597 6572
f 6598 6572 6573
f 6591 6565 6599
f 6599 6565 6566
f 6599 6566 6600
f 6600 6566 6567
f 6600 6567 6601
f 6601 6567 6568
f 6576 6537 6519
f 6576 6519 6577
f 6577 6519 6518
f 6577 6518 6578
f 6578 6518 6558
f 6572 6542 6536
f 6572 6536 6573
f 6573 6536 6535
f 6573 6535 6574
f 6574 6535 6540
f 6574 6540 6575
f 6578 6558 6559
f 6578 6559 6579
f 6579 6559 6560
f 6579 6560 6580
f 6580 6560 6561
f 6563 6582 6583
f 6563 6583 6584
f 6584 6583 6585
f 6584 6585 6586
f 6586 6585 6587
f 6586 6587 6588
f 6545 6550 6551
f 6545 6551 6552
f 6552 6551 6553
f 6552 6553 6554
f 6521 6537 6538
f 6521 6538 6539
f 6539 6538 6531
f 6539 6531 6529
f 6537 6540 6538
f 6538 6540 6533
f 6538 6533 6531
f 6570 6548 6571
f 6571 6548 6542
f 6571 6542 6572
f 6564 6592 6582
f 6582 6592 6593
f 6582 6593 6594
f 6594 6593 6595
f 6575 6540 6537
f 6575 6537 6576
f 6580 6561 6581
f 6581 6561 6562
f 6581 6562 6563
f 6564 6582 6563
f 6569 6549 6570
f 6570 6549 6548
f 6545 6546 6547
f 6542 6548 6544
f 6544 6548 6546
f 6548 6549 6546
f 6547 6550 6545
f 6554 6555 6532
f 6540 6535 6533
f 6534 6536 6541
f 6541 6536 6542
f 6541 6542 6543
f 6543 6542 6544
f 6543 6544 6545
f 6518 6519 6520
f 6545 6544 6546
f 6520 6521 6522
f 6522 6521 6523
f 6522 6523 6524
f 6524 6523 6525
f 6526 6525 6527
f 6526 6527 6528
f 6528 6527 6529
f 6528 6529 6530
f 6530 6529 6531
f 6530 6531 6532
f 6532 6531 6533
f 6532 6533 6534
f 6534 6533 6535
f 6519 6537 6521
f 6634 6633 6635
f 6621 6622 6623
f 6621 6620 6622
f 6619 6620 6621
f 6621 6633 6634
f 6621 6632 6633
f 6621 6631 6632
f 6623 6631 6621
f 6625 6628 6623
f 6662 6664 6665
f 6663 6664 6662
f 6627 6663 6662
f 6626 6663 6627
f 6662 6629 6627
f 6680 6681 6682
f 6680 6677 6681
f 6678 6677 6680
f 6670 6679 6657
f 6676 6679 6670
f 6662 6630 6629
f 6661 6630 6662
f 6688 6656 6686
f 6655 6656 6688
f 6691 6690 6689
f 6687 6691 6689
f 6685 6691 6687
f 6670 6669 6671
f 6657 6669 6670
f 6657 6668 6669
f 6658 6668 6657
f 6658 6667 6668
f 6676 6678 6679
f 6677 6678 6676
f 6672 6676 6670
f 6674 6676 6672
f 6666 6673 6667
f 6665 6675 6666
f 6664 6675 6665
f 6672 6673 6674
f 6672 6671 6673
f 6670 6671 6672
f 6686 6687 6688
f 6682 6656 6680
f 6673 6671 6667
f 6671 6669 6667
f 6669 6668 6667
f 6659 6667 6658
f 6659 6666 6667
f 6660 6666 6659
f 6660 6665 6666
f 6661 6665 6660
f 6662 6665 6661
f 6686 6685 6687
f 6684 6685 6686
f 6684 6683 6685
f 6682 6683 6684
f 6682 6681 6683
f 6643 6641 6651
f 6638 6617 6615
f 6616 6644 6614
f 6642 6644 6616
f 6651 6652 6643
f 6675 6673 6666
f 6684 6656 6682
f 6686 6656 6684
f 6656 6678 6680
f 6656 6679 6678
f 6657 6679 6656
f 6654 6690 6653
f 6654 6689 6690
f 6655 6689 6654
f 6688 6689 6655
f 6688 6687 6689
f 6623 6622 6624
f 6619 6637 6610
f 6636 6637 6619
f 6615 6612 6638
f 6616 6618 6642
f 6647 6640 6645
f 6651 6640 6647
f 6651 6641 6640
f 6642 6641 6643
f 6618 6641 6642
f 6618 6640 6641
f 6639 6640 6618
f 6610 6638 6612
f 6637 6638 6610
f 6637 6617 6638
f 6621 6634 6619
f 6634 6636 6619
f 6619 6609 6620
f 6610 6609 6619
f 6616 6617 6618
f 6616 6615 6617
f 6614 6615 6616
f 6614 6612 6615
f 6613 6612 6614
f 6611 6612 6613
f 6611 6610 6612
f 6609 6610 6611
f 6636 6617 6637
f 6636 6635 6617
f 6634 6635 6636
f 6628 6629 6630
f 6628 6627 6629
f 6625 6627 6628
f 6625 6626 6627
f 6625 6624 6626
f 6623 6624 6625
f 6651 6649 6652
f 6647 6649 6651
f 6646 6650 6648
f 6647 6648 6649
f 6647 6646 6648
f 6645 6646 6647
f 6645 6639 6646
f 6640 6639 6645
f 6642 6643 6644
f 6623 6628 6631
f 6746 6710 6747
f 6747 6710 6709
f 6747 6709 6748
f 6750 6693 6751
f 6748 6709 6714
f 6748 6714 6749
f 6749 6714 6711
f 6749 6711 6750
f 6750 6711 6693
f 6753 6734 6754
f 6754 6734 6735
f 6754 6735 6755
f 6755 6735 6736
f 6755 6736 6737
f 6738 6756 6737
f 6737 6756 6757
f 6737 6757 6758
f 6758 6757 6759
f 6758 6759 6760
f 6743 6723 6744
f 6744 6723 6722
f 6744 6722 6745
f 6745 6722 6716
f 6745 6716 6746
f 6746 6716 6710
f 6739 6765 6738
f 6738 6765 6766
f 6738 6766 6756
f 6756 6766 6767
f 6756 6767 6768
f 6768 6767 6769
f 6768 6769 6770
f 6770 6769 6771
f 6770 6771 6772
f 6772 6771 6746
f 6751 6693 6692
f 6751 6692 6752
f 6752 6692 6732
f 6752 6732 6733
f 6752 6733 6753
f 6753 6733 6734
f 6775 6741 6742
f 6775 6742 6776
f 6776 6742 6743
f 6776 6743 6744
f 6737 6758 6755
f 6755 6758 6760
f 6755 6760 6777
f 6777 6760 6762
f 6777 6762 6778
f 6778 6762 6764
f 6760 6759 6761
f 6760 6761 6762
f 6762 6761 6763
f 6762 6763 6764
f 6764 6763 6748
f 6764 6748 6749
f 6775 6780 6781
f 6775 6781 6774
f 6774 6781 6782
f 6774 6782 6773
f 6773 6782 6765
f 6746 6771 6745
f 6745 6771 6780
f 6771 6769 6780
f 6780 6769 6781
f 6766 6765 6782
f 6772 6746 6747
f 6765 6739 6773
f 6773 6739 6740
f 6773 6740 6774
f 6774 6740 6741
f 6774 6741 6775
f 6757 6756 6768
f 6761 6759 6770
f 6770 6759 6768
f 6759 6757 6768
f 6751 6752 6750
f 6750 6752 6779
f 6752 6753 6779
f 6779 6753 6778
f 6754 6755 6777
f 6778 6764 6779
f 6779 6764 6749
f 6779 6749 6750
f 6744 6745 6776
f 6776 6745 6780
f 6776 6780 6775
f 6769 6767 6781
f 6781 6767 6782
f 6767 6766 6782
f 6748 6763 6747
f 6747 6763 6772
f 6763 6761 6772
f 6772 6761 6770
f 6753 6754 6778
f 6778 6754 6777
f 6717 6719 6726
f 6715 6717 6726
f 6728 6727 6729
f 6728 6729 6706
f 6706 6729 6704
f 6724 6730 6725
f 6725 6730 6727
f 6727 6730 6729
f 6729 6730 6731
f 6729 6731 6704
f 6704 6731 6702
f 6701 6699 6697
f 6701 6697 6713
f 6713 6697 6695
f 6703 6701 6713
f 6728 6706 6708
f 6726 6728 6715
f 6715 6728 6708
f 6721 6724 6719
f 6719 6724 6725
f 6719 6725 6726
f 6726 6725 6727
f 6726 6727 6728
f 6713 6712 6705
f 6713 6705 6703
f 6711 6714 6712
f 6712 6714 6707
f 6712 6707 6705
f 6714 6709 6707
f 6708 6710 6715
f 6715 6710 6716
f 6715 6716 6717
f 6717 6716 6718
f 6717 6718 6719
f 6719 6718 6720
f 6719 6720 6721
f 6716 6722 6718
f 6718 6722 6720
f 6722 6723 6720
f 6694 6695 6696
f 6696 6695 6697
f 6696 6697 6698
f 6698 6697 6699
f 6700 6699 6701
f 6700 6701 6702
f 6702 6701 6703
f 6702 6703 6704
f 6704 6703 6705
f 6704 6705 6706
f 6706 6705 6707
f 6706 6707 6708
f 6708 6707 6709
f 6693 6711 6695
f 6695 6711 6712
f 6695 6712 6713
f 6692 6693 6694
f 6694 6693 6695
f 6784 6783 6793
f 6833 6841 6832
f 6828 6863 6864
f 6829 6863 6828
f 6862 6863 6829
f 6862 6861 6863
f 6860 6861 6862
f 6795 6794 6796
f 6795 6796 6797
f 6797 6796 6798
f 6862 6830 6860
f 6829 6830 6862
f 6865 6864 6863
f 6861 6865 6863
f 6859 6865 6861
f 6793 6783 6794
f 6860 6859 6861
f 6858 6859 6860
f 6858 6857 6859
f 6856 6857 6858
f 6856 6855 6857
f 6836 6804 6803
f 6835 6804 6836
f 6851 6852 6850
f 6846 6850 6844
f 6848 6850 6846
f 6840 6847 6841
f 6849 6847 6840
f 6858 6830 6856
f 6860 6830 6858
f 6795 6805 6806
f 6797 6805 6795
f 6852 6851 6854
f 6844 6853 6831
f 6850 6853 6844
f 6850 6852 6853
f 6856 6830 6854
f 6847 6845 6841
f 6845 6843 6841
f 6843 6842 6841
f 6793 6794 6795
f 6797 6802 6805
f 6835 6839 6834
f 6836 6839 6835
f 6854 6851 6855
f 6816 6818 6790
f 6825 6826 6817
f 6811 6812 6784
f 6811 6791 6812
f 6795 6808 6793
f 6808 6810 6793
f 6793 6811 6784
f 6810 6811 6793
f 6789 6786 6812
f 6790 6792 6816
f 6821 6814 6819
f 6825 6814 6821
f 6825 6815 6814
f 6836 6838 6839
f 6837 6838 6836
f 6801 6837 6836
f 6800 6837 6801
f 6836 6803 6801
f 6839 6849 6840
f 6838 6849 6839
f 6846 6847 6848
f 6846 6845 6847
f 6844 6845 6846
f 6833 6840 6841
f 6834 6840 6833
f 6834 6839 6840
f 6812 6791 6789
f 6790 6818 6788
f 6799 6798 6800
f 6797 6798 6799
f 6825 6823 6826
f 6821 6823 6825
f 6820 6824 6822
f 6821 6822 6823
f 6821 6820 6822
f 6819 6820 6821
f 6819 6813 6820
f 6814 6813 6819
f 6816 6817 6818
f 6816 6815 6817
f 6792 6815 6816
f 6813 6814 6792
f 6784 6812 6786
f 6817 6815 6825
f 6799 6801 6802
f 6799 6800 6801
f 6792 6814 6815
f 6790 6791 6792
f 6790 6789 6791
f 6788 6789 6790
f 6788 6786 6789
f 6787 6786 6788
f 6785 6786 6787
f 6785 6784 6786
f 6783 6784 6785
f 6810 6791 6811
f 6810 6809 6791
f 6808 6809 6810
f 6808 6807 6809
f 6795 6807 6808
f 6795 6806 6807
f 6854 6855 6856
f 6832 6841 6842
f 6799 6802 6797
f 6802 6803 6804
f 6802 6801 6803
f 6830 6852 6854
f 6830 6853 6852
f 6831 6853 6830
f 6844 6843 6845
f 6831 6843 6844
f 6831 6842 6843
f 6832 6842 6831
f 6828 6864 6827
f 6944 6933 6942
f 6933 6931 6942
f 6925 6926 6924
f 6924 6926 6953
f 6926 6927 6953
f 6918 6896 6919
f 6928 6909 6929
f 6929 6909 6910
f 6929 6910 6911
f 6912 6930 6911
f 6911 6930 6931
f 6911 6931 6932
f 6932 6931 6933
f 6952 6936 6938
f 6952 6938 6953
f 6953 6938 6923
f 6953 6923 6924
f 6918 6919 6950
f 6938 6937 6922
f 6919 6890 6920
f 6920 6890 6884
f 6921 6884 6883
f 6921 6883 6922
f 6922 6883 6888
f 6922 6888 6923
f 6923 6888 6885
f 6923 6885 6924
f 6924 6885 6867
f 6946 6945 6920
f 6946 6920 6921
f 6939 6913 6947
f 6947 6913 6914
f 6947 6914 6948
f 6926 6907 6927
f 6924 6867 6925
f 6925 6867 6866
f 6925 6866 6926
f 6926 6866 6906
f 6926 6906 6907
f 6917 6897 6918
f 6918 6897 6896
f 6932 6933 6934
f 6934 6933 6935
f 6934 6935 6936
f 6936 6935 6937
f 6936 6937 6938
f 6919 6896 6890
f 6920 6884 6921
f 6912 6940 6930
f 6930 6940 6941
f 6930 6941 6942
f 6942 6941 6943
f 6942 6943 6944
f 6944 6943 6945
f 6944 6945 6946
f 6940 6939 6956
f 6943 6941 6955
f 6955 6941 6956
f 6941 6940 6956
f 6922 6937 6921
f 6948 6914 6915
f 6927 6907 6908
f 6927 6908 6928
f 6874 6873 6875
f 6928 6908 6909
f 6949 6916 6950
f 6950 6916 6917
f 6950 6917 6918
f 6911 6932 6929
f 6929 6932 6934
f 6929 6934 6951
f 6951 6934 6936
f 6951 6936 6952
f 6953 6927 6952
f 6928 6929 6951
f 6927 6928 6952
f 6952 6928 6951
f 6950 6919 6954
f 6938 6922 6923
f 6913 6939 6912
f 6912 6939 6940
f 6935 6933 6944
f 6948 6915 6949
f 6885 6888 6886
f 6866 6867 6868
f 6868 6867 6869
f 6870 6871 6872
f 6872 6871 6873
f 6902 6880 6882
f 6874 6875 6876
f 6876 6875 6877
f 6876 6877 6878
f 6878 6877 6879
f 6878 6879 6880
f 6880 6879 6881
f 6880 6881 6882
f 6882 6881 6883
f 6867 6885 6869
f 6869 6885 6886
f 6869 6886 6887
f 6887 6871 6869
f 6877 6875 6887
f 6903 6904 6905
f 6886 6888 6881
f 6886 6881 6879
f 6888 6883 6881
f 6882 6884 6889
f 6889 6884 6890
f 6889 6890 6891
f 6891 6890 6892
f 6891 6892 6893
f 6893 6892 6894
f 6893 6894 6895
f 6890 6896 6892
f 6892 6896 6894
f 6896 6897 6894
f 6868 6869 6870
f 6870 6869 6871
f 6900 6902 6889
f 6889 6902 6882
f 6891 6893 6900
f 6889 6891 6900
f 6895 6898 6893
f 6893 6898 6899
f 6893 6899 6900
f 6900 6899 6901
f 6900 6901 6902
f 6902 6901 6903
f 6902 6903 6880
f 6880 6903 6878
f 6898 6904 6899
f 6899 6904 6901
f 6901 6904 6903
f 6949 6915 6916
f 6950 6954 6949
f 6949 6954 6955
f 6949 6955 6948
f 6948 6955 6956
f 6948 6956 6947
f 6947 6956 6939
f 6920 6945 6919
f 6919 6945 6954
f 6945 6943 6954
f 6954 6943 6955
f 6921 6937 6946
f 6937 6935 6946
f 6946 6935 6944
f 6903 6905 6878
f 6878 6905 6876
f 6875 6873 6871
f 6875 6871 6887
f 6887 6886 6879
f 6887 6879 6877
f 6931 6930 6942
f 7008 7013 7014
f 7009 7013 7008
f 7010 7013 7009
f 7009 6978 7010
f 7025 7026 7024
f 6958 6957 6967
f 6964 6965 6966
f 6964 6963 6965
f 6962 6963 6964
f 6962 6960 6963
f 6961 6960 6962
f 6959 6960 6961
f 6959 6958 6960
f 6957 6958 6959
f 6969 6979 6980
f 6971 6979 6969
f 6971 6976 6979
f 6973 6976 6971
f 6976 6977 6978
f 6976 6975 6977
f 6973 6975 6976
f 6973 6974 6975
f 6973 6972 6974
f 6971 6972 6973
f 6971 6970 6972
f 6969 6970 6971
f 6969 6968 6970
f 6967 6968 6969
f 6967 6957 6968
f 6966 6989 6990
f 6966 6988 6989
f 6987 6988 6966
f 6958 6986 6960
f 6985 6986 6958
f 6985 6965 6986
f 6984 6965 6985
f 6984 6983 6965
f 6982 6983 6984
f 6982 6981 6983
f 6969 6981 6982
f 6969 6980 6981
f 6964 6966 6990
f 6995 6994 6996
f 6995 6996 6997
f 7035 7039 7037
f 7039 7038 7037
f 7002 7038 7001
f 7033 7039 7035
f 6994 6998 6996
f 7032 7004 7030
f 7004 7026 7028
f 7034 7004 7032
f 7004 7027 7026
f 7005 7027 7004
f 7003 7004 7036
f 7036 7004 7034
f 6999 6989 6988
f 6991 6989 6999
f 6986 6965 6963
f 6964 6992 6962
f 6990 6992 6964
f 6999 7000 6991
f 6999 6997 7000
f 6995 6997 6999
f 6984 6985 6967
f 6999 6988 6995
f 6963 6960 6986
f 6990 6989 6991
f 6990 6991 6992
f 6988 6987 6993
f 6993 6987 6994
f 6995 6988 6993
f 6982 6984 6967
f 6967 6985 6958
f 6969 6982 6967
f 6993 6994 6995
f 7012 7023 7013
f 7013 7023 7014
f 7018 7017 7019
f 7018 7019 7020
f 7030 7004 7028
f 7021 7019 7015
f 7019 7017 7015
f 7017 7016 7015
f 7020 7021 7022
f 7010 7012 7013
f 6975 7011 7010
f 6974 7011 6975
f 7010 6978 6977
f 7010 6977 6975
f 7014 7021 7015
f 7022 7024 7020
f 7020 7024 7018
f 7007 7014 7015
f 7008 7014 7007
f 7023 7021 7014
f 7005 7017 7018
f 7005 7016 7017
f 7006 7016 7005
f 7006 7015 7016
f 7002 7037 7038
f 7007 7015 7006
f 7003 7037 7002
f 7036 7037 7003
f 7011 7012 7010
f 7036 7035 7037
f 7034 7035 7036
f 7020 7019 7021
f 7034 7033 7035
f 7032 7033 7034
f 7032 7031 7033
f 7030 7031 7032
f 7030 7029 7031
f 7028 7029 7030
f 7028 7025 7029
f 7026 7025 7028
f 7024 7027 7018
f 7024 7026 7027
f 7018 7027 7005
f 7093 7105 7106
f 7095 7101 7104
f 7095 7104 7094
f 7094 7104 7105
f 7094 7105 7093
f 7042 7043 7078
f 7092 7106 7107
f 7083 7099 7082
f 7078 7041 7042
f 7068 7069 7070
f 7070 7069 7052
f 7070 7052 7054
f 7054 7055 7070
f 7070 7055 7071
f 7071 7055 7053
f 7068 7072 7045
f 7045 7072 7048
f 7048 7072 7073
f 7048 7073 7050
f 7050 7073 7074
f 7060 7061 7062
f 7058 7057 7059
f 7058 7059 7060
f 7060 7059 7061
f 7056 7057 7058
f 7062 7063 7064
f 7064 7063 7065
f 7062 7061 7063
f 7086 7051 7087
f 7086 7049 7051
f 7085 7049 7086
f 7085 7047 7049
f 7084 7047 7085
f 7088 7089 7087
f 7087 7077 7088
f 7087 7051 7077
f 7090 7089 7091
f 7046 7047 7084
f 7078 7040 7041
f 7071 7040 7078
f 7087 7089 7090
f 7095 7100 7101
f 7096 7100 7095
f 7096 7102 7100
f 7096 7103 7102
f 7097 7103 7096
f 7099 7103 7097
f 7081 7097 7080
f 7082 7097 7081
f 7082 7099 7097
f 7093 7106 7092
f 7053 7040 7071
f 7064 7065 7066
f 7068 7044 7069
f 7045 7044 7068
f 7066 7065 7067
f 7092 7107 7091
f 7075 7057 7076
f 7076 7057 7056
f 7077 7050 7074
f 7051 7050 7077
f 7066 7067 7077
f 7077 7074 7066
f 7091 7107 7090
f 7109 7098 7110
f 7079 7097 7098
f 7080 7097 7079
f 7108 7098 7109
f 7079 7098 7108
f 7166 7175 7165
f 7166 7171 7175
f 7166 7172 7171
f 7167 7172 7166
f 7165 7176 7164
f 7164 7176 7177
f 7165 7175 7176
f 7167 7173 7172
f 7149 7111 7112
f 7141 7111 7149
f 7142 7111 7141
f 7170 7174 7168
f 7152 7168 7151
f 7153 7168 7152
f 7153 7170 7168
f 7154 7170 7153
f 7164 7177 7163
f 7163 7177 7178
f 7158 7122 7148
f 7158 7148 7159
f 7159 7160 7158
f 7158 7160 7161
f 7161 7160 7162
f 7151 7168 7150
f 7113 7114 7149
f 7162 7178 7161
f 7180 7169 7181
f 7163 7178 7162
f 7179 7169 7180
f 7150 7169 7179
f 7150 7168 7169
f 7133 7132 7134
f 7148 7145 7133
f 7146 7124 7147
f 7121 7144 7145
f 7133 7134 7148
f 7147 7124 7123
f 7125 7124 7126
f 7148 7121 7145
f 7122 7121 7148
f 7127 7126 7128
f 7127 7128 7129
f 7129 7128 7130
f 7125 7126 7127
f 7129 7130 7131
f 7131 7130 7132
f 7131 7132 7133
f 7141 7140 7142
f 7156 7118 7120
f 7155 7118 7156
f 7135 7115 7136
f 7156 7120 7157
f 7135 7136 7137
f 7137 7136 7138
f 7139 7140 7137
f 7137 7138 7139
f 7137 7140 7141
f 7123 7124 7125
f 7157 7122 7158
f 7117 7118 7155
f 7157 7120 7122
f 7167 7174 7173
f 7168 7174 7167
f 7149 7112 7113
f 7119 7144 7121
f 7119 7143 7144
f 7116 7143 7119
f 7135 7143 7116
f 7116 7115 7135
f 7225 7226 7224
f 7224 7226 7227
f 7225 7228 7226
f 7233 7246 7232
f 7232 7246 7247
f 7232 7247 7231
f 7219 7197 7220
f 7200 7195 7217
f 7217 7195 7197
f 7217 7197 7218
f 7224 7227 7222
f 7241 7196 7240
f 7240 7196 7193
f 7240 7193 7239
f 7239 7193 7191
f 7239 7191 7238
f 7238 7191 7189
f 7238 7189 7237
f 7237 7189 7187
f 7237 7187 7236
f 7236 7187 7185
f 7186 7205 7184
f 7184 7205 7207
f 7215 7221 7222
f 7222 7221 7223
f 7222 7223 7224
f 7218 7197 7219
f 7231 7247 7248
f 7229 7243 7235
f 7235 7244 7234
f 7235 7243 7244
f 7234 7244 7245
f 7209 7210 7211
f 7198 7196 7242
f 7242 7196 7241
f 7211 7210 7212
f 7248 7249 7231
f 7231 7249 7230
f 7230 7249 7250
f 7230 7250 7251
f 7251 7252 7230
f 7207 7208 7206
f 7206 7208 7209
f 7211 7212 7213
f 7194 7201 7192
f 7194 7200 7201
f 7195 7200 7194
f 7209 7208 7210
f 7215 7214 7216
f 7213 7212 7214
f 7213 7214 7215
f 7190 7203 7188
f 7207 7199 7184
f 7206 7182 7199
f 7206 7199 7207
f 7188 7204 7186
f 7186 7204 7205
f 7188 7203 7204
f 7215 7216 7221
f 7183 7182 7206
f 7192 7201 7202
f 7192 7202 7190
f 7190 7202 7203
f 7234 7245 7233
f 7233 7245 7246
f 7206 7243 7183
f 7183 7243 7229
f 7183 7229 7236
f 7236 7185 7183
f 7269 7267 7313
f 7313 7267 7312
f 7254 7253 7277
f 7277 7253 7270
f 7257 7275 7276
f 7259 7275 7257
f 7256 7254 7307
f 7259 7274 7275
f 7314 7254 7277
f 7261 7274 7259
f 7257 7276 7255
f 7255 7276 7278
f 7319 7320 7302
f 7302 7320 7301
f 7263 7273 7261
f 7282 7283 7284
f 7307 7254 7300
f 7284 7283 7285
f 7284 7285 7286
f 7286 7285 7287
f 7308 7258 7307
f 7307 7258 7256
f 7300 7254 7314
f 7301 7320 7321
f 7263 7272 7273
f 7265 7272 7263
f 7265 7271 7272
f 7266 7271 7265
f 7322 7323 7301
f 7301 7321 7322
f 7261 7273 7274
f 7277 7279 7280
f 7290 7268 7291
f 7282 7281 7283
f 7295 7298 7293
f 7296 7299 7297
f 7271 7266 7288
f 7289 7268 7290
f 7288 7266 7268
f 7288 7268 7289
f 7278 7270 7255
f 7278 7279 7277
f 7280 7279 7281
f 7280 7281 7282
f 7277 7270 7278
f 7312 7267 7311
f 7311 7267 7264
f 7304 7316 7317
f 7303 7317 7318
f 7304 7317 7303
f 7302 7318 7319
f 7300 7314 7306
f 7303 7318 7302
f 7311 7264 7310
f 7310 7262 7309
f 7309 7262 7260
f 7309 7260 7308
f 7308 7260 7258
f 7295 7297 7298
f 7296 7297 7295
f 7293 7292 7294
f 7286 7292 7293
f 7286 7287 7292
f 7293 7294 7295
f 7306 7314 7315
f 7306 7315 7305
f 7305 7315 7316
f 7305 7316 7304
f 7310 7264 7262
f 7371 7325 7385
f 7385 7325 7348
f 7327 7325 7378
f 7328 7347 7326
f 7375 7388 7374
f 7375 7387 7388
f 7357 7356 7358
f 7383 7338 7382
f 7328 7346 7347
f 7353 7352 7354
f 7353 7354 7355
f 7361 7339 7362
f 7364 7363 7365
f 7366 7368 7369
f 7357 7358 7363
f 7355 7356 7357
f 7367 7368 7366
f 7366 7369 7364
f 7367 7370 7368
f 7364 7365 7366
f 7326 7347 7349
f 7355 7354 7356
f 7374 7388 7389
f 7357 7363 7364
f 7377 7386 7376
f 7334 7343 7344
f 7332 7345 7330
f 7381 7333 7380
f 7381 7335 7333
f 7382 7338 7335
f 7382 7335 7381
f 7340 7338 7384
f 7384 7338 7383
f 7379 7331 7329
f 7332 7344 7345
f 7378 7325 7371
f 7348 7341 7349
f 7330 7346 7328
f 7330 7345 7346
f 7348 7324 7341
f 7349 7350 7348
f 7349 7341 7326
f 7372 7391 7392
f 7373 7389 7390
f 7325 7324 7348
f 7348 7350 7351
f 7351 7350 7352
f 7359 7337 7339
f 7342 7337 7359
f 7360 7339 7361
f 7359 7339 7360
f 7373 7391 7372
f 7390 7391 7373
f 7337 7342 7336
f 7336 7342 7343
f 7351 7352 7353
f 7393 7394 7372
f 7372 7392 7393
f 7374 7389 7373
f 7334 7344 7332
f 7380 7331 7379
f 7336 7343 7334
f 7377 7385 7386
f 7379 7329 7378
f 7380 7333 7331
f 7378 7329 7327
f 7371 7385 7377
f 7376 7386 7387
f 7376 7387 7375
f 7395 7396 7397
f 7397 7396 7398
f 7399 7396 7400
f 7400 7396 7395
f 7401 7402 7403
f 7403 7402 7404
f 7412 7413 7411
f 7411 7413 7414
f 7411 7408 7412
f 7407 7406 7408
f 7405 7406 7407
f 7407 7408 7409
f 7410 7408 7411
f 7409 7408 7410
f 7416 7417 7418
f 7416 7415 7417
f 7422 7423 7424
f 7422 7421 7423
f 7427 7420 7426
f 7424 7425 7426
f 7426 7425 7427
f 7426 7420 7419
f 7424 7423 7425
f 7428 7429 7430
f 7432 7429 7433
f 7430 7429 7431
f 7433 7429 7428
f 7436 7435 7437
f 7434 7435 7436
f 7438 7439 7440
f 7443 7441 7444
f 7442 7441 7443
f 7444 7446 7447
f 7444 7441 7445
f 7440 7441 7442
f 7445 7446 7444
f 7440 7439 7441
f 7449 7448 7450
f 7449 7450 7451
f 7457 7456 7458
f 7457 7458 7459
f 7455 7456 7457
f 7459 7458 7460
f 7455 7454 7456
f 7459 7453 7452
f 7460 7453 7459
f 7461 7462 7463
f 7465 7462 7466
f 7466 7462 7461
f 7463 7462 7464
f 7469 7468 7470
f 7467 7468 7469
f 7476 7474 7477
f 7477 7474 7478
f 7478 7479 7477
f 7477 7479 7480
f 7471 7472 7473
f 7473 7472 7474
f 7473 7474 7475
f 7475 7474 7476
f 7482 7481 7483
f 7482 7483 7484
f 7490 7489 7491
f 7492 7486 7485
f 7490 7491 7492
f 7492 7491 7493
f 7493 7486 7492
f 7488 7487 7489
f 7488 7489 7490
f 7498 7495 7499
f 7494 7495 7496
f 7499 7495 7494
f 7496 7495 7497
f 7502 7501 7503
f 7500 7501 7502
f 7508 7507 7509
f 7506 7505 7507
f 7504 7505 7506
f 7509 7507 7510
f 7511 7512 7510
f 7506 7507 7508
f 7510 7512 7513
f 7510 7507 7511
f 7515 7514 7516
f 7515 7516 7517
f 7523 7522 7524
f 7523 7524 7525
f 7526 7518 7525
f 7525 7518 7519
f 7521 7520 7522
f 7521 7522 7523
f 7525 7524 7526
f 7529 7530 7531
f 7531 7530 7532
f 7532 7530 7533
f 7533 7530 7534
f 7534 7535 7533
f 7533 7535 7536
f 7527 7528 7529
f 7529 7528 7530
f 7538 7539 7540
f 7538 7537 7539
f 7544 7545 7546
f 7544 7543 7545
f 7546 7545 7547
f 7546 7547 7548
f 7548 7547 7549
f 7549 7541 7548
f 7548 7541 7542
f 7557 7553 7554
f 7556 7552 7557
f 7557 7552 7553
f 7555 7550 7556
f 7551 7550 7555
f 7556 7550 7552
f 7600 7562 7563
f 7559 7590 7604
f 7559 7594 7605
f 7569 7570 7560
f 7606 7597 7559
f 7599 7559 7558
f 7560 7571 7572
f 7563 7577 7601
f 7560 7570 7571
f 7559 7598 7606
f 7605 7593 7559
f 7563 7581 7602
f 7563 7585 7603
f 7573 7561 7560
f 7569 7560 7574
f 7565 7566 7564
f 7572 7573 7560
f 7564 7567 7568
f 7564 7566 7567
f 7559 7564 7560
f 7578 7577 7563
f 7587 7563 7559
f 7595 7559 7596
f 7586 7585 7563
f 7586 7563 7587
f 7603 7584 7563
f 7604 7589 7559
f 7601 7600 7563
f 7595 7594 7559
f 7602 7580 7563
f 7599 7598 7559
f 7596 7559 7597
f 7587 7559 7588
f 7582 7563 7583
f 7583 7563 7584
f 7578 7563 7579
f 7579 7563 7580
f 7591 7590 7559
f 7591 7559 7592
f 7563 7564 7559
f 7588 7559 7589
f 7592 7559 7593
f 7582 7581 7563
f 7576 7564 7568
f 7574 7560 7564
f 7574 7564 7575
f 7575 7564 7576
f 7616 7617 7618
f 7618 7617 7619
f 7622 7620 7624
f 7624 7620 7619
f 7631 7611 7625
f 7612 7631 7614
f 7611 7609 7625
f 7613 7614 7615
f 7608 7607 7626
f 7613 7612 7614
f 7623 7626 7621
f 7623 7608 7626
f 7621 7620 7622
f 7621 7622 7623
f 7630 7629 7615
f 7612 7611 7631
f 7625 7609 7610
f 7617 7624 7619
f 7616 7618 7627
f 7615 7629 7613
f 7632 7628 7630
f 7627 7628 7632
f 7628 7629 7630
f 7632 7616 7627
f 7647 7648 7634
f 7656 7652 7653
f 7655 7652 7656
f 7638 7639 7640
f 7642 7643 7644
f 7634 7633 7647
f 7638 7637 7639
f 7644 7643 7645
f 7657 7654 7641
f 7647 7646 7648
f 7653 7635 7636
f 7652 7635 7653
f 7650 7649 7651
f 7650 7651 7645
f 7637 7658 7639
f 7637 7655 7658
f 7650 7645 7643
f 7654 7638 7640
f 7649 7646 7651
f 7648 7646 7649
f 7641 7654 7640
f 7642 7657 7641
f 7658 7655 7656
f 7642 7644 7657
f 7766 7813 7831
f 7766 7809 7830
f 7720 7726 7727
f 7725 7726 7720
f 7720 7723 7724
f 7720 7722 7723
f 7721 7722 7720
f 7720 7731 7732
f 7720 7730 7731
f 7729 7730 7720
f 7815 7764 7816
f 7661 7662 7764
f 7764 7660 7661
f 7764 7659 7660
f 7802 7716 7717
f 7777 7716 7802
f 7745 7714 7744
f 7751 7714 7740
f 7741 7714 7751
f 7720 7727 7728
f 7714 7735 7736
f 7714 7734 7735
f 7733 7734 7714
f 7714 7743 7744
f 7714 7742 7743
f 7741 7742 7714
f 7766 7800 7801
f 7766 7799 7800
f 7795 7799 7766
f 7713 7720 7712
f 7798 7720 7713
f 7797 7720 7798
f 7796 7720 7797
f 7815 7766 7764
f 7814 7766 7815
f 7814 7813 7766
f 7811 7766 7812
f 7810 7766 7811
f 7810 7809 7766
f 7752 7719 7766
f 7668 7669 7679
f 7764 7662 7663
f 7714 7739 7740
f 7714 7738 7739
f 7737 7738 7714
f 7733 7720 7746
f 7714 7720 7733
f 7745 7715 7714
f 7714 7716 7777
f 7690 7720 7714
f 7701 7720 7690
f 7701 7712 7720
f 7702 7712 7701
f 7691 7700 7701
f 7691 7699 7700
f 7793 7699 7691
f 7793 7698 7699
f 7792 7698 7793
f 7792 7697 7698
f 7789 7695 7790
f 7763 7659 7764
f 7690 7691 7701
f 7765 7681 7762
f 7801 7768 7766
f 7748 7720 7728
f 7729 7720 7748
f 7747 7720 7724
f 7725 7720 7747
f 7750 7714 7736
f 7737 7714 7750
f 7749 7720 7732
f 7746 7720 7749
f 7687 7754 7755
f 7688 7754 7687
f 7680 7689 7690
f 7680 7688 7689
f 7762 7763 7764
f 7670 7763 7762
f 7681 7761 7762
f 7789 7694 7695
f 7788 7694 7789
f 7788 7693 7694
f 7787 7693 7788
f 7787 7692 7693
f 7786 7692 7787
f 7765 7692 7786
f 7767 7692 7765
f 7703 7785 7767
f 7703 7784 7785
f 7704 7784 7703
f 7794 7720 7796
f 7719 7720 7794
f 7766 7794 7795
f 7766 7719 7794
f 7706 7781 7782
f 7681 7760 7761
f 7682 7759 7760
f 7683 7759 7682
f 7683 7758 7759
f 7684 7758 7683
f 7684 7757 7758
f 7685 7757 7684
f 7685 7756 7757
f 7686 7756 7685
f 7686 7755 7756
f 7687 7755 7686
f 7774 7674 7675
f 7773 7674 7774
f 7773 7673 7674
f 7772 7673 7773
f 7754 7688 7680
f 7771 7672 7772
f 7771 7671 7672
f 7769 7671 7771
f 7670 7770 7763
f 7670 7769 7770
f 7671 7769 7670
f 7767 7768 7703
f 7767 7766 7768
f 7765 7766 7767
f 7765 7764 7766
f 7762 7764 7765
f 7663 7714 7777
f 7664 7714 7663
f 7665 7714 7664
f 7666 7714 7665
f 7682 7760 7681
f 7668 7714 7667
f 7679 7714 7668
f 7679 7690 7714
f 7680 7690 7679
f 7669 7678 7679
f 7669 7677 7678
f 7776 7677 7669
f 7776 7676 7677
f 7775 7676 7776
f 7775 7675 7676
f 7774 7675 7775
f 7704 7783 7784
f 7705 7783 7704
f 7705 7782 7783
f 7706 7782 7705
f 7772 7672 7673
f 7707 7781 7706
f 7707 7780 7781
f 7708 7780 7707
f 7708 7779 7780
f 7709 7779 7708
f 7709 7778 7779
f 7710 7778 7709
f 7702 7711 7712
f 7702 7710 7711
f 7778 7710 7702
f 7663 7777 7764
f 7791 7697 7792
f 7791 7696 7697
f 7790 7696 7791
f 7790 7695 7696
f 7667 7714 7666
f 7833 7821 7764
f 7764 7826 7834
f 7764 7822 7833
f 7764 7818 7832
f 7831 7812 7766
f 7766 7805 7829
f 7834 7825 7764
f 7829 7828 7766
f 7832 7817 7764
f 7830 7808 7766
f 7820 7764 7821
f 7819 7764 7820
f 7819 7818 7764
f 7828 7803 7766
f 7718 7752 7753
f 7719 7752 7718
f 7827 7764 7804
f 7827 7826 7764
f 7824 7764 7825
f 7823 7764 7824
f 7823 7822 7764
f 7807 7766 7808
f 7806 7766 7807
f 7806 7805 7766
f 7816 7764 7817
f 7856 7855 7892
f 7889 7841 7843
f 7894 7864 7862
f 7865 7864 7894
f 7860 7893 7859
f 7860 7887 7893
f 7893 7857 7859
f 7892 7855 7853
f 7844 7846 7889
f 7882 7883 7884
f 7882 7881 7883
f 7852 7854 7891
f 7891 7849 7851
f 7890 7847 7845
f 7848 7847 7890
f 7844 7889 7843
f 7885 7837 7838
f 7884 7836 7886
f 7886 7836 7835
f 7863 7887 7861
f 7861 7887 7860
f 7840 7839 7888
f 7888 7839 7885
f 7839 7837 7885
f 7871 7870 7872
f 7866 7865 7867
f 7863 7862 7864
f 7861 7862 7863
f 7879 7878 7880
f 7877 7878 7879
f 7874 7875 7876
f 7874 7873 7875
f 7881 7880 7898
f 7898 7880 7878
f 7852 7891 7851
f 7894 7867 7865
f 7892 7858 7856
f 7890 7850 7848
f 7888 7842 7840
f 7866 7867 7868
f 7869 7870 7871
f 7849 7848 7850
f 7849 7850 7851
f 7873 7872 7896
f 7896 7872 7870
f 7897 7874 7876
f 7877 7879 7897
f 7877 7897 7876
f 7898 7883 7881
f 7896 7875 7873
f 7895 7866 7868
f 7884 7886 7882
f 7854 7853 7855
f 7852 7853 7854
f 7846 7845 7847
f 7844 7845 7846
f 7841 7842 7843
f 7841 7840 7842
f 7857 7858 7859
f 7857 7856 7858
f 7869 7895 7868
f 7869 7871 7895
f 7900 7901 7899
f 7899 7901 7902
f 7903 7909 7910
f 7906 7907 7905
f 7904 7909 7903
f 7905 7907 7908
f 7908 7909 7905
f 7905 7909 7904
f 7911 7913 7914
f 7912 7913 7911
f 7916 7917 7918
f 7915 7917 7916
f 8431 7949 8432
f 8431 7948 7949
f 8430 7948 8431
f 8430 7947 7948
f 8429 7947 8430
f 8429 7945 7947
f 8055 8586 8585
f 8154 8028 8093
f 8093 8028 8034
f 8093 8034 8035
f 8154 8026 8027
f 8027 8028 8154
f 8338 8341 8337
f 8055 8587 8586
f 8054 8587 8055
f 8074 8582 8076
f 8124 8418 8419
f 8122 8418 8124
f 8120 8418 8122
f 8120 8417 8418
f 8072 8583 8074
f 8072 8584 8583
f 8070 8584 8072
f 8070 8585 8584
f 8055 8585 8070
f 8054 8543 8587
f 8126 8419 8420
f 8126 8420 8421
f 8421 8422 8126
f 8126 8422 8423
f 8126 8423 8221
f 8432 7949 7950
f 8218 8574 8219
f 8573 8574 8218
f 8152 8345 8346
f 8153 8345 8152
f 8314 8345 8153
f 8301 8343 8299
f 8294 8531 8295
f 8530 8531 8294
f 8294 8529 8530
f 8294 8258 8529
f 8293 8258 8294
f 8319 8176 8175
f 8152 8346 8151
f 8319 8175 8554
f 8571 8179 8182
f 8571 8180 8179
f 8218 8572 8573
f 8218 8182 8572
f 8217 8182 8218
f 8217 8571 8182
f 8220 8571 8217
f 8256 8220 8526
f 8255 8220 8256
f 8528 8257 8256
f 8528 8251 8257
f 8500 8251 8528
f 8229 8251 8500
f 8229 8252 8251
f 8231 8252 8229
f 8336 8570 8297
f 8337 8296 8568
f 8118 8417 8120
f 8267 8290 8289
f 8269 8290 8267
f 8289 8525 8267
f 8289 8531 8525
f 8295 8531 8289
f 8565 8297 8566
f 8565 8298 8297
f 8564 8298 8565
f 8563 8298 8564
f 8563 8300 8298
f 8562 8300 8563
f 8562 8304 8300
f 8561 8304 8562
f 8560 8304 8561
f 8560 8305 8304
f 8554 8180 8571
f 8064 8063 8555
f 8387 7975 8388
f 8387 7974 7975
f 8386 7974 8387
f 8386 7973 7974
f 8385 7973 8386
f 8168 8367 8167
f 8168 8372 8367
f 8169 8372 8168
f 8170 8372 8169
f 8068 8375 8376
f 8082 8373 8374
f 8084 8373 8082
f 8086 8373 8084
f 8086 7977 8373
f 8342 8296 8337
f 8388 7975 7976
f 8342 8293 8296
f 8321 8176 8319
f 8554 8181 8180
f 8554 8175 8181
f 8220 8255 8567
f 8256 8526 8527
f 8567 8255 8258
f 8557 8309 8307
f 8311 8309 8557
f 8311 8059 8313
f 8557 8059 8311
f 8557 8060 8059
f 8556 8060 8557
f 8556 8063 8060
f 8555 8063 8556
f 8438 7952 8115
f 8438 7953 7952
f 8437 7953 8438
f 8437 7954 7953
f 8436 7954 8437
f 8436 7955 7954
f 8435 7955 8436
f 8078 8375 8068
f 8078 8374 8375
f 8080 8374 8078
f 8082 8374 8080
f 8328 8370 8325
f 8330 8370 8328
f 8332 8370 8330
f 8332 8369 8370
f 8388 7976 8389
f 8197 8361 8196
f 8174 8372 8170
f 8174 8371 8372
f 8173 8371 8174
f 8172 8371 8173
f 8171 8371 8172
f 8381 8382 8066
f 8066 8380 8381
f 8066 8379 8380
f 8068 8379 8066
f 8068 8378 8379
f 8221 8426 8427
f 8425 8426 8221
f 8115 8016 8438
f 8017 8016 8115
f 8115 7952 8117
f 8164 8364 8163
f 8164 8363 8364
f 8165 8363 8164
f 8208 8363 8165
f 8334 8369 8332
f 8051 8369 8334
f 8052 8369 8051
f 8052 8368 8369
f 8057 8368 8052
f 7978 7977 8086
f 8371 8370 8372
f 8435 7957 7955
f 8434 7957 8435
f 8215 8214 8193
f 8185 8183 8162
f 8196 8361 8195
f 8083 8577 8576
f 8081 8577 8083
f 8081 8578 8577
f 8216 8362 8209
f 8215 8362 8216
f 8193 8362 8215
f 8193 8361 8362
f 8200 8361 8197
f 8202 8361 8200
f 8204 8361 8202
f 8204 8366 8361
f 8377 8378 8068
f 8068 8376 8377
f 7946 7945 8221
f 8221 8427 7946
f 8083 8576 8085
f 8323 8370 8321
f 8324 8370 8323
f 8325 8370 8324
f 8433 7950 7956
f 8432 7950 8433
f 8115 8114 8113
f 8115 8018 8017
f 8113 8018 8115
f 8113 8019 8018
f 8112 8019 8113
f 8111 8019 8112
f 8372 8369 8367
f 8370 8369 8372
f 8369 8368 8367
f 8057 8056 8166
f 8177 8176 8321
f 8158 8015 8110
f 8079 8578 8081
f 8079 8579 8578
f 8065 8579 8079
f 8064 8555 8581
f 8065 8580 8579
f 8065 8581 8580
f 8064 8581 8065
f 8596 8588 8571
f 8595 8596 8571
f 8434 7956 7957
f 8206 8366 8204
f 8178 8371 8171
f 8177 8371 8178
f 8321 8371 8177
f 8321 8370 8371
f 8592 8571 8597
f 8212 8363 8208
f 8212 8362 8363
f 8211 8362 8212
f 8210 8362 8211
f 8209 8362 8210
f 8166 8368 8057
f 8166 8367 8368
f 8167 8367 8166
f 8365 8364 8366
f 8366 8363 8361
f 8111 8020 8019
f 8110 8020 8111
f 8022 8020 8110
f 8110 8021 8022
f 8110 8015 8021
f 8253 8252 8231
f 8195 8361 8193
f 8359 8358 8360
f 8360 8357 8355
f 8358 8357 8360
f 8357 8356 8355
f 8187 8366 8206
f 8186 8366 8187
f 8186 8365 8366
f 8185 8365 8186
f 8162 8365 8185
f 8433 7956 8434
f 8599 8567 8591
f 8598 8567 8599
f 8597 8567 8598
f 8597 8571 8567
f 8242 8355 8240
f 8223 8359 8224
f 8158 8359 8223
f 8158 8358 8359
f 8159 8358 8158
f 8160 8358 8159
f 8160 8357 8358
f 8161 8357 8160
f 8254 8356 8247
f 8253 8356 8254
f 8231 8356 8253
f 8364 8363 8366
f 8363 8362 8361
f 8246 8357 8161
f 8250 8357 8246
f 8250 8356 8357
f 8240 8355 8238
f 8231 8355 8356
f 8233 8355 8231
f 8353 8352 8354
f 8354 8351 8349
f 8352 8351 8354
f 8351 8350 8349
f 8291 8290 8269
f 8288 8350 8351
f 8287 8350 8288
f 8286 8350 8287
f 8162 8364 8365
f 8163 8364 8162
f 8261 8259 8154
f 8272 8349 8271
f 8273 8349 8272
f 8224 8359 8360
f 8262 8354 8263
f 8262 8353 8354
f 8261 8353 8262
f 8154 8353 8261
f 8249 8356 8250
f 8248 8356 8249
f 8247 8356 8248
f 8339 8336 8299
f 8067 8066 8150
f 8302 8343 8301
f 8276 8349 8273
f 8223 8221 8158
f 8234 8355 8233
f 8235 8355 8234
f 8238 8355 8235
f 8263 8354 8282
f 8154 8352 8353
f 8155 8352 8154
f 8156 8352 8155
f 8156 8351 8352
f 8157 8351 8156
f 8284 8351 8157
f 8288 8351 8284
f 8485 8121 8123
f 8484 8121 8485
f 8484 8119 8121
f 8285 8350 8286
f 8242 8360 8355
f 8244 8360 8242
f 8225 8360 8244
f 8224 8360 8225
f 8269 8349 8350
f 8271 8349 8269
f 8347 8346 8348
f 8348 8345 8343
f 8346 8345 8348
f 8345 8344 8343
f 8243 8228 8245
f 8491 8228 8243
f 8491 8226 8228
f 8490 8226 8491
f 8306 8343 8303
f 8303 8343 8302
f 8278 8349 8276
f 8280 8349 8278
f 8280 8354 8349
f 8282 8354 8280
f 8488 8125 8222
f 8487 8125 8488
f 8486 8125 8487
f 8486 8123 8125
f 8485 8123 8486
f 8571 8594 8595
f 8571 8593 8594
f 8592 8593 8571
f 8499 8229 8500
f 8499 8230 8229
f 8498 8230 8499
f 8483 8119 8484
f 8292 8350 8285
f 8291 8350 8292
f 8151 8346 8150
f 8269 8350 8291
f 8494 8236 8495
f 8494 8237 8236
f 8493 8237 8494
f 8492 8237 8493
f 8492 8239 8237
f 8491 8239 8492
f 8491 8241 8239
f 8243 8241 8491
f 8567 8590 8591
f 8567 8589 8590
f 8575 8589 8567
f 8308 8343 8306
f 8310 8343 8308
f 8489 8227 8490
f 8222 8227 8489
f 8488 8222 8489
f 8443 8444 8143
f 8143 8442 8443
f 8143 8441 8442
f 8141 8441 8143
f 8141 8440 8441
f 8139 8440 8141
f 8137 8440 8139
f 8137 8439 8440
f 7939 7938 8134
f 8454 7936 7937
f 8453 7936 8454
f 8497 8230 8498
f 8116 8119 8483
f 8496 8232 8497
f 8496 8236 8232
f 8495 8236 8496
f 8450 7932 8451
f 8162 7998 7997
f 8162 8450 7998
f 8183 8450 8162
f 8133 8136 8508
f 8318 8345 8314
f 8318 8344 8345
f 8317 8344 8318
f 8490 8227 8226
f 8506 8260 8507
f 8506 8108 8260
f 8010 8012 8158
f 8183 8446 8447
f 8183 8445 8446
f 8143 8445 8183
f 8143 8444 8445
f 8502 8104 8503
f 8502 8102 8104
f 8501 8102 8502
f 8099 8102 8501
f 8183 7932 8450
f 8014 8015 8158
f 8158 8013 8014
f 8158 8012 8013
f 8447 8448 8183
f 8459 7941 7940
f 8458 7941 8459
f 8453 7935 7936
f 8452 7935 8453
f 8452 7934 7935
f 8451 7934 8452
f 8451 7932 7934
f 8455 7943 8456
f 8455 7937 7943
f 8454 7937 8455
f 8009 8007 8127
f 8127 8008 8009
f 8135 8439 8137
f 8134 8439 8135
f 8134 7938 8439
f 8162 8000 8001
f 8162 7999 8000
f 7997 7999 8162
f 8505 8108 8506
f 8504 8108 8505
f 8504 8106 8108
f 8503 8106 8504
f 8503 8104 8106
f 8459 7940 8460
f 8414 7968 7967
f 8413 7968 8414
f 8413 7970 7968
f 8412 7970 8413
f 7933 7932 8183
f 8183 8449 7933
f 8183 8448 8449
f 8410 7963 8411
f 8098 8097 8096
f 8098 8031 8030
f 8458 7942 7941
f 8457 7942 8458
f 8457 7944 7942
f 8456 7944 8457
f 8456 7943 7944
f 8093 8033 8094
f 8410 7962 7963
f 8409 7962 8410
f 8409 7961 7962
f 8408 7961 8409
f 8127 8002 8008
f 8162 8002 8127
f 8001 8002 8162
f 8406 7958 8407
f 8098 8029 8416
f 8030 8029 8098
f 8132 8003 8460
f 8004 8003 8132
f 8132 7939 8134
f 8460 7939 8132
f 8460 7940 7939
f 8414 7967 8415
f 8107 8396 8397
f 8105 8396 8107
f 8103 8396 8105
f 8103 8395 8396
f 8412 7969 7970
f 8411 7969 8412
f 8411 7963 7969
f 8408 7960 7961
f 8407 7960 8408
f 8407 7958 7960
f 8096 8031 8098
f 8096 8032 8031
f 8095 8032 8096
f 8094 8032 8095
f 8094 8033 8032
f 8150 8346 8347
f 8521 8274 8270
f 8520 8274 8521
f 8519 8274 8520
f 8497 8232 8230
f 8260 8265 8507
f 8513 8184 8514
f 8513 8142 8184
f 8512 8142 8513
f 8511 8142 8512
f 8511 8140 8142
f 8098 7965 8100
f 8416 7965 8098
f 8416 7966 7965
f 8415 7966 8416
f 8415 7967 7966
f 8101 8395 8103
f 8100 8395 8101
f 8100 7964 8395
f 8154 8024 8023
f 8154 8406 8024
f 8259 8406 8154
f 8259 7958 8406
f 7959 7958 8259
f 8259 8405 7959
f 8259 8404 8405
f 8403 8404 8259
f 8259 8402 8403
f 8088 8046 8045
f 8087 8046 8088
f 8048 8046 8087
f 8087 8047 8048
f 8109 8401 8259
f 8109 8400 8401
f 8399 8400 8109
f 8109 8398 8399
f 8109 8397 8398
f 8107 8397 8109
f 8393 7980 7979
f 8392 7980 8393
f 8392 7981 7980
f 8391 7981 8392
f 8390 7983 8391
f 8510 8140 8511
f 8510 8138 8140
f 8509 8138 8510
f 8509 8136 8138
f 8508 8136 8509
f 8092 8044 8043
f 8090 8044 8092
f 8090 8045 8044
f 8089 8045 8090
f 8088 8045 8089
f 8385 7971 7973
f 8507 8265 8515
f 8533 8201 8534
f 8533 8203 8201
f 8205 8203 8533
f 8316 8344 8317
f 8150 8041 8087
f 8040 8041 8150
f 8150 8039 8040
f 8150 8038 8039
f 8259 8401 8402
f 8312 8348 8310
f 8061 8348 8312
f 8062 8348 8061
f 8062 8347 8348
f 8067 8347 8062
f 8150 8347 8067
f 8384 7971 8385
f 8150 8037 8036
f 8150 8384 8037
f 8087 8041 8047
f 8066 7971 8384
f 8390 7982 7983
f 8389 7982 8390
f 8389 7976 7982
f 7965 7964 8100
f 8092 8091 8090
f 8043 8042 8092
f 8092 7978 8086
f 8394 7978 8092
f 8394 7979 7978
f 8393 7979 8394
f 8132 8005 8004
f 8130 8005 8132
f 8130 8006 8005
f 8129 8006 8130
f 8391 7983 7981
f 8128 8007 8006
f 8315 8344 8316
f 8340 8344 8315
f 8339 8344 8340
f 8299 8344 8339
f 8310 8348 8343
f 8058 8464 8465
f 8058 8463 8464
f 8069 8463 8058
f 8069 8462 8463
f 8071 8462 8069
f 8073 8462 8071
f 8073 8461 8462
f 8075 8461 8073
f 8077 8461 8075
f 8066 8384 8150
f 7926 7925 8077
f 7972 7971 8066
f 8066 8383 7972
f 8066 8382 8383
f 8036 8038 8150
f 8092 8042 8394
f 8473 7921 8474
f 8473 7919 7921
f 8472 7919 8473
f 8166 7985 7984
f 8166 8472 7985
f 8056 8472 8166
f 8056 7919 8472
f 7920 7919 8056
f 8056 8471 7920
f 8128 8006 8129
f 8469 8470 8056
f 8127 8007 8128
f 8056 8467 8468
f 8058 8467 8056
f 8058 8466 8467
f 8465 8466 8058
f 8481 7927 8482
f 8481 7928 7927
f 8480 7928 8481
f 8480 7929 7928
f 8479 7929 8480
f 8479 7931 7929
f 8478 7931 8479
f 8478 7930 7931
f 8477 7930 8478
f 8077 7925 8461
f 8476 7924 8477
f 8132 8131 8130
f 8475 7923 8476
f 8475 7922 7923
f 8474 7922 8475
f 8474 7921 7922
f 8145 7993 8146
f 8145 7994 7993
f 8144 7994 8145
f 7996 7994 8144
f 8144 7995 7996
f 8144 7989 7995
f 8166 7989 8144
f 7988 7989 8166
f 8166 7987 7988
f 8056 8470 8471
f 7984 7986 8166
f 8056 8468 8469
f 7991 7990 8149
f 8149 7926 8077
f 8482 7926 8149
f 8482 7927 7926
f 8548 8326 8549
f 8548 8327 8326
f 8547 8327 8548
f 8546 8327 8547
f 8546 8329 8327
f 8545 8329 8546
f 8545 8331 8329
f 8333 8331 8545
f 8166 7986 7987
f 8149 7990 8482
f 8477 7924 7930
f 8476 7923 7924
f 8149 7992 7991
f 8147 7992 8149
f 8147 7993 7992
f 8146 7993 8147
f 8557 8307 8558
f 8541 8191 8542
f 8541 8192 8191
f 8540 8192 8541
f 8539 8192 8540
f 8539 8194 8192
f 8538 8194 8539
f 8149 8148 8147
f 8553 8319 8554
f 8553 8320 8319
f 8552 8320 8553
f 8337 8570 8336
f 8569 8570 8337
f 8337 8568 8569
f 8551 8320 8552
f 8549 8326 8550
f 8550 8326 8322
f 8205 8190 8207
f 8533 8190 8205
f 8533 8188 8190
f 8532 8188 8533
f 8532 8189 8188
f 8514 8189 8532
f 8333 8049 8335
f 8545 8049 8333
f 8545 8050 8049
f 8559 8305 8560
f 8342 8258 8293
f 8567 8258 8342
f 8544 8050 8545
f 8558 8305 8559
f 8558 8307 8305
f 8054 8053 8543
f 8519 8275 8274
f 8518 8275 8519
f 8517 8275 8518
f 8517 8277 8275
f 8516 8277 8517
f 8516 8279 8277
f 8538 8198 8194
f 8537 8198 8538
f 8536 8198 8537
f 8536 8199 8198
f 8535 8199 8536
f 8534 8199 8535
f 8534 8201 8199
f 8551 8322 8320
f 8550 8322 8551
f 8074 8583 8582
f 8281 8279 8516
f 8281 8266 8283
f 8516 8266 8281
f 8516 8264 8266
f 8515 8264 8516
f 8515 8265 8264
f 8184 8189 8514
f 8524 8267 8525
f 8524 8268 8267
f 8523 8268 8524
f 8522 8268 8523
f 8522 8270 8268
f 8521 8270 8522
f 8544 8053 8050
f 8543 8053 8544
f 8428 7945 8429
f 8158 8011 8010
f 8158 8428 8011
f 8221 8428 8158
f 8221 7945 8428
f 8035 8033 8093
f 8567 8571 8220
f 8570 8566 8297
f 8336 8297 8299
f 8299 8343 8344
f 8527 8528 8256
f 8191 8214 8213
f 8193 8214 8191
f 8213 8542 8191
f 8213 8574 8542
f 8219 8574 8213
f 7952 7951 8117
f 8117 7951 8417
f 8154 8025 8026
f 8221 8423 8424
f 8117 8417 8118
f 8124 8419 8126
f 8337 8341 8342
f 8221 8424 8425
f 8023 8025 8154
f 8637 8601 8626
f 8632 8605 8635
f 8606 8605 8602
f 8623 8601 8636
f 8636 8601 8622
f 8634 8605 8614
f 8615 8605 8634
f 8635 8605 8618
f 8601 8620 8621
f 8601 8621 8622
f 8601 8605 8619
f 8631 8600 8601
f 8619 8605 8632
f 8605 8616 8617
f 8611 8605 8633
f 8633 8605 8610
f 8601 8629 8630
f 8601 8628 8629
f 8627 8628 8601
f 8605 8608 8609
f 8601 8624 8625
f 8601 8625 8626
f 8619 8620 8601
f 8623 8624 8601
f 8605 8609 8610
f 8604 8608 8605
f 8638 8648 8606
f 8611 8612 8605
f 8605 8613 8614
f 8605 8612 8613
f 8615 8616 8605
f 8605 8617 8618
f 8602 8644 8645
f 8602 8643 8644
f 8603 8643 8602
f 8647 8646 8606
f 8639 8638 8606
f 8602 8645 8642
f 8646 8607 8606
f 8606 8648 8647
f 8627 8601 8637
f 8631 8601 8630
f 8602 8605 8601
f 8641 8602 8642
f 8640 8606 8602
f 8640 8602 8641
f 8639 8606 8640
f 8707 8671 8673
f 8658 8660 8703
f 8658 8703 8657
f 8662 8661 8704
f 8704 8661 8659
f 8666 8668 8705
f 8705 8663 8665
f 8688 8687 8689
f 8666 8705 8665
f 8710 8686 8684
f 8674 8701 8707
f 8654 8653 8702
f 8691 8692 8693
f 8674 8707 8673
f 8683 8685 8709
f 8708 8678 8676
f 8679 8678 8708
f 8680 8679 8681
f 8685 8684 8686
f 8683 8684 8685
f 8680 8681 8682
f 8693 8692 8694
f 8688 8689 8690
f 8702 8653 8699
f 8703 8655 8657
f 8671 8670 8672
f 8675 8701 8674
f 8700 8649 8650
f 8698 8649 8700
f 8699 8652 8651
f 8653 8652 8699
f 8696 8697 8698
f 8696 8695 8697
f 8655 8654 8656
f 8655 8656 8657
f 8658 8659 8660
f 8663 8662 8664
f 8660 8659 8661
f 8671 8672 8673
f 8691 8693 8711
f 8691 8711 8690
f 8663 8664 8665
f 8666 8667 8668
f 8668 8667 8669
f 8677 8676 8678
f 8675 8676 8677
f 8712 8697 8695
f 8670 8669 8706
f 8706 8669 8667
f 8695 8694 8712
f 8698 8700 8696
f 8708 8681 8679
f 8706 8672 8670
f 8704 8664 8662
f 8712 8694 8692
f 8702 8656 8654
f 8710 8689 8687
f 8711 8688 8690
f 8677 8701 8675
f 8687 8686 8710
f 8683 8709 8682
f 8709 8680 8682
f 8729 8713 8732
f 8722 8723 8724
f 8728 8726 8730
f 8723 8730 8725
f 8731 8716 8715
f 8717 8716 8731
f 8719 8720 8721
f 8721 8735 8719
f 8722 8724 8733
f 8733 8734 8738
f 8738 8722 8733
f 8718 8717 8737
f 8736 8735 8721
f 8713 8714 8732
f 8734 8735 8736
f 8738 8734 8736
f 8737 8717 8731
f 8730 8726 8725
f 8718 8737 8720
f 8729 8732 8727
f 8727 8726 8728
f 8727 8728 8729
f 8719 8718 8720
f 8724 8723 8725
f 8756 8757 8751
f 8758 8742 8759
f 8759 8742 8741
f 8763 8760 8747
f 8748 8750 8763
f 8764 8761 8762
f 8756 8755 8757
f 8755 8752 8757
f 8754 8752 8755
f 8756 8751 8749
f 8748 8763 8747
f 8743 8764 8745
f 8743 8761 8764
f 8760 8744 8746
f 8739 8740 8753
f 8744 8743 8745
f 8762 8758 8759
f 8761 8758 8762
f 8744 8745 8746
f 8748 8749 8750
f 8753 8754 8739
f 8747 8760 8746
f 8750 8749 8751
f 8753 8752 8754
f 8775 8767 8776
f 8776 8767 8766
f 8776 8766 8777
f 8778 8766 8779
f 8779 8766 8765
f 8774 8768 8775
f 8775 8768 8767
f 8777 8766 8778
f 8781 8771 8770
f 8781 8770 8769
f 8782 8772 8771
f 8768 8773 8769
f 8769 8773 8780
f 8769 8780 8781
f 8768 8774 8773
f 8782 8771 8781
f 8794 8785 8784
f 8793 8785 8794
f 8793 8786 8785
f 8792 8786 8793
f 8797 8784 8783
f 8794 8784 8795
f 8796 8784 8797
f 8795 8784 8796
f 8787 8791 8798
f 8787 8798 8799
f 8799 8788 8787
f 8800 8790 8789
f 8786 8791 8787
f 8786 8792 8791
f 8800 8789 8799
f 8799 8789 8788
f 9154 9307 9308
f 9122 9167 9078
f 9078 9167 9092
f 8864 8865 9082
f 9082 8865 9084
f 9084 8865 8866
f 9084 8866 9085
f 9085 8866 8872
f 9067 8851 9069
f 9069 8851 8852
f 9069 8852 9070
f 9070 8852 8858
f 9087 8876 9088
f 9088 8876 8874
f 9088 8874 9090
f 9296 9297 9298
f 9309 9308 9310
f 9286 9287 9288
f 9288 9287 9289
f 9154 9292 9293
f 9293 9292 9294
f 9293 9294 9295
f 9295 9294 9287
f 9295 9287 9296
f 9296 9287 9297
f 9154 9300 9301
f 9301 9300 9302
f 9193 9275 9191
f 9191 9275 9208
f 9191 9208 9190
f 9208 9275 9276
f 9304 9305 9306
f 9021 8935 9023
f 9161 8958 9162
f 9162 8958 8957
f 9162 8957 9093
f 9093 8957 8959
f 9128 9147 9093
f 9093 9147 9162
f 9147 9163 9162
f 9026 8946 9027
f 9027 8946 8944
f 9027 8944 9030
f 9030 8944 8943
f 9160 9165 9159
f 9165 9166 9159
f 9159 9166 9156
f 8878 8879 9097
f 9097 8879 9099
f 9156 8947 8948
f 9152 9157 8966
f 8966 9157 8967
f 8967 9157 8970
f 8970 9157 8968
f 8968 9157 9158
f 8968 9158 8969
f 9102 8890 9103
f 9103 8890 8888
f 9103 8888 9105
f 9105 8888 8887
f 9160 8950 8956
f 9160 8956 8955
f 9160 8955 9161
f 9161 8955 8960
f 9161 8960 8958
f 9094 9018 8884
f 9094 8884 9095
f 9095 8884 8883
f 9095 8883 8882
f 9095 8882 9098
f 9098 8882 8881
f 9098 8881 9096
f 9162 9163 9161
f 9163 9164 9161
f 9161 9164 9160
f 9164 9165 9160
f 9094 8953 9154
f 9154 8953 9156
f 9156 8953 8952
f 9156 8952 8951
f 8951 8947 9156
f 9083 8867 9081
f 9081 8867 8863
f 9081 8863 9082
f 9082 8863 8864
f 9154 9079 9018
f 9018 9079 8940
f 9018 8940 8939
f 9156 8948 9159
f 9159 8948 8949
f 9159 8949 8950
f 9159 8950 9160
f 9022 8937 9020
f 9020 8937 8933
f 9020 8933 9021
f 9021 8933 8934
f 9154 9018 9094
f 9005 8926 8925
f 9005 8925 9006
f 9006 8925 8924
f 9006 8924 9009
f 9009 8924 8923
f 9009 8923 9007
f 9007 8923 8919
f 9096 8881 8877
f 9096 8877 9097
f 9097 8877 8878
f 8954 8953 9094
f 9079 8870 9080
f 9080 8870 8869
f 9080 8869 8868
f 9080 8868 9083
f 9083 8868 8867
f 8994 8909 8905
f 8994 8905 8995
f 8995 8905 8906
f 9154 8992 9064
f 9064 8992 8856
f 9064 8856 9065
f 9065 8856 8855
f 9018 8939 9019
f 9019 8939 8938
f 9019 8938 9022
f 9022 8938 8937
f 9066 8853 8849
f 9066 8849 9067
f 9067 8849 8850
f 9154 9064 9005
f 9005 9064 8926
f 9050 8840 9053
f 9053 8840 8839
f 9053 8839 9051
f 9051 8839 8835
f 9051 8835 9052
f 9052 8835 8836
f 8912 8992 9049
f 9007 8919 9008
f 9008 8919 8920
f 9154 9005 9079
f 9079 9005 8870
f 8992 8911 8993
f 8993 8911 8910
f 8993 8910 8996
f 8996 8910 8909
f 8996 8909 8994
f 8979 9034 8898
f 8979 8898 8897
f 8979 8897 8980
f 8980 8897 8896
f 8980 8896 8983
f 8983 8896 8895
f 8983 8895 8981
f 9065 8855 8854
f 9065 8854 9068
f 9068 8854 8853
f 9068 8853 9066
f 8979 9049 9153
f 8979 9153 9151
f 9049 8842 9050
f 9050 8842 8841
f 9050 8841 8840
f 9329 9321 9330
f 9330 9321 9331
f 9356 9357 9358
f 8827 9035 8828
f 8828 9035 9034
f 8828 9034 8966
f 8966 9034 9151
f 9049 8992 9154
f 9049 9154 9153
f 9153 9154 9155
f 8912 8911 8992
f 9038 8825 9036
f 9036 8825 8821
f 9036 8821 9037
f 9037 8821 8822
f 9151 9034 8979
f 9358 9357 9342
f 9358 9342 9359
f 9359 9342 9360
f 9359 9360 9361
f 9361 9360 9362
f 9335 9336 9337
f 9337 9336 9321
f 8981 8895 8891
f 8981 8891 8982
f 8982 8891 8892
f 8842 9049 8979
f 9337 9321 9338
f 9338 9321 9339
f 9338 9339 9340
f 9340 9339 9341
f 9314 9315 9154
f 9154 9315 9316
f 9154 9316 9317
f 9317 9316 9318
f 9343 9281 9344
f 9343 9344 9287
f 9345 9346 9321
f 9321 9346 9347
f 8966 9151 9152
f 8827 8826 9035
f 9035 8826 9038
f 9038 8826 8825
f 9321 9347 9348
f 9348 9347 9349
f 9322 9323 9324
f 9324 9323 9325
f 9324 9325 9154
f 9154 9325 9326
f 9154 9326 9327
f 9327 9326 9328
f 9301 9302 9303
f 9303 9302 9287
f 9303 9287 9304
f 9304 9287 9305
f 9330 9331 9332
f 9332 9331 9333
f 9332 9333 9154
f 9154 9333 9334
f 9147 9148 9145
f 9145 9148 9143
f 9129 9127 9141
f 9141 9127 9137
f 9141 9137 9139
f 9139 9137 9138
f 9148 9130 9132
f 9287 9310 9374
f 9374 9310 9308
f 9287 9318 9376
f 9376 9318 9316
f 9321 9328 9379
f 9154 9334 9335
f 9335 9334 9336
f 9309 9310 9311
f 9311 9310 9287
f 9311 9287 9312
f 9312 9287 9313
f 9312 9313 9314
f 9314 9313 9315
f 9288 9289 9290
f 9290 9289 9291
f 9139 8819 9140
f 9139 9140 9141
f 9141 9140 9131
f 9141 9131 9129
f 8820 9142 8819
f 8819 9142 9135
f 9290 9291 9154
f 9154 9291 9292
f 9317 9318 9319
f 9319 9318 9287
f 9143 9136 9144
f 9143 9144 9145
f 9145 9144 9146
f 9145 9146 9147
f 9128 9130 9147
f 9147 9130 9148
f 8965 8963 9126
f 9126 8963 9127
f 9126 9127 9128
f 9128 9127 9129
f 9128 9129 9130
f 9130 9129 9131
f 9379 9328 9326
f 9321 9336 9381
f 9134 9143 9132
f 9132 9143 9148
f 9134 9135 9136
f 9127 8963 9137
f 9137 8963 8962
f 9137 8962 9138
f 9138 8962 8819
f 9138 8819 9139
f 9319 9287 9320
f 9320 9287 9321
f 9320 9321 9322
f 9322 9321 9323
f 9298 9297 9299
f 9298 9299 9154
f 8819 9135 9140
f 9140 9135 9133
f 9140 9133 9131
f 9134 9136 9143
f 9154 9299 9300
f 9154 9283 9284
f 9284 9283 9285
f 9284 9285 9286
f 9114 8817 9115
f 9115 8817 8818
f 9115 8818 9116
f 9116 8818 8961
f 9116 8961 9117
f 9117 8961 8815
f 9117 8815 9118
f 9118 8815 9119
f 9130 9131 9132
f 9132 9131 9133
f 9132 9133 9134
f 9134 9133 9135
f 9346 9366 9367
f 9346 9367 9347
f 9287 9285 9368
f 9368 9285 9283
f 9287 9294 9370
f 9370 9294 9292
f 9287 9302 9372
f 9372 9302 9300
f 9381 9336 9334
f 9321 9364 9339
f 9321 9356 9384
f 9384 9356 9358
f 9278 9277 9279
f 9278 9279 9280
f 9281 9282 9154
f 9154 9282 9283
f 9391 9389 9392
f 9392 9389 9390
f 9392 9390 9393
f 9393 9390 9394
f 9394 9390 9388
f 9152 9271 9157
f 9394 9388 9398
f 9398 9388 9387
f 9391 9395 9345
f 9345 9395 9342
f 9342 9395 9155
f 9155 9395 9153
f 9119 8815 8816
f 9115 9120 9114
f 9114 9120 9121
f 9386 9353 9321
f 9152 9397 9271
f 9271 9272 9157
f 9157 9272 9273
f 9157 9273 9274
f 8943 9078 9092
f 9099 8879 8880
f 9099 8880 9100
f 9100 8880 8886
f 9100 8886 9101
f 9101 8886 8885
f 9101 8885 9102
f 9102 8885 8890
f 9085 8872 9086
f 9086 8872 8871
f 9086 8871 9087
f 9087 8871 8876
f 9105 8887 9104
f 9104 8887 8889
f 9104 8889 9091
f 8934 8935 9021
f 9151 9397 9152
f 9157 9274 9158
f 9158 9274 9275
f 9158 9275 9193
f 9404 9403 9267
f 9276 9275 9277
f 9276 9277 9278
f 9013 8932 9014
f 9014 8932 8930
f 9014 8930 9017
f 9154 9308 9309
f 9017 8929 9015
f 9321 9348 9386
f 9386 9348 9350
f 9345 9321 9391
f 9391 9321 9389
f 9408 9407 9267
f 9408 9267 9409
f 9409 9267 9410
f 9400 9399 9267
f 9400 9267 9401
f 9401 9267 9402
f 9416 9415 9212
f 9416 9212 9417
f 9421 9212 9422
f 9412 9411 9267
f 9412 9267 9413
f 9413 9267 9414
f 9017 8930 8929
f 9153 9395 9396
f 9153 9396 9151
f 9151 9396 9397
f 9428 9427 9212
f 9428 9212 9429
f 9429 9212 9430
f 9420 9419 9212
f 9434 9435 9267
f 9286 9285 9287
f 9090 8874 8873
f 9306 9305 9307
f 9306 9307 9154
f 9432 9431 9212
f 9432 9212 9433
f 9433 9212 9210
f 9212 9415 9267
f 9267 9415 9436
f 9267 9436 9414
f 9437 9434 9267
f 9438 9402 9267
f 9439 9406 9267
f 9417 9212 9418
f 9404 9267 9405
f 9405 9267 9406
f 9420 9212 9421
f 9070 8858 9071
f 9071 8858 8857
f 9071 8857 9072
f 9072 8857 8862
f 9072 8862 9073
f 9089 8873 8875
f 9089 8875 9076
f 8920 8921 9008
f 9008 8921 9010
f 9010 8921 8922
f 9090 8873 9089
f 9023 8935 8936
f 9023 8936 9024
f 9024 8936 8942
f 9024 8942 9025
f 9025 8942 8941
f 9025 8941 9026
f 9026 8941 8946
f 9011 8928 9012
f 9012 8928 8927
f 9012 8927 9013
f 9013 8927 8932
f 9030 8943 9028
f 9028 8943 9092
f 9028 9092 9029
f 8945 9078 8943
f 9048 9169 9062
f 8836 8837 9052
f 9440 9410 9267
f 9052 8837 9054
f 9010 8922 9011
f 9011 8922 8928
f 8995 8907 8997
f 8997 8907 8908
f 8997 8908 8998
f 8998 8908 8914
f 9424 9423 9212
f 9424 9212 9425
f 9425 9212 9426
f 8998 8914 8999
f 8999 8914 8913
f 8999 8913 9000
f 8906 8907 8995
f 9060 8845 9059
f 9059 8845 8847
f 9059 8847 9046
f 8892 8893 8982
f 9000 8913 8918
f 9000 8918 9001
f 9015 8929 9077
f 9015 9077 9016
f 8931 9063 8929
f 8929 9063 9077
f 9106 9168 9063
f 9063 9168 9077
f 8850 8851 9067
f 8915 9048 9062
f 9110 9169 9048
f 9004 8915 9002
f 9002 8915 9062
f 9002 9062 9003
f 8917 9048 8915
f 8991 8901 8989
f 8989 8901 9047
f 9054 8837 8838
f 9054 8838 9055
f 9055 8838 8844
f 9055 8844 9056
f 9073 8862 8860
f 9073 8860 9075
f 9075 8860 8859
f 9075 8859 9074
f 9074 8859 8861
f 9074 8861 9061
f 9121 9120 9033
f 9033 9120 9047
f 8822 8823 9037
f 9037 8823 9039
f 9056 8844 8843
f 9056 8843 9057
f 9057 8843 8848
f 9057 8848 9058
f 8982 8893 8984
f 8984 8893 8894
f 8984 8894 8985
f 8985 8894 8900
f 8985 8900 8986
f 9001 8918 8916
f 9001 8916 9004
f 9004 8916 8915
f 9042 8834 9043
f 9043 8834 8832
f 9043 8832 9045
f 9045 8832 8831
f 9045 8831 9044
f 9044 8831 8833
f 9044 8833 9031
f 8814 9124 8810
f 8810 9124 9170
f 8986 8900 8899
f 8986 8899 8987
f 8987 8899 8904
f 8987 8904 8988
f 8989 9047 8990
f 8903 9033 8901
f 8901 9033 9047
f 8988 8904 8902
f 8988 8902 8991
f 8991 8902 8901
f 9123 9173 9167
f 9123 9167 9122
f 8805 9108 8801
f 8801 9108 9174
f 8801 9174 9175
f 8801 9175 8802
f 8802 9175 9176
f 8802 9176 8803
f 8803 9176 9177
f 9039 8823 8824
f 9058 8848 8846
f 9058 8846 9060
f 9060 8846 8845
f 9039 8824 9040
f 9040 8824 8830
f 9040 8830 9041
f 9041 8830 8829
f 9041 8829 9042
f 9042 8829 8834
f 8806 9179 8807
f 8807 9179 9180
f 8807 9180 8808
f 8808 9180 9181
f 8808 9181 8809
f 8809 9181 9111
f 9111 9181 9169
f 9111 9169 9110
f 8977 8976 9032
f 8810 9170 9171
f 8810 9171 8811
f 8811 9171 9172
f 8811 9172 8812
f 8812 9172 9173
f 8812 9173 8813
f 8813 9173 9123
f 9188 9186 9189
f 9188 9189 9190
f 9190 9189 9191
f 9191 9189 9192
f 9191 9192 9193
f 9193 9192 9194
f 9193 9194 9158
f 9158 9194 9195
f 9158 9195 8971
f 8803 9177 8804
f 8804 9177 9107
f 9107 9177 9168
f 9107 9168 9106
f 8964 9112 8806
f 8806 9112 9178
f 8806 9178 9179
f 8975 9198 8978
f 8978 9198 9182
f 8978 9182 8976
f 8971 8969 9158
f 9185 9199 9183
f 9189 9186 9184
f 9184 9182 9200
f 9200 9182 9198
f 9200 9198 9201
f 9032 8976 9182
f 9032 9182 9183
f 9183 9182 9184
f 9183 9184 9185
f 9185 9184 9186
f 9185 9186 9187
f 9187 9186 9188
f 9201 9198 9197
f 9201 9197 9195
f 9195 9197 9196
f 9192 9189 9200
f 9200 9189 9184
f 9192 9200 9201
f 9194 9192 9201
f 9194 9201 9195
f 8971 9195 9196
f 8971 9196 8972
f 8972 9196 9197
f 8972 9197 8973
f 8973 9197 8974
f 8974 9197 9198
f 8974 9198 8975
f 9385 9357 9355
f 9358 9359 9384
f 9384 9359 9361
f 9384 9361 9321
f 9352 9342 9385
f 9385 9342 9357
f 9206 9185 9187
f 9354 9352 9385
f 9354 9385 9355
f 9350 9351 9386
f 9386 9351 9353
f 9364 9341 9339
f 9360 9342 9383
f 9383 9342 9365
f 9383 9365 9363
f 9362 9360 9383
f 9362 9383 9363
f 9206 9187 9207
f 9207 9187 9188
f 9207 9188 9208
f 9208 9188 9190
f 9203 9202 9209
f 9209 9202 9210
f 9209 9210 9211
f 9211 9210 9212
f 9202 9203 9204
f 9204 9203 9199
f 9204 9199 9205
f 9205 9199 9185
f 9205 9185 9206
f 9382 9335 9337
f 9338 9340 9382
f 9338 9382 9337
f 9326 9325 9379
f 9379 9325 9323
f 9379 9323 9321
f 9332 9154 9380
f 9380 9154 9327
f 9380 9327 9329
f 9330 9332 9380
f 9330 9380 9329
f 9334 9333 9381
f 9381 9333 9331
f 9381 9331 9321
f 9340 9154 9382
f 9382 9154 9335
f 9215 9227 9228
f 9215 9228 9211
f 9211 9228 9229
f 9211 9229 9230
f 9230 9229 9231
f 9230 9231 9232
f 9232 9231 9233
f 9213 9214 9215
f 9215 9214 9216
f 9215 9216 9217
f 9217 9216 9218
f 9217 9218 9219
f 9219 9218 9220
f 9211 9240 9241
f 9211 9241 9242
f 9242 9241 9243
f 9242 9243 9209
f 9443 9426 9212
f 9441 9418 9212
f 9442 9422 9212
f 9209 9243 9203
f 9203 9243 9244
f 9203 9244 9199
f 9219 9220 9221
f 9221 9220 9183
f 9221 9183 9222
f 9222 9183 9223
f 9222 9223 9224
f 9224 9223 9225
f 9224 9225 9226
f 9226 9225 9227
f 9226 9227 9215
f 9250 9183 9220
f 9246 9251 9247
f 9247 9251 9252
f 9247 9252 9249
f 9249 9252 9183
f 9251 9183 9252
f 9199 9253 9183
f 9232 9233 9234
f 9234 9233 9199
f 9234 9199 9235
f 9235 9199 9236
f 9235 9236 9237
f 9237 9236 9238
f 9237 9238 9239
f 9239 9238 9240
f 9239 9240 9211
f 9226 9256 9224
f 9217 9219 9255
f 9255 9219 9257
f 9255 9257 9256
f 9256 9257 9224
f 9228 9227 9258
f 9258 9227 9225
f 9199 9244 9245
f 9199 9245 9236
f 9236 9245 9238
f 9213 9246 9214
f 9214 9246 9247
f 9214 9247 9248
f 9248 9247 9249
f 9248 9249 9250
f 9250 9249 9183
f 9230 9232 9260
f 9260 9232 9262
f 9260 9262 9261
f 9261 9262 9237
f 9241 9240 9263
f 9263 9240 9238
f 9263 9238 9245
f 9183 9253 9254
f 9183 9254 9223
f 9223 9254 9225
f 9209 9211 9242
f 9218 9216 9248
f 9248 9216 9214
f 9217 9255 9215
f 9215 9255 9256
f 9215 9256 9226
f 9264 9259 9253
f 9235 9237 9262
f 9235 9262 9234
f 9234 9262 9232
f 9444 9430 9212
f 9267 9399 9437
f 9267 9403 9438
f 9267 9407 9439
f 9267 9411 9440
f 9244 9243 9263
f 9263 9243 9241
f 9244 9263 9245
f 9258 9225 9254
f 9229 9228 9259
f 9259 9228 9258
f 9259 9258 9253
f 9253 9258 9254
f 9230 9260 9211
f 9211 9260 9261
f 9211 9261 9239
f 9239 9261 9237
f 9113 9267 9268
f 9268 9267 9109
f 9109 9267 9269
f 9109 9269 9108
f 9108 9269 9174
f 9135 9150 9267
f 9267 9150 9270
f 9220 9218 9250
f 9250 9218 9248
f 9222 9224 9257
f 9222 9257 9221
f 9221 9257 9219
f 9229 9259 9231
f 9231 9259 9264
f 9231 9264 9233
f 9233 9264 9199
f 9178 9112 9268
f 9268 9112 9113
f 9199 9264 9253
f 9215 9211 9265
f 9212 9419 9441
f 9212 9423 9442
f 9212 9427 9443
f 9212 9431 9444
f 9265 9211 9212
f 9265 9212 9149
f 9149 9212 9266
f 9149 9266 9119
f 9119 9266 9118
f 9266 9212 9113
f 9113 9212 9267
f 9267 9270 9125
f 9125 9270 9124
f 9124 9270 9170
f 9135 9142 9150
f 9125 9269 9267
f 9376 9313 9287
f 9317 9377 9154
f 9378 9320 9322
f 9298 9154 9371
f 9371 9154 9293
f 9371 9293 9295
f 9296 9298 9371
f 9296 9371 9295
f 9314 9154 9375
f 9375 9154 9309
f 9375 9309 9311
f 9312 9314 9375
f 9312 9375 9311
f 9316 9315 9376
f 9376 9315 9313
f 9304 9306 9373
f 9304 9373 9303
f 9308 9307 9374
f 9374 9307 9305
f 9374 9305 9287
f 9346 9345 9366
f 9366 9345 9342
f 9366 9342 9367
f 9367 9342 9349
f 9154 9377 9378
f 9154 9378 9324
f 9324 9378 9322
f 9317 9319 9377
f 9377 9319 9320
f 9377 9320 9378
f 9288 9369 9286
f 9292 9291 9370
f 9370 9291 9289
f 9370 9289 9287
f 9353 9354 9321
f 9321 9354 9355
f 9321 9355 9356
f 9356 9355 9357
f 9300 9299 9372
f 9372 9299 9297
f 9372 9297 9287
f 9306 9154 9373
f 9373 9154 9301
f 9373 9301 9303
f 9369 9284 9286
f 9288 9290 9369
f 9361 9362 9321
f 9321 9362 9363
f 9321 9363 9364
f 9364 9363 9365
f 9364 9365 9341
f 9341 9365 9342
f 9340 9341 9154
f 9154 9341 9342
f 9154 9342 9155
f 9282 9281 9343
f 9367 9349 9347
f 9283 9282 9368
f 9368 9282 9343
f 9368 9343 9287
f 9290 9154 9369
f 9369 9154 9284
f 9348 9349 9350
f 9350 9349 9342
f 9350 9342 9351
f 9351 9342 9352
f 9351 9352 9353
f 9353 9352 9354
f 9327 9328 9329
f 9329 9328 9321
f 9447 9445 9448
f 9448 9445 9446
f 9450 9451 9454
f 9454 9449 9450
f 9455 9451 9456
f 9453 9449 9454
f 9456 9451 9452
f 9454 9451 9455
f 9474 9464 9463
f 9460 9465 9461
f 9461 9465 9472
f 9466 9460 9467
f 9467 9460 9459
f 9470 9458 9471
f 9471 9458 9457
f 9467 9459 9468
f 9468 9459 9458
f 9468 9458 9469
f 9469 9458 9470
f 9461 9472 9473
f 9460 9466 9465
f 9474 9463 9473
f 9473 9463 9462
f 9473 9462 9461
f 9478 9475 9476
f 9477 9475 9478
f 9482 9479 9480
f 9481 9479 9482
f 9498 9486 9485
f 9483 9499 9500
f 9494 9488 9489
f 9492 9487 9493
f 9493 9487 9488
f 9483 9491 9499
f 9498 9485 9500
f 9487 9491 9483
f 9496 9489 9490
f 9494 9489 9495
f 9493 9488 9494
f 9497 9489 9496
f 9495 9489 9497
f 9487 9492 9491
f 9500 9485 9484
f 9500 9484 9483
f 9507 9503 9508
f 9506 9504 9503
f 9505 9504 9506
f 9508 9503 9509
f 9509 9503 9502
f 9502 9501 9509
f 9509 9501 9510
f 9506 9503 9507
f 9527 9514 9513
f 9527 9513 9528
f 9515 9522 9516
f 9528 9513 9512
f 9518 9523 9524
f 9528 9512 9520
f 9520 9512 9511
f 9514 9521 9515
f 9521 9514 9527
f 9515 9521 9522
f 9516 9522 9523
f 9517 9523 9518
f 9516 9523 9517
f 9518 9524 9519
f 9519 9524 9525
f 9519 9525 9526
f 9546 9529 9539
f 9545 9529 9546
f 9543 9533 9532
f 9541 9535 9534
f 9541 9534 9542
f 9545 9530 9529
f 9538 9536 9540
f 9544 9530 9545
f 9542 9533 9543
f 9542 9534 9533
f 9544 9531 9530
f 9544 9532 9531
f 9543 9532 9544
f 9540 9535 9541
f 9540 9536 9535
f 9537 9536 9538
f 9674 9760 9722
f 9675 9774 9754
f 9675 9773 9774
f 9675 9772 9750
f 9675 9771 9772
f 9749 9771 9675
f 9753 9773 9675
f 9675 9770 9746
f 9675 9769 9770
f 9555 9554 9556
f 9553 9554 9555
f 9553 9552 9554
f 9551 9552 9553
f 9551 9550 9552
f 9549 9550 9551
f 9549 9548 9550
f 9547 9548 9549
f 9568 9567 9569
f 9549 9567 9568
f 9549 9566 9567
f 9565 9566 9549
f 9565 9564 9566
f 9563 9564 9565
f 9563 9554 9564
f 9562 9554 9563
f 9562 9561 9554
f 9560 9561 9562
f 9560 9559 9561
f 9549 9559 9560
f 9549 9558 9559
f 9557 9558 9549
f 9557 9556 9558
f 9555 9556 9557
f 9581 9580 9582
f 9579 9580 9581
f 9579 9554 9580
f 9578 9554 9579
f 9578 9577 9554
f 9576 9577 9578
f 9576 9575 9577
f 9549 9575 9576
f 9549 9574 9575
f 9573 9574 9549
f 9573 9572 9574
f 9571 9572 9573
f 9571 9554 9572
f 9570 9554 9571
f 9570 9569 9554
f 9568 9569 9570
f 9595 9594 9596
f 9593 9594 9595
f 9593 9592 9594
f 9591 9592 9593
f 9591 9590 9592
f 9589 9590 9591
f 9589 9588 9590
f 9587 9588 9589
f 9587 9554 9588
f 9586 9554 9587
f 9586 9585 9554
f 9584 9585 9586
f 9584 9583 9585
f 9549 9583 9584
f 9549 9582 9583
f 9581 9582 9549
f 9608 9607 9609
f 9606 9607 9608
f 9606 9588 9607
f 9605 9588 9606
f 9605 9604 9588
f 9603 9604 9605
f 9603 9602 9604
f 9593 9602 9603
f 9593 9601 9602
f 9600 9601 9593
f 9600 9599 9601
f 9598 9599 9600
f 9598 9588 9599
f 9597 9588 9598
f 9597 9596 9588
f 9595 9596 9597
f 9621 9620 9588
f 9619 9620 9621
f 9619 9618 9620
f 9593 9618 9619
f 9593 9617 9618
f 9616 9617 9593
f 9616 9615 9617
f 9614 9615 9616
f 9614 9588 9615
f 9613 9588 9614
f 9613 9612 9588
f 9611 9612 9613
f 9611 9610 9612
f 9593 9610 9611
f 9593 9609 9610
f 9608 9609 9593
f 9629 9633 9634
f 9630 9633 9629
f 9631 9632 9554
f 9631 9547 9632
f 9548 9547 9631
f 9629 9588 9630
f 9629 9628 9588
f 9627 9628 9629
f 9627 9626 9628
f 9593 9626 9627
f 9593 9625 9626
f 9624 9625 9593
f 9624 9623 9625
f 9622 9623 9624
f 9622 9588 9623
f 9621 9588 9622
f 9555 9638 9553
f 9555 9557 9638
f 9638 9551 9553
f 9638 9549 9551
f 9557 9549 9638
f 9637 9631 9554
f 9637 9548 9631
f 9550 9548 9637
f 9636 9584 9586
f 9636 9549 9584
f 9635 9549 9636
f 9635 9593 9549
f 9591 9593 9635
f 9633 9593 9634
f 9627 9634 9593
f 9629 9634 9627
f 9571 9642 9570
f 9571 9573 9642
f 9642 9568 9570
f 9642 9549 9568
f 9573 9549 9642
f 9641 9564 9554
f 9641 9566 9564
f 9567 9566 9641
f 9563 9640 9562
f 9563 9565 9640
f 9640 9560 9562
f 9640 9549 9560
f 9565 9549 9640
f 9639 9556 9554
f 9639 9558 9556
f 9559 9558 9639
f 9594 9592 9646
f 9587 9589 9635
f 9636 9587 9635
f 9586 9587 9636
f 9589 9591 9635
f 9645 9580 9554
f 9645 9582 9580
f 9583 9582 9645
f 9579 9644 9578
f 9579 9581 9644
f 9644 9576 9578
f 9644 9549 9576
f 9581 9549 9644
f 9643 9572 9554
f 9643 9574 9572
f 9575 9574 9643
f 9610 9609 9650
f 9606 9649 9605
f 9606 9608 9649
f 9649 9603 9605
f 9649 9593 9603
f 9608 9593 9649
f 9648 9599 9588
f 9648 9601 9599
f 9602 9601 9648
f 9598 9647 9597
f 9598 9600 9647
f 9647 9595 9597
f 9647 9593 9595
f 9600 9593 9647
f 9646 9590 9588
f 9646 9592 9590
f 9626 9625 9654
f 9622 9653 9621
f 9622 9624 9653
f 9653 9619 9621
f 9653 9593 9619
f 9624 9593 9653
f 9652 9615 9588
f 9652 9617 9615
f 9618 9617 9652
f 9614 9651 9613
f 9614 9616 9651
f 9651 9611 9613
f 9651 9593 9611
f 9616 9593 9651
f 9650 9607 9588
f 9650 9609 9607
f 9648 9604 9602
f 9588 9604 9648
f 9646 9596 9594
f 9588 9596 9646
f 9645 9585 9583
f 9554 9585 9645
f 9643 9577 9575
f 9554 9577 9643
f 9641 9569 9567
f 9554 9569 9641
f 9639 9561 9559
f 9554 9561 9639
f 9637 9552 9550
f 9554 9552 9637
f 9654 9623 9588
f 9654 9625 9623
f 9658 9588 9554
f 9655 9660 9656
f 9659 9660 9655
f 9554 9657 9658
f 9554 9656 9657
f 9655 9656 9554
f 9654 9628 9626
f 9588 9628 9654
f 9652 9620 9618
f 9588 9620 9652
f 9650 9612 9610
f 9588 9612 9650
f 9671 9670 9672
f 9669 9670 9671
f 9669 9668 9670
f 9667 9668 9669
f 9667 9666 9668
f 9655 9666 9667
f 9655 9665 9666
f 9664 9665 9655
f 9687 9686 9688
f 9685 9686 9687
f 9685 9684 9686
f 9675 9684 9685
f 9675 9683 9684
f 9682 9683 9675
f 9680 9681 9674
f 9680 9679 9681
f 9678 9679 9680
f 9678 9677 9679
f 9676 9677 9678
f 9676 9664 9677
f 9665 9664 9676
f 9673 9674 9675
f 9673 9672 9674
f 9671 9672 9673
f 9697 9659 9698
f 9696 9659 9697
f 9696 9661 9659
f 9695 9661 9696
f 9695 9662 9661
f 9694 9662 9695
f 9694 9663 9662
f 9694 9693 9663
f 9683 9693 9694
f 9683 9692 9693
f 9682 9692 9683
f 9691 9659 9655
f 9691 9690 9659
f 9689 9690 9691
f 9689 9688 9690
f 9687 9688 9689
f 9691 9706 9707
f 9655 9706 9691
f 9655 9705 9706
f 9667 9705 9655
f 9704 9680 9674
f 9704 9678 9680
f 9703 9678 9704
f 9703 9676 9678
f 9702 9676 9703
f 9702 9665 9676
f 9666 9665 9702
f 9701 9686 9684
f 9701 9700 9686
f 9699 9700 9701
f 9699 9698 9700
f 9697 9698 9699
f 9695 9696 9697
f 9700 9711 9688
f 9700 9698 9711
f 9711 9690 9688
f 9711 9659 9690
f 9698 9659 9711
f 9706 9710 9707
f 9705 9710 9706
f 9705 9669 9710
f 9667 9669 9705
f 9685 9709 9675
f 9687 9709 9685
f 9687 9708 9709
f 9689 9708 9687
f 9689 9707 9708
f 9691 9707 9689
f 9712 9703 9715
f 9694 9699 9701
f 9694 9695 9699
f 9686 9700 9688
f 9707 9714 9708
f 9710 9714 9707
f 9710 9671 9714
f 9669 9671 9710
f 9712 9702 9703
f 9672 9713 9674
f 9670 9713 9672
f 9670 9712 9713
f 9668 9712 9670
f 9668 9702 9712
f 9666 9702 9668
f 9695 9697 9699
f 9716 9673 9675
f 9675 9709 9716
f 9715 9713 9712
f 9674 9713 9715
f 9683 9701 9684
f 9683 9694 9701
f 9708 9716 9709
f 9714 9716 9708
f 9714 9673 9716
f 9671 9673 9714
f 9715 9704 9674
f 9715 9703 9704
f 9674 9720 9721
f 9674 9719 9720
f 9718 9719 9674
f 9674 9724 9725
f 9674 9723 9724
f 9722 9723 9674
f 9674 9728 9729
f 9674 9727 9728
f 9726 9727 9674
f 9734 9735 9674
f 9674 9732 9733
f 9674 9731 9732
f 9730 9731 9674
f 9675 9740 9741
f 9675 9739 9740
f 9738 9739 9675
f 9674 9736 9737
f 9674 9735 9736
f 9675 9744 9745
f 9675 9743 9744
f 9742 9743 9675
f 9675 9748 9749
f 9675 9747 9748
f 9746 9747 9675
f 9675 9752 9753
f 9675 9751 9752
f 9750 9751 9675
f 9675 9756 9717
f 9675 9755 9756
f 9754 9755 9675
f 9674 9759 9760
f 9721 9759 9674
f 9758 9674 9737
f 9757 9674 9758
f 9757 9675 9674
f 9738 9675 9757
f 9674 9762 9726
f 9674 9761 9762
f 9725 9761 9674
f 9745 9769 9675
f 9741 9767 9675
f 9675 9768 9742
f 9729 9763 9674
f 9674 9763 9764
f 9674 9764 9730
f 9733 9765 9674
f 9674 9765 9766
f 9674 9766 9734
f 9675 9767 9768
f 10023 9802 10042
f 9947 9842 9949
f 9840 9842 9947
f 9849 9948 9847
f 9904 9804 9905
f 9904 9903 9804
f 9900 9901 9902
f 9952 9854 9954
f 9852 9854 9952
f 9861 9953 9859
f 9876 9878 9958
f 9885 9959 9883
f 10041 10000 10014
f 10015 10000 10041
f 10044 9802 10030
f 9851 9850 9950
f 9948 9949 9847
f 9932 9863 9862
f 9946 9834 9820
f 9946 9836 9834
f 9945 9836 9946
f 9945 9838 9836
f 9839 9838 9945
f 9943 9944 9835
f 9942 9944 9943
f 9942 9830 9944
f 9865 9863 9932
f 9953 9954 9859
f 9952 9954 9953
f 10000 10018 9802
f 10036 9802 10034
f 9950 9848 9951
f 9881 9804 9882
f 9880 9804 9881
f 9880 9879 9804
f 9878 9879 9880
f 9878 9877 9879
f 9876 9877 9878
f 9876 9875 9877
f 9902 9903 9904
f 9902 9901 9903
f 9856 9855 9820
f 9854 9855 9856
f 9854 9853 9855
f 9852 9853 9854
f 9852 9851 9853
f 9849 9848 9850
f 9873 9872 9874
f 9871 9872 9873
f 9871 9870 9872
f 9869 9870 9871
f 9869 9804 9870
f 9868 9804 9869
f 9868 9867 9804
f 9866 9867 9868
f 9866 9865 9867
f 9864 9865 9866
f 9917 9804 9918
f 9916 9804 9917
f 9916 9915 9804
f 9914 9915 9916
f 9842 9841 9843
f 9840 9841 9842
f 9840 9839 9841
f 9837 9836 9838
f 9835 9836 9837
f 9835 9834 9836
f 9861 9860 9862
f 9859 9860 9861
f 9859 9858 9860
f 9857 9858 9859
f 9857 9820 9858
f 9856 9820 9857
f 9845 9820 9846
f 9844 9820 9845
f 9844 9843 9820
f 9842 9843 9844
f 9917 9918 9919
f 9833 9834 9835
f 9833 9820 9834
f 9832 9820 9833
f 9832 9831 9820
f 9830 9831 9832
f 9830 9829 9831
f 9828 9829 9830
f 9828 9827 9829
f 9825 9824 9826
f 9823 9824 9825
f 9823 9822 9824
f 9821 9822 9823
f 9821 9820 9822
f 9847 9848 9849
f 9847 9846 9848
f 9845 9846 9847
f 9912 9913 9914
f 9912 9911 9913
f 9909 9908 9910
f 9907 9908 9909
f 9907 9906 9908
f 9804 9925 9918
f 9805 9925 9804
f 9805 9924 9925
f 9807 9924 9805
f 9807 9923 9924
f 9921 9920 9922
f 9815 9814 9816
f 9820 9930 9931
f 9820 9867 9930
f 9804 9867 9820
f 9928 9929 9820
f 9819 9820 9821
f 9819 9818 9820
f 9817 9818 9819
f 9817 9816 9818
f 9815 9816 9817
f 9914 9913 9915
f 9935 9926 9936
f 9935 9813 9926
f 9814 9813 9935
f 9934 9864 9866
f 9860 9932 9862
f 9828 9830 9942
f 9837 9943 9835
f 9798 9808 9809
f 9807 9808 9798
f 9807 9806 9808
f 9919 9920 9921
f 9919 9918 9920
f 9931 9932 9860
f 9931 9930 9932
f 9801 9792 9791
f 9801 9811 9792
f 9800 9811 9801
f 9800 9810 9811
f 9799 9810 9800
f 9799 9809 9810
f 9798 9809 9799
f 9928 9927 9929
f 9926 9927 9928
f 9926 9812 9927
f 9813 9812 9926
f 9936 9928 9820
f 9936 9926 9928
f 9941 9822 9820
f 9941 9824 9822
f 9940 9824 9941
f 9940 9826 9824
f 9827 9826 9940
f 9938 9939 9823
f 9937 9939 9938
f 9937 9817 9939
f 9815 9817 9937
f 9825 9938 9823
f 9820 9978 9946
f 9820 9977 9941
f 9820 9976 9936
f 9925 9920 9918
f 9804 9983 9972
f 9804 9982 9967
f 9794 9793 9795
f 9788 9793 9794
f 9792 9793 9788
f 9790 9792 9788
f 9791 9792 9790
f 9788 9789 9790
f 9788 9782 9789
f 9787 9782 9788
f 9805 9806 9807
f 9805 9803 9806
f 9804 9803 9805
f 9802 9803 9804
f 9880 9960 9878
f 9881 9960 9880
f 9796 9795 9797
f 9794 9795 9796
f 9804 9981 9962
f 9804 9980 9957
f 9820 9931 9858
f 9820 9979 9951
f 9857 9859 9954
f 9979 9950 9951
f 9913 9971 9983
f 9911 9971 9913
f 9904 9970 9902
f 9905 9970 9904
f 9905 9907 9970
f 9982 9966 9967
f 9903 9982 9804
f 9901 9982 9903
f 9901 9966 9982
f 9889 9961 9981
f 9887 9961 9889
f 9833 9835 9944
f 9977 9940 9941
f 9881 9883 9960
f 9980 9956 9957
f 9879 9980 9804
f 9877 9980 9879
f 9877 9956 9980
f 9925 9924 9920
f 9916 9975 9914
f 9917 9975 9916
f 9917 9919 9975
f 9983 9971 9972
f 9915 9983 9804
f 9913 9983 9915
f 9856 9954 9854
f 9857 9954 9856
f 9785 9783 9786
f 9784 9783 9785
f 9855 9979 9820
f 9853 9979 9855
f 9853 9950 9979
f 9851 9950 9853
f 9844 9949 9842
f 9899 9966 9901
f 9892 9965 9890
f 9893 9965 9892
f 9893 9895 9965
f 9981 9961 9962
f 9891 9981 9804
f 9889 9981 9891
f 9832 9944 9830
f 9833 9944 9832
f 9924 9922 9920
f 9924 9923 9922
f 9974 9975 9919
f 9973 9975 9974
f 9787 9783 9782
f 9786 9783 9787
f 9831 9977 9820
f 9829 9977 9831
f 9829 9940 9977
f 9827 9940 9829
f 9819 9939 9817
f 9875 9956 9877
f 9869 9955 9868
f 9955 9871 9933
f 9869 9871 9955
f 9930 9865 9932
f 9867 9865 9930
f 9931 9860 9858
f 9804 10000 9802
f 9820 10000 9804
f 9994 9778 9995
f 9994 9776 9778
f 9993 9776 9994
f 9993 9984 9776
f 9992 9984 9993
f 9992 9988 9984
f 9992 9985 9988
f 9996 9781 9780
f 9995 9781 9996
f 9995 9778 9777
f 9991 9985 9992
f 9991 9986 9985
f 9990 9986 9991
f 9990 9987 9986
f 9989 9987 9990
f 9784 9779 9783
f 9997 9779 9784
f 9997 9780 9779
f 9900 9899 9901
f 9897 9896 9898
f 9895 9896 9897
f 9957 9870 9804
f 9957 9872 9870
f 9956 9872 9957
f 9956 9874 9872
f 9875 9874 9956
f 9955 9866 9868
f 9955 9934 9866
f 9933 9934 9955
f 9996 9780 9997
f 10031 9802 10044
f 10043 9802 10026
f 10027 9802 10043
f 9959 9960 9883
f 9958 9960 9959
f 9958 9878 9960
f 9964 9965 9895
f 9802 10021 10022
f 9802 10020 10021
f 10019 10020 9802
f 9802 10032 10033
f 10031 10032 9802
f 9802 10029 10030
f 9802 10028 10029
f 10000 10017 10018
f 10000 10016 10017
f 9966 9896 9967
f 9966 9898 9896
f 9899 9898 9966
f 10015 10016 10000
f 10027 10028 9802
f 10035 9803 9802
f 9802 10025 10026
f 9802 10024 10025
f 10023 10024 9802
f 9963 9965 9964
f 9963 9890 9965
f 9888 9890 9963
f 9775 9781 9995
f 9995 9777 9775
f 9900 9902 9968
f 9909 9969 9907
f 9967 9894 9804
f 9967 9896 9894
f 9897 9964 9895
f 9962 9882 9804
f 9962 9884 9882
f 9961 9884 9962
f 9961 9886 9884
f 9887 9886 9961
f 9912 9914 9973
f 9921 9974 9919
f 9845 9949 9844
f 10000 10009 10010
f 10000 10008 10009
f 10007 10008 10000
f 9821 9823 9939
f 9976 9935 9936
f 9818 9976 9820
f 9816 9976 9818
f 9816 9935 9976
f 9814 9935 9816
f 9973 9914 9975
f 9972 9906 9804
f 9972 9908 9906
f 9971 9908 9972
f 9971 9910 9908
f 9911 9910 9971
f 9969 9970 9907
f 9968 9970 9969
f 9968 9902 9970
f 9978 9945 9946
f 9843 9978 9820
f 9841 9978 9843
f 9841 9945 9978
f 9839 9945 9841
f 10000 9999 10001
f 9998 9999 10000
f 10039 10000 10006
f 10007 10000 10039
f 10042 9802 10022
f 10040 10000 10010
f 10011 10000 10040
f 9802 10037 10019
f 9802 10018 10037
f 10011 10012 10000
f 9821 9939 9819
f 10000 10005 10006
f 10000 10004 10005
f 10003 10004 10000
f 10000 10001 10002
f 10000 10013 10014
f 10000 10012 10013
f 9845 9847 9949
f 9950 9850 9848
f 9893 9894 9895
f 9893 9804 9894
f 9892 9804 9893
f 9892 9891 9804
f 9890 9891 9892
f 9890 9889 9891
f 9905 9906 9907
f 9905 9804 9906
f 9864 9863 9865
f 9888 9889 9890
f 9888 9887 9889
f 9885 9884 9886
f 9883 9884 9885
f 9883 9882 9884
f 9895 9894 9896
f 9951 9848 9846
f 9951 9846 9820
f 10003 10000 10038
f 9802 10033 10034
f 9871 9873 9933
f 10035 9802 10036
f 9947 9949 9948
f 9881 9882 9883
f 10038 10000 10002
f 10046 10050 10057
f 10049 10050 10046
f 10049 10055 10054
f 10049 10056 10055
f 10046 10056 10049
f 10046 10052 10056
f 10046 10053 10052
f 10047 10053 10046
f 10058 10050 10051
f 10047 10046 10048
f 10057 10050 10058
f 10048 10046 10045
f 10062 10060 10059
f 10061 10060 10062
f 10071 10066 10072
f 10071 10067 10066
f 10070 10067 10071
f 10072 10066 10065
f 10070 10068 10067
f 10074 10064 10063
f 10072 10065 10073
f 10069 10068 10070
f 10073 10064 10074
f 10073 10065 10064
f 10078 10076 10075
f 10077 10076 10078
f 10090 10080 10079
f 10087 10082 10088
f 10086 10083 10087
f 10087 10083 10082
f 10088 10082 10081
f 10088 10081 10089
f 10085 10084 10086
f 10086 10084 10083
f 10089 10081 10080
f 10089 10080 10090
f 10106 10105 10103
f 10103 10105 10104
f 10098 10091 10099
f 10097 10091 10098
f 10103 10104 10091
f 10099 10100 10101
f 10101 10100 10102
f 10094 10093 10095
f 10099 10091 10100
f 10095 10092 10096
f 10095 10093 10092
f 10091 10104 10100
f 10096 10092 10091
f 10096 10091 10097
f 10147 10108 10109
f 10132 10133 10118
f 10146 10152 10144
f 10144 10145 10146
f 10147 10151 10152
f 10148 10151 10147
f 10141 10143 10139
f 10142 10143 10141
f 10148 10109 10111
f 10119 10117 10120
f 10125 10123 10126
f 10116 10117 10118
f 10110 10113 10114
f 10122 10123 10124
f 10121 10120 10122
f 10124 10123 10125
f 10119 10120 10121
f 10115 10113 10116
f 10130 10131 10119
f 10119 10129 10130
f 10119 10128 10129
f 10121 10128 10119
f 10147 10152 10146
f 10148 10150 10151
f 10146 10145 10107
f 10125 10126 10127
f 10148 10111 10149
f 10118 10137 10116
f 10136 10138 10137
f 10110 10114 10149
f 10149 10112 10110
f 10149 10111 10112
f 10149 10114 10150
f 10139 10138 10140
f 10118 10136 10137
f 10149 10150 10148
f 10139 10140 10141
f 10137 10138 10139
f 10146 10107 10108
f 10146 10108 10147
f 10114 10113 10115
f 10116 10113 10117
f 10118 10133 10134
f 10118 10134 10135
f 10122 10120 10123
f 10147 10109 10148
f 10135 10136 10118
f 10118 10117 10119
f 10182 10184 10180
f 10161 10175 10176
f 10177 10178 10161
f 10178 10179 10159
f 10183 10184 10182
f 10180 10181 10182
f 10161 10178 10159
f 10162 10172 10173
f 10180 10179 10181
f 10161 10176 10177
f 10161 10160 10162
f 10163 10160 10165
f 10157 10158 10159
f 10159 10158 10160
f 10154 10153 10155
f 10159 10160 10161
f 10162 10160 10163
f 10165 10166 10167
f 10167 10166 10168
f 10168 10166 10169
f 10164 10171 10162
f 10162 10171 10172
f 10168 10169 10170
f 10159 10179 10180
f 10174 10175 10161
f 10155 10153 10156
f 10157 10156 10158
f 10155 10156 10157
f 10165 10160 10166
f 10162 10163 10164
f 10187 10185 10188
f 10188 10185 10186
f 10193 10189 10194
f 10196 10192 10191
f 10190 10192 10194
f 10195 10192 10196
f 10194 10192 10195
f 10194 10189 10190
f 10200 10198 10197
f 10200 10197 10199
f 10204 10202 10201
f 10204 10201 10203
f 10205 10206 10222
f 10229 10214 10222
f 10224 10218 10217
f 10224 10217 10227
f 10227 10217 10216
f 10226 10220 10225
f 10233 10211 10210
f 10234 10208 10235
f 10222 10214 10205
f 10225 10220 10219
f 10229 10215 10214
f 10219 10218 10225
f 10225 10218 10223
f 10223 10218 10224
f 10228 10215 10229
f 10228 10216 10215
f 10232 10211 10233
f 10232 10212 10211
f 10235 10208 10236
f 10236 10208 10209
f 10227 10216 10228
f 10233 10210 10234
f 10231 10213 10212
f 10231 10212 10232
f 10230 10206 10213
f 10230 10213 10231
f 10234 10210 10207
f 10207 10208 10234
f 10222 10206 10221
f 10221 10206 10230
f 10239 10237 10238
f 10239 10238 10240
f 10243 10241 10242
f 10243 10242 10244
f 10247 10246 10252
f 10252 10246 10250
f 10251 10248 10252
f 10250 10246 10249
f 10252 10248 10247
f 10249 10246 10245
f 10256 10254 10255
f 10255 10254 10253
f 10284 10265 10266
f 10284 10266 10285
f 10264 10265 10280
f 10262 10282 10283
f 10291 10272 10273
f 10291 10273 10292
f 10292 10273 10274
f 10292 10274 10293
f 10296 10278 10297
f 10263 10280 10281
f 10263 10281 10262
f 10262 10281 10282
f 10264 10280 10263
f 10280 10265 10284
f 10300 10258 10259
f 10300 10259 10301
f 10285 10266 10267
f 10288 10270 10289
f 10286 10267 10268
f 10285 10267 10286
f 10297 10278 10279
f 10290 10272 10291
f 10289 10271 10290
f 10290 10271 10272
f 10289 10270 10271
f 10288 10269 10270
f 10294 10275 10276
f 10283 10261 10262
f 10287 10269 10288
f 10293 10275 10294
f 10293 10274 10275
f 10299 10258 10300
f 10299 10257 10258
f 10298 10257 10299
f 10298 10279 10257
f 10297 10279 10298
f 10301 10259 10260
f 10286 10268 10287
f 10302 10260 10261
f 10301 10260 10302
f 10287 10268 10269
f 10295 10277 10296
f 10296 10277 10278
f 10302 10261 10283
f 10294 10276 10295
f 10295 10276 10277
f 10321 10343 10344
f 10321 10344 10320
f 10325 10340 10324
f 10324 10340 10341
f 10324 10341 10323
f 10323 10341 10342
f 10327 10338 10326
f 10326 10338 10339
f 10326 10339 10325
f 10325 10339 10340
f 10323 10342 10322
f 10322 10342 10343
f 10322 10343 10321
f 10320 10344 10345
f 10337 10350 10351
f 10337 10351 10335
f 10335 10351 10352
f 10335 10352 10336
f 10336 10352 10353
f 10304 10349 10305
f 10305 10349 10350
f 10305 10350 10337
f 10330 10357 10358
f 10330 10358 10316
f 10316 10358 10359
f 10316 10359 10315
f 10315 10359 10360
f 10315 10360 10314
f 10314 10360 10361
f 10320 10345 10307
f 10307 10345 10346
f 10307 10346 10306
f 10306 10346 10347
f 10306 10347 10303
f 10303 10347 10348
f 10304 10348 10349
f 10310 10365 10309
f 10309 10365 10366
f 10309 10366 10308
f 10308 10366 10367
f 10308 10367 10317
f 10317 10367 10368
f 10317 10368 10318
f 10318 10368 10369
f 10336 10353 10334
f 10334 10353 10354
f 10334 10354 10333
f 10333 10354 10355
f 10333 10355 10332
f 10332 10355 10356
f 10331 10357 10330
f 10331 10356 10357
f 10314 10361 10313
f 10313 10361 10362
f 10313 10362 10312
f 10312 10362 10363
f 10329 10370 10371
f 10319 10369 10370
f 10318 10369 10319
f 10319 10370 10329
f 10310 10364 10365
f 10303 10348 10304
f 10311 10363 10364
f 10312 10363 10311
f 10332 10356 10331
f 10328 10371 10372
f 10329 10371 10328
f 10327 10372 10338
f 10328 10372 10327
f 10311 10364 10310
f 10392 10400 10401
f 10392 10401 10393
f 10393 10401 10402
f 10393 10402 10394
f 10394 10402 10403
f 10394 10403 10395
f 10391 10399 10392
f 10392 10399 10400
f 10380 10410 10381
f 10397 10408 10409
f 10384 10419 10420
f 10381 10410 10411
f 10398 10410 10380
f 10398 10409 10410
f 10397 10409 10398
f 10379 10416 10417
f 10379 10417 10382
f 10382 10417 10418
f 10395 10403 10404
f 10382 10418 10383
f 10383 10418 10419
f 10383 10419 10384
f 10395 10404 10396
f 10384 10420 10385
f 10375 10407 10408
f 10375 10408 10397
f 10377 10415 10378
f 10390 10399 10391
f 10373 10405 10406
f 10396 10404 10405
f 10373 10406 10374
f 10374 10407 10375
f 10389 10424 10390
f 10396 10405 10373
f 10412 10399 10390
f 10381 10413 10376
f 10377 10413 10414
f 10376 10413 10377
f 10411 10413 10381
f 10377 10414 10415
f 10390 10424 10412
f 10388 10423 10424
f 10385 10420 10421
f 10386 10422 10387
f 10374 10406 10407
f 10387 10423 10388
f 10378 10415 10416
f 10387 10422 10423
f 10386 10421 10422
f 10385 10421 10386
f 10388 10424 10389
f 10378 10416 10379
f 10426 10465 10428
f 10434 10473 10435
f 10433 10472 10434
f 10435 10473 10474
f 10434 10472 10473
f 10435 10474 10436
f 10436 10474 10475
f 10444 10457 10445
f 10440 10452 10453
f 10440 10453 10441
f 10439 10451 10440
f 10440 10451 10452
f 10444 10456 10457
f 10428 10465 10466
f 10432 10471 10433
f 10432 10470 10471
f 10433 10471 10472
f 10449 10461 10462
f 10425 10476 10464
f 10463 10465 10427
f 10436 10475 10437
f 10437 10475 10476
f 10428 10466 10467
f 10425 10451 10439
f 10428 10467 10429
f 10429 10467 10468
f 10430 10469 10431
f 10431 10469 10470
f 10429 10468 10430
f 10430 10468 10469
f 10441 10453 10454
f 10427 10465 10426
f 10449 10462 10450
f 10450 10462 10427
f 10464 10451 10425
f 10427 10462 10463
f 10437 10476 10438
f 10438 10476 10425
f 10445 10457 10458
f 10443 10456 10444
f 10442 10455 10443
f 10443 10455 10456
f 10442 10454 10455
f 10441 10454 10442
f 10431 10470 10432
f 10445 10458 10446
f 10448 10461 10449
f 10448 10460 10461
f 10447 10460 10448
f 10447 10459 10460
f 10446 10458 10459
f 10446 10459 10447
f 10662 10674 10487
f 10664 10674 10662
f 10664 10673 10674
f 10666 10673 10664
f 10666 10672 10673
f 10649 10672 10666
f 10649 10671 10672
f 10651 10671 10649
f 10670 10658 10646
f 10670 10656 10658
f 10669 10656 10670
f 10669 10648 10656
f 10650 10648 10669
f 10676 10663 10678
f 10665 10663 10676
f 10668 10677 10667
f 10660 10678 10661
f 10660 10667 10678
f 10673 10680 10674
f 10675 10680 10673
f 10675 10655 10680
f 10653 10655 10675
f 10679 10669 10670
f 10654 10679 10646
f 10652 10679 10654
f 10652 10669 10679
f 10650 10669 10652
f 10677 10678 10667
f 10676 10678 10677
f 10665 10676 10495
f 10495 10676 10677
f 10651 10653 10671
f 10510 10511 10512
f 10510 10509 10511
f 10500 10509 10510
f 10500 10508 10509
f 10507 10508 10500
f 10507 10506 10508
f 10505 10506 10507
f 10534 10535 10536
f 10534 10533 10535
f 10500 10533 10534
f 10500 10532 10533
f 10531 10532 10500
f 10502 10503 10504
f 10502 10501 10503
f 10500 10501 10502
f 10500 10499 10501
f 10498 10499 10500
f 10500 10524 10525
f 10523 10524 10500
f 10523 10522 10524
f 10521 10522 10523
f 10518 10519 10520
f 10518 10517 10519
f 10500 10517 10518
f 10500 10516 10517
f 10515 10516 10500
f 10515 10514 10516
f 10513 10514 10515
f 10529 10530 10531
f 10526 10527 10528
f 10526 10525 10527
f 10500 10525 10526
f 10550 10549 10551
f 10500 10549 10550
f 10500 10548 10549
f 10547 10548 10500
f 10547 10546 10548
f 10545 10546 10547
f 10487 10660 10661
f 10486 10660 10487
f 10658 10659 10646
f 10658 10657 10659
f 10656 10657 10658
f 10656 10647 10657
f 10648 10647 10656
f 10655 10646 10487
f 10655 10654 10646
f 10653 10654 10655
f 10653 10652 10654
f 10651 10652 10653
f 10651 10650 10652
f 10649 10650 10651
f 10649 10648 10650
f 10647 10648 10649
f 10572 10498 10573
f 10499 10498 10572
f 10571 10566 10568
f 10542 10543 10544
f 10542 10541 10543
f 10500 10541 10542
f 10500 10540 10541
f 10539 10540 10500
f 10539 10538 10540
f 10537 10538 10539
f 10563 10562 10564
f 10561 10562 10563
f 10662 10663 10664
f 10662 10661 10663
f 10487 10661 10662
f 10581 10500 10518
f 10571 10477 10566
f 10570 10477 10571
f 10537 10539 10584
f 10584 10534 10536
f 10507 10500 10577
f 10576 10499 10572
f 10501 10499 10576
f 10555 10575 10553
f 10477 10575 10555
f 10477 10500 10575
f 10478 10500 10477
f 10530 10574 10532
f 10521 10581 10520
f 10521 10523 10581
f 10581 10518 10520
f 10558 10559 10560
f 10558 10557 10559
f 10477 10557 10558
f 10531 10530 10532
f 10477 10556 10557
f 10555 10556 10477
f 10555 10554 10556
f 10553 10554 10555
f 10550 10551 10552
f 10570 10483 10477
f 10569 10483 10570
f 10566 10567 10568
f 10566 10565 10567
f 10477 10565 10566
f 10477 10564 10565
f 10563 10564 10477
f 10605 10620 10603
f 10643 10616 10644
f 10617 10616 10643
f 10618 10612 10614
f 10620 10637 10603
f 10620 10621 10637
f 10644 10642 10643
f 10641 10645 10478
f 10640 10645 10641
f 10640 10644 10645
f 10639 10644 10640
f 10621 10636 10637
f 10621 10622 10636
f 10643 10619 10617
f 10643 10633 10619
f 10642 10633 10643
f 10642 10632 10633
f 10638 10632 10642
f 10622 10635 10636
f 10635 10623 10625
f 10622 10623 10635
f 10599 10629 10597
f 10487 10593 10488
f 10646 10593 10487
f 10616 10645 10644
f 10478 10645 10616
f 10500 10618 10614
f 10594 10631 10596
f 10637 10601 10603
f 10637 10630 10601
f 10636 10630 10637
f 10636 10628 10630
f 10635 10628 10636
f 10638 10631 10632
f 10604 10641 10478
f 10602 10641 10604
f 10602 10640 10641
f 10600 10640 10602
f 10600 10639 10640
f 10598 10639 10600
f 10598 10638 10639
f 10639 10642 10644
f 10638 10642 10639
f 10631 10592 10606
f 10594 10592 10631
f 10490 10488 10593
f 10630 10599 10601
f 10630 10629 10599
f 10625 10626 10635
f 10623 10624 10625
f 10629 10634 10597
f 10629 10627 10634
f 10635 10626 10628
f 10680 10655 10487
f 10487 10674 10680
f 10646 10679 10670
f 10661 10678 10663
f 10596 10638 10598
f 10596 10631 10638
f 10513 10515 10579
f 10579 10510 10512
f 10579 10500 10510
f 10515 10500 10579
f 10578 10508 10506
f 10509 10508 10578
f 10541 10540 10585
f 10537 10584 10536
f 10634 10595 10597
f 10634 10593 10595
f 10627 10593 10634
f 10633 10610 10619
f 10633 10608 10610
f 10632 10608 10633
f 10632 10606 10608
f 10631 10606 10632
f 10620 10482 10489
f 10583 10500 10526
f 10531 10500 10583
f 10582 10524 10522
f 10525 10524 10582
f 10523 10500 10581
f 10580 10516 10514
f 10517 10516 10580
f 10628 10629 10630
f 10628 10627 10629
f 10626 10627 10628
f 10513 10579 10512
f 10626 10593 10627
f 10625 10593 10626
f 10625 10490 10593
f 10624 10490 10625
f 10624 10492 10490
f 10623 10492 10624
f 10623 10493 10492
f 10622 10493 10623
f 10622 10491 10493
f 10621 10491 10622
f 10621 10489 10491
f 10620 10489 10621
f 10614 10615 10500
f 10614 10613 10615
f 10612 10613 10614
f 10612 10611 10613
f 10610 10611 10612
f 10584 10500 10534
f 10539 10500 10584
f 10574 10533 10532
f 10535 10533 10574
f 10529 10583 10528
f 10529 10531 10583
f 10583 10526 10528
f 10606 10607 10608
f 10586 10500 10542
f 10547 10500 10586
f 10585 10540 10538
f 10605 10482 10620
f 10605 10481 10482
f 10605 10480 10481
f 10479 10480 10605
f 10612 10619 10610
f 10618 10619 10612
f 10618 10617 10619
f 10500 10617 10618
f 10500 10616 10617
f 10478 10616 10500
f 10599 10600 10601
f 10599 10598 10600
f 10597 10598 10599
f 10588 10556 10554
f 10557 10556 10588
f 10552 10575 10550
f 10553 10575 10552
f 10587 10548 10546
f 10549 10548 10587
f 10575 10500 10550
f 10545 10586 10544
f 10545 10547 10586
f 10586 10542 10544
f 10610 10609 10611
f 10608 10609 10610
f 10608 10607 10609
f 10561 10589 10560
f 10561 10563 10589
f 10589 10558 10560
f 10597 10596 10598
f 10595 10596 10597
f 10595 10594 10596
f 10593 10594 10595
f 10593 10592 10594
f 10606 10591 10607
f 10592 10591 10606
f 10605 10478 10479
f 10605 10604 10478
f 10603 10604 10605
f 10603 10602 10604
f 10601 10602 10603
f 10601 10600 10602
f 10672 10675 10673
f 10589 10477 10558
f 10563 10477 10589
f 10591 10592 10593
f 10590 10567 10565
f 10588 10559 10557
f 10587 10551 10549
f 10585 10543 10541
f 10582 10527 10525
f 10580 10519 10517
f 10578 10511 10509
f 10576 10503 10501
f 10569 10571 10568
f 10569 10570 10571
f 10590 10564 10562
f 10565 10564 10590
f 10505 10577 10504
f 10505 10507 10577
f 10577 10502 10504
f 10577 10500 10502
f 10668 10496 10495
f 10668 10497 10496
f 10667 10497 10668
f 10667 10484 10497
f 10660 10484 10667
f 10660 10485 10484
f 10486 10485 10660
f 10649 10495 10494
f 10666 10495 10649
f 10666 10665 10495
f 10664 10665 10666
f 10664 10663 10665
f 10671 10653 10675
f 10671 10675 10672
f 10495 10677 10668
f 10708 10709 10710
f 10756 10755 10757
f 10832 10799 10739
f 10758 10759 10760
f 10760 10759 10761
f 10772 10775 10776
f 10772 10776 10773
f 10773 10776 10777
f 10736 10763 10764
f 10764 10763 10765
f 10764 10765 10758
f 10758 10765 10756
f 10688 10690 10751
f 10751 10690 10766
f 10751 10766 10749
f 10743 10769 10770
f 10743 10770 10741
f 10827 10828 10739
f 10710 10709 10701
f 10711 10712 10713
f 10698 10699 10715
f 10715 10699 10700
f 10715 10700 10722
f 10722 10700 10681
f 10702 10703 10704
f 10704 10703 10705
f 10704 10705 10706
f 10706 10705 10707
f 10706 10707 10708
f 10708 10707 10709
f 10697 10715 10716
f 10697 10716 10717
f 10774 10777 10739
f 10689 10687 10775
f 10775 10687 10778
f 10775 10778 10776
f 10776 10778 10779
f 10776 10779 10777
f 10749 10766 10767
f 10749 10767 10747
f 10747 10767 10768
f 10747 10768 10745
f 10745 10768 10769
f 10745 10769 10743
f 10769 10773 10774
f 10769 10774 10770
f 10756 10757 10758
f 10758 10757 10759
f 10717 10716 10718
f 10717 10718 10719
f 10719 10718 10720
f 10719 10720 10721
f 10721 10720 10683
f 10721 10683 10704
f 10704 10683 10684
f 10724 10703 10711
f 10724 10711 10725
f 10725 10711 10713
f 10793 10739 10794
f 10833 10803 10739
f 10785 10790 10786
f 10786 10790 10791
f 10801 10800 10739
f 10801 10739 10802
f 10802 10739 10803
f 10793 10792 10739
f 10713 10712 10714
f 10713 10714 10701
f 10698 10715 10697
f 10731 10718 10733
f 10740 10781 10742
f 10742 10781 10784
f 10742 10784 10744
f 10744 10784 10785
f 10794 10739 10795
f 10797 10796 10739
f 10797 10739 10798
f 10798 10739 10799
f 10789 10765 10763
f 10784 10788 10785
f 10785 10788 10790
f 10789 10762 10790
f 10736 10764 10760
f 10685 10791 10762
f 10762 10791 10790
f 10783 10756 10765
f 10725 10713 10701
f 10706 10726 10704
f 10704 10726 10727
f 10704 10727 10721
f 10721 10727 10728
f 10721 10728 10719
f 10719 10728 10729
f 10719 10729 10717
f 10717 10729 10697
f 10723 10732 10722
f 10720 10718 10731
f 10723 10682 10683
f 10705 10703 10724
f 10716 10733 10718
f 10701 10734 10725
f 10697 10729 10735
f 10750 10787 10685
f 10784 10781 10782
f 10784 10782 10788
f 10788 10782 10783
f 10788 10783 10789
f 10789 10783 10765
f 10786 10791 10787
f 10787 10791 10685
f 10790 10788 10789
f 10764 10758 10760
f 10763 10762 10789
f 10752 10737 10753
f 10744 10785 10746
f 10746 10785 10786
f 10746 10786 10748
f 10748 10786 10787
f 10748 10787 10750
f 10731 10733 10732
f 10732 10733 10722
f 10705 10724 10707
f 10707 10724 10734
f 10707 10734 10709
f 10709 10734 10701
f 10722 10681 10723
f 10723 10681 10682
f 10735 10710 10697
f 10771 10689 10775
f 10771 10775 10772
f 10778 10686 10780
f 10778 10780 10779
f 10779 10780 10695
f 10686 10696 10780
f 10780 10696 10695
f 10740 10738 10781
f 10781 10738 10752
f 10781 10752 10782
f 10782 10752 10754
f 10782 10754 10783
f 10783 10754 10756
f 10693 10812 10834
f 10741 10770 10739
f 10773 10777 10774
f 10736 10704 10685
f 10685 10704 10684
f 10737 10738 10739
f 10739 10738 10740
f 10739 10740 10741
f 10706 10708 10726
f 10726 10708 10730
f 10726 10730 10727
f 10727 10730 10728
f 10720 10731 10683
f 10683 10731 10732
f 10683 10732 10723
f 10751 10685 10688
f 10738 10737 10752
f 10836 10819 10693
f 10777 10779 10695
f 10777 10695 10739
f 10739 10695 10694
f 10739 10694 10693
f 10687 10686 10778
f 10809 10808 10693
f 10809 10693 10810
f 10810 10693 10811
f 10817 10816 10693
f 10805 10804 10739
f 10805 10739 10806
f 10806 10739 10807
f 10835 10815 10693
f 10741 10740 10742
f 10741 10742 10743
f 10743 10742 10744
f 10743 10744 10745
f 10745 10744 10746
f 10745 10746 10747
f 10747 10746 10748
f 10747 10748 10749
f 10749 10748 10750
f 10749 10750 10751
f 10751 10750 10685
f 10760 10761 10736
f 10685 10762 10736
f 10770 10774 10739
f 10691 10689 10771
f 10821 10820 10693
f 10821 10693 10822
f 10822 10693 10823
f 10813 10812 10693
f 10813 10693 10814
f 10814 10693 10815
f 10754 10753 10755
f 10734 10724 10725
f 10708 10710 10730
f 10730 10710 10735
f 10730 10735 10728
f 10728 10735 10729
f 10715 10722 10733
f 10715 10733 10716
f 10693 10820 10836
f 10693 10824 10837
f 10693 10816 10835
f 10837 10823 10693
f 10739 10792 10830
f 10739 10796 10831
f 10739 10800 10832
f 10739 10804 10833
f 10817 10693 10818
f 10818 10693 10819
f 10736 10762 10763
f 10752 10753 10754
f 10825 10824 10693
f 10825 10693 10826
f 10826 10693 10692
f 10690 10691 10766
f 10766 10691 10771
f 10766 10771 10767
f 10767 10771 10772
f 10767 10772 10768
f 10768 10772 10773
f 10768 10773 10769
f 10754 10755 10756
f 10693 10808 10739
f 10739 10808 10829
f 10710 10701 10697
f 10703 10702 10711
f 10711 10702 10712
f 10834 10811 10693
f 10831 10795 10739
f 10739 10829 10807
f 10830 10827 10739
f 10918 10843 10845
f 10858 10857 10921
f 10854 10920 10853
f 10854 10856 10920
f 10920 10851 10853
f 10919 10849 10847
f 10925 10881 10879
f 10882 10881 10925
f 10877 10916 10875
f 10846 10848 10918
f 10910 10839 10838
f 10907 10908 10909
f 10894 10895 10896
f 10921 10860 10858
f 10919 10852 10850
f 10917 10844 10842
f 10910 10915 10909
f 10910 10914 10915
f 10931 10905 10903
f 10925 10884 10882
f 10902 10904 10930
f 10930 10899 10901
f 10931 10908 10906
f 10929 10900 10898
f 10906 10905 10931
f 10902 10930 10901
f 10888 10887 10889
f 10886 10887 10888
f 10923 10868 10866
f 10883 10884 10885
f 10883 10882 10884
f 10904 10903 10905
f 10902 10903 10904
f 10899 10900 10901
f 10927 10892 10890
f 10899 10898 10900
f 10896 10895 10897
f 10894 10896 10928
f 10928 10891 10893
f 10927 10889 10887
f 10890 10889 10927
f 10886 10926 10885
f 10886 10888 10926
f 10926 10883 10885
f 10870 10871 10872
f 10867 10868 10869
f 10891 10892 10893
f 10891 10890 10892
f 10878 10879 10880
f 10875 10876 10877
f 10875 10874 10876
f 10872 10871 10873
f 10929 10897 10895
f 10898 10897 10929
f 10894 10928 10893
f 10880 10879 10881
f 10856 10855 10857
f 10854 10855 10856
f 10851 10852 10853
f 10851 10850 10852
f 10848 10847 10849
f 10846 10847 10848
f 10843 10844 10845
f 10843 10842 10844
f 10867 10866 10868
f 10864 10863 10865
f 10862 10863 10864
f 10859 10860 10861
f 10859 10858 10860
f 10924 10867 10869
f 10923 10865 10863
f 10878 10916 10877
f 10913 10874 10873
f 10876 10874 10913
f 10870 10924 10869
f 10870 10872 10924
f 10850 10849 10919
f 10911 10840 10912
f 10841 10840 10911
f 10862 10922 10861
f 10862 10864 10922
f 10922 10859 10861
f 10921 10857 10855
f 10917 10841 10911
f 10842 10841 10917
f 10880 10916 10878
f 10915 10907 10909
f 10866 10865 10923
f 10846 10918 10845
f 10907 10906 10908
f 10910 10838 10914
f 10871 10913 10873
f 10944 10978 10943
f 10943 10978 10946
f 10946 10978 10945
f 10945 10978 10981
f 10948 10988 10987
f 10947 10988 10948
f 10947 10981 10988
f 10945 10981 10947
f 10948 10987 10950
f 10950 10987 10986
f 10950 10986 10951
f 10951 10986 10985
f 10989 10983 10991
f 10952 10984 10949
f 10952 10985 10984
f 10951 10985 10952
f 10939 10968 10940
f 10934 10969 10935
f 10939 10969 10968
f 10936 10969 10939
f 10954 10984 10956
f 10956 10984 10957
f 10957 10984 10955
f 10935 10969 10936
f 10940 10968 10967
f 10938 10965 10937
f 10938 10964 10965
f 10942 10964 10938
f 10942 10966 10964
f 10941 10966 10942
f 10941 10967 10966
f 10940 10967 10941
f 10955 10984 10982
f 10958 10971 10960
f 10932 10969 10933
f 10937 10971 10958
f 10932 10970 10969
f 10953 10970 10932
f 10953 10962 10970
f 10937 10965 10971
f 10963 10962 10953
f 10933 10969 10934
f 10959 10973 10944
f 10944 10973 10976
f 10974 10973 10959
f 10959 10975 10974
f 10963 10961 10962
f 10959 10971 10975
f 10960 10971 10959
f 10944 10976 10979
f 10949 10984 10954
f 10990 10983 10989
f 10990 10982 10983
f 10955 10982 10990
f 10979 10977 10944
f 10944 10977 10978
f 10979 10976 10980
f 10972 10973 10974
f 11005 10997 10996
f 11008 10994 10993
f 11004 10997 11006
f 11003 10997 11004
f 11003 10998 10997
f 11009 10994 11008
f 11008 10993 10992
f 11002 10998 11003
f 11001 10999 11002
f 10999 11001 11000
f 11002 10999 10998
f 11006 10997 11005
f 11009 10995 10994
f 10992 11007 11008
f 10999 11000 10992
f 10992 11000 11007
f 11015 11012 11016
f 11016 11013 11017
f 11014 11010 11015
f 11016 11012 11013
f 11015 11011 11012
f 11015 11010 11011
f 11023 11020 11024
f 11023 11018 11019
f 11024 11020 11021
f 11023 11019 11020
f 11022 11018 11023
f 11024 11021 11025
f 11030 11026 11031
f 11031 11026 11027
f 11031 11027 11028
f 11032 11028 11029
f 11032 11029 11033
f 11031 11028 11032
f 11039 11034 11035
f 11040 11037 11041
f 11038 11034 11039
f 11040 11036 11037
f 11039 11035 11036
f 11039 11036 11040
f 11047 11042 11043
f 11047 11043 11044
f 11046 11042 11047
f 11048 11044 11045
f 11048 11045 11049
f 11047 11044 11048
f 11064 11056 11065
f 11065 11056 11055
f 11068 11059 11060
f 11067 11061 11066
f 11067 11060 11061
f 11068 11060 11067
f 11069 11059 11068
f 11064 11054 11056
f 11066 11062 11053
f 11066 11061 11062
f 11063 11050 11054
f 11051 11050 11063
f 11070 11058 11069
f 11070 11057 11058
f 11063 11054 11064
f 11069 11058 11059
f 11071 11055 11057
f 11053 11062 11052
f 11065 11055 11071
f 11071 11057 11070
f 11090 11080 11079
f 11091 11078 11092
f 11092 11078 11077
f 11088 11082 11081
f 11085 11084 11086
f 11086 11083 11087
f 11087 11082 11088
f 11087 11083 11082
f 11093 11076 11075
f 11075 11076 11074
f 11088 11081 11089
f 11089 11081 11080
f 11086 11084 11083
f 11073 11072 11085
f 11092 11077 11093
f 11091 11079 11078
f 11090 11079 11091
f 11093 11077 11076
f 11085 11072 11084
f 11089 11080 11090
f 11111 11105 11110
f 11109 11100 11115
f 11112 11104 11111
f 11108 11099 11109
f 11111 11104 11105
f 11114 11102 11113
f 11095 11094 11107
f 11109 11099 11100
f 11110 11105 11106
f 11097 11106 11096
f 11115 11100 11101
f 11114 11101 11102
f 11112 11103 11104
f 11113 11103 11112
f 11115 11101 11114
f 11113 11102 11103
f 11110 11106 11097
f 11108 11098 11099
f 11107 11098 11108
f 11107 11094 11098
f 11134 11124 11135
f 11117 11116 11129
f 11129 11116 11120
f 11129 11120 11130
f 11119 11121 11118
f 11132 11127 11126
f 11131 11128 11127
f 11130 11128 11131
f 11131 11127 11132
f 11133 11126 11125
f 11130 11120 11128
f 11132 11126 11133
f 11135 11124 11123
f 11134 11125 11124
f 11133 11125 11134
f 11135 11123 11136
f 11137 11122 11121
f 11136 11123 11122
f 11136 11122 11137
f 11137 11121 11119
f 11153 11146 11152
f 11153 11145 11146
f 11156 11148 11144
f 11155 11144 11143
f 11157 11148 11156
f 11156 11144 11155
f 11158 11149 11157
f 11157 11149 11148
f 11151 11138 11142
f 11139 11138 11151
f 11151 11142 11159
f 11159 11142 11150
f 11159 11150 11158
f 11158 11150 11149
f 11154 11143 11145
f 11154 11145 11153
f 11155 11143 11154
f 11141 11147 11140
f 11152 11146 11147
f 11152 11147 11141
f 11162 11160 11166
f 11168 11163 11161
f 11168 11161 11166
f 11167 11163 11168
f 11167 11164 11163
f 11166 11160 11165
f 11166 11161 11162
f 11178 11171 11174
f 11177 11171 11178
f 11173 11172 11176
f 11176 11172 11171
f 11174 11171 11170
f 11170 11169 11174
f 11174 11169 11175
f 11176 11171 11177
f 11181 11179 11182
f 11181 11180 11179
f 11189 11183 11188
f 11191 11184 11189
f 11190 11187 11186
f 11191 11186 11184
f 11190 11186 11191
f 11185 11183 11189
f 11189 11184 11185
f 11201 11194 11197
f 11200 11194 11201
f 11197 11194 11193
f 11193 11192 11197
f 11199 11194 11200
f 11199 11195 11194
f 11196 11195 11199
f 11197 11192 11198
f 11204 11202 11205
f 11204 11203 11202
f 11208 11206 11212
f 11212 11206 11211
f 11213 11210 11209
f 11214 11207 11212
f 11214 11209 11207
f 11213 11209 11214
f 11212 11207 11208
f 11223 11217 11224
f 11224 11217 11220
f 11216 11215 11220
f 11220 11217 11216
f 11219 11218 11222
f 11222 11218 11217
f 11222 11217 11223
f 11220 11215 11221
f 11227 11225 11228
f 11227 11226 11225
f 11236 11233 11232
f 11237 11230 11235
f 11237 11232 11230
f 11231 11229 11235
f 11235 11230 11231
f 11236 11232 11237
f 11235 11229 11234
f 11246 11240 11247
f 11239 11238 11243
f 11242 11241 11245
f 11247 11240 11243
f 11243 11240 11239
f 11245 11241 11240
f 11245 11240 11246
f 11243 11238 11244
f 11250 11248 11251
f 11250 11249 11248
f 11254 11253 11252
f 11254 11252 11255
f 11261 11259 11262
f 11262 11259 11257
f 11262 11257 11263
f 11263 11257 11258
f 11261 11260 11259
f 11258 11256 11263
f 11263 11256 11264
f 11268 11269 11270
f 11267 11269 11268
f 11266 11269 11267
f 11265 11269 11266
f 11272 11273 11274
f 11271 11273 11272
f 11275 11279 11276
f 11278 11279 11280
f 11277 11279 11278
f 11276 11279 11277
f 11281 11283 11282
f 11282 11283 11284
f 11286 11289 11288
f 11287 11289 11290
f 11285 11289 11286
f 11288 11289 11287
f 11291 11293 11292
f 11292 11293 11294
f 11297 11299 11298
f 11298 11299 11300
f 11296 11299 11297
f 11295 11299 11296
f 11302 11303 11304
f 11301 11303 11302
f 11306 11353 11352
f 11311 11350 11347
f 11344 11343 11306
f 11352 11351 11306
f 11311 11348 11349
f 11336 11310 11335
f 11311 11349 11350
f 11339 11307 11319
f 11340 11307 11323
f 11337 11307 11340
f 11332 11333 11310
f 11310 11334 11335
f 11328 11310 11341
f 11341 11310 11327
f 11332 11310 11342
f 11342 11310 11331
f 11320 11307 11339
f 11307 11314 11315
f 11310 11333 11334
f 11310 11330 11331
f 11310 11326 11327
f 11328 11329 11310
f 11310 11329 11330
f 11308 11313 11307
f 11307 11313 11314
f 11307 11321 11322
f 11307 11322 11323
f 11320 11321 11307
f 11324 11307 11337
f 11336 11309 11310
f 11316 11307 11338
f 11338 11307 11315
f 11310 11325 11326
f 11306 11307 11311
f 11351 11305 11306
f 11324 11325 11310
f 11307 11318 11319
f 11316 11317 11307
f 11310 11307 11324
f 11307 11317 11318
f 11311 11307 11310
f 11345 11306 11311
f 11345 11311 11346
f 11343 11353 11306
f 11344 11306 11345
f 11346 11311 11347
f 11312 11348 11311
f 11384 11383 11413
f 11371 11373 11410
f 11400 11399 11417
f 11417 11399 11397
f 11416 11393 11395
f 11380 11406 11379
f 11413 11383 11381
f 11359 11358 11407
f 11375 11374 11411
f 11409 11369 11367
f 11411 11374 11372
f 11415 11394 11392
f 11413 11386 11384
f 11411 11377 11375
f 11371 11410 11370
f 11403 11405 11401
f 11379 11406 11412
f 11385 11384 11386
f 11360 11361 11362
f 11388 11389 11390
f 11390 11389 11391
f 11393 11392 11394
f 11393 11394 11395
f 11396 11397 11398
f 11398 11397 11399
f 11405 11356 11357
f 11407 11358 11404
f 11385 11386 11387
f 11403 11356 11405
f 11401 11402 11403
f 11358 11354 11404
f 11380 11381 11382
f 11408 11360 11362
f 11396 11416 11395
f 11396 11398 11416
f 11363 11408 11362
f 11363 11365 11408
f 11409 11366 11364
f 11410 11368 11370
f 11417 11402 11400
f 11367 11366 11409
f 11412 11376 11378
f 11401 11400 11402
f 11414 11385 11387
f 11388 11390 11414
f 11379 11412 11378
f 11404 11354 11355
f 11376 11375 11377
f 11382 11406 11380
f 11360 11359 11361
f 11363 11364 11365
f 11365 11364 11366
f 11368 11369 11370
f 11368 11367 11369
f 11376 11377 11378
f 11373 11372 11374
f 11371 11372 11373
f 11392 11391 11415
f 11388 11414 11387
f 11415 11391 11389
f 11382 11381 11383
f 11407 11361 11359
f 11427 11429 11438
f 11432 11431 11433
f 11429 11428 11430
f 11427 11428 11429
f 11442 11422 11436
f 11441 11440 11426
f 11423 11422 11442
f 11428 11435 11430
f 11439 11440 11441
f 11443 11427 11438
f 11438 11439 11443
f 11432 11433 11434
f 11426 11440 11424
f 11434 11437 11432
f 11424 11423 11425
f 11422 11418 11436
f 11436 11418 11419
f 11434 11420 11437
f 11420 11421 11437
f 11424 11425 11426
f 11423 11442 11425
f 11433 11431 11435
f 11435 11431 11430
f 11443 11439 11441
f 11458 11459 11446
f 11468 11465 11452
f 11452 11465 11451
f 11448 11466 11469
f 11448 11469 11450
f 11446 11447 11458
f 11463 11444 11464
f 11458 11457 11459
f 11464 11444 11445
f 11455 11454 11456
f 11461 11462 11456
f 11461 11460 11462
f 11453 11454 11455
f 11465 11449 11451
f 11449 11450 11451
f 11449 11448 11450
f 11453 11455 11468
f 11466 11463 11467
f 11467 11463 11464
f 11460 11457 11462
f 11461 11456 11454
f 11459 11457 11460
f 11453 11468 11452
f 11469 11466 11467
f 11474 11473 11475
f 11475 11473 11472
f 11476 11471 11477
f 11472 11471 11475
f 11475 11471 11476
f 11477 11471 11470
f 11480 11479 11481
f 11481 11479 11478
f 11484 11483 11482
f 11485 11483 11484
f 11488 11487 11489
f 11489 11487 11486
f 11515 11492 11516
f 11518 11492 11519
f 11527 11495 11528
f 11514 11492 11515
f 11518 11517 11492
f 11490 11498 11491
f 11532 11493 11492
f 11511 11492 11512
f 11510 11509 11492
f 11510 11492 11511
f 11496 11503 11504
f 11501 11502 11496
f 11506 11496 11491
f 11514 11513 11492
f 11504 11505 11496
f 11501 11496 11506
f 11506 11491 11507
f 11520 11495 11521
f 11496 11502 11503
f 11491 11498 11499
f 11491 11499 11500
f 11495 11491 11496
f 11492 11491 11495
f 11507 11491 11508
f 11538 11529 11495
f 11492 11509 11533
f 11492 11513 11534
f 11537 11525 11495
f 11528 11495 11529
f 11533 11532 11492
f 11527 11526 11495
f 11523 11522 11495
f 11524 11495 11525
f 11505 11497 11496
f 11492 11517 11535
f 11534 11512 11492
f 11535 11516 11492
f 11523 11495 11524
f 11495 11530 11538
f 11495 11526 11537
f 11495 11522 11536
f 11536 11521 11495
f 11531 11495 11494
f 11531 11530 11495
f 11508 11491 11500
f 11519 11492 11495
f 11519 11495 11520
f 11544 11563 11546
f 11553 11552 11554
f 11550 11549 11551
f 11548 11550 11559
f 11564 11548 11559
f 11556 11552 11551
f 11544 11543 11563
f 11563 11543 11557
f 11543 11539 11557
f 11548 11549 11550
f 11554 11552 11556
f 11549 11556 11551
f 11560 11561 11562
f 11555 11558 11553
f 11564 11560 11562
f 11559 11560 11564
f 11555 11542 11558
f 11557 11539 11540
f 11562 11561 11547
f 11545 11544 11546
f 11553 11554 11555
f 11545 11546 11547
f 11547 11561 11545
f 11542 11541 11558
f 11570 11569 11571
f 11574 11576 11589
f 11588 11584 11585
f 11570 11571 11572
f 11590 11587 11588
f 11581 11578 11583
f 11576 11575 11577
f 11568 11567 11579
f 11582 11581 11583
f 11582 11583 11577
f 11585 11565 11566
f 11579 11580 11568
f 11587 11584 11588
f 11579 11578 11580
f 11584 11565 11585
f 11574 11575 11576
f 11589 11586 11573
f 11574 11589 11573
f 11582 11577 11575
f 11586 11570 11572
f 11573 11586 11572
f 11569 11587 11590
f 11580 11578 11581
f 11569 11590 11571
f 11597 11598 11599
f 11602 11601 11603
f 11613 11612 11614
f 11610 11609 11611
f 11605 11606 11607
f 11640 11594 11642
f 11641 11592 11591
f 11652 11628 11626
f 11654 11636 11634
f 11633 11635 11653
f 11633 11653 11632
f 11600 11601 11602
f 11608 11609 11610
f 11621 11620 11650
f 11640 11642 11638
f 11646 11606 11604
f 11653 11630 11632
f 11644 11598 11596
f 11644 11595 11641
f 11637 11636 11654
f 11613 11614 11615
f 11605 11604 11606
f 11650 11620 11618
f 11630 11629 11631
f 11630 11631 11632
f 11622 11621 11623
f 11642 11594 11593
f 11617 11618 11619
f 11619 11618 11620
f 11612 11611 11648
f 11608 11647 11607
f 11608 11610 11647
f 11647 11605 11607
f 11595 11592 11641
f 11638 11639 11640
f 11646 11603 11601
f 11596 11595 11644
f 11600 11602 11645
f 11645 11597 11599
f 11600 11645 11599
f 11604 11603 11646
f 11627 11626 11628
f 11597 11596 11598
f 11616 11643 11649
f 11616 11649 11615
f 11625 11627 11651
f 11651 11622 11624
f 11654 11639 11637
f 11652 11631 11629
f 11638 11637 11639
f 11650 11623 11621
f 11633 11634 11635
f 11635 11634 11636
f 11648 11611 11609
f 11649 11613 11615
f 11648 11614 11612
f 11617 11643 11616
f 11625 11651 11624
f 11629 11628 11652
f 11619 11643 11617
f 11622 11623 11624
f 11625 11626 11627
f 11655 11663 11664
f 11655 11662 11663
f 11656 11662 11655
f 11657 11660 11661
f 11677 11676 11678
f 11677 11678 11679
f 11677 11679 11680
f 11680 11679 11681
f 11655 11659 11657
f 11657 11659 11660
f 11692 11693 11694
f 11707 11708 11709
f 11709 11708 11710
f 11710 11708 11711
f 11680 11681 11682
f 11682 11681 11683
f 11683 11681 11684
f 11684 11681 11685
f 11685 11681 11686
f 11686 11681 11687
f 11686 11687 11688
f 11688 11687 11689
f 11691 11687 11692
f 11692 11687 11693
f 11724 11723 11725
f 11724 11725 11726
f 11726 11725 11727
f 11726 11727 11728
f 11697 11696 11698
f 11697 11698 11699
f 11699 11698 11700
f 11699 11700 11701
f 11701 11700 11702
f 11701 11702 11703
f 11703 11704 11701
f 11701 11704 11658
f 11673 11672 11674
f 11673 11674 11675
f 11705 11657 11706
f 11706 11657 11707
f 11740 11739 11741
f 11740 11741 11742
f 11742 11741 11743
f 11742 11743 11677
f 11710 11711 11712
f 11712 11711 11713
f 11713 11711 11714
f 11713 11714 11715
f 11704 11716 11658
f 11658 11716 11717
f 11717 11716 11718
f 11697 11719 11720
f 11689 11687 11690
f 11690 11687 11691
f 11697 11723 11694
f 11694 11723 11724
f 11753 11754 11755
f 11753 11755 11756
f 11756 11755 11757
f 11756 11757 11758
f 11728 11727 11729
f 11728 11729 11730
f 11730 11729 11731
f 11730 11731 11732
f 11732 11731 11733
f 11732 11733 11734
f 11734 11733 11735
f 11734 11735 11736
f 11701 11658 11705
f 11705 11658 11657
f 11738 11737 11739
f 11738 11739 11740
f 11768 11715 11769
f 11768 11769 11770
f 11770 11769 11771
f 11770 11771 11772
f 11677 11743 11675
f 11673 11675 11744
f 11744 11675 11745
f 11744 11745 11746
f 11746 11745 11747
f 11747 11745 11748
f 11747 11748 11749
f 11749 11748 11750
f 11720 11719 11721
f 11720 11721 11722
f 11751 11752 11753
f 11753 11752 11754
f 11781 11655 11664
f 11781 11664 11785
f 11784 11786 11655
f 11655 11786 11787
f 11756 11758 11759
f 11759 11758 11760
f 11759 11760 11761
f 11759 11761 11762
f 11762 11761 11763
f 11762 11763 11764
f 11764 11763 11765
f 11764 11765 11722
f 11736 11735 11737
f 11736 11737 11738
f 11657 11767 11708
f 11713 11715 11768
f 11773 11775 11776
f 11773 11774 11775
f 11773 11772 11774
f 11770 11772 11773
f 11778 11779 11780
f 11778 11777 11779
f 11776 11777 11778
f 11776 11775 11777
f 11655 11790 11659
f 11655 11789 11790
f 11788 11789 11655
f 11655 11787 11788
f 11749 11750 11751
f 11751 11750 11752
f 11780 11783 11778
f 11784 11655 11781
f 11780 11782 11783
f 11781 11782 11780
f 11766 11767 11657
f 11722 11765 11720
f 11668 11662 11656
f 11657 11792 11766
f 11657 11791 11792
f 11661 11791 11657
f 11694 11695 11696
f 11694 11693 11695
f 11665 11666 11656
f 11694 11696 11697
f 11656 11666 11667
f 11656 11667 11668
f 11668 11669 11670
f 11668 11667 11669
f 11668 11672 11673
f 11675 11674 11676
f 11665 11671 11666
f 11670 11672 11668
f 11675 11676 11677
f 11707 11657 11708
f 11785 11782 11781
f 11699 11719 11697
f 11826 11819 11825
f 11825 11819 11821
f 11822 11819 11820
f 11821 11819 11822
f 11931 11885 11932
f 11932 11885 11884
f 11932 11884 11883
f 11806 11870 11931
f 11922 11831 11832
f 11827 11818 11819
f 11828 11818 11827
f 11931 11870 11869
f 11931 11869 11868
f 11828 11817 11818
f 11829 11817 11828
f 11807 11809 11806
f 11806 11809 11810
f 11827 11819 11826
f 11871 11811 11812
f 11840 11795 11796
f 11871 11810 11811
f 11806 11810 11871
f 11840 11796 11918
f 11812 11813 11871
f 11855 11932 11892
f 11855 11892 11856
f 11856 11892 11857
f 11857 11892 11904
f 11840 11794 11795
f 11841 11794 11840
f 11807 11808 11809
f 11851 11798 11852
f 11852 11798 11799
f 11871 11813 11872
f 11872 11813 11814
f 11872 11814 11919
f 11919 11814 11815
f 11919 11815 11829
f 11829 11815 11816
f 11829 11816 11817
f 11930 11839 11840
f 11922 11832 11923
f 11923 11832 11833
f 11923 11833 11924
f 11918 11796 11797
f 11918 11797 11851
f 11851 11797 11798
f 11844 11912 11911
f 11857 11904 11858
f 11930 11840 11918
f 11878 11912 11844
f 11858 11904 11859
f 11859 11904 11903
f 11919 11873 11872
f 11841 11793 11794
f 11842 11793 11841
f 11842 11820 11793
f 11843 11820 11842
f 11824 11820 11843
f 11823 11820 11824
f 11822 11820 11823
f 11801 11802 11805
f 11859 11903 11902
f 11907 11846 11908
f 11908 11846 11845
f 11897 11863 11862
f 11916 11876 11875
f 11916 11875 11917
f 11917 11875 11874
f 11917 11874 11873
f 11917 11873 11919
f 11889 11888 11931
f 11931 11890 11889
f 11871 11870 11806
f 11931 11868 11893
f 11893 11868 11867
f 11924 11833 11834
f 11924 11834 11925
f 11925 11834 11835
f 11925 11835 11926
f 11926 11835 11836
f 11852 11799 11800
f 11800 11801 11852
f 11852 11801 11805
f 11852 11805 11853
f 11853 11805 11932
f 11853 11932 11854
f 11854 11932 11855
f 11899 11861 11900
f 11900 11861 11901
f 11901 11861 11860
f 11901 11860 11902
f 11844 11911 11910
f 11877 11914 11878
f 11878 11914 11913
f 11878 11913 11912
f 11914 11877 11915
f 11805 11802 11804
f 11804 11802 11803
f 11919 11829 11920
f 11920 11829 11830
f 11920 11830 11921
f 11921 11830 11831
f 11921 11831 11922
f 11909 11845 11910
f 11910 11845 11844
f 11893 11891 11931
f 11931 11891 11890
f 11893 11867 11866
f 11893 11866 11894
f 11894 11866 11865
f 11894 11865 11864
f 11863 11896 11864
f 11926 11836 11927
f 11927 11836 11837
f 11927 11837 11928
f 11928 11837 11838
f 11928 11838 11929
f 11929 11838 11839
f 11929 11839 11930
f 11918 11850 11905
f 11851 11850 11918
f 11902 11860 11859
f 11905 11850 11849
f 11915 11876 11916
f 11915 11877 11876
f 11905 11849 11848
f 11907 11847 11846
f 11906 11847 11907
f 11883 11882 11932
f 11897 11862 11898
f 11898 11862 11899
f 11899 11862 11861
f 11905 11848 11906
f 11906 11848 11847
f 11932 11879 11892
f 11932 11882 11881
f 11931 11887 11886
f 11931 11888 11887
f 11886 11885 11931
f 11864 11896 11895
f 11896 11863 11897
f 11864 11895 11894
f 11908 11845 11909
f 11880 11879 11932
f 11932 11881 11880
f 11933 11934 11935
f 11936 11937 11938
f 11939 11940 11941
f 11942 11943 11944
f 11945 11946 11947
f 11948 11949 11950
f 11951 11952 11953
f 11954 11955 11956
f 11957 11958 11959
f 11960 11961 11962
f 11963 11964 11965
f 11966 11967 11968
f 11969 11970 11971
f 11972 11973 11974
f 11975 11976 11977
f 11978 11979 11980
f 11981 11982 11983
f 11984 11985 11986
f 11987 11988 11989
f 11990 11991 11992
f 11995 11994 11993
f 11996 11998 11997
f 12001 12000 11999
f 12004 12003 12002
f 12005 12007 12006
f 12010 12009 12008
f 12013 12012 12011
f 12014 12016 12015
f 12019 12018 12017
f 12022 12021 12020
f 12023 12025 12024
f 12028 12027 12026
f 12031 12030 12029
f 12032 12034 12033
f 12037 12036 12035
f 12040 12039 12038
f 12042 12043 12041
f 12046 12045 12044
f 12049 12048 12047
f 12051 12052 12050
f 12055 12054 12053
f 12058 12057 12056
f 12060 12061 12059
f 12064 12063 12062
f 12067 12066 12065
f 12069 12070 12068
f 12073 12072 12071
f 12076 12075 12074
f 12078 12079 12077
f 12082 12081 12080

