# https://github.com/mikedh/trimesh

o RightSlider2_1.stl
v -5.70320988 107.21832275 26.38500404
v -14.56199837 107.21832275 26.38500404
v -5.70320988 107.58263397 26.59093666
v -23.42078781 107.21832275 26.38500404
v -32.27957535 107.21832275 26.38500404
v -32.27957535 106.81147766 26.28697205
v -41.13836670 106.81147766 26.28697205
v -41.13836670 106.39335632 26.30437279
v -49.99715424 106.39335632 26.30437279
v -49.99715424 105.99606323 26.43586540
v -58.85594559 105.99606323 26.43586540
v -58.85594559 105.65012360 26.67135239
v -67.71473694 105.65012360 26.67135239
v -67.71473694 105.38210297 26.99274826
v -76.57352448 105.38210297 26.99274826
v -76.57352448 105.21258545 27.37536240
v -85.43231201 105.21258545 27.37536240
v -103.14988708 105.15459442 27.78981209
v -94.29109955 105.21258545 27.37536240
v -103.14988708 105.21258545 27.37536240
v -94.29109955 105.38210297 26.99274826
v -103.14988708 105.38210297 26.99274826
v -94.29109955 105.65012360 26.67135239
v -103.14988708 105.65012360 26.67135239
v -94.29109955 105.99606323 26.43586540
v -103.14988708 105.99606323 26.43586540
v -94.29109955 106.39335632 26.30437279
v -103.14988708 106.39335632 26.30437279
v -94.29109955 106.81147766 26.28697205
v -103.14988708 106.81147766 26.28697205
v -94.29109955 107.21832275 26.38500404
v -103.14988708 107.21832275 26.38500404
v -103.14988708 107.58263397 26.59093666
v -14.56199837 106.81147766 26.28697205
v -5.70320988 106.81147766 26.28697205
v -14.56199837 106.39335632 26.30437279
v -5.70320988 106.39335632 26.30437279
v -14.56199837 105.99606323 26.43586540
v -5.70320988 105.99606323 26.43586540
v -14.56199837 105.65012360 26.67135239
v -5.70320988 105.65012360 26.67135239
v -14.56199837 105.38210297 26.99274826
v -5.70320988 105.38210297 26.99274826
v -14.56199837 105.21258545 27.37536240
v -5.70320988 105.21258545 27.37536240
v -5.70320988 105.15459442 27.78981209
v -49.99715424 105.21258545 27.37536240
v -41.13836670 105.21258545 27.37536240
v -32.27957535 105.21258545 27.37536240
v -32.27957535 105.38210297 26.99274826
v -23.42078781 105.38210297 26.99274826
v -23.42078781 105.65012360 26.67135239
v -58.85594559 107.21832275 26.38500404
v -67.71473694 107.21832275 26.38500404
v -76.57352448 107.21832275 26.38500404
v -76.57352448 106.81147766 26.28697205
v -85.43231201 106.81147766 26.28697205
v -85.43231201 106.39335632 26.30437279
v -23.42078781 106.81147766 26.28697205
v -23.42078781 106.39335632 26.30437279
v -23.42078781 105.99606323 26.43586540
v -41.13836670 107.21832275 26.38500404
v -49.99715424 107.21832275 26.38500404
v -58.85594559 106.81147766 26.28697205
v -67.71473694 106.81147766 26.28697205
v -67.71473694 106.39335632 26.30437279
v -76.57352448 106.39335632 26.30437279
v -76.57352448 105.99606323 26.43586540
v -85.43231201 105.99606323 26.43586540
v -85.43231201 105.65012360 26.67135239
v -49.99715424 106.81147766 26.28697205
v -85.43231201 107.21832275 26.38500404
v -32.27957535 106.39335632 26.30437279
v -41.13836670 105.99606323 26.43586540
v -49.99715424 105.65012360 26.67135239
v -58.85594559 105.38210297 26.99274826
v -67.71473694 105.21258545 27.37536240
v -58.85594559 106.39335632 26.30437279
v -32.27957535 105.99606323 26.43586540
v -32.27957535 105.65012360 26.67135239
v -67.71473694 105.99606323 26.43586540
v -41.13836670 105.65012360 26.67135239
v -49.99715424 105.38210297 26.99274826
v -58.85594559 105.21258545 27.37536240
v -76.57352448 105.65012360 26.67135239
v -41.13836670 105.38210297 26.99274826
v -85.43231201 105.38210297 26.99274826
v -23.42078781 105.21258545 27.37536240
v -103.09453583 109.20285034 26.72217941
v -102.93295288 109.45034027 26.55609322
v -103.13608551 109.05413055 26.79144478
v -103.14988708 108.89834595 26.84463882
v -102.76537323 109.60277557 26.48976707
v -103.14988708 107.88021851 26.76840973
v -103.14988708 108.21058655 26.87286758
v -103.14988708 108.55610657 26.89873886
v -5.70320988 109.10890198 26.76843834
v -13.82376671 109.10890198 26.76843834
v -5.70320988 109.45034027 26.55609322
v -21.94432259 109.10890198 26.76843834
v -30.06488037 109.10890198 26.76843834
v -30.06488037 108.72332764 26.88245773
v -38.18543625 108.72332764 26.88245773
v -38.18543625 108.32131195 26.88995743
v -46.30599213 108.32131195 26.88995743
v -46.30599213 107.93175507 26.79039955
v -54.42655182 107.93175507 26.79039955
v -13.82376671 108.72332764 26.88245773
v -5.70320988 108.72332764 26.88245773
v -13.82376671 108.32131195 26.88995743
v -5.70320988 108.32131195 26.88995743
v -13.82376671 107.93175507 26.79039955
v -5.70320988 107.93175507 26.79039955
v -95.02933502 107.93175507 26.79039955
v -86.90877533 107.93175507 26.79039955
v -78.78822327 107.93175507 26.79039955
v -78.78822327 108.32131195 26.88995743
v -70.66766357 108.32131195 26.88995743
v -70.66766357 108.72332764 26.88245773
v -62.54710770 108.72332764 26.88245773
v -62.54710770 109.10890198 26.76843834
v -54.42655182 109.10890198 26.76843834
v -46.30599213 109.10890198 26.76843834
v -38.18543625 109.10890198 26.76843834
v -46.30599213 108.72332764 26.88245773
v -95.02933502 108.32131195 26.88995743
v -86.90877533 108.32131195 26.88995743
v -86.90877533 108.72332764 26.88245773
v -78.78822327 108.72332764 26.88245773
v -78.78822327 109.10890198 26.76843834
v -70.66766357 109.10890198 26.76843834
v -95.02933502 108.72332764 26.88245773
v -86.90877533 109.10890198 26.76843834
v -95.02933502 109.10890198 26.76843834
v -21.94432259 108.72332764 26.88245773
v -21.94432259 108.32131195 26.88995743
v -21.94432259 107.93175507 26.79039955
v -54.42655182 108.72332764 26.88245773
v -54.42655182 108.32131195 26.88995743
v -30.06488037 108.32131195 26.88995743
v -38.18543625 107.93175507 26.79039955
v -62.54710770 108.32131195 26.88995743
v -70.66766357 107.93175507 26.79039955
v -30.06488037 107.93175507 26.79039955
v -62.54710770 107.93175507 26.79039955
v -17.48863220 109.57241821 26.49537086
v -20.43498802 109.57241821 26.49537086
v -23.38134384 109.57241821 26.49537086
v -26.32769966 109.57241821 26.49537086
v -35.16676712 109.57241821 26.49537086
v -38.11312485 109.57241821 26.49537086
v -41.05947876 109.57241821 26.49537086
v -44.00583649 109.57241821 26.49537086
v -52.84490204 109.57241821 26.49537086
v -55.79125595 109.57241821 26.49537086
v -58.73761368 109.57241821 26.49537086
v -61.68396759 109.57241821 26.49537086
v -70.52303314 109.57241821 26.49537086
v -73.46939087 109.57241821 26.49537086
v -76.41574860 109.57241821 26.49537086
v -79.36210632 109.57241821 26.49537086
v -88.20117188 109.57241821 26.49537086
v -91.14752960 109.57241821 26.49537086
v -94.09387970 109.57241821 26.49537086
v -97.04023743 109.57241821 26.49537086
v -99.98659515 109.57241821 26.49537086
v -8.64956570 109.57241821 26.49537086
v -5.70320988 109.57241821 26.49537086
v -49.89854431 109.57241821 26.49537086
v -46.95219040 109.57241821 26.49537086
v -11.59592152 109.57241821 26.49537086
v -29.27405548 109.57241821 26.49537086
v -64.63032532 109.57241821 26.49537086
v -82.30845642 109.57241821 26.49537086
v -14.54227734 109.57241821 26.49537086
v -32.22041321 109.57241821 26.49537086
v -67.57668304 109.57241821 26.49537086
v -85.25481415 109.57241821 26.49537086
v -5.70320988 105.15459442 37.21018982
v -103.14988708 105.15459442 37.21018982
v -5.70320988 105.21258545 37.62463760
v -14.56199837 105.21258545 37.62463760
v -23.42078781 105.21258545 37.62463760
v -32.27957535 105.21258545 37.62463760
v -32.27957535 105.38210297 38.00725174
v -41.13836670 105.38210297 38.00725174
v -41.13836670 105.65012360 38.32864761
v -49.99715424 105.65012360 38.32864761
v -49.99715424 105.99606323 38.56413269
v -58.85594559 105.99606323 38.56413269
v -58.85594559 106.39335632 38.69562912
v -67.71473694 106.39335632 38.69562912
v -67.71473694 106.81147766 38.71302795
v -76.57352448 106.81147766 38.71302795
v -76.57352448 107.21832275 38.61499405
v -85.43231201 107.21832275 38.61499405
v -103.14988708 107.58263397 38.40906525
v -94.29109955 107.21832275 38.61499405
v -103.14988708 107.21832275 38.61499405
v -94.29109955 106.81147766 38.71302795
v -103.14988708 106.81147766 38.71302795
v -94.29109955 106.39335632 38.69562912
v -103.14988708 106.39335632 38.69562912
v -94.29109955 105.99606323 38.56413269
v -103.14988708 105.99606323 38.56413269
v -94.29109955 105.65012360 38.32864761
v -103.14988708 105.65012360 38.32864761
v -94.29109955 105.38210297 38.00725174
v -103.14988708 105.38210297 38.00725174
v -94.29109955 105.21258545 37.62463760
v -103.14988708 105.21258545 37.62463760
v -14.56199837 105.38210297 38.00725174
v -5.70320988 105.38210297 38.00725174
v -14.56199837 105.65012360 38.32864761
v -5.70320988 105.65012360 38.32864761
v -14.56199837 105.99606323 38.56413269
v -5.70320988 105.99606323 38.56413269
v -14.56199837 106.39335632 38.69562912
v -5.70320988 106.39335632 38.69562912
v -14.56199837 106.81147766 38.71302795
v -5.70320988 106.81147766 38.71302795
v -14.56199837 107.21832275 38.61499405
v -5.70320988 107.21832275 38.61499405
v -5.70320988 107.58263397 38.40906525
v -49.99715424 107.21832275 38.61499405
v -41.13836670 107.21832275 38.61499405
v -32.27957535 107.21832275 38.61499405
v -32.27957535 106.81147766 38.71302795
v -23.42078781 106.81147766 38.71302795
v -23.42078781 106.39335632 38.69562912
v -58.85594559 105.21258545 37.62463760
v -67.71473694 105.21258545 37.62463760
v -76.57352448 105.21258545 37.62463760
v -76.57352448 105.38210297 38.00725174
v -85.43231201 105.38210297 38.00725174
v -85.43231201 105.65012360 38.32864761
v -23.42078781 105.38210297 38.00725174
v -23.42078781 105.65012360 38.32864761
v -23.42078781 105.99606323 38.56413269
v -41.13836670 105.21258545 37.62463760
v -49.99715424 105.21258545 37.62463760
v -58.85594559 105.38210297 38.00725174
v -67.71473694 105.38210297 38.00725174
v -67.71473694 105.65012360 38.32864761
v -76.57352448 105.65012360 38.32864761
v -76.57352448 105.99606323 38.56413269
v -85.43231201 105.99606323 38.56413269
v -85.43231201 106.39335632 38.69562912
v -49.99715424 105.38210297 38.00725174
v -85.43231201 105.21258545 37.62463760
v -32.27957535 105.65012360 38.32864761
v -41.13836670 105.99606323 38.56413269
v -49.99715424 106.39335632 38.69562912
v -58.85594559 106.81147766 38.71302795
v -67.71473694 107.21832275 38.61499405
v -58.85594559 105.65012360 38.32864761
v -32.27957535 105.99606323 38.56413269
v -32.27957535 106.39335632 38.69562912
v -67.71473694 105.99606323 38.56413269
v -41.13836670 106.39335632 38.69562912
v -49.99715424 106.81147766 38.71302795
v -58.85594559 107.21832275 38.61499405
v -76.57352448 106.39335632 38.69562912
v -41.13836670 106.81147766 38.71302795
v -85.43231201 106.81147766 38.71302795
v -23.42078781 107.21832275 38.61499405
v -5.70320988 107.93175507 38.20960236
v -13.82376671 107.93175507 38.20960236
v -21.94432259 107.93175507 38.20960236
v -30.06488037 107.93175507 38.20960236
v -30.06488037 108.32131195 38.11004257
v -38.18543625 108.32131195 38.11004257
v -38.18543625 108.72332764 38.11754227
v -46.30599213 108.72332764 38.11754227
v -46.30599213 109.10890198 38.23155975
v -54.42655182 109.10890198 38.23155975
v -5.70320988 109.45034027 38.44390488
v -102.93295288 109.45034027 38.44390488
v -13.82376671 108.32131195 38.11004257
v -5.70320988 108.32131195 38.11004257
v -13.82376671 108.72332764 38.11754227
v -5.70320988 108.72332764 38.11754227
v -13.82376671 109.10890198 38.23155975
v -5.70320988 109.10890198 38.23155975
v -103.09451294 109.20292664 38.27785110
v -95.02933502 109.10890198 38.23155975
v -86.90877533 109.10890198 38.23155975
v -78.78822327 109.10890198 38.23155975
v -78.78822327 108.72332764 38.11754227
v -70.66766357 108.72332764 38.11754227
v -70.66766357 108.32131195 38.11004257
v -62.54710770 108.32131195 38.11004257
v -62.54710770 107.93175507 38.20960236
v -54.42655182 107.93175507 38.20960236
v -46.30599213 107.93175507 38.20960236
v -38.18543625 107.93175507 38.20960236
v -46.30599213 108.32131195 38.11004257
v -103.13609314 109.05413818 38.20855331
v -103.14988708 108.89834595 38.15536118
v -95.02933502 108.72332764 38.11754227
v -103.14988708 108.55610657 38.10126114
v -95.02933502 108.32131195 38.11004257
v -103.14988708 108.21058655 38.12713242
v -95.02933502 107.93175507 38.20960236
v -103.14988708 107.88021851 38.23159027
v -86.90877533 107.93175507 38.20960236
v -78.78822327 107.93175507 38.20960236
v -86.90877533 108.32131195 38.11004257
v -78.78822327 108.32131195 38.11004257
v -86.90877533 108.72332764 38.11754227
v -21.94432259 108.32131195 38.11004257
v -21.94432259 108.72332764 38.11754227
v -21.94432259 109.10890198 38.23155975
v -54.42655182 108.32131195 38.11004257
v -54.42655182 108.72332764 38.11754227
v -70.66766357 107.93175507 38.20960236
v -30.06488037 108.72332764 38.11754227
v -38.18543625 109.10890198 38.23155975
v -62.54710770 108.72332764 38.11754227
v -70.66766357 109.10890198 38.23155975
v -30.06488037 109.10890198 38.23155975
v -62.54710770 109.10890198 38.23155975
v -5.70320988 109.57241821 38.50462723
v -8.64956570 109.57241821 38.50462723
v -11.59592152 109.57241821 38.50462723
v -14.54227734 109.57241821 38.50462723
v -23.38134384 109.57241821 38.50462723
v -26.32769966 109.57241821 38.50462723
v -29.27405548 109.57241821 38.50462723
v -32.22041321 109.57241821 38.50462723
v -41.05947876 109.57241821 38.50462723
v -44.00583649 109.57241821 38.50462723
v -46.95219040 109.57241821 38.50462723
v -49.89854431 109.57241821 38.50462723
v -58.73761368 109.57241821 38.50462723
v -61.68396759 109.57241821 38.50462723
v -64.63032532 109.57241821 38.50462723
v -67.57668304 109.57241821 38.50462723
v -76.41574860 109.57241821 38.50462723
v -79.36210632 109.57241821 38.50462723
v -82.30845642 109.57241821 38.50462723
v -85.25481415 109.57241821 38.50462723
v -94.09387970 109.57241821 38.50462723
v -97.04023743 109.57241821 38.50462723
v -99.98659515 109.57241821 38.50462723
v -102.76525879 109.60286713 38.51024628
v -55.79125595 109.57241821 38.50462723
v -52.84490204 109.57241821 38.50462723
v -17.48863220 109.57241821 38.50462723
v -20.43498802 109.57241821 38.50462723
v -35.16676712 109.57241821 38.50462723
v -38.11312485 109.57241821 38.50462723
v -70.52303314 109.57241821 38.50462723
v -73.46939087 109.57241821 38.50462723
v -88.20117188 109.57241821 38.50462723
v -91.14752960 109.57241821 38.50462723
v -5.70320988 109.57241821 38.50462723
v -8.64956570 109.57241821 38.50462723
v -11.59592152 109.57241821 38.50462723
v -14.54227734 109.57241821 38.50462723
v -14.54227734 109.70876312 38.50504684
v -17.48863220 109.70876312 38.50504684
v -23.38134384 109.70876312 38.50504684
v -26.32769966 109.70876312 38.50504684
v -23.38134384 109.57241821 38.50462723
v -26.32769966 109.57241821 38.50462723
v -29.27405548 109.57241821 38.50462723
v -32.22041321 109.57241821 38.50462723
v -32.22041321 109.70876312 38.50504684
v -35.16676712 109.70876312 38.50504684
v -41.05947876 109.70876312 38.50504684
v -44.00583649 109.70876312 38.50504684
v -41.05947876 109.57241821 38.50462723
v -44.00583649 109.57241821 38.50462723
v -46.95219040 109.57241821 38.50462723
v -49.89854431 109.57241821 38.50462723
v -49.89854431 109.70876312 38.50504684
v -52.84490204 109.70876312 38.50504684
v -58.73761368 109.70876312 38.50504684
v -61.68396759 109.70876312 38.50504684
v -58.73761368 109.57241821 38.50462723
v -61.68396759 109.57241821 38.50462723
v -64.63032532 109.57241821 38.50462723
v -67.57668304 109.57241821 38.50462723
v -67.57668304 109.70876312 38.50504684
v -70.52303314 109.70876312 38.50504684
v -76.41574860 109.70876312 38.50504684
v -79.36210632 109.70876312 38.50504684
v -76.41574860 109.57241821 38.50462723
v -79.36210632 109.57241821 38.50462723
v -82.30845642 109.57241821 38.50462723
v -85.25481415 109.57241821 38.50462723
v -85.25481415 109.70876312 38.50504684
v -88.20117188 109.70876312 38.50504684
v -94.09387970 109.70876312 38.50504684
v -97.04023743 109.70876312 38.50504684
v -94.09387970 109.57241821 38.50462723
v -97.04023743 109.57241821 38.50462723
v -99.98659515 109.57241821 38.50462723
v -102.76525879 109.60286713 38.51024628
v -99.98659515 109.70876312 38.50504684
v -102.57157135 109.73946381 38.49624634
v -8.64956570 109.70876312 38.50504684
v -5.70320988 109.70876312 38.50504684
v -46.95219040 109.70876312 38.50504684
v -55.79125595 109.57241821 38.50462723
v -52.84490204 109.57241821 38.50462723
v -11.59592152 109.70876312 38.50504684
v -17.48863220 109.57241821 38.50462723
v -20.43498802 109.57241821 38.50462723
v -20.43498802 109.70876312 38.50504684
v -29.27405548 109.70876312 38.50504684
v -35.16676712 109.57241821 38.50462723
v -38.11312485 109.57241821 38.50462723
v -38.11312485 109.70876312 38.50504684
v -55.79125595 109.70876312 38.50504684
v -64.63032532 109.70876312 38.50504684
v -70.52303314 109.57241821 38.50462723
v -73.46939087 109.57241821 38.50462723
v -73.46939087 109.70876312 38.50504684
v -82.30845642 109.70876312 38.50504684
v -88.20117188 109.57241821 38.50462723
v -91.14752960 109.57241821 38.50462723
v -91.14752960 109.70876312 38.50504684
v -14.54227734 109.70876312 38.50504684
v -17.48863220 109.70876312 38.50504684
v -17.48863220 109.83121490 38.44507217
v -20.43498802 109.83121490 38.44507217
v -23.38134384 109.83121490 38.44507217
v -26.32769966 109.83121490 38.44507217
v -23.38134384 109.70876312 38.50504684
v -26.32769966 109.70876312 38.50504684
v -32.22041321 109.70876312 38.50504684
v -35.16676712 109.70876312 38.50504684
v -35.16676712 109.83121490 38.44507217
v -38.11312485 109.83121490 38.44507217
v -41.05947876 109.83121490 38.44507217
v -44.00583649 109.83121490 38.44507217
v -41.05947876 109.70876312 38.50504684
v -44.00583649 109.70876312 38.50504684
v -49.89854431 109.70876312 38.50504684
v -52.84490204 109.70876312 38.50504684
v -52.84490204 109.83121490 38.44507217
v -55.79125595 109.83121490 38.44507217
v -58.73761368 109.83121490 38.44507217
v -61.68396759 109.83121490 38.44507217
v -58.73761368 109.70876312 38.50504684
v -61.68396759 109.70876312 38.50504684
v -67.57668304 109.70876312 38.50504684
v -70.52303314 109.70876312 38.50504684
v -70.52303314 109.83121490 38.44507217
v -73.46939087 109.83121490 38.44507217
v -76.41574860 109.83121490 38.44507217
v -79.36210632 109.83121490 38.44507217
v -76.41574860 109.70876312 38.50504684
v -79.36210632 109.70876312 38.50504684
v -85.25481415 109.70876312 38.50504684
v -88.20117188 109.70876312 38.50504684
v -88.20117188 109.83121490 38.44507217
v -91.14752960 109.83121490 38.44507217
v -94.09387970 109.83121490 38.44507217
v -97.04023743 109.83121490 38.44507217
v -94.09387970 109.70876312 38.50504684
v -97.04023743 109.70876312 38.50504684
v -99.98659515 109.70876312 38.50504684
v -102.57157135 109.73946381 38.49624634
v -99.98659515 109.83121490 38.44507217
v -102.36117554 109.84636688 38.43162537
v -8.64956570 109.70876312 38.50504684
v -5.70320988 109.70876312 38.50504684
v -8.64956570 109.83121490 38.44507217
v -5.70320988 109.83121490 38.44507217
v -49.89854431 109.83121490 38.44507217
v -46.95219040 109.83121490 38.44507217
v -46.95219040 109.70876312 38.50504684
v -11.59592152 109.70876312 38.50504684
v -11.59592152 109.83121490 38.44507217
v -20.43498802 109.70876312 38.50504684
v -29.27405548 109.70876312 38.50504684
v -29.27405548 109.83121490 38.44507217
v -38.11312485 109.70876312 38.50504684
v -55.79125595 109.70876312 38.50504684
v -64.63032532 109.70876312 38.50504684
v -64.63032532 109.83121490 38.44507217
v -73.46939087 109.70876312 38.50504684
v -82.30845642 109.70876312 38.50504684
v -82.30845642 109.83121490 38.44507217
v -91.14752960 109.70876312 38.50504684
v -14.54227734 109.83121490 38.44507217
v -32.22041321 109.83121490 38.44507217
v -67.57668304 109.83121490 38.44507217
v -85.25481415 109.83121490 38.44507217
v -103.14988708 105.15459442 37.21018982
v -103.14988708 105.15459442 36.75000000
v -103.14988708 107.58263397 38.40906525
v -103.14988708 107.21832275 38.61499405
v -103.14988708 106.81147766 38.71302795
v -103.14988708 106.39335632 38.69562912
v -103.14988708 105.99606323 38.56413269
v -103.14988708 105.65012360 38.32864761
v -103.14988708 105.38210297 38.00725174
v -103.14988708 105.21258545 37.62463760
v -102.93295288 109.45034027 38.44390488
v -103.09451294 109.20292664 38.27785110
v -103.13609314 109.05413818 38.20855331
v -103.14988708 108.89834595 38.15536118
v -103.14988708 108.55610657 38.10126114
v -103.14988708 108.21058655 38.12713242
v -103.14988708 107.88021851 38.23159027
v -17.48863220 109.83121490 38.44507217
v -20.43498802 109.83121490 38.44507217
v -5.70320988 109.91447449 38.33709717
v -23.38134384 109.83121490 38.44507217
v -26.32769966 109.83121490 38.44507217
v -35.16676712 109.83121490 38.44507217
v -38.11312485 109.83121490 38.44507217
v -41.05947876 109.83121490 38.44507217
v -44.00583649 109.83121490 38.44507217
v -52.84490204 109.83121490 38.44507217
v -55.79125595 109.83121490 38.44507217
v -102.14988708 109.91447449 38.33709717
v -58.73761368 109.83121490 38.44507217
v -61.68396759 109.83121490 38.44507217
v -70.52303314 109.83121490 38.44507217
v -73.46939087 109.83121490 38.44507217
v -76.41574860 109.83121490 38.44507217
v -79.36210632 109.83121490 38.44507217
v -88.20117188 109.83121490 38.44507217
v -91.14752960 109.83121490 38.44507217
v -94.09387970 109.83121490 38.44507217
v -97.04023743 109.83121490 38.44507217
v -102.76525879 109.60286713 38.51024628
v -102.57157135 109.73946381 38.49624634
v -99.98659515 109.83121490 38.44507217
v -102.36117554 109.84636688 38.43162537
v -8.64956570 109.83121490 38.44507217
v -5.70320988 109.83121490 38.44507217
v -49.89854431 109.83121490 38.44507217
v -46.95219040 109.83121490 38.44507217
v -11.59592152 109.83121490 38.44507217
v -29.27405548 109.83121490 38.44507217
v -64.63032532 109.83121490 38.44507217
v -82.30845642 109.83121490 38.44507217
v -14.54227734 109.83121490 38.44507217
v -32.22041321 109.83121490 38.44507217
v -67.57668304 109.83121490 38.44507217
v -85.25481415 109.83121490 38.44507217
v -5.70320988 110.16986847 37.77669144
v -102.14988708 110.16986847 37.77669144
v -5.70320988 110.19673920 37.64312744
v -8.64558220 110.19673920 37.64312744
v -11.58795547 110.19673920 37.64312744
v -14.53032875 110.19673920 37.64312744
v -20.41507530 110.19673920 37.64312744
v -23.35744667 110.19673920 37.64312744
v -26.29981995 110.19673920 37.64312744
v -29.24219322 110.19673920 37.64312744
v -35.12693787 110.19673920 37.64312744
v -38.06931305 110.19673920 37.64312744
v -41.01168442 110.19673920 37.64312744
v -43.95405960 110.19673920 37.64312744
v -49.83880234 110.19673920 37.64312744
v -52.78117752 110.19673920 37.64312744
v -55.72354889 110.19673920 37.64312744
v -58.66592407 110.19673920 37.64312744
v -102.80151367 110.07216644 37.40882111
v -64.55066681 110.19673920 37.64312744
v -67.49304199 110.19673920 37.64312744
v -70.43541718 110.19673920 37.64312744
v -73.37778473 110.19673920 37.64312744
v -79.26253510 110.19673920 37.64312744
v -82.20490265 110.19673920 37.64312744
v -85.14727783 110.19673920 37.64312744
v -88.08965302 110.19673920 37.64312744
v -93.97439575 110.19673920 37.64312744
v -96.91677094 110.19673920 37.64312744
v -99.85914612 110.19673920 37.64312744
v -102.48809814 110.18986511 37.58964920
v -102.64663696 110.15269470 37.49565506
v -17.47270203 110.19673920 37.64312744
v -32.18456650 110.19673920 37.64312744
v -46.89643097 110.19673920 37.64312744
v -61.60829544 110.19673920 37.64312744
v -76.32015991 110.19673920 37.64312744
v -91.03202820 110.19673920 37.64312744
v -103.14988708 106.85306549 37.45631409
v -103.14988708 107.30934143 37.17406082
v -103.14988708 107.81241608 36.98759842
v -103.14988708 108.34243011 36.90428925
v -103.14988708 108.87844849 36.92742538
v -103.05754852 109.78256989 37.22701645
v -102.94520569 109.94390106 37.32201767
v -103.14988708 109.39931488 37.05609131
v -103.12692261 109.59607697 37.13507080
v -103.14988708 106.35459137 36.75000000
v -103.14988708 106.35459137 37.21018982
v -103.14988708 106.38476562 37.34358978
v -103.14988708 106.46940613 37.45102692
v -103.14988708 106.59204865 37.51158142
v -103.14988708 106.72880554 37.51346588
v -103.14988708 105.15459442 27.78981209
v -103.14988708 105.21258545 27.37536240
v -103.14988708 105.38210297 26.99274826
v -103.14988708 105.65012360 26.67135239
v -103.14988708 105.99606323 26.43586540
v -103.14988708 106.39335632 26.30437279
v -103.14988708 106.81147766 26.28697205
v -103.14988708 107.21832275 26.38500404
v -103.14988708 107.58263397 26.59093666
v -103.14988708 105.15459442 28.25000000
v -103.09453583 109.20285034 26.72217941
v -103.05754852 109.78256989 27.77298355
v -102.93295288 109.45034027 26.55609322
v -102.94520569 109.94390106 27.67798233
v -102.80151367 110.07216644 27.59118080
v -103.12692261 109.59607697 27.86492920
v -103.13608551 109.05413055 26.79144478
v -103.14988708 109.39931488 27.94391060
v -103.14988708 108.89834595 26.84463882
v -102.76537323 109.60277557 26.48976707
v -102.65222168 110.15071869 27.50764084
v -102.57165527 109.73941040 26.50373650
v -102.48897552 110.19016266 27.41077232
v -102.36122131 109.84635162 26.56835747
v -102.14988708 110.16986847 27.22330856
v -102.14988708 109.91447449 26.66290474
v -103.14988708 106.35459137 28.25000000
v -103.14988708 106.35459137 27.78981209
v -103.14988708 106.38476562 27.65640831
v -103.14988708 106.46940613 27.54897308
v -103.14988708 106.59204865 27.48842049
v -103.14988708 106.72880554 27.48653412
v -103.14988708 106.85306549 27.54368401
v -103.14988708 107.88021851 26.76840973
v -103.14988708 108.21058655 26.87286758
v -103.14988708 107.30934143 27.82593727
v -103.14988708 108.55610657 26.89873886
v -103.14988708 107.81241608 28.01239967
v -103.14988708 108.34243011 28.09570885
v -103.14988708 108.87844849 28.07257462
v -5.70320988 109.83121490 26.55492783
v -8.64956570 109.83121490 26.55492783
v -5.70320988 109.91447449 26.66290474
v -11.59592152 109.83121490 26.55492783
v -14.54227734 109.83121490 26.55492783
v -14.54227734 109.70876312 26.49495316
v -17.48863220 109.70876312 26.49495316
v -23.38134384 109.70876312 26.49495316
v -26.32769966 109.70876312 26.49495316
v -23.38134384 109.83121490 26.55492783
v -26.32769966 109.83121490 26.55492783
v -29.27405548 109.83121490 26.55492783
v -32.22041321 109.83121490 26.55492783
v -32.22041321 109.70876312 26.49495316
v -35.16676712 109.70876312 26.49495316
v -41.05947876 109.70876312 26.49495316
v -44.00583649 109.70876312 26.49495316
v -41.05947876 109.83121490 26.55492783
v -44.00583649 109.83121490 26.55492783
v -46.95219040 109.83121490 26.55492783
v -49.89854431 109.83121490 26.55492783
v -49.89854431 109.70876312 26.49495316
v -52.84490204 109.70876312 26.49495316
v -58.73761368 109.70876312 26.49495316
v -61.68396759 109.70876312 26.49495316
v -58.73761368 109.83121490 26.55492783
v -61.68396759 109.83121490 26.55492783
v -64.63032532 109.83121490 26.55492783
v -67.57668304 109.83121490 26.55492783
v -67.57668304 109.70876312 26.49495316
v -70.52303314 109.70876312 26.49495316
v -76.41574860 109.70876312 26.49495316
v -79.36210632 109.70876312 26.49495316
v -76.41574860 109.83121490 26.55492783
v -79.36210632 109.83121490 26.55492783
v -82.30845642 109.83121490 26.55492783
v -85.25481415 109.83121490 26.55492783
v -85.25481415 109.70876312 26.49495316
v -88.20117188 109.70876312 26.49495316
v -94.09387970 109.70876312 26.49495316
v -97.04023743 109.70876312 26.49495316
v -94.09387970 109.83121490 26.55492783
v -97.04023743 109.83121490 26.55492783
v -99.98659515 109.83121490 26.55492783
v -99.98659515 109.70876312 26.49495316
v -8.64956570 109.70876312 26.49495316
v -5.70320988 109.70876312 26.49495316
v -46.95219040 109.70876312 26.49495316
v -11.59592152 109.70876312 26.49495316
v -17.48863220 109.83121490 26.55492783
v -20.43498802 109.83121490 26.55492783
v -20.43498802 109.70876312 26.49495316
v -29.27405548 109.70876312 26.49495316
v -35.16676712 109.83121490 26.55492783
v -38.11312485 109.83121490 26.55492783
v -38.11312485 109.70876312 26.49495316
v -52.84490204 109.83121490 26.55492783
v -55.79125595 109.83121490 26.55492783
v -55.79125595 109.70876312 26.49495316
v -64.63032532 109.70876312 26.49495316
v -70.52303314 109.83121490 26.55492783
v -73.46939087 109.83121490 26.55492783
v -73.46939087 109.70876312 26.49495316
v -82.30845642 109.70876312 26.49495316
v -88.20117188 109.83121490 26.55492783
v -91.14752960 109.83121490 26.55492783
v -91.14752960 109.70876312 26.49495316
v -5.70320988 110.16986847 27.22330856
v -14.53032875 110.19673920 27.35687256
v -17.47270203 110.19673920 27.35687256
v -20.41507530 110.19673920 27.35687256
v -23.35744667 110.19673920 27.35687256
v -29.24219322 110.19673920 27.35687256
v -32.18456650 110.19673920 27.35687256
v -35.12693787 110.19673920 27.35687256
v -38.06931305 110.19673920 27.35687256
v -43.95405960 110.19673920 27.35687256
v -46.89643097 110.19673920 27.35687256
v -49.83880234 110.19673920 27.35687256
v -52.78117752 110.19673920 27.35687256
v -58.66592407 110.19673920 27.35687256
v -61.60829544 110.19673920 27.35687256
v -64.55066681 110.19673920 27.35687256
v -67.49304199 110.19673920 27.35687256
v -73.37778473 110.19673920 27.35687256
v -76.32015991 110.19673920 27.35687256
v -79.26253510 110.19673920 27.35687256
v -82.20490265 110.19673920 27.35687256
v -88.08965302 110.19673920 27.35687256
v -91.03202820 110.19673920 27.35687256
v -93.97439575 110.19673920 27.35687256
v -96.91677094 110.19673920 27.35687256
v -99.85914612 110.19673920 27.35687256
v -8.64558220 110.19673920 27.35687256
v -5.70320988 110.19673920 27.35687256
v -55.72354889 110.19673920 27.35687256
v -11.58795547 110.19673920 27.35687256
v -26.29981995 110.19673920 27.35687256
v -41.01168442 110.19673920 27.35687256
v -70.43541718 110.19673920 27.35687256
v -85.14727783 110.19673920 27.35687256
v -5.70320988 110.19673920 37.64312744
v -8.64558220 110.19673920 37.64312744
v -11.58795547 110.19673920 37.64312744
v -14.53032875 110.19673920 37.64312744
v -14.53032875 110.16176605 37.51145172
v -17.47270203 110.16176605 37.51145172
v -20.41507530 110.16176605 37.51145172
v -23.35744667 110.16176605 37.51145172
v -20.41507530 110.19673920 37.64312744
v -23.35744667 110.19673920 37.64312744
v -26.29981995 110.19673920 37.64312744
v -29.24219322 110.19673920 37.64312744
v -29.24219322 110.16176605 37.51145172
v -32.18456650 110.16176605 37.51145172
v -35.12693787 110.16176605 37.51145172
v -38.06931305 110.16176605 37.51145172
v -35.12693787 110.19673920 37.64312744
v -38.06931305 110.19673920 37.64312744
v -41.01168442 110.19673920 37.64312744
v -43.95405960 110.19673920 37.64312744
v -43.95405960 110.16176605 37.51145172
v -46.89643097 110.16176605 37.51145172
v -49.83880234 110.16176605 37.51145172
v -52.78117752 110.16176605 37.51145172
v -49.83880234 110.19673920 37.64312744
v -52.78117752 110.19673920 37.64312744
v -55.72354889 110.19673920 37.64312744
v -58.66592407 110.19673920 37.64312744
v -58.66592407 110.16176605 37.51145172
v -61.60829544 110.16176605 37.51145172
v -64.55066681 110.16176605 37.51145172
v -67.49304199 110.16176605 37.51145172
v -64.55066681 110.19673920 37.64312744
v -67.49304199 110.19673920 37.64312744
v -70.43541718 110.19673920 37.64312744
v -73.37778473 110.19673920 37.64312744
v -73.37778473 110.16176605 37.51145172
v -76.32015991 110.16176605 37.51145172
v -79.26253510 110.16176605 37.51145172
v -82.20490265 110.16176605 37.51145172
v -79.26253510 110.19673920 37.64312744
v -82.20490265 110.19673920 37.64312744
v -85.14727783 110.19673920 37.64312744
v -88.08965302 110.19673920 37.64312744
v -88.08965302 110.16176605 37.51145172
v -91.03202820 110.16176605 37.51145172
v -93.97439575 110.16176605 37.51145172
v -96.91677094 110.16176605 37.51145172
v -93.97439575 110.19673920 37.64312744
v -96.91677094 110.19673920 37.64312744
v -99.85914612 110.19673920 37.64312744
v -102.48809814 110.18986511 37.58964920
v -99.85914612 110.16176605 37.51145172
v -102.64663696 110.15269470 37.49565506
v -8.64558220 110.16176605 37.51145172
v -5.70320988 110.16176605 37.51145172
v -55.72354889 110.16176605 37.51145172
v -11.58795547 110.16176605 37.51145172
v -17.47270203 110.19673920 37.64312744
v -26.29981995 110.16176605 37.51145172
v -32.18456650 110.19673920 37.64312744
v -41.01168442 110.16176605 37.51145172
v -46.89643097 110.19673920 37.64312744
v -61.60829544 110.19673920 37.64312744
v -70.43541718 110.16176605 37.51145172
v -76.32015991 110.19673920 37.64312744
v -85.14727783 110.16176605 37.51145172
v -91.03202820 110.19673920 37.64312744
v -14.53032875 110.16176605 37.51145172
v -17.47270203 110.16176605 37.51145172
v -5.70320988 110.07216644 37.40882111
v -20.41507530 110.16176605 37.51145172
v -23.35744667 110.16176605 37.51145172
v -29.24219322 110.16176605 37.51145172
v -32.18456650 110.16176605 37.51145172
v -35.12693787 110.16176605 37.51145172
v -38.06931305 110.16176605 37.51145172
v -43.95405960 110.16176605 37.51145172
v -46.89643097 110.16176605 37.51145172
v -49.83880234 110.16176605 37.51145172
v -52.78117752 110.16176605 37.51145172
v -58.66592407 110.16176605 37.51145172
v -61.60829544 110.16176605 37.51145172
v -102.80151367 110.07216644 37.40882111
v -64.55066681 110.16176605 37.51145172
v -67.49304199 110.16176605 37.51145172
v -73.37778473 110.16176605 37.51145172
v -76.32015991 110.16176605 37.51145172
v -79.26253510 110.16176605 37.51145172
v -82.20490265 110.16176605 37.51145172
v -88.08965302 110.16176605 37.51145172
v -91.03202820 110.16176605 37.51145172
v -93.97439575 110.16176605 37.51145172
v -96.91677094 110.16176605 37.51145172
v -99.85914612 110.16176605 37.51145172
v -102.64663696 110.15269470 37.49565506
v -8.64558220 110.16176605 37.51145172
v -5.70320988 110.16176605 37.51145172
v -55.72354889 110.16176605 37.51145172
v -11.58795547 110.16176605 37.51145172
v -26.29981995 110.16176605 37.51145172
v -41.01168442 110.16176605 37.51145172
v -70.43541718 110.16176605 37.51145172
v -85.14727783 110.16176605 37.51145172
v -5.70320988 109.57351685 37.12493896
v -17.88404465 109.57351685 37.12493896
v -30.06488037 109.57351685 37.12493896
v -42.24571609 109.57351685 37.12493896
v -42.24571609 109.02613831 36.95283890
v -54.42655182 109.02613831 36.95283890
v -54.42655182 108.45475769 36.90029526
v -66.60738373 108.45475769 36.90029526
v -66.60738373 107.88517761 36.96967316
v -78.78822327 107.88517761 36.96967316
v -78.78822327 107.34311676 37.15784836
v -90.96905518 107.34311676 37.15784836
v -103.14988708 106.85306549 37.45631409
v -103.14988708 107.30934143 37.17406082
v -17.88404465 109.02613831 36.95283890
v -5.70320988 109.02613831 36.95283890
v -17.88404465 108.45475769 36.90029526
v -5.70320988 108.45475769 36.90029526
v -17.88404465 107.88517761 36.96967316
v -5.70320988 107.88517761 36.96967316
v -17.88404465 107.34311676 37.15784836
v -5.70320988 107.34311676 37.15784836
v -5.70320988 106.85306549 37.45631409
v -54.42655182 107.34311676 37.15784836
v -42.24571609 107.34311676 37.15784836
v -30.06488037 107.34311676 37.15784836
v -30.06488037 107.88517761 36.96967316
v -103.14988708 107.81241608 36.98759842
v -90.96905518 107.88517761 36.96967316
v -78.78822327 108.45475769 36.90029526
v -66.60738373 109.02613831 36.95283890
v -54.42655182 109.57351685 37.12493896
v -103.14988708 108.34243011 36.90428925
v -90.96905518 108.45475769 36.90029526
v -78.78822327 109.02613831 36.95283890
v -66.60738373 109.57351685 37.12493896
v -103.14988708 108.87844849 36.92742538
v -90.96905518 109.02613831 36.95283890
v -78.78822327 109.57351685 37.12493896
v -103.05754852 109.78256989 37.22701645
v -102.94520569 109.94390106 37.32201767
v -103.14988708 109.39931488 37.05609131
v -90.96905518 109.57351685 37.12493896
v -103.12692261 109.59607697 37.13507080
v -30.06488037 109.02613831 36.95283890
v -30.06488037 108.45475769 36.90029526
v -42.24571609 108.45475769 36.90029526
v -54.42655182 107.88517761 36.96967316
v -66.60738373 107.34311676 37.15784836
v -42.24571609 107.88517761 36.96967316
v -103.14988708 106.72880554 37.51346588
v -5.70320988 106.72880554 37.51346588
v -8.65613937 106.72880554 37.51346588
v -11.60906887 106.72880554 37.51346588
v -14.56199837 106.72880554 37.51346588
v -26.37371826 106.72880554 37.51346588
v -29.32664680 106.72880554 37.51346588
v -32.27957535 106.72880554 37.51346588
v -35.23250580 106.72880554 37.51346588
v -47.04422760 106.72880554 37.51346588
v -49.99715424 106.72880554 37.51346588
v -52.95008469 106.72880554 37.51346588
v -55.90301514 106.72880554 37.51346588
v -67.71473694 106.72880554 37.51346588
v -70.66766357 106.72880554 37.51346588
v -73.62059021 106.72880554 37.51346588
v -76.57352448 106.72880554 37.51346588
v -88.38523865 106.72880554 37.51346588
v -91.33817291 106.72880554 37.51346588
v -94.29109955 106.72880554 37.51346588
v -97.24403381 106.72880554 37.51346588
v -100.19696045 106.72880554 37.51346588
v -58.85594559 106.72880554 37.51346588
v -61.80887604 106.72880554 37.51346588
v -17.51492882 106.72880554 37.51346588
v -20.46785736 106.72880554 37.51346588
v -23.42078781 106.72880554 37.51346588
v -38.18543625 106.72880554 37.51346588
v -41.13836670 106.72880554 37.51346588
v -44.09129715 106.72880554 37.51346588
v -64.76180267 106.72880554 37.51346588
v -79.52645111 106.72880554 37.51346588
v -82.47938538 106.72880554 37.51346588
v -85.43231201 106.72880554 37.51346588
v -103.34989166 105.15459442 36.75000000
v -103.34989166 105.15459442 28.25000000
v -104.30094910 105.84557343 36.75000000
v -104.34989166 106.15459442 36.75000000
v -104.30094910 105.84557343 32.50000000
v -104.34989166 106.15459442 28.25000000
v -104.30094910 105.84557343 28.25000000
v -104.15890503 105.56681061 32.50000000
v -104.15890503 105.56681061 28.25000000
v -103.93767548 105.34557343 32.50000000
v -103.93767548 105.34557343 28.25000000
v -103.65890503 105.20353699 32.50000000
v -103.65890503 105.20353699 28.25000000
v -103.65890503 105.20353699 36.75000000
v -103.93767548 105.34557343 36.75000000
v -104.15890503 105.56681061 36.75000000
v -104.34989166 110.15292358 28.70915794
v -104.34989166 110.07334137 28.47677612
v -104.34989166 110.11223602 28.95139694
v -104.34989166 109.89270020 28.31033516
v -104.34989166 109.74939728 29.92915535
v -104.34989166 109.65459442 28.25000000
v -104.34989166 109.50463867 30.94293976
v -104.34989166 109.38140106 31.97854424
v -104.34989166 109.38140106 33.02145767
v -104.34989166 109.50463867 34.05706024
v -104.34989166 109.65459442 36.75000000
v -104.34989166 109.74939728 35.07084656
v -104.34989166 109.89270020 36.68966675
v -104.34989166 110.11223602 36.04860306
v -104.34989166 110.07334137 36.52322388
v -104.34989166 110.15292358 36.29084015
v -103.14988708 105.15459442 36.75000000
v -103.34989166 105.15459442 36.75000000
v -103.14988708 106.35459137 36.75000000
v -104.30094910 105.84557343 36.75000000
v -104.34989166 106.15459442 36.75000000
v -103.65890503 105.20353699 36.75000000
v -103.93767548 105.34557343 36.75000000
v -104.15890503 105.56681061 36.75000000
v -104.34989166 109.65459442 36.75000000
v -104.34989166 109.89270020 36.68966675
v -103.14988708 109.65459442 36.75000000
v -103.14988708 109.89270020 36.68966675
v -103.14988708 106.35459137 28.25000000
v -103.14988708 106.35459137 36.75000000
v -103.14988708 109.65459442 36.75000000
v -103.14988708 109.89270020 28.31033516
v -103.14988708 109.74939728 29.92915535
v -103.14988708 109.65459442 28.25000000
v -103.14988708 109.50463867 30.94293976
v -103.14988708 109.38140106 31.97854424
v -103.14988708 109.38140106 33.02145767
v -103.14988708 109.50463867 34.05706024
v -103.14988708 110.11223602 28.95139694
v -103.14988708 110.07334137 28.47677612
v -103.14988708 110.15292358 28.70915794
v -103.14988708 109.74939728 35.07084656
v -103.14988708 109.89270020 36.68966675
v -103.14988708 110.11223602 36.04860306
v -103.14988708 110.07334137 36.52322388
v -103.14988708 110.15292358 36.29084015
v -103.34989166 105.15459442 28.25000000
v -103.14988708 105.15459442 28.25000000
v -103.14988708 106.35459137 28.25000000
v -104.34989166 106.15459442 28.25000000
v -104.30094910 105.84557343 28.25000000
v -104.15890503 105.56681061 28.25000000
v -103.93767548 105.34557343 28.25000000
v -103.65890503 105.20353699 28.25000000
v -104.34989166 109.89270020 28.31033516
v -104.34989166 109.65459442 28.25000000
v -103.14988708 109.89270020 28.31033516
v -103.14988708 109.65459442 28.25000000
v -104.34989166 110.15292358 28.70915794
v -104.34989166 110.11223602 28.95139694
v -104.34989166 109.74939728 29.92915535
v -104.34989166 109.50463867 30.94293976
v -104.34989166 109.38140106 31.97854424
v -104.34989166 109.38140106 33.02145767
v -104.34989166 109.50463867 34.05706024
v -104.34989166 109.74939728 35.07084656
v -104.34989166 110.11223602 36.04860306
v -104.34989166 110.15292358 36.29084015
v -103.14988708 109.74939728 29.92915535
v -103.14988708 109.50463867 30.94293976
v -103.14988708 109.38140106 31.97854424
v -103.14988708 109.38140106 33.02145767
v -103.14988708 109.50463867 34.05706024
v -103.14988708 110.11223602 28.95139694
v -103.14988708 110.15292358 28.70915794
v -103.14988708 109.74939728 35.07084656
v -103.14988708 110.11223602 36.04860306
v -103.14988708 110.15292358 36.29084015
v -104.34989166 110.07334137 36.52322388
v -104.34989166 110.15292358 36.29084015
v -103.14988708 110.07334137 36.52322388
v -103.14988708 110.15292358 36.29084015
v -104.34989166 109.89270020 36.68966675
v -104.34989166 110.07334137 36.52322388
v -103.14988708 109.89270020 36.68966675
v -103.14988708 110.07334137 36.52322388
v -104.34989166 110.07334137 28.47677612
v -104.34989166 109.89270020 28.31033516
v -103.14988708 109.89270020 28.31033516
v -103.14988708 110.07334137 28.47677612
v -104.34989166 110.15292358 28.70915794
v -104.34989166 110.07334137 28.47677612
v -103.14988708 110.07334137 28.47677612
v -103.14988708 110.15292358 28.70915794
v -85.74069977 105.15459442 34.09627151
v -86.17542267 105.15459442 34.06653595
v -86.58599091 105.15459442 33.92061615
v -86.94197845 105.15459442 33.66933823
v -87.21696472 105.15459442 33.33133316
v -87.39055634 105.15459442 32.93167496
v -87.44989014 105.15459442 32.50000000
v -87.39055634 105.15459442 32.06832504
v -87.21696472 105.15459442 31.66866493
v -86.94197845 105.15459442 31.33066177
v -86.58599091 105.15459442 31.07938385
v -86.17542267 105.15459442 30.93346596
v -85.74069977 105.15459442 30.90373039
v -85.31407928 105.15459442 30.99238205
v -84.92720032 105.15459442 31.19284821
v -84.60874939 105.15459442 31.49025917
v -84.38235474 105.15459442 31.86255836
v -84.26479340 105.15459442 32.28213501
v -84.26479340 105.15459442 32.71786499
v -84.38235474 105.15459442 33.13744354
v -84.60874939 105.15459442 33.50973892
v -84.92720032 105.15459442 33.80715179
v -85.31407928 105.15459442 34.00761795
v -87.44989014 106.35459137 32.50000000
v -87.39055634 106.35459137 32.93167496
v -87.21696472 106.35459137 33.33133316
v -86.94197845 106.35459137 33.66933823
v -86.58599091 106.35459137 33.92061615
v -86.17542267 106.35459137 34.06653595
v -85.74069977 106.35459137 34.09627151
v -85.31407928 106.35459137 34.00761795
v -84.92720032 106.35459137 33.80715179
v -84.60874939 106.35459137 33.50973892
v -84.38235474 106.35459137 33.13744354
v -84.26479340 106.35459137 32.71786499
v -84.26479340 106.35459137 32.28213501
v -84.38235474 106.35459137 31.86255836
v -84.60874939 106.35459137 31.49025917
v -84.92720032 106.35459137 31.19284821
v -85.31407928 106.35459137 30.99238205
v -85.74069977 106.35459137 30.90373039
v -86.17542267 106.35459137 30.93346596
v -86.58599091 106.35459137 31.07938385
v -86.94197845 106.35459137 31.33066177
v -87.21696472 106.35459137 31.66866493
v -87.39055634 106.35459137 32.06832504
v -23.84988976 105.15459442 32.50000000
v -23.90440941 105.15459442 32.08588791
v -24.06424904 105.15459442 31.70000076
v -26.24989128 105.15459442 34.09999847
v -25.44989014 105.15459442 34.09999847
v -26.24989128 105.15459442 30.89999962
v -25.44989014 105.15459442 30.89999962
v -25.03577995 105.15459442 30.95451927
v -24.64989090 105.15459442 31.11435890
v -24.31851959 105.15459442 31.36862946
v -26.66400146 105.15459442 34.04548264
v -27.04989052 105.15459442 33.88563919
v -27.38126183 105.15459442 33.63137054
v -27.63553047 105.15459442 33.29999924
v -27.79537201 105.15459442 32.91411209
v -27.84988976 105.15459442 32.50000000
v -27.79537201 105.15459442 32.08588791
v -27.63553047 105.15459442 31.70000076
v -27.38126183 105.15459442 31.36862946
v -27.04989052 105.15459442 31.11435890
v -26.66400146 105.15459442 30.95451927
v -25.03577995 105.15459442 34.04548264
v -24.64989090 105.15459442 33.88563919
v -24.31851959 105.15459442 33.63137054
v -24.06424904 105.15459442 33.29999924
v -23.90440941 105.15459442 32.91411209
v -25.44989014 106.35459137 30.89999962
v -25.03577995 106.35459137 30.95451927
v -24.64989090 106.35459137 31.11435890
v -24.31851959 106.35459137 31.36862946
v -24.06424904 106.35459137 31.70000076
v -23.90440941 106.35459137 32.08588791
v -23.84988976 106.35459137 32.50000000
v -23.90440941 106.35459137 32.91411209
v -24.06424904 106.35459137 33.29999924
v -24.31851959 106.35459137 33.63137054
v -24.64989090 106.35459137 33.88563919
v -25.03577995 106.35459137 34.04548264
v -25.44989014 106.35459137 34.09999847
v -26.24989128 106.35459137 30.89999962
v -26.24989128 106.35459137 34.09999847
v -26.66400146 106.35459137 34.04548264
v -27.04989052 106.35459137 33.88563919
v -27.38126183 106.35459137 33.63137054
v -27.63553047 106.35459137 33.29999924
v -27.79537201 106.35459137 32.91411209
v -27.84988976 106.35459137 32.50000000
v -27.79537201 106.35459137 32.08588791
v -27.63553047 106.35459137 31.70000076
v -27.38126183 106.35459137 31.36862946
v -27.04989052 106.35459137 31.11435890
v -26.66400146 106.35459137 30.95451927
v -70.44989014 105.15459442 34.09999847
v -71.24989319 105.15459442 34.09999847
v -71.24989319 105.15459442 30.89999962
v -71.66400146 105.15459442 30.95451927
v -70.44989014 105.15459442 30.89999962
v -70.03578186 105.15459442 34.04548264
v -69.64988708 105.15459442 33.88563919
v -69.31851959 105.15459442 33.63137054
v -69.06424713 105.15459442 33.29999924
v -68.90441132 105.15459442 32.91411209
v -68.84989166 105.15459442 32.50000000
v -68.90441132 105.15459442 32.08588791
v -69.06424713 105.15459442 31.70000076
v -69.31851959 105.15459442 31.36862946
v -69.64988708 105.15459442 31.11435890
v -70.03578186 105.15459442 30.95451927
v -72.04988861 105.15459442 31.11435890
v -72.38126373 105.15459442 31.36862946
v -72.63552856 105.15459442 31.70000076
v -72.79537201 105.15459442 32.08588791
v -72.84989166 105.15459442 32.50000000
v -72.79537201 105.15459442 32.91411209
v -72.63552856 105.15459442 33.29999924
v -72.38126373 105.15459442 33.63137054
v -72.04988861 105.15459442 33.88563919
v -71.66400146 105.15459442 34.04548264
v -70.44989014 106.35459137 30.89999962
v -70.03578186 106.35459137 30.95451927
v -69.64988708 106.35459137 31.11435890
v -69.31851959 106.35459137 31.36862946
v -69.06424713 106.35459137 31.70000076
v -68.90441132 106.35459137 32.08588791
v -68.84989166 106.35459137 32.50000000
v -68.90441132 106.35459137 32.91411209
v -69.06424713 106.35459137 33.29999924
v -69.31851959 106.35459137 33.63137054
v -69.64988708 106.35459137 33.88563919
v -70.03578186 106.35459137 34.04548264
v -70.44989014 106.35459137 34.09999847
v -71.24989319 106.35459137 30.89999962
v -71.24989319 106.35459137 34.09999847
v -71.66400146 106.35459137 34.04548264
v -72.04988861 106.35459137 33.88563919
v -72.38126373 106.35459137 33.63137054
v -72.63552856 106.35459137 33.29999924
v -72.79537201 106.35459137 32.91411209
v -72.84989166 106.35459137 32.50000000
v -72.79537201 106.35459137 32.08588791
v -72.63552856 106.35459137 31.70000076
v -72.38126373 106.35459137 31.36862946
v -72.04988861 106.35459137 31.11435890
v -71.66400146 106.35459137 30.95451927
v -102.76537323 109.60277557 26.48976707
v -102.57165527 109.73941040 26.50373650
v -14.54227734 109.70876312 26.49495316
v -17.48863220 109.70876312 26.49495316
v -17.48863220 109.57241821 26.49537086
v -20.43498802 109.57241821 26.49537086
v -23.38134384 109.57241821 26.49537086
v -26.32769966 109.57241821 26.49537086
v -23.38134384 109.70876312 26.49495316
v -26.32769966 109.70876312 26.49495316
v -32.22041321 109.70876312 26.49495316
v -35.16676712 109.70876312 26.49495316
v -35.16676712 109.57241821 26.49537086
v -38.11312485 109.57241821 26.49537086
v -41.05947876 109.57241821 26.49537086
v -44.00583649 109.57241821 26.49537086
v -41.05947876 109.70876312 26.49495316
v -44.00583649 109.70876312 26.49495316
v -49.89854431 109.70876312 26.49495316
v -52.84490204 109.70876312 26.49495316
v -52.84490204 109.57241821 26.49537086
v -55.79125595 109.57241821 26.49537086
v -58.73761368 109.57241821 26.49537086
v -61.68396759 109.57241821 26.49537086
v -58.73761368 109.70876312 26.49495316
v -61.68396759 109.70876312 26.49495316
v -67.57668304 109.70876312 26.49495316
v -70.52303314 109.70876312 26.49495316
v -70.52303314 109.57241821 26.49537086
v -73.46939087 109.57241821 26.49537086
v -76.41574860 109.57241821 26.49537086
v -79.36210632 109.57241821 26.49537086
v -76.41574860 109.70876312 26.49495316
v -79.36210632 109.70876312 26.49495316
v -85.25481415 109.70876312 26.49495316
v -88.20117188 109.70876312 26.49495316
v -88.20117188 109.57241821 26.49537086
v -91.14752960 109.57241821 26.49537086
v -94.09387970 109.57241821 26.49537086
v -97.04023743 109.57241821 26.49537086
v -94.09387970 109.70876312 26.49495316
v -97.04023743 109.70876312 26.49495316
v -99.98659515 109.70876312 26.49495316
v -99.98659515 109.57241821 26.49537086
v -8.64956570 109.70876312 26.49495316
v -5.70320988 109.70876312 26.49495316
v -8.64956570 109.57241821 26.49537086
v -5.70320988 109.57241821 26.49537086
v -49.89854431 109.57241821 26.49537086
v -46.95219040 109.57241821 26.49537086
v -46.95219040 109.70876312 26.49495316
v -11.59592152 109.70876312 26.49495316
v -11.59592152 109.57241821 26.49537086
v -20.43498802 109.70876312 26.49495316
v -29.27405548 109.70876312 26.49495316
v -29.27405548 109.57241821 26.49537086
v -38.11312485 109.70876312 26.49495316
v -55.79125595 109.70876312 26.49495316
v -64.63032532 109.70876312 26.49495316
v -64.63032532 109.57241821 26.49537086
v -73.46939087 109.70876312 26.49495316
v -82.30845642 109.70876312 26.49495316
v -82.30845642 109.57241821 26.49537086
v -91.14752960 109.70876312 26.49495316
v -14.54227734 109.57241821 26.49537086
v -32.22041321 109.57241821 26.49537086
v -67.57668304 109.57241821 26.49537086
v -85.25481415 109.57241821 26.49537086
v -103.05754852 109.78256989 27.77298355
v -102.94520569 109.94390106 27.67798233
v -102.80151367 110.07216644 27.59118080
v -103.12692261 109.59607697 27.86492920
v -103.14988708 109.39931488 27.94391060
v -102.65222168 110.15071869 27.50764084
v -102.48897552 110.19016266 27.41077232
v -103.14988708 106.72880554 27.48653412
v -103.14988708 106.85306549 27.54368401
v -103.14988708 107.30934143 27.82593727
v -103.14988708 107.81241608 28.01239967
v -103.14988708 108.34243011 28.09570885
v -103.14988708 108.87844849 28.07257462
v -5.70320988 110.16176605 27.48855019
v -8.64558220 110.16176605 27.48855019
v -5.70320988 110.07216644 27.59118080
v -11.58795547 110.16176605 27.48855019
v -14.53032875 110.16176605 27.48855019
v -14.53032875 110.19673920 27.35687256
v -17.47270203 110.19673920 27.35687256
v -20.41507530 110.19673920 27.35687256
v -23.35744667 110.19673920 27.35687256
v -20.41507530 110.16176605 27.48855019
v -23.35744667 110.16176605 27.48855019
v -26.29981995 110.16176605 27.48855019
v -29.24219322 110.16176605 27.48855019
v -29.24219322 110.19673920 27.35687256
v -32.18456650 110.19673920 27.35687256
v -35.12693787 110.19673920 27.35687256
v -38.06931305 110.19673920 27.35687256
v -35.12693787 110.16176605 27.48855019
v -38.06931305 110.16176605 27.48855019
v -41.01168442 110.16176605 27.48855019
v -43.95405960 110.16176605 27.48855019
v -43.95405960 110.19673920 27.35687256
v -46.89643097 110.19673920 27.35687256
v -49.83880234 110.19673920 27.35687256
v -52.78117752 110.19673920 27.35687256
v -49.83880234 110.16176605 27.48855019
v -52.78117752 110.16176605 27.48855019
v -55.72354889 110.16176605 27.48855019
v -58.66592407 110.16176605 27.48855019
v -58.66592407 110.19673920 27.35687256
v -61.60829544 110.19673920 27.35687256
v -64.55066681 110.19673920 27.35687256
v -67.49304199 110.19673920 27.35687256
v -64.55066681 110.16176605 27.48855019
v -67.49304199 110.16176605 27.48855019
v -70.43541718 110.16176605 27.48855019
v -73.37778473 110.16176605 27.48855019
v -73.37778473 110.19673920 27.35687256
v -76.32015991 110.19673920 27.35687256
v -79.26253510 110.19673920 27.35687256
v -82.20490265 110.19673920 27.35687256
v -79.26253510 110.16176605 27.48855019
v -82.20490265 110.16176605 27.48855019
v -85.14727783 110.16176605 27.48855019
v -88.08965302 110.16176605 27.48855019
v -88.08965302 110.19673920 27.35687256
v -91.03202820 110.19673920 27.35687256
v -93.97439575 110.19673920 27.35687256
v -96.91677094 110.19673920 27.35687256
v -93.97439575 110.16176605 27.48855019
v -96.91677094 110.16176605 27.48855019
v -99.85914612 110.16176605 27.48855019
v -99.85914612 110.19673920 27.35687256
v -8.64558220 110.19673920 27.35687256
v -5.70320988 110.19673920 27.35687256
v -55.72354889 110.19673920 27.35687256
v -76.32015991 110.16176605 27.48855019
v -11.58795547 110.19673920 27.35687256
v -17.47270203 110.16176605 27.48855019
v -26.29981995 110.19673920 27.35687256
v -32.18456650 110.16176605 27.48855019
v -41.01168442 110.19673920 27.35687256
v -46.89643097 110.16176605 27.48855019
v -61.60829544 110.16176605 27.48855019
v -70.43541718 110.19673920 27.35687256
v -85.14727783 110.19673920 27.35687256
v -91.03202820 110.16176605 27.48855019
v -5.70320988 107.34311676 27.84215355
v -17.88404465 107.34311676 27.84215355
v -5.70320988 106.85306549 27.54368401
v -30.06488037 107.34311676 27.84215355
v -42.24571609 107.34311676 27.84215355
v -42.24571609 107.88517761 28.03032684
v -54.42655182 107.88517761 28.03032684
v -54.42655182 108.45475769 28.09970665
v -66.60738373 108.45475769 28.09970665
v -66.60738373 109.02613831 28.04715919
v -78.78822327 109.02613831 28.04715919
v -78.78822327 109.57351685 27.87506104
v -90.96905518 109.57351685 27.87506104
v -17.88404465 107.88517761 28.03032684
v -5.70320988 107.88517761 28.03032684
v -17.88404465 108.45475769 28.09970665
v -5.70320988 108.45475769 28.09970665
v -17.88404465 109.02613831 28.04715919
v -5.70320988 109.02613831 28.04715919
v -17.88404465 109.57351685 27.87506104
v -5.70320988 109.57351685 27.87506104
v -54.42655182 109.57351685 27.87506104
v -42.24571609 109.57351685 27.87506104
v -30.06488037 109.57351685 27.87506104
v -30.06488037 109.02613831 28.04715919
v -90.96905518 109.02613831 28.04715919
v -90.96905518 108.45475769 28.09970665
v -90.96905518 107.88517761 28.03032684
v -90.96905518 107.34311676 27.84215355
v -30.06488037 107.88517761 28.03032684
v -30.06488037 108.45475769 28.09970665
v -54.42655182 107.34311676 27.84215355
v -66.60738373 107.34311676 27.84215355
v -78.78822327 107.34311676 27.84215355
v -78.78822327 107.88517761 28.03032684
v -66.60738373 107.88517761 28.03032684
v -42.24571609 108.45475769 28.09970665
v -54.42655182 109.02613831 28.04715919
v -66.60738373 109.57351685 27.87506104
v -78.78822327 108.45475769 28.09970665
v -42.24571609 109.02613831 28.04715919
v -20.46785736 106.72880554 27.48653412
v -23.42078781 106.72880554 27.48653412
v -26.37371826 106.72880554 27.48653412
v -29.32664680 106.72880554 27.48653412
v -41.13836670 106.72880554 27.48653412
v -44.09129715 106.72880554 27.48653412
v -47.04422760 106.72880554 27.48653412
v -49.99715424 106.72880554 27.48653412
v -61.80887604 106.72880554 27.48653412
v -64.76180267 106.72880554 27.48653412
v -67.71473694 106.72880554 27.48653412
v -70.66766357 106.72880554 27.48653412
v -82.47938538 106.72880554 27.48653412
v -85.43231201 106.72880554 27.48653412
v -88.38523865 106.72880554 27.48653412
v -91.33817291 106.72880554 27.48653412
v -100.19696045 106.72880554 27.48653412
v -97.24403381 106.72880554 27.48653412
v -94.29109955 106.72880554 27.48653412
v -8.65613937 106.72880554 27.48653412
v -5.70320988 106.72880554 27.48653412
v -52.95008469 106.72880554 27.48653412
v -55.90301514 106.72880554 27.48653412
v -58.85594559 106.72880554 27.48653412
v -11.60906887 106.72880554 27.48653412
v -32.27957535 106.72880554 27.48653412
v -73.62059021 106.72880554 27.48653412
v -17.51492882 106.72880554 27.48653412
v -38.18543625 106.72880554 27.48653412
v -79.52645111 106.72880554 27.48653412
v -14.56199837 106.72880554 27.48653412
v -35.23250580 106.72880554 27.48653412
v -76.57352448 106.72880554 27.48653412
v -103.14988708 106.35459137 27.78981209
v -103.14988708 106.38476562 27.65640831
v -5.70320988 106.38476562 27.65640831
v -8.65613937 106.38476562 27.65640831
v -5.70320988 106.35459137 27.78981209
v -11.60906887 106.38476562 27.65640831
v -14.56199837 106.38476562 27.65640831
v -26.37371826 106.38476562 27.65640831
v -29.32664680 106.38476562 27.65640831
v -32.27957535 106.38476562 27.65640831
v -35.23250580 106.38476562 27.65640831
v -47.04422760 106.38476562 27.65640831
v -49.99715424 106.38476562 27.65640831
v -52.95008469 106.38476562 27.65640831
v -55.90301514 106.38476562 27.65640831
v -67.71473694 106.38476562 27.65640831
v -70.66766357 106.38476562 27.65640831
v -73.62059021 106.38476562 27.65640831
v -76.57352448 106.38476562 27.65640831
v -88.38523865 106.38476562 27.65640831
v -91.33817291 106.38476562 27.65640831
v -94.29109955 106.38476562 27.65640831
v -97.24403381 106.38476562 27.65640831
v -100.19696045 106.38476562 27.65640831
v -58.85594559 106.38476562 27.65640831
v -61.80887604 106.38476562 27.65640831
v -17.51492882 106.38476562 27.65640831
v -20.46785736 106.38476562 27.65640831
v -23.42078781 106.38476562 27.65640831
v -38.18543625 106.38476562 27.65640831
v -41.13836670 106.38476562 27.65640831
v -44.09129715 106.38476562 27.65640831
v -64.76180267 106.38476562 27.65640831
v -79.52645111 106.38476562 27.65640831
v -82.47938538 106.38476562 27.65640831
v -85.43231201 106.38476562 27.65640831
v -103.14988708 106.38476562 27.65640831
v -103.14988708 106.46940613 27.54897308
v -5.70320988 106.38476562 27.65640831
v -8.65613937 106.38476562 27.65640831
v -11.60906887 106.38476562 27.65640831
v -14.56199837 106.38476562 27.65640831
v -14.56199837 106.46940613 27.54897308
v -17.51492882 106.46940613 27.54897308
v -26.37371826 106.46940613 27.54897308
v -29.32664680 106.46940613 27.54897308
v -26.37371826 106.38476562 27.65640831
v -29.32664680 106.38476562 27.65640831
v -32.27957535 106.38476562 27.65640831
v -35.23250580 106.38476562 27.65640831
v -35.23250580 106.46940613 27.54897308
v -38.18543625 106.46940613 27.54897308
v -47.04422760 106.46940613 27.54897308
v -49.99715424 106.46940613 27.54897308
v -47.04422760 106.38476562 27.65640831
v -49.99715424 106.38476562 27.65640831
v -52.95008469 106.38476562 27.65640831
v -55.90301514 106.38476562 27.65640831
v -55.90301514 106.46940613 27.54897308
v -58.85594559 106.46940613 27.54897308
v -67.71473694 106.46940613 27.54897308
v -70.66766357 106.46940613 27.54897308
v -67.71473694 106.38476562 27.65640831
v -70.66766357 106.38476562 27.65640831
v -73.62059021 106.38476562 27.65640831
v -76.57352448 106.38476562 27.65640831
v -76.57352448 106.46940613 27.54897308
v -79.52645111 106.46940613 27.54897308
v -88.38523865 106.46940613 27.54897308
v -91.33817291 106.46940613 27.54897308
v -88.38523865 106.38476562 27.65640831
v -91.33817291 106.38476562 27.65640831
v -94.29109955 106.38476562 27.65640831
v -97.24403381 106.38476562 27.65640831
v -97.24403381 106.46940613 27.54897308
v -100.19696045 106.46940613 27.54897308
v -8.65613937 106.46940613 27.54897308
v -5.70320988 106.46940613 27.54897308
v -100.19696045 106.38476562 27.65640831
v -58.85594559 106.38476562 27.65640831
v -61.80887604 106.38476562 27.65640831
v -61.80887604 106.46940613 27.54897308
v -64.76180267 106.46940613 27.54897308
v -11.60906887 106.46940613 27.54897308
v -17.51492882 106.38476562 27.65640831
v -20.46785736 106.38476562 27.65640831
v -23.42078781 106.38476562 27.65640831
v -23.42078781 106.46940613 27.54897308
v -20.46785736 106.46940613 27.54897308
v -32.27957535 106.46940613 27.54897308
v -38.18543625 106.38476562 27.65640831
v -41.13836670 106.38476562 27.65640831
v -44.09129715 106.38476562 27.65640831
v -44.09129715 106.46940613 27.54897308
v -41.13836670 106.46940613 27.54897308
v -52.95008469 106.46940613 27.54897308
v -64.76180267 106.38476562 27.65640831
v -73.62059021 106.46940613 27.54897308
v -79.52645111 106.38476562 27.65640831
v -82.47938538 106.38476562 27.65640831
v -85.43231201 106.38476562 27.65640831
v -85.43231201 106.46940613 27.54897308
v -82.47938538 106.46940613 27.54897308
v -94.29109955 106.46940613 27.54897308
v -103.14988708 106.46940613 27.54897308
v -103.14988708 106.59204865 27.48842049
v -14.56199837 106.46940613 27.54897308
v -17.51492882 106.46940613 27.54897308
v -17.51492882 106.59204865 27.48842049
v -20.46785736 106.59204865 27.48842049
v -26.37371826 106.59204865 27.48842049
v -29.32664680 106.59204865 27.48842049
v -26.37371826 106.46940613 27.54897308
v -29.32664680 106.46940613 27.54897308
v -35.23250580 106.46940613 27.54897308
v -38.18543625 106.46940613 27.54897308
v -38.18543625 106.59204865 27.48842049
v -41.13836670 106.59204865 27.48842049
v -47.04422760 106.59204865 27.48842049
v -49.99715424 106.59204865 27.48842049
v -47.04422760 106.46940613 27.54897308
v -49.99715424 106.46940613 27.54897308
v -55.90301514 106.46940613 27.54897308
v -58.85594559 106.46940613 27.54897308
v -58.85594559 106.59204865 27.48842049
v -61.80887604 106.59204865 27.48842049
v -67.71473694 106.59204865 27.48842049
v -70.66766357 106.59204865 27.48842049
v -67.71473694 106.46940613 27.54897308
v -70.66766357 106.46940613 27.54897308
v -76.57352448 106.46940613 27.54897308
v -79.52645111 106.46940613 27.54897308
v -79.52645111 106.59204865 27.48842049
v -82.47938538 106.59204865 27.48842049
v -88.38523865 106.59204865 27.48842049
v -91.33817291 106.59204865 27.48842049
v -88.38523865 106.46940613 27.54897308
v -91.33817291 106.46940613 27.54897308
v -97.24403381 106.46940613 27.54897308
v -100.19696045 106.46940613 27.54897308
v -100.19696045 106.59204865 27.48842049
v -94.29109955 106.59204865 27.48842049
v -8.65613937 106.46940613 27.54897308
v -5.70320988 106.46940613 27.54897308
v -8.65613937 106.59204865 27.48842049
v -5.70320988 106.59204865 27.48842049
v -55.90301514 106.59204865 27.48842049
v -61.80887604 106.46940613 27.54897308
v -64.76180267 106.46940613 27.54897308
v -64.76180267 106.59204865 27.48842049
v -11.60906887 106.46940613 27.54897308
v -11.60906887 106.59204865 27.48842049
v -23.42078781 106.46940613 27.54897308
v -20.46785736 106.46940613 27.54897308
v -32.27957535 106.46940613 27.54897308
v -32.27957535 106.59204865 27.48842049
v -44.09129715 106.46940613 27.54897308
v -41.13836670 106.46940613 27.54897308
v -52.95008469 106.46940613 27.54897308
v -52.95008469 106.59204865 27.48842049
v -73.62059021 106.46940613 27.54897308
v -73.62059021 106.59204865 27.48842049
v -85.43231201 106.46940613 27.54897308
v -82.47938538 106.46940613 27.54897308
v -94.29109955 106.46940613 27.54897308
v -14.56199837 106.59204865 27.48842049
v -23.42078781 106.59204865 27.48842049
v -35.23250580 106.59204865 27.48842049
v -44.09129715 106.59204865 27.48842049
v -76.57352448 106.59204865 27.48842049
v -85.43231201 106.59204865 27.48842049
v -97.24403381 106.59204865 27.48842049
v -103.14988708 106.59204865 27.48842049
v -103.14988708 106.72880554 27.48653412
v -17.51492882 106.59204865 27.48842049
v -20.46785736 106.59204865 27.48842049
v -20.46785736 106.72880554 27.48653412
v -23.42078781 106.72880554 27.48653412
v -26.37371826 106.72880554 27.48653412
v -29.32664680 106.72880554 27.48653412
v -26.37371826 106.59204865 27.48842049
v -29.32664680 106.59204865 27.48842049
v -38.18543625 106.59204865 27.48842049
v -41.13836670 106.59204865 27.48842049
v -41.13836670 106.72880554 27.48653412
v -44.09129715 106.72880554 27.48653412
v -47.04422760 106.72880554 27.48653412
v -49.99715424 106.72880554 27.48653412
v -47.04422760 106.59204865 27.48842049
v -49.99715424 106.59204865 27.48842049
v -58.85594559 106.59204865 27.48842049
v -61.80887604 106.59204865 27.48842049
v -61.80887604 106.72880554 27.48653412
v -64.76180267 106.72880554 27.48653412
v -67.71473694 106.72880554 27.48653412
v -70.66766357 106.72880554 27.48653412
v -67.71473694 106.59204865 27.48842049
v -70.66766357 106.59204865 27.48842049
v -79.52645111 106.59204865 27.48842049
v -82.47938538 106.59204865 27.48842049
v -82.47938538 106.72880554 27.48653412
v -85.43231201 106.72880554 27.48653412
v -88.38523865 106.72880554 27.48653412
v -91.33817291 106.72880554 27.48653412
v -88.38523865 106.59204865 27.48842049
v -91.33817291 106.59204865 27.48842049
v -100.19696045 106.59204865 27.48842049
v -100.19696045 106.72880554 27.48653412
v -97.24403381 106.72880554 27.48653412
v -94.29109955 106.72880554 27.48653412
v -94.29109955 106.59204865 27.48842049
v -8.65613937 106.59204865 27.48842049
v -5.70320988 106.59204865 27.48842049
v -8.65613937 106.72880554 27.48653412
v -5.70320988 106.72880554 27.48653412
v -52.95008469 106.72880554 27.48653412
v -55.90301514 106.72880554 27.48653412
v -58.85594559 106.72880554 27.48653412
v -55.90301514 106.59204865 27.48842049
v -64.76180267 106.59204865 27.48842049
v -11.60906887 106.59204865 27.48842049
v -11.60906887 106.72880554 27.48653412
v -32.27957535 106.59204865 27.48842049
v -32.27957535 106.72880554 27.48653412
v -52.95008469 106.59204865 27.48842049
v -73.62059021 106.59204865 27.48842049
v -73.62059021 106.72880554 27.48653412
v -14.56199837 106.59204865 27.48842049
v -17.51492882 106.72880554 27.48653412
v -23.42078781 106.59204865 27.48842049
v -35.23250580 106.59204865 27.48842049
v -38.18543625 106.72880554 27.48653412
v -44.09129715 106.59204865 27.48842049
v -76.57352448 106.59204865 27.48842049
v -79.52645111 106.72880554 27.48653412
v -85.43231201 106.59204865 27.48842049
v -97.24403381 106.59204865 27.48842049
v -14.56199837 106.72880554 27.48653412
v -35.23250580 106.72880554 27.48653412
v -76.57352448 106.72880554 27.48653412
v -103.14988708 106.59204865 37.51158142
v -103.14988708 106.72880554 37.51346588
v -5.70320988 106.72880554 37.51346588
v -8.65613937 106.72880554 37.51346588
v -11.60906887 106.72880554 37.51346588
v -14.56199837 106.72880554 37.51346588
v -14.56199837 106.59204865 37.51158142
v -17.51492882 106.59204865 37.51158142
v -26.37371826 106.59204865 37.51158142
v -29.32664680 106.59204865 37.51158142
v -26.37371826 106.72880554 37.51346588
v -29.32664680 106.72880554 37.51346588
v -32.27957535 106.72880554 37.51346588
v -35.23250580 106.72880554 37.51346588
v -35.23250580 106.59204865 37.51158142
v -38.18543625 106.59204865 37.51158142
v -47.04422760 106.59204865 37.51158142
v -49.99715424 106.59204865 37.51158142
v -47.04422760 106.72880554 37.51346588
v -49.99715424 106.72880554 37.51346588
v -52.95008469 106.72880554 37.51346588
v -55.90301514 106.72880554 37.51346588
v -55.90301514 106.59204865 37.51158142
v -58.85594559 106.59204865 37.51158142
v -67.71473694 106.59204865 37.51158142
v -70.66766357 106.59204865 37.51158142
v -67.71473694 106.72880554 37.51346588
v -70.66766357 106.72880554 37.51346588
v -73.62059021 106.72880554 37.51346588
v -76.57352448 106.72880554 37.51346588
v -76.57352448 106.59204865 37.51158142
v -79.52645111 106.59204865 37.51158142
v -88.38523865 106.59204865 37.51158142
v -91.33817291 106.59204865 37.51158142
v -88.38523865 106.72880554 37.51346588
v -91.33817291 106.72880554 37.51346588
v -94.29109955 106.72880554 37.51346588
v -97.24403381 106.72880554 37.51346588
v -97.24403381 106.59204865 37.51158142
v -100.19696045 106.59204865 37.51158142
v -8.65613937 106.59204865 37.51158142
v -5.70320988 106.59204865 37.51158142
v -100.19696045 106.72880554 37.51346588
v -58.85594559 106.72880554 37.51346588
v -61.80887604 106.72880554 37.51346588
v -61.80887604 106.59204865 37.51158142
v -64.76180267 106.59204865 37.51158142
v -11.60906887 106.59204865 37.51158142
v -17.51492882 106.72880554 37.51346588
v -20.46785736 106.72880554 37.51346588
v -23.42078781 106.72880554 37.51346588
v -23.42078781 106.59204865 37.51158142
v -20.46785736 106.59204865 37.51158142
v -32.27957535 106.59204865 37.51158142
v -38.18543625 106.72880554 37.51346588
v -41.13836670 106.72880554 37.51346588
v -44.09129715 106.72880554 37.51346588
v -44.09129715 106.59204865 37.51158142
v -41.13836670 106.59204865 37.51158142
v -52.95008469 106.59204865 37.51158142
v -64.76180267 106.72880554 37.51346588
v -73.62059021 106.59204865 37.51158142
v -79.52645111 106.72880554 37.51346588
v -82.47938538 106.72880554 37.51346588
v -85.43231201 106.72880554 37.51346588
v -85.43231201 106.59204865 37.51158142
v -82.47938538 106.59204865 37.51158142
v -94.29109955 106.59204865 37.51158142
v -103.14988708 106.46940613 37.45102692
v -103.14988708 106.59204865 37.51158142
v -14.56199837 106.59204865 37.51158142
v -17.51492882 106.59204865 37.51158142
v -17.51492882 106.46940613 37.45102692
v -20.46785736 106.46940613 37.45102692
v -26.37371826 106.46940613 37.45102692
v -29.32664680 106.46940613 37.45102692
v -26.37371826 106.59204865 37.51158142
v -29.32664680 106.59204865 37.51158142
v -35.23250580 106.59204865 37.51158142
v -38.18543625 106.59204865 37.51158142
v -38.18543625 106.46940613 37.45102692
v -41.13836670 106.46940613 37.45102692
v -47.04422760 106.46940613 37.45102692
v -49.99715424 106.46940613 37.45102692
v -47.04422760 106.59204865 37.51158142
v -49.99715424 106.59204865 37.51158142
v -55.90301514 106.59204865 37.51158142
v -58.85594559 106.59204865 37.51158142
v -58.85594559 106.46940613 37.45102692
v -61.80887604 106.46940613 37.45102692
v -67.71473694 106.46940613 37.45102692
v -70.66766357 106.46940613 37.45102692
v -67.71473694 106.59204865 37.51158142
v -70.66766357 106.59204865 37.51158142
v -76.57352448 106.59204865 37.51158142
v -79.52645111 106.59204865 37.51158142
v -79.52645111 106.46940613 37.45102692
v -82.47938538 106.46940613 37.45102692
v -88.38523865 106.46940613 37.45102692
v -91.33817291 106.46940613 37.45102692
v -88.38523865 106.59204865 37.51158142
v -91.33817291 106.59204865 37.51158142
v -97.24403381 106.59204865 37.51158142
v -100.19696045 106.59204865 37.51158142
v -100.19696045 106.46940613 37.45102692
v -94.29109955 106.46940613 37.45102692
v -8.65613937 106.59204865 37.51158142
v -5.70320988 106.59204865 37.51158142
v -8.65613937 106.46940613 37.45102692
v -5.70320988 106.46940613 37.45102692
v -55.90301514 106.46940613 37.45102692
v -61.80887604 106.59204865 37.51158142
v -64.76180267 106.59204865 37.51158142
v -64.76180267 106.46940613 37.45102692
v -11.60906887 106.59204865 37.51158142
v -11.60906887 106.46940613 37.45102692
v -23.42078781 106.59204865 37.51158142
v -20.46785736 106.59204865 37.51158142
v -32.27957535 106.59204865 37.51158142
v -32.27957535 106.46940613 37.45102692
v -44.09129715 106.59204865 37.51158142
v -41.13836670 106.59204865 37.51158142
v -52.95008469 106.59204865 37.51158142
v -52.95008469 106.46940613 37.45102692
v -73.62059021 106.59204865 37.51158142
v -73.62059021 106.46940613 37.45102692
v -85.43231201 106.59204865 37.51158142
v -82.47938538 106.59204865 37.51158142
v -94.29109955 106.59204865 37.51158142
v -14.56199837 106.46940613 37.45102692
v -23.42078781 106.46940613 37.45102692
v -35.23250580 106.46940613 37.45102692
v -44.09129715 106.46940613 37.45102692
v -76.57352448 106.46940613 37.45102692
v -85.43231201 106.46940613 37.45102692
v -97.24403381 106.46940613 37.45102692
v -103.14988708 106.38476562 37.34358978
v -103.14988708 106.46940613 37.45102692
v -17.51492882 106.46940613 37.45102692
v -20.46785736 106.46940613 37.45102692
v -20.46785736 106.38476562 37.34358978
v -23.42078781 106.38476562 37.34358978
v -26.37371826 106.38476562 37.34358978
v -29.32664680 106.38476562 37.34358978
v -26.37371826 106.46940613 37.45102692
v -29.32664680 106.46940613 37.45102692
v -38.18543625 106.46940613 37.45102692
v -41.13836670 106.46940613 37.45102692
v -41.13836670 106.38476562 37.34358978
v -44.09129715 106.38476562 37.34358978
v -47.04422760 106.38476562 37.34358978
v -49.99715424 106.38476562 37.34358978
v -47.04422760 106.46940613 37.45102692
v -49.99715424 106.46940613 37.45102692
v -58.85594559 106.46940613 37.45102692
v -61.80887604 106.46940613 37.45102692
v -61.80887604 106.38476562 37.34358978
v -64.76180267 106.38476562 37.34358978
v -67.71473694 106.38476562 37.34358978
v -70.66766357 106.38476562 37.34358978
v -67.71473694 106.46940613 37.45102692
v -70.66766357 106.46940613 37.45102692
v -79.52645111 106.46940613 37.45102692
v -82.47938538 106.46940613 37.45102692
v -82.47938538 106.38476562 37.34358978
v -85.43231201 106.38476562 37.34358978
v -88.38523865 106.38476562 37.34358978
v -91.33817291 106.38476562 37.34358978
v -88.38523865 106.46940613 37.45102692
v -91.33817291 106.46940613 37.45102692
v -100.19696045 106.46940613 37.45102692
v -100.19696045 106.38476562 37.34358978
v -97.24403381 106.38476562 37.34358978
v -94.29109955 106.38476562 37.34358978
v -94.29109955 106.46940613 37.45102692
v -8.65613937 106.46940613 37.45102692
v -5.70320988 106.46940613 37.45102692
v -8.65613937 106.38476562 37.34358978
v -5.70320988 106.38476562 37.34358978
v -52.95008469 106.38476562 37.34358978
v -55.90301514 106.38476562 37.34358978
v -58.85594559 106.38476562 37.34358978
v -55.90301514 106.46940613 37.45102692
v -64.76180267 106.46940613 37.45102692
v -11.60906887 106.46940613 37.45102692
v -11.60906887 106.38476562 37.34358978
v -32.27957535 106.46940613 37.45102692
v -32.27957535 106.38476562 37.34358978
v -52.95008469 106.46940613 37.45102692
v -73.62059021 106.46940613 37.45102692
v -73.62059021 106.38476562 37.34358978
v -14.56199837 106.46940613 37.45102692
v -17.51492882 106.38476562 37.34358978
v -23.42078781 106.46940613 37.45102692
v -35.23250580 106.46940613 37.45102692
v -38.18543625 106.38476562 37.34358978
v -44.09129715 106.46940613 37.45102692
v -76.57352448 106.46940613 37.45102692
v -79.52645111 106.38476562 37.34358978
v -85.43231201 106.46940613 37.45102692
v -97.24403381 106.46940613 37.45102692
v -14.56199837 106.38476562 37.34358978
v -35.23250580 106.38476562 37.34358978
v -76.57352448 106.38476562 37.34358978
v -103.14988708 106.35459137 37.21018982
v -103.14988708 106.38476562 37.34358978
v -5.70320988 106.35459137 37.21018982
v -20.46785736 106.38476562 37.34358978
v -23.42078781 106.38476562 37.34358978
v -26.37371826 106.38476562 37.34358978
v -29.32664680 106.38476562 37.34358978
v -41.13836670 106.38476562 37.34358978
v -44.09129715 106.38476562 37.34358978
v -47.04422760 106.38476562 37.34358978
v -49.99715424 106.38476562 37.34358978
v -61.80887604 106.38476562 37.34358978
v -64.76180267 106.38476562 37.34358978
v -67.71473694 106.38476562 37.34358978
v -70.66766357 106.38476562 37.34358978
v -82.47938538 106.38476562 37.34358978
v -85.43231201 106.38476562 37.34358978
v -88.38523865 106.38476562 37.34358978
v -91.33817291 106.38476562 37.34358978
v -100.19696045 106.38476562 37.34358978
v -97.24403381 106.38476562 37.34358978
v -94.29109955 106.38476562 37.34358978
v -8.65613937 106.38476562 37.34358978
v -5.70320988 106.38476562 37.34358978
v -52.95008469 106.38476562 37.34358978
v -55.90301514 106.38476562 37.34358978
v -58.85594559 106.38476562 37.34358978
v -11.60906887 106.38476562 37.34358978
v -32.27957535 106.38476562 37.34358978
v -73.62059021 106.38476562 37.34358978
v -17.51492882 106.38476562 37.34358978
v -38.18543625 106.38476562 37.34358978
v -79.52645111 106.38476562 37.34358978
v -14.56199837 106.38476562 37.34358978
v -35.23250580 106.38476562 37.34358978
v -76.57352448 106.38476562 37.34358978
v -5.70320988 107.21832275 26.38500404
v -5.70320988 107.58263397 26.59093666
v -5.70320988 106.81147766 26.28697205
v -5.70320988 106.39335632 26.30437279
v -5.70320988 105.99606323 26.43586540
v -5.70320988 105.65012360 26.67135239
v -5.70320988 105.38210297 26.99274826
v -5.70320988 105.21258545 27.37536240
v -5.70320988 105.15459442 27.78981209
v -5.70320988 105.15459442 37.21018982
v -5.70320988 105.21258545 37.62463760
v -5.70320988 105.38210297 38.00725174
v -5.70320988 105.65012360 38.32864761
v -5.70320988 105.99606323 38.56413269
v -5.70320988 106.39335632 38.69562912
v -5.70320988 106.81147766 38.71302795
v -5.70320988 107.21832275 38.61499405
v -5.70320988 107.58263397 38.40906525
v -5.70320988 107.93175507 38.20960236
v -5.70320988 109.45034027 38.44390488
v -5.70320988 108.32131195 38.11004257
v -5.70320988 108.72332764 38.11754227
v -5.70320988 109.10890198 38.23155975
v -5.70320988 109.57241821 38.50462723
v -5.70320988 109.91447449 38.33709717
v -5.70320988 109.70876312 38.50504684
v -5.70320988 109.83121490 38.44507217
v -5.70320988 110.16986847 37.77669144
v -5.70320988 110.19673920 37.64312744
v -5.70320988 110.07216644 37.40882111
v -5.70320988 110.16176605 37.51145172
v -5.70320988 109.57351685 37.12493896
v -5.70320988 109.02613831 36.95283890
v -5.70320988 108.45475769 36.90029526
v -5.70320988 107.88517761 36.96967316
v -5.70320988 107.34311676 37.15784836
v -5.70320988 106.85306549 37.45631409
v -5.70320988 109.10890198 26.76843834
v -5.70320988 109.45034027 26.55609322
v -5.70320988 108.72332764 26.88245773
v -5.70320988 108.32131195 26.88995743
v -5.70320988 107.93175507 26.79039955
v -5.70320988 109.83121490 26.55492783
v -5.70320988 109.91447449 26.66290474
v -5.70320988 109.70876312 26.49495316
v -5.70320988 109.57241821 26.49537086
v -5.70320988 110.16986847 27.22330856
v -5.70320988 110.16176605 27.48855019
v -5.70320988 110.07216644 27.59118080
v -5.70320988 110.19673920 27.35687256
v -5.70320988 107.34311676 27.84215355
v -5.70320988 106.85306549 27.54368401
v -5.70320988 107.88517761 28.03032684
v -5.70320988 108.45475769 28.09970665
v -5.70320988 109.02613831 28.04715919
v -5.70320988 109.57351685 27.87506104
v -5.70320988 106.38476562 27.65640831
v -5.70320988 106.35459137 27.78981209
v -5.70320988 106.46940613 27.54897308
v -5.70320988 106.59204865 27.48842049
v -5.70320988 106.72880554 27.48653412
v -5.70320988 106.35459137 37.21018982
v -5.70320988 106.72880554 37.51346588
v -5.70320988 106.59204865 37.51158142
v -5.70320988 106.46940613 37.45102692
v -5.70320988 106.38476562 37.34358978
v -103.14988708 105.15459442 27.78981209
v -5.70320988 105.15459442 27.78981209
v -5.70320988 105.15459442 37.21018982
v -23.84988976 105.15459442 32.50000000
v -23.90440941 105.15459442 32.08588791
v -24.06424904 105.15459442 31.70000076
v -103.14988708 105.15459442 37.21018982
v -70.44989014 105.15459442 34.09999847
v -26.24989128 105.15459442 34.09999847
v -25.44989014 105.15459442 34.09999847
v -71.24989319 105.15459442 34.09999847
v -103.14988708 105.15459442 36.75000000
v -85.74069977 105.15459442 34.09627151
v -86.17542267 105.15459442 34.06653595
v -103.34989166 105.15459442 36.75000000
v -86.58599091 105.15459442 33.92061615
v -86.94197845 105.15459442 33.66933823
v -87.21696472 105.15459442 33.33133316
v -87.39055634 105.15459442 32.93167496
v -87.44989014 105.15459442 32.50000000
v -103.34989166 105.15459442 28.25000000
v -87.39055634 105.15459442 32.06832504
v -87.21696472 105.15459442 31.66866493
v -86.94197845 105.15459442 31.33066177
v -86.58599091 105.15459442 31.07938385
v -86.17542267 105.15459442 30.93346596
v -103.14988708 105.15459442 28.25000000
v -85.74069977 105.15459442 30.90373039
v -71.24989319 105.15459442 30.89999962
v -71.66400146 105.15459442 30.95451927
v -70.44989014 105.15459442 30.89999962
v -26.24989128 105.15459442 30.89999962
v -25.44989014 105.15459442 30.89999962
v -25.03577995 105.15459442 30.95451927
v -24.64989090 105.15459442 31.11435890
v -24.31851959 105.15459442 31.36862946
v -26.66400146 105.15459442 34.04548264
v -70.03578186 105.15459442 34.04548264
v -69.64988708 105.15459442 33.88563919
v -27.04989052 105.15459442 33.88563919
v -69.31851959 105.15459442 33.63137054
v -27.38126183 105.15459442 33.63137054
v -69.06424713 105.15459442 33.29999924
v -27.63553047 105.15459442 33.29999924
v -68.90441132 105.15459442 32.91411209
v -27.79537201 105.15459442 32.91411209
v -68.84989166 105.15459442 32.50000000
v -27.84988976 105.15459442 32.50000000
v -27.79537201 105.15459442 32.08588791
v -68.90441132 105.15459442 32.08588791
v -27.63553047 105.15459442 31.70000076
v -69.06424713 105.15459442 31.70000076
v -27.38126183 105.15459442 31.36862946
v -69.31851959 105.15459442 31.36862946
v -27.04989052 105.15459442 31.11435890
v -69.64988708 105.15459442 31.11435890
v -26.66400146 105.15459442 30.95451927
v -70.03578186 105.15459442 30.95451927
v -85.31407928 105.15459442 30.99238205
v -72.04988861 105.15459442 31.11435890
v -84.92720032 105.15459442 31.19284821
v -72.38126373 105.15459442 31.36862946
v -84.60874939 105.15459442 31.49025917
v -72.63552856 105.15459442 31.70000076
v -84.38235474 105.15459442 31.86255836
v -72.79537201 105.15459442 32.08588791
v -84.26479340 105.15459442 32.28213501
v -72.84989166 105.15459442 32.50000000
v -84.26479340 105.15459442 32.71786499
v -72.79537201 105.15459442 32.91411209
v -84.38235474 105.15459442 33.13744354
v -72.63552856 105.15459442 33.29999924
v -84.60874939 105.15459442 33.50973892
v -72.38126373 105.15459442 33.63137054
v -84.92720032 105.15459442 33.80715179
v -72.04988861 105.15459442 33.88563919
v -85.31407928 105.15459442 34.00761795
v -71.66400146 105.15459442 34.04548264
v -25.03577995 105.15459442 34.04548264
v -24.64989090 105.15459442 33.88563919
v -24.31851959 105.15459442 33.63137054
v -24.06424904 105.15459442 33.29999924
v -23.90440941 105.15459442 32.91411209
v -103.14988708 106.35459137 28.25000000
v -103.14988708 106.35459137 27.78981209
v -103.14988708 106.35459137 36.75000000
v -103.14988708 106.35459137 37.21018982
v -87.44989014 106.35459137 32.50000000
v -87.39055634 106.35459137 32.93167496
v -87.21696472 106.35459137 33.33133316
v -86.94197845 106.35459137 33.66933823
v -86.58599091 106.35459137 33.92061615
v -86.17542267 106.35459137 34.06653595
v -85.74069977 106.35459137 34.09627151
v -85.31407928 106.35459137 34.00761795
v -84.92720032 106.35459137 33.80715179
v -84.60874939 106.35459137 33.50973892
v -84.38235474 106.35459137 33.13744354
v -84.26479340 106.35459137 32.71786499
v -84.26479340 106.35459137 32.28213501
v -84.38235474 106.35459137 31.86255836
v -84.60874939 106.35459137 31.49025917
v -84.92720032 106.35459137 31.19284821
v -85.31407928 106.35459137 30.99238205
v -85.74069977 106.35459137 30.90373039
v -86.17542267 106.35459137 30.93346596
v -86.58599091 106.35459137 31.07938385
v -86.94197845 106.35459137 31.33066177
v -87.21696472 106.35459137 31.66866493
v -87.39055634 106.35459137 32.06832504
v -25.44989014 106.35459137 30.89999962
v -25.03577995 106.35459137 30.95451927
v -24.64989090 106.35459137 31.11435890
v -24.31851959 106.35459137 31.36862946
v -24.06424904 106.35459137 31.70000076
v -23.90440941 106.35459137 32.08588791
v -23.84988976 106.35459137 32.50000000
v -23.90440941 106.35459137 32.91411209
v -24.06424904 106.35459137 33.29999924
v -24.31851959 106.35459137 33.63137054
v -24.64989090 106.35459137 33.88563919
v -25.03577995 106.35459137 34.04548264
v -25.44989014 106.35459137 34.09999847
v -26.24989128 106.35459137 30.89999962
v -26.24989128 106.35459137 34.09999847
v -26.66400146 106.35459137 34.04548264
v -27.04989052 106.35459137 33.88563919
v -27.38126183 106.35459137 33.63137054
v -27.63553047 106.35459137 33.29999924
v -27.79537201 106.35459137 32.91411209
v -27.84988976 106.35459137 32.50000000
v -27.79537201 106.35459137 32.08588791
v -27.63553047 106.35459137 31.70000076
v -27.38126183 106.35459137 31.36862946
v -27.04989052 106.35459137 31.11435890
v -26.66400146 106.35459137 30.95451927
v -70.44989014 106.35459137 30.89999962
v -70.03578186 106.35459137 30.95451927
v -69.64988708 106.35459137 31.11435890
v -69.31851959 106.35459137 31.36862946
v -69.06424713 106.35459137 31.70000076
v -68.90441132 106.35459137 32.08588791
v -68.84989166 106.35459137 32.50000000
v -68.90441132 106.35459137 32.91411209
v -69.06424713 106.35459137 33.29999924
v -69.31851959 106.35459137 33.63137054
v -69.64988708 106.35459137 33.88563919
v -70.03578186 106.35459137 34.04548264
v -70.44989014 106.35459137 34.09999847
v -71.24989319 106.35459137 30.89999962
v -71.24989319 106.35459137 34.09999847
v -71.66400146 106.35459137 34.04548264
v -72.04988861 106.35459137 33.88563919
v -72.38126373 106.35459137 33.63137054
v -72.63552856 106.35459137 33.29999924
v -72.79537201 106.35459137 32.91411209
v -72.84989166 106.35459137 32.50000000
v -72.79537201 106.35459137 32.08588791
v -72.63552856 106.35459137 31.70000076
v -72.38126373 106.35459137 31.36862946
v -72.04988861 106.35459137 31.11435890
v -71.66400146 106.35459137 30.95451927
v -5.70320988 106.35459137 27.78981209
v -5.70320988 106.35459137 37.21018982
f 15 14 16
f 13 14 15
f 13 12 14
f 11 12 13
f 11 10 12
f 9 10 11
f 9 8 10
f 7 8 9
f 7 6 8
f 5 6 7
f 5 4 6
f 3 4 5
f 3 2 4
f 1 2 3
f 61 36 38
f 60 36 61
f 5 7 62
f 23 70 21
f 69 70 23
f 69 68 70
f 67 68 69
f 67 66 68
f 65 66 67
f 65 64 66
f 53 64 65
f 53 63 64
f 3 63 53
f 3 62 63
f 5 62 3
f 61 38 52
f 19 18 20
f 15 16 17
f 79 60 61
f 73 60 79
f 27 29 57
f 67 56 65
f 58 56 67
f 64 78 66
f 71 78 64
f 71 9 78
f 7 9 71
f 73 59 60
f 16 77 18
f 14 77 16
f 14 76 77
f 12 76 14
f 12 75 76
f 10 75 12
f 76 84 77
f 76 83 84
f 75 83 76
f 75 82 83
f 74 82 75
f 74 79 82
f 73 79 74
f 69 58 67
f 25 58 69
f 66 81 68
f 78 81 66
f 78 11 81
f 9 11 78
f 80 52 50
f 80 61 52
f 79 61 80
f 51 42 88
f 70 87 21
f 85 87 70
f 85 15 87
f 13 15 85
f 86 50 48
f 86 80 50
f 82 80 86
f 51 40 42
f 23 25 69
f 68 85 70
f 81 85 68
f 81 13 85
f 11 13 81
f 82 79 80
f 77 84 18
f 18 47 46
f 44 45 46
f 44 43 45
f 42 43 44
f 88 49 51
f 46 49 88
f 17 87 15
f 19 87 17
f 19 21 87
f 47 86 48
f 84 47 18
f 83 47 84
f 83 86 47
f 82 86 83
f 88 44 46
f 88 42 44
f 99 170 153
f 99 176 172
f 99 175 171
f 162 178 90
f 55 56 57
f 55 54 56
f 33 54 55
f 33 53 54
f 3 53 33
f 40 52 38
f 51 52 40
f 51 50 52
f 49 50 51
f 49 48 50
f 46 48 49
f 46 47 48
f 90 154 99
f 167 168 99
f 172 149 99
f 159 158 90
f 90 166 165
f 93 166 90
f 99 169 170
f 99 154 169
f 171 167 99
f 173 157 90
f 146 175 99
f 174 161 90
f 150 176 99
f 158 177 90
f 90 178 174
f 90 177 173
f 97 98 99
f 110 109 111
f 108 109 110
f 108 97 109
f 98 97 108
f 155 154 90
f 160 90 161
f 159 90 160
f 152 99 153
f 151 99 152
f 151 150 99
f 164 90 165
f 163 90 164
f 163 162 90
f 156 90 157
f 155 90 156
f 126 132 128
f 126 96 132
f 107 3 33
f 107 106 3
f 105 106 107
f 105 104 106
f 103 104 105
f 103 102 104
f 101 102 103
f 101 100 102
f 123 124 125
f 123 99 124
f 122 99 123
f 122 121 99
f 99 100 101
f 99 98 100
f 94 95 114
f 125 103 105
f 125 124 103
f 120 121 122
f 120 119 121
f 118 119 120
f 118 117 119
f 116 117 118
f 116 115 117
f 33 115 116
f 33 114 115
f 94 114 33
f 112 113 3
f 112 111 113
f 110 111 112
f 128 132 133
f 92 91 134
f 133 134 89
f 132 134 133
f 132 92 134
f 96 92 132
f 130 133 89
f 95 96 126
f 99 89 90
f 131 89 99
f 131 130 89
f 129 130 131
f 129 128 130
f 127 128 129
f 127 126 128
f 114 126 127
f 114 95 126
f 104 140 141
f 102 140 104
f 102 135 140
f 100 135 102
f 119 131 121
f 129 131 119
f 139 105 107
f 137 112 3
f 137 110 112
f 136 110 137
f 136 108 110
f 135 108 136
f 135 98 108
f 100 98 135
f 124 99 101
f 134 91 89
f 120 138 142
f 122 138 120
f 139 125 105
f 138 125 139
f 138 123 125
f 122 123 138
f 131 99 121
f 103 124 101
f 114 127 115
f 145 107 33
f 145 139 107
f 142 139 145
f 128 133 130
f 140 135 136
f 106 141 3
f 104 141 106
f 147 99 148
f 147 146 99
f 145 143 142
f 33 143 145
f 144 141 140
f 3 141 144
f 144 137 3
f 144 136 137
f 140 136 144
f 117 129 119
f 127 129 117
f 142 138 139
f 116 143 33
f 118 143 116
f 118 142 143
f 120 142 118
f 31 32 33
f 31 30 32
f 29 30 31
f 29 28 30
f 27 28 29
f 27 26 28
f 25 26 27
f 25 24 26
f 23 24 25
f 115 127 117
f 38 39 40
f 38 37 39
f 36 37 38
f 36 35 37
f 34 35 36
f 148 99 149
f 60 34 36
f 59 34 60
f 59 2 34
f 4 2 59
f 27 58 25
f 57 58 27
f 57 56 58
f 42 41 43
f 40 41 42
f 40 39 41
f 23 22 24
f 21 22 23
f 21 20 22
f 19 20 21
f 34 1 35
f 2 1 34
f 10 74 75
f 8 74 10
f 8 73 74
f 6 73 8
f 6 59 73
f 4 59 6
f 29 72 57
f 29 31 72
f 72 55 57
f 72 33 55
f 31 33 72
f 65 54 53
f 56 54 65
f 63 71 64
f 62 71 63
f 62 7 71
f 17 16 18
f 17 18 19
f 272 296 270
f 294 295 314
f 314 295 297
f 314 297 315
f 315 297 274
f 315 274 276
f 307 224 316
f 316 224 293
f 316 293 291
f 309 307 316
f 309 316 291
f 302 304 306
f 302 306 308
f 269 311 271
f 271 311 317
f 184 183 185
f 184 185 186
f 188 187 189
f 188 189 190
f 190 189 191
f 190 191 192
f 192 191 193
f 192 193 194
f 194 193 195
f 194 195 196
f 196 195 197
f 292 293 294
f 294 293 224
f 294 224 295
f 295 224 296
f 295 296 297
f 179 182 183
f 273 317 318
f 273 318 275
f 275 318 277
f 317 311 312
f 294 314 292
f 292 314 319
f 292 319 290
f 290 319 320
f 290 320 288
f 288 320 278
f 319 314 315
f 289 309 291
f 300 302 308
f 300 308 310
f 317 312 321
f 321 312 313
f 321 313 277
f 319 315 322
f 322 315 276
f 322 276 278
f 286 300 310
f 286 310 287
f 277 318 321
f 321 318 317
f 278 320 322
f 322 320 319
f 323 324 277
f 277 324 325
f 277 325 326
f 266 220 222
f 266 222 224
f 260 264 261
f 198 199 200
f 200 199 201
f 200 201 202
f 202 201 203
f 261 264 225
f 261 225 262
f 262 225 197
f 231 241 242
f 236 234 245
f 327 328 277
f 277 328 329
f 277 329 330
f 245 234 243
f 202 204 247
f 229 218 220
f 260 258 264
f 216 215 217
f 216 217 218
f 202 203 204
f 264 258 228
f 264 228 226
f 192 194 263
f 263 194 265
f 331 332 277
f 277 332 333
f 277 333 334
f 263 265 248
f 240 249 241
f 241 249 242
f 234 232 243
f 196 197 198
f 198 197 199
f 243 232 231
f 210 180 250
f 250 180 233
f 204 203 205
f 204 205 206
f 206 205 207
f 206 207 208
f 208 207 209
f 208 209 210
f 210 209 211
f 210 211 180
f 182 181 212
f 212 181 213
f 212 213 214
f 214 213 215
f 214 215 216
f 259 192 263
f 259 263 246
f 246 263 248
f 187 252 189
f 189 252 253
f 189 253 191
f 191 253 254
f 191 254 193
f 193 254 255
f 193 255 195
f 335 336 278
f 278 336 337
f 278 337 338
f 195 255 197
f 251 237 238
f 186 188 249
f 278 345 346
f 249 188 256
f 249 256 242
f 242 256 244
f 188 190 256
f 256 190 259
f 256 259 244
f 244 259 246
f 204 236 247
f 247 236 245
f 251 257 252
f 339 340 278
f 278 340 341
f 278 341 342
f 252 257 260
f 252 260 253
f 253 260 261
f 253 261 254
f 254 261 262
f 335 278 347
f 347 278 277
f 347 277 348
f 348 277 334
f 254 262 255
f 255 262 197
f 260 257 258
f 190 192 259
f 297 272 274
f 326 349 277
f 277 349 350
f 343 344 278
f 278 344 345
f 220 219 221
f 277 350 327
f 285 298 286
f 286 298 299
f 286 299 300
f 300 299 301
f 300 301 302
f 302 301 303
f 302 303 304
f 304 303 305
f 304 305 306
f 330 351 277
f 277 351 352
f 277 352 331
f 206 208 235
f 251 238 257
f 257 238 239
f 257 239 258
f 258 239 230
f 258 230 228
f 179 183 184
f 306 307 308
f 308 307 309
f 308 309 310
f 310 309 289
f 310 289 287
f 197 224 305
f 305 224 307
f 338 353 278
f 278 353 354
f 218 217 219
f 218 219 220
f 278 354 339
f 296 224 270
f 269 268 311
f 311 268 279
f 311 279 312
f 312 279 281
f 312 281 313
f 313 281 283
f 186 185 187
f 181 182 179
f 342 355 278
f 278 355 356
f 278 356 343
f 313 283 277
f 186 187 188
f 271 317 273
f 180 231 232
f 306 305 307
f 297 296 272
f 184 240 179
f 220 221 222
f 222 221 223
f 222 223 224
f 197 225 224
f 224 225 226
f 224 226 227
f 227 226 228
f 227 228 229
f 229 228 230
f 229 230 218
f 218 230 216
f 179 231 180
f 183 182 237
f 237 182 212
f 237 212 238
f 238 212 214
f 238 214 239
f 239 214 216
f 239 216 230
f 179 240 241
f 179 241 231
f 283 282 284
f 283 284 277
f 285 286 278
f 278 286 287
f 278 287 288
f 288 287 289
f 288 289 290
f 290 289 291
f 290 291 292
f 292 291 293
f 180 232 233
f 233 232 234
f 233 234 235
f 235 234 236
f 235 236 206
f 206 236 204
f 267 268 224
f 224 268 269
f 224 269 270
f 270 269 271
f 270 271 272
f 272 271 273
f 272 273 274
f 274 273 275
f 274 275 276
f 276 275 277
f 276 277 278
f 268 267 279
f 279 267 280
f 279 280 281
f 281 280 282
f 281 282 283
f 231 242 243
f 243 242 244
f 243 244 245
f 245 244 246
f 245 246 247
f 247 246 248
f 247 248 202
f 202 248 200
f 184 186 240
f 240 186 249
f 225 264 226
f 198 200 265
f 198 265 196
f 196 265 194
f 224 227 266
f 266 227 229
f 250 233 235
f 208 210 250
f 208 250 235
f 183 237 185
f 185 237 251
f 185 251 187
f 187 251 252
f 248 265 200
f 229 220 266
f 360 359 361
f 360 361 362
f 368 370 413
f 413 415 414
f 414 415 371
f 377 375 405
f 363 364 365
f 365 364 366
f 368 367 369
f 368 369 370
f 405 375 374
f 379 381 406
f 406 407 416
f 416 407 378
f 371 372 373
f 373 372 374
f 376 375 377
f 376 377 378
f 383 382 417
f 417 382 380
f 389 419 387
f 384 386 418
f 418 386 420
f 418 420 419
f 419 420 387
f 391 390 421
f 421 390 388
f 395 396 397
f 397 396 398
f 397 423 395
f 392 394 422
f 379 380 381
f 381 380 382
f 384 383 385
f 384 385 386
f 413 370 415
f 400 399 401
f 400 401 402
f 422 394 424
f 422 424 423
f 358 357 403
f 403 357 404
f 391 421 393
f 367 412 369
f 387 388 389
f 389 388 390
f 392 391 393
f 392 393 394
f 416 379 406
f 383 417 385
f 372 405 374
f 407 376 378
f 359 358 408
f 408 358 403
f 401 399 398
f 401 398 396
f 365 410 363
f 360 362 409
f 409 362 411
f 409 411 410
f 410 411 363
f 367 366 412
f 412 366 364
f 359 408 361
f 423 424 395
f 373 414 371
f 426 425 427
f 426 427 428
f 429 430 431
f 431 430 432
f 434 433 435
f 434 435 436
f 437 438 439
f 439 438 440
f 442 441 443
f 442 443 444
f 450 451 452
f 453 454 455
f 455 454 456
f 458 457 459
f 458 459 460
f 461 462 463
f 463 462 464
f 445 446 447
f 447 446 448
f 450 449 451
f 466 465 467
f 466 467 468
f 469 470 471
f 471 470 472
f 474 473 475
f 474 475 440
f 476 469 477
f 477 469 471
f 479 432 480
f 480 432 430
f 483 448 484
f 457 486 492
f 457 492 459
f 489 476 477
f 429 431 478
f 429 478 428
f 428 478 426
f 484 448 446
f 433 479 490
f 433 490 435
f 492 486 487
f 461 463 488
f 461 488 460
f 460 488 458
f 467 465 464
f 467 464 462
f 490 479 480
f 437 439 481
f 437 481 436
f 436 481 434
f 474 440 438
f 443 441 473
f 473 441 475
f 445 447 482
f 482 442 444
f 445 482 444
f 486 456 487
f 449 483 491
f 449 491 451
f 491 483 484
f 487 456 454
f 453 455 485
f 453 485 452
f 452 485 450
f 425 476 489
f 425 489 427
f 558 548 581
f 581 548 557
f 562 548 582
f 582 548 561
f 567 549 583
f 549 573 574
f 575 576 549
f 583 549 565
f 549 576 577
f 549 577 578
f 585 549 574
f 567 568 549
f 554 555 548
f 548 555 556
f 548 556 557
f 558 559 548
f 548 559 560
f 548 560 561
f 562 563 548
f 548 563 549
f 549 563 564
f 516 512 517
f 517 512 518
f 520 519 521
f 512 538 539
f 540 536 512
f 535 534 521
f 521 534 531
f 536 537 512
f 521 519 512
f 512 519 538
f 529 528 521
f 529 521 530
f 530 521 531
f 525 524 521
f 525 521 526
f 526 521 527
f 549 564 565
f 512 548 521
f 521 548 549
f 550 551 548
f 548 551 552
f 548 552 553
f 521 546 542
f 521 547 543
f 541 514 512
f 590 507 593
f 593 507 506
f 599 502 501
f 599 501 500
f 499 495 500
f 500 495 600
f 500 600 599
f 495 499 496
f 496 498 497
f 495 509 600
f 600 509 586
f 586 509 508
f 586 508 587
f 587 508 507
f 587 507 588
f 588 507 589
f 589 507 590
f 528 547 521
f 512 544 540
f 512 545 541
f 512 539 518
f 515 545 512
f 524 546 521
f 510 544 512
f 595 494 596
f 596 494 493
f 596 493 597
f 597 493 502
f 597 502 598
f 598 502 599
f 505 594 593
f 505 593 506
f 496 499 498
f 543 527 521
f 542 523 521
f 579 533 578
f 592 503 566
f 566 503 532
f 566 532 579
f 579 532 533
f 578 533 535
f 578 535 549
f 549 535 521
f 592 591 503
f 503 591 504
f 504 591 594
f 504 594 505
f 554 548 580
f 580 548 553
f 549 568 569
f 549 569 570
f 571 572 549
f 549 572 573
f 571 549 584
f 584 549 570
f 575 549 585
f 520 521 522
f 522 521 523
f 511 510 512
f 511 512 513
f 513 512 514
f 516 515 512
f 741 728 625
f 740 724 625
f 625 729 741
f 625 725 740
f 625 721 736
f 708 717 739
f 708 713 738
f 708 709 737
f 710 708 711
f 710 709 708
f 650 649 651
f 648 649 650
f 645 646 647
f 645 644 646
f 643 644 645
f 643 642 644
f 641 642 643
f 602 629 630
f 653 694 643
f 693 651 649
f 652 651 693
f 691 692 648
f 690 692 691
f 690 647 692
f 645 647 690
f 642 641 686
f 637 638 639
f 626 643 624
f 657 688 659
f 605 609 608
f 604 609 605
f 632 609 604
f 632 634 609
f 633 634 632
f 631 603 602
f 631 604 603
f 632 604 631
f 602 630 631
f 622 684 685
f 624 684 622
f 624 683 684
f 682 683 624
f 682 681 683
f 680 681 682
f 689 642 686
f 644 642 689
f 624 643 674
f 666 665 667
f 664 665 666
f 686 641 687
f 643 694 695
f 601 629 602
f 601 628 629
f 601 627 628
f 610 627 601
f 637 618 619
f 637 640 618
f 639 640 637
f 674 673 675
f 672 673 674
f 656 657 658
f 624 625 626
f 624 623 625
f 622 623 624
f 622 621 623
f 620 621 622
f 620 615 621
f 661 697 643
f 637 636 638
f 635 636 637
f 635 633 636
f 634 633 635
f 606 608 607
f 605 608 606
f 643 702 674
f 643 690 691
f 645 690 643
f 698 699 664
f 697 699 698
f 697 663 699
f 661 663 697
f 666 698 664
f 643 698 666
f 643 697 698
f 694 696 695
f 688 660 659
f 662 660 688
f 695 696 656
f 653 655 694
f 658 695 656
f 643 695 658
f 704 675 673
f 676 675 704
f 702 703 672
f 701 703 702
f 701 671 703
f 669 671 701
f 674 702 672
f 643 701 702
f 669 701 643
f 650 691 648
f 643 691 650
f 644 689 646
f 685 683 681
f 685 684 683
f 706 707 680
f 705 707 706
f 705 679 707
f 677 679 705
f 682 706 680
f 624 706 682
f 624 705 706
f 677 705 624
f 613 615 620
f 618 617 619
f 616 617 618
f 616 611 617
f 612 611 616
f 613 614 615
f 613 612 614
f 611 612 613
f 653 654 655
f 653 652 654
f 643 652 653
f 643 651 652
f 669 670 671
f 669 668 670
f 643 668 669
f 643 667 668
f 666 667 643
f 661 662 663
f 661 660 662
f 677 678 679
f 677 676 678
f 624 676 677
f 624 675 676
f 674 675 624
f 718 708 719
f 718 717 708
f 694 655 696
f 708 625 720
f 739 716 708
f 738 712 708
f 676 704 678
f 668 700 670
f 625 643 626
f 708 643 625
f 715 708 716
f 714 708 715
f 714 713 708
f 711 708 712
f 700 667 665
f 668 667 700
f 722 625 723
f 722 721 625
f 719 708 720
f 727 625 728
f 726 625 727
f 726 725 625
f 723 625 724
f 734 735 708
f 625 733 732
f 623 733 625
f 731 625 732
f 730 625 731
f 652 693 654
f 730 729 625
f 737 734 708
f 720 625 736
f 643 660 661
f 643 659 660
f 658 659 643
f 658 657 659
f 650 651 643
f 745 744 746
f 745 746 747
f 785 786 787
f 785 784 786
f 782 781 783
f 780 781 782
f 777 778 779
f 777 776 778
f 774 773 775
f 772 773 774
f 769 770 771
f 769 768 770
f 767 798 768
f 765 798 767
f 796 742 797
f 743 742 796
f 793 794 795
f 793 792 794
f 790 789 791
f 788 789 790
f 804 761 763
f 803 759 757
f 760 759 803
f 756 802 755
f 756 758 802
f 802 753 755
f 801 751 749
f 752 751 801
f 748 800 747
f 748 750 800
f 800 745 747
f 799 743 796
f 744 743 799
f 809 785 787
f 808 783 781
f 784 783 808
f 780 807 779
f 780 782 807
f 807 777 779
f 806 775 773
f 776 775 806
f 772 805 771
f 772 774 805
f 805 769 771
f 770 768 798
f 764 804 763
f 764 766 804
f 808 786 784
f 806 778 776
f 803 762 760
f 801 754 752
f 799 746 744
f 794 791 789
f 794 792 791
f 788 809 787
f 788 790 809
f 766 765 767
f 764 765 766
f 761 762 763
f 761 760 762
f 758 757 759
f 756 757 758
f 753 754 755
f 753 752 754
f 750 749 751
f 748 749 750
f 816 815 812
f 816 812 817
f 817 812 818
f 820 819 812
f 820 812 821
f 821 812 822
f 917 896 858
f 868 908 858
f 858 908 918
f 858 918 919
f 900 920 868
f 868 920 921
f 868 921 922
f 901 868 922
f 909 858 926
f 926 858 919
f 904 923 868
f 868 923 924
f 868 924 925
f 905 868 925
f 912 927 858
f 813 812 814
f 893 869 894
f 894 869 858
f 869 895 870
f 868 871 866
f 852 892 893
f 852 893 854
f 854 893 894
f 854 894 856
f 848 890 850
f 891 862 872
f 881 884 885
f 881 885 812
f 812 885 886
f 812 886 825
f 882 887 883
f 883 887 888
f 850 892 852
f 850 890 892
f 856 894 858
f 892 890 891
f 893 895 869
f 892 895 893
f 871 864 866
f 895 872 870
f 895 891 872
f 892 891 895
f 883 888 884
f 884 888 885
f 880 883 884
f 880 884 881
f 873 878 874
f 849 877 812
f 851 877 849
f 851 876 877
f 853 876 851
f 853 875 876
f 891 860 862
f 890 860 891
f 890 847 860
f 848 847 890
f 888 889 885
f 887 889 888
f 864 872 862
f 859 873 857
f 857 873 874
f 857 874 855
f 855 874 875
f 855 875 853
f 812 847 848
f 812 848 849
f 849 848 850
f 849 850 851
f 851 850 852
f 851 852 853
f 874 878 879
f 874 879 875
f 875 879 880
f 875 880 876
f 876 880 881
f 876 881 877
f 877 881 812
f 878 882 879
f 879 882 883
f 879 883 880
f 862 863 864
f 864 863 865
f 864 865 866
f 866 865 867
f 866 867 868
f 858 869 868
f 868 869 870
f 868 870 871
f 871 870 872
f 871 872 864
f 857 856 858
f 857 858 859
f 847 846 860
f 860 846 861
f 860 861 862
f 862 861 863
f 855 854 856
f 855 856 857
f 853 852 854
f 853 854 855
f 837 836 825
f 825 836 835
f 834 825 835
f 833 825 834
f 833 832 825
f 897 898 868
f 830 825 831
f 843 818 812
f 829 828 825
f 829 825 830
f 824 825 826
f 824 823 825
f 845 831 825
f 844 827 825
f 841 838 812
f 812 819 843
f 825 828 844
f 825 832 845
f 846 847 812
f 825 823 840
f 812 815 842
f 812 810 841
f 811 812 813
f 858 911 912
f 858 910 911
f 909 910 858
f 858 914 915
f 913 914 858
f 858 915 916
f 916 917 858
f 868 907 908
f 868 906 907
f 905 906 868
f 913 858 929
f 858 928 929
f 858 927 928
f 811 810 812
f 868 898 899
f 826 825 827
f 822 825 840
f 842 814 812
f 868 903 904
f 868 902 903
f 901 902 868
f 838 839 812
f 812 825 822
f 868 899 900
f 937 936 938
f 937 938 939
f 934 935 936
f 934 933 935
f 932 933 934
f 934 936 937
f 939 940 941
f 950 949 951
f 948 949 950
f 948 947 949
f 946 947 948
f 934 945 932
f 937 945 934
f 937 944 945
f 939 944 937
f 939 943 944
f 941 943 939
f 941 942 931
f 941 940 942
f 941 930 943
f 931 930 941
f 939 938 940
f 953 933 954
f 950 951 952
f 955 933 956
f 959 958 960
f 959 960 961
f 957 958 959
f 957 956 958
f 955 956 957
f 953 935 933
f 952 951 935
f 954 933 955
f 952 935 953
f 967 963 964
f 972 970 964
f 964 970 968
f 964 963 962
f 973 971 972
f 969 970 966
f 968 970 969
f 964 968 967
f 969 966 965
f 972 971 970
f 975 981 982
f 975 982 983
f 978 977 984
f 976 987 988
f 988 987 989
f 975 983 976
f 976 983 987
f 988 989 990
f 990 989 991
f 977 978 979
f 979 978 980
f 984 977 985
f 984 985 986
f 979 980 974
f 974 980 981
f 974 981 975
f 994 992 999
f 994 999 998
f 996 995 997
f 997 995 1001
f 1003 994 1001
f 1001 994 998
f 1001 998 997
f 993 992 994
f 1003 1001 1002
f 1002 1001 1000
f 1014 1006 1015
f 1017 1008 1009
f 1015 1006 1007
f 1016 1008 1017
f 1016 1007 1008
f 1015 1007 1016
f 1020 1004 1019
f 1019 1004 1005
f 1022 1012 1023
f 1023 1012 1013
f 1019 1005 1014
f 1014 1005 1006
f 1021 1011 1022
f 1022 1011 1012
f 1018 1009 1010
f 1018 1010 1021
f 1017 1009 1018
f 1021 1010 1011
f 1027 1025 1026
f 1026 1025 1024
f 1030 1029 1028
f 1031 1029 1030
f 1035 1033 1032
f 1034 1033 1035
f 1039 1037 1036
f 1038 1037 1039
f 1054 1078 1079
f 1051 1082 1050
f 1052 1081 1051
f 1051 1081 1082
f 1056 1076 1077
f 1047 1085 1063
f 1049 1083 1084
f 1048 1085 1047
f 1053 1080 1052
f 1053 1079 1080
f 1054 1079 1053
f 1052 1080 1081
f 1047 1063 1046
f 1046 1063 1064
f 1057 1076 1056
f 1043 1067 1042
f 1058 1075 1057
f 1058 1074 1075
f 1043 1066 1067
f 1044 1066 1043
f 1055 1077 1078
f 1056 1077 1055
f 1055 1078 1054
f 1057 1075 1076
f 1049 1084 1048
f 1048 1084 1085
f 1050 1082 1083
f 1050 1083 1049
f 1042 1067 1068
f 1042 1068 1041
f 1044 1065 1066
f 1045 1065 1044
f 1060 1073 1059
f 1060 1072 1073
f 1059 1074 1058
f 1059 1073 1074
f 1062 1071 1061
f 1062 1070 1071
f 1040 1070 1062
f 1040 1069 1070
f 1041 1069 1040
f 1041 1068 1069
f 1045 1064 1065
f 1046 1064 1045
f 1061 1072 1060
f 1061 1071 1072
f 1091 1092 1125
f 1124 1107 1090
f 1122 1108 1123
f 1127 1089 1096
f 1123 1107 1124
f 1123 1108 1107
f 1128 1097 1129
f 1129 1097 1098
f 1129 1098 1130
f 1130 1098 1099
f 1130 1099 1131
f 1131 1099 1100
f 1125 1092 1112
f 1126 1089 1127
f 1135 1104 1136
f 1136 1104 1105
f 1136 1105 1137
f 1137 1105 1106
f 1137 1106 1125
f 1125 1106 1091
f 1134 1103 1135
f 1135 1103 1104
f 1090 1089 1124
f 1124 1089 1126
f 1112 1092 1113
f 1115 1095 1116
f 1114 1093 1094
f 1113 1092 1093
f 1127 1096 1128
f 1128 1096 1097
f 1132 1100 1101
f 1131 1100 1132
f 1132 1101 1133
f 1133 1101 1102
f 1134 1102 1103
f 1133 1102 1134
f 1118 1087 1086
f 1117 1087 1118
f 1121 1110 1109
f 1121 1109 1122
f 1122 1109 1108
f 1118 1086 1119
f 1119 1086 1111
f 1119 1111 1120
f 1120 1111 1110
f 1120 1110 1121
f 1113 1093 1114
f 1116 1088 1117
f 1114 1094 1115
f 1115 1094 1095
f 1116 1095 1088
f 1117 1088 1087
f 1182 1161 1160
f 1181 1161 1182
f 1184 1159 1158
f 1183 1159 1184
f 1183 1160 1159
f 1182 1160 1183
f 1178 1139 1179
f 1179 1139 1163
f 1140 1142 1177
f 1177 1142 1164
f 1189 1154 1141
f 1184 1158 1185
f 1176 1139 1178
f 1138 1139 1176
f 1177 1141 1140
f 1189 1141 1177
f 1181 1162 1161
f 1180 1162 1181
f 1180 1163 1162
f 1179 1163 1180
f 1170 1149 1148
f 1176 1143 1138
f 1188 1155 1154
f 1188 1154 1189
f 1187 1155 1188
f 1187 1156 1155
f 1186 1157 1156
f 1186 1156 1187
f 1185 1158 1157
f 1185 1157 1186
f 1166 1153 1152
f 1166 1152 1167
f 1170 1148 1171
f 1171 1148 1147
f 1173 1146 1145
f 1172 1146 1173
f 1168 1150 1169
f 1171 1147 1172
f 1169 1149 1170
f 1168 1151 1150
f 1167 1151 1168
f 1169 1150 1149
f 1164 1142 1165
f 1165 1153 1166
f 1167 1152 1151
f 1165 1142 1153
f 1175 1144 1143
f 1174 1144 1175
f 1174 1145 1144
f 1175 1143 1176
f 1172 1147 1146
f 1173 1145 1174
f 1201 1200 1202
f 1217 1216 1218
f 1193 1192 1194
f 1193 1194 1195
f 1217 1218 1219
f 1196 1197 1198
f 1254 1241 1242
f 1196 1198 1243
f 1196 1243 1195
f 1195 1243 1193
f 1200 1255 1202
f 1200 1244 1255
f 1255 1244 1245
f 1204 1206 1246
f 1210 1208 1238
f 1204 1246 1203
f 1203 1246 1201
f 1239 1207 1205
f 1212 1214 1247
f 1238 1208 1240
f 1252 1223 1221
f 1192 1241 1254
f 1192 1254 1194
f 1251 1223 1252
f 1248 1215 1249
f 1244 1199 1245
f 1245 1199 1197
f 1249 1215 1213
f 1198 1197 1199
f 1230 1229 1231
f 1191 1232 1190
f 1228 1229 1230
f 1236 1235 1237
f 1241 1234 1242
f 1242 1234 1236
f 1239 1238 1240
f 1239 1240 1207
f 1234 1235 1236
f 1190 1232 1233
f 1201 1202 1203
f 1204 1205 1206
f 1206 1205 1207
f 1220 1250 1219
f 1220 1222 1250
f 1224 1251 1257
f 1219 1250 1217
f 1216 1256 1218
f 1256 1248 1249
f 1211 1247 1209
f 1216 1248 1256
f 1212 1247 1211
f 1233 1231 1229
f 1233 1232 1231
f 1227 1253 1225
f 1228 1253 1227
f 1228 1230 1253
f 1257 1251 1252
f 1224 1257 1226
f 1209 1208 1210
f 1209 1210 1211
f 1214 1213 1215
f 1212 1213 1214
f 1222 1221 1223
f 1220 1221 1222
f 1225 1226 1227
f 1225 1224 1226
f 1278 1280 1329
f 1278 1329 1277
f 1314 1313 1336
f 1336 1313 1311
f 1320 1263 1337
f 1282 1281 1330
f 1330 1281 1279
f 1288 1273 1331
f 1331 1273 1283
f 1331 1283 1285
f 1286 1288 1331
f 1286 1331 1285
f 1290 1289 1332
f 1332 1289 1287
f 1296 1273 1333
f 1333 1273 1291
f 1333 1291 1293
f 1294 1296 1333
f 1323 1321 1319
f 1328 1276 1274
f 1330 1284 1282
f 1332 1292 1290
f 1335 1308 1306
f 1300 1298 1326
f 1304 1273 1334
f 1334 1273 1299
f 1334 1299 1301
f 1302 1304 1334
f 1302 1334 1301
f 1327 1273 1307
f 1306 1305 1335
f 1335 1305 1303
f 1310 1327 1309
f 1309 1327 1307
f 1342 1343 1344
f 1344 1343 1345
f 1344 1345 1346
f 1346 1345 1347
f 1346 1347 1348
f 1348 1347 1349
f 1348 1349 1350
f 1350 1349 1260
f 1350 1260 1259
f 1339 1338 1351
f 1351 1338 1352
f 1337 1263 1315
f 1337 1315 1317
f 1318 1320 1337
f 1318 1337 1317
f 1323 1322 1321
f 1357 1356 1358
f 1357 1358 1273
f 1260 1359 1273
f 1273 1359 1360
f 1273 1360 1361
f 1361 1360 1362
f 1361 1362 1355
f 1355 1362 1353
f 1259 1258 1350
f 1350 1258 1261
f 1350 1261 1262
f 1336 1316 1314
f 1338 1339 1340
f 1340 1339 1341
f 1340 1341 1342
f 1342 1341 1343
f 1365 1269 1268
f 1365 1268 1366
f 1366 1268 1267
f 1366 1267 1340
f 1340 1267 1266
f 1341 1339 1367
f 1367 1339 1351
f 1367 1351 1368
f 1368 1351 1353
f 1368 1353 1362
f 1342 1369 1340
f 1351 1352 1353
f 1353 1352 1354
f 1353 1354 1355
f 1355 1354 1356
f 1355 1356 1357
f 1342 1344 1369
f 1369 1344 1373
f 1369 1373 1370
f 1370 1373 1372
f 1366 1340 1371
f 1365 1366 1371
f 1341 1367 1343
f 1343 1367 1374
f 1343 1374 1345
f 1345 1374 1375
f 1345 1375 1347
f 1350 1262 1363
f 1363 1262 1270
f 1363 1270 1364
f 1364 1270 1269
f 1364 1269 1365
f 1373 1346 1377
f 1373 1377 1372
f 1372 1377 1364
f 1374 1368 1378
f 1378 1368 1362
f 1378 1362 1360
f 1363 1364 1377
f 1363 1377 1348
f 1348 1377 1346
f 1361 1355 1357
f 1374 1378 1375
f 1340 1369 1370
f 1340 1370 1371
f 1371 1370 1372
f 1371 1372 1365
f 1365 1372 1364
f 1273 1361 1357
f 1380 1379 1340
f 1380 1340 1381
f 1381 1340 1382
f 1347 1375 1376
f 1347 1376 1349
f 1349 1376 1260
f 1383 1407 1340
f 1391 1408 1266
f 1379 1406 1340
f 1405 1390 1266
f 1340 1407 1410
f 1266 1387 1402
f 1266 1408 1411
f 1266 1397 1394
f 1374 1367 1368
f 1344 1346 1373
f 1384 1383 1340
f 1375 1378 1359
f 1375 1359 1376
f 1376 1359 1260
f 1404 1382 1340
f 1273 1274 1275
f 1403 1398 1340
f 1386 1340 1400
f 1400 1340 1266
f 1400 1266 1401
f 1401 1266 1402
f 1299 1300 1301
f 1278 1279 1280
f 1280 1279 1281
f 1280 1281 1273
f 1273 1281 1282
f 1273 1282 1283
f 1283 1282 1284
f 1283 1284 1285
f 1286 1287 1288
f 1288 1287 1289
f 1288 1289 1273
f 1271 1272 1273
f 1273 1272 1274
f 1359 1378 1360
f 1350 1363 1348
f 1318 1319 1320
f 1320 1319 1321
f 1320 1321 1263
f 1263 1321 1322
f 1263 1322 1264
f 1264 1322 1323
f 1272 1271 1324
f 1324 1271 1325
f 1302 1303 1304
f 1304 1303 1305
f 1304 1305 1273
f 1273 1305 1306
f 1273 1306 1307
f 1307 1306 1308
f 1307 1308 1309
f 1310 1311 1312
f 1384 1340 1385
f 1385 1340 1386
f 1312 1311 1313
f 1312 1313 1263
f 1263 1313 1314
f 1263 1314 1315
f 1273 1289 1290
f 1273 1290 1291
f 1291 1290 1292
f 1291 1292 1293
f 1294 1295 1296
f 1296 1295 1297
f 1296 1297 1273
f 1273 1297 1298
f 1273 1298 1299
f 1299 1298 1300
f 1392 1391 1266
f 1392 1266 1393
f 1393 1266 1394
f 1388 1387 1266
f 1388 1266 1389
f 1389 1266 1390
f 1265 1395 1266
f 1266 1395 1396
f 1266 1396 1397
f 1398 1399 1340
f 1275 1276 1277
f 1315 1314 1316
f 1315 1316 1317
f 1294 1333 1293
f 1295 1326 1297
f 1297 1326 1298
f 1260 1273 1263
f 1263 1273 1327
f 1263 1327 1312
f 1312 1327 1310
f 1274 1272 1328
f 1328 1272 1324
f 1280 1273 1329
f 1329 1273 1275
f 1329 1275 1277
f 1411 1405 1266
f 1340 1406 1409
f 1409 1403 1340
f 1410 1404 1340
f 1275 1274 1276
f 1412 1429 1430
f 1412 1432 1433
f 1431 1432 1412
f 1412 1428 1429
f 1434 1435 1412
f 1416 1438 1439
f 1418 1438 1416
f 1419 1416 1440
f 1412 1433 1434
f 1423 1424 1416
f 1416 1424 1425
f 1416 1425 1426
f 1427 1428 1412
f 1412 1426 1436
f 1416 1426 1412
f 1435 1413 1412
f 1422 1441 1416
f 1444 1412 1437
f 1427 1412 1444
f 1416 1421 1422
f 1431 1412 1447
f 1419 1420 1416
f 1416 1420 1421
f 1412 1445 1446
f 1423 1416 1443
f 1416 1439 1440
f 1416 1441 1442
f 1416 1442 1443
f 1412 1436 1437
f 1416 1417 1418
f 1430 1445 1412
f 1412 1446 1447
f 1416 1415 1417
f 1414 1415 1416
f 1492 1491 1493
f 1487 1490 1485
f 1466 1465 1467
f 1460 1459 1501
f 1497 1500 1499
f 1504 1505 1464
f 1453 1455 1496
f 1496 1455 1500
f 1498 1497 1499
f 1492 1493 1494
f 1493 1491 1471
f 1498 1499 1456
f 1503 1506 1505
f 1502 1463 1506
f 1469 1468 1470
f 1477 1476 1478
f 1477 1478 1479
f 1464 1465 1466
f 1469 1470 1471
f 1485 1484 1486
f 1485 1486 1487
f 1451 1450 1488
f 1480 1481 1482
f 1482 1481 1483
f 1472 1473 1474
f 1456 1458 1498
f 1496 1500 1497
f 1460 1501 1462
f 1488 1450 1489
f 1484 1515 1486
f 1512 1513 1480
f 1477 1479 1510
f 1464 1466 1504
f 1510 1479 1514
f 1468 1467 1507
f 1502 1506 1503
f 1461 1463 1502
f 1472 1508 1494
f 1461 1460 1462
f 1461 1462 1463
f 1471 1491 1469
f 1458 1457 1459
f 1472 1474 1508
f 1508 1492 1494
f 1476 1475 1509
f 1509 1475 1473
f 1507 1467 1465
f 1456 1457 1458
f 1501 1459 1457
f 1449 1448 1490
f 1453 1454 1455
f 1510 1514 1511
f 1476 1509 1478
f 1507 1470 1468
f 1452 1495 1454
f 1512 1511 1513
f 1515 1483 1481
f 1474 1473 1475
f 1504 1503 1505
f 1495 1451 1488
f 1487 1449 1490
f 1452 1451 1495
f 1511 1514 1513
f 1480 1482 1512
f 1484 1483 1515
f 1453 1452 1454
f 1532 1531 1533
f 1530 1531 1532
f 1540 1539 1541
f 1522 1523 1524
f 1535 1536 1537
f 1538 1539 1540
f 1575 1582 1574
f 1574 1582 1546
f 1550 1583 1552
f 1550 1576 1583
f 1583 1576 1553
f 1526 1566 1579
f 1562 1554 1563
f 1563 1554 1556
f 1558 1536 1534
f 1517 1516 1551
f 1543 1545 1575
f 1575 1545 1582
f 1581 1572 1573
f 1542 1581 1544
f 1548 1547 1549
f 1546 1547 1548
f 1551 1552 1517
f 1535 1534 1536
f 1543 1544 1545
f 1543 1542 1544
f 1551 1550 1552
f 1547 1553 1549
f 1548 1574 1546
f 1570 1533 1571
f 1524 1523 1525
f 1571 1533 1531
f 1573 1541 1539
f 1567 1525 1523
f 1527 1526 1528
f 1527 1528 1529
f 1572 1541 1573
f 1560 1559 1561
f 1524 1564 1522
f 1560 1561 1538
f 1566 1525 1567
f 1532 1568 1530
f 1556 1555 1557
f 1554 1555 1556
f 1576 1549 1553
f 1577 1562 1563
f 1518 1577 1520
f 1518 1562 1577
f 1538 1540 1560
f 1537 1559 1535
f 1561 1559 1537
f 1558 1570 1571
f 1558 1534 1570
f 1568 1580 1530
f 1569 1580 1568
f 1564 1578 1522
f 1519 1521 1565
f 1565 1521 1578
f 1565 1578 1564
f 1526 1579 1528
f 1519 1518 1520
f 1519 1520 1521
f 1579 1566 1567
f 1527 1529 1569
f 1569 1529 1580
f 1542 1572 1581
f 1587 1586 1588
f 1587 1588 1589
f 1590 1591 1592
f 1592 1591 1593
f 1642 1634 1650
f 1589 1641 1587
f 1590 1641 1589
f 1590 1592 1641
f 1649 1632 1633
f 1639 1632 1649
f 1618 1648 1619
f 1649 1640 1639
f 1620 1648 1622
f 1619 1648 1620
f 1621 1617 1615
f 1613 1647 1611
f 1614 1647 1613
f 1614 1616 1647
f 1651 1637 1638
f 1645 1637 1651
f 1605 1631 1603
f 1606 1631 1605
f 1604 1602 1629
f 1628 1636 1627
f 1628 1630 1636
f 1610 1646 1612
f 1610 1645 1646
f 1594 1643 1596
f 1594 1642 1643
f 1586 1640 1588
f 1586 1639 1640
f 1600 1599 1601
f 1598 1599 1600
f 1595 1596 1597
f 1595 1594 1596
f 1608 1607 1609
f 1606 1607 1608
f 1603 1604 1605
f 1603 1602 1604
f 1651 1646 1645
f 1650 1643 1642
f 1638 1609 1607
f 1637 1609 1638
f 1627 1601 1599
f 1636 1601 1627
f 1616 1615 1617
f 1614 1615 1616
f 1611 1612 1613
f 1611 1610 1612
f 1630 1629 1602
f 1628 1629 1630
f 1625 1624 1626
f 1623 1624 1625
f 1621 1622 1617
f 1621 1620 1622
f 1585 1618 1619
f 1584 1618 1585
f 1635 1593 1591
f 1634 1593 1635
f 1633 1623 1625
f 1632 1623 1633
f 1608 1631 1606
f 1597 1644 1595
f 1598 1644 1597
f 1598 1600 1644
f 1650 1634 1635
f 1688 1719 1690
f 1711 1674 1672
f 1719 1687 1685
f 1681 1680 1682
f 1676 1677 1678
f 1678 1677 1679
f 1680 1713 1682
f 1688 1687 1719
f 1656 1699 1658
f 1711 1671 1669
f 1655 1654 1692
f 1689 1690 1691
f 1684 1685 1686
f 1686 1685 1687
f 1708 1707 1709
f 1664 1705 1666
f 1716 1715 1717
f 1716 1717 1684
f 1681 1683 1714
f 1714 1683 1718
f 1715 1718 1717
f 1714 1718 1715
f 1684 1686 1716
f 1657 1656 1658
f 1662 1661 1663
f 1665 1664 1666
f 1665 1667 1706
f 1702 1701 1703
f 1707 1710 1709
f 1706 1710 1707
f 1668 1670 1708
f 1672 1671 1711
f 1713 1679 1677
f 1700 1704 1701
f 1660 1662 1702
f 1701 1704 1703
f 1664 1663 1705
f 1705 1663 1661
f 1696 1695 1697
f 1696 1697 1698
f 1660 1661 1662
f 1706 1667 1710
f 1657 1658 1659
f 1708 1709 1668
f 1657 1659 1700
f 1680 1679 1713
f 1676 1678 1712
f 1676 1712 1698
f 1673 1674 1675
f 1656 1655 1699
f 1700 1659 1704
f 1699 1655 1692
f 1712 1696 1698
f 1675 1695 1673
f 1697 1695 1675
f 1670 1669 1671
f 1691 1694 1689
f 1652 1653 1694
f 1689 1688 1690
f 1668 1669 1670
f 1673 1672 1674
f 1691 1652 1694
f 1681 1682 1683
f 1692 1654 1693
f 1665 1666 1667
f 1702 1703 1660
f 1722 1766 1781
f 1751 1757 1753
f 1752 1778 1750
f 1769 1782 1768
f 1768 1782 1726
f 1774 1737 1775
f 1750 1751 1752
f 1722 1781 1724
f 1783 1770 1771
f 1730 1783 1732
f 1739 1740 1741
f 1752 1751 1753
f 1755 1754 1756
f 1730 1770 1783
f 1765 1763 1741
f 1762 1774 1775
f 1762 1738 1774
f 1772 1784 1734
f 1773 1733 1784
f 1746 1776 1785
f 1742 1744 1764
f 1741 1763 1739
f 1742 1743 1744
f 1785 1776 1777
f 1780 1753 1757
f 1744 1743 1745
f 1747 1748 1749
f 1781 1766 1767
f 1723 1725 1769
f 1755 1756 1720
f 1747 1749 1779
f 1754 1780 1787
f 1778 1786 1750
f 1779 1786 1778
f 1746 1785 1748
f 1773 1784 1772
f 1787 1780 1757
f 1754 1787 1756
f 1779 1749 1786
f 1731 1733 1773
f 1760 1759 1761
f 1747 1746 1748
f 1758 1759 1760
f 1720 1721 1755
f 1734 1735 1736
f 1736 1735 1737
f 1775 1737 1735
f 1739 1738 1740
f 1766 1758 1767
f 1767 1758 1760
f 1726 1727 1728
f 1762 1740 1738
f 1777 1745 1743
f 1776 1745 1777
f 1728 1727 1729
f 1764 1765 1742
f 1764 1763 1765
f 1770 1729 1771
f 1771 1729 1727
f 1731 1730 1732
f 1731 1732 1733
f 1769 1725 1782
f 1736 1772 1734
f 1728 1768 1726
f 1723 1722 1724
f 1723 1724 1725
f 1791 1790 1792
f 1791 1792 1793
f 1799 1798 1800
f 1832 1833 1834
f 1804 1803 1805
f 1802 1803 1804
f 1794 1795 1796
f 1834 1833 1806
f 1796 1795 1797
f 1812 1835 1810
f 1836 1827 1837
f 1837 1827 1829
f 1840 1805 1831
f 1825 1824 1826
f 1789 1822 1788
f 1788 1822 1823
f 1827 1828 1829
f 1825 1826 1821
f 1829 1828 1830
f 1839 1797 1795
f 1838 1797 1839
f 1831 1805 1803
f 1815 1816 1817
f 1802 1804 1848
f 1855 1850 1849
f 1854 1847 1846
f 1853 1844 1843
f 1824 1852 1826
f 1794 1796 1845
f 1854 1838 1839
f 1825 1821 1819
f 1823 1852 1824
f 1814 1849 1850
f 1849 1841 1855
f 1809 1835 1807
f 1810 1835 1809
f 1808 1806 1833
f 1832 1840 1831
f 1832 1834 1840
f 1801 1848 1799
f 1802 1848 1801
f 1798 1846 1847
f 1798 1847 1800
f 1818 1820 1851
f 1843 1836 1853
f 1818 1851 1817
f 1817 1851 1815
f 1822 1852 1823
f 1799 1800 1801
f 1793 1845 1791
f 1846 1838 1854
f 1814 1850 1816
f 1794 1845 1793
f 1853 1836 1837
f 1807 1806 1808
f 1815 1814 1816
f 1790 1843 1844
f 1818 1819 1820
f 1841 1813 1842
f 1790 1844 1792
f 1842 1813 1811
f 1820 1819 1821
f 1807 1808 1809
f 1855 1841 1842
f 1810 1811 1812
f 1812 1811 1813
f 1878 1879 1858
f 1883 1878 1858
f 1861 1858 1862
f 1880 1856 1881
f 1880 1858 1856
f 1881 1856 1882
f 1884 1862 1858
f 1859 1886 1858
f 1864 1863 1858
f 1863 1887 1858
f 1872 1856 1873
f 1860 1858 1861
f 1866 1858 1880
f 1865 1858 1866
f 1864 1858 1865
f 1871 1888 1856
f 1856 1877 1874
f 1890 1884 1858
f 1858 1887 1890
f 1856 1867 1882
f 1856 1888 1891
f 1889 1883 1858
f 1891 1885 1856
f 1858 1886 1889
f 1885 1870 1856
f 1856 1875 1876
f 1868 1867 1856
f 1873 1856 1874
f 1872 1871 1856
f 1856 1876 1877
f 1868 1856 1869
f 1857 1875 1856
f 1860 1859 1858
f 1869 1856 1870
f 1947 1936 1934
f 1947 1934 1935
f 1933 1944 1893
f 1900 1949 1901
f 1896 1948 1949
f 1895 1948 1896
f 1939 1938 1941
f 1909 1926 1910
f 1898 1900 1899
f 1893 1944 1942
f 1897 1949 1898
f 1896 1949 1897
f 1906 1955 1907
f 1907 1955 1954
f 1907 1954 1928
f 1906 1956 1955
f 1907 1928 1908
f 1909 1927 1926
f 1908 1927 1909
f 1908 1928 1927
f 1905 1953 1957
f 1905 1957 1906
f 1895 1950 1948
f 1895 1951 1950
f 1894 1951 1895
f 1898 1949 1900
f 1906 1957 1956
f 1904 1953 1905
f 1947 1935 1940
f 1940 1935 1938
f 1940 1938 1939
f 1893 1942 1892
f 1892 1942 1943
f 1892 1943 1894
f 1947 1930 1937
f 1937 1936 1947
f 1945 1932 1931
f 1945 1931 1946
f 1946 1931 1929
f 1946 1929 1947
f 1894 1943 1952
f 1894 1952 1951
f 1933 1932 1944
f 1947 1929 1930
f 1944 1932 1945
f 1901 1953 1903
f 1917 1923 1918
f 1918 1923 1916
f 1911 1923 1915
f 1914 1923 1911
f 1914 1924 1923
f 1915 1923 1917
f 1913 1924 1914
f 1913 1925 1924
f 1912 1926 1925
f 1912 1925 1913
f 1910 1926 1912
f 1901 1949 1953
f 1916 1923 1921
f 1916 1921 1919
f 1919 1921 1922
f 1919 1922 1920
f 1903 1902 1901
f 1903 1953 1904
f 1989 2014 1988
f 1960 2040 1961
f 1960 2039 2040
f 2038 2039 1960
f 1960 2037 2038
f 1960 2036 2037
f 1967 2036 1960
f 1970 2035 1968
f 2034 2035 1970
f 2034 2033 2035
f 2032 2033 2034
f 2032 2031 2033
f 2030 2031 2032
f 2030 2029 2031
f 2028 2029 2030
f 2028 2027 2029
f 2026 2025 2027
f 2024 2025 2026
f 2024 2023 2025
f 2022 2023 2024
f 2026 2027 2028
f 2012 2013 2014
f 2014 2013 2015
f 2014 2015 1988
f 1985 1987 2016
f 2016 1987 2017
f 2016 2017 2018
f 2018 2017 2019
f 2018 2019 2020
f 2020 2019 2021
f 2020 2021 2022
f 2022 2021 2023
f 2008 2009 2010
f 2010 2009 2011
f 2010 2011 2012
f 2012 2011 2013
f 1997 1996 1998
f 1997 1998 1999
f 1999 1998 2000
f 1999 2000 2001
f 2001 2000 2002
f 2001 2002 2003
f 2003 2002 2004
f 2003 2004 2005
f 2005 2004 2006
f 2006 2004 2007
f 2006 2007 2008
f 2008 2007 2009
f 1994 1965 1995
f 1966 1965 1994
f 1993 1959 1963
f 1992 1959 1993
f 1991 1959 1992
f 1990 1959 1991
f 1989 1959 1990
f 1988 1959 1989
f 1988 1958 1959
f 1986 1958 1988
f 1984 1958 1986
f 1985 1986 1987
f 1985 1984 1986
f 1983 1984 1985
f 1994 1996 1997
f 1994 1995 1996
f 1980 1978 1981
f 1981 1978 1982
f 1982 1978 1983
f 1983 1978 1984
f 1976 1972 1977
f 1977 1972 1978
f 1977 1978 1979
f 1979 1978 1980
f 1975 1972 1976
f 1974 1972 1975
f 1973 1972 1974
f 1971 1972 1973
f 1968 1964 1969
f 1968 1969 1970
f 1970 1969 1971
f 1971 1969 1972
f 1964 1965 1960
f 1960 1965 1966
f 1960 1966 1967
f 1965 1964 1968
f 1959 1961 1962
f 1960 1961 1959
f 1959 1962 1963
f 2106 2121 2082
f 2106 2044 2121
f 2080 2121 2079
f 2082 2121 2080
f 2051 2108 2109
f 2051 2043 2108
f 2050 2043 2051
f 2049 2043 2050
f 2048 2043 2049
f 2047 2043 2048
f 2108 2044 2106
f 2043 2044 2108
f 2120 2074 2121
f 2079 2121 2078
f 2066 2041 2067
f 2067 2041 2045
f 2064 2041 2065
f 2063 2041 2064
f 2062 2041 2063
f 2065 2041 2066
f 2107 2042 2041
f 2094 2042 2107
f 2120 2081 2068
f 2120 2094 2081
f 2042 2094 2120
f 2121 2075 2076
f 2121 2074 2075
f 2107 2041 2062
f 2077 2121 2076
f 2107 2062 2119
f 2119 2062 2061
f 2119 2061 2118
f 2118 2061 2060
f 2118 2060 2117
f 2117 2060 2059
f 2117 2059 2116
f 2116 2059 2058
f 2116 2058 2115
f 2115 2058 2057
f 2115 2057 2114
f 2114 2057 2056
f 2114 2056 2113
f 2113 2056 2055
f 2045 2041 2043
f 2045 2043 2046
f 2046 2043 2047
f 2078 2121 2077
f 2102 2085 2086
f 2104 2084 2103
f 2104 2083 2084
f 2103 2085 2102
f 2103 2084 2085
f 2082 2083 2106
f 2109 2052 2051
f 2110 2052 2109
f 2110 2053 2052
f 2111 2053 2110
f 2111 2054 2053
f 2105 2083 2104
f 2106 2083 2105
f 2102 2086 2101
f 2071 2072 2120
f 2120 2072 2073
f 2120 2073 2074
f 2120 2070 2071
f 2120 2069 2070
f 2068 2069 2120
f 2098 2091 2097
f 2098 2090 2091
f 2099 2090 2098
f 2099 2089 2090
f 2100 2089 2099
f 2100 2088 2089
f 2100 2087 2088
f 2112 2054 2111
f 2112 2055 2054
f 2113 2055 2112
f 2094 2093 2081
f 2095 2093 2094
f 2096 2093 2095
f 2096 2092 2093
f 2097 2092 2096
f 2097 2091 2092
f 2101 2086 2087
f 2101 2087 2100

