# https://github.com/mikedh/trimesh
v -4.65982008 121.18376160 3.00000000
v -4.65982008 121.18376160 10.00000000
v -4.50000000 122.50000000 3.00000000
v -4.50000000 122.50000000 10.00000000
v -4.65982008 123.81623840 3.00000000
v -4.65982008 123.81623840 10.00000000
v -5.12999201 125.05597687 3.00000000
v -5.12999201 125.05597687 10.00000000
v -5.88319111 126.14717102 3.00000000
v -5.88319111 126.14717102 10.00000000
v -6.87564373 127.02641296 3.00000000
v -6.87564373 127.02641296 10.00000000
v -8.04967308 127.64258575 3.00000000
v -8.04967308 127.64258575 10.00000000
v -9.33704853 127.95989990 3.00000000
v -9.33704853 127.95989990 10.00000000
v -10.66295147 127.95989990 3.00000000
v -10.66295147 127.95989990 10.00000000
v -11.95032692 127.64258575 3.00000000
v -11.95032692 127.64258575 10.00000000
v -13.12435627 127.02641296 3.00000000
v -13.12435627 127.02641296 10.00000000
v -14.11680889 126.14717102 3.00000000
v -14.11680889 126.14717102 10.00000000
v -14.87000847 125.05597687 3.00000000
v -14.87000847 125.05597687 10.00000000
v -15.34018040 123.81623840 3.00000000
v -15.34018040 123.81623840 10.00000000
v -15.50000000 122.50000000 3.00000000
v -15.50000000 122.50000000 10.00000000
v -15.34018040 121.18376160 3.00000000
v -15.34018040 121.18376160 10.00000000
v -14.87000847 119.94402313 3.00000000
v -14.87000847 119.94402313 10.00000000
v -14.11680889 118.85282898 3.00000000
v -14.11680889 118.85282898 10.00000000
v -13.12435627 117.97358704 3.00000000
v -13.12435627 117.97358704 10.00000000
v -11.95032692 117.35741425 3.00000000
v -11.95032692 117.35741425 10.00000000
v -10.66295147 117.04010010 3.00000000
v -10.66295147 117.04010010 10.00000000
v -9.33704853 117.04010010 3.00000000
v -9.33704853 117.04010010 10.00000000
v -8.04967308 117.35741425 3.00000000
v -8.04967308 117.35741425 10.00000000
v -6.87564373 117.97358704 3.00000000
v -6.87564373 117.97358704 10.00000000
v -5.88319111 118.85282898 3.00000000
v -5.88319111 118.85282898 10.00000000
v -5.12999201 119.94402313 3.00000000
v -5.12999201 119.94402313 10.00000000
v -4.65982008 121.18376160 3.00000000
v -4.50000000 122.50000000 3.00000000
v -4.65982008 123.81623840 3.00000000
v -5.12999201 125.05597687 3.00000000
v -5.88319111 126.14717102 3.00000000
v -6.87564373 127.02641296 3.00000000
v -8.04967308 127.64258575 3.00000000
v -9.33704853 127.95989990 3.00000000
v -10.66295147 127.95989990 3.00000000
v -11.95032692 127.64258575 3.00000000
v -13.12435627 127.02641296 3.00000000
v -14.11680889 126.14717102 3.00000000
v -14.87000847 125.05597687 3.00000000
v -15.34018040 123.81623840 3.00000000
v -15.50000000 122.50000000 3.00000000
v -15.34018040 121.18376160 3.00000000
v -14.87000847 119.94402313 3.00000000
v -14.11680889 118.85282898 3.00000000
v -13.12435627 117.97358704 3.00000000
v -11.95032692 117.35741425 3.00000000
v -10.66295147 117.04010010 3.00000000
v -9.33704853 117.04010010 3.00000000
v -8.04967308 117.35741425 3.00000000
v -6.87564373 117.97358704 3.00000000
v -5.88319111 118.85282898 3.00000000
v -5.12999201 119.94402313 3.00000000
v -7.16254807 121.52590179 3.00000000
v -7.00000000 122.50000000 3.00000000
v -7.63257837 120.65736389 3.00000000
v -8.35915565 119.98850250 3.00000000
v -9.26354313 119.59179688 3.00000000
v -10.24773788 119.51024628 3.00000000
v -11.20508671 119.75267792 3.00000000
v -12.03184509 120.29283142 3.00000000
v -12.63842106 121.07215881 3.00000000
v -12.95908356 122.00621796 3.00000000
v -12.95908356 122.99378204 3.00000000
v -12.63842106 123.92784119 3.00000000
v -12.03184509 124.70716858 3.00000000
v -11.20508671 125.24732208 3.00000000
v -10.24773788 125.48975372 3.00000000
v -9.26354313 125.40820312 3.00000000
v -8.35915565 125.01149750 3.00000000
v -7.63257837 124.34263611 3.00000000
v -7.16254807 123.47409821 3.00000000
v -204.65982056 121.18376160 3.00000000
v -204.65982056 121.18376160 10.00000000
v -204.50000000 122.50000000 3.00000000
v -204.50000000 122.50000000 10.00000000
v -204.65982056 123.81623840 3.00000000
v -204.65982056 123.81623840 10.00000000
v -205.12998962 125.05597687 3.00000000
v -205.12998962 125.05597687 10.00000000
v -205.88319397 126.14717102 3.00000000
v -205.88319397 126.14717102 10.00000000
v -206.87564087 127.02641296 3.00000000
v -206.87564087 127.02641296 10.00000000
v -208.04966736 127.64258575 3.00000000
v -208.04966736 127.64258575 10.00000000
v -209.33705139 127.95989990 3.00000000
v -209.33705139 127.95989990 10.00000000
v -210.66294861 127.95989990 3.00000000
v -210.66294861 127.95989990 10.00000000
v -211.95033264 127.64258575 3.00000000
v -211.95033264 127.64258575 10.00000000
v -213.12435913 127.02641296 3.00000000
v -213.12435913 127.02641296 10.00000000
v -214.11680603 126.14717102 3.00000000
v -214.11680603 126.14717102 10.00000000
v -214.87001038 125.05597687 3.00000000
v -214.87001038 125.05597687 10.00000000
v -215.34017944 123.81623840 3.00000000
v -215.34017944 123.81623840 10.00000000
v -215.50000000 122.50000000 3.00000000
v -215.50000000 122.50000000 10.00000000
v -215.34017944 121.18376160 3.00000000
v -215.34017944 121.18376160 10.00000000
v -214.87001038 119.94402313 3.00000000
v -214.87001038 119.94402313 10.00000000
v -214.11680603 118.85282898 3.00000000
v -214.11680603 118.85282898 10.00000000
v -213.12435913 117.97358704 3.00000000
v -213.12435913 117.97358704 10.00000000
v -211.95033264 117.35741425 3.00000000
v -211.95033264 117.35741425 10.00000000
v -210.66294861 117.04010010 3.00000000
v -210.66294861 117.04010010 10.00000000
v -209.33705139 117.04010010 3.00000000
v -209.33705139 117.04010010 10.00000000
v -208.04966736 117.35741425 3.00000000
v -208.04966736 117.35741425 10.00000000
v -206.87564087 117.97358704 3.00000000
v -206.87564087 117.97358704 10.00000000
v -205.88319397 118.85282898 3.00000000
v -205.88319397 118.85282898 10.00000000
v -205.12998962 119.94402313 3.00000000
v -205.12998962 119.94402313 10.00000000
v -204.65982056 121.18376160 3.00000000
v -204.50000000 122.50000000 3.00000000
v -204.65982056 123.81623840 3.00000000
v -205.12998962 125.05597687 3.00000000
v -205.88319397 126.14717102 3.00000000
v -206.87564087 127.02641296 3.00000000
v -208.04966736 127.64258575 3.00000000
v -209.33705139 127.95989990 3.00000000
v -210.66294861 127.95989990 3.00000000
v -211.95033264 127.64258575 3.00000000
v -213.12435913 127.02641296 3.00000000
v -214.11680603 126.14717102 3.00000000
v -214.87001038 125.05597687 3.00000000
v -215.34017944 123.81623840 3.00000000
v -215.50000000 122.50000000 3.00000000
v -215.34017944 121.18376160 3.00000000
v -214.87001038 119.94402313 3.00000000
v -214.11680603 118.85282898 3.00000000
v -213.12435913 117.97358704 3.00000000
v -211.95033264 117.35741425 3.00000000
v -210.66294861 117.04010010 3.00000000
v -209.33705139 117.04010010 3.00000000
v -208.04966736 117.35741425 3.00000000
v -206.87564087 117.97358704 3.00000000
v -205.88319397 118.85282898 3.00000000
v -205.12998962 119.94402313 3.00000000
v -207.16255188 121.52590179 3.00000000
v -207.00000000 122.50000000 3.00000000
v -207.63258362 120.65736389 3.00000000
v -208.35916138 119.98850250 3.00000000
v -209.26354980 119.59179688 3.00000000
v -210.24774170 119.51024628 3.00000000
v -211.20509338 119.75267792 3.00000000
v -212.03184509 120.29283142 3.00000000
v -212.63842773 121.07215881 3.00000000
v -212.95909119 122.00621796 3.00000000
v -212.95909119 122.99378204 3.00000000
v -212.63842773 123.92784119 3.00000000
v -212.03184509 124.70716858 3.00000000
v -211.20509338 125.24732208 3.00000000
v -210.24774170 125.48975372 3.00000000
v -209.26354980 125.40820312 3.00000000
v -208.35916138 125.01149750 3.00000000
v -207.63258362 124.34263611 3.00000000
v -207.16255188 123.47409821 3.00000000
v -4.65982008 71.18376160 3.00000000
v -4.65982008 71.18376160 10.00000000
v -4.50000000 72.50000000 3.00000000
v -4.50000000 72.50000000 10.00000000
v -4.65982008 73.81623840 3.00000000
v -4.65982008 73.81623840 10.00000000
v -5.12999201 75.05597687 3.00000000
v -5.12999201 75.05597687 10.00000000
v -5.88319111 76.14717102 3.00000000
v -5.88319111 76.14717102 10.00000000
v -6.87564373 77.02641296 3.00000000
v -6.87564373 77.02641296 10.00000000
v -8.04967308 77.64258575 3.00000000
v -8.04967308 77.64258575 10.00000000
v -9.33704853 77.95989990 3.00000000
v -9.33704853 77.95989990 10.00000000
v -10.66295147 77.95989990 3.00000000
v -10.66295147 77.95989990 10.00000000
v -11.95032692 77.64258575 3.00000000
v -11.95032692 77.64258575 10.00000000
v -13.12435627 77.02641296 3.00000000
v -13.12435627 77.02641296 10.00000000
v -14.11680889 76.14717102 3.00000000
v -14.11680889 76.14717102 10.00000000
v -14.87000847 75.05597687 3.00000000
v -14.87000847 75.05597687 10.00000000
v -15.34018040 73.81623840 3.00000000
v -15.34018040 73.81623840 10.00000000
v -15.50000000 72.50000000 3.00000000
v -15.50000000 72.50000000 10.00000000
v -15.34018040 71.18376160 3.00000000
v -15.34018040 71.18376160 10.00000000
v -14.87000847 69.94402313 3.00000000
v -14.87000847 69.94402313 10.00000000
v -14.11680889 68.85282898 3.00000000
v -14.11680889 68.85282898 10.00000000
v -13.12435627 67.97358704 3.00000000
v -13.12435627 67.97358704 10.00000000
v -11.95032692 67.35741425 3.00000000
v -11.95032692 67.35741425 10.00000000
v -10.66295147 67.04010010 3.00000000
v -10.66295147 67.04010010 10.00000000
v -9.33704853 67.04010010 3.00000000
v -9.33704853 67.04010010 10.00000000
v -8.04967308 67.35741425 3.00000000
v -8.04967308 67.35741425 10.00000000
v -6.87564373 67.97358704 3.00000000
v -6.87564373 67.97358704 10.00000000
v -5.88319111 68.85282898 3.00000000
v -5.88319111 68.85282898 10.00000000
v -5.12999201 69.94402313 3.00000000
v -5.12999201 69.94402313 10.00000000
v -4.65982008 71.18376160 3.00000000
v -4.50000000 72.50000000 3.00000000
v -4.65982008 73.81623840 3.00000000
v -5.12999201 75.05597687 3.00000000
v -5.88319111 76.14717102 3.00000000
v -6.87564373 77.02641296 3.00000000
v -8.04967308 77.64258575 3.00000000
v -9.33704853 77.95989990 3.00000000
v -10.66295147 77.95989990 3.00000000
v -11.95032692 77.64258575 3.00000000
v -13.12435627 77.02641296 3.00000000
v -14.11680889 76.14717102 3.00000000
v -14.87000847 75.05597687 3.00000000
v -15.34018040 73.81623840 3.00000000
v -15.50000000 72.50000000 3.00000000
v -15.34018040 71.18376160 3.00000000
v -14.87000847 69.94402313 3.00000000
v -14.11680889 68.85282898 3.00000000
v -13.12435627 67.97358704 3.00000000
v -11.95032692 67.35741425 3.00000000
v -10.66295147 67.04010010 3.00000000
v -9.33704853 67.04010010 3.00000000
v -8.04967308 67.35741425 3.00000000
v -6.87564373 67.97358704 3.00000000
v -5.88319111 68.85282898 3.00000000
v -5.12999201 69.94402313 3.00000000
v -7.16254807 71.52590179 3.00000000
v -7.00000000 72.50000000 3.00000000
v -7.63257837 70.65736389 3.00000000
v -8.35915565 69.98850250 3.00000000
v -9.26354313 69.59179688 3.00000000
v -10.24773788 69.51024628 3.00000000
v -11.20508671 69.75267792 3.00000000
v -12.03184509 70.29283142 3.00000000
v -12.63842106 71.07215881 3.00000000
v -12.95908356 72.00621796 3.00000000
v -12.95908356 72.99378204 3.00000000
v -12.63842106 73.92784119 3.00000000
v -12.03184509 74.70716858 3.00000000
v -11.20508671 75.24732208 3.00000000
v -10.24773788 75.48975372 3.00000000
v -9.26354313 75.40820312 3.00000000
v -8.35915565 75.01149750 3.00000000
v -7.63257837 74.34263611 3.00000000
v -7.16254807 73.47409821 3.00000000
v -204.65982056 21.18376350 3.00000000
v -204.65982056 21.18376350 10.00000000
v -204.50000000 22.50000000 3.00000000
v -204.50000000 22.50000000 10.00000000
v -204.65982056 23.81623650 3.00000000
v -204.65982056 23.81623650 10.00000000
v -205.12998962 25.05597687 3.00000000
v -205.12998962 25.05597687 10.00000000
v -205.88319397 26.14717484 3.00000000
v -205.88319397 26.14717484 10.00000000
v -206.87564087 27.02641106 3.00000000
v -206.87564087 27.02641106 10.00000000
v -208.04966736 27.64258957 3.00000000
v -208.04966736 27.64258957 10.00000000
v -209.33705139 27.95989799 3.00000000
v -209.33705139 27.95989799 10.00000000
v -210.66294861 27.95989799 3.00000000
v -210.66294861 27.95989799 10.00000000
v -211.95033264 27.64258957 3.00000000
v -211.95033264 27.64258957 10.00000000
v -213.12435913 27.02641106 3.00000000
v -213.12435913 27.02641106 10.00000000
v -214.11680603 26.14717484 3.00000000
v -214.11680603 26.14717484 10.00000000
v -214.87001038 25.05597687 3.00000000
v -214.87001038 25.05597687 10.00000000
v -215.34017944 23.81623650 3.00000000
v -215.34017944 23.81623650 10.00000000
v -215.50000000 22.50000000 3.00000000
v -215.50000000 22.50000000 10.00000000
v -215.34017944 21.18376350 3.00000000
v -215.34017944 21.18376350 10.00000000
v -214.87001038 19.94402313 3.00000000
v -214.87001038 19.94402313 10.00000000
v -214.11680603 18.85282516 3.00000000
v -214.11680603 18.85282516 10.00000000
v -213.12435913 17.97358894 3.00000000
v -213.12435913 17.97358894 10.00000000
v -211.95033264 17.35741043 3.00000000
v -211.95033264 17.35741043 10.00000000
v -210.66294861 17.04010201 3.00000000
v -210.66294861 17.04010201 10.00000000
v -209.33705139 17.04010201 3.00000000
v -209.33705139 17.04010201 10.00000000
v -208.04966736 17.35741043 3.00000000
v -208.04966736 17.35741043 10.00000000
v -206.87564087 17.97358894 3.00000000
v -206.87564087 17.97358894 10.00000000
v -205.88319397 18.85282516 3.00000000
v -205.88319397 18.85282516 10.00000000
v -205.12998962 19.94402313 3.00000000
v -205.12998962 19.94402313 10.00000000
v -204.65982056 21.18376350 3.00000000
v -204.50000000 22.50000000 3.00000000
v -204.65982056 23.81623650 3.00000000
v -205.12998962 25.05597687 3.00000000
v -205.88319397 26.14717484 3.00000000
v -206.87564087 27.02641106 3.00000000
v -208.04966736 27.64258957 3.00000000
v -209.33705139 27.95989799 3.00000000
v -210.66294861 27.95989799 3.00000000
v -211.95033264 27.64258957 3.00000000
v -213.12435913 27.02641106 3.00000000
v -214.11680603 26.14717484 3.00000000
v -214.87001038 25.05597687 3.00000000
v -215.34017944 23.81623650 3.00000000
v -215.50000000 22.50000000 3.00000000
v -215.34017944 21.18376350 3.00000000
v -214.87001038 19.94402313 3.00000000
v -214.11680603 18.85282516 3.00000000
v -213.12435913 17.97358894 3.00000000
v -211.95033264 17.35741043 3.00000000
v -210.66294861 17.04010201 3.00000000
v -209.33705139 17.04010201 3.00000000
v -208.04966736 17.35741043 3.00000000
v -206.87564087 17.97358894 3.00000000
v -205.88319397 18.85282516 3.00000000
v -205.12998962 19.94402313 3.00000000
v -207.16255188 21.52590179 3.00000000
v -207.00000000 22.50000000 3.00000000
v -207.63258362 20.65736198 3.00000000
v -208.35916138 19.98850060 3.00000000
v -209.26354980 19.59179878 3.00000000
v -210.24774170 19.51024628 3.00000000
v -211.20509338 19.75267982 3.00000000
v -212.03184509 20.29282761 3.00000000
v -212.63842773 21.07215691 3.00000000
v -212.95909119 22.00621605 3.00000000
v -212.95909119 22.99378395 3.00000000
v -212.63842773 23.92784309 3.00000000
v -212.03184509 24.70717239 3.00000000
v -211.20509338 25.24732018 3.00000000
v -210.24774170 25.48975372 3.00000000
v -209.26354980 25.40820122 3.00000000
v -208.35916138 25.01149940 3.00000000
v -207.63258362 24.34263802 3.00000000
v -207.16255188 23.47409821 3.00000000
v -204.65982056 71.18376160 3.00000000
v -204.65982056 71.18376160 10.00000000
v -204.50000000 72.50000000 3.00000000
v -204.50000000 72.50000000 10.00000000
v -204.65982056 73.81623840 3.00000000
v -204.65982056 73.81623840 10.00000000
v -205.12998962 75.05597687 3.00000000
v -205.12998962 75.05597687 10.00000000
v -205.88319397 76.14717102 3.00000000
v -205.88319397 76.14717102 10.00000000
v -206.87564087 77.02641296 3.00000000
v -206.87564087 77.02641296 10.00000000
v -208.04966736 77.64258575 3.00000000
v -208.04966736 77.64258575 10.00000000
v -209.33705139 77.95989990 3.00000000
v -209.33705139 77.95989990 10.00000000
v -210.66294861 77.95989990 3.00000000
v -210.66294861 77.95989990 10.00000000
v -211.95033264 77.64258575 3.00000000
v -211.95033264 77.64258575 10.00000000
v -213.12435913 77.02641296 3.00000000
v -213.12435913 77.02641296 10.00000000
v -214.11680603 76.14717102 3.00000000
v -214.11680603 76.14717102 10.00000000
v -214.87001038 75.05597687 3.00000000
v -214.87001038 75.05597687 10.00000000
v -215.34017944 73.81623840 3.00000000
v -215.34017944 73.81623840 10.00000000
v -215.50000000 72.50000000 3.00000000
v -215.50000000 72.50000000 10.00000000
v -215.34017944 71.18376160 3.00000000
v -215.34017944 71.18376160 10.00000000
v -214.87001038 69.94402313 3.00000000
v -214.87001038 69.94402313 10.00000000
v -214.11680603 68.85282898 3.00000000
v -214.11680603 68.85282898 10.00000000
v -213.12435913 67.97358704 3.00000000
v -213.12435913 67.97358704 10.00000000
v -211.95033264 67.35741425 3.00000000
v -211.95033264 67.35741425 10.00000000
v -210.66294861 67.04010010 3.00000000
v -210.66294861 67.04010010 10.00000000
v -209.33705139 67.04010010 3.00000000
v -209.33705139 67.04010010 10.00000000
v -208.04966736 67.35741425 3.00000000
v -208.04966736 67.35741425 10.00000000
v -206.87564087 67.97358704 3.00000000
v -206.87564087 67.97358704 10.00000000
v -205.88319397 68.85282898 3.00000000
v -205.88319397 68.85282898 10.00000000
v -205.12998962 69.94402313 3.00000000
v -205.12998962 69.94402313 10.00000000
v -204.65982056 71.18376160 3.00000000
v -204.50000000 72.50000000 3.00000000
v -204.65982056 73.81623840 3.00000000
v -205.12998962 75.05597687 3.00000000
v -205.88319397 76.14717102 3.00000000
v -206.87564087 77.02641296 3.00000000
v -208.04966736 77.64258575 3.00000000
v -209.33705139 77.95989990 3.00000000
v -210.66294861 77.95989990 3.00000000
v -211.95033264 77.64258575 3.00000000
v -213.12435913 77.02641296 3.00000000
v -214.11680603 76.14717102 3.00000000
v -214.87001038 75.05597687 3.00000000
v -215.34017944 73.81623840 3.00000000
v -215.50000000 72.50000000 3.00000000
v -215.34017944 71.18376160 3.00000000
v -214.87001038 69.94402313 3.00000000
v -214.11680603 68.85282898 3.00000000
v -213.12435913 67.97358704 3.00000000
v -211.95033264 67.35741425 3.00000000
v -210.66294861 67.04010010 3.00000000
v -209.33705139 67.04010010 3.00000000
v -208.04966736 67.35741425 3.00000000
v -206.87564087 67.97358704 3.00000000
v -205.88319397 68.85282898 3.00000000
v -205.12998962 69.94402313 3.00000000
v -207.16255188 71.52590179 3.00000000
v -207.00000000 72.50000000 3.00000000
v -207.63258362 70.65736389 3.00000000
v -208.35916138 69.98850250 3.00000000
v -209.26354980 69.59179688 3.00000000
v -210.24774170 69.51024628 3.00000000
v -211.20509338 69.75267792 3.00000000
v -212.03184509 70.29283142 3.00000000
v -212.63842773 71.07215881 3.00000000
v -212.95909119 72.00621796 3.00000000
v -212.95909119 72.99378204 3.00000000
v -212.63842773 73.92784119 3.00000000
v -212.03184509 74.70716858 3.00000000
v -211.20509338 75.24732208 3.00000000
v -210.24774170 75.48975372 3.00000000
v -209.26354980 75.40820312 3.00000000
v -208.35916138 75.01149750 3.00000000
v -207.63258362 74.34263611 3.00000000
v -207.16255188 73.47409821 3.00000000
v -4.65982008 21.18376350 3.00000000
v -4.65982008 21.18376350 10.00000000
v -4.50000000 22.50000000 3.00000000
v -4.50000000 22.50000000 10.00000000
v -4.65982008 23.81623650 3.00000000
v -4.65982008 23.81623650 10.00000000
v -5.12999201 25.05597687 3.00000000
v -5.12999201 25.05597687 10.00000000
v -5.88319111 26.14717484 3.00000000
v -5.88319111 26.14717484 10.00000000
v -6.87564373 27.02641106 3.00000000
v -6.87564373 27.02641106 10.00000000
v -8.04967308 27.64258957 3.00000000
v -8.04967308 27.64258957 10.00000000
v -9.33704853 27.95989799 3.00000000
v -9.33704853 27.95989799 10.00000000
v -10.66295147 27.95989799 3.00000000
v -10.66295147 27.95989799 10.00000000
v -11.95032692 27.64258957 3.00000000
v -11.95032692 27.64258957 10.00000000
v -13.12435627 27.02641106 3.00000000
v -13.12435627 27.02641106 10.00000000
v -14.11680889 26.14717484 3.00000000
v -14.11680889 26.14717484 10.00000000
v -14.87000847 25.05597687 3.00000000
v -14.87000847 25.05597687 10.00000000
v -15.34018040 23.81623650 3.00000000
v -15.34018040 23.81623650 10.00000000
v -15.50000000 22.50000000 3.00000000
v -15.50000000 22.50000000 10.00000000
v -15.34018040 21.18376350 3.00000000
v -15.34018040 21.18376350 10.00000000
v -14.87000847 19.94402313 3.00000000
v -14.87000847 19.94402313 10.00000000
v -14.11680889 18.85282516 3.00000000
v -14.11680889 18.85282516 10.00000000
v -13.12435627 17.97358894 3.00000000
v -13.12435627 17.97358894 10.00000000
v -11.95032692 17.35741043 3.00000000
v -11.95032692 17.35741043 10.00000000
v -10.66295147 17.04010201 3.00000000
v -10.66295147 17.04010201 10.00000000
v -9.33704853 17.04010201 3.00000000
v -9.33704853 17.04010201 10.00000000
v -8.04967308 17.35741043 3.00000000
v -8.04967308 17.35741043 10.00000000
v -6.87564373 17.97358894 3.00000000
v -6.87564373 17.97358894 10.00000000
v -5.88319111 18.85282516 3.00000000
v -5.88319111 18.85282516 10.00000000
v -5.12999201 19.94402313 3.00000000
v -5.12999201 19.94402313 10.00000000
v -4.65982008 21.18376350 3.00000000
v -4.50000000 22.50000000 3.00000000
v -4.65982008 23.81623650 3.00000000
v -5.12999201 25.05597687 3.00000000
v -5.88319111 26.14717484 3.00000000
v -6.87564373 27.02641106 3.00000000
v -8.04967308 27.64258957 3.00000000
v -9.33704853 27.95989799 3.00000000
v -10.66295147 27.95989799 3.00000000
v -11.95032692 27.64258957 3.00000000
v -13.12435627 27.02641106 3.00000000
v -14.11680889 26.14717484 3.00000000
v -14.87000847 25.05597687 3.00000000
v -15.34018040 23.81623650 3.00000000
v -15.50000000 22.50000000 3.00000000
v -15.34018040 21.18376350 3.00000000
v -14.87000847 19.94402313 3.00000000
v -14.11680889 18.85282516 3.00000000
v -13.12435627 17.97358894 3.00000000
v -11.95032692 17.35741043 3.00000000
v -10.66295147 17.04010201 3.00000000
v -9.33704853 17.04010201 3.00000000
v -8.04967308 17.35741043 3.00000000
v -6.87564373 17.97358894 3.00000000
v -5.88319111 18.85282516 3.00000000
v -5.12999201 19.94402313 3.00000000
v -7.16254807 21.52590179 3.00000000
v -7.00000000 22.50000000 3.00000000
v -7.63257837 20.65736198 3.00000000
v -8.35915565 19.98850060 3.00000000
v -9.26354313 19.59179878 3.00000000
v -10.24773788 19.51024628 3.00000000
v -11.20508671 19.75267982 3.00000000
v -12.03184509 20.29282761 3.00000000
v -12.63842106 21.07215691 3.00000000
v -12.95908356 22.00621605 3.00000000
v -12.95908356 22.99378395 3.00000000
v -12.63842106 23.92784309 3.00000000
v -12.03184509 24.70717239 3.00000000
v -11.20508671 25.24732018 3.00000000
v -10.24773788 25.48975372 3.00000000
v -9.26354313 25.40820122 3.00000000
v -8.35915565 25.01149940 3.00000000
v -7.63257837 24.34263802 3.00000000
v -7.16254807 23.47409821 3.00000000
v -207.16255188 21.52590179 3.00000000
v -207.00000000 22.50000000 3.00000000
v -207.63258362 20.65736198 3.00000000
v -208.35916138 19.98850060 3.00000000
v -209.26354980 19.59179878 3.00000000
v -210.24774170 19.51024628 3.00000000
v -211.20509338 19.75267982 3.00000000
v -212.03184509 20.29282761 3.00000000
v -212.63842773 21.07215691 3.00000000
v -212.95909119 22.00621605 3.00000000
v -212.95909119 22.99378395 3.00000000
v -212.63842773 23.92784309 3.00000000
v -212.03184509 24.70717239 3.00000000
v -211.20509338 25.24732018 3.00000000
v -210.24774170 25.48975372 3.00000000
v -209.26354980 25.40820122 3.00000000
v -208.35916138 25.01149940 3.00000000
v -207.63258362 24.34263802 3.00000000
v -207.16255188 23.47409821 3.00000000
v -207.16255188 23.47409821 -0.00000000
v -207.00000000 22.50000000 -0.00000000
v -207.16255188 21.52590179 -0.00000000
v -207.63258362 20.65736198 -0.00000000
v -208.35916138 19.98850060 -0.00000000
v -209.26354980 19.59179878 -0.00000000
v -210.24774170 19.51024628 -0.00000000
v -211.20509338 19.75267982 -0.00000000
v -212.03184509 20.29282761 -0.00000000
v -212.63842773 21.07215691 -0.00000000
v -212.95909119 22.00621605 -0.00000000
v -212.95909119 22.99378395 -0.00000000
v -212.63842773 23.92784309 -0.00000000
v -212.03184509 24.70717239 -0.00000000
v -211.20509338 25.24732018 -0.00000000
v -210.24774170 25.48975372 -0.00000000
v -209.26354980 25.40820122 -0.00000000
v -208.35916138 25.01149940 -0.00000000
v -207.63258362 24.34263802 -0.00000000
v -7.16254807 21.52590179 3.00000000
v -7.00000000 22.50000000 3.00000000
v -7.63257837 20.65736198 3.00000000
v -8.35915565 19.98850060 3.00000000
v -9.26354313 19.59179878 3.00000000
v -10.24773788 19.51024628 3.00000000
v -11.20508671 19.75267982 3.00000000
v -12.03184509 20.29282761 3.00000000
v -12.63842106 21.07215691 3.00000000
v -12.95908356 22.00621605 3.00000000
v -12.95908356 22.99378395 3.00000000
v -12.63842106 23.92784309 3.00000000
v -12.03184509 24.70717239 3.00000000
v -11.20508671 25.24732018 3.00000000
v -10.24773788 25.48975372 3.00000000
v -9.26354313 25.40820122 3.00000000
v -8.35915565 25.01149940 3.00000000
v -7.63257837 24.34263802 3.00000000
v -7.16254807 23.47409821 3.00000000
v -7.16254807 23.47409821 -0.00000000
v -7.00000000 22.50000000 -0.00000000
v -7.16254807 21.52590179 -0.00000000
v -7.63257837 20.65736198 -0.00000000
v -8.35915565 19.98850060 -0.00000000
v -9.26354313 19.59179878 -0.00000000
v -10.24773788 19.51024628 -0.00000000
v -11.20508671 19.75267982 -0.00000000
v -12.03184509 20.29282761 -0.00000000
v -12.63842106 21.07215691 -0.00000000
v -12.95908356 22.00621605 -0.00000000
v -12.95908356 22.99378395 -0.00000000
v -12.63842106 23.92784309 -0.00000000
v -12.03184509 24.70717239 -0.00000000
v -11.20508671 25.24732018 -0.00000000
v -10.24773788 25.48975372 -0.00000000
v -9.26354313 25.40820122 -0.00000000
v -8.35915565 25.01149940 -0.00000000
v -7.63257837 24.34263802 -0.00000000
v -207.16255188 71.52590179 3.00000000
v -207.00000000 72.50000000 3.00000000
v -207.63258362 70.65736389 3.00000000
v -208.35916138 69.98850250 3.00000000
v -209.26354980 69.59179688 3.00000000
v -210.24774170 69.51024628 3.00000000
v -211.20509338 69.75267792 3.00000000
v -212.03184509 70.29283142 3.00000000
v -212.63842773 71.07215881 3.00000000
v -212.95909119 72.00621796 3.00000000
v -212.95909119 72.99378204 3.00000000
v -212.63842773 73.92784119 3.00000000
v -212.03184509 74.70716858 3.00000000
v -211.20509338 75.24732208 3.00000000
v -210.24774170 75.48975372 3.00000000
v -209.26354980 75.40820312 3.00000000
v -208.35916138 75.01149750 3.00000000
v -207.63258362 74.34263611 3.00000000
v -207.16255188 73.47409821 3.00000000
v -207.16255188 73.47409821 -0.00000000
v -207.00000000 72.50000000 -0.00000000
v -207.16255188 71.52590179 -0.00000000
v -207.63258362 70.65736389 -0.00000000
v -208.35916138 69.98850250 -0.00000000
v -209.26354980 69.59179688 -0.00000000
v -210.24774170 69.51024628 -0.00000000
v -211.20509338 69.75267792 -0.00000000
v -212.03184509 70.29283142 -0.00000000
v -212.63842773 71.07215881 -0.00000000
v -212.95909119 72.00621796 -0.00000000
v -212.95909119 72.99378204 -0.00000000
v -212.63842773 73.92784119 -0.00000000
v -212.03184509 74.70716858 -0.00000000
v -211.20509338 75.24732208 -0.00000000
v -210.24774170 75.48975372 -0.00000000
v -209.26354980 75.40820312 -0.00000000
v -208.35916138 75.01149750 -0.00000000
v -207.63258362 74.34263611 -0.00000000
v -7.16254807 121.52590179 3.00000000
v -7.00000000 122.50000000 3.00000000
v -7.63257837 120.65736389 3.00000000
v -8.35915565 119.98850250 3.00000000
v -9.26354313 119.59179688 3.00000000
v -10.24773788 119.51024628 3.00000000
v -11.20508671 119.75267792 3.00000000
v -12.03184509 120.29283142 3.00000000
v -12.63842106 121.07215881 3.00000000
v -12.95908356 122.00621796 3.00000000
v -12.95908356 122.99378204 3.00000000
v -12.63842106 123.92784119 3.00000000
v -12.03184509 124.70716858 3.00000000
v -11.20508671 125.24732208 3.00000000
v -10.24773788 125.48975372 3.00000000
v -9.26354313 125.40820312 3.00000000
v -8.35915565 125.01149750 3.00000000
v -7.63257837 124.34263611 3.00000000
v -7.16254807 123.47409821 3.00000000
v -7.16254807 123.47409821 -0.00000000
v -7.00000000 122.50000000 -0.00000000
v -7.16254807 121.52590179 -0.00000000
v -7.63257837 120.65736389 -0.00000000
v -8.35915565 119.98850250 -0.00000000
v -9.26354313 119.59179688 -0.00000000
v -10.24773788 119.51024628 -0.00000000
v -11.20508671 119.75267792 -0.00000000
v -12.03184509 120.29283142 -0.00000000
v -12.63842106 121.07215881 -0.00000000
v -12.95908356 122.00621796 -0.00000000
v -12.95908356 122.99378204 -0.00000000
v -12.63842106 123.92784119 -0.00000000
v -12.03184509 124.70716858 -0.00000000
v -11.20508671 125.24732208 -0.00000000
v -10.24773788 125.48975372 -0.00000000
v -9.26354313 125.40820312 -0.00000000
v -8.35915565 125.01149750 -0.00000000
v -7.63257837 124.34263611 -0.00000000
v -7.16254807 71.52590179 3.00000000
v -7.00000000 72.50000000 3.00000000
v -7.63257837 70.65736389 3.00000000
v -8.35915565 69.98850250 3.00000000
v -9.26354313 69.59179688 3.00000000
v -10.24773788 69.51024628 3.00000000
v -11.20508671 69.75267792 3.00000000
v -12.03184509 70.29283142 3.00000000
v -12.63842106 71.07215881 3.00000000
v -12.95908356 72.00621796 3.00000000
v -12.95908356 72.99378204 3.00000000
v -12.63842106 73.92784119 3.00000000
v -12.03184509 74.70716858 3.00000000
v -11.20508671 75.24732208 3.00000000
v -10.24773788 75.48975372 3.00000000
v -9.26354313 75.40820312 3.00000000
v -8.35915565 75.01149750 3.00000000
v -7.63257837 74.34263611 3.00000000
v -7.16254807 73.47409821 3.00000000
v -7.16254807 73.47409821 -0.00000000
v -7.00000000 72.50000000 -0.00000000
v -7.16254807 71.52590179 -0.00000000
v -7.63257837 70.65736389 -0.00000000
v -8.35915565 69.98850250 -0.00000000
v -9.26354313 69.59179688 -0.00000000
v -10.24773788 69.51024628 -0.00000000
v -11.20508671 69.75267792 -0.00000000
v -12.03184509 70.29283142 -0.00000000
v -12.63842106 71.07215881 -0.00000000
v -12.95908356 72.00621796 -0.00000000
v -12.95908356 72.99378204 -0.00000000
v -12.63842106 73.92784119 -0.00000000
v -12.03184509 74.70716858 -0.00000000
v -11.20508671 75.24732208 -0.00000000
v -10.24773788 75.48975372 -0.00000000
v -9.26354313 75.40820312 -0.00000000
v -8.35915565 75.01149750 -0.00000000
v -7.63257837 74.34263611 -0.00000000
v -207.16255188 121.52590179 3.00000000
v -207.00000000 122.50000000 3.00000000
v -207.63258362 120.65736389 3.00000000
v -208.35916138 119.98850250 3.00000000
v -209.26354980 119.59179688 3.00000000
v -210.24774170 119.51024628 3.00000000
v -211.20509338 119.75267792 3.00000000
v -212.03184509 120.29283142 3.00000000
v -212.63842773 121.07215881 3.00000000
v -212.95909119 122.00621796 3.00000000
v -212.95909119 122.99378204 3.00000000
v -212.63842773 123.92784119 3.00000000
v -212.03184509 124.70716858 3.00000000
v -211.20509338 125.24732208 3.00000000
v -210.24774170 125.48975372 3.00000000
v -209.26354980 125.40820312 3.00000000
v -208.35916138 125.01149750 3.00000000
v -207.63258362 124.34263611 3.00000000
v -207.16255188 123.47409821 3.00000000
v -207.16255188 123.47409821 -0.00000000
v -207.00000000 122.50000000 -0.00000000
v -207.16255188 121.52590179 -0.00000000
v -207.63258362 120.65736389 -0.00000000
v -208.35916138 119.98850250 -0.00000000
v -209.26354980 119.59179688 -0.00000000
v -210.24774170 119.51024628 -0.00000000
v -211.20509338 119.75267792 -0.00000000
v -212.03184509 120.29283142 -0.00000000
v -212.63842773 121.07215881 -0.00000000
v -212.95909119 122.00621796 -0.00000000
v -212.95909119 122.99378204 -0.00000000
v -212.63842773 123.92784119 -0.00000000
v -212.03184509 124.70716858 -0.00000000
v -211.20509338 125.24732208 -0.00000000
v -210.24774170 125.48975372 -0.00000000
v -209.26354980 125.40820312 -0.00000000
v -208.35916138 125.01149750 -0.00000000
v -207.63258362 124.34263611 -0.00000000
v -152.34922791 5.85505056 5.00000000
v -152.34922791 5.85505056 10.00000000
v -152.50000000 5.00000000 5.00000000
v -152.50000000 5.00000000 10.00000000
v -151.91511536 6.60696888 5.00000000
v -151.91511536 6.60696888 10.00000000
v -152.50000000 5.00000000 5.00000000
v -152.50000000 5.00000000 10.00000000
v -152.34922791 4.14494944 5.00000000
v -152.34922791 4.14494944 10.00000000
v -151.91511536 3.39303088 5.00000000
v -151.91511536 3.39303088 10.00000000
v -151.91511536 3.39303088 5.00000000
v -151.91511536 3.39303088 10.00000000
v -151.25000000 2.83493638 5.00000000
v -151.25000000 2.83493638 10.00000000
v -150.43412781 2.53798056 5.00000000
v -150.43412781 2.53798056 10.00000000
v -150.43412781 2.53798056 5.00000000
v -150.43412781 2.53798056 10.00000000
v -149.56587219 2.53798056 5.00000000
v -149.56587219 2.53798056 10.00000000
v -149.56587219 2.53798056 5.00000000
v -149.56587219 2.53798056 10.00000000
v -148.75000000 2.83493638 5.00000000
v -148.75000000 2.83493638 10.00000000
v -148.08488464 3.39303088 5.00000000
v -148.08488464 3.39303088 10.00000000
v -148.08488464 3.39303088 5.00000000
v -148.08488464 3.39303088 10.00000000
v -147.65077209 4.14494944 5.00000000
v -147.65077209 4.14494944 10.00000000
v -147.50000000 5.00000000 5.00000000
v -147.50000000 5.00000000 10.00000000
v -147.50000000 5.00000000 5.00000000
v -147.50000000 5.00000000 10.00000000
v -147.65077209 5.85505056 5.00000000
v -147.65077209 5.85505056 10.00000000
v -148.08488464 6.60696888 5.00000000
v -148.08488464 6.60696888 10.00000000
v -148.08488464 6.60696888 5.00000000
v -148.08488464 6.60696888 10.00000000
v -148.75000000 7.16506338 5.00000000
v -148.75000000 7.16506338 10.00000000
v -149.56587219 7.46201944 5.00000000
v -149.56587219 7.46201944 10.00000000
v -149.56587219 7.46201944 5.00000000
v -149.56587219 7.46201944 10.00000000
v -150.43412781 7.46201944 5.00000000
v -150.43412781 7.46201944 10.00000000
v -150.43412781 7.46201944 5.00000000
v -150.43412781 7.46201944 10.00000000
v -151.25000000 7.16506338 5.00000000
v -151.25000000 7.16506338 10.00000000
v -151.91511536 6.60696888 5.00000000
v -151.91511536 6.60696888 10.00000000
v -72.34922791 5.85505056 5.00000000
v -72.34922791 5.85505056 10.00000000
v -72.50000000 5.00000000 5.00000000
v -72.50000000 5.00000000 10.00000000
v -71.25000000 7.16506338 5.00000000
v -71.25000000 7.16506338 10.00000000
v -71.91510773 6.60696888 5.00000000
v -71.91510773 6.60696888 10.00000000
v -72.50000000 5.00000000 5.00000000
v -72.50000000 5.00000000 10.00000000
v -72.34922791 4.14494944 5.00000000
v -72.34922791 4.14494944 10.00000000
v -71.91510773 3.39303088 5.00000000
v -71.91510773 3.39303088 10.00000000
v -71.25000000 2.83493638 5.00000000
v -71.25000000 2.83493638 10.00000000
v -71.25000000 2.83493638 5.00000000
v -71.25000000 2.83493638 10.00000000
v -70.43412018 2.53798056 5.00000000
v -70.43412018 2.53798056 10.00000000
v -69.56587982 2.53798056 5.00000000
v -69.56587982 2.53798056 10.00000000
v -68.75000000 2.83493638 5.00000000
v -68.75000000 2.83493638 10.00000000
v -68.75000000 2.83493638 5.00000000
v -68.75000000 2.83493638 10.00000000
v -68.08489227 3.39303088 5.00000000
v -68.08489227 3.39303088 10.00000000
v -67.65077209 4.14494944 5.00000000
v -67.65077209 4.14494944 10.00000000
v -67.50000000 5.00000000 5.00000000
v -67.50000000 5.00000000 10.00000000
v -67.50000000 5.00000000 5.00000000
v -67.50000000 5.00000000 10.00000000
v -67.65077209 5.85505056 5.00000000
v -67.65077209 5.85505056 10.00000000
v -68.08489227 6.60696888 5.00000000
v -68.08489227 6.60696888 10.00000000
v -68.75000000 7.16506338 5.00000000
v -68.75000000 7.16506338 10.00000000
v -68.75000000 7.16506338 5.00000000
v -68.75000000 7.16506338 10.00000000
v -69.56587982 7.46201944 5.00000000
v -69.56587982 7.46201944 10.00000000
v -69.56587982 7.46201944 5.00000000
v -69.56587982 7.46201944 10.00000000
v -70.43412018 7.46201944 5.00000000
v -70.43412018 7.46201944 10.00000000
v -70.43412018 7.46201944 5.00000000
v -70.43412018 7.46201944 10.00000000
v -71.25000000 7.16506338 5.00000000
v -71.25000000 7.16506338 10.00000000
v -152.34922791 140.85505676 5.00000000
v -152.34922791 140.85505676 10.00000000
v -152.50000000 140.00000000 5.00000000
v -152.50000000 140.00000000 10.00000000
v -151.25000000 142.16506958 5.00000000
v -151.25000000 142.16506958 10.00000000
v -151.91511536 141.60696411 5.00000000
v -151.91511536 141.60696411 10.00000000
v -152.50000000 140.00000000 5.00000000
v -152.50000000 140.00000000 10.00000000
v -152.34922791 139.14494324 5.00000000
v -152.34922791 139.14494324 10.00000000
v -151.91511536 138.39303589 5.00000000
v -151.91511536 138.39303589 10.00000000
v -151.25000000 137.83493042 5.00000000
v -151.25000000 137.83493042 10.00000000
v -151.25000000 137.83493042 5.00000000
v -151.25000000 137.83493042 10.00000000
v -150.43412781 137.53797913 5.00000000
v -150.43412781 137.53797913 10.00000000
v -149.56587219 137.53797913 5.00000000
v -149.56587219 137.53797913 10.00000000
v -148.75000000 137.83493042 5.00000000
v -148.75000000 137.83493042 10.00000000
v -148.75000000 137.83493042 5.00000000
v -148.75000000 137.83493042 10.00000000
v -148.08488464 138.39303589 5.00000000
v -148.08488464 138.39303589 10.00000000
v -147.65077209 139.14494324 5.00000000
v -147.65077209 139.14494324 10.00000000
v -147.50000000 140.00000000 5.00000000
v -147.50000000 140.00000000 10.00000000
v -147.50000000 140.00000000 5.00000000
v -147.50000000 140.00000000 10.00000000
v -147.65077209 140.85505676 5.00000000
v -147.65077209 140.85505676 10.00000000
v -148.08488464 141.60696411 5.00000000
v -148.08488464 141.60696411 10.00000000
v -148.75000000 142.16506958 5.00000000
v -148.75000000 142.16506958 10.00000000
v -148.75000000 142.16506958 5.00000000
v -148.75000000 142.16506958 10.00000000
v -149.56587219 142.46202087 5.00000000
v -149.56587219 142.46202087 10.00000000
v -150.43412781 142.46202087 5.00000000
v -150.43412781 142.46202087 10.00000000
v -151.25000000 142.16506958 5.00000000
v -151.25000000 142.16506958 10.00000000
v -72.34922791 140.85505676 5.00000000
v -72.34922791 140.85505676 10.00000000
v -72.50000000 140.00000000 5.00000000
v -72.50000000 140.00000000 10.00000000
v -72.50000000 140.00000000 5.00000000
v -72.50000000 140.00000000 10.00000000
v -72.34922791 139.14494324 5.00000000
v -72.34922791 139.14494324 10.00000000
v -72.34922791 139.14494324 5.00000000
v -72.34922791 139.14494324 10.00000000
v -71.91510773 138.39303589 5.00000000
v -71.91510773 138.39303589 10.00000000
v -71.25000000 137.83493042 5.00000000
v -71.25000000 137.83493042 10.00000000
v -71.25000000 137.83493042 5.00000000
v -71.25000000 137.83493042 10.00000000
v -70.43412018 137.53797913 5.00000000
v -70.43412018 137.53797913 10.00000000
v -69.56587982 137.53797913 5.00000000
v -69.56587982 137.53797913 10.00000000
v -68.75000000 137.83493042 5.00000000
v -68.75000000 137.83493042 10.00000000
v -68.75000000 137.83493042 5.00000000
v -68.75000000 137.83493042 10.00000000
v -68.08489227 138.39303589 5.00000000
v -68.08489227 138.39303589 10.00000000
v -67.65077209 139.14494324 5.00000000
v -67.65077209 139.14494324 10.00000000
v -67.65077209 139.14494324 5.00000000
v -67.65077209 139.14494324 10.00000000
v -67.50000000 140.00000000 5.00000000
v -67.50000000 140.00000000 10.00000000
v -67.50000000 140.00000000 5.00000000
v -67.50000000 140.00000000 10.00000000
v -67.65077209 140.85505676 5.00000000
v -67.65077209 140.85505676 10.00000000
v -67.65077209 140.85505676 5.00000000
v -67.65077209 140.85505676 10.00000000
v -68.08489227 141.60696411 5.00000000
v -68.08489227 141.60696411 10.00000000
v -68.75000000 142.16506958 5.00000000
v -68.75000000 142.16506958 10.00000000
v -68.75000000 142.16506958 5.00000000
v -68.75000000 142.16506958 10.00000000
v -69.56587982 142.46202087 5.00000000
v -69.56587982 142.46202087 10.00000000
v -70.43412018 142.46202087 5.00000000
v -70.43412018 142.46202087 10.00000000
v -71.25000000 142.16506958 5.00000000
v -71.25000000 142.16506958 10.00000000
v -72.34922791 140.85505676 5.00000000
v -72.34922791 140.85505676 10.00000000
v -71.25000000 142.16506958 5.00000000
v -71.25000000 142.16506958 10.00000000
v -71.91510773 141.60696411 5.00000000
v -71.91510773 141.60696411 10.00000000
v -73.83797455 3.87306976 5.00000000
v -73.83797455 3.87306976 -0.00000000
v -74.00000000 5.00000000 5.00000000
v -74.00000000 5.00000000 -0.00000000
v -73.83797455 6.12693024 5.00000000
v -73.83797455 6.12693024 -0.00000000
v -73.36501312 7.16256332 5.00000000
v -73.36501312 7.16256332 -0.00000000
v -72.61944580 8.02299786 5.00000000
v -72.61944580 8.02299786 -0.00000000
v -71.66165924 8.63852787 5.00000000
v -71.66165924 8.63852787 -0.00000000
v -70.56925964 8.95928574 5.00000000
v -70.56925964 8.95928574 -0.00000000
v -69.43074036 8.95928574 5.00000000
v -69.43074036 8.95928574 -0.00000000
v -68.33834076 8.63852787 5.00000000
v -68.33834076 8.63852787 -0.00000000
v -67.38055420 8.02299786 5.00000000
v -67.38055420 8.02299786 -0.00000000
v -66.63498688 7.16256332 5.00000000
v -66.63498688 7.16256332 -0.00000000
v -66.16202545 6.12693024 5.00000000
v -66.16202545 6.12693024 -0.00000000
v -66.00000000 5.00000000 5.00000000
v -66.00000000 5.00000000 -0.00000000
v -66.16202545 3.87306976 5.00000000
v -66.16202545 3.87306976 -0.00000000
v -66.63498688 2.83743668 5.00000000
v -66.63498688 2.83743668 -0.00000000
v -67.38055420 1.97700167 5.00000000
v -67.38055420 1.97700167 -0.00000000
v -68.33834076 1.36147201 5.00000000
v -68.33834076 1.36147201 -0.00000000
v -69.43074036 1.04071426 5.00000000
v -69.43074036 1.04071426 -0.00000000
v -70.56925964 1.04071426 5.00000000
v -70.56925964 1.04071426 -0.00000000
v -71.66165924 1.36147201 5.00000000
v -71.66165924 1.36147201 -0.00000000
v -72.61944580 1.97700167 5.00000000
v -72.61944580 1.97700167 -0.00000000
v -73.36501312 2.83743668 5.00000000
v -73.36501312 2.83743668 -0.00000000
v -72.34922791 5.85505056 5.00000000
v -72.50000000 5.00000000 5.00000000
v -72.34922791 4.14494944 5.00000000
v -71.91510773 3.39303088 5.00000000
v -71.25000000 2.83493638 5.00000000
v -70.43412018 2.53798056 5.00000000
v -69.56587982 2.53798056 5.00000000
v -68.75000000 2.83493638 5.00000000
v -68.08489227 3.39303088 5.00000000
v -67.65077209 4.14494944 5.00000000
v -67.50000000 5.00000000 5.00000000
v -67.65077209 5.85505056 5.00000000
v -68.08489227 6.60696888 5.00000000
v -68.75000000 7.16506338 5.00000000
v -69.56587982 7.46201944 5.00000000
v -70.43412018 7.46201944 5.00000000
v -71.25000000 7.16506338 5.00000000
v -71.91510773 6.60696888 5.00000000
v -73.83797455 3.87306976 5.00000000
v -74.00000000 5.00000000 5.00000000
v -73.83797455 6.12693024 5.00000000
v -73.36501312 7.16256332 5.00000000
v -72.61944580 8.02299786 5.00000000
v -71.66165924 8.63852787 5.00000000
v -70.56925964 8.95928574 5.00000000
v -69.43074036 8.95928574 5.00000000
v -68.33834076 8.63852787 5.00000000
v -67.38055420 8.02299786 5.00000000
v -66.63498688 7.16256332 5.00000000
v -66.16202545 6.12693024 5.00000000
v -66.00000000 5.00000000 5.00000000
v -66.16202545 3.87306976 5.00000000
v -66.63498688 2.83743668 5.00000000
v -67.38055420 1.97700167 5.00000000
v -68.33834076 1.36147201 5.00000000
v -69.43074036 1.04071426 5.00000000
v -70.56925964 1.04071426 5.00000000
v -71.66165924 1.36147201 5.00000000
v -72.61944580 1.97700167 5.00000000
v -73.36501312 2.83743668 5.00000000
v -73.83797455 138.87307739 5.00000000
v -73.83797455 138.87307739 -0.00000000
v -74.00000000 140.00000000 5.00000000
v -74.00000000 140.00000000 -0.00000000
v -73.83797455 141.12692261 5.00000000
v -73.83797455 141.12692261 -0.00000000
v -73.36501312 142.16256714 5.00000000
v -73.36501312 142.16256714 -0.00000000
v -72.61944580 143.02299500 5.00000000
v -72.61944580 143.02299500 -0.00000000
v -71.66165924 143.63853455 5.00000000
v -71.66165924 143.63853455 -0.00000000
v -70.56925964 143.95928955 5.00000000
v -70.56925964 143.95928955 -0.00000000
v -69.43074036 143.95928955 5.00000000
v -69.43074036 143.95928955 -0.00000000
v -68.33834076 143.63853455 5.00000000
v -68.33834076 143.63853455 -0.00000000
v -67.38055420 143.02299500 5.00000000
v -67.38055420 143.02299500 -0.00000000
v -66.63498688 142.16256714 5.00000000
v -66.63498688 142.16256714 -0.00000000
v -66.16202545 141.12692261 5.00000000
v -66.16202545 141.12692261 -0.00000000
v -66.00000000 140.00000000 5.00000000
v -66.00000000 140.00000000 -0.00000000
v -66.16202545 138.87307739 5.00000000
v -66.16202545 138.87307739 -0.00000000
v -66.63498688 137.83743286 5.00000000
v -66.63498688 137.83743286 -0.00000000
v -67.38055420 136.97700500 5.00000000
v -67.38055420 136.97700500 -0.00000000
v -68.33834076 136.36146545 5.00000000
v -68.33834076 136.36146545 -0.00000000
v -69.43074036 136.04071045 5.00000000
v -69.43074036 136.04071045 -0.00000000
v -70.56925964 136.04071045 5.00000000
v -70.56925964 136.04071045 -0.00000000
v -71.66165924 136.36146545 5.00000000
v -71.66165924 136.36146545 -0.00000000
v -72.61944580 136.97700500 5.00000000
v -72.61944580 136.97700500 -0.00000000
v -73.36501312 137.83743286 5.00000000
v -73.36501312 137.83743286 -0.00000000
v -72.34922791 140.85505676 5.00000000
v -72.50000000 140.00000000 5.00000000
v -72.34922791 139.14494324 5.00000000
v -71.91510773 138.39303589 5.00000000
v -71.25000000 137.83493042 5.00000000
v -70.43412018 137.53797913 5.00000000
v -69.56587982 137.53797913 5.00000000
v -68.75000000 137.83493042 5.00000000
v -68.08489227 138.39303589 5.00000000
v -67.65077209 139.14494324 5.00000000
v -67.50000000 140.00000000 5.00000000
v -67.65077209 140.85505676 5.00000000
v -68.08489227 141.60696411 5.00000000
v -68.75000000 142.16506958 5.00000000
v -69.56587982 142.46202087 5.00000000
v -70.43412018 142.46202087 5.00000000
v -71.25000000 142.16506958 5.00000000
v -71.91510773 141.60696411 5.00000000
v -73.83797455 138.87307739 5.00000000
v -74.00000000 140.00000000 5.00000000
v -73.83797455 141.12692261 5.00000000
v -73.36501312 142.16256714 5.00000000
v -72.61944580 143.02299500 5.00000000
v -71.66165924 143.63853455 5.00000000
v -70.56925964 143.95928955 5.00000000
v -69.43074036 143.95928955 5.00000000
v -68.33834076 143.63853455 5.00000000
v -67.38055420 143.02299500 5.00000000
v -66.63498688 142.16256714 5.00000000
v -66.16202545 141.12692261 5.00000000
v -66.00000000 140.00000000 5.00000000
v -66.16202545 138.87307739 5.00000000
v -66.63498688 137.83743286 5.00000000
v -67.38055420 136.97700500 5.00000000
v -68.33834076 136.36146545 5.00000000
v -69.43074036 136.04071045 5.00000000
v -70.56925964 136.04071045 5.00000000
v -71.66165924 136.36146545 5.00000000
v -72.61944580 136.97700500 5.00000000
v -73.36501312 137.83743286 5.00000000
v -153.83796692 3.87306976 5.00000000
v -153.83796692 3.87306976 -0.00000000
v -154.00000000 5.00000000 5.00000000
v -154.00000000 5.00000000 -0.00000000
v -153.83796692 6.12693024 5.00000000
v -153.83796692 6.12693024 -0.00000000
v -153.36502075 7.16256332 5.00000000
v -153.36502075 7.16256332 -0.00000000
v -152.61944580 8.02299786 5.00000000
v -152.61944580 8.02299786 -0.00000000
v -151.66166687 8.63852787 5.00000000
v -151.66166687 8.63852787 -0.00000000
v -150.56925964 8.95928574 5.00000000
v -150.56925964 8.95928574 -0.00000000
v -149.43074036 8.95928574 5.00000000
v -149.43074036 8.95928574 -0.00000000
v -148.33833313 8.63852787 5.00000000
v -148.33833313 8.63852787 -0.00000000
v -147.38055420 8.02299786 5.00000000
v -147.38055420 8.02299786 -0.00000000
v -146.63497925 7.16256332 5.00000000
v -146.63497925 7.16256332 -0.00000000
v -146.16203308 6.12693024 5.00000000
v -146.16203308 6.12693024 -0.00000000
v -146.00000000 5.00000000 5.00000000
v -146.00000000 5.00000000 -0.00000000
v -146.16203308 3.87306976 5.00000000
v -146.16203308 3.87306976 -0.00000000
v -146.63497925 2.83743668 5.00000000
v -146.63497925 2.83743668 -0.00000000
v -147.38055420 1.97700167 5.00000000
v -147.38055420 1.97700167 -0.00000000
v -148.33833313 1.36147201 5.00000000
v -148.33833313 1.36147201 -0.00000000
v -149.43074036 1.04071426 5.00000000
v -149.43074036 1.04071426 -0.00000000
v -150.56925964 1.04071426 5.00000000
v -150.56925964 1.04071426 -0.00000000
v -151.66166687 1.36147201 5.00000000
v -151.66166687 1.36147201 -0.00000000
v -152.61944580 1.97700167 5.00000000
v -152.61944580 1.97700167 -0.00000000
v -153.36502075 2.83743668 5.00000000
v -153.36502075 2.83743668 -0.00000000
v -152.34922791 5.85505056 5.00000000
v -152.50000000 5.00000000 5.00000000
v -152.34922791 4.14494944 5.00000000
v -151.91511536 3.39303088 5.00000000
v -151.25000000 2.83493638 5.00000000
v -150.43412781 2.53798056 5.00000000
v -149.56587219 2.53798056 5.00000000
v -148.75000000 2.83493638 5.00000000
v -148.08488464 3.39303088 5.00000000
v -147.65077209 4.14494944 5.00000000
v -147.50000000 5.00000000 5.00000000
v -147.65077209 5.85505056 5.00000000
v -148.08488464 6.60696888 5.00000000
v -148.75000000 7.16506338 5.00000000
v -149.56587219 7.46201944 5.00000000
v -150.43412781 7.46201944 5.00000000
v -151.25000000 7.16506338 5.00000000
v -151.91511536 6.60696888 5.00000000
v -153.83796692 3.87306976 5.00000000
v -154.00000000 5.00000000 5.00000000
v -153.83796692 6.12693024 5.00000000
v -153.36502075 7.16256332 5.00000000
v -152.61944580 8.02299786 5.00000000
v -151.66166687 8.63852787 5.00000000
v -150.56925964 8.95928574 5.00000000
v -149.43074036 8.95928574 5.00000000
v -148.33833313 8.63852787 5.00000000
v -147.38055420 8.02299786 5.00000000
v -146.63497925 7.16256332 5.00000000
v -146.16203308 6.12693024 5.00000000
v -146.00000000 5.00000000 5.00000000
v -146.16203308 3.87306976 5.00000000
v -146.63497925 2.83743668 5.00000000
v -147.38055420 1.97700167 5.00000000
v -148.33833313 1.36147201 5.00000000
v -149.43074036 1.04071426 5.00000000
v -150.56925964 1.04071426 5.00000000
v -151.66166687 1.36147201 5.00000000
v -152.61944580 1.97700167 5.00000000
v -153.36502075 2.83743668 5.00000000
v -153.83796692 138.87307739 5.00000000
v -153.83796692 138.87307739 -0.00000000
v -154.00000000 140.00000000 5.00000000
v -154.00000000 140.00000000 -0.00000000
v -153.83796692 141.12692261 5.00000000
v -153.83796692 141.12692261 -0.00000000
v -153.36502075 142.16256714 5.00000000
v -153.36502075 142.16256714 -0.00000000
v -152.61944580 143.02299500 5.00000000
v -152.61944580 143.02299500 -0.00000000
v -151.66166687 143.63853455 5.00000000
v -151.66166687 143.63853455 -0.00000000
v -150.56925964 143.95928955 5.00000000
v -150.56925964 143.95928955 -0.00000000
v -149.43074036 143.95928955 5.00000000
v -149.43074036 143.95928955 -0.00000000
v -148.33833313 143.63853455 5.00000000
v -148.33833313 143.63853455 -0.00000000
v -147.38055420 143.02299500 5.00000000
v -147.38055420 143.02299500 -0.00000000
v -146.63497925 142.16256714 5.00000000
v -146.63497925 142.16256714 -0.00000000
v -146.16203308 141.12692261 5.00000000
v -146.16203308 141.12692261 -0.00000000
v -146.00000000 140.00000000 5.00000000
v -146.00000000 140.00000000 -0.00000000
v -146.16203308 138.87307739 5.00000000
v -146.16203308 138.87307739 -0.00000000
v -146.63497925 137.83743286 5.00000000
v -146.63497925 137.83743286 -0.00000000
v -147.38055420 136.97700500 5.00000000
v -147.38055420 136.97700500 -0.00000000
v -148.33833313 136.36146545 5.00000000
v -148.33833313 136.36146545 -0.00000000
v -149.43074036 136.04071045 5.00000000
v -149.43074036 136.04071045 -0.00000000
v -150.56925964 136.04071045 5.00000000
v -150.56925964 136.04071045 -0.00000000
v -151.66166687 136.36146545 5.00000000
v -151.66166687 136.36146545 -0.00000000
v -152.61944580 136.97700500 5.00000000
v -152.61944580 136.97700500 -0.00000000
v -153.36502075 137.83743286 5.00000000
v -153.36502075 137.83743286 -0.00000000
v -152.34922791 140.85505676 5.00000000
v -152.50000000 140.00000000 5.00000000
v -152.34922791 139.14494324 5.00000000
v -151.91511536 138.39303589 5.00000000
v -151.25000000 137.83493042 5.00000000
v -150.43412781 137.53797913 5.00000000
v -149.56587219 137.53797913 5.00000000
v -148.75000000 137.83493042 5.00000000
v -148.08488464 138.39303589 5.00000000
v -147.65077209 139.14494324 5.00000000
v -147.50000000 140.00000000 5.00000000
v -147.65077209 140.85505676 5.00000000
v -148.08488464 141.60696411 5.00000000
v -148.75000000 142.16506958 5.00000000
v -149.56587219 142.46202087 5.00000000
v -150.43412781 142.46202087 5.00000000
v -151.25000000 142.16506958 5.00000000
v -151.91511536 141.60696411 5.00000000
v -153.83796692 138.87307739 5.00000000
v -154.00000000 140.00000000 5.00000000
v -153.83796692 141.12692261 5.00000000
v -153.36502075 142.16256714 5.00000000
v -152.61944580 143.02299500 5.00000000
v -151.66166687 143.63853455 5.00000000
v -150.56925964 143.95928955 5.00000000
v -149.43074036 143.95928955 5.00000000
v -148.33833313 143.63853455 5.00000000
v -147.38055420 143.02299500 5.00000000
v -146.63497925 142.16256714 5.00000000
v -146.16203308 141.12692261 5.00000000
v -146.00000000 140.00000000 5.00000000
v -146.16203308 138.87307739 5.00000000
v -146.63497925 137.83743286 5.00000000
v -147.38055420 136.97700500 5.00000000
v -148.33833313 136.36146545 5.00000000
v -149.43074036 136.04071045 5.00000000
v -150.56925964 136.04071045 5.00000000
v -151.66166687 136.36146545 5.00000000
v -152.61944580 136.97700500 5.00000000
v -153.36502075 137.83743286 5.00000000
v -28.83797264 98.87306976 5.00000000
v -28.83797264 98.87306976 -0.00000000
v -29.00000000 100.00000000 5.00000000
v -29.00000000 100.00000000 -0.00000000
v -28.83797264 101.12693024 5.00000000
v -28.83797264 101.12693024 -0.00000000
v -28.36501503 102.16255951 5.00000000
v -28.36501503 102.16255951 -0.00000000
v -27.61944199 103.02299500 5.00000000
v -27.61944199 103.02299500 -0.00000000
v -26.66165924 103.63852692 5.00000000
v -26.66165924 103.63852692 -0.00000000
v -25.56925964 103.95928955 5.00000000
v -25.56925964 103.95928955 -0.00000000
v -24.43074036 103.95928955 5.00000000
v -24.43074036 103.95928955 -0.00000000
v -23.33834076 103.63852692 5.00000000
v -23.33834076 103.63852692 -0.00000000
v -22.38055801 103.02299500 5.00000000
v -22.38055801 103.02299500 -0.00000000
v -21.63498497 102.16255951 5.00000000
v -21.63498497 102.16255951 -0.00000000
v -21.16202736 101.12693024 5.00000000
v -21.16202736 101.12693024 -0.00000000
v -21.00000000 100.00000000 5.00000000
v -21.00000000 100.00000000 -0.00000000
v -21.16202736 98.87306976 5.00000000
v -21.16202736 98.87306976 -0.00000000
v -21.63498497 97.83744049 5.00000000
v -21.63498497 97.83744049 -0.00000000
v -22.38055801 96.97700500 5.00000000
v -22.38055801 96.97700500 -0.00000000
v -23.33834076 96.36147308 5.00000000
v -23.33834076 96.36147308 -0.00000000
v -24.43074036 96.04071045 5.00000000
v -24.43074036 96.04071045 -0.00000000
v -25.56925964 96.04071045 5.00000000
v -25.56925964 96.04071045 -0.00000000
v -26.66165924 96.36147308 5.00000000
v -26.66165924 96.36147308 -0.00000000
v -27.61944199 96.97700500 5.00000000
v -27.61944199 96.97700500 -0.00000000
v -28.36501503 97.83744049 5.00000000
v -28.36501503 97.83744049 -0.00000000
v -28.83797264 98.87306976 5.00000000
v -29.00000000 100.00000000 5.00000000
v -28.83797264 101.12693024 5.00000000
v -28.36501503 102.16255951 5.00000000
v -27.61944199 103.02299500 5.00000000
v -26.66165924 103.63852692 5.00000000
v -25.56925964 103.95928955 5.00000000
v -24.43074036 103.95928955 5.00000000
v -23.33834076 103.63852692 5.00000000
v -22.38055801 103.02299500 5.00000000
v -21.63498497 102.16255951 5.00000000
v -21.16202736 101.12693024 5.00000000
v -21.00000000 100.00000000 5.00000000
v -21.16202736 98.87306976 5.00000000
v -21.63498497 97.83744049 5.00000000
v -22.38055801 96.97700500 5.00000000
v -23.33834076 96.36147308 5.00000000
v -24.43074036 96.04071045 5.00000000
v -25.56925964 96.04071045 5.00000000
v -26.66165924 96.36147308 5.00000000
v -27.61944199 96.97700500 5.00000000
v -28.36501503 97.83744049 5.00000000
v -27.34923172 99.14495087 5.00000000
v -27.50000000 100.00000000 5.00000000
v -26.91511154 98.39302826 5.00000000
v -26.25000000 97.83493805 5.00000000
v -25.43412018 97.53797913 5.00000000
v -24.56587982 97.53797913 5.00000000
v -23.75000000 97.83493805 5.00000000
v -23.08488846 98.39302826 5.00000000
v -22.65076828 99.14495087 5.00000000
v -22.50000000 100.00000000 5.00000000
v -22.65076828 100.85504913 5.00000000
v -23.08488846 101.60697174 5.00000000
v -23.75000000 102.16506195 5.00000000
v -24.56587982 102.46202087 5.00000000
v -25.43412018 102.46202087 5.00000000
v -26.25000000 102.16506195 5.00000000
v -26.91511154 101.60697174 5.00000000
v -27.34923172 100.85504913 5.00000000
v -198.83796692 38.87306976 5.00000000
v -198.83796692 38.87306976 -0.00000000
v -199.00000000 40.00000000 5.00000000
v -199.00000000 40.00000000 -0.00000000
v -198.83796692 41.12693024 5.00000000
v -198.83796692 41.12693024 -0.00000000
v -198.36502075 42.16256332 5.00000000
v -198.36502075 42.16256332 -0.00000000
v -197.61944580 43.02299881 5.00000000
v -197.61944580 43.02299881 -0.00000000
v -196.66166687 43.63852692 5.00000000
v -196.66166687 43.63852692 -0.00000000
v -195.56925964 43.95928574 5.00000000
v -195.56925964 43.95928574 -0.00000000
v -194.43074036 43.95928574 5.00000000
v -194.43074036 43.95928574 -0.00000000
v -193.33833313 43.63852692 5.00000000
v -193.33833313 43.63852692 -0.00000000
v -192.38055420 43.02299881 5.00000000
v -192.38055420 43.02299881 -0.00000000
v -191.63497925 42.16256332 5.00000000
v -191.63497925 42.16256332 -0.00000000
v -191.16203308 41.12693024 5.00000000
v -191.16203308 41.12693024 -0.00000000
v -191.00000000 40.00000000 5.00000000
v -191.00000000 40.00000000 -0.00000000
v -191.16203308 38.87306976 5.00000000
v -191.16203308 38.87306976 -0.00000000
v -191.63497925 37.83743668 5.00000000
v -191.63497925 37.83743668 -0.00000000
v -192.38055420 36.97700119 5.00000000
v -192.38055420 36.97700119 -0.00000000
v -193.33833313 36.36147308 5.00000000
v -193.33833313 36.36147308 -0.00000000
v -194.43074036 36.04071426 5.00000000
v -194.43074036 36.04071426 -0.00000000
v -195.56925964 36.04071426 5.00000000
v -195.56925964 36.04071426 -0.00000000
v -196.66166687 36.36147308 5.00000000
v -196.66166687 36.36147308 -0.00000000
v -197.61944580 36.97700119 5.00000000
v -197.61944580 36.97700119 -0.00000000
v -198.36502075 37.83743668 5.00000000
v -198.36502075 37.83743668 -0.00000000
v -198.83796692 38.87306976 5.00000000
v -199.00000000 40.00000000 5.00000000
v -198.83796692 41.12693024 5.00000000
v -198.36502075 42.16256332 5.00000000
v -197.61944580 43.02299881 5.00000000
v -196.66166687 43.63852692 5.00000000
v -195.56925964 43.95928574 5.00000000
v -194.43074036 43.95928574 5.00000000
v -193.33833313 43.63852692 5.00000000
v -192.38055420 43.02299881 5.00000000
v -191.63497925 42.16256332 5.00000000
v -191.16203308 41.12693024 5.00000000
v -191.00000000 40.00000000 5.00000000
v -191.16203308 38.87306976 5.00000000
v -191.63497925 37.83743668 5.00000000
v -192.38055420 36.97700119 5.00000000
v -193.33833313 36.36147308 5.00000000
v -194.43074036 36.04071426 5.00000000
v -195.56925964 36.04071426 5.00000000
v -196.66166687 36.36147308 5.00000000
v -197.61944580 36.97700119 5.00000000
v -198.36502075 37.83743668 5.00000000
v -197.34922791 39.14495087 5.00000000
v -197.50000000 40.00000000 5.00000000
v -196.91511536 38.39303207 5.00000000
v -196.25000000 37.83493805 5.00000000
v -195.43412781 37.53797913 5.00000000
v -194.56587219 37.53797913 5.00000000
v -193.75000000 37.83493805 5.00000000
v -193.08488464 38.39303207 5.00000000
v -192.65077209 39.14495087 5.00000000
v -192.50000000 40.00000000 5.00000000
v -192.65077209 40.85504913 5.00000000
v -193.08488464 41.60696793 5.00000000
v -193.75000000 42.16506195 5.00000000
v -194.56587219 42.46202087 5.00000000
v -195.43412781 42.46202087 5.00000000
v -196.25000000 42.16506195 5.00000000
v -196.91511536 41.60696793 5.00000000
v -197.34922791 40.85504913 5.00000000
v -28.83797264 38.87306976 5.00000000
v -28.83797264 38.87306976 -0.00000000
v -29.00000000 40.00000000 5.00000000
v -29.00000000 40.00000000 -0.00000000
v -28.83797264 41.12693024 5.00000000
v -28.83797264 41.12693024 -0.00000000
v -28.36501503 42.16256332 5.00000000
v -28.36501503 42.16256332 -0.00000000
v -27.61944199 43.02299881 5.00000000
v -27.61944199 43.02299881 -0.00000000
v -26.66165924 43.63852692 5.00000000
v -26.66165924 43.63852692 -0.00000000
v -25.56925964 43.95928574 5.00000000
v -25.56925964 43.95928574 -0.00000000
v -24.43074036 43.95928574 5.00000000
v -24.43074036 43.95928574 -0.00000000
v -23.33834076 43.63852692 5.00000000
v -23.33834076 43.63852692 -0.00000000
v -22.38055801 43.02299881 5.00000000
v -22.38055801 43.02299881 -0.00000000
v -21.63498497 42.16256332 5.00000000
v -21.63498497 42.16256332 -0.00000000
v -21.16202736 41.12693024 5.00000000
v -21.16202736 41.12693024 -0.00000000
v -21.00000000 40.00000000 5.00000000
v -21.00000000 40.00000000 -0.00000000
v -21.16202736 38.87306976 5.00000000
v -21.16202736 38.87306976 -0.00000000
v -21.63498497 37.83743668 5.00000000
v -21.63498497 37.83743668 -0.00000000
v -22.38055801 36.97700119 5.00000000
v -22.38055801 36.97700119 -0.00000000
v -23.33834076 36.36147308 5.00000000
v -23.33834076 36.36147308 -0.00000000
v -24.43074036 36.04071426 5.00000000
v -24.43074036 36.04071426 -0.00000000
v -25.56925964 36.04071426 5.00000000
v -25.56925964 36.04071426 -0.00000000
v -26.66165924 36.36147308 5.00000000
v -26.66165924 36.36147308 -0.00000000
v -27.61944199 36.97700119 5.00000000
v -27.61944199 36.97700119 -0.00000000
v -28.36501503 37.83743668 5.00000000
v -28.36501503 37.83743668 -0.00000000
v -28.83797264 38.87306976 5.00000000
v -29.00000000 40.00000000 5.00000000
v -28.83797264 41.12693024 5.00000000
v -28.36501503 42.16256332 5.00000000
v -27.61944199 43.02299881 5.00000000
v -26.66165924 43.63852692 5.00000000
v -25.56925964 43.95928574 5.00000000
v -24.43074036 43.95928574 5.00000000
v -23.33834076 43.63852692 5.00000000
v -22.38055801 43.02299881 5.00000000
v -21.63498497 42.16256332 5.00000000
v -21.16202736 41.12693024 5.00000000
v -21.00000000 40.00000000 5.00000000
v -21.16202736 38.87306976 5.00000000
v -21.63498497 37.83743668 5.00000000
v -22.38055801 36.97700119 5.00000000
v -23.33834076 36.36147308 5.00000000
v -24.43074036 36.04071426 5.00000000
v -25.56925964 36.04071426 5.00000000
v -26.66165924 36.36147308 5.00000000
v -27.61944199 36.97700119 5.00000000
v -28.36501503 37.83743668 5.00000000
v -27.34923172 39.14495087 5.00000000
v -27.50000000 40.00000000 5.00000000
v -26.91511154 38.39303207 5.00000000
v -26.25000000 37.83493805 5.00000000
v -25.43412018 37.53797913 5.00000000
v -24.56587982 37.53797913 5.00000000
v -23.75000000 37.83493805 5.00000000
v -23.08488846 38.39303207 5.00000000
v -22.65076828 39.14495087 5.00000000
v -22.50000000 40.00000000 5.00000000
v -22.65076828 40.85504913 5.00000000
v -23.08488846 41.60696793 5.00000000
v -23.75000000 42.16506195 5.00000000
v -24.56587982 42.46202087 5.00000000
v -25.43412018 42.46202087 5.00000000
v -26.25000000 42.16506195 5.00000000
v -26.91511154 41.60696793 5.00000000
v -27.34923172 40.85504913 5.00000000
v -198.83796692 98.87306976 5.00000000
v -198.83796692 98.87306976 -0.00000000
v -199.00000000 100.00000000 5.00000000
v -199.00000000 100.00000000 -0.00000000
v -198.83796692 101.12693024 5.00000000
v -198.83796692 101.12693024 -0.00000000
v -198.36502075 102.16255951 5.00000000
v -198.36502075 102.16255951 -0.00000000
v -197.61944580 103.02299500 5.00000000
v -197.61944580 103.02299500 -0.00000000
v -196.66166687 103.63852692 5.00000000
v -196.66166687 103.63852692 -0.00000000
v -195.56925964 103.95928955 5.00000000
v -195.56925964 103.95928955 -0.00000000
v -194.43074036 103.95928955 5.00000000
v -194.43074036 103.95928955 -0.00000000
v -193.33833313 103.63852692 5.00000000
v -193.33833313 103.63852692 -0.00000000
v -192.38055420 103.02299500 5.00000000
v -192.38055420 103.02299500 -0.00000000
v -191.63497925 102.16255951 5.00000000
v -191.63497925 102.16255951 -0.00000000
v -191.16203308 101.12693024 5.00000000
v -191.16203308 101.12693024 -0.00000000
v -191.00000000 100.00000000 5.00000000
v -191.00000000 100.00000000 -0.00000000
v -191.16203308 98.87306976 5.00000000
v -191.16203308 98.87306976 -0.00000000
v -191.63497925 97.83744049 5.00000000
v -191.63497925 97.83744049 -0.00000000
v -192.38055420 96.97700500 5.00000000
v -192.38055420 96.97700500 -0.00000000
v -193.33833313 96.36147308 5.00000000
v -193.33833313 96.36147308 -0.00000000
v -194.43074036 96.04071045 5.00000000
v -194.43074036 96.04071045 -0.00000000
v -195.56925964 96.04071045 5.00000000
v -195.56925964 96.04071045 -0.00000000
v -196.66166687 96.36147308 5.00000000
v -196.66166687 96.36147308 -0.00000000
v -197.61944580 96.97700500 5.00000000
v -197.61944580 96.97700500 -0.00000000
v -198.36502075 97.83744049 5.00000000
v -198.36502075 97.83744049 -0.00000000
v -198.83796692 98.87306976 5.00000000
v -199.00000000 100.00000000 5.00000000
v -198.83796692 101.12693024 5.00000000
v -198.36502075 102.16255951 5.00000000
v -197.61944580 103.02299500 5.00000000
v -196.66166687 103.63852692 5.00000000
v -195.56925964 103.95928955 5.00000000
v -194.43074036 103.95928955 5.00000000
v -193.33833313 103.63852692 5.00000000
v -192.38055420 103.02299500 5.00000000
v -191.63497925 102.16255951 5.00000000
v -191.16203308 101.12693024 5.00000000
v -191.00000000 100.00000000 5.00000000
v -191.16203308 98.87306976 5.00000000
v -191.63497925 97.83744049 5.00000000
v -192.38055420 96.97700500 5.00000000
v -193.33833313 96.36147308 5.00000000
v -194.43074036 96.04071045 5.00000000
v -195.56925964 96.04071045 5.00000000
v -196.66166687 96.36147308 5.00000000
v -197.61944580 96.97700500 5.00000000
v -198.36502075 97.83744049 5.00000000
v -197.34922791 99.14495087 5.00000000
v -197.50000000 100.00000000 5.00000000
v -196.91511536 98.39302826 5.00000000
v -196.25000000 97.83493805 5.00000000
v -195.43412781 97.53797913 5.00000000
v -194.56587219 97.53797913 5.00000000
v -193.75000000 97.83493805 5.00000000
v -193.08488464 98.39302826 5.00000000
v -192.65077209 99.14495087 5.00000000
v -192.50000000 100.00000000 5.00000000
v -192.65077209 100.85504913 5.00000000
v -193.08488464 101.60697174 5.00000000
v -193.75000000 102.16506195 5.00000000
v -194.56587219 102.46202087 5.00000000
v -195.43412781 102.46202087 5.00000000
v -196.25000000 102.16506195 5.00000000
v -196.91511536 101.60697174 5.00000000
v -197.34922791 100.85504913 5.00000000
v -197.50000000 100.00000000 5.00000000
v -196.91511536 101.60697174 5.00000000
v -197.34922791 100.85504913 5.00000000
v -197.34922791 100.85504913 10.00000000
v -197.50000000 100.00000000 10.00000000
v -196.91511536 101.60697174 10.00000000
v -197.34922791 99.14495087 5.00000000
v -197.50000000 100.00000000 5.00000000
v -196.91511536 98.39302826 5.00000000
v -197.50000000 100.00000000 10.00000000
v -197.34922791 99.14495087 10.00000000
v -196.91511536 98.39302826 10.00000000
v -196.91511536 98.39302826 5.00000000
v -196.25000000 97.83493805 5.00000000
v -195.43412781 97.53797913 5.00000000
v -196.91511536 98.39302826 10.00000000
v -196.25000000 97.83493805 10.00000000
v -195.43412781 97.53797913 10.00000000
v -195.43412781 97.53797913 5.00000000
v -194.56587219 97.53797913 5.00000000
v -195.43412781 97.53797913 10.00000000
v -194.56587219 97.53797913 10.00000000
v -194.56587219 97.53797913 5.00000000
v -193.75000000 97.83493805 5.00000000
v -193.08488464 98.39302826 5.00000000
v -194.56587219 97.53797913 10.00000000
v -193.75000000 97.83493805 10.00000000
v -193.08488464 98.39302826 10.00000000
v -193.08488464 98.39302826 5.00000000
v -192.65077209 99.14495087 5.00000000
v -192.50000000 100.00000000 5.00000000
v -193.08488464 98.39302826 10.00000000
v -192.65077209 99.14495087 10.00000000
v -192.50000000 100.00000000 10.00000000
v -192.50000000 100.00000000 5.00000000
v -192.65077209 100.85504913 5.00000000
v -193.08488464 101.60697174 5.00000000
v -192.50000000 100.00000000 10.00000000
v -192.65077209 100.85504913 10.00000000
v -193.08488464 101.60697174 10.00000000
v -193.08488464 101.60697174 5.00000000
v -193.75000000 102.16506195 5.00000000
v -194.56587219 102.46202087 5.00000000
v -193.08488464 101.60697174 10.00000000
v -193.75000000 102.16506195 10.00000000
v -194.56587219 102.46202087 10.00000000
v -194.56587219 102.46202087 5.00000000
v -195.43412781 102.46202087 5.00000000
v -194.56587219 102.46202087 10.00000000
v -195.43412781 102.46202087 10.00000000
v -195.43412781 102.46202087 5.00000000
v -196.25000000 102.16506195 5.00000000
v -196.91511536 101.60697174 5.00000000
v -195.43412781 102.46202087 10.00000000
v -196.25000000 102.16506195 10.00000000
v -196.91511536 101.60697174 10.00000000
v -27.50000000 40.00000000 5.00000000
v -26.91511154 41.60696793 5.00000000
v -27.34923172 40.85504913 5.00000000
v -27.34923172 40.85504913 10.00000000
v -27.50000000 40.00000000 10.00000000
v -26.91511154 41.60696793 10.00000000
v -27.34923172 39.14495087 5.00000000
v -27.50000000 40.00000000 5.00000000
v -26.91511154 38.39303207 5.00000000
v -27.50000000 40.00000000 10.00000000
v -27.34923172 39.14495087 10.00000000
v -26.91511154 38.39303207 10.00000000
v -26.91511154 38.39303207 5.00000000
v -26.25000000 37.83493805 5.00000000
v -25.43412018 37.53797913 5.00000000
v -26.91511154 38.39303207 10.00000000
v -26.25000000 37.83493805 10.00000000
v -25.43412018 37.53797913 10.00000000
v -25.43412018 37.53797913 5.00000000
v -24.56587982 37.53797913 5.00000000
v -25.43412018 37.53797913 10.00000000
v -24.56587982 37.53797913 10.00000000
v -24.56587982 37.53797913 5.00000000
v -23.75000000 37.83493805 5.00000000
v -23.08488846 38.39303207 5.00000000
v -24.56587982 37.53797913 10.00000000
v -23.75000000 37.83493805 10.00000000
v -23.08488846 38.39303207 10.00000000
v -23.08488846 38.39303207 5.00000000
v -22.65076828 39.14495087 5.00000000
v -22.50000000 40.00000000 5.00000000
v -23.08488846 38.39303207 10.00000000
v -22.65076828 39.14495087 10.00000000
v -22.50000000 40.00000000 10.00000000
v -22.50000000 40.00000000 5.00000000
v -22.65076828 40.85504913 5.00000000
v -23.08488846 41.60696793 5.00000000
v -22.50000000 40.00000000 10.00000000
v -22.65076828 40.85504913 10.00000000
v -23.08488846 41.60696793 10.00000000
v -23.08488846 41.60696793 5.00000000
v -23.75000000 42.16506195 5.00000000
v -24.56587982 42.46202087 5.00000000
v -23.08488846 41.60696793 10.00000000
v -23.75000000 42.16506195 10.00000000
v -24.56587982 42.46202087 10.00000000
v -24.56587982 42.46202087 5.00000000
v -25.43412018 42.46202087 5.00000000
v -24.56587982 42.46202087 10.00000000
v -25.43412018 42.46202087 10.00000000
v -25.43412018 42.46202087 5.00000000
v -26.25000000 42.16506195 5.00000000
v -26.91511154 41.60696793 5.00000000
v -25.43412018 42.46202087 10.00000000
v -26.25000000 42.16506195 10.00000000
v -26.91511154 41.60696793 10.00000000
v -197.50000000 40.00000000 5.00000000
v -196.91511536 41.60696793 5.00000000
v -197.34922791 40.85504913 5.00000000
v -197.34922791 40.85504913 10.00000000
v -197.50000000 40.00000000 10.00000000
v -196.91511536 41.60696793 10.00000000
v -197.34922791 39.14495087 5.00000000
v -197.50000000 40.00000000 5.00000000
v -196.91511536 38.39303207 5.00000000
v -197.50000000 40.00000000 10.00000000
v -197.34922791 39.14495087 10.00000000
v -196.91511536 38.39303207 10.00000000
v -196.91511536 38.39303207 5.00000000
v -196.25000000 37.83493805 5.00000000
v -195.43412781 37.53797913 5.00000000
v -196.91511536 38.39303207 10.00000000
v -196.25000000 37.83493805 10.00000000
v -195.43412781 37.53797913 10.00000000
v -195.43412781 37.53797913 5.00000000
v -194.56587219 37.53797913 5.00000000
v -195.43412781 37.53797913 10.00000000
v -194.56587219 37.53797913 10.00000000
v -194.56587219 37.53797913 5.00000000
v -193.75000000 37.83493805 5.00000000
v -193.08488464 38.39303207 5.00000000
v -194.56587219 37.53797913 10.00000000
v -193.75000000 37.83493805 10.00000000
v -193.08488464 38.39303207 10.00000000
v -193.08488464 38.39303207 5.00000000
v -192.65077209 39.14495087 5.00000000
v -192.50000000 40.00000000 5.00000000
v -193.08488464 38.39303207 10.00000000
v -192.65077209 39.14495087 10.00000000
v -192.50000000 40.00000000 10.00000000
v -192.50000000 40.00000000 5.00000000
v -192.65077209 40.85504913 5.00000000
v -193.08488464 41.60696793 5.00000000
v -192.50000000 40.00000000 10.00000000
v -192.65077209 40.85504913 10.00000000
v -193.08488464 41.60696793 10.00000000
v -193.08488464 41.60696793 5.00000000
v -193.75000000 42.16506195 5.00000000
v -194.56587219 42.46202087 5.00000000
v -193.08488464 41.60696793 10.00000000
v -193.75000000 42.16506195 10.00000000
v -194.56587219 42.46202087 10.00000000
v -194.56587219 42.46202087 5.00000000
v -195.43412781 42.46202087 5.00000000
v -194.56587219 42.46202087 10.00000000
v -195.43412781 42.46202087 10.00000000
v -195.43412781 42.46202087 5.00000000
v -196.25000000 42.16506195 5.00000000
v -196.91511536 41.60696793 5.00000000
v -195.43412781 42.46202087 10.00000000
v -196.25000000 42.16506195 10.00000000
v -196.91511536 41.60696793 10.00000000
v -27.50000000 100.00000000 5.00000000
v -26.91511154 101.60697174 5.00000000
v -27.34923172 100.85504913 5.00000000
v -27.34923172 100.85504913 10.00000000
v -27.50000000 100.00000000 10.00000000
v -26.91511154 101.60697174 10.00000000
v -27.34923172 99.14495087 5.00000000
v -27.50000000 100.00000000 5.00000000
v -26.91511154 98.39302826 5.00000000
v -27.50000000 100.00000000 10.00000000
v -27.34923172 99.14495087 10.00000000
v -26.91511154 98.39302826 10.00000000
v -26.91511154 98.39302826 5.00000000
v -26.25000000 97.83493805 5.00000000
v -25.43412018 97.53797913 5.00000000
v -26.91511154 98.39302826 10.00000000
v -26.25000000 97.83493805 10.00000000
v -25.43412018 97.53797913 10.00000000
v -25.43412018 97.53797913 5.00000000
v -24.56587982 97.53797913 5.00000000
v -25.43412018 97.53797913 10.00000000
v -24.56587982 97.53797913 10.00000000
v -24.56587982 97.53797913 5.00000000
v -23.75000000 97.83493805 5.00000000
v -23.08488846 98.39302826 5.00000000
v -24.56587982 97.53797913 10.00000000
v -23.75000000 97.83493805 10.00000000
v -23.08488846 98.39302826 10.00000000
v -23.08488846 98.39302826 5.00000000
v -22.65076828 99.14495087 5.00000000
v -22.50000000 100.00000000 5.00000000
v -23.08488846 98.39302826 10.00000000
v -22.65076828 99.14495087 10.00000000
v -22.50000000 100.00000000 10.00000000
v -22.50000000 100.00000000 5.00000000
v -22.65076828 100.85504913 5.00000000
v -23.08488846 101.60697174 5.00000000
v -22.50000000 100.00000000 10.00000000
v -22.65076828 100.85504913 10.00000000
v -23.08488846 101.60697174 10.00000000
v -23.08488846 101.60697174 5.00000000
v -23.75000000 102.16506195 5.00000000
v -24.56587982 102.46202087 5.00000000
v -23.08488846 101.60697174 10.00000000
v -23.75000000 102.16506195 10.00000000
v -24.56587982 102.46202087 10.00000000
v -24.56587982 102.46202087 5.00000000
v -25.43412018 102.46202087 5.00000000
v -24.56587982 102.46202087 10.00000000
v -25.43412018 102.46202087 10.00000000
v -25.43412018 102.46202087 5.00000000
v -26.25000000 102.16506195 5.00000000
v -26.91511154 101.60697174 5.00000000
v -25.43412018 102.46202087 10.00000000
v -26.25000000 102.16506195 10.00000000
v -26.91511154 101.60697174 10.00000000
v -0.00000000 0.00000000 10.00000000
v -220.00000000 0.00000000 10.00000000
v 0.00000000 0.00000000 0.00000000
v -220.00000000 0.00000000 -0.00000000
v -0.00000000 0.00000000 10.00000000
v 0.00000000 0.00000000 0.00000000
v -0.00000000 145.00000000 10.00000000
v 0.00000000 145.00000000 -0.00000000
v -0.00000000 145.00000000 10.00000000
v 0.00000000 145.00000000 -0.00000000
v -220.00000000 145.00000000 10.00000000
v -220.00000000 145.00000000 -0.00000000
v -220.00000000 0.00000000 10.00000000
v -220.00000000 0.00000000 -0.00000000
v -220.00000000 145.00000000 10.00000000
v -220.00000000 145.00000000 -0.00000000
v -207.16255188 23.47409821 -0.00000000
v -207.00000000 22.50000000 -0.00000000
v -207.16255188 21.52590179 -0.00000000
v -207.63258362 20.65736198 -0.00000000
v -208.35916138 19.98850060 -0.00000000
v -209.26354980 19.59179878 -0.00000000
v -210.24774170 19.51024628 -0.00000000
v -211.20509338 19.75267982 -0.00000000
v -212.03184509 20.29282761 -0.00000000
v -212.63842773 21.07215691 -0.00000000
v -212.95909119 22.00621605 -0.00000000
v -212.95909119 22.99378395 -0.00000000
v -212.63842773 23.92784309 -0.00000000
v -212.03184509 24.70717239 -0.00000000
v -211.20509338 25.24732018 -0.00000000
v -210.24774170 25.48975372 -0.00000000
v -209.26354980 25.40820122 -0.00000000
v -208.35916138 25.01149940 -0.00000000
v -207.63258362 24.34263802 -0.00000000
v -7.16254807 23.47409821 -0.00000000
v -7.00000000 22.50000000 -0.00000000
v -7.16254807 21.52590179 -0.00000000
v -7.63257837 20.65736198 -0.00000000
v -8.35915565 19.98850060 -0.00000000
v -9.26354313 19.59179878 -0.00000000
v -10.24773788 19.51024628 -0.00000000
v -11.20508671 19.75267982 -0.00000000
v -12.03184509 20.29282761 -0.00000000
v -12.63842106 21.07215691 -0.00000000
v -12.95908356 22.00621605 -0.00000000
v -12.95908356 22.99378395 -0.00000000
v -12.63842106 23.92784309 -0.00000000
v -12.03184509 24.70717239 -0.00000000
v -11.20508671 25.24732018 -0.00000000
v -10.24773788 25.48975372 -0.00000000
v -9.26354313 25.40820122 -0.00000000
v -8.35915565 25.01149940 -0.00000000
v -7.63257837 24.34263802 -0.00000000
v -207.16255188 73.47409821 -0.00000000
v -207.00000000 72.50000000 -0.00000000
v -207.16255188 71.52590179 -0.00000000
v -207.63258362 70.65736389 -0.00000000
v -208.35916138 69.98850250 -0.00000000
v -209.26354980 69.59179688 -0.00000000
v -210.24774170 69.51024628 -0.00000000
v -211.20509338 69.75267792 -0.00000000
v -212.03184509 70.29283142 -0.00000000
v -212.63842773 71.07215881 -0.00000000
v -212.95909119 72.00621796 -0.00000000
v -212.95909119 72.99378204 -0.00000000
v -212.63842773 73.92784119 -0.00000000
v -212.03184509 74.70716858 -0.00000000
v -211.20509338 75.24732208 -0.00000000
v -210.24774170 75.48975372 -0.00000000
v -209.26354980 75.40820312 -0.00000000
v -208.35916138 75.01149750 -0.00000000
v -207.63258362 74.34263611 -0.00000000
v -7.16254807 123.47409821 -0.00000000
v -7.00000000 122.50000000 -0.00000000
v -7.16254807 121.52590179 -0.00000000
v -7.63257837 120.65736389 -0.00000000
v -8.35915565 119.98850250 -0.00000000
v -9.26354313 119.59179688 -0.00000000
v -10.24773788 119.51024628 -0.00000000
v -11.20508671 119.75267792 -0.00000000
v -12.03184509 120.29283142 -0.00000000
v -12.63842106 121.07215881 -0.00000000
v -12.95908356 122.00621796 -0.00000000
v -12.95908356 122.99378204 -0.00000000
v -12.63842106 123.92784119 -0.00000000
v -12.03184509 124.70716858 -0.00000000
v -11.20508671 125.24732208 -0.00000000
v -10.24773788 125.48975372 -0.00000000
v -9.26354313 125.40820312 -0.00000000
v -8.35915565 125.01149750 -0.00000000
v -7.63257837 124.34263611 -0.00000000
v -7.16254807 73.47409821 -0.00000000
v -7.00000000 72.50000000 -0.00000000
v -7.16254807 71.52590179 -0.00000000
v -7.63257837 70.65736389 -0.00000000
v -8.35915565 69.98850250 -0.00000000
v -9.26354313 69.59179688 -0.00000000
v -10.24773788 69.51024628 -0.00000000
v -11.20508671 69.75267792 -0.00000000
v -12.03184509 70.29283142 -0.00000000
v -12.63842106 71.07215881 -0.00000000
v -12.95908356 72.00621796 -0.00000000
v -12.95908356 72.99378204 -0.00000000
v -12.63842106 73.92784119 -0.00000000
v -12.03184509 74.70716858 -0.00000000
v -11.20508671 75.24732208 -0.00000000
v -10.24773788 75.48975372 -0.00000000
v -9.26354313 75.40820312 -0.00000000
v -8.35915565 75.01149750 -0.00000000
v -7.63257837 74.34263611 -0.00000000
v -207.16255188 123.47409821 -0.00000000
v -207.00000000 122.50000000 -0.00000000
v -207.16255188 121.52590179 -0.00000000
v -207.63258362 120.65736389 -0.00000000
v -208.35916138 119.98850250 -0.00000000
v -209.26354980 119.59179688 -0.00000000
v -210.24774170 119.51024628 -0.00000000
v -211.20509338 119.75267792 -0.00000000
v -212.03184509 120.29283142 -0.00000000
v -212.63842773 121.07215881 -0.00000000
v -212.95909119 122.00621796 -0.00000000
v -212.95909119 122.99378204 -0.00000000
v -212.63842773 123.92784119 -0.00000000
v -212.03184509 124.70716858 -0.00000000
v -211.20509338 125.24732208 -0.00000000
v -210.24774170 125.48975372 -0.00000000
v -209.26354980 125.40820312 -0.00000000
v -208.35916138 125.01149750 -0.00000000
v -207.63258362 124.34263611 -0.00000000
v -73.83797455 3.87306976 -0.00000000
v -74.00000000 5.00000000 -0.00000000
v -73.83797455 6.12693024 -0.00000000
v -73.36501312 7.16256332 -0.00000000
v -72.61944580 8.02299786 -0.00000000
v -71.66165924 8.63852787 -0.00000000
v -70.56925964 8.95928574 -0.00000000
v -69.43074036 8.95928574 -0.00000000
v -68.33834076 8.63852787 -0.00000000
v -67.38055420 8.02299786 -0.00000000
v -66.63498688 7.16256332 -0.00000000
v -66.16202545 6.12693024 -0.00000000
v -66.00000000 5.00000000 -0.00000000
v -66.16202545 3.87306976 -0.00000000
v -66.63498688 2.83743668 -0.00000000
v -67.38055420 1.97700167 -0.00000000
v -68.33834076 1.36147201 -0.00000000
v -69.43074036 1.04071426 -0.00000000
v -70.56925964 1.04071426 -0.00000000
v -71.66165924 1.36147201 -0.00000000
v -72.61944580 1.97700167 -0.00000000
v -73.36501312 2.83743668 -0.00000000
v -73.83797455 138.87307739 -0.00000000
v -74.00000000 140.00000000 -0.00000000
v -73.83797455 141.12692261 -0.00000000
v -73.36501312 142.16256714 -0.00000000
v -72.61944580 143.02299500 -0.00000000
v -71.66165924 143.63853455 -0.00000000
v -70.56925964 143.95928955 -0.00000000
v -69.43074036 143.95928955 -0.00000000
v -68.33834076 143.63853455 -0.00000000
v -67.38055420 143.02299500 -0.00000000
v -66.63498688 142.16256714 -0.00000000
v -66.16202545 141.12692261 -0.00000000
v -66.00000000 140.00000000 -0.00000000
v -66.16202545 138.87307739 -0.00000000
v -66.63498688 137.83743286 -0.00000000
v -67.38055420 136.97700500 -0.00000000
v -68.33834076 136.36146545 -0.00000000
v -69.43074036 136.04071045 -0.00000000
v -70.56925964 136.04071045 -0.00000000
v -71.66165924 136.36146545 -0.00000000
v -72.61944580 136.97700500 -0.00000000
v -73.36501312 137.83743286 -0.00000000
v -153.83796692 3.87306976 -0.00000000
v -154.00000000 5.00000000 -0.00000000
v -153.83796692 6.12693024 -0.00000000
v -153.36502075 7.16256332 -0.00000000
v -152.61944580 8.02299786 -0.00000000
v -151.66166687 8.63852787 -0.00000000
v -150.56925964 8.95928574 -0.00000000
v -149.43074036 8.95928574 -0.00000000
v -148.33833313 8.63852787 -0.00000000
v -147.38055420 8.02299786 -0.00000000
v -146.63497925 7.16256332 -0.00000000
v -146.16203308 6.12693024 -0.00000000
v -146.00000000 5.00000000 -0.00000000
v -146.16203308 3.87306976 -0.00000000
v -146.63497925 2.83743668 -0.00000000
v -147.38055420 1.97700167 -0.00000000
v -148.33833313 1.36147201 -0.00000000
v -149.43074036 1.04071426 -0.00000000
v -150.56925964 1.04071426 -0.00000000
v -151.66166687 1.36147201 -0.00000000
v -152.61944580 1.97700167 -0.00000000
v -153.36502075 2.83743668 -0.00000000
v -153.83796692 138.87307739 -0.00000000
v -154.00000000 140.00000000 -0.00000000
v -153.83796692 141.12692261 -0.00000000
v -153.36502075 142.16256714 -0.00000000
v -152.61944580 143.02299500 -0.00000000
v -151.66166687 143.63853455 -0.00000000
v -150.56925964 143.95928955 -0.00000000
v -149.43074036 143.95928955 -0.00000000
v -148.33833313 143.63853455 -0.00000000
v -147.38055420 143.02299500 -0.00000000
v -146.63497925 142.16256714 -0.00000000
v -146.16203308 141.12692261 -0.00000000
v -146.00000000 140.00000000 -0.00000000
v -146.16203308 138.87307739 -0.00000000
v -146.63497925 137.83743286 -0.00000000
v -147.38055420 136.97700500 -0.00000000
v -148.33833313 136.36146545 -0.00000000
v -149.43074036 136.04071045 -0.00000000
v -150.56925964 136.04071045 -0.00000000
v -151.66166687 136.36146545 -0.00000000
v -152.61944580 136.97700500 -0.00000000
v -153.36502075 137.83743286 -0.00000000
v -28.83797264 98.87306976 -0.00000000
v -29.00000000 100.00000000 -0.00000000
v -28.83797264 101.12693024 -0.00000000
v -28.36501503 102.16255951 -0.00000000
v -27.61944199 103.02299500 -0.00000000
v -26.66165924 103.63852692 -0.00000000
v -25.56925964 103.95928955 -0.00000000
v -24.43074036 103.95928955 -0.00000000
v -23.33834076 103.63852692 -0.00000000
v -22.38055801 103.02299500 -0.00000000
v -21.63498497 102.16255951 -0.00000000
v -21.16202736 101.12693024 -0.00000000
v -21.00000000 100.00000000 -0.00000000
v -21.16202736 98.87306976 -0.00000000
v -21.63498497 97.83744049 -0.00000000
v -22.38055801 96.97700500 -0.00000000
v -23.33834076 96.36147308 -0.00000000
v -24.43074036 96.04071045 -0.00000000
v -25.56925964 96.04071045 -0.00000000
v -26.66165924 96.36147308 -0.00000000
v -27.61944199 96.97700500 -0.00000000
v -28.36501503 97.83744049 -0.00000000
v -198.83796692 38.87306976 -0.00000000
v -199.00000000 40.00000000 -0.00000000
v -198.83796692 41.12693024 -0.00000000
v -198.36502075 42.16256332 -0.00000000
v -197.61944580 43.02299881 -0.00000000
v -196.66166687 43.63852692 -0.00000000
v -195.56925964 43.95928574 -0.00000000
v -194.43074036 43.95928574 -0.00000000
v -193.33833313 43.63852692 -0.00000000
v -192.38055420 43.02299881 -0.00000000
v -191.63497925 42.16256332 -0.00000000
v -191.16203308 41.12693024 -0.00000000
v -191.00000000 40.00000000 -0.00000000
v -191.16203308 38.87306976 -0.00000000
v -191.63497925 37.83743668 -0.00000000
v -192.38055420 36.97700119 -0.00000000
v -193.33833313 36.36147308 -0.00000000
v -194.43074036 36.04071426 -0.00000000
v -195.56925964 36.04071426 -0.00000000
v -196.66166687 36.36147308 -0.00000000
v -197.61944580 36.97700119 -0.00000000
v -198.36502075 37.83743668 -0.00000000
v -28.83797264 38.87306976 -0.00000000
v -29.00000000 40.00000000 -0.00000000
v -28.83797264 41.12693024 -0.00000000
v -28.36501503 42.16256332 -0.00000000
v -27.61944199 43.02299881 -0.00000000
v -26.66165924 43.63852692 -0.00000000
v -25.56925964 43.95928574 -0.00000000
v -24.43074036 43.95928574 -0.00000000
v -23.33834076 43.63852692 -0.00000000
v -22.38055801 43.02299881 -0.00000000
v -21.63498497 42.16256332 -0.00000000
v -21.16202736 41.12693024 -0.00000000
v -21.00000000 40.00000000 -0.00000000
v -21.16202736 38.87306976 -0.00000000
v -21.63498497 37.83743668 -0.00000000
v -22.38055801 36.97700119 -0.00000000
v -23.33834076 36.36147308 -0.00000000
v -24.43074036 36.04071426 -0.00000000
v -25.56925964 36.04071426 -0.00000000
v -26.66165924 36.36147308 -0.00000000
v -27.61944199 36.97700119 -0.00000000
v -28.36501503 37.83743668 -0.00000000
v -198.83796692 98.87306976 -0.00000000
v -199.00000000 100.00000000 -0.00000000
v -198.83796692 101.12693024 -0.00000000
v -198.36502075 102.16255951 -0.00000000
v -197.61944580 103.02299500 -0.00000000
v -196.66166687 103.63852692 -0.00000000
v -195.56925964 103.95928955 -0.00000000
v -194.43074036 103.95928955 -0.00000000
v -193.33833313 103.63852692 -0.00000000
v -192.38055420 103.02299500 -0.00000000
v -191.63497925 102.16255951 -0.00000000
v -191.16203308 101.12693024 -0.00000000
v -191.00000000 100.00000000 -0.00000000
v -191.16203308 98.87306976 -0.00000000
v -191.63497925 97.83744049 -0.00000000
v -192.38055420 96.97700500 -0.00000000
v -193.33833313 96.36147308 -0.00000000
v -194.43074036 96.04071045 -0.00000000
v -195.56925964 96.04071045 -0.00000000
v -196.66166687 96.36147308 -0.00000000
v -197.61944580 96.97700500 -0.00000000
v -198.36502075 97.83744049 -0.00000000
v 0.00000000 0.00000000 0.00000000
v -220.00000000 0.00000000 -0.00000000
v 0.00000000 145.00000000 -0.00000000
v -220.00000000 145.00000000 -0.00000000
v -4.65982008 121.18376160 10.00000000
v -4.50000000 122.50000000 10.00000000
v -4.65982008 123.81623840 10.00000000
v -5.12999201 125.05597687 10.00000000
v -5.88319111 126.14717102 10.00000000
v -6.87564373 127.02641296 10.00000000
v -8.04967308 127.64258575 10.00000000
v -9.33704853 127.95989990 10.00000000
v -10.66295147 127.95989990 10.00000000
v -11.95032692 127.64258575 10.00000000
v -13.12435627 127.02641296 10.00000000
v -14.11680889 126.14717102 10.00000000
v -14.87000847 125.05597687 10.00000000
v -15.34018040 123.81623840 10.00000000
v -15.50000000 122.50000000 10.00000000
v -15.34018040 121.18376160 10.00000000
v -14.87000847 119.94402313 10.00000000
v -14.11680889 118.85282898 10.00000000
v -13.12435627 117.97358704 10.00000000
v -11.95032692 117.35741425 10.00000000
v -10.66295147 117.04010010 10.00000000
v -9.33704853 117.04010010 10.00000000
v -8.04967308 117.35741425 10.00000000
v -6.87564373 117.97358704 10.00000000
v -5.88319111 118.85282898 10.00000000
v -5.12999201 119.94402313 10.00000000
v -204.65982056 121.18376160 10.00000000
v -204.50000000 122.50000000 10.00000000
v -204.65982056 123.81623840 10.00000000
v -205.12998962 125.05597687 10.00000000
v -205.88319397 126.14717102 10.00000000
v -206.87564087 127.02641296 10.00000000
v -208.04966736 127.64258575 10.00000000
v -209.33705139 127.95989990 10.00000000
v -210.66294861 127.95989990 10.00000000
v -211.95033264 127.64258575 10.00000000
v -213.12435913 127.02641296 10.00000000
v -214.11680603 126.14717102 10.00000000
v -214.87001038 125.05597687 10.00000000
v -215.34017944 123.81623840 10.00000000
v -215.50000000 122.50000000 10.00000000
v -215.34017944 121.18376160 10.00000000
v -214.87001038 119.94402313 10.00000000
v -214.11680603 118.85282898 10.00000000
v -213.12435913 117.97358704 10.00000000
v -211.95033264 117.35741425 10.00000000
v -210.66294861 117.04010010 10.00000000
v -209.33705139 117.04010010 10.00000000
v -208.04966736 117.35741425 10.00000000
v -206.87564087 117.97358704 10.00000000
v -205.88319397 118.85282898 10.00000000
v -205.12998962 119.94402313 10.00000000
v -4.65982008 71.18376160 10.00000000
v -4.50000000 72.50000000 10.00000000
v -4.65982008 73.81623840 10.00000000
v -5.12999201 75.05597687 10.00000000
v -5.88319111 76.14717102 10.00000000
v -6.87564373 77.02641296 10.00000000
v -8.04967308 77.64258575 10.00000000
v -9.33704853 77.95989990 10.00000000
v -10.66295147 77.95989990 10.00000000
v -11.95032692 77.64258575 10.00000000
v -13.12435627 77.02641296 10.00000000
v -14.11680889 76.14717102 10.00000000
v -14.87000847 75.05597687 10.00000000
v -15.34018040 73.81623840 10.00000000
v -15.50000000 72.50000000 10.00000000
v -15.34018040 71.18376160 10.00000000
v -14.87000847 69.94402313 10.00000000
v -14.11680889 68.85282898 10.00000000
v -13.12435627 67.97358704 10.00000000
v -11.95032692 67.35741425 10.00000000
v -10.66295147 67.04010010 10.00000000
v -9.33704853 67.04010010 10.00000000
v -8.04967308 67.35741425 10.00000000
v -6.87564373 67.97358704 10.00000000
v -5.88319111 68.85282898 10.00000000
v -5.12999201 69.94402313 10.00000000
v -204.65982056 21.18376350 10.00000000
v -204.50000000 22.50000000 10.00000000
v -204.65982056 23.81623650 10.00000000
v -205.12998962 25.05597687 10.00000000
v -205.88319397 26.14717484 10.00000000
v -206.87564087 27.02641106 10.00000000
v -208.04966736 27.64258957 10.00000000
v -209.33705139 27.95989799 10.00000000
v -210.66294861 27.95989799 10.00000000
v -211.95033264 27.64258957 10.00000000
v -213.12435913 27.02641106 10.00000000
v -214.11680603 26.14717484 10.00000000
v -214.87001038 25.05597687 10.00000000
v -215.34017944 23.81623650 10.00000000
v -215.50000000 22.50000000 10.00000000
v -215.34017944 21.18376350 10.00000000
v -214.87001038 19.94402313 10.00000000
v -214.11680603 18.85282516 10.00000000
v -213.12435913 17.97358894 10.00000000
v -211.95033264 17.35741043 10.00000000
v -210.66294861 17.04010201 10.00000000
v -209.33705139 17.04010201 10.00000000
v -208.04966736 17.35741043 10.00000000
v -206.87564087 17.97358894 10.00000000
v -205.88319397 18.85282516 10.00000000
v -205.12998962 19.94402313 10.00000000
v -204.65982056 71.18376160 10.00000000
v -204.50000000 72.50000000 10.00000000
v -204.65982056 73.81623840 10.00000000
v -205.12998962 75.05597687 10.00000000
v -205.88319397 76.14717102 10.00000000
v -206.87564087 77.02641296 10.00000000
v -208.04966736 77.64258575 10.00000000
v -209.33705139 77.95989990 10.00000000
v -210.66294861 77.95989990 10.00000000
v -211.95033264 77.64258575 10.00000000
v -213.12435913 77.02641296 10.00000000
v -214.11680603 76.14717102 10.00000000
v -214.87001038 75.05597687 10.00000000
v -215.34017944 73.81623840 10.00000000
v -215.50000000 72.50000000 10.00000000
v -215.34017944 71.18376160 10.00000000
v -214.87001038 69.94402313 10.00000000
v -214.11680603 68.85282898 10.00000000
v -213.12435913 67.97358704 10.00000000
v -211.95033264 67.35741425 10.00000000
v -210.66294861 67.04010010 10.00000000
v -209.33705139 67.04010010 10.00000000
v -208.04966736 67.35741425 10.00000000
v -206.87564087 67.97358704 10.00000000
v -205.88319397 68.85282898 10.00000000
v -205.12998962 69.94402313 10.00000000
v -4.65982008 21.18376350 10.00000000
v -4.50000000 22.50000000 10.00000000
v -4.65982008 23.81623650 10.00000000
v -5.12999201 25.05597687 10.00000000
v -5.88319111 26.14717484 10.00000000
v -6.87564373 27.02641106 10.00000000
v -8.04967308 27.64258957 10.00000000
v -9.33704853 27.95989799 10.00000000
v -10.66295147 27.95989799 10.00000000
v -11.95032692 27.64258957 10.00000000
v -13.12435627 27.02641106 10.00000000
v -14.11680889 26.14717484 10.00000000
v -14.87000847 25.05597687 10.00000000
v -15.34018040 23.81623650 10.00000000
v -15.50000000 22.50000000 10.00000000
v -15.34018040 21.18376350 10.00000000
v -14.87000847 19.94402313 10.00000000
v -14.11680889 18.85282516 10.00000000
v -13.12435627 17.97358894 10.00000000
v -11.95032692 17.35741043 10.00000000
v -10.66295147 17.04010201 10.00000000
v -9.33704853 17.04010201 10.00000000
v -8.04967308 17.35741043 10.00000000
v -6.87564373 17.97358894 10.00000000
v -5.88319111 18.85282516 10.00000000
v -5.12999201 19.94402313 10.00000000
v -152.34922791 5.85505056 10.00000000
v -152.50000000 5.00000000 10.00000000
v -152.34922791 4.14494944 10.00000000
v -151.91511536 3.39303088 10.00000000
v -151.25000000 2.83493638 10.00000000
v -150.43412781 2.53798056 10.00000000
v -149.56587219 2.53798056 10.00000000
v -148.75000000 2.83493638 10.00000000
v -148.08488464 3.39303088 10.00000000
v -147.65077209 4.14494944 10.00000000
v -147.50000000 5.00000000 10.00000000
v -147.65077209 5.85505056 10.00000000
v -148.08488464 6.60696888 10.00000000
v -148.75000000 7.16506338 10.00000000
v -149.56587219 7.46201944 10.00000000
v -150.43412781 7.46201944 10.00000000
v -151.25000000 7.16506338 10.00000000
v -151.91511536 6.60696888 10.00000000
v -72.34922791 5.85505056 10.00000000
v -72.50000000 5.00000000 10.00000000
v -72.34922791 4.14494944 10.00000000
v -71.91510773 3.39303088 10.00000000
v -71.25000000 2.83493638 10.00000000
v -70.43412018 2.53798056 10.00000000
v -69.56587982 2.53798056 10.00000000
v -68.75000000 2.83493638 10.00000000
v -68.08489227 3.39303088 10.00000000
v -67.65077209 4.14494944 10.00000000
v -67.50000000 5.00000000 10.00000000
v -67.65077209 5.85505056 10.00000000
v -68.08489227 6.60696888 10.00000000
v -68.75000000 7.16506338 10.00000000
v -69.56587982 7.46201944 10.00000000
v -70.43412018 7.46201944 10.00000000
v -71.25000000 7.16506338 10.00000000
v -71.91510773 6.60696888 10.00000000
v -152.34922791 140.85505676 10.00000000
v -152.50000000 140.00000000 10.00000000
v -152.34922791 139.14494324 10.00000000
v -151.91511536 138.39303589 10.00000000
v -151.25000000 137.83493042 10.00000000
v -150.43412781 137.53797913 10.00000000
v -149.56587219 137.53797913 10.00000000
v -148.75000000 137.83493042 10.00000000
v -148.08488464 138.39303589 10.00000000
v -147.65077209 139.14494324 10.00000000
v -147.50000000 140.00000000 10.00000000
v -147.65077209 140.85505676 10.00000000
v -148.08488464 141.60696411 10.00000000
v -148.75000000 142.16506958 10.00000000
v -149.56587219 142.46202087 10.00000000
v -150.43412781 142.46202087 10.00000000
v -151.25000000 142.16506958 10.00000000
v -151.91511536 141.60696411 10.00000000
v -72.34922791 140.85505676 10.00000000
v -72.50000000 140.00000000 10.00000000
v -72.34922791 139.14494324 10.00000000
v -71.91510773 138.39303589 10.00000000
v -71.25000000 137.83493042 10.00000000
v -70.43412018 137.53797913 10.00000000
v -69.56587982 137.53797913 10.00000000
v -68.75000000 137.83493042 10.00000000
v -68.08489227 138.39303589 10.00000000
v -67.65077209 139.14494324 10.00000000
v -67.50000000 140.00000000 10.00000000
v -67.65077209 140.85505676 10.00000000
v -68.08489227 141.60696411 10.00000000
v -68.75000000 142.16506958 10.00000000
v -69.56587982 142.46202087 10.00000000
v -70.43412018 142.46202087 10.00000000
v -71.25000000 142.16506958 10.00000000
v -71.91510773 141.60696411 10.00000000
v -197.34922791 100.85504913 10.00000000
v -197.50000000 100.00000000 10.00000000
v -197.34922791 99.14495087 10.00000000
v -196.91511536 98.39302826 10.00000000
v -196.25000000 97.83493805 10.00000000
v -195.43412781 97.53797913 10.00000000
v -194.56587219 97.53797913 10.00000000
v -193.75000000 97.83493805 10.00000000
v -193.08488464 98.39302826 10.00000000
v -192.65077209 99.14495087 10.00000000
v -192.50000000 100.00000000 10.00000000
v -192.65077209 100.85504913 10.00000000
v -193.08488464 101.60697174 10.00000000
v -193.75000000 102.16506195 10.00000000
v -194.56587219 102.46202087 10.00000000
v -195.43412781 102.46202087 10.00000000
v -196.25000000 102.16506195 10.00000000
v -196.91511536 101.60697174 10.00000000
v -27.34923172 40.85504913 10.00000000
v -27.50000000 40.00000000 10.00000000
v -27.34923172 39.14495087 10.00000000
v -26.91511154 38.39303207 10.00000000
v -26.25000000 37.83493805 10.00000000
v -25.43412018 37.53797913 10.00000000
v -24.56587982 37.53797913 10.00000000
v -23.75000000 37.83493805 10.00000000
v -23.08488846 38.39303207 10.00000000
v -22.65076828 39.14495087 10.00000000
v -22.50000000 40.00000000 10.00000000
v -22.65076828 40.85504913 10.00000000
v -23.08488846 41.60696793 10.00000000
v -23.75000000 42.16506195 10.00000000
v -24.56587982 42.46202087 10.00000000
v -25.43412018 42.46202087 10.00000000
v -26.25000000 42.16506195 10.00000000
v -26.91511154 41.60696793 10.00000000
v -197.34922791 40.85504913 10.00000000
v -197.50000000 40.00000000 10.00000000
v -197.34922791 39.14495087 10.00000000
v -196.91511536 38.39303207 10.00000000
v -196.25000000 37.83493805 10.00000000
v -195.43412781 37.53797913 10.00000000
v -194.56587219 37.53797913 10.00000000
v -193.75000000 37.83493805 10.00000000
v -193.08488464 38.39303207 10.00000000
v -192.65077209 39.14495087 10.00000000
v -192.50000000 40.00000000 10.00000000
v -192.65077209 40.85504913 10.00000000
v -193.08488464 41.60696793 10.00000000
v -193.75000000 42.16506195 10.00000000
v -194.56587219 42.46202087 10.00000000
v -195.43412781 42.46202087 10.00000000
v -196.25000000 42.16506195 10.00000000
v -196.91511536 41.60696793 10.00000000
v -27.34923172 100.85504913 10.00000000
v -27.50000000 100.00000000 10.00000000
v -27.34923172 99.14495087 10.00000000
v -26.91511154 98.39302826 10.00000000
v -26.25000000 97.83493805 10.00000000
v -25.43412018 97.53797913 10.00000000
v -24.56587982 97.53797913 10.00000000
v -23.75000000 97.83493805 10.00000000
v -23.08488846 98.39302826 10.00000000
v -22.65076828 99.14495087 10.00000000
v -22.50000000 100.00000000 10.00000000
v -22.65076828 100.85504913 10.00000000
v -23.08488846 101.60697174 10.00000000
v -23.75000000 102.16506195 10.00000000
v -24.56587982 102.46202087 10.00000000
v -25.43412018 102.46202087 10.00000000
v -26.25000000 102.16506195 10.00000000
v -26.91511154 101.60697174 10.00000000
v -0.00000000 0.00000000 10.00000000
v -220.00000000 0.00000000 10.00000000
v -0.00000000 145.00000000 10.00000000
v -220.00000000 145.00000000 10.00000000
f 1 2 3
f 3 2 4
f 51 52 1
f 1 52 2
f 37 36 38
f 35 36 37
f 39 38 40
f 37 38 39
f 33 32 34
f 31 32 33
f 31 30 32
f 29 30 31
f 29 28 30
f 27 28 29
f 35 34 36
f 33 34 35
f 17 18 19
f 19 18 20
f 5 4 6
f 3 4 5
f 7 8 9
f 9 8 10
f 7 6 8
f 5 6 7
f 13 14 15
f 15 14 16
f 11 12 13
f 13 12 14
f 15 16 17
f 17 16 18
f 11 10 12
f 9 10 11
f 41 42 43
f 43 42 44
f 41 40 42
f 39 40 41
f 45 44 46
f 43 44 45
f 47 46 48
f 45 46 47
f 25 26 27
f 27 26 28
f 25 24 26
f 23 24 25
f 21 22 23
f 23 22 24
f 19 20 21
f 21 20 22
f 49 50 51
f 51 50 52
f 49 48 50
f 47 48 49
f 79 53 80
f 80 53 54
f 80 54 55
f 70 87 69
f 69 87 68
f 68 87 88
f 68 88 67
f 67 88 89
f 67 89 66
f 66 89 90
f 66 90 65
f 65 90 64
f 72 85 71
f 71 85 86
f 71 86 70
f 70 86 87
f 78 81 77
f 77 81 82
f 53 79 78
f 78 79 81
f 75 82 83
f 75 83 74
f 74 83 84
f 74 84 73
f 73 84 72
f 72 84 85
f 77 82 76
f 76 82 75
f 64 90 91
f 64 91 63
f 63 91 92
f 63 92 62
f 62 92 93
f 62 93 61
f 61 93 60
f 60 93 94
f 60 94 59
f 59 94 95
f 59 95 58
f 58 95 57
f 57 95 96
f 57 96 56
f 56 96 97
f 56 97 55
f 55 97 80
f 98 99 100
f 100 99 101
f 100 101 102
f 102 101 103
f 102 103 104
f 104 103 105
f 104 105 106
f 106 105 107
f 106 107 108
f 108 107 109
f 108 109 110
f 110 109 111
f 110 111 112
f 112 111 113
f 112 113 114
f 114 113 115
f 114 115 116
f 116 115 117
f 116 117 118
f 118 117 119
f 118 119 120
f 120 119 121
f 120 121 122
f 122 121 123
f 122 123 124
f 124 123 125
f 124 125 126
f 126 125 127
f 126 127 128
f 128 127 129
f 128 129 130
f 144 145 146
f 144 143 145
f 142 143 144
f 142 141 143
f 140 141 142
f 140 139 141
f 138 139 140
f 138 137 139
f 136 137 138
f 136 135 137
f 134 135 136
f 98 149 99
f 148 149 98
f 148 147 149
f 146 147 148
f 146 145 147
f 132 133 134
f 132 131 133
f 130 131 132
f 134 133 135
f 130 129 131
f 153 193 194
f 154 192 193
f 154 193 153
f 158 190 157
f 159 190 158
f 159 189 190
f 155 192 154
f 156 192 155
f 156 191 192
f 157 191 156
f 157 190 191
f 172 180 171
f 172 179 180
f 173 179 172
f 174 179 173
f 174 178 179
f 175 178 174
f 175 176 178
f 150 176 175
f 177 151 152
f 177 150 151
f 176 150 177
f 160 189 159
f 160 188 189
f 161 188 160
f 161 187 188
f 162 187 161
f 163 187 162
f 163 186 187
f 164 186 163
f 164 185 186
f 165 185 164
f 165 184 185
f 166 184 165
f 167 184 166
f 167 183 184
f 168 183 167
f 168 182 183
f 169 182 168
f 169 181 182
f 170 181 169
f 171 181 170
f 171 180 181
f 153 194 152
f 152 194 177
f 195 246 196
f 245 246 195
f 245 244 246
f 243 244 245
f 241 242 243
f 243 242 244
f 241 240 242
f 239 240 241
f 235 236 237
f 239 238 240
f 237 238 239
f 237 236 238
f 233 234 235
f 235 234 236
f 233 232 234
f 231 232 233
f 217 216 218
f 217 218 219
f 219 218 220
f 219 220 221
f 221 220 222
f 221 222 223
f 223 222 224
f 223 224 225
f 225 224 226
f 225 226 227
f 227 226 228
f 227 228 229
f 229 228 230
f 229 230 231
f 231 230 232
f 215 216 217
f 201 200 202
f 201 202 203
f 203 202 204
f 203 204 205
f 205 204 206
f 205 206 207
f 207 206 208
f 207 208 209
f 209 208 210
f 209 210 211
f 211 210 212
f 195 196 197
f 197 196 198
f 197 198 199
f 199 198 200
f 199 200 201
f 213 212 214
f 213 214 215
f 215 214 216
f 211 212 213
f 256 286 287
f 257 286 256
f 257 285 286
f 260 283 284
f 261 283 260
f 261 282 283
f 262 282 261
f 258 285 257
f 258 284 285
f 259 284 258
f 260 284 259
f 273 247 274
f 251 289 290
f 252 289 251
f 253 289 252
f 253 288 289
f 256 287 255
f 255 287 254
f 254 287 288
f 254 288 253
f 249 291 274
f 250 291 249
f 250 290 291
f 251 290 250
f 263 281 262
f 264 281 263
f 264 280 281
f 265 280 264
f 265 279 280
f 266 279 265
f 266 278 279
f 267 278 266
f 268 278 267
f 268 277 278
f 269 277 268
f 269 276 277
f 270 276 269
f 271 276 270
f 271 275 276
f 272 275 271
f 272 273 275
f 247 273 272
f 274 248 249
f 274 247 248
f 262 281 282
f 312 313 314
f 314 315 316
f 314 313 315
f 316 317 318
f 318 317 319
f 318 319 320
f 320 319 321
f 320 321 322
f 322 321 323
f 322 323 324
f 316 315 317
f 292 293 294
f 294 293 295
f 294 295 296
f 296 295 297
f 312 311 313
f 310 311 312
f 310 309 311
f 308 309 310
f 308 307 309
f 306 307 308
f 306 305 307
f 304 305 306
f 304 303 305
f 302 303 304
f 302 301 303
f 300 301 302
f 300 299 301
f 298 299 300
f 298 297 299
f 296 297 298
f 292 343 293
f 342 343 292
f 342 341 343
f 340 341 342
f 340 339 341
f 338 339 340
f 338 337 339
f 336 337 338
f 336 335 337
f 334 335 336
f 334 333 335
f 332 333 334
f 332 331 333
f 330 331 332
f 330 329 331
f 328 329 330
f 328 327 329
f 326 327 328
f 326 325 327
f 324 325 326
f 324 323 325
f 347 387 388
f 348 387 347
f 348 386 387
f 349 386 348
f 350 386 349
f 350 385 386
f 351 385 350
f 351 384 385
f 352 384 351
f 353 384 352
f 353 383 384
f 347 388 346
f 346 388 371
f 356 381 355
f 357 381 356
f 357 380 381
f 363 375 376
f 363 376 362
f 358 380 357
f 358 379 380
f 359 379 358
f 359 378 379
f 360 378 359
f 361 378 360
f 361 377 378
f 362 377 361
f 362 376 377
f 354 382 383
f 354 383 353
f 355 382 354
f 355 381 382
f 364 375 363
f 368 372 373
f 368 373 367
f 370 344 371
f 371 344 345
f 371 345 346
f 344 370 369
f 369 370 372
f 369 372 368
f 366 374 365
f 365 374 375
f 367 373 366
f 366 373 374
f 365 375 364
f 433 434 435
f 435 434 436
f 391 390 392
f 419 418 420
f 417 418 419
f 433 432 434
f 431 432 433
f 431 430 432
f 429 430 431
f 429 428 430
f 427 428 429
f 427 426 428
f 425 426 427
f 425 424 426
f 423 424 425
f 423 422 424
f 421 422 423
f 389 390 391
f 391 392 393
f 419 420 421
f 421 420 422
f 403 402 404
f 401 402 403
f 397 396 398
f 393 392 394
f 401 400 402
f 393 394 395
f 399 400 401
f 397 398 399
f 439 440 389
f 389 440 390
f 437 436 438
f 435 436 437
f 437 438 439
f 439 438 440
f 395 394 396
f 399 398 400
f 395 396 397
f 415 416 417
f 415 414 416
f 413 414 415
f 413 412 414
f 411 412 413
f 411 410 412
f 409 410 411
f 409 408 410
f 407 408 409
f 407 406 408
f 405 406 407
f 405 404 406
f 403 404 405
f 417 416 418
f 453 478 452
f 454 478 453
f 452 479 451
f 451 479 480
f 451 480 450
f 450 480 481
f 450 481 449
f 449 481 448
f 448 481 482
f 448 482 447
f 447 482 483
f 447 483 446
f 446 483 445
f 445 483 484
f 445 484 444
f 463 471 462
f 462 471 472
f 452 478 479
f 468 441 442
f 467 441 468
f 466 467 469
f 441 467 466
f 468 442 443
f 464 470 463
f 463 470 471
f 465 470 464
f 465 469 470
f 466 469 465
f 454 477 478
f 455 476 477
f 455 477 454
f 444 484 485
f 443 485 468
f 444 485 443
f 456 476 455
f 456 475 476
f 457 475 456
f 458 475 457
f 458 474 475
f 459 474 458
f 459 473 474
f 460 473 459
f 460 472 473
f 461 472 460
f 462 472 461
f 520 521 522
f 522 521 523
f 522 523 524
f 524 523 525
f 524 525 526
f 526 525 527
f 526 527 528
f 528 527 529
f 528 529 530
f 530 529 531
f 530 531 532
f 500 499 501
f 500 501 502
f 502 501 503
f 502 503 504
f 504 503 505
f 536 537 486
f 486 537 487
f 518 519 520
f 520 519 521
f 516 517 518
f 518 517 519
f 516 515 517
f 532 533 534
f 536 535 537
f 534 535 536
f 534 533 535
f 532 531 533
f 488 487 489
f 510 509 511
f 510 511 512
f 512 511 513
f 490 489 491
f 488 489 490
f 492 491 493
f 504 505 506
f 508 509 510
f 506 505 507
f 506 507 508
f 508 507 509
f 498 499 500
f 498 497 499
f 496 497 498
f 490 491 492
f 492 493 494
f 494 493 495
f 496 495 497
f 494 495 496
f 512 513 514
f 514 513 515
f 514 515 516
f 486 487 488
f 565 539 540
f 557 569 570
f 556 570 571
f 557 570 556
f 562 567 561
f 562 566 567
f 561 567 560
f 565 538 539
f 563 566 562
f 563 564 566
f 538 564 563
f 564 538 565
f 551 575 550
f 550 575 549
f 549 575 576
f 549 576 548
f 551 574 575
f 540 582 565
f 541 582 540
f 541 581 582
f 542 581 541
f 554 572 553
f 555 572 554
f 555 571 572
f 556 571 555
f 552 574 551
f 553 573 552
f 552 573 574
f 548 576 577
f 548 577 547
f 547 577 578
f 547 578 546
f 546 578 545
f 545 578 579
f 545 579 544
f 544 579 580
f 544 580 543
f 543 580 542
f 542 580 581
f 560 567 568
f 560 568 559
f 559 568 569
f 559 569 558
f 558 569 557
f 553 572 573
f 599 619 600
f 600 619 620
f 600 620 601
f 601 620 602
f 589 609 590
f 590 609 610
f 588 608 589
f 599 618 619
f 586 605 606
f 585 605 586
f 585 604 605
f 586 606 587
f 584 602 603
f 583 603 604
f 584 603 583
f 587 607 588
f 587 606 607
f 588 607 608
f 583 604 585
f 591 610 611
f 591 611 592
f 592 611 612
f 592 612 593
f 594 614 595
f 594 613 614
f 593 613 594
f 593 612 613
f 596 615 616
f 595 615 596
f 595 614 615
f 601 602 584
f 596 616 597
f 597 616 617
f 598 617 618
f 598 618 599
f 589 608 609
f 597 617 598
f 590 610 591
f 630 650 631
f 626 646 627
f 627 646 647
f 626 645 646
f 622 640 641
f 622 641 621
f 623 642 643
f 621 641 642
f 621 642 623
f 639 640 622
f 630 649 650
f 631 650 651
f 627 647 628
f 628 647 648
f 628 648 629
f 629 648 649
f 629 649 630
f 625 645 626
f 625 644 645
f 624 644 625
f 624 643 644
f 623 643 624
f 634 653 654
f 635 654 655
f 634 654 635
f 632 652 633
f 632 651 652
f 631 651 632
f 635 655 636
f 636 655 656
f 636 656 637
f 637 656 657
f 637 657 638
f 638 657 658
f 638 658 639
f 639 658 640
f 633 652 653
f 633 653 634
f 670 689 690
f 669 689 670
f 669 688 689
f 668 688 669
f 668 687 688
f 667 687 668
f 667 686 687
f 666 686 667
f 660 679 659
f 659 679 680
f 677 678 660
f 660 678 679
f 659 680 661
f 661 680 681
f 676 696 677
f 677 696 678
f 674 693 694
f 673 693 674
f 670 690 671
f 671 690 691
f 671 691 672
f 672 691 692
f 672 692 673
f 673 692 693
f 664 683 684
f 663 683 664
f 663 682 683
f 662 682 663
f 666 685 686
f 665 685 666
f 665 684 685
f 664 684 665
f 675 695 676
f 676 695 696
f 661 681 662
f 662 681 682
f 674 694 675
f 675 694 695
f 715 734 716
f 714 734 715
f 701 720 721
f 700 720 701
f 700 719 720
f 699 719 700
f 699 718 719
f 697 718 699
f 697 717 718
f 698 717 697
f 713 732 733
f 712 732 713
f 712 731 732
f 711 731 712
f 711 730 731
f 710 730 711
f 710 729 730
f 709 729 710
f 709 728 729
f 708 728 709
f 708 727 728
f 707 727 708
f 707 726 727
f 706 726 707
f 706 725 726
f 705 725 706
f 704 724 705
f 705 724 725
f 714 733 734
f 713 733 714
f 702 722 703
f 703 722 723
f 703 723 704
f 704 723 724
f 698 716 717
f 715 716 698
f 701 721 702
f 702 721 722
f 750 770 751
f 751 770 771
f 751 771 752
f 752 771 772
f 748 767 768
f 747 767 748
f 747 766 767
f 746 766 747
f 746 765 766
f 745 765 746
f 745 764 765
f 744 764 745
f 749 768 769
f 748 768 749
f 737 757 738
f 738 757 758
f 753 754 736
f 736 754 755
f 736 755 735
f 735 755 756
f 753 772 754
f 752 772 753
f 749 769 750
f 750 769 770
f 740 759 760
f 739 759 740
f 739 758 759
f 738 758 739
f 735 756 737
f 737 756 757
f 743 762 763
f 742 762 743
f 742 761 762
f 741 761 742
f 741 760 761
f 740 760 741
f 744 763 764
f 743 763 744
f 782 801 802
f 781 801 782
f 781 800 801
f 780 800 781
f 780 799 800
f 779 799 780
f 783 802 803
f 782 802 783
f 774 792 793
f 791 792 774
f 773 794 775
f 775 794 795
f 773 793 794
f 774 793 773
f 775 795 776
f 776 795 796
f 776 796 777
f 777 796 797
f 777 797 778
f 778 797 798
f 778 798 779
f 779 798 799
f 787 807 788
f 788 807 808
f 788 808 789
f 789 808 809
f 789 809 790
f 790 809 810
f 790 810 791
f 791 810 792
f 783 803 784
f 784 803 804
f 784 804 785
f 785 804 805
f 785 805 786
f 786 805 806
f 786 806 787
f 787 806 807
f 811 816 812
f 815 816 811
f 813 812 814
f 811 812 813
f 819 820 821
f 821 820 822
f 817 818 819
f 819 818 820
f 825 826 827
f 827 826 828
f 823 824 825
f 825 824 826
f 831 830 832
f 829 830 831
f 835 836 837
f 837 836 838
f 833 834 835
f 835 834 836
f 841 842 843
f 843 842 844
f 839 840 841
f 841 840 842
f 847 846 848
f 845 846 847
f 849 848 850
f 847 848 849
f 853 852 854
f 851 852 853
f 855 854 856
f 853 854 855
f 859 858 860
f 857 858 859
f 865 864 866
f 863 864 865
f 863 862 864
f 861 862 863
f 869 868 870
f 867 868 869
f 873 872 874
f 871 872 873
f 867 874 868
f 873 874 867
f 877 876 878
f 875 876 877
f 879 878 880
f 877 878 879
f 879 880 881
f 881 880 882
f 889 888 890
f 887 888 889
f 883 884 885
f 885 884 886
f 885 886 887
f 887 886 888
f 895 896 897
f 897 896 898
f 893 894 895
f 895 894 896
f 891 892 893
f 893 892 894
f 901 902 903
f 903 902 904
f 903 904 905
f 905 904 906
f 899 900 901
f 901 900 902
f 907 908 909
f 909 908 910
f 913 912 914
f 911 912 913
f 915 916 917
f 917 916 918
f 919 926 920
f 925 926 919
f 923 924 925
f 925 924 926
f 921 920 922
f 919 920 921
f 927 928 929
f 929 928 930
f 933 932 934
f 931 932 933
f 931 930 932
f 929 930 931
f 939 938 940
f 937 938 939
f 937 936 938
f 935 936 937
f 939 940 941
f 941 940 942
f 947 946 948
f 945 946 947
f 943 944 945
f 945 944 946
f 949 948 950
f 947 948 949
f 953 954 955
f 955 954 956
f 955 956 957
f 957 956 958
f 951 952 953
f 953 952 954
f 961 960 962
f 959 960 961
f 965 964 966
f 963 964 965
f 963 962 964
f 961 962 963
f 969 968 970
f 967 968 969
f 973 972 974
f 971 972 973
f 977 978 979
f 979 978 980
f 977 976 978
f 975 976 977
f 987 986 988
f 985 986 987
f 985 984 986
f 983 984 985
f 983 982 984
f 981 982 983
f 993 992 994
f 991 992 993
f 989 990 991
f 991 990 992
f 995 996 997
f 997 996 998
f 1001 1000 1002
f 999 1000 1001
f 1007 1006 1008
f 1005 1006 1007
f 1003 1004 1005
f 1005 1004 1006
f 1009 1010 1011
f 1011 1010 1012
f 1011 1012 1013
f 1013 1012 1014
f 1013 1014 1015
f 1015 1014 1016
f 1017 1022 1018
f 1021 1022 1017
f 1021 1020 1022
f 1019 1020 1021
f 1023 1024 1025
f 1025 1024 1026
f 1025 1026 1027
f 1027 1026 1028
f 1027 1028 1029
f 1029 1028 1030
f 1029 1030 1031
f 1031 1030 1032
f 1063 1064 1065
f 1065 1064 1066
f 1065 1066 1023
f 1023 1066 1024
f 1043 1042 1044
f 1041 1042 1043
f 1041 1040 1042
f 1039 1040 1041
f 1043 1044 1045
f 1045 1044 1046
f 1045 1046 1047
f 1047 1046 1048
f 1059 1058 1060
f 1057 1058 1059
f 1057 1056 1058
f 1055 1056 1057
f 1063 1062 1064
f 1061 1062 1063
f 1061 1060 1062
f 1059 1060 1061
f 1051 1050 1052
f 1049 1050 1051
f 1049 1048 1050
f 1047 1048 1049
f 1039 1038 1040
f 1037 1038 1039
f 1037 1036 1038
f 1035 1036 1037
f 1035 1034 1036
f 1033 1034 1035
f 1033 1032 1034
f 1031 1032 1033
f 1055 1054 1056
f 1053 1054 1055
f 1053 1052 1054
f 1051 1052 1053
f 1091 1082 1090
f 1090 1082 1083
f 1090 1083 1089
f 1089 1083 1084
f 1098 1076 1077
f 1099 1076 1098
f 1099 1075 1076
f 1100 1075 1099
f 1100 1074 1075
f 1101 1074 1100
f 1101 1073 1074
f 1102 1073 1101
f 1093 1080 1081
f 1093 1081 1092
f 1092 1081 1082
f 1092 1082 1091
f 1085 1069 1106
f 1068 1086 1087
f 1068 1085 1086
f 1069 1085 1068
f 1098 1077 1097
f 1097 1077 1096
f 1096 1077 1078
f 1096 1078 1095
f 1095 1078 1079
f 1095 1079 1094
f 1094 1079 1080
f 1094 1080 1093
f 1103 1073 1102
f 1103 1072 1073
f 1104 1072 1103
f 1104 1071 1072
f 1105 1071 1104
f 1105 1070 1071
f 1106 1070 1105
f 1106 1069 1070
f 1087 1067 1068
f 1088 1067 1087
f 1088 1084 1067
f 1089 1084 1088
f 1115 1114 1116
f 1113 1114 1115
f 1113 1112 1114
f 1111 1112 1113
f 1119 1118 1120
f 1117 1118 1119
f 1117 1116 1118
f 1115 1116 1117
f 1127 1128 1129
f 1129 1128 1130
f 1129 1130 1131
f 1131 1130 1132
f 1107 1150 1108
f 1149 1150 1107
f 1149 1148 1150
f 1147 1148 1149
f 1147 1146 1148
f 1145 1146 1147
f 1145 1144 1146
f 1143 1144 1145
f 1111 1110 1112
f 1109 1110 1111
f 1109 1108 1110
f 1107 1108 1109
f 1131 1132 1133
f 1133 1132 1134
f 1133 1134 1135
f 1135 1134 1136
f 1143 1142 1144
f 1141 1142 1143
f 1141 1140 1142
f 1139 1140 1141
f 1139 1138 1140
f 1137 1138 1139
f 1137 1136 1138
f 1135 1136 1137
f 1127 1126 1128
f 1125 1126 1127
f 1125 1124 1126
f 1123 1124 1125
f 1123 1122 1124
f 1121 1122 1123
f 1121 1120 1122
f 1119 1120 1121
f 1179 1162 1163
f 1179 1163 1178
f 1178 1163 1164
f 1178 1164 1177
f 1177 1164 1165
f 1177 1165 1176
f 1176 1165 1166
f 1176 1166 1175
f 1153 1169 1152
f 1152 1169 1170
f 1152 1170 1171
f 1169 1153 1190
f 1190 1153 1154
f 1190 1154 1189
f 1189 1154 1155
f 1189 1155 1188
f 1180 1162 1179
f 1180 1161 1162
f 1181 1161 1180
f 1182 1161 1181
f 1182 1160 1161
f 1183 1160 1182
f 1183 1159 1160
f 1184 1159 1183
f 1175 1166 1174
f 1174 1166 1167
f 1174 1167 1173
f 1173 1167 1168
f 1173 1168 1172
f 1172 1168 1151
f 1172 1151 1171
f 1171 1151 1152
f 1188 1155 1156
f 1188 1156 1187
f 1187 1156 1157
f 1187 1157 1186
f 1186 1157 1185
f 1185 1157 1158
f 1185 1158 1184
f 1184 1158 1159
f 1207 1208 1209
f 1209 1208 1210
f 1209 1210 1211
f 1211 1210 1212
f 1211 1212 1213
f 1213 1212 1214
f 1213 1214 1215
f 1215 1214 1216
f 1207 1206 1208
f 1205 1206 1207
f 1205 1204 1206
f 1203 1204 1205
f 1203 1202 1204
f 1201 1202 1203
f 1201 1200 1202
f 1199 1200 1201
f 1231 1230 1232
f 1229 1230 1231
f 1229 1228 1230
f 1227 1228 1229
f 1227 1226 1228
f 1225 1226 1227
f 1225 1224 1226
f 1223 1224 1225
f 1215 1216 1217
f 1217 1216 1218
f 1217 1218 1219
f 1219 1218 1220
f 1231 1232 1233
f 1233 1232 1234
f 1233 1234 1191
f 1191 1234 1192
f 1219 1220 1221
f 1221 1220 1222
f 1221 1222 1223
f 1223 1222 1224
f 1195 1196 1197
f 1197 1196 1198
f 1197 1198 1199
f 1199 1198 1200
f 1191 1192 1193
f 1193 1192 1194
f 1193 1194 1195
f 1195 1194 1196
f 1263 1246 1247
f 1263 1247 1262
f 1262 1247 1248
f 1262 1248 1261
f 1266 1245 1265
f 1265 1245 1264
f 1264 1245 1246
f 1264 1246 1263
f 1257 1252 1256
f 1256 1252 1235
f 1256 1235 1255
f 1255 1235 1236
f 1237 1253 1236
f 1236 1253 1254
f 1236 1254 1255
f 1253 1237 1274
f 1268 1243 1267
f 1267 1243 1244
f 1267 1244 1266
f 1266 1244 1245
f 1257 1251 1252
f 1258 1251 1257
f 1258 1250 1251
f 1259 1250 1258
f 1260 1250 1259
f 1260 1249 1250
f 1261 1249 1260
f 1261 1248 1249
f 1270 1241 1269
f 1269 1241 1242
f 1269 1242 1268
f 1268 1242 1243
f 1274 1237 1238
f 1274 1238 1273
f 1273 1238 1239
f 1273 1239 1272
f 1271 1241 1270
f 1271 1240 1241
f 1272 1240 1271
f 1272 1239 1240
f 1279 1278 1280
f 1277 1278 1279
f 1277 1276 1278
f 1275 1276 1277
f 1295 1296 1297
f 1297 1296 1298
f 1297 1298 1299
f 1299 1298 1300
f 1299 1300 1301
f 1301 1300 1302
f 1301 1302 1303
f 1303 1302 1304
f 1279 1280 1281
f 1281 1280 1282
f 1281 1282 1283
f 1283 1282 1284
f 1283 1284 1285
f 1285 1284 1286
f 1285 1286 1287
f 1287 1286 1288
f 1287 1288 1289
f 1289 1288 1290
f 1289 1290 1291
f 1291 1290 1292
f 1291 1292 1293
f 1293 1292 1294
f 1293 1294 1295
f 1295 1294 1296
f 1303 1304 1305
f 1305 1304 1306
f 1305 1306 1307
f 1307 1306 1308
f 1307 1308 1309
f 1309 1308 1310
f 1309 1310 1311
f 1311 1310 1312
f 1275 1318 1276
f 1317 1318 1275
f 1317 1316 1318
f 1315 1316 1317
f 1315 1314 1316
f 1313 1314 1315
f 1313 1312 1314
f 1311 1312 1313
f 1344 1334 1343
f 1344 1333 1334
f 1345 1333 1344
f 1345 1332 1333
f 1346 1332 1345
f 1346 1331 1332
f 1347 1331 1346
f 1347 1330 1331
f 1352 1326 1327
f 1353 1326 1352
f 1353 1325 1326
f 1354 1325 1353
f 1355 1325 1354
f 1355 1324 1325
f 1356 1324 1355
f 1356 1323 1324
f 1321 1337 1320
f 1320 1337 1338
f 1320 1338 1339
f 1337 1321 1358
f 1358 1321 1322
f 1358 1322 1357
f 1357 1322 1323
f 1357 1323 1356
f 1343 1334 1342
f 1342 1334 1335
f 1342 1335 1341
f 1341 1335 1336
f 1341 1336 1340
f 1340 1336 1319
f 1340 1319 1339
f 1339 1319 1320
f 1348 1330 1347
f 1348 1329 1330
f 1349 1329 1348
f 1350 1329 1349
f 1350 1328 1329
f 1351 1328 1350
f 1351 1327 1328
f 1352 1327 1351
f 1359 1360 1361
f 1361 1360 1362
f 1361 1362 1363
f 1363 1362 1364
f 1379 1378 1380
f 1377 1378 1379
f 1377 1376 1378
f 1375 1376 1377
f 1375 1374 1376
f 1373 1374 1375
f 1373 1372 1374
f 1371 1372 1373
f 1371 1370 1372
f 1369 1370 1371
f 1369 1368 1370
f 1367 1368 1369
f 1399 1398 1400
f 1397 1398 1399
f 1397 1396 1398
f 1395 1396 1397
f 1395 1394 1396
f 1393 1394 1395
f 1393 1392 1394
f 1391 1392 1393
f 1391 1390 1392
f 1389 1390 1391
f 1389 1388 1390
f 1387 1388 1389
f 1387 1386 1388
f 1385 1386 1387
f 1385 1384 1386
f 1383 1384 1385
f 1359 1402 1360
f 1401 1402 1359
f 1401 1400 1402
f 1399 1400 1401
f 1363 1364 1365
f 1365 1364 1366
f 1365 1366 1367
f 1367 1366 1368
f 1383 1382 1384
f 1381 1382 1383
f 1381 1380 1382
f 1379 1380 1381
f 1421 1430 1420
f 1421 1429 1430
f 1422 1429 1421
f 1422 1428 1429
f 1412 1437 1411
f 1412 1436 1437
f 1413 1436 1412
f 1413 1435 1436
f 1414 1435 1413
f 1414 1434 1435
f 1415 1434 1414
f 1416 1434 1415
f 1424 1425 1427
f 1424 1427 1423
f 1423 1427 1428
f 1423 1428 1422
f 1425 1403 1426
f 1426 1403 1404
f 1426 1404 1405
f 1403 1425 1424
f 1407 1441 1406
f 1406 1441 1442
f 1406 1442 1405
f 1405 1442 1426
f 1409 1439 1408
f 1408 1439 1440
f 1408 1440 1407
f 1407 1440 1441
f 1410 1439 1409
f 1410 1438 1439
f 1411 1438 1410
f 1411 1437 1438
f 1418 1431 1432
f 1419 1431 1418
f 1419 1430 1431
f 1420 1430 1419
f 1416 1433 1434
f 1417 1433 1416
f 1417 1432 1433
f 1418 1432 1417
f 1459 1458 1460
f 1457 1458 1459
f 1457 1456 1458
f 1455 1456 1457
f 1463 1462 1464
f 1461 1462 1463
f 1461 1460 1462
f 1459 1460 1461
f 1447 1446 1448
f 1445 1446 1447
f 1445 1444 1446
f 1443 1444 1445
f 1479 1478 1480
f 1477 1478 1479
f 1477 1476 1478
f 1475 1476 1477
f 1475 1474 1476
f 1473 1474 1475
f 1473 1472 1474
f 1471 1472 1473
f 1471 1470 1472
f 1469 1470 1471
f 1469 1468 1470
f 1467 1468 1469
f 1467 1466 1468
f 1465 1466 1467
f 1465 1464 1466
f 1463 1464 1465
f 1479 1480 1481
f 1481 1480 1482
f 1481 1482 1483
f 1483 1482 1484
f 1483 1484 1485
f 1485 1484 1486
f 1485 1486 1443
f 1443 1486 1444
f 1455 1454 1456
f 1453 1454 1455
f 1453 1452 1454
f 1451 1452 1453
f 1451 1450 1452
f 1449 1450 1451
f 1449 1448 1450
f 1447 1448 1449
f 1507 1512 1506
f 1507 1511 1512
f 1508 1511 1507
f 1508 1509 1511
f 1487 1509 1508
f 1510 1488 1489
f 1510 1487 1488
f 1509 1487 1510
f 1498 1519 1497
f 1498 1518 1519
f 1499 1518 1498
f 1500 1518 1499
f 1500 1517 1518
f 1501 1517 1500
f 1501 1516 1517
f 1502 1516 1501
f 1489 1526 1510
f 1490 1526 1489
f 1490 1525 1526
f 1491 1525 1490
f 1491 1524 1525
f 1492 1524 1491
f 1492 1523 1524
f 1493 1523 1492
f 1502 1515 1516
f 1503 1515 1502
f 1503 1514 1515
f 1504 1514 1503
f 1505 1514 1504
f 1505 1513 1514
f 1506 1513 1505
f 1506 1512 1513
f 1494 1523 1493
f 1494 1522 1523
f 1495 1522 1494
f 1495 1521 1522
f 1496 1521 1495
f 1496 1520 1521
f 1497 1520 1496
f 1497 1519 1520
f 1543 1542 1544
f 1541 1542 1543
f 1541 1540 1542
f 1539 1540 1541
f 1539 1538 1540
f 1537 1538 1539
f 1537 1536 1538
f 1535 1536 1537
f 1559 1558 1560
f 1557 1558 1559
f 1557 1556 1558
f 1555 1556 1557
f 1555 1554 1556
f 1553 1554 1555
f 1553 1552 1554
f 1551 1552 1553
f 1535 1534 1536
f 1533 1534 1535
f 1533 1532 1534
f 1531 1532 1533
f 1531 1530 1532
f 1529 1530 1531
f 1529 1528 1530
f 1527 1528 1529
f 1543 1544 1545
f 1545 1544 1546
f 1545 1546 1547
f 1547 1546 1548
f 1547 1548 1549
f 1549 1548 1550
f 1549 1550 1551
f 1551 1550 1552
f 1563 1564 1565
f 1565 1564 1566
f 1565 1566 1567
f 1567 1566 1568
f 1527 1570 1528
f 1569 1570 1527
f 1569 1568 1570
f 1567 1568 1569
f 1563 1562 1564
f 1561 1562 1563
f 1561 1560 1562
f 1559 1560 1561
f 1586 1600 1585
f 1585 1600 1601
f 1585 1601 1584
f 1584 1601 1602
f 1577 1607 1576
f 1576 1607 1608
f 1576 1608 1575
f 1575 1608 1609
f 1590 1596 1597
f 1590 1597 1589
f 1589 1597 1598
f 1589 1598 1588
f 1592 1593 1595
f 1592 1595 1591
f 1591 1595 1596
f 1591 1596 1590
f 1588 1598 1587
f 1587 1598 1599
f 1587 1599 1586
f 1586 1599 1600
f 1578 1607 1577
f 1578 1606 1607
f 1579 1606 1578
f 1579 1605 1606
f 1581 1603 1604
f 1581 1604 1580
f 1580 1604 1605
f 1580 1605 1579
f 1584 1602 1583
f 1583 1602 1582
f 1582 1602 1603
f 1582 1603 1581
f 1575 1609 1574
f 1574 1609 1610
f 1574 1610 1573
f 1573 1610 1594
f 1594 1571 1572
f 1593 1571 1594
f 1571 1593 1592
f 1594 1572 1573
f 1611 1612 1613
f 1613 1612 1614
f 1613 1614 1615
f 1615 1614 1616
f 1623 1622 1624
f 1621 1622 1623
f 1621 1620 1622
f 1619 1620 1621
f 1615 1616 1617
f 1617 1616 1618
f 1617 1618 1619
f 1619 1618 1620
f 1631 1630 1632
f 1629 1630 1631
f 1629 1628 1630
f 1627 1628 1629
f 1627 1626 1628
f 1625 1626 1627
f 1625 1624 1626
f 1623 1624 1625
f 1639 1638 1640
f 1637 1638 1639
f 1637 1636 1638
f 1635 1636 1637
f 1643 1642 1644
f 1641 1642 1643
f 1641 1640 1642
f 1639 1640 1641
f 1647 1646 1648
f 1645 1646 1647
f 1645 1644 1646
f 1643 1644 1645
f 1647 1648 1649
f 1649 1648 1650
f 1649 1650 1651
f 1651 1650 1652
f 1631 1632 1633
f 1633 1632 1634
f 1633 1634 1635
f 1635 1634 1636
f 1611 1654 1612
f 1653 1654 1611
f 1653 1652 1654
f 1651 1652 1653
f 1663 1689 1690
f 1663 1690 1662
f 1662 1690 1691
f 1662 1691 1661
f 1676 1677 1679
f 1676 1679 1675
f 1675 1679 1680
f 1675 1680 1674
f 1677 1655 1678
f 1678 1655 1656
f 1678 1656 1657
f 1655 1677 1676
f 1668 1685 1686
f 1669 1685 1668
f 1669 1684 1685
f 1670 1684 1669
f 1666 1687 1665
f 1666 1686 1687
f 1667 1686 1666
f 1668 1686 1667
f 1665 1687 1688
f 1665 1688 1664
f 1664 1688 1689
f 1664 1689 1663
f 1674 1680 1681
f 1674 1681 1673
f 1673 1681 1682
f 1673 1682 1672
f 1661 1691 1660
f 1660 1691 1692
f 1660 1692 1659
f 1659 1692 1693
f 1659 1693 1658
f 1658 1693 1694
f 1658 1694 1657
f 1657 1694 1678
f 1672 1682 1671
f 1671 1682 1683
f 1671 1683 1670
f 1670 1683 1684
f 1697 1700 1698
f 1696 1700 1697
f 1695 1698 1699
f 1697 1698 1695
f 1702 1704 1701
f 1701 1704 1705
f 1703 1705 1706
f 1701 1705 1703
f 1708 1710 1711
f 1707 1710 1708
f 1708 1711 1709
f 1709 1711 1712
f 1713 1715 1714
f 1714 1715 1716
f 1719 1721 1722
f 1718 1721 1719
f 1718 1720 1721
f 1717 1720 1718
f 1723 1726 1724
f 1724 1726 1727
f 1724 1727 1725
f 1725 1727 1728
f 1731 1733 1734
f 1730 1733 1731
f 1730 1732 1733
f 1729 1732 1730
f 1736 1739 1737
f 1737 1739 1740
f 1736 1738 1739
f 1735 1738 1736
f 1742 1743 1744
f 1741 1743 1742
f 1746 1748 1749
f 1745 1748 1746
f 1747 1749 1750
f 1746 1749 1747
f 1752 1756 1753
f 1753 1756 1754
f 1751 1754 1755
f 1753 1754 1751
f 1757 1760 1761
f 1758 1760 1757
f 1757 1761 1759
f 1759 1761 1762
f 1763 1766 1764
f 1764 1766 1767
f 1765 1767 1768
f 1764 1767 1765
f 1769 1771 1770
f 1770 1771 1772
f 1773 1776 1774
f 1774 1776 1777
f 1774 1777 1775
f 1775 1777 1778
f 1780 1782 1783
f 1779 1782 1780
f 1780 1783 1781
f 1781 1783 1784
f 1786 1789 1787
f 1787 1789 1790
f 1785 1788 1786
f 1786 1788 1789
f 1793 1795 1796
f 1792 1795 1793
f 1791 1794 1792
f 1792 1794 1795
f 1797 1799 1798
f 1798 1799 1800
f 1802 1805 1803
f 1803 1805 1806
f 1802 1804 1805
f 1801 1804 1802
f 1808 1812 1809
f 1809 1812 1810
f 1809 1810 1807
f 1807 1810 1811
f 1814 1816 1813
f 1813 1816 1817
f 1813 1817 1815
f 1815 1817 1818
f 1819 1822 1820
f 1820 1822 1823
f 1821 1823 1824
f 1820 1823 1821
f 1826 1827 1828
f 1825 1827 1826
f 1831 1833 1834
f 1830 1833 1831
f 1829 1832 1830
f 1830 1832 1833
f 1836 1839 1837
f 1837 1839 1840
f 1835 1838 1836
f 1836 1838 1839
f 1843 1845 1846
f 1842 1845 1843
f 1842 1844 1845
f 1841 1844 1842
f 1848 1851 1849
f 1849 1851 1852
f 1847 1850 1848
f 1848 1850 1851
f 1854 1855 1856
f 1853 1855 1854
f 1858 1861 1859
f 1859 1861 1862
f 1858 1860 1861
f 1857 1860 1858
f 1865 1868 1866
f 1864 1868 1865
f 1863 1866 1867
f 1865 1866 1863
f 1870 1872 1869
f 1869 1872 1873
f 1869 1873 1871
f 1871 1873 1874
f 1875 1878 1876
f 1876 1878 1879
f 1876 1879 1877
f 1877 1879 1880
f 1881 1883 1882
f 1882 1883 1884
f 1886 1889 1887
f 1887 1889 1890
f 1886 1888 1889
f 1885 1888 1886
f 1891 1894 1892
f 1893 1895 1896
f 1892 1894 1895
f 1892 1895 1893
f 1898 1900 1901
f 1897 1900 1898
f 1898 1901 1899
f 1899 1901 1902
f 1905 1907 1908
f 1904 1906 1907
f 1904 1907 1905
f 1903 1906 1904
f 1910 1911 1912
f 1909 1911 1910
f 1913 1916 1914
f 1914 1917 1915
f 1915 1917 1918
f 1914 1916 1917
f 1919 1920 1921
f 1921 1920 1922
f 1926 1923 1924
f 1925 1923 1926
f 1930 1927 1928
f 1929 1927 1930
f 1931 1933 1932
f 1932 1933 1934
f 1935 2176 1936
f 1936 2176 2175
f 1936 2175 1937
f 1937 2175 2097
f 1937 2097 2096
f 1935 1953 2176
f 2176 1953 2177
f 2177 1953 1952
f 2177 1952 2178
f 2178 1952 1951
f 2178 1951 2179
f 2179 1951 1950
f 2179 1950 2180
f 2180 1950 2159
f 2159 1950 1949
f 2159 1949 2160
f 2160 1949 2161
f 2161 1949 1948
f 2161 1948 1981
f 1981 1948 1982
f 1982 1948 1947
f 1982 1947 1983
f 1983 1947 1946
f 1983 1946 2226
f 2226 1946 1945
f 2226 1945 1944
f 1944 1943 2226
f 2226 1943 1942
f 2226 1942 1941
f 1941 1940 2226
f 2226 1940 1939
f 2226 1939 2094
f 2094 1939 2095
f 2095 1939 1938
f 2095 1938 2096
f 2096 1938 1937
f 1956 1955 2225
f 2225 1955 1954
f 2225 1954 2013
f 2013 1954 2014
f 2014 1954 1972
f 2014 1972 2015
f 2015 1972 1971
f 2015 1971 2192
f 2192 1971 2193
f 2193 1971 1970
f 2193 1970 2194
f 2194 1970 2195
f 2195 1970 1969
f 2195 1969 2196
f 2196 1969 1968
f 2196 1968 2197
f 2197 1968 1967
f 2197 1967 2198
f 2198 1967 1966
f 2198 1966 2199
f 2199 1966 1965
f 2199 1965 2200
f 2200 1965 1964
f 2200 1964 2058
f 2058 1964 1963
f 2058 1963 2059
f 2059 1963 2060
f 2060 1963 1962
f 2060 1962 2061
f 2061 1962 1961
f 2061 1961 2225
f 2225 1961 1960
f 2225 1960 1959
f 1959 1958 2225
f 2225 1958 1957
f 2225 1957 1956
f 1973 2219 1974
f 1974 2219 2218
f 1974 2218 2168
f 2168 2218 2169
f 2169 2218 2217
f 2169 2217 2184
f 2184 2217 2158
f 2184 2158 2185
f 2185 2158 2157
f 2185 2157 2021
f 2021 2157 2022
f 2022 2157 2156
f 2022 2156 2023
f 2023 2156 2155
f 2023 2155 2024
f 2024 2155 2154
f 2024 2154 2025
f 2025 2154 2153
f 2025 2153 2026
f 2026 2153 2152
f 2026 2152 2027
f 2027 2152 2151
f 2027 2151 2028
f 2028 2151 2150
f 2028 2150 2149
f 1973 1991 2219
f 2219 1991 2220
f 2220 1991 1990
f 2220 1990 2221
f 2221 1990 1989
f 2221 1989 2222
f 2222 1989 1988
f 2222 1988 2223
f 2223 1988 2224
f 2224 1988 1987
f 2224 1987 2203
f 2203 1987 1986
f 2203 1986 2204
f 2204 1986 2038
f 2204 2038 2037
f 2038 1986 2039
f 2039 1986 1985
f 2039 1985 2040
f 2040 1985 1984
f 2040 1984 2228
f 2228 1984 1983
f 2228 1983 2226
f 1981 1980 2161
f 2161 1980 2162
f 2162 1980 2163
f 2163 1980 1979
f 2163 1979 2164
f 2164 1979 1978
f 2164 1978 2165
f 2165 1978 1977
f 2165 1977 2166
f 2166 1977 1976
f 2166 1976 2167
f 2167 1976 1975
f 2167 1975 2168
f 2168 1975 1974
f 1994 1993 2227
f 2227 1993 1992
f 2227 1992 2010
f 2010 2009 2227
f 2227 2009 2008
f 2227 2008 2007
f 2007 2006 2227
f 2227 2006 2083
f 2227 2083 2082
f 2006 2005 2083
f 2083 2005 2084
f 2084 2005 2004
f 2084 2004 2085
f 2085 2004 2086
f 2086 2004 2003
f 2086 2003 2002
f 2001 2142 2002
f 2002 2142 2087
f 2002 2087 2086
f 2142 2001 2143
f 2143 2001 2000
f 2143 2000 2144
f 2144 2000 1999
f 2144 1999 2145
f 2145 1999 1998
f 2145 1998 2146
f 2146 1998 1997
f 2146 1997 2147
f 2147 1997 2148
f 2148 1997 1996
f 2148 1996 2149
f 2149 1996 2028
f 2028 1996 2029
f 2029 1996 1995
f 2029 1995 2011
f 2011 1995 1994
f 2011 1994 2227
f 2011 2227 2012
f 2012 2227 2225
f 2012 2225 2013
f 2185 2021 2186
f 2186 2021 2020
f 2186 2020 2019
f 2186 2019 2187
f 2187 2019 2018
f 2187 2018 2188
f 2188 2018 2017
f 2188 2017 2189
f 2189 2017 2016
f 2189 2016 2190
f 2190 2016 2191
f 2191 2016 2015
f 2191 2015 2192
f 2030 2135 2031
f 2031 2135 2134
f 2031 2134 2211
f 2211 2134 2212
f 2212 2134 2133
f 2212 2133 2213
f 2213 2133 2214
f 2214 2133 2132
f 2214 2132 2215
f 2215 2132 2216
f 2216 2132 2131
f 2216 2131 2137
f 2137 2131 2090
f 2137 2090 2089
f 2135 2030 2136
f 2136 2030 2048
f 2136 2048 2115
f 2115 2048 2047
f 2115 2047 2116
f 2116 2047 2228
f 2116 2228 2117
f 2117 2228 2118
f 2118 2228 2119
f 2119 2228 2120
f 2120 2228 2121
f 2121 2228 2122
f 2122 2228 2077
f 2122 2077 2076
f 2047 2046 2228
f 2228 2046 2045
f 2228 2045 2044
f 2044 2043 2228
f 2228 2043 2042
f 2228 2042 2041
f 2041 2040 2228
f 2036 2206 2037
f 2037 2206 2205
f 2037 2205 2204
f 2206 2036 2207
f 2207 2036 2035
f 2207 2035 2208
f 2208 2035 2209
f 2209 2035 2034
f 2209 2034 2033
f 2209 2033 2210
f 2210 2033 2032
f 2210 2032 2211
f 2211 2032 2031
f 2049 2106 2050
f 2050 2106 2105
f 2050 2105 2104
f 2106 2049 2107
f 2107 2049 2070
f 2107 2070 2108
f 2108 2070 2069
f 2108 2069 2109
f 2109 2069 2068
f 2109 2068 2110
f 2110 2068 2067
f 2110 2067 2226
f 2226 2067 2225
f 2225 2067 2066
f 2225 2066 2065
f 2065 2064 2225
f 2225 2064 2063
f 2225 2063 2062
f 2062 2061 2225
f 2058 2057 2200
f 2200 2057 2201
f 2201 2057 2202
f 2202 2057 2056
f 2202 2056 2181
f 2181 2056 2055
f 2181 2055 2182
f 2182 2055 2183
f 2183 2055 2054
f 2183 2054 2184
f 2184 2054 2169
f 2169 2054 2101
f 2101 2054 2053
f 2101 2053 2102
f 2102 2053 2052
f 2102 2052 2103
f 2103 2052 2051
f 2103 2051 2104
f 2104 2051 2050
f 2071 2128 2072
f 2072 2128 2127
f 2072 2127 2126
f 2128 2071 2129
f 2129 2071 2092
f 2129 2092 2130
f 2130 2092 2091
f 2130 2091 2131
f 2131 2091 2090
f 2088 2139 2089
f 2089 2139 2138
f 2089 2138 2137
f 2087 2141 2088
f 2088 2141 2140
f 2088 2140 2139
f 2082 2081 2227
f 2227 2081 2080
f 2227 2080 2079
f 2079 2078 2227
f 2227 2078 2077
f 2227 2077 2228
f 2122 2076 2123
f 2123 2076 2075
f 2123 2075 2124
f 2124 2075 2074
f 2124 2074 2125
f 2125 2074 2073
f 2125 2073 2126
f 2126 2073 2072
f 2094 2093 2226
f 2226 2093 2114
f 2226 2114 2113
f 2113 2112 2226
f 2226 2112 2111
f 2226 2111 2110
f 2169 2101 2170
f 2170 2101 2100
f 2170 2100 2171
f 2171 2100 2172
f 2172 2100 2099
f 2172 2099 2173
f 2173 2099 2098
f 2173 2098 2174
f 2174 2098 2175
f 2175 2098 2097
f 2137 2158 2216
f 2216 2158 2217
f 2142 2141 2087
f 2231 2230 2531
f 2531 2230 2229
f 2531 2229 2283
f 2283 2229 2284
f 2284 2229 2254
f 2284 2254 2285
f 2285 2254 2253
f 2285 2253 2286
f 2286 2253 2252
f 2286 2252 2287
f 2287 2252 2251
f 2287 2251 2521
f 2521 2251 2522
f 2522 2251 2250
f 2522 2250 2523
f 2523 2250 2249
f 2523 2249 2524
f 2524 2249 2248
f 2524 2248 2525
f 2525 2248 2247
f 2525 2247 2526
f 2526 2247 2246
f 2526 2246 2245
f 2526 2245 2527
f 2527 2245 2244
f 2527 2244 2446
f 2446 2244 2243
f 2446 2243 2242
f 2446 2242 2447
f 2447 2242 2241
f 2447 2241 2448
f 2448 2241 2240
f 2448 2240 2449
f 2449 2240 2239
f 2449 2239 2450
f 2450 2239 2531
f 2450 2531 2451
f 2451 2531 2452
f 2452 2531 2453
f 2453 2531 2454
f 2454 2531 2532
f 2454 2532 2435
f 2435 2532 2436
f 2436 2532 2437
f 2437 2532 2438
f 2438 2532 2421
f 2421 2532 2260
f 2421 2260 2422
f 2422 2260 2259
f 2422 2259 2423
f 2423 2259 2258
f 2423 2258 2424
f 2424 2258 2257
f 2424 2257 2425
f 2425 2257 2256
f 2425 2256 2255
f 2239 2238 2531
f 2531 2238 2237
f 2531 2237 2236
f 2236 2235 2531
f 2531 2235 2234
f 2531 2234 2233
f 2233 2232 2531
f 2531 2232 2231
f 2425 2255 2470
f 2470 2255 2280
f 2470 2280 2471
f 2471 2280 2279
f 2471 2279 2278
f 2471 2278 2472
f 2472 2278 2277
f 2472 2277 2473
f 2473 2277 2276
f 2473 2276 2474
f 2474 2276 2275
f 2474 2275 2457
f 2457 2275 2274
f 2457 2274 2458
f 2458 2274 2342
f 2458 2342 2459
f 2459 2342 2460
f 2460 2342 2341
f 2460 2341 2461
f 2461 2341 2340
f 2461 2340 2462
f 2462 2340 2339
f 2462 2339 2338
f 2274 2273 2342
f 2342 2273 2343
f 2343 2273 2272
f 2343 2272 2344
f 2344 2272 2271
f 2344 2271 2345
f 2345 2271 2270
f 2345 2270 2346
f 2346 2270 2532
f 2346 2532 2347
f 2347 2532 2530
f 2347 2530 2348
f 2348 2530 2320
f 2348 2320 2319
f 2270 2269 2532
f 2532 2269 2268
f 2532 2268 2267
f 2267 2266 2532
f 2532 2266 2265
f 2532 2265 2264
f 2264 2263 2532
f 2532 2263 2262
f 2532 2262 2261
f 2261 2260 2532
f 2281 2529 2282
f 2282 2529 2531
f 2282 2531 2283
f 2306 2362 2281
f 2281 2362 2361
f 2281 2361 2529
f 2529 2361 2360
f 2529 2360 2359
f 2362 2306 2363
f 2363 2306 2305
f 2363 2305 2364
f 2364 2305 2304
f 2364 2304 2365
f 2365 2304 2303
f 2365 2303 2486
f 2486 2303 2487
f 2487 2303 2302
f 2487 2302 2488
f 2488 2302 2301
f 2488 2301 2489
f 2489 2301 2300
f 2489 2300 2490
f 2490 2300 2299
f 2490 2299 2298
f 2490 2298 2491
f 2491 2298 2297
f 2491 2297 2296
f 2491 2296 2492
f 2492 2296 2295
f 2492 2295 2465
f 2465 2295 2514
f 2465 2514 2466
f 2466 2514 2513
f 2466 2513 2427
f 2427 2513 2444
f 2427 2444 2428
f 2428 2444 2443
f 2428 2443 2429
f 2429 2443 2442
f 2429 2442 2430
f 2430 2442 2441
f 2430 2441 2431
f 2431 2441 2440
f 2431 2440 2432
f 2432 2440 2439
f 2432 2439 2433
f 2433 2439 2456
f 2433 2456 2434
f 2434 2456 2455
f 2434 2455 2435
f 2435 2455 2454
f 2295 2294 2514
f 2514 2294 2515
f 2515 2294 2293
f 2515 2293 2516
f 2516 2293 2292
f 2516 2292 2291
f 2516 2291 2517
f 2517 2291 2290
f 2517 2290 2289
f 2517 2289 2518
f 2518 2289 2288
f 2518 2288 2519
f 2519 2288 2287
f 2519 2287 2520
f 2520 2287 2521
f 2307 2401 2308
f 2308 2401 2500
f 2308 2500 2309
f 2309 2500 2499
f 2309 2499 2310
f 2310 2499 2311
f 2311 2499 2498
f 2311 2498 2312
f 2312 2498 2497
f 2312 2497 2313
f 2313 2497 2496
f 2313 2496 2314
f 2314 2496 2495
f 2314 2495 2315
f 2315 2495 2494
f 2315 2494 2316
f 2316 2494 2493
f 2316 2493 2352
f 2352 2493 2510
f 2352 2510 2353
f 2353 2510 2509
f 2353 2509 2354
f 2354 2509 2508
f 2354 2508 2355
f 2355 2508 2507
f 2355 2507 2356
f 2356 2507 2357
f 2357 2507 2506
f 2357 2506 2358
f 2358 2506 2333
f 2333 2506 2505
f 2333 2505 2334
f 2334 2505 2492
f 2334 2492 2465
f 2401 2307 2402
f 2402 2307 2332
f 2402 2332 2385
f 2385 2332 2331
f 2385 2331 2386
f 2386 2331 2330
f 2386 2330 2387
f 2387 2330 2530
f 2387 2530 2388
f 2388 2530 2389
f 2389 2530 2390
f 2390 2530 2391
f 2391 2530 2529
f 2391 2529 2408
f 2408 2529 2409
f 2409 2529 2410
f 2410 2529 2411
f 2411 2529 2412
f 2412 2529 2377
f 2412 2377 2413
f 2413 2377 2376
f 2413 2376 2414
f 2414 2376 2375
f 2414 2375 2415
f 2415 2375 2374
f 2415 2374 2416
f 2416 2374 2373
f 2416 2373 2479
f 2479 2373 2372
f 2479 2372 2480
f 2480 2372 2371
f 2480 2371 2370
f 2330 2329 2530
f 2530 2329 2328
f 2530 2328 2327
f 2327 2326 2530
f 2530 2326 2325
f 2530 2325 2324
f 2324 2323 2530
f 2530 2323 2322
f 2530 2322 2321
f 2321 2320 2530
f 2348 2319 2349
f 2349 2319 2318
f 2349 2318 2350
f 2350 2318 2317
f 2350 2317 2351
f 2351 2317 2316
f 2351 2316 2352
f 2462 2338 2463
f 2463 2338 2337
f 2463 2337 2336
f 2463 2336 2464
f 2464 2336 2335
f 2464 2335 2465
f 2465 2335 2334
f 2359 2384 2529
f 2529 2384 2383
f 2529 2383 2382
f 2382 2381 2529
f 2529 2381 2380
f 2529 2380 2379
f 2379 2378 2529
f 2529 2378 2377
f 2480 2370 2481
f 2481 2370 2369
f 2481 2369 2482
f 2482 2369 2368
f 2482 2368 2483
f 2483 2368 2367
f 2483 2367 2484
f 2484 2367 2366
f 2484 2366 2485
f 2485 2366 2365
f 2485 2365 2486
f 2500 2401 2501
f 2501 2401 2400
f 2501 2400 2502
f 2502 2400 2399
f 2502 2399 2503
f 2503 2399 2504
f 2504 2399 2418
f 2504 2418 2475
f 2475 2418 2476
f 2476 2418 2477
f 2477 2418 2417
f 2477 2417 2478
f 2478 2417 2416
f 2478 2416 2479
f 2418 2399 2419
f 2419 2399 2398
f 2419 2398 2420
f 2420 2398 2397
f 2420 2397 2403
f 2403 2397 2396
f 2403 2396 2404
f 2404 2396 2395
f 2404 2395 2405
f 2405 2395 2394
f 2405 2394 2406
f 2406 2394 2393
f 2406 2393 2407
f 2407 2393 2392
f 2407 2392 2408
f 2408 2392 2391
f 2426 2468 2427
f 2427 2468 2467
f 2427 2467 2466
f 2425 2470 2426
f 2426 2470 2469
f 2426 2469 2468
f 2446 2445 2527
f 2527 2445 2528
f 2528 2445 2511
f 2511 2445 2444
f 2511 2444 2512
f 2512 2444 2513
f 2504 2475 2505
f 2505 2475 2492

