# https://github.com/mikedh/trimesh
v -200.00000000 120.00000000 152.00000000
v -200.00000000 135.00000000 152.00000000
v -200.00000000 120.00000000 140.00000000
v -200.00000000 135.00000000 130.00000000
v -200.00000000 10.00000000 130.00000000
v -200.00000000 25.00000000 140.00000000
v -200.00000000 10.00000000 152.00000000
v -200.00000000 25.00000000 152.00000000
v -200.00000000 10.00000000 130.00000000
v -200.00000000 10.00000000 152.00000000
v -196.53918457 10.00000000 135.63755798
v -196.17803955 10.00000000 136.17803955
v -195.63755798 10.00000000 136.53918457
v -20.00000000 10.00000000 130.00000000
v -194.36244202 10.00000000 133.46081543
v -195.00000000 10.00000000 133.33399963
v -195.63755798 10.00000000 133.46081543
v -20.00000000 10.00000000 152.00000000
v -23.46081734 10.00000000 135.63755798
v -23.33399963 10.00000000 135.00000000
v -23.46081734 10.00000000 134.36244202
v -25.00000000 10.00000000 136.66600037
v -24.36244965 10.00000000 136.53918457
v -23.82196045 10.00000000 136.17803955
v -196.53918457 10.00000000 134.36244202
v -196.66600037 10.00000000 135.00000000
v -195.00000000 10.00000000 136.66600037
v -25.63755035 10.00000000 136.53918457
v -194.36244202 10.00000000 136.53918457
v -26.17803955 10.00000000 136.17803955
v -193.82196045 10.00000000 136.17803955
v -26.53918266 10.00000000 135.63755798
v -193.46081543 10.00000000 135.63755798
v -26.66600037 10.00000000 135.00000000
v -193.33399963 10.00000000 135.00000000
v -26.53918266 10.00000000 134.36244202
v -193.46081543 10.00000000 134.36244202
v -26.17803955 10.00000000 133.82196045
v -193.82196045 10.00000000 133.82196045
v -25.63755035 10.00000000 133.46081543
v -196.17803955 10.00000000 133.82196045
v -23.82196045 10.00000000 133.82196045
v -24.36244965 10.00000000 133.46081543
v -25.00000000 10.00000000 133.33399963
v -200.00000000 10.00000000 152.00000000
v -200.00000000 25.00000000 152.00000000
v -20.00000000 10.00000000 152.00000000
v -20.00000000 25.00000000 152.00000000
v -200.00000000 25.00000000 140.00000000
v -200.00000000 25.00000000 152.00000000
v -20.00000000 25.00000000 152.00000000
v -20.00000000 25.00000000 140.00000000
v -155.86357117 70.28800964 132.00000000
v -155.86357117 70.28800964 130.00000000
v -156.00000000 72.50000000 132.00000000
v -156.00000000 72.50000000 130.00000000
v -155.86357117 74.71199036 132.00000000
v -155.86357117 74.71199036 130.00000000
v -155.45634460 76.89044952 132.00000000
v -155.45634460 76.89044952 130.00000000
v -154.78450012 79.00234985 132.00000000
v -154.78450012 79.00234985 130.00000000
v -153.85821533 81.01568604 132.00000000
v -153.85821533 81.01568604 130.00000000
v -152.69154358 82.89992523 132.00000000
v -152.69154358 82.89992523 130.00000000
v -151.30215454 84.62651825 132.00000000
v -151.30215454 84.62651825 130.00000000
v -149.71113586 86.16928864 132.00000000
v -149.71113586 86.16928864 130.00000000
v -147.94256592 87.50484467 132.00000000
v -147.94256592 87.50484467 130.00000000
v -146.02328491 88.61293793 132.00000000
v -146.02328491 88.61293793 130.00000000
v -143.98239136 89.47677612 132.00000000
v -143.98239136 89.47677612 130.00000000
v -141.85079956 90.08326721 132.00000000
v -141.85079956 90.08326721 130.00000000
v -139.66082764 90.42321777 132.00000000
v -139.66082764 90.42321777 130.00000000
v -137.44569397 90.49146271 132.00000000
v -137.44569397 90.49146271 130.00000000
v -135.23895264 90.28697968 132.00000000
v -135.23895264 90.28697968 130.00000000
v -133.07406616 89.81285858 132.00000000
v -133.07406616 89.81285858 130.00000000
v -130.98385620 89.07630157 132.00000000
v -130.98385620 89.07630157 130.00000000
v -129.00000000 88.08845520 132.00000000
v -129.00000000 88.08845520 130.00000000
v -127.15258026 86.86431122 132.00000000
v -127.15258026 86.86431122 130.00000000
v -125.46958923 85.42241669 132.00000000
v -125.46958923 85.42241669 130.00000000
v -123.97654724 83.78462982 132.00000000
v -123.97654724 83.78462982 130.00000000
v -122.69609070 81.97577667 132.00000000
v -122.69609070 81.97577667 130.00000000
v -121.64762878 80.02328491 132.00000000
v -121.64762878 80.02328491 130.00000000
v -120.84704590 77.95674896 132.00000000
v -120.84704590 77.95674896 130.00000000
v -120.30648041 75.80749512 132.00000000
v -120.30648041 75.80749512 130.00000000
v -120.03414154 73.60809326 132.00000000
v -120.03414154 73.60809326 130.00000000
v -120.03414154 71.39190674 132.00000000
v -120.03414154 71.39190674 130.00000000
v -120.30648041 69.19250488 132.00000000
v -120.30648041 69.19250488 130.00000000
v -120.84704590 67.04325104 132.00000000
v -120.84704590 67.04325104 130.00000000
v -121.64762878 64.97671509 132.00000000
v -121.64762878 64.97671509 130.00000000
v -122.69609070 63.02421951 132.00000000
v -122.69609070 63.02421951 130.00000000
v -123.97654724 61.21537018 132.00000000
v -123.97654724 61.21537018 130.00000000
v -125.46958923 59.57758713 132.00000000
v -125.46958923 59.57758713 130.00000000
v -127.15258026 58.13568878 132.00000000
v -127.15258026 58.13568878 130.00000000
v -129.00000000 56.91154099 132.00000000
v -129.00000000 56.91154099 130.00000000
v -130.98385620 55.92370224 132.00000000
v -130.98385620 55.92370224 130.00000000
v -133.07406616 55.18713760 132.00000000
v -133.07406616 55.18713760 130.00000000
v -135.23895264 54.71302032 132.00000000
v -135.23895264 54.71302032 130.00000000
v -137.44569397 54.50853729 132.00000000
v -137.44569397 54.50853729 130.00000000
v -139.66082764 54.57678604 132.00000000
v -139.66082764 54.57678604 130.00000000
v -141.85079956 54.91672897 132.00000000
v -141.85079956 54.91672897 130.00000000
v -143.98239136 55.52322006 132.00000000
v -143.98239136 55.52322006 130.00000000
v -146.02328491 56.38706207 132.00000000
v -146.02328491 56.38706207 130.00000000
v -147.94256592 57.49515533 132.00000000
v -147.94256592 57.49515533 130.00000000
v -149.71113586 58.83071136 132.00000000
v -149.71113586 58.83071136 130.00000000
v -151.30215454 60.37347794 132.00000000
v -151.30215454 60.37347794 130.00000000
v -152.69154358 62.10007095 132.00000000
v -152.69154358 62.10007095 130.00000000
v -153.85821533 63.98431778 132.00000000
v -153.85821533 63.98431778 130.00000000
v -154.78450012 65.99765015 132.00000000
v -154.78450012 65.99765015 130.00000000
v -155.45634460 68.10955048 132.00000000
v -155.45634460 68.10955048 130.00000000
v -155.86357117 70.28800964 132.00000000
v -156.00000000 72.50000000 132.00000000
v -155.86357117 74.71199036 132.00000000
v -155.45634460 76.89044952 132.00000000
v -154.78450012 79.00234985 132.00000000
v -153.85821533 81.01568604 132.00000000
v -152.69154358 82.89992523 132.00000000
v -151.30215454 84.62651825 132.00000000
v -149.71113586 86.16928864 132.00000000
v -147.94256592 87.50484467 132.00000000
v -146.02328491 88.61293793 132.00000000
v -143.98239136 89.47677612 132.00000000
v -141.85079956 90.08326721 132.00000000
v -139.66082764 90.42321777 132.00000000
v -137.44569397 90.49146271 132.00000000
v -135.23895264 90.28697968 132.00000000
v -133.07406616 89.81285858 132.00000000
v -130.98385620 89.07630157 132.00000000
v -129.00000000 88.08845520 132.00000000
v -127.15258026 86.86431122 132.00000000
v -125.46958923 85.42241669 132.00000000
v -123.97654724 83.78462982 132.00000000
v -122.69609070 81.97577667 132.00000000
v -121.64762878 80.02328491 132.00000000
v -120.84704590 77.95674896 132.00000000
v -120.30648041 75.80749512 132.00000000
v -120.03414154 73.60809326 132.00000000
v -120.03414154 71.39190674 132.00000000
v -120.30648041 69.19250488 132.00000000
v -120.84704590 67.04325104 132.00000000
v -121.64762878 64.97671509 132.00000000
v -122.69609070 63.02421951 132.00000000
v -123.97654724 61.21537018 132.00000000
v -125.46958923 59.57758713 132.00000000
v -127.15258026 58.13568878 132.00000000
v -129.00000000 56.91154099 132.00000000
v -130.98385620 55.92370224 132.00000000
v -133.07406616 55.18713760 132.00000000
v -135.23895264 54.71302032 132.00000000
v -137.44569397 54.50853729 132.00000000
v -139.66082764 54.57678604 132.00000000
v -141.85079956 54.91672897 132.00000000
v -143.98239136 55.52322006 132.00000000
v -146.02328491 56.38706207 132.00000000
v -147.94256592 57.49515533 132.00000000
v -149.71113586 58.83071136 132.00000000
v -151.30215454 60.37347794 132.00000000
v -152.69154358 62.10007095 132.00000000
v -153.85821533 63.98431778 132.00000000
v -154.78450012 65.99765015 132.00000000
v -155.45634460 68.10955048 132.00000000
v -143.86888123 71.25253296 132.00000000
v -144.00000000 72.50000000 132.00000000
v -143.48127747 70.05957794 132.00000000
v -142.85409546 68.97328949 132.00000000
v -142.01478577 68.04113007 132.00000000
v -141.00000000 67.30384827 132.00000000
v -139.85409546 66.79366302 132.00000000
v -138.62716675 66.53286743 132.00000000
v -137.37283325 66.53286743 132.00000000
v -136.14590454 66.79366302 132.00000000
v -135.00000000 67.30384827 132.00000000
v -133.98521423 68.04113007 132.00000000
v -133.14590454 68.97328949 132.00000000
v -132.51872253 70.05957794 132.00000000
v -132.13111877 71.25253296 132.00000000
v -132.00000000 72.50000000 132.00000000
v -132.13111877 73.74746704 132.00000000
v -132.51872253 74.94042206 132.00000000
v -133.14590454 76.02671051 132.00000000
v -133.98521423 76.95886993 132.00000000
v -135.00000000 77.69615173 132.00000000
v -136.14590454 78.20633698 132.00000000
v -137.37283325 78.46713257 132.00000000
v -138.62716675 78.46713257 132.00000000
v -139.85409546 78.20633698 132.00000000
v -141.00000000 77.69615173 132.00000000
v -142.01478577 76.95886993 132.00000000
v -142.85409546 76.02671051 132.00000000
v -143.48127747 74.94042206 132.00000000
v -143.86888123 73.74746704 132.00000000
v -108.13477325 96.34692383 140.00000000
v -108.00000000 97.50000000 140.00000000
v -108.13477325 98.65307617 140.00000000
v -108.53183746 99.74399567 140.00000000
v -109.16977692 100.71393585 140.00000000
v -110.01420593 101.51061249 140.00000000
v -111.01959991 102.09107971 140.00000000
v -112.13175964 102.42404175 140.00000000
v -113.29072571 102.49153900 140.00000000
v -114.43401337 102.28994751 140.00000000
v -108.53183746 95.25600433 140.00000000
v -109.16977692 94.28606415 140.00000000
v -110.01420593 93.48938751 140.00000000
v -111.01959991 92.90892029 140.00000000
v -112.13175964 92.57595825 140.00000000
v -113.29072571 92.50846100 140.00000000
v -114.43401337 92.71005249 140.00000000
v -115.50000000 93.16987610 140.00000000
v -116.43120575 93.86312866 140.00000000
v -117.17743683 94.75245667 140.00000000
v -117.69846344 95.78990173 140.00000000
v -117.96619415 96.91953278 140.00000000
v -117.96619415 98.08046722 140.00000000
v -117.69846344 99.21009827 140.00000000
v -117.17743683 100.24754333 140.00000000
v -116.43120575 101.13687134 140.00000000
v -115.50000000 101.83012390 140.00000000
v -108.13477325 96.34692383 134.00000000
v -108.00000000 97.50000000 134.00000000
v -108.13477325 98.65307617 134.00000000
v -108.53183746 99.74399567 134.00000000
v -109.16977692 100.71393585 134.00000000
v -110.01420593 101.51061249 134.00000000
v -111.01959991 102.09107971 134.00000000
v -112.13175964 102.42404175 134.00000000
v -113.29072571 102.49153900 134.00000000
v -114.43401337 102.28994751 134.00000000
v -115.50000000 101.83012390 134.00000000
v -116.43120575 101.13687134 134.00000000
v -117.17743683 100.24754333 134.00000000
v -117.69846344 99.21009827 134.00000000
v -117.96619415 98.08046722 134.00000000
v -117.96619415 96.91953278 134.00000000
v -117.69846344 95.78990173 134.00000000
v -117.17743683 94.75245667 134.00000000
v -116.43120575 93.86312866 134.00000000
v -115.50000000 93.16987610 134.00000000
v -114.43401337 92.71005249 134.00000000
v -113.29072571 92.50846100 134.00000000
v -112.13175964 92.57595825 134.00000000
v -111.01959991 92.90892029 134.00000000
v -110.01420593 93.48938751 134.00000000
v -109.16977692 94.28606415 134.00000000
v -108.53183746 95.25600433 134.00000000
v -108.13477325 96.34692383 134.00000000
v -108.00000000 97.50000000 134.00000000
v -108.13477325 98.65307617 134.00000000
v -108.53183746 99.74399567 134.00000000
v -109.16977692 100.71393585 134.00000000
v -110.01420593 101.51061249 134.00000000
v -111.01959991 102.09107971 134.00000000
v -112.13175964 102.42404175 134.00000000
v -113.29072571 102.49153900 134.00000000
v -114.43401337 102.28994751 134.00000000
v -115.50000000 101.83012390 134.00000000
v -116.43120575 101.13687134 134.00000000
v -117.17743683 100.24754333 134.00000000
v -117.69846344 99.21009827 134.00000000
v -117.96619415 98.08046722 134.00000000
v -117.96619415 96.91953278 134.00000000
v -117.69846344 95.78990173 134.00000000
v -117.17743683 94.75245667 134.00000000
v -116.43120575 93.86312866 134.00000000
v -115.50000000 93.16987610 134.00000000
v -114.43401337 92.71005249 134.00000000
v -113.29072571 92.50846100 134.00000000
v -112.13175964 92.57595825 134.00000000
v -111.01959991 92.90892029 134.00000000
v -110.01420593 93.48938751 134.00000000
v -109.16977692 94.28606415 134.00000000
v -108.53183746 95.25600433 134.00000000
v -114.98932648 98.22406006 134.00000000
v -115.11699677 97.50000000 134.00000000
v -114.98932648 96.77593994 134.00000000
v -114.62171936 98.86077881 134.00000000
v -114.05850220 99.33337402 134.00000000
v -113.36761475 99.58483887 134.00000000
v -112.63238525 99.58483887 134.00000000
v -111.94149780 99.33337402 134.00000000
v -111.37828064 98.86077881 134.00000000
v -111.01067352 98.22406006 134.00000000
v -110.88300323 97.50000000 134.00000000
v -111.01067352 96.77593994 134.00000000
v -111.37828064 96.13922119 134.00000000
v -111.94149780 95.66662598 134.00000000
v -112.63238525 95.41516113 134.00000000
v -113.36761475 95.41516113 134.00000000
v -114.05850220 95.66662598 134.00000000
v -114.62171936 96.13922119 134.00000000
v -162.13175964 102.42404175 140.00000000
v -161.01960754 102.09107971 140.00000000
v -158.00000000 97.50000000 140.00000000
v -158.13478088 96.34692383 140.00000000
v -158.53182983 95.25600433 140.00000000
v -159.16978455 94.28606415 140.00000000
v -160.01420593 93.48938751 140.00000000
v -158.13478088 98.65307617 140.00000000
v -158.53182983 99.74399567 140.00000000
v -159.16978455 100.71393585 140.00000000
v -160.01420593 101.51061249 140.00000000
v -161.01960754 92.90892029 140.00000000
v -162.13175964 92.57595825 140.00000000
v -163.29072571 92.50846100 140.00000000
v -164.43402100 92.71005249 140.00000000
v -165.50000000 93.16987610 140.00000000
v -166.43121338 93.86312866 140.00000000
v -167.17744446 94.75245667 140.00000000
v -167.69845581 95.78990173 140.00000000
v -167.96618652 96.91953278 140.00000000
v -167.96618652 98.08046722 140.00000000
v -167.69845581 99.21009827 140.00000000
v -167.17744446 100.24754333 140.00000000
v -166.43121338 101.13687134 140.00000000
v -165.50000000 101.83012390 140.00000000
v -164.43402100 102.28994751 140.00000000
v -163.29072571 102.49153900 140.00000000
v -158.13478088 96.34692383 134.00000000
v -158.00000000 97.50000000 134.00000000
v -158.13478088 98.65307617 134.00000000
v -158.53182983 99.74399567 134.00000000
v -159.16978455 100.71393585 134.00000000
v -160.01420593 101.51061249 134.00000000
v -161.01960754 102.09107971 134.00000000
v -162.13175964 102.42404175 134.00000000
v -163.29072571 102.49153900 134.00000000
v -164.43402100 102.28994751 134.00000000
v -165.50000000 101.83012390 134.00000000
v -166.43121338 101.13687134 134.00000000
v -167.17744446 100.24754333 134.00000000
v -167.69845581 99.21009827 134.00000000
v -167.96618652 98.08046722 134.00000000
v -167.96618652 96.91953278 134.00000000
v -167.69845581 95.78990173 134.00000000
v -167.17744446 94.75245667 134.00000000
v -166.43121338 93.86312866 134.00000000
v -165.50000000 93.16987610 134.00000000
v -164.43402100 92.71005249 134.00000000
v -163.29072571 92.50846100 134.00000000
v -162.13175964 92.57595825 134.00000000
v -161.01960754 92.90892029 134.00000000
v -160.01420593 93.48938751 134.00000000
v -159.16978455 94.28606415 134.00000000
v -158.53182983 95.25600433 134.00000000
v -158.13478088 96.34692383 134.00000000
v -158.00000000 97.50000000 134.00000000
v -158.13478088 98.65307617 134.00000000
v -158.53182983 99.74399567 134.00000000
v -159.16978455 100.71393585 134.00000000
v -160.01420593 101.51061249 134.00000000
v -161.01960754 102.09107971 134.00000000
v -162.13175964 102.42404175 134.00000000
v -163.29072571 102.49153900 134.00000000
v -164.43402100 102.28994751 134.00000000
v -165.50000000 101.83012390 134.00000000
v -166.43121338 101.13687134 134.00000000
v -167.17744446 100.24754333 134.00000000
v -167.69845581 99.21009827 134.00000000
v -167.96618652 98.08046722 134.00000000
v -167.96618652 96.91953278 134.00000000
v -167.69845581 95.78990173 134.00000000
v -167.17744446 94.75245667 134.00000000
v -166.43121338 93.86312866 134.00000000
v -165.50000000 93.16987610 134.00000000
v -164.43402100 92.71005249 134.00000000
v -163.29072571 92.50846100 134.00000000
v -162.13175964 92.57595825 134.00000000
v -161.01960754 92.90892029 134.00000000
v -160.01420593 93.48938751 134.00000000
v -159.16978455 94.28606415 134.00000000
v -158.53182983 95.25600433 134.00000000
v -164.98933411 98.22406006 134.00000000
v -165.11700439 97.50000000 134.00000000
v -164.98933411 96.77593994 134.00000000
v -164.62171936 98.86077881 134.00000000
v -164.05850220 99.33337402 134.00000000
v -163.36761475 99.58483887 134.00000000
v -162.63238525 99.58483887 134.00000000
v -161.94149780 99.33337402 134.00000000
v -161.37828064 98.86077881 134.00000000
v -161.01066589 98.22406006 134.00000000
v -160.88299561 97.50000000 134.00000000
v -161.01066589 96.77593994 134.00000000
v -161.37828064 96.13922119 134.00000000
v -161.94149780 95.66662598 134.00000000
v -162.63238525 95.41516113 134.00000000
v -163.36761475 95.41516113 134.00000000
v -164.05850220 95.66662598 134.00000000
v -164.62171936 96.13922119 134.00000000
v -110.01420593 51.51061630 140.00000000
v -111.01959991 52.09107971 140.00000000
v -108.13477325 46.34692001 140.00000000
v -108.00000000 47.50000000 140.00000000
v -108.13477325 48.65307999 140.00000000
v -108.53183746 49.74399567 140.00000000
v -109.16977692 50.71393967 140.00000000
v -108.53183746 45.25600433 140.00000000
v -109.16977692 44.28606033 140.00000000
v -110.01420593 43.48938370 140.00000000
v -111.01959991 42.90892029 140.00000000
v -112.13175964 42.57596207 140.00000000
v -113.29072571 42.50846100 140.00000000
v -114.43401337 42.71005249 140.00000000
v -115.50000000 43.16987228 140.00000000
v -116.43120575 43.86313248 140.00000000
v -117.17743683 44.75245667 140.00000000
v -117.69846344 45.78989792 140.00000000
v -117.96619415 46.91953659 140.00000000
v -117.96619415 48.08046341 140.00000000
v -117.69846344 49.21010208 140.00000000
v -117.17743683 50.24754333 140.00000000
v -116.43120575 51.13686752 140.00000000
v -115.50000000 51.83012772 140.00000000
v -114.43401337 52.28994751 140.00000000
v -113.29072571 52.49153900 140.00000000
v -112.13175964 52.42403793 140.00000000
v -108.13477325 46.34692001 134.00000000
v -108.00000000 47.50000000 134.00000000
v -108.13477325 48.65307999 134.00000000
v -108.53183746 49.74399567 134.00000000
v -109.16977692 50.71393967 134.00000000
v -110.01420593 51.51061630 134.00000000
v -111.01959991 52.09107971 134.00000000
v -112.13175964 52.42403793 134.00000000
v -113.29072571 52.49153900 134.00000000
v -114.43401337 52.28994751 134.00000000
v -115.50000000 51.83012772 134.00000000
v -116.43120575 51.13686752 134.00000000
v -117.17743683 50.24754333 134.00000000
v -117.69846344 49.21010208 134.00000000
v -117.96619415 48.08046341 134.00000000
v -117.96619415 46.91953659 134.00000000
v -117.69846344 45.78989792 134.00000000
v -117.17743683 44.75245667 134.00000000
v -116.43120575 43.86313248 134.00000000
v -115.50000000 43.16987228 134.00000000
v -114.43401337 42.71005249 134.00000000
v -113.29072571 42.50846100 134.00000000
v -112.13175964 42.57596207 134.00000000
v -111.01959991 42.90892029 134.00000000
v -110.01420593 43.48938370 134.00000000
v -109.16977692 44.28606033 134.00000000
v -108.53183746 45.25600433 134.00000000
v -108.13477325 46.34692001 134.00000000
v -108.00000000 47.50000000 134.00000000
v -108.13477325 48.65307999 134.00000000
v -108.53183746 49.74399567 134.00000000
v -109.16977692 50.71393967 134.00000000
v -110.01420593 51.51061630 134.00000000
v -111.01959991 52.09107971 134.00000000
v -112.13175964 52.42403793 134.00000000
v -113.29072571 52.49153900 134.00000000
v -114.43401337 52.28994751 134.00000000
v -115.50000000 51.83012772 134.00000000
v -116.43120575 51.13686752 134.00000000
v -117.17743683 50.24754333 134.00000000
v -117.69846344 49.21010208 134.00000000
v -117.96619415 48.08046341 134.00000000
v -117.96619415 46.91953659 134.00000000
v -117.69846344 45.78989792 134.00000000
v -117.17743683 44.75245667 134.00000000
v -116.43120575 43.86313248 134.00000000
v -115.50000000 43.16987228 134.00000000
v -114.43401337 42.71005249 134.00000000
v -113.29072571 42.50846100 134.00000000
v -112.13175964 42.57596207 134.00000000
v -111.01959991 42.90892029 134.00000000
v -110.01420593 43.48938370 134.00000000
v -109.16977692 44.28606033 134.00000000
v -108.53183746 45.25600433 134.00000000
v -114.98932648 48.22405624 134.00000000
v -115.11699677 47.50000000 134.00000000
v -114.98932648 46.77594376 134.00000000
v -114.62171936 48.86078262 134.00000000
v -114.05850220 49.33337402 134.00000000
v -113.36761475 49.58483887 134.00000000
v -112.63238525 49.58483887 134.00000000
v -111.94149780 49.33337402 134.00000000
v -111.37828064 48.86078262 134.00000000
v -111.01067352 48.22405624 134.00000000
v -110.88300323 47.50000000 134.00000000
v -111.01067352 46.77594376 134.00000000
v -111.37828064 46.13921738 134.00000000
v -111.94149780 45.66662598 134.00000000
v -112.63238525 45.41516113 134.00000000
v -113.36761475 45.41516113 134.00000000
v -114.05850220 45.66662598 134.00000000
v -114.62171936 46.13921738 134.00000000
v -165.50000000 51.83012772 140.00000000
v -164.43402100 52.28994751 140.00000000
v -162.13175964 42.57596207 140.00000000
v -161.01960754 42.90892029 140.00000000
v -160.01420593 43.48938370 140.00000000
v -159.16978455 44.28606033 140.00000000
v -158.53182983 45.25600433 140.00000000
v -158.13478088 46.34692001 140.00000000
v -158.00000000 47.50000000 140.00000000
v -158.13478088 48.65307999 140.00000000
v -163.29072571 42.50846100 140.00000000
v -164.43402100 42.71005249 140.00000000
v -165.50000000 43.16987228 140.00000000
v -166.43121338 43.86313248 140.00000000
v -167.17744446 44.75245667 140.00000000
v -167.69845581 45.78989792 140.00000000
v -167.96618652 46.91953659 140.00000000
v -167.96618652 48.08046341 140.00000000
v -167.69845581 49.21010208 140.00000000
v -167.17744446 50.24754333 140.00000000
v -166.43121338 51.13686752 140.00000000
v -163.29072571 52.49153900 140.00000000
v -162.13175964 52.42403793 140.00000000
v -161.01960754 52.09107971 140.00000000
v -160.01420593 51.51061630 140.00000000
v -159.16978455 50.71393967 140.00000000
v -158.53182983 49.74399567 140.00000000
v -158.13478088 46.34692001 134.00000000
v -158.00000000 47.50000000 134.00000000
v -158.13478088 48.65307999 134.00000000
v -158.53182983 49.74399567 134.00000000
v -159.16978455 50.71393967 134.00000000
v -160.01420593 51.51061630 134.00000000
v -161.01960754 52.09107971 134.00000000
v -162.13175964 52.42403793 134.00000000
v -163.29072571 52.49153900 134.00000000
v -164.43402100 52.28994751 134.00000000
v -165.50000000 51.83012772 134.00000000
v -166.43121338 51.13686752 134.00000000
v -167.17744446 50.24754333 134.00000000
v -167.69845581 49.21010208 134.00000000
v -167.96618652 48.08046341 134.00000000
v -167.96618652 46.91953659 134.00000000
v -167.69845581 45.78989792 134.00000000
v -167.17744446 44.75245667 134.00000000
v -166.43121338 43.86313248 134.00000000
v -165.50000000 43.16987228 134.00000000
v -164.43402100 42.71005249 134.00000000
v -163.29072571 42.50846100 134.00000000
v -162.13175964 42.57596207 134.00000000
v -161.01960754 42.90892029 134.00000000
v -160.01420593 43.48938370 134.00000000
v -159.16978455 44.28606033 134.00000000
v -158.53182983 45.25600433 134.00000000
v -158.13478088 46.34692001 134.00000000
v -158.00000000 47.50000000 134.00000000
v -158.13478088 48.65307999 134.00000000
v -158.53182983 49.74399567 134.00000000
v -159.16978455 50.71393967 134.00000000
v -160.01420593 51.51061630 134.00000000
v -161.01960754 52.09107971 134.00000000
v -162.13175964 52.42403793 134.00000000
v -163.29072571 52.49153900 134.00000000
v -164.43402100 52.28994751 134.00000000
v -165.50000000 51.83012772 134.00000000
v -166.43121338 51.13686752 134.00000000
v -167.17744446 50.24754333 134.00000000
v -167.69845581 49.21010208 134.00000000
v -167.96618652 48.08046341 134.00000000
v -167.96618652 46.91953659 134.00000000
v -167.69845581 45.78989792 134.00000000
v -167.17744446 44.75245667 134.00000000
v -166.43121338 43.86313248 134.00000000
v -165.50000000 43.16987228 134.00000000
v -164.43402100 42.71005249 134.00000000
v -163.29072571 42.50846100 134.00000000
v -162.13175964 42.57596207 134.00000000
v -161.01960754 42.90892029 134.00000000
v -160.01420593 43.48938370 134.00000000
v -159.16978455 44.28606033 134.00000000
v -158.53182983 45.25600433 134.00000000
v -164.98933411 48.22405624 134.00000000
v -165.11700439 47.50000000 134.00000000
v -164.98933411 46.77594376 134.00000000
v -164.62171936 48.86078262 134.00000000
v -164.05850220 49.33337402 134.00000000
v -163.36761475 49.58483887 134.00000000
v -162.63238525 49.58483887 134.00000000
v -161.94149780 49.33337402 134.00000000
v -161.37828064 48.86078262 134.00000000
v -161.01066589 48.22405624 134.00000000
v -160.88299561 47.50000000 134.00000000
v -161.01066589 46.77594376 134.00000000
v -161.37828064 46.13921738 134.00000000
v -161.94149780 45.66662598 134.00000000
v -162.63238525 45.41516113 134.00000000
v -163.36761475 45.41516113 134.00000000
v -164.05850220 45.66662598 134.00000000
v -164.62171936 46.13921738 134.00000000
v -115.11699677 47.50000000 134.00000000
v -114.98932648 46.77594376 134.00000000
v -114.98932648 46.77594376 130.00000000
v -115.11699677 47.50000000 130.00000000
v -114.98932648 48.22405624 134.00000000
v -115.11699677 47.50000000 134.00000000
v -115.11699677 47.50000000 130.00000000
v -114.98932648 48.22405624 130.00000000
v -114.98932648 48.22405624 134.00000000
v -114.62171936 48.86078262 134.00000000
v -114.05850220 49.33337402 134.00000000
v -113.36761475 49.58483887 134.00000000
v -114.98932648 48.22405624 130.00000000
v -114.62171936 48.86078262 130.00000000
v -114.05850220 49.33337402 130.00000000
v -113.36761475 49.58483887 130.00000000
v -113.36761475 49.58483887 134.00000000
v -112.63238525 49.58483887 134.00000000
v -113.36761475 49.58483887 130.00000000
v -112.63238525 49.58483887 130.00000000
v -112.63238525 49.58483887 134.00000000
v -111.94149780 49.33337402 134.00000000
v -111.37828064 48.86078262 134.00000000
v -111.01067352 48.22405624 134.00000000
v -112.63238525 49.58483887 130.00000000
v -111.94149780 49.33337402 130.00000000
v -111.37828064 48.86078262 130.00000000
v -111.01067352 48.22405624 130.00000000
v -111.01067352 48.22405624 134.00000000
v -110.88300323 47.50000000 134.00000000
v -111.01067352 48.22405624 130.00000000
v -110.88300323 47.50000000 130.00000000
v -110.88300323 47.50000000 134.00000000
v -111.01067352 46.77594376 134.00000000
v -110.88300323 47.50000000 130.00000000
v -111.01067352 46.77594376 130.00000000
v -111.01067352 46.77594376 134.00000000
v -111.37828064 46.13921738 134.00000000
v -111.94149780 45.66662598 134.00000000
v -112.63238525 45.41516113 134.00000000
v -111.01067352 46.77594376 130.00000000
v -111.37828064 46.13921738 130.00000000
v -111.94149780 45.66662598 130.00000000
v -112.63238525 45.41516113 130.00000000
v -112.63238525 45.41516113 134.00000000
v -113.36761475 45.41516113 134.00000000
v -112.63238525 45.41516113 130.00000000
v -113.36761475 45.41516113 130.00000000
v -114.98932648 46.77594376 134.00000000
v -113.36761475 45.41516113 134.00000000
v -114.05850220 45.66662598 134.00000000
v -114.62171936 46.13921738 134.00000000
v -114.98932648 46.77594376 130.00000000
v -113.36761475 45.41516113 130.00000000
v -114.05850220 45.66662598 130.00000000
v -114.62171936 46.13921738 130.00000000
v -165.11700439 47.50000000 134.00000000
v -164.98933411 46.77594376 134.00000000
v -164.98933411 46.77594376 130.00000000
v -165.11700439 47.50000000 130.00000000
v -164.98933411 48.22405624 134.00000000
v -165.11700439 47.50000000 134.00000000
v -165.11700439 47.50000000 130.00000000
v -164.98933411 48.22405624 130.00000000
v -164.98933411 48.22405624 134.00000000
v -164.62171936 48.86078262 134.00000000
v -164.05850220 49.33337402 134.00000000
v -163.36761475 49.58483887 134.00000000
v -164.98933411 48.22405624 130.00000000
v -164.62171936 48.86078262 130.00000000
v -164.05850220 49.33337402 130.00000000
v -163.36761475 49.58483887 130.00000000
v -163.36761475 49.58483887 134.00000000
v -162.63238525 49.58483887 134.00000000
v -163.36761475 49.58483887 130.00000000
v -162.63238525 49.58483887 130.00000000
v -162.63238525 49.58483887 134.00000000
v -161.94149780 49.33337402 134.00000000
v -161.37828064 48.86078262 134.00000000
v -161.01066589 48.22405624 134.00000000
v -162.63238525 49.58483887 130.00000000
v -161.94149780 49.33337402 130.00000000
v -161.37828064 48.86078262 130.00000000
v -161.01066589 48.22405624 130.00000000
v -161.01066589 48.22405624 134.00000000
v -160.88299561 47.50000000 134.00000000
v -161.01066589 48.22405624 130.00000000
v -160.88299561 47.50000000 130.00000000
v -160.88299561 47.50000000 134.00000000
v -161.01066589 46.77594376 134.00000000
v -160.88299561 47.50000000 130.00000000
v -161.01066589 46.77594376 130.00000000
v -161.01066589 46.77594376 134.00000000
v -161.37828064 46.13921738 134.00000000
v -161.94149780 45.66662598 134.00000000
v -162.63238525 45.41516113 134.00000000
v -161.01066589 46.77594376 130.00000000
v -161.37828064 46.13921738 130.00000000
v -161.94149780 45.66662598 130.00000000
v -162.63238525 45.41516113 130.00000000
v -162.63238525 45.41516113 134.00000000
v -163.36761475 45.41516113 134.00000000
v -162.63238525 45.41516113 130.00000000
v -163.36761475 45.41516113 130.00000000
v -164.98933411 46.77594376 134.00000000
v -163.36761475 45.41516113 134.00000000
v -164.05850220 45.66662598 134.00000000
v -164.62171936 46.13921738 134.00000000
v -164.98933411 46.77594376 130.00000000
v -163.36761475 45.41516113 130.00000000
v -164.05850220 45.66662598 130.00000000
v -164.62171936 46.13921738 130.00000000
v -165.11700439 97.50000000 134.00000000
v -164.98933411 96.77593994 134.00000000
v -164.98933411 96.77593994 130.00000000
v -165.11700439 97.50000000 130.00000000
v -164.98933411 98.22406006 134.00000000
v -165.11700439 97.50000000 134.00000000
v -165.11700439 97.50000000 130.00000000
v -164.98933411 98.22406006 130.00000000
v -164.98933411 98.22406006 134.00000000
v -164.62171936 98.86077881 134.00000000
v -164.05850220 99.33337402 134.00000000
v -163.36761475 99.58483887 134.00000000
v -164.98933411 98.22406006 130.00000000
v -164.62171936 98.86077881 130.00000000
v -164.05850220 99.33337402 130.00000000
v -163.36761475 99.58483887 130.00000000
v -163.36761475 99.58483887 134.00000000
v -162.63238525 99.58483887 134.00000000
v -163.36761475 99.58483887 130.00000000
v -162.63238525 99.58483887 130.00000000
v -162.63238525 99.58483887 134.00000000
v -161.94149780 99.33337402 134.00000000
v -161.37828064 98.86077881 134.00000000
v -161.01066589 98.22406006 134.00000000
v -162.63238525 99.58483887 130.00000000
v -161.94149780 99.33337402 130.00000000
v -161.37828064 98.86077881 130.00000000
v -161.01066589 98.22406006 130.00000000
v -161.01066589 98.22406006 134.00000000
v -160.88299561 97.50000000 134.00000000
v -161.01066589 98.22406006 130.00000000
v -160.88299561 97.50000000 130.00000000
v -160.88299561 97.50000000 134.00000000
v -161.01066589 96.77593994 134.00000000
v -160.88299561 97.50000000 130.00000000
v -161.01066589 96.77593994 130.00000000
v -161.01066589 96.77593994 134.00000000
v -161.37828064 96.13922119 134.00000000
v -161.94149780 95.66662598 134.00000000
v -162.63238525 95.41516113 134.00000000
v -161.01066589 96.77593994 130.00000000
v -161.37828064 96.13922119 130.00000000
v -161.94149780 95.66662598 130.00000000
v -162.63238525 95.41516113 130.00000000
v -162.63238525 95.41516113 134.00000000
v -163.36761475 95.41516113 134.00000000
v -162.63238525 95.41516113 130.00000000
v -163.36761475 95.41516113 130.00000000
v -164.98933411 96.77593994 134.00000000
v -163.36761475 95.41516113 134.00000000
v -164.05850220 95.66662598 134.00000000
v -164.62171936 96.13922119 134.00000000
v -164.98933411 96.77593994 130.00000000
v -163.36761475 95.41516113 130.00000000
v -164.05850220 95.66662598 130.00000000
v -164.62171936 96.13922119 130.00000000
v -115.11699677 97.50000000 134.00000000
v -114.98932648 96.77593994 134.00000000
v -114.98932648 96.77593994 130.00000000
v -115.11699677 97.50000000 130.00000000
v -114.98932648 98.22406006 134.00000000
v -115.11699677 97.50000000 134.00000000
v -115.11699677 97.50000000 130.00000000
v -114.98932648 98.22406006 130.00000000
v -114.98932648 98.22406006 134.00000000
v -114.62171936 98.86077881 134.00000000
v -114.05850220 99.33337402 134.00000000
v -113.36761475 99.58483887 134.00000000
v -114.98932648 98.22406006 130.00000000
v -114.62171936 98.86077881 130.00000000
v -114.05850220 99.33337402 130.00000000
v -113.36761475 99.58483887 130.00000000
v -113.36761475 99.58483887 134.00000000
v -112.63238525 99.58483887 134.00000000
v -113.36761475 99.58483887 130.00000000
v -112.63238525 99.58483887 130.00000000
v -112.63238525 99.58483887 134.00000000
v -111.94149780 99.33337402 134.00000000
v -111.37828064 98.86077881 134.00000000
v -111.01067352 98.22406006 134.00000000
v -112.63238525 99.58483887 130.00000000
v -111.94149780 99.33337402 130.00000000
v -111.37828064 98.86077881 130.00000000
v -111.01067352 98.22406006 130.00000000
v -111.01067352 98.22406006 134.00000000
v -110.88300323 97.50000000 134.00000000
v -111.01067352 98.22406006 130.00000000
v -110.88300323 97.50000000 130.00000000
v -110.88300323 97.50000000 134.00000000
v -111.01067352 96.77593994 134.00000000
v -110.88300323 97.50000000 130.00000000
v -111.01067352 96.77593994 130.00000000
v -111.01067352 96.77593994 134.00000000
v -111.37828064 96.13922119 134.00000000
v -111.94149780 95.66662598 134.00000000
v -112.63238525 95.41516113 134.00000000
v -111.01067352 96.77593994 130.00000000
v -111.37828064 96.13922119 130.00000000
v -111.94149780 95.66662598 130.00000000
v -112.63238525 95.41516113 130.00000000
v -112.63238525 95.41516113 134.00000000
v -113.36761475 95.41516113 134.00000000
v -112.63238525 95.41516113 130.00000000
v -113.36761475 95.41516113 130.00000000
v -114.98932648 96.77593994 134.00000000
v -113.36761475 95.41516113 134.00000000
v -114.05850220 95.66662598 134.00000000
v -114.62171936 96.13922119 134.00000000
v -114.98932648 96.77593994 130.00000000
v -113.36761475 95.41516113 130.00000000
v -114.05850220 95.66662598 130.00000000
v -114.62171936 96.13922119 130.00000000
v -126.00000000 72.50000000 140.00000000
v -126.13403320 74.28850555 140.00000000
v -126.53312683 76.03706360 140.00000000
v -127.18837738 77.70660400 140.00000000
v -128.08512878 79.25984192 140.00000000
v -129.20338440 80.66207123 140.00000000
v -130.51812744 81.88198090 140.00000000
v -132.00000000 82.89230347 140.00000000
v -133.61590576 83.67048645 140.00000000
v -135.32974243 84.19913483 140.00000000
v -137.10324097 84.46644592 140.00000000
v -138.89675903 84.46644592 140.00000000
v -140.67025757 84.19913483 140.00000000
v -142.38409424 83.67048645 140.00000000
v -144.00000000 82.89230347 140.00000000
v -145.48187256 81.88198090 140.00000000
v -146.79661560 80.66207123 140.00000000
v -147.91487122 79.25984192 140.00000000
v -148.81163025 77.70660400 140.00000000
v -149.46687317 76.03706360 140.00000000
v -149.86596680 74.28850555 140.00000000
v -150.00000000 72.50000000 140.00000000
v -149.86596680 70.71149445 140.00000000
v -137.10324097 60.53355408 140.00000000
v -138.89675903 60.53355408 140.00000000
v -135.32974243 60.80086517 140.00000000
v -133.61590576 61.32951355 140.00000000
v -132.00000000 62.10769653 140.00000000
v -130.51812744 63.11802292 140.00000000
v -129.20338440 64.33792877 140.00000000
v -128.08512878 65.74015808 140.00000000
v -127.18837738 67.29339600 140.00000000
v -126.53312683 68.96293640 140.00000000
v -126.13403320 70.71149445 140.00000000
v -148.81163025 67.29339600 140.00000000
v -149.46687317 68.96293640 140.00000000
v -146.79661560 64.33792877 140.00000000
v -147.91487122 65.74015808 140.00000000
v -144.00000000 62.10769653 140.00000000
v -145.48187256 63.11802292 140.00000000
v -142.38409424 61.32951355 140.00000000
v -140.67025757 60.80086517 140.00000000
v -126.13403320 70.71149445 134.00000000
v -126.00000000 72.50000000 134.00000000
v -126.13403320 74.28850555 134.00000000
v -126.53312683 76.03706360 134.00000000
v -127.18837738 77.70660400 134.00000000
v -128.08512878 79.25984192 134.00000000
v -129.20338440 80.66207123 134.00000000
v -130.51812744 81.88198090 134.00000000
v -132.00000000 82.89230347 134.00000000
v -133.61590576 83.67048645 134.00000000
v -135.32974243 84.19913483 134.00000000
v -137.10324097 84.46644592 134.00000000
v -138.89675903 84.46644592 134.00000000
v -140.67025757 84.19913483 134.00000000
v -142.38409424 83.67048645 134.00000000
v -144.00000000 82.89230347 134.00000000
v -145.48187256 81.88198090 134.00000000
v -146.79661560 80.66207123 134.00000000
v -147.91487122 79.25984192 134.00000000
v -148.81163025 77.70660400 134.00000000
v -149.46687317 76.03706360 134.00000000
v -149.86596680 74.28850555 134.00000000
v -150.00000000 72.50000000 134.00000000
v -149.86596680 70.71149445 134.00000000
v -149.46687317 68.96293640 134.00000000
v -148.81163025 67.29339600 134.00000000
v -147.91487122 65.74015808 134.00000000
v -146.79661560 64.33792877 134.00000000
v -145.48187256 63.11802292 134.00000000
v -144.00000000 62.10769653 134.00000000
v -142.38409424 61.32951355 134.00000000
v -140.67025757 60.80086517 134.00000000
v -138.89675903 60.53355408 134.00000000
v -137.10324097 60.53355408 134.00000000
v -135.32974243 60.80086517 134.00000000
v -133.61590576 61.32951355 134.00000000
v -132.00000000 62.10769653 134.00000000
v -130.51812744 63.11802292 134.00000000
v -129.20338440 64.33792877 134.00000000
v -128.08512878 65.74015808 134.00000000
v -127.18837738 67.29339600 134.00000000
v -126.53312683 68.96293640 134.00000000
v -126.13403320 70.71149445 134.00000000
v -126.00000000 72.50000000 134.00000000
v -126.13403320 74.28850555 134.00000000
v -126.53312683 76.03706360 134.00000000
v -127.18837738 77.70660400 134.00000000
v -128.08512878 79.25984192 134.00000000
v -129.20338440 80.66207123 134.00000000
v -130.51812744 81.88198090 134.00000000
v -132.00000000 82.89230347 134.00000000
v -133.61590576 83.67048645 134.00000000
v -135.32974243 84.19913483 134.00000000
v -137.10324097 84.46644592 134.00000000
v -138.89675903 84.46644592 134.00000000
v -140.67025757 84.19913483 134.00000000
v -142.38409424 83.67048645 134.00000000
v -144.00000000 82.89230347 134.00000000
v -145.48187256 81.88198090 134.00000000
v -146.79661560 80.66207123 134.00000000
v -147.91487122 79.25984192 134.00000000
v -148.81163025 77.70660400 134.00000000
v -149.46687317 76.03706360 134.00000000
v -149.86596680 74.28850555 134.00000000
v -150.00000000 72.50000000 134.00000000
v -149.86596680 70.71149445 134.00000000
v -149.46687317 68.96293640 134.00000000
v -148.81163025 67.29339600 134.00000000
v -147.91487122 65.74015808 134.00000000
v -146.79661560 64.33792877 134.00000000
v -145.48187256 63.11802292 134.00000000
v -144.00000000 62.10769653 134.00000000
v -142.38409424 61.32951355 134.00000000
v -140.67025757 60.80086517 134.00000000
v -138.89675903 60.53355408 134.00000000
v -137.10324097 60.53355408 134.00000000
v -135.32974243 60.80086517 134.00000000
v -133.61590576 61.32951355 134.00000000
v -132.00000000 62.10769653 134.00000000
v -130.51812744 63.11802292 134.00000000
v -129.20338440 64.33792877 134.00000000
v -128.08512878 65.74015808 134.00000000
v -127.18837738 67.29339600 134.00000000
v -126.53312683 68.96293640 134.00000000
v -132.13111877 71.25253296 134.00000000
v -132.00000000 72.50000000 134.00000000
v -132.51872253 70.05957794 134.00000000
v -133.14590454 68.97328949 134.00000000
v -133.98521423 68.04113007 134.00000000
v -135.00000000 67.30384827 134.00000000
v -136.14590454 66.79366302 134.00000000
v -137.37283325 66.53286743 134.00000000
v -138.62716675 66.53286743 134.00000000
v -139.85409546 66.79366302 134.00000000
v -141.00000000 67.30384827 134.00000000
v -142.01478577 68.04113007 134.00000000
v -142.85409546 68.97328949 134.00000000
v -143.48127747 70.05957794 134.00000000
v -143.86888123 71.25253296 134.00000000
v -144.00000000 72.50000000 134.00000000
v -143.86888123 73.74746704 134.00000000
v -143.48127747 74.94042206 134.00000000
v -142.85409546 76.02671051 134.00000000
v -142.01478577 76.95886993 134.00000000
v -141.00000000 77.69615173 134.00000000
v -139.85409546 78.20633698 134.00000000
v -138.62716675 78.46713257 134.00000000
v -137.37283325 78.46713257 134.00000000
v -136.14590454 78.20633698 134.00000000
v -135.00000000 77.69615173 134.00000000
v -133.98521423 76.95886993 134.00000000
v -133.14590454 76.02671051 134.00000000
v -132.51872253 74.94042206 134.00000000
v -132.13111877 73.74746704 134.00000000
v -143.86888123 71.25253296 132.00000000
v -144.00000000 72.50000000 132.00000000
v -143.48127747 70.05957794 132.00000000
v -142.85409546 68.97328949 132.00000000
v -142.01478577 68.04113007 132.00000000
v -141.00000000 67.30384827 132.00000000
v -139.85409546 66.79366302 132.00000000
v -138.62716675 66.53286743 132.00000000
v -137.37283325 66.53286743 132.00000000
v -136.14590454 66.79366302 132.00000000
v -135.00000000 67.30384827 132.00000000
v -133.98521423 68.04113007 132.00000000
v -133.14590454 68.97328949 132.00000000
v -132.51872253 70.05957794 132.00000000
v -132.13111877 71.25253296 132.00000000
v -132.00000000 72.50000000 132.00000000
v -132.13111877 73.74746704 132.00000000
v -132.51872253 74.94042206 132.00000000
v -133.14590454 76.02671051 132.00000000
v -133.98521423 76.95886993 132.00000000
v -135.00000000 77.69615173 132.00000000
v -136.14590454 78.20633698 132.00000000
v -137.37283325 78.46713257 132.00000000
v -138.62716675 78.46713257 132.00000000
v -139.85409546 78.20633698 132.00000000
v -141.00000000 77.69615173 132.00000000
v -142.01478577 76.95886993 132.00000000
v -142.85409546 76.02671051 132.00000000
v -143.48127747 74.94042206 132.00000000
v -143.86888123 73.74746704 132.00000000
v -132.13111877 71.25253296 134.00000000
v -132.00000000 72.50000000 134.00000000
v -132.51872253 70.05957794 134.00000000
v -133.14590454 68.97328949 134.00000000
v -133.98521423 68.04113007 134.00000000
v -135.00000000 67.30384827 134.00000000
v -136.14590454 66.79366302 134.00000000
v -137.37283325 66.53286743 134.00000000
v -138.62716675 66.53286743 134.00000000
v -139.85409546 66.79366302 134.00000000
v -141.00000000 67.30384827 134.00000000
v -142.01478577 68.04113007 134.00000000
v -142.85409546 68.97328949 134.00000000
v -143.48127747 70.05957794 134.00000000
v -143.86888123 71.25253296 134.00000000
v -144.00000000 72.50000000 134.00000000
v -143.86888123 73.74746704 134.00000000
v -143.48127747 74.94042206 134.00000000
v -142.85409546 76.02671051 134.00000000
v -142.01478577 76.95886993 134.00000000
v -141.00000000 77.69615173 134.00000000
v -139.85409546 78.20633698 134.00000000
v -138.62716675 78.46713257 134.00000000
v -137.37283325 78.46713257 134.00000000
v -136.14590454 78.20633698 134.00000000
v -135.00000000 77.69615173 134.00000000
v -133.98521423 76.95886993 134.00000000
v -133.14590454 76.02671051 134.00000000
v -132.51872253 74.94042206 134.00000000
v -132.13111877 73.74746704 134.00000000
v -193.46081543 135.00000000 134.36244202
v -193.46081543 120.00000000 134.36244202
v -193.33399963 135.00000000 135.00000000
v -193.33399963 120.00000000 135.00000000
v -193.33399963 135.00000000 135.00000000
v -193.33399963 120.00000000 135.00000000
v -193.46081543 135.00000000 135.63755798
v -193.46081543 120.00000000 135.63755798
v -193.46081543 135.00000000 135.63755798
v -193.46081543 120.00000000 135.63755798
v -193.82196045 135.00000000 136.17803955
v -193.82196045 120.00000000 136.17803955
v -193.82196045 135.00000000 136.17803955
v -193.82196045 120.00000000 136.17803955
v -194.36244202 135.00000000 136.53918457
v -194.36244202 120.00000000 136.53918457
v -194.36244202 135.00000000 136.53918457
v -194.36244202 120.00000000 136.53918457
v -195.00000000 135.00000000 136.66600037
v -195.00000000 120.00000000 136.66600037
v -195.00000000 135.00000000 136.66600037
v -195.00000000 120.00000000 136.66600037
v -195.63755798 135.00000000 136.53918457
v -195.63755798 120.00000000 136.53918457
v -195.63755798 135.00000000 136.53918457
v -195.63755798 120.00000000 136.53918457
v -196.17803955 135.00000000 136.17803955
v -196.17803955 120.00000000 136.17803955
v -196.17803955 135.00000000 136.17803955
v -196.17803955 120.00000000 136.17803955
v -196.53918457 135.00000000 135.63755798
v -196.53918457 120.00000000 135.63755798
v -196.53918457 135.00000000 135.63755798
v -196.53918457 120.00000000 135.63755798
v -196.66600037 135.00000000 135.00000000
v -196.66600037 120.00000000 135.00000000
v -196.66600037 135.00000000 135.00000000
v -196.66600037 120.00000000 135.00000000
v -196.53918457 135.00000000 134.36244202
v -196.53918457 120.00000000 134.36244202
v -196.53918457 135.00000000 134.36244202
v -196.53918457 120.00000000 134.36244202
v -196.17803955 135.00000000 133.82196045
v -196.17803955 120.00000000 133.82196045
v -196.17803955 135.00000000 133.82196045
v -196.17803955 120.00000000 133.82196045
v -195.63755798 135.00000000 133.46081543
v -195.63755798 120.00000000 133.46081543
v -195.63755798 135.00000000 133.46081543
v -195.63755798 120.00000000 133.46081543
v -195.00000000 135.00000000 133.33399963
v -195.00000000 120.00000000 133.33399963
v -195.00000000 135.00000000 133.33399963
v -195.00000000 120.00000000 133.33399963
v -194.36244202 135.00000000 133.46081543
v -194.36244202 120.00000000 133.46081543
v -194.36244202 135.00000000 133.46081543
v -194.36244202 120.00000000 133.46081543
v -193.82196045 135.00000000 133.82196045
v -193.82196045 120.00000000 133.82196045
v -193.46081543 135.00000000 134.36244202
v -193.46081543 120.00000000 134.36244202
v -193.82196045 135.00000000 133.82196045
v -193.82196045 120.00000000 133.82196045
v -193.46081543 120.00000000 134.36244202
v -193.33399963 120.00000000 135.00000000
v -193.46081543 120.00000000 135.63755798
v -193.82196045 120.00000000 136.17803955
v -194.36244202 120.00000000 136.53918457
v -195.00000000 120.00000000 136.66600037
v -195.63755798 120.00000000 136.53918457
v -196.17803955 120.00000000 136.17803955
v -196.53918457 120.00000000 135.63755798
v -196.66600037 120.00000000 135.00000000
v -196.53918457 120.00000000 134.36244202
v -196.17803955 120.00000000 133.82196045
v -195.63755798 120.00000000 133.46081543
v -195.00000000 120.00000000 133.33399963
v -194.36244202 120.00000000 133.46081543
v -193.82196045 120.00000000 133.82196045
v -23.46081734 135.00000000 134.36244202
v -23.46081734 120.00000000 134.36244202
v -23.33399963 135.00000000 135.00000000
v -23.33399963 120.00000000 135.00000000
v -23.33399963 135.00000000 135.00000000
v -23.33399963 120.00000000 135.00000000
v -23.46081734 135.00000000 135.63755798
v -23.46081734 120.00000000 135.63755798
v -23.46081734 135.00000000 135.63755798
v -23.46081734 120.00000000 135.63755798
v -23.82196045 135.00000000 136.17803955
v -23.82196045 120.00000000 136.17803955
v -23.82196045 135.00000000 136.17803955
v -23.82196045 120.00000000 136.17803955
v -24.36244965 135.00000000 136.53918457
v -24.36244965 120.00000000 136.53918457
v -24.36244965 135.00000000 136.53918457
v -24.36244965 120.00000000 136.53918457
v -25.00000000 135.00000000 136.66600037
v -25.00000000 120.00000000 136.66600037
v -25.00000000 135.00000000 136.66600037
v -25.00000000 120.00000000 136.66600037
v -25.63755035 135.00000000 136.53918457
v -25.63755035 120.00000000 136.53918457
v -25.63755035 135.00000000 136.53918457
v -25.63755035 120.00000000 136.53918457
v -26.17803955 135.00000000 136.17803955
v -26.17803955 120.00000000 136.17803955
v -26.17803955 135.00000000 136.17803955
v -26.17803955 120.00000000 136.17803955
v -26.53918266 135.00000000 135.63755798
v -26.53918266 120.00000000 135.63755798
v -26.53918266 135.00000000 135.63755798
v -26.53918266 120.00000000 135.63755798
v -26.66600037 135.00000000 135.00000000
v -26.66600037 120.00000000 135.00000000
v -26.66600037 135.00000000 135.00000000
v -26.66600037 120.00000000 135.00000000
v -26.53918266 135.00000000 134.36244202
v -26.53918266 120.00000000 134.36244202
v -26.53918266 135.00000000 134.36244202
v -26.53918266 120.00000000 134.36244202
v -26.17803955 135.00000000 133.82196045
v -26.17803955 120.00000000 133.82196045
v -26.17803955 135.00000000 133.82196045
v -26.17803955 120.00000000 133.82196045
v -25.63755035 135.00000000 133.46081543
v -25.63755035 120.00000000 133.46081543
v -25.63755035 135.00000000 133.46081543
v -25.63755035 120.00000000 133.46081543
v -25.00000000 135.00000000 133.33399963
v -25.00000000 120.00000000 133.33399963
v -25.00000000 135.00000000 133.33399963
v -25.00000000 120.00000000 133.33399963
v -24.36244965 135.00000000 133.46081543
v -24.36244965 120.00000000 133.46081543
v -24.36244965 135.00000000 133.46081543
v -24.36244965 120.00000000 133.46081543
v -23.82196045 135.00000000 133.82196045
v -23.82196045 120.00000000 133.82196045
v -23.46081734 135.00000000 134.36244202
v -23.46081734 120.00000000 134.36244202
v -23.82196045 135.00000000 133.82196045
v -23.82196045 120.00000000 133.82196045
v -23.46081734 120.00000000 134.36244202
v -23.33399963 120.00000000 135.00000000
v -23.46081734 120.00000000 135.63755798
v -23.82196045 120.00000000 136.17803955
v -24.36244965 120.00000000 136.53918457
v -25.00000000 120.00000000 136.66600037
v -25.63755035 120.00000000 136.53918457
v -26.17803955 120.00000000 136.17803955
v -26.53918266 120.00000000 135.63755798
v -26.66600037 120.00000000 135.00000000
v -26.53918266 120.00000000 134.36244202
v -26.17803955 120.00000000 133.82196045
v -25.63755035 120.00000000 133.46081543
v -25.00000000 120.00000000 133.33399963
v -24.36244965 120.00000000 133.46081543
v -23.82196045 120.00000000 133.82196045
v -26.66600037 10.00000000 135.00000000
v -26.53918266 10.00000000 134.36244202
v -26.53918266 25.00000000 134.36244202
v -26.66600037 25.00000000 135.00000000
v -26.53918266 10.00000000 135.63755798
v -26.66600037 10.00000000 135.00000000
v -26.66600037 25.00000000 135.00000000
v -26.53918266 25.00000000 135.63755798
v -26.17803955 10.00000000 136.17803955
v -26.53918266 10.00000000 135.63755798
v -26.53918266 25.00000000 135.63755798
v -26.17803955 25.00000000 136.17803955
v -25.63755035 10.00000000 136.53918457
v -26.17803955 10.00000000 136.17803955
v -26.17803955 25.00000000 136.17803955
v -25.63755035 25.00000000 136.53918457
v -25.00000000 10.00000000 136.66600037
v -25.63755035 10.00000000 136.53918457
v -25.63755035 25.00000000 136.53918457
v -25.00000000 25.00000000 136.66600037
v -25.00000000 10.00000000 136.66600037
v -24.36244965 10.00000000 136.53918457
v -25.00000000 25.00000000 136.66600037
v -24.36244965 25.00000000 136.53918457
v -24.36244965 10.00000000 136.53918457
v -23.82196045 10.00000000 136.17803955
v -24.36244965 25.00000000 136.53918457
v -23.82196045 25.00000000 136.17803955
v -23.46081734 10.00000000 135.63755798
v -23.82196045 10.00000000 136.17803955
v -23.82196045 25.00000000 136.17803955
v -23.46081734 25.00000000 135.63755798
v -23.46081734 10.00000000 135.63755798
v -23.33399963 10.00000000 135.00000000
v -23.46081734 25.00000000 135.63755798
v -23.33399963 25.00000000 135.00000000
v -23.33399963 10.00000000 135.00000000
v -23.46081734 10.00000000 134.36244202
v -23.33399963 25.00000000 135.00000000
v -23.46081734 25.00000000 134.36244202
v -23.46081734 10.00000000 134.36244202
v -23.82196045 10.00000000 133.82196045
v -23.46081734 25.00000000 134.36244202
v -23.82196045 25.00000000 133.82196045
v -23.82196045 10.00000000 133.82196045
v -24.36244965 10.00000000 133.46081543
v -23.82196045 25.00000000 133.82196045
v -24.36244965 25.00000000 133.46081543
v -24.36244965 10.00000000 133.46081543
v -25.00000000 10.00000000 133.33399963
v -24.36244965 25.00000000 133.46081543
v -25.00000000 25.00000000 133.33399963
v -25.63755035 10.00000000 133.46081543
v -25.00000000 10.00000000 133.33399963
v -25.00000000 25.00000000 133.33399963
v -25.63755035 25.00000000 133.46081543
v -26.17803955 10.00000000 133.82196045
v -25.63755035 10.00000000 133.46081543
v -25.63755035 25.00000000 133.46081543
v -26.17803955 25.00000000 133.82196045
v -26.53918266 10.00000000 134.36244202
v -26.17803955 10.00000000 133.82196045
v -26.53918266 25.00000000 134.36244202
v -26.17803955 25.00000000 133.82196045
v -26.53918266 25.00000000 134.36244202
v -26.66600037 25.00000000 135.00000000
v -26.53918266 25.00000000 135.63755798
v -26.17803955 25.00000000 136.17803955
v -25.63755035 25.00000000 136.53918457
v -25.00000000 25.00000000 136.66600037
v -24.36244965 25.00000000 136.53918457
v -23.82196045 25.00000000 136.17803955
v -23.46081734 25.00000000 135.63755798
v -23.33399963 25.00000000 135.00000000
v -23.46081734 25.00000000 134.36244202
v -23.82196045 25.00000000 133.82196045
v -24.36244965 25.00000000 133.46081543
v -25.00000000 25.00000000 133.33399963
v -25.63755035 25.00000000 133.46081543
v -26.17803955 25.00000000 133.82196045
v -196.53918457 10.00000000 134.36244202
v -196.66600037 10.00000000 135.00000000
v -196.53918457 25.00000000 134.36244202
v -196.66600037 25.00000000 135.00000000
v -196.53918457 10.00000000 135.63755798
v -196.66600037 10.00000000 135.00000000
v -196.66600037 25.00000000 135.00000000
v -196.53918457 25.00000000 135.63755798
v -196.53918457 10.00000000 135.63755798
v -196.17803955 10.00000000 136.17803955
v -196.53918457 25.00000000 135.63755798
v -196.17803955 25.00000000 136.17803955
v -196.17803955 10.00000000 136.17803955
v -195.63755798 10.00000000 136.53918457
v -196.17803955 25.00000000 136.17803955
v -195.63755798 25.00000000 136.53918457
v -195.63755798 10.00000000 136.53918457
v -195.00000000 10.00000000 136.66600037
v -195.63755798 25.00000000 136.53918457
v -195.00000000 25.00000000 136.66600037
v -195.00000000 10.00000000 136.66600037
v -194.36244202 10.00000000 136.53918457
v -195.00000000 25.00000000 136.66600037
v -194.36244202 25.00000000 136.53918457
v -194.36244202 10.00000000 136.53918457
v -193.82196045 10.00000000 136.17803955
v -194.36244202 25.00000000 136.53918457
v -193.82196045 25.00000000 136.17803955
v -193.82196045 10.00000000 136.17803955
v -193.46081543 10.00000000 135.63755798
v -193.82196045 25.00000000 136.17803955
v -193.46081543 25.00000000 135.63755798
v -193.46081543 10.00000000 135.63755798
v -193.33399963 10.00000000 135.00000000
v -193.46081543 25.00000000 135.63755798
v -193.33399963 25.00000000 135.00000000
v -193.33399963 10.00000000 135.00000000
v -193.46081543 10.00000000 134.36244202
v -193.33399963 25.00000000 135.00000000
v -193.46081543 25.00000000 134.36244202
v -193.46081543 10.00000000 134.36244202
v -193.82196045 10.00000000 133.82196045
v -193.46081543 25.00000000 134.36244202
v -193.82196045 25.00000000 133.82196045
v -194.36244202 10.00000000 133.46081543
v -193.82196045 10.00000000 133.82196045
v -193.82196045 25.00000000 133.82196045
v -194.36244202 25.00000000 133.46081543
v -194.36244202 10.00000000 133.46081543
v -195.00000000 10.00000000 133.33399963
v -194.36244202 25.00000000 133.46081543
v -195.00000000 25.00000000 133.33399963
v -195.00000000 10.00000000 133.33399963
v -195.63755798 10.00000000 133.46081543
v -195.00000000 25.00000000 133.33399963
v -195.63755798 25.00000000 133.46081543
v -195.63755798 10.00000000 133.46081543
v -196.17803955 10.00000000 133.82196045
v -195.63755798 25.00000000 133.46081543
v -196.17803955 25.00000000 133.82196045
v -196.53918457 10.00000000 134.36244202
v -196.17803955 10.00000000 133.82196045
v -196.53918457 25.00000000 134.36244202
v -196.17803955 25.00000000 133.82196045
v -196.53918457 25.00000000 134.36244202
v -196.66600037 25.00000000 135.00000000
v -196.53918457 25.00000000 135.63755798
v -196.17803955 25.00000000 136.17803955
v -195.63755798 25.00000000 136.53918457
v -195.00000000 25.00000000 136.66600037
v -194.36244202 25.00000000 136.53918457
v -193.82196045 25.00000000 136.17803955
v -193.46081543 25.00000000 135.63755798
v -193.33399963 25.00000000 135.00000000
v -193.46081543 25.00000000 134.36244202
v -193.82196045 25.00000000 133.82196045
v -194.36244202 25.00000000 133.46081543
v -195.00000000 25.00000000 133.33399963
v -195.63755798 25.00000000 133.46081543
v -196.17803955 25.00000000 133.82196045
v -195.00000000 96.00000000 140.00000000
v -193.96472168 96.13629913 140.00000000
v -193.00000000 96.53589630 140.00000000
v -192.17156982 97.17156982 140.00000000
v -191.53590393 98.00000000 140.00000000
v -191.13629150 98.96472168 140.00000000
v -191.00000000 100.00000000 140.00000000
v -191.13629150 101.03527832 140.00000000
v -191.53590393 102.00000000 140.00000000
v -192.17156982 102.82843018 140.00000000
v -193.00000000 103.46410370 140.00000000
v -196.03527832 96.13629913 140.00000000
v -197.00000000 96.53589630 140.00000000
v -197.82843018 97.17156982 140.00000000
v -198.46409607 98.00000000 140.00000000
v -198.86370850 98.96472168 140.00000000
v -199.00000000 100.00000000 140.00000000
v -198.86370850 101.03527832 140.00000000
v -198.46409607 102.00000000 140.00000000
v -197.82843018 102.82843018 140.00000000
v -197.00000000 103.46410370 140.00000000
v -196.03527832 103.86370087 140.00000000
v -195.00000000 104.00000000 140.00000000
v -193.96472168 103.86370087 140.00000000
v -191.13629150 98.96472168 135.00000000
v -191.00000000 100.00000000 135.00000000
v -191.13629150 101.03527832 135.00000000
v -191.53590393 102.00000000 135.00000000
v -192.17156982 102.82843018 135.00000000
v -193.00000000 103.46410370 135.00000000
v -193.96472168 103.86370087 135.00000000
v -195.00000000 104.00000000 135.00000000
v -196.03527832 103.86370087 135.00000000
v -197.00000000 103.46410370 135.00000000
v -197.82843018 102.82843018 135.00000000
v -198.46409607 102.00000000 135.00000000
v -198.86370850 101.03527832 135.00000000
v -199.00000000 100.00000000 135.00000000
v -198.86370850 98.96472168 135.00000000
v -198.46409607 98.00000000 135.00000000
v -197.82843018 97.17156982 135.00000000
v -197.00000000 96.53589630 135.00000000
v -196.03527832 96.13629913 135.00000000
v -195.00000000 96.00000000 135.00000000
v -193.96472168 96.13629913 135.00000000
v -193.00000000 96.53589630 135.00000000
v -192.17156982 97.17156982 135.00000000
v -191.53590393 98.00000000 135.00000000
v -191.13629150 98.96472168 135.00000000
v -191.00000000 100.00000000 135.00000000
v -191.13629150 101.03527832 135.00000000
v -191.53590393 102.00000000 135.00000000
v -192.17156982 102.82843018 135.00000000
v -193.00000000 103.46410370 135.00000000
v -193.96472168 103.86370087 135.00000000
v -195.00000000 104.00000000 135.00000000
v -196.03527832 103.86370087 135.00000000
v -197.00000000 103.46410370 135.00000000
v -197.82843018 102.82843018 135.00000000
v -198.46409607 102.00000000 135.00000000
v -198.86370850 101.03527832 135.00000000
v -199.00000000 100.00000000 135.00000000
v -198.86370850 98.96472168 135.00000000
v -198.46409607 98.00000000 135.00000000
v -197.82843018 97.17156982 135.00000000
v -197.00000000 96.53589630 135.00000000
v -196.03527832 96.13629913 135.00000000
v -195.00000000 96.00000000 135.00000000
v -193.96472168 96.13629913 135.00000000
v -193.00000000 96.53589630 135.00000000
v -192.17156982 97.17156982 135.00000000
v -191.53590393 98.00000000 135.00000000
v -192.63545227 99.18824768 135.00000000
v -192.50000000 100.00000000 135.00000000
v -193.02714539 98.46446991 135.00000000
v -193.63262939 97.90708160 135.00000000
v -194.38629150 97.57649994 135.00000000
v -195.20645142 97.50853729 135.00000000
v -196.00424194 97.71056366 135.00000000
v -196.69320679 98.16069031 135.00000000
v -197.19868469 98.81013489 135.00000000
v -197.46589661 99.58851624 135.00000000
v -197.46589661 100.41148376 135.00000000
v -197.19868469 101.18986511 135.00000000
v -196.69320679 101.83930969 135.00000000
v -196.00424194 102.28943634 135.00000000
v -195.20645142 102.49146271 135.00000000
v -194.38629150 102.42350006 135.00000000
v -193.63262939 102.09291840 135.00000000
v -193.02714539 101.53553009 135.00000000
v -192.63545227 100.81175232 135.00000000
v -28.86370277 98.96472168 140.00000000
v -29.00000000 100.00000000 140.00000000
v -28.86370277 101.03527832 140.00000000
v -28.46410179 102.00000000 140.00000000
v -27.82842636 102.82843018 140.00000000
v -28.46410179 98.00000000 140.00000000
v -27.82842636 97.17156982 140.00000000
v -27.00000000 96.53589630 140.00000000
v -26.03527641 96.13629913 140.00000000
v -25.00000000 96.00000000 140.00000000
v -23.96472359 96.13629913 140.00000000
v -23.00000000 96.53589630 140.00000000
v -22.17157364 97.17156982 140.00000000
v -21.53589821 98.00000000 140.00000000
v -21.13629723 98.96472168 140.00000000
v -21.00000000 100.00000000 140.00000000
v -27.00000000 103.46410370 140.00000000
v -26.03527641 103.86370087 140.00000000
v -25.00000000 104.00000000 140.00000000
v -23.96472359 103.86370087 140.00000000
v -23.00000000 103.46410370 140.00000000
v -22.17157364 102.82843018 140.00000000
v -21.53589821 102.00000000 140.00000000
v -21.13629723 101.03527832 140.00000000
v -21.13629723 98.96472168 135.00000000
v -21.00000000 100.00000000 135.00000000
v -21.13629723 101.03527832 135.00000000
v -21.53589821 102.00000000 135.00000000
v -22.17157364 102.82843018 135.00000000
v -23.00000000 103.46410370 135.00000000
v -23.96472359 103.86370087 135.00000000
v -25.00000000 104.00000000 135.00000000
v -26.03527641 103.86370087 135.00000000
v -27.00000000 103.46410370 135.00000000
v -27.82842636 102.82843018 135.00000000
v -28.46410179 102.00000000 135.00000000
v -28.86370277 101.03527832 135.00000000
v -29.00000000 100.00000000 135.00000000
v -28.86370277 98.96472168 135.00000000
v -28.46410179 98.00000000 135.00000000
v -27.82842636 97.17156982 135.00000000
v -27.00000000 96.53589630 135.00000000
v -26.03527641 96.13629913 135.00000000
v -25.00000000 96.00000000 135.00000000
v -23.96472359 96.13629913 135.00000000
v -23.00000000 96.53589630 135.00000000
v -22.17157364 97.17156982 135.00000000
v -21.53589821 98.00000000 135.00000000
v -21.13629723 98.96472168 135.00000000
v -21.00000000 100.00000000 135.00000000
v -21.13629723 101.03527832 135.00000000
v -21.53589821 102.00000000 135.00000000
v -22.17157364 102.82843018 135.00000000
v -23.00000000 103.46410370 135.00000000
v -23.96472359 103.86370087 135.00000000
v -25.00000000 104.00000000 135.00000000
v -26.03527641 103.86370087 135.00000000
v -27.00000000 103.46410370 135.00000000
v -27.82842636 102.82843018 135.00000000
v -28.46410179 102.00000000 135.00000000
v -28.86370277 101.03527832 135.00000000
v -29.00000000 100.00000000 135.00000000
v -28.86370277 98.96472168 135.00000000
v -28.46410179 98.00000000 135.00000000
v -27.82842636 97.17156982 135.00000000
v -27.00000000 96.53589630 135.00000000
v -26.03527641 96.13629913 135.00000000
v -25.00000000 96.00000000 135.00000000
v -23.96472359 96.13629913 135.00000000
v -23.00000000 96.53589630 135.00000000
v -22.17157364 97.17156982 135.00000000
v -21.53589821 98.00000000 135.00000000
v -22.63545609 99.18824768 135.00000000
v -22.50000000 100.00000000 135.00000000
v -23.02714920 98.46446991 135.00000000
v -23.63262939 97.90708160 135.00000000
v -24.38628578 97.57649994 135.00000000
v -25.20644760 97.50853729 135.00000000
v -26.00423813 97.71056366 135.00000000
v -26.69320488 98.16069031 135.00000000
v -27.19868469 98.81013489 135.00000000
v -27.46590233 99.58851624 135.00000000
v -27.46590233 100.41148376 135.00000000
v -27.19868469 101.18986511 135.00000000
v -26.69320488 101.83930969 135.00000000
v -26.00423813 102.28943634 135.00000000
v -25.20644760 102.49146271 135.00000000
v -24.38628578 102.42350006 135.00000000
v -23.63262939 102.09291840 135.00000000
v -23.02714920 101.53553009 135.00000000
v -22.63545609 100.81175232 135.00000000
v -193.00000000 36.53590012 140.00000000
v -193.96472168 36.13629532 140.00000000
v -192.17156982 37.17157364 140.00000000
v -191.53590393 38.00000000 140.00000000
v -191.13629150 38.96472549 140.00000000
v -191.00000000 40.00000000 140.00000000
v -191.13629150 41.03527451 140.00000000
v -191.53590393 42.00000000 140.00000000
v -192.17156982 42.82842636 140.00000000
v -193.00000000 43.46409988 140.00000000
v -193.96472168 43.86370468 140.00000000
v -195.00000000 44.00000000 140.00000000
v -196.03527832 43.86370468 140.00000000
v -197.00000000 43.46409988 140.00000000
v -197.82843018 42.82842636 140.00000000
v -198.46409607 42.00000000 140.00000000
v -198.86370850 41.03527451 140.00000000
v -199.00000000 40.00000000 140.00000000
v -195.00000000 36.00000000 140.00000000
v -196.03527832 36.13629532 140.00000000
v -197.00000000 36.53590012 140.00000000
v -197.82843018 37.17157364 140.00000000
v -198.46409607 38.00000000 140.00000000
v -198.86370850 38.96472549 140.00000000
v -191.13629150 38.96472549 135.00000000
v -191.00000000 40.00000000 135.00000000
v -191.13629150 41.03527451 135.00000000
v -191.53590393 42.00000000 135.00000000
v -192.17156982 42.82842636 135.00000000
v -193.00000000 43.46409988 135.00000000
v -193.96472168 43.86370468 135.00000000
v -195.00000000 44.00000000 135.00000000
v -196.03527832 43.86370468 135.00000000
v -197.00000000 43.46409988 135.00000000
v -197.82843018 42.82842636 135.00000000
v -198.46409607 42.00000000 135.00000000
v -198.86370850 41.03527451 135.00000000
v -199.00000000 40.00000000 135.00000000
v -198.86370850 38.96472549 135.00000000
v -198.46409607 38.00000000 135.00000000
v -197.82843018 37.17157364 135.00000000
v -197.00000000 36.53590012 135.00000000
v -196.03527832 36.13629532 135.00000000
v -195.00000000 36.00000000 135.00000000
v -193.96472168 36.13629532 135.00000000
v -193.00000000 36.53590012 135.00000000
v -192.17156982 37.17157364 135.00000000
v -191.53590393 38.00000000 135.00000000
v -191.13629150 38.96472549 135.00000000
v -191.00000000 40.00000000 135.00000000
v -191.13629150 41.03527451 135.00000000
v -191.53590393 42.00000000 135.00000000
v -192.17156982 42.82842636 135.00000000
v -193.00000000 43.46409988 135.00000000
v -193.96472168 43.86370468 135.00000000
v -195.00000000 44.00000000 135.00000000
v -196.03527832 43.86370468 135.00000000
v -197.00000000 43.46409988 135.00000000
v -197.82843018 42.82842636 135.00000000
v -198.46409607 42.00000000 135.00000000
v -198.86370850 41.03527451 135.00000000
v -199.00000000 40.00000000 135.00000000
v -198.86370850 38.96472549 135.00000000
v -198.46409607 38.00000000 135.00000000
v -197.82843018 37.17157364 135.00000000
v -197.00000000 36.53590012 135.00000000
v -196.03527832 36.13629532 135.00000000
v -195.00000000 36.00000000 135.00000000
v -193.96472168 36.13629532 135.00000000
v -193.00000000 36.53590012 135.00000000
v -192.17156982 37.17157364 135.00000000
v -191.53590393 38.00000000 135.00000000
v -192.63545227 39.18825150 135.00000000
v -192.50000000 40.00000000 135.00000000
v -193.02714539 38.46446991 135.00000000
v -193.63262939 37.90708542 135.00000000
v -194.38629150 37.57649994 135.00000000
v -195.20645142 37.50853729 135.00000000
v -196.00424194 37.71056747 135.00000000
v -196.69320679 38.16069031 135.00000000
v -197.19868469 38.81013107 135.00000000
v -197.46589661 39.58851242 135.00000000
v -197.46589661 40.41148758 135.00000000
v -197.19868469 41.18986893 135.00000000
v -196.69320679 41.83930969 135.00000000
v -196.00424194 42.28943253 135.00000000
v -195.20645142 42.49146271 135.00000000
v -194.38629150 42.42350006 135.00000000
v -193.63262939 42.09291458 135.00000000
v -193.02714539 41.53553009 135.00000000
v -192.63545227 40.81174850 135.00000000
v -28.86370277 41.03527451 140.00000000
v -28.46410179 42.00000000 140.00000000
v -27.82842636 42.82842636 140.00000000
v -27.00000000 43.46409988 140.00000000
v -26.03527641 43.86370468 140.00000000
v -25.00000000 44.00000000 140.00000000
v -23.96472359 43.86370468 140.00000000
v -23.00000000 43.46409988 140.00000000
v -22.17157364 42.82842636 140.00000000
v -21.53589821 42.00000000 140.00000000
v -21.13629723 41.03527451 140.00000000
v -21.00000000 40.00000000 140.00000000
v -21.13629723 38.96472549 140.00000000
v -21.53589821 38.00000000 140.00000000
v -29.00000000 40.00000000 140.00000000
v -28.86370277 38.96472549 140.00000000
v -28.46410179 38.00000000 140.00000000
v -27.82842636 37.17157364 140.00000000
v -22.17157364 37.17157364 140.00000000
v -23.00000000 36.53590012 140.00000000
v -23.96472359 36.13629532 140.00000000
v -25.00000000 36.00000000 140.00000000
v -26.03527641 36.13629532 140.00000000
v -27.00000000 36.53590012 140.00000000
v -21.13629723 38.96472549 135.00000000
v -21.00000000 40.00000000 135.00000000
v -21.13629723 41.03527451 135.00000000
v -21.53589821 42.00000000 135.00000000
v -22.17157364 42.82842636 135.00000000
v -23.00000000 43.46409988 135.00000000
v -23.96472359 43.86370468 135.00000000
v -25.00000000 44.00000000 135.00000000
v -26.03527641 43.86370468 135.00000000
v -27.00000000 43.46409988 135.00000000
v -27.82842636 42.82842636 135.00000000
v -28.46410179 42.00000000 135.00000000
v -28.86370277 41.03527451 135.00000000
v -29.00000000 40.00000000 135.00000000
v -28.86370277 38.96472549 135.00000000
v -28.46410179 38.00000000 135.00000000
v -27.82842636 37.17157364 135.00000000
v -27.00000000 36.53590012 135.00000000
v -26.03527641 36.13629532 135.00000000
v -25.00000000 36.00000000 135.00000000
v -23.96472359 36.13629532 135.00000000
v -23.00000000 36.53590012 135.00000000
v -22.17157364 37.17157364 135.00000000
v -21.53589821 38.00000000 135.00000000
v -21.13629723 38.96472549 135.00000000
v -21.00000000 40.00000000 135.00000000
v -21.13629723 41.03527451 135.00000000
v -21.53589821 42.00000000 135.00000000
v -22.17157364 42.82842636 135.00000000
v -23.00000000 43.46409988 135.00000000
v -23.96472359 43.86370468 135.00000000
v -25.00000000 44.00000000 135.00000000
v -26.03527641 43.86370468 135.00000000
v -27.00000000 43.46409988 135.00000000
v -27.82842636 42.82842636 135.00000000
v -28.46410179 42.00000000 135.00000000
v -28.86370277 41.03527451 135.00000000
v -29.00000000 40.00000000 135.00000000
v -28.86370277 38.96472549 135.00000000
v -28.46410179 38.00000000 135.00000000
v -27.82842636 37.17157364 135.00000000
v -27.00000000 36.53590012 135.00000000
v -26.03527641 36.13629532 135.00000000
v -25.00000000 36.00000000 135.00000000
v -23.96472359 36.13629532 135.00000000
v -23.00000000 36.53590012 135.00000000
v -22.17157364 37.17157364 135.00000000
v -21.53589821 38.00000000 135.00000000
v -22.63545609 39.18825150 135.00000000
v -22.50000000 40.00000000 135.00000000
v -23.02714920 38.46446991 135.00000000
v -23.63262939 37.90708542 135.00000000
v -24.38628578 37.57649994 135.00000000
v -25.20644760 37.50853729 135.00000000
v -26.00423813 37.71056747 135.00000000
v -26.69320488 38.16069031 135.00000000
v -27.19868469 38.81013107 135.00000000
v -27.46590233 39.58851242 135.00000000
v -27.46590233 40.41148758 135.00000000
v -27.19868469 41.18986893 135.00000000
v -26.69320488 41.83930969 135.00000000
v -26.00423813 42.28943253 135.00000000
v -25.20644760 42.49146271 135.00000000
v -24.38628578 42.42350006 135.00000000
v -23.63262939 42.09291458 135.00000000
v -23.02714920 41.53553009 135.00000000
v -22.63545609 40.81174850 135.00000000
v -192.63545227 99.18824768 135.00000000
v -192.50000000 100.00000000 135.00000000
v -193.02714539 98.46446991 135.00000000
v -193.63262939 97.90708160 135.00000000
v -194.38629150 97.57649994 135.00000000
v -195.20645142 97.50853729 135.00000000
v -196.00424194 97.71056366 135.00000000
v -196.69320679 98.16069031 135.00000000
v -197.19868469 98.81013489 135.00000000
v -197.46589661 99.58851624 135.00000000
v -197.46589661 100.41148376 135.00000000
v -197.19868469 101.18986511 135.00000000
v -196.69320679 101.83930969 135.00000000
v -196.00424194 102.28943634 135.00000000
v -195.20645142 102.49146271 135.00000000
v -194.38629150 102.42350006 135.00000000
v -193.63262939 102.09291840 135.00000000
v -193.02714539 101.53553009 135.00000000
v -192.63545227 100.81175232 135.00000000
v -192.63545227 100.81175232 130.00000000
v -192.50000000 100.00000000 130.00000000
v -192.63545227 99.18824768 130.00000000
v -193.02714539 98.46446991 130.00000000
v -193.63262939 97.90708160 130.00000000
v -194.38629150 97.57649994 130.00000000
v -195.20645142 97.50853729 130.00000000
v -196.00424194 97.71056366 130.00000000
v -196.69320679 98.16069031 130.00000000
v -197.19868469 98.81013489 130.00000000
v -197.46589661 99.58851624 130.00000000
v -197.46589661 100.41148376 130.00000000
v -197.19868469 101.18986511 130.00000000
v -196.69320679 101.83930969 130.00000000
v -196.00424194 102.28943634 130.00000000
v -195.20645142 102.49146271 130.00000000
v -194.38629150 102.42350006 130.00000000
v -193.63262939 102.09291840 130.00000000
v -193.02714539 101.53553009 130.00000000
v -22.63545609 99.18824768 135.00000000
v -22.50000000 100.00000000 135.00000000
v -23.02714920 98.46446991 135.00000000
v -23.63262939 97.90708160 135.00000000
v -24.38628578 97.57649994 135.00000000
v -25.20644760 97.50853729 135.00000000
v -26.00423813 97.71056366 135.00000000
v -26.69320488 98.16069031 135.00000000
v -27.19868469 98.81013489 135.00000000
v -27.46590233 99.58851624 135.00000000
v -27.46590233 100.41148376 135.00000000
v -27.19868469 101.18986511 135.00000000
v -26.69320488 101.83930969 135.00000000
v -26.00423813 102.28943634 135.00000000
v -25.20644760 102.49146271 135.00000000
v -24.38628578 102.42350006 135.00000000
v -23.63262939 102.09291840 135.00000000
v -23.02714920 101.53553009 135.00000000
v -22.63545609 100.81175232 135.00000000
v -22.63545609 100.81175232 130.00000000
v -22.50000000 100.00000000 130.00000000
v -22.63545609 99.18824768 130.00000000
v -23.02714920 98.46446991 130.00000000
v -23.63262939 97.90708160 130.00000000
v -24.38628578 97.57649994 130.00000000
v -25.20644760 97.50853729 130.00000000
v -26.00423813 97.71056366 130.00000000
v -26.69320488 98.16069031 130.00000000
v -27.19868469 98.81013489 130.00000000
v -27.46590233 99.58851624 130.00000000
v -27.46590233 100.41148376 130.00000000
v -27.19868469 101.18986511 130.00000000
v -26.69320488 101.83930969 130.00000000
v -26.00423813 102.28943634 130.00000000
v -25.20644760 102.49146271 130.00000000
v -24.38628578 102.42350006 130.00000000
v -23.63262939 102.09291840 130.00000000
v -23.02714920 101.53553009 130.00000000
v -192.63545227 39.18825150 135.00000000
v -192.50000000 40.00000000 135.00000000
v -193.02714539 38.46446991 135.00000000
v -193.63262939 37.90708542 135.00000000
v -194.38629150 37.57649994 135.00000000
v -195.20645142 37.50853729 135.00000000
v -196.00424194 37.71056747 135.00000000
v -196.69320679 38.16069031 135.00000000
v -197.19868469 38.81013107 135.00000000
v -197.46589661 39.58851242 135.00000000
v -197.46589661 40.41148758 135.00000000
v -197.19868469 41.18986893 135.00000000
v -196.69320679 41.83930969 135.00000000
v -196.00424194 42.28943253 135.00000000
v -195.20645142 42.49146271 135.00000000
v -194.38629150 42.42350006 135.00000000
v -193.63262939 42.09291458 135.00000000
v -193.02714539 41.53553009 135.00000000
v -192.63545227 40.81174850 135.00000000
v -192.63545227 40.81174850 130.00000000
v -192.50000000 40.00000000 130.00000000
v -192.63545227 39.18825150 130.00000000
v -193.02714539 38.46446991 130.00000000
v -193.63262939 37.90708542 130.00000000
v -194.38629150 37.57649994 130.00000000
v -195.20645142 37.50853729 130.00000000
v -196.00424194 37.71056747 130.00000000
v -196.69320679 38.16069031 130.00000000
v -197.19868469 38.81013107 130.00000000
v -197.46589661 39.58851242 130.00000000
v -197.46589661 40.41148758 130.00000000
v -197.19868469 41.18986893 130.00000000
v -196.69320679 41.83930969 130.00000000
v -196.00424194 42.28943253 130.00000000
v -195.20645142 42.49146271 130.00000000
v -194.38629150 42.42350006 130.00000000
v -193.63262939 42.09291458 130.00000000
v -193.02714539 41.53553009 130.00000000
v -22.63545609 39.18825150 135.00000000
v -22.50000000 40.00000000 135.00000000
v -23.02714920 38.46446991 135.00000000
v -23.63262939 37.90708542 135.00000000
v -24.38628578 37.57649994 135.00000000
v -25.20644760 37.50853729 135.00000000
v -26.00423813 37.71056747 135.00000000
v -26.69320488 38.16069031 135.00000000
v -27.19868469 38.81013107 135.00000000
v -27.46590233 39.58851242 135.00000000
v -27.46590233 40.41148758 135.00000000
v -27.19868469 41.18986893 135.00000000
v -26.69320488 41.83930969 135.00000000
v -26.00423813 42.28943253 135.00000000
v -25.20644760 42.49146271 135.00000000
v -24.38628578 42.42350006 135.00000000
v -23.63262939 42.09291458 135.00000000
v -23.02714920 41.53553009 135.00000000
v -22.63545609 40.81174850 135.00000000
v -22.63545609 40.81174850 130.00000000
v -22.50000000 40.00000000 130.00000000
v -22.63545609 39.18825150 130.00000000
v -23.02714920 38.46446991 130.00000000
v -23.63262939 37.90708542 130.00000000
v -24.38628578 37.57649994 130.00000000
v -25.20644760 37.50853729 130.00000000
v -26.00423813 37.71056747 130.00000000
v -26.69320488 38.16069031 130.00000000
v -27.19868469 38.81013107 130.00000000
v -27.46590233 39.58851242 130.00000000
v -27.46590233 40.41148758 130.00000000
v -27.19868469 41.18986893 130.00000000
v -26.69320488 41.83930969 130.00000000
v -26.00423813 42.28943253 130.00000000
v -25.20644760 42.49146271 130.00000000
v -24.38628578 42.42350006 130.00000000
v -23.63262939 42.09291458 130.00000000
v -23.02714920 41.53553009 130.00000000
v -200.00000000 135.00000000 152.00000000
v -200.00000000 135.00000000 130.00000000
v -193.46081543 135.00000000 134.36244202
v -193.33399963 135.00000000 135.00000000
v -193.46081543 135.00000000 135.63755798
v -193.82196045 135.00000000 136.17803955
v -194.36244202 135.00000000 136.53918457
v -195.00000000 135.00000000 136.66600037
v -195.63755798 135.00000000 136.53918457
v -196.17803955 135.00000000 136.17803955
v -196.53918457 135.00000000 135.63755798
v -196.66600037 135.00000000 135.00000000
v -196.53918457 135.00000000 134.36244202
v -196.17803955 135.00000000 133.82196045
v -195.63755798 135.00000000 133.46081543
v -195.00000000 135.00000000 133.33399963
v -194.36244202 135.00000000 133.46081543
v -193.82196045 135.00000000 133.82196045
v -23.46081734 135.00000000 134.36244202
v -23.33399963 135.00000000 135.00000000
v -23.46081734 135.00000000 135.63755798
v -23.82196045 135.00000000 136.17803955
v -24.36244965 135.00000000 136.53918457
v -25.00000000 135.00000000 136.66600037
v -25.63755035 135.00000000 136.53918457
v -26.17803955 135.00000000 136.17803955
v -26.53918266 135.00000000 135.63755798
v -26.66600037 135.00000000 135.00000000
v -26.53918266 135.00000000 134.36244202
v -26.17803955 135.00000000 133.82196045
v -25.63755035 135.00000000 133.46081543
v -25.00000000 135.00000000 133.33399963
v -24.36244965 135.00000000 133.46081543
v -23.82196045 135.00000000 133.82196045
v -20.00000000 135.00000000 130.00000000
v -20.00000000 135.00000000 152.00000000
v -200.00000000 120.00000000 152.00000000
v -200.00000000 135.00000000 152.00000000
v -20.00000000 135.00000000 152.00000000
v -20.00000000 120.00000000 152.00000000
v -200.00000000 120.00000000 152.00000000
v -200.00000000 120.00000000 140.00000000
v -20.00000000 120.00000000 140.00000000
v -20.00000000 120.00000000 152.00000000
v -20.00000000 10.00000000 130.00000000
v -20.00000000 10.00000000 152.00000000
v -20.00000000 25.00000000 152.00000000
v -20.00000000 25.00000000 140.00000000
v -20.00000000 120.00000000 140.00000000
v -20.00000000 135.00000000 130.00000000
v -20.00000000 135.00000000 152.00000000
v -20.00000000 120.00000000 152.00000000
v -200.00000000 120.00000000 140.00000000
v -200.00000000 25.00000000 140.00000000
v -20.00000000 25.00000000 140.00000000
v -108.13477325 96.34692383 140.00000000
v -28.86370277 98.96472168 140.00000000
v -108.00000000 97.50000000 140.00000000
v -29.00000000 100.00000000 140.00000000
v -108.13477325 98.65307617 140.00000000
v -28.86370277 101.03527832 140.00000000
v -108.53183746 99.74399567 140.00000000
v -28.46410179 102.00000000 140.00000000
v -109.16977692 100.71393585 140.00000000
v -27.82842636 102.82843018 140.00000000
v -110.01420593 101.51061249 140.00000000
v -20.00000000 120.00000000 140.00000000
v -111.01959991 102.09107971 140.00000000
v -112.13175964 102.42404175 140.00000000
v -113.29072571 102.49153900 140.00000000
v -114.43401337 102.28994751 140.00000000
v -162.13175964 102.42404175 140.00000000
v -161.01960754 102.09107971 140.00000000
v -28.46410179 98.00000000 140.00000000
v -108.53183746 95.25600433 140.00000000
v -27.82842636 97.17156982 140.00000000
v -109.16977692 94.28606415 140.00000000
v -27.00000000 96.53589630 140.00000000
v -110.01420593 93.48938751 140.00000000
v -110.01420593 51.51061630 140.00000000
v -111.01959991 52.09107971 140.00000000
v -111.01959991 92.90892029 140.00000000
v -126.00000000 72.50000000 140.00000000
v -126.13403320 74.28850555 140.00000000
v -126.53312683 76.03706360 140.00000000
v -112.13175964 92.57595825 140.00000000
v -127.18837738 77.70660400 140.00000000
v -128.08512878 79.25984192 140.00000000
v -113.29072571 92.50846100 140.00000000
v -129.20338440 80.66207123 140.00000000
v -130.51812744 81.88198090 140.00000000
v -114.43401337 92.71005249 140.00000000
v -132.00000000 82.89230347 140.00000000
v -115.50000000 93.16987610 140.00000000
v -133.61590576 83.67048645 140.00000000
v -116.43120575 93.86312866 140.00000000
v -135.32974243 84.19913483 140.00000000
v -117.17743683 94.75245667 140.00000000
v -137.10324097 84.46644592 140.00000000
v -117.69846344 95.78990173 140.00000000
v -117.96619415 96.91953278 140.00000000
v -117.96619415 98.08046722 140.00000000
v -158.00000000 97.50000000 140.00000000
v -158.13478088 96.34692383 140.00000000
v -138.89675903 84.46644592 140.00000000
v -158.53182983 95.25600433 140.00000000
v -140.67025757 84.19913483 140.00000000
v -159.16978455 94.28606415 140.00000000
v -160.01420593 93.48938751 140.00000000
v -158.13478088 98.65307617 140.00000000
v -117.69846344 99.21009827 140.00000000
v -158.53182983 99.74399567 140.00000000
v -117.17743683 100.24754333 140.00000000
v -159.16978455 100.71393585 140.00000000
v -116.43120575 101.13687134 140.00000000
v -160.01420593 101.51061249 140.00000000
v -115.50000000 101.83012390 140.00000000
v -142.38409424 83.67048645 140.00000000
v -161.01960754 92.90892029 140.00000000
v -144.00000000 82.89230347 140.00000000
v -162.13175964 92.57595825 140.00000000
v -145.48187256 81.88198090 140.00000000
v -146.79661560 80.66207123 140.00000000
v -163.29072571 92.50846100 140.00000000
v -147.91487122 79.25984192 140.00000000
v -148.81163025 77.70660400 140.00000000
v -164.43402100 92.71005249 140.00000000
v -149.46687317 76.03706360 140.00000000
v -149.86596680 74.28850555 140.00000000
v -195.00000000 96.00000000 140.00000000
v -150.00000000 72.50000000 140.00000000
v -149.86596680 70.71149445 140.00000000
v -165.50000000 51.83012772 140.00000000
v -164.43402100 52.28994751 140.00000000
v -193.96472168 96.13629913 140.00000000
v -165.50000000 93.16987610 140.00000000
v -166.43121338 93.86312866 140.00000000
v -193.00000000 96.53589630 140.00000000
v -167.17744446 94.75245667 140.00000000
v -192.17156982 97.17156982 140.00000000
v -167.69845581 95.78990173 140.00000000
v -191.53590393 98.00000000 140.00000000
v -167.96618652 96.91953278 140.00000000
v -191.13629150 98.96472168 140.00000000
v -167.96618652 98.08046722 140.00000000
v -191.00000000 100.00000000 140.00000000
v -167.69845581 99.21009827 140.00000000
v -191.13629150 101.03527832 140.00000000
v -167.17744446 100.24754333 140.00000000
v -191.53590393 102.00000000 140.00000000
v -166.43121338 101.13687134 140.00000000
v -192.17156982 102.82843018 140.00000000
v -165.50000000 101.83012390 140.00000000
v -193.00000000 103.46410370 140.00000000
v -164.43402100 102.28994751 140.00000000
v -163.29072571 102.49153900 140.00000000
v -108.13477325 46.34692001 140.00000000
v -28.86370277 41.03527451 140.00000000
v -108.00000000 47.50000000 140.00000000
v -28.46410179 42.00000000 140.00000000
v -108.13477325 48.65307999 140.00000000
v -27.82842636 42.82842636 140.00000000
v -108.53183746 49.74399567 140.00000000
v -27.00000000 43.46409988 140.00000000
v -109.16977692 50.71393967 140.00000000
v -26.03527641 43.86370468 140.00000000
v -26.03527641 96.13629913 140.00000000
v -25.00000000 96.00000000 140.00000000
v -25.00000000 44.00000000 140.00000000
v -23.96472359 96.13629913 140.00000000
v -23.96472359 43.86370468 140.00000000
v -23.00000000 96.53589630 140.00000000
v -23.00000000 43.46409988 140.00000000
v -22.17157364 97.17156982 140.00000000
v -22.17157364 42.82842636 140.00000000
v -21.53589821 98.00000000 140.00000000
v -21.53589821 42.00000000 140.00000000
v -21.13629723 98.96472168 140.00000000
v -21.13629723 41.03527451 140.00000000
v -21.00000000 100.00000000 140.00000000
v -21.00000000 40.00000000 140.00000000
v -21.13629723 38.96472549 140.00000000
v -21.53589821 38.00000000 140.00000000
v -29.00000000 40.00000000 140.00000000
v -108.53183746 45.25600433 140.00000000
v -28.86370277 38.96472549 140.00000000
v -109.16977692 44.28606033 140.00000000
v -28.46410179 38.00000000 140.00000000
v -110.01420593 43.48938370 140.00000000
v -27.82842636 37.17157364 140.00000000
v -111.01959991 42.90892029 140.00000000
v -112.13175964 42.57596207 140.00000000
v -113.29072571 42.50846100 140.00000000
v -114.43401337 42.71005249 140.00000000
v -162.13175964 42.57596207 140.00000000
v -161.01960754 42.90892029 140.00000000
v -115.50000000 43.16987228 140.00000000
v -160.01420593 43.48938370 140.00000000
v -116.43120575 43.86313248 140.00000000
v -159.16978455 44.28606033 140.00000000
v -117.17743683 44.75245667 140.00000000
v -158.53182983 45.25600433 140.00000000
v -117.69846344 45.78989792 140.00000000
v -158.13478088 46.34692001 140.00000000
v -117.96619415 46.91953659 140.00000000
v -158.00000000 47.50000000 140.00000000
v -117.96619415 48.08046341 140.00000000
v -158.13478088 48.65307999 140.00000000
v -137.10324097 60.53355408 140.00000000
v -138.89675903 60.53355408 140.00000000
v -117.69846344 49.21010208 140.00000000
v -117.17743683 50.24754333 140.00000000
v -135.32974243 60.80086517 140.00000000
v -116.43120575 51.13686752 140.00000000
v -133.61590576 61.32951355 140.00000000
v -115.50000000 51.83012772 140.00000000
v -132.00000000 62.10769653 140.00000000
v -114.43401337 52.28994751 140.00000000
v -130.51812744 63.11802292 140.00000000
v -113.29072571 52.49153900 140.00000000
v -129.20338440 64.33792877 140.00000000
v -128.08512878 65.74015808 140.00000000
v -112.13175964 52.42403793 140.00000000
v -127.18837738 67.29339600 140.00000000
v -126.53312683 68.96293640 140.00000000
v -126.13403320 70.71149445 140.00000000
v -163.29072571 42.50846100 140.00000000
v -193.00000000 36.53590012 140.00000000
v -193.96472168 36.13629532 140.00000000
v -192.17156982 37.17157364 140.00000000
v -164.43402100 42.71005249 140.00000000
v -191.53590393 38.00000000 140.00000000
v -165.50000000 43.16987228 140.00000000
v -191.13629150 38.96472549 140.00000000
v -191.00000000 40.00000000 140.00000000
v -166.43121338 43.86313248 140.00000000
v -191.13629150 41.03527451 140.00000000
v -167.17744446 44.75245667 140.00000000
v -191.53590393 42.00000000 140.00000000
v -167.69845581 45.78989792 140.00000000
v -192.17156982 42.82842636 140.00000000
v -167.96618652 46.91953659 140.00000000
v -193.00000000 43.46409988 140.00000000
v -167.96618652 48.08046341 140.00000000
v -167.69845581 49.21010208 140.00000000
v -193.96472168 43.86370468 140.00000000
v -167.17744446 50.24754333 140.00000000
v -166.43121338 51.13686752 140.00000000
v -195.00000000 44.00000000 140.00000000
v -163.29072571 52.49153900 140.00000000
v -148.81163025 67.29339600 140.00000000
v -149.46687317 68.96293640 140.00000000
v -162.13175964 52.42403793 140.00000000
v -146.79661560 64.33792877 140.00000000
v -147.91487122 65.74015808 140.00000000
v -161.01960754 52.09107971 140.00000000
v -144.00000000 62.10769653 140.00000000
v -145.48187256 63.11802292 140.00000000
v -142.38409424 61.32951355 140.00000000
v -160.01420593 51.51061630 140.00000000
v -140.67025757 60.80086517 140.00000000
v -159.16978455 50.71393967 140.00000000
v -158.53182983 49.74399567 140.00000000
v -196.03527832 43.86370468 140.00000000
v -196.03527832 96.13629913 140.00000000
v -197.00000000 43.46409988 140.00000000
v -197.00000000 96.53589630 140.00000000
v -197.82843018 42.82842636 140.00000000
v -197.82843018 97.17156982 140.00000000
v -198.46409607 42.00000000 140.00000000
v -198.46409607 98.00000000 140.00000000
v -198.86370850 41.03527451 140.00000000
v -198.86370850 98.96472168 140.00000000
v -199.00000000 40.00000000 140.00000000
v -199.00000000 100.00000000 140.00000000
v -198.86370850 101.03527832 140.00000000
v -198.46409607 102.00000000 140.00000000
v -197.82843018 102.82843018 140.00000000
v -197.00000000 103.46410370 140.00000000
v -196.03527832 103.86370087 140.00000000
v -195.00000000 104.00000000 140.00000000
v -193.96472168 103.86370087 140.00000000
v -27.00000000 103.46410370 140.00000000
v -26.03527641 103.86370087 140.00000000
v -25.00000000 104.00000000 140.00000000
v -23.96472359 103.86370087 140.00000000
v -23.00000000 103.46410370 140.00000000
v -22.17157364 102.82843018 140.00000000
v -21.53589821 102.00000000 140.00000000
v -21.13629723 101.03527832 140.00000000
v -195.00000000 36.00000000 140.00000000
v -196.03527832 36.13629532 140.00000000
v -197.00000000 36.53590012 140.00000000
v -197.82843018 37.17157364 140.00000000
v -198.46409607 38.00000000 140.00000000
v -198.86370850 38.96472549 140.00000000
v -22.17157364 37.17157364 140.00000000
v -23.00000000 36.53590012 140.00000000
v -23.96472359 36.13629532 140.00000000
v -25.00000000 36.00000000 140.00000000
v -26.03527641 36.13629532 140.00000000
v -27.00000000 36.53590012 140.00000000
v -200.00000000 135.00000000 130.00000000
v -200.00000000 10.00000000 130.00000000
v -20.00000000 10.00000000 130.00000000
v -155.86357117 70.28800964 130.00000000
v -156.00000000 72.50000000 130.00000000
v -155.86357117 74.71199036 130.00000000
v -155.45634460 76.89044952 130.00000000
v -154.78450012 79.00234985 130.00000000
v -153.85821533 81.01568604 130.00000000
v -152.69154358 82.89992523 130.00000000
v -151.30215454 84.62651825 130.00000000
v -149.71113586 86.16928864 130.00000000
v -147.94256592 87.50484467 130.00000000
v -146.02328491 88.61293793 130.00000000
v -143.98239136 89.47677612 130.00000000
v -141.85079956 90.08326721 130.00000000
v -139.66082764 90.42321777 130.00000000
v -137.44569397 90.49146271 130.00000000
v -135.23895264 90.28697968 130.00000000
v -133.07406616 89.81285858 130.00000000
v -130.98385620 89.07630157 130.00000000
v -129.00000000 88.08845520 130.00000000
v -127.15258026 86.86431122 130.00000000
v -125.46958923 85.42241669 130.00000000
v -123.97654724 83.78462982 130.00000000
v -122.69609070 81.97577667 130.00000000
v -121.64762878 80.02328491 130.00000000
v -120.84704590 77.95674896 130.00000000
v -120.30648041 75.80749512 130.00000000
v -120.03414154 73.60809326 130.00000000
v -120.03414154 71.39190674 130.00000000
v -120.30648041 69.19250488 130.00000000
v -120.84704590 67.04325104 130.00000000
v -121.64762878 64.97671509 130.00000000
v -122.69609070 63.02421951 130.00000000
v -123.97654724 61.21537018 130.00000000
v -125.46958923 59.57758713 130.00000000
v -127.15258026 58.13568878 130.00000000
v -129.00000000 56.91154099 130.00000000
v -130.98385620 55.92370224 130.00000000
v -133.07406616 55.18713760 130.00000000
v -135.23895264 54.71302032 130.00000000
v -137.44569397 54.50853729 130.00000000
v -139.66082764 54.57678604 130.00000000
v -141.85079956 54.91672897 130.00000000
v -143.98239136 55.52322006 130.00000000
v -146.02328491 56.38706207 130.00000000
v -147.94256592 57.49515533 130.00000000
v -149.71113586 58.83071136 130.00000000
v -151.30215454 60.37347794 130.00000000
v -152.69154358 62.10007095 130.00000000
v -153.85821533 63.98431778 130.00000000
v -154.78450012 65.99765015 130.00000000
v -155.45634460 68.10955048 130.00000000
v -114.98932648 46.77594376 130.00000000
v -115.11699677 47.50000000 130.00000000
v -114.98932648 48.22405624 130.00000000
v -114.62171936 48.86078262 130.00000000
v -114.05850220 49.33337402 130.00000000
v -113.36761475 49.58483887 130.00000000
v -112.63238525 49.58483887 130.00000000
v -111.94149780 49.33337402 130.00000000
v -111.37828064 48.86078262 130.00000000
v -111.01067352 48.22405624 130.00000000
v -110.88300323 47.50000000 130.00000000
v -111.01067352 46.77594376 130.00000000
v -111.37828064 46.13921738 130.00000000
v -111.94149780 45.66662598 130.00000000
v -112.63238525 45.41516113 130.00000000
v -113.36761475 45.41516113 130.00000000
v -114.05850220 45.66662598 130.00000000
v -114.62171936 46.13921738 130.00000000
v -164.98933411 46.77594376 130.00000000
v -165.11700439 47.50000000 130.00000000
v -164.98933411 48.22405624 130.00000000
v -164.62171936 48.86078262 130.00000000
v -164.05850220 49.33337402 130.00000000
v -163.36761475 49.58483887 130.00000000
v -162.63238525 49.58483887 130.00000000
v -161.94149780 49.33337402 130.00000000
v -161.37828064 48.86078262 130.00000000
v -161.01066589 48.22405624 130.00000000
v -160.88299561 47.50000000 130.00000000
v -161.01066589 46.77594376 130.00000000
v -161.37828064 46.13921738 130.00000000
v -161.94149780 45.66662598 130.00000000
v -162.63238525 45.41516113 130.00000000
v -163.36761475 45.41516113 130.00000000
v -164.05850220 45.66662598 130.00000000
v -164.62171936 46.13921738 130.00000000
v -164.98933411 96.77593994 130.00000000
v -165.11700439 97.50000000 130.00000000
v -164.98933411 98.22406006 130.00000000
v -164.62171936 98.86077881 130.00000000
v -164.05850220 99.33337402 130.00000000
v -163.36761475 99.58483887 130.00000000
v -162.63238525 99.58483887 130.00000000
v -161.94149780 99.33337402 130.00000000
v -161.37828064 98.86077881 130.00000000
v -161.01066589 98.22406006 130.00000000
v -160.88299561 97.50000000 130.00000000
v -161.01066589 96.77593994 130.00000000
v -161.37828064 96.13922119 130.00000000
v -161.94149780 95.66662598 130.00000000
v -162.63238525 95.41516113 130.00000000
v -163.36761475 95.41516113 130.00000000
v -164.05850220 95.66662598 130.00000000
v -164.62171936 96.13922119 130.00000000
v -114.98932648 96.77593994 130.00000000
v -115.11699677 97.50000000 130.00000000
v -114.98932648 98.22406006 130.00000000
v -114.62171936 98.86077881 130.00000000
v -114.05850220 99.33337402 130.00000000
v -113.36761475 99.58483887 130.00000000
v -112.63238525 99.58483887 130.00000000
v -111.94149780 99.33337402 130.00000000
v -111.37828064 98.86077881 130.00000000
v -111.01067352 98.22406006 130.00000000
v -110.88300323 97.50000000 130.00000000
v -111.01067352 96.77593994 130.00000000
v -111.37828064 96.13922119 130.00000000
v -111.94149780 95.66662598 130.00000000
v -112.63238525 95.41516113 130.00000000
v -113.36761475 95.41516113 130.00000000
v -114.05850220 95.66662598 130.00000000
v -114.62171936 96.13922119 130.00000000
v -192.63545227 100.81175232 130.00000000
v -192.50000000 100.00000000 130.00000000
v -192.63545227 99.18824768 130.00000000
v -193.02714539 98.46446991 130.00000000
v -193.63262939 97.90708160 130.00000000
v -194.38629150 97.57649994 130.00000000
v -195.20645142 97.50853729 130.00000000
v -196.00424194 97.71056366 130.00000000
v -196.69320679 98.16069031 130.00000000
v -197.19868469 98.81013489 130.00000000
v -197.46589661 99.58851624 130.00000000
v -197.46589661 100.41148376 130.00000000
v -197.19868469 101.18986511 130.00000000
v -196.69320679 101.83930969 130.00000000
v -196.00424194 102.28943634 130.00000000
v -195.20645142 102.49146271 130.00000000
v -194.38629150 102.42350006 130.00000000
v -193.63262939 102.09291840 130.00000000
v -193.02714539 101.53553009 130.00000000
v -22.63545609 100.81175232 130.00000000
v -22.50000000 100.00000000 130.00000000
v -22.63545609 99.18824768 130.00000000
v -23.02714920 98.46446991 130.00000000
v -23.63262939 97.90708160 130.00000000
v -24.38628578 97.57649994 130.00000000
v -25.20644760 97.50853729 130.00000000
v -26.00423813 97.71056366 130.00000000
v -26.69320488 98.16069031 130.00000000
v -27.19868469 98.81013489 130.00000000
v -27.46590233 99.58851624 130.00000000
v -27.46590233 100.41148376 130.00000000
v -27.19868469 101.18986511 130.00000000
v -26.69320488 101.83930969 130.00000000
v -26.00423813 102.28943634 130.00000000
v -25.20644760 102.49146271 130.00000000
v -24.38628578 102.42350006 130.00000000
v -23.63262939 102.09291840 130.00000000
v -23.02714920 101.53553009 130.00000000
v -192.63545227 40.81174850 130.00000000
v -192.50000000 40.00000000 130.00000000
v -192.63545227 39.18825150 130.00000000
v -193.02714539 38.46446991 130.00000000
v -193.63262939 37.90708542 130.00000000
v -194.38629150 37.57649994 130.00000000
v -195.20645142 37.50853729 130.00000000
v -196.00424194 37.71056747 130.00000000
v -196.69320679 38.16069031 130.00000000
v -197.19868469 38.81013107 130.00000000
v -197.46589661 39.58851242 130.00000000
v -197.46589661 40.41148758 130.00000000
v -197.19868469 41.18986893 130.00000000
v -196.69320679 41.83930969 130.00000000
v -196.00424194 42.28943253 130.00000000
v -195.20645142 42.49146271 130.00000000
v -194.38629150 42.42350006 130.00000000
v -193.63262939 42.09291458 130.00000000
v -193.02714539 41.53553009 130.00000000
v -22.63545609 40.81174850 130.00000000
v -22.50000000 40.00000000 130.00000000
v -22.63545609 39.18825150 130.00000000
v -23.02714920 38.46446991 130.00000000
v -23.63262939 37.90708542 130.00000000
v -24.38628578 37.57649994 130.00000000
v -25.20644760 37.50853729 130.00000000
v -26.00423813 37.71056747 130.00000000
v -26.69320488 38.16069031 130.00000000
v -27.19868469 38.81013107 130.00000000
v -27.46590233 39.58851242 130.00000000
v -27.46590233 40.41148758 130.00000000
v -27.19868469 41.18986893 130.00000000
v -26.69320488 41.83930969 130.00000000
v -26.00423813 42.28943253 130.00000000
v -25.20644760 42.49146271 130.00000000
v -24.38628578 42.42350006 130.00000000
v -23.63262939 42.09291458 130.00000000
v -23.02714920 41.53553009 130.00000000
v -20.00000000 135.00000000 130.00000000
f 1 2 3
f 3 2 4
f 3 4 5
f 3 5 6
f 6 5 7
f 6 7 8
f 9 11 10
f 10 11 12
f 10 12 13
f 14 15 9
f 9 15 16
f 9 16 17
f 18 19 14
f 14 19 20
f 14 20 21
f 10 22 18
f 18 22 23
f 18 23 24
f 25 26 9
f 9 26 11
f 13 27 10
f 10 27 22
f 22 27 28
f 28 27 29
f 28 29 30
f 30 29 31
f 30 31 32
f 32 31 33
f 32 33 34
f 34 33 35
f 34 35 36
f 36 35 37
f 36 37 38
f 38 37 39
f 38 39 40
f 40 39 15
f 40 15 14
f 17 41 9
f 9 41 25
f 24 19 18
f 21 42 14
f 14 42 43
f 14 43 44
f 44 40 14
f 46 45 48
f 48 45 47
f 49 50 52
f 52 50 51
f 53 54 55
f 55 54 56
f 55 56 57
f 57 56 58
f 57 58 59
f 59 58 60
f 59 60 61
f 61 60 62
f 61 62 63
f 63 62 64
f 63 64 65
f 65 64 66
f 65 66 67
f 67 66 68
f 67 68 69
f 69 68 70
f 69 70 71
f 71 70 72
f 71 72 73
f 73 72 74
f 73 74 75
f 75 74 76
f 75 76 77
f 77 76 78
f 77 78 79
f 79 78 80
f 79 80 81
f 81 80 82
f 81 82 83
f 83 82 84
f 83 84 85
f 85 84 86
f 85 86 87
f 87 86 88
f 87 88 89
f 89 88 90
f 89 90 91
f 91 90 92
f 91 92 93
f 93 92 94
f 93 94 95
f 95 94 96
f 95 96 97
f 97 96 98
f 97 98 99
f 99 98 100
f 99 100 101
f 101 100 102
f 101 102 103
f 103 102 104
f 103 104 105
f 105 104 106
f 105 106 107
f 107 106 108
f 107 108 109
f 109 108 110
f 109 110 111
f 111 110 112
f 111 112 113
f 113 112 114
f 113 114 115
f 115 114 116
f 115 116 117
f 117 116 118
f 117 118 119
f 119 118 120
f 119 120 121
f 121 120 122
f 121 122 123
f 123 122 124
f 123 124 125
f 125 124 126
f 125 126 127
f 127 126 128
f 127 128 129
f 129 128 130
f 129 130 131
f 131 130 132
f 131 132 133
f 133 132 134
f 133 134 135
f 135 134 136
f 135 136 137
f 137 136 138
f 137 138 139
f 139 138 140
f 139 140 141
f 141 140 142
f 141 142 143
f 143 142 144
f 143 144 145
f 145 144 146
f 145 146 147
f 147 146 148
f 147 148 149
f 149 148 150
f 149 150 151
f 151 150 152
f 151 152 153
f 153 152 154
f 153 154 53
f 53 154 54
f 206 155 207
f 207 155 156
f 207 156 157
f 208 204 206
f 206 204 205
f 206 205 155
f 204 208 203
f 203 208 209
f 203 209 202
f 202 209 201
f 201 209 210
f 201 210 200
f 200 210 199
f 199 210 211
f 199 211 198
f 198 211 212
f 198 212 197
f 197 212 196
f 196 212 213
f 196 213 195
f 195 213 194
f 194 213 214
f 194 214 193
f 193 214 215
f 193 215 192
f 192 215 191
f 191 215 216
f 191 216 190
f 190 216 189
f 189 216 217
f 189 217 188
f 188 217 187
f 187 217 218
f 187 218 186
f 186 218 219
f 186 219 185
f 185 219 184
f 184 219 220
f 184 220 183
f 183 220 182
f 182 220 221
f 182 221 181
f 181 221 222
f 181 222 180
f 180 222 179
f 179 222 223
f 179 223 178
f 178 223 177
f 177 223 224
f 177 224 176
f 176 224 225
f 176 225 175
f 175 225 174
f 174 225 226
f 174 226 173
f 173 226 172
f 172 226 227
f 172 227 171
f 171 227 170
f 170 227 228
f 170 228 169
f 169 228 229
f 169 229 168
f 168 229 167
f 167 229 230
f 167 230 166
f 166 230 165
f 165 230 231
f 165 231 164
f 164 231 232
f 164 232 163
f 163 232 162
f 162 232 233
f 162 233 161
f 161 233 160
f 160 233 234
f 160 234 159
f 159 234 235
f 159 235 158
f 158 235 157
f 157 235 207
f 263 236 264
f 264 236 237
f 264 237 265
f 265 237 238
f 265 238 266
f 266 238 239
f 266 239 267
f 267 239 240
f 267 240 268
f 268 240 241
f 268 241 269
f 269 241 242
f 269 242 270
f 270 242 243
f 270 243 271
f 271 243 244
f 271 244 272
f 272 244 245
f 272 245 273
f 273 245 262
f 273 262 274
f 274 262 261
f 274 261 275
f 275 261 260
f 275 260 276
f 276 260 259
f 276 259 277
f 277 259 258
f 277 258 278
f 278 258 257
f 278 257 279
f 279 257 256
f 279 256 280
f 280 256 255
f 280 255 281
f 281 255 254
f 281 254 282
f 282 254 253
f 282 253 283
f 283 253 252
f 283 252 284
f 284 252 251
f 284 251 285
f 285 251 250
f 285 250 286
f 286 250 249
f 286 249 287
f 287 249 248
f 287 248 288
f 288 248 247
f 288 247 289
f 289 247 246
f 289 246 263
f 263 246 236
f 317 304 318
f 318 304 305
f 318 305 319
f 319 305 306
f 319 306 307
f 320 302 317
f 317 302 303
f 317 303 304
f 302 320 301
f 301 320 321
f 301 321 300
f 300 321 299
f 299 321 322
f 299 322 298
f 298 322 323
f 298 323 297
f 297 323 296
f 296 323 324
f 296 324 295
f 295 324 325
f 295 325 294
f 294 325 293
f 293 325 326
f 293 326 292
f 292 326 327
f 292 327 291
f 291 327 290
f 290 327 328
f 290 328 316
f 316 328 329
f 316 329 315
f 315 329 314
f 314 329 330
f 314 330 313
f 313 330 331
f 313 331 312
f 312 331 311
f 311 331 332
f 311 332 310
f 310 332 333
f 310 333 309
f 309 333 308
f 308 333 334
f 308 334 307
f 307 334 319
f 362 338 363
f 363 338 337
f 363 337 364
f 364 337 342
f 364 342 365
f 365 342 343
f 365 343 366
f 366 343 344
f 366 344 367
f 367 344 345
f 367 345 368
f 368 345 336
f 368 336 369
f 369 336 335
f 369 335 370
f 370 335 361
f 370 361 371
f 371 361 360
f 371 360 372
f 372 360 359
f 372 359 373
f 373 359 358
f 373 358 374
f 374 358 357
f 374 357 375
f 375 357 356
f 375 356 376
f 376 356 355
f 376 355 377
f 377 355 354
f 377 354 378
f 378 354 353
f 378 353 379
f 379 353 352
f 379 352 380
f 380 352 351
f 380 351 381
f 381 351 350
f 381 350 382
f 382 350 349
f 382 349 383
f 383 349 348
f 383 348 384
f 384 348 347
f 384 347 385
f 385 347 346
f 385 346 386
f 386 346 341
f 386 341 387
f 387 341 340
f 387 340 388
f 388 340 339
f 388 339 362
f 362 339 338
f 416 403 417
f 417 403 404
f 417 404 418
f 418 404 405
f 418 405 406
f 419 401 416
f 416 401 402
f 416 402 403
f 401 419 400
f 400 419 420
f 400 420 399
f 399 420 398
f 398 420 421
f 398 421 397
f 397 421 422
f 397 422 396
f 396 422 395
f 395 422 423
f 395 423 394
f 394 423 424
f 394 424 393
f 393 424 392
f 392 424 425
f 392 425 391
f 391 425 426
f 391 426 390
f 390 426 389
f 389 426 427
f 389 427 415
f 415 427 428
f 415 428 414
f 414 428 413
f 413 428 429
f 413 429 412
f 412 429 430
f 412 430 411
f 411 430 410
f 410 430 431
f 410 431 409
f 409 431 432
f 409 432 408
f 408 432 407
f 407 432 433
f 407 433 406
f 406 433 418
f 461 436 462
f 462 436 437
f 462 437 463
f 463 437 438
f 463 438 464
f 464 438 439
f 464 439 465
f 465 439 440
f 465 440 466
f 466 440 434
f 466 434 467
f 467 434 435
f 467 435 468
f 468 435 460
f 468 460 469
f 469 460 459
f 469 459 470
f 470 459 458
f 470 458 471
f 471 458 457
f 471 457 472
f 472 457 456
f 472 456 473
f 473 456 455
f 473 455 474
f 474 455 454
f 474 454 475
f 475 454 453
f 475 453 476
f 476 453 452
f 476 452 477
f 477 452 451
f 477 451 478
f 478 451 450
f 478 450 479
f 479 450 449
f 479 449 480
f 480 449 448
f 480 448 481
f 481 448 447
f 481 447 482
f 482 447 446
f 482 446 483
f 483 446 445
f 483 445 484
f 484 445 444
f 484 444 485
f 485 444 443
f 485 443 486
f 486 443 442
f 486 442 487
f 487 442 441
f 487 441 461
f 461 441 436
f 515 502 516
f 516 502 503
f 516 503 517
f 517 503 504
f 517 504 505
f 518 500 515
f 515 500 501
f 515 501 502
f 500 518 499
f 499 518 519
f 499 519 498
f 498 519 497
f 497 519 520
f 497 520 496
f 496 520 521
f 496 521 495
f 495 521 494
f 494 521 522
f 494 522 493
f 493 522 523
f 493 523 492
f 492 523 491
f 491 523 524
f 491 524 490
f 490 524 525
f 490 525 489
f 489 525 488
f 488 525 526
f 488 526 514
f 514 526 527
f 514 527 513
f 513 527 512
f 512 527 528
f 512 528 511
f 511 528 529
f 511 529 510
f 510 529 509
f 509 529 530
f 509 530 508
f 508 530 531
f 508 531 507
f 507 531 506
f 506 531 532
f 506 532 505
f 505 532 517
f 560 540 561
f 561 540 541
f 561 541 562
f 562 541 542
f 562 542 563
f 563 542 559
f 563 559 564
f 564 559 558
f 564 558 565
f 565 558 557
f 565 557 566
f 566 557 556
f 566 556 567
f 567 556 555
f 567 555 568
f 568 555 554
f 568 554 569
f 569 554 534
f 569 534 570
f 570 534 533
f 570 533 571
f 571 533 553
f 571 553 572
f 572 553 552
f 572 552 573
f 573 552 551
f 573 551 574
f 574 551 550
f 574 550 575
f 575 550 549
f 575 549 576
f 576 549 548
f 576 548 577
f 577 548 547
f 577 547 578
f 578 547 546
f 578 546 579
f 579 546 545
f 579 545 580
f 580 545 544
f 580 544 581
f 581 544 543
f 581 543 582
f 582 543 535
f 582 535 583
f 583 535 536
f 583 536 584
f 584 536 537
f 584 537 585
f 585 537 538
f 585 538 586
f 586 538 539
f 586 539 560
f 560 539 540
f 614 601 615
f 615 601 602
f 615 602 616
f 616 602 603
f 616 603 604
f 617 599 614
f 614 599 600
f 614 600 601
f 599 617 598
f 598 617 618
f 598 618 597
f 597 618 596
f 596 618 619
f 596 619 595
f 595 619 620
f 595 620 594
f 594 620 593
f 593 620 621
f 593 621 592
f 592 621 622
f 592 622 591
f 591 622 590
f 590 622 623
f 590 623 589
f 589 623 624
f 589 624 588
f 588 624 587
f 587 624 625
f 587 625 613
f 613 625 626
f 613 626 612
f 612 626 611
f 611 626 627
f 611 627 610
f 610 627 628
f 610 628 609
f 609 628 608
f 608 628 629
f 608 629 607
f 607 629 630
f 607 630 606
f 606 630 605
f 605 630 631
f 605 631 604
f 604 631 616
f 633 634 632
f 632 634 635
f 637 638 636
f 636 638 639
f 640 644 641
f 641 644 645
f 641 645 642
f 642 645 646
f 642 646 643
f 643 646 647
f 648 650 649
f 649 650 651
f 652 656 653
f 653 656 657
f 653 657 654
f 654 657 658
f 654 658 655
f 655 658 659
f 660 662 661
f 661 662 663
f 664 666 665
f 665 666 667
f 668 672 669
f 669 672 673
f 669 673 670
f 670 673 674
f 670 674 671
f 671 674 675
f 676 678 677
f 677 678 679
f 681 685 682
f 682 685 686
f 682 686 683
f 683 686 687
f 683 687 680
f 680 687 684
f 689 690 688
f 688 690 691
f 693 694 692
f 692 694 695
f 696 700 697
f 697 700 701
f 697 701 698
f 698 701 702
f 698 702 699
f 699 702 703
f 704 706 705
f 705 706 707
f 708 712 709
f 709 712 713
f 709 713 710
f 710 713 714
f 710 714 711
f 711 714 715
f 716 718 717
f 717 718 719
f 720 722 721
f 721 722 723
f 724 728 725
f 725 728 729
f 725 729 726
f 726 729 730
f 726 730 727
f 727 730 731
f 732 734 733
f 733 734 735
f 737 741 738
f 738 741 742
f 738 742 739
f 739 742 743
f 739 743 736
f 736 743 740
f 745 746 744
f 744 746 747
f 749 750 748
f 748 750 751
f 752 756 753
f 753 756 757
f 753 757 754
f 754 757 758
f 754 758 755
f 755 758 759
f 760 762 761
f 761 762 763
f 764 768 765
f 765 768 769
f 765 769 766
f 766 769 770
f 766 770 767
f 767 770 771
f 772 774 773
f 773 774 775
f 776 778 777
f 777 778 779
f 780 784 781
f 781 784 785
f 781 785 782
f 782 785 786
f 782 786 783
f 783 786 787
f 788 790 789
f 789 790 791
f 793 797 794
f 794 797 798
f 794 798 795
f 795 798 799
f 795 799 792
f 792 799 796
f 801 802 800
f 800 802 803
f 805 806 804
f 804 806 807
f 808 812 809
f 809 812 813
f 809 813 810
f 810 813 814
f 810 814 811
f 811 814 815
f 816 818 817
f 817 818 819
f 820 824 821
f 821 824 825
f 821 825 822
f 822 825 826
f 822 826 823
f 823 826 827
f 828 830 829
f 829 830 831
f 832 834 833
f 833 834 835
f 836 840 837
f 837 840 841
f 837 841 838
f 838 841 842
f 838 842 839
f 839 842 843
f 844 846 845
f 845 846 847
f 849 853 850
f 850 853 854
f 850 854 851
f 851 854 855
f 851 855 848
f 848 855 852
f 898 889 899
f 899 889 856
f 899 856 900
f 900 856 857
f 900 857 901
f 901 857 858
f 901 858 902
f 902 858 859
f 902 859 903
f 903 859 860
f 903 860 904
f 904 860 861
f 904 861 905
f 905 861 862
f 905 862 906
f 906 862 863
f 906 863 907
f 907 863 864
f 907 864 908
f 908 864 865
f 908 865 909
f 909 865 866
f 909 866 910
f 910 866 867
f 910 867 911
f 911 867 868
f 911 868 912
f 912 868 869
f 912 869 913
f 913 869 870
f 913 870 914
f 914 870 871
f 914 871 915
f 915 871 872
f 915 872 916
f 916 872 873
f 916 873 917
f 917 873 874
f 917 874 918
f 918 874 875
f 918 875 919
f 919 875 876
f 919 876 920
f 920 876 877
f 920 877 921
f 921 877 878
f 921 878 922
f 922 878 891
f 922 891 923
f 923 891 890
f 923 890 924
f 924 890 893
f 924 893 925
f 925 893 892
f 925 892 926
f 926 892 895
f 926 895 927
f 927 895 894
f 927 894 928
f 928 894 896
f 928 896 929
f 929 896 897
f 929 897 930
f 930 897 880
f 930 880 931
f 931 880 879
f 931 879 932
f 932 879 881
f 932 881 933
f 933 881 882
f 933 882 934
f 934 882 883
f 934 883 935
f 935 883 884
f 935 884 936
f 936 884 885
f 936 885 937
f 937 885 886
f 937 886 938
f 938 886 887
f 938 887 939
f 939 887 888
f 939 888 898
f 898 888 889
f 982 940 983
f 983 940 941
f 983 941 942
f 940 982 981
f 981 982 984
f 981 984 980
f 980 984 985
f 980 985 979
f 979 985 978
f 978 985 986
f 978 986 977
f 977 986 987
f 977 987 976
f 976 987 975
f 975 987 988
f 975 988 974
f 974 988 989
f 974 989 973
f 973 989 990
f 973 990 972
f 972 990 971
f 971 990 991
f 971 991 970
f 970 991 992
f 970 992 969
f 969 992 968
f 968 992 993
f 968 993 967
f 967 993 994
f 967 994 966
f 966 994 965
f 965 994 995
f 965 995 964
f 964 995 996
f 964 996 963
f 963 996 997
f 963 997 962
f 962 997 961
f 961 997 998
f 961 998 960
f 960 998 999
f 960 999 959
f 959 999 1000
f 959 1000 958
f 958 1000 957
f 957 1000 1001
f 957 1001 956
f 956 1001 1002
f 956 1002 955
f 955 1002 954
f 954 1002 1003
f 954 1003 953
f 953 1003 1004
f 953 1004 952
f 952 1004 1005
f 952 1005 951
f 951 1005 950
f 950 1005 1006
f 950 1006 949
f 949 1006 1007
f 949 1007 948
f 948 1007 947
f 947 1007 1008
f 947 1008 946
f 946 1008 1009
f 946 1009 945
f 945 1009 944
f 944 1009 1010
f 944 1010 943
f 943 1010 1011
f 943 1011 942
f 942 1011 983
f 1041 1058 1013
f 1013 1058 1057
f 1013 1057 1012
f 1012 1057 1056
f 1012 1056 1014
f 1014 1056 1055
f 1014 1055 1015
f 1015 1055 1054
f 1015 1054 1016
f 1016 1054 1053
f 1016 1053 1017
f 1017 1053 1052
f 1017 1052 1018
f 1018 1052 1051
f 1018 1051 1019
f 1019 1051 1050
f 1019 1050 1020
f 1020 1050 1049
f 1020 1049 1021
f 1021 1049 1048
f 1021 1048 1022
f 1022 1048 1047
f 1022 1047 1023
f 1023 1047 1046
f 1023 1046 1024
f 1024 1046 1045
f 1024 1045 1025
f 1025 1045 1044
f 1025 1044 1026
f 1026 1044 1042
f 1026 1042 1027
f 1027 1042 1043
f 1027 1043 1028
f 1028 1043 1071
f 1028 1071 1029
f 1029 1071 1070
f 1029 1070 1030
f 1030 1070 1069
f 1030 1069 1031
f 1031 1069 1068
f 1031 1068 1032
f 1032 1068 1067
f 1032 1067 1033
f 1033 1067 1066
f 1033 1066 1034
f 1034 1066 1065
f 1034 1065 1035
f 1035 1065 1064
f 1035 1064 1036
f 1036 1064 1063
f 1036 1063 1037
f 1037 1063 1062
f 1037 1062 1038
f 1038 1062 1061
f 1038 1061 1039
f 1039 1061 1060
f 1039 1060 1040
f 1040 1060 1059
f 1040 1059 1041
f 1041 1059 1058
f 1072 1073 1074
f 1074 1073 1075
f 1076 1077 1078
f 1078 1077 1079
f 1080 1081 1082
f 1082 1081 1083
f 1084 1085 1086
f 1086 1085 1087
f 1088 1089 1090
f 1090 1089 1091
f 1092 1093 1094
f 1094 1093 1095
f 1096 1097 1098
f 1098 1097 1099
f 1100 1101 1102
f 1102 1101 1103
f 1104 1105 1106
f 1106 1105 1107
f 1108 1109 1110
f 1110 1109 1111
f 1112 1113 1114
f 1114 1113 1115
f 1116 1117 1118
f 1118 1117 1119
f 1120 1121 1122
f 1122 1121 1123
f 1124 1125 1126
f 1126 1125 1127
f 1128 1129 1130
f 1130 1129 1131
f 1134 1135 1132
f 1132 1135 1133
f 1136 1146 1137
f 1137 1146 1145
f 1137 1145 1138
f 1138 1145 1144
f 1138 1144 1139
f 1139 1144 1143
f 1139 1143 1140
f 1140 1143 1142
f 1140 1142 1141
f 1146 1136 1147
f 1147 1136 1151
f 1147 1151 1148
f 1148 1151 1150
f 1148 1150 1149
f 1152 1153 1154
f 1154 1153 1155
f 1156 1157 1158
f 1158 1157 1159
f 1160 1161 1162
f 1162 1161 1163
f 1164 1165 1166
f 1166 1165 1167
f 1168 1169 1170
f 1170 1169 1171
f 1172 1173 1174
f 1174 1173 1175
f 1176 1177 1178
f 1178 1177 1179
f 1180 1181 1182
f 1182 1181 1183
f 1184 1185 1186
f 1186 1185 1187
f 1188 1189 1190
f 1190 1189 1191
f 1192 1193 1194
f 1194 1193 1195
f 1196 1197 1198
f 1198 1197 1199
f 1200 1201 1202
f 1202 1201 1203
f 1204 1205 1206
f 1206 1205 1207
f 1208 1209 1210
f 1210 1209 1211
f 1214 1215 1212
f 1212 1215 1213
f 1216 1226 1217
f 1217 1226 1225
f 1217 1225 1218
f 1218 1225 1224
f 1218 1224 1219
f 1219 1224 1223
f 1219 1223 1220
f 1220 1223 1222
f 1220 1222 1221
f 1226 1216 1227
f 1227 1216 1231
f 1227 1231 1228
f 1228 1231 1230
f 1228 1230 1229
f 1233 1234 1232
f 1232 1234 1235
f 1237 1238 1236
f 1236 1238 1239
f 1241 1242 1240
f 1240 1242 1243
f 1245 1246 1244
f 1244 1246 1247
f 1249 1250 1248
f 1248 1250 1251
f 1252 1254 1253
f 1253 1254 1255
f 1256 1258 1257
f 1257 1258 1259
f 1261 1262 1260
f 1260 1262 1263
f 1264 1266 1265
f 1265 1266 1267
f 1268 1270 1269
f 1269 1270 1271
f 1272 1274 1273
f 1273 1274 1275
f 1276 1278 1277
f 1277 1278 1279
f 1280 1282 1281
f 1281 1282 1283
f 1285 1286 1284
f 1284 1286 1287
f 1289 1290 1288
f 1288 1290 1291
f 1293 1295 1292
f 1292 1295 1294
f 1296 1306 1297
f 1297 1306 1305
f 1297 1305 1298
f 1298 1305 1304
f 1298 1304 1299
f 1299 1304 1303
f 1299 1303 1300
f 1300 1303 1302
f 1300 1302 1301
f 1306 1296 1307
f 1307 1296 1311
f 1307 1311 1308
f 1308 1311 1310
f 1308 1310 1309
f 1312 1314 1313
f 1313 1314 1315
f 1317 1318 1316
f 1316 1318 1319
f 1320 1322 1321
f 1321 1322 1323
f 1324 1326 1325
f 1325 1326 1327
f 1328 1330 1329
f 1329 1330 1331
f 1332 1334 1333
f 1333 1334 1335
f 1336 1338 1337
f 1337 1338 1339
f 1340 1342 1341
f 1341 1342 1343
f 1344 1346 1345
f 1345 1346 1347
f 1348 1350 1349
f 1349 1350 1351
f 1352 1354 1353
f 1353 1354 1355
f 1357 1358 1356
f 1356 1358 1359
f 1360 1362 1361
f 1361 1362 1363
f 1364 1366 1365
f 1365 1366 1367
f 1368 1370 1369
f 1369 1370 1371
f 1373 1375 1372
f 1372 1375 1374
f 1376 1386 1377
f 1377 1386 1385
f 1377 1385 1378
f 1378 1385 1384
f 1378 1384 1379
f 1379 1384 1383
f 1379 1383 1380
f 1380 1383 1382
f 1380 1382 1381
f 1386 1376 1387
f 1387 1376 1391
f 1387 1391 1388
f 1388 1391 1390
f 1388 1390 1389
f 1416 1397 1417
f 1417 1397 1398
f 1417 1398 1418
f 1418 1398 1399
f 1418 1399 1419
f 1419 1399 1400
f 1419 1400 1420
f 1420 1400 1401
f 1420 1401 1421
f 1421 1401 1402
f 1421 1402 1422
f 1422 1402 1415
f 1422 1415 1423
f 1423 1415 1414
f 1423 1414 1424
f 1424 1414 1413
f 1424 1413 1425
f 1425 1413 1412
f 1425 1412 1426
f 1426 1412 1411
f 1426 1411 1427
f 1427 1411 1410
f 1427 1410 1428
f 1428 1410 1409
f 1428 1409 1429
f 1429 1409 1408
f 1429 1408 1430
f 1430 1408 1407
f 1430 1407 1431
f 1431 1407 1406
f 1431 1406 1432
f 1432 1406 1405
f 1432 1405 1433
f 1433 1405 1404
f 1433 1404 1434
f 1434 1404 1403
f 1434 1403 1435
f 1435 1403 1392
f 1435 1392 1436
f 1436 1392 1393
f 1436 1393 1437
f 1437 1393 1394
f 1437 1394 1438
f 1438 1394 1395
f 1438 1395 1439
f 1439 1395 1396
f 1439 1396 1416
f 1416 1396 1397
f 1464 1440 1465
f 1465 1440 1441
f 1465 1441 1442
f 1440 1464 1463
f 1463 1464 1466
f 1463 1466 1462
f 1462 1466 1467
f 1462 1467 1461
f 1461 1467 1468
f 1461 1468 1460
f 1460 1468 1459
f 1459 1468 1469
f 1459 1469 1458
f 1458 1469 1470
f 1458 1470 1457
f 1457 1470 1471
f 1457 1471 1456
f 1456 1471 1472
f 1456 1472 1455
f 1455 1472 1454
f 1454 1472 1473
f 1454 1473 1453
f 1453 1473 1474
f 1453 1474 1452
f 1452 1474 1475
f 1452 1475 1451
f 1451 1475 1450
f 1450 1475 1476
f 1450 1476 1449
f 1449 1476 1477
f 1449 1477 1448
f 1448 1477 1478
f 1448 1478 1447
f 1447 1478 1479
f 1447 1479 1446
f 1446 1479 1445
f 1445 1479 1480
f 1445 1480 1444
f 1444 1480 1481
f 1444 1481 1443
f 1443 1481 1482
f 1443 1482 1442
f 1442 1482 1465
f 1507 1497 1508
f 1508 1497 1498
f 1508 1498 1509
f 1509 1498 1506
f 1509 1506 1510
f 1510 1506 1505
f 1510 1505 1511
f 1511 1505 1504
f 1511 1504 1512
f 1512 1504 1503
f 1512 1503 1513
f 1513 1503 1502
f 1513 1502 1514
f 1514 1502 1501
f 1514 1501 1515
f 1515 1501 1500
f 1515 1500 1516
f 1516 1500 1499
f 1516 1499 1517
f 1517 1499 1487
f 1517 1487 1518
f 1518 1487 1486
f 1518 1486 1519
f 1519 1486 1485
f 1519 1485 1520
f 1520 1485 1484
f 1520 1484 1521
f 1521 1484 1483
f 1521 1483 1522
f 1522 1483 1488
f 1522 1488 1523
f 1523 1488 1489
f 1523 1489 1524
f 1524 1489 1490
f 1524 1490 1525
f 1525 1490 1491
f 1525 1491 1526
f 1526 1491 1492
f 1526 1492 1527
f 1527 1492 1493
f 1527 1493 1528
f 1528 1493 1494
f 1528 1494 1529
f 1529 1494 1495
f 1529 1495 1530
f 1530 1495 1496
f 1530 1496 1507
f 1507 1496 1497
f 1555 1531 1556
f 1556 1531 1532
f 1556 1532 1533
f 1531 1555 1554
f 1554 1555 1557
f 1554 1557 1553
f 1553 1557 1558
f 1553 1558 1552
f 1552 1558 1559
f 1552 1559 1551
f 1551 1559 1550
f 1550 1559 1560
f 1550 1560 1549
f 1549 1560 1561
f 1549 1561 1548
f 1548 1561 1562
f 1548 1562 1547
f 1547 1562 1563
f 1547 1563 1546
f 1546 1563 1545
f 1545 1563 1564
f 1545 1564 1544
f 1544 1564 1565
f 1544 1565 1543
f 1543 1565 1566
f 1543 1566 1542
f 1542 1566 1541
f 1541 1566 1567
f 1541 1567 1540
f 1540 1567 1568
f 1540 1568 1539
f 1539 1568 1569
f 1539 1569 1538
f 1538 1569 1570
f 1538 1570 1537
f 1537 1570 1536
f 1536 1570 1571
f 1536 1571 1535
f 1535 1571 1572
f 1535 1572 1534
f 1534 1572 1573
f 1534 1573 1533
f 1533 1573 1556
f 1598 1578 1599
f 1599 1578 1579
f 1599 1579 1600
f 1600 1579 1580
f 1600 1580 1601
f 1601 1580 1581
f 1601 1581 1602
f 1602 1581 1582
f 1602 1582 1603
f 1603 1582 1583
f 1603 1583 1604
f 1604 1583 1584
f 1604 1584 1605
f 1605 1584 1585
f 1605 1585 1606
f 1606 1585 1586
f 1606 1586 1607
f 1607 1586 1587
f 1607 1587 1608
f 1608 1587 1588
f 1608 1588 1609
f 1609 1588 1589
f 1609 1589 1610
f 1610 1589 1590
f 1610 1590 1611
f 1611 1590 1591
f 1611 1591 1612
f 1612 1591 1597
f 1612 1597 1613
f 1613 1597 1596
f 1613 1596 1614
f 1614 1596 1595
f 1614 1595 1615
f 1615 1595 1594
f 1615 1594 1616
f 1616 1594 1593
f 1616 1593 1617
f 1617 1593 1592
f 1617 1592 1618
f 1618 1592 1575
f 1618 1575 1619
f 1619 1575 1574
f 1619 1574 1620
f 1620 1574 1576
f 1620 1576 1621
f 1621 1576 1577
f 1621 1577 1598
f 1598 1577 1578
f 1646 1622 1647
f 1647 1622 1623
f 1647 1623 1624
f 1622 1646 1645
f 1645 1646 1648
f 1645 1648 1644
f 1644 1648 1649
f 1644 1649 1643
f 1643 1649 1650
f 1643 1650 1642
f 1642 1650 1641
f 1641 1650 1651
f 1641 1651 1640
f 1640 1651 1652
f 1640 1652 1639
f 1639 1652 1653
f 1639 1653 1638
f 1638 1653 1654
f 1638 1654 1637
f 1637 1654 1636
f 1636 1654 1655
f 1636 1655 1635
f 1635 1655 1656
f 1635 1656 1634
f 1634 1656 1657
f 1634 1657 1633
f 1633 1657 1632
f 1632 1657 1658
f 1632 1658 1631
f 1631 1658 1659
f 1631 1659 1630
f 1630 1659 1660
f 1630 1660 1629
f 1629 1660 1661
f 1629 1661 1628
f 1628 1661 1627
f 1627 1661 1662
f 1627 1662 1626
f 1626 1662 1663
f 1626 1663 1625
f 1625 1663 1664
f 1625 1664 1624
f 1624 1664 1647
f 1689 1677 1690
f 1690 1677 1676
f 1690 1676 1691
f 1691 1676 1675
f 1691 1675 1692
f 1692 1675 1674
f 1692 1674 1693
f 1693 1674 1673
f 1693 1673 1694
f 1694 1673 1672
f 1694 1672 1695
f 1695 1672 1671
f 1695 1671 1696
f 1696 1671 1670
f 1696 1670 1697
f 1697 1670 1669
f 1697 1669 1698
f 1698 1669 1668
f 1698 1668 1699
f 1699 1668 1667
f 1699 1667 1700
f 1700 1667 1666
f 1700 1666 1701
f 1701 1666 1665
f 1701 1665 1702
f 1702 1665 1679
f 1702 1679 1703
f 1703 1679 1680
f 1703 1680 1704
f 1704 1680 1681
f 1704 1681 1705
f 1705 1681 1682
f 1705 1682 1706
f 1706 1682 1688
f 1706 1688 1707
f 1707 1688 1687
f 1707 1687 1708
f 1708 1687 1686
f 1708 1686 1709
f 1709 1686 1685
f 1709 1685 1710
f 1710 1685 1684
f 1710 1684 1711
f 1711 1684 1683
f 1711 1683 1712
f 1712 1683 1678
f 1712 1678 1689
f 1689 1678 1677
f 1737 1713 1738
f 1738 1713 1714
f 1738 1714 1715
f 1713 1737 1736
f 1736 1737 1739
f 1736 1739 1735
f 1735 1739 1740
f 1735 1740 1734
f 1734 1740 1741
f 1734 1741 1733
f 1733 1741 1732
f 1732 1741 1742
f 1732 1742 1731
f 1731 1742 1743
f 1731 1743 1730
f 1730 1743 1744
f 1730 1744 1729
f 1729 1744 1745
f 1729 1745 1728
f 1728 1745 1727
f 1727 1745 1746
f 1727 1746 1726
f 1726 1746 1747
f 1726 1747 1725
f 1725 1747 1748
f 1725 1748 1724
f 1724 1748 1723
f 1723 1748 1749
f 1723 1749 1722
f 1722 1749 1750
f 1722 1750 1721
f 1721 1750 1751
f 1721 1751 1720
f 1720 1751 1752
f 1720 1752 1719
f 1719 1752 1718
f 1718 1752 1753
f 1718 1753 1717
f 1717 1753 1754
f 1717 1754 1716
f 1716 1754 1755
f 1716 1755 1715
f 1715 1755 1738
f 1774 1775 1757
f 1757 1775 1776
f 1757 1776 1756
f 1756 1776 1777
f 1756 1777 1758
f 1758 1777 1778
f 1758 1778 1759
f 1759 1778 1779
f 1759 1779 1760
f 1760 1779 1780
f 1760 1780 1761
f 1761 1780 1781
f 1761 1781 1762
f 1762 1781 1782
f 1762 1782 1763
f 1763 1782 1783
f 1763 1783 1764
f 1764 1783 1784
f 1764 1784 1765
f 1765 1784 1785
f 1765 1785 1766
f 1766 1785 1786
f 1766 1786 1767
f 1767 1786 1787
f 1767 1787 1768
f 1768 1787 1788
f 1768 1788 1769
f 1769 1788 1789
f 1769 1789 1770
f 1770 1789 1790
f 1770 1790 1771
f 1771 1790 1791
f 1771 1791 1772
f 1772 1791 1792
f 1772 1792 1773
f 1773 1792 1793
f 1773 1793 1774
f 1774 1793 1775
f 1812 1813 1795
f 1795 1813 1814
f 1795 1814 1794
f 1794 1814 1815
f 1794 1815 1796
f 1796 1815 1816
f 1796 1816 1797
f 1797 1816 1817
f 1797 1817 1798
f 1798 1817 1818
f 1798 1818 1799
f 1799 1818 1819
f 1799 1819 1800
f 1800 1819 1820
f 1800 1820 1801
f 1801 1820 1821
f 1801 1821 1802
f 1802 1821 1822
f 1802 1822 1803
f 1803 1822 1823
f 1803 1823 1804
f 1804 1823 1824
f 1804 1824 1805
f 1805 1824 1825
f 1805 1825 1806
f 1806 1825 1826
f 1806 1826 1807
f 1807 1826 1827
f 1807 1827 1808
f 1808 1827 1828
f 1808 1828 1809
f 1809 1828 1829
f 1809 1829 1810
f 1810 1829 1830
f 1810 1830 1811
f 1811 1830 1831
f 1811 1831 1812
f 1812 1831 1813
f 1850 1851 1833
f 1833 1851 1852
f 1833 1852 1832
f 1832 1852 1853
f 1832 1853 1834
f 1834 1853 1854
f 1834 1854 1835
f 1835 1854 1855
f 1835 1855 1836
f 1836 1855 1856
f 1836 1856 1837
f 1837 1856 1857
f 1837 1857 1838
f 1838 1857 1858
f 1838 1858 1839
f 1839 1858 1859
f 1839 1859 1840
f 1840 1859 1860
f 1840 1860 1841
f 1841 1860 1861
f 1841 1861 1842
f 1842 1861 1862
f 1842 1862 1843
f 1843 1862 1863
f 1843 1863 1844
f 1844 1863 1864
f 1844 1864 1845
f 1845 1864 1865
f 1845 1865 1846
f 1846 1865 1866
f 1846 1866 1847
f 1847 1866 1867
f 1847 1867 1848
f 1848 1867 1868
f 1848 1868 1849
f 1849 1868 1869
f 1849 1869 1850
f 1850 1869 1851
f 1888 1889 1871
f 1871 1889 1890
f 1871 1890 1870
f 1870 1890 1891
f 1870 1891 1872
f 1872 1891 1892
f 1872 1892 1873
f 1873 1892 1893
f 1873 1893 1874
f 1874 1893 1894
f 1874 1894 1875
f 1875 1894 1895
f 1875 1895 1876
f 1876 1895 1896
f 1876 1896 1877
f 1877 1896 1897
f 1877 1897 1878
f 1878 1897 1898
f 1878 1898 1879
f 1879 1898 1899
f 1879 1899 1880
f 1880 1899 1900
f 1880 1900 1881
f 1881 1900 1901
f 1881 1901 1882
f 1882 1901 1902
f 1882 1902 1883
f 1883 1902 1903
f 1883 1903 1884
f 1884 1903 1904
f 1884 1904 1885
f 1885 1904 1905
f 1885 1905 1886
f 1886 1905 1906
f 1886 1906 1887
f 1887 1906 1907
f 1887 1907 1888
f 1888 1907 1889
f 1942 1928 1943
f 1943 1928 1929
f 1943 1929 1930
f 1909 1924 1942
f 1942 1924 1938
f 1942 1938 1939
f 1908 1918 1909
f 1909 1918 1919
f 1909 1919 1920
f 1943 1915 1908
f 1908 1915 1916
f 1908 1916 1917
f 1926 1927 1942
f 1942 1927 1928
f 1930 1931 1943
f 1943 1931 1915
f 1931 1932 1915
f 1915 1932 1914
f 1914 1932 1933
f 1914 1933 1913
f 1913 1933 1934
f 1913 1934 1912
f 1912 1934 1911
f 1911 1934 1935
f 1911 1935 1936
f 1911 1936 1910
f 1910 1936 1937
f 1910 1937 1925
f 1925 1937 1938
f 1925 1938 1924
f 1939 1940 1942
f 1942 1940 1941
f 1942 1941 1926
f 1917 1918 1908
f 1920 1921 1909
f 1909 1921 1922
f 1909 1922 1923
f 1923 1924 1909
f 1945 1944 1946
f 1946 1944 1947
f 1948 1949 1951
f 1951 1949 1950
f 1955 1957 1956
f 1956 1957 1958
f 1956 1958 1959
f 1954 1953 1955
f 1955 1953 1952
f 1955 1952 1957
f 1963 1964 1965
f 1965 1964 1966
f 1965 1966 1967
f 1967 1966 1968
f 1967 1968 1969
f 1969 1968 1970
f 1969 1970 1971
f 1971 1970 1972
f 1971 1972 1973
f 1973 1972 1974
f 1973 1974 1975
f 1975 1974 1976
f 1976 1974 1977
f 1977 1974 1960
f 1977 1960 1978
f 1978 1960 1979
f 1978 1979 1980
f 1964 1963 1981
f 1981 1963 1982
f 1981 1982 1983
f 1983 1982 1984
f 1983 1984 1985
f 1985 1984 1986
f 1985 1986 1987
f 1987 1986 1988
f 1988 1986 1989
f 1988 1989 1990
f 1990 1989 1991
f 1991 1989 1992
f 1992 1989 1993
f 1992 1993 1994
f 1994 1993 1995
f 1995 1993 1996
f 1995 1996 1997
f 1997 1996 1998
f 1998 1996 1999
f 1998 1999 2000
f 2000 1999 2001
f 2000 2001 2002
f 2002 2001 2003
f 2002 2003 2004
f 2004 2003 2005
f 2004 2005 2006
f 2006 2005 2007
f 2006 2007 2008
f 2009 2010 2008
f 2008 2010 2011
f 2008 2011 2006
f 2006 2011 2012
f 2012 2011 2013
f 2012 2013 2014
f 2014 2013 2015
f 2014 2015 2016
f 2010 2009 2017
f 2017 2009 2018
f 2017 2018 2019
f 2019 2018 2020
f 2019 2020 2021
f 2021 2020 2022
f 2021 2022 2023
f 2023 2022 2024
f 2023 2024 1980
f 1980 2024 1978
f 2014 2016 2025
f 2025 2016 2026
f 2025 2026 2027
f 2027 2026 2028
f 2027 2028 2029
f 2029 2028 2030
f 2030 2028 2031
f 2030 2031 2032
f 2032 2031 2033
f 2033 2031 2034
f 2033 2034 2035
f 2035 2034 2036
f 2036 2034 2037
f 2036 2037 2038
f 2038 2037 2039
f 2039 2037 2040
f 2039 2040 2041
f 2037 2034 2042
f 2042 2034 2043
f 2042 2043 2044
f 2042 2044 2045
f 2045 2044 2046
f 2045 2046 2047
f 2047 2046 2048
f 2047 2048 2049
f 2049 2048 2050
f 2049 2050 2051
f 2051 2050 2052
f 2051 2052 2053
f 2053 2052 2054
f 2053 2054 2055
f 2055 2054 2056
f 2055 2056 2057
f 2057 2056 2058
f 2057 2058 2059
f 2059 2058 2060
f 2059 2060 2061
f 2061 2060 2062
f 2061 2062 1960
f 1960 2062 2063
f 1960 2063 1979
f 2064 2065 2066
f 2066 2065 2067
f 2066 2067 2068
f 2068 2067 2069
f 2068 2069 2070
f 2070 2069 2071
f 2070 2071 2072
f 2072 2071 1987
f 1987 2071 2073
f 1987 2073 2074
f 2074 2073 2075
f 2075 2073 2076
f 2075 2076 2077
f 2077 2076 2078
f 2077 2078 2079
f 2079 2078 2080
f 2079 2080 2081
f 2081 2080 2082
f 2081 2082 2083
f 2083 2082 2084
f 2083 2084 2085
f 2085 2084 2086
f 2085 2086 2087
f 2087 2086 2088
f 2087 2088 1962
f 1962 2088 2089
f 1962 2089 2090
f 2065 2064 2091
f 2091 2064 2092
f 2091 2092 2093
f 2093 2092 2094
f 2093 2094 2095
f 2095 2094 2096
f 2095 2096 2097
f 2097 2096 2098
f 2097 2098 1962
f 1962 2098 2099
f 1962 2099 2100
f 1962 2100 1961
f 1961 2100 2101
f 1961 2101 2102
f 2102 2101 2103
f 2103 2101 2104
f 2103 2104 2105
f 2105 2104 2106
f 2105 2106 2107
f 2107 2106 2108
f 2107 2108 2109
f 2109 2108 2110
f 2109 2110 2111
f 2111 2110 2112
f 2111 2112 2113
f 2113 2112 2114
f 2113 2114 2115
f 2115 2114 2116
f 2115 2116 2117
f 2114 2118 2116
f 2116 2118 2119
f 2116 2119 2120
f 2120 2119 2121
f 2120 2121 2122
f 2122 2121 2123
f 2122 2123 2124
f 2124 2123 2125
f 2124 2125 2126
f 2126 2125 2127
f 2126 2127 2128
f 2128 2127 2129
f 2129 2127 2130
f 2129 2130 2131
f 2131 2130 2132
f 2132 2130 1988
f 2132 1988 2133
f 2133 1988 1990
f 2102 2134 1961
f 1961 2134 2135
f 1961 2135 2136
f 2135 2134 2137
f 2137 2134 2138
f 2137 2138 2139
f 2139 2138 2140
f 2139 2140 2141
f 2141 2140 2142
f 2142 2140 2143
f 2142 2143 2144
f 2144 2143 2145
f 2144 2145 2146
f 2146 2145 2147
f 2146 2147 2148
f 2148 2147 2149
f 2148 2149 2150
f 2150 2149 2151
f 2150 2151 2152
f 2150 2152 2153
f 2153 2152 2154
f 2153 2154 2155
f 2153 2155 2156
f 2156 2155 2040
f 2156 2040 2037
f 2157 2158 2041
f 2041 2158 2159
f 2041 2159 2039
f 2160 2161 2157
f 2157 2161 2162
f 2157 2162 2158
f 2163 2164 2160
f 2160 2164 2165
f 2160 2165 2161
f 2164 2163 2166
f 2166 2163 2167
f 2166 2167 2168
f 2168 2167 2169
f 2168 2169 2170
f 2168 2170 2117
f 2117 2170 2115
f 2156 2037 2171
f 2171 2037 2172
f 2171 2172 2173
f 2173 2172 2174
f 2173 2174 2175
f 2175 2174 2176
f 2175 2176 2177
f 2177 2176 2178
f 2177 2178 2179
f 2179 2178 2180
f 2179 2180 2181
f 2181 2180 2182
f 2181 2182 1961
f 1961 2182 1960
f 1960 2182 2183
f 1960 2183 2184
f 2184 2185 1960
f 1960 2185 2186
f 1960 2186 2187
f 2187 2188 1960
f 1960 2188 2189
f 1960 2189 2061
f 2074 1985 1987
f 1972 2190 1974
f 1974 2190 2191
f 1974 2191 2192
f 2192 2193 1974
f 1974 2193 2194
f 1974 2194 2195
f 2195 2196 1974
f 1974 2196 2197
f 1974 2197 2087
f 2136 2198 1961
f 1961 2198 2199
f 1961 2199 2200
f 2200 2201 1961
f 1961 2201 2202
f 1961 2202 2203
f 2203 2181 1961
f 2090 2204 1962
f 1962 2204 2205
f 1962 2205 2206
f 2206 2207 1962
f 1962 2207 2208
f 1962 2208 2209
f 2209 2097 1962
f 1962 1974 2087
f 2213 2342 2214
f 2214 2342 2341
f 2214 2341 2215
f 2215 2341 2216
f 2216 2341 2316
f 2216 2316 2217
f 2217 2316 2315
f 2217 2315 2218
f 2218 2315 2219
f 2219 2315 2314
f 2219 2314 2220
f 2220 2314 2221
f 2221 2314 2313
f 2221 2313 2222
f 2222 2313 2312
f 2222 2312 2223
f 2223 2312 2311
f 2223 2311 2224
f 2224 2311 2310
f 2224 2310 2225
f 2225 2310 2309
f 2225 2309 2226
f 2226 2309 2308
f 2226 2308 2227
f 2227 2308 2321
f 2227 2321 2228
f 2228 2321 2320
f 2228 2320 2229
f 2229 2320 2319
f 2229 2319 2230
f 2230 2319 2318
f 2230 2318 2231
f 2231 2318 2335
f 2231 2335 2232
f 2232 2335 2334
f 2232 2334 2233
f 2233 2334 2333
f 2233 2333 2234
f 2234 2333 2332
f 2234 2332 2235
f 2235 2332 2236
f 2236 2332 2331
f 2236 2331 2237
f 2237 2331 2238
f 2238 2331 2330
f 2238 2330 2239
f 2239 2330 2363
f 2239 2363 2240
f 2240 2363 2362
f 2240 2362 2272
f 2272 2362 2406
f 2272 2406 2273
f 2273 2406 2405
f 2273 2405 2274
f 2274 2405 2404
f 2274 2404 2275
f 2275 2404 2403
f 2275 2403 2276
f 2276 2403 2402
f 2276 2402 2277
f 2277 2402 2401
f 2277 2401 2212
f 2212 2401 2400
f 2212 2400 2399
f 2263 2390 2213
f 2213 2390 2389
f 2213 2389 2342
f 2342 2389 2343
f 2343 2389 2388
f 2343 2388 2344
f 2344 2388 2387
f 2344 2387 2345
f 2345 2387 2386
f 2345 2386 2346
f 2346 2386 2385
f 2346 2385 2211
f 2211 2385 2384
f 2211 2384 2383
f 2390 2263 2286
f 2286 2263 2262
f 2286 2262 2287
f 2287 2262 2261
f 2287 2261 2260
f 2287 2260 2288
f 2288 2260 2259
f 2288 2259 2258
f 2288 2258 2289
f 2289 2258 2257
f 2289 2257 2290
f 2290 2257 2256
f 2290 2256 2291
f 2291 2256 2255
f 2291 2255 2292
f 2292 2255 2254
f 2292 2254 2293
f 2293 2254 2253
f 2293 2253 2294
f 2294 2253 2252
f 2294 2252 2281
f 2281 2252 2251
f 2281 2251 2264
f 2264 2251 2250
f 2264 2250 2265
f 2265 2250 2249
f 2265 2249 2266
f 2266 2249 2248
f 2266 2248 2267
f 2267 2248 2247
f 2267 2247 2268
f 2268 2247 2246
f 2268 2246 2269
f 2269 2246 2245
f 2269 2245 2270
f 2270 2245 2244
f 2270 2244 2243
f 2270 2243 2271
f 2271 2243 2242
f 2271 2242 2241
f 2271 2241 2272
f 2272 2241 2240
f 2294 2281 2295
f 2295 2281 2280
f 2295 2280 2296
f 2296 2280 2279
f 2296 2279 2211
f 2211 2279 2278
f 2211 2278 2212
f 2212 2278 2277
f 2282 2392 2283
f 2283 2392 2391
f 2283 2391 2284
f 2284 2391 2285
f 2285 2391 2390
f 2285 2390 2286
f 2392 2282 2374
f 2374 2282 2299
f 2374 2299 2375
f 2375 2299 2298
f 2375 2298 2376
f 2376 2298 2377
f 2377 2298 2297
f 2377 2297 2378
f 2378 2297 2211
f 2378 2211 2379
f 2379 2211 2380
f 2380 2211 2381
f 2381 2211 2382
f 2382 2211 2383
f 2297 2296 2211
f 2300 2338 2301
f 2301 2338 2337
f 2301 2337 2302
f 2302 2337 2336
f 2302 2336 2303
f 2303 2336 2354
f 2303 2354 2304
f 2304 2354 2353
f 2304 2353 2305
f 2305 2353 2210
f 2305 2210 2306
f 2306 2210 2323
f 2306 2323 2307
f 2307 2323 2322
f 2307 2322 2308
f 2308 2322 2321
f 2338 2300 2339
f 2339 2300 2317
f 2339 2317 2340
f 2340 2317 2316
f 2340 2316 2341
f 2363 2330 2364
f 2364 2330 2329
f 2364 2329 2365
f 2365 2329 2328
f 2365 2328 2366
f 2366 2328 2327
f 2366 2327 2367
f 2367 2327 2326
f 2367 2326 2368
f 2368 2326 2325
f 2368 2325 2412
f 2412 2325 2324
f 2412 2324 2210
f 2210 2324 2323
f 2353 2352 2210
f 2210 2352 2351
f 2210 2351 2350
f 2350 2349 2210
f 2210 2349 2348
f 2210 2348 2347
f 2347 2346 2210
f 2210 2346 2211
f 2355 2412 2356
f 2356 2412 2212
f 2356 2212 2394
f 2394 2212 2395
f 2395 2212 2396
f 2396 2212 2397
f 2397 2212 2398
f 2398 2212 2399
f 2355 2373 2412
f 2412 2373 2372
f 2412 2372 2371
f 2371 2370 2412
f 2412 2370 2369
f 2412 2369 2368
f 2361 2408 2362
f 2362 2408 2407
f 2362 2407 2406
f 2361 2360 2408
f 2408 2360 2409
f 2409 2360 2359
f 2409 2359 2410
f 2410 2359 2358
f 2410 2358 2411
f 2411 2358 2357
f 2411 2357 2393
f 2393 2357 2356
f 2393 2356 2394

