# https://github.com/mikedh/trimesh
v -26.23739243 18.26096153 268.12496948
v -34.03570175 26.01528168 256.09234619
v -39.07572174 20.85530090 252.83364868
v -28.59679031 14.41639233 267.87689209
v -29.34621048 30.38813210 257.95932007
v -23.43442154 21.74233055 268.41995239
v -20.23227310 24.79236221 268.75732422
v -24.85489273 33.53454208 259.04379272
v -20.21886063 35.95795059 259.75497437
v -16.68548203 27.36722183 269.13076782
v 4.08165073 32.01287079 271.29428101
v 5.81300449 41.74052048 263.25326538
v 0.44623947 41.88269043 262.57083130
v -0.24657059 32.23990250 270.84768677
v 11.23878574 40.79830170 263.94244385
v 8.34297276 31.19718170 271.73269653
v 12.45597935 29.79396057 272.15551758
v 16.55858040 39.02046204 264.62069702
v 21.66844177 36.49726105 265.30377197
v 16.34214783 27.81951141 272.55621338
v 30.03953934 10.59610271 274.00790405
v 40.21940994 14.49668217 268.39926147
v 37.73252869 19.91411209 267.90151978
v 28.21699905 14.84625244 273.80920410
v 41.91814041 9.18174553 268.75952148
v 31.31034851 6.50735140 274.14758301
v 31.96598816 3.08669019 274.21960449
v 42.70243835 4.44608736 268.91851807
v 42.86597824 0.00007074 268.94766235
v 32.13999939 0.00007372 274.23870850
v 25.03565979 40.68165970 262.32635498
v 26.46445847 33.31898117 266.00753784
v 30.19675827 37.14850998 263.18334961
v 34.72037888 32.93878174 264.03598022
v 42.00397873 37.72967148 254.06263733
v 37.04695129 42.60782242 252.40000916
v 38.56362152 27.97356224 264.84121704
v 46.08826828 32.37231064 255.44384766
v 30.81373978 29.47563171 266.69525146
v 34.58351135 24.95721054 267.33004761
v 41.82508850 22.41958237 265.55361938
v 49.55213928 26.39697075 256.57049561
v 44.60340881 16.44359207 266.12762451
v 46.67461014 10.52127266 266.51483154
v 55.00386047 12.76273251 258.11187744
v 52.64799881 19.66488075 257.46954346
v 47.81482697 5.12832928 266.66677856
v 19.92298889 25.29014206 272.92819214
v 23.13282967 22.25195122 273.26501465
v -64.29073334 1.85447419 191.84902954
v -60.19466400 4.27494621 208.58628845
v -60.01454163 7.60014248 208.19583130
v -64.11716461 3.31557918 192.47680664
v -60.32920074 0.00004459 208.81835938
v -64.35227203 0.00003267 191.69378662
v -57.12802887 0.00005134 219.69696045
v -56.89137268 5.22348547 219.54499817
v -56.55461121 9.24645042 219.28482056
v -40.58959961 16.25584221 253.11100769
v -30.46839142 10.27678204 267.68026733
v -41.81552124 11.71943283 252.98513794
v -31.78002167 6.31273651 267.54254150
v -52.59500122 6.25575018 230.23890686
v -52.15347290 11.05097198 229.93618774
v -52.90608215 0.00005903 230.41506958
v -48.73332214 0.00006545 239.97557068
v -48.37685013 6.92426348 239.74790955
v -47.06849289 13.62040234 240.49913025
v 25.90613937 18.75109100 273.56008911
v -4.69673061 41.26041031 261.91287231
v -4.56025982 31.87713051 270.40023804
v -8.78551006 30.93478203 269.95977783
v -9.81184101 39.98350143 261.23733521
v 7.10765171 46.76235962 259.88961792
v 1.11695957 46.90915298 259.09463501
v 13.21040440 45.72167969 260.70373535
v 17.09977722 54.51021957 245.63967896
v 10.40498447 56.52513123 243.37203979
v -4.61636066 46.33209229 258.34790039
v -2.22227001 57.75003052 239.19335938
v -8.25067997 57.31111145 237.23655701
v -10.18861103 45.13097000 257.61544800
v 4.01719761 57.51539230 241.23571777
v -57.26216125 15.46656227 217.75564575
v -53.10852814 17.36922073 228.12709045
v -48.83193970 19.70636177 237.08197021
v -52.14009857 31.85210228 219.37689209
v -56.21594238 27.35066223 214.59356689
v -43.26354980 17.74092102 246.86825562
v -44.89567184 22.79405212 244.21858215
v -40.80198288 26.62779236 249.40979004
v -42.12440109 41.03593063 225.41377258
v -47.37391281 36.45683289 222.81462097
v -36.05327225 31.20307159 252.52851868
v -26.07416153 38.78354263 255.35607910
v -31.02038193 35.57123184 254.27665710
v -21.02822113 41.25625229 256.10531616
v -60.82948303 13.68234253 206.36930847
v 31.15357971 47.07556152 250.41728210
v -30.93706131 49.36425018 229.72445679
v -36.59878159 45.46045303 227.68145752
v 24.26029968 51.20170975 248.07598877
v 37.56373978 52.75263214 231.94569397
v 30.12794876 57.78326035 228.38752747
v 21.86949158 62.33962250 223.97036743
v 13.96290684 64.68320465 220.96852112
v 0.89289951 66.31178284 215.12203979
v 7.30030870 65.86458588 218.00718689
v -5.25519085 66.16009521 212.31533813
v -19.63299942 54.64279175 233.50971985
v -16.99948883 64.21894836 206.86169434
v -23.07271194 61.93564224 204.05056763
v -25.27933121 52.38115311 231.64971924
v -29.31647110 58.82274246 201.15838623
v -35.68754196 55.00806046 198.18766785
v -56.40418243 34.69584274 189.28553772
v -52.16557312 40.63996124 190.93296814
v -60.06480408 27.99586105 187.96052551
v -59.55850220 23.23781204 208.37643433
v -65.70110321 12.31642246 186.21255493
v -65.65990448 7.07466030 189.09654236
v -62.12483978 19.79885101 200.63737488
v -63.19608307 20.45842171 186.90043640
v 19.27998352 43.61708069 261.50787354
v 57.36272049 29.27254105 241.18771362
v 53.97779846 35.44626999 239.60928345
v -41.80813217 50.65072250 195.37583923
v -47.30055237 45.90980148 192.96034241
v -66.17990112 3.72000718 187.44253540
v 44.17267990 47.09030151 235.04948425
v 49.72175980 41.19020081 237.62774658
v -66.73976135 5.71211529 183.80606079
v -67.00601196 0.00002708 182.87443542
v -66.38829803 0.00002993 186.82264709
v 60.29856873 22.08303070 242.55673218
v 62.62450027 14.51178265 243.64134216
v 56.24769974 6.27723742 258.46829224
v 64.17981720 7.19283724 244.36657715
v 64.76485443 0.00005027 244.63937378
v 56.59156799 0.00006140 258.57504272
v 55.31340027 35.30353165 229.29124451
v 76.38298035 29.31947136 226.81832886
v 74.65263367 34.96128082 224.70063782
v 51.65079880 41.05574036 227.58430481
v 77.92964935 23.31478119 228.62301636
v 58.56261063 28.93106079 230.82701111
v 31.36619949 60.58759308 113.99928284
v 63.27631760 58.78556061 122.72676086
v 64.82201385 56.13643265 119.10063934
v 33.93566132 58.58644104 111.71147919
v 62.00358963 60.97500229 126.73471069
v 29.18873978 62.07961273 116.69715118
v 60.07053757 26.78929138 96.16822815
v 78.15029144 24.22335052 99.92598724
v 79.32698059 18.61115074 98.52426910
v 62.36445999 21.02552223 95.10417175
v 76.74909973 29.78373146 101.70451355
v 57.32732010 32.32773209 97.45829010
v 65.68247986 7.00517750 234.26210022
v 80.37087250 5.43467045 231.50814819
v 79.89183044 11.07723236 230.95764160
v 64.20848083 14.17851257 233.53250122
v 80.52935028 0.00004009 231.68148804
v 66.15620422 0.00004311 234.50466919
v 61.68140793 21.68827057 232.31413269
v 79.08863831 17.13565063 229.99932861
v 65.53443909 53.66950989 212.70628357
v 63.45096970 56.94832230 208.92759705
v 31.29307938 60.54598999 214.46562195
v 33.95917892 58.68414307 217.25679016
v 61.79734802 59.54244995 204.87654114
v 29.17919159 61.81104279 211.31724548
v 57.50757980 66.45724487 182.65394592
v 57.04999924 67.37066650 175.10807800
v 20.92085266 67.00074768 176.55584717
v 21.82295418 66.37865448 186.82789612
v 56.89356995 67.81622314 167.08427429
v 20.43721199 67.33244324 165.38476562
v 26.60923958 63.58339310 120.82653046
v 27.24161911 62.61404037 116.54344177
v 25.00684929 63.92669296 120.63716125
v 24.14152908 64.95344543 126.66166687
v 22.82701111 65.18396759 126.45275879
v 59.41147995 64.77303314 137.18255615
v 60.67078781 63.00168991 131.53813171
v 23.04188919 65.57595825 195.20611572
v 22.01313972 65.72577667 195.17404175
v 23.48762894 64.76566315 201.93518066
v 24.68317986 64.53865814 201.92414856
v 20.88740540 66.49192810 186.77191162
v 20.01283264 67.10850525 176.47430420
v 19.52568054 67.43813324 165.26928711
v 20.47373962 67.26402283 154.30941772
v 19.56227112 67.34347534 154.14491272
v 57.06916809 67.75713348 158.92085266
v 21.07853889 66.82485199 143.83752441
v 20.12208557 66.89831543 143.63142395
v 22.29957962 66.04429626 134.47680664
v 21.20457458 66.17650604 134.25910950
v 25.40851974 63.56727982 207.30978394
v 26.85242844 63.21281052 207.21563721
v 27.46595955 62.29589081 211.61463928
v 36.31554031 55.96678162 221.62382507
v 37.94266891 55.49198151 220.28678894
v 31.99021912 59.26284027 218.36848450
v 41.45066833 51.61310196 224.65405273
v 42.60108948 51.29976273 223.18569946
v 70.91535950 44.81938171 219.67375183
v 68.23426819 49.49259186 216.36787415
v 57.56258011 67.21124268 151.00239563
v 81.19097137 3.97476912 96.56098938
v 66.15141296 4.91751957 93.14530945
v 65.37641907 9.99607849 93.55940247
v 80.86370087 8.27452946 96.94679260
v 66.41938782 -0.00006069 93.00074005
v 81.27970886 -0.00007841 96.42649078
v 66.97392273 52.73065186 115.44256592
v 37.69112015 55.55532074 108.81239319
v 42.06391907 51.63717270 105.79663086
v 69.32295227 48.78458023 111.97050476
v -35.00324249 56.28448105 186.21260071
v -35.25428009 55.83449173 190.64343262
v -28.87652969 59.58203125 193.57113647
v -28.61896133 59.98882294 189.00126648
v -34.73237228 56.76969147 181.43070984
v -28.33890152 60.43054962 184.03396606
v -40.86276245 52.55932999 178.95860291
v -41.12795258 52.03676987 183.57482910
v -41.37537003 51.54897308 187.88140869
v -46.63265991 47.40093231 181.28930664
v -46.87434006 46.87810135 185.50648499
v -46.37486267 47.95824051 176.79229736
v -51.33016205 42.77009964 174.91149902
v -51.56220245 42.19449234 179.33934021
v -51.78047943 41.65293121 183.50462341
v -55.96154785 36.23501205 177.70823669
v -56.12297821 35.70448303 181.86189270
v -55.79010010 36.79857254 173.29588318
v -59.79369354 29.78860092 171.88514709
v -59.89726257 29.29316139 176.26736450
v -59.98422241 28.82644081 180.40396118
v -63.43588257 21.13957214 174.88815308
v -63.44667816 20.81252098 178.95654297
v -63.38001251 21.48510170 170.61900330
v -66.06275177 13.20554256 169.54508972
v -66.06503296 13.02246284 173.69529724
v -66.00547028 12.84729195 177.65557861
v 13.66243076 66.71573639 120.16226959
v 18.07658386 65.84735870 120.29101562
v 18.48298836 65.48502350 116.30120850
v 13.73500156 66.51518250 116.24774933
v 8.65751743 67.43845367 120.03822327
v 8.69639683 67.25173187 116.21667480
v 8.60380650 67.65269470 125.56452942
v 13.56150818 66.96076202 125.81256104
v 17.63908386 66.25099182 126.03201294
v 22.01036072 64.79951477 120.45399475
v 23.32914925 63.96691132 116.40562439
v 20.69355774 65.63760376 126.24414062
v 24.35065842 63.26428223 113.82527161
v 18.78340340 65.16700745 113.77435303
v 29.02888870 61.45541000 113.90272522
v 31.61864090 59.58730316 109.40554047
v 25.10268021 62.49980164 108.68295288
v 19.07417297 64.64365387 108.67021179
v 14.07026768 66.08703613 206.19523621
v 14.01390171 65.69724274 211.30352783
v 19.63706970 64.56073761 212.23017883
v 19.18800354 65.15377808 207.11166382
v 14.13975525 66.46087646 200.66040039
v 18.76478577 65.69434357 201.57563782
v 8.38276768 67.18187714 199.05122375
v 8.07737923 66.85583496 204.57511902
v 7.79100180 66.54957581 209.56011963
v -10.44929981 66.55656433 196.94567871
v -10.70172977 66.22256470 201.92657471
v -4.82417011 66.83743286 204.56788635
v -4.57791042 67.18327332 199.50500488
v -10.17187977 66.92343903 191.47398376
v -4.30980015 67.56343842 193.93539429
v -15.94398022 65.56736755 189.08285522
v -16.24757004 65.21324158 194.39758301
v -16.52384186 64.89067841 199.23619080
v -67.10677338 7.93631220 117.76573181
v -65.44030762 16.10838127 117.84675598
v -65.36134338 16.16753197 115.66909790
v -67.02098846 7.97987843 115.64878845
v -67.62270355 -0.00002114 117.73583984
v -67.53633118 -0.00002252 115.64131165
v -67.72466278 -0.00001870 120.96006775
v -67.21569061 7.78360224 121.01960754
v -65.55596161 15.86780262 121.18125153
v -67.77780151 6.55581617 152.10762024
v -66.22369385 13.86486244 152.81991577
v -66.29560089 14.15044212 146.11221313
v -67.89974213 6.70349932 145.40220642
v -68.21772003 0.00000485 151.81477356
v -68.35926056 -0.00000039 145.07566833
v -67.98882294 0.00000909 158.24621582
v -67.58083344 6.45702362 158.49504089
v -66.09934235 13.63914204 159.17849731
v -8.89797115 68.41948700 149.59086609
v -9.15868092 68.48372650 159.43687439
v -3.51356030 69.18216705 160.72491455
v -3.32991982 69.06362152 150.52265930
v -8.64276981 68.19688416 140.27235413
v -3.14549065 68.76973724 140.93476868
v -14.24742985 66.93158722 139.58207703
v -14.53617001 67.08191681 148.62825012
v -14.82129955 67.08804321 158.12162781
v -33.47761154 58.84360123 145.39120483
v -33.72883224 58.67983246 153.80732727
v -27.41144180 62.12602997 155.25215149
v -27.18937302 62.20836258 146.46818542
v -33.21261978 58.90468979 137.26429749
v -26.94651031 62.18142319 138.02822876
v -39.11355972 55.16565323 136.54406738
v -39.42082214 55.00675964 144.36999512
v -39.72410965 54.74394989 152.43055725
v -44.82057190 50.81581116 143.43818665
v -45.16199112 50.45215988 151.17835999
v -44.47775269 51.06834030 135.88601685
v -49.52080154 46.16491318 135.26905823
v -49.86267090 45.86499023 142.56575012
v -50.19890213 45.44726181 150.01446533
v -54.73293304 39.74848175 141.72264099
v -54.99136353 39.37200165 148.90272522
v -54.45841217 40.00751114 134.67219543
v -59.03298187 32.57691956 134.08782959
v -59.23885345 32.32997131 140.92189026
v -59.40891266 31.99486160 147.86822510
v -63.18791199 23.47311211 140.17660522
v -63.32112122 23.08429146 146.93614197
v -62.98699951 23.85396194 133.50840759
v -65.96263885 15.01649284 133.00390625
v -66.17773438 14.55396271 139.51353455
v 41.64366150 51.51211166 102.43286896
v 37.01807785 55.61598969 105.22506714
v 59.66907883 26.73568153 93.96092987
v 57.02949905 32.24437332 95.09259796
v 61.84605026 20.98512077 93.03575897
v 46.48534012 46.97500229 103.15883636
v 46.18610764 46.80864334 100.06793976
v 71.45992279 44.51459122 108.90243530
v 73.40184021 39.92381287 106.19200134
v 50.64197922 42.03432083 100.89897156
v 50.38121033 41.89747238 98.08744049
v -43.48469162 51.20346069 113.75767517
v -43.23574066 50.57551956 108.66601562
v -48.31542206 45.78223038 108.66604614
v -48.55501175 46.40328979 113.75770569
v -43.57025146 51.58901978 115.84228516
v -48.61963272 46.80377960 115.80609131
v -38.29664230 55.45999146 115.88081360
v -38.21186066 55.11074066 113.75762177
v -37.97085953 54.50500107 108.66601562
v -32.44504166 58.63296127 113.75753784
v -32.23757935 58.03409958 108.66601562
v -32.50304031 58.96310043 115.92292786
v -26.30277252 62.02379990 115.96777344
v -26.27530289 61.70769119 113.75746155
v -26.10645294 61.11234283 108.66598511
v -8.11337948 67.41571808 113.75726318
v -7.98119068 66.86640167 108.66595459
v -13.42022991 65.64663696 108.66595459
v -13.55476093 66.21325684 113.75730896
v -8.12415028 67.66472626 116.10047150
v -13.56799030 66.48443604 116.05969238
v -2.82591057 68.12678528 116.13946533
v -2.81554031 67.89571381 113.75723267
v -2.68226051 67.36574554 108.66595459
v 2.99272156 67.66906738 113.75723267
v 3.12522984 67.16184235 108.66595459
v 2.97850037 67.88903809 116.17939758
v 8.72108555 67.04091644 113.75727081
v 8.85325623 66.55801392 108.66595459
v -53.71433258 40.20240021 113.75770569
v -53.74081421 40.55787277 115.77099609
v -53.49314880 39.66165161 108.66603088
v -58.27145386 32.40501022 108.66603851
v -58.49075317 32.83870316 113.75769806
v -58.49513245 33.12294006 115.73600769
v -62.41230774 24.55011177 113.75759125
v -62.44402313 24.77069092 115.70011139
v -62.15261841 24.20355225 108.66601562
v -64.97131348 15.75692272 108.66598511
v -65.28459167 16.01195145 113.75749969
v -66.91316223 7.89952517 113.75744629
v -66.56182098 7.76481438 108.66598511
v -67.05006409 -0.00002830 108.66603088
v -67.41651154 -0.00002400 113.75746155
v -45.30802155 6.78154516 247.15188599
v -42.72349167 6.12440538 253.18403625
v -44.33737946 12.53362274 247.28427124
v -45.67985153 0.00007024 247.38143921
v -43.09799957 0.00007382 253.36470032
v -42.91279221 16.22688103 248.59963989
v -32.45946121 2.99486327 267.47100830
v -32.64115143 0.00007952 267.45181274
v -15.09521961 38.16181183 260.50210571
v -12.84858036 29.42309189 269.53408813
v -11.13980961 65.54478455 209.58924866
v -14.00553036 56.28074265 235.35700989
v -15.69614124 43.40553284 256.86318970
v 51.08576965 41.13076019 229.25511169
v 54.70890808 35.49109268 230.92889404
v 57.85963058 29.23953056 232.40325928
v 61.00774002 21.94836235 233.87945557
v 63.62627029 14.32296276 235.11048889
v 47.29191971 46.43775177 225.58367920
v 72.94242859 40.05177307 222.38520813
v 1.15425014 66.66239166 211.64350891
v -5.03757954 66.54087830 208.92124939
v 7.54298449 66.24135590 214.24160767
v 1.42582989 66.93802643 207.21366882
v -47.10593033 46.37668991 189.54733276
v -51.99129105 41.12961197 187.52818298
v -41.60930252 51.08715057 191.95207214
v -35.48739243 55.41585159 194.75549316
v -29.11091995 59.21084976 197.72955322
v 25.43421936 62.34321976 216.74382019
v 20.12852478 63.83943176 217.70774841
v 27.96395111 60.49972153 221.04325867
v 29.35015106 61.11680984 215.16648865
v 24.20319939 63.31969070 212.12643433
v 64.67878723 7.14018631 239.93907166
v 63.09754944 14.44206238 239.20172119
v 65.24217224 0.00004715 240.20176697
v 65.70487976 0.00004422 236.09576416
v 65.18813324 7.06871748 235.84936523
v 45.31357956 46.86590958 230.95852661
v 39.45219803 52.23392105 228.13732910
v 50.38367844 41.18207169 233.28550720
v 46.52015686 46.58626175 227.18066406
v 54.30921936 35.51428986 235.10365295
v 57.56034851 29.32270050 236.61965942
v 60.60725021 22.06743050 238.04048157
v -56.27928162 35.19103241 185.88157654
v -60.04737091 28.37244225 184.47697449
v -10.92010975 65.93491364 206.22200012
v -16.76667023 64.60716248 203.48417664
v -63.37297821 20.48534203 183.18388367
v -65.82285309 12.66132259 181.90103149
v -66.96356964 6.03200340 180.52706909
v -67.15569305 6.11533546 176.63693237
v -67.37869263 0.00002229 176.19819641
v -67.20670319 0.00002474 179.81730652
v 54.22019958 37.28065109 99.01699066
v 75.16560364 35.01537323 103.79293823
v 53.96460724 37.17050171 96.44853973
v 80.23693085 13.22410202 97.56620789
v 64.12361145 15.39659214 94.22344971
v 64.74706268 9.91520309 91.75409698
v 63.52309036 15.33335209 92.29927063
v 58.35935974 66.19637299 143.71345520
v 2.67781067 69.08227539 151.49104309
v 2.77180576 68.73220825 141.61579895
v 2.61998081 69.22976685 162.05642700
v 8.48396397 68.85814667 163.26460266
v 8.43071079 68.69356537 152.39399719
v 8.47029114 68.29944611 142.25096130
v -8.43970013 68.02019501 131.74427795
v -3.01303005 68.54406738 132.21279907
v -8.28669071 67.88709259 124.63517761
v -2.92156982 68.37809753 124.94747162
v -13.78953075 66.69056702 124.30824280
v -13.99415112 66.79866791 131.25381470
v -32.95817184 58.96622086 129.60824585
v -26.71441269 62.16065979 130.14785767
v -32.74328995 59.01931000 123.21133423
v -26.51798248 62.14533997 123.57104492
v -38.57328033 55.44752121 122.87329102
v -38.81975174 55.31875229 129.10108948
v -44.14830017 51.31184006 128.63735962
v -43.87218094 51.51609039 122.56419373
v -48.91240311 46.69942093 122.27416992
v -49.18992996 46.45556259 128.20228577
v -54.19091034 40.25999069 127.78109741
v -53.96632385 40.47196960 121.99337769
v -58.65824127 33.02585220 121.71392822
v -58.82955170 32.82086182 127.36196899
v -62.78419495 24.23392105 126.93310547
v -62.61248016 24.55318069 121.42796326
v -65.74268341 15.47914219 126.56338501
v 18.58030701 67.39917755 153.96649170
v 16.73512268 67.60019684 153.66455078
v 16.79930115 67.78325653 164.80368042
v 18.59037781 67.54237366 165.12074280
v 18.97120667 66.94718170 143.43582153
v 16.93205261 67.15032196 143.17562866
v 19.08644104 67.20639801 176.37739563
v 19.86097717 66.59489441 186.71849060
v 17.26918221 67.44011688 176.11746216
v 17.87605286 66.84153748 186.50003052
v -33.94202042 58.31027222 162.33105469
v -34.16353226 57.81999207 170.10339355
v -27.76706314 61.38123322 172.28247070
v -27.58127213 61.81903076 164.16448975
v -40.00608063 54.27913284 160.57756042
v -40.28406143 53.70778275 168.01802063
v -45.48725128 49.87531281 158.99099731
v -45.79783249 49.20553970 166.14569092
v -50.51293945 44.80321121 157.53741455
v -50.80568314 44.07270050 164.45814514
v -55.21047211 38.76715088 156.18276978
v -55.40852356 38.06862259 162.92713928
v -59.50481415 31.48645210 154.93086243
v -59.57823944 30.89950180 161.52737427
v -63.32093811 22.68038177 153.78546143
v -63.28687286 22.27149200 160.23355103
v -9.37827015 68.18535614 169.54736328
v -9.60287952 67.72660828 178.70840454
v -3.79194069 68.39723206 180.85627747
v -3.64352036 68.88185883 171.29003906
v -15.06354046 66.78834534 167.79147339
v -15.31296062 66.35132599 176.57427979
v 13.68858433 67.95541382 175.54685974
v 14.06510925 67.38580322 185.94897461
v 13.32048130 68.29890442 164.18266296
v 8.69810581 68.52286530 174.55992126
v 8.84275818 67.98690796 184.86201477
v 59.20478821 63.47084045 195.29804993
v 58.23537064 65.11271667 189.38368225
v 33.15285110 56.95424271 224.83666992
v 2.95134068 68.04934692 119.88925934
v -2.86027050 68.26328278 119.72962952
v 2.90901279 68.21254730 125.26672363
v 2.38819981 67.97480774 190.57296753
v 8.68776035 67.54939270 192.75300598
v 2.62352085 68.40400696 183.03598022
v -4.03091049 67.96291351 188.06193542
v 2.05400181 67.59947205 196.63536072
v 13.77909946 66.31640625 113.75732422
v 13.91359043 65.85750580 108.66595459
v 13.23423862 68.11560822 153.12944031
v 13.31108189 67.68660736 142.77577209
v 2.65135288 68.91300201 173.05093384
v 14.01628113 65.21958160 216.56832886
v -22.85045242 62.32022095 200.64624023
v -22.60756302 62.63896179 196.44322205
v -21.20983124 64.65564728 165.99090576
v -21.00724030 64.94879150 156.70848083
v -21.42565155 64.23061371 174.43586731
v -19.88965988 64.69121552 119.22859955
v -13.64688969 66.61467743 119.41009521
v -19.80934906 64.56752777 116.01443481
v -26.38227081 62.13471222 119.04165649
v -20.03339005 64.73954773 123.94509888
v -19.79362106 64.27252197 113.75738525
v -19.64796066 63.68923187 108.66598511
v -20.75443268 64.98299408 147.56727600
v -20.48673248 64.89174652 138.81742859
v -21.71811295 63.80076981 181.06469727
v -15.61948109 65.94553375 183.40658569
v -28.03734207 60.90653992 178.68333435
v -22.03792191 63.38309097 186.59378052
v 60.38703918 61.66536331 200.39785767
v 22.91057014 64.26405334 207.37915039
v 21.69783211 65.14009857 201.90977478
v 13.43226624 67.29302216 133.51028442
v 8.53471470 67.94609833 133.13829041
v 17.24549866 66.69294739 133.81250000
v -8.18171024 67.79521179 119.57351685
v -32.59702301 59.05507278 118.86189270
v -38.40804291 55.53343201 118.69293213
v -43.68944168 51.65085220 118.53846741
v -48.73052216 46.85898972 118.39352417
v -53.82053375 40.60949326 118.25311279
v -58.54884338 33.15592957 118.11334991
v -62.50492096 24.75191116 117.97026062
v 2.84901428 68.44122314 132.69163513
v -20.23939133 64.80848694 130.70901489
v 19.67808723 66.35674286 134.04988098
v 37.35649109 54.00112152 81.91805267
v 32.14672089 57.45442963 81.91834259
v 42.03823090 49.99297333 81.91766357
v 65.56482697 4.86546659 91.40296173
v 65.08775330 4.73190546 81.91632080
v 64.26469421 9.64938354 81.91635895
v 65.87212372 -0.00006023 91.27588654
v 65.40813446 -0.00005629 81.91629791
v 59.38541794 26.04049110 81.91661072
v 56.89867020 31.38206100 81.91673279
v 61.46894836 20.45056152 81.91651154
v 54.08091736 36.14961243 81.91687775
v 50.71870041 40.71404266 81.91709137
v 46.59836960 45.44622040 81.91735077
v -41.83679962 48.91705322 81.91842651
v -46.84583282 44.30049133 81.91844177
v -36.64170074 52.70048141 81.91844177
v -30.98549271 56.08819962 81.91844177
v -24.93206024 59.03848267 81.91844177
v -6.99293041 64.56260681 81.91845703
v -12.38062000 63.38856125 81.91845703
v -1.74177074 65.04780579 81.91844940
v 14.70579720 63.63489151 81.91841125
v 9.69014072 64.29200745 81.91841888
v 19.87248421 62.45957184 81.91841125
v 26.00239944 60.33666229 81.91841888
v -51.94391251 38.41337204 81.91844940
v -56.63436127 31.41855049 81.91845703
v -60.42062378 23.47892189 81.91847992
v -63.15666962 15.28652287 81.91847992
v 63.07691956 14.93789196 81.91642761
v 4.01344395 64.86027527 81.91844940
v -18.54539108 61.50955963 81.91845703
v 48.15217972 0.00006803 266.68392944
v -67.80602264 6.94854116 138.95942688
v -68.27975464 -0.00000500 138.70964050
v -67.60198212 7.24239540 132.64428711
v -68.08762360 -0.00001035 132.50070190
v -67.27216339 6.19006443 172.81346130
v -67.52027130 0.00001936 172.45028687
v -67.35578918 6.26742554 168.71098328
v -67.65492249 0.00001623 168.35388184
v -67.39299774 7.53652334 126.32174683
v -67.89112091 -0.00001450 126.23294067
v -64.69654846 7.53341341 81.91847992
v -65.16748810 -0.00004974 81.91848755
v -39.07572174 -20.85515785 252.83364868
v -34.03565979 -26.01513863 256.09234619
v -26.23736191 -18.26079941 268.12496948
v -28.59680939 -14.41622734 267.87689209
v -29.34617996 -30.38797951 257.95938110
v -23.43439102 -21.74216843 268.41998291
v -24.85486221 -33.53439713 259.04385376
v -20.23227310 -24.79220772 268.75732422
v -20.21887970 -35.95780945 259.75503540
v -16.68555069 -27.36707878 269.13082886
v 0.44620991 -41.88254929 262.57089233
v 5.81300449 -41.74037933 263.25332642
v 4.08165073 -32.01271820 271.29437256
v -0.24657059 -32.23975754 270.84777832
v 11.23878574 -40.79815674 263.94253540
v 8.34294319 -31.19701767 271.73278809
v 16.55858040 -39.02031708 264.62075806
v 12.45591831 -29.79379845 272.15560913
v 21.66847229 -36.49712753 265.30383301
v 16.34211922 -27.81935883 272.55621338
v 37.73249817 -19.91396904 267.90155029
v 40.21940994 -14.49654770 268.39926147
v 30.03956985 -10.59594727 274.00790405
v 28.21699905 -14.84609795 273.80920410
v 41.91810989 -9.18160248 268.75952148
v 31.31037903 -6.50720167 274.14758301
v 42.70240784 -4.44594479 268.91848755
v 31.96598816 -3.08654189 274.21960449
v 31.15361023 -47.07545853 250.41735840
v 37.04697800 -42.60770798 252.40007019
v 30.19678879 -37.14839935 263.18344116
v 25.03562927 -40.68151855 262.32641602
v 42.00405121 -37.72955704 254.06269836
v 34.72042084 -32.93865967 264.03604126
v 30.81373978 -29.47548866 266.69531250
v 26.46445847 -33.31884003 266.00762939
v 46.08826828 -32.37220001 255.44390869
v 38.56364822 -27.97342873 264.84127808
v 34.58351135 -24.95706940 267.33007812
v 41.82508850 -22.41944885 265.55364990
v 52.64799881 -19.66475868 257.46957397
v 44.60334778 -16.44345856 266.12762451
v 49.55216980 -26.39684868 256.57049561
v 55.00386047 -12.76260757 258.11187744
v 46.67457962 -10.52113724 266.51480103
v 56.24766922 -6.27711344 258.46829224
v 47.81480026 -5.12819338 266.66677856
v 23.13286018 -22.25179863 273.26501465
v 19.92298889 -25.28997803 272.92819214
v -60.01451111 -7.60005379 208.19583130
v -60.19466400 -4.27485847 208.58628845
v -64.29073334 -1.85440779 191.84902954
v -64.11716461 -3.31551194 192.47680664
v -56.89137268 -5.22338247 219.54499817
v -56.55461121 -9.24634838 219.28482056
v -30.46839142 -10.27661800 267.68026733
v -40.58959961 -16.25569916 253.11100769
v -41.81552124 -11.71927738 252.98513794
v -31.78003311 -6.31256580 267.54254150
v -52.59506226 -6.25563145 230.23890686
v -52.15347290 -11.05084801 229.93621826
v -48.37685013 -6.92413139 239.74790955
v -47.06843185 -13.62026787 240.49916077
v 25.90613937 -18.75093842 273.56008911
v -4.56025982 -31.87697792 270.40032959
v -4.69676113 -41.26026917 261.91293335
v -8.78555965 -30.93462944 269.95983887
v -9.81186962 -39.98336029 261.23739624
v 10.40495396 -56.52502823 243.37210083
v 7.10762167 -46.76222992 259.88967896
v 1.11693001 -46.90902710 259.09469604
v 4.01719761 -57.51528931 241.23580933
v 17.09977722 -54.51013947 245.63973999
v 13.21040440 -45.72154999 260.70379639
v -8.25064945 -57.31099701 237.23664856
v -2.22222996 -57.74991989 239.19345093
v -4.61633015 -46.33197021 258.34799194
v -10.18858051 -45.13084030 257.61550903
v -53.10851288 -17.36910820 228.12712097
v -48.83191299 -19.70623779 237.08200073
v -43.26352310 -17.74077797 246.86828613
v -44.89565277 -22.79391861 244.21862793
v -40.80200958 -26.62764931 249.40982056
v -42.12443161 -41.03582764 225.41386414
v -36.59878159 -45.46035004 227.68151855
v -36.05330276 -31.20294762 252.52861023
v -31.02038193 -35.57109833 254.27671814
v -26.07416153 -38.78341675 255.35614014
v -60.82948303 -13.68225765 206.36933899
v -57.26213074 -15.46645737 217.75567627
v -65.65984344 -7.07459784 189.09654236
v -30.93704987 -49.36414719 229.72451782
v 21.86949158 -62.33951950 223.97042847
v 30.12794876 -57.78318024 228.38761902
v 24.26026917 -51.20159912 248.07604980
v 37.56373978 -52.75252914 231.94575500
v -5.25523090 -66.16002655 212.31541443
v 0.89286995 -66.31171417 215.12213135
v -25.27930069 -52.38105011 231.64978027
v -29.31652069 -58.82266998 201.15846252
v -23.07279205 -61.93556976 204.05064392
v -59.55847931 -23.23772812 208.37648010
v -60.06477356 -27.99579811 187.96055603
v -56.40415955 -34.69578934 189.28558350
v -56.21597290 -27.35056877 214.59359741
v -21.02823257 -41.25611877 256.10540771
v -19.63296890 -54.64268875 233.50978088
v -65.70110321 -12.31635761 186.21255493
v -62.12482452 -19.79876900 200.63740540
v -63.19608307 -20.45836830 186.90048218
v -52.14009857 -31.85199928 219.37692261
v -47.37393188 -36.45672989 222.81466675
v 19.27995300 -43.61694717 261.50796509
v -66.17990112 -3.71994686 187.44253540
v -16.99948883 -64.21885681 206.86175537
v 7.30027866 -65.86449432 218.00727844
v 13.96287727 -64.68312836 220.96859741
v 44.17271042 -47.09020996 235.04956055
v 49.72175980 -41.19011688 237.62783813
v -66.73976135 -5.71205854 183.80606079
v -52.16560364 -40.63990021 190.93302917
v -47.30057144 -45.90974808 192.96041870
v -41.80818939 -50.65066910 195.37591553
v -35.68757248 -55.00800705 198.18774414
v 57.36274719 -29.27244949 241.18774414
v 60.29853821 -22.08292770 242.55676270
v 62.62452698 -14.51167774 243.64138794
v 64.17981720 -7.19273663 244.36657715
v 74.65263367 -34.96123886 224.70069885
v 76.38298035 -29.31941795 226.81835938
v 55.31336975 -35.30345917 229.29127502
v 51.65079880 -41.05566788 227.58435059
v 77.92961884 -23.31471825 228.62304688
v 58.56258011 -28.93097878 230.82704163
v 64.82209778 -56.13657761 119.10073090
v 63.27634811 -58.78571701 122.72685242
v 31.36616898 -60.58767700 113.99935150
v 33.93563080 -58.58654022 111.71157074
v 62.00364685 -60.97517014 126.73477173
v 29.18873978 -62.07970810 116.69723511
v 79.32701111 -18.61129761 98.52426910
v 78.15035248 -24.22349930 99.92601776
v 60.07053757 -26.78940773 96.16825867
v 62.36445999 -21.02562904 95.10418701
v 76.74913025 -29.78387833 101.70455170
v 57.32732010 -32.32785034 97.45832062
v 79.89179993 -11.07715797 230.95761108
v 80.37081146 -5.43459272 231.50814819
v 65.68247986 -7.00509071 234.26210022
v 64.20845032 -14.17842770 233.53253174
v 79.08860779 -17.13558769 229.99935913
v 61.68140793 -21.68817902 232.31416321
v 31.29304886 -60.54594040 214.46568298
v 63.45096970 -56.94828033 208.92767334
v 65.53440857 -53.66947937 212.70634460
v 33.95914841 -58.68407822 217.25685120
v 61.79737854 -59.54241943 204.87661743
v 29.17916107 -61.81098938 211.31732178
v 20.92079163 -67.00072479 176.55592346
v 57.04996872 -67.37074280 175.10816956
v 57.50751877 -66.45730591 182.65405273
v 21.82289314 -66.37862396 186.82795715
v 56.89356995 -67.81628418 167.08439636
v 20.43717957 -67.33243561 165.38484192
v 26.60923958 -63.58346939 120.82664490
v 25.00687981 -63.92676926 120.63726044
v 27.24161911 -62.61413956 116.54354858
v 60.67087936 -63.00181961 131.53819275
v 59.41160965 -64.77311707 137.18264771
v 24.14152908 -64.95351410 126.66175842
v 22.82701111 -65.18401337 126.45283508
v 20.70625496 -65.91154480 195.12617493
v 22.01305008 -65.72573853 195.17411804
v 23.48749924 -64.76564789 201.93525696
v 21.69771004 -65.14004517 201.90986633
v 18.35096931 -66.25823212 194.84568787
v 18.76472473 -65.69428253 201.57572937
v 17.87596321 -66.84151459 186.50012207
v 19.86088562 -66.59487152 186.71856689
v 20.88734436 -66.49189758 186.77198792
v 23.04179001 -65.57591248 195.20619202
v 24.68312073 -64.53861237 201.92424011
v 58.23534012 -65.11273193 189.38375854
v 20.01277161 -67.10847473 176.47438049
v 19.52562141 -67.43812561 165.26936340
v 20.47377205 -67.26404572 154.30949402
v 19.56230164 -67.34348297 154.14498901
v 21.07853889 -66.82488251 143.83760071
v 20.12208557 -66.89834595 143.63151550
v 57.56254959 -67.21126556 151.00247192
v 57.06916809 -67.75718689 158.92095947
v 22.29957962 -66.04436493 134.47688293
v 21.20454597 -66.17654419 134.25918579
v 58.35941696 -66.19642639 143.71354675
v 60.38700867 -61.66529846 200.39791870
v 26.85236931 -63.21274948 207.21572876
v 59.20472717 -63.47078705 195.29809570
v 27.46595955 -62.29582977 211.61471558
v 25.40848923 -63.56721878 207.30987549
v 37.94263840 -55.49190903 220.28684998
v 42.60108948 -51.29969025 223.18576050
v 41.45063782 -51.61301804 224.65414429
v 36.31554031 -55.96670914 221.62391663
v 31.99021912 -59.26277924 218.36856079
v 65.37644958 -9.99619961 93.55941010
v 66.15141296 -4.91763973 93.14530182
v 81.19100189 -3.97492290 96.56098175
v 80.86376190 -8.27467442 96.94679260
v 37.69112015 -55.55540848 108.81248474
v 66.97395325 -52.73080826 115.44265747
v 42.06391907 -51.63727951 105.79670715
v 69.32295227 -48.78474045 111.97059631
v -35.00332260 -56.28443909 186.21267700
v -28.61902237 -59.98876953 189.00134277
v -28.87659073 -59.58197021 193.57121277
v -35.25437164 -55.83442688 190.64350891
v -41.12803268 -52.03673935 183.57490540
v -41.37546158 -51.54891968 187.88148499
v -40.86281204 -52.55930710 178.95867920
v -34.73241043 -56.76965714 181.43078613
v -28.33899307 -60.43050003 184.03405762
v -46.63269043 -47.40089035 181.28938293
v -46.87442017 -46.87806702 185.50656128
v -51.56222153 -42.19445038 179.33941650
v -51.78053284 -41.65288925 183.50469971
v -51.33019257 -42.77006912 174.91157532
v -46.37488174 -47.95820999 176.79237366
v -55.96157074 -36.23497772 177.70826721
v -56.12297821 -35.70442963 181.86193848
v -59.89723206 -29.29310799 176.26739502
v -59.98423767 -28.82639885 180.40400696
v -59.79373932 -29.78856850 171.88517761
v -55.79012299 -36.79853821 173.29591370
v -63.43588257 -21.13952827 174.88818359
v -63.44667816 -20.81247902 178.95657349
v -66.06503296 -13.02242756 173.69529724
v -66.00547028 -12.84724808 177.65557861
v -66.06275177 -13.20551777 169.54508972
v -63.38001251 -21.48505783 170.61903381
v 13.66240120 -66.71579742 120.16236115
v 13.73500156 -66.51526642 116.24784851
v 18.48298836 -65.48509216 116.30131531
v 18.07655525 -65.84742737 120.29110718
v 13.56147861 -66.96081543 125.81263733
v 17.63902283 -66.25104523 126.03210449
v 8.60377598 -67.65275574 125.56463623
v 8.65748692 -67.43851471 120.03831482
v 8.69639683 -67.25180817 116.21676636
v 22.01036072 -64.79957581 120.45407104
v 23.32914925 -63.96700668 116.40571594
v 20.69355774 -65.63765717 126.24421692
v 24.35062981 -63.26436996 113.82536316
v 18.78340340 -65.16708374 113.77444458
v 25.10268021 -62.49988937 108.68304443
v 19.07414436 -64.64374542 108.67031097
v 31.61861038 -59.58737946 109.40560913
v 29.02885818 -61.45550919 113.90280914
v 14.07020664 -66.08696747 206.19531250
v 19.18794441 -65.15368652 207.11175537
v 19.63703918 -64.56064606 212.23027039
v 14.01390171 -65.69716644 211.30360413
v 8.07734776 -66.85576630 204.57519531
v 7.79097080 -66.54948425 209.56018066
v 8.38273621 -67.18181610 199.05131531
v 14.13969421 -66.46082306 200.66046143
v -10.44937992 -66.55652618 196.94577026
v -4.57796001 -67.18323517 199.50506592
v -4.82423115 -66.83737183 204.56797791
v -10.70179081 -66.22252655 201.92665100
v -16.24763870 -65.21319580 194.39764404
v -16.52389145 -64.89062500 199.23626709
v -15.94410038 -65.56733704 189.08294678
v -10.17194080 -66.92339325 191.47406006
v -4.30980968 -67.56338501 193.93547058
v -67.10677338 -7.93635559 117.76573944
v -67.02098846 -7.97992373 115.64880371
v -65.36140442 -16.16757774 115.66914368
v -65.44030762 -16.10842896 117.84677124
v -67.21569061 -7.78364038 121.01962280
v -65.55596161 -15.86784744 121.18127441
v -67.77783203 -6.55580664 152.10762024
v -67.89977264 -6.70350075 145.40220642
v -66.29557800 -14.15044785 146.11224365
v -66.22372437 -13.86485767 152.81994629
v -67.58083344 -6.45700359 158.49504089
v -66.09937286 -13.63912773 159.17852783
v -8.89797115 -68.41948700 149.59098816
v -3.32995033 -69.06363678 150.52275085
v -3.51358986 -69.18218231 160.72502136
v -9.15868092 -68.48373413 159.43698120
v -14.53620052 -67.08194733 148.62832642
v -14.82131100 -67.08806610 158.12171936
v -14.24742985 -66.93161774 139.58215332
v -8.64276981 -68.19691467 140.27246094
v -3.14551067 -68.76976776 140.93487549
v -33.47761154 -58.84362793 145.39128113
v -27.18934250 -62.20837021 146.46827698
v -27.41149139 -62.12604904 155.25222778
v -33.72886276 -58.67984009 153.80741882
v -39.42079163 -55.00677872 144.37005615
v -39.72410965 -54.74396896 152.43063354
v -39.11352158 -55.16567993 136.54415894
v -33.21261215 -58.90473938 137.26437378
v -26.94645309 -62.18144989 138.02828979
v -44.82057190 -50.81583786 143.43824768
v -45.16202164 -50.45219040 151.17843628
v -49.86267090 -45.86500931 142.56581116
v -50.19893265 -45.44726944 150.01455688
v -49.52080154 -46.16493988 135.26913452
v -44.47772980 -51.06836700 135.88607788
v -54.73296356 -39.74849701 141.72267151
v -54.99136353 -39.37201691 148.90277100
v -59.23889160 -32.32999039 140.92193604
v -59.40894318 -31.99486923 147.86825562
v -59.03300476 -32.57695007 134.08786011
v -54.45844269 -40.00753784 134.67222595
v -63.18794250 -23.47312927 140.17663574
v -63.32115173 -23.08428764 146.93617249
v -66.17774963 -14.55396748 139.51356506
v -65.96269989 -15.01650715 133.00393677
v -62.98705292 -23.85398865 133.50843811
v 37.01807785 -55.61607742 105.22515106
v 41.64366150 -51.51220703 102.43293762
v 57.02945709 -32.24448013 95.09262085
v 59.66904831 -26.73579788 93.96096802
v 61.84601974 -20.98523903 93.03578949
v 46.48537064 -46.97511673 103.15888977
v 46.18613815 -46.80875015 100.06799316
v 50.64197922 -42.03443909 100.89903259
v 50.38123703 -41.89757919 98.08750916
v 73.40187073 -39.92393875 106.19207764
v 71.45995331 -44.51472855 108.90251160
v -43.48469162 -51.20351791 113.75775146
v -48.55498123 -46.40333939 113.75778961
v -48.31542206 -45.78230667 108.66610718
v -43.23574066 -50.57559967 108.66612244
v -38.21189117 -55.11080933 113.75767517
v -37.97089005 -54.50506973 108.66609955
v -38.29669189 -55.46004868 115.88087463
v -43.57023239 -51.58906937 115.84233856
v -48.61960983 -46.80382919 115.80613708
v -32.44507217 -58.63301849 113.75762177
v -32.23762131 -58.03417969 108.66609192
v -26.27530289 -61.70775986 113.75755310
v -26.10651016 -61.11241913 108.66609192
v -26.30280304 -62.02386856 115.96784973
v -32.50307083 -58.96315765 115.92301178
v -8.11337948 -67.41578674 113.75735474
v -13.55476093 -66.21332550 113.75740814
v -13.42027950 -65.64673615 108.66606903
v -7.98120975 -66.86649323 108.66603851
v -2.81554031 -67.89577484 113.75730896
v -2.68230057 -67.36583710 108.66603851
v -2.82594013 -68.12686157 116.13957214
v -8.12418079 -67.66479492 116.10055542
v -13.56799984 -66.48450470 116.05979156
v 2.99269199 -67.66913605 113.75732422
v 3.12519836 -67.16194153 108.66603851
v 8.72105503 -67.04098511 113.75735474
v 8.85316563 -66.55808258 108.66603851
v 2.97843933 -67.88909149 116.17948914
v -53.71433258 -40.20245743 113.75778961
v -53.74081421 -40.55791855 115.77104950
v -58.49072266 -32.83876038 113.75772858
v -58.49510193 -33.12300873 115.73603821
v -58.27142334 -32.40509033 108.66609192
v -53.49314880 -39.66172028 108.66610718
v -62.41230774 -24.55016899 113.75762177
v -62.44402313 -24.77074814 115.70014954
v -65.28459167 -16.01199913 113.75752258
v -64.97135162 -15.75697803 108.66601562
v -62.15261841 -24.20360947 108.66604614
v -66.91316223 -7.89957380 113.75746918
v -66.56182098 -7.76487160 108.66601562
v 53.97779846 -35.44618988 239.60931396
v 68.23429871 -49.49254990 216.36795044
v 70.91539001 -44.81933975 219.67381287
v -45.30802155 -6.78140450 247.15188599
v -44.33737946 -12.53347778 247.28427124
v -42.72352219 -6.12425756 253.18403625
v -42.91276169 -16.22674942 248.59963989
v -32.45948029 -2.99469876 267.47100830
v -15.09521961 -38.16167831 260.50216675
v -12.84867001 -29.42293930 269.53421021
v -14.00549984 -56.28063965 235.35708618
v -11.13987064 -65.54471588 209.58932495
v -15.69611073 -43.40540695 256.86325073
v 54.70890808 -35.49100876 230.92895508
v 51.08576965 -41.13068771 229.25520325
v 57.85960007 -29.23943901 232.40332031
v 61.00770950 -21.94826889 233.87948608
v 63.62620926 -14.32287788 235.11051941
v 72.94248962 -40.05171967 222.38529968
v 47.29188919 -46.43767929 225.58374023
v 1.15421963 -66.66232300 211.64360046
v -5.03757954 -66.54078674 208.92132568
v 1.42576981 -66.93797302 207.21372986
v 7.54295492 -66.24128723 214.24169922
v -47.10599136 -46.37664795 189.54739380
v -51.99129105 -41.12955856 187.52824402
v -41.60935211 -51.08709717 191.95214844
v -35.48746109 -55.41578674 194.75556946
v -29.11096954 -59.21078873 197.72962952
v 25.43421936 -62.34315872 216.74391174
v 27.96397781 -60.49964905 221.04331970
v 20.12849617 -63.83934784 217.70782471
v 24.20319939 -63.31962967 212.12651062
v 29.35010910 -61.11674881 215.16654968
v 64.67878723 -7.14009142 239.93907166
v 63.09751892 -14.44197750 239.20175171
v 65.18813324 -7.06862974 235.84936523
v 45.31361008 -46.86582947 230.95858765
v 39.45222855 -52.23383713 228.13739014
v 46.52018738 -46.58618927 227.18072510
v 50.38370895 -41.18199921 233.28559875
v 54.30921936 -35.51420975 235.10368347
v 57.56031799 -29.32260895 236.61972046
v 60.60721970 -22.06733894 238.04051208
v -56.27928162 -35.19097900 185.88162231
v -60.04737091 -28.37238884 184.47702026
v -10.92017078 -65.93486786 206.22207642
v -16.76675034 -64.60710144 203.48426819
v -63.37297821 -20.48528862 183.18392944
v -65.82285309 -12.66127777 181.90103149
v -66.96356964 -6.03195238 180.52706909
v -67.15569305 -6.11529064 176.63693237
v 75.16563416 -35.01550674 103.79299927
v 54.22019958 -37.28076935 99.01705170
v 53.96460724 -37.17061996 96.44859314
v 64.12361145 -15.39670753 94.22345734
v 80.23693085 -13.22424793 97.56620789
v 63.52309036 -15.33346748 92.29927063
v 64.74706268 -9.91532230 91.75411224
v 2.67781067 -69.08228302 151.49116516
v 2.77180576 -68.73222351 141.61590576
v 8.43071079 -68.69356537 152.39410400
v 8.47026157 -68.29945374 142.25106812
v 8.48396397 -68.85811615 163.26470947
v 2.61994934 -69.22976685 162.05653381
v -8.43966007 -68.02025604 131.74438477
v -3.01298046 -68.54410553 132.21290588
v -13.99412060 -66.79871368 131.25390625
v -13.78953075 -66.69061279 124.30831909
v -8.28669071 -67.88714600 124.63526917
v -2.92156982 -68.37813568 124.94758606
v -32.95817184 -58.96627045 129.60830688
v -26.71438980 -62.16069794 130.14794922
v -38.81975174 -55.31879807 129.10116577
v -38.57328033 -55.44757843 122.87336731
v -32.74328995 -59.01935959 123.21139526
v -26.51801300 -62.14538956 123.57110596
v -44.14826965 -51.31188965 128.63743591
v -49.18992996 -46.45559692 128.20234680
v -48.91237259 -46.69946671 122.27423096
v -43.87218094 -51.51613998 122.56425476
v -54.19091034 -40.26004028 127.78112793
v -58.82955170 -32.82090759 127.36199951
v -58.65821075 -33.02590942 121.71395874
v -53.96632385 -40.47201920 121.99342346
v -62.78421021 -24.23395920 126.93313599
v -65.74274445 -15.47917747 126.56341553
v -62.61244965 -24.55322838 121.42799377
v 18.58027840 -67.39920807 153.96656799
v 18.59034920 -67.54236603 165.12081909
v 16.79927063 -67.78324127 164.80378723
v 16.73512268 -67.60021210 153.66462708
v 18.97120667 -66.94721222 143.43589783
v 16.93205261 -67.15035248 143.17570496
v 19.08638000 -67.20637512 176.37747192
v 17.26911926 -67.44010162 176.11753845
v -33.94205093 -58.31027985 162.33113098
v -27.58129120 -61.81901932 164.16458130
v -27.76713181 -61.38121796 172.28254700
v -34.16355133 -57.81996918 170.10346985
v -40.00609970 -54.27912903 160.57763672
v -40.28411102 -53.70776749 168.01809692
v -45.48728180 -49.87532043 158.99108887
v -45.79786301 -49.20553970 166.14575195
v -50.51293945 -44.80320740 157.53747559
v -50.80570984 -44.07267761 164.45822144
v -55.21047211 -38.76714706 156.18281555
v -55.40852356 -38.06860733 162.92716980
v -59.50482941 -31.48643875 154.93090820
v -59.57829285 -30.89947891 161.52740479
v -63.32096100 -22.68036842 153.78549194
v -63.28691864 -22.27146912 160.23358154
v -9.37835026 -68.18533325 169.54747009
v -3.64356995 -68.88183594 171.29014587
v -3.79198074 -68.39720154 180.85639954
v -9.60297108 -67.72656250 178.70849609
v -15.06361103 -66.78831482 167.79154968
v -15.31304073 -66.35129547 176.57435608
v 13.68852329 -67.95540619 175.54696655
v 14.06504822 -67.38578796 185.94905090
v 8.69804478 -68.52284241 174.56002808
v 8.84272861 -67.98686218 184.86213684
v 13.32048130 -68.29888153 164.18276978
v 33.15285110 -56.95415878 224.83673096
v 2.95134068 -68.04939270 119.88935852
v 2.90901279 -68.21260834 125.26684570
v -2.86027050 -68.26334381 119.72973633
v 2.38819981 -67.97476196 190.57307434
v 2.62345982 -68.40398407 183.03608704
v 8.68772984 -67.54934692 192.75308228
v 2.05400181 -67.59942627 196.63542175
v -4.03096008 -67.96287537 188.06204224
v 13.77909946 -66.31645203 113.75740814
v 13.91359043 -65.85759735 108.66606903
v 13.23423862 -68.11561584 153.12954712
v 13.31105137 -67.68664551 142.77589417
v 2.65129185 -68.91299438 173.05104065
v 14.01625156 -65.21950531 216.56842041
v -22.85056305 -62.32014847 200.64631653
v -22.60766983 -62.63889694 196.44328308
v -21.20986176 -64.65563202 165.99099731
v -21.00727081 -64.94880676 156.70855713
v -21.42568970 -64.23057556 174.43594360
v -19.88965988 -64.69127655 119.22869110
v -19.80932999 -64.56759644 116.01449585
v -13.64688969 -66.61475372 119.41018677
v -20.03339005 -64.73958588 123.94517517
v -26.38228226 -62.13475800 119.04173279
v -19.79362106 -64.27258301 113.75749207
v -19.64799118 -63.68930817 108.66609192
v -20.75443268 -64.98302460 147.56736755
v -20.48670197 -64.89177704 138.81750488
v -21.71821213 -63.80072021 181.06477356
v -15.61953068 -65.94549561 183.40667725
v -22.03800201 -63.38302994 186.59385681
v -28.03739166 -60.90651703 178.68342590
v 22.91053963 -64.26399231 207.37924194
v 13.43226624 -67.29306793 133.51036072
v 8.53471470 -67.94613647 133.13839722
v 17.24549866 -66.69298553 133.81259155
v -8.18174076 -67.79529572 119.57362366
v -32.59704971 -59.05513763 118.86195374
v -38.40804291 -55.53348923 118.69300842
v -43.68944168 -51.65090942 118.53852844
v -48.73049164 -46.85903931 118.39356995
v -53.82054901 -40.60954666 118.25315094
v -58.54888153 -33.15598679 118.11338043
v -62.50492096 -24.75195885 117.97029114
v 2.84904575 -68.44127655 132.69174194
v -20.23939133 -64.80852509 130.70910645
v 19.67805481 -66.35679626 134.04997253
v 32.14667892 -57.45452881 81.91842651
v 37.35646057 -54.00119019 81.91812897
v 42.03818893 -49.99304962 81.91773987
v 64.26466370 -9.64949608 81.91636658
v 65.08775330 -4.73201752 81.91632080
v 65.56482697 -4.86558771 91.40296173
v 56.89863968 -31.38214874 81.91676331
v 59.38538742 -26.04059792 81.91664124
v 61.46894836 -20.45065880 81.91652679
v 50.71866989 -40.71413040 81.91712952
v 54.08089066 -36.14970016 81.91693115
v 46.59833908 -45.44629669 81.91741180
v -46.84588242 -44.30057907 81.91848755
v -41.83683014 -48.91716003 81.91850281
v -36.64176178 -52.70060730 81.91848755
v -30.98554230 -56.08835983 81.91851807
v -24.93213272 -59.03863907 81.91853333
v -12.38068104 -63.38871002 81.91851807
v -6.99302959 -64.56273651 81.91851807
v -1.74188042 -65.04792786 81.91851807
v 9.69004822 -64.29214478 81.91850281
v 14.70564365 -63.63504028 81.91850281
v 19.87236023 -62.45971680 81.91850281
v 26.00236893 -60.33678818 81.91848755
v -56.63449097 -31.41864777 81.91847992
v -51.94396210 -38.41345978 81.91848755
v -63.15675354 -15.28661728 81.91850281
v -60.42072296 -23.47901917 81.91851807
v 63.07691956 -14.93800735 81.91644287
v 4.01335287 -64.86042786 81.91851807
v -18.54547882 -61.50970840 81.91854095
v -67.80602264 -6.94855070 138.95942688
v -67.60202789 -7.24241638 132.64428711
v -67.27216339 -6.19002438 172.81346130
v -67.35578918 -6.26739168 168.71098328
v -67.39302826 -7.53655338 126.32174683
v -64.69660187 -7.53351164 81.91850281
v -34.43970108 57.29399109 176.26545715
v -40.57556152 53.12541962 173.95901489
v -46.09514999 48.56315231 171.91194153
v -51.07805252 43.39558029 170.10031128
v -55.60377502 37.41110229 168.50018311
v -59.68096924 30.32880211 167.07528687
v -63.31842041 21.86773109 165.78942871
v -66.05995178 13.41524220 164.72985840
v 14.17680454 66.89071655 194.11589050
v 18.35103035 66.25828552 194.84559631
v -9.87856007 67.30970764 185.70608521
v 1.72950935 67.25213623 202.19659424
v -22.33555984 62.99452972 191.73950195
v -67.44940186 6.35865116 163.98384094
v -67.80612946 0.00001319 163.68920898
v -34.43973160 -57.29395676 176.26553345
v -40.57556152 -53.12539673 173.95907593
v -46.09517288 -48.56313705 171.91201782
v -51.07805252 -43.39555740 170.10037231
v -55.60377502 -37.41107941 168.50021362
v -59.68099976 -30.32876778 167.07533264
v -63.31844330 -21.86770821 165.78947449
v -66.05995178 -13.41521740 164.72987366
v 14.17674351 -66.89067841 194.11598206
v -9.87867069 -67.30967712 185.70616150
v 1.72944927 -67.25208282 202.19667053
v -22.33567047 -62.99448013 191.73957825
v -67.44940186 -6.35862541 163.98384094
v 20.70634460 65.91159821 195.12609863
v 97.61763000 60.19662094 156.75442505
v 97.61756897 59.27735138 151.66177368
v 97.61753845 57.92097092 146.65275574
v 97.61772919 56.23985291 187.04655457
v 97.61769104 58.02005005 182.20928955
v 97.61769104 59.36022186 177.24024963
v 97.61779022 51.40666962 196.18931580
v 97.61772919 54.02973175 191.71734619
v 97.61753845 14.63293266 104.68801117
v 97.61753845 9.93101215 103.54750824
v 97.61753845 5.79323816 102.81069946
v 97.61753845 2.64835024 102.40505219
v 97.61753845 -0.00009230 102.28501892
v 97.61747742 41.47420120 120.26785278
v 97.61750793 37.54996109 116.77273560
v 97.61753845 33.35768127 113.60728455
v 97.61750793 28.92627144 110.79507446
v 97.61750793 24.28678131 108.35467529
v 97.61747742 19.47026062 106.30468750
v 97.61747742 48.40583038 128.14849854
v 97.61747742 45.10147095 124.06907654
v 97.61753845 53.94610977 137.02693176
v 97.61753845 51.36133957 132.47825623
v 97.61753845 56.13828278 141.76312256
v 97.61779022 44.99574280 204.41070557
v 97.61779022 48.38762283 200.43013000
v 97.61785126 37.19157028 211.47888184
v 97.61782074 41.25424194 208.10195923
v 97.61769104 60.25025177 172.17413330
v 97.61766052 60.68715286 167.04702759
v 97.61763000 60.66791153 161.89497375
v 97.61788177 28.22103119 217.19441223
v 97.61788177 32.83621979 214.51643372
v 97.61788177 18.39852142 221.38742065
v 97.61788177 23.37881088 219.49259949
v 97.61791229 8.53919029 223.88209534
v 97.61791229 13.36908245 222.85536194
v 97.61791229 0.00003303 224.62522888
v 97.61791229 4.15755129 224.45341492
v 97.61759949 -60.19668961 156.75450134
v 97.61763000 -60.66800690 161.89508057
v 97.61763000 -60.68727875 167.04713440
v 97.61769104 -59.36034775 177.24035645
v 97.61769104 -58.02009964 182.20935059
v 97.61769104 -56.23983002 187.04658508
v 97.61772919 -54.02970886 191.71739197
v 97.61779022 -51.40665817 196.18939209
v 97.61753845 -5.79340267 102.81069183
v 97.61753845 -9.93116665 103.54750824
v 97.61753845 -14.63307762 104.68800354
v 97.61753845 -2.64852786 102.40503693
v 97.61750793 -33.35780716 113.60734558
v 97.61750793 -37.55014038 116.77281952
v 97.61753845 -41.47441864 120.26794434
v 97.61753845 -24.28694916 108.35470581
v 97.61750793 -28.92641830 110.79510498
v 97.61753845 -19.47042847 106.30468750
v 97.61753845 -53.94636917 137.02702332
v 97.61753845 -56.13845825 141.76321411
v 97.61759949 -57.92107773 146.65284729
v 97.61785126 -44.99576950 204.41078186
v 97.61785126 -41.25423813 208.10203552
v 97.61785126 -37.19155884 211.47892761
v 97.61769104 -60.25039673 172.17425537
v 97.61785126 -32.83619690 214.51651001
v 97.61785126 -28.22099876 217.19448853
v 97.61791229 -23.37876892 219.49266052
v 97.61791229 -18.39847946 221.38745117
v 97.61791229 -13.36902714 222.85536194
v 97.61791229 -8.53913784 223.88211060
v 97.61753845 -45.10169983 124.06918335
v 97.61753845 -48.40604782 128.14863586
v 97.61753845 -51.36158752 132.47836304
v 97.61782074 -48.38761902 200.43020630
v 97.61759949 -59.27743912 151.66186523
v 97.61791229 -4.15748978 224.45341492
v 105.27830505 56.17108154 157.08650208
v 105.27830505 55.31330109 152.33943176
v 105.27825165 54.04763031 147.67031860
v 105.27833557 52.47888184 185.32301331
v 105.27833557 54.14005280 180.81399536
v 105.27833557 55.39060211 176.18214417
v 105.27833557 47.96890259 193.84536743
v 105.27833557 50.41654968 189.67684937
v 105.27819061 13.56976223 108.53297424
v 105.27819061 8.92833805 107.40882874
v 105.27819061 4.89797640 106.68132782
v 105.27819061 2.13267827 106.34388733
v 105.27819061 -0.00008411 106.27268982
v 105.27825165 38.70075226 123.07588196
v 105.27822113 35.03893280 119.81796265
v 105.27822113 31.12699127 116.86730957
v 105.27819061 26.99193192 114.24592590
v 105.27819061 22.66269112 111.97114563
v 105.27816010 18.16826057 110.06027985
v 105.27825165 45.16883087 130.42175293
v 105.27822113 42.08545303 126.61915588
v 105.27825165 50.33861160 138.69769287
v 105.27822113 47.92670059 134.45768738
v 105.27825165 52.38416290 143.11247253
v 105.27839661 41.98670959 201.50885010
v 105.27839661 45.15175247 197.79840088
v 105.27842712 34.70442963 208.09738159
v 105.27839661 38.49541092 204.94963074
v 105.27833557 56.22112274 171.45982361
v 105.27833557 56.62882233 166.68063354
v 105.27833557 56.61086273 161.87821960
v 105.27845764 26.33379173 213.42506409
v 105.27842712 30.64034081 210.92880249
v 105.27845764 17.16814232 217.33354187
v 105.27842712 21.81539154 215.56729126
v 105.27845764 7.96814442 219.65895081
v 105.27842712 12.47504234 218.70185852
v 105.27845764 0.00003267 220.35162354
v 105.27842712 3.87952209 220.19148254
v 105.27830505 -56.17116928 157.08659363
v 105.27830505 -56.61094666 161.87831116
v 105.27830505 -56.62891006 166.68074036
v 105.27830505 -55.39069748 176.18226624
v 105.27833557 -54.14008713 180.81407166
v 105.27833557 -52.47887039 185.32305908
v 105.27833557 -50.41654968 189.67691040
v 105.27839661 -47.96891022 193.84544373
v 105.27825165 -4.89812469 106.68132782
v 105.27819061 -8.92847633 107.40882874
v 105.27819061 -13.56989765 108.53295898
v 105.27819061 -2.13283992 106.34388733
v 105.27819061 -31.12712860 116.86735535
v 105.27819061 -35.03908920 119.81802368
v 105.27819061 -38.70093918 123.07594299
v 105.27819061 -22.66284943 111.97117615
v 105.27819061 -26.99206924 114.24597931
v 105.27816010 -18.16840935 110.06028748
v 105.27825165 -50.33883667 138.69779968
v 105.27825165 -52.38431931 143.11259460
v 105.27825165 -54.04772949 147.67042542
v 105.27839661 -41.98671722 201.50892639
v 105.27839661 -38.49540710 204.94969177
v 105.27845764 -34.70440674 208.09744263
v 105.27833557 -56.22124863 171.45994568
v 105.27839661 -30.64031792 210.92889404
v 105.27845764 -26.33374786 213.42514038
v 105.27839661 -21.81533813 215.56735229
v 105.27845764 -17.16809845 217.33357239
v 105.27839661 -12.47498798 218.70185852
v 105.27845764 -7.96809149 219.65898132
v 105.27825165 -42.08564758 126.61927795
v 105.27825165 -45.16903687 130.42187500
v 105.27825165 -47.92691040 134.45780945
v 105.27839661 -45.15176010 197.79847717
v 105.27830505 -55.31338882 152.33950806
v 105.27842712 -3.87945986 220.19149780
v 105.27830505 56.17108154 157.08650208
v 105.27830505 55.31330109 152.33943176
v 105.27825165 54.04763031 147.67031860
v 105.27833557 52.47888184 185.32301331
v 105.27833557 54.14005280 180.81399536
v 105.27833557 55.39060211 176.18214417
v 105.27833557 47.96890259 193.84536743
v 105.27833557 50.41654968 189.67684937
v 105.27819061 13.56976223 108.53297424
v 105.27819061 8.92833805 107.40882874
v 105.27819061 4.89797640 106.68132782
v 105.27819061 2.13267827 106.34388733
v 105.27819061 -0.00008411 106.27268982
v 105.27825165 38.70075226 123.07588196
v 105.27822113 35.03893280 119.81796265
v 105.27822113 31.12699127 116.86730957
v 105.27819061 26.99193192 114.24592590
v 105.27819061 22.66269112 111.97114563
v 105.27816010 18.16826057 110.06027985
v 105.27825165 45.16883087 130.42175293
v 105.27822113 42.08545303 126.61915588
v 105.27825165 50.33861160 138.69769287
v 105.27822113 47.92670059 134.45768738
v 105.27825165 52.38416290 143.11247253
v 105.27839661 41.98670959 201.50885010
v 105.27839661 45.15175247 197.79840088
v 105.27842712 34.70442963 208.09738159
v 105.27839661 38.49541092 204.94963074
v 105.27833557 56.22112274 171.45982361
v 105.27833557 56.62882233 166.68063354
v 105.27833557 56.61086273 161.87821960
v 105.27845764 26.33379173 213.42506409
v 105.27842712 30.64034081 210.92880249
v 105.27845764 17.16814232 217.33354187
v 105.27842712 21.81539154 215.56729126
v 105.27845764 7.96814442 219.65895081
v 105.27842712 12.47504234 218.70185852
v 105.27845764 0.00003267 220.35162354
v 105.27842712 3.87952209 220.19148254
v 105.27830505 -56.17116928 157.08659363
v 105.27830505 -56.61094666 161.87831116
v 105.27830505 -56.62891006 166.68074036
v 105.27830505 -55.39069748 176.18226624
v 105.27833557 -54.14008713 180.81407166
v 105.27833557 -52.47887039 185.32305908
v 105.27833557 -50.41654968 189.67691040
v 105.27839661 -47.96891022 193.84544373
v 105.27825165 -4.89812469 106.68132782
v 105.27819061 -8.92847633 107.40882874
v 105.27819061 -13.56989765 108.53295898
v 105.27819061 -2.13283992 106.34388733
v 105.27819061 -31.12712860 116.86735535
v 105.27819061 -35.03908920 119.81802368
v 105.27819061 -38.70093918 123.07594299
v 105.27819061 -22.66284943 111.97117615
v 105.27819061 -26.99206924 114.24597931
v 105.27816010 -18.16840935 110.06028748
v 105.27825165 -50.33883667 138.69779968
v 105.27825165 -52.38431931 143.11259460
v 105.27825165 -54.04772949 147.67042542
v 105.27839661 -41.98671722 201.50892639
v 105.27839661 -38.49540710 204.94969177
v 105.27845764 -34.70440674 208.09744263
v 105.27833557 -56.22124863 171.45994568
v 105.27839661 -30.64031792 210.92889404
v 105.27845764 -26.33374786 213.42514038
v 105.27839661 -21.81533813 215.56735229
v 105.27845764 -17.16809845 217.33357239
v 105.27839661 -12.47498798 218.70185852
v 105.27845764 -7.96809149 219.65898132
v 105.27825165 -42.08564758 126.61927795
v 105.27825165 -45.16903687 130.42187500
v 105.27825165 -47.92691040 134.45780945
v 105.27839661 -45.15176010 197.79847717
v 105.27830505 -55.31338882 152.33950806
v 105.27842712 -3.87945986 220.19149780
v 107.83195496 -3.63985872 216.75389099
v 107.83195496 0.00004219 216.90361023
v 107.83195496 -7.47598171 216.25595093
v 107.83193207 3.63994122 216.75386047
v 107.83193207 7.47605944 216.25592041
v 107.83193207 11.70461273 215.36105347
v 107.83195496 16.10788155 214.08164978
v 107.83195496 20.46812057 212.43020630
v 107.83195496 24.70746231 210.42721558
v 107.83195496 28.74806213 208.09320068
v 107.83195496 32.56114960 205.44580078
v 107.83193207 36.11801147 202.50262451
v 107.83187103 39.39369202 199.28549194
v 107.83187103 42.36326981 195.81617737
v 107.83187103 45.00644302 192.12007141
v 107.83184052 47.30294037 188.22248840
v 107.83181000 49.23792267 184.15161133
v 107.83181000 50.79652023 179.93566895
v 107.83177948 51.96988297 175.60488892
v 107.83177948 52.74913025 171.18948364
v 107.83177948 53.13165283 166.72093201
v 107.83177948 53.11480331 162.23063660
v 107.83171082 52.70220184 157.75035095
v 107.83171082 51.89742279 153.31182861
v 107.83168030 50.70994186 148.94618225
v 107.83164978 49.14924240 144.68461609
v 107.83161926 47.23006058 140.55676270
v 107.83158875 44.96710205 136.59236145
v 107.83158875 42.37956238 132.81875610
v 107.83155823 39.48659134 129.26332092
v 107.83149719 36.31092072 125.95034790
v 107.83149719 32.87523270 122.90415955
v 107.83149719 29.20487213 120.14530182
v 107.83146667 25.32516098 117.69430542
v 107.83146667 21.26327133 115.56738281
v 107.83143616 17.04637146 113.78071594
v 107.83140564 12.70277214 112.34568787
v 107.83143616 8.26076412 111.27371216
v 107.83143616 4.42115116 110.57955933
v 107.83143616 1.88474119 110.27798462
v 107.83143616 -0.00006817 110.22535706
v 107.83143616 -1.88487279 110.27801514
v 107.83143616 -4.42127752 110.57955933
v 107.83143616 -8.26088047 111.27372742
v 107.83143616 -12.70288754 112.34570312
v 107.83143616 -17.04649925 113.78070831
v 107.83143616 -21.26339912 115.56739807
v 107.83143616 -25.32527924 117.69435883
v 107.83149719 -29.20498848 120.14535522
v 107.83149719 -32.87535858 122.90422058
v 107.83149719 -36.31105042 125.95039368
v 107.83155823 -39.48672867 129.26339722
v 107.83158875 -42.37967682 132.81886292
v 107.83161926 -44.96722794 136.59246826
v 107.83161926 -47.23016739 140.55686951
v 107.83164978 -49.14933777 144.68472290
v 107.83164978 -50.71001816 148.94630432
v 107.83168030 -51.89748764 153.31193542
v 107.83168030 -52.70226669 157.75045776
v 107.83171082 -53.11486816 162.23074341
v 107.83174896 -53.13168716 166.72103882
v 107.83177948 -52.74915695 171.18960571
v 107.83181000 -51.96990967 175.60498047
v 107.83184052 -50.79652023 179.93577576
v 107.83184052 -49.23791885 184.15170288
v 107.83187103 -47.30294800 188.22256470
v 107.83187103 -45.00644684 192.12016296
v 107.83187103 -42.36326981 195.81626892
v 107.83187103 -39.39368820 199.28555298
v 107.83190155 -36.11798859 202.50268555
v 107.83190155 -32.56111908 205.44586182
v 107.83193207 -28.74800873 208.09327698
v 107.83193207 -24.70740891 210.42729187
v 107.83193207 -20.46804810 212.43026733
v 107.83193207 -16.10780907 214.08171082
v 107.83193207 -11.70453739 215.36108398
v -26.23739243 18.26096153 268.12496948
v -28.59679031 14.41639233 267.87689209
v -23.43442154 21.74233055 268.41995239
v -20.23227310 24.79236221 268.75732422
v -16.68548203 27.36722183 269.13076782
v 4.08165073 32.01287079 271.29428101
v -0.24657059 32.23990250 270.84768677
v 8.34297276 31.19718170 271.73269653
v 12.45597935 29.79396057 272.15551758
v 16.34214783 27.81951141 272.55621338
v 30.03953934 10.59610271 274.00790405
v 28.21699905 14.84625244 273.80920410
v 31.31034851 6.50735140 274.14758301
v 31.96598816 3.08669019 274.21960449
v 32.13999939 0.00007372 274.23870850
v 19.92298889 25.29014206 272.92819214
v 23.13282967 22.25195122 273.26501465
v -30.46839142 10.27678204 267.68026733
v -31.78002167 6.31273651 267.54254150
v 25.90613937 18.75109100 273.56008911
v -4.56025982 31.87713051 270.40023804
v -8.78551006 30.93478203 269.95977783
v -32.45946121 2.99486327 267.47100830
v -32.64115143 0.00007952 267.45181274
v -12.84858036 29.42309189 269.53408813
v -26.23736191 -18.26079941 268.12496948
v -28.59680939 -14.41622734 267.87689209
v -23.43439102 -21.74216843 268.41998291
v -20.23227310 -24.79220772 268.75732422
v -16.68555069 -27.36707878 269.13082886
v 4.08165073 -32.01271820 271.29437256
v -0.24657059 -32.23975754 270.84777832
v 8.34294319 -31.19701767 271.73278809
v 12.45591831 -29.79379845 272.15560913
v 16.34211922 -27.81935883 272.55621338
v 30.03956985 -10.59594727 274.00790405
v 28.21699905 -14.84609795 273.80920410
v 31.31037903 -6.50720167 274.14758301
v 31.96598816 -3.08654189 274.21960449
v 23.13286018 -22.25179863 273.26501465
v 19.92298889 -25.28997803 272.92819214
v -30.46839142 -10.27661800 267.68026733
v -31.78003311 -6.31256580 267.54254150
v 25.90613937 -18.75093842 273.56008911
v -4.56025982 -31.87697792 270.40032959
v -8.78555965 -30.93462944 269.95983887
v -32.45948029 -2.99469876 267.47100830
v -12.84867001 -29.42293930 269.53421021
v 107.83195496 -3.63985872 216.75389099
v 107.83195496 0.00004219 216.90361023
v 107.83195496 -7.47598171 216.25595093
v 107.83193207 3.63994122 216.75386047
v 107.83193207 7.47605944 216.25592041
v 107.83193207 11.70461273 215.36105347
v 107.83195496 16.10788155 214.08164978
v 107.83195496 20.46812057 212.43020630
v 107.83195496 24.70746231 210.42721558
v 107.83195496 28.74806213 208.09320068
v 107.83195496 32.56114960 205.44580078
v 107.83193207 36.11801147 202.50262451
v 107.83187103 39.39369202 199.28549194
v 107.83187103 42.36326981 195.81617737
v 107.83187103 45.00644302 192.12007141
v 107.83184052 47.30294037 188.22248840
v 107.83181000 49.23792267 184.15161133
v 107.83181000 50.79652023 179.93566895
v 107.83177948 51.96988297 175.60488892
v 107.83177948 52.74913025 171.18948364
v 107.83177948 53.13165283 166.72093201
v 107.83177948 53.11480331 162.23063660
v 107.83171082 52.70220184 157.75035095
v 107.83171082 51.89742279 153.31182861
v 107.83168030 50.70994186 148.94618225
v 107.83164978 49.14924240 144.68461609
v 107.83161926 47.23006058 140.55676270
v 107.83158875 44.96710205 136.59236145
v 107.83158875 42.37956238 132.81875610
v 107.83155823 39.48659134 129.26332092
v 107.83149719 36.31092072 125.95034790
v 107.83149719 32.87523270 122.90415955
v 107.83149719 29.20487213 120.14530182
v 107.83146667 25.32516098 117.69430542
v 107.83146667 21.26327133 115.56738281
v 107.83143616 17.04637146 113.78071594
v 107.83140564 12.70277214 112.34568787
v 107.83143616 8.26076412 111.27371216
v 107.83143616 4.42115116 110.57955933
v 107.83143616 1.88474119 110.27798462
v 107.83143616 -0.00006817 110.22535706
v 107.83143616 -1.88487279 110.27801514
v 107.83143616 -4.42127752 110.57955933
v 107.83143616 -8.26088047 111.27372742
v 107.83143616 -12.70288754 112.34570312
v 107.83143616 -17.04649925 113.78070831
v 107.83143616 -21.26339912 115.56739807
v 107.83143616 -25.32527924 117.69435883
v 107.83149719 -29.20498848 120.14535522
v 107.83149719 -32.87535858 122.90422058
v 107.83149719 -36.31105042 125.95039368
v 107.83155823 -39.48672867 129.26339722
v 107.83158875 -42.37967682 132.81886292
v 107.83161926 -44.96722794 136.59246826
v 107.83161926 -47.23016739 140.55686951
v 107.83164978 -49.14933777 144.68472290
v 107.83164978 -50.71001816 148.94630432
v 107.83168030 -51.89748764 153.31193542
v 107.83168030 -52.70226669 157.75045776
v 107.83171082 -53.11486816 162.23074341
v 107.83174896 -53.13168716 166.72103882
v 107.83177948 -52.74915695 171.18960571
v 107.83181000 -51.96990967 175.60498047
v 107.83184052 -50.79652023 179.93577576
v 107.83184052 -49.23791885 184.15170288
v 107.83187103 -47.30294800 188.22256470
v 107.83187103 -45.00644684 192.12016296
v 107.83187103 -42.36326981 195.81626892
v 107.83187103 -39.39368820 199.28555298
v 107.83190155 -36.11798859 202.50268555
v 107.83190155 -32.56111908 205.44586182
v 107.83193207 -28.74800873 208.09327698
v 107.83193207 -24.70740891 210.42729187
v 107.83193207 -20.46804810 212.43026733
v 107.83193207 -16.10780907 214.08171082
v 107.83193207 -11.70453739 215.36108398
v 37.35649109 54.00112152 81.91805267
v 32.14672089 57.45442963 81.91834259
v 42.03823090 49.99297333 81.91766357
v 65.08775330 4.73190546 81.91632080
v 64.26469421 9.64938354 81.91635895
v 65.40813446 -0.00005629 81.91629791
v 59.38541794 26.04049110 81.91661072
v 56.89867020 31.38206100 81.91673279
v 61.46894836 20.45056152 81.91651154
v 54.08091736 36.14961243 81.91687775
v 50.71870041 40.71404266 81.91709137
v 46.59836960 45.44622040 81.91735077
v -41.83679962 48.91705322 81.91842651
v -46.84583282 44.30049133 81.91844177
v -36.64170074 52.70048141 81.91844177
v -30.98549271 56.08819962 81.91844177
v -24.93206024 59.03848267 81.91844177
v -6.99293041 64.56260681 81.91845703
v -12.38062000 63.38856125 81.91845703
v -1.74177074 65.04780579 81.91844940
v 14.70579720 63.63489151 81.91841125
v 9.69014072 64.29200745 81.91841888
v 19.87248421 62.45957184 81.91841125
v 26.00239944 60.33666229 81.91841888
v -51.94391251 38.41337204 81.91844940
v -56.63436127 31.41855049 81.91845703
v -60.42062378 23.47892189 81.91847992
v -63.15666962 15.28652287 81.91847992
v 63.07691956 14.93789196 81.91642761
v 4.01344395 64.86027527 81.91844940
v -18.54539108 61.50955963 81.91845703
v -64.69654846 7.53341341 81.91847992
v -65.16748810 -0.00004974 81.91848755
v 32.14667892 -57.45452881 81.91842651
v 37.35646057 -54.00119019 81.91812897
v 42.03818893 -49.99304962 81.91773987
v 64.26466370 -9.64949608 81.91636658
v 65.08775330 -4.73201752 81.91632080
v 56.89863968 -31.38214874 81.91676331
v 59.38538742 -26.04059792 81.91664124
v 61.46894836 -20.45065880 81.91652679
v 50.71866989 -40.71413040 81.91712952
v 54.08089066 -36.14970016 81.91693115
v 46.59833908 -45.44629669 81.91741180
v -46.84588242 -44.30057907 81.91848755
v -41.83683014 -48.91716003 81.91850281
v -36.64176178 -52.70060730 81.91848755
v -30.98554230 -56.08835983 81.91851807
v -24.93213272 -59.03863907 81.91853333
v -12.38068104 -63.38871002 81.91851807
v -6.99302959 -64.56273651 81.91851807
v -1.74188042 -65.04792786 81.91851807
v 9.69004822 -64.29214478 81.91850281
v 14.70564365 -63.63504028 81.91850281
v 19.87236023 -62.45971680 81.91850281
v 26.00236893 -60.33678818 81.91848755
v -56.63449097 -31.41864777 81.91847992
v -51.94396210 -38.41345978 81.91848755
v -63.15675354 -15.28661728 81.91850281
v -60.42072296 -23.47901917 81.91851807
v 63.07691956 -14.93800735 81.91644287
v 4.01335287 -64.86042786 81.91851807
v -18.54547882 -61.50970840 81.91854095
v -64.69660187 -7.53351164 81.91850281
f 1 2 3
f 3 4 1
f 5 2 1
f 1 6 5
f 7 8 5
f 5 6 7
f 9 8 7
f 7 10 9
f 11 12 13
f 13 14 11
f 15 12 11
f 11 16 15
f 17 18 15
f 15 16 17
f 19 18 17
f 17 20 19
f 21 22 23
f 23 24 21
f 25 22 21
f 21 26 25
f 27 28 25
f 25 26 27
f 29 28 27
f 27 30 29
f 31 19 32
f 32 33 31
f 34 35 36
f 36 33 34
f 37 38 35
f 35 34 37
f 34 39 40
f 40 37 34
f 41 42 38
f 38 37 41
f 41 23 22
f 22 43 41
f 44 45 46
f 46 43 44
f 44 25 28
f 28 47 44
f 32 48 49
f 49 39 32
f 19 20 48
f 48 32 19
f 50 51 52
f 52 53 50
f 54 51 50
f 50 55 54
f 51 54 56
f 56 57 51
f 52 51 57
f 57 58 52
f 3 59 60
f 60 4 3
f 59 61 62
f 62 60 59
f 63 64 58
f 58 57 63
f 65 63 57
f 57 56 65
f 63 65 66
f 66 67 63
f 64 63 67
f 67 68 64
f 39 49 69
f 69 40 39
f 23 40 69
f 69 24 23
f 13 70 71
f 71 14 13
f 72 71 70
f 70 73 72
f 13 12 74
f 74 75 13
f 76 77 78
f 78 74 76
f 79 80 81
f 81 82 79
f 73 70 79
f 79 82 73
f 75 83 80
f 80 79 75
f 42 41 43
f 43 46 42
f 84 58 64
f 64 85 84
f 86 87 88
f 88 85 86
f 86 68 89
f 89 90 86
f 91 92 93
f 93 90 91
f 91 3 2
f 2 94 91
f 5 8 95
f 95 96 5
f 8 9 97
f 97 95 8
f 58 84 98
f 98 52 58
f 31 33 36
f 36 99 31
f 100 101 94
f 94 96 100
f 101 92 91
f 91 94 101
f 102 99 103
f 103 104 102
f 105 106 78
f 78 77 105
f 107 80 83
f 83 108 107
f 107 109 81
f 81 80 107
f 110 111 112
f 112 113 110
f 100 113 112
f 112 114 100
f 114 115 101
f 101 100 114
f 116 88 87
f 87 117 116
f 116 118 119
f 119 88 116
f 113 95 97
f 97 110 113
f 96 95 113
f 113 100 96
f 120 121 98
f 98 122 120
f 122 123 120
f 119 118 123
f 123 122 119
f 87 86 90
f 90 93 87
f 102 124 31
f 31 99 102
f 76 124 102
f 102 77 76
f 83 75 74
f 74 78 83
f 42 125 126
f 126 38 42
f 127 128 93
f 93 92 127
f 53 52 98
f 98 121 53
f 53 121 129
f 129 50 53
f 108 83 78
f 78 106 108
f 36 130 103
f 103 99 36
f 36 35 131
f 131 130 36
f 120 132 129
f 129 121 120
f 132 133 134
f 134 129 132
f 117 87 93
f 93 128 117
f 127 92 101
f 101 115 127
f 77 102 104
f 104 105 77
f 125 42 46
f 46 135 125
f 136 135 46
f 46 45 136
f 136 45 137
f 137 138 136
f 139 138 137
f 137 140 139
f 141 142 143
f 143 144 141
f 145 142 141
f 141 146 145
f 147 148 149
f 149 150 147
f 151 148 147
f 147 152 151
f 153 154 155
f 155 156 153
f 157 154 153
f 153 158 157
f 159 160 161
f 161 162 159
f 163 160 159
f 159 164 163
f 165 166 145
f 145 146 165
f 166 165 162
f 162 161 166
f 167 168 169
f 169 170 167
f 168 171 172
f 172 169 168
f 173 174 175
f 175 176 173
f 174 177 178
f 178 175 174
f 179 152 180
f 180 181 179
f 182 179 181
f 181 183 182
f 184 185 179
f 179 182 184
f 186 187 188
f 188 189 186
f 187 186 176
f 176 190 187
f 175 191 190
f 190 176 175
f 191 175 178
f 178 192 191
f 193 194 192
f 192 178 193
f 178 177 195
f 195 193 178
f 194 193 196
f 196 197 194
f 198 199 197
f 197 196 198
f 199 198 182
f 182 183 199
f 200 201 189
f 189 188 200
f 201 200 202
f 202 172 201
f 203 204 170
f 170 205 203
f 204 203 206
f 206 207 204
f 208 209 204
f 204 207 208
f 196 193 195
f 195 210 196
f 211 212 213
f 213 214 211
f 215 212 211
f 211 216 215
f 217 218 150
f 150 149 217
f 219 218 217
f 217 220 219
f 152 179 185
f 185 151 152
f 221 222 223
f 223 224 221
f 225 221 224
f 224 226 225
f 221 225 227
f 227 228 221
f 222 221 228
f 228 229 222
f 230 231 229
f 229 228 230
f 232 230 228
f 228 227 232
f 230 232 233
f 233 234 230
f 231 230 234
f 234 235 231
f 236 237 235
f 235 234 236
f 238 236 234
f 234 233 238
f 236 238 239
f 239 240 236
f 237 236 240
f 240 241 237
f 242 243 241
f 241 240 242
f 244 242 240
f 240 239 244
f 242 244 245
f 245 246 242
f 243 242 246
f 246 247 243
f 248 249 250
f 250 251 248
f 252 248 251
f 251 253 252
f 248 252 254
f 254 255 248
f 249 248 255
f 255 256 249
f 257 258 250
f 250 249 257
f 259 257 249
f 249 256 259
f 257 259 183
f 183 181 257
f 258 257 181
f 181 180 258
f 260 261 250
f 250 258 260
f 262 260 258
f 258 180 262
f 260 262 263
f 263 264 260
f 261 260 264
f 264 265 261
f 266 267 268
f 268 269 266
f 270 266 269
f 269 271 270
f 266 270 272
f 272 273 266
f 267 266 273
f 273 274 267
f 275 276 277
f 277 278 275
f 279 275 278
f 278 280 279
f 275 279 281
f 281 282 275
f 276 275 282
f 282 283 276
f 284 285 286
f 286 287 284
f 288 284 287
f 287 289 288
f 284 288 290
f 290 291 284
f 285 284 291
f 291 292 285
f 293 294 295
f 295 296 293
f 297 293 296
f 296 298 297
f 293 297 299
f 299 300 293
f 294 293 300
f 300 301 294
f 302 303 304
f 304 305 302
f 306 302 305
f 305 307 306
f 302 306 308
f 308 309 302
f 303 302 309
f 309 310 303
f 311 312 313
f 313 314 311
f 315 311 314
f 314 316 315
f 311 315 317
f 317 318 311
f 312 311 318
f 318 319 312
f 320 321 319
f 319 318 320
f 322 320 318
f 318 317 322
f 320 322 323
f 323 324 320
f 321 320 324
f 324 325 321
f 326 327 325
f 325 324 326
f 328 326 324
f 324 323 328
f 326 328 329
f 329 330 326
f 327 326 330
f 330 331 327
f 332 333 331
f 331 330 332
f 334 332 330
f 330 329 334
f 332 334 335
f 335 336 332
f 333 332 336
f 336 295 333
f 262 147 150
f 150 263 262
f 147 262 180
f 180 152 147
f 218 219 337
f 337 338 218
f 150 218 338
f 338 263 150
f 153 339 340
f 340 158 153
f 339 153 156
f 156 341 339
f 342 343 337
f 337 219 342
f 219 220 344
f 344 342 219
f 342 344 345
f 345 346 342
f 343 342 346
f 346 347 343
f 348 349 350
f 350 351 348
f 352 348 351
f 351 353 352
f 348 352 354
f 354 355 348
f 349 348 355
f 355 356 349
f 357 358 356
f 356 355 357
f 359 357 355
f 355 354 359
f 357 359 360
f 360 361 357
f 358 357 361
f 361 362 358
f 363 364 365
f 365 366 363
f 367 363 366
f 366 368 367
f 363 367 369
f 369 370 363
f 364 363 370
f 370 371 364
f 372 373 371
f 371 370 372
f 374 372 370
f 370 369 374
f 372 374 253
f 253 375 372
f 373 372 375
f 375 376 373
f 377 378 353
f 353 351 377
f 379 377 351
f 351 350 379
f 377 379 380
f 380 381 377
f 378 377 381
f 381 382 378
f 383 384 382
f 382 381 383
f 385 383 381
f 381 380 385
f 383 385 386
f 386 387 383
f 384 383 387
f 387 286 384
f 388 287 286
f 286 387 388
f 389 388 387
f 387 386 389
f 388 389 390
f 390 391 388
f 287 388 391
f 391 289 287
f 131 35 38
f 38 126 131
f 204 209 167
f 167 170 204
f 15 18 124
f 124 76 15
f 18 19 31
f 31 124 18
f 392 393 61
f 61 394 392
f 67 392 394
f 394 68 67
f 392 67 66
f 66 395 392
f 393 392 395
f 395 396 393
f 397 59 3
f 3 89 397
f 394 397 89
f 89 68 394
f 397 394 61
f 61 59 397
f 61 393 398
f 398 62 61
f 393 396 399
f 399 398 393
f 400 401 72
f 72 73 400
f 9 10 401
f 401 400 9
f 109 402 403
f 403 81 109
f 111 110 403
f 403 402 111
f 400 404 97
f 97 9 400
f 81 403 404
f 404 82 81
f 110 97 404
f 404 403 110
f 119 84 85
f 85 88 119
f 122 98 84
f 84 119 122
f 141 144 405
f 405 406 141
f 146 141 406
f 406 407 146
f 165 146 407
f 407 408 165
f 162 165 408
f 408 409 162
f 410 411 208
f 208 207 410
f 411 410 144
f 144 143 411
f 412 413 109
f 109 107 412
f 414 412 107
f 107 108 414
f 412 414 274
f 274 415 412
f 413 412 415
f 415 277 413
f 416 417 117
f 117 128 416
f 418 416 128
f 128 127 418
f 416 418 229
f 229 231 416
f 417 416 231
f 231 235 417
f 419 418 127
f 127 115 419
f 420 419 115
f 115 114 420
f 419 420 223
f 223 222 419
f 418 419 222
f 222 229 418
f 421 422 105
f 105 423 421
f 424 421 423
f 423 205 424
f 421 424 202
f 202 425 421
f 422 421 425
f 425 268 422
f 426 427 136
f 136 138 426
f 428 426 138
f 138 139 428
f 426 428 429
f 429 430 426
f 427 426 430
f 430 409 427
f 431 432 103
f 103 130 431
f 433 431 130
f 130 131 433
f 431 433 405
f 405 434 431
f 432 431 434
f 434 206 432
f 435 433 131
f 131 126 435
f 436 435 126
f 126 125 436
f 435 436 407
f 407 406 435
f 433 435 406
f 406 405 433
f 437 436 125
f 125 135 437
f 427 437 135
f 135 136 427
f 437 427 409
f 409 408 437
f 436 437 408
f 408 407 436
f 438 439 118
f 118 116 438
f 417 438 116
f 116 117 417
f 438 417 235
f 235 237 438
f 439 438 237
f 237 241 439
f 440 441 111
f 111 402 440
f 413 440 402
f 402 109 413
f 440 413 277
f 277 276 440
f 441 440 276
f 276 283 441
f 442 443 120
f 120 123 442
f 439 442 123
f 123 118 439
f 442 439 241
f 241 243 442
f 443 442 243
f 243 247 443
f 444 132 120
f 120 443 444
f 445 444 443
f 443 247 445
f 444 445 446
f 446 447 444
f 132 444 447
f 447 133 132
f 158 448 449
f 449 157 158
f 448 346 345
f 345 449 448
f 448 158 340
f 340 450 448
f 346 448 450
f 450 347 346
f 155 451 452
f 452 156 155
f 214 213 452
f 452 451 214
f 452 213 453
f 453 454 452
f 156 452 454
f 454 341 156
f 210 455 198
f 198 196 210
f 184 182 198
f 198 455 184
f 456 457 307
f 307 305 456
f 458 456 305
f 305 304 458
f 456 458 459
f 459 460 456
f 457 456 460
f 460 461 457
f 462 306 307
f 307 463 462
f 464 462 463
f 463 465 464
f 462 464 466
f 466 467 462
f 306 462 467
f 467 308 306
f 468 315 316
f 316 469 468
f 470 468 469
f 469 471 470
f 468 470 472
f 472 473 468
f 315 468 473
f 473 317 315
f 474 322 317
f 317 473 474
f 475 474 473
f 473 472 475
f 474 475 476
f 476 477 474
f 322 474 477
f 477 323 322
f 478 328 323
f 323 477 478
f 479 478 477
f 477 476 479
f 478 479 480
f 480 481 478
f 328 478 481
f 481 329 328
f 482 334 329
f 329 481 482
f 483 482 481
f 481 480 483
f 482 483 292
f 292 484 482
f 334 482 484
f 484 335 334
f 485 486 487
f 487 488 485
f 194 485 488
f 488 192 194
f 485 194 197
f 197 489 485
f 486 485 489
f 489 490 486
f 491 492 190
f 190 191 491
f 488 491 191
f 191 192 488
f 491 488 487
f 487 493 491
f 492 491 493
f 493 494 492
f 495 496 497
f 497 498 495
f 312 495 498
f 498 313 312
f 495 312 319
f 319 499 495
f 496 495 499
f 499 500 496
f 501 502 500
f 500 499 501
f 321 501 499
f 499 319 321
f 501 321 325
f 325 503 501
f 502 501 503
f 503 504 502
f 505 506 504
f 504 503 505
f 327 505 503
f 503 325 327
f 505 327 331
f 331 507 505
f 506 505 507
f 507 508 506
f 509 510 508
f 508 507 509
f 333 509 507
f 507 331 333
f 509 333 295
f 295 294 509
f 510 509 294
f 294 301 510
f 511 512 513
f 513 514 511
f 303 511 514
f 514 304 303
f 511 303 310
f 310 515 511
f 512 511 515
f 515 516 512
f 517 518 494
f 494 493 517
f 519 517 493
f 493 487 519
f 517 519 459
f 459 520 517
f 518 517 520
f 520 521 518
f 522 523 186
f 186 189 522
f 523 173 176
f 176 186 523
f 524 423 105
f 105 104 524
f 432 524 104
f 104 103 432
f 524 432 206
f 206 203 524
f 423 524 203
f 203 205 423
f 525 252 253
f 253 374 525
f 526 525 374
f 374 369 526
f 525 526 465
f 465 527 525
f 252 525 527
f 527 254 252
f 528 529 521
f 521 530 528
f 531 528 530
f 530 513 531
f 528 531 280
f 280 532 528
f 529 528 532
f 532 272 529
f 533 375 253
f 253 251 533
f 261 533 251
f 251 250 261
f 533 261 265
f 265 534 533
f 375 533 534
f 534 376 375
f 535 460 459
f 459 519 535
f 486 535 519
f 519 487 486
f 535 486 490
f 490 536 535
f 460 535 536
f 536 461 460
f 537 520 459
f 459 458 537
f 514 537 458
f 458 304 514
f 537 514 513
f 513 530 537
f 520 537 530
f 530 521 520
f 538 414 108
f 108 106 538
f 422 538 106
f 106 105 422
f 538 422 268
f 268 267 538
f 414 538 267
f 267 274 414
f 539 420 114
f 114 112 539
f 441 539 112
f 112 111 441
f 539 441 283
f 283 540 539
f 420 539 540
f 540 223 420
f 541 515 310
f 310 542 541
f 498 541 542
f 542 313 498
f 541 498 497
f 497 543 541
f 515 541 543
f 543 516 515
f 544 545 368
f 368 546 544
f 547 544 546
f 546 360 547
f 544 547 471
f 471 548 544
f 545 544 548
f 548 466 545
f 549 361 360
f 360 546 549
f 366 549 546
f 546 368 366
f 549 366 365
f 365 550 549
f 361 549 550
f 550 362 361
f 551 309 308
f 308 552 551
f 314 551 552
f 552 316 314
f 551 314 313
f 313 542 551
f 309 551 542
f 542 310 309
f 553 554 516
f 516 543 553
f 555 553 543
f 543 497 555
f 553 555 226
f 226 556 553
f 554 553 556
f 556 281 554
f 169 172 202
f 202 424 169
f 170 169 424
f 424 205 170
f 171 557 201
f 201 172 171
f 557 522 189
f 189 201 557
f 558 425 202
f 202 200 558
f 559 558 200
f 200 188 559
f 558 559 271
f 271 269 558
f 425 558 269
f 269 268 425
f 410 207 206
f 206 434 410
f 144 410 434
f 434 405 144
f 560 255 254
f 254 561 560
f 536 560 561
f 561 461 536
f 560 536 490
f 490 562 560
f 255 560 562
f 562 256 255
f 563 464 465
f 465 526 563
f 367 563 526
f 526 369 367
f 563 367 368
f 368 545 563
f 464 563 545
f 545 466 464
f 564 470 471
f 471 547 564
f 359 564 547
f 547 360 359
f 564 359 354
f 354 565 564
f 470 564 565
f 565 472 470
f 566 475 472
f 472 565 566
f 352 566 565
f 565 354 352
f 566 352 353
f 353 567 566
f 475 566 567
f 567 476 475
f 568 479 476
f 476 567 568
f 378 568 567
f 567 353 378
f 568 378 382
f 382 569 568
f 479 568 569
f 569 480 479
f 570 483 480
f 480 569 570
f 384 570 569
f 569 382 384
f 570 384 286
f 286 285 570
f 483 570 285
f 285 292 483
f 571 527 465
f 465 463 571
f 457 571 463
f 463 307 457
f 571 457 461
f 461 561 571
f 527 571 561
f 561 254 527
f 572 548 471
f 471 469 572
f 552 572 469
f 469 316 552
f 572 552 308
f 308 467 572
f 548 572 467
f 467 466 548
f 573 259 256
f 256 562 573
f 489 573 562
f 562 490 489
f 573 489 197
f 197 199 573
f 259 573 199
f 199 183 259
f 263 338 574
f 574 575 263
f 338 337 576
f 576 574 338
f 453 577 578
f 578 579 453
f 577 580 581
f 581 578 577
f 340 339 582
f 582 583 340
f 339 341 584
f 584 582 339
f 347 450 585
f 585 586 347
f 450 340 583
f 583 585 450
f 337 343 587
f 587 576 337
f 343 347 586
f 586 587 343
f 350 349 588
f 588 589 350
f 349 356 590
f 590 588 349
f 356 358 591
f 591 590 356
f 358 362 592
f 592 591 358
f 365 364 593
f 593 594 365
f 364 371 595
f 595 593 364
f 376 534 596
f 596 597 376
f 534 265 598
f 598 596 534
f 265 264 599
f 599 598 265
f 264 263 575
f 575 599 264
f 380 379 600
f 600 601 380
f 379 350 589
f 589 600 379
f 386 385 602
f 602 603 386
f 385 380 601
f 601 602 385
f 341 454 604
f 604 584 341
f 454 453 579
f 579 604 454
f 371 373 605
f 605 595 371
f 373 376 597
f 597 605 373
f 362 550 606
f 606 592 362
f 550 365 594
f 594 606 550
f 140 137 47
f 47 607 140
f 45 44 47
f 47 137 45
f 159 162 409
f 409 430 159
f 164 159 430
f 430 429 164
f 212 215 580
f 580 577 212
f 213 212 577
f 577 453 213
f 608 609 298
f 298 296 608
f 336 608 296
f 296 295 336
f 608 336 335
f 335 610 608
f 609 608 610
f 610 611 609
f 612 613 446
f 446 445 612
f 246 612 445
f 445 247 246
f 612 246 245
f 245 614 612
f 613 612 614
f 614 615 613
f 616 617 611
f 611 610 616
f 484 616 610
f 610 335 484
f 616 484 292
f 292 291 616
f 617 616 291
f 291 290 617
f 390 389 618
f 618 619 390
f 389 386 603
f 603 618 389
f 620 621 622
f 622 623 620
f 621 624 625
f 625 622 621
f 624 626 627
f 627 625 624
f 626 628 629
f 629 627 626
f 630 631 632
f 632 633 630
f 631 634 635
f 635 632 631
f 634 636 637
f 637 635 634
f 636 638 639
f 639 637 636
f 640 641 642
f 642 643 640
f 641 644 645
f 645 642 641
f 644 646 647
f 647 645 644
f 29 30 647
f 647 646 29
f 648 649 650
f 650 651 648
f 649 652 653
f 653 650 649
f 654 655 650
f 650 653 654
f 652 656 657
f 657 653 652
f 640 658 657
f 657 659 640
f 660 661 659
f 659 662 660
f 660 663 664
f 664 661 660
f 644 641 661
f 661 664 644
f 663 665 666
f 666 664 663
f 646 666 607
f 607 29 646
f 667 668 655
f 655 654 667
f 668 639 638
f 638 655 668
f 669 670 671
f 671 672 669
f 54 55 671
f 671 670 54
f 673 670 669
f 669 674 673
f 670 673 56
f 56 54 670
f 620 623 675
f 675 676 620
f 677 676 675
f 675 678 677
f 679 673 674
f 674 680 679
f 681 679 680
f 680 682 681
f 679 681 66
f 66 65 679
f 673 679 65
f 65 56 673
f 654 658 683
f 683 667 654
f 640 643 683
f 683 658 640
f 684 685 630
f 630 633 684
f 684 686 687
f 687 685 684
f 688 689 690
f 690 691 688
f 688 692 693
f 693 689 688
f 631 689 693
f 693 634 631
f 659 657 656
f 656 662 659
f 694 695 696
f 696 697 694
f 685 696 690
f 690 630 685
f 682 680 698
f 698 699 682
f 620 700 701
f 701 702 620
f 703 704 705
f 705 702 703
f 621 705 706
f 706 624 621
f 624 706 707
f 707 626 624
f 674 669 708
f 708 709 674
f 672 710 708
f 708 669 672
f 711 706 705
f 705 704 711
f 692 712 713
f 713 714 692
f 648 714 713
f 713 715 648
f 716 717 695
f 695 694 716
f 718 711 719
f 719 720 718
f 721 722 723
f 723 724 721
f 690 696 695
f 695 691 690
f 725 707 718
f 718 726 725
f 706 711 718
f 718 707 706
f 708 710 727
f 727 728 708
f 727 729 728
f 730 731 701
f 701 699 730
f 703 702 701
f 701 731 703
f 732 714 648
f 648 651 732
f 732 693 692
f 692 714 732
f 672 671 733
f 733 710 672
f 55 134 733
f 733 671 55
f 726 718 720
f 720 734 726
f 735 736 688
f 688 691 735
f 736 712 692
f 692 688 736
f 715 737 649
f 649 648 715
f 652 649 737
f 737 738 652
f 727 710 733
f 733 739 727
f 739 733 134
f 134 133 739
f 721 728 729
f 729 722 721
f 740 741 731
f 731 730 740
f 741 742 703
f 703 731 741
f 742 743 704
f 704 703 742
f 719 711 704
f 704 743 719
f 744 745 660
f 660 662 744
f 745 746 663
f 663 660 745
f 746 747 665
f 665 663 746
f 139 140 665
f 665 747 139
f 748 749 750
f 750 751 748
f 749 752 753
f 753 750 749
f 754 755 756
f 756 757 754
f 755 758 759
f 759 756 755
f 760 761 762
f 762 763 760
f 761 764 765
f 765 762 761
f 766 767 768
f 768 769 766
f 163 164 768
f 768 767 163
f 752 770 771
f 771 753 752
f 770 766 769
f 769 771 770
f 772 773 774
f 774 775 772
f 776 773 772
f 772 777 776
f 778 779 780
f 780 781 778
f 782 779 778
f 778 783 782
f 784 785 786
f 786 759 784
f 759 758 787
f 787 784 759
f 784 787 788
f 788 789 784
f 785 784 789
f 789 790 785
f 791 792 793
f 793 794 791
f 795 791 794
f 794 796 795
f 791 795 797
f 797 798 791
f 792 791 798
f 798 799 792
f 800 801 793
f 793 792 800
f 781 800 792
f 792 799 781
f 802 800 781
f 781 780 802
f 778 781 799
f 799 803 778
f 783 778 803
f 803 804 783
f 805 783 804
f 804 806 805
f 807 805 806
f 806 808 807
f 809 810 805
f 805 807 809
f 810 782 783
f 783 805 810
f 811 807 808
f 808 812 811
f 789 811 812
f 812 790 789
f 788 813 811
f 811 789 788
f 814 815 801
f 801 816 814
f 815 777 817
f 817 818 815
f 801 815 818
f 818 793 801
f 819 820 821
f 821 822 819
f 775 819 822
f 822 823 775
f 824 825 826
f 826 827 824
f 215 216 826
f 826 825 215
f 757 828 829
f 829 754 757
f 828 830 831
f 831 829 828
f 832 833 834
f 834 835 832
f 836 832 835
f 835 837 836
f 832 836 838
f 838 839 832
f 833 832 839
f 839 840 833
f 841 836 837
f 837 842 841
f 843 841 842
f 842 844 843
f 841 843 845
f 845 846 841
f 836 841 846
f 846 838 836
f 847 843 844
f 844 848 847
f 849 847 848
f 848 850 849
f 847 849 851
f 851 852 847
f 843 847 852
f 852 845 843
f 853 849 850
f 850 854 853
f 855 853 854
f 854 856 855
f 853 855 857
f 857 858 853
f 849 853 858
f 858 851 849
f 859 860 861
f 861 862 859
f 863 859 862
f 862 864 863
f 859 863 865
f 865 866 859
f 860 859 866
f 866 867 860
f 868 862 861
f 861 869 868
f 785 868 869
f 869 786 785
f 868 785 790
f 790 870 868
f 862 868 870
f 870 864 862
f 871 869 861
f 861 872 871
f 873 871 872
f 872 874 873
f 871 873 875
f 875 876 871
f 869 871 876
f 876 786 869
f 877 878 879
f 879 880 877
f 881 877 880
f 880 882 881
f 877 881 883
f 883 884 877
f 878 877 884
f 884 796 878
f 885 886 887
f 887 888 885
f 889 885 888
f 888 890 889
f 885 889 891
f 891 892 885
f 886 885 892
f 892 893 886
f 894 895 896
f 896 897 894
f 898 894 897
f 897 899 898
f 894 898 290
f 290 288 894
f 895 894 288
f 288 289 895
f 900 901 902
f 902 903 900
f 904 900 903
f 903 905 904
f 900 904 299
f 299 297 900
f 901 900 297
f 297 298 901
f 906 907 908
f 908 909 906
f 910 906 909
f 909 911 910
f 906 910 912
f 912 913 906
f 907 906 913
f 913 914 907
f 915 916 917
f 917 918 915
f 919 915 918
f 918 920 919
f 915 919 921
f 921 922 915
f 916 915 922
f 922 923 916
f 924 919 920
f 920 925 924
f 926 924 925
f 925 927 926
f 924 926 928
f 928 929 924
f 919 924 929
f 929 921 919
f 930 926 927
f 927 931 930
f 932 930 931
f 931 933 932
f 930 932 934
f 934 935 930
f 926 930 935
f 935 928 926
f 936 932 933
f 933 937 936
f 938 936 937
f 937 902 938
f 936 938 939
f 939 940 936
f 932 936 940
f 940 934 932
f 756 759 786
f 786 876 756
f 757 756 876
f 876 875 757
f 941 828 757
f 757 875 941
f 828 941 942
f 942 830 828
f 762 765 943
f 943 944 762
f 763 762 944
f 944 945 763
f 946 830 942
f 942 947 946
f 948 946 947
f 947 949 948
f 950 951 946
f 946 948 950
f 952 953 954
f 954 955 952
f 956 952 955
f 955 957 956
f 952 956 958
f 958 959 952
f 953 952 959
f 959 960 953
f 961 956 957
f 957 962 961
f 963 961 962
f 962 964 963
f 961 963 965
f 965 966 961
f 956 961 966
f 966 958 956
f 967 968 969
f 969 970 967
f 971 967 970
f 970 972 971
f 967 971 973
f 973 974 967
f 968 967 974
f 974 975 968
f 976 971 972
f 972 977 976
f 978 976 977
f 977 979 978
f 976 978 867
f 867 980 976
f 971 976 980
f 980 973 971
f 981 953 960
f 960 982 981
f 983 981 982
f 982 984 983
f 981 983 985
f 985 986 981
f 953 981 986
f 986 954 953
f 987 983 984
f 984 988 987
f 989 987 988
f 988 896 989
f 987 989 990
f 990 991 987
f 983 987 991
f 991 985 983
f 992 989 896
f 896 895 992
f 391 992 895
f 895 289 391
f 992 391 390
f 390 993 992
f 989 992 993
f 993 990 989
f 738 994 656
f 656 652 738
f 994 744 662
f 662 656 994
f 774 995 819
f 819 775 774
f 995 996 820
f 820 819 995
f 634 693 732
f 732 636 634
f 997 998 677
f 677 999 997
f 395 997 999
f 999 396 395
f 997 395 66
f 66 681 997
f 998 997 681
f 681 682 998
f 1000 700 620
f 620 676 1000
f 998 1000 676
f 676 677 998
f 1000 998 682
f 682 700 1000
f 677 678 1001
f 1001 999 677
f 999 1001 399
f 399 396 999
f 628 1002 1003
f 1003 629 628
f 687 686 1003
f 1003 1002 687
f 1004 1005 716
f 716 694 1004
f 726 734 1005
f 1005 1004 726
f 697 687 1002
f 1002 1006 697
f 726 1004 1006
f 1006 725 726
f 694 697 1006
f 1006 1004 694
f 691 695 717
f 717 735 691
f 730 724 723
f 723 740 730
f 721 724 698
f 698 709 721
f 724 730 699
f 699 698 724
f 728 721 709
f 709 708 728
f 750 1007 1008
f 1008 751 750
f 1007 750 753
f 753 1009 1007
f 771 1010 1009
f 1009 753 771
f 1010 771 769
f 769 1011 1010
f 996 1012 1013
f 1013 820 996
f 1012 748 751
f 751 1013 1012
f 1014 717 716
f 716 1015 1014
f 1016 1014 1015
f 1015 887 1016
f 1014 1016 882
f 882 1017 1014
f 717 1014 1017
f 1017 735 717
f 1018 741 740
f 740 1019 1018
f 842 1018 1019
f 1019 844 842
f 1018 842 837
f 837 1020 1018
f 741 1018 1020
f 1020 742 741
f 1021 743 742
f 742 1020 1021
f 835 1021 1020
f 1020 837 835
f 1021 835 834
f 834 1022 1021
f 743 1021 1022
f 1022 719 743
f 1023 1024 712
f 712 1025 1023
f 1026 1023 1025
f 1025 879 1026
f 1023 1026 817
f 817 1027 1023
f 1024 1023 1027
f 1027 823 1024
f 1028 747 746
f 746 1029 1028
f 1030 1028 1029
f 1029 1011 1030
f 1028 1030 429
f 429 428 1028
f 747 1028 428
f 428 139 747
f 1031 737 715
f 715 1032 1031
f 1033 1031 1032
f 1032 821 1033
f 1031 1033 1008
f 1008 1034 1031
f 737 1031 1034
f 1034 738 737
f 1035 994 738
f 738 1034 1035
f 1007 1035 1034
f 1034 1008 1007
f 1035 1007 1009
f 1009 1036 1035
f 994 1035 1036
f 1036 744 994
f 1037 745 744
f 744 1036 1037
f 1010 1037 1036
f 1036 1009 1010
f 1037 1010 1011
f 1011 1029 1037
f 745 1037 1029
f 1029 746 745
f 1038 723 722
f 722 1039 1038
f 848 1038 1039
f 1039 850 848
f 1038 848 844
f 844 1019 1038
f 723 1038 1019
f 1019 740 723
f 1040 1005 734
f 734 1041 1040
f 888 1040 1041
f 1041 890 888
f 1040 888 887
f 887 1015 1040
f 1005 1040 1015
f 1015 716 1005
f 1042 729 727
f 727 1043 1042
f 854 1042 1043
f 1043 856 854
f 1042 854 850
f 850 1039 1042
f 729 1042 1039
f 1039 722 729
f 1044 1043 727
f 727 739 1044
f 447 1044 739
f 739 133 447
f 1044 447 446
f 446 1045 1044
f 1043 1044 1045
f 1045 856 1043
f 830 946 951
f 951 831 830
f 1046 1047 765
f 765 764 1046
f 1047 1046 950
f 950 948 1047
f 1047 1048 943
f 943 765 1047
f 1048 1047 948
f 948 949 1048
f 1049 1050 760
f 760 763 1049
f 827 1050 1049
f 1049 824 827
f 1049 1051 1052
f 1052 824 1049
f 1051 1049 763
f 763 945 1051
f 811 813 809
f 809 807 811
f 1053 907 914
f 914 1054 1053
f 1055 1053 1054
f 1054 1056 1055
f 1053 1055 1057
f 1057 1058 1053
f 907 1053 1058
f 1058 908 907
f 1059 1060 914
f 914 913 1059
f 1061 1059 913
f 913 912 1061
f 1059 1061 1062
f 1062 1063 1059
f 1060 1059 1063
f 1063 1064 1060
f 1065 1066 923
f 923 922 1065
f 1067 1065 922
f 922 921 1067
f 1065 1067 1068
f 1068 1069 1065
f 1066 1065 1069
f 1069 1070 1066
f 1071 1067 921
f 921 929 1071
f 1072 1071 929
f 929 928 1072
f 1071 1072 1073
f 1073 1074 1071
f 1067 1071 1074
f 1074 1068 1067
f 1075 1072 928
f 928 935 1075
f 1076 1075 935
f 935 934 1076
f 1075 1076 1077
f 1077 1078 1075
f 1072 1075 1078
f 1078 1073 1072
f 1079 1076 934
f 934 940 1079
f 1080 1079 940
f 940 939 1080
f 1079 1080 899
f 899 1081 1079
f 1076 1079 1081
f 1081 1077 1076
f 1082 1083 1084
f 1084 1085 1082
f 1086 1082 1085
f 1085 1087 1086
f 1082 1086 808
f 808 806 1082
f 1083 1082 806
f 806 804 1083
f 1088 803 799
f 799 798 1088
f 1089 1088 798
f 798 797 1089
f 1088 1089 1084
f 1084 1083 1088
f 803 1088 1083
f 1083 804 803
f 1090 1091 1092
f 1092 1093 1090
f 1094 1090 1093
f 1093 1095 1094
f 1090 1094 920
f 920 918 1090
f 1091 1090 918
f 918 917 1091
f 1096 1094 1095
f 1095 1097 1096
f 1098 1096 1097
f 1097 1099 1098
f 1096 1098 927
f 927 925 1096
f 1094 1096 925
f 925 920 1094
f 1100 1098 1099
f 1099 1101 1100
f 1102 1100 1101
f 1101 1103 1102
f 1100 1102 933
f 933 931 1100
f 1098 1100 931
f 931 927 1098
f 1104 1102 1103
f 1103 1105 1104
f 903 1104 1105
f 1105 905 903
f 1104 903 902
f 902 937 1104
f 1102 1104 937
f 937 933 1102
f 1106 1107 1108
f 1108 1109 1106
f 1110 1106 1109
f 1109 1111 1110
f 1106 1110 911
f 911 909 1106
f 1107 1106 909
f 909 908 1107
f 1112 1089 797
f 797 1113 1112
f 1114 1112 1113
f 1113 1115 1114
f 1112 1114 1057
f 1057 1116 1112
f 1089 1112 1116
f 1116 1084 1089
f 800 802 816
f 816 801 800
f 1117 713 712
f 712 1024 1117
f 822 1117 1024
f 1024 823 822
f 1117 822 821
f 821 1032 1117
f 713 1117 1032
f 1032 715 713
f 1118 980 867
f 867 866 1118
f 1119 1118 866
f 866 865 1119
f 1118 1119 1064
f 1064 1120 1118
f 980 1118 1120
f 1120 973 980
f 1121 1122 1115
f 1115 1123 1121
f 1124 1121 1123
f 1123 883 1124
f 1121 1124 893
f 893 1125 1121
f 1122 1121 1125
f 1125 1108 1122
f 1126 860 867
f 867 978 1126
f 1127 1126 978
f 978 979 1127
f 1126 1127 874
f 874 872 1126
f 860 1126 872
f 872 861 860
f 1128 1116 1057
f 1057 1055 1128
f 1129 1128 1055
f 1055 1056 1129
f 1128 1129 1087
f 1087 1085 1128
f 1116 1128 1085
f 1085 1084 1116
f 1130 1058 1057
f 1057 1114 1130
f 1122 1130 1114
f 1114 1115 1122
f 1130 1122 1108
f 1108 1107 1130
f 1058 1130 1107
f 1107 908 1058
f 1131 736 735
f 735 1017 1131
f 880 1131 1017
f 1017 882 880
f 1131 880 879
f 879 1025 1131
f 736 1131 1025
f 1025 712 736
f 1132 720 719
f 719 1022 1132
f 1133 1132 1022
f 1022 834 1133
f 1132 1133 890
f 890 1041 1132
f 720 1132 1041
f 1041 734 720
f 1134 1135 911
f 911 1110 1134
f 1136 1134 1110
f 1110 1111 1136
f 1134 1136 1092
f 1092 1091 1134
f 1135 1134 1091
f 1091 917 1135
f 1137 1138 975
f 975 1139 1137
f 1140 1137 1139
f 1139 1062 1140
f 1137 1140 1070
f 1070 1141 1137
f 1138 1137 1141
f 1141 965 1138
f 1142 1138 965
f 965 963 1142
f 1143 1142 963
f 963 964 1143
f 1142 1143 969
f 969 968 1142
f 1138 1142 968
f 968 975 1138
f 1144 1145 912
f 912 910 1144
f 1135 1144 910
f 910 911 1135
f 1144 1135 917
f 917 916 1144
f 1145 1144 916
f 916 923 1145
f 1146 1136 1111
f 1111 1147 1146
f 1148 1146 1147
f 1147 891 1148
f 1146 1148 840
f 840 1149 1146
f 1136 1146 1149
f 1149 1092 1136
f 772 1027 817
f 817 777 772
f 1027 772 775
f 775 823 1027
f 815 814 776
f 776 777 815
f 1150 818 817
f 817 1026 1150
f 878 1150 1026
f 1026 879 878
f 1150 878 796
f 796 794 1150
f 818 1150 794
f 794 793 818
f 1013 1033 821
f 821 820 1013
f 1033 1013 751
f 751 1008 1033
f 1151 1152 865
f 865 863 1151
f 1153 1151 863
f 863 864 1153
f 1151 1153 1087
f 1087 1129 1151
f 1152 1151 1129
f 1129 1056 1152
f 1154 1120 1064
f 1064 1063 1154
f 1139 1154 1063
f 1063 1062 1139
f 1154 1139 975
f 975 974 1154
f 1120 1154 974
f 974 973 1120
f 1155 1141 1070
f 1070 1069 1155
f 1156 1155 1069
f 1069 1068 1156
f 1155 1156 958
f 958 966 1155
f 1141 1155 966
f 966 965 1141
f 1157 1156 1068
f 1068 1074 1157
f 1158 1157 1074
f 1074 1073 1158
f 1157 1158 960
f 960 959 1157
f 1156 1157 959
f 959 958 1156
f 1159 1158 1073
f 1073 1078 1159
f 1160 1159 1078
f 1078 1077 1160
f 1159 1160 984
f 984 982 1159
f 1158 1159 982
f 982 960 1158
f 1161 1160 1077
f 1077 1081 1161
f 897 1161 1081
f 1081 899 897
f 1161 897 896
f 896 988 1161
f 1160 1161 988
f 988 984 1160
f 1162 1060 1064
f 1064 1119 1162
f 1152 1162 1119
f 1119 865 1152
f 1162 1152 1056
f 1056 1054 1162
f 1060 1162 1054
f 1054 914 1060
f 1163 1066 1070
f 1070 1140 1163
f 1061 1163 1140
f 1140 1062 1061
f 1163 1061 912
f 912 1145 1163
f 1066 1163 1145
f 1145 923 1066
f 1164 1153 864
f 864 870 1164
f 812 1164 870
f 870 790 812
f 1164 812 808
f 808 1086 1164
f 1153 1164 1086
f 1086 1087 1153
f 875 1165 1166
f 1166 941 875
f 942 941 1166
f 1166 1167 942
f 1052 1168 1169
f 1169 1170 1052
f 581 580 1170
f 1170 1169 581
f 943 1171 1172
f 1172 944 943
f 945 944 1172
f 1172 1173 945
f 949 1174 1175
f 1175 1048 949
f 1171 943 1048
f 1048 1175 1171
f 942 1167 1176
f 1176 947 942
f 1174 949 947
f 947 1176 1174
f 954 1177 1178
f 1178 955 954
f 957 955 1178
f 1178 1179 957
f 957 1179 1180
f 1180 962 957
f 964 962 1180
f 1180 1181 964
f 969 1182 1183
f 1183 970 969
f 972 970 1183
f 1183 1184 972
f 979 1185 1186
f 1186 1127 979
f 874 1127 1186
f 1186 1187 874
f 874 1187 1188
f 1188 873 874
f 1165 875 873
f 873 1188 1165
f 985 1189 1190
f 1190 986 985
f 1177 954 986
f 986 1190 1177
f 990 1191 1192
f 1192 991 990
f 1189 985 991
f 991 1192 1189
f 945 1173 1193
f 1193 1051 945
f 1168 1052 1051
f 1051 1193 1168
f 972 1184 1194
f 1194 977 972
f 1185 979 977
f 977 1194 1185
f 964 1181 1195
f 1195 1143 964
f 1182 969 1143
f 1143 1195 1182
f 140 607 666
f 666 665 140
f 1030 768 164
f 164 429 1030
f 768 1030 1011
f 1011 769 768
f 825 1170 580
f 580 215 825
f 1170 825 824
f 824 1052 1170
f 1196 901 298
f 298 609 1196
f 1197 1196 609
f 609 611 1197
f 1196 1197 939
f 939 938 1196
f 901 1196 938
f 938 902 901
f 1198 1045 446
f 446 613 1198
f 1199 1198 613
f 613 615 1199
f 1198 1199 857
f 857 855 1198
f 1045 1198 855
f 855 856 1045
f 1200 1197 611
f 611 617 1200
f 898 1200 617
f 617 290 898
f 1200 898 899
f 899 1080 1200
f 1197 1200 1080
f 1080 939 1197
f 390 619 1201
f 1201 993 390
f 1191 990 993
f 993 1201 1191
f 34 33 32
f 32 39 34
f 41 37 40
f 40 23 41
f 44 43 22
f 22 25 44
f 607 47 28
f 28 29 607
f 76 74 12
f 12 15 76
f 13 75 79
f 79 70 13
f 86 85 64
f 64 68 86
f 91 90 89
f 89 3 91
f 96 94 2
f 2 5 96
f 55 50 129
f 129 134 55
f 73 82 404
f 404 400 73
f 638 651 650
f 650 655 638
f 654 653 657
f 657 658 654
f 640 659 661
f 661 641 640
f 644 664 666
f 666 646 644
f 690 689 631
f 631 630 690
f 697 696 685
f 685 687 697
f 709 698 680
f 680 674 709
f 682 699 701
f 701 700 682
f 620 702 705
f 705 621 620
f 628 626 707
f 707 725 628
f 638 636 732
f 732 651 638
f 628 725 1006
f 1006 1002 628
f 1202 225 226
f 226 555 1202
f 496 1202 555
f 555 497 496
f 1202 496 500
f 500 1203 1202
f 225 1202 1203
f 1203 227 225
f 1204 232 227
f 227 1203 1204
f 502 1204 1203
f 1203 500 502
f 1204 502 504
f 504 1205 1204
f 232 1204 1205
f 1205 233 232
f 1206 238 233
f 233 1205 1206
f 506 1206 1205
f 1205 504 506
f 1206 506 508
f 508 1207 1206
f 238 1206 1207
f 1207 239 238
f 1208 244 239
f 239 1207 1208
f 510 1208 1207
f 1207 508 510
f 1208 510 301
f 301 1209 1208
f 244 1208 1209
f 1209 245 244
f 1210 270 271
f 271 1211 1210
f 518 1210 1211
f 1211 494 518
f 1210 518 521
f 521 529 1210
f 270 1210 529
f 529 272 270
f 1212 279 280
f 280 531 1212
f 512 1212 531
f 531 513 512
f 1212 512 516
f 516 554 1212
f 279 1212 554
f 554 281 279
f 1213 532 280
f 280 278 1213
f 415 1213 278
f 278 277 415
f 1213 415 274
f 274 273 1213
f 532 1213 273
f 273 272 532
f 1214 556 226
f 226 224 1214
f 540 1214 224
f 224 223 540
f 1214 540 283
f 283 282 1214
f 556 1214 282
f 282 281 556
f 1215 614 245
f 245 1209 1215
f 300 1215 1209
f 1209 301 300
f 1215 300 299
f 299 1216 1215
f 614 1215 1216
f 1216 615 614
f 1217 839 838
f 838 1218 1217
f 1093 1217 1218
f 1218 1095 1093
f 1217 1093 1092
f 1092 1149 1217
f 839 1217 1149
f 1149 840 839
f 1219 846 845
f 845 1220 1219
f 1097 1219 1220
f 1220 1099 1097
f 1219 1097 1095
f 1095 1218 1219
f 846 1219 1218
f 1218 838 846
f 1221 852 851
f 851 1222 1221
f 1101 1221 1222
f 1222 1103 1101
f 1221 1101 1099
f 1099 1220 1221
f 852 1221 1220
f 1220 845 852
f 1223 858 857
f 857 1224 1223
f 1105 1223 1224
f 1224 905 1105
f 1223 1105 1103
f 1103 1222 1223
f 858 1223 1222
f 1222 851 858
f 1225 884 883
f 883 1123 1225
f 1113 1225 1123
f 1123 1115 1113
f 1225 1113 797
f 797 795 1225
f 884 1225 795
f 795 796 884
f 1226 892 891
f 891 1147 1226
f 1109 1226 1147
f 1147 1111 1109
f 1226 1109 1108
f 1108 1125 1226
f 892 1226 1125
f 1125 893 892
f 1227 1124 883
f 883 881 1227
f 1016 1227 881
f 881 882 1016
f 1227 1016 887
f 887 886 1227
f 1124 1227 886
f 886 893 1124
f 1228 1148 891
f 891 889 1228
f 1133 1228 889
f 889 890 1133
f 1228 1133 834
f 834 833 1228
f 1148 1228 833
f 833 840 1148
f 1229 1199 615
f 615 1216 1229
f 904 1229 1216
f 1216 299 904
f 1229 904 905
f 905 1224 1229
f 1199 1229 1224
f 1224 857 1199
f 1230 559 188
f 188 187 1230
f 492 1230 187
f 187 190 492
f 1230 492 494
f 494 1211 1230
f 559 1230 1211
f 1211 271 559
f 1231 1232 455
f 455 210 1231
f 1232 1233 184
f 184 455 1232
f 1234 1235 523
f 523 522 1234
f 1235 1236 173
f 173 523 1235
f 1237 1238 557
f 557 171 1237
f 1238 1234 522
f 522 557 1238
f 1239 1240 451
f 451 155 1239
f 1240 1241 214
f 214 451 1240
f 1241 1242 211
f 211 214 1241
f 1242 1243 216
f 216 211 1242
f 1244 1245 344
f 344 220 1244
f 1245 1246 345
f 345 344 1245
f 1246 1247 449
f 449 345 1246
f 1247 1248 157
f 157 449 1247
f 1248 1249 154
f 154 157 1248
f 1249 1239 155
f 155 154 1249
f 1250 1251 217
f 217 149 1250
f 1251 1244 220
f 220 217 1251
f 1252 1253 148
f 148 151 1252
f 1253 1250 149
f 149 148 1253
f 1233 1254 185
f 185 184 1233
f 1254 1252 151
f 151 185 1254
f 1255 1256 168
f 168 167 1255
f 1256 1237 171
f 171 168 1256
f 1257 1258 209
f 209 208 1257
f 1258 1255 167
f 167 209 1258
f 1236 1259 174
f 174 173 1236
f 1259 1260 177
f 177 174 1259
f 1260 1261 195
f 195 177 1260
f 1261 1231 210
f 210 195 1261
f 1262 1263 411
f 411 143 1262
f 1263 1257 208
f 208 411 1263
f 1264 1265 142
f 142 145 1264
f 1265 1262 143
f 143 142 1265
f 1266 1267 166
f 166 161 1266
f 1267 1264 145
f 145 166 1267
f 1268 1269 160
f 160 163 1268
f 1269 1266 161
f 161 160 1269
f 1270 1271 810
f 810 809 1270
f 1271 1272 782
f 782 810 1271
f 1273 1274 802
f 802 780 1273
f 1274 1275 816
f 816 802 1274
f 1275 1276 814
f 814 816 1275
f 1276 1277 776
f 776 814 1276
f 1278 1279 1050
f 1050 827 1278
f 1279 1280 760
f 760 1050 1279
f 1243 1281 826
f 826 216 1243
f 1281 1278 827
f 827 826 1281
f 1282 1283 951
f 951 950 1282
f 1283 1284 831
f 831 951 1283
f 1285 1286 1046
f 1046 764 1285
f 1286 1282 950
f 950 1046 1286
f 1280 1287 761
f 761 760 1280
f 1287 1285 764
f 764 761 1287
f 1288 1289 787
f 787 758 1288
f 1289 1290 788
f 788 787 1289
f 1291 1292 995
f 995 774 1291
f 1292 1293 996
f 996 995 1292
f 1272 1294 779
f 779 782 1272
f 1294 1273 780
f 780 779 1294
f 1293 1295 1012
f 1012 996 1293
f 1295 1296 748
f 748 1012 1295
f 1296 1297 749
f 749 748 1296
f 1297 1298 752
f 752 749 1297
f 1298 1299 770
f 770 752 1298
f 1299 1300 766
f 766 770 1299
f 1284 1301 829
f 829 831 1284
f 1301 1302 754
f 754 829 1301
f 1302 1303 755
f 755 754 1302
f 1303 1288 758
f 758 755 1303
f 1277 1304 773
f 773 776 1277
f 1304 1291 774
f 774 773 1304
f 1290 1305 813
f 813 788 1290
f 1305 1270 809
f 809 813 1305
f 1300 1306 767
f 767 766 1300
f 1306 1268 163
f 163 767 1306
f 1232 1231 1307
f 1307 1308 1232
f 1233 1232 1308
f 1308 1309 1233
f 1235 1234 1310
f 1310 1311 1235
f 1236 1235 1311
f 1311 1312 1236
f 1238 1237 1313
f 1313 1314 1238
f 1234 1238 1314
f 1314 1310 1234
f 1240 1239 1315
f 1315 1316 1240
f 1241 1240 1316
f 1316 1317 1241
f 1242 1241 1317
f 1317 1318 1242
f 1243 1242 1318
f 1318 1319 1243
f 1245 1244 1320
f 1320 1321 1245
f 1246 1245 1321
f 1321 1322 1246
f 1247 1246 1322
f 1322 1323 1247
f 1248 1247 1323
f 1323 1324 1248
f 1249 1248 1324
f 1324 1325 1249
f 1239 1249 1325
f 1325 1315 1239
f 1251 1250 1326
f 1326 1327 1251
f 1244 1251 1327
f 1327 1320 1244
f 1253 1252 1328
f 1328 1329 1253
f 1250 1253 1329
f 1329 1326 1250
f 1254 1233 1309
f 1309 1330 1254
f 1252 1254 1330
f 1330 1328 1252
f 1256 1255 1331
f 1331 1332 1256
f 1237 1256 1332
f 1332 1313 1237
f 1258 1257 1333
f 1333 1334 1258
f 1255 1258 1334
f 1334 1331 1255
f 1259 1236 1312
f 1312 1335 1259
f 1260 1259 1335
f 1335 1336 1260
f 1261 1260 1336
f 1336 1337 1261
f 1231 1261 1337
f 1337 1307 1231
f 1263 1262 1338
f 1338 1339 1263
f 1257 1263 1339
f 1339 1333 1257
f 1265 1264 1340
f 1340 1341 1265
f 1262 1265 1341
f 1341 1338 1262
f 1267 1266 1342
f 1342 1343 1267
f 1264 1267 1343
f 1343 1340 1264
f 1269 1268 1344
f 1344 1345 1269
f 1266 1269 1345
f 1345 1342 1266
f 1271 1270 1346
f 1346 1347 1271
f 1272 1271 1347
f 1347 1348 1272
f 1274 1273 1349
f 1349 1350 1274
f 1275 1274 1350
f 1350 1351 1275
f 1276 1275 1351
f 1351 1352 1276
f 1277 1276 1352
f 1352 1353 1277
f 1279 1278 1354
f 1354 1355 1279
f 1280 1279 1355
f 1355 1356 1280
f 1281 1243 1319
f 1319 1357 1281
f 1278 1281 1357
f 1357 1354 1278
f 1283 1282 1358
f 1358 1359 1283
f 1284 1283 1359
f 1359 1360 1284
f 1286 1285 1361
f 1361 1362 1286
f 1282 1286 1362
f 1362 1358 1282
f 1287 1280 1356
f 1356 1363 1287
f 1285 1287 1363
f 1363 1361 1285
f 1289 1288 1364
f 1364 1365 1289
f 1290 1289 1365
f 1365 1366 1290
f 1292 1291 1367
f 1367 1368 1292
f 1293 1292 1368
f 1368 1369 1293
f 1294 1272 1348
f 1348 1370 1294
f 1273 1294 1370
f 1370 1349 1273
f 1295 1293 1369
f 1369 1371 1295
f 1296 1295 1371
f 1371 1372 1296
f 1297 1296 1372
f 1372 1373 1297
f 1298 1297 1373
f 1373 1374 1298
f 1299 1298 1374
f 1374 1375 1299
f 1300 1299 1375
f 1375 1376 1300
f 1301 1284 1360
f 1360 1377 1301
f 1302 1301 1377
f 1377 1378 1302
f 1303 1302 1378
f 1378 1379 1303
f 1288 1303 1379
f 1379 1364 1288
f 1304 1277 1353
f 1353 1380 1304
f 1291 1304 1380
f 1380 1367 1291
f 1305 1290 1366
f 1366 1381 1305
f 1270 1305 1381
f 1381 1346 1270
f 1306 1300 1376
f 1376 1382 1306
f 1268 1306 1382
f 1382 1344 1268
f 1459 1460 1420
f 1420 1458 1459
f 1461 1459 1458
f 1458 1452 1461
f 1462 1463 1418
f 1418 1421 1462
f 1460 1462 1421
f 1421 1420 1460
f 1464 1465 1416
f 1416 1419 1464
f 1463 1464 1419
f 1419 1418 1463
f 1466 1467 1414
f 1414 1417 1466
f 1465 1466 1417
f 1417 1416 1465
f 1468 1469 1409
f 1409 1415 1468
f 1467 1468 1415
f 1415 1414 1467
f 1470 1471 1407
f 1407 1410 1470
f 1469 1470 1410
f 1410 1409 1469
f 1472 1473 1389
f 1389 1408 1472
f 1471 1472 1408
f 1408 1407 1471
f 1474 1475 1386
f 1386 1390 1474
f 1473 1474 1390
f 1390 1389 1473
f 1476 1477 1388
f 1388 1387 1476
f 1475 1476 1387
f 1387 1386 1475
f 1478 1479 1412
f 1412 1411 1478
f 1477 1478 1411
f 1411 1388 1477
f 1480 1481 1383
f 1383 1413 1480
f 1479 1480 1413
f 1413 1412 1479
f 1482 1483 1385
f 1385 1384 1482
f 1481 1482 1384
f 1384 1383 1481
f 1484 1485 1404
f 1404 1406 1484
f 1483 1484 1406
f 1406 1385 1483
f 1486 1487 1402
f 1402 1405 1486
f 1485 1486 1405
f 1405 1404 1485
f 1488 1489 1396
f 1396 1403 1488
f 1487 1488 1403
f 1403 1402 1487
f 1490 1491 1398
f 1398 1397 1490
f 1489 1490 1397
f 1397 1396 1489
f 1492 1493 1400
f 1400 1399 1492
f 1491 1492 1399
f 1399 1398 1491
f 1494 1495 1391
f 1391 1401 1494
f 1493 1494 1401
f 1401 1400 1493
f 1496 1497 1393
f 1393 1392 1496
f 1495 1496 1392
f 1392 1391 1495
f 1498 1499 1395
f 1395 1394 1498
f 1497 1498 1394
f 1394 1393 1497
f 1500 1501 1430
f 1430 1433 1500
f 1499 1500 1433
f 1433 1395 1499
f 1502 1503 1432
f 1432 1431 1502
f 1501 1502 1431
f 1431 1430 1501
f 1504 1505 1437
f 1437 1439 1504
f 1503 1504 1439
f 1439 1432 1503
f 1506 1507 1434
f 1434 1438 1506
f 1505 1506 1438
f 1438 1437 1505
f 1508 1509 1436
f 1436 1435 1508
f 1507 1508 1435
f 1435 1434 1507
f 1510 1511 1454
f 1454 1453 1510
f 1509 1510 1453
f 1453 1436 1509
f 1512 1513 1440
f 1440 1455 1512
f 1511 1512 1455
f 1455 1454 1511
f 1514 1515 1442
f 1442 1441 1514
f 1513 1514 1441
f 1441 1440 1513
f 1516 1517 1422
f 1422 1457 1516
f 1515 1516 1457
f 1457 1442 1515
f 1518 1519 1424
f 1424 1423 1518
f 1517 1518 1423
f 1423 1422 1517
f 1520 1521 1425
f 1425 1446 1520
f 1519 1520 1446
f 1446 1424 1519
f 1522 1523 1427
f 1427 1426 1522
f 1521 1522 1426
f 1426 1425 1521
f 1524 1525 1429
f 1429 1428 1524
f 1523 1524 1428
f 1428 1427 1523
f 1526 1527 1443
f 1443 1456 1526
f 1525 1526 1456
f 1456 1429 1525
f 1528 1529 1445
f 1445 1444 1528
f 1527 1528 1444
f 1444 1443 1527
f 1530 1531 1448
f 1448 1447 1530
f 1529 1530 1447
f 1447 1445 1529
f 1532 1533 1450
f 1450 1449 1532
f 1531 1532 1449
f 1449 1448 1531
f 1534 1461 1452
f 1452 1451 1534
f 1533 1534 1451
f 1451 1450 1533
f 1552 1553 1557
f 1557 1558 1581
f 1581 1577 1576
f 1557 1581 1576
f 1576 1561 1560
f 1560 1562 1563
f 1576 1560 1563
f 1563 1564 1582
f 1582 1580 1579
f 1563 1582 1579
f 1576 1563 1579
f 1579 1566 1565
f 1565 1567 1568
f 1579 1565 1568
f 1568 1569 1575
f 1575 1574 1578
f 1568 1575 1578
f 1579 1568 1578
f 1578 1571 1570
f 1570 1572 1573
f 1578 1570 1573
f 1573 1549 1548
f 1548 1547 1545
f 1573 1548 1545
f 1578 1573 1545
f 1579 1578 1545
f 1545 1546 1554
f 1554 1551 1550
f 1545 1554 1550
f 1550 1544 1543
f 1543 1542 1540
f 1550 1543 1540
f 1545 1550 1540
f 1540 1541 1555
f 1555 1556 1559
f 1540 1555 1559
f 1559 1539 1538
f 1538 1537 1535
f 1559 1538 1535
f 1540 1559 1535
f 1545 1540 1535
f 1579 1545 1535
f 1576 1579 1535
f 1557 1576 1535
f 1552 1557 1535
f 1536 1552 1535
f 1658 1657 1656
f 1656 1655 1654
f 1654 1653 1652
f 1656 1654 1652
f 1652 1651 1650
f 1650 1649 1648
f 1652 1650 1648
f 1648 1647 1646
f 1646 1645 1644
f 1648 1646 1644
f 1652 1648 1644
f 1644 1643 1642
f 1642 1641 1640
f 1644 1642 1640
f 1640 1639 1638
f 1638 1637 1636
f 1640 1638 1636
f 1644 1640 1636
f 1652 1644 1636
f 1636 1635 1634
f 1634 1633 1632
f 1636 1634 1632
f 1632 1631 1630
f 1630 1629 1628
f 1632 1630 1628
f 1636 1632 1628
f 1628 1627 1626
f 1626 1625 1624
f 1628 1626 1624
f 1624 1623 1622
f 1622 1621 1620
f 1624 1622 1620
f 1628 1624 1620
f 1636 1628 1620
f 1620 1619 1618
f 1618 1617 1616
f 1620 1618 1616
f 1616 1615 1614
f 1614 1613 1612
f 1616 1614 1612
f 1620 1616 1612
f 1612 1611 1610
f 1610 1609 1608
f 1612 1610 1608
f 1608 1607 1606
f 1606 1605 1604
f 1608 1606 1604
f 1612 1608 1604
f 1620 1612 1604
f 1636 1620 1604
f 1604 1603 1602
f 1602 1601 1600
f 1604 1602 1600
f 1600 1599 1598
f 1598 1597 1596
f 1600 1598 1596
f 1604 1600 1596
f 1596 1595 1594
f 1594 1593 1592
f 1596 1594 1592
f 1592 1591 1590
f 1590 1589 1588
f 1592 1590 1588
f 1596 1592 1588
f 1604 1596 1588
f 1636 1604 1588
f 1652 1636 1588
f 1588 1587 1586
f 1586 1584 1583
f 1588 1586 1583
f 1652 1588 1583
f 1656 1652 1583
f 1658 1656 1583
f 1585 1658 1583
f 1720 1709 1721
f 1687 1696 1698
f 1698 1697 1701
f 1719 1699 1698
f 1696 1695 1719
f 1718 1690 1683
f 1687 1662 1696
f 1662 1664 1696
f 1670 1669 1668
f 1706 1705 1704
f 1721 1707 1706
f 1698 1714 1721
f 1714 1720 1721
f 1683 1676 1659
f 1709 1708 1721
f 1720 1710 1709
f 1714 1712 1720
f 1712 1711 1720
f 1714 1713 1712
f 1698 1702 1714
f 1702 1693 1714
f 1693 1692 1714
f 1702 1694 1693
f 1698 1701 1702
f 1701 1700 1702
f 1683 1671 1674
f 1671 1673 1674
f 1683 1672 1671
f 1721 1718 1683
f 1690 1685 1683
f 1685 1684 1683
f 1690 1686 1685
f 1721 1704 1718
f 1718 1722 1690
f 1722 1691 1690
f 1687 1663 1662
f 1668 1666 1665
f 1665 1667 1687
f 1668 1665 1687
f 1696 1719 1698
f 1716 1715 1718
f 1704 1716 1718
f 1704 1703 1716
f 1718 1717 1722
f 1688 1680 1679
f 1676 1688 1679
f 1679 1681 1682
f 1676 1678 1688
f 1682 1660 1659
f 1679 1682 1659
f 1676 1679 1659
f 1721 1683 1659
f 1698 1721 1659
f 1687 1698 1659
f 1670 1668 1659
f 1661 1670 1659
f 1674 1675 1689
f 1689 1677 1676
f 1683 1674 1676
f 1674 1689 1676
f 1668 1687 1659
f 1721 1706 1704

