# https://github.com/mikedh/trimesh
v 31.63794708 87.44470215 12.30920506
v 28.42205811 91.50568390 9.91815472
v 25.97780800 92.14697266 13.83568478
v 28.88991737 88.22650146 16.63268471
v 25.60222816 88.95233154 20.58225632
v 29.43886757 74.71228027 27.15492630
v 33.26956940 73.08331299 22.37137604
v 21.71193695 89.63245392 24.02986526
v 25.21608734 76.11772919 31.15085602
v 22.99397850 92.72308350 17.51585579
v 19.45340729 93.24499512 20.81338501
v 17.36999702 90.23248291 27.02801514
v 20.51516724 77.30762482 34.56730652
v 15.50434875 93.70868683 23.61152649
v 11.29501915 94.11035156 25.79352570
v 12.72736835 90.71820068 29.62916565
v 8.14156342 91.07117462 31.60903549
v 9.87754154 79.01080322 39.92458725
v 15.25007915 78.28998566 37.61250687
v 7.17170763 94.42120361 27.29528618
v 3.48065782 94.61249542 28.05278587
v 3.97007680 91.27295685 32.74339676
v 1.42344964 25.28734970 -49.81224442
v 3.27796769 39.91033936 -47.42558289
v 5.82318258 39.60345078 -47.29345322
v 2.53902173 25.76251030 -49.70707321
v 0.00569974 40.09375000 -47.52297592
v 0.00568976 25.17004013 -49.85171509
v 0.00570807 50.58983994 -45.82058334
v 3.91254783 50.47594833 -45.64541626
v 7.53867865 51.67296982 -44.99406433
v 9.67965412 64.89239502 -41.80596542
v 9.76675701 62.00848007 -42.24758530
v 7.92663574 62.23991776 -42.87466431
v 10.66230869 71.33917236 -40.02849579
v 8.57452297 70.79869843 -40.97572327
v 11.48980904 70.50244141 -39.60270309
v 32.51208115 88.75330353 -5.84418297
v 32.40427017 89.38611603 -2.04757881
v 36.32215118 84.99634552 -1.31965017
v 36.42708969 84.30444336 -5.55808115
v 35.52896118 85.75610352 3.12874103
v 42.40333939 67.33782959 5.30551815
v 43.89245987 65.71904755 0.32243490
v 35.98204041 83.66766357 -9.53927612
v 44.73265839 63.01086044 -8.36521149
v 44.36153030 61.79088974 -12.37168503
v 35.05875778 83.05292511 -13.38377571
v 31.06305695 87.53491211 -12.98728561
v 32.03606033 88.14734650 -9.43313599
v 44.59497833 64.30931854 -4.14879417
v 11.88599873 49.08166122 -45.67600250
v 13.43504906 59.75854111 -43.12457275
v 15.32242870 68.66101074 -40.41551590
v 24.47909737 50.07793808 -42.20961380
v 20.95571709 46.28271103 -44.90714264
v 13.62575912 75.79235077 -37.17112350
v 17.74716759 74.18951416 -37.80633545
v 20.72677803 77.38275146 -34.98744583
v 31.62437820 54.24053955 -35.45068359
v 28.06530762 52.54912949 -39.00903320
v 16.34125710 80.71069336 -34.14742661
v 20.46267700 83.45099640 -30.28658485
v 24.27876854 79.27991486 -31.64930344
v 23.82261848 84.73553467 -26.84029388
v 26.20222855 85.58227539 -23.59107399
v 30.15653801 81.16229248 -24.54192352
v 27.66729736 80.37500000 -28.07357407
v 28.01637840 86.22125244 -20.28785515
v 32.06945801 81.79523468 -20.95464516
v 10.47625828 38.23004150 -47.81227493
v 36.74596786 71.25804901 16.95422554
v 38.10865021 57.00407791 -27.79327393
v 35.06636047 55.69659042 -31.67989349
v 39.90586853 69.26354980 11.05751419
v 40.62005997 51.20520020 22.62590599
v 44.33763123 48.29869843 15.79388523
v 47.62469101 45.00584793 8.72072506
v 49.27700806 43.12810898 2.75344872
v 50.35704041 39.38640976 -6.24179077
v 50.07538986 41.19884872 -1.91868496
v 50.21866989 37.67395020 -10.31160641
v 42.24523926 59.44934082 -20.01097488
v 48.77799988 34.41748047 -18.15684509
v 47.08813095 32.71142197 -22.28861427
v 40.46857834 58.25006104 -23.88733482
v 44.77727890 30.94591904 -26.53027344
v 41.93544006 29.14049911 -30.79307365
v 26.58395767 23.36627007 -44.44972610
v 31.10874748 24.53668022 -41.64867401
v 21.46589851 22.35510063 -46.88942337
v 17.75113869 40.92242050 -47.05170441
v 9.45196247 20.94115829 -50.70240402
v 5.42399073 23.21289062 -50.70577621
v 15.12137890 33.75627899 -48.59356308
v 15.69342899 21.48754501 -48.99838257
v 33.90925980 86.59674072 7.73975849
v 22.49300766 59.55846786 42.89697647
v 27.29288864 58.07115936 39.38947678
v 38.67327118 27.41313934 -34.84535599
v 35.10144806 25.88201904 -38.45554352
v 2.85701871 21.95757866 -51.03803253
v 36.31389999 53.90808105 29.18976593
v 31.75842857 56.24938965 34.95460510
v 4.38767290 19.04973984 -51.41196442
v 0.00568776 18.34319687 -51.59962463
v 0.00569363 21.48669243 -51.17418289
v 16.93446732 60.89635849 45.87966537
v 11.10722828 61.98662949 48.20113373
v 4.85431957 79.41644287 41.14171600
v 5.50118876 62.73088837 49.72502518
v 0.00575802 63.01647949 50.28754425
v 0.00575535 79.54047394 41.47654724
v 51.46445084 -4.61993885 48.16210556
v 49.80710983 -3.37005901 78.93244934
v 49.40547943 -7.88074017 78.93244934
v 50.79410934 -10.70440960 48.60096741
v 50.61697006 -15.00879002 11.73143482
v 51.52402878 -7.02966976 11.06212425
v 51.87284088 1.17444038 10.67877483
v 51.62564087 1.58264065 47.88020706
v 49.80189133 1.19183064 78.93243408
v 49.39912796 18.20031357 48.19250488
v 48.03554153 22.62981796 48.79773712
v 45.95328140 18.87255478 78.93244934
v 47.46107101 14.63720417 78.93244934
v 50.53448868 13.18572712 47.84881592
v 48.61962891 10.24718952 78.93244934
v 51.13039780 16.42681694 10.55897427
v 50.34706879 22.29156113 10.96747494
v 49.37656784 26.98913002 11.84097481
v 46.58913040 26.47821045 49.67085648
v 44.12223816 22.90753174 78.93244934
v 48.25516891 30.72369003 13.30796432
v 47.13259125 33.64849854 15.05543423
v 44.95219040 29.87657928 50.82509613
v 42.00807953 26.71301079 78.93244934
v 7.02373981 -52.95325089 44.77958679
v 10.82392883 -52.51008224 43.83333588
v 9.13545513 -50.33435059 64.57287598
v 5.27672958 -50.84180069 65.02795410
v 14.79583836 -51.92573166 42.51451492
v 13.42891884 -49.57233047 63.91412354
v 12.24915886 -48.48749161 78.93246460
v 8.01278782 -49.38190079 78.93245697
v 4.30969763 -49.96491241 78.93245697
v 2.39660263 -51.08166885 65.26581573
v 3.45650482 -53.24366379 45.37403488
v 1.84751761 -50.21863174 78.93245697
v 0.00579110 -50.26319122 78.93245697
v 0.00577500 -51.13471222 65.33043671
v 0.00575137 -53.35077286 45.58330536
v 32.09748077 -42.35845947 58.31455612
v 33.33135986 -46.42163086 31.04262543
v 36.71162796 -44.42536163 27.69518471
v 35.15093994 -40.19964981 56.82079697
v 30.39031792 -39.80786133 78.93245697
v 33.37453842 -37.26654053 78.93244934
v 27.21191788 -42.08172989 78.93245697
v 28.83902740 -44.24304199 59.67960739
v 29.76848793 -48.07654190 34.12643433
v 25.34895706 -45.90093994 60.92925644
v 26.35485840 -49.35052872 36.64997482
v 23.80587769 -44.08977890 78.93245697
v 20.17226791 -45.82984161 78.93245697
v 21.61207771 -47.34020996 62.05921936
v 22.81618690 -50.35773087 38.80974579
v 17.61326790 -48.56914902 63.06521606
v 18.87822723 -51.21228027 40.80230713
v 16.31117821 -47.29967880 78.93246460
v 46.30558014 -25.75934219 50.80266571
v 45.67401123 -20.59522247 78.93244934
v 43.65853119 -24.43756104 78.93244934
v 44.47584152 -29.41461182 51.72715378
v 44.93280029 -34.72119141 17.35918617
v 46.16466141 -32.07947159 15.65802479
v 47.49232101 -28.29357910 14.12037373
v 48.04267883 -21.41455078 49.92794418
v 47.34057999 -16.53466797 78.93244934
v 44.76036072 37.96697998 19.17001534
v 42.36531067 40.23863983 22.97160530
v 37.53102112 38.65045166 56.77453613
v 40.60332870 35.84033203 54.19671631
v 39.19443893 42.46599960 27.57988548
v 34.08930969 41.19696045 59.36268616
v 31.14874840 39.24945068 78.93245697
v 34.22901154 36.53564072 78.93245697
v 37.05614090 33.53796005 78.93244934
v 51.29615784 7.58221149 47.76022720
v 51.69031143 9.19061089 10.48691463
v 49.40298080 5.74822760 78.93243408
v 30.56743813 43.29040146 61.31675720
v 27.79452705 41.67565918 78.93244934
v 35.46881866 44.38330078 32.39951706
v 31.32441711 46.04187012 36.96191406
v 26.77685738 45.09526825 62.94155884
v 24.15716743 43.81291962 78.93245697
v 22.52899742 46.77635956 64.54186249
v 20.22747803 45.66003036 78.93245697
v 26.89722824 47.49279022 40.79839706
v 22.00591850 48.83520126 44.17073441
v 17.96710777 48.22985077 65.93708801
v 16.07636833 47.19438934 78.93246460
v 13.23440838 49.35205078 66.94653320
v 11.77473831 48.39342880 78.93246460
v 16.46914864 50.16814804 47.34071732
v 10.74904919 51.27684784 49.86966705
v 8.56951332 50.14220810 67.62290192
v 7.56806755 49.23802948 78.93247223
v 43.58773804 -37.23223877 19.18883514
v 42.64437866 -32.41138077 52.61260605
v 40.57365036 -35.07215118 53.68869400
v 41.88434982 -39.67884064 21.43375587
v 5.30770779 51.94664764 51.31888580
v 4.21103191 50.59941864 68.01886749
v 0.00575770 50.74480820 68.14674377
v 0.00575605 52.17181015 51.77356720
v 43.01699066 32.95653915 52.27362442
v 46.15855026 35.91656113 16.77037621
v 45.34587097 -34.75452042 15.87751484
v 46.42776108 -32.16271973 14.42234516
v 47.64231110 -28.47241211 13.08592510
v 50.45306778 22.26312065 10.15817451
v 49.53810883 27.02124023 10.88566494
v 51.20940781 16.38543510 9.83036423
v 51.76473999 9.13177204 9.78329468
v 51.94255066 1.08954048 9.97291470
v 51.56631851 -7.15417957 10.35519505
v 50.64651108 -15.17407894 10.98514462
v 49.12474060 -22.35015869 12.78117466
v 49.19351959 -22.54492188 11.91777420
v 48.50693130 30.91582870 12.13179493
v 47.48220062 34.08929062 13.62455463
v 42.76425934 41.48657227 21.44561577
v 45.21545029 39.03723145 17.40767479
v 39.48862076 43.83465195 26.43493652
v 38.02608109 -37.71961212 55.18514633
v 39.57746887 -42.12707901 24.38072586
v 43.20458984 17.57513046 -30.25850487
v 46.00979996 19.39995956 -25.97559357
v 46.41973877 15.32372761 -25.78808403
v 43.63351822 13.52056599 -30.08804512
v 39.96963120 15.82415390 -34.32139587
v 40.41292953 11.78521442 -34.16438675
v 39.52996063 19.91381454 -34.50266266
v 42.77634811 21.65459824 -30.44331360
v 45.59928131 23.47369003 -26.16651344
v 48.29528809 -31.99512100 5.79406929
v 47.72227097 -32.02350235 9.22659492
v 47.22689056 -34.41913223 9.46288490
v 47.89268875 -34.35863876 5.82762814
v 48.76142120 -31.99591064 1.86388612
v 48.35889816 -34.35845947 1.90095592
v 49.28339005 -29.00268936 1.86309981
v 48.83200073 -28.95220947 5.77015400
v 48.36021805 -28.86199951 8.99436474
v 47.02336884 -32.11175919 12.19060421
v 46.24425888 -34.60242081 13.02911472
v 47.94762802 -28.68201065 11.40508461
v 45.32588959 -37.68310928 13.90056515
v 46.49874115 -37.95941162 9.72180462
v 44.19260025 -37.38623047 17.40174484
v 42.51311111 -40.77471924 19.61390495
v 44.35712051 -41.47320938 14.53903484
v 45.65900803 -42.17565918 9.92966461
v 5.56587267 -31.96881104 -48.84999466
v 11.36210918 -31.97045898 -47.73588562
v 11.33745861 -34.29962158 -47.32191467
v 5.56478167 -34.29632950 -48.42180252
v 0.00569448 -31.96813965 -49.19949341
v 0.00569483 -34.29505157 -48.76781464
v 0.00569394 -29.92768097 -49.59556580
v 5.52242851 -29.91614151 -49.24928284
v 11.31198883 -29.88471222 -48.13569260
v 5.01181793 -8.84789944 -52.87303543
v 10.59694862 -8.35583973 -51.78373337
v 10.73632908 -13.60406971 -51.54884338
v 5.08631086 -14.06701946 -52.64123535
v 0.00569380 -9.01624012 -53.18220520
v 0.00569653 -14.23272991 -52.95244598
v 0.00569036 -3.96259022 -53.04675293
v 4.95654058 -3.80646038 -52.74802399
v 10.46607876 -3.32739925 -51.68200302
v 51.97261047 -10.59979916 -11.76444054
v 52.44498825 -3.15655994 -12.04771328
v 53.01773071 -2.20770931 -7.75871372
v 52.52201843 -9.88665867 -7.48815250
v 51.15682983 -17.70111084 -11.50380898
v 51.65517044 -17.21112061 -7.28144169
v 50.14762115 -18.21191788 -15.68535519
v 50.90467834 -11.34051991 -15.99782562
v 51.34563828 -4.13593006 -16.27970505
v 44.48482132 -13.84673977 -29.36171532
v 44.79956818 -7.40198040 -29.73386383
v 47.47425842 -6.30120945 -25.37453461
v 47.09088135 -13.01031971 -25.08741379
v 43.94635010 -19.92742920 -28.82594490
v 46.45841980 -19.36127090 -24.66505432
v 41.09761810 -20.46166992 -32.61981583
v 41.52877045 -14.64185047 -33.28744507
v 41.75384903 -8.45635891 -33.77584457
v 38.31547928 -15.36877918 -36.79322433
v 38.44255829 -9.41973972 -37.39237595
v 37.99261093 -20.94982910 -36.00546265
v 34.30084991 -21.40711212 -39.16308594
v 34.54032135 -16.05010986 -40.04050446
v 34.59510803 -10.31866932 -40.72256470
v 29.89860725 -16.70880890 -43.19065475
v 29.94092751 -11.17957020 -43.90529251
v 29.69186783 -21.84881973 -42.27279282
v 24.14796829 -22.28668213 -45.18522263
v 24.29098701 -17.36260986 -46.12928391
v 24.30821800 -12.02526951 -46.86263275
v 17.61808777 -18.02985001 -48.74203491
v 17.52515793 -12.87841892 -49.51658249
v 17.65143776 -22.73255157 -47.75095367
v 11.08767891 -23.11536026 -49.70658493
v 10.91307831 -18.60290909 -50.73702621
v 36.76197052 -45.86571884 27.28461647
v 39.67443085 -43.58728027 23.75793648
v 18.93360710 -52.25709152 40.49164581
v 22.86881828 -51.45392227 38.56506729
v 14.84154892 -52.92132950 42.11963654
v 33.37207794 -47.78070068 30.73386383
v 29.81618690 -49.33142090 33.85856628
v 36.26348877 -38.02265167 -33.34941483
v 32.85559845 -38.02222061 -36.32823563
v 33.35807800 -34.32007217 -36.89530563
v 36.80741119 -34.32281876 -33.88520432
v 39.04631805 -38.02239990 -30.23459435
v 39.62112045 -34.32482910 -30.73237419
v 38.33563995 -42.39789200 -29.62520409
v 35.58678055 -42.40204239 -32.69859695
v 32.22758865 -42.40595245 -35.64191437
v 41.55957794 -38.02222061 -26.77499390
v 42.16703796 -34.32678223 -27.22711372
v 43.75444794 -38.02326202 -22.95608521
v 44.39146042 -34.32971191 -23.36085510
v 42.97481918 -42.39093018 -22.44979477
v 40.81270981 -42.39379883 -26.21570396
v 47.81626892 -38.03699112 -10.70137119
v 46.96260834 -38.03144073 -14.55828571
v 47.63481140 -34.34064102 -14.87610531
v 48.49388885 -34.34662247 -10.97067642
v 48.17327118 -38.04254150 -6.77931309
v 48.85187912 -34.35205078 -6.99609852
v 47.35041809 -42.39953995 -6.49402142
v 46.99304962 -42.39538956 -10.35323524
v 46.14482880 -42.39202881 -14.15365505
v 48.06381989 -38.04730225 -2.37854123
v 48.74274826 -34.35614014 -2.53958440
v 47.68209839 -38.05054092 2.01164269
v 46.86816788 -42.40729141 2.15913701
v 47.24388885 -42.40386963 -2.16379929
v 28.46713829 -38.02062988 -39.37973404
v 28.90527725 -34.31597900 -39.97246552
v 27.91946793 -42.40917969 -38.66142273
v 22.79454803 -42.41120148 -41.50327301
v 23.23540688 -38.01795197 -42.26181412
v 23.58601761 -34.31085205 -42.88625336
v 17.29773712 -38.01391983 -44.73228455
v 17.53730774 -34.30487061 -45.40640259
v 16.98496819 -42.41149902 -43.91367340
v 11.01759911 -42.41088867 -45.72241592
v 11.20458889 -38.00994873 -46.59935379
v 5.50639772 -38.00733185 -47.67114258
v 5.41936874 -42.41022110 -46.75919342
v 0.00569660 -42.40985107 -47.08460617
v 0.00569548 -38.00640869 -48.00820541
v 31.68932724 90.05981445 1.89165807
v 30.34391785 90.78809357 5.90852165
v 4.84400082 76.07946014 -40.55850601
v 4.70153475 80.97967529 -39.30157471
v 9.03188705 80.92139435 -38.32633591
v 9.02452564 75.94409180 -39.68313599
v 4.72943783 70.74626923 -41.71271515
v 0.00570460 70.84210205 -42.02864456
v 0.00569515 76.16143036 -40.87815475
v 0.00568737 81.03326416 -39.59622574
v 11.88948917 75.86584473 -38.33550262
v 12.63124847 80.96081543 -36.57920456
v 49.75690842 36.04468155 -14.22391510
v 43.53763962 60.61663055 -16.21300507
v 29.67990685 86.88251495 -16.67936516
v 33.72906113 82.42706299 -17.21207428
v 31.44272804 47.63079071 36.37657547
v 27.09619713 49.07024765 40.17195511
v 22.28809738 50.37450790 43.44588470
v 16.70196724 51.71569061 46.65335464
v 10.88046837 52.85363007 49.28294373
v 50.70697784 36.03514862 -5.90606403
v 50.61631012 34.29309082 -10.04328442
v 50.39897919 37.81877899 -1.55938482
v 50.69469833 33.67090225 -1.15951610
v 51.02019882 31.93529892 -5.53316307
v 50.97042084 30.17303085 -9.75767899
v 35.52500916 22.47125053 -38.30247498
v 31.53507805 21.12420464 -41.51779556
v 39.09030151 24.00354004 -34.68396378
v 35.97531891 18.37151909 -38.13034439
v 31.98549843 17.01647568 -41.37101364
v 47.50621796 38.68730927 11.79940510
v 48.62403107 40.21910858 7.55315971
v 46.19474030 41.86706161 13.89275455
v 46.58657074 36.68395996 15.09195423
v 48.21514130 35.20129013 10.98130512
v 49.12557983 35.92705917 7.42916012
v 5.44084454 57.99681854 50.27522659
v 11.01251888 57.27214813 48.72018433
v 0.00575840 58.26152802 50.81763458
v 0.00575754 53.78508759 51.32097626
v 5.36628675 53.54845810 50.82317734
v 35.99559784 49.77655029 30.36346436
v 40.08752823 47.39746094 24.47357559
v 31.61388779 51.81822968 35.64620590
v 35.64414978 45.88420868 31.60471725
v 27.22750854 53.43767929 39.74791718
v 22.44060707 54.82159042 43.12270737
v 16.85735703 56.15673065 46.22475433
v 27.00330734 19.94946098 -44.36405563
v 21.78318787 18.92602158 -46.88080597
v 27.43355751 15.83746052 -44.26951599
v 22.15658760 14.81225395 -46.86125565
v 50.17279816 32.66498184 -13.98789501
v 49.19527817 31.04541016 -17.93880463
v 50.53168106 28.55456161 -13.74167538
v 49.55303955 26.95550156 -17.70978546
v 15.72818851 18.03259087 -49.10756302
v 9.71761227 17.14800644 -50.76959610
v 15.99167919 13.91857624 -49.18162537
v 9.86288261 13.15166950 -50.92574310
v 4.63072586 16.15124321 -51.59215546
v 4.69424582 12.50726032 -51.78873444
v 0.00568947 12.21551228 -51.99991608
v 0.00568770 15.62469292 -51.79353333
v 26.40571785 -50.51728058 36.41150665
v 7.00227356 -53.82757950 44.30147552
v 10.83405876 -53.44134903 43.37755585
v 38.86227798 -31.37775040 78.93244934
v 36.19807053 -34.45563126 78.93243408
v 41.36853027 -28.03509903 78.93244934
v 49.59619141 -16.34943008 49.19180679
v 52.61703110 -9.15046024 -2.82153535
v 51.71672821 -16.70843887 -2.66564178
v 53.11103821 -1.23742962 -3.06140971
v 52.89035034 -0.36199951 1.44936681
v 52.40792084 -8.46765995 1.67020082
v 51.48669052 -16.24127960 1.81223083
v 50.17937088 -24.16302872 -11.29611778
v 50.61486816 -23.91271973 -7.16230488
v 49.32546997 -29.19147110 -11.15202999
v 49.70814133 -29.12823868 -7.10298443
v 48.43912125 -29.25751114 -15.13875580
v 49.23772812 -24.42456055 -15.37972546
v 43.33404922 -25.29907227 -28.22668457
v 45.72954941 -25.01232910 -24.17985344
v 42.79983902 -29.47888184 -27.72080421
v 45.09444046 -29.40607071 -23.76717377
v 40.17895126 -29.54737091 -31.31310463
v 40.60889816 -25.56848145 -31.90624428
v 37.62353897 -25.81464005 -35.19828415
v 37.29301071 -29.60993195 -34.53794479
v 33.77676010 -29.66846085 -37.59686279
v 34.02676010 -26.04510880 -38.29589462
v 29.46734810 -26.26770020 -41.39208603
v 29.26490784 -29.72449112 -40.69145584
v 23.85566711 -29.78009033 -43.61984253
v 23.99456787 -26.48804092 -44.30812454
v 17.65767860 -26.71216202 -46.86523438
v 17.64721870 -29.83637238 -46.18025589
v 11.22057915 -26.90454102 -48.81606293
v 51.59027100 -7.28857899 9.59299469
v 51.71133804 -7.51476955 8.15526485
v 52.17158890 0.75073051 7.86596489
v 52.01044083 0.98071003 9.24965477
v 50.65797806 -15.34393978 10.07971478
v 50.77225113 -15.55840969 8.47251511
v 51.83057022 9.06231403 9.06686497
v 51.27893066 16.34686089 9.03328514
v 51.99129105 8.88158989 7.67461586
v 51.45133972 16.20312309 7.52288914
v 44.74063110 -0.93792915 -29.84222412
v 44.44855118 4.91241121 -29.85648346
v 47.18946075 6.49639654 -25.48067474
v 47.45592117 0.42479992 -25.45433426
v 41.62440109 -2.25237942 -33.95190430
v 41.28081894 3.37933064 -33.98788452
v 38.22422028 -3.45123959 -37.63392258
v 37.81129074 1.98822021 -37.69215393
v 34.31513977 -4.55725002 -41.00366592
v 33.85692978 0.72278023 -41.06331253
v 29.67216682 -5.59356976 -44.17641449
v 29.23472786 -0.43371964 -44.19525528
v 24.08420753 -6.58422947 -47.10757446
v 23.72121811 -1.50506973 -47.07234573
v 17.34010696 -7.55317020 -49.75263596
v 17.09298706 -2.51495934 -49.67901611
v 52.39220810 4.33135605 -12.32329559
v 52.05226898 11.02538776 -12.60886574
v 52.56288147 12.48400593 -8.41557121
v 52.94459152 5.55712652 -8.06930923
v 51.30722046 3.07592392 -16.49345398
v 51.00357056 9.54809189 -16.70051575
v 52.35036850 8.48907089 4.94354057
v 51.83903122 15.84624958 4.65441132
v 52.52103806 0.30188084 5.17885494
v 52.74208832 7.81158161 1.16402292
v 52.27035141 15.13689995 0.77505589
v 39.65093994 30.26013184 78.93244934
v 43.60453796 44.76567841 18.55040550
v 49.13967133 -31.99560928 -2.59324360
v 49.24198151 -31.99425888 -7.07578087
v 49.63475800 -29.06336212 -2.59628391
v 52.11738968 19.28728867 -4.25456810
v 51.78231049 20.69720078 0.24331284
v 52.57360077 13.93523788 -3.76795411
v 52.13285828 17.64892387 -8.79320335
v 51.70367813 21.89196396 -9.15959167
v 51.68601990 23.64855957 -4.74736786
v 51.33623886 25.24261093 -0.30896306
v 47.22227097 -38.05158234 5.90195179
v 46.41794968 -42.40912247 5.99667740
v 52.04496002 -7.91509914 5.42174244
v 51.11016846 -15.85766888 5.62078667
v 53.00069046 6.77575445 -3.37356305
v 49.64648056 39.57152939 3.01364589
v 50.00761795 35.20922852 3.27173495
v 47.50254059 29.32873154 -22.09484482
v 45.18875885 27.54748154 -26.35748482
v 47.88354111 25.25128174 -21.88672447
v 49.65328979 1.76819038 -20.93758392
v 49.67251968 -5.19830990 -20.80592346
v 49.37855148 8.03997517 -21.04325485
v 46.61013031 -31.98670197 -19.29743385
v 48.01589966 -31.98931885 -15.02024555
v 46.24069977 -34.33465958 -19.12499428
v 44.74327087 -31.98461914 -23.56273460
v 47.00149155 -29.33057022 -19.45850372
v 45.58205795 -38.02661133 -18.76351357
v 44.77882004 -42.39044189 -18.30748367
v 49.25413132 -12.15943050 -20.53580475
v 48.55350113 -18.77746964 -20.17867470
v 49.03041077 12.91686726 -21.23527527
v 50.64883804 14.53350544 -16.96245575
v 46.82851791 11.24261284 -25.60751343
v 48.64651108 17.07079887 -21.46369362
v 50.27418900 18.73754692 -17.23671532
v 48.58385849 -12.28271961 78.93244934
v 49.90472794 -23.22156143 5.72467327
v 50.31848145 -23.41864014 1.86118674
v 49.51604080 -23.02387238 8.74758434
v 48.88029099 -31.99206924 -11.08221436
v 42.49565125 -31.98358154 -27.46500397
v 39.92417908 -31.98291016 -31.00684357
v 37.08578110 -31.98229980 -34.19079590
v 33.60948944 -31.98114014 -37.22412491
v 29.12437820 -31.97893906 -40.31396484
v 23.75612831 -31.97626114 -43.24240494
v 17.63044739 -31.97320938 -45.79149628
v 50.60821152 -23.65679932 -2.60549593
v 47.72595978 -24.71435928 -19.78591347
v 49.30146027 -22.78393936 10.69261456
v 36.83600998 -62.17023087 24.43203545
v 39.00687027 -62.17004776 20.54292488
v 34.17768860 -62.17042160 27.95571518
v 3.43730569 -54.09064102 44.92747498
v 3.08617568 -62.17151260 44.30404663
v 6.29222775 -62.17139053 43.77987671
v 0.00575000 -54.19153214 45.16598511
v 0.00575061 -62.17151260 44.50976562
v 17.27147865 -62.17115402 40.55129623
v 21.01522827 -62.17109299 38.80702591
v 13.42146873 -62.17126846 41.97920609
v 24.36839867 -62.17097092 36.80697632
v 27.60160828 -62.17084122 34.37870407
v 30.98546791 -62.17065811 31.34977722
v 9.74952507 -62.17139053 43.03016663
v 0.00574873 91.33600616 33.09920502
v 0.00576183 49.85124969 78.93247223
v 3.70181084 49.70909882 78.93247223
v 5.20912457 -18.97443008 -51.82225418
v 0.00569434 -19.10980988 -52.13747406
v 5.34213257 -23.36402130 -50.78875351
v 0.00569161 -23.45489883 -51.11141586
v 5.44720793 -27.02960205 -49.91330338
v 0.00569230 -27.07538223 -50.24854279
v -36.73450089 71.25804901 16.95429611
v -33.25807953 73.08331299 22.37144470
v -28.87845230 88.22650146 16.63274574
v -31.62647247 87.44476318 12.30925465
v -29.42737198 74.71221161 27.15497589
v -25.59076309 88.95233154 20.58230591
v -22.98252296 92.72314453 17.51588631
v -25.96634293 92.14703369 13.83574390
v -25.20458221 76.11772919 31.15089417
v -21.70046234 89.63245392 24.02991486
v -15.49286175 93.70868683 23.61156654
v -19.44194221 93.24499512 20.81341553
v -17.35852242 90.23248291 27.02807617
v -15.23856163 78.28998566 37.61250687
v -12.71588135 90.71826172 29.62918472
v -20.50366211 77.30762482 34.56731415
v -9.86602592 79.01080322 39.92459488
v -8.13007259 91.07117462 31.60907745
v -7.16021633 94.42120361 27.29530525
v -11.28353119 94.11035156 25.79352570
v -4.84280729 79.41644287 41.14171600
v -3.95858026 91.27295685 32.74342728
v -3.46916938 94.61249542 28.05278587
v 0.00574203 94.67822266 28.24541473
v -5.81179142 39.60345078 -47.29345322
v -3.26657128 39.91033936 -47.42561340
v -1.41206539 25.28734970 -49.81224442
v -2.52763629 25.76245117 -49.70712280
v -3.90113831 50.47594833 -45.64541626
v -7.52727747 51.67296982 -44.99408340
v -9.66824627 64.89239502 -41.80595398
v -7.91522741 62.23991776 -42.87463379
v -9.75535011 62.00848007 -42.24757385
v -10.65091133 71.33917236 -40.02845383
v -11.47840118 70.50244141 -39.60269547
v -8.56311512 70.79869843 -40.97571564
v -43.88098145 65.71904755 0.32250285
v -36.31071091 84.99628448 -1.31960011
v -36.41564941 84.30438232 -5.55801821
v -44.58351898 64.30931854 -4.14872503
v -42.39186096 67.33782959 5.30559731
v -35.51750946 85.75610352 3.12878871
v -32.39284134 89.38611603 -2.04753160
v -31.67787170 90.05981445 1.89170575
v -44.35010910 61.79088974 -12.37160492
v -44.72122192 63.01086044 -8.36515617
v -35.97058868 83.66766357 -9.53921413
v -35.04734039 83.05292511 -13.38369560
v -32.02463913 88.14734650 -9.43308926
v -32.50065994 88.75330353 -5.84413624
v -13.42366123 59.75854111 -43.12457275
v -15.31104088 68.66101074 -40.41551590
v -16.32986259 80.71069336 -34.14738464
v -13.61436081 75.79241943 -37.17114258
v -17.73577309 74.18951416 -37.80629349
v -20.71537209 77.38281250 -34.98742294
v -31.61296272 54.24053955 -35.45066452
v -35.05493927 55.69659042 -31.67987442
v -24.26737213 79.27997589 -31.64932442
v -20.45128250 83.45099640 -30.28657532
v -27.65591240 80.37506104 -28.07361412
v -23.81121254 84.73553467 -26.84027481
v -30.14515305 81.16229248 -24.54193497
v -26.19081306 85.58227539 -23.59106445
v -10.46486092 38.23004150 -47.81227493
v -11.87461090 49.08166122 -45.67599487
v -5.41259241 23.21289062 -50.70575333
v -38.09722137 57.00407791 -27.79321480
v -47.61320877 45.00584793 8.72078514
v -44.32614136 48.29869843 15.79397488
v -39.89440155 69.26354980 11.05760479
v -40.60858154 51.20520020 22.62598610
v -50.20724106 37.67395020 -10.31154728
v -50.34561157 39.38640976 -6.24170589
v -40.45716858 58.25006104 -23.88730431
v -44.76586914 30.94591904 -26.53018379
v -47.07669067 32.71142197 -22.28850365
v -17.73975182 40.92235947 -47.05170441
v -21.45451164 22.35497856 -46.88940430
v -26.57256317 23.36614990 -44.44970322
v -20.94432259 46.28264999 -44.90712357
v -32.05805969 81.79523468 -20.95461464
v -42.23382950 59.44934082 -20.01092529
v -9.44058132 20.94115829 -50.70239258
v -15.11000156 33.75627899 -48.59355545
v -15.68204117 21.48754501 -48.99838257
v -24.46771240 50.07793808 -42.20959473
v -28.05391312 52.54906845 -39.00902557
v -33.89780045 86.59674072 7.73984623
v -2.84562635 21.95757866 -51.03803253
v -48.76655197 34.41748047 -18.15676498
v -50.06394196 41.19884872 -1.91857386
v -49.26556015 43.12810898 2.75354695
v -36.30242157 53.90802002 29.18981552
v -31.74693298 56.24932098 34.95462418
v -4.37629414 19.04973984 -51.41196442
v -31.09735298 24.53668022 -41.64862442
v -35.09004974 25.88201904 -38.45552444
v -38.66186142 27.41308022 -34.84529495
v -41.92403030 29.14049911 -30.79299355
v -22.48149300 59.55841064 42.89703751
v -16.92295265 60.89630127 45.87969589
v -11.09569168 61.98662949 48.20114517
v -5.48966408 62.73088837 49.72502518
v -51.45291901 -4.61993885 48.16217422
v -50.78255844 -10.70440960 48.60103607
v -49.39389038 -7.88074017 78.93252563
v -49.79557037 -3.37005901 78.93252563
v -51.61415100 1.58264065 47.88027573
v -49.79040909 1.19183064 78.93252563
v -51.86135864 1.17444038 10.67884445
v -51.51255035 -7.02966976 11.06218433
v -50.60549164 -15.00879002 11.73149490
v -49.38761902 18.20031357 48.19257736
v -47.44953156 14.63720417 78.93252563
v -45.94173050 18.87255478 78.93252563
v -48.02402115 22.62981796 48.79780579
v -49.36505890 26.98913002 11.84103489
v -50.33557129 22.29156113 10.96756458
v -51.11891937 16.42681694 10.55906487
v -50.52299118 13.18572712 47.84886551
v -48.60810852 10.24718952 78.93252563
v -46.57761002 26.47821045 49.67093658
v -44.11069870 22.90753174 78.93252563
v -44.94068146 29.87657928 50.82516479
v -41.99655151 26.71301079 78.93251801
v -47.12110138 33.64842987 15.05548382
v -48.24367142 30.72362900 13.30801487
v -9.12391758 -50.33435059 64.57287598
v -10.81243134 -52.51008224 43.83334732
v -7.01224136 -52.95325089 44.77957535
v -5.26518345 -50.84180069 65.02795410
v -8.00122547 -49.38190079 78.93247223
v -4.29811907 -49.96491241 78.93247223
v -12.23760128 -48.48749161 78.93248749
v -13.41738129 -49.57233047 63.91413879
v -14.78434086 -51.92573166 42.51452637
v -3.44500518 -53.24366379 45.37403488
v -2.38505340 -51.08166885 65.26581573
v -1.83593440 -50.21868896 78.93245697
v -36.70014191 -44.42536163 27.69527626
v -33.31985855 -46.42163086 31.04269409
v -32.08592987 -42.35845947 58.31460571
v -35.13941193 -40.19971085 56.82088470
v -29.75698280 -48.07654190 34.12650681
v -28.82748222 -44.24304199 59.67965698
v -27.20033264 -42.08172989 78.93249512
v -30.37874222 -39.80786133 78.93249512
v -33.36299896 -37.26654053 78.93246460
v -26.34335136 -49.35052872 36.65001678
v -25.33740234 -45.90093994 60.92930603
v -22.80469131 -50.35773087 38.80978394
v -21.60053253 -47.34020996 62.05925751
v -20.16068268 -45.82984161 78.93248749
v -23.79428291 -44.08977890 78.93249512
v -18.86672211 -51.21228027 40.80230713
v -17.60172272 -48.56914902 63.06521606
v -16.29960251 -47.29967880 78.93248749
v -46.29405212 -25.75934219 50.80271530
v -44.46430969 -29.41461182 51.72721481
v -43.64701080 -24.43756104 78.93248749
v -45.66246033 -20.59522247 78.93248749
v -48.03113937 -21.41455078 49.92799377
v -47.32899857 -16.53466797 78.93250275
v -47.48083115 -28.29357910 14.12043476
v -46.15317917 -32.07947159 15.65810490
v -44.92132187 -34.72119141 17.35923576
v -37.51953125 38.65039062 56.77460480
v -42.35382080 40.23863983 22.97168541
v -44.74887848 37.96697998 19.17007637
v -40.59183121 35.84033203 54.19678497
v -34.21751022 36.53564072 78.93249512
v -37.04463959 33.53796005 78.93250275
v -31.13724136 39.24945068 78.93249512
v -34.07781219 41.19696045 59.36274719
v -39.18294907 42.46599960 27.57993507
v -51.67882919 9.19061089 10.48697472
v -51.28467178 7.58221149 47.76030731
v -49.39149857 5.74810553 78.93252563
v -30.55593300 43.29040146 61.31681442
v -27.78302193 41.67565918 78.93249512
v -26.76534271 45.09526825 62.94159698
v -24.14566231 43.81285858 78.93249512
v -31.31291199 46.04179764 36.96201706
v -35.45732117 44.38330078 32.39959717
v -22.51748276 46.77629852 64.54189301
v -20.21595192 45.65996933 78.93248749
v -17.95558167 48.22985077 65.93711853
v -16.06483269 47.19432831 78.93248749
v -21.99441147 48.83514023 44.17076492
v -26.88572311 47.49272919 40.79846573
v -13.22288132 49.35205078 66.94655609
v -11.76321125 48.39336777 78.93246460
v -8.55799770 50.14215088 67.62290192
v -7.55654430 49.23802948 78.93245697
v -10.73753166 51.27684784 49.86967468
v -16.45764160 50.16809082 47.34073639
v -40.56211853 -35.07215118 53.68874741
v -42.63285065 -32.41138077 52.61266708
v -43.57627106 -37.23223877 19.18891525
v -41.87287140 -39.67884064 21.43383598
v -4.19951630 50.59941864 68.01886749
v -5.29619312 51.94664764 51.31888580
v -46.14707947 35.91656113 16.77042580
v -43.00548172 32.95648193 52.27371597
v -46.41627884 -32.16271973 14.42241383
v -45.33438873 -34.75452042 15.87758541
v -47.63082123 -28.47241211 13.08597469
v -50.57231140 22.22497368 9.13753510
v -50.44158173 22.26312065 10.15823460
v -49.52658844 27.02111053 10.88571453
v -49.79230881 27.10205078 9.47703457
v -50.82118988 22.04046440 7.35245800
v -50.19538116 26.96606064 7.24985695
v -51.43986893 16.20312309 7.52293682
v -51.26745987 16.34686089 9.03335476
v -51.19792938 16.38543510 9.83043480
v -51.75326157 9.13177204 9.78339481
v -51.93106079 1.08954048 9.97299480
v -51.55485153 -7.15429974 10.35526466
v -50.63502884 -15.17419910 10.98520470
v -49.11326218 -22.35015869 12.78125477
v -49.18204880 -22.54492188 11.91786480
v -49.58464050 -16.34943008 49.19186401
v -47.47071075 34.08922958 13.62461472
v -48.49541855 30.91577148 12.13185501
v -39.47711945 43.83465195 26.43498611
v -42.75276947 41.48657227 21.44570541
v -45.20397186 39.03723145 17.40773582
v -39.56597900 -42.12707901 24.38079643
v -38.01456070 -37.71961212 55.18520737
v -42.33670044 25.73401070 -30.62802505
v -45.17734146 27.54748154 -26.35737419
v -39.07888031 24.00354004 -34.68389511
v -39.51855087 19.91381454 -34.50258255
v -42.76493073 21.65453720 -30.44323349
v -45.58787155 23.47369003 -26.16643524
v -48.28382874 -31.99499893 5.79415321
v -47.88122177 -34.35863876 5.82768536
v -47.21541977 -34.41913223 9.46291447
v -47.71081161 -32.02350235 9.22664452
v -48.82054138 -28.95215225 5.77021313
v -48.34875870 -28.86199951 8.99442482
v -49.27191925 -29.00268936 1.86315894
v -48.74996185 -31.99591064 1.86394477
v -48.34743118 -34.35845947 1.90101504
v -47.01189041 -32.11175919 12.19066429
v -46.23279190 -34.60242081 13.02917480
v -47.93616104 -28.68201065 11.40514469
v -45.31441116 -37.68323135 13.90063381
v -46.48725891 -37.95941162 9.72183514
v -44.34563065 -41.47327042 14.53910542
v -45.64752197 -42.17565918 9.92969513
v -42.50162888 -40.77471924 19.61399651
v -44.18112183 -37.38623047 17.40184593
v -5.55448151 -31.96881104 -48.84999466
v -5.55339050 -34.29632950 -48.42180252
v -11.32606125 -34.29962158 -47.32191467
v -11.35071087 -31.97045898 -47.73587418
v -5.51103830 -29.91614151 -49.24928284
v -11.30060101 -29.88471222 -48.13569260
v -5.00042915 -8.84789944 -52.87303543
v -5.07492113 -14.06701946 -52.64123535
v -10.72494125 -13.60406971 -51.54880524
v -10.58556175 -8.35583973 -51.78372574
v -4.94515610 -3.80646038 -52.74802399
v -10.45469093 -3.32751942 -51.68202591
v -51.96115875 -10.59979916 -11.76438046
v -52.51057053 -9.88665867 -7.48809147
v -53.00625992 -2.20770931 -7.75862789
v -52.43355179 -3.15655994 -12.04765224
v -50.89324951 -11.34051991 -15.99773502
v -51.33420944 -4.13593006 -16.27962494
v -50.13618088 -18.21191788 -15.68527508
v -51.14538193 -17.70111084 -11.50373745
v -51.64371872 -17.21112061 -7.28137016
v -44.47341156 -13.84673977 -29.36163521
v -47.07946014 -13.01031971 -25.08732414
v -47.46284103 -6.30120945 -25.37445450
v -44.78813934 -7.40198040 -29.73383522
v -41.51736069 -14.64185047 -33.28738403
v -41.74243164 -8.45635891 -33.77578354
v -41.08621979 -20.46166992 -32.61976624
v -43.93494034 -19.92742920 -28.82585526
v -46.44699860 -19.36127090 -24.66497421
v -38.30408096 -15.36877918 -36.79320526
v -38.43114090 -9.41973972 -37.39237595
v -34.52891159 -16.05010986 -40.04047394
v -34.58370972 -10.31866932 -40.72254562
v -34.28942871 -21.40711212 -39.16306305
v -37.98120117 -20.94971085 -36.00543594
v -29.88721275 -16.70880890 -43.19063568
v -29.92953300 -11.17957020 -43.90529251
v -24.27959251 -17.36260986 -46.12926483
v -24.29682159 -12.02526951 -46.86262512
v -24.13657188 -22.28668213 -45.18521500
v -29.68046188 -21.84881973 -42.27277374
v -17.60670280 -18.02985001 -48.74201584
v -17.51376152 -12.87841892 -49.51657486
v -10.90169144 -18.60290909 -50.73701477
v -11.07629108 -23.11536026 -49.70657349
v -17.64004135 -22.73255157 -47.75094604
v -39.66294098 -43.58734131 23.75803566
v -36.75048065 -45.86579132 27.28471565
v -22.85731316 -51.45392227 38.56510544
v -18.92211151 -52.25709152 40.49164581
v -14.83005142 -52.92139053 42.11963654
v -33.36058044 -47.78070068 30.73395538
v -29.80469131 -49.33142090 33.85859680
v -29.17167282 -62.17004776 -32.68022537
v -32.07022095 -62.17004776 -29.79628372
v -35.57535934 -42.40204239 -32.69862366
v -32.21617126 -42.40595245 -35.64197540
v -34.41072845 -62.17004776 -26.82489395
v -38.32419968 -42.39789200 -29.62520409
v -36.59051132 -62.17004776 -23.50085449
v -40.80128098 -42.39379883 -26.21562386
v -38.57043076 -62.17004776 -19.82574463
v -42.96339035 -42.39093018 -22.44971466
v -41.71099091 -62.17004776 -11.85572720
v -42.66696167 -62.17004776 -8.41911793
v -46.98162079 -42.39538956 -10.35317802
v -46.13341141 -42.39202881 -14.15356541
v -43.17256927 -62.17004776 -4.92920113
v -47.33895874 -42.39953995 -6.49399090
v -43.22108078 -62.17004776 -0.82399404
v -47.23244095 -42.40386963 -2.16378212
v -42.98527145 -62.17004776 3.44473290
v -46.85670090 -42.40729141 2.15918088
v -28.45573235 -38.02062988 -39.37974548
v -32.84418106 -38.02233887 -36.32820511
v -33.34667206 -34.32019043 -36.89527512
v -28.89387131 -34.31597900 -39.97244263
v -23.22401237 -38.01795197 -42.26182556
v -23.57462311 -34.31085205 -42.88623428
v -22.78314209 -42.41120148 -41.50328445
v -27.90805244 -42.40917969 -38.66146469
v -17.28634262 -38.01391983 -44.73229599
v -17.52591133 -34.30487061 -45.40640259
v -11.19319153 -38.00994873 -46.59934616
v -11.00620174 -42.41088867 -45.72240448
v -16.97356224 -42.41149902 -43.91366577
v -5.49500322 -38.00733185 -47.67109299
v -5.40797138 -42.41022110 -46.75919342
v -27.28139305 58.07109833 39.38951492
v -30.33244133 90.78815460 5.90856743
v -11.87809086 75.86589813 -38.33547592
v -12.61986160 80.96081543 -36.57917404
v -9.01312828 75.94415283 -39.68309402
v -9.02050591 80.92145538 -38.32632446
v -43.52622986 60.61663055 -16.21295547
v -49.74547195 36.04468155 -14.22382545
v -31.05164146 87.53491211 -12.98723507
v -29.66846275 86.88251495 -16.67934418
v -33.71763992 82.42706299 -17.21202469
v -27.08469200 49.07019043 40.17203522
v -31.43122292 47.63079071 36.37666702
v -22.27659225 50.37445068 43.44592667
v -16.69045258 51.71562958 46.65339661
v -10.86895084 52.85363007 49.28294373
v -50.69554138 36.03514862 -5.90599203
v -50.60486221 34.29309082 -10.04322529
v -51.00875854 31.93529892 -5.53306389
v -50.95898056 30.17303085 -9.75761890
v -50.68326187 33.67090225 -1.15945709
v -50.38755035 37.81877899 -1.55928659
v -35.51359940 22.47112846 -38.30242538
v -31.52367210 21.12420464 -41.51774597
v -35.96390915 18.37151909 -38.13029480
v -31.97409248 17.01647568 -41.37099457
v -47.49473953 38.68730927 11.79948425
v -46.18326187 41.86700058 13.89280415
v -48.61254883 40.21910858 7.55324364
v -48.20365143 35.20122910 10.98137474
v -49.11407852 35.92705917 7.42921829
v -46.57508087 36.68395996 15.09202480
v -5.42931938 57.99681854 50.27522659
v -11.00098133 57.27209091 48.72019577
v -5.35476637 53.54845810 50.82319641
v -35.98411179 49.77655029 30.36353683
v -40.07604218 47.39746094 24.47364616
v -35.63264847 45.88414764 31.60480499
v -31.60239220 51.81816864 35.64627457
v -27.21600151 53.43761826 39.74796677
v -22.42910194 54.82152939 43.12275696
v -16.84584236 56.15673065 46.22477722
v -26.99191284 19.94946098 -44.36403275
v -21.77179146 18.92602158 -46.88078308
v -27.42216301 15.83746052 -44.26950455
v -22.14520264 14.81225395 -46.86123276
v -50.16135025 32.66498184 -13.98783493
v -49.18381882 31.04541016 -17.93869400
v -50.52024078 28.55456161 -13.74161530
v -49.54159164 26.95550156 -17.70969391
v -15.71681118 18.03259087 -49.10755539
v -9.70623112 17.14800644 -50.76956558
v -15.98029137 13.91845417 -49.18159485
v -9.85149670 13.15166950 -50.92573547
v -4.61934805 16.15124321 -51.59213257
v -4.68286419 12.50726032 -51.78873444
v -26.39422226 -50.51728058 36.41155624
v -10.82256126 -53.44134903 43.37754440
v -6.99077320 -53.82757950 44.30148697
v -36.18653870 -34.45563126 78.93247223
v -38.85074997 -31.37775040 78.93247223
v -41.35699844 -28.03509903 78.93248749
v -52.60557175 -9.15046024 -2.82147479
v -51.70529175 -16.70843887 -2.66556859
v -52.39646149 -8.46765995 1.67026091
v -51.47523117 -16.24127960 1.81226492
v -52.87887192 -0.36211967 1.44942689
v -53.09957886 -1.23742962 -3.06134868
v -50.16793060 -24.16302872 -11.29603195
v -50.60343170 -23.91271973 -7.16221905
v -49.22629929 -24.42456055 -15.37964535
v -48.42768860 -29.25738907 -15.13866520
v -49.31402206 -29.19147110 -11.15197086
v -49.69668961 -29.12823868 -7.10293865
v -43.32265091 -25.29907227 -28.22660446
v -45.71813965 -25.01232910 -24.17977524
v -40.59749222 -25.56848145 -31.90619469
v -40.16754150 -29.54737091 -31.31304359
v -42.78844070 -29.47888184 -27.72072411
v -45.08304214 -29.40607071 -23.76708412
v -37.61212921 -25.81464005 -35.19826508
v -34.01536179 -26.04510880 -38.29586411
v -33.76535034 -29.66846085 -37.59684372
v -37.28160858 -29.60993195 -34.53791428
v -29.45595169 -26.26770020 -41.39205551
v -23.98317146 -26.48804092 -44.30810547
v -23.84427261 -29.77997208 -43.61983490
v -29.25351143 -29.72449112 -40.69144440
v -17.64628220 -26.71216202 -46.86521530
v -11.20919132 -26.90441895 -48.81608582
v -17.63582230 -29.83637238 -46.18027496
v -51.57880020 -7.28857899 9.59307480
v -51.99895859 0.98071003 9.24971485
v -52.16012192 0.75073051 7.86602497
v -51.69987106 -7.51476955 8.15535450
v -50.64651108 -15.34393978 10.07979488
v -50.76079178 -15.55840969 8.47257423
v -51.81909943 9.06231403 9.06695461
v -51.97980881 8.88158989 7.67467594
v -44.72919846 -0.93792915 -29.84217453
v -47.44448853 0.42479992 -25.45425415
v -47.17803192 6.49639654 -25.48059464
v -44.43711090 4.91241121 -29.85640526
v -41.61296844 -2.25237942 -33.95187378
v -41.26939011 3.37933064 -33.98785400
v -38.21281052 -3.45123959 -37.63392258
v -37.79988098 1.98822021 -37.69213486
v -34.30373001 -4.55725002 -41.00364304
v -33.84553146 0.72278023 -41.06329346
v -29.66077232 -5.59356976 -44.17638397
v -29.22332191 -0.43371964 -44.19523621
v -24.07281303 -6.58422947 -47.10755539
v -23.70982170 -1.50506973 -47.07233429
v -17.32871246 -7.55317020 -49.75262451
v -17.08159256 -2.51495934 -49.67900467
v -52.38077927 4.33135605 -12.32323551
v -52.93313980 5.55712652 -8.06924915
v -52.55142975 12.48400593 -8.41552353
v -52.04084015 11.02538776 -12.60879517
v -51.29579163 3.07592392 -16.49336433
v -50.99214172 9.54809189 -16.70045471
v -52.33890152 8.48907089 4.94360065
v -51.82757187 15.84624958 4.65447044
v -52.73062134 7.81158161 1.16408396
v -52.25888062 15.13689995 0.77509093
v -52.50957108 0.30188084 5.17891502
v -39.63943100 30.26013184 78.93250275
v -43.59305954 44.76567841 18.55045509
v -49.12821960 -31.99560928 -2.59318542
v -48.73130035 -34.35614014 -2.53955245
v -49.62332153 -29.06323242 -2.59622526
v -49.23054123 -31.99425888 -7.07572269
v -48.84043121 -34.35205078 -6.99604034
v -52.10594177 19.28728867 -4.25450802
v -52.56214142 13.93523788 -3.76789427
v -51.77085114 20.69720078 0.24337292
v -51.67457199 23.64855957 -4.74728203
v -51.32479095 25.24261093 -0.30890310
v -51.69223022 21.89196396 -9.15953255
v -52.12139130 17.64892387 -8.79314327
v -47.21080017 -38.05158234 5.90198135
v -47.67063141 -38.05054092 2.01166081
v -46.40647888 -42.40912247 5.99669456
v -52.03348923 -7.91509914 5.42180252
v -51.09870911 -15.85766888 5.62084579
v -52.98923111 6.77563238 -3.37350225
v -49.63502121 39.57152939 3.01371789
v -49.99615860 35.20922852 3.27183270
v -47.49110031 29.32873154 -22.09473419
v -47.87210846 25.25128174 -21.88664436
v -49.64186096 1.76819038 -20.93750381
v -49.66109085 -5.19830990 -20.80583382
v -49.36711121 8.03997517 -21.04316521
v -46.59870148 -31.98670197 -19.29735374
v -46.22927094 -34.33465958 -19.12491417
v -47.62337875 -34.34064102 -14.87602520
v -48.00447083 -31.98931885 -15.02016544
v -46.99007034 -29.33057022 -19.45842361
v -44.73186111 -31.98461914 -23.56264496
v -44.38003922 -34.32984161 -23.36077499
v -45.57062912 -38.02661133 -18.76343346
v -43.74301910 -38.02326202 -22.95600510
v -44.76739120 -42.39044189 -18.30740356
v -46.95117188 -38.03144073 -14.55820560
v -49.24271011 -12.15943050 -20.53572464
v -48.54206848 -18.77746964 -20.17859459
v -49.01897049 12.91686726 -21.23521423
v -50.63740158 14.53350544 -16.96237564
v -48.63507843 17.07079887 -21.46361351
v -50.26274872 18.73754692 -17.23662567
v -46.40832138 15.32372761 -25.78800392
v -46.81708145 11.24261284 -25.60746384
v -48.57225037 -12.28271961 78.93250275
v -49.89329147 -23.22156143 5.72473049
v -50.30702972 -23.41864014 1.86124492
v -49.50458145 -23.02387238 8.74764442
v -48.86885071 -31.99206924 -11.08215618
v -48.48244858 -34.34662247 -10.97061825
v -42.48424149 -31.98358154 -27.46492386
v -39.91276932 -31.98291016 -31.00679398
v -39.60971069 -34.32482910 -30.73232460
v -42.15562057 -34.32678223 -27.22706413
v -37.07437134 -31.98229980 -34.19077301
v -33.59809113 -31.98114014 -37.22409439
v -36.79600143 -34.32281876 -33.88517380
v -29.11298180 -31.97893906 -40.31395340
v -23.74473190 -31.97626114 -43.24239349
v -17.61905289 -31.97320938 -45.79151535
v -50.59677124 -23.65679932 -2.60542369
v -47.71453094 -24.71435928 -19.78582382
v -49.29000092 -22.78393936 10.69267464
v -38.99546051 -62.17004776 20.54292488
v -36.82456970 -62.17023087 24.43201637
v -34.16624069 -62.17042160 27.95565605
v -6.28071308 -62.17139053 43.77985382
v -3.07466817 -62.17139053 44.30404663
v -3.42580628 -54.09064102 44.92747498
v -21.00376129 -62.17115402 38.80694580
v -17.26000214 -62.17126846 40.55117416
v -13.40998173 -62.17126846 41.97906494
v -27.59012222 -62.17084122 34.37864685
v -24.35692215 -62.17109299 36.80690384
v -30.97399139 -62.17065811 31.34970474
v -9.73801613 -62.17139053 43.03008652
v -3.69028831 49.70903778 78.93245697
v -5.19773722 -18.97443008 -51.82225418
v -5.33074713 -23.36402130 -50.78875351
v -5.43582106 -27.02960205 -49.91332626
v -28.41059303 91.50574493 9.91819477
v -28.00493240 86.22125244 -20.28783417
v 44.06385040 9.51580524 -29.94621468
v 40.86349106 7.84771442 -34.05597687
v 37.35456085 6.34972858 -37.74134445
v 36.88302994 10.24151325 -37.81792450
v 33.37707138 5.01012945 -41.08092499
v 32.89643097 8.88018513 -41.11507416
v 28.77096748 3.81707478 -44.15310287
v 28.30573845 7.69238043 -44.12226486
v 23.32149696 2.74670029 -46.96521378
v 22.91456795 6.65362215 -46.86274338
v 16.81382751 1.77484035 -49.52457428
v 16.52657700 5.73992634 -49.35988617
v 10.31483841 1.01178074 -51.48405457
v 10.15745831 5.02966022 -51.26051331
v 51.29312134 21.57305527 4.24999523
v 50.78042984 26.34735107 3.83892274
v 50.20685959 26.96606064 7.24979877
v 50.83266830 22.04046440 7.35239983
v 51.66315842 16.08758163 -12.92213535
v 51.26316071 20.29980087 -13.22902489
v 4.89138079 0.56793022 -52.49654388
v 4.82292461 4.60107136 -52.21135330
v 0.00569004 0.42578030 -52.76602554
v 0.00569117 4.45715046 -52.44934464
v -44.05241013 9.51580524 -29.94616508
v -43.62210083 13.52056599 -30.08797455
v -40.40150070 11.78521442 -34.16433716
v -40.85206223 7.84771442 -34.05591583
v -37.34315109 6.34972858 -37.74135590
v -36.87160873 10.24151325 -37.81790543
v -32.88502121 8.88018513 -41.11505508
v -33.36566162 5.01012945 -41.08090591
v -28.75957298 3.81707478 -44.15309525
v -28.29433250 7.69225836 -44.12224579
v -22.90318298 6.65362215 -46.86270523
v -23.31010246 2.74670029 -46.96517563
v -16.80243301 1.77472019 -49.52454376
v -16.51518250 5.73992634 -49.35988617
v -10.14607143 5.02966022 -51.26047516
v -10.30345154 1.01178074 -51.48405457
v -51.28165054 21.57305527 4.25005531
v -50.76897049 26.34735107 3.83902097
v -51.65171051 16.08758163 -12.92208576
v -51.25172043 20.29980087 -13.22896576
v -4.87999725 0.56793022 -52.49654388
v -4.81154108 4.60107136 -52.21135330
v 50.58378983 22.22497368 9.13747501
v 49.80381012 27.10216904 9.47697449
v 32.08164978 -62.17004776 -29.79622459
v 34.42216110 -62.17004776 -26.82483482
v 29.18308830 -62.17004776 -32.68016434
v 36.60195923 -62.17004776 -23.50077438
v 38.58189011 -62.17004776 -19.82556343
v 42.67834854 -62.16993332 -8.41905403
v 43.18394852 -62.16993332 -4.92917728
v 41.72237778 -62.16993332 -11.85562420
v 42.64928818 -62.16993332 7.42523098
v 41.96960068 -62.16993332 11.50028419
v 42.99665833 -62.16993332 3.44469094
v 40.73675919 -62.17004776 16.05258560
v 25.32919693 -62.17004776 -35.74191284
v 20.69372749 -62.17004776 -38.61233521
v 15.45041847 -62.17004776 -40.92231369
v 10.05281830 -62.17004776 -42.58916473
v 43.23246002 -62.16993332 -0.82401013
v 40.32279968 -62.17004776 -15.80082512
v 4.95444775 -62.17004776 -43.53010559
v 0.00570668 -62.17010880 -43.81914520
v -42.63790894 -62.17004776 7.42521954
v -41.95819855 -62.17004776 11.50020504
v -40.72536087 -62.17004776 16.05256653
v -25.31779289 -62.17004776 -35.74200439
v -20.68232155 -62.17010880 -38.61242294
v -15.43900108 -62.17004776 -40.92240524
v -10.04139137 -62.17004776 -42.58923340
v -40.31137085 -62.17004776 -15.80095577
v -4.94303131 -62.17004776 -43.53013611
v 28.94494820 102.47571564 -2.34188437
v 28.28883743 103.08673096 1.21897388
v 29.05801773 101.88782501 -5.76907301
v 27.07532692 103.71551514 4.85967350
v 25.34980774 104.34289551 8.50238514
v 23.15770721 104.94971466 12.06946468
v 20.48943710 105.51813507 15.42153454
v 28.64243698 101.32867432 -9.00874901
v 27.77596855 100.77057648 -12.22279549
v 18.27189827 97.81323242 -27.81949425
v 21.28967857 98.51092529 -24.75011444
v 14.75434875 97.17859650 -30.57722473
v 23.42145729 99.08112335 -21.83291435
v 25.04458809 99.61041260 -18.84745407
v 17.33541870 106.03027344 18.41948509
v 13.85010910 106.43927002 20.83039474
v 10.18797874 106.69812012 22.42143631
v 6.57110071 106.86591339 23.43954468
v 3.72053766 96.48950195 -34.63175583
v 7.42864275 96.59369659 -33.87465668
v 0.00568932 96.46240234 -34.87070465
v 11.12324905 96.79772949 -32.55939484
v 26.53638840 100.18567657 -15.57323551
v 3.22158360 107.00159454 24.13161469
v 0.00574569 107.06146240 24.39613533
v -23.14623260 104.94971466 12.06948471
v -25.33832169 104.34289551 8.50241470
v -20.47796249 105.51813507 15.42156506
v -17.32394218 106.03027344 18.41950607
v -13.83863163 106.43927002 20.83037567
v -10.17648125 106.69812012 22.42144585
v -6.55960941 106.86591339 23.43956566
v -3.21009231 107.00159454 24.13161469
v -11.11185169 96.79779053 -32.55939484
v -7.41725349 96.59375000 -33.87465668
v -14.74294090 97.17859650 -30.57726479
v -28.93349266 102.47571564 -2.34187841
v -29.04659271 101.88788605 -5.76902819
v -28.27737236 103.08673096 1.21897888
v -28.63101196 101.32873535 -9.00865078
v -27.76454163 100.77057648 -12.22269535
v -18.26048279 97.81323242 -27.81948471
v -21.27825165 98.51092529 -24.75010490
v -23.41002274 99.08112335 -21.83290482
v -25.03314209 99.61041260 -18.84743500
v -27.06384277 103.71551514 4.85967827
v -4.69015741 80.97974396 -39.30157471
v -3.70915627 96.48950195 -34.63174438
v -26.52494240 100.18572998 -15.57319546
v 4.40766191 61.48315048 -43.57475281
v 0.00570933 61.57872772 -43.83261490
v -4.39624834 61.48315048 -43.57473373
v -4.71802807 70.74626923 -41.71266556
v -4.83260727 76.07946014 -40.55850601
v 42.34811020 25.73401070 -30.62809372
v 51.33340836 27.83551025 -5.16022205
v 50.99040985 29.52301025 -0.75966108
v 51.32455063 26.05303955 -9.47209930
v 36.42564011 14.27184772 -37.95820618
v 32.43592834 12.90874958 -41.22430420
v 27.86381721 11.72546101 -44.17499542
v 22.52999687 10.69848347 -46.84167480
v 50.89056778 24.44409180 -13.49543571
v 49.91080856 22.86548042 -17.48080444
v 16.25516701 9.80450153 -49.25566483
v 10.00814915 9.09423542 -51.08188248
v 4.75776196 8.61907578 -51.98526382
v 0.00569043 8.44012070 -52.20627594
v 50.36877060 30.84698105 3.52983594
v 49.64550018 31.55224228 7.30172729
v 48.26453781 21.17376328 -21.67859459
v -43.19316864 17.57513046 -30.25842476
v -39.95819855 15.82415390 -34.32133484
v -45.99837875 19.39995956 -25.97551346
v -51.32197189 27.83551025 -5.16016197
v -51.31309128 26.05303955 -9.47204018
v -50.97896957 29.52301025 -0.75957513
v -36.41421890 14.27184772 -37.95815277
v -32.42451859 12.90874958 -41.22428513
v -27.85242271 11.72546101 -44.17497253
v -22.51860237 10.69848347 -46.84163284
v -50.87913132 24.44409180 -13.49540520
v -49.89936066 22.86548042 -17.48072433
v -16.24378204 9.80450153 -49.25562286
v -9.99676132 9.09423542 -51.08187485
v -4.74637938 8.61895370 -51.98526382
v -50.35729980 30.84698105 3.52992082
v -49.63402176 31.55218124 7.30178547
v -48.25312042 21.17376328 -21.67851448
v -48.98612976 31.38354111 10.14944458
v 48.99763107 31.38354111 10.14938450
v -36.25207138 -38.02265167 -33.34942627
v -39.03488922 -38.02239990 -30.23459435
v -41.54816055 -38.02222061 -26.77491379
v -47.80482864 -38.03699112 -10.70135307
v -48.16183090 -38.04267120 -6.77928066
v -48.05237198 -38.04730225 -2.37852287
v 28.94494820 102.47571564 -2.34188437
v 28.28883743 103.08673096 1.21897388
v 29.05801773 101.88782501 -5.76907301
v 27.07532692 103.71551514 4.85967350
v 25.34980774 104.34289551 8.50238514
v 23.15770721 104.94971466 12.06946468
v 20.48943710 105.51813507 15.42153454
v 28.64243698 101.32867432 -9.00874901
v 27.77596855 100.77057648 -12.22279549
v 18.27189827 97.81323242 -27.81949425
v 21.28967857 98.51092529 -24.75011444
v 14.75434875 97.17859650 -30.57722473
v 23.42145729 99.08112335 -21.83291435
v 25.04458809 99.61041260 -18.84745407
v 17.33541870 106.03027344 18.41948509
v 13.85010910 106.43927002 20.83039474
v 10.18797874 106.69812012 22.42143631
v 6.57110071 106.86591339 23.43954468
v 3.72053766 96.48950195 -34.63175583
v 7.42864275 96.59369659 -33.87465668
v 0.00568932 96.46240234 -34.87070465
v 11.12324905 96.79772949 -32.55939484
v 26.53638840 100.18567657 -15.57323551
v 3.22158360 107.00159454 24.13161469
v 0.00574569 107.06146240 24.39613533
v -23.14623260 104.94971466 12.06948471
v -25.33832169 104.34289551 8.50241470
v -20.47796249 105.51813507 15.42156506
v -17.32394218 106.03027344 18.41950607
v -13.83863163 106.43927002 20.83037567
v -10.17648125 106.69812012 22.42144585
v -6.55960941 106.86591339 23.43956566
v -3.21009231 107.00159454 24.13161469
v -11.11185169 96.79779053 -32.55939484
v -7.41725349 96.59375000 -33.87465668
v -14.74294090 97.17859650 -30.57726479
v -28.93349266 102.47571564 -2.34187841
v -29.04659271 101.88788605 -5.76902819
v -28.27737236 103.08673096 1.21897888
v -28.63101196 101.32873535 -9.00865078
v -27.76454163 100.77057648 -12.22269535
v -18.26048279 97.81323242 -27.81948471
v -21.27825165 98.51092529 -24.75010490
v -23.41002274 99.08112335 -21.83290482
v -25.03314209 99.61041260 -18.84743500
v -27.06384277 103.71551514 4.85967827
v -3.70915627 96.48950195 -34.63174438
v -26.52494240 100.18572998 -15.57319546
v 24.81606865 106.57904053 -5.60282612
v 24.72072792 107.09180450 -2.69719958
v 24.15546799 107.62677002 0.34115386
v 23.09999847 108.18274689 3.50139594
v 21.59499741 108.74512482 6.69380951
v 19.68113708 109.29919434 9.82859421
v 17.38396835 109.81769562 12.75027466
v 23.70782852 105.59351349 -11.15322781
v 24.46178818 106.08959961 -8.36493015
v 12.47097874 102.55548096 -26.93269348
v 15.47863865 103.05444336 -24.70346451
v 18.03469849 103.59112549 -22.18605423
v 19.86223793 104.06604004 -19.69593430
v 21.27934837 104.53680420 -17.06803513
v 14.72899914 110.27362061 15.30336475
v 11.81768894 110.61749268 17.28679657
v 8.75151443 110.80005646 18.49937630
v 5.69353580 110.90008545 19.23549652
v 0.00569015 101.79443359 -30.46261406
v 3.01232672 101.82977295 -30.26923370
v 6.08472776 101.95599365 -29.64817429
v 9.28864574 102.19360352 -28.55845451
v 22.60411835 105.06091309 -14.13734531
v 2.80682278 110.99652100 19.78946495
v 0.00574611 111.04388428 20.02090645
v -17.37249184 109.81769562 12.75029469
v -19.66965294 109.29919434 9.82861423
v -21.58350182 108.74512482 6.69380951
v -11.80621147 110.61749268 17.28679657
v -14.71752167 110.27362061 15.30338383
v -5.68203449 110.90008545 19.23550606
v -8.74002361 110.80005646 18.49938583
v -2.79532528 110.99652100 19.78946495
v -12.45957088 102.55548096 -26.93274498
v -9.27723598 102.19360352 -28.55850410
v -6.07332611 101.95605469 -29.64817429
v -24.14400291 107.62677002 0.34111691
v -24.70927238 107.09180450 -2.69722271
v -24.80463219 106.57904053 -5.60280991
v -24.45035172 106.08959961 -8.36489964
v -23.69639206 105.59351349 -11.15315914
v -18.02327156 103.59112549 -22.18609428
v -15.46722126 103.05444336 -24.70345497
v -21.26790237 104.53680420 -17.06804466
v -19.85080147 104.06604004 -19.69597435
v -23.08851242 108.18280029 3.50138593
v -3.00093937 101.82977295 -30.26922417
v -22.59267235 105.06091309 -14.13732529
v 36.83600998 -62.17023087 24.43203545
v 39.00687027 -62.17004776 20.54292488
v 34.17768860 -62.17042160 27.95571518
v 3.08617568 -62.17151260 44.30404663
v 6.29222775 -62.17139053 43.77987671
v 0.00575061 -62.17151260 44.50976562
v 17.27147865 -62.17115402 40.55129623
v 21.01522827 -62.17109299 38.80702591
v 13.42146873 -62.17126846 41.97920609
v 24.36839867 -62.17097092 36.80697632
v 27.60160828 -62.17084122 34.37870407
v 30.98546791 -62.17065811 31.34977722
v 9.74952507 -62.17139053 43.03016663
v -29.17167282 -62.17004776 -32.68022537
v -32.07022095 -62.17004776 -29.79628372
v -34.41072845 -62.17004776 -26.82489395
v -36.59051132 -62.17004776 -23.50085449
v -38.57043076 -62.17004776 -19.82574463
v -41.71099091 -62.17004776 -11.85572720
v -42.66696167 -62.17004776 -8.41911793
v -43.17256927 -62.17004776 -4.92920113
v -43.22108078 -62.17004776 -0.82399404
v -42.98527145 -62.17004776 3.44473290
v -38.99546051 -62.17004776 20.54292488
v -36.82456970 -62.17023087 24.43201637
v -34.16624069 -62.17042160 27.95565605
v -6.28071308 -62.17139053 43.77985382
v -3.07466817 -62.17139053 44.30404663
v -21.00376129 -62.17115402 38.80694580
v -17.26000214 -62.17126846 40.55117416
v -13.40998173 -62.17126846 41.97906494
v -27.59012222 -62.17084122 34.37864685
v -24.35692215 -62.17109299 36.80690384
v -30.97399139 -62.17065811 31.34970474
v -9.73801613 -62.17139053 43.03008652
v 32.08164978 -62.17004776 -29.79622459
v 34.42216110 -62.17004776 -26.82483482
v 29.18308830 -62.17004776 -32.68016434
v 36.60195923 -62.17004776 -23.50077438
v 38.58189011 -62.17004776 -19.82556343
v 42.67834854 -62.16993332 -8.41905403
v 43.18394852 -62.16993332 -4.92917728
v 41.72237778 -62.16993332 -11.85562420
v 42.64928818 -62.16993332 7.42523098
v 41.96960068 -62.16993332 11.50028419
v 42.99665833 -62.16993332 3.44469094
v 40.73675919 -62.17004776 16.05258560
v 25.32919693 -62.17004776 -35.74191284
v 20.69372749 -62.17004776 -38.61233521
v 15.45041847 -62.17004776 -40.92231369
v 10.05281830 -62.17004776 -42.58916473
v 43.23246002 -62.16993332 -0.82401013
v 40.32279968 -62.17004776 -15.80082512
v 4.95444775 -62.17004776 -43.53010559
v 0.00570668 -62.17010880 -43.81914520
v -42.63790894 -62.17004776 7.42521954
v -41.95819855 -62.17004776 11.50020504
v -40.72536087 -62.17004776 16.05256653
v -25.31779289 -62.17004776 -35.74200439
v -20.68232155 -62.17010880 -38.61242294
v -15.43900108 -62.17004776 -40.92240524
v -10.04139137 -62.17004776 -42.58923340
v -40.31137085 -62.17004776 -15.80095577
v -4.94303131 -62.17004776 -43.53013611
v 24.81606865 106.57904053 -5.60282612
v 24.72072792 107.09180450 -2.69719958
v 24.15546799 107.62677002 0.34115386
v 23.09999847 108.18274689 3.50139594
v 21.59499741 108.74512482 6.69380951
v 19.68113708 109.29919434 9.82859421
v 17.38396835 109.81769562 12.75027466
v 23.70782852 105.59351349 -11.15322781
v 24.46178818 106.08959961 -8.36493015
v 12.47097874 102.55548096 -26.93269348
v 15.47863865 103.05444336 -24.70346451
v 18.03469849 103.59112549 -22.18605423
v 19.86223793 104.06604004 -19.69593430
v 21.27934837 104.53680420 -17.06803513
v 14.72899914 110.27362061 15.30336475
v 11.81768894 110.61749268 17.28679657
v 8.75151443 110.80005646 18.49937630
v 5.69353580 110.90008545 19.23549652
v 0.00569015 101.79443359 -30.46261406
v 3.01232672 101.82977295 -30.26923370
v 6.08472776 101.95599365 -29.64817429
v 9.28864574 102.19360352 -28.55845451
v 22.60411835 105.06091309 -14.13734531
v 2.80682278 110.99652100 19.78946495
v 0.00574611 111.04388428 20.02090645
v -17.37249184 109.81769562 12.75029469
v -19.66965294 109.29919434 9.82861423
v -21.58350182 108.74512482 6.69380951
v -11.80621147 110.61749268 17.28679657
v -14.71752167 110.27362061 15.30338383
v -5.68203449 110.90008545 19.23550606
v -8.74002361 110.80005646 18.49938583
v -2.79532528 110.99652100 19.78946495
v -12.45957088 102.55548096 -26.93274498
v -9.27723598 102.19360352 -28.55850410
v -6.07332611 101.95605469 -29.64817429
v -24.14400291 107.62677002 0.34111691
v -24.70927238 107.09180450 -2.69722271
v -24.80463219 106.57904053 -5.60280991
v -24.45035172 106.08959961 -8.36489964
v -23.69639206 105.59351349 -11.15315914
v -18.02327156 103.59112549 -22.18609428
v -15.46722126 103.05444336 -24.70345497
v -21.26790237 104.53680420 -17.06804466
v -19.85080147 104.06604004 -19.69597435
v -23.08851242 108.18280029 3.50138593
v -3.00093937 101.82977295 -30.26922417
v -22.59267235 105.06091309 -14.13732529
v 49.80710983 -3.37005901 78.93244934
v 49.40547943 -7.88074017 78.93244934
v 49.80189133 1.19183064 78.93243408
v 45.95328140 18.87255478 78.93244934
v 47.46107101 14.63720417 78.93244934
v 48.61962891 10.24718952 78.93244934
v 44.12223816 22.90753174 78.93244934
v 42.00807953 26.71301079 78.93244934
v 12.24915886 -48.48749161 78.93246460
v 8.01278782 -49.38190079 78.93245697
v 4.30969763 -49.96491241 78.93245697
v 1.84751761 -50.21863174 78.93245697
v 0.00579110 -50.26319122 78.93245697
v 30.39031792 -39.80786133 78.93245697
v 33.37453842 -37.26654053 78.93244934
v 27.21191788 -42.08172989 78.93245697
v 23.80587769 -44.08977890 78.93245697
v 20.17226791 -45.82984161 78.93245697
v 16.31117821 -47.29967880 78.93246460
v 45.67401123 -20.59522247 78.93244934
v 43.65853119 -24.43756104 78.93244934
v 47.34057999 -16.53466797 78.93244934
v 31.14874840 39.24945068 78.93245697
v 34.22901154 36.53564072 78.93245697
v 37.05614090 33.53796005 78.93244934
v 49.40298080 5.74822760 78.93243408
v 27.79452705 41.67565918 78.93244934
v 24.15716743 43.81291962 78.93245697
v 20.22747803 45.66003036 78.93245697
v 16.07636833 47.19438934 78.93246460
v 11.77473831 48.39342880 78.93246460
v 7.56806755 49.23802948 78.93247223
v 38.86227798 -31.37775040 78.93244934
v 36.19807053 -34.45563126 78.93243408
v 41.36853027 -28.03509903 78.93244934
v 39.65093994 30.26013184 78.93244934
v 48.58385849 -12.28271961 78.93244934
v 0.00576183 49.85124969 78.93247223
v 3.70181084 49.70909882 78.93247223
v -49.39389038 -7.88074017 78.93252563
v -49.79557037 -3.37005901 78.93252563
v -49.79040909 1.19183064 78.93252563
v -47.44953156 14.63720417 78.93252563
v -45.94173050 18.87255478 78.93252563
v -48.60810852 10.24718952 78.93252563
v -44.11069870 22.90753174 78.93252563
v -41.99655151 26.71301079 78.93251801
v -8.00122547 -49.38190079 78.93247223
v -4.29811907 -49.96491241 78.93247223
v -12.23760128 -48.48749161 78.93248749
v -1.83593440 -50.21868896 78.93245697
v -27.20033264 -42.08172989 78.93249512
v -30.37874222 -39.80786133 78.93249512
v -33.36299896 -37.26654053 78.93246460
v -20.16068268 -45.82984161 78.93248749
v -23.79428291 -44.08977890 78.93249512
v -16.29960251 -47.29967880 78.93248749
v -43.64701080 -24.43756104 78.93248749
v -45.66246033 -20.59522247 78.93248749
v -47.32899857 -16.53466797 78.93250275
v -34.21751022 36.53564072 78.93249512
v -37.04463959 33.53796005 78.93250275
v -31.13724136 39.24945068 78.93249512
v -49.39149857 5.74810553 78.93252563
v -27.78302193 41.67565918 78.93249512
v -24.14566231 43.81285858 78.93249512
v -20.21595192 45.65996933 78.93248749
v -16.06483269 47.19432831 78.93248749
v -11.76321125 48.39336777 78.93246460
v -7.55654430 49.23802948 78.93245697
v -36.18653870 -34.45563126 78.93247223
v -38.85074997 -31.37775040 78.93247223
v -41.35699844 -28.03509903 78.93248749
v -39.63943100 30.26013184 78.93250275
v -48.57225037 -12.28271961 78.93250275
v -3.69028831 49.70903778 78.93245697
f 278 280 279
f 23 24 25
f 25 26 23
f 27 24 23
f 23 28 27
f 24 27 29
f 29 30 24
f 25 24 30
f 30 31 25
f 32 33 31
f 31 34 32
f 35 32 34
f 34 36 35
f 32 35 37
f 37 33 32
f 38 39 40
f 1 2 3
f 3 4 1
f 5 6 7
f 7 4 5
f 8 9 6
f 6 5 8
f 5 10 11
f 11 8 5
f 12 13 9
f 9 8 12
f 12 14 15
f 15 16 12
f 17 18 19
f 19 16 17
f 17 20 21
f 21 22 17
f 42 43 44
f 44 40 42
f 45 46 47
f 47 48 45
f 49 50 45
f 45 48 49
f 41 51 46
f 46 45 41
f 13 12 16
f 16 19 13
f 52 31 33
f 33 53 52
f 54 55 56
f 56 53 54
f 54 37 57
f 57 58 54
f 59 60 61
f 61 58 59
f 59 62 63
f 63 64 59
f 65 66 67
f 67 68 65
f 66 69 70
f 70 67 66
f 31 52 71
f 71 25 31
f 1 4 7
f 7 72 1
f 73 74 64
f 64 68 73
f 74 60 59
f 59 64 74
f 75 72 76
f 76 77 75
f 78 79 44
f 44 43 78
f 80 46 51
f 51 81 80
f 80 82 47
f 47 46 80
f 83 84 85
f 85 86 83
f 73 86 85
f 85 87 73
f 87 88 74
f 74 73 87
f 89 56 55
f 55 90 89
f 89 91 92
f 92 56 89
f 86 67 70
f 70 83 86
f 68 67 86
f 86 73 68
f 93 94 71
f 71 95 93
f 95 96 93
f 92 91 96
f 96 95 92
f 55 54 58
f 58 61 55
f 75 97 1
f 1 72 75
f 42 97 75
f 75 43 42
f 51 41 40
f 40 44 51
f 13 98 99
f 99 9 13
f 100 101 61
f 61 60 100
f 26 25 71
f 71 94 26
f 26 94 102
f 102 23 26
f 81 51 44
f 44 79 81
f 7 103 76
f 76 72 7
f 7 6 104
f 104 103 7
f 93 105 102
f 102 94 93
f 105 106 107
f 107 102 105
f 90 55 61
f 61 101 90
f 100 60 74
f 74 88 100
f 43 75 77
f 77 78 43
f 98 13 19
f 19 108 98
f 109 108 19
f 19 18 109
f 109 18 110
f 110 111 109
f 112 111 110
f 110 113 112
f 114 115 116
f 116 117 114
f 117 118 119
f 119 114 117
f 114 119 120
f 120 121 114
f 115 114 121
f 121 122 115
f 123 124 125
f 125 126 123
f 127 123 126
f 126 128 127
f 129 130 123
f 123 127 129
f 130 131 124
f 124 123 130
f 132 133 125
f 125 124 132
f 124 131 134
f 134 132 124
f 132 134 135
f 135 136 132
f 133 132 136
f 136 137 133
f 138 139 140
f 140 141 138
f 139 142 143
f 143 140 139
f 140 143 144
f 144 145 140
f 141 140 145
f 145 146 141
f 147 148 138
f 138 141 147
f 149 147 141
f 141 146 149
f 147 149 150
f 150 151 147
f 151 152 148
f 148 147 151
f 153 154 155
f 155 156 153
f 157 153 156
f 156 158 157
f 153 157 159
f 159 160 153
f 160 161 154
f 154 153 160
f 162 163 161
f 161 160 162
f 164 162 160
f 160 159 164
f 162 164 165
f 165 166 162
f 166 167 163
f 163 162 166
f 168 169 167
f 167 166 168
f 170 168 166
f 166 165 170
f 168 170 144
f 144 143 168
f 143 142 169
f 169 168 143
f 171 172 173
f 173 174 171
f 174 175 176
f 176 171 174
f 171 176 177
f 177 178 171
f 172 171 178
f 178 179 172
f 180 181 182
f 182 183 180
f 181 184 185
f 185 182 181
f 182 185 186
f 186 187 182
f 183 182 187
f 187 188 183
f 189 190 129
f 129 127 189
f 191 189 127
f 127 128 191
f 189 191 122
f 122 121 189
f 121 120 190
f 190 189 121
f 192 193 186
f 186 185 192
f 185 184 194
f 194 192 185
f 192 194 195
f 195 196 192
f 193 192 196
f 196 197 193
f 198 199 197
f 197 196 198
f 196 195 200
f 200 198 196
f 198 200 201
f 201 202 198
f 199 198 202
f 202 203 199
f 204 205 203
f 203 202 204
f 202 201 206
f 206 204 202
f 204 206 207
f 207 208 204
f 205 204 208
f 208 209 205
f 210 211 212
f 212 213 210
f 211 210 175
f 175 174 211
f 207 214 215
f 215 208 207
f 216 215 214
f 214 217 216
f 218 219 180
f 180 183 218
f 218 136 135
f 135 219 218
f 176 175 220
f 220 221 176
f 177 176 221
f 221 222 177
f 130 223 224
f 224 131 130
f 223 130 129
f 129 225 223
f 190 226 225
f 225 129 190
f 226 190 120
f 120 227 226
f 119 228 227
f 227 120 119
f 228 119 118
f 118 229 228
f 230 231 229
f 229 118 230
f 231 230 177
f 177 222 231
f 232 134 131
f 131 224 232
f 134 232 233
f 233 135 134
f 234 181 180
f 180 235 234
f 181 234 236
f 236 184 181
f 237 238 213
f 213 212 237
f 155 238 237
f 237 156 155
f 239 240 241
f 241 242 239
f 243 239 242
f 242 244 243
f 239 243 245
f 245 246 239
f 240 239 246
f 246 247 240
f 248 249 250
f 250 251 248
f 252 248 251
f 251 253 252
f 248 252 254
f 254 255 248
f 249 248 255
f 255 256 249
f 257 258 250
f 250 249 257
f 259 257 249
f 249 256 259
f 257 259 222
f 222 221 257
f 258 257 221
f 221 220 258
f 260 261 250
f 250 258 260
f 262 260 258
f 258 220 262
f 260 262 263
f 263 264 260
f 261 260 264
f 264 265 261
f 266 267 268
f 268 269 266
f 270 266 269
f 269 271 270
f 266 270 272
f 272 273 266
f 267 266 273
f 273 274 267
f 275 276 277
f 277 278 275
f 279 275 278
f 474 480 478
f 275 279 281
f 281 282 275
f 276 275 282
f 282 283 276
f 284 285 286
f 286 287 284
f 288 284 287
f 287 289 288
f 284 288 290
f 290 291 284
f 285 284 291
f 291 292 285
f 293 294 295
f 295 296 293
f 297 293 296
f 296 298 297
f 293 297 299
f 299 300 293
f 294 293 300
f 300 301 294
f 302 303 301
f 301 300 302
f 304 302 300
f 300 299 304
f 302 304 305
f 305 306 302
f 303 302 306
f 306 307 303
f 308 309 307
f 307 306 308
f 310 308 306
f 306 305 310
f 308 310 311
f 311 312 308
f 309 308 312
f 312 313 309
f 314 315 313
f 313 312 314
f 316 314 312
f 312 311 316
f 314 316 317
f 317 318 314
f 315 314 318
f 318 277 315
f 262 210 213
f 213 263 262
f 210 262 220
f 220 175 210
f 238 155 319
f 319 320 238
f 213 238 320
f 320 263 213
f 169 321 322
f 322 167 169
f 321 169 142
f 142 323 321
f 154 324 319
f 319 155 154
f 324 154 161
f 161 325 324
f 326 327 328
f 328 329 326
f 330 326 329
f 329 331 330
f 326 330 332
f 332 333 326
f 327 326 333
f 333 334 327
f 335 330 331
f 331 336 335
f 337 335 336
f 336 338 337
f 335 337 339
f 339 340 335
f 330 335 340
f 340 332 330
f 341 342 343
f 343 344 341
f 345 341 344
f 344 346 345
f 341 345 347
f 347 348 341
f 342 341 348
f 348 349 342
f 350 345 346
f 346 351 350
f 352 350 351
f 351 253 352
f 350 352 353
f 353 354 350
f 345 350 354
f 354 347 345
f 355 356 328
f 328 327 355
f 357 355 327
f 327 334 357
f 355 357 358
f 358 359 355
f 356 355 359
f 359 360 356
f 361 362 360
f 360 359 361
f 363 361 359
f 359 358 363
f 361 363 364
f 364 365 361
f 362 361 365
f 365 268 362
f 366 269 268
f 268 365 366
f 367 366 365
f 365 364 367
f 366 367 368
f 368 369 366
f 269 366 369
f 369 271 269
f 104 6 9
f 9 99 104
f 370 371 97
f 97 42 370
f 371 2 1
f 1 97 371
f 372 373 374
f 374 375 372
f 376 372 375
f 375 36 376
f 372 376 377
f 377 378 372
f 373 372 378
f 378 379 373
f 380 381 62
f 62 57 380
f 35 380 57
f 57 37 35
f 380 35 36
f 36 375 380
f 381 380 375
f 375 374 381
f 82 382 383
f 383 47 82
f 84 83 383
f 383 382 84
f 384 385 70
f 70 69 384
f 47 383 385
f 385 48 47
f 83 70 385
f 385 383 83
f 92 52 53
f 53 56 92
f 95 71 52
f 52 92 95
f 200 195 386
f 386 387 200
f 201 200 387
f 387 388 201
f 206 201 388
f 388 389 206
f 207 206 389
f 389 390 207
f 391 392 82
f 82 80 391
f 393 391 80
f 80 81 393
f 391 393 394
f 394 395 391
f 392 391 395
f 395 396 392
f 397 398 90
f 90 101 397
f 399 397 101
f 101 100 399
f 397 399 245
f 245 400 397
f 398 397 400
f 400 401 398
f 402 403 78
f 78 404 402
f 405 402 404
f 404 235 405
f 402 405 233
f 233 406 402
f 403 402 406
f 406 407 403
f 408 409 109
f 109 111 408
f 410 408 111
f 111 112 410
f 408 410 411
f 411 412 408
f 409 408 412
f 412 390 409
f 413 414 76
f 76 103 413
f 415 413 103
f 103 104 415
f 413 415 386
f 386 416 413
f 414 413 416
f 416 236 414
f 417 415 104
f 104 99 417
f 418 417 99
f 99 98 418
f 417 418 388
f 388 387 417
f 415 417 387
f 387 386 415
f 419 418 98
f 98 108 419
f 409 419 108
f 108 109 409
f 419 409 390
f 390 389 419
f 418 419 389
f 389 388 418
f 420 421 91
f 91 89 420
f 398 420 89
f 89 90 398
f 420 398 401
f 401 422 420
f 421 420 422
f 422 423 421
f 424 425 84
f 84 382 424
f 392 424 382
f 382 82 392
f 424 392 396
f 396 426 424
f 425 424 426
f 426 427 425
f 428 429 93
f 93 96 428
f 421 428 96
f 96 91 421
f 428 421 423
f 423 430 428
f 429 428 430
f 430 431 429
f 432 105 93
f 93 429 432
f 433 432 429
f 429 431 433
f 432 433 434
f 434 435 432
f 105 432 435
f 435 106 105
f 163 167 322
f 322 436 163
f 161 163 436
f 436 325 161
f 139 138 437
f 437 438 139
f 142 139 438
f 438 323 142
f 237 212 439
f 439 440 237
f 156 237 440
f 440 158 156
f 211 174 173
f 173 441 211
f 212 211 441
f 441 439 212
f 442 230 118
f 118 117 442
f 442 178 177
f 177 230 442
f 443 444 289
f 289 287 443
f 445 443 287
f 287 286 445
f 443 445 446
f 446 447 443
f 444 443 447
f 447 448 444
f 449 288 289
f 289 450 449
f 451 449 450
f 450 452 451
f 449 451 453
f 453 454 449
f 288 449 454
f 454 290 288
f 455 297 298
f 298 456 455
f 457 455 456
f 456 458 457
f 455 457 459
f 459 460 455
f 297 455 460
f 460 299 297
f 461 304 299
f 299 460 461
f 462 461 460
f 460 459 462
f 461 462 463
f 463 464 461
f 304 461 464
f 464 305 304
f 465 310 305
f 305 464 465
f 466 465 464
f 464 463 466
f 465 466 467
f 467 468 465
f 310 465 468
f 468 311 310
f 469 316 311
f 311 468 469
f 470 469 468
f 468 467 470
f 469 470 274
f 274 471 469
f 316 469 471
f 471 317 316
f 472 473 474
f 474 475 472
f 228 472 475
f 475 227 228
f 472 228 229
f 229 476 472
f 473 472 476
f 476 477 473
f 478 479 225
f 225 226 478
f 475 478 226
f 226 227 475
f 478 475 474
f 40 41 38
f 479 478 480
f 480 481 479
f 482 483 484
f 484 485 482
f 294 482 485
f 485 295 294
f 482 294 301
f 301 486 482
f 483 482 486
f 486 487 483
f 488 489 487
f 487 486 488
f 303 488 486
f 486 301 303
f 488 303 307
f 307 490 488
f 489 488 490
f 490 491 489
f 492 493 491
f 491 490 492
f 309 492 490
f 490 307 309
f 492 309 313
f 313 494 492
f 493 492 494
f 494 495 493
f 496 497 495
f 495 494 496
f 315 496 494
f 494 313 315
f 496 315 277
f 277 276 496
f 497 496 276
f 276 283 497
f 498 499 500
f 500 501 498
f 285 498 501
f 501 286 285
f 498 285 292
f 292 502 498
f 499 498 502
f 502 503 499
f 504 505 481
f 481 480 504
f 506 504 480
f 480 474 506
f 504 506 446
f 446 507 504
f 505 504 507
f 507 508 505
f 218 183 188
f 188 509 218
f 136 218 509
f 509 137 136
f 510 404 78
f 78 77 510
f 414 510 77
f 77 76 414
f 510 414 236
f 236 234 510
f 404 510 234
f 234 235 404
f 511 252 253
f 253 351 511
f 512 511 351
f 351 346 512
f 511 512 452
f 452 513 511
f 252 511 513
f 513 254 252
f 514 515 508
f 508 516 514
f 517 514 516
f 516 500 517
f 514 517 518
f 518 519 514
f 515 514 519
f 519 520 515
f 521 352 253
f 253 251 521
f 261 521 251
f 251 250 261
f 521 261 265
f 265 522 521
f 352 521 522
f 522 353 352
f 523 447 446
f 446 506 523
f 473 523 506
f 506 474 473
f 523 473 477
f 477 524 523
f 447 523 524
f 524 448 447
f 525 507 446
f 446 445 525
f 501 525 445
f 445 286 501
f 525 501 500
f 500 516 525
f 507 525 516
f 516 508 507
f 526 393 81
f 81 79 526
f 403 526 79
f 79 78 403
f 526 403 407
f 407 527 526
f 393 526 527
f 527 394 393
f 528 529 87
f 87 85 528
f 425 528 85
f 85 84 425
f 528 425 427
f 427 530 528
f 529 528 530
f 530 247 529
f 531 502 292
f 292 532 531
f 485 531 532
f 532 295 485
f 531 485 484
f 484 533 531
f 502 531 533
f 533 503 502
f 534 535 343
f 343 536 534
f 537 534 536
f 536 338 537
f 534 537 458
f 458 538 534
f 535 534 538
f 538 453 535
f 539 337 338
f 338 536 539
f 342 539 536
f 536 343 342
f 539 342 349
f 349 540 539
f 337 539 540
f 540 339 337
f 541 291 290
f 290 542 541
f 296 541 542
f 542 298 296
f 541 296 295
f 295 532 541
f 291 541 532
f 532 292 291
f 543 544 503
f 503 533 543
f 545 543 533
f 533 484 545
f 543 545 241
f 241 546 543
f 544 543 546
f 546 547 544
f 442 117 116
f 116 548 442
f 178 442 548
f 548 179 178
f 219 135 233
f 233 405 219
f 180 219 405
f 405 235 180
f 194 184 236
f 236 416 194
f 195 194 416
f 416 386 195
f 549 255 254
f 254 550 549
f 524 549 550
f 550 448 524
f 549 524 477
f 477 551 549
f 255 549 551
f 551 256 255
f 552 451 452
f 452 512 552
f 344 552 512
f 512 346 344
f 552 344 343
f 343 535 552
f 451 552 535
f 535 453 451
f 553 457 458
f 458 537 553
f 336 553 537
f 537 338 336
f 553 336 331
f 331 554 553
f 457 553 554
f 554 459 457
f 555 462 459
f 459 554 555
f 329 555 554
f 554 331 329
f 555 329 328
f 328 556 555
f 462 555 556
f 556 463 462
f 557 466 463
f 463 556 557
f 356 557 556
f 556 328 356
f 557 356 360
f 360 558 557
f 466 557 558
f 558 467 466
f 559 470 467
f 467 558 559
f 362 559 558
f 558 360 362
f 559 362 268
f 268 267 559
f 470 559 267
f 267 274 470
f 560 513 452
f 452 450 560
f 444 560 450
f 450 289 444
f 560 444 448
f 448 550 560
f 513 560 550
f 550 254 513
f 561 538 458
f 458 456 561
f 542 561 456
f 456 298 542
f 561 542 290
f 290 454 561
f 538 561 454
f 454 453 538
f 562 259 256
f 256 551 562
f 476 562 551
f 551 477 476
f 562 476 229
f 229 231 562
f 259 562 231
f 231 222 259
f 263 320 563
f 563 564 263
f 320 319 565
f 565 563 320
f 437 566 567
f 567 568 437
f 566 569 570
f 570 567 566
f 322 321 571
f 571 572 322
f 321 323 573
f 573 571 321
f 325 436 574
f 574 575 325
f 436 322 572
f 572 574 436
f 319 324 576
f 576 565 319
f 324 325 575
f 575 576 324
f 323 438 577
f 577 573 323
f 438 437 568
f 568 577 438
f 113 110 22
f 22 578 113
f 18 17 22
f 22 110 18
f 215 216 579
f 579 580 215
f 208 215 580
f 580 209 208
f 214 207 390
f 390 412 214
f 217 214 412
f 412 411 217
f 148 152 569
f 569 566 148
f 138 148 566
f 566 437 138
f 581 582 280
f 280 278 581
f 318 581 278
f 278 277 318
f 581 318 317
f 317 583 581
f 582 581 583
f 583 584 582
f 585 586 584
f 584 583 585
f 471 585 583
f 583 317 471
f 585 471 274
f 274 273 585
f 586 585 273
f 273 272 586
f 587 588 589
f 589 590 587
f 588 591 592
f 592 589 588
f 593 594 589
f 589 592 593
f 591 595 596
f 596 592 591
f 597 598 596
f 596 599 597
f 600 601 599
f 599 602 600
f 600 603 604
f 604 601 600
f 605 606 601
f 601 604 605
f 603 607 608
f 608 604 603
f 609 608 578
f 578 610 609
f 611 612 613
f 613 614 611
f 27 28 613
f 613 612 27
f 615 612 611
f 611 616 615
f 612 615 29
f 29 27 612
f 617 618 616
f 616 619 617
f 620 617 619
f 619 621 620
f 617 620 622
f 622 618 617
f 623 624 625
f 625 626 623
f 623 627 628
f 628 624 623
f 629 624 628
f 628 630 629
f 599 596 595
f 595 602 599
f 631 632 633
f 633 634 631
f 635 633 625
f 625 636 635
f 621 619 637
f 637 638 621
f 639 640 641
f 641 642 639
f 643 644 645
f 645 642 643
f 646 645 647
f 647 648 646
f 648 647 649
f 649 650 648
f 616 611 651
f 651 652 616
f 614 653 651
f 651 611 614
f 654 647 645
f 645 644 654
f 627 655 656
f 656 657 627
f 587 657 656
f 656 658 587
f 659 660 632
f 632 631 659
f 661 654 662
f 662 663 661
f 664 665 666
f 666 667 664
f 625 633 632
f 632 626 625
f 668 649 661
f 661 669 668
f 647 654 661
f 661 649 647
f 651 653 670
f 670 671 651
f 670 672 671
f 673 674 641
f 641 638 673
f 643 642 641
f 641 674 643
f 675 657 587
f 587 590 675
f 675 628 627
f 627 657 675
f 614 613 676
f 676 653 614
f 28 107 676
f 676 613 28
f 669 661 663
f 663 677 669
f 678 679 623
f 623 626 678
f 679 655 627
f 627 623 679
f 658 680 588
f 588 587 658
f 591 588 680
f 680 681 591
f 670 653 676
f 676 682 670
f 682 676 107
f 107 106 682
f 664 671 672
f 672 665 664
f 683 684 674
f 674 673 683
f 684 685 643
f 643 674 684
f 685 686 644
f 644 643 685
f 662 654 644
f 644 686 662
f 687 688 600
f 600 602 687
f 688 689 603
f 603 600 688
f 689 690 607
f 607 603 689
f 112 113 607
f 607 690 112
f 691 692 693
f 693 694 691
f 695 691 694
f 694 696 695
f 697 698 691
f 691 695 697
f 698 699 692
f 692 691 698
f 700 701 702
f 702 703 700
f 703 704 705
f 705 700 703
f 700 705 706
f 706 707 700
f 701 700 707
f 707 708 701
f 709 703 702
f 702 710 709
f 711 709 710
f 710 712 711
f 713 714 709
f 709 711 713
f 714 704 703
f 703 709 714
f 715 716 717
f 717 718 715
f 719 715 718
f 718 720 719
f 715 719 721
f 721 722 715
f 722 723 716
f 716 715 722
f 717 724 725
f 725 718 717
f 724 152 151
f 151 725 724
f 725 151 150
f 150 726 725
f 718 725 726
f 726 720 718
f 727 728 729
f 729 730 727
f 728 731 732
f 732 729 728
f 729 732 733
f 733 734 729
f 730 729 734
f 734 735 730
f 731 736 737
f 737 732 731
f 736 738 739
f 739 737 736
f 737 739 740
f 740 741 737
f 732 737 741
f 741 733 732
f 738 742 743
f 743 739 738
f 742 723 722
f 722 743 742
f 743 722 721
f 721 744 743
f 739 743 744
f 744 740 739
f 745 746 747
f 747 748 745
f 749 745 748
f 748 750 749
f 751 752 745
f 745 749 751
f 752 753 746
f 746 745 752
f 754 755 756
f 756 757 754
f 758 754 757
f 757 759 758
f 754 758 760
f 760 761 754
f 761 762 755
f 755 754 761
f 706 763 764
f 764 707 706
f 763 697 695
f 695 764 763
f 764 695 696
f 696 765 764
f 707 764 765
f 765 708 707
f 766 761 760
f 760 767 766
f 768 766 767
f 767 769 768
f 770 771 766
f 766 768 770
f 771 762 761
f 761 766 771
f 772 768 769
f 769 773 772
f 774 772 773
f 773 775 774
f 776 777 772
f 772 774 776
f 777 770 768
f 768 772 777
f 778 774 775
f 775 779 778
f 780 778 779
f 779 781 780
f 782 783 778
f 778 780 782
f 783 776 774
f 774 778 783
f 784 785 786
f 786 787 784
f 785 746 753
f 753 786 785
f 788 789 782
f 782 780 788
f 216 217 789
f 789 788 216
f 756 790 791
f 791 757 756
f 791 790 713
f 713 711 791
f 752 792 793
f 793 753 752
f 792 752 751
f 751 794 792
f 795 796 797
f 797 798 795
f 799 795 798
f 798 800 799
f 795 799 801
f 801 802 795
f 796 795 802
f 802 803 796
f 705 704 797
f 797 796 705
f 706 705 796
f 796 803 706
f 763 706 803
f 803 804 763
f 697 763 804
f 804 805 697
f 698 697 805
f 805 806 698
f 699 698 806
f 806 807 699
f 808 699 807
f 807 809 808
f 751 808 809
f 809 794 751
f 810 808 751
f 751 749 810
f 714 713 811
f 811 812 714
f 704 714 812
f 812 797 704
f 755 762 813
f 813 814 755
f 756 755 814
f 814 815 756
f 787 816 817
f 817 784 787
f 727 730 817
f 817 816 727
f 818 819 662
f 662 686 818
f 820 818 686
f 686 685 820
f 818 820 821
f 821 822 818
f 819 818 822
f 822 823 819
f 824 825 826
f 826 827 824
f 828 824 827
f 827 829 828
f 824 828 830
f 830 831 824
f 825 824 831
f 831 832 825
f 833 827 826
f 826 834 833
f 792 833 834
f 834 793 792
f 833 792 794
f 794 835 833
f 827 833 835
f 835 829 827
f 836 834 826
f 826 837 836
f 838 836 837
f 837 839 838
f 836 838 840
f 840 841 836
f 834 836 841
f 841 793 834
f 842 843 844
f 844 845 842
f 846 842 845
f 845 847 846
f 842 846 272
f 272 270 842
f 843 842 270
f 270 271 843
f 848 849 850
f 850 851 848
f 852 848 851
f 851 853 852
f 848 852 281
f 281 279 848
f 849 848 279
f 279 280 849
f 854 855 856
f 856 857 854
f 858 854 857
f 857 859 858
f 854 858 860
f 860 861 854
f 855 854 861
f 861 862 855
f 863 864 865
f 865 866 863
f 867 863 866
f 866 868 867
f 863 867 869
f 869 870 863
f 864 863 870
f 870 871 864
f 872 867 868
f 868 873 872
f 874 872 873
f 873 875 874
f 872 874 876
f 876 877 872
f 867 872 877
f 877 869 867
f 878 874 875
f 875 879 878
f 880 878 879
f 879 881 880
f 878 880 882
f 882 883 878
f 874 878 883
f 883 876 874
f 884 880 881
f 881 885 884
f 886 884 885
f 885 850 886
f 884 886 887
f 887 888 884
f 880 884 888
f 888 882 880
f 786 753 793
f 793 841 786
f 787 786 841
f 841 840 787
f 889 816 787
f 787 840 889
f 816 889 890
f 890 727 816
f 742 738 891
f 891 892 742
f 723 742 892
f 892 893 723
f 728 727 890
f 890 894 728
f 731 728 894
f 894 895 731
f 896 897 898
f 898 899 896
f 897 900 901
f 901 898 897
f 900 902 903
f 903 901 900
f 902 904 905
f 905 903 902
f 906 907 908
f 908 909 906
f 907 910 911
f 911 908 907
f 910 912 913
f 913 911 910
f 912 914 915
f 915 913 912
f 916 917 918
f 918 919 916
f 920 916 919
f 919 921 920
f 916 920 922
f 922 923 916
f 917 916 923
f 923 899 917
f 924 920 921
f 921 925 924
f 926 924 925
f 925 844 926
f 924 926 927
f 927 928 924
f 920 924 928
f 928 922 920
f 929 926 844
f 844 843 929
f 369 929 843
f 843 271 369
f 929 369 368
f 368 930 929
f 926 929 930
f 930 927 926
f 681 931 595
f 595 591 681
f 931 687 602
f 602 595 931
f 630 628 675
f 675 932 630
f 933 640 639
f 639 934 933
f 935 933 934
f 934 936 935
f 933 935 622
f 622 620 933
f 640 933 620
f 620 621 640
f 937 938 659
f 659 631 937
f 669 677 938
f 938 937 669
f 634 939 940
f 940 941 634
f 669 937 941
f 941 668 669
f 631 634 941
f 941 937 631
f 626 632 660
f 660 678 626
f 673 667 666
f 666 683 673
f 664 667 637
f 637 652 664
f 667 673 638
f 638 637 667
f 671 664 652
f 652 651 671
f 777 942 943
f 943 770 777
f 942 777 776
f 776 944 942
f 783 945 944
f 944 776 783
f 945 783 782
f 782 946 945
f 947 660 659
f 659 948 947
f 949 947 948
f 948 950 949
f 947 949 951
f 951 952 947
f 660 947 952
f 952 678 660
f 953 684 683
f 683 954 953
f 955 953 954
f 954 956 955
f 953 955 821
f 821 820 953
f 684 953 820
f 820 685 684
f 957 958 655
f 655 959 957
f 960 957 959
f 959 961 960
f 957 960 811
f 811 962 957
f 958 957 962
f 962 815 958
f 963 690 689
f 689 964 963
f 965 963 964
f 964 946 965
f 963 965 411
f 411 410 963
f 690 963 410
f 410 112 690
f 966 680 658
f 658 967 966
f 968 966 967
f 967 813 968
f 966 968 943
f 943 969 966
f 680 966 969
f 969 681 680
f 970 931 681
f 681 969 970
f 942 970 969
f 969 943 942
f 970 942 944
f 944 971 970
f 931 970 971
f 971 687 931
f 972 688 687
f 687 971 972
f 945 972 971
f 971 944 945
f 972 945 946
f 946 964 972
f 688 972 964
f 964 689 688
f 973 666 665
f 665 974 973
f 975 973 974
f 974 976 975
f 973 975 956
f 956 954 973
f 666 973 954
f 954 683 666
f 977 938 677
f 677 978 977
f 979 977 978
f 978 980 979
f 977 979 950
f 950 948 977
f 938 977 948
f 948 659 938
f 981 672 670
f 670 982 981
f 983 981 982
f 982 984 983
f 981 983 976
f 976 974 981
f 672 981 974
f 974 665 672
f 985 982 670
f 670 682 985
f 435 985 682
f 682 106 435
f 985 435 434
f 434 986 985
f 982 985 986
f 986 984 982
f 736 987 891
f 891 738 736
f 987 736 731
f 731 895 987
f 716 988 989
f 989 717 716
f 988 716 723
f 723 893 988
f 990 817 730
f 730 735 990
f 817 990 991
f 991 784 817
f 992 785 784
f 784 991 992
f 785 992 747
f 747 746 785
f 699 808 810
f 810 692 699
f 993 855 862
f 862 994 993
f 995 993 994
f 994 996 995
f 993 995 997
f 997 998 993
f 855 993 998
f 998 856 855
f 999 1000 862
f 862 861 999
f 1001 999 861
f 861 860 1001
f 999 1001 1002
f 1002 1003 999
f 1000 999 1003
f 1003 1004 1000
f 1005 1006 871
f 871 870 1005
f 1007 1005 870
f 870 869 1007
f 1005 1007 1008
f 1008 1009 1005
f 1006 1005 1009
f 1009 1010 1006
f 1011 1007 869
f 869 877 1011
f 1012 1011 877
f 877 876 1012
f 1011 1012 1013
f 1013 1014 1011
f 1007 1011 1014
f 1014 1008 1007
f 1015 1012 876
f 876 883 1015
f 1016 1015 883
f 883 882 1016
f 1015 1016 1017
f 1017 1018 1015
f 1012 1015 1018
f 1018 1013 1012
f 1019 1016 882
f 882 888 1019
f 1020 1019 888
f 888 887 1020
f 1019 1020 847
f 847 1021 1019
f 1016 1019 1021
f 1021 1017 1016
f 1022 1023 1024
f 1024 1025 1022
f 1026 1022 1025
f 1025 1027 1026
f 1022 1026 807
f 807 806 1022
f 1023 1022 806
f 806 805 1023
f 1028 804 803
f 803 802 1028
f 1029 1028 802
f 802 801 1029
f 1028 1029 1024
f 1024 1023 1028
f 804 1028 1023
f 1023 805 804
f 1030 1031 1032
f 1032 1033 1030
f 1034 1030 1033
f 1033 1035 1034
f 1030 1034 868
f 868 866 1030
f 1031 1030 866
f 866 865 1031
f 1036 1034 1035
f 1035 1037 1036
f 1038 1036 1037
f 1037 1039 1038
f 1036 1038 875
f 875 873 1036
f 1034 1036 873
f 873 868 1034
f 1040 1038 1039
f 1039 1041 1040
f 1042 1040 1041
f 1041 1043 1042
f 1040 1042 881
f 881 879 1040
f 1038 1040 879
f 879 875 1038
f 1044 1042 1043
f 1043 1045 1044
f 851 1044 1045
f 1045 853 851
f 1044 851 850
f 850 885 1044
f 1042 1044 885
f 885 881 1042
f 1046 1047 1048
f 1048 1049 1046
f 1050 1046 1049
f 1049 1051 1050
f 1046 1050 859
f 859 857 1046
f 1047 1046 857
f 857 856 1047
f 1052 1029 801
f 801 1053 1052
f 1054 1052 1053
f 1053 1055 1054
f 1052 1054 997
f 997 1056 1052
f 1029 1052 1056
f 1056 1024 1029
f 1057 791 711
f 711 712 1057
f 791 1057 759
f 759 757 791
f 1058 656 655
f 655 958 1058
f 814 1058 958
f 958 815 814
f 1058 814 813
f 813 967 1058
f 656 1058 967
f 967 658 656
f 1059 1060 832
f 832 831 1059
f 1061 1059 831
f 831 830 1061
f 1059 1061 1004
f 1004 1062 1059
f 1060 1059 1062
f 1062 1063 1060
f 1064 1065 1055
f 1055 1066 1064
f 1067 1064 1066
f 1066 1068 1067
f 1064 1067 1069
f 1069 1070 1064
f 1065 1064 1070
f 1070 1048 1065
f 1071 825 832
f 832 1072 1071
f 1073 1071 1072
f 1072 915 1073
f 1071 1073 839
f 839 837 1071
f 825 1071 837
f 837 826 825
f 1074 1056 997
f 997 995 1074
f 1075 1074 995
f 995 996 1075
f 1074 1075 1027
f 1027 1025 1074
f 1056 1074 1025
f 1025 1024 1056
f 1076 998 997
f 997 1054 1076
f 1065 1076 1054
f 1054 1055 1065
f 1076 1065 1048
f 1048 1047 1076
f 998 1076 1047
f 1047 856 998
f 1077 679 678
f 678 952 1077
f 1078 1077 952
f 952 951 1078
f 1077 1078 961
f 961 959 1077
f 679 1077 959
f 959 655 679
f 1079 663 662
f 662 819 1079
f 1080 1079 819
f 819 823 1080
f 1079 1080 980
f 980 978 1079
f 663 1079 978
f 978 677 663
f 1081 1082 859
f 859 1050 1081
f 1083 1081 1050
f 1050 1051 1083
f 1081 1083 1032
f 1032 1031 1081
f 1082 1081 1031
f 1031 865 1082
f 1084 1085 1086
f 1086 1087 1084
f 1088 1084 1087
f 1087 1002 1088
f 1084 1088 1010
f 1010 1089 1084
f 1085 1084 1089
f 1089 1090 1085
f 1091 1085 1090
f 1090 1092 1091
f 1093 1091 1092
f 1092 905 1093
f 1091 1093 909
f 909 1094 1091
f 1085 1091 1094
f 1094 1086 1085
f 1095 1096 860
f 860 858 1095
f 1082 1095 858
f 858 859 1082
f 1095 1082 865
f 865 864 1095
f 1096 1095 864
f 864 871 1096
f 1097 1083 1051
f 1051 1098 1097
f 1099 1097 1098
f 1098 1100 1099
f 1097 1099 1101
f 1101 1102 1097
f 1083 1097 1102
f 1102 1032 1083
f 810 1103 693
f 693 692 810
f 1103 810 749
f 749 750 1103
f 790 962 811
f 811 713 790
f 962 790 756
f 756 815 962
f 771 968 813
f 813 762 771
f 968 771 770
f 770 943 968
f 1104 1105 830
f 830 828 1104
f 1106 1104 828
f 828 829 1106
f 1104 1106 1027
f 1027 1075 1104
f 1105 1104 1075
f 1075 996 1105
f 1107 1062 1004
f 1004 1003 1107
f 1087 1107 1003
f 1003 1002 1087
f 1107 1087 1086
f 1086 1108 1107
f 1062 1107 1108
f 1108 1063 1062
f 1109 1089 1010
f 1010 1009 1109
f 1110 1109 1009
f 1009 1008 1110
f 1109 1110 1111
f 1111 1112 1109
f 1089 1109 1112
f 1112 1090 1089
f 1113 1110 1008
f 1008 1014 1113
f 1114 1113 1014
f 1014 1013 1114
f 1113 1114 918
f 918 1115 1113
f 1110 1113 1115
f 1115 1111 1110
f 1116 1114 1013
f 1013 1018 1116
f 1117 1116 1018
f 1018 1017 1117
f 1116 1117 921
f 921 919 1116
f 1114 1116 919
f 919 918 1114
f 1118 1117 1017
f 1017 1021 1118
f 845 1118 1021
f 1021 847 845
f 1118 845 844
f 844 925 1118
f 1117 1118 925
f 925 921 1117
f 1119 1000 1004
f 1004 1061 1119
f 1105 1119 1061
f 1061 830 1105
f 1119 1105 996
f 996 994 1119
f 1000 1119 994
f 994 862 1000
f 1120 1006 1010
f 1010 1088 1120
f 1001 1120 1088
f 1088 1002 1001
f 1120 1001 860
f 860 1096 1120
f 1006 1120 1096
f 1096 871 1006
f 1121 1106 829
f 829 835 1121
f 809 1121 835
f 835 794 809
f 1121 809 807
f 807 1026 1121
f 1106 1121 1026
f 1026 1027 1106
f 840 1122 1123
f 1123 889 840
f 890 889 1123
f 1123 1124 890
f 989 1125 1126
f 1126 1127 989
f 1127 1126 570
f 570 569 1127
f 891 1128 1129
f 1129 892 891
f 893 892 1129
f 1129 1130 893
f 895 1131 1132
f 1132 987 895
f 987 1132 1128
f 1128 891 987
f 890 1124 1133
f 1133 894 890
f 894 1133 1131
f 1131 895 894
f 893 1130 1134
f 1134 988 893
f 988 1134 1125
f 1125 989 988
f 113 578 608
f 608 607 113
f 788 1135 579
f 579 216 788
f 1135 788 780
f 780 781 1135
f 965 789 217
f 217 411 965
f 789 965 946
f 946 782 789
f 724 1127 569
f 569 152 724
f 1127 724 717
f 717 989 1127
f 1136 849 280
f 280 582 1136
f 1137 1136 582
f 582 584 1137
f 1136 1137 887
f 887 886 1136
f 849 1136 886
f 886 850 849
f 1138 1137 584
f 584 586 1138
f 846 1138 586
f 586 272 846
f 1138 846 847
f 847 1020 1138
f 1137 1138 1020
f 1020 887 1137
f 5 4 3
f 3 10 5
f 12 8 11
f 11 14 12
f 17 16 15
f 15 20 17
f 578 22 21
f 21 610 578
f 42 40 39
f 39 370 42
f 38 41 45
f 45 50 38
f 54 53 33
f 33 37 54
f 59 58 57
f 57 62 59
f 68 64 63
f 63 65 68
f 28 23 102
f 102 107 28
f 49 48 385
f 385 384 49
f 1139 590 589
f 589 594 1139
f 593 592 596
f 596 598 593
f 597 599 601
f 601 606 597
f 605 604 608
f 608 609 605
f 625 624 629
f 629 636 625
f 634 633 635
f 635 939 634
f 652 637 619
f 619 616 652
f 621 638 641
f 641 640 621
f 639 642 645
f 645 646 639
f 1140 650 649
f 649 668 1140
f 1139 932 675
f 675 590 1139
f 1140 668 941
f 941 940 1140
f 1141 242 241
f 241 545 1141
f 483 1141 545
f 545 484 483
f 1141 483 487
f 487 1142 1141
f 242 1141 1142
f 1142 244 242
f 1143 1144 244
f 244 1142 1143
f 489 1143 1142
f 1142 487 489
f 1143 489 491
f 491 1145 1143
f 1144 1143 1145
f 1145 1146 1144
f 1147 1148 1146
f 1146 1145 1147
f 493 1147 1145
f 1145 491 493
f 1147 493 495
f 495 1149 1147
f 1148 1147 1149
f 1149 1150 1148
f 1151 1152 1150
f 1150 1149 1151
f 497 1151 1149
f 1149 495 497
f 1151 497 283
f 283 1153 1151
f 1152 1151 1153
f 1153 1154 1152
f 1155 1156 1157
f 1157 1158 1155
f 505 1155 1158
f 1158 481 505
f 1155 505 508
f 508 515 1155
f 1156 1155 515
f 515 520 1156
f 1159 1160 518
f 518 517 1159
f 499 1159 517
f 517 500 499
f 1159 499 503
f 503 544 1159
f 1160 1159 544
f 544 547 1160
f 1161 1162 1154
f 1154 1153 1161
f 282 1161 1153
f 1153 283 282
f 1161 282 281
f 281 1163 1161
f 1162 1161 1163
f 1163 1164 1162
f 1165 1166 1167
f 1167 1168 1165
f 1033 1165 1168
f 1168 1035 1033
f 1165 1033 1032
f 1032 1102 1165
f 1166 1165 1102
f 1102 1101 1166
f 1169 1170 1171
f 1171 1172 1169
f 1037 1169 1172
f 1172 1039 1037
f 1169 1037 1035
f 1035 1168 1169
f 1170 1169 1168
f 1168 1167 1170
f 1173 1174 1175
f 1175 1176 1173
f 1041 1173 1176
f 1176 1043 1041
f 1173 1041 1039
f 1039 1172 1173
f 1174 1173 1172
f 1172 1171 1174
f 1177 1178 1179
f 1179 1180 1177
f 1045 1177 1180
f 1180 853 1045
f 1177 1045 1043
f 1043 1176 1177
f 1178 1177 1176
f 1176 1175 1178
f 1181 1182 1068
f 1068 1066 1181
f 1053 1181 1066
f 1066 1055 1053
f 1181 1053 801
f 801 799 1181
f 1182 1181 799
f 799 800 1182
f 1183 1184 1100
f 1100 1098 1183
f 1049 1183 1098
f 1098 1051 1049
f 1183 1049 1048
f 1048 1070 1183
f 1184 1183 1070
f 1070 1069 1184
f 1185 1186 1164
f 1164 1163 1185
f 852 1185 1163
f 1163 281 852
f 1185 852 853
f 853 1180 1185
f 1186 1185 1180
f 1180 1179 1186
f 1187 1188 224
f 224 223 1187
f 479 1187 223
f 223 225 479
f 1187 479 481
f 481 1158 1187
f 1188 1187 1158
f 1158 1157 1188
f 1189 333 332
f 332 1190 1189
f 334 333 1189
f 1189 1191 334
f 1192 340 339
f 339 1193 1192
f 1190 332 340
f 340 1192 1190
f 1194 348 347
f 347 1195 1194
f 349 348 1194
f 1194 1196 349
f 1197 522 265
f 265 1198 1197
f 353 522 1197
f 1197 1199 353
f 564 1200 264
f 264 263 564
f 1198 265 264
f 264 1200 1198
f 1201 357 334
f 334 1191 1201
f 358 357 1201
f 1201 1202 358
f 1203 363 358
f 358 1202 1203
f 364 363 1203
f 1203 1204 364
f 1205 354 353
f 353 1199 1205
f 1195 347 354
f 354 1205 1195
f 1206 540 349
f 349 1196 1206
f 1193 339 540
f 540 1206 1193
f 1207 367 364
f 364 1204 1207
f 368 367 1207
f 1207 1208 368
f 914 1209 1073
f 1073 915 914
f 839 1073 1209
f 1209 1210 839
f 1211 838 839
f 839 1210 1211
f 1122 840 838
f 838 1211 1122
f 1212 923 922
f 922 1213 1212
f 896 899 923
f 923 1212 896
f 1214 928 927
f 927 1215 1214
f 1213 922 928
f 928 1214 1213
f 904 1216 1093
f 1093 905 904
f 906 909 1093
f 1093 1216 906
f 1217 930 368
f 368 1208 1217
f 1215 927 930
f 930 1217 1215
f 370 39 1218
f 1218 1219 370
f 39 38 1220
f 1220 1218 39
f 2 371 1221
f 1221 1222 2
f 371 370 1219
f 1219 1221 371
f 10 3 1223
f 1223 1224 10
f 3 2 1222
f 1222 1223 3
f 38 50 1225
f 1225 1220 38
f 50 49 1226
f 1226 1225 50
f 65 63 1227
f 1227 1228 65
f 63 62 1229
f 1229 1227 63
f 69 66 1230
f 1230 1231 69
f 66 65 1228
f 1228 1230 66
f 14 11 1232
f 1232 1233 14
f 11 10 1224
f 1224 1232 11
f 20 15 1234
f 1234 1235 20
f 15 14 1233
f 1233 1234 15
f 374 373 1236
f 1236 1237 374
f 373 379 1238
f 1238 1236 373
f 62 381 1239
f 1239 1229 62
f 381 374 1237
f 1237 1239 381
f 49 384 1240
f 1240 1226 49
f 384 69 1231
f 1231 1240 384
f 610 21 1241
f 1241 1242 610
f 21 20 1235
f 1235 1241 21
f 1139 594 1243
f 1243 1244 1139
f 594 593 1245
f 1245 1243 594
f 593 598 1246
f 1246 1245 593
f 598 597 1247
f 1247 1246 598
f 597 606 1248
f 1248 1247 597
f 606 605 1249
f 1249 1248 606
f 605 609 1250
f 1250 1249 605
f 609 610 1242
f 1242 1250 609
f 936 934 1251
f 1251 1252 936
f 934 639 1253
f 1253 1251 934
f 636 629 1254
f 1254 1255 636
f 629 630 1256
f 1256 1254 629
f 939 635 1257
f 1257 1258 939
f 635 636 1255
f 1255 1257 635
f 639 646 1259
f 1259 1253 639
f 646 648 1260
f 1260 1259 646
f 648 650 1261
f 1261 1260 648
f 650 1140 1262
f 1262 1261 650
f 630 932 1263
f 1263 1256 630
f 932 1139 1244
f 1244 1263 932
f 379 1264 1265
f 1265 1238 379
f 1264 936 1252
f 1252 1265 1264
f 1140 940 1266
f 1266 1262 1140
f 940 939 1258
f 1258 1266 940
f 1267 34 31
f 31 30 1267
f 1268 1267 30
f 30 29 1268
f 1267 1268 377
f 377 376 1267
f 34 1267 376
f 376 36 34
f 1269 618 622
f 622 1270 1269
f 1268 1269 1270
f 1270 377 1268
f 1269 1268 29
f 29 615 1269
f 618 1269 615
f 615 616 618
f 1271 935 936
f 936 1264 1271
f 378 1271 1264
f 1264 379 378
f 1271 378 377
f 377 1270 1271
f 935 1271 1270
f 1270 622 935
f 1272 246 245
f 245 399 1272
f 88 1272 399
f 399 100 88
f 1272 88 87
f 87 529 1272
f 246 1272 529
f 529 247 246
f 1273 395 394
f 394 1274 1273
f 519 1273 1274
f 1274 520 519
f 1273 519 518
f 518 1275 1273
f 395 1273 1275
f 1275 396 395
f 1276 400 245
f 245 243 1276
f 1144 1276 243
f 243 244 1144
f 1276 1144 1146
f 1146 1277 1276
f 400 1276 1277
f 1277 401 400
f 1278 422 401
f 401 1277 1278
f 1148 1278 1277
f 1277 1146 1148
f 1278 1148 1150
f 1150 1279 1278
f 422 1278 1279
f 1279 423 422
f 1280 426 396
f 396 1275 1280
f 1160 1280 1275
f 1275 518 1160
f 1280 1160 547
f 547 1281 1280
f 426 1280 1281
f 1281 427 426
f 1282 430 423
f 423 1279 1282
f 1152 1282 1279
f 1279 1150 1152
f 1282 1152 1154
f 1154 1283 1282
f 430 1282 1283
f 1283 431 430
f 1284 433 431
f 431 1283 1284
f 1162 1284 1283
f 1283 1154 1162
f 1284 1162 1164
f 1164 1285 1284
f 433 1284 1285
f 1285 434 433
f 1286 527 407
f 407 1287 1286
f 1156 1286 1287
f 1287 1157 1156
f 1286 1156 520
f 520 1274 1286
f 527 1286 1274
f 1274 394 527
f 1288 530 427
f 427 1281 1288
f 546 1288 1281
f 1281 547 546
f 1288 546 241
f 241 240 1288
f 530 1288 240
f 240 247 530
f 1289 822 821
f 821 1290 1289
f 1166 1289 1290
f 1290 1167 1166
f 1289 1166 1101
f 1101 1291 1289
f 822 1289 1291
f 1291 823 822
f 1292 949 950
f 950 1293 1292
f 1067 1292 1293
f 1293 1069 1067
f 1292 1067 1068
f 1068 1294 1292
f 949 1292 1294
f 1294 951 949
f 1295 955 956
f 956 1296 1295
f 1170 1295 1296
f 1296 1171 1170
f 1295 1170 1167
f 1167 1290 1295
f 955 1295 1290
f 1290 821 955
f 1297 975 976
f 976 1298 1297
f 1174 1297 1298
f 1298 1175 1174
f 1297 1174 1171
f 1171 1296 1297
f 975 1297 1296
f 1296 956 975
f 1299 979 980
f 980 1300 1299
f 1184 1299 1300
f 1300 1100 1184
f 1299 1184 1069
f 1069 1293 1299
f 979 1299 1293
f 1293 950 979
f 1301 983 984
f 984 1302 1301
f 1178 1301 1302
f 1302 1179 1178
f 1301 1178 1175
f 1175 1298 1301
f 983 1301 1298
f 1298 976 983
f 1303 986 434
f 434 1285 1303
f 1186 1303 1285
f 1285 1164 1186
f 1303 1186 1179
f 1179 1302 1303
f 986 1303 1302
f 1302 984 986
f 1304 1078 951
f 951 1294 1304
f 1182 1304 1294
f 1294 1068 1182
f 1304 1182 800
f 800 1305 1304
f 1078 1304 1305
f 1305 961 1078
f 1306 1080 823
f 823 1291 1306
f 1099 1306 1291
f 1291 1101 1099
f 1306 1099 1100
f 1100 1300 1306
f 1080 1306 1300
f 1300 980 1080
f 1307 960 961
f 961 1305 1307
f 798 1307 1305
f 1305 800 798
f 1307 798 797
f 797 812 1307
f 960 1307 812
f 812 811 960
f 1308 406 233
f 233 232 1308
f 1188 1308 232
f 232 224 1188
f 1308 1188 1157
f 1157 1287 1308
f 406 1308 1287
f 1287 407 406
f 1309 898 901
f 901 1310 1309
f 1115 1309 1310
f 1310 1111 1115
f 1309 1115 918
f 918 917 1309
f 898 1309 917
f 917 899 898
f 1311 903 905
f 905 1092 1311
f 1112 1311 1092
f 1092 1090 1112
f 1311 1112 1111
f 1111 1310 1311
f 903 1311 1310
f 1310 901 903
f 1312 908 911
f 911 1313 1312
f 1108 1312 1313
f 1313 1063 1108
f 1312 1108 1086
f 1086 1094 1312
f 908 1312 1094
f 1094 909 908
f 1314 913 915
f 915 1072 1314
f 1060 1314 1072
f 1072 832 1060
f 1314 1060 1063
f 1063 1313 1314
f 913 1314 1313
f 1313 911 913
f 1377 1329 1321
f 1322 1371 1363
f 1363 1317 1322
f 1371 1322 1323
f 1323 1370 1371
f 1368 1369 1321
f 1321 1320 1368
f 1368 1320 1319
f 1319 1367 1368
f 1366 1367 1319
f 1319 1318 1366
f 1366 1318 1316
f 1316 1365 1366
f 1364 1365 1316
f 1316 1315 1364
f 1364 1315 1317
f 1326 1372 1373
f 1373 1324 1326
f 1325 1324 1373
f 1373 1374 1325
f 1325 1374 1375
f 1375 1327 1325
f 1328 1327 1375
f 1375 1376 1328
f 1321 1369 1377
f 1341 1340 1389
f 1330 1329 1377
f 1377 1378 1330
f 1330 1378 1379
f 1379 1331 1330
f 1332 1331 1379
f 1379 1380 1332
f 1335 1381 1382
f 1382 1333 1335
f 1334 1333 1382
f 1382 1383 1334
f 1334 1383 1384
f 1384 1336 1334
f 1372 1326 1336
f 1336 1384 1372
f 1328 1376 1385
f 1385 1337 1328
f 1370 1323 1337
f 1337 1385 1370
f 1332 1380 1386
f 1386 1338 1332
f 1339 1338 1386
f 1386 1387 1339
f 1342 1388 1389
f 1389 1340 1342
f 1317 1363 1364
f 1389 1390 1341
f 1344 1391 1392
f 1392 1343 1344
f 1388 1342 1343
f 1343 1392 1388
f 1346 1393 1394
f 1394 1345 1346
f 1391 1344 1345
f 1345 1394 1391
f 1339 1387 1395
f 1395 1347 1339
f 1393 1346 1347
f 1347 1395 1393
f 1350 1396 1397
f 1397 1348 1350
f 1349 1348 1397
f 1397 1398 1349
f 1353 1399 1400
f 1400 1351 1353
f 1352 1351 1400
f 1400 1401 1352
f 1352 1401 1402
f 1402 1354 1352
f 1355 1354 1402
f 1402 1403 1355
f 1357 1404 1405
f 1405 1356 1357
f 1396 1350 1356
f 1356 1405 1396
f 1359 1406 1407
f 1407 1358 1359
f 1404 1357 1358
f 1358 1407 1404
f 1341 1390 1408
f 1408 1360 1341
f 1399 1353 1360
f 1360 1408 1399
f 1349 1398 1409
f 1409 1361 1349
f 1381 1335 1361
f 1361 1409 1381
f 1355 1403 1410
f 1410 1362 1355
f 1406 1359 1362
f 1362 1410 1406
f 1422 1421 1420
f 1420 1418 1417
f 1417 1419 1423
f 1420 1417 1423
f 1423 1415 1414
f 1414 1416 1438
f 1423 1414 1438
f 1438 1437 1445
f 1445 1441 1440
f 1438 1445 1440
f 1423 1438 1440
f 1440 1439 1443
f 1443 1442 1444
f 1440 1443 1444
f 1444 1436 1435
f 1435 1434 1468
f 1444 1435 1468
f 1440 1444 1468
f 1468 1467 1466
f 1466 1433 1432
f 1468 1466 1432
f 1432 1431 1430
f 1430 1429 1473
f 1432 1430 1473
f 1468 1432 1473
f 1440 1468 1473
f 1473 1428 1427
f 1427 1426 1425
f 1473 1427 1425
f 1425 1424 1469
f 1469 1470 1471
f 1425 1469 1471
f 1473 1425 1471
f 1471 1472 1474
f 1474 1465 1464
f 1471 1474 1464
f 1464 1461 1460
f 1460 1459 1458
f 1464 1460 1458
f 1471 1464 1458
f 1473 1471 1458
f 1458 1448 1446
f 1446 1447 1449
f 1458 1446 1449
f 1449 1450 1463
f 1463 1453 1451
f 1449 1463 1451
f 1458 1449 1451
f 1451 1452 1462
f 1462 1456 1454
f 1451 1462 1454
f 1454 1455 1457
f 1457 1412 1411
f 1454 1457 1411
f 1451 1454 1411
f 1458 1451 1411
f 1473 1458 1411
f 1440 1473 1411
f 1423 1440 1411
f 1420 1423 1411
f 1422 1420 1411
f 1413 1422 1411
f 1483 1482 1497
f 1497 1488 1487
f 1487 1486 1485
f 1497 1487 1485
f 1485 1484 1496
f 1496 1495 1494
f 1485 1496 1494
f 1494 1493 1521
f 1521 1510 1509
f 1494 1521 1509
f 1485 1494 1509
f 1509 1508 1517
f 1517 1516 1519
f 1509 1517 1519
f 1519 1518 1522
f 1522 1515 1514
f 1519 1522 1514
f 1509 1519 1514
f 1514 1513 1512
f 1512 1511 1520
f 1514 1512 1520
f 1520 1502 1501
f 1501 1500 1504
f 1520 1501 1504
f 1509 1514 1504
f 1483 1497 1476
f 1491 1480 1476
f 1480 1478 1476
f 1478 1477 1476
f 1480 1479 1478
f 1491 1489 1480
f 1489 1481 1480
f 1491 1490 1489
f 1504 1507 1491
f 1507 1498 1491
f 1498 1492 1491
f 1507 1499 1498
f 1504 1506 1507
f 1506 1505 1507
f 1475 1483 1476
f 1514 1520 1504
f 1504 1503 1506
f 1504 1491 1476
f 1509 1504 1476
f 1485 1509 1476
f 1497 1485 1476
f 1530 1543 1524
f 1528 1530 1524
f 1547 1546 1545
f 1530 1558 1547
f 1588 1587 1585
f 1590 1588 1585
f 1525 1528 1524
f 1523 1525 1524
f 1526 1529 1530
f 1528 1526 1530
f 1562 1582 1580
f 1580 1595 1594
f 1530 1547 1545
f 1545 1549 1550
f 1550 1551 1552
f 1545 1550 1552
f 1530 1545 1552
f 1552 1553 1554
f 1554 1561 1560
f 1552 1554 1560
f 1560 1598 1592
f 1592 1591 1590
f 1560 1592 1590
f 1552 1560 1590
f 1530 1552 1590
f 1590 1589 1588
f 1533 1532 1531
f 1531 1541 1540
f 1585 1583 1584
f 1584 1596 1569
f 1585 1584 1569
f 1590 1585 1569
f 1569 1568 1566
f 1566 1565 1567
f 1569 1566 1567
f 1567 1586 1564
f 1564 1563 1562
f 1567 1564 1562
f 1525 1548 1528
f 1528 1527 1526
f 1590 1569 1562
f 1569 1567 1562
f 1562 1597 1582
f 1582 1581 1580
f 1594 1593 1576
f 1580 1594 1576
f 1544 1559 1524
f 1543 1544 1524
f 1574 1578 1577
f 1576 1574 1577
f 1577 1579 1572
f 1572 1570 1571
f 1577 1572 1571
f 1576 1577 1571
f 1562 1580 1576
f 1576 1575 1574
f 1535 1534 1533
f 1571 1535 1533
f 1533 1531 1540
f 1571 1533 1540
f 1540 1539 1538
f 1538 1536 1537
f 1540 1538 1537
f 1537 1556 1555
f 1555 1557 1543
f 1537 1555 1543
f 1540 1537 1543
f 1571 1540 1543
f 1562 1571 1543
f 1590 1562 1543
f 1562 1576 1571
f 1571 1573 1535
f 1543 1542 1544
f 1530 1590 1543

