# https://github.com/mikedh/trimesh
v 440.32415771 -15.38950634 266.63000488
v 437.62915039 -19.49176598 266.94555664
v 445.11773682 -24.64680672 254.87715149
v 450.18920898 -19.60362625 251.86012268
v 434.48455811 -23.22191620 267.31222534
v 440.26696777 -28.84644699 256.84326172
v 430.98992920 -26.51119614 267.71960449
v 435.59307861 -31.81556702 258.00134277
v 427.24291992 -29.28547668 268.15069580
v 430.80316162 -34.04174423 258.77014160
v 411.05334473 -34.31925583 269.89086914
v 406.80822754 -34.00241470 270.32516479
v 404.68420410 -39.38573456 262.28808594
v 410.10192871 -39.49329376 261.64962769
v 402.53826904 -33.05236435 270.75720215
v 399.10803223 -38.52162552 262.94070435
v 398.29089355 -31.47249603 271.18157959
v 393.50939941 -36.88546371 263.61801147
v 394.18157959 -29.29384613 271.58874512
v 388.13995361 -34.52651596 264.28555298
v 381.21044922 -15.46461582 272.87899780
v 379.19311523 -11.01901627 273.08590698
v 369.01449585 -13.71604633 267.03359985
v 371.63375854 -18.82286644 266.66906738
v 377.78747559 -6.75830269 273.23159790
v 367.05532837 -8.69581127 267.26119995
v 377.06457520 -3.20283079 273.30679321
v 365.72445679 -4.21342754 267.38681030
v 376.87387085 0.00002376 273.32678223
v 365.21603394 0.00002491 267.42413330
v 384.76361084 -38.08216476 261.26989746
v 383.25109863 -31.49406624 264.90884399
v 379.67114258 -34.67499542 261.92080688
v 375.22091675 -30.69581604 262.52743530
v 368.23727417 -35.35353470 253.54911804
v 373.22781372 -39.98332596 251.96080017
v 371.17886353 -26.15728569 263.06640625
v 364.07412720 -30.39156532 254.81369019
v 378.85028076 -27.82719612 265.51531982
v 374.94509888 -23.56502533 266.13250732
v 367.64913940 -21.08614540 263.52636719
v 360.52566528 -24.86852646 255.87367249
v 364.73605347 -15.50908661 263.89590454
v 362.37240601 -9.92668343 264.20306396
v 354.95675659 -12.04358578 257.60873413
v 357.37924194 -18.55551529 256.84838867
v 360.49124146 -4.83951855 264.47601318
v 474.66900635 -1.70822287 192.16548157
v 470.63214111 -4.01406288 207.34251404
v 470.48638916 -7.13968754 206.95083618
v 474.50830078 -3.06190181 192.79005432
v 470.74554443 -0.00004332 207.57560730
v 474.72479248 -0.00006068 192.01071167
v 467.57550049 -0.00002766 217.92504883
v 467.36108398 -4.92716074 217.76985168
v 467.05963135 -8.72487068 217.50402832
v 463.09967041 -5.90203953 229.92100525
v 462.68023682 -10.42780590 229.61244202
v 463.39654541 -0.00002103 230.09873962
v 459.35113525 -0.00001705 241.07678223
v 458.99615479 -6.52631760 240.85284424
v 457.69439697 -12.81556606 241.76562500
v 403.38464355 -43.90986252 259.17819214
v 409.45751953 -44.01037598 258.44732666
v 397.09869385 -42.92103577 259.90164185
v 393.87329102 -52.35183334 245.31982422
v 400.45251465 -54.53210449 243.19985962
v 415.18487549 -43.36177444 257.72888184
v 412.74157715 -55.96243286 239.09484863
v 418.75213623 -55.60843277 236.98342896
v 420.73297119 -42.15543365 256.99133301
v 420.30773926 -37.64604568 260.33660889
v 415.22497559 -38.85983276 261.01473999
v 406.60614014 -55.62540436 241.17871094
v 467.93402100 -14.82055664 215.93966675
v 463.74029541 -16.53232574 227.65063477
v 459.44964600 -18.59992599 237.96356201
v 463.03723145 -31.06527710 216.01028442
v 467.26416016 -26.81519699 211.50228882
v 454.09002686 -16.58230591 247.27635193
v 455.61608887 -21.36419678 244.57427979
v 451.65081787 -24.91956711 248.70141602
v 452.73272705 -40.20904541 223.31616211
v 458.10754395 -35.61458588 219.96243286
v 446.96459961 -29.36043549 251.56362915
v 436.85687256 -36.53541565 254.59159851
v 441.91430664 -33.59600449 253.43547058
v 431.67907715 -38.69290543 255.39363098
v 471.47644043 -13.12375641 205.13497925
v 379.23822021 -44.40780258 250.02052307
v 441.51300049 -48.36288452 228.36796570
v 447.17022705 -44.59456253 226.02891541
v 386.46093750 -48.75385284 247.70011902
v 373.75790405 -50.49051285 232.95701599
v 381.78973389 -56.19475555 229.36401367
v 390.52246094 -61.53428268 224.86051941
v 397.71020508 -63.98950577 221.99124146
v 409.61059570 -65.80686951 216.05575562
v 403.59020996 -65.17634583 219.07984924
v 415.64733887 -65.93058014 213.03465271
v 430.19323730 -53.10150528 232.75985718
v 427.52758789 -64.51586914 207.26895142
v 433.63079834 -62.39691544 204.36512756
v 435.85400391 -51.10573578 230.60044861
v 439.87152100 -59.35503387 201.42286682
v 446.23498535 -55.50516510 198.44418335
v 467.50982666 -34.35597610 188.69107056
v 462.99023438 -40.19065475 190.71267700
v 471.32049561 -27.84339714 186.96339417
v 470.67669678 -22.95788574 205.94358826
v 476.34863281 -11.90854645 184.76889038
v 476.11022949 -6.61941290 189.42745972
v 473.16333008 -19.58690643 198.83938599
v 474.22991943 -20.21845627 185.54695129
v 390.73223877 -40.90465546 260.59783936
v 353.37026978 -27.59638596 241.70608521
v 356.74343872 -33.33834457 240.20979309
v 452.37725830 -50.94739532 195.58740234
v 457.95416260 -45.78183365 193.01084900
v 476.57922363 -3.46009779 187.77981567
v 366.78195190 -44.58264542 235.94499207
v 361.04837036 -38.76672363 238.35395813
v 477.20263672 -5.45954180 183.24429321
v 477.41400146 -0.00006676 182.76911926
v 476.76580811 -0.00006389 187.16204834
v 350.43185425 -20.83969688 243.03640747
v 348.02304077 -13.69470596 244.11068726
v 353.58035278 -5.92375183 258.02569580
v 346.23873901 -6.78781176 244.83891296
v 345.50277710 0.00002399 245.11651611
v 353.15371704 0.00002414 258.14834595
v 355.40829468 -33.20802307 229.63496399
v 331.97131348 -27.55971718 225.33709717
v 333.56408691 -32.85700607 223.27093506
v 359.05374146 -38.61115265 227.96331787
v 330.54675293 -21.92920685 227.10324097
v 352.20089722 -27.27523613 231.12524414
v 381.51416016 -59.69128418 114.43754578
v 345.03213501 -56.60792542 124.19334412
v 343.29501343 -53.83211517 120.68270874
v 378.43768311 -57.25540543 112.15252686
v 346.52908325 -58.89992523 128.07592773
v 384.03198242 -61.49662399 117.13215637
v 351.34622192 -25.27037621 97.20829010
v 330.28536987 -22.79438591 102.10848236
v 329.19351196 -17.35297585 100.70683289
v 349.12142944 -19.83920670 96.24449921
v 331.58624268 -28.02176666 103.83106995
v 353.93698120 -30.46279716 98.35968018
v 345.13446045 -6.61073780 234.46339417
v 328.30322266 -5.11100864 229.94726562
v 328.74328613 -10.41882610 229.40252686
v 346.59896851 -13.38021660 233.75160217
v 328.15756226 0.00001009 230.11929321
v 344.66372681 0.00000688 234.70135498
v 349.10940552 -20.46717644 232.56816101
v 329.48092651 -16.12023544 228.45645142
v 342.51919556 -51.36355591 211.57977295
v 344.81997681 -54.80974579 207.90872192
v 381.57067871 -59.64110565 214.65692139
v 378.44830322 -57.38148499 217.48538208
v 346.72647095 -57.54366302 203.98608398
v 383.97283936 -61.17464447 211.50708008
v 351.66244507 -64.65021515 182.46873474
v 352.20016479 -65.56452942 175.12896729
v 392.52081299 -66.94789886 177.23695374
v 391.67700195 -66.31560516 187.23112488
v 352.39828491 -66.00428009 167.31779480
v 392.96008301 -67.27725983 166.25804138
v 386.81951904 -63.24579620 121.25654602
v 385.90795898 -62.07339478 116.97863770
v 388.28674316 -63.58333588 121.06739044
v 389.37731934 -64.78527832 127.08457947
v 390.52362061 -64.98552704 126.87590027
v 349.60409546 -62.89597321 138.21888733
v 348.11398315 -61.03477478 132.73612976
v 390.49163818 -65.46934509 195.50207520
v 391.36828613 -65.58541870 195.47088623
v 389.88830566 -64.54010773 202.20857239
v 388.82025146 -64.32987976 202.19094849
v 392.44604492 -66.38719940 187.17845154
v 393.24841309 -67.00901031 177.17517090
v 393.68084717 -67.33322906 166.17456055
v 392.93182373 -67.21474457 155.03289795
v 393.64862061 -67.24219513 154.89013672
v 352.23507690 -65.94774628 159.36961365
v 392.36938477 -66.77223969 144.32308960
v 393.13305664 -66.79463196 144.12263489
v 391.20593262 -65.96160126 134.89019775
v 392.11517334 -66.04918671 134.67276001
v 387.87933350 -63.18778610 207.54762268
v 386.51831055 -62.81793594 207.43884277
v 385.65722656 -61.71252441 211.83540344
v 375.44491577 -54.11442566 222.03010559
v 373.74215698 -53.55992508 220.58959961
v 380.48095703 -58.06069565 218.68800354
v 369.63864136 -49.18522263 225.12495422
v 368.42233276 -48.82625580 223.55728149
v 337.06253052 -42.28783417 218.37747192
v 339.72875977 -47.02158356 215.15043640
v 351.70858765 -65.40023041 151.66113281
v 327.46490479 -3.10476184 98.61319733
v 345.43579102 -4.64079285 94.46414948
v 346.19857788 -9.43343258 94.85626984
v 327.76834106 -6.83275461 98.94445801
v 345.16809082 -0.00006978 94.31976318
v 327.38259888 -0.00004588 98.54044342
v 340.98962402 -50.24583435 117.13833618
v 373.97366333 -53.61460495 109.25695801
v 368.95956421 -49.17940521 106.24485779
v 338.57415771 -46.17880249 113.77352142
v 445.55426025 -56.98245621 186.70028687
v 445.80462646 -56.46167374 191.10325623
v 439.43365479 -60.23768616 194.11749268
v 439.17602539 -60.70756531 189.58068848
v 445.28387451 -57.54515457 181.89302063
v 438.89550781 -61.21768570 184.57150269
v 451.42590332 -53.12493515 179.35829163
v 451.69274902 -52.52574539 183.98161316
v 451.94177246 -51.96865463 188.25540161
v 457.25866699 -47.41956329 181.65834045
v 457.50970459 -46.84257507 185.81747437
v 456.99169922 -48.03822327 177.16410828
v 462.09680176 -42.44103622 175.26597595
v 462.34381104 -41.82842255 179.65702820
v 462.57690430 -41.25530243 183.70439148
v 467.04022217 -35.91684341 177.90425110
v 467.21221924 -35.37869263 181.83105469
v 466.85662842 -36.48937607 173.61944580
v 471.03912354 -29.60708618 172.19102478
v 471.14758301 -29.12127686 176.38639832
v 471.23718262 -28.66205597 180.20242310
v 474.46594238 -20.87809563 175.08985901
v 474.47338867 -20.55462646 178.82337952
v 474.41204834 -21.21802711 170.94717407
v 476.75372314 -12.85175610 169.90521240
v 476.75006104 -12.66399670 174.01919556
v 476.68457031 -12.48353577 177.70167542
v 398.15655518 -66.24720764 120.59307861
v 394.48492432 -65.48506165 120.72164917
v 394.05249023 -65.07940674 116.73670959
v 398.07849121 -66.02919006 116.68331146
v 402.41357422 -66.91861725 120.46916962
v 402.37329102 -66.71643829 116.65228271
v 402.46795654 -67.14915466 125.98875427
v 398.26153564 -66.51139069 126.23646545
v 394.93530273 -65.92716980 126.45565796
v 391.01843262 -64.46343994 120.88442230
v 389.62182617 -63.51422501 116.84100342
v 392.36608887 -65.39235687 126.66752625
v 388.47729492 -62.68345261 114.26379395
v 393.71014404 -64.71428680 114.21292114
v 383.89050293 -60.68651581 114.34112549
v 380.86779785 -58.54731369 109.81423187
v 387.47137451 -61.87865448 109.07275391
v 393.28082275 -64.19758606 109.06004333
v 397.77838135 -65.58609009 206.55999756
v 397.78363037 -65.15008545 211.77548218
v 392.97583008 -64.09694672 212.61924744
v 393.48791504 -64.76937866 207.42460632
v 397.75708008 -65.99891663 200.99566650
v 393.95343018 -65.36988831 201.88237000
v 402.67938232 -66.65615082 199.43020630
v 402.93402100 -66.29837036 204.99766541
v 403.17462158 -65.96023560 210.09286499
v 420.86444092 -66.72287750 197.57417297
v 421.12475586 -66.35768890 202.54380798
v 415.20898438 -66.68075562 205.14646912
v 414.96038818 -67.05440521 200.05699158
v 420.57824707 -67.12060547 192.06677246
v 414.69012451 -67.46181488 194.45555115
v 426.45574951 -66.04077911 189.71388245
v 426.76464844 -65.64723969 195.07174683
v 427.04534912 -65.28630829 199.87614441
v 477.70611572 -7.83973694 118.19931030
v 476.28631592 -15.92653656 118.28024292
v 476.21179199 -15.98889637 116.10525513
v 477.62347412 -7.88563061 116.08492279
v 478.09771729 -0.00009641 118.16944122
v 478.01306152 -0.00010077 116.07745361
v 478.19390869 -0.00009229 121.38975525
v 477.80377197 -7.67470980 121.44924164
v 476.38623047 -15.66913605 121.61068726
v 478.28570557 -6.35336971 152.35038757
v 476.94287109 -13.54160595 152.98744202
v 477.03070068 -13.84687614 146.17527771
v 478.41931152 -6.51644897 145.57809448
v 478.64648438 -0.00008268 152.13252258
v 478.79370117 -0.00008836 145.36401367
v 478.41314697 -0.00007770 158.61233521
v 478.07946777 -6.24195957 158.84234619
v 476.80615234 -13.30043602 159.50672913
v 419.26464844 -68.69683838 149.97586060
v 419.52807617 -68.78437042 159.81636047
v 413.86401367 -69.15827179 161.16340637
v 413.67846680 -69.02069855 150.94956970
v 419.00903320 -68.43508148 140.67619324
v 413.49664307 -68.69694519 141.34855652
v 424.72497559 -67.48568726 139.98623657
v 425.01782227 -67.68183136 149.01237488
v 425.30773926 -67.71178436 158.50054932
v 444.03179932 -59.95430374 145.78642273
v 444.28259277 -59.78202438 154.19219971
v 437.96527100 -63.19420624 155.63290405
v 437.74243164 -63.26571274 146.85856628
v 443.76721191 -59.99703598 137.67304993
v 437.49890137 -63.19864273 138.43516541
v 449.66937256 -56.10705566 136.95446777
v 449.97723389 -55.94049454 144.76956177
v 450.28143311 -55.64853287 152.82008362
v 455.39709473 -51.24247360 143.84040833
v 455.74426270 -50.83586502 151.57118225
v 455.04980469 -51.52304459 136.29759216
v 460.20666504 -46.12414551 135.68151855
v 460.55749512 -45.79196548 142.96952820
v 460.90472412 -45.33346558 150.40960693
v 465.72460938 -39.52065277 142.12751770
v 465.99645996 -39.13082504 149.29943848
v 465.43798828 -39.78948593 135.08537292
v 470.22381592 -32.33705521 134.49235535
v 470.43762207 -32.09909439 141.29028320
v 470.61663818 -31.77309608 148.20999146
v 474.23571777 -23.19781685 140.43363953
v 474.36224365 -22.80543709 147.11058044
v 474.04412842 -23.58483696 133.88555908
v 476.74005127 -14.76042652 133.36294556
v 476.93200684 -14.27239609 139.69653320
v 369.43643188 -49.33275604 102.83023071
v 374.68460083 -53.93814468 105.61906433
v 351.73416138 -25.36526680 94.87621307
v 354.23623657 -30.56577682 95.88652039
v 349.62142944 -19.91321564 94.03877258
v 364.23281860 -44.36029434 103.61029053
v 364.60079956 -44.47232437 100.46817780
v 336.50668335 -41.96069336 110.80149841
v 334.69754028 -37.55503464 108.17669678
v 360.06814575 -39.52865601 101.41275787
v 360.39358521 -39.65359497 98.54225159
v 454.04803467 -51.64426422 114.19618988
v 453.77832031 -51.01781464 109.05578613
v 458.93072510 -45.84732437 109.05578613
v 459.22326660 -46.39273453 114.19622803
v 454.13287354 -52.09483337 116.27824402
v 459.28564453 -46.83622360 116.24209595
v 448.85137939 -56.39147568 116.31672668
v 448.76666260 -55.96206284 114.19613647
v 448.53820801 -55.29061508 109.05578613
v 443.00067139 -59.56212616 114.19607544
v 442.84112549 -58.87599564 109.05578613
v 443.05877686 -59.97817612 116.35884094
v 436.85375977 -62.91234589 116.40362549
v 436.82647705 -62.51476288 114.19601440
v 436.74108887 -61.84033585 109.05578613
v 418.48162842 -67.52357483 114.19583130
v 418.52697754 -66.97837067 109.05577087
v 424.03942871 -65.99819183 109.05578613
v 424.02429199 -66.59214020 114.19587708
v 418.48901367 -67.80487823 116.53620911
v 424.03582764 -66.91049957 116.49546814
v 413.18408203 -67.98316956 116.57516479
v 413.17755127 -67.72966003 114.19581604
v 413.22888184 -67.23200989 109.05577087
v 407.59759521 -67.25541687 114.19581604
v 407.61889648 -66.80060577 109.05577087
v 407.61035156 -67.49407196 116.61503601
v 402.34539795 -66.48715973 114.19586182
v 402.29907227 -66.06176758 109.05577087
v 464.67071533 -39.99147415 114.19624329
v 464.69213867 -40.36365509 116.20706940
v 464.36474609 -39.56883621 109.05578613
v 469.35003662 -32.27442551 109.05575562
v 469.67004395 -32.58125305 114.19616699
v 469.66949463 -32.86487579 116.17207336
v 473.50097656 -24.30283546 114.19607544
v 473.53497314 -24.52763557 116.13622284
v 473.15625000 -24.05618668 109.05573273
v 475.76208496 -15.62408638 109.05570221
v 476.12646484 -15.81967640 114.19595337
v 477.50946045 -7.79520988 114.19587708
v 477.14599609 -7.68806982 109.05569458
v 477.53253174 -0.00010306 109.05569458
v 477.89025879 -0.00010139 114.19587708
v 456.19848633 -6.38761759 247.62219238
v 454.00872803 -5.83159590 252.21598816
v 453.08386230 -11.13929653 251.99069214
v 455.22546387 -11.78194618 247.64640808
v 456.58184814 -0.00000993 247.83911133
v 454.39044189 -0.00000251 252.39469910
v 453.84002686 -15.18970585 248.58676147
v 451.83575439 -15.39919662 252.02960205
v 443.97668457 -6.76266289 266.19610596
v 442.46978760 -10.98392582 266.37609863
v 386.82165527 -23.28913689 272.31518555
v 383.76824951 -19.57475662 272.62030029
v 390.32562256 -26.54745674 271.96899414
v 421.57635498 -65.59700775 210.13224792
v 424.53106689 -54.62859344 234.87962341
v 425.60424805 -36.01263428 259.56848145
v 426.26770020 -40.58269501 256.20321655
v 419.32275391 -33.04822540 269.02694702
v 415.22576904 -33.99946594 269.45959473
v 423.34112549 -31.47069550 268.58859253
v 359.63278198 -38.68740463 229.68901062
v 356.01522827 -33.38371277 231.31462097
v 352.90231323 -27.56599617 232.73786926
v 349.77767944 -20.71261597 234.16798401
v 347.16122437 -13.51653671 235.36450195
v 363.45895386 -43.83028412 225.97631836
v 335.13436890 -37.66634369 221.01768494
v 409.35784912 -66.20870972 212.35176086
v 415.42437744 -66.35789490 209.53230286
v 403.38061523 -65.61792755 215.00920105
v 409.10437012 -66.50936890 207.77301025
v 457.75091553 -46.29241562 189.69065857
v 462.80273438 -40.70441437 187.46760559
v 452.17730713 -51.44341278 192.21711731
v 446.03649902 -55.97830582 195.09063721
v 439.66717529 -59.80907440 198.11096191
v 387.40655518 -61.66833496 217.15988159
v 392.39520264 -63.26692581 218.30795288
v 384.53924561 -59.47130585 221.60835266
v 383.53808594 -60.29844284 215.41931152
v 388.79595947 -62.81885529 212.42268372
v 345.91098022 -6.73813391 240.27803040
v 347.62637329 -13.62892628 239.54870605
v 345.25756836 0.00001697 240.54083252
v 345.03591919 0.00000987 236.32958984
v 345.57299805 -6.67069674 236.08689880
v 365.56497192 -44.32115555 231.62797546
v 371.76296997 -49.89592361 228.86325073
v 360.36587524 -38.74844360 233.85446167
v 364.27090454 -43.99873352 227.65185547
v 356.41952515 -33.40399551 235.58659363
v 353.19424438 -27.64408684 237.03540039
v 350.15866089 -20.82498550 238.41197205
v 467.37817383 -34.85854340 185.50433350
v 471.30090332 -28.21356583 183.80601501
v 421.34967041 -66.04064178 206.76269531
v 427.29162598 -64.96717072 203.96914673
v 474.39465332 -20.22822571 182.37789917
v 476.49511719 -12.29000664 181.20547485
v 477.43817139 -5.78639269 180.27426147
v 477.63458252 -5.87593460 176.84501648
v 477.79418945 -0.00007311 176.48294067
v 477.62023926 -0.00007036 179.86895752
v 356.74026489 -35.05585480 99.71186829
v 333.05718994 -32.92534256 105.85350800
v 357.03073120 -35.17331314 97.06179047
v 328.34948730 -11.80729580 99.64726257
v 347.41641235 -14.52989578 95.45510864
v 346.80410767 -9.40889549 92.89398956
v 347.99484253 -14.55104637 93.38211823
v 350.81698608 -64.36705017 144.56906128
v 407.90649414 -68.77256012 152.03895569
v 407.81243896 -68.40267944 142.05932617
v 407.97161865 -68.93107605 162.67004395
v 402.61425781 -68.41320801 164.07327271
v 402.65106201 -68.24369812 153.07557678
v 402.60583496 -67.83673096 142.72740173
v 418.80517578 -68.22521973 132.16099548
v 413.36627197 -68.44691467 132.62893677
v 418.65136719 -68.06591034 125.06053162
v 413.27655029 -68.26211548 125.37246704
v 424.26019287 -67.16900635 124.73397827
v 424.46795654 -67.31131744 131.67111206
v 443.51318359 -60.04097366 130.02751160
v 437.26623535 -63.14045334 130.56649780
v 443.29864502 -60.07908249 123.63838196
v 437.06939697 -63.09386444 123.99765015
v 449.12823486 -56.40113449 123.30073547
v 449.37506104 -56.26700592 129.52096558
v 454.71643066 -51.79381561 129.05780029
v 454.43731689 -52.02102280 122.99198914
v 459.58361816 -46.71852493 122.70233154
v 459.86761475 -46.44703293 128.62324524
v 465.15893555 -40.05226517 128.20256042
v 464.92486572 -40.27342606 122.42188263
v 469.83642578 -32.77265549 122.14274597
v 470.01330566 -32.57342529 127.78392029
v 473.85363770 -23.97442627 127.35557556
v 473.69360352 -24.30316544 121.85711670
v 476.54772949 -15.25321579 126.98629761
v 394.40759277 -67.23577881 154.74375916
v 395.84936523 -67.34648895 154.45643616
v 395.81402588 -67.53755188 165.77761841
v 394.41070557 -67.38179779 166.07344055
v 394.03643799 -66.77600861 143.93521118
v 395.64544678 -66.88330841 143.67889404
v 393.97894287 -67.05419159 177.10827637
v 393.27587891 -66.43924713 187.13130188
v 395.41040039 -67.20278931 176.86074829
v 394.86242676 -66.59928131 186.91532898
v 444.49523926 -59.34942245 162.71492004
v 444.71624756 -58.76924515 170.49998474
v 438.32232666 -62.31894302 172.70362854
v 438.13580322 -62.83663559 164.55444336
v 450.56463623 -55.11241531 160.95979309
v 450.84405518 -54.44931412 168.39901733
v 456.07714844 -50.18693542 159.37484741
v 456.39654541 -49.43351364 166.52259827
v 461.23278809 -44.63161469 157.92408752
v 461.54113770 -43.83953476 164.83683777
v 466.23126221 -38.50503540 156.57156372
v 466.44555664 -37.78505325 163.30786133
v 470.72271729 -31.27261543 155.28375244
v 470.80651855 -30.69445610 161.90057373
v 474.35760498 -22.39975548 154.02713013
v 474.32092285 -21.99208641 160.57981873
v 419.75531006 -68.47145844 169.95397949
v 419.98992920 -67.98085022 179.16723633
v 414.16632080 -68.34307861 181.28968811
v 414.00549316 -68.84980011 171.72151184
v 425.55596924 -67.38764954 168.20173645
v 425.81195068 -66.90457916 177.04530334
v 398.24053955 -67.57411957 176.25701904
v 397.90161133 -66.99476624 186.35617065
v 398.55511475 -67.91503143 165.11001587
v 402.43548584 -68.07398987 175.19599915
v 402.30950928 -67.52305603 185.26388550
v 349.68142700 -61.60271454 194.73268127
v 350.80685425 -63.28307343 189.00268555
v 378.70617676 -55.24657440 225.51641846
v 407.63629150 -67.66799164 120.32040405
v 413.21643066 -68.13410950 120.16097260
v 407.67755127 -67.84462738 125.69131470
v 408.21984863 -67.62815857 190.97618103
v 402.43096924 -67.05741882 193.09710693
v 408.00195312 -68.08148193 183.44848633
v 414.41003418 -67.88589478 188.53373718
v 408.52380371 -67.22538757 197.08009338
v 398.02447510 -65.81114960 114.19590759
v 397.87158203 -65.39302826 109.05578613
v 398.61462402 -67.72541046 153.89088440
v 398.52606201 -67.28357697 143.27177429
v 407.96136475 -68.60826111 173.57649231
v 397.72314453 -64.61039734 217.29284668
v 433.40820312 -62.84765244 201.07785034
v 433.16442871 -63.21277618 197.05458069
v 431.75274658 -65.51271057 166.39263916
v 431.54687500 -65.84292603 157.08753967
v 431.97186279 -65.02399445 174.88809204
v 430.41601562 -65.41046143 119.66052246
v 424.11535645 -67.06909943 119.84179688
v 430.33508301 -65.25138092 116.45022583
v 436.93334961 -63.06159592 119.47378540
v 430.56140137 -65.48440552 124.37126160
v 430.32012939 -64.89031982 114.19593811
v 430.29229736 -64.24996185 109.05578613
v 431.29077148 -65.85649872 147.95358276
v 431.01989746 -65.71754456 139.22273254
v 432.26763916 -64.53495026 181.59306335
v 426.12506104 -66.45774841 183.96054077
v 438.59326172 -61.76705551 179.16090393
v 432.59045410 -64.06134033 187.19696045
v 348.33413696 -59.74878311 199.66059875
v 390.19537354 -63.90410614 207.64834595
v 391.46496582 -64.88520050 202.19619751
v 398.39654541 -66.86788177 133.92483521
v 402.53839111 -67.46353912 133.55332947
v 395.33142090 -66.40174103 134.22666931
v 418.54577637 -67.95572662 120.00501251
v 443.15258789 -60.10432434 119.29423523
v 448.96282959 -56.49022293 119.12547302
v 454.25268555 -52.17088318 118.97116089
v 459.39770508 -46.89654541 118.82638550
v 464.77307129 -40.41743469 118.68615723
v 469.72338867 -32.89924622 118.54655457
v 473.59326172 -24.50766563 118.40361023
v 407.73620605 -68.09144592 133.10719299
v 430.76971436 -65.59014893 131.12698364
v 393.36401367 -66.16236877 134.46379089
v 373.97927856 -53.65241623 81.95573425
v 379.26934814 -57.15132523 81.95603180
v 369.24459839 -49.61703491 81.95536804
v 345.99874878 -4.61693668 92.56207275
v 346.31484985 -4.66771793 81.95394897
v 347.12405396 -9.52049255 81.95399475
v 345.69241333 -0.00007633 92.43515778
v 345.99978638 -0.00009039 81.95394897
v 351.92703247 -25.73019600 81.95426941
v 354.38485718 -31.02946663 81.95439911
v 349.87344360 -20.19434547 81.95419312
v 357.17990112 -35.77047348 81.95455933
v 360.53091431 -40.32282257 81.95478058
v 364.65719604 -45.05609512 81.95506287
v 452.22711182 -49.82177353 81.95609283
v 457.07135010 -45.20489502 81.95609283
v 447.29583740 -53.56412506 81.95609283
v 441.92437744 -56.87814331 81.95610046
v 436.14941406 -59.72793579 81.95610046
v 418.75793457 -64.89447021 81.95609283
v 424.03271484 -63.83160400 81.95609283
v 413.55572510 -65.27249146 81.95609283
v 397.01055908 -63.55638504 81.95605469
v 402.08367920 -64.29816437 81.95606995
v 391.76245117 -62.30511475 81.95605469
v 385.52282715 -60.10282516 81.95609283
v 462.18182373 -39.26731491 81.95606995
v 466.97113037 -32.16793442 81.95605469
v 470.85180664 -24.06561661 81.95605469
v 473.66479492 -15.68007660 81.95606232
v 348.29129028 -14.74356651 81.95409393
v 407.79815674 -64.97195435 81.95606995
v 430.00769043 -62.07759476 81.95607758
v 444.96264648 0.00001731 266.07684326
v 444.75537109 -3.21333766 266.10226440
v 359.67129517 0.00002481 264.60394287
v 478.33966064 -6.77838898 139.21780396
v 478.72125244 -0.00009145 139.04302979
v 478.15234375 -7.09140778 133.02243042
v 478.53771973 -0.00009263 132.89768982
v 477.75488281 -5.95560360 173.17898560
v 477.93750000 -0.00007307 172.81648254
v 477.84271240 -6.03782654 169.08244324
v 478.07397461 -0.00007256 168.72586060
v 477.96313477 -7.40772390 126.74491882
v 478.35119629 -0.00009180 126.65621948
v 475.25103760 -7.73098278 81.95603943
v 475.73742676 -0.00012213 81.95603943
v 450.18920898 19.60360336 251.86012268
v 445.11773682 24.64679337 254.87712097
v 437.62915039 19.49176407 266.94552612
v 440.32409668 15.38951397 266.62997437
v 440.26696777 28.84644318 256.84320068
v 434.48461914 23.22191429 267.31219482
v 435.59307861 31.81555367 258.00128174
v 430.98992920 26.51118469 267.71951294
v 430.80316162 34.04175568 258.77011108
v 427.24291992 29.28547287 268.15063477
v 410.10198975 39.49329376 261.64962769
v 404.68426514 39.38574600 262.28808594
v 406.80828857 34.00240707 270.32516479
v 411.05334473 34.31923676 269.89083862
v 399.10803223 38.52165604 262.94067383
v 402.53833008 33.05236435 270.75720215
v 393.50946045 36.88550568 263.61801147
v 398.29089355 31.47250366 271.18157959
v 388.14007568 34.52655411 264.28555298
v 394.18157959 29.29386330 271.58868408
v 371.63381958 18.82291412 266.66903687
v 369.01449585 13.71607399 267.03356934
v 379.19317627 11.01904392 273.08590698
v 381.21044922 15.46464348 272.87899780
v 367.05532837 8.69584084 267.26119995
v 377.78753662 6.75835037 273.23168945
v 365.72445679 4.21346903 267.38681030
v 377.06463623 3.20287919 273.30688477
v 379.23822021 44.40786743 250.02049255
v 373.22787476 39.98337555 251.96076965
v 379.67120361 34.67504501 261.92086792
v 384.76361084 38.08220673 261.26989746
v 368.23727417 35.35357666 253.54908752
v 375.22091675 30.69586372 262.52746582
v 378.85040283 27.82723427 265.51525879
v 383.25115967 31.49410439 264.90881348
v 364.07418823 30.39159393 254.81369019
v 371.17892456 26.15734291 263.06640625
v 374.94515991 23.56506348 266.13247681
v 367.64920044 21.08618355 263.52633667
v 357.37924194 18.55555344 256.84835815
v 364.73605347 15.50912380 263.89587402
v 360.52572632 24.86855316 255.87367249
v 354.95681763 12.04361343 257.60873413
v 362.37240601 9.92672539 264.20306396
v 353.58041382 5.92379427 258.02569580
v 360.49124146 4.83956528 264.47601318
v 470.48638916 7.13959312 206.95083618
v 470.63220215 4.01397228 207.34251404
v 474.66900635 1.70810413 192.16548157
v 474.50830078 3.06178212 192.79005432
v 467.36108398 4.92710018 217.76985168
v 467.05963135 8.72480106 217.50402832
v 463.09967041 5.90199327 229.92100525
v 462.68023682 10.42775345 229.61244202
v 458.99615479 6.52628136 240.85284424
v 457.69439697 12.81552410 241.76562500
v 400.45251465 54.53210449 243.19979858
v 403.38464355 43.90987396 259.17813110
v 409.45751953 44.01038742 258.44726562
v 406.60620117 55.62538528 241.17864990
v 393.87329102 52.35185623 245.31976318
v 397.09875488 42.92104721 259.90161133
v 418.75219727 55.60838699 236.98336792
v 412.74163818 55.96240616 239.09478760
v 415.18493652 43.36178589 257.72882080
v 420.73297119 42.15543747 256.99130249
v 415.22503662 38.85983658 261.01473999
v 463.74029541 16.53226471 227.65060425
v 459.44958496 18.59988403 237.96353149
v 454.09002686 16.58227348 247.27635193
v 455.61608887 21.36416435 244.57421875
v 451.65075684 24.91954422 248.70130920
v 452.73266602 40.20902634 223.31610107
v 447.17022705 44.59454727 226.02888489
v 446.96459961 29.36042404 251.56355286
v 441.91436768 33.59598541 253.43547058
v 436.85687256 36.53540421 254.59159851
v 471.47637939 13.12365341 205.13496399
v 467.93402100 14.82047367 215.93966675
v 476.11022949 6.61928129 189.42745972
v 441.51306152 48.36285400 228.36790466
v 390.52252197 61.53422546 224.86047363
v 381.78979492 56.19473648 229.36398315
v 386.46093750 48.75389481 247.70005798
v 373.75796509 50.49051666 232.95693970
v 415.64739990 65.93047333 213.03460693
v 409.61065674 65.80679321 216.05570984
v 435.85400391 51.10570526 230.60038757
v 439.87158203 59.35494614 201.42280579
v 433.63092041 62.39681625 204.36505127
v 470.67669678 22.95779419 205.94358826
v 471.32055664 27.84327316 186.96336365
v 467.50982666 34.35585403 188.69102478
v 467.26409912 26.81511307 211.50225830
v 431.67907715 38.69289398 255.39356995
v 430.19329834 53.10146713 232.75979614
v 476.34857178 11.90841389 184.76889038
v 473.16326904 19.58679390 198.83937073
v 474.22985840 20.21833420 185.54695129
v 463.03723145 31.06521416 216.01023865
v 458.10754395 35.61454391 219.96237183
v 390.73229980 40.90468597 260.59783936
v 476.57922363 3.45996833 187.77981567
v 427.52764893 64.51579285 207.26887512
v 403.59027100 65.17629242 219.07980347
v 397.71026611 63.98945618 221.99121094
v 366.78201294 44.58265686 235.94491577
v 361.04843140 38.76674652 238.35388184
v 477.20257568 5.45940828 183.24429321
v 462.99023438 40.19053650 190.71263123
v 457.95416260 45.78173447 193.01080322
v 452.37719727 50.94729614 195.58735657
v 446.23498535 55.50506592 198.44412231
v 353.37026978 27.59640312 241.70600891
v 350.43185425 20.83971405 243.03637695
v 348.02304077 13.69473362 244.11065674
v 346.23873901 6.78785229 244.83891296
v 333.56408691 32.85700607 223.27091980
v 331.97131348 27.55971336 225.33706665
v 355.40829468 33.20800400 229.63491821
v 359.05374146 38.61114502 227.96327209
v 330.54672241 21.92920303 227.10324097
v 352.20089722 27.27523422 231.12518311
v 343.29501343 53.83208466 120.68267059
v 345.03213501 56.60789490 124.19329834
v 381.51416016 59.69111633 114.43749237
v 378.43768311 57.25523376 112.15249634
v 346.52908325 58.89989471 128.07588196
v 384.03198242 61.49646378 117.13212585
v 329.19351196 17.35287285 100.70681000
v 330.28536987 22.79429436 102.10845947
v 351.34622192 25.27023315 97.20825958
v 349.12142944 19.83907318 96.24445343
v 331.58624268 28.02167320 103.83105469
v 353.93704224 30.46265411 98.35967255
v 328.74322510 10.41884422 229.40255737
v 328.30322266 5.11102915 229.94726562
v 345.13446045 6.61075211 234.46339417
v 346.59896851 13.38023376 233.75160217
v 329.48092651 16.12024307 228.45645142
v 349.10940552 20.46718407 232.56814575
v 381.57073975 59.64103699 214.65687561
v 344.81997681 54.80972672 207.90867615
v 342.51919556 51.36353683 211.57974243
v 378.44836426 57.38140488 217.48535156
v 346.72647095 57.54363632 203.98602295
v 383.97283936 61.17458725 211.50704956
v 392.52081299 66.94779968 177.23690796
v 352.20016479 65.56452179 175.12892151
v 351.66244507 64.65021515 182.46870422
v 391.67706299 66.31552887 187.23107910
v 352.39834595 66.00424957 167.31773376
v 392.96014404 67.27715302 166.25799561
v 386.81951904 63.24566650 121.25646973
v 388.28674316 63.58320618 121.06732941
v 385.90795898 62.07324600 116.97859192
v 348.11398315 61.03471756 132.73609924
v 349.60415649 62.89589691 138.21884155
v 389.37738037 64.78516388 127.08451843
v 390.52362061 64.98541260 126.87583923
v 392.46484375 65.72320557 195.42552185
v 391.36834717 65.58535004 195.47084045
v 389.88842773 64.54008484 202.20854187
v 391.46502686 64.88515472 202.19615173
v 394.39422607 65.98402405 195.15084839
v 393.95349121 65.36981964 201.88232422
v 394.86248779 66.59921265 186.91528320
v 393.27593994 66.43917847 187.13125610
v 392.44610596 66.38712311 187.17840576
v 390.49169922 65.46929932 195.50202942
v 388.82031250 64.32984161 202.19088745
v 350.80685425 63.28302383 189.00262451
v 393.24847412 67.00891876 177.17512512
v 393.68084717 67.33312225 166.17449951
v 392.93188477 67.21463013 155.03285217
v 393.64868164 67.24208069 154.89009094
v 392.36938477 66.77210999 144.32304382
v 393.13311768 66.79450226 144.12260437
v 351.70864868 65.40013885 151.66107178
v 352.23507690 65.94768524 159.36955261
v 391.20599365 65.96146393 134.89015198
v 392.11523438 66.04906464 134.67271423
v 350.81704712 64.36695099 144.56900024
v 348.33413696 59.74872589 199.66053772
v 386.51837158 62.81789398 207.43878174
v 349.68142700 61.60264587 194.73262024
v 385.65728760 61.71247482 211.83535767
v 387.87939453 63.18775558 207.54757690
v 373.74221802 53.55987549 220.58953857
v 368.42239380 48.82622528 223.55726624
v 369.63870239 49.18519592 225.12492371
v 375.44497681 54.11436462 222.03007507
v 380.48101807 58.06062698 218.68797302
v 346.19857788 9.43328667 94.85626984
v 345.43579102 4.64065027 94.46414948
v 327.46490479 3.10466528 98.61318970
v 327.76834106 6.83265114 98.94445801
v 373.97366333 53.61444473 109.25692749
v 340.98962402 50.24579620 117.13828278
v 368.95962524 49.17925644 106.24480438
v 338.57415771 46.17873383 113.77343750
v 445.55426025 56.98233414 186.70024109
v 439.17602539 60.70746613 189.58064270
v 439.43371582 60.23760605 194.11746216
v 445.80462646 56.46157455 191.10321045
v 451.69274902 52.52562714 183.98158264
v 451.94177246 51.96855545 188.25535583
v 451.42590332 53.12480545 179.35826111
v 445.28393555 57.54502487 181.89299011
v 438.89550781 61.21756744 184.57145691
v 457.25866699 47.41943741 181.65829468
v 457.50964355 46.84245682 185.81742859
v 462.34381104 41.82829666 179.65698242
v 462.57690430 41.25517654 183.70434570
v 462.09686279 42.44090652 175.26594543
v 456.99169922 48.03809738 177.16407776
v 467.04022217 35.91672516 177.90422058
v 467.21221924 35.37858582 181.83100891
v 471.14758301 29.12114334 176.38636780
v 471.23724365 28.66193390 180.20239258
v 471.03912354 29.60696411 172.19099426
v 466.85662842 36.48923492 173.61941528
v 474.46594238 20.87797356 175.08984375
v 474.47338867 20.55449295 178.82336426
v 476.75012207 12.66385365 174.01919556
v 476.68457031 12.48339367 177.70167542
v 476.75378418 12.85161400 169.90519714
v 474.41204834 21.21789360 170.94715881
v 398.15655518 66.24707031 120.59298706
v 398.07855225 66.02902222 116.68324280
v 394.05249023 65.07925415 116.73663330
v 394.48498535 65.48490143 120.72157288
v 398.26159668 66.51125336 126.23640442
v 394.93530273 65.92703247 126.45559692
v 402.46795654 67.14903259 125.98869324
v 402.41357422 66.91847229 120.46910095
v 402.37335205 66.71629333 116.65220642
v 391.01849365 64.46327972 120.88435364
v 389.62188721 63.51408386 116.84092712
v 392.36614990 65.39223480 126.66747284
v 388.47729492 62.68330383 114.26371765
v 393.71014404 64.71411896 114.21284485
v 387.47137451 61.87849426 109.07267761
v 393.28082275 64.19743347 109.05996704
v 380.86779785 58.54715729 109.81417084
v 383.89050293 60.68635559 114.34107971
v 397.77844238 65.58605194 206.55995178
v 393.48797607 64.76933289 207.42456055
v 392.97583008 64.09689331 212.61920166
v 397.78363037 65.15003204 211.77542114
v 402.93408203 66.29832458 204.99761963
v 403.17468262 65.96018219 210.09281921
v 402.67944336 66.65608978 199.43017578
v 397.75714111 65.99887085 200.99563599
v 420.86450195 66.72279358 197.57411194
v 414.96038818 67.05432129 200.05696106
v 415.20904541 66.68064880 205.14642334
v 421.12481689 66.35758972 202.54374695
v 426.76470947 65.64714813 195.07168579
v 427.04534912 65.28623199 199.87608337
v 426.45581055 66.04067230 189.71382141
v 420.57824707 67.12049866 192.06671143
v 414.69018555 67.46172333 194.45550537
v 477.70611572 7.83954430 118.19932556
v 477.62347412 7.88543034 116.08494568
v 476.21185303 15.98869419 116.10523987
v 476.28631592 15.92634392 118.28025055
v 477.80377197 7.67452431 121.44924164
v 476.38616943 15.66894341 121.61070251
v 478.28570557 6.35320425 152.35038757
v 478.41937256 6.51627636 145.57809448
v 477.03070068 13.84670353 146.17527771
v 476.94287109 13.54144382 152.98744202
v 478.07946777 6.24180412 158.84234619
v 476.80615234 13.30028343 159.50672913
v 419.26464844 68.69670105 149.97583008
v 413.67852783 69.02056885 150.94950867
v 413.86407471 69.15814972 161.16334534
v 419.52807617 68.78424072 159.81629944
v 425.01788330 67.68169403 149.01231384
v 425.30780029 67.71166229 158.50047302
v 424.72503662 67.48554230 139.98617554
v 419.00903320 68.43491364 140.67613220
v 413.49670410 68.69682312 141.34852600
v 444.03186035 59.95413589 145.78637695
v 437.74243164 63.26553726 146.85850525
v 437.96527100 63.19405746 155.63284302
v 444.28259277 59.78186417 154.19215393
v 449.97723389 55.94029617 144.76953125
v 450.28143311 55.64836502 152.82003784
v 449.66943359 56.10686493 136.95443726
v 443.76727295 59.99683380 137.67300415
v 437.49896240 63.19845581 138.43511963
v 455.39709473 51.24229431 143.84036255
v 455.74432373 50.83568573 151.57113647
v 460.55755615 45.79179382 142.96946716
v 460.90478516 45.33329391 150.40954590
v 460.20666504 46.12396622 135.68147278
v 455.04986572 51.52285385 136.29754639
v 465.72467041 39.52048492 142.12747192
v 465.99652100 39.13065720 149.29939270
v 470.43762207 32.09891510 141.29025269
v 470.61663818 31.77292442 148.20994568
v 470.22387695 32.33687592 134.49234009
v 465.43798828 39.78930664 135.08534241
v 474.23577881 23.19764328 140.43363953
v 474.36230469 22.80526352 147.11058044
v 476.93206787 14.27222347 139.69653320
v 476.74005127 14.76024342 133.36294556
v 474.04418945 23.58465385 133.88554382
v 374.68460083 53.93797684 105.61900330
v 369.43649292 49.33259583 102.83016968
v 354.23623657 30.56562424 95.88649750
v 351.73416138 25.36512375 94.87616730
v 349.62142944 19.91308403 94.03871918
v 364.23287964 44.36014557 103.61022949
v 364.60086060 44.47217560 100.46813202
v 360.06820679 39.52851486 101.41271973
v 360.39364624 39.65346527 98.54219055
v 334.69760132 37.55491638 108.17666626
v 336.50668335 41.96059418 110.80145264
v 454.04803467 51.64405441 114.19613647
v 459.22326660 46.39252472 114.19616699
v 458.93078613 45.84711456 109.05573273
v 453.77832031 51.01760483 109.05573273
v 448.76666260 55.96185684 114.19607544
v 448.53820801 55.29039383 109.05573273
v 448.85137939 56.39127731 116.31669617
v 454.13287354 52.09462738 116.27819061
v 459.28564453 46.83602524 116.24205017
v 443.00067139 59.56189728 114.19602203
v 442.84112549 58.87578583 109.05574036
v 436.82647705 62.51453400 114.19596863
v 436.74108887 61.84011459 109.05575562
v 436.85375977 62.91209412 116.40357971
v 443.05877686 59.97794724 116.35880280
v 418.48168945 67.52335358 114.19576263
v 424.02441406 66.59191132 114.19581604
v 424.03942871 65.99797058 109.05570221
v 418.52703857 66.97814941 109.05570221
v 413.17761230 67.72943878 114.19573212
v 413.22894287 67.23178101 109.05570221
v 413.18414307 67.98297882 116.57508087
v 418.48913574 67.80466461 116.53614044
v 424.03594971 66.91026306 116.49539948
v 407.59765625 67.25523376 114.19573212
v 407.61895752 66.80042267 109.05570221
v 402.34545898 66.48699951 114.19578552
v 402.29907227 66.06159973 109.05570984
v 407.61041260 67.49388885 116.61497498
v 464.67071533 39.99126434 114.19618988
v 464.69219971 40.36345673 116.20701599
v 469.67016602 32.58105469 114.19615936
v 469.66955566 32.86467743 116.17208099
v 469.35009766 32.27422714 109.05574036
v 464.36474609 39.56862640 109.05573273
v 473.50109863 24.30263329 114.19607544
v 473.53503418 24.52743340 116.13623047
v 476.12652588 15.81946373 114.19596100
v 475.76208496 15.62387371 109.05569458
v 473.15631104 24.05598450 109.05572510
v 477.50946045 7.79500628 114.19592285
v 477.14599609 7.68786144 109.05569458
v 356.74349976 33.33836746 240.20971680
v 339.72875977 47.02156448 215.15040588
v 337.06253052 42.28782654 218.37744141
v 456.19842529 6.38759422 247.62219238
v 455.22546387 11.78191376 247.64640808
v 453.08386230 11.13927364 251.99069214
v 454.00872803 5.83158731 252.21598816
v 453.84008789 15.18968391 248.58676147
v 451.83575439 15.39917374 252.02960205
v 443.97662354 6.76269007 266.19607544
v 442.46972656 10.98394394 266.37609863
v 386.82165527 23.28917313 272.31518555
v 383.76824951 19.57479286 272.62030029
v 390.32568359 26.54748344 271.96899414
v 424.53106689 54.62856674 234.87959290
v 421.57647705 65.59690857 210.13217163
v 420.30773926 37.64604568 260.33657837
v 425.60430908 36.01263428 259.56848145
v 426.26776123 40.58268738 256.20321655
v 419.32281494 33.04822540 269.02694702
v 415.22583008 33.99946594 269.45956421
v 423.34112549 31.47069359 268.58853149
v 356.01528931 33.38369751 231.31455994
v 359.63278198 38.68738556 229.68894958
v 352.90231323 27.56600380 232.73780823
v 349.77767944 20.71263313 234.16795349
v 347.16122437 13.51655388 235.36450195
v 335.13436890 37.66634750 221.01765442
v 363.45901489 43.83026505 225.97628784
v 409.35791016 66.20863342 212.35171509
v 415.42443848 66.35780334 209.53225708
v 409.10443115 66.50929260 207.77296448
v 403.38067627 65.61787415 215.00917053
v 457.75085449 46.29230499 189.69061279
v 462.80273438 40.70429611 187.46757507
v 452.17730713 51.44332504 192.21707153
v 446.03649902 55.97821426 195.09059143
v 439.66723633 59.80896378 198.11091614
v 387.40661621 61.66826630 217.15983582
v 384.53930664 59.47123718 221.60829163
v 392.39526367 63.26685715 218.30789185
v 388.79602051 62.81881714 212.42263794
v 383.53814697 60.29838562 215.41926575
v 345.91098022 6.73816347 240.27803040
v 347.62637329 13.62894344 239.54867554
v 345.57299805 6.67071724 236.08689880
v 365.56497192 44.32113647 231.62791443
v 371.76296997 49.89589691 228.86318970
v 364.27096558 43.99871445 227.65182495
v 360.36593628 38.74844742 233.85440063
v 356.41952515 33.40400696 235.58653259
v 353.19424438 27.64409447 237.03533936
v 350.15866089 20.82500458 238.41194153
v 467.37817383 34.85842514 185.50428772
v 471.30096436 28.21344376 183.80598450
v 421.34973145 66.04054260 206.76264954
v 427.29162598 64.96706390 203.96908569
v 474.39465332 20.22810364 182.37789917
v 476.49511719 12.28987408 181.20547485
v 477.43811035 5.78625345 180.27426147
v 477.63452148 5.87578917 176.84501648
v 333.05718994 32.92524719 105.85350037
v 356.74032593 35.05571747 99.71185303
v 357.03073120 35.17317581 97.06175995
v 347.41635132 14.52975368 95.45507050
v 328.34948730 11.80719376 99.64723969
v 347.99484253 14.55089378 93.38208771
v 346.80410767 9.40874195 92.89398956
v 407.90655518 68.77245331 152.03890991
v 407.81250000 68.40254974 142.05926514
v 402.65112305 68.24359894 153.07553101
v 402.60589600 67.83659363 142.72735596
v 402.61431885 68.41310883 164.07322693
v 407.97167969 68.93099213 162.66999817
v 418.80517578 68.22508240 132.16094971
v 413.36633301 68.44678497 132.62889099
v 424.46801758 67.31116486 131.67105103
v 424.26019287 67.16885376 124.73393250
v 418.65142822 68.06575012 125.06047058
v 413.27661133 68.26196289 125.37240601
v 443.51318359 60.04077530 130.02746582
v 437.26623535 63.14025497 130.56646729
v 449.37512207 56.26680756 129.52093506
v 449.12829590 56.40094757 123.30071259
v 443.29864502 60.07889557 123.63835144
v 437.06945801 63.09366608 123.99760437
v 454.71643066 51.79362488 129.05775452
v 459.86767578 46.44685745 128.62319946
v 459.58361816 46.71834564 122.70228577
v 454.43731689 52.02083588 122.99195862
v 465.15893555 40.05207443 128.20252991
v 470.01336670 32.57323456 127.78391266
v 469.83648682 32.77247620 122.14271545
v 464.92486572 40.27323532 122.42182922
v 473.85369873 23.97424316 127.35556030
v 476.54772949 15.25303364 126.98629761
v 473.69360352 24.30298424 121.85710144
v 394.40765381 67.23567200 154.74371338
v 394.41076660 67.38169098 166.07337952
v 395.81408691 67.53746033 165.77755737
v 395.84942627 67.34638977 154.45639038
v 394.03649902 66.77587891 143.93518066
v 395.64550781 66.88322449 143.67884827
v 393.97900391 67.05412292 177.10823059
v 395.41046143 67.20271301 176.86068726
v 444.49530029 59.34927750 162.71487427
v 438.13580322 62.83649445 164.55439758
v 438.32238770 62.31880569 172.70358276
v 444.71624756 58.76912689 170.49993896
v 450.56463623 55.11224747 160.95974731
v 450.84405518 54.44918442 168.39897156
v 456.07720947 50.18678665 159.37480164
v 456.39660645 49.43337631 166.52255249
v 461.23284912 44.63145447 157.92404175
v 461.54119873 43.83938599 164.83679199
v 466.23126221 38.50487518 156.57151794
v 466.44561768 37.78490448 163.30783081
v 470.72271729 31.27245331 155.28372192
v 470.80651855 30.69430351 161.90052795
v 474.35760498 22.39958382 154.02713013
v 474.32092285 21.99193382 160.57981873
v 419.75537109 68.47138214 169.95391846
v 414.00555420 68.84970856 171.72145081
v 414.16638184 68.34300232 181.28964233
v 419.98999023 67.98077393 179.16717529
v 425.55603027 67.38754272 168.20167542
v 425.81207275 66.90447998 177.04524231
v 398.24060059 67.57403564 176.25697327
v 397.90173340 66.99468994 186.35614014
v 402.43560791 68.07389832 175.19593811
v 402.30957031 67.52297211 185.26383972
v 398.55517578 67.91493225 165.10995483
v 378.70623779 55.24653625 225.51638794
v 407.63629150 67.66783905 120.32032013
v 407.67755127 67.84450531 125.69126892
v 413.21649170 68.13393402 120.16087341
v 408.21990967 67.62808228 190.97613525
v 408.00201416 68.08141327 183.44842529
v 402.43109131 67.05735016 193.09707642
v 408.52380371 67.22534180 197.08006287
v 414.41003418 67.88581085 188.53369141
v 398.02453613 65.81098938 114.19584656
v 397.87158203 65.39286041 109.05573273
v 398.61462402 67.72530365 153.89083862
v 398.52612305 67.28347015 143.27172852
v 407.96142578 68.60816956 173.57644653
v 397.72314453 64.61034393 217.29278564
v 433.40826416 62.84756470 201.07778931
v 433.16448975 63.21269608 197.05453491
v 431.75280762 65.51258850 166.39259338
v 431.54693604 65.84280396 157.08747864
v 431.97186279 65.02388000 174.88804626
v 430.41607666 65.41025543 119.66044617
v 430.33514404 65.25115204 116.45017242
v 424.11541748 67.06889343 119.84173584
v 430.56140137 65.48424530 124.37121582
v 436.93334961 63.06137466 119.47372437
v 430.32012939 64.89009094 114.19589233
v 430.29235840 64.24974823 109.05573273
v 431.29083252 65.85635376 147.95352173
v 431.01995850 65.71736908 139.22268677
v 432.26770020 64.53484344 181.59300232
v 426.12506104 66.45764923 183.96049500
v 432.59051514 64.06124115 187.19689941
v 438.59326172 61.76692581 179.16085815
v 390.19543457 63.90406418 207.64828491
v 398.39660645 66.86775208 133.92478943
v 402.53845215 67.46340942 133.55326843
v 395.33148193 66.40161896 134.22663879
v 418.54583740 67.95552826 120.00494385
v 443.15264893 60.10411453 119.29418182
v 448.96282959 56.49003601 119.12541199
v 454.25268555 52.17069626 118.97111511
v 459.39770508 46.89635468 118.82632446
v 464.77307129 40.41724396 118.68611908
v 469.72344971 32.89905548 118.54653168
v 473.59332275 24.50746346 118.40362549
v 407.73626709 68.09132385 133.10714722
v 430.76977539 65.58997345 131.12693787
v 393.36407471 66.16223907 134.46374512
v 379.26940918 57.15116501 81.95596313
v 373.97933960 53.65223694 81.95564270
v 369.24465942 49.61683655 81.95526123
v 347.12405396 9.52033615 81.95401001
v 346.31484985 4.66754341 81.95397949
v 345.99874878 4.61678219 92.56208038
v 354.38485718 31.02930450 81.95433807
v 351.92697144 25.73006439 81.95420074
v 349.87338257 20.19422340 81.95410156
v 360.53091431 40.32265472 81.95470428
v 357.17984009 35.77031708 81.95449829
v 364.65719604 45.05589676 81.95494080
v 457.07141113 45.20461655 81.95597076
v 452.22723389 49.82151413 81.95597076
v 447.29602051 53.56390381 81.95597076
v 441.92449951 56.87796402 81.95603180
v 436.14953613 59.72777557 81.95606995
v 424.03277588 63.83144379 81.95606995
v 418.75805664 64.89430237 81.95606232
v 413.55578613 65.27232361 81.95606232
v 402.08380127 64.29803467 81.95610046
v 397.01068115 63.55625534 81.95607758
v 391.76257324 62.30499649 81.95606232
v 385.52294922 60.10269547 81.95606232
v 466.97119141 32.16769409 81.95602417
v 462.18194580 39.26705551 81.95600891
v 473.66485596 15.67982388 81.95606232
v 470.85186768 24.06538391 81.95603943
v 348.29135132 14.74343395 81.95404816
v 407.79827881 64.97180176 81.95606995
v 430.00775146 62.07744598 81.95606995
v 444.75537109 3.21336913 266.10223389
v 478.33966064 6.77821016 139.21780396
v 478.15234375 7.09122705 133.02243042
v 477.75488281 5.95545912 173.17898560
v 477.84271240 6.03768206 169.08244324
v 477.96313477 7.40754128 126.74491882
v 475.25103760 7.73073721 81.95603943
v 444.99182129 -58.15428543 176.69281006
v 451.13708496 -53.77647400 174.34797668
v 456.70281982 -48.71341324 172.28559875
v 461.82922363 -43.11037445 170.47169495
v 466.65625000 -37.11263275 168.87225342
v 470.91870117 -30.13537598 167.44937134
v 474.35137939 -21.59376717 166.16516113
v 476.75775146 -13.06719589 165.10685730
v 397.76934814 -66.46908569 194.43171692
v 394.39416504 -65.98406982 195.15089417
v 420.27545166 -67.53524780 186.23464966
v 408.82244873 -66.85035706 202.68075562
v 432.89062500 -63.61897278 192.38920593
v 477.94134521 -6.13502979 164.36163330
v 478.22741699 -0.00007428 164.06727600
v 444.99182129 58.15416718 176.69276428
v 451.13708496 53.77635574 174.34793091
v 456.70288086 48.71327591 172.28555298
v 461.82928467 43.11022568 170.47164917
v 466.65625000 37.11249542 168.87220764
v 470.91870117 30.13524437 167.44932556
v 474.35137939 21.59362411 166.16514587
v 476.75775146 13.06704330 165.10685730
v 397.76940918 66.46903229 194.43168640
v 420.27545166 67.53516388 186.23458862
v 408.82250977 66.85030365 202.68070984
v 432.89068604 63.61887741 192.38916016
v 477.94134521 6.13488102 164.36163330
v 392.46484375 -65.72325897 195.42556763
v 310.99526978 -58.18137360 157.55650330
v 310.99533081 -57.29957581 152.62239075
v 310.99533081 -55.99931335 147.76931763
v 310.99517822 -54.38867569 186.90502930
v 310.99523926 -56.09434509 182.21887207
v 310.99523926 -57.37900543 177.40452576
v 310.99459839 -49.75723267 195.75198364
v 310.99502563 -52.27190399 191.42884827
v 310.99539185 -14.05742645 107.08209229
v 310.99539185 -9.14175034 105.89041901
v 310.99539185 -4.89269876 105.11875916
v 310.99533081 -2.08581781 104.78353882
v 310.99533081 -0.00002544 104.72502899
v 310.99539185 -40.18980408 122.20585632
v 310.99539185 -36.38972473 118.81956482
v 310.99533081 -32.32532501 115.75262451
v 310.99539185 -28.02893639 113.02795410
v 310.99539185 -23.53155708 110.66352844
v 310.99539185 -18.86421585 108.67735291
v 310.99533081 -46.87611389 129.84118652
v 310.99539185 -43.69327545 125.88874817
v 310.99533081 -52.19159317 138.44317627
v 310.99533081 -49.71432495 134.03611755
v 310.99533081 -54.29162598 143.03190613
v 310.99264526 -43.59170532 203.66078186
v 310.99365234 -46.85789490 199.83609009
v 310.99224854 -36.04243469 210.45735168
v 310.99212646 -39.97649384 207.20571899
v 310.99523926 -58.23277283 172.49613953
v 310.99523926 -58.65216446 167.52864075
v 310.99526978 -58.63363266 162.53700256
v 310.99511719 -27.34399605 216.01817322
v 310.99328613 -31.81969643 213.40213013
v 311.00061035 -17.82572556 220.16673279
v 310.99774170 -22.65106583 218.28372192
v 311.00549316 -8.27331352 222.66825867
v 311.00335693 -12.95283604 221.63529968
v 311.00717163 0.00000545 223.41845703
v 311.00674438 -4.02807999 223.24449158
v 310.99533081 58.18132401 157.55644226
v 310.99526978 58.63362503 162.53697205
v 310.99526978 58.65222549 167.52862549
v 310.99523926 57.37907410 177.40451050
v 310.99523926 56.09434509 182.21881104
v 310.99517822 54.38862610 186.90493774
v 310.99502563 52.27184677 191.42877197
v 310.99453735 49.75720596 195.75192261
v 310.99533081 4.89263105 105.11875916
v 310.99533081 9.14167404 105.89043427
v 310.99533081 14.05735397 107.08209229
v 310.99533081 2.08576131 104.78353882
v 310.99539185 32.32525635 115.75263977
v 310.99539185 36.38968658 118.81953430
v 310.99539185 40.18980408 122.20582581
v 310.99533081 23.53150368 110.66349792
v 310.99533081 28.02886391 113.02795410
v 310.99533081 18.86415291 108.67733765
v 310.99539185 52.19167709 138.44316101
v 310.99533081 54.29166412 143.03187561
v 310.99533081 55.99929428 147.76928711
v 310.99261475 43.59170532 203.66073608
v 310.99206543 39.97649384 207.20567322
v 310.99224854 36.04244614 210.45732117
v 310.99523926 58.23286438 172.49612427
v 310.99328613 31.81969452 213.40213013
v 310.99511719 27.34399414 216.01820374
v 310.99768066 22.65106392 218.28372192
v 311.00057983 17.82573318 220.16670227
v 311.00329590 12.95284367 221.63526917
v 311.00549316 8.27332306 222.66825867
v 310.99539185 43.69329453 125.88871765
v 310.99539185 46.87615585 129.84115601
v 310.99539185 49.71439743 134.03608704
v 310.99359131 46.85788727 199.83604431
v 310.99533081 57.29953384 152.62234497
v 311.00674438 4.02809143 223.24452209
v 305.92153931 -54.89672470 157.89053345
v 305.92156982 -54.06007385 153.24832153
v 305.92153931 -52.82580566 148.68232727
v 305.92153931 -51.29615402 185.50326538
v 305.92153931 -52.91588593 181.09396362
v 305.92150879 -54.13542557 176.56442261
v 305.92141724 -46.89850616 193.82920837
v 305.92150879 -49.28547287 189.76054382
v 305.92153931 -13.24023628 110.40202332
v 305.92153931 -8.61032009 109.28085327
v 305.92153931 -4.60827780 108.55485535
v 305.92150879 -1.96456993 108.23945618
v 305.92150879 -0.00003250 108.18438721
v 305.92153931 -37.84881592 124.63111877
v 305.92153931 -34.26826477 121.44511414
v 305.92150879 -30.44197655 118.55964661
v 305.92153931 -26.39738655 115.99615479
v 305.92153931 -22.16307640 113.77157593
v 305.92153931 -17.76759529 111.90290070
v 305.92150879 -44.16683578 131.81475830
v 305.92153931 -41.15613556 128.09614563
v 305.92153931 -49.20945358 139.90788269
v 305.92150879 -46.85752487 135.76153564
v 305.92153931 -51.20391464 144.22515869
v 305.92092896 -41.05969620 201.26737976
v 305.92117310 -44.14990616 197.67263794
v 305.92077637 -33.94105530 207.63105774
v 305.92074585 -37.64787292 204.58998108
v 305.92150879 -54.94548416 171.94638062
v 305.92150879 -55.34320450 167.27276611
v 305.92153931 -55.32569504 162.57641602
v 305.92150879 -25.75324631 212.82250977
v 305.92105103 -29.96585655 210.38119507
v 305.92291260 -16.78941536 216.69593811
v 305.92221069 -21.33416557 214.93714905
v 305.92413330 -7.79234457 219.03712463
v 305.92358398 -12.19982624 218.06962585
v 305.92456055 0.00000057 219.74055481
v 305.92446899 -3.79390979 219.57730103
v 305.92153931 54.89665604 157.89045715
v 305.92153931 55.32566452 162.57637024
v 305.92153931 55.34324646 167.27273560
v 305.92150879 54.13547516 176.56439209
v 305.92150879 52.91589737 181.09390259
v 305.92150879 51.29611588 185.50315857
v 305.92147827 49.28541565 189.76046753
v 305.92138672 46.89845657 193.82914734
v 305.92150879 4.60819912 108.55485535
v 305.92153931 8.61023235 109.28085327
v 305.92153931 13.24015331 110.40203094
v 305.92150879 1.96450114 108.23945618
v 305.92156982 30.44188309 118.55963135
v 305.92153931 34.26821518 121.44512177
v 305.92153931 37.84878540 124.63108826
v 305.92150879 22.16300392 113.77157593
v 305.92153931 26.39730453 115.99613190
v 305.92153931 17.76751328 111.90290070
v 305.92153931 49.20952606 139.90785217
v 305.92153931 51.20393753 144.22512817
v 305.92153931 52.82577515 148.68229675
v 305.92089844 41.05970383 201.26733398
v 305.92074585 37.64787674 204.58993530
v 305.92080688 33.94104385 207.63101196
v 305.92153931 54.94554520 171.94636536
v 305.92108154 29.96586418 210.38116455
v 305.92153931 25.75325394 212.82252502
v 305.92218018 21.33415413 214.93716431
v 305.92291260 16.78940392 216.69590759
v 305.92355347 12.19981384 218.06961060
v 305.92410278 7.79234409 219.03709412
v 305.92150879 41.15611649 128.09609985
v 305.92150879 44.16683578 131.81472778
v 305.92150879 46.85756683 135.76152039
v 305.92114258 44.14989471 197.67259216
v 305.92153931 54.06002426 153.24826050
v 305.92446899 3.79391122 219.57730103
v 305.92153931 -54.89672470 157.89053345
v 305.92156982 -54.06007385 153.24832153
v 305.92153931 -52.82580566 148.68232727
v 305.92153931 -51.29615402 185.50326538
v 305.92153931 -52.91588593 181.09396362
v 305.92150879 -54.13542557 176.56442261
v 305.92141724 -46.89850616 193.82920837
v 305.92150879 -49.28547287 189.76054382
v 305.92153931 -13.24023628 110.40202332
v 305.92153931 -8.61032009 109.28085327
v 305.92153931 -4.60827780 108.55485535
v 305.92150879 -1.96456993 108.23945618
v 305.92150879 -0.00003250 108.18438721
v 305.92153931 -37.84881592 124.63111877
v 305.92153931 -34.26826477 121.44511414
v 305.92150879 -30.44197655 118.55964661
v 305.92153931 -26.39738655 115.99615479
v 305.92153931 -22.16307640 113.77157593
v 305.92153931 -17.76759529 111.90290070
v 305.92150879 -44.16683578 131.81475830
v 305.92153931 -41.15613556 128.09614563
v 305.92153931 -49.20945358 139.90788269
v 305.92150879 -46.85752487 135.76153564
v 305.92153931 -51.20391464 144.22515869
v 305.92092896 -41.05969620 201.26737976
v 305.92117310 -44.14990616 197.67263794
v 305.92077637 -33.94105530 207.63105774
v 305.92074585 -37.64787292 204.58998108
v 305.92150879 -54.94548416 171.94638062
v 305.92150879 -55.34320450 167.27276611
v 305.92153931 -55.32569504 162.57641602
v 305.92150879 -25.75324631 212.82250977
v 305.92105103 -29.96585655 210.38119507
v 305.92291260 -16.78941536 216.69593811
v 305.92221069 -21.33416557 214.93714905
v 305.92413330 -7.79234457 219.03712463
v 305.92358398 -12.19982624 218.06962585
v 305.92456055 0.00000057 219.74055481
v 305.92446899 -3.79390979 219.57730103
v 305.92153931 54.89665604 157.89045715
v 305.92153931 55.32566452 162.57637024
v 305.92153931 55.34324646 167.27273560
v 305.92150879 54.13547516 176.56439209
v 305.92150879 52.91589737 181.09390259
v 305.92150879 51.29611588 185.50315857
v 305.92147827 49.28541565 189.76046753
v 305.92138672 46.89845657 193.82914734
v 305.92150879 4.60819912 108.55485535
v 305.92153931 8.61023235 109.28085327
v 305.92153931 13.24015331 110.40203094
v 305.92150879 1.96450114 108.23945618
v 305.92156982 30.44188309 118.55963135
v 305.92153931 34.26821518 121.44512177
v 305.92153931 37.84878540 124.63108826
v 305.92150879 22.16300392 113.77157593
v 305.92153931 26.39730453 115.99613190
v 305.92153931 17.76751328 111.90290070
v 305.92153931 49.20952606 139.90785217
v 305.92153931 51.20393753 144.22512817
v 305.92153931 52.82577515 148.68229675
v 305.92089844 41.05970383 201.26733398
v 305.92074585 37.64787674 204.58993530
v 305.92080688 33.94104385 207.63101196
v 305.92153931 54.94554520 171.94636536
v 305.92108154 29.96586418 210.38116455
v 305.92153931 25.75325394 212.82252502
v 305.92218018 21.33415413 214.93716431
v 305.92291260 16.78940392 216.69590759
v 305.92355347 12.19981384 218.06961060
v 305.92410278 7.79234409 219.03709412
v 305.92150879 41.15611649 128.09609985
v 305.92150879 44.16683578 131.81472778
v 305.92150879 46.85756683 135.76152039
v 305.92114258 44.14989471 197.67259216
v 305.92153931 54.06002426 153.24826050
v 305.92446899 3.79391122 219.57730103
v 304.22985840 -3.60239482 216.45773315
v 304.22985840 -7.39897680 215.95422363
v 304.22988892 -0.00001089 216.60984802
v 304.22985840 3.60237622 216.45773315
v 304.22985840 7.39896011 215.95419312
v 304.22985840 11.58393383 215.05203247
v 304.22985840 15.94181347 213.76989746
v 304.22985840 20.25711441 212.12648010
v 304.22985840 24.45277405 210.14668274
v 304.22985840 28.45172310 207.85552979
v 304.22985840 32.22552490 205.26693726
v 304.22985840 35.74573517 202.39482117
v 304.22985840 38.98765564 199.24928284
v 304.22985840 41.92661667 195.84045410
v 304.22985840 44.54254532 192.19587708
v 304.22985840 46.81536484 188.34309387
v 304.22985840 48.73039627 184.31443787
v 304.22982788 50.27296448 180.14224243
v 304.22982788 51.43426514 175.85636902
v 304.22982788 52.20548630 171.48675537
v 304.22982788 52.58403397 167.06454468
v 304.22982788 52.56735611 162.62080383
v 304.22979736 52.15899658 158.18698120
v 304.22979736 51.36251450 153.79449463
v 304.22976685 50.18728638 149.47413635
v 304.22976685 48.64271545 145.25675964
v 304.22973633 46.74333572 141.17172241
v 304.22970581 44.50369644 137.24842834
v 304.22967529 41.94281387 133.51396179
v 304.22967529 39.07966614 129.99537659
v 304.22970581 35.93671417 126.71676636
v 304.22970581 32.53641510 123.70217896
v 304.22970581 28.90385437 120.97192383
v 304.22970581 25.06413460 118.54635620
v 304.22970581 21.04412460 116.44143677
v 304.22970581 16.87068367 114.67329407
v 304.22970581 12.57184410 113.25315857
v 304.22970581 8.17561436 112.19230652
v 304.22967529 4.37557936 111.50534058
v 304.22967529 1.86531806 111.20690918
v 304.22967529 -0.00005877 111.15481567
v 304.22967529 -1.86544085 111.20690918
v 304.22967529 -4.37570858 111.50534058
v 304.22967529 -8.17574596 112.19230652
v 304.22967529 -12.57197666 113.25314331
v 304.22967529 -16.87080574 114.67329407
v 304.22967529 -21.04424667 116.44145966
v 304.22967529 -25.06427574 118.54632568
v 304.22967529 -28.90399551 120.97193909
v 304.22967529 -32.53652573 123.70220947
v 304.22970581 -35.93679428 126.71681213
v 304.22970581 -39.07973480 129.99542236
v 304.22970581 -41.94286346 133.51399231
v 304.22973633 -44.50372314 137.24847412
v 304.22973633 -46.74333572 141.17176819
v 304.22976685 -48.64274597 145.25680542
v 304.22976685 -50.18737411 149.47419739
v 304.22979736 -51.36260605 153.79457092
v 304.22979736 -52.15909576 158.18705750
v 304.22979736 -52.56742477 162.62088013
v 304.22979736 -52.58405304 167.06459045
v 304.22979736 -52.20546341 171.48680115
v 304.22982788 -51.43423462 175.85641479
v 304.22985840 -50.27298355 180.14230347
v 304.22985840 -48.73046494 184.31452942
v 304.22985840 -46.81544495 188.34318542
v 304.22985840 -44.54262543 192.19595337
v 304.22985840 -41.92667389 195.84051514
v 304.22985840 -38.98768616 199.24934387
v 304.22985840 -35.74575424 202.39488220
v 304.22985840 -32.22556305 205.26698303
v 304.22985840 -28.45175552 207.85556030
v 304.22985840 -24.45280647 210.14669800
v 304.22985840 -20.25714684 212.12649536
v 304.22988892 -15.94184589 213.76995850
v 304.22985840 -11.58395576 215.05209351
v 440.32415771 -15.38950634 266.63000488
v 437.62915039 -19.49176598 266.94555664
v 434.48455811 -23.22191620 267.31222534
v 430.98992920 -26.51119614 267.71960449
v 427.24291992 -29.28547668 268.15069580
v 411.05334473 -34.31925583 269.89086914
v 406.80822754 -34.00241470 270.32516479
v 402.53826904 -33.05236435 270.75720215
v 398.29089355 -31.47249603 271.18157959
v 394.18157959 -29.29384613 271.58874512
v 381.21044922 -15.46461582 272.87899780
v 379.19311523 -11.01901627 273.08590698
v 377.78747559 -6.75830269 273.23159790
v 377.06457520 -3.20283079 273.30679321
v 376.87387085 0.00002376 273.32678223
v 443.97668457 -6.76266289 266.19610596
v 442.46978760 -10.98392582 266.37609863
v 386.82165527 -23.28913689 272.31518555
v 383.76824951 -19.57475662 272.62030029
v 390.32562256 -26.54745674 271.96899414
v 419.32275391 -33.04822540 269.02694702
v 415.22576904 -33.99946594 269.45959473
v 423.34112549 -31.47069550 268.58859253
v 444.96264648 0.00001731 266.07684326
v 444.75537109 -3.21333766 266.10226440
v 437.62915039 19.49176407 266.94552612
v 440.32409668 15.38951397 266.62997437
v 434.48461914 23.22191429 267.31219482
v 430.98992920 26.51118469 267.71951294
v 427.24291992 29.28547287 268.15063477
v 406.80828857 34.00240707 270.32516479
v 411.05334473 34.31923676 269.89083862
v 402.53833008 33.05236435 270.75720215
v 398.29089355 31.47250366 271.18157959
v 394.18157959 29.29386330 271.58868408
v 379.19317627 11.01904392 273.08590698
v 381.21044922 15.46464348 272.87899780
v 377.78753662 6.75835037 273.23168945
v 377.06463623 3.20287919 273.30688477
v 443.97662354 6.76269007 266.19607544
v 442.46972656 10.98394394 266.37609863
v 386.82165527 23.28917313 272.31518555
v 383.76824951 19.57479286 272.62030029
v 390.32568359 26.54748344 271.96899414
v 419.32281494 33.04822540 269.02694702
v 415.22583008 33.99946594 269.45956421
v 423.34112549 31.47069359 268.58853149
v 444.75537109 3.21336913 266.10223389
v 304.22985840 -3.60239482 216.45773315
v 304.22985840 -7.39897680 215.95422363
v 304.22988892 -0.00001089 216.60984802
v 304.22985840 3.60237622 216.45773315
v 304.22985840 7.39896011 215.95419312
v 304.22985840 11.58393383 215.05203247
v 304.22985840 15.94181347 213.76989746
v 304.22985840 20.25711441 212.12648010
v 304.22985840 24.45277405 210.14668274
v 304.22985840 28.45172310 207.85552979
v 304.22985840 32.22552490 205.26693726
v 304.22985840 35.74573517 202.39482117
v 304.22985840 38.98765564 199.24928284
v 304.22985840 41.92661667 195.84045410
v 304.22985840 44.54254532 192.19587708
v 304.22985840 46.81536484 188.34309387
v 304.22985840 48.73039627 184.31443787
v 304.22982788 50.27296448 180.14224243
v 304.22982788 51.43426514 175.85636902
v 304.22982788 52.20548630 171.48675537
v 304.22982788 52.58403397 167.06454468
v 304.22982788 52.56735611 162.62080383
v 304.22979736 52.15899658 158.18698120
v 304.22979736 51.36251450 153.79449463
v 304.22976685 50.18728638 149.47413635
v 304.22976685 48.64271545 145.25675964
v 304.22973633 46.74333572 141.17172241
v 304.22970581 44.50369644 137.24842834
v 304.22967529 41.94281387 133.51396179
v 304.22967529 39.07966614 129.99537659
v 304.22970581 35.93671417 126.71676636
v 304.22970581 32.53641510 123.70217896
v 304.22970581 28.90385437 120.97192383
v 304.22970581 25.06413460 118.54635620
v 304.22970581 21.04412460 116.44143677
v 304.22970581 16.87068367 114.67329407
v 304.22970581 12.57184410 113.25315857
v 304.22970581 8.17561436 112.19230652
v 304.22967529 4.37557936 111.50534058
v 304.22967529 1.86531806 111.20690918
v 304.22967529 -0.00005877 111.15481567
v 304.22967529 -1.86544085 111.20690918
v 304.22967529 -4.37570858 111.50534058
v 304.22967529 -8.17574596 112.19230652
v 304.22967529 -12.57197666 113.25314331
v 304.22967529 -16.87080574 114.67329407
v 304.22967529 -21.04424667 116.44145966
v 304.22967529 -25.06427574 118.54632568
v 304.22967529 -28.90399551 120.97193909
v 304.22967529 -32.53652573 123.70220947
v 304.22970581 -35.93679428 126.71681213
v 304.22970581 -39.07973480 129.99542236
v 304.22970581 -41.94286346 133.51399231
v 304.22973633 -44.50372314 137.24847412
v 304.22973633 -46.74333572 141.17176819
v 304.22976685 -48.64274597 145.25680542
v 304.22976685 -50.18737411 149.47419739
v 304.22979736 -51.36260605 153.79457092
v 304.22979736 -52.15909576 158.18705750
v 304.22979736 -52.56742477 162.62088013
v 304.22979736 -52.58405304 167.06459045
v 304.22979736 -52.20546341 171.48680115
v 304.22982788 -51.43423462 175.85641479
v 304.22985840 -50.27298355 180.14230347
v 304.22985840 -48.73046494 184.31452942
v 304.22985840 -46.81544495 188.34318542
v 304.22985840 -44.54262543 192.19595337
v 304.22985840 -41.92667389 195.84051514
v 304.22985840 -38.98768616 199.24934387
v 304.22985840 -35.74575424 202.39488220
v 304.22985840 -32.22556305 205.26698303
v 304.22985840 -28.45175552 207.85556030
v 304.22985840 -24.45280647 210.14669800
v 304.22985840 -20.25714684 212.12649536
v 304.22988892 -15.94184589 213.76995850
v 304.22985840 -11.58395576 215.05209351
v 373.97927856 -53.65241623 81.95573425
v 379.26934814 -57.15132523 81.95603180
v 369.24459839 -49.61703491 81.95536804
v 346.31484985 -4.66771793 81.95394897
v 347.12405396 -9.52049255 81.95399475
v 345.99978638 -0.00009039 81.95394897
v 351.92703247 -25.73019600 81.95426941
v 354.38485718 -31.02946663 81.95439911
v 349.87344360 -20.19434547 81.95419312
v 357.17990112 -35.77047348 81.95455933
v 360.53091431 -40.32282257 81.95478058
v 364.65719604 -45.05609512 81.95506287
v 452.22711182 -49.82177353 81.95609283
v 457.07135010 -45.20489502 81.95609283
v 447.29583740 -53.56412506 81.95609283
v 441.92437744 -56.87814331 81.95610046
v 436.14941406 -59.72793579 81.95610046
v 418.75793457 -64.89447021 81.95609283
v 424.03271484 -63.83160400 81.95609283
v 413.55572510 -65.27249146 81.95609283
v 397.01055908 -63.55638504 81.95605469
v 402.08367920 -64.29816437 81.95606995
v 391.76245117 -62.30511475 81.95605469
v 385.52282715 -60.10282516 81.95609283
v 462.18182373 -39.26731491 81.95606995
v 466.97113037 -32.16793442 81.95605469
v 470.85180664 -24.06561661 81.95605469
v 473.66479492 -15.68007660 81.95606232
v 348.29129028 -14.74356651 81.95409393
v 407.79815674 -64.97195435 81.95606995
v 430.00769043 -62.07759476 81.95607758
v 475.25103760 -7.73098278 81.95603943
v 475.73742676 -0.00012213 81.95603943
v 379.26940918 57.15116501 81.95596313
v 373.97933960 53.65223694 81.95564270
v 369.24465942 49.61683655 81.95526123
v 347.12405396 9.52033615 81.95401001
v 346.31484985 4.66754341 81.95397949
v 354.38485718 31.02930450 81.95433807
v 351.92697144 25.73006439 81.95420074
v 349.87338257 20.19422340 81.95410156
v 360.53091431 40.32265472 81.95470428
v 357.17984009 35.77031708 81.95449829
v 364.65719604 45.05589676 81.95494080
v 457.07141113 45.20461655 81.95597076
v 452.22723389 49.82151413 81.95597076
v 447.29602051 53.56390381 81.95597076
v 441.92449951 56.87796402 81.95603180
v 436.14953613 59.72777557 81.95606995
v 424.03277588 63.83144379 81.95606995
v 418.75805664 64.89430237 81.95606232
v 413.55578613 65.27232361 81.95606232
v 402.08380127 64.29803467 81.95610046
v 397.01068115 63.55625534 81.95607758
v 391.76257324 62.30499649 81.95606232
v 385.52294922 60.10269547 81.95606232
v 466.97119141 32.16769409 81.95602417
v 462.18194580 39.26705551 81.95600891
v 473.66485596 15.67982388 81.95606232
v 470.85186768 24.06538391 81.95603943
v 348.29135132 14.74343395 81.95404816
v 407.79827881 64.97180176 81.95606995
v 430.00775146 62.07744598 81.95606995
v 475.25103760 7.73073721 81.95603943
f 1 2 3
f 3 4 1
f 2 5 6
f 6 3 2
f 5 7 8
f 8 6 5
f 7 9 10
f 10 8 7
f 11 12 13
f 13 14 11
f 12 15 16
f 16 13 12
f 15 17 18
f 18 16 15
f 17 19 20
f 20 18 17
f 21 22 23
f 23 24 21
f 22 25 26
f 26 23 22
f 25 27 28
f 28 26 25
f 27 29 30
f 30 28 27
f 31 20 32
f 32 33 31
f 34 35 36
f 36 33 34
f 37 38 35
f 35 34 37
f 34 39 40
f 40 37 34
f 41 42 38
f 38 37 41
f 41 24 23
f 23 43 41
f 44 45 46
f 46 43 44
f 44 26 28
f 28 47 44
f 48 49 50
f 50 51 48
f 52 49 48
f 48 53 52
f 49 52 54
f 54 55 49
f 50 49 55
f 55 56 50
f 57 58 56
f 56 55 57
f 59 57 55
f 55 54 59
f 57 59 60
f 60 61 57
f 58 57 61
f 61 62 58
f 14 13 63
f 63 64 14
f 65 66 67
f 67 63 65
f 68 69 70
f 70 71 68
f 72 73 68
f 68 71 72
f 64 74 69
f 69 68 64
f 42 41 43
f 43 46 42
f 75 56 58
f 58 76 75
f 77 78 79
f 79 76 77
f 77 62 80
f 80 81 77
f 82 83 84
f 84 81 82
f 82 4 3
f 3 85 82
f 6 8 86
f 86 87 6
f 8 10 88
f 88 86 8
f 56 75 89
f 89 50 56
f 31 33 36
f 36 90 31
f 91 92 85
f 85 87 91
f 92 83 82
f 82 85 92
f 93 90 94
f 94 95 93
f 96 97 67
f 67 66 96
f 98 69 74
f 74 99 98
f 98 100 70
f 70 69 98
f 101 102 103
f 103 104 101
f 91 104 103
f 103 105 91
f 105 106 92
f 92 91 105
f 107 79 78
f 78 108 107
f 107 109 110
f 110 79 107
f 104 86 88
f 88 101 104
f 87 86 104
f 104 91 87
f 111 112 89
f 89 113 111
f 113 114 111
f 110 109 114
f 114 113 110
f 78 77 81
f 81 84 78
f 93 115 31
f 31 90 93
f 65 115 93
f 93 66 65
f 74 64 63
f 63 67 74
f 42 116 117
f 117 38 42
f 118 119 84
f 84 83 118
f 51 50 89
f 89 112 51
f 51 112 120
f 120 48 51
f 99 74 67
f 67 97 99
f 36 121 94
f 94 90 36
f 36 35 122
f 122 121 36
f 111 123 120
f 120 112 111
f 123 124 125
f 125 120 123
f 108 78 84
f 84 119 108
f 118 83 92
f 92 106 118
f 66 93 95
f 95 96 66
f 116 42 46
f 46 126 116
f 127 126 46
f 46 45 127
f 127 45 128
f 128 129 127
f 130 129 128
f 128 131 130
f 132 133 134
f 134 135 132
f 136 133 132
f 132 137 136
f 138 139 140
f 140 141 138
f 142 139 138
f 138 143 142
f 144 145 146
f 146 147 144
f 148 145 144
f 144 149 148
f 150 151 152
f 152 153 150
f 154 151 150
f 150 155 154
f 156 157 136
f 136 137 156
f 157 156 153
f 153 152 157
f 158 159 160
f 160 161 158
f 159 162 163
f 163 160 159
f 164 165 166
f 166 167 164
f 165 168 169
f 169 166 165
f 170 143 171
f 171 172 170
f 173 170 172
f 172 174 173
f 175 176 170
f 170 173 175
f 177 178 179
f 179 180 177
f 178 177 167
f 167 181 178
f 166 182 181
f 181 167 166
f 182 166 169
f 169 183 182
f 184 185 183
f 183 169 184
f 169 168 186
f 186 184 169
f 185 184 187
f 187 188 185
f 189 190 188
f 188 187 189
f 190 189 173
f 173 174 190
f 191 192 180
f 180 179 191
f 192 191 193
f 193 163 192
f 194 195 161
f 161 196 194
f 195 194 197
f 197 198 195
f 199 200 195
f 195 198 199
f 187 184 186
f 186 201 187
f 202 203 204
f 204 205 202
f 206 203 202
f 202 207 206
f 208 209 141
f 141 140 208
f 210 209 208
f 208 211 210
f 143 170 176
f 176 142 143
f 212 213 214
f 214 215 212
f 216 212 215
f 215 217 216
f 212 216 218
f 218 219 212
f 213 212 219
f 219 220 213
f 221 222 220
f 220 219 221
f 223 221 219
f 219 218 223
f 221 223 224
f 224 225 221
f 222 221 225
f 225 226 222
f 227 228 226
f 226 225 227
f 229 227 225
f 225 224 229
f 227 229 230
f 230 231 227
f 228 227 231
f 231 232 228
f 233 234 232
f 232 231 233
f 235 233 231
f 231 230 235
f 233 235 236
f 236 237 233
f 234 233 237
f 237 238 234
f 239 240 241
f 241 242 239
f 243 239 242
f 242 244 243
f 239 243 245
f 245 246 239
f 240 239 246
f 246 247 240
f 248 249 241
f 241 240 248
f 250 248 240
f 240 247 250
f 248 250 174
f 174 172 248
f 249 248 172
f 172 171 249
f 251 252 241
f 241 249 251
f 253 251 249
f 249 171 253
f 251 253 254
f 254 255 251
f 252 251 255
f 255 256 252
f 257 258 259
f 259 260 257
f 261 257 260
f 260 262 261
f 257 261 263
f 263 264 257
f 258 257 264
f 264 265 258
f 266 267 268
f 268 269 266
f 270 266 269
f 269 271 270
f 266 270 272
f 272 273 266
f 267 266 273
f 273 274 267
f 275 276 277
f 277 278 275
f 279 275 278
f 278 280 279
f 275 279 281
f 281 282 275
f 276 275 282
f 282 283 276
f 284 285 286
f 286 287 284
f 288 284 287
f 287 289 288
f 284 288 290
f 290 291 284
f 285 284 291
f 291 292 285
f 293 294 295
f 295 296 293
f 297 293 296
f 296 298 297
f 293 297 299
f 299 300 293
f 294 293 300
f 300 301 294
f 302 303 304
f 304 305 302
f 306 302 305
f 305 307 306
f 302 306 308
f 308 309 302
f 303 302 309
f 309 310 303
f 311 312 310
f 310 309 311
f 313 311 309
f 309 308 313
f 311 313 314
f 314 315 311
f 312 311 315
f 315 316 312
f 317 318 316
f 316 315 317
f 319 317 315
f 315 314 319
f 317 319 320
f 320 321 317
f 318 317 321
f 321 322 318
f 323 324 322
f 322 321 323
f 325 323 321
f 321 320 325
f 323 325 326
f 326 327 323
f 324 323 327
f 327 286 324
f 253 138 141
f 141 254 253
f 138 253 171
f 171 143 138
f 209 210 328
f 328 329 209
f 141 209 329
f 329 254 141
f 144 330 331
f 331 149 144
f 330 144 147
f 147 332 330
f 333 334 328
f 328 210 333
f 210 211 335
f 335 333 210
f 333 335 336
f 336 337 333
f 334 333 337
f 337 338 334
f 339 340 341
f 341 342 339
f 343 339 342
f 342 344 343
f 339 343 345
f 345 346 339
f 340 339 346
f 346 347 340
f 348 349 347
f 347 346 348
f 350 348 346
f 346 345 350
f 348 350 351
f 351 352 348
f 349 348 352
f 352 353 349
f 354 355 356
f 356 357 354
f 358 354 357
f 357 359 358
f 354 358 360
f 360 361 354
f 355 354 361
f 361 362 355
f 363 364 362
f 362 361 363
f 365 363 361
f 361 360 365
f 363 365 244
f 244 366 363
f 364 363 366
f 366 367 364
f 368 369 344
f 344 342 368
f 370 368 342
f 342 341 370
f 368 370 371
f 371 372 368
f 369 368 372
f 372 373 369
f 374 375 373
f 373 372 374
f 376 374 372
f 372 371 376
f 374 376 377
f 377 378 374
f 375 374 378
f 378 277 375
f 379 278 277
f 277 378 379
f 380 379 378
f 378 377 380
f 379 380 381
f 381 382 379
f 278 379 382
f 382 280 278
f 122 35 38
f 38 117 122
f 195 200 158
f 158 161 195
f 16 18 115
f 115 65 16
f 18 20 31
f 31 115 18
f 383 384 385
f 385 386 383
f 61 383 386
f 386 62 61
f 383 61 60
f 60 387 383
f 384 383 387
f 387 388 384
f 389 390 4
f 4 80 389
f 386 389 80
f 80 62 386
f 389 386 385
f 385 390 389
f 391 392 390
f 390 385 391
f 392 1 4
f 4 390 392
f 393 394 40
f 40 39 393
f 394 21 24
f 24 40 394
f 19 395 32
f 32 20 19
f 395 393 39
f 39 32 395
f 100 396 397
f 397 70 100
f 102 101 397
f 397 396 102
f 398 399 88
f 88 10 398
f 70 397 399
f 399 71 70
f 101 88 399
f 399 397 101
f 400 401 73
f 73 72 400
f 401 11 14
f 14 73 401
f 9 402 398
f 398 10 9
f 402 400 72
f 72 398 402
f 110 75 76
f 76 79 110
f 113 89 75
f 75 110 113
f 132 135 403
f 403 404 132
f 137 132 404
f 404 405 137
f 156 137 405
f 405 406 156
f 153 156 406
f 406 407 153
f 408 409 199
f 199 198 408
f 409 408 135
f 135 134 409
f 410 411 100
f 100 98 410
f 412 410 98
f 98 99 412
f 410 412 265
f 265 413 410
f 411 410 413
f 413 268 411
f 414 415 108
f 108 119 414
f 416 414 119
f 119 118 416
f 414 416 220
f 220 222 414
f 415 414 222
f 222 226 415
f 417 416 118
f 118 106 417
f 418 417 106
f 106 105 418
f 417 418 214
f 214 213 417
f 416 417 213
f 213 220 416
f 419 420 96
f 96 421 419
f 422 419 421
f 421 196 422
f 419 422 193
f 193 423 419
f 420 419 423
f 423 259 420
f 424 425 127
f 127 129 424
f 426 424 129
f 129 130 426
f 424 426 427
f 427 428 424
f 425 424 428
f 428 407 425
f 429 430 94
f 94 121 429
f 431 429 121
f 121 122 431
f 429 431 403
f 403 432 429
f 430 429 432
f 432 197 430
f 433 431 122
f 122 117 433
f 434 433 117
f 117 116 434
f 433 434 405
f 405 404 433
f 431 433 404
f 404 403 431
f 435 434 116
f 116 126 435
f 425 435 126
f 126 127 425
f 435 425 407
f 407 406 435
f 434 435 406
f 406 405 434
f 436 437 109
f 109 107 436
f 415 436 107
f 107 108 415
f 436 415 226
f 226 228 436
f 437 436 228
f 228 232 437
f 438 439 102
f 102 396 438
f 411 438 396
f 396 100 411
f 438 411 268
f 268 267 438
f 439 438 267
f 267 274 439
f 440 441 111
f 111 114 440
f 437 440 114
f 114 109 437
f 440 437 232
f 232 234 440
f 441 440 234
f 234 238 441
f 442 123 111
f 111 441 442
f 443 442 441
f 441 238 443
f 442 443 444
f 444 445 442
f 123 442 445
f 445 124 123
f 149 446 447
f 447 148 149
f 446 337 336
f 336 447 446
f 446 149 331
f 331 448 446
f 337 446 448
f 448 338 337
f 146 449 450
f 450 147 146
f 205 204 450
f 450 449 205
f 450 204 451
f 451 452 450
f 147 450 452
f 452 332 147
f 201 453 189
f 189 187 201
f 175 173 189
f 189 453 175
f 454 455 298
f 298 296 454
f 456 454 296
f 296 295 456
f 454 456 457
f 457 458 454
f 455 454 458
f 458 459 455
f 460 297 298
f 298 461 460
f 462 460 461
f 461 463 462
f 460 462 464
f 464 465 460
f 297 460 465
f 465 299 297
f 466 306 307
f 307 467 466
f 468 466 467
f 467 469 468
f 466 468 470
f 470 471 466
f 306 466 471
f 471 308 306
f 472 313 308
f 308 471 472
f 473 472 471
f 471 470 473
f 472 473 474
f 474 475 472
f 313 472 475
f 475 314 313
f 476 319 314
f 314 475 476
f 477 476 475
f 475 474 477
f 476 477 478
f 478 479 476
f 319 476 479
f 479 320 319
f 480 325 320
f 320 479 480
f 481 480 479
f 479 478 481
f 480 481 283
f 283 482 480
f 325 480 482
f 482 326 325
f 483 484 485
f 485 486 483
f 185 483 486
f 486 183 185
f 483 185 188
f 188 487 483
f 484 483 487
f 487 488 484
f 489 490 181
f 181 182 489
f 486 489 182
f 182 183 486
f 489 486 485
f 485 491 489
f 490 489 491
f 491 492 490
f 493 494 495
f 495 496 493
f 303 493 496
f 496 304 303
f 493 303 310
f 310 497 493
f 494 493 497
f 497 498 494
f 499 500 498
f 498 497 499
f 312 499 497
f 497 310 312
f 499 312 316
f 316 501 499
f 500 499 501
f 501 502 500
f 503 504 502
f 502 501 503
f 318 503 501
f 501 316 318
f 503 318 322
f 322 505 503
f 504 503 505
f 505 506 504
f 507 508 506
f 506 505 507
f 324 507 505
f 505 322 324
f 507 324 286
f 286 285 507
f 508 507 285
f 285 292 508
f 509 510 511
f 511 512 509
f 294 509 512
f 512 295 294
f 509 294 301
f 301 513 509
f 510 509 513
f 513 514 510
f 515 516 492
f 492 491 515
f 517 515 491
f 491 485 517
f 515 517 457
f 457 518 515
f 516 515 518
f 518 519 516
f 520 521 177
f 177 180 520
f 521 164 167
f 167 177 521
f 522 421 96
f 96 95 522
f 430 522 95
f 95 94 430
f 522 430 197
f 197 194 522
f 421 522 194
f 194 196 421
f 523 243 244
f 244 365 523
f 524 523 365
f 365 360 524
f 523 524 463
f 463 525 523
f 243 523 525
f 525 245 243
f 526 527 519
f 519 528 526
f 529 526 528
f 528 511 529
f 526 529 271
f 271 530 526
f 527 526 530
f 530 263 527
f 531 366 244
f 244 242 531
f 252 531 242
f 242 241 252
f 531 252 256
f 256 532 531
f 366 531 532
f 532 367 366
f 533 458 457
f 457 517 533
f 484 533 517
f 517 485 484
f 533 484 488
f 488 534 533
f 458 533 534
f 534 459 458
f 535 518 457
f 457 456 535
f 512 535 456
f 456 295 512
f 535 512 511
f 511 528 535
f 518 535 528
f 528 519 518
f 536 412 99
f 99 97 536
f 420 536 97
f 97 96 420
f 536 420 259
f 259 258 536
f 412 536 258
f 258 265 412
f 537 418 105
f 105 103 537
f 439 537 103
f 103 102 439
f 537 439 274
f 274 538 537
f 418 537 538
f 538 214 418
f 539 513 301
f 301 540 539
f 496 539 540
f 540 304 496
f 539 496 495
f 495 541 539
f 513 539 541
f 541 514 513
f 542 543 359
f 359 544 542
f 545 542 544
f 544 351 545
f 542 545 469
f 469 546 542
f 543 542 546
f 546 464 543
f 547 352 351
f 351 544 547
f 357 547 544
f 544 359 357
f 547 357 356
f 356 548 547
f 352 547 548
f 548 353 352
f 549 300 299
f 299 550 549
f 305 549 550
f 550 307 305
f 549 305 304
f 304 540 549
f 300 549 540
f 540 301 300
f 551 552 514
f 514 541 551
f 553 551 541
f 541 495 553
f 551 553 217
f 217 554 551
f 552 551 554
f 554 272 552
f 160 163 193
f 193 422 160
f 161 160 422
f 422 196 161
f 162 555 192
f 192 163 162
f 555 520 180
f 180 192 555
f 556 423 193
f 193 191 556
f 557 556 191
f 191 179 557
f 556 557 262
f 262 260 556
f 423 556 260
f 260 259 423
f 408 198 197
f 197 432 408
f 135 408 432
f 432 403 135
f 558 246 245
f 245 559 558
f 534 558 559
f 559 459 534
f 558 534 488
f 488 560 558
f 246 558 560
f 560 247 246
f 561 462 463
f 463 524 561
f 358 561 524
f 524 360 358
f 561 358 359
f 359 543 561
f 462 561 543
f 543 464 462
f 562 468 469
f 469 545 562
f 350 562 545
f 545 351 350
f 562 350 345
f 345 563 562
f 468 562 563
f 563 470 468
f 564 473 470
f 470 563 564
f 343 564 563
f 563 345 343
f 564 343 344
f 344 565 564
f 473 564 565
f 565 474 473
f 566 477 474
f 474 565 566
f 369 566 565
f 565 344 369
f 566 369 373
f 373 567 566
f 477 566 567
f 567 478 477
f 568 481 478
f 478 567 568
f 375 568 567
f 567 373 375
f 568 375 277
f 277 276 568
f 481 568 276
f 276 283 481
f 569 525 463
f 463 461 569
f 455 569 461
f 461 298 455
f 569 455 459
f 459 559 569
f 525 569 559
f 559 245 525
f 570 546 469
f 469 467 570
f 550 570 467
f 467 307 550
f 570 550 299
f 299 465 570
f 546 570 465
f 465 464 546
f 571 250 247
f 247 560 571
f 487 571 560
f 560 488 487
f 571 487 188
f 188 190 571
f 250 571 190
f 190 174 250
f 254 329 572
f 572 573 254
f 329 328 574
f 574 572 329
f 451 575 576
f 576 577 451
f 575 578 579
f 579 576 575
f 331 330 580
f 580 581 331
f 330 332 582
f 582 580 330
f 338 448 583
f 583 584 338
f 448 331 581
f 581 583 448
f 328 334 585
f 585 574 328
f 334 338 584
f 584 585 334
f 341 340 586
f 586 587 341
f 340 347 588
f 588 586 340
f 347 349 589
f 589 588 347
f 349 353 590
f 590 589 349
f 356 355 591
f 591 592 356
f 355 362 593
f 593 591 355
f 367 532 594
f 594 595 367
f 532 256 596
f 596 594 532
f 256 255 597
f 597 596 256
f 255 254 573
f 573 597 255
f 371 370 598
f 598 599 371
f 370 341 587
f 587 598 370
f 377 376 600
f 600 601 377
f 376 371 599
f 599 600 376
f 332 452 602
f 602 582 332
f 452 451 577
f 577 602 452
f 362 364 603
f 603 593 362
f 364 367 595
f 595 603 364
f 353 548 604
f 604 590 353
f 548 356 592
f 592 604 548
f 605 606 384
f 384 388 605
f 606 391 385
f 385 384 606
f 131 128 47
f 47 607 131
f 45 44 47
f 47 128 45
f 150 153 407
f 407 428 150
f 155 150 428
f 428 427 155
f 203 206 578
f 578 575 203
f 204 203 575
f 575 451 204
f 608 609 289
f 289 287 608
f 327 608 287
f 287 286 327
f 608 327 326
f 326 610 608
f 609 608 610
f 610 611 609
f 612 613 444
f 444 443 612
f 237 612 443
f 443 238 237
f 612 237 236
f 236 614 612
f 613 612 614
f 614 615 613
f 616 617 611
f 611 610 616
f 482 616 610
f 610 326 482
f 616 482 283
f 283 282 616
f 617 616 282
f 282 281 617
f 381 380 618
f 618 619 381
f 380 377 601
f 601 618 380
f 620 621 622
f 622 623 620
f 621 624 625
f 625 622 621
f 624 626 627
f 627 625 624
f 626 628 629
f 629 627 626
f 630 631 632
f 632 633 630
f 631 634 635
f 635 632 631
f 634 636 637
f 637 635 634
f 636 638 639
f 639 637 636
f 640 641 642
f 642 643 640
f 641 644 645
f 645 642 641
f 644 646 647
f 647 645 644
f 30 29 647
f 647 646 30
f 648 649 650
f 650 651 648
f 649 652 653
f 653 650 649
f 654 655 650
f 650 653 654
f 652 656 657
f 657 653 652
f 640 658 657
f 657 659 640
f 660 661 659
f 659 662 660
f 660 663 664
f 664 661 660
f 644 641 661
f 661 664 644
f 663 665 666
f 666 664 663
f 646 666 607
f 607 30 646
f 667 668 669
f 669 670 667
f 52 53 669
f 669 668 52
f 671 668 667
f 667 672 671
f 668 671 54
f 54 52 668
f 673 671 672
f 672 674 673
f 675 673 674
f 674 676 675
f 673 675 60
f 60 59 673
f 671 673 59
f 59 54 671
f 677 678 679
f 679 680 677
f 677 681 682
f 682 678 677
f 631 678 682
f 682 634 631
f 659 657 656
f 656 662 659
f 683 684 685
f 685 686 683
f 687 685 679
f 679 630 687
f 676 674 688
f 688 689 676
f 620 690 691
f 691 692 620
f 693 694 695
f 695 692 693
f 621 695 696
f 696 624 621
f 624 696 697
f 697 626 624
f 672 667 698
f 698 699 672
f 670 700 698
f 698 667 670
f 701 696 695
f 695 694 701
f 681 702 703
f 703 704 681
f 648 704 703
f 703 705 648
f 706 707 684
f 684 683 706
f 708 701 709
f 709 710 708
f 711 712 713
f 713 714 711
f 679 685 684
f 684 680 679
f 715 697 708
f 708 716 715
f 696 701 708
f 708 697 696
f 698 700 717
f 717 718 698
f 717 719 718
f 720 721 691
f 691 689 720
f 693 692 691
f 691 721 693
f 722 704 648
f 648 651 722
f 722 682 681
f 681 704 722
f 670 669 723
f 723 700 670
f 53 125 723
f 723 669 53
f 716 708 710
f 710 724 716
f 725 726 677
f 677 680 725
f 726 702 681
f 681 677 726
f 705 727 649
f 649 648 705
f 652 649 727
f 727 728 652
f 717 700 723
f 723 729 717
f 729 723 125
f 125 124 729
f 711 718 719
f 719 712 711
f 730 731 721
f 721 720 730
f 731 732 693
f 693 721 731
f 732 733 694
f 694 693 732
f 709 701 694
f 694 733 709
f 734 735 660
f 660 662 734
f 735 736 663
f 663 660 735
f 736 737 665
f 665 663 736
f 130 131 665
f 665 737 130
f 738 739 740
f 740 741 738
f 739 742 743
f 743 740 739
f 744 745 746
f 746 747 744
f 745 748 749
f 749 746 745
f 750 751 752
f 752 753 750
f 751 754 755
f 755 752 751
f 756 757 758
f 758 759 756
f 154 155 758
f 758 757 154
f 742 760 761
f 761 743 742
f 760 756 759
f 759 761 760
f 762 763 764
f 764 765 762
f 766 763 762
f 762 767 766
f 768 769 770
f 770 771 768
f 772 769 768
f 768 773 772
f 774 775 776
f 776 749 774
f 749 748 777
f 777 774 749
f 774 777 778
f 778 779 774
f 775 774 779
f 779 780 775
f 781 782 783
f 783 784 781
f 785 781 784
f 784 786 785
f 781 785 787
f 787 788 781
f 782 781 788
f 788 789 782
f 790 791 783
f 783 782 790
f 771 790 782
f 782 789 771
f 792 790 771
f 771 770 792
f 768 771 789
f 789 793 768
f 773 768 793
f 793 794 773
f 795 773 794
f 794 796 795
f 797 795 796
f 796 798 797
f 799 800 795
f 795 797 799
f 800 772 773
f 773 795 800
f 801 797 798
f 798 802 801
f 779 801 802
f 802 780 779
f 778 803 801
f 801 779 778
f 804 805 791
f 791 806 804
f 805 767 807
f 807 808 805
f 791 805 808
f 808 783 791
f 809 810 811
f 811 812 809
f 765 809 812
f 812 813 765
f 814 815 816
f 816 817 814
f 206 207 816
f 816 815 206
f 747 818 819
f 819 744 747
f 818 820 821
f 821 819 818
f 822 823 824
f 824 825 822
f 826 822 825
f 825 827 826
f 822 826 828
f 828 829 822
f 823 822 829
f 829 830 823
f 831 826 827
f 827 832 831
f 833 831 832
f 832 834 833
f 831 833 835
f 835 836 831
f 826 831 836
f 836 828 826
f 837 833 834
f 834 838 837
f 839 837 838
f 838 840 839
f 837 839 841
f 841 842 837
f 833 837 842
f 842 835 833
f 843 839 840
f 840 844 843
f 845 843 844
f 844 846 845
f 843 845 847
f 847 848 843
f 839 843 848
f 848 841 839
f 849 850 851
f 851 852 849
f 853 849 852
f 852 854 853
f 849 853 855
f 855 856 849
f 850 849 856
f 856 857 850
f 858 852 851
f 851 859 858
f 775 858 859
f 859 776 775
f 858 775 780
f 780 860 858
f 852 858 860
f 860 854 852
f 861 859 851
f 851 862 861
f 863 861 862
f 862 864 863
f 861 863 865
f 865 866 861
f 859 861 866
f 866 776 859
f 867 868 869
f 869 870 867
f 871 867 870
f 870 872 871
f 867 871 873
f 873 874 867
f 868 867 874
f 874 786 868
f 875 876 877
f 877 878 875
f 879 875 878
f 878 880 879
f 875 879 881
f 881 882 875
f 876 875 882
f 882 883 876
f 884 885 886
f 886 887 884
f 888 884 887
f 887 889 888
f 884 888 281
f 281 279 884
f 885 884 279
f 279 280 885
f 890 891 892
f 892 893 890
f 894 890 893
f 893 895 894
f 890 894 290
f 290 288 890
f 891 890 288
f 288 289 891
f 896 897 898
f 898 899 896
f 900 896 899
f 899 901 900
f 896 900 902
f 902 903 896
f 897 896 903
f 903 904 897
f 905 906 907
f 907 908 905
f 909 905 908
f 908 910 909
f 905 909 911
f 911 912 905
f 906 905 912
f 912 913 906
f 914 909 910
f 910 915 914
f 916 914 915
f 915 917 916
f 914 916 918
f 918 919 914
f 909 914 919
f 919 911 909
f 920 916 917
f 917 921 920
f 922 920 921
f 921 923 922
f 920 922 924
f 924 925 920
f 916 920 925
f 925 918 916
f 926 922 923
f 923 927 926
f 928 926 927
f 927 892 928
f 926 928 929
f 929 930 926
f 922 926 930
f 930 924 922
f 746 749 776
f 776 866 746
f 747 746 866
f 866 865 747
f 931 818 747
f 747 865 931
f 818 931 932
f 932 820 818
f 752 755 933
f 933 934 752
f 753 752 934
f 934 935 753
f 936 820 932
f 932 937 936
f 938 936 937
f 937 939 938
f 940 941 936
f 936 938 940
f 942 943 944
f 944 945 942
f 946 942 945
f 945 947 946
f 942 946 948
f 948 949 942
f 943 942 949
f 949 950 943
f 951 946 947
f 947 952 951
f 953 951 952
f 952 954 953
f 951 953 955
f 955 956 951
f 946 951 956
f 956 948 946
f 957 958 959
f 959 960 957
f 961 957 960
f 960 962 961
f 957 961 963
f 963 964 957
f 958 957 964
f 964 965 958
f 966 961 962
f 962 967 966
f 968 966 967
f 967 969 968
f 966 968 857
f 857 970 966
f 961 966 970
f 970 963 961
f 971 943 950
f 950 972 971
f 973 971 972
f 972 974 973
f 971 973 975
f 975 976 971
f 943 971 976
f 976 944 943
f 977 973 974
f 974 978 977
f 979 977 978
f 978 886 979
f 977 979 980
f 980 981 977
f 973 977 981
f 981 975 973
f 982 979 886
f 886 885 982
f 382 982 885
f 885 280 382
f 982 382 381
f 381 983 982
f 979 982 983
f 983 980 979
f 728 984 656
f 656 652 728
f 984 734 662
f 662 656 984
f 764 985 809
f 809 765 764
f 985 986 810
f 810 809 985
f 634 682 722
f 722 636 634
f 987 988 989
f 989 990 987
f 387 987 990
f 990 388 387
f 987 387 60
f 60 675 987
f 988 987 675
f 675 676 988
f 991 690 620
f 620 992 991
f 988 991 992
f 992 989 988
f 991 988 676
f 676 690 991
f 993 989 992
f 992 994 993
f 623 994 992
f 992 620 623
f 995 654 658
f 658 996 995
f 643 996 658
f 658 640 643
f 639 638 655
f 655 997 639
f 997 655 654
f 654 995 997
f 998 999 706
f 706 683 998
f 716 724 999
f 999 998 716
f 686 1000 1001
f 1001 1002 686
f 716 998 1002
f 1002 715 716
f 683 686 1002
f 1002 998 683
f 1003 1000 687
f 687 1004 1003
f 633 1004 687
f 687 630 633
f 629 628 1001
f 1001 1005 629
f 1005 1001 1000
f 1000 1003 1005
f 680 684 707
f 707 725 680
f 720 714 713
f 713 730 720
f 711 714 688
f 688 699 711
f 714 720 689
f 689 688 714
f 718 711 699
f 699 698 718
f 740 1006 1007
f 1007 741 740
f 1006 740 743
f 743 1008 1006
f 761 1009 1008
f 1008 743 761
f 1009 761 759
f 759 1010 1009
f 986 1011 1012
f 1012 810 986
f 1011 738 741
f 741 1012 1011
f 1013 707 706
f 706 1014 1013
f 1015 1013 1014
f 1014 877 1015
f 1013 1015 872
f 872 1016 1013
f 707 1013 1016
f 1016 725 707
f 1017 731 730
f 730 1018 1017
f 832 1017 1018
f 1018 834 832
f 1017 832 827
f 827 1019 1017
f 731 1017 1019
f 1019 732 731
f 1020 733 732
f 732 1019 1020
f 825 1020 1019
f 1019 827 825
f 1020 825 824
f 824 1021 1020
f 733 1020 1021
f 1021 709 733
f 1022 1023 702
f 702 1024 1022
f 1025 1022 1024
f 1024 869 1025
f 1022 1025 807
f 807 1026 1022
f 1023 1022 1026
f 1026 813 1023
f 1027 737 736
f 736 1028 1027
f 1029 1027 1028
f 1028 1010 1029
f 1027 1029 427
f 427 426 1027
f 737 1027 426
f 426 130 737
f 1030 727 705
f 705 1031 1030
f 1032 1030 1031
f 1031 811 1032
f 1030 1032 1007
f 1007 1033 1030
f 727 1030 1033
f 1033 728 727
f 1034 984 728
f 728 1033 1034
f 1006 1034 1033
f 1033 1007 1006
f 1034 1006 1008
f 1008 1035 1034
f 984 1034 1035
f 1035 734 984
f 1036 735 734
f 734 1035 1036
f 1009 1036 1035
f 1035 1008 1009
f 1036 1009 1010
f 1010 1028 1036
f 735 1036 1028
f 1028 736 735
f 1037 713 712
f 712 1038 1037
f 838 1037 1038
f 1038 840 838
f 1037 838 834
f 834 1018 1037
f 713 1037 1018
f 1018 730 713
f 1039 999 724
f 724 1040 1039
f 878 1039 1040
f 1040 880 878
f 1039 878 877
f 877 1014 1039
f 999 1039 1014
f 1014 706 999
f 1041 719 717
f 717 1042 1041
f 844 1041 1042
f 1042 846 844
f 1041 844 840
f 840 1038 1041
f 719 1041 1038
f 1038 712 719
f 1043 1042 717
f 717 729 1043
f 445 1043 729
f 729 124 445
f 1043 445 444
f 444 1044 1043
f 1042 1043 1044
f 1044 846 1042
f 820 936 941
f 941 821 820
f 1045 1046 755
f 755 754 1045
f 1046 1045 940
f 940 938 1046
f 1046 1047 933
f 933 755 1046
f 1047 1046 938
f 938 939 1047
f 1048 1049 750
f 750 753 1048
f 817 1049 1048
f 1048 814 817
f 1048 1050 1051
f 1051 814 1048
f 1050 1048 753
f 753 935 1050
f 801 803 799
f 799 797 801
f 1052 897 904
f 904 1053 1052
f 1054 1052 1053
f 1053 1055 1054
f 1052 1054 1056
f 1056 1057 1052
f 897 1052 1057
f 1057 898 897
f 1058 1059 904
f 904 903 1058
f 1060 1058 903
f 903 902 1060
f 1058 1060 1061
f 1061 1062 1058
f 1059 1058 1062
f 1062 1063 1059
f 1064 1065 913
f 913 912 1064
f 1066 1064 912
f 912 911 1066
f 1064 1066 1067
f 1067 1068 1064
f 1065 1064 1068
f 1068 1069 1065
f 1070 1066 911
f 911 919 1070
f 1071 1070 919
f 919 918 1071
f 1070 1071 1072
f 1072 1073 1070
f 1066 1070 1073
f 1073 1067 1066
f 1074 1071 918
f 918 925 1074
f 1075 1074 925
f 925 924 1075
f 1074 1075 1076
f 1076 1077 1074
f 1071 1074 1077
f 1077 1072 1071
f 1078 1075 924
f 924 930 1078
f 1079 1078 930
f 930 929 1079
f 1078 1079 889
f 889 1080 1078
f 1075 1078 1080
f 1080 1076 1075
f 1081 1082 1083
f 1083 1084 1081
f 1085 1081 1084
f 1084 1086 1085
f 1081 1085 798
f 798 796 1081
f 1082 1081 796
f 796 794 1082
f 1087 793 789
f 789 788 1087
f 1088 1087 788
f 788 787 1088
f 1087 1088 1083
f 1083 1082 1087
f 793 1087 1082
f 1082 794 793
f 1089 1090 1091
f 1091 1092 1089
f 1093 1089 1092
f 1092 1094 1093
f 1089 1093 910
f 910 908 1089
f 1090 1089 908
f 908 907 1090
f 1095 1093 1094
f 1094 1096 1095
f 1097 1095 1096
f 1096 1098 1097
f 1095 1097 917
f 917 915 1095
f 1093 1095 915
f 915 910 1093
f 1099 1097 1098
f 1098 1100 1099
f 1101 1099 1100
f 1100 1102 1101
f 1099 1101 923
f 923 921 1099
f 1097 1099 921
f 921 917 1097
f 1103 1101 1102
f 1102 1104 1103
f 893 1103 1104
f 1104 895 893
f 1103 893 892
f 892 927 1103
f 1101 1103 927
f 927 923 1101
f 1105 1106 1107
f 1107 1108 1105
f 1109 1105 1108
f 1108 1110 1109
f 1105 1109 901
f 901 899 1105
f 1106 1105 899
f 899 898 1106
f 1111 1088 787
f 787 1112 1111
f 1113 1111 1112
f 1112 1114 1113
f 1111 1113 1056
f 1056 1115 1111
f 1088 1111 1115
f 1115 1083 1088
f 790 792 806
f 806 791 790
f 1116 703 702
f 702 1023 1116
f 812 1116 1023
f 1023 813 812
f 1116 812 811
f 811 1031 1116
f 703 1116 1031
f 1031 705 703
f 1117 970 857
f 857 856 1117
f 1118 1117 856
f 856 855 1118
f 1117 1118 1063
f 1063 1119 1117
f 970 1117 1119
f 1119 963 970
f 1120 1121 1114
f 1114 1122 1120
f 1123 1120 1122
f 1122 873 1123
f 1120 1123 883
f 883 1124 1120
f 1121 1120 1124
f 1124 1107 1121
f 1125 850 857
f 857 968 1125
f 1126 1125 968
f 968 969 1126
f 1125 1126 864
f 864 862 1125
f 850 1125 862
f 862 851 850
f 1127 1115 1056
f 1056 1054 1127
f 1128 1127 1054
f 1054 1055 1128
f 1127 1128 1086
f 1086 1084 1127
f 1115 1127 1084
f 1084 1083 1115
f 1129 1057 1056
f 1056 1113 1129
f 1121 1129 1113
f 1113 1114 1121
f 1129 1121 1107
f 1107 1106 1129
f 1057 1129 1106
f 1106 898 1057
f 1130 726 725
f 725 1016 1130
f 870 1130 1016
f 1016 872 870
f 1130 870 869
f 869 1024 1130
f 726 1130 1024
f 1024 702 726
f 1131 710 709
f 709 1021 1131
f 1132 1131 1021
f 1021 824 1132
f 1131 1132 880
f 880 1040 1131
f 710 1131 1040
f 1040 724 710
f 1133 1134 901
f 901 1109 1133
f 1135 1133 1109
f 1109 1110 1135
f 1133 1135 1091
f 1091 1090 1133
f 1134 1133 1090
f 1090 907 1134
f 1136 1137 965
f 965 1138 1136
f 1139 1136 1138
f 1138 1061 1139
f 1136 1139 1069
f 1069 1140 1136
f 1137 1136 1140
f 1140 955 1137
f 1141 1137 955
f 955 953 1141
f 1142 1141 953
f 953 954 1142
f 1141 1142 959
f 959 958 1141
f 1137 1141 958
f 958 965 1137
f 1143 1144 902
f 902 900 1143
f 1134 1143 900
f 900 901 1134
f 1143 1134 907
f 907 906 1143
f 1144 1143 906
f 906 913 1144
f 1145 1135 1110
f 1110 1146 1145
f 1147 1145 1146
f 1146 881 1147
f 1145 1147 830
f 830 1148 1145
f 1135 1145 1148
f 1148 1091 1135
f 762 1026 807
f 807 767 762
f 1026 762 765
f 765 813 1026
f 805 804 766
f 766 767 805
f 1149 808 807
f 807 1025 1149
f 868 1149 1025
f 1025 869 868
f 1149 868 786
f 786 784 1149
f 808 1149 784
f 784 783 808
f 1012 1032 811
f 811 810 1012
f 1032 1012 741
f 741 1007 1032
f 1150 1151 855
f 855 853 1150
f 1152 1150 853
f 853 854 1152
f 1150 1152 1086
f 1086 1128 1150
f 1151 1150 1128
f 1128 1055 1151
f 1153 1119 1063
f 1063 1062 1153
f 1138 1153 1062
f 1062 1061 1138
f 1153 1138 965
f 965 964 1153
f 1119 1153 964
f 964 963 1119
f 1154 1140 1069
f 1069 1068 1154
f 1155 1154 1068
f 1068 1067 1155
f 1154 1155 948
f 948 956 1154
f 1140 1154 956
f 956 955 1140
f 1156 1155 1067
f 1067 1073 1156
f 1157 1156 1073
f 1073 1072 1157
f 1156 1157 950
f 950 949 1156
f 1155 1156 949
f 949 948 1155
f 1158 1157 1072
f 1072 1077 1158
f 1159 1158 1077
f 1077 1076 1159
f 1158 1159 974
f 974 972 1158
f 1157 1158 972
f 972 950 1157
f 1160 1159 1076
f 1076 1080 1160
f 887 1160 1080
f 1080 889 887
f 1160 887 886
f 886 978 1160
f 1159 1160 978
f 978 974 1159
f 1161 1059 1063
f 1063 1118 1161
f 1151 1161 1118
f 1118 855 1151
f 1161 1151 1055
f 1055 1053 1161
f 1059 1161 1053
f 1053 904 1059
f 1162 1065 1069
f 1069 1139 1162
f 1060 1162 1139
f 1139 1061 1060
f 1162 1060 902
f 902 1144 1162
f 1065 1162 1144
f 1144 913 1065
f 1163 1152 854
f 854 860 1163
f 802 1163 860
f 860 780 802
f 1163 802 798
f 798 1085 1163
f 1152 1163 1085
f 1085 1086 1152
f 865 1164 1165
f 1165 931 865
f 932 931 1165
f 1165 1166 932
f 1051 1167 1168
f 1168 1169 1051
f 579 578 1169
f 1169 1168 579
f 933 1170 1171
f 1171 934 933
f 935 934 1171
f 1171 1172 935
f 939 1173 1174
f 1174 1047 939
f 1170 933 1047
f 1047 1174 1170
f 932 1166 1175
f 1175 937 932
f 1173 939 937
f 937 1175 1173
f 944 1176 1177
f 1177 945 944
f 947 945 1177
f 1177 1178 947
f 947 1178 1179
f 1179 952 947
f 954 952 1179
f 1179 1180 954
f 959 1181 1182
f 1182 960 959
f 962 960 1182
f 1182 1183 962
f 969 1184 1185
f 1185 1126 969
f 864 1126 1185
f 1185 1186 864
f 864 1186 1187
f 1187 863 864
f 1164 865 863
f 863 1187 1164
f 975 1188 1189
f 1189 976 975
f 1176 944 976
f 976 1189 1176
f 980 1190 1191
f 1191 981 980
f 1188 975 981
f 981 1191 1188
f 935 1172 1192
f 1192 1050 935
f 1167 1051 1050
f 1050 1192 1167
f 962 1183 1193
f 1193 967 962
f 1184 969 967
f 967 1193 1184
f 954 1180 1194
f 1194 1142 954
f 1181 959 1142
f 1142 1194 1181
f 605 388 990
f 990 1195 605
f 1195 990 989
f 989 993 1195
f 131 607 666
f 666 665 131
f 1029 758 155
f 155 427 1029
f 758 1029 1010
f 1010 759 758
f 815 1169 578
f 578 206 815
f 1169 815 814
f 814 1051 1169
f 1196 891 289
f 289 609 1196
f 1197 1196 609
f 609 611 1197
f 1196 1197 929
f 929 928 1196
f 891 1196 928
f 928 892 891
f 1198 1044 444
f 444 613 1198
f 1199 1198 613
f 613 615 1199
f 1198 1199 847
f 847 845 1198
f 1044 1198 845
f 845 846 1044
f 1200 1197 611
f 611 617 1200
f 888 1200 617
f 617 281 888
f 1200 888 889
f 889 1079 1200
f 1197 1200 1079
f 1079 929 1197
f 381 619 1201
f 1201 983 381
f 1190 980 983
f 983 1201 1190
f 34 33 32
f 32 39 34
f 41 37 40
f 40 24 41
f 44 43 23
f 23 26 44
f 607 47 28
f 28 30 607
f 65 63 13
f 13 16 65
f 14 64 68
f 68 73 14
f 77 76 58
f 58 62 77
f 82 81 80
f 80 4 82
f 87 85 3
f 3 6 87
f 53 48 120
f 120 125 53
f 72 71 399
f 399 398 72
f 638 651 650
f 650 655 638
f 654 653 657
f 657 658 654
f 640 659 661
f 661 641 640
f 644 664 666
f 666 646 644
f 679 678 631
f 631 630 679
f 686 685 687
f 687 1000 686
f 699 688 674
f 674 672 699
f 676 689 691
f 691 690 676
f 620 692 695
f 695 621 620
f 628 626 697
f 697 715 628
f 638 636 722
f 722 651 638
f 628 715 1002
f 1002 1001 628
f 1202 216 217
f 217 553 1202
f 494 1202 553
f 553 495 494
f 1202 494 498
f 498 1203 1202
f 216 1202 1203
f 1203 218 216
f 1204 223 218
f 218 1203 1204
f 500 1204 1203
f 1203 498 500
f 1204 500 502
f 502 1205 1204
f 223 1204 1205
f 1205 224 223
f 1206 229 224
f 224 1205 1206
f 504 1206 1205
f 1205 502 504
f 1206 504 506
f 506 1207 1206
f 229 1206 1207
f 1207 230 229
f 1208 235 230
f 230 1207 1208
f 508 1208 1207
f 1207 506 508
f 1208 508 292
f 292 1209 1208
f 235 1208 1209
f 1209 236 235
f 1210 261 262
f 262 1211 1210
f 516 1210 1211
f 1211 492 516
f 1210 516 519
f 519 527 1210
f 261 1210 527
f 527 263 261
f 1212 270 271
f 271 529 1212
f 510 1212 529
f 529 511 510
f 1212 510 514
f 514 552 1212
f 270 1212 552
f 552 272 270
f 1213 530 271
f 271 269 1213
f 413 1213 269
f 269 268 413
f 1213 413 265
f 265 264 1213
f 530 1213 264
f 264 263 530
f 1214 554 217
f 217 215 1214
f 538 1214 215
f 215 214 538
f 1214 538 274
f 274 273 1214
f 554 1214 273
f 273 272 554
f 1215 614 236
f 236 1209 1215
f 291 1215 1209
f 1209 292 291
f 1215 291 290
f 290 1216 1215
f 614 1215 1216
f 1216 615 614
f 1217 829 828
f 828 1218 1217
f 1092 1217 1218
f 1218 1094 1092
f 1217 1092 1091
f 1091 1148 1217
f 829 1217 1148
f 1148 830 829
f 1219 836 835
f 835 1220 1219
f 1096 1219 1220
f 1220 1098 1096
f 1219 1096 1094
f 1094 1218 1219
f 836 1219 1218
f 1218 828 836
f 1221 842 841
f 841 1222 1221
f 1100 1221 1222
f 1222 1102 1100
f 1221 1100 1098
f 1098 1220 1221
f 842 1221 1220
f 1220 835 842
f 1223 848 847
f 847 1224 1223
f 1104 1223 1224
f 1224 895 1104
f 1223 1104 1102
f 1102 1222 1223
f 848 1223 1222
f 1222 841 848
f 1225 874 873
f 873 1122 1225
f 1112 1225 1122
f 1122 1114 1112
f 1225 1112 787
f 787 785 1225
f 874 1225 785
f 785 786 874
f 1226 882 881
f 881 1146 1226
f 1108 1226 1146
f 1146 1110 1108
f 1226 1108 1107
f 1107 1124 1226
f 882 1226 1124
f 1124 883 882
f 1227 1123 873
f 873 871 1227
f 1015 1227 871
f 871 872 1015
f 1227 1015 877
f 877 876 1227
f 1123 1227 876
f 876 883 1123
f 1228 1147 881
f 881 879 1228
f 1132 1228 879
f 879 880 1132
f 1228 1132 824
f 824 823 1228
f 1147 1228 823
f 823 830 1147
f 1229 1199 615
f 615 1216 1229
f 894 1229 1216
f 1216 290 894
f 1229 894 895
f 895 1224 1229
f 1199 1229 1224
f 1224 847 1199
f 1230 557 179
f 179 178 1230
f 490 1230 178
f 178 181 490
f 1230 490 492
f 492 1211 1230
f 557 1230 1211
f 1211 262 557
f 1231 1232 453
f 453 201 1231
f 1232 1233 175
f 175 453 1232
f 1234 1235 521
f 521 520 1234
f 1235 1236 164
f 164 521 1235
f 1237 1238 555
f 555 162 1237
f 1238 1234 520
f 520 555 1238
f 1239 1240 449
f 449 146 1239
f 1240 1241 205
f 205 449 1240
f 1241 1242 202
f 202 205 1241
f 1242 1243 207
f 207 202 1242
f 1244 1245 335
f 335 211 1244
f 1245 1246 336
f 336 335 1245
f 1246 1247 447
f 447 336 1246
f 1247 1248 148
f 148 447 1247
f 1248 1249 145
f 145 148 1248
f 1249 1239 146
f 146 145 1249
f 1250 1251 208
f 208 140 1250
f 1251 1244 211
f 211 208 1251
f 1252 1253 139
f 139 142 1252
f 1253 1250 140
f 140 139 1253
f 1233 1254 176
f 176 175 1233
f 1254 1252 142
f 142 176 1254
f 1255 1256 159
f 159 158 1255
f 1256 1237 162
f 162 159 1256
f 1257 1258 200
f 200 199 1257
f 1258 1255 158
f 158 200 1258
f 1236 1259 165
f 165 164 1236
f 1259 1260 168
f 168 165 1259
f 1260 1261 186
f 186 168 1260
f 1261 1231 201
f 201 186 1261
f 1262 1263 409
f 409 134 1262
f 1263 1257 199
f 199 409 1263
f 1264 1265 133
f 133 136 1264
f 1265 1262 134
f 134 133 1265
f 1266 1267 157
f 157 152 1266
f 1267 1264 136
f 136 157 1267
f 1268 1269 151
f 151 154 1268
f 1269 1266 152
f 152 151 1269
f 1270 1271 800
f 800 799 1270
f 1271 1272 772
f 772 800 1271
f 1273 1274 792
f 792 770 1273
f 1274 1275 806
f 806 792 1274
f 1275 1276 804
f 804 806 1275
f 1276 1277 766
f 766 804 1276
f 1278 1279 1049
f 1049 817 1278
f 1279 1280 750
f 750 1049 1279
f 1243 1281 816
f 816 207 1243
f 1281 1278 817
f 817 816 1281
f 1282 1283 941
f 941 940 1282
f 1283 1284 821
f 821 941 1283
f 1285 1286 1045
f 1045 754 1285
f 1286 1282 940
f 940 1045 1286
f 1280 1287 751
f 751 750 1280
f 1287 1285 754
f 754 751 1287
f 1288 1289 777
f 777 748 1288
f 1289 1290 778
f 778 777 1289
f 1291 1292 985
f 985 764 1291
f 1292 1293 986
f 986 985 1292
f 1272 1294 769
f 769 772 1272
f 1294 1273 770
f 770 769 1294
f 1293 1295 1011
f 1011 986 1293
f 1295 1296 738
f 738 1011 1295
f 1296 1297 739
f 739 738 1296
f 1297 1298 742
f 742 739 1297
f 1298 1299 760
f 760 742 1298
f 1299 1300 756
f 756 760 1299
f 1284 1301 819
f 819 821 1284
f 1301 1302 744
f 744 819 1301
f 1302 1303 745
f 745 744 1302
f 1303 1288 748
f 748 745 1303
f 1277 1304 763
f 763 766 1277
f 1304 1291 764
f 764 763 1304
f 1290 1305 803
f 803 778 1290
f 1305 1270 799
f 799 803 1305
f 1300 1306 757
f 757 756 1300
f 1306 1268 154
f 154 757 1306
f 1232 1231 1307
f 1307 1308 1232
f 1233 1232 1308
f 1308 1309 1233
f 1235 1234 1310
f 1310 1311 1235
f 1236 1235 1311
f 1311 1312 1236
f 1238 1237 1313
f 1313 1314 1238
f 1234 1238 1314
f 1314 1310 1234
f 1240 1239 1315
f 1315 1316 1240
f 1241 1240 1316
f 1316 1317 1241
f 1242 1241 1317
f 1317 1318 1242
f 1243 1242 1318
f 1318 1319 1243
f 1245 1244 1320
f 1320 1321 1245
f 1246 1245 1321
f 1321 1322 1246
f 1247 1246 1322
f 1322 1323 1247
f 1248 1247 1323
f 1323 1324 1248
f 1249 1248 1324
f 1324 1325 1249
f 1239 1249 1325
f 1325 1315 1239
f 1251 1250 1326
f 1326 1327 1251
f 1244 1251 1327
f 1327 1320 1244
f 1253 1252 1328
f 1328 1329 1253
f 1250 1253 1329
f 1329 1326 1250
f 1254 1233 1309
f 1309 1330 1254
f 1252 1254 1330
f 1330 1328 1252
f 1256 1255 1331
f 1331 1332 1256
f 1237 1256 1332
f 1332 1313 1237
f 1258 1257 1333
f 1333 1334 1258
f 1255 1258 1334
f 1334 1331 1255
f 1259 1236 1312
f 1312 1335 1259
f 1260 1259 1335
f 1335 1336 1260
f 1261 1260 1336
f 1336 1337 1261
f 1231 1261 1337
f 1337 1307 1231
f 1263 1262 1338
f 1338 1339 1263
f 1257 1263 1339
f 1339 1333 1257
f 1265 1264 1340
f 1340 1341 1265
f 1262 1265 1341
f 1341 1338 1262
f 1267 1266 1342
f 1342 1343 1267
f 1264 1267 1343
f 1343 1340 1264
f 1269 1268 1344
f 1344 1345 1269
f 1266 1269 1345
f 1345 1342 1266
f 1271 1270 1346
f 1346 1347 1271
f 1272 1271 1347
f 1347 1348 1272
f 1274 1273 1349
f 1349 1350 1274
f 1275 1274 1350
f 1350 1351 1275
f 1276 1275 1351
f 1351 1352 1276
f 1277 1276 1352
f 1352 1353 1277
f 1279 1278 1354
f 1354 1355 1279
f 1280 1279 1355
f 1355 1356 1280
f 1281 1243 1319
f 1319 1357 1281
f 1278 1281 1357
f 1357 1354 1278
f 1283 1282 1358
f 1358 1359 1283
f 1284 1283 1359
f 1359 1360 1284
f 1286 1285 1361
f 1361 1362 1286
f 1282 1286 1362
f 1362 1358 1282
f 1287 1280 1356
f 1356 1363 1287
f 1285 1287 1363
f 1363 1361 1285
f 1289 1288 1364
f 1364 1365 1289
f 1290 1289 1365
f 1365 1366 1290
f 1292 1291 1367
f 1367 1368 1292
f 1293 1292 1368
f 1368 1369 1293
f 1294 1272 1348
f 1348 1370 1294
f 1273 1294 1370
f 1370 1349 1273
f 1295 1293 1369
f 1369 1371 1295
f 1296 1295 1371
f 1371 1372 1296
f 1297 1296 1372
f 1372 1373 1297
f 1298 1297 1373
f 1373 1374 1298
f 1299 1298 1374
f 1374 1375 1299
f 1300 1299 1375
f 1375 1376 1300
f 1301 1284 1360
f 1360 1377 1301
f 1302 1301 1377
f 1377 1378 1302
f 1303 1302 1378
f 1378 1379 1303
f 1288 1303 1379
f 1379 1364 1288
f 1304 1277 1353
f 1353 1380 1304
f 1291 1304 1380
f 1380 1367 1291
f 1305 1290 1366
f 1366 1381 1305
f 1270 1305 1381
f 1381 1346 1270
f 1306 1300 1376
f 1376 1382 1306
f 1268 1306 1382
f 1382 1344 1268
f 1459 1460 1418
f 1418 1421 1459
f 1461 1459 1421
f 1421 1420 1461
f 1462 1461 1420
f 1420 1458 1462
f 1463 1462 1458
f 1458 1452 1463
f 1464 1463 1452
f 1452 1451 1464
f 1465 1464 1451
f 1451 1450 1465
f 1466 1465 1450
f 1450 1449 1466
f 1467 1466 1449
f 1449 1448 1467
f 1468 1467 1448
f 1448 1447 1468
f 1469 1468 1447
f 1447 1445 1469
f 1470 1469 1445
f 1445 1444 1470
f 1471 1470 1444
f 1444 1443 1471
f 1472 1471 1443
f 1443 1456 1472
f 1473 1472 1456
f 1456 1429 1473
f 1474 1473 1429
f 1429 1428 1474
f 1475 1474 1428
f 1428 1427 1475
f 1476 1475 1427
f 1427 1426 1476
f 1477 1476 1426
f 1426 1425 1477
f 1478 1477 1425
f 1425 1446 1478
f 1479 1478 1446
f 1446 1424 1479
f 1480 1479 1424
f 1424 1423 1480
f 1481 1480 1423
f 1423 1422 1481
f 1482 1481 1422
f 1422 1457 1482
f 1483 1482 1457
f 1457 1442 1483
f 1484 1483 1442
f 1442 1441 1484
f 1485 1484 1441
f 1441 1440 1485
f 1486 1485 1440
f 1440 1455 1486
f 1487 1486 1455
f 1455 1454 1487
f 1488 1487 1454
f 1454 1453 1488
f 1489 1488 1453
f 1453 1436 1489
f 1490 1489 1436
f 1436 1435 1490
f 1491 1490 1435
f 1435 1434 1491
f 1492 1491 1434
f 1434 1438 1492
f 1493 1492 1438
f 1438 1437 1493
f 1494 1493 1437
f 1437 1439 1494
f 1495 1494 1439
f 1439 1432 1495
f 1496 1495 1432
f 1432 1431 1496
f 1497 1496 1431
f 1431 1430 1497
f 1498 1497 1430
f 1430 1433 1498
f 1499 1498 1433
f 1433 1395 1499
f 1500 1499 1395
f 1395 1394 1500
f 1501 1500 1394
f 1394 1393 1501
f 1502 1501 1393
f 1393 1392 1502
f 1503 1502 1392
f 1392 1391 1503
f 1504 1503 1391
f 1391 1401 1504
f 1505 1504 1401
f 1401 1400 1505
f 1506 1505 1400
f 1400 1399 1506
f 1507 1506 1399
f 1399 1398 1507
f 1508 1507 1398
f 1398 1397 1508
f 1509 1508 1397
f 1397 1396 1509
f 1510 1509 1396
f 1396 1403 1510
f 1511 1510 1403
f 1403 1402 1511
f 1512 1511 1402
f 1402 1405 1512
f 1513 1512 1405
f 1405 1404 1513
f 1514 1513 1404
f 1404 1406 1514
f 1515 1514 1406
f 1406 1385 1515
f 1516 1515 1385
f 1385 1384 1516
f 1517 1516 1384
f 1384 1383 1517
f 1518 1517 1383
f 1383 1413 1518
f 1519 1518 1413
f 1413 1412 1519
f 1520 1519 1412
f 1412 1411 1520
f 1521 1520 1411
f 1411 1388 1521
f 1522 1521 1388
f 1388 1387 1522
f 1523 1522 1387
f 1387 1386 1523
f 1524 1523 1386
f 1386 1390 1524
f 1525 1524 1390
f 1390 1389 1525
f 1526 1525 1389
f 1389 1408 1526
f 1527 1526 1408
f 1408 1407 1527
f 1528 1527 1407
f 1407 1410 1528
f 1529 1528 1410
f 1410 1409 1529
f 1530 1529 1409
f 1409 1415 1530
f 1531 1530 1415
f 1415 1414 1531
f 1532 1531 1414
f 1414 1417 1532
f 1533 1532 1417
f 1417 1416 1533
f 1534 1533 1416
f 1416 1419 1534
f 1460 1534 1419
f 1419 1418 1460
f 1551 1550 1559
f 1559 1558 1582
f 1582 1574 1575
f 1559 1582 1575
f 1575 1561 1560
f 1560 1562 1563
f 1575 1560 1563
f 1563 1564 1581
f 1581 1579 1580
f 1563 1581 1580
f 1575 1563 1580
f 1580 1566 1565
f 1565 1567 1568
f 1580 1565 1568
f 1568 1569 1578
f 1578 1576 1577
f 1568 1578 1577
f 1580 1568 1577
f 1577 1571 1570
f 1570 1572 1573
f 1577 1570 1573
f 1573 1549 1548
f 1548 1547 1546
f 1573 1548 1546
f 1577 1573 1546
f 1580 1577 1546
f 1546 1545 1553
f 1553 1552 1554
f 1546 1553 1554
f 1554 1544 1543
f 1543 1542 1541
f 1554 1543 1541
f 1546 1554 1541
f 1541 1540 1556
f 1556 1555 1557
f 1541 1556 1557
f 1557 1539 1538
f 1538 1537 1536
f 1557 1538 1536
f 1541 1557 1536
f 1546 1541 1536
f 1580 1546 1536
f 1575 1580 1536
f 1559 1575 1536
f 1551 1559 1536
f 1535 1551 1536
f 1585 1586 1587
f 1587 1588 1589
f 1589 1590 1591
f 1587 1589 1591
f 1591 1592 1593
f 1593 1594 1595
f 1591 1593 1595
f 1595 1596 1597
f 1597 1598 1599
f 1595 1597 1599
f 1591 1595 1599
f 1599 1600 1601
f 1601 1602 1603
f 1599 1601 1603
f 1603 1604 1605
f 1605 1606 1607
f 1603 1605 1607
f 1599 1603 1607
f 1591 1599 1607
f 1607 1608 1609
f 1609 1610 1611
f 1607 1609 1611
f 1611 1612 1613
f 1613 1614 1615
f 1611 1613 1615
f 1607 1611 1615
f 1615 1616 1617
f 1617 1618 1619
f 1615 1617 1619
f 1619 1620 1621
f 1621 1622 1623
f 1619 1621 1623
f 1615 1619 1623
f 1607 1615 1623
f 1623 1624 1625
f 1625 1626 1627
f 1623 1625 1627
f 1627 1628 1629
f 1629 1630 1631
f 1627 1629 1631
f 1623 1627 1631
f 1631 1632 1633
f 1633 1634 1635
f 1631 1633 1635
f 1635 1636 1637
f 1637 1638 1639
f 1635 1637 1639
f 1631 1635 1639
f 1623 1631 1639
f 1607 1623 1639
f 1639 1640 1641
f 1641 1642 1643
f 1639 1641 1643
f 1643 1644 1645
f 1645 1646 1647
f 1643 1645 1647
f 1639 1643 1647
f 1647 1648 1649
f 1649 1650 1651
f 1647 1649 1651
f 1651 1652 1653
f 1653 1654 1655
f 1651 1653 1655
f 1647 1651 1655
f 1639 1647 1655
f 1607 1639 1655
f 1591 1607 1655
f 1655 1656 1657
f 1657 1658 1584
f 1655 1657 1584
f 1591 1655 1584
f 1587 1591 1584
f 1585 1587 1584
f 1583 1585 1584
f 1683 1671 1674
f 1671 1673 1674
f 1696 1719 1698
f 1719 1699 1698
f 1718 1690 1683
f 1690 1685 1683
f 1685 1684 1683
f 1687 1663 1662
f 1668 1665 1687
f 1665 1667 1687
f 1668 1666 1665
f 1721 1704 1718
f 1704 1716 1718
f 1716 1715 1718
f 1704 1703 1716
f 1721 1706 1704
f 1706 1705 1704
f 1721 1707 1706
f 1720 1709 1721
f 1709 1708 1721
f 1720 1710 1709
f 1702 1693 1714
f 1693 1692 1714
f 1702 1694 1693
f 1698 1701 1702
f 1701 1700 1702
f 1698 1697 1701
f 1687 1696 1698
f 1696 1695 1719
f 1687 1662 1696
f 1662 1664 1696
f 1670 1669 1668
f 1668 1687 1659
f 1687 1698 1659
f 1676 1688 1679
f 1679 1681 1682
f 1721 1683 1659
f 1698 1721 1659
f 1688 1680 1679
f 1682 1660 1659
f 1690 1686 1685
f 1721 1718 1683
f 1683 1672 1671
f 1718 1722 1690
f 1718 1717 1722
f 1722 1691 1690
f 1661 1670 1659
f 1670 1668 1659
f 1712 1711 1720
f 1714 1713 1712
f 1698 1714 1721
f 1714 1720 1721
f 1683 1676 1659
f 1676 1679 1659
f 1679 1682 1659
f 1714 1712 1720
f 1683 1674 1676
f 1674 1689 1676
f 1698 1702 1714
f 1676 1678 1688
f 1689 1677 1676
f 1674 1675 1689

