# https://github.com/mikedh/trimesh
v 63.07535172 -64.50708008 18.66700935
v 62.91336441 -65.23803711 18.33250618
v 63.00872421 -64.70410919 0.00000000
v 62.96556473 -65.94312286 17.87700081
v 62.92197418 -65.67504883 0.00000000
v 63.44576263 -63.85815430 18.82760811
v 63.46067429 -63.83911133 0.00000000
v 62.96556473 -65.94312286 17.87700081
v 62.92197418 -65.67504883 0.00000000
v 63.21363449 -66.60607910 17.31520271
v 63.21363449 -66.60607910 0.00000000
v 64.22399139 -63.20507812 18.75180244
v 63.80141449 -63.49207306 18.83239937
v 64.20903778 -63.21411133 0.00000000
v 63.44576263 -63.85815430 18.82760811
v 63.46067429 -63.83911133 0.00000000
v 64.93612671 -62.95214844 18.48050117
v 65.13985443 -62.92211914 0.00000000
v 66.16699219 -63.02612305 17.69169807
v 65.69293213 -62.92407227 18.04339790
v 66.11144257 -63.00916290 0.00000000
v 64.93612671 -62.95214844 18.48050117
v 65.13985443 -62.92211914 0.00000000
v 66.97588348 -63.46008301 0.00000000
v 66.99492645 -63.47607422 16.89180183
v 66.97588348 -63.46008301 0.00000000
v 66.99492645 -63.47607422 16.89180183
v 67.60155487 -64.20911407 0.00000000
v 67.60155487 -64.20911407 16.02769661
v 67.24188232 -67.10607910 14.33479500
v 67.62100983 -66.57006836 14.44040108
v 67.35451508 -66.97608185 0.00000000
v 67.85063171 -65.93811035 14.71159554
v 67.80647278 -66.11109161 0.00000000
v 66.76330566 -67.50806427 14.38870430
v 66.60616302 -67.60108185 0.00000000
v 67.85063171 -65.93811035 14.71159554
v 67.80647278 -66.11109161 0.00000000
v 67.88378143 -65.06311035 15.27639961
v 67.89321136 -65.14014435 0.00000000
v 67.60155487 -64.20911407 0.00000000
v 67.60155487 -64.20911407 16.02769661
v 67.88378143 -65.06311035 15.27639961
v 67.89321136 -65.14014435 0.00000000
v 65.89225006 -67.86010742 14.74330330
v 66.18777466 -67.78308868 14.59480476
v 65.67533112 -67.89307404 0.00000000
v 66.76330566 -67.50806427 14.38870430
v 66.60616302 -67.60108185 0.00000000
v 64.55534363 -67.75806427 15.70939827
v 65.06850433 -67.88416290 15.28300667
v 64.70374298 -67.80615997 0.00000000
v 63.83931351 -67.35413361 0.00000000
v 63.79628372 -67.31909943 16.49270821
v 63.21363449 -66.60607910 17.31520271
v 63.21363449 -66.60607910 0.00000000
v 63.83931351 -67.35413361 0.00000000
v 63.79628372 -67.31909943 16.49270821
v 60.75594330 -63.41809082 21.60890388
v 63.00872421 -64.70410919 0.00000000
v 62.92197418 -65.67504883 0.00000000
v 63.21363449 -66.60607910 0.00000000
v 64.20903778 -63.21411133 0.00000000
v 63.46067429 -63.83911133 0.00000000
v 66.11144257 -63.00916290 0.00000000
v 65.13985443 -62.92211914 0.00000000
v 66.97588348 -63.46008301 0.00000000
v 67.60155487 -64.20911407 0.00000000
v 67.35451508 -66.97608185 0.00000000
v 67.80647278 -66.11109161 0.00000000
v 67.89321136 -65.14014435 0.00000000
v 65.67533112 -67.89307404 0.00000000
v 66.60616302 -67.60108185 0.00000000
v 64.70374298 -67.80615997 0.00000000
v 63.83931351 -67.35413361 0.00000000
v 0.00368100 84.50199127 0.00000000
v -50.50488663 75.00000000 0.00000000
v -40.04636765 84.50199127 0.00000000
v -44.13646698 84.53878784 0.00000000
v -63.83889008 67.35401154 0.00000000
v -57.08701706 66.10401154 0.00000000
v -63.21320724 66.60596466 0.00000000
v -57.08701706 -66.10413361 0.00000000
v -56.08637619 -68.49804688 0.00000000
v -55.40386581 -71.00012970 0.00000000
v -63.86066437 -58.38903809 0.00000000
v -61.80451584 -59.97106934 0.00000000
v -72.28759766 -54.95104980 0.00000000
v -51.85727692 74.81397247 0.00000000
v -53.10883713 74.26782227 0.00000000
v -70.51117706 75.31983185 0.00000000
v -65.46840668 89.26589203 0.00000000
v -61.02913666 87.70578766 0.00000000
v -67.70169067 89.99678802 0.00000000
v -71.39679718 77.69580078 0.00000000
v -72.11528015 91.01689148 0.00000000
v -70.78321075 76.57202148 0.00000000
v -73.42635345 79.21582031 0.00000000
v -74.67785645 79.48779297 0.00000000
v -74.34893799 91.19089508 0.00000000
v 78.60320282 77.69580078 0.00000000
v 78.86936188 90.64888763 0.00000000
v 79.21680450 76.57202148 0.00000000
v 70.51161194 74.67993164 0.00000000
v 53.10926437 74.26782227 0.00000000
v 51.85770416 74.81397247 0.00000000
v 61.80492401 -59.97106934 0.00000000
v 70.63549042 -90.75915527 0.00000000
v 70.51161194 -75.32006836 0.00000000
v 70.78362274 -76.57215118 0.00000000
v 67.70904541 -89.99707031 0.00000000
v -74.04412842 -79.39710236 0.00000000
v -72.84396362 -78.95008087 0.00000000
v -74.34893799 -91.19104004 0.00000000
v -52.01312637 85.28199005 0.00000000
v -49.77904510 84.94579315 0.00000000
v -46.96433640 84.67288971 0.00000000
v -74.99978638 -50.50512695 0.00000000
v -87.70274353 -61.03308105 0.00000000
v -86.72969818 -58.03710938 0.00000000
v -85.72178650 -54.23206329 0.00000000
v -85.27866364 -52.01708984 0.00000000
v -84.94270325 -49.78308105 0.00000000
v -84.66898346 -46.96813965 0.00000000
v -84.53589630 -44.14014053 0.00000000
v -74.99978638 50.50488281 0.00000000
v 50.50532150 75.00000000 0.00000000
v 40.05373383 84.50199127 0.00000000
v 44.14383316 84.53878784 0.00000000
v 46.97169113 84.67288971 0.00000000
v 49.78640366 84.94579315 0.00000000
v 52.02048111 85.28199005 0.00000000
v 54.23537445 85.72489166 0.00000000
v 58.04079437 86.73289490 0.00000000
v 61.03650284 87.70578766 0.00000000
v 65.47578430 89.26589203 0.00000000
v 67.70904541 89.99678802 0.00000000
v 70.60325623 75.95679474 0.00000000
v -79.48838806 -75.32006836 0.00000000
v -79.21637726 -76.57215118 0.00000000
v -80.31565857 -90.20008087 0.00000000
v -81.70027924 -89.63012695 0.00000000
v -83.02763367 -88.93505859 0.00000000
v -84.28681946 -88.12011719 0.00000000
v -85.46604919 -87.19409943 0.00000000
v -86.55603790 -86.16503906 0.00000000
v -87.54815674 -85.04003906 0.00000000
v -88.43322754 -83.83007812 0.00000000
v -89.20359802 -82.54505157 0.00000000
v -89.85561371 -81.18908691 0.00000000
v -90.38050842 -79.78015900 0.00000000
v -90.77517700 -78.33007812 0.00000000
v -91.03923035 -76.85108185 0.00000000
v -70.51117706 -74.68006134 0.00000000
v -54.95079803 -72.28809357 0.00000000
v -54.16629791 -73.40515900 0.00000000
v -53.10883713 -74.26807404 0.00000000
v -51.85727692 -74.81408691 0.00000000
v -50.50488663 -75.00012970 0.00000000
v -52.01312637 -85.28211212 0.00000000
v -70.60281372 -75.95812988 0.00000000
v -54.22801590 -85.72509766 0.00000000
v -58.03343582 -86.73316193 0.00000000
v -61.02913666 -87.70606232 0.00000000
v -65.46840668 -89.26708984 0.00000000
v -67.70169067 -89.99707031 0.00000000
v -70.62812805 -90.75915527 0.00000000
v -72.11528015 -91.01708984 0.00000000
v -71.05066681 -77.15711212 0.00000000
v 70.60325623 -74.04309082 0.00000000
v 50.50532150 -75.00012970 0.00000000
v 51.85770416 -74.81408691 0.00000000
v 53.10926437 -74.26807404 0.00000000
v 79.39719391 -75.95812988 0.00000000
v 79.48882294 -74.68006134 0.00000000
v 91.19457245 -74.35314941 0.00000000
v 91.04658508 -76.85108185 0.00000000
v 90.78253937 -78.33007812 0.00000000
v 90.38786316 -79.78015900 0.00000000
v 89.86298370 -81.18908691 0.00000000
v 89.21095276 -82.54505157 0.00000000
v 88.44058990 -83.83007812 0.00000000
v 87.55552673 -85.04003906 0.00000000
v 86.56339264 -86.16503906 0.00000000
v 85.47340393 -87.19409943 0.00000000
v 84.29417419 -88.12011719 0.00000000
v 83.03500366 -88.93505859 0.00000000
v 81.70764160 -89.63012695 0.00000000
v 80.32301331 -90.20008087 0.00000000
v 78.86936188 -90.64904785 0.00000000
v 78.94933319 -77.15711212 0.00000000
v -89.26287842 -65.47205353 0.00000000
v -74.67785645 -70.51209259 0.00000000
v -75.95543671 -70.60314941 0.00000000
v -77.15560913 -71.05004883 0.00000000
v -78.18113708 -71.81713867 0.00000000
v -78.94891357 -72.84313965 0.00000000
v -79.39675903 -74.04309082 0.00000000
v -74.81343079 -51.85815430 0.00000000
v -74.26821899 -53.10913086 0.00000000
v -73.40482330 -54.16711426 0.00000000
v -70.78321075 -73.42810059 0.00000000
v -71.39679718 -72.30407715 0.00000000
v -72.30230713 -71.39807892 0.00000000
v -73.42635345 -70.78405762 0.00000000
v 54.16671371 -73.40515900 0.00000000
v 54.95120239 -72.28809357 0.00000000
v 55.40429306 -71.00012970 0.00000000
v 56.08679199 -68.49804688 0.00000000
v 57.08743286 -66.10413361 0.00000000
v 75.32214355 -70.51209259 0.00000000
v 74.04456329 -70.60314941 0.00000000
v 72.84439087 -71.05004883 0.00000000
v 71.81887054 -71.81713867 0.00000000
v 71.05109406 -72.84313965 0.00000000
v 87.71010590 -61.03308105 0.00000000
v 89.27023315 -65.47205353 0.00000000
v 68.49768066 -56.08704376 0.00000000
v 71.00020599 -55.40405273 0.00000000
v 72.28799438 -54.95104980 0.00000000
v 73.40523529 -54.16711426 0.00000000
v 74.26864624 -53.10913086 0.00000000
v 74.81384277 -51.85815430 0.00000000
v 75.00021362 -50.50512695 0.00000000
v 79.21680450 -73.42810059 0.00000000
v 78.60320282 -72.30407715 0.00000000
v 77.69769287 -71.39807892 0.00000000
v 76.57365417 -70.78405762 0.00000000
v -80.31565857 90.19998932 0.00000000
v -78.86200714 90.64888763 0.00000000
v -78.94891357 77.15698242 0.00000000
v -79.39675903 75.95679474 0.00000000
v -91.03923035 76.85083008 0.00000000
v -90.77517700 78.32984161 0.00000000
v -90.38050842 79.77880859 0.00000000
v -89.85561371 81.18897247 0.00000000
v -89.20359802 82.54489136 0.00000000
v -88.43322754 83.82978821 0.00000000
v -87.54815674 85.03979492 0.00000000
v -86.55603790 86.16479492 0.00000000
v -85.46604919 87.19389343 0.00000000
v -84.28681946 88.11988831 0.00000000
v -83.02763367 88.93379211 0.00000000
v -81.70027924 89.62889099 0.00000000
v -79.48838806 74.67993164 0.00000000
v -89.26287842 65.47193146 0.00000000
v -89.99324036 67.70484161 0.00000000
v -90.75518799 70.63184357 0.00000000
v -91.01313782 72.11890411 0.00000000
v -91.18721771 74.35278320 0.00000000
v -70.62812805 90.75878906 0.00000000
v -58.03343582 86.73289490 0.00000000
v -54.22801590 85.72489166 0.00000000
v -70.60281372 74.04296875 0.00000000
v -54.16629791 73.40479279 0.00000000
v -54.95079803 72.28784180 0.00000000
v -55.40386581 71.00000000 0.00000000
v -56.08637619 68.49683380 0.00000000
v -65.67489624 67.89282227 0.00000000
v -66.60572815 67.60083008 0.00000000
v -67.35408783 66.97583008 0.00000000
v -67.80603790 66.11083984 0.00000000
v -64.70332336 67.80590820 0.00000000
v 79.39719391 74.04296875 0.00000000
v 79.48882294 75.31983185 0.00000000
v 91.19457245 74.35278320 0.00000000
v 91.02049255 72.11890411 0.00000000
v 90.76255035 70.63184357 0.00000000
v 90.00059509 67.70484161 0.00000000
v 89.27023315 65.47193146 0.00000000
v 87.71010590 61.03295898 0.00000000
v 86.73705292 58.03687286 0.00000000
v 85.72915649 54.23193359 0.00000000
v 85.28602600 52.01685333 0.00000000
v 84.95006561 49.78295898 0.00000000
v 84.67635345 46.96801758 0.00000000
v 84.54326630 44.13989258 0.00000000
v 84.50584412 40.04979706 0.00000000
v 75.00021362 50.50488281 0.00000000
v 75.95587158 70.60278320 0.00000000
v 77.15604401 71.04981232 0.00000000
v 78.18156433 71.81690216 0.00000000
v 78.94933319 72.84301758 0.00000000
v -79.21637726 73.42797852 0.00000000
v -78.60276794 72.30396271 0.00000000
v -77.69725800 71.39794922 0.00000000
v -76.57321930 70.78394318 0.00000000
v -67.89277649 65.13989258 0.00000000
v -68.49729919 56.08692169 0.00000000
v -87.70274353 61.03295898 0.00000000
v -70.99980927 55.40380859 0.00000000
v -72.28759766 54.95092773 0.00000000
v -73.40482330 54.16602325 0.00000000
v -74.26821899 53.10889435 0.00000000
v -74.81343079 51.85791016 0.00000000
v -75.32171631 70.51196289 0.00000000
v -74.04412842 70.60278320 0.00000000
v -72.84396362 71.04981232 0.00000000
v -71.81844330 71.81690216 0.00000000
v -71.05066681 72.84301758 0.00000000
v -84.49846649 -40.05004883 0.00000000
v -84.49846649 0.00000000 0.00000000
v -84.49846649 40.04979706 0.00000000
v -84.53589630 44.13989258 0.00000000
v -84.66898346 46.96801758 0.00000000
v -84.94270325 49.78295898 0.00000000
v -85.27866364 52.01685333 0.00000000
v -85.72178650 54.23193359 0.00000000
v -86.72969818 58.03687286 0.00000000
v -67.60112762 64.20899200 0.00000000
v -66.97544861 63.45996094 0.00000000
v -66.11103058 63.00781250 0.00000000
v -66.10415649 57.08692169 0.00000000
v 80.32301331 90.19998932 0.00000000
v 81.70764160 89.62889099 0.00000000
v 83.03500366 88.93379211 0.00000000
v 84.29417419 88.11988831 0.00000000
v 85.47340393 87.19389343 0.00000000
v 86.56339264 86.16479492 0.00000000
v 87.55552673 85.03979492 0.00000000
v 88.44058990 83.82978821 0.00000000
v 89.21095276 82.54489136 0.00000000
v 89.86298370 81.18897247 0.00000000
v 90.38786316 79.77880859 0.00000000
v 90.78253937 78.32984161 0.00000000
v 91.04658508 76.85083008 0.00000000
v 84.50584412 0.00000000 0.00000000
v 84.50584412 -40.05004883 0.00000000
v 84.54326630 -44.14014053 0.00000000
v 84.67635345 -46.96813965 0.00000000
v 84.95006561 -49.78308105 0.00000000
v 85.28602600 -52.01708984 0.00000000
v 85.72915649 -54.23206329 0.00000000
v 86.73705292 -58.03710938 0.00000000
v 54.95120239 72.28784180 0.00000000
v 66.10455322 57.08692169 0.00000000
v 63.86105347 58.38892365 0.00000000
v 61.80492401 59.97095490 0.00000000
v 59.97075272 61.80493164 0.00000000
v 58.38938141 63.86083984 0.00000000
v 55.40429306 71.00000000 0.00000000
v 54.16671371 73.40479279 0.00000000
v 68.49768066 56.08692169 0.00000000
v 66.10455322 -57.08704376 0.00000000
v 63.86105347 -58.38903809 0.00000000
v 90.00059509 -67.70507812 0.00000000
v 90.76255035 -70.63208008 0.00000000
v 91.02049255 -72.11914062 0.00000000
v 65.47578430 -89.26708984 0.00000000
v 61.03650284 -87.70606232 0.00000000
v 58.04079437 -86.73316193 0.00000000
v 54.23537445 -85.72509766 0.00000000
v 52.02048111 -85.28211212 0.00000000
v 49.78640366 -84.94604492 0.00000000
v 46.97169113 -84.67309570 0.00000000
v 44.14383316 -84.54003906 0.00000000
v 40.05373383 -84.50207520 0.00000000
v 30.02933502 -84.50207520 0.00000000
v 28.00021553 -84.50207520 0.00000000
v 25.00021553 -84.50207520 0.00000000
v -24.99979591 -84.50207520 0.00000000
v -27.99979591 -84.50207520 0.00000000
v -31.23932457 -84.50207520 0.00000000
v -40.04636765 -84.50207520 0.00000000
v -44.13646698 -84.54003906 0.00000000
v -46.96433640 -84.67309570 0.00000000
v -49.77904510 -84.94604492 0.00000000
v -91.18721771 -74.35314941 0.00000000
v -91.01313782 -72.11914062 0.00000000
v -90.75518799 -70.63208008 0.00000000
v -89.99324036 -67.70507812 0.00000000
v -70.99980927 -55.40405273 0.00000000
v -68.49729919 -56.08704376 0.00000000
v -66.10415649 -57.08704376 0.00000000
v -58.38897705 -63.86108398 0.00000000
v -59.97034836 -61.80505371 0.00000000
v 58.38938141 -63.86108398 0.00000000
v 59.97075272 -61.80505371 0.00000000
v -62.92153549 65.67481232 0.00000000
v -58.38897705 63.86083984 0.00000000
v -63.00828552 64.70288086 0.00000000
v -59.97034836 61.80493164 0.00000000
v -61.80451584 59.97095490 0.00000000
v -64.20861053 63.21289062 0.00000000
v -63.46023560 63.83887482 0.00000000
v -63.86066437 58.38892365 0.00000000
v -65.13942719 62.92188263 0.00000000
v -72.30230713 78.60181427 0.00000000
v -78.18113708 78.18189240 0.00000000
v -77.37133789 90.96488953 0.00000000
v -77.15560913 78.94995117 0.00000000
v -75.86328888 91.14498901 0.00000000
v -75.95543671 79.39697266 0.00000000
v 75.32214355 79.48779297 0.00000000
v 75.87064362 91.14498901 0.00000000
v 76.57365417 79.21582031 0.00000000
v 77.37869263 90.96488953 0.00000000
v 77.69769287 78.60181427 0.00000000
v 71.81887054 78.18189240 0.00000000
v 72.12263489 91.01689148 0.00000000
v 72.84439087 78.94995117 0.00000000
v 74.35629272 91.19089508 0.00000000
v 74.04456329 79.39697266 0.00000000
v 70.63549042 90.75878906 0.00000000
v 71.05109406 77.15698242 0.00000000
v 73.40523529 54.16602325 0.00000000
v 73.42678070 70.78394318 0.00000000
v 74.26864624 53.10889435 0.00000000
v 74.67828369 70.51196289 0.00000000
v 74.81384277 51.85791016 0.00000000
v 70.78362274 73.42797852 0.00000000
v 71.39723969 72.30396271 0.00000000
v 71.00020599 55.40380859 0.00000000
v 72.30274200 71.39794922 0.00000000
v 72.28799438 54.95092773 0.00000000
v 56.08679199 68.49683380 0.00000000
v 57.08743286 66.10401154 0.00000000
v 77.15604401 -78.95008087 0.00000000
v 78.18156433 -78.18311310 0.00000000
v 77.37869263 -90.96508789 0.00000000
v 72.30274200 -78.60205078 0.00000000
v 73.42678070 -79.21607208 0.00000000
v 72.12263489 -91.01708984 0.00000000
v 74.67828369 -79.48914337 0.00000000
v 74.35629272 -91.19104004 0.00000000
v 75.95587158 -79.39710236 0.00000000
v 75.87064362 -91.14514923 0.00000000
v 71.39723969 -77.69605255 0.00000000
v -71.81844330 -78.18311310 0.00000000
v -77.69725800 -78.60205078 0.00000000
v -76.57321930 -79.21607208 0.00000000
v -77.37133789 -90.96508789 0.00000000
v -75.32171631 -79.48914337 0.00000000
v -75.86328888 -91.14514923 0.00000000
v -78.86200714 -90.64904785 0.00000000
v -78.60276794 -77.69605255 0.00000000
v -79.86319733 69.29102325 12.00000095
v -79.96994019 69.38281250 8.00000000
v -80.25626373 69.64990234 12.00000095
v -76.02497864 67.56983185 12.00000095
v -75.38362885 67.51000977 8.00000000
v -76.54985046 67.66187286 12.00000095
v -74.43003845 67.52197266 12.00000095
v -73.70729065 67.61182404 8.00000000
v -74.96238708 67.50000000 12.00000095
v -72.86087799 67.81079102 12.00000095
v -72.09574890 68.08496094 8.00000000
v -73.37661743 67.67797852 12.00000095
v -72.35592651 67.98096466 12.00000095
v -71.86431885 68.18701172 12.00000095
v -78.59546661 68.41796875 8.00000000
v -79.44558716 68.95996094 12.00000095
v -79.00554657 68.65894318 12.00000095
v -78.54528809 68.39086914 12.00000095
v -77.04073334 67.78295898 8.00000000
v -78.06713867 68.15601349 12.00000095
v -77.57350922 67.95484161 12.00000095
v -77.06688690 67.78980255 12.00000095
v -70.62983704 68.90479279 8.00000000
v -71.38854980 68.42700195 12.00000095
v -70.93097687 68.69995117 12.00000095
v -70.49395752 69.00391388 12.00000095
v -69.38305664 70.02979279 8.00000000
v -70.07967377 69.33887482 12.00000095
v -69.69022369 69.70288086 12.00000095
v -69.32756805 70.09301758 12.00000095
v -68.41793060 71.40380859 8.00000000
v -68.99353027 70.50781250 12.00000095
v -68.68979645 70.94580078 12.00000095
v -68.41793060 71.40380859 12.00000095
v -82.31118011 76.67089844 12.11889839
v -82.21675873 77.04102325 8.00000000
v -82.05809784 77.53588867 12.12139988
v -81.58165741 78.59595490 8.00000000
v -81.58165741 78.59595490 12.12489510
v -82.38455963 73.68994141 12.12469578
v -82.38757324 73.70679474 8.00000000
v -82.49884033 74.87988281 12.12050056
v -82.48996735 75.38378906 8.00000000
v -82.45890808 75.78198242 12.11819649
v -81.36345673 71.03101349 12.04179478
v -81.09516907 70.62988281 8.00000000
v -81.50782776 71.27197266 12.05240059
v -81.91474915 72.09595490 8.00000000
v -82.09089661 72.55689240 12.10800362
v -80.30635071 69.69995117 12.00100803
v -75.49492645 67.51586914 12.00000095
v -73.90055847 67.58081055 12.00000095
v -70.30520630 80.84888458 12.00000095
v -69.90914917 80.50781250 12.00000095
v -69.90242767 80.50488281 12.00000095
v -69.63044739 80.24390411 12.00000095
v -69.53780365 80.13989258 12.00000095
v -69.37197876 79.96801758 12.00000095
v -69.19300842 79.74683380 12.00000095
v -69.12770081 79.67993164 12.00000095
v -68.87642670 79.33081055 12.00000095
v -68.89135742 79.37084961 12.00000095
v -68.67135620 79.04981232 12.00000095
v -68.58960724 78.89282227 12.00000095
v -68.48590851 78.74780273 12.00000095
v -68.33393860 78.43701172 12.00000095
v -68.24060822 78.29102325 12.00000095
v -68.11064911 77.96485138 12.00000095
v -68.02742767 77.81884766 12.00000095
v -72.44616699 67.90698242 12.00000095
v -79.92965698 69.34497070 12.00000095
v -79.58542633 69.05883789 12.00000095
v -79.19523621 68.77393341 12.00000095
v -78.78751373 68.51489258 12.00000095
v -78.52768707 68.36791992 12.00000095
v -77.82978058 68.03687286 12.00000095
v -77.32778931 67.85083008 12.00000095
v -76.81379700 67.70092773 12.00000095
v -76.33580017 67.59595490 12.00000095
v -74.31800842 67.49780273 12.00000095
v -73.87534332 67.54981232 12.00000095
v -73.39148712 67.63793945 12.00000095
v -72.91442871 67.75684357 12.00000095
v -67.84739685 77.33300781 12.00000095
v -67.92086029 77.47778320 12.00000095
v -67.70140076 76.83496094 12.00000095
v -67.76544952 76.97778320 12.00000095
v -67.61737823 76.46900177 12.00000095
v -67.64518738 76.46997070 12.00000095
v -67.55172729 76.09985352 12.00000095
v -67.56066895 75.95386505 12.00000095
v -67.50462341 75.72778320 12.00000095
v -67.51230621 75.43286133 12.00000095
v -67.47617340 75.35401154 12.00000095
v -67.46645355 74.97193146 12.00000095
v -67.50032806 74.90991211 12.00000095
v -67.48130035 74.50098419 12.00000095
v -67.52478790 74.38793945 12.00000095
v -67.52571869 74.03101349 12.00000095
v -67.58556366 73.86890411 12.00000095
v -67.59956360 73.56494141 12.00000095
v -67.68238068 73.35498047 12.00000095
v -67.70256042 73.10498047 12.00000095
v -67.81475067 72.84888458 12.00000095
v -67.83592987 72.64697266 12.00000095
v -67.99815369 72.19799805 12.00000095
v -67.98204041 72.35401154 12.00000095
v -68.18858337 71.76099396 12.00000095
v -68.18341827 71.87084961 12.00000095
v -68.40644073 71.33594513 12.00000095
v -68.61447906 70.98389435 12.00000095
v -68.84143829 70.64282227 12.00000095
v -69.08663940 70.31591797 12.00000095
v -69.34932709 70.00195312 12.00000095
v -69.53591919 69.79785156 12.00000095
v -69.72985077 69.60181427 12.00000095
v -70.06015778 69.29882812 12.00000095
v -70.40802002 69.01489258 12.00000095
v -70.77217865 68.75391388 12.00000095
v -71.15133667 68.51392365 12.00000095
v -71.54415894 68.29688263 12.00000095
v -71.98877716 68.08692169 12.00000095
v -78.18299866 68.19287109 12.00000095
v -75.85198975 67.52197266 12.00000095
v -75.36441803 67.48096466 12.00000095
v -74.87516785 67.47095490 12.00000095
v -74.76294708 67.47290039 12.00000095
v -83.27575684 71.49291992 16.13720894
v -82.83528900 70.56787109 16.32690620
v -83.00536346 73.56787109 14.03700447
v -79.15001678 67.10596466 14.78390694
v -79.69087982 68.35498047 13.32910347
v -79.96691895 68.42089844 13.74519539
v -82.06391907 71.58594513 13.45199680
v -78.69233704 65.96801758 16.33180428
v -83.63036346 72.49097443 15.96139717
v -82.07331848 69.31298828 16.62610054
v -80.59726715 67.39282227 17.16700935
v -78.31559753 64.93090820 17.96809578
v -79.71212006 80.83496094 12.12440586
v -78.69867706 82.00195312 13.27130318
v -80.30151367 80.30493164 12.12570286
v -78.38308716 81.69287109 12.11970711
v -80.77337646 80.77490234 13.81270027
v -80.15741730 82.33789062 15.26510811
v -81.34252930 81.34595490 15.25889778
v -77.32154846 83.66799164 15.37600899
v -76.21801758 83.06079102 13.86659431
v -75.70581818 83.95578766 15.49270821
v -76.90390778 82.25389099 12.11340523
v -78.81137848 83.11888885 15.30290413
v -80.30326080 80.30297852 12.12570286
v -80.77565765 80.77294922 13.81270027
v -81.34529877 81.34301758 15.25889778
v -81.00343323 79.49487305 12.12629795
v -82.26081848 78.16088867 13.29110813
v -83.85627747 73.46289062 15.81649971
v -82.83429718 76.12500000 13.32550240
v -83.97028351 74.46094513 15.69110298
v -83.97039795 75.45679474 15.58560371
v -83.65180969 77.37280273 15.42730904
v -83.86168671 76.43090820 15.49839973
v -83.34948730 78.27197266 15.37040901
v -82.49665833 79.92188263 15.29260445
v -77.90381622 81.91480255 8.00000000
v -79.36974335 81.09497070 8.00000000
v -80.61652374 79.96997070 8.00000000
v -70.02964783 80.61694336 8.00000000
v -71.40409851 81.58179474 8.00000000
v -68.08483887 77.90380859 8.00000000
v -68.90441895 79.36987305 8.00000000
v -67.61200714 76.29199219 8.00000000
v -67.50962067 74.61597443 8.00000000
v -67.78282928 72.95899200 8.00000000
v -76.29229736 82.38799286 8.00000000
v -72.95884705 82.21678925 8.00000000
v -74.61593628 82.48999023 8.00000000
v -70.88900757 81.27294922 12.01680088
v -73.39685059 82.32688904 12.10420418
v -72.28189850 81.98999023 12.07690620
v -75.90422821 82.44479370 12.10730076
v -74.88804626 82.49899292 12.10450935
v -74.08265686 83.94479370 15.65609932
v -73.57209015 83.00588989 13.98880196
v -72.48230743 83.63278961 15.87520027
v -60.17075729 72.30689240 19.84539986
v -59.57145691 70.71582031 20.29100227
v -60.97340775 73.71289062 19.41569710
v -62.47165680 75.68701172 18.77110481
v -67.13437653 59.36890411 21.11619759
v -65.68676758 59.69483185 21.35020638
v -64.32138824 60.23901367 21.52310371
v -63.05300522 60.99780273 21.63139534
v -70.89852905 83.00999451 16.16330147
v -69.22015381 82.01586914 16.55349922
v -67.37693787 80.58985138 17.07310677
v -59.31645584 67.54589844 21.02389717
v -59.46364594 66.57691193 21.20320320
v -59.71303558 65.62183380 21.35699654
v -60.06351852 64.69384766 21.48219490
v -65.95278931 79.31079102 17.52490425
v -64.61744690 78.00781250 17.97850227
v -59.35045624 69.62891388 20.56640816
v -59.27178574 68.51782227 20.82240486
v -70.49379730 59.51879883 20.39940071
v -71.46395874 59.81591797 20.14850044
v -72.40618896 60.22388458 19.88640022
v -74.05500031 61.21094513 19.38969612
v -75.83247375 62.60278320 18.81320381
v -68.60781860 59.27686310 20.83090401
v -69.55695343 59.34497070 20.62309456
v -60.74856567 63.41796875 21.60890388
v -61.62249756 62.27393341 21.66560555
v -62.30453873 61.59497070 21.66400337
v -71.47519684 82.28199005 14.11830330
v -68.19960785 80.14600372 14.55720711
v -65.26410675 73.71680450 13.76190281
v -61.30957794 71.58081055 17.93980598
v -63.20278549 72.57984161 15.75920296
v -64.48430634 75.89990234 15.28270149
v -75.32460022 64.14893341 15.40899849
v -70.96830750 63.06787109 15.97180367
v -63.16171646 70.14600372 16.04420662
v -64.55489349 67.75781250 15.70430183
v -63.79587555 67.31884766 16.48710823
v -67.89473724 63.77587891 16.23660469
v -63.21320724 66.60596466 17.30940437
v -62.96514511 65.94287109 17.87109566
v -62.91292572 65.23779297 18.32660103
v -63.07493591 64.50684357 18.66130257
v -64.93605804 62.95191193 18.47580147
v -65.69297791 62.92382812 18.03909492
v -66.16696930 63.02490234 17.68760872
v -66.99472809 63.47583008 16.88820076
v -67.60112762 64.20899200 16.02450752
v -65.89158630 67.85986328 14.73910713
v -65.06797791 67.88378906 15.27820015
v -67.24122620 67.10596466 14.33120918
v -66.76262665 67.50781250 14.38479805
v -66.18708801 67.78295898 14.59070015
v -67.62046051 66.56983185 14.43690681
v -67.85015869 65.93798828 14.70829964
v -67.88337708 65.06298828 15.27310371
v -63.44538879 63.85791016 18.82220650
v -63.80114746 63.49097443 18.82719612
v -64.22384644 63.20484161 18.74679756
v -79.86319733 69.29102325 12.00000095
v -80.25626373 69.64990234 12.00000095
v -76.02497864 67.56983185 12.00000095
v -76.54985046 67.66187286 12.00000095
v -74.43003845 67.52197266 12.00000095
v -74.96238708 67.50000000 12.00000095
v -72.86087799 67.81079102 12.00000095
v -73.37661743 67.67797852 12.00000095
v -72.35592651 67.98096466 12.00000095
v -71.86431885 68.18701172 12.00000095
v -79.44558716 68.95996094 12.00000095
v -79.00554657 68.65894318 12.00000095
v -78.54528809 68.39086914 12.00000095
v -78.06713867 68.15601349 12.00000095
v -77.57350922 67.95484161 12.00000095
v -77.06688690 67.78980255 12.00000095
v -71.38854980 68.42700195 12.00000095
v -70.93097687 68.69995117 12.00000095
v -70.49395752 69.00391388 12.00000095
v -70.07967377 69.33887482 12.00000095
v -69.69022369 69.70288086 12.00000095
v -69.32756805 70.09301758 12.00000095
v -68.99353027 70.50781250 12.00000095
v -68.68979645 70.94580078 12.00000095
v -68.41793060 71.40380859 12.00000095
v -75.49492645 67.51586914 12.00000095
v -73.90055847 67.58081055 12.00000095
v -70.30520630 80.84888458 12.00000095
v -69.90914917 80.50781250 12.00000095
v -69.90242767 80.50488281 12.00000095
v -69.63044739 80.24390411 12.00000095
v -69.53780365 80.13989258 12.00000095
v -69.37197876 79.96801758 12.00000095
v -69.19300842 79.74683380 12.00000095
v -69.12770081 79.67993164 12.00000095
v -68.87642670 79.33081055 12.00000095
v -68.89135742 79.37084961 12.00000095
v -68.67135620 79.04981232 12.00000095
v -68.58960724 78.89282227 12.00000095
v -68.48590851 78.74780273 12.00000095
v -68.33393860 78.43701172 12.00000095
v -68.24060822 78.29102325 12.00000095
v -68.11064911 77.96485138 12.00000095
v -68.02742767 77.81884766 12.00000095
v -72.44616699 67.90698242 12.00000095
v -79.92965698 69.34497070 12.00000095
v -79.58542633 69.05883789 12.00000095
v -79.19523621 68.77393341 12.00000095
v -78.78751373 68.51489258 12.00000095
v -78.52768707 68.36791992 12.00000095
v -77.82978058 68.03687286 12.00000095
v -77.32778931 67.85083008 12.00000095
v -76.81379700 67.70092773 12.00000095
v -76.33580017 67.59595490 12.00000095
v -74.31800842 67.49780273 12.00000095
v -73.87534332 67.54981232 12.00000095
v -73.39148712 67.63793945 12.00000095
v -72.91442871 67.75684357 12.00000095
v -67.84739685 77.33300781 12.00000095
v -67.92086029 77.47778320 12.00000095
v -67.70140076 76.83496094 12.00000095
v -67.76544952 76.97778320 12.00000095
v -67.61737823 76.46900177 12.00000095
v -67.64518738 76.46997070 12.00000095
v -67.55172729 76.09985352 12.00000095
v -67.56066895 75.95386505 12.00000095
v -67.50462341 75.72778320 12.00000095
v -67.51230621 75.43286133 12.00000095
v -67.47617340 75.35401154 12.00000095
v -67.46645355 74.97193146 12.00000095
v -67.50032806 74.90991211 12.00000095
v -67.48130035 74.50098419 12.00000095
v -67.52478790 74.38793945 12.00000095
v -67.52571869 74.03101349 12.00000095
v -67.58556366 73.86890411 12.00000095
v -67.59956360 73.56494141 12.00000095
v -67.68238068 73.35498047 12.00000095
v -67.70256042 73.10498047 12.00000095
v -67.81475067 72.84888458 12.00000095
v -67.83592987 72.64697266 12.00000095
v -67.99815369 72.19799805 12.00000095
v -67.98204041 72.35401154 12.00000095
v -68.18858337 71.76099396 12.00000095
v -68.18341827 71.87084961 12.00000095
v -68.40644073 71.33594513 12.00000095
v -68.61447906 70.98389435 12.00000095
v -68.84143829 70.64282227 12.00000095
v -69.08663940 70.31591797 12.00000095
v -69.34932709 70.00195312 12.00000095
v -69.53591919 69.79785156 12.00000095
v -69.72985077 69.60181427 12.00000095
v -70.06015778 69.29882812 12.00000095
v -70.40802002 69.01489258 12.00000095
v -70.77217865 68.75391388 12.00000095
v -71.15133667 68.51392365 12.00000095
v -71.54415894 68.29688263 12.00000095
v -71.98877716 68.08692169 12.00000095
v -78.18299866 68.19287109 12.00000095
v -75.85198975 67.52197266 12.00000095
v -75.36441803 67.48096466 12.00000095
v -74.87516785 67.47095490 12.00000095
v -74.76294708 67.47290039 12.00000095
v 0.00368100 84.50199127 0.00000000
v -40.04636765 84.50199127 0.00000000
v -44.13646698 84.53878784 0.00000000
v -65.46840668 89.26589203 0.00000000
v -61.02913666 87.70578766 0.00000000
v -67.70169067 89.99678802 0.00000000
v -72.11528015 91.01689148 0.00000000
v -74.34893799 91.19089508 0.00000000
v 78.86936188 90.64888763 0.00000000
v 70.63549042 -90.75915527 0.00000000
v 67.70904541 -89.99707031 0.00000000
v -74.34893799 -91.19104004 0.00000000
v -52.01312637 85.28199005 0.00000000
v -49.77904510 84.94579315 0.00000000
v -46.96433640 84.67288971 0.00000000
v -87.70274353 -61.03308105 0.00000000
v -86.72969818 -58.03710938 0.00000000
v -85.72178650 -54.23206329 0.00000000
v -85.27866364 -52.01708984 0.00000000
v -84.94270325 -49.78308105 0.00000000
v -84.66898346 -46.96813965 0.00000000
v -84.53589630 -44.14014053 0.00000000
v 40.05373383 84.50199127 0.00000000
v 44.14383316 84.53878784 0.00000000
v 46.97169113 84.67288971 0.00000000
v 49.78640366 84.94579315 0.00000000
v 52.02048111 85.28199005 0.00000000
v 54.23537445 85.72489166 0.00000000
v 58.04079437 86.73289490 0.00000000
v 61.03650284 87.70578766 0.00000000
v 65.47578430 89.26589203 0.00000000
v 67.70904541 89.99678802 0.00000000
v -80.31565857 -90.20008087 0.00000000
v -81.70027924 -89.63012695 0.00000000
v -83.02763367 -88.93505859 0.00000000
v -84.28681946 -88.12011719 0.00000000
v -85.46604919 -87.19409943 0.00000000
v -86.55603790 -86.16503906 0.00000000
v -87.54815674 -85.04003906 0.00000000
v -88.43322754 -83.83007812 0.00000000
v -89.20359802 -82.54505157 0.00000000
v -89.85561371 -81.18908691 0.00000000
v -90.38050842 -79.78015900 0.00000000
v -90.77517700 -78.33007812 0.00000000
v -91.03923035 -76.85108185 0.00000000
v -52.01312637 -85.28211212 0.00000000
v -54.22801590 -85.72509766 0.00000000
v -58.03343582 -86.73316193 0.00000000
v -61.02913666 -87.70606232 0.00000000
v -65.46840668 -89.26708984 0.00000000
v -67.70169067 -89.99707031 0.00000000
v -70.62812805 -90.75915527 0.00000000
v -72.11528015 -91.01708984 0.00000000
v 91.19457245 -74.35314941 0.00000000
v 91.04658508 -76.85108185 0.00000000
v 90.78253937 -78.33007812 0.00000000
v 90.38786316 -79.78015900 0.00000000
v 89.86298370 -81.18908691 0.00000000
v 89.21095276 -82.54505157 0.00000000
v 88.44058990 -83.83007812 0.00000000
v 87.55552673 -85.04003906 0.00000000
v 86.56339264 -86.16503906 0.00000000
v 85.47340393 -87.19409943 0.00000000
v 84.29417419 -88.12011719 0.00000000
v 83.03500366 -88.93505859 0.00000000
v 81.70764160 -89.63012695 0.00000000
v 80.32301331 -90.20008087 0.00000000
v 78.86936188 -90.64904785 0.00000000
v -89.26287842 -65.47205353 0.00000000
v 87.71010590 -61.03308105 0.00000000
v 89.27023315 -65.47205353 0.00000000
v -80.31565857 90.19998932 0.00000000
v -78.86200714 90.64888763 0.00000000
v -91.03923035 76.85083008 0.00000000
v -90.77517700 78.32984161 0.00000000
v -90.38050842 79.77880859 0.00000000
v -89.85561371 81.18897247 0.00000000
v -89.20359802 82.54489136 0.00000000
v -88.43322754 83.82978821 0.00000000
v -87.54815674 85.03979492 0.00000000
v -86.55603790 86.16479492 0.00000000
v -85.46604919 87.19389343 0.00000000
v -84.28681946 88.11988831 0.00000000
v -83.02763367 88.93379211 0.00000000
v -81.70027924 89.62889099 0.00000000
v -89.26287842 65.47193146 0.00000000
v -89.99324036 67.70484161 0.00000000
v -90.75518799 70.63184357 0.00000000
v -91.01313782 72.11890411 0.00000000
v -91.18721771 74.35278320 0.00000000
v -70.62812805 90.75878906 0.00000000
v -58.03343582 86.73289490 0.00000000
v -54.22801590 85.72489166 0.00000000
v 91.19457245 74.35278320 0.00000000
v 91.02049255 72.11890411 0.00000000
v 90.76255035 70.63184357 0.00000000
v 90.00059509 67.70484161 0.00000000
v 89.27023315 65.47193146 0.00000000
v 87.71010590 61.03295898 0.00000000
v 86.73705292 58.03687286 0.00000000
v 85.72915649 54.23193359 0.00000000
v 85.28602600 52.01685333 0.00000000
v 84.95006561 49.78295898 0.00000000
v 84.67635345 46.96801758 0.00000000
v 84.54326630 44.13989258 0.00000000
v 84.50584412 40.04979706 0.00000000
v -87.70274353 61.03295898 0.00000000
v -84.49846649 -40.05004883 0.00000000
v -84.49846649 0.00000000 0.00000000
v -84.49846649 40.04979706 0.00000000
v -84.53589630 44.13989258 0.00000000
v -84.66898346 46.96801758 0.00000000
v -84.94270325 49.78295898 0.00000000
v -85.27866364 52.01685333 0.00000000
v -85.72178650 54.23193359 0.00000000
v -86.72969818 58.03687286 0.00000000
v 80.32301331 90.19998932 0.00000000
v 81.70764160 89.62889099 0.00000000
v 83.03500366 88.93379211 0.00000000
v 84.29417419 88.11988831 0.00000000
v 85.47340393 87.19389343 0.00000000
v 86.56339264 86.16479492 0.00000000
v 87.55552673 85.03979492 0.00000000
v 88.44058990 83.82978821 0.00000000
v 89.21095276 82.54489136 0.00000000
v 89.86298370 81.18897247 0.00000000
v 90.38786316 79.77880859 0.00000000
v 90.78253937 78.32984161 0.00000000
v 91.04658508 76.85083008 0.00000000
v 84.50584412 0.00000000 0.00000000
v 84.50584412 -40.05004883 0.00000000
v 84.54326630 -44.14014053 0.00000000
v 84.67635345 -46.96813965 0.00000000
v 84.95006561 -49.78308105 0.00000000
v 85.28602600 -52.01708984 0.00000000
v 85.72915649 -54.23206329 0.00000000
v 86.73705292 -58.03710938 0.00000000
v 90.00059509 -67.70507812 0.00000000
v 90.76255035 -70.63208008 0.00000000
v 91.02049255 -72.11914062 0.00000000
v 65.47578430 -89.26708984 0.00000000
v 61.03650284 -87.70606232 0.00000000
v 58.04079437 -86.73316193 0.00000000
v 54.23537445 -85.72509766 0.00000000
v 52.02048111 -85.28211212 0.00000000
v 49.78640366 -84.94604492 0.00000000
v 46.97169113 -84.67309570 0.00000000
v 44.14383316 -84.54003906 0.00000000
v 40.05373383 -84.50207520 0.00000000
v 30.02933502 -84.50207520 0.00000000
v 28.00021553 -84.50207520 0.00000000
v 25.00021553 -84.50207520 0.00000000
v -24.99979591 -84.50207520 0.00000000
v -27.99979591 -84.50207520 0.00000000
v -31.23932457 -84.50207520 0.00000000
v -40.04636765 -84.50207520 0.00000000
v -44.13646698 -84.54003906 0.00000000
v -46.96433640 -84.67309570 0.00000000
v -49.77904510 -84.94604492 0.00000000
v -91.18721771 -74.35314941 0.00000000
v -91.01313782 -72.11914062 0.00000000
v -90.75518799 -70.63208008 0.00000000
v -89.99324036 -67.70507812 0.00000000
v -77.37133789 90.96488953 0.00000000
v -75.86328888 91.14498901 0.00000000
v 75.87064362 91.14498901 0.00000000
v 77.37869263 90.96488953 0.00000000
v 72.12263489 91.01689148 0.00000000
v 74.35629272 91.19089508 0.00000000
v 70.63549042 90.75878906 0.00000000
v 77.37869263 -90.96508789 0.00000000
v 72.12263489 -91.01708984 0.00000000
v 74.35629272 -91.19104004 0.00000000
v 75.87064362 -91.14514923 0.00000000
v -77.37133789 -90.96508789 0.00000000
v -75.86328888 -91.14514923 0.00000000
v -78.86200714 -90.64904785 0.00000000
v -83.27575684 71.49291992 16.13720894
v -82.83528900 70.56787109 16.32690620
v -83.63036346 72.49097443 15.96139717
v -82.07331848 69.31298828 16.62610054
v -80.59726715 67.39282227 17.16700935
v -78.31559753 64.93090820 17.96809578
v -55.18136597 56.07398224 23.76220894
v -60.62421799 50.31397247 23.73250008
v -62.49516678 48.04296875 23.71890450
v -56.96034622 54.32495117 23.75239754
v -53.32744598 57.89794922 23.75190926
v -49.64001846 61.23291016 23.71940804
v -52.54280853 58.53588867 23.76460457
v -49.78032684 60.84180450 23.77310371
v -49.50671768 61.05689240 23.77420235
v -62.31568527 47.90991211 23.77430916
v -61.92728806 48.42089844 23.77319527
v -58.56501770 52.49780273 23.76609993
v -70.98309326 50.15479279 21.36850166
v -66.61821747 42.66381836 23.61549568
v -75.31593323 28.58788872 22.39900398
v -77.50978851 42.05200195 19.02990913
v -80.67131805 42.60179901 16.77679634
v -84.04332733 51.55297852 14.55029488
v -83.74002075 49.24584961 14.55099678
v -80.61055756 45.92382812 16.78320503
v -73.37277985 42.25781250 21.29870796
v -72.17590332 34.55297852 23.03799629
v -69.52246857 38.59301758 23.40699959
v -75.74643707 60.19384766 19.06030464
v -82.37207794 66.26879883 16.73100471
v -82.53785706 64.35791016 16.73230171
v -73.74237061 31.82299995 22.73599434
v -83.53388977 38.84593964 14.55279732
v -83.49704742 40.10179901 14.55569649
v -83.46035767 44.64891815 14.55459785
v -88.99770355 72.34497070 14.40159798
v -88.58692932 69.55689240 14.49899483
v -82.38481903 60.71680450 16.74110603
v -88.17656708 67.68189240 14.55060005
v -87.54879761 65.24683380 14.58659554
v -86.22913361 60.67285156 14.57859993
v -81.65316010 55.79492188 16.76010323
v -76.75695801 55.51000977 19.05119514
v -77.00396729 52.50684357 19.03999519
v -80.93798828 50.91796875 16.77720833
v -84.98040771 56.14501953 14.55630684
v -84.46040344 53.85498047 14.55169868
v -83.54946899 46.94287109 14.55270576
v -77.21470642 46.55297852 19.02470589
v -69.12079620 54.11890411 21.38960457
v -89.07039642 74.34888458 14.33410835
v -89.80516052 72.19995117 13.97009468
v -90.44149780 72.06787109 13.30929756
v -91.03691864 74.39600372 12.40170383
v -90.84603882 71.96094513 12.48219395
v -91.18721771 74.35278320 11.46310997
v -90.98011780 71.88892365 11.56789970
v -90.59993744 74.43994141 13.24589729
v -89.92024994 74.47901154 13.91070747
v -89.06623077 74.51000977 14.32930183
v -74.48011017 89.89498901 13.89410496
v -77.62259674 88.62279510 14.22590828
v -76.19476318 88.88599396 14.25750923
v -74.51152039 89.02489471 14.30589485
v -87.50772858 80.82788086 14.19850349
v -88.14560699 79.33496094 14.22090340
v -88.62265778 77.76196289 14.24969673
v -88.92745972 76.16187286 14.28489876
v -77.92006683 90.22189331 13.15950108
v -74.39438629 91.03688812 12.37620735
v -74.34893799 91.19089508 11.42650032
v -76.32241058 91.10498810 11.36240005
v -77.99884033 90.84889221 11.32060051
v -84.50666809 87.13799286 13.10920811
v -83.47042847 85.81889343 14.16369820
v -82.14604950 86.75289154 14.16870308
v -80.71719360 87.53878784 14.18010139
v -79.20955658 88.16288757 14.19870186
v -74.43966675 90.58889008 13.22799778
v -89.00666809 81.51489258 13.13720798
v -89.59941864 81.76000977 11.28419971
v -90.30917358 79.99584961 11.31391048
v -90.81517792 78.14697266 11.35270977
v -91.10579681 76.27783203 11.40108967
v -84.90876770 87.65379333 11.23931026
v -86.33155823 86.39279175 11.24009991
v -87.59829712 84.97779083 11.24779987
v -88.68975067 83.43089294 11.26230049
v -86.71028900 82.23899078 14.18179512
v -85.76703644 83.54689026 14.17050362
v -84.68180847 84.74588776 14.16450691
v -79.87069702 90.35279083 11.28509998
v -81.65493774 89.64989471 11.26080990
v -83.34584045 88.74388885 11.24590015
v -72.12799835 90.86888885 12.45779610
v -72.05249786 91.00778961 11.52869987
v -72.23741913 90.45088959 13.29530525
v -72.36992645 89.79399109 13.95840645
v -72.51248932 88.96389008 14.38160896
v -80.15741730 82.33789062 15.26510811
v -81.34252930 81.34595490 15.25889778
v -77.32154846 83.66799164 15.37600899
v -75.70581818 83.95578766 15.49270821
v -78.81137848 83.11888885 15.30290413
v -81.34529877 81.34301758 15.25889778
v -83.85627747 73.46289062 15.81649971
v -83.97028351 74.46094513 15.69110298
v -83.97039795 75.45679474 15.58560371
v -83.65180969 77.37280273 15.42730904
v -83.86168671 76.43090820 15.49839973
v -83.34948730 78.27197266 15.37040901
v -82.49665833 79.92188263 15.29260445
v -29.36203575 73.50585938 23.26210213
v -31.84853554 71.02490234 23.85220528
v -28.94845581 72.07299805 23.85650826
v -34.68319702 69.86694336 23.84480476
v -33.38482666 72.93994141 22.82800484
v -29.74033546 74.82984161 22.43680000
v -39.68104553 68.94702148 23.37800789
v -43.45177841 66.23096466 23.56599617
v -48.14650726 62.51196289 23.69400215
v -36.90376663 70.80493164 23.16990852
v -45.69382858 63.82495117 23.79260445
v -42.99854660 65.55493164 23.80710030
v -38.86541748 67.88184357 23.82820320
v -61.08964539 86.30789185 14.60009956
v -40.07904816 84.02388763 13.90719700
v -63.15392685 88.03298950 13.51019382
v -70.00190735 88.62889099 14.48010445
v -68.15358734 88.24779510 14.54069710
v -56.15867615 84.94898987 14.57409859
v -53.66213608 84.39189148 14.56500435
v -51.20384598 83.96389008 14.55949593
v -48.74387741 83.66479492 14.55630684
v -44.55506516 83.43189240 14.55450630
v -40.09203720 83.46289062 14.55279732
v -62.97035599 88.38699341 12.02420235
v -65.89174652 89.41088867 11.88459969
v -67.70010376 89.48188782 13.43640327
v -65.80111694 87.65888977 14.58960152
v -67.45937347 89.92189026 11.79409981
v -70.01686859 90.62499237 11.64109993
v -40.06339645 84.37989044 13.12959385
v -40.04636765 84.50199127 12.28309822
v -44.03943634 84.53688812 12.22220039
v -45.87149811 84.60598755 12.20530796
v -48.61794662 84.81398773 12.18969917
v -51.02178574 85.11888885 12.18240547
v -53.41643524 85.54978943 12.17680550
v -55.84158707 86.11698914 12.16679478
v -58.24110794 86.79589081 12.14419746
v -38.92308807 84.50199127 12.30690098
v -38.94102859 84.38378906 13.14059639
v -38.95755768 84.03788757 13.90870857
v -38.97136688 83.49288940 14.55040169
v -4.46506023 80.96997070 19.59460640
v 0.00368500 80.28881836 20.66819954
v 0.00368100 81.03295898 19.56970406
v -22.31644440 77.90087891 21.43550301
v -19.83307457 78.68798828 21.06019783
v -25.11706543 76.86694336 21.84289742
v -29.59748459 74.89893341 22.42030525
v -17.29071426 79.36182404 20.68440437
v -26.61944580 72.82080078 23.85569954
v -22.86010551 73.84790039 23.84500313
v -19.00322533 74.68579102 23.82359505
v -15.01231480 75.34400177 23.79370308
v -4.43088818 78.93994141 22.04280281
v -10.85903549 75.83081055 23.76140022
v -6.56811428 76.15380859 23.73500252
v 0.00370190 76.33179474 23.71870613
v 0.00369790 77.28881836 23.24730110
v 0.00369379 78.39990234 22.52330208
v 0.00368980 79.40601349 21.65849495
v -8.40979004 80.73779297 19.75630379
v -12.29201508 80.30590820 20.06689644
v -14.81776524 79.88892365 20.35200691
v -3.54597330 84.07888794 14.33940315
v -22.74939537 83.86788940 14.44540596
v 0.00359190 84.39799500 13.60369968
v 0.00368100 84.50199127 12.81970310
v -14.52299500 84.50199127 12.70610237
v 0.00367218 84.09178925 14.33320808
v 7.68656588 80.79492188 19.71510506
v 5.23398399 80.93897247 19.61470222
v 22.44945526 77.85791016 21.45430183
v 29.36947441 73.50585938 23.26240730
v 26.17294502 76.44091797 21.98730659
v 29.74786568 74.82984161 22.43670845
v 10.11520958 80.57691193 19.87269783
v 0.77155250 76.32984161 23.71899605
v 7.26719475 76.11279297 23.73860359
v 11.15485477 75.80297852 23.76370430
v 16.77241516 75.07886505 23.80760384
v 14.45682526 79.95679474 20.30659676
v 18.55807495 79.04492188 20.86790657
v 22.11507416 74.02686310 23.84179878
v 25.56843567 73.13085938 23.85409737
v 28.95579529 72.07202148 23.85679817
v 33.60199356 83.63799286 14.52330208
v 38.96498489 84.03788757 13.90860081
v 12.63018513 84.00679016 14.37840462
v 38.97877121 83.49288940 14.55040169
v 38.93056488 84.50199127 12.30690098
v 12.61285496 84.50199127 12.72700596
v 38.94847488 84.38378906 13.14059639
v 37.41891479 70.47485352 23.21280098
v 39.08953476 67.76685333 23.82760811
v 41.59415436 67.60181427 23.48510933
v 43.36534119 65.33300781 23.80560493
v 47.50785446 62.56079102 23.78380013
v 49.51293182 61.05493164 23.77459908
v 49.64738464 61.23291016 23.71940804
v 47.02269363 63.44702148 23.67080879
v 44.32714462 65.57398224 23.59680367
v 30.32495499 71.59301758 23.85530281
v 34.74832153 69.83985138 23.84500313
v 34.59172440 72.24487305 22.95150948
v 31.67222404 73.87183380 22.64590645
v 72.37733459 89.79399109 13.95829964
v 67.75421143 88.15279388 14.55169868
v 69.62292480 88.55689240 14.49400520
v 72.26138306 88.94189453 14.39200020
v 72.51987457 88.96389008 14.38160896
v 49.25270462 83.71488953 14.55679512
v 40.08641434 84.02388763 13.90719700
v 46.94504166 83.52489471 14.55520821
v 44.64864349 83.43379211 14.55450630
v 40.09940338 83.46289062 14.55279732
v 67.29878998 89.36399078 13.44679451
v 72.13541412 90.86888885 12.45779610
v 72.05992126 91.00778961 11.52869987
v 69.62456512 90.52879333 11.66460037
v 67.06023407 89.79399109 11.81821060
v 65.45525360 89.25878906 11.90859985
v 62.44734192 88.19898987 12.04420567
v 60.73155212 86.20088959 14.59829903
v 65.33073425 87.52879333 14.59530830
v 72.24481964 90.45088959 13.29530525
v 40.07075119 84.37989044 13.12959385
v 49.11607361 84.86698914 12.18789768
v 46.85374451 84.66378784 12.19859409
v 44.59015274 84.55299377 12.21660042
v 40.05373383 84.50199127 12.28309822
v 58.06927490 86.74198914 12.14650154
v 51.56528473 84.01779175 14.56010628
v 53.87519455 84.43289185 14.56570625
v 56.17486191 84.95088959 14.57409859
v 55.85751343 86.11888885 12.16670418
v 53.62387466 85.59178925 12.17630100
v 51.37448120 85.17378998 12.18159580
v 52.68785477 58.41187286 23.76480293
v 62.32119370 47.90894318 23.77490425
v 62.50254440 48.04296875 23.71890450
v 54.79115295 56.45996094 23.76269722
v 57.45425415 53.73193359 23.76469612
v 59.96228409 50.87792969 23.76930428
v 60.87351227 50.03101349 23.73069954
v 59.17979431 51.96192169 23.74240303
v 56.52806473 54.77587891 23.75349617
v 53.76187134 57.49487305 23.75320625
v 90.98742676 71.88892365 11.56789970
v 91.19457245 74.35278320 11.46310997
v 90.85332489 71.95996094 12.48230076
v 91.04428101 74.39600372 12.40170383
v 90.44877625 72.06690216 13.30940437
v 90.60729980 74.43994141 13.24589729
v 89.81236267 72.19995117 13.97020149
v 89.92760468 74.47901154 13.91070747
v 89.00488281 72.34497070 14.40170479
v 89.07358551 74.51000977 14.32930183
v 76.52473450 88.83889008 14.24969673
v 78.33538055 88.44189453 14.21280098
v 74.48746490 89.89498901 13.89410496
v 74.51888275 89.02489471 14.30589485
v 88.83543396 76.79199219 14.27020454
v 88.39188385 78.62280273 14.23320198
v 89.95822144 79.03295898 13.16530037
v 90.57417297 79.15795898 11.33051014
v 89.85782623 81.20092773 11.29279995
v 84.63003540 84.80489349 14.16430855
v 85.84335327 83.46089172 14.17109871
v 85.80769348 85.99779510 13.10969734
v 86.26965332 86.46089172 11.23990059
v 84.65752411 87.85279083 11.23990059
v 81.74389648 86.99999237 14.17140388
v 83.25828552 85.98999023 14.16420174
v 82.56098938 88.45578766 13.11509800
v 82.86888123 89.02979279 11.24930000
v 80.91747284 89.97289276 11.26980972
v 78.71957397 90.03199005 13.14869785
v 74.40175629 91.03688812 12.37620735
v 74.44703674 90.58889008 13.22799778
v 80.09548187 87.82299042 14.18710518
v 78.83708954 90.65798950 11.30350018
v 76.70811462 91.06198883 11.35210037
v 74.35629272 91.19089508 11.42650032
v 91.19636536 74.59790039 11.45429993
v 91.02426147 77.01293945 11.38090992
v 86.88419342 81.97290039 14.18460274
v 87.73840332 80.35498047 14.20509529
v 88.32015991 82.80689240 13.12610054
v 87.68580627 84.87599182 11.24860001
v 88.88838196 83.11598969 11.26601028
v 80.60037231 25.46385765 18.37230110
v 83.94524384 22.01196098 14.41499519
v 83.54114532 38.84593964 14.55290413
v 84.04545593 10.76195908 14.33990669
v 83.05102539 0.00000000 16.05259895
v 84.03992462 0.00000000 14.32800484
v 81.33958435 17.08080864 18.36010933
v 81.60071564 0.00000000 18.93559456
v 78.12697601 21.73681068 21.47039986
v 78.99043274 19.10692787 21.04190254
v 79.66970062 16.67479897 20.63659859
v 80.24568939 14.17601967 20.23469734
v 80.70953369 11.63085938 19.86320686
v 81.06799316 9.02880859 19.53880501
v 81.45331573 4.55200005 19.13510323
v 75.32291412 28.58788872 22.39940071
v 76.43361664 26.08495903 22.09829903
v 69.50922394 38.62280273 23.40910530
v 67.07088470 42.05687714 23.59320259
v 62.90891266 47.52686310 23.71550179
v 63.08549118 46.87402344 23.77749825
v 65.40012360 43.43798828 23.79030037
v 67.05556488 40.62988281 23.80520821
v 69.20148468 36.38793945 23.82879829
v 72.05056000 34.76782227 23.06109810
v 73.97466278 28.21898842 23.24640083
v 73.97359467 31.39599037 22.68989754
v 70.97415161 32.16796875 23.84520149
v 72.51246643 27.81395912 23.85440254
v 86.31799316 60.95092773 14.58030891
v 84.04579163 40.08690643 13.91499519
v 88.00770569 63.02783203 13.50110054
v 88.64656067 69.82984161 14.49009895
v 88.25525665 67.98389435 14.54359627
v 85.61066437 58.49902344 14.56599617
v 84.95734406 56.02197266 14.55600166
v 84.40087128 53.52393341 14.55130196
v 83.97745514 51.06884766 14.55029488
v 83.68388367 48.60986328 14.55140877
v 83.46380615 44.42797852 14.55479622
v 83.50442505 40.10179901 14.55569649
v 88.34750366 62.85278320 12.04240513
v 89.36385345 65.74487305 11.90820980
v 89.45255280 67.54102325 13.43840218
v 87.66223145 65.63793945 14.58329964
v 89.87772369 67.30786133 11.82079983
v 90.59008026 69.85791016 11.67420006
v 84.38853455 40.06884766 13.14939976
v 84.50584412 40.04979706 12.31900215
v 84.53744507 43.90991211 12.24969578
v 84.60341644 45.74193573 12.22869968
v 84.80443573 48.48682404 12.20770454
v 85.10310364 50.89185333 12.19700813
v 85.52667999 53.28687286 12.18930244
v 86.08736420 55.71801758 12.17880440
v 86.76218414 58.11987305 12.15730381
v 84.50584412 38.79100800 12.34959507
v 84.39307404 38.81079102 13.16420078
v 84.06323242 38.82982635 13.91749668
v 30.02933502 -84.50207520 12.48340034
v 28.00021553 -84.50207520 12.51860237
v 27.31036568 -84.50207520 13.21870613
v 26.43058586 -84.50207520 14.20959663
v 25.79158401 -84.50207520 15.11920357
v 25.28974533 -84.50207520 16.25120735
v 25.07195473 -84.50207520 17.20640755
v 25.00021553 -84.50207520 18.17979622
v 38.93045425 -84.50207520 12.30690098
v 40.05373383 -84.50207520 12.28320408
v 89.99868011 -80.86010742 11.29849052
v 90.67226410 -78.79113770 11.33829975
v 91.07274628 -76.64514923 11.39078999
v 91.19457245 -74.35314941 11.46310997
v 87.90102386 -84.59510040 11.25080013
v 89.06721497 -82.80615997 11.26980972
v 83.17818451 -88.85009766 11.24709988
v 84.93758392 -87.63708496 11.23920059
v 86.51749420 -86.21314240 11.24071026
v 79.20715332 -90.55810547 11.29660034
v 81.25912476 -89.83106232 11.26550007
v 77.04598236 -91.01612091 11.34331036
v 74.60963440 -91.19311523 11.41721058
v 74.35629272 -91.19104004 11.42650032
v 84.50584412 -40.05004883 12.31900215
v 84.55058289 -44.39904785 12.24350071
v 84.63253021 -46.28406143 12.22360420
v 84.87006378 -49.11011124 12.20440769
v 85.17654419 -51.36511230 12.19540501
v 85.59365082 -53.61010742 12.18820286
v 86.11833191 -55.83812714 12.17799473
v 86.73829651 -58.04113770 12.15829659
v 88.18445587 -62.39208984 12.05929756
v 89.24259186 -65.39208984 11.92689991
v 89.78199005 -67.00708008 11.83810997
v 90.60735321 -69.93115997 11.67010975
v 90.98747253 -71.88903809 11.56789970
v 84.50584412 0.00000000 12.72220039
v 84.50584412 -19.41504097 12.69600010
v 84.50584412 -38.79212189 12.34959507
v -86.73092651 58.04102325 12.15829659
v -86.11097717 55.83789062 12.17799473
v -85.58628845 53.60986328 12.18820286
v -85.16919708 51.36499023 12.19540501
v -84.86269379 49.10889435 12.20440769
v -84.66079712 46.84888458 12.21879673
v -84.54911804 44.58690643 12.24119759
v -84.49846649 40.04979706 12.31900215
v -89.77462769 67.00684357 11.83810997
v -89.23523712 65.39185333 11.92689991
v -88.17709351 62.39185333 12.05929756
v -90.51567841 69.58179474 11.68970013
v -84.49846649 0.00000000 12.72220039
v -84.49846649 19.41382027 12.69600010
v -84.49846649 38.79199219 12.34959507
v -40.04636765 -84.50207520 12.28309822
v -44.39408875 -84.54711914 12.21840000
v -46.28064728 -84.62915039 12.20230198
v -49.10870743 -84.86706543 12.18789768
v -51.36711884 -85.17407990 12.18159580
v -53.61651611 -85.59204865 12.17630100
v -55.85013580 -86.11914062 12.16670418
v -58.06191635 -86.74206543 12.14650154
v -62.43997574 -88.19909668 12.04420567
v -65.44788361 -89.26013947 11.90859985
v -67.05285645 -89.79406738 11.81821060
v -69.69875336 -90.54907990 11.65981007
v -72.05258942 -91.00805664 11.52869987
v -74.34893799 -91.19104004 11.42650032
v -11.49978542 -84.50207520 28.19999886
v -13.50174522 -84.50207520 21.62330818
v -11.49978542 -84.50207520 15.19999886
v 15.00020504 -84.50207520 40.00000000
v -7.79388142 -84.50207520 33.02970123
v -6.49978590 -84.50207520 33.20000076
v 6.50021410 -84.50207520 33.20000076
v 7.79430914 -84.50207520 33.02970123
v 9.00021362 -84.50207520 32.53020096
v 10.03575134 -84.50207520 31.73559952
v 10.83034515 -84.50207520 30.69999886
v 11.32983494 -84.50207520 29.49409676
v 11.50020504 -84.50207520 28.19999886
v 13.50217533 -84.50207520 21.77679634
v 13.68383503 -84.50207520 22.41920662
v 14.12622452 -84.50207520 22.91909981
v 14.74170494 -84.50207520 23.17759895
v 15.40840530 -84.50207520 23.14340401
v 16.95112419 -84.50207520 39.80791092
v 16.49825478 -84.50207520 21.62330818
v 16.31659508 -84.50207520 20.98089790
v 15.87419510 -84.50207520 20.48100471
v 15.25870514 -84.50207520 20.22250557
v 14.59202480 -84.50207520 20.25660896
v 14.00619507 -84.50207520 20.57670784
v 13.61721516 -84.50207520 21.11920357
v 11.50020504 -84.50207520 15.19999886
v 11.32983494 -84.50207520 13.90590000
v 10.83034515 -84.50207520 12.69999790
v 10.03575134 -84.50207520 11.66450977
v 9.00021362 -84.50207520 10.86991024
v 7.79430914 -84.50207520 10.37040997
v 6.50021410 -84.50207520 10.19999981
v -6.49978590 -84.50207520 10.19999981
v -7.79388142 -84.50207520 10.37040997
v 15.99423504 -84.50207520 22.82339668
v 16.38321495 -84.50207520 22.28080940
v 25.00021553 -84.50207520 30.00000191
v 24.80807495 -84.50207520 31.95090103
v 24.23901558 -84.50207520 33.82691193
v 23.31491470 -84.50207520 35.55570221
v 22.07128525 -84.50207520 37.07110977
v 20.55592537 -84.50207520 38.31470108
v 18.82705498 -84.50207520 39.23880005
v -16.49782562 -84.50207520 21.77679634
v -14.99978542 -84.50207520 40.00000000
v -16.95068550 -84.50207520 39.80791092
v -18.82662582 -84.50207520 39.23880005
v -20.55549431 -84.50207520 38.31470108
v -22.07085419 -84.50207520 37.07110977
v -23.31448555 -84.50207520 35.55570221
v -24.23858452 -84.50207520 33.82691193
v -24.80764580 -84.50207520 31.95090103
v -24.99979591 -84.50207520 30.00000191
v -24.99979591 -84.50207520 18.17950630
v -16.38278580 -84.50207520 21.11920357
v -16.31616592 -84.50207520 22.41920662
v -15.87377548 -84.50207520 22.91909981
v -15.25828552 -84.50207520 23.17759895
v -14.59160519 -84.50207520 23.14340401
v -10.82990551 -84.50207520 30.69999886
v -10.03531551 -84.50207520 31.73559952
v -8.99978638 -84.50207520 32.53020096
v -11.32941532 -84.50207520 29.49409676
v -14.00575542 -84.50207520 22.82339668
v -13.61679554 -84.50207520 22.28080940
v -11.32941532 -84.50207520 13.90590000
v -13.68340492 -84.50207520 20.98089790
v -14.12579536 -84.50207520 20.48100471
v -10.82990551 -84.50207520 12.69999790
v -14.74128532 -84.50207520 20.22250557
v -15.40797520 -84.50207520 20.25660896
v -15.99380493 -84.50207520 20.57670784
v -8.99978638 -84.50207520 10.86991024
v -10.03531551 -84.50207520 11.66450977
v -25.18313599 -77.03614044 23.69439888
v -25.71073532 -76.48510742 22.97439766
v -25.79097557 -84.50207520 15.11940193
v -25.28911591 -84.50207520 16.25169563
v -25.07147598 -84.50207520 17.20649910
v -24.99979591 -83.06311035 19.70840645
v -24.99979591 -81.18714142 21.54110909
v -24.99979591 -79.18604279 23.29980659
v -24.99979591 -77.66309357 24.51460457
v -27.16150475 -83.85913086 14.56239510
v -26.41801453 -84.11010742 14.77940559
v -26.51815414 -76.07813263 22.44270515
v -27.50664520 -75.86511993 22.16420174
v -27.69589424 -79.15711212 19.35350227
v -27.80484581 -80.91906738 17.61909676
v -27.96670532 -83.76905060 14.48430061
v -26.43002510 -84.50207520 14.20959663
v -27.30989456 -84.50207520 13.21859932
v -27.97557449 -84.13513947 13.95669746
v -27.98556519 -84.38111115 13.36320591
v -27.99927521 -84.50207520 12.54890633
v -27.99979591 -84.50207520 12.51849556
v 40.07075119 -84.38012695 13.12959385
v 38.94849396 -84.38415527 13.14059639
v 40.08639145 -84.02404785 13.90719700
v 38.96498489 -84.03907013 13.90860081
v 40.09938431 -83.46314240 14.55279732
v 38.97873306 -83.49304962 14.55040169
v 84.39307404 -38.81214142 13.16409397
v 83.97984314 -19.43005562 14.39280891
v 84.06329346 -38.83007812 13.91740513
v 84.04362488 -11.24804974 14.34179878
v 83.57732391 -37.68909073 14.54730415
v 83.54124451 -38.84606934 14.55290413
v 84.40679932 0.00098038 13.48669624
v -84.39942932 -0.00098038 13.48680210
v -84.03257751 0.00000000 14.32800484
v -84.05592346 38.82982635 13.91740513
v -84.38571930 38.81201172 13.16409397
v -84.02323914 13.81395912 14.35409737
v -83.83719635 27.57982826 14.46760750
v -56.16749573 -84.95104980 14.57409859
v -44.92754745 -83.44007111 14.55459785
v -40.07903671 -84.02404785 13.90719700
v -40.09202576 -83.46314240 14.55279732
v -72.12806702 -90.86914062 12.45779610
v -69.67279816 -88.56909943 14.49200630
v -72.36998749 -89.79406738 13.95829964
v -67.74684906 -88.15307617 14.55169868
v -72.51252747 -88.96508789 14.38160896
v -49.24533844 -83.71508789 14.55679512
v -40.06339645 -84.38012695 13.12959385
v -67.29142761 -89.36413574 13.44679451
v -60.72419739 -86.20104980 14.59829903
v -65.32337952 -87.52906036 14.59530830
v -72.23748016 -90.45104980 13.29530525
v -51.55792618 -84.01806641 14.56010628
v -53.86782837 -84.43310547 14.56570625
v 55.18419266 -56.07604980 23.76269722
v 60.63163376 -50.31408691 23.73250008
v 62.50252151 -48.04309082 23.71890450
v 56.96776199 -54.32507324 23.75239754
v 53.33486176 -57.89807129 23.75190926
v 49.64738464 -61.23315430 23.71940804
v 52.54732132 -58.53710938 23.76500130
v 49.78669357 -60.84105682 23.77350044
v 49.51297379 -61.05505371 23.77459908
v 62.32120132 -47.90906143 23.77490425
v 61.96024323 -48.38416290 23.77380562
v 58.55909348 -52.51013184 23.76660347
v 70.99045563 -50.15515137 21.36850166
v 66.62557220 -42.66406250 23.61549568
v 75.32330322 -28.58911133 22.39900398
v 77.51714325 -42.05213165 19.02990913
v 80.67867279 -42.60205078 16.77679634
v 84.05070496 -51.55310059 14.55029488
v 83.74737549 -49.24610138 14.55099678
v 80.61791229 -45.92407227 16.78320503
v 73.38013458 -42.25806046 21.29870796
v 72.18327332 -34.55310059 23.03799629
v 69.52983093 -38.59313965 23.40699959
v 75.75379181 -60.19409180 19.06030464
v 82.37942505 -66.27014923 16.73100471
v 82.54521942 -64.35816193 16.73230171
v 73.74973297 -31.82312012 22.73599434
v 83.50440979 -40.10205078 14.55569649
v 83.47394562 -44.93505859 14.55439949
v 89.00505066 -72.34510040 14.40170479
v 88.64111328 -69.80114746 14.49110603
v 82.39217377 -60.71704102 16.74110603
v 88.18392181 -67.68311310 14.55060005
v 87.55615234 -65.24707031 14.58659554
v 86.23649597 -60.67407227 14.57859993
v 81.66051483 -55.79504395 16.76010323
v 76.76431274 -55.51013184 19.05119514
v 77.01134491 -52.50708008 19.03999519
v 80.94534302 -50.91809082 16.77720833
v 84.98777008 -56.14514160 14.55630684
v 84.46776581 -53.85510254 14.55169868
v 83.56561279 -47.08703995 14.55259895
v 77.22206116 -46.55310059 19.02470589
v 69.12817383 -54.11914062 21.38960457
v 74.09001923 -83.94506836 15.65609932
v 72.48966980 -83.63305664 15.87520027
v 75.71317291 -83.95606232 15.49270821
v 77.32890320 -83.66809082 15.37600899
v 78.81873322 -83.11914062 15.30290413
v 80.16477203 -82.33911896 15.26510811
v 81.34988403 -81.34606934 15.25889778
v 81.35265350 -81.34412384 15.25889778
v 83.86363220 -73.46411896 15.81649971
v 83.63773346 -72.49108887 15.96139717
v 83.65916443 -77.37415314 15.42730904
v 83.86905670 -76.43115997 15.49839973
v 83.35684204 -78.27210236 15.37040901
v 83.97775269 -75.45716095 15.58560371
v 83.97763062 -74.46105957 15.69110298
v 82.50402069 -79.92310333 15.29260445
v 83.28313446 -71.49304962 16.13720894
v 82.84265137 -70.56812286 16.32690620
v 82.08067322 -69.31311035 16.62610054
v 80.60462189 -67.39307404 17.16700935
v 78.32295990 -64.93212891 17.96809578
v 59.35782242 -69.63012695 20.56640816
v 59.57881165 -70.71607208 20.29100227
v 75.83983612 -62.60314941 18.81320381
v 59.32383347 -67.54615021 21.02389717
v 59.27915192 -68.51807404 20.82240486
v 69.56431580 -59.34509277 20.62309456
v 68.61517334 -59.27709961 20.83090401
v 67.14175415 -59.36914062 21.11619759
v 65.69412231 -59.69506836 21.35020638
v 64.32875061 -60.23914337 21.52310371
v 74.06235504 -61.21105957 19.38969612
v 60.07088470 -64.69409943 21.48219490
v 59.72041321 -65.62207031 21.35699654
v 59.47102356 -66.57714844 21.20320320
v 60.75594330 -63.41809082 21.60890388
v 61.62986374 -62.27404785 21.66560555
v 63.06036377 -60.99804688 21.63139534
v 72.41355133 -60.22509766 19.88640022
v 71.47132111 -59.81604004 20.14850044
v 70.50115967 -59.51904297 20.39940071
v 62.31190491 -61.59606934 21.66400337
v 65.96014404 -79.31104279 17.52490425
v 67.38430023 -80.59008789 17.07310677
v 60.17812347 -72.30811310 19.84539986
v 69.22751617 -82.01708984 16.55349922
v 70.90589142 -83.01110840 16.16330147
v 60.98077393 -73.71314240 19.41569710
v 62.47901154 -75.68714142 18.77110481
v 64.62482452 -78.00806427 17.97850227
v 29.36924553 -73.50611115 23.26240730
v 31.85550499 -71.02404785 23.85260201
v 28.95549583 -72.07215118 23.85679817
v 34.69007111 -69.86608887 23.84520149
v 33.39213181 -72.94007111 22.82800484
v 29.74769402 -74.83007812 22.43680000
v 39.68824387 -68.94812012 23.37800789
v 43.45898438 -66.23107910 23.56599617
v 48.15371323 -62.51209259 23.69400215
v 36.91096115 -70.80506134 23.16990852
v 45.70029449 -63.82312012 23.79300117
v 43.00512314 -65.55407715 23.80749702
v 38.87217331 -67.88111115 23.82859993
v -62.31568527 -47.91016006 23.77430916
v -69.50190735 -38.62305069 23.40910530
v -67.06359863 -42.05712891 23.59320259
v -62.90161514 -47.52709961 23.71550179
v -62.49517822 -48.04309082 23.71890450
v -63.08006668 -46.87512207 23.77690315
v -65.39486694 -43.44007111 23.78970528
v -67.05045319 -40.63111115 23.80459785
v -69.19656372 -36.38903809 23.82809639
v -72.04322815 -34.76807022 23.06109810
v -73.96855927 -28.21912003 23.24569893
v -75.31553650 -28.58814049 22.39940071
v -73.96623993 -31.39612198 22.68989754
v -70.96936798 -32.16907120 23.84449959
v -72.50776672 -27.81506538 23.85350227
v -77.84346771 0.00000000 22.99569893
v -76.39115906 -4.81006050 23.70100594
v -76.48462677 0.00000000 23.68409920
v -80.00447845 0.00000000 21.22979927
v -80.87934875 0.00000000 20.13839912
v -81.06051636 -9.03003120 19.53889656
v -81.44593048 -4.55200100 19.13510323
v -81.59333801 0.00000000 18.93559456
v -76.42590332 -26.08606148 22.09840584
v -78.11933899 -21.73803902 21.47050667
v -78.98285675 -19.10705757 21.04210091
v -73.91384888 -22.94311714 23.84640694
v -74.91985321 -18.35913277 23.81959724
v -78.91294861 -8.93115425 22.07930183
v -75.54266357 -14.53808880 23.78650093
v -76.00798798 -10.54504585 23.74809456
v -78.98587799 0.00000000 22.18850899
v -80.70202637 -11.63305950 19.86329842
v -80.23816681 -14.17712688 20.23480415
v -79.66217041 -16.67614937 20.63670540
v -49.50668716 -61.05712891 23.77420235
v -52.68176651 -58.41406250 23.76429939
v -49.64002609 -61.23315430 23.71940804
v -54.78519821 -56.46105957 23.76220894
v -57.44844818 -53.73315430 23.76420784
v -59.95662689 -50.88012695 23.76880074
v -60.86614609 -50.03112793 23.73069954
v -59.17243576 -51.96204376 23.74240303
v -56.52069855 -54.77612305 23.75349617
v -53.75452805 -57.49511719 23.75320625
v -37.41155624 -70.47509766 23.21270943
v -39.62882614 -67.48107910 23.82449532
v -41.58679581 -67.60205078 23.48510933
v -43.88455582 -65.00611115 23.80230904
v -46.47331619 -63.29113770 23.78849983
v -47.01532745 -63.44714355 23.67080879
v -44.31978607 -65.57410431 23.59680367
v -29.36226463 -73.50611115 23.26210213
v -28.94875526 -72.07312012 23.85650826
v -31.45125580 -71.17614746 23.85299873
v -35.30411530 -69.59412384 23.84280586
v -34.58437729 -72.24511719 22.95150948
v -31.66486549 -73.87207031 22.64579964
v -29.74051476 -74.83007812 22.43670845
v -27.72668457 -72.47705078 23.85670662
v -27.63005447 -73.91016388 23.32409859
v -27.55526543 -75.07604980 22.70230293
v 27.50718498 -75.86804962 22.16330147
v 27.55582428 -75.07910919 22.70199776
v 27.63060570 -73.91210938 23.32420540
v 27.72723579 -72.47814941 23.85699654
v 27.99969482 -84.50207520 12.54899693
v 27.98598480 -84.38111115 13.36320591
v 27.97601509 -84.13513947 13.95669746
v 27.96714401 -83.76905060 14.48420906
v -76.38984680 4.84301949 23.70120430
v -76.19476318 8.30883980 23.72760201
v -78.81604004 9.70287895 22.12500191
v -80.96394348 9.81395912 19.63009834
v -81.39740753 5.33178902 19.19090462
v -81.58393860 0.76488876 18.95399666
v -78.16416931 21.60985756 21.45030403
v -73.96878052 28.21898842 23.24560738
v -76.81144714 25.16185951 21.97569466
v -79.32740021 17.92601967 20.84489632
v -80.28357697 13.95385933 20.20060921
v -75.19819641 16.78882027 23.80690193
v -74.12111664 22.09984779 23.84280586
v -73.39080811 24.90381050 23.85220528
v -72.50772858 27.81493950 23.85350227
v -75.78666687 12.63378906 23.76829720
v 26.86783409 -72.53809357 24.05769539
v 25.13061523 -73.08411407 25.88090706
v 25.00021553 -73.33509064 26.71899605
v 25.00021553 -75.03405762 26.08459663
v 25.00021553 -76.65711212 25.21460152
v 25.00021553 -77.66712189 24.51339912
v 25.18357468 -77.03907013 23.69330025
v 25.71121407 -76.48803711 22.97340584
v 25.51052475 -72.85511017 25.11560249
v 26.10687447 -72.66712189 24.48970222
v 26.51864433 -76.08106232 22.44180489
v 25.67748451 -68.86608887 26.70280647
v 25.17459488 -69.34705353 27.45199776
v 25.00021553 -69.89307404 28.29969978
v 25.00021553 -71.35108185 27.48559761
v 27.63549423 -71.25512695 24.28579903
v 27.54412460 -70.06909943 24.81180000
v 27.40322495 -68.30213165 25.82690620
v 26.45042419 -68.50305939 26.13929939
v 25.00021553 -69.28015900 28.71850777
v 25.15663528 -67.09705353 29.32110786
v 25.00021553 -67.77111816 30.00000191
v 27.34307480 -67.56104279 26.34930611
v 25.60959435 -66.49511719 28.71290779
v 26.31185532 -66.02515411 28.23890877
v 27.19017410 -65.73706055 27.94859505
v 27.09081459 -64.86707306 28.93029976
v 26.93732452 -64.07910919 30.02870369
v 26.67030525 -63.30908203 31.44020271
v 24.93445396 -62.84008789 34.76351166
v 26.29350471 -62.75208282 32.94071198
v 25.95554543 -62.50208282 34.02579880
v 25.57618523 -62.37609863 35.06101227
v 25.53189468 -65.00806427 30.45151138
v 24.43222427 -63.48206329 34.53960037
v 24.10939407 -64.25305939 34.40719986
v 24.91778564 -66.40515900 31.28129768
v 24.98190498 -67.05213165 30.60490608
v 23.99161530 -65.09008789 34.37660217
v 24.27436447 -65.16407013 33.74040222
v 24.51627541 -65.34606934 33.07320023
v 24.76633453 -65.78112793 32.15021133
v 14.36050510 -64.26403809 42.37139893
v 14.44280529 -64.63306427 41.42939758
v 15.93856525 -63.91406250 42.26660156
v 21.74787521 -62.72913361 39.83940125
v 23.02721405 -62.52808380 38.71299744
v 24.15493584 -62.39904785 37.41390228
v 25.10693550 -62.35706329 35.96749878
v 21.04668427 -63.81909180 38.62120056
v 20.92985535 -65.50012970 38.05231094
v 21.95461464 -65.28015900 37.18589783
v 22.85688400 -65.13513947 36.18648911
v 23.61738586 -65.07813263 35.07389832
v 15.95550537 -64.95214844 40.60440063
v 16.26800537 -66.76110840 39.91930008
v 17.91304398 -66.29309082 39.56641006
v 19.48175430 -65.86414337 38.93960953
v 19.94184494 -63.06713867 40.99291229
v 17.98710442 -63.47009277 41.80770111
v 14.58890533 -65.28614044 40.66700745
v 14.78207493 -66.15113068 40.17171097
v 15.00020504 -67.12708282 40.00000000
v 5.03621006 -68.59815216 40.00000000
v 0.00021419 -68.78211212 40.00000000
v 10.04517078 -68.04505157 40.00000000
v 0.00021499 -66.89710236 40.66700745
v -14.44237518 -64.63306427 41.42939758
v -14.58847523 -65.28614044 40.66700745
v -14.78164482 -66.15113068 40.17171097
v 0.00021499 -65.84912872 42.37139893
v -4.82100725 -65.67211914 42.37139893
v -9.61635017 -65.14307404 42.37139893
v -14.36006546 -64.26403809 42.37139893
v -14.99978542 -67.12708282 40.00000000
v -10.04473495 -68.04505157 40.00000000
v -5.03577995 -68.59815216 40.00000000
v 9.61677933 -65.14307404 42.37139893
v 4.82143688 -65.67211914 42.37139893
v -24.93438530 -62.84008789 34.76280212
v -24.29626465 -62.38806152 37.22320938
v -24.98720551 -62.35706329 36.17340088
v -25.57610512 -62.37609863 35.06029892
v -18.49489594 -63.36303711 41.63369751
v -16.45421600 -63.80114746 42.18621063
v -23.30258560 -63.49414062 36.39810181
v -24.10924530 -64.25305939 34.40660095
v -23.99147415 -65.09008789 34.37609863
v -23.52174568 -65.08007812 35.23229980
v -22.96978569 -65.12207031 36.03979874
v -19.88065529 -64.05114746 39.36190033
v -20.42645454 -62.97205353 40.72529984
v -21.86037445 -62.70911407 39.75180054
v -23.15968513 -62.51013184 38.57720184
v -24.43211555 -63.48206329 34.53900146
v -19.87038422 -65.76209259 38.73371124
v -18.32058525 -66.17907715 39.43260193
v -16.68207550 -66.64208984 39.85749817
v -22.06057549 -65.26013947 37.08140945
v -21.01992416 -65.47913361 37.98490143
v -26.31135559 -66.02404785 28.23910713
v -26.67210579 -63.31408691 31.42999649
v -26.93899536 -64.08814240 30.01530838
v -27.11111450 -65.01403809 28.75059700
v -27.18958473 -65.73609161 27.94880867
v -26.35783577 -62.82105255 32.70931244
v -25.96810532 -62.50806427 33.98740005
v -25.35918427 -64.32410431 31.60460091
v -25.15620422 -67.09705353 29.32110786
v -24.99979591 -67.77014923 30.00000191
v -24.98757553 -67.17211914 30.49409676
v -24.91844559 -66.41114044 31.27299690
v -24.76730537 -65.78516388 32.14371109
v -25.60913467 -66.49414062 28.71299934
v -24.56067467 -65.39807892 32.93080139
v -24.28346443 -65.16809082 33.71670914
v -24.99979591 -68.25109863 29.54690742
v -27.40464592 -68.32215118 25.81320381
v -26.45101547 -68.52307892 26.12500191
v -27.29015541 -66.92504883 26.85020638
v -24.99979591 -69.90905762 28.28849983
v -25.17431450 -69.36608887 27.43919563
v -25.67756462 -68.88513947 26.68910408
v -26.86730576 -72.53710938 24.05740547
v -27.51751518 -69.73609161 24.98030281
v -27.62178421 -71.08216095 24.35510445
v -27.41161537 -68.39710236 25.76400948
v -25.71431541 -70.19715118 25.88769722
v -25.51005554 -72.85413361 25.11520576
v -25.13019562 -73.08312988 25.88049507
v -24.99979591 -73.33411407 26.71859932
v -24.99979591 -72.18505859 27.11889839
v -24.99979591 -71.07604980 27.62060738
v -26.10638428 -72.66613770 24.48939705
v -24.99979591 -76.65406036 25.21499825
v -24.99979591 -75.03211212 26.08450508
v -72.12848663 28.95677757 23.85180855
v -70.31729889 33.81201172 23.83920479
v -68.61802673 37.61279297 23.82179451
v -68.07595062 38.70189667 23.81570625
v -66.14703369 42.20581055 23.79590034
v -64.18576050 45.29589844 23.78190804
v -55.90906525 42.98192596 28.77290535
v -48.79744720 49.58692169 30.04849625
v -57.24848557 44.01293945 27.04789925
v -54.80650711 42.13281250 30.74670601
v -50.17415619 44.97093964 35.23400116
v -47.25982666 48.02393341 35.23511124
v -53.96941757 41.48779297 32.91831207
v -53.41946793 41.06395721 35.23120117
v -44.41031647 54.78198242 28.77260017
v -45.47660828 56.09301758 27.04760933
v -43.53195572 53.70191193 30.74660110
v -45.00389862 50.14501953 35.23450089
v -42.86429596 52.88281250 32.91820145
v -42.42466736 52.34595490 35.23139954
v -60.49384689 46.50878906 24.51579475
v -58.79006577 45.19896698 25.61650276
v -51.56809616 52.40186310 26.03570747
v -48.05826569 59.27197266 24.51550484
v -46.70318604 57.60278320 25.61619759
v -84.03842926 40.08690643 13.91499519
v -89.35653687 67.23779297 13.44540501
v -84.38115692 40.06884766 13.14939976
v -35.70054626 59.63378906 30.12390518
v -36.91996765 56.36791992 35.21290970
v -34.58629608 57.83300781 35.19709778
v -39.20114517 54.80396271 35.22290039
v -26.11610603 65.25684357 28.92599678
v -26.71415520 66.66992188 27.25149727
v -25.61581421 64.09595490 30.81300735
v -32.22554779 59.18701172 35.17340088
v -25.22475433 63.21387482 32.86899948
v -29.84475517 60.43090820 35.14011002
v -27.42762566 61.57495117 35.09730911
v -24.95188522 62.63085938 35.04711151
v -37.67627716 62.88378906 26.15429878
v -27.39624596 68.30200195 25.82769966
v -28.14675522 70.11791992 24.68730354
v -21.31502533 63.98096466 34.95550919
v -18.00857544 65.01196289 34.85060120
v -7.45121717 67.12792969 34.47771072
v 0.00322029 68.00000000 32.76890945
v -11.08161545 66.59888458 34.59560013
v -3.74568605 67.45386505 34.39649963
v 0.00317770 67.56397247 34.36680984
v -15.53993511 69.08692169 28.05479622
v -14.60296535 65.88793945 34.72689819
v 0.00338319 70.31690216 28.39610481
v 0.00346181 71.64600372 26.88229561
v 0.00352210 72.74194336 25.89250374
v 0.00360879 74.42188263 24.70269966
v 0.00326839 68.60986328 31.22870255
v 0.00332779 69.45484161 29.65049934
v 9.53067303 66.85083008 34.54190063
v 6.20141411 67.26196289 34.44520950
v 3.64999485 67.45996094 34.39519882
v 12.79126453 66.27880859 34.65890884
v 25.40422440 64.59595490 30.16310310
v 13.62985516 69.45484161 28.04260445
v 26.77441406 67.87695312 26.27560616
v 15.94641495 65.56494141 34.77741241
v 19.02354431 64.71485138 34.88518906
v 22.02307510 63.73583984 34.97599792
v 24.95745468 62.62891388 35.04801178
v 25.23046494 63.21192169 32.86970901
v 25.62171555 64.09400177 30.81340218
v 26.12225533 65.25488281 28.92630196
v 26.72057533 66.66796875 27.25169563
v 27.40296555 68.30103302 25.82789803
v 28.15378571 70.11597443 24.68750191
v 48.06406403 59.27001953 24.51570320
v 44.41492462 54.77880859 28.77279854
v 38.42971420 57.93897247 30.10370255
v 43.53627396 53.69898224 30.74690628
v 42.86842346 52.87988281 32.91889954
v 37.22954178 56.16381836 35.21549988
v 40.73333359 53.67285156 35.22861099
v 42.42868423 52.34180450 35.23249817
v 33.60022354 58.41381836 35.18920135
v 29.89960480 60.40283203 35.14179993
v 25.39539528 62.44995117 35.05730057
v 40.57251358 61.14086914 26.11900520
v 46.70855331 57.60083008 25.61619759
v 45.48155212 56.09082031 27.04760933
v 57.25225449 44.01000977 27.04800606
v 53.04494476 45.00488281 30.05740738
v 55.91231155 42.97899628 28.77310371
v 54.80936432 42.12988281 30.74719620
v 53.42182159 41.06079102 35.23260880
v 53.97195435 41.48485565 32.91909790
v 51.37972260 43.58885956 35.23440933
v 49.21318436 46.02098846 35.23580170
v 46.92327118 48.35278320 35.23630142
v 43.27021408 51.64893341 35.23390198
v 56.04621124 47.55396271 26.04809761
v 58.79440308 45.19702148 25.61659431
v 60.49878311 46.50684357 24.51600838
v 77.85082245 0.00000000 22.99569893
v 76.39548492 4.80980873 23.70219612
v 76.48894501 0.00000000 23.68530464
v 80.01184082 0.00000000 21.22979927
v 80.88670349 0.00000000 20.13839912
v 73.91840363 22.94188881 23.84739876
v 74.92430115 18.35888100 23.82060432
v 78.91924286 8.92894936 22.08020210
v 75.54704285 14.53783989 23.78770638
v 76.01234436 10.54491997 23.74930000
v 78.99324036 0.00000000 22.18850899
v 76.35956573 -5.62915039 23.70759773
v 76.08470154 -9.74707222 23.74180794
v 80.87720490 -10.51208687 19.71609688
v 81.35247040 -6.06421089 19.24879646
v 81.57604980 -1.52222061 18.97819710
v 77.87947083 -22.42712593 21.57789803
v 73.97450256 -28.21912003 23.24650764
v 76.87939453 -25.01403999 21.95550728
v 78.78387451 -19.77307320 21.15260506
v 78.72849274 -10.39111710 22.16890144
v 74.78551483 -19.08008003 23.82589912
v 73.70935059 -23.75207710 23.85020638
v 72.51212311 -27.81409073 23.85450935
v 79.51940155 -17.25110054 20.73219490
v 80.14468384 -14.65613079 20.30960274
v 75.66096497 -13.68908978 23.77960396
v 60.19748306 34.76097870 30.11419868
v 56.91735458 36.06591797 35.21929932
v 58.37146378 33.66796875 35.20310211
v 54.51511383 39.59886932 35.23089981
v 65.65486145 25.09593773 28.92439461
v 67.07669067 25.66991997 27.25020027
v 64.48643494 24.61693764 30.81070328
v 59.70073318 31.26293755 35.17670059
v 63.59816360 24.24193764 32.86600113
v 60.90398407 28.86791801 35.13880157
v 61.99668121 26.46483803 35.09241104
v 63.01037216 23.98095131 35.04310989
v 63.49459457 36.69702148 26.13839912
v 68.71935272 26.32396889 25.82650948
v 70.54520416 27.04393959 24.68580818
v 71.49062347 -30.78516006 23.84880257
v 70.28763580 -33.89514160 23.83960152
v 68.62187958 -37.61511230 23.82240486
v 67.44527435 -39.91613770 23.80929756
v 66.15481567 -42.20008087 23.79649544
v 64.19226837 -45.29309082 23.78250313
v 55.91228485 -42.97912979 28.77310371
v 48.79841232 -49.58703995 30.04880142
v 57.25223160 -44.01013184 27.04800606
v 54.80931473 -42.13111115 30.74719620
v 50.16681290 -44.97912979 35.23530960
v 47.26031113 -48.02404785 35.23630142
v 53.97189331 -41.48609161 32.91909790
v 53.42174149 -41.06214142 35.23260880
v 44.41483307 -54.77905273 28.77279854
v 45.48152161 -56.09105682 27.04760933
v 43.53616333 -53.70007324 30.74690628
v 45.00603485 -50.14307404 35.23559952
v 42.86827469 -52.88012695 32.91889954
v 42.42849350 -52.34313965 35.23249817
v 60.49878311 -46.50708008 24.51600838
v 58.79439163 -45.19715118 25.61659431
v 51.56993484 -52.40308380 26.03570747
v 48.06407166 -59.27014160 24.51570320
v 46.70854187 -57.60107422 25.61619759
v 36.92445374 -56.36511230 35.21390152
v 34.59101486 -57.83104706 35.19811249
v 39.20538330 -54.80114746 35.22399902
v 29.84989548 -60.42810059 35.14101028
v 32.23049545 -59.18408203 35.17438889
v 37.68211365 -62.88208008 26.15440559
v 35.70567322 -59.63208008 30.12430000
v 28.15377426 -70.11707306 24.68719673
v -55.90911865 -42.98206329 28.77290535
v -60.19540787 -34.76306152 30.11369514
v -57.24852753 -44.01306152 27.04789925
v -54.80657578 -42.13306046 30.74670601
v -56.91575623 -36.06812286 35.21781158
v -58.37012863 -33.67114258 35.20151138
v -53.96949768 -41.48804092 32.91831207
v -54.51303864 -39.60205078 35.22951126
v -53.41956711 -41.06409073 35.23120117
v -65.65313721 -25.09814644 28.92370796
v -67.07431793 -25.67114449 27.24980354
v -64.48526001 -24.61804390 30.80969620
v -59.69964600 -31.26514053 35.17499924
v -63.59738541 -24.24414253 32.86439896
v -60.90311813 -28.87012100 35.13690186
v -61.99598694 -26.46704483 35.09030151
v -63.00984573 -23.98315620 35.04090118
v -63.49114609 -36.69812012 26.13830757
v -58.79009628 -45.19910049 25.61650276
v -68.71623993 -26.32507515 25.82609749
v -60.49387741 -46.50916290 24.51579475
v -70.54132080 -27.04504776 24.68530464
v -63.70774841 -22.08911324 35.00000000
v -65.18087006 -17.37414742 34.86830139
v -67.14508820 -7.21216011 34.52001190
v -68.18666077 -0.00098038 32.25590897
v -66.64965820 -10.72204876 34.63510132
v -67.42523956 -4.06909084 34.44260025
v -67.55709076 -0.00098038 34.39960098
v -69.22913361 -15.02209759 28.04640388
v -65.98867035 -14.11108685 34.75680923
v -70.35920715 0.00000000 28.36520576
v -70.69969940 0.00000000 27.94110298
v -72.20861816 0.00000000 26.37610054
v -73.92794037 0.00000000 25.04559517
v -75.82148743 0.00000000 23.97770882
v -69.12764740 -0.00098038 30.22940445
v -53.04175568 -45.00806046 30.05710220
v -51.37715530 -43.59204102 35.23308945
v -45.47660828 -56.09313965 27.04760933
v -44.41031647 -54.78209686 28.77260017
v -43.53196716 -53.70313263 30.74660110
v -42.86431885 -52.88306427 32.91820145
v -49.21030807 -46.02404785 35.23461151
v -46.92007828 -48.35607910 35.23511124
v -43.26648712 -51.65209961 35.23279953
v -42.42485809 -52.34606934 35.23139954
v -56.04188538 -47.55615234 26.04809761
v -48.05826569 -59.27208710 24.51550484
v -46.70319748 -57.60314941 25.61619759
v -34.05987549 -58.14611816 35.19260025
v -37.67034531 -55.86914062 35.21670914
v -39.86015701 -54.32604980 35.22510147
v -32.22529602 -59.18713379 35.17340088
v -28.50399590 -61.08007812 35.11730194
v -37.10062790 -63.20715332 26.16150093
v -28.15144539 -70.12805939 24.68170357
v -35.15762711 -59.95104980 30.12779617
v -65.92691040 14.38696098 34.76668930
v -63.59749603 24.24389076 32.86439896
v -64.48532867 24.61791801 30.80960274
v -64.70925903 19.01683998 34.91878891
v -63.05672836 23.86083794 35.03849792
v -63.01002884 23.98192787 35.04090118
v -66.63977051 10.78100967 34.63721085
v -67.16243744 7.05785942 34.51560211
v -67.42343903 4.09594917 34.44309998
v -69.17035675 15.31078911 28.04840279
v -67.07431793 25.67090034 27.24969673
v -68.71620941 26.32494926 25.82609749
v -70.54126740 27.04590034 24.68530464
v -65.65319061 25.09789848 28.92370796
v -33.69461823 -56.42712402 42.96450043
v -15.09905529 -63.96411133 42.96450043
v 48.98012161 -43.82215118 42.96450043
v 41.71675491 -50.78516388 42.96450043
v 19.70812416 -62.69812012 42.96450043
v 9.90643215 -64.97106934 42.96450043
v -10.15835476 -64.93212891 42.96450043
v -5.15804291 -65.51905060 42.96450043
v 4.90387392 -65.53907013 42.96450043
v -37.91521835 -53.68212891 42.96450043
v -41.91330719 -50.62304688 42.96450043
v -63.33847809 17.53783989 42.96450043
v 45.48189163 -47.44312286 42.96450043
v -60.02343750 -26.76806831 42.96450043
v -61.89640808 -22.09509468 42.96450043
v -63.40613556 -17.29211617 42.96450043
v -64.54380035 -12.38806438 42.96450043
v -59.13865662 32.30786133 35.18790054
v -60.80781555 29.06786919 35.14039993
v -61.81009674 22.33495903 42.96450043
v -59.91898727 27.00097084 42.96450043
v -57.67624664 31.50879097 42.96450043
v 57.67666245 -31.50916100 42.96450043
v 55.09547424 -35.83106232 42.96450043
v 52.19094467 -39.94409180 42.96450043
v 29.04789543 -58.95410156 42.96450043
v 24.44975471 -61.00512695 42.96450043
v 33.47556305 -56.55811310 42.96450043
v -29.27629471 -58.84105682 42.96450043
v -24.68615532 -60.91016388 42.96450043
v -52.34530640 -39.74108887 42.96450043
v -55.23382568 -35.61707306 42.96450043
v -49.14958572 -43.63111115 42.96450043
v -57.79822540 -31.28516006 42.96450043
v -65.30265808 -7.41113091 42.96450043
v -62.81333542 24.48681068 35.05089951
v 55.06549454 -38.83106232 35.22930145
v 56.82946396 -36.20410156 35.22000122
v 59.13876343 -32.30810928 35.18960953
v 37.70679474 -53.82910156 42.96450043
v 14.85084534 -64.02210236 42.96450043
v -0.12745869 -65.72205353 42.96450043
v -19.95115471 -62.62109375 42.96450043
v -45.66543579 -47.26612091 42.96450043
v -65.66851807 2.64501953 42.96450043
v -65.67829895 -2.39014053 42.96450043
v -65.27336884 7.66382027 42.96450043
v -64.49517059 12.63793945 42.96450043
v -66.66571045 36.53491211 24.59869576
v -59.72171783 32.64891815 32.92481232
v -64.84587860 35.52587891 25.71609688
v -63.20363617 34.61180878 27.14610481
v -61.77971649 33.81494141 28.85350227
v -60.60940552 33.15477753 30.79570198
v -56.82546616 36.20996094 35.21850967
v -55.06249619 38.83496094 35.22790909
v 33.69505310 56.42700195 42.96450043
v 19.95157433 62.61987305 42.96450043
v -48.97969818 43.82202148 42.96450043
v -41.71631622 50.78491211 42.96450043
v -14.85042477 64.02197266 42.96450043
v 5.15847206 65.51879883 42.96450043
v 15.09947491 63.96387482 42.96450043
v 10.15878010 64.93189240 42.96450043
v 29.27671432 58.84082031 42.96450043
v 24.68657494 60.90894318 42.96450043
v 37.91565323 53.68189240 42.96450043
v 41.91375351 50.62183380 42.96450043
v 65.27380371 -7.66406059 42.96450043
v 65.07552338 -17.75415230 34.88291168
v 65.78668976 -14.99414349 34.79069901
v 66.47835541 -11.69409466 34.67261124
v 67.55684662 0.00000000 34.40280151
v 65.66895294 -2.64502048 42.96450043
v 67.37619019 -4.76611042 34.46009827
v 64.26010132 -20.45508003 34.96139908
v 63.33890152 -17.53808784 42.96450043
v 64.49560547 -12.63806438 42.96450043
v -45.48145676 47.44190216 42.96450043
v -55.09503555 35.83081055 42.96450043
v -52.19050598 39.94384766 42.96450043
v -24.44932556 61.00488281 42.96450043
v -19.70770454 62.69702148 42.96450043
v 60.02387238 26.76782036 42.96450043
v 61.89683151 22.09496880 42.96450043
v 63.40657425 17.29199028 42.96450043
v 64.54421234 12.38793945 42.96450043
v 61.27353287 -28.08214951 35.12421036
v 61.81052399 -22.33508492 42.96450043
v 59.91941452 -27.00110054 42.96450043
v -29.04746437 58.95386505 42.96450043
v -33.47513580 56.55786133 42.96450043
v 52.34573364 39.74095917 42.96450043
v 55.23426437 35.61693573 42.96450043
v 49.15002441 43.63085938 42.96450043
v 57.79866409 31.28491020 42.96450043
v 65.30308533 7.40991020 42.96450043
v 66.64954376 10.72192001 34.63800049
v 65.98866272 14.10985756 34.75951004
v 65.18099976 17.37280083 34.87081146
v 63.70814133 22.08690834 35.00231171
v -37.70636749 53.82886505 42.96450043
v -9.90600491 64.97095490 42.96450043
v -4.90344620 65.53881836 42.96450043
v 0.12788789 65.72193146 42.96450043
v 45.66587448 47.26489258 42.96450043
v 65.67873383 2.38988876 42.96450043
v 67.42500305 4.06786919 34.44570160
v 67.14491272 7.21191025 34.52299881
v 67.01292419 -8.29199409 34.55599976
v 63.01057434 -23.98108101 35.04310989
v 68.18666077 0.00000000 32.25830078
v 69.23068237 15.02099037 28.04730415
v 70.36034393 0.00000000 28.36659431
v 70.70103455 0.00000000 27.94239998
v 72.21076202 0.00000000 26.37710762
v 73.93096924 0.00000000 25.04660225
v 75.82549286 0.00000000 23.97880745
v 69.12813568 0.00000000 30.23120308
v 69.69433594 -12.47607803 28.02720833
v 65.65491486 -25.09607124 28.92439461
v 67.07671356 -25.67004585 27.25020027
v 68.71934509 -26.32409859 25.82650948
v 70.54518127 -27.04504776 24.68580818
v 63.59829330 -24.24206734 32.86600113
v 64.48652649 -24.61706734 30.81070328
v 66.66888428 -36.53613281 24.59900093
v 63.20544434 -34.61304092 27.14630318
v 64.84835052 -35.52709961 25.71620369
v 61.78093338 -33.81505966 28.85380745
v 60.61011124 -33.15515137 30.79640388
v 59.72204208 -32.64807129 32.92600250
v -45.32784653 47.28198242 45.05979919
v -41.57541656 50.61279297 45.05979919
v -33.36206818 56.36694336 45.05979919
v -28.94935417 58.75488281 45.05979919
v -9.87254524 64.75195312 45.05979919
v -4.88688421 65.31690216 45.05979919
v -19.64114571 62.48583984 45.05979919
v 5.14104891 65.29785156 45.05979919
v 10.12446976 64.71289062 45.05979919
v 19.88419533 62.40894318 45.05979919
v 24.60320473 60.70386505 45.05979919
v 41.77217484 50.45191193 45.05979919
v 45.51164246 47.10596466 45.05979919
v 33.58125305 56.23682404 45.05979919
v 52.16894150 39.60692596 45.05979919
v 55.04771423 35.49681854 45.05979919
v 59.82113266 26.67798042 45.05979919
v 61.68778229 22.02001762 45.05979919
v 65.45690155 2.38183975 45.05979919
v 65.44715118 -2.63599014 45.05979919
v 64.32621002 12.34594917 45.05979919
v 64.27776337 -12.59607315 45.05979919
v 63.12498474 -17.47912788 45.05979919
v 57.53070450 -31.42908096 44.00620270
v -57.53027725 31.42894936 44.00620270
v -57.48144531 31.40184975 45.05979919
v -54.90894699 35.70996094 45.05979919
v -52.01422882 39.80883789 45.05979919
v -48.81426620 43.67382812 45.05979919
v -37.57900620 53.64697266 45.05979919
v -24.36673546 60.79882812 45.05979919
v -14.80026531 63.80590820 45.05979919
v 0.12745610 65.50000000 45.05979919
v 15.04848480 63.74780273 45.05979919
v 29.17784500 58.64185333 45.05979919
v 37.78759384 53.50098419 45.05979919
v 48.98401260 43.48387909 45.05979919
v 57.60343170 31.17894936 45.05979919
v 63.19242477 17.23290825 45.05979919
v 65.08251953 7.38500977 45.05979919
v 65.05334473 -7.63819027 45.05979919
v 59.71703339 -26.91015816 45.05979919
v 61.60176468 -22.26013374 45.05979919
v 57.48186111 -31.40209961 45.05979919
v 57.48186111 -31.40209961 51.50040054
v 59.71703339 -26.91015816 51.50040054
v 61.60176468 -22.26013374 51.50040054
v 63.12498474 -17.47912788 51.50040054
v 64.27776337 -12.59607315 51.50040054
v 65.05334473 -7.63819027 51.50040054
v 65.44715118 -2.63599014 51.50040054
v 65.45690155 2.38183975 51.50040054
v 65.08251953 7.38500977 51.50040054
v 64.32621002 12.34594917 51.50040054
v 63.19242477 17.23290825 51.50040054
v 61.68778229 22.02001762 51.50040054
v 59.82113266 26.67798042 51.50040054
v 57.60343170 31.17894936 51.50040054
v 55.04771423 35.49681854 51.50040054
v 52.16894150 39.60692596 51.50040054
v 48.98401260 43.48387909 51.50040054
v 45.51164246 47.10596466 51.50040054
v 41.77217484 50.45191193 51.50040054
v 37.78759384 53.50098419 51.50040054
v 33.58125305 56.23682404 51.50040054
v 29.17784500 58.64185333 51.50040054
v 24.60320473 60.70386505 51.50040054
v 19.88419533 62.40894318 51.50040054
v 15.04848480 63.74780273 51.50040054
v 10.12446976 64.71289062 51.50040054
v 5.14104891 65.29785156 51.50040054
v 0.12745610 65.50000000 51.50040054
v -4.88688421 65.31690216 51.50040054
v -9.87254524 64.75195312 51.50040054
v -14.80026531 63.80590820 51.50040054
v -19.64114571 62.48583984 51.50040054
v -24.36673546 60.79882812 51.50040054
v -28.94935417 58.75488281 51.50040054
v -33.36206818 56.36694336 51.50040054
v -37.57900620 53.64697266 51.50040054
v -41.57541656 50.61279297 51.50040054
v -45.32784653 47.28198242 51.50040054
v -48.81426620 43.67382812 51.50040054
v -52.01422882 39.80883789 51.50040054
v -54.90894699 35.70996094 51.50040054
v -57.48144531 31.40184975 51.50040054
v -0.99978626 -65.49207306 50.00040054
v 1.00021386 -65.49207306 50.00040054
v -0.99978626 -65.39807892 51.79249954
v -0.99978626 -65.49207306 51.50040054
v -22.15216446 61.48389435 51.85390091
v -36.22268677 54.39697266 51.85390091
v -6.79421806 64.99902344 51.85390091
v 8.95859146 64.73682404 51.85390091
v 58.36636353 29.40184975 51.85390091
v 49.63400269 42.51489258 51.85390091
v 63.70671463 14.57982826 51.85390091
v 65.34468079 -1.09008980 51.85390091
v 63.18504333 -16.69604683 51.85390091
v -57.35291672 31.33177757 51.85390091
v -48.18806839 44.14697266 51.85390091
v 24.85174561 -60.06213379 52.00040054
v 1.00021386 -65.49207306 51.50040054
v 49.51472473 -42.65405273 51.85390091
v 27.68773460 -59.19910431 51.85390091
v 39.47763443 -52.08312988 51.85390091
v 25.03833580 -60.52612305 51.50040054
v 29.52620506 -58.46813965 51.50040054
v 54.95323181 -35.64307022 51.50040054
v 52.11238480 -39.68115234 51.50040054
v 45.56023407 -47.05908203 51.50040054
v 48.97543335 -43.49304199 51.50040054
v 41.88616180 -50.35706329 51.50040054
v 33.84631348 -56.07813263 51.50040054
v 37.97411346 -53.36914062 51.50040054
v 20.40820503 -62.24011230 51.50040054
v 15.66213512 -63.60009766 51.50040054
v 14.66848469 -63.68604279 51.85390091
v 5.93048811 -65.23107910 51.50040054
v 10.82707500 -64.59912872 51.50040054
v -59.70331573 26.93993950 51.50040054
v -61.57932663 22.32079887 51.50040054
v -63.09860611 17.57201958 51.50040054
v -15.80205536 -63.56506348 51.50040054
v -10.92168522 -64.58312988 51.50040054
v -5.97805309 -65.22705078 51.50040054
v -29.78360558 -58.33704376 51.50040054
v -25.26040459 -60.43311310 51.50040054
v -20.59087563 -62.17907715 51.50040054
v -42.21827698 -50.07910156 51.50040054
v -38.28716660 -53.14404297 51.50040054
v -34.13425827 -55.90308380 51.50040054
v -52.46027756 -39.21912003 51.50040054
v -49.32541656 -43.09606934 51.50040054
v -45.90481567 -46.72204971 51.50040054
v -59.97764587 -26.32312393 51.50040054
v -57.80185699 -30.80908012 51.50040054
v -55.29122543 -35.11608887 51.50040054
v -64.37999725 -12.06006145 51.50040054
v -63.27626801 -16.92212105 51.50040054
v -61.80597687 -21.68506050 51.50040054
v -65.43862915 2.82983017 51.50040054
v -65.46431732 -2.15601063 51.50040054
v -65.11074829 -7.12818050 51.50040054
v -64.25234985 12.72192001 51.50040054
v -65.03385925 7.79883003 51.50040054
v -5.14062119 -65.29810333 45.05979919
v -0.12702760 -65.50012970 45.05979919
v -10.12404537 -64.71314240 45.05979919
v -59.71660614 26.90991020 45.05979919
v -61.60132599 22.26000786 45.05979919
v -63.12454605 17.47899818 45.05979919
v -64.27734375 12.59594917 45.05979919
v -65.05291748 7.63793945 45.05979919
v -65.44671631 2.63599014 45.05979919
v -65.45646667 -2.38208008 45.05979919
v -65.08209991 -7.38501072 45.05979919
v -64.32579041 -12.34607315 45.05979919
v -63.19198608 -17.23413277 45.05979919
v -61.68734741 -22.02014351 45.05979919
v -59.82070541 -26.67810249 45.05979919
v -57.60301590 -31.17908096 45.05979919
v -55.04727554 -35.49707031 45.05979919
v -52.16850662 -39.60706329 45.05979919
v -48.98358536 -43.48413086 45.05979919
v -45.51120758 -47.10607910 45.05979919
v -41.77174759 -50.45214844 45.05979919
v -37.78715515 -53.50109863 45.05979919
v -33.58081818 -56.23706055 45.05979919
v -29.17741585 -58.64208984 45.05979919
v -24.60278511 -60.70410156 45.05979919
v -19.88376427 -62.40905762 45.05979919
v -15.04806519 -63.74804688 45.05979919
v 4.88731194 -65.31812286 45.05979919
v 9.87297153 -64.75208282 45.05979919
v 14.80070496 -63.80615234 45.05979919
v 19.64156532 -62.48608398 45.05979919
v 24.36717415 -60.79907227 45.05979919
v 28.94977570 -58.75512695 45.05979919
v 33.36250305 -56.36707306 45.05979919
v 37.57944489 -53.64708710 45.05979919
v 41.57585144 -50.61303711 45.05979919
v 45.32828140 -47.28211212 45.05979919
v 48.81470490 -43.67407227 45.05979919
v 52.01466370 -39.80908203 45.05979919
v 54.90938187 -35.71009064 45.05979919
v 81.33958435 -17.08105659 18.36010933
v 80.60037231 -25.46411324 18.37230110
v 26.41859436 -84.11010742 14.77929878
v 27.16202545 -83.86010742 14.56230354
v 25.00021553 -83.06507111 19.70730782
v 25.00021553 -81.19007111 21.53990364
v 25.00021553 -79.18908691 23.29860115
v 84.38853455 -40.06909180 13.14939976
v 84.04579163 -40.08703995 13.91499519
v 27.80535507 -80.92115021 17.61830330
v 27.69641495 -79.15905762 19.35260201
v 90.85338593 -71.96105957 12.48219395
v 89.81248474 -72.20008087 13.97009468
v 89.36389923 -67.23803711 13.44540501
v 90.44884491 -72.06812286 13.30929756
v -59.57145691 -70.71607208 20.29100227
v -59.35045624 -69.63012695 20.56640816
v -65.68676758 -59.69506836 21.35020638
v -67.13437653 -59.36914062 21.11619759
v -68.60781860 -59.27709961 20.83090401
v -69.55695343 -59.34509277 20.62309456
v -70.49379730 -59.51904297 20.39940071
v -71.46395874 -59.81604004 20.14850044
v -72.40618896 -60.22509766 19.88640022
v -74.05500031 -61.21105957 19.38969612
v -59.27178574 -68.51807404 20.82240486
v -59.31645584 -67.54615021 21.02389717
v -61.62249756 -62.27404785 21.66560555
v -62.30453873 -61.59606934 21.66400337
v -63.05300522 -60.99804688 21.63139534
v -64.32138824 -60.23914337 21.52310371
v -59.46364594 -66.57714844 21.20320320
v -59.71303558 -65.62207031 21.35699654
v -60.06351852 -64.69409943 21.48219490
v -60.74856567 -63.41809082 21.60890388
v -75.83247375 -62.60314941 18.81320381
v -78.31559753 -64.93212891 17.96809578
v -82.83528900 -70.56812286 16.32690620
v -83.27575684 -71.49304962 16.13720894
v -83.63036346 -72.49108887 15.96139717
v -80.59726715 -67.39307404 17.16700935
v -82.07331848 -69.31311035 16.62610054
v -83.85627747 -73.46411896 15.81649971
v -83.97028351 -74.46105957 15.69110298
v -83.97039795 -75.45716095 15.58560371
v -83.86168671 -76.43115997 15.49839973
v -83.65180969 -77.37415314 15.42730904
v -83.34948730 -78.27210236 15.37040901
v -81.34529877 -81.34412384 15.25889778
v -82.49665833 -79.92310333 15.29260445
v -81.34252930 -81.34606934 15.25889778
v -80.15741730 -82.33911896 15.26510811
v -75.70581818 -83.95606232 15.49270821
v -77.32154846 -83.66809082 15.37600899
v -78.81137848 -83.11914062 15.30290413
v -74.08265686 -83.94506836 15.65609932
v -72.48230743 -83.63305664 15.87520027
v -70.89852905 -83.01110840 16.16330147
v -69.22015381 -82.01708984 16.55349922
v -67.37693787 -80.59008789 17.07310677
v -65.95278931 -79.31104279 17.52490425
v -60.17075729 -72.30811310 19.84539986
v -64.61744690 -78.00806427 17.97850227
v -62.47165680 -75.68714142 18.77110481
v -60.97340775 -73.71314240 19.41569710
v -83.04367065 0.00000000 16.05259895
v -80.59298706 25.46385765 18.37230110
v -81.33220673 17.08080864 18.36010933
v 91.04427338 -74.39611816 12.40170383
v 90.60729218 -74.44007111 13.24589729
v 89.92760468 -74.47913361 13.91070747
v 89.07358551 -74.51013947 14.32930183
v -38.97141647 -83.49304962 14.55040169
v -43.21272659 -80.61010742 16.71769905
v -46.60488510 -80.56408691 16.72659492
v -61.07627869 -75.09912872 19.05050850
v -66.79441071 -82.03211212 16.71609688
v -65.02941895 -82.24414062 16.72889900
v -47.68458557 -76.71912384 19.03039742
v -53.65519714 -76.38208008 19.04060555
v -56.66512680 -81.55908966 16.75160408
v -51.66852570 -80.87915039 16.74209785
v -56.59543610 -76.10009766 19.04710579
v -55.35814667 -68.16613770 21.38499641
v -61.63429642 -82.20214844 16.74560738
v -74.39438629 -91.03710938 12.37620735
v -74.43966675 -90.59008789 13.22799778
v -74.48011017 -89.89514923 13.89410496
v -74.51152802 -89.02514648 14.30589485
v -89.06623077 -74.51013947 14.32930183
v -82.37194061 -66.26905060 16.73100471
v -88.99752808 -72.34510040 14.40170479
v -76.10778046 -88.89807892 14.25970650
v -75.74636078 -60.19409180 19.06030464
v -69.12077332 -54.11914062 21.38960457
v -85.57113647 -83.78405762 14.16900826
v -84.49655914 -84.92713165 14.16400337
v -86.52102661 -82.52709961 14.17900276
v -88.89317322 -76.39904785 14.27929878
v -88.50682068 -78.20606232 14.24099922
v -87.99656677 -79.72705078 14.21449471
v -87.33361816 -81.16906738 14.19400215
v -83.30496979 -85.94909668 14.16400337
v -82.01817322 -86.83216095 14.16949654
v -80.63549042 -87.57812500 14.18100166
v -79.18209076 -88.17211914 14.19909859
v -77.65544891 -88.61608887 14.22520638
v -80.59301758 -25.46411324 18.37230110
v -83.92989349 -22.53808784 14.41980171
v -83.53379059 -38.84606934 14.55290413
v -84.03466797 -11.63806438 14.34340096
v -81.33220673 -17.08105659 18.36010933
v -83.49224854 -40.28406143 14.55580330
v -83.47126770 -45.12012100 14.55420113
v -80.67125702 -42.60205078 16.77679634
v -77.50975800 -42.05213165 19.03000069
v -80.93789673 -50.91809082 16.77720833
v -84.55948639 -54.32714844 14.55230904
v -85.09838867 -56.61511230 14.55780220
v -83.79293060 -49.72009277 14.55070686
v -84.11994934 -52.02709961 14.55040169
v -80.61048889 -45.92407227 16.78320503
v -83.57982635 -47.41613770 14.55230904
v -70.98307037 -50.15515137 21.36850166
v -73.37274933 -42.25806046 21.29870796
v -82.53772736 -64.35816193 16.73230171
v -83.49704742 -40.10205078 14.55569649
v -87.65486908 -65.63806915 14.58329964
v -88.24788666 -67.98510742 14.54359627
v -82.38469696 -60.71704102 16.74110603
v -88.68901825 -70.10205078 14.48109627
v -77.00390625 -52.50708008 19.03999519
v -76.75686646 -55.51013184 19.05119514
v -81.65306854 -55.79504395 16.76010323
v -86.36705017 -61.14307404 14.58149910
v -77.21466827 -46.55310059 19.02470589
v 43.22008133 -80.61010742 16.71769905
v 40.63551331 -83.45104980 14.55330086
v 45.19126129 -83.44715118 14.55459785
v 65.03675079 -82.24414062 16.72889900
v 66.80173492 -82.03211212 16.71609688
v 61.08361435 -75.09912872 19.05050850
v 47.69194412 -76.71912384 19.03039742
v 46.61222458 -80.56408691 16.72659492
v 51.67586136 -80.87915039 16.74220467
v 56.67247391 -81.55908966 16.75160408
v 53.66254425 -76.38208008 19.04060555
v 56.60277176 -76.10009766 19.04710579
v 61.64163208 -82.20214844 16.74560738
v 55.36549377 -68.16613770 21.38499641
v 65.80847931 -87.65905762 14.58960152
v 68.16094208 -88.24804688 14.54069710
v 70.28072357 -88.67810059 14.47000313
v 72.51984406 -88.96411896 14.38160896
v 54.42099380 -84.54711914 14.56739998
v 56.71767426 -85.08703613 14.57660103
v 61.27371216 -86.36010742 14.60090828
v 49.80011368 -83.77709961 14.55740547
v 52.11283112 -84.10607910 14.56120491
v 47.49070358 -83.56005859 14.55540657
v 87.86468506 -80.06604004 14.20930672
v 87.04035187 -81.71105957 14.18750191
v 74.51889038 -89.02514648 14.30589485
v 76.81267548 -88.79113770 14.24310493
v 88.88836670 -76.47705078 14.27740669
v 88.48473358 -78.31104279 14.23900032
v 84.84171295 -84.59313965 14.16499519
v 86.02870941 -83.22315216 14.17289925
v 78.64902496 -88.34912872 14.20750618
v 80.38409424 -87.69715118 14.18370247
v 82.00539398 -86.84510040 14.16960335
v 83.49599457 -85.80506134 14.16369820
v 74.48747253 -89.89514923 13.89410496
v 79.07226562 -89.93408966 13.14430428
v 89.39451599 -80.65612793 13.14590645
v 86.04485321 -85.76110840 13.11030674
v 74.40176392 -91.03710938 12.37620735
v 74.44704437 -90.59008789 13.22799778
v 82.85585022 -88.28405762 13.11369514
v -38.94113541 -84.38415527 13.14059639
v -38.92322540 -84.50207520 12.30690098
v -31.23932457 -84.50207520 12.46130466
v -38.95764542 -84.03907013 13.90860081
v -89.92024994 -74.47913361 13.91070747
v -90.07862854 -78.56507111 13.17160225
v -91.03691864 -74.39611816 12.40170383
v -91.18721771 -74.35314941 11.46310997
v -91.07618713 -76.55407715 11.39330006
v -90.69570923 -78.66809082 11.34090042
v -86.86141968 -84.85009766 13.11349583
v -90.59993744 -74.44007111 13.24589729
v -81.31168365 -89.09606934 13.12269688
v -81.55819702 -89.69506836 11.26189995
v -79.83821869 -90.36413574 11.28559971
v -78.03746796 -90.84107208 11.31980038
v -76.22042847 -91.11511993 11.36530018
v -87.37032318 -85.25805664 11.24581051
v -86.11450958 -86.60511017 11.23950005
v -84.71385956 -87.80506134 11.23970032
v -83.19464874 -88.83605957 11.24690056
v -90.14562988 -80.45911407 11.30541039
v -89.40234375 -82.16407013 11.27840042
v -88.47176361 -83.77210236 11.25860977
v -84.03842926 -40.08703995 13.91499519
v -90.98005676 -71.88903809 11.56789970
v -90.84597015 -71.96009064 12.48230076
v -90.48857880 -69.47412872 11.69579983
v -89.80500793 -72.20008087 13.97020149
v -84.56568909 -45.05310059 12.23579502
v -84.69434357 -47.31409073 12.21530342
v -84.91680908 -49.57410049 12.20219612
v -85.24585724 -51.82714844 12.19389534
v -85.68565369 -54.07006836 12.18660069
v -86.23140717 -56.29406738 12.17500401
v -86.86889648 -58.49207306 12.15229893
v -84.38115692 -40.06909180 13.14939976
v -84.49846649 -40.05004883 12.31900215
v -89.44519806 -67.54113770 13.43840218
v -88.34013367 -62.85314941 12.04240513
v -89.35648346 -65.74511719 11.90820980
v -89.87035370 -67.30908966 11.82079983
v -90.44140625 -72.06812286 13.30940437
v -84.05587769 -38.83007812 13.91749668
v -84.38569641 -38.81214142 13.16420078
v -84.49846649 -11.63415909 12.74099922
v -84.49846649 -22.51709175 12.66259956
v -84.49846649 -38.79113770 12.34959507
v 84.50584412 10.75878906 12.74290657
v 84.50584412 21.99096107 12.66890144
v 72.05984497 -91.00805664 11.52869987
v 72.13535309 -90.86914062 12.45790195
v 69.63937378 -90.53308868 11.66370010
v 72.37730408 -89.79406738 13.95840645
v 45.12635422 -84.57215118 12.21150303
v 47.38965225 -84.70410919 12.19549751
v 49.65134430 -84.93006134 12.18609810
v 51.90821457 -85.26306915 12.18049812
v 54.15453339 -85.70716095 12.17460823
v 56.38375473 -86.25805664 12.16319370
v 58.59027481 -86.90209961 12.13940620
v 67.70747375 -89.48316193 13.43640327
v 62.97773361 -88.38708496 12.02420235
v 65.89912415 -89.41114044 11.88459969
v 67.46673584 -89.92211914 11.79409981
v 72.24477386 -90.45104980 13.29530525
v 59.57881165 70.71582031 20.29100227
v 59.35782242 69.62891388 20.56640816
v 65.69412231 59.69483185 21.35020638
v 67.14175415 59.36890411 21.11619759
v 68.61517334 59.27686310 20.83090401
v 69.56431580 59.34497070 20.62309456
v 75.83983612 62.60278320 18.81320381
v 78.32295990 64.93090820 17.96809578
v 59.27915192 68.51782227 20.82240486
v 59.32383347 67.54589844 21.02389717
v 61.62986374 62.27393341 21.66560555
v 62.31190491 61.59497070 21.66400337
v 63.06036377 60.99780273 21.63139534
v 64.32875061 60.23901367 21.52310371
v 70.50115967 59.51879883 20.39940071
v 71.47132111 59.81591797 20.14850044
v 72.41355133 60.22388458 19.88640022
v 74.06235504 61.21094513 19.38969612
v 59.47102356 66.57691193 21.20320320
v 59.72041321 65.62183380 21.35699654
v 60.07088470 64.69384766 21.48219490
v 60.75594330 63.41796875 21.60890388
v 82.84265137 70.56787109 16.32690620
v 83.28313446 71.49291992 16.13720894
v 83.63773346 72.49097443 15.96139717
v 80.60462189 67.39282227 17.16700935
v 82.08067322 69.31298828 16.62610054
v 83.86363220 73.46289062 15.81649971
v 83.97763062 74.46094513 15.69110298
v 83.97775269 75.45679474 15.58560371
v 83.65916443 77.37280273 15.42730904
v 83.35684204 78.27197266 15.37040901
v 81.35265350 81.34301758 15.25889778
v 82.50402069 79.92188263 15.29260445
v 83.86905670 76.43090820 15.49839973
v 81.34988403 81.34595490 15.25889778
v 80.16477203 82.33789062 15.26510811
v 75.71317291 83.95578766 15.49270821
v 77.32890320 83.66799164 15.37600899
v 78.81873322 83.11888885 15.30290413
v 74.09001923 83.94479370 15.65609932
v 72.48966980 83.63278961 15.87520027
v 70.90589142 83.00999451 16.16330147
v 69.22751617 82.01586914 16.55349922
v 67.38430023 80.58985138 17.07310677
v 65.96014404 79.31079102 17.52490425
v 60.17812347 72.30689240 19.84539986
v 64.62482452 78.00781250 17.97850227
v 62.47901154 75.68701172 18.77110481
v 60.98077393 73.71289062 19.41569710
v 80.67863464 42.60179901 16.77679634
v 77.51712036 42.05200195 19.03000069
v 80.94527435 50.91796875 16.77720833
v 80.61785126 45.92382812 16.78320503
v 69.12812042 54.11890411 21.38960457
v 70.99042511 50.15479279 21.36850166
v 73.38011169 42.25781250 21.29870796
v 82.54510498 64.35791016 16.73230171
v 82.37930298 66.26879883 16.73100471
v 75.75371552 60.19384766 19.06030464
v 82.39205933 60.71680450 16.74110603
v 77.01128387 52.50684357 19.03999519
v 76.76424408 55.51000977 19.05119514
v 81.66042328 55.79492188 16.76010323
v 77.22202301 46.55297852 19.02470589
v 61.08363342 75.09888458 19.05050850
v 66.80176544 82.03198242 16.71609688
v 55.36550140 68.16602325 21.38499641
v 43.22008133 80.60986328 16.71769905
v 61.64165115 82.20188904 16.74560738
v 46.61224365 80.56397247 16.72659492
v 47.69194412 76.71900177 19.03039742
v 53.66256332 76.38184357 19.04060555
v 56.67248154 81.55883789 16.75160408
v 51.67588425 80.87891388 16.74220467
v 56.60279465 76.09985352 19.04710579
v 65.03677368 82.24388885 16.72889900
v 17.42162514 81.11401367 18.38609505
v 26.01397514 80.35498047 18.38699532
v -26.00662422 80.35498047 18.38699532
v -17.41426468 81.11401367 18.38609505
v -43.21271515 80.60986328 16.71769905
v -65.02938843 82.24388885 16.72889900
v -66.79438019 82.03198242 16.71609688
v -61.07624817 75.09888458 19.05050850
v -47.68457794 76.71900177 19.03039742
v -46.60486603 80.56397247 16.72659492
v -51.66849518 80.87891388 16.74220467
v -56.66510773 81.55883789 16.75160408
v -53.65518570 76.38184357 19.04060555
v -56.59541702 76.09985352 19.04710579
v -61.63426590 82.20188904 16.74560738
v -55.35813522 68.16602325 21.38499641
v -74.08265686 83.94479370 15.65609932
v -72.48230743 83.63278961 15.87520027
v -60.17075729 72.30689240 19.84539986
v -59.57145691 70.71582031 20.29100227
v -60.97340775 73.71289062 19.41569710
v -62.47165680 75.68701172 18.77110481
v -67.13437653 59.36890411 21.11619759
v -65.68676758 59.69483185 21.35020638
v -64.32138824 60.23901367 21.52310371
v -63.05300522 60.99780273 21.63139534
v -70.89852905 83.00999451 16.16330147
v -69.22015381 82.01586914 16.55349922
v -67.37693787 80.58985138 17.07310677
v -59.31645584 67.54589844 21.02389717
v -59.46364594 66.57691193 21.20320320
v -59.71303558 65.62183380 21.35699654
v -60.06351852 64.69384766 21.48219490
v -65.95278931 79.31079102 17.52490425
v -64.61744690 78.00781250 17.97850227
v -59.35045624 69.62891388 20.56640816
v -59.27178574 68.51782227 20.82240486
v -70.49379730 59.51879883 20.39940071
v -71.46395874 59.81591797 20.14850044
v -72.40618896 60.22388458 19.88640022
v -74.05500031 61.21094513 19.38969612
v -75.83247375 62.60278320 18.81320381
v -68.60781860 59.27686310 20.83090401
v -69.55695343 59.34497070 20.62309456
v -60.74856567 63.41796875 21.60890388
v -61.62249756 62.27393341 21.66560555
v -62.30453873 61.59497070 21.66400337
v -55.18136597 56.07398224 23.76220894
v -62.31568527 47.90991211 23.77430916
v -61.92728806 48.42089844 23.77319527
v -58.56501770 52.49780273 23.76609993
v -62.97035599 88.38699341 12.02420235
v -40.06339645 84.37989044 13.12959385
v -48.61794662 84.81398773 12.18969917
v -51.02178574 85.11888885 12.18240547
v -53.41643524 85.54978943 12.17680550
v -55.84158707 86.11698914 12.16679478
v -58.24110794 86.79589081 12.14419746
v 62.32119370 47.90894318 23.77490425
v 54.79115295 56.45996094 23.76269722
v 57.45425415 53.73193359 23.76469612
v 59.96228409 50.87792969 23.76930428
v 88.34750366 62.85278320 12.04240513
v 84.38853455 40.06884766 13.14939976
v 84.80443573 48.48682404 12.20770454
v 85.10310364 50.89185333 12.19700813
v 85.52667999 53.28687286 12.18930244
v 86.08736420 55.71801758 12.17880440
v 86.76218414 58.11987305 12.15730381
v 81.09559631 79.36987305 8.00000000
v 80.90253448 79.62695312 12.10910225
v 80.30712128 80.29981232 12.11019993
v 75.91320038 82.44389343 12.10420418
v 77.04115295 82.21678925 8.00000000
v 76.91387939 82.25199127 12.10740852
v 80.30538940 80.30103302 12.11019993
v 79.40385437 81.07080078 12.11070442
v 78.59591675 81.58179474 8.00000000
v 79.97035980 80.61694336 8.00000000
v 68.41834259 78.59595490 8.00000000
v 69.38348389 79.96997070 8.00000000
v 69.29824066 79.87183380 12.00000095
v 68.97578430 79.46680450 12.00000095
v 68.68201447 79.04102325 12.00000095
v 68.41834259 78.59595490 12.00000095
v 82.49957275 74.90186310 12.09219551
v 82.49039459 74.61597443 8.00000000
v 82.35941315 73.55396271 12.08920383
v 82.21718597 72.95899200 8.00000000
v 82.12483978 72.65698242 12.07319832
v 81.58208466 71.40380859 8.00000000
v 81.58208466 71.40380859 12.02870274
v 81.83167267 78.09497070 12.10290718
v 81.91517639 77.90380859 8.00000000
v 82.15227509 77.25781250 12.09860420
v 82.38800049 76.29199219 8.00000000
v 82.42003632 76.09400177 12.09379673
v 81.41323090 78.88892365 12.10670567
v 78.21384430 81.77587891 12.10930061
v 70.75706482 81.18383789 12.02780342
v 70.63026428 81.09497070 8.00000000
v 71.48656464 81.62598419 12.05780220
v 72.09618378 81.91480255 8.00000000
v 72.26766205 81.98389435 12.09109592
v 73.70771027 82.38799286 8.00000000
v 73.31898499 82.30879211 12.11180210
v 75.38406372 82.48999023 8.00000000
v 74.89510345 82.49899292 12.10490513
v 69.64785004 80.25391388 12.00000095
v 72.95927429 67.78295898 8.00000000
v 67.78325653 77.04102325 8.00000000
v 67.51004028 75.38378906 8.00000000
v 67.61243439 73.70679474 8.00000000
v 68.08526611 72.09595490 8.00000000
v 68.90484619 70.62988281 8.00000000
v 70.03007507 69.38281250 8.00000000
v 71.40453339 68.41796875 8.00000000
v 79.37016296 68.90479279 8.00000000
v 80.61694336 70.02979279 8.00000000
v 77.90425110 68.08496094 8.00000000
v 76.29272461 67.61182404 8.00000000
v 74.61637115 67.51000977 8.00000000
v 80.61001587 70.02197266 12.00000095
v 80.76831055 70.20581055 12.00000095
v 80.92056274 70.39600372 12.00000095
v 68.30533600 78.37988281 12.00000095
v 68.19933319 78.16187286 12.00000095
v 68.10048676 77.93994141 12.00000095
v 68.00887299 77.71485138 12.00000095
v 67.92459106 77.48682404 12.00000095
v 67.84775543 77.25585938 12.00000095
v 67.77840424 77.02393341 12.00000095
v 67.71664429 76.78881836 12.00000095
v 67.66252136 76.55200195 12.00000095
v 67.61610413 76.31298828 12.00000095
v 67.57744598 76.07299805 12.00000095
v 67.54656219 75.83179474 12.00000095
v 67.52351379 75.58985138 12.00000095
v 67.50830078 75.34790039 12.00000095
v 67.50095367 75.10498047 12.00000095
v 67.50148010 74.86182404 12.00000095
v 67.50987244 74.61890411 12.00000095
v 67.52613068 74.37695312 12.00000095
v 67.55023193 74.13500977 12.00000095
v 67.58215332 73.89379883 12.00000095
v 67.62186432 73.65479279 12.00000095
v 67.66931152 73.41602325 12.00000095
v 67.72446442 73.17993164 12.00000095
v 67.78723145 72.94483185 12.00000095
v 67.85758209 72.71192169 12.00000095
v 67.93543243 72.48193359 12.00000095
v 68.02069092 72.25488281 12.00000095
v 68.11328125 72.02979279 12.00000095
v 68.21309662 71.80786133 12.00000095
v 68.32003021 71.58985138 12.00000095
v 68.43398285 71.37598419 12.00000095
v 68.55482483 71.16480255 12.00000095
v 68.68243408 70.95800781 12.00000095
v 68.81666565 70.75585938 12.00000095
v 68.95738220 70.55786133 12.00000095
v 69.10445404 70.36401367 12.00000095
v 69.25771332 70.17603302 12.00000095
v 69.41698456 69.99194336 12.00000095
v 69.58213043 69.81397247 12.00000095
v 69.75295258 69.64086914 12.00000095
v 69.92929077 69.47388458 12.00000095
v 70.11095428 69.31298828 12.00000095
v 70.29774475 69.15698242 12.00000095
v 70.48946381 69.00781250 12.00000095
v 70.68592072 68.86499023 12.00000095
v 70.88690186 68.72901154 12.00000095
v 71.09221649 68.59790039 12.00000095
v 71.30161285 68.47485352 12.00000095
v 71.51490021 68.35889435 12.00000095
v 71.73184204 68.25000000 12.00000095
v 71.95222473 68.14697266 12.00000095
v 72.17579651 68.05200195 12.00000095
v 72.40233612 67.96387482 12.00000095
v 72.63159180 67.88378906 12.00000095
v 72.86334229 67.81079102 12.00000095
v 73.09734344 67.74487305 12.00000095
v 73.33332062 67.68798828 12.00000095
v 73.57106018 67.63696289 12.00000095
v 73.81030273 67.59497070 12.00000095
v 74.05079651 67.55982208 12.00000095
v 74.29227448 67.53295898 12.00000095
v 74.53450012 67.51489258 12.00000095
v 74.77722168 67.50292969 12.00000095
v 75.02016449 67.50000000 12.00000095
v 75.26309967 67.50391388 12.00000095
v 75.50575256 67.51685333 12.00000095
v 75.74787140 67.53687286 12.00000095
v 75.98921204 67.56591797 12.00000095
v 76.22952271 67.60083008 12.00000095
v 76.46852112 67.64501953 12.00000095
v 76.70599365 67.69580078 12.00000095
v 76.94167328 67.75488281 12.00000095
v 77.17531586 67.82202148 12.00000095
v 77.40666962 67.89697266 12.00000095
v 77.63551331 67.97778320 12.00000095
v 77.86157227 68.06690216 12.00000095
v 78.08463287 68.16284180 12.00000095
v 78.30446625 68.26685333 12.00000095
v 78.52082062 68.37792969 12.00000095
v 78.73348236 68.49487305 12.00000095
v 78.94223022 68.61890411 12.00000095
v 79.14684296 68.75098419 12.00000095
v 79.34709167 68.88793945 12.00000095
v 79.54279327 69.03198242 12.00000095
v 79.73371124 69.18189240 12.00000095
v 79.91968536 69.33887482 12.00000095
v 80.10047150 69.50098419 12.00000095
v 80.27590942 69.66895294 12.00000095
v 80.44582367 69.84301758 12.00000095
v 68.49327087 78.74780273 12.00000095
v 69.38410187 79.97388458 12.00000095
v 69.13506317 79.67993164 12.00000095
v 68.89871216 79.37084961 12.00000095
v 68.67873383 79.04981232 12.00000095
v 68.24796295 78.29102325 12.00000095
v 68.03479004 77.81884766 12.00000095
v 67.85477448 77.33300781 12.00000095
v 67.70876312 76.83496094 12.00000095
v 67.55908966 76.09985352 12.00000095
v 67.62473297 76.46900177 12.00000095
v 71.99613190 68.08692169 12.00000095
v 72.45354462 67.90698242 12.00000095
v 80.77705383 70.21485138 12.00000095
v 80.62805939 70.03881836 12.00000095
v 80.47372437 69.86791992 12.00000095
v 79.96384430 69.36791992 12.00000095
v 79.59279633 69.05883789 12.00000095
v 79.20260620 68.77393341 12.00000095
v 78.79488373 68.51489258 12.00000095
v 78.53506470 68.36791992 12.00000095
v 78.19035339 68.19287109 12.00000095
v 77.83713531 68.03687286 12.00000095
v 77.33515167 67.85083008 12.00000095
v 76.82115173 67.70092773 12.00000095
v 75.37177277 67.48096466 12.00000095
v 80.31419373 69.70092773 12.00000095
v 74.88251495 67.47095490 12.00000095
v 74.77032471 67.47290039 12.00000095
v 73.39886475 67.63793945 12.00000095
v 73.88271332 67.54981232 12.00000095
v 72.92178345 67.75684357 12.00000095
v 67.51198578 75.72778320 12.00000095
v 67.48354340 75.35401154 12.00000095
v 67.48865509 74.50098419 12.00000095
v 67.53307343 74.03101349 12.00000095
v 67.60693359 73.56494141 12.00000095
v 67.84328461 72.64697266 12.00000095
v 67.70991516 73.10498047 12.00000095
v 68.00552368 72.19799805 12.00000095
v 68.19595337 71.76099396 12.00000095
v 68.41379547 71.33594513 12.00000095
v 68.62183380 70.98389435 12.00000095
v 68.84880066 70.64282227 12.00000095
v 69.35670471 70.00195312 12.00000095
v 69.09399414 70.31591797 12.00000095
v 70.06752014 69.29882812 12.00000095
v 69.73721313 69.60181427 12.00000095
v 69.54328156 69.79785156 12.00000095
v 70.41537476 69.01489258 12.00000095
v 70.77954102 68.75391388 12.00000095
v 71.15871429 68.51392365 12.00000095
v 71.55152130 68.29688263 12.00000095
v 76.34315491 67.59595490 12.00000095
v 75.85934448 67.52197266 12.00000095
v 74.32536316 67.49780273 12.00000095
v 63.21015167 72.57984161 15.75920296
v 79.69857025 68.35596466 13.32829380
v 59.57881165 70.71582031 20.29100227
v 59.35782242 69.62891388 20.56640816
v 61.31694412 71.58081055 17.93980598
v 70.97566223 63.06787109 15.97180367
v 65.69412231 59.69483185 21.35020638
v 67.14175415 59.36890411 21.11619759
v 68.61517334 59.27686310 20.83090401
v 69.56431580 59.34497070 20.62309456
v 79.15756989 67.10693359 14.78329659
v 75.83983612 62.60278320 18.81320381
v 78.69978333 65.96801758 16.33149910
v 78.32295990 64.93090820 17.96809578
v 63.16907120 70.14600372 16.04420662
v 59.27915192 68.51782227 20.82240486
v 59.32383347 67.54589844 21.02389717
v 64.58154297 66.50000000 16.30729866
v 67.90209198 63.77587891 16.23660469
v 61.62986374 62.27393341 21.66560555
v 62.31190491 61.59497070 21.66400337
v 63.06036377 60.99780273 21.63139534
v 64.32875061 60.23901367 21.52310371
v 75.33195496 64.14893341 15.40899849
v 70.50115967 59.51879883 20.39940071
v 71.47132111 59.81591797 20.14850044
v 72.41355133 60.22388458 19.88640022
v 74.06235504 61.21094513 19.38969612
v 59.47102356 66.57691193 21.20320320
v 59.72041321 65.62183380 21.35699654
v 60.07088470 64.69384766 21.48219490
v 60.75594330 63.41796875 21.60890388
v 83.00844574 73.57691193 14.02240181
v 82.84265137 70.56787109 16.32690620
v 83.28313446 71.49291992 16.13720894
v 83.63773346 72.49097443 15.96139717
v 79.65827942 67.63085938 14.69299507
v 80.60462189 67.39282227 17.16700935
v 82.08067322 69.31298828 16.62610054
v 82.03915405 70.95996094 14.21840096
v 82.26016998 78.16284180 13.27420235
v 82.83372498 76.13184357 13.30780220
v 83.86363220 73.46289062 15.81649971
v 83.97763062 74.46094513 15.69110298
v 83.97775269 75.45679474 15.58560371
v 83.65916443 77.37280273 15.42730904
v 83.35684204 78.27197266 15.37040901
v 81.35265350 81.34301758 15.25889778
v 80.78074646 80.77001953 13.80589390
v 82.50402069 79.92188263 15.29260445
v 83.86905670 76.43090820 15.49839973
v 80.77847290 80.77294922 13.80589390
v 81.34988403 81.34595490 15.25889778
v 78.70605469 82.00000000 13.26759529
v 80.16477203 82.33789062 15.26510811
v 75.71317291 83.95578766 15.49270821
v 76.22637177 83.05979156 13.86369514
v 77.32890320 83.66799164 15.37600899
v 78.81873322 83.11888885 15.30290413
v 74.09001923 83.94479370 15.65609932
v 72.48966980 83.63278961 15.87520027
v 73.57932281 83.00588989 13.98900032
v 71.48257446 82.28199005 14.11830330
v 70.90589142 83.00999451 16.16330147
v 68.20696259 80.14600372 14.55720711
v 69.22751617 82.01586914 16.55349922
v 67.38430023 80.58985138 17.07310677
v 65.96014404 79.31079102 17.52490425
v 60.17812347 72.30689240 19.84539986
v 64.49167633 75.89990234 15.28270149
v 64.62482452 78.00781250 17.97850227
v 62.47901154 75.68701172 18.77110481
v 60.98077393 73.71289062 19.41569710
v -50.50488663 75.00000000 0.00000000
v -57.08701706 66.10401154 0.00000000
v -57.08701706 -66.10413361 0.00000000
v -56.08637619 -68.49804688 0.00000000
v -55.40386581 -71.00012970 0.00000000
v -63.86066437 -58.38903809 0.00000000
v -61.80451584 -59.97106934 0.00000000
v -72.28759766 -54.95104980 0.00000000
v -51.85727692 74.81397247 0.00000000
v -53.10883713 74.26782227 0.00000000
v 53.10926437 74.26782227 0.00000000
v 51.85770416 74.81397247 0.00000000
v 61.80492401 -59.97106934 0.00000000
v -74.99978638 -50.50512695 0.00000000
v -74.99978638 50.50488281 0.00000000
v 50.50532150 75.00000000 0.00000000
v -54.95079803 -72.28809357 0.00000000
v -54.16629791 -73.40515900 0.00000000
v -53.10883713 -74.26807404 0.00000000
v -51.85727692 -74.81408691 0.00000000
v -50.50488663 -75.00012970 0.00000000
v 50.50532150 -75.00012970 0.00000000
v 51.85770416 -74.81408691 0.00000000
v 53.10926437 -74.26807404 0.00000000
v -74.81343079 -51.85815430 0.00000000
v -74.26821899 -53.10913086 0.00000000
v -73.40482330 -54.16711426 0.00000000
v 54.16671371 -73.40515900 0.00000000
v 54.95120239 -72.28809357 0.00000000
v 55.40429306 -71.00012970 0.00000000
v 56.08679199 -68.49804688 0.00000000
v 57.08743286 -66.10413361 0.00000000
v 68.49768066 -56.08704376 0.00000000
v 71.00020599 -55.40405273 0.00000000
v 72.28799438 -54.95104980 0.00000000
v 73.40523529 -54.16711426 0.00000000
v 74.26864624 -53.10913086 0.00000000
v 74.81384277 -51.85815430 0.00000000
v 75.00021362 -50.50512695 0.00000000
v -54.16629791 73.40479279 0.00000000
v -54.95079803 72.28784180 0.00000000
v -55.40386581 71.00000000 0.00000000
v -56.08637619 68.49683380 0.00000000
v 75.00021362 50.50488281 0.00000000
v -68.49729919 56.08692169 0.00000000
v -70.99980927 55.40380859 0.00000000
v -72.28759766 54.95092773 0.00000000
v -73.40482330 54.16602325 0.00000000
v -74.26821899 53.10889435 0.00000000
v -74.81343079 51.85791016 0.00000000
v -66.10415649 57.08692169 0.00000000
v 54.95120239 72.28784180 0.00000000
v 66.10455322 57.08692169 0.00000000
v 63.86105347 58.38892365 0.00000000
v 61.80492401 59.97095490 0.00000000
v 59.97075272 61.80493164 0.00000000
v 58.38938141 63.86083984 0.00000000
v 55.40429306 71.00000000 0.00000000
v 54.16671371 73.40479279 0.00000000
v 68.49768066 56.08692169 0.00000000
v 66.10455322 -57.08704376 0.00000000
v 63.86105347 -58.38903809 0.00000000
v -70.99980927 -55.40405273 0.00000000
v -68.49729919 -56.08704376 0.00000000
v -66.10415649 -57.08704376 0.00000000
v -58.38897705 -63.86108398 0.00000000
v -59.97034836 -61.80505371 0.00000000
v 58.38938141 -63.86108398 0.00000000
v 59.97075272 -61.80505371 0.00000000
v -58.38897705 63.86083984 0.00000000
v -59.97034836 61.80493164 0.00000000
v -61.80451584 59.97095490 0.00000000
v -63.86066437 58.38892365 0.00000000
v 73.40523529 54.16602325 0.00000000
v 74.26864624 53.10889435 0.00000000
v 74.81384277 51.85791016 0.00000000
v 71.00020599 55.40380859 0.00000000
v 72.28799438 54.95092773 0.00000000
v 56.08679199 68.49683380 0.00000000
v 57.08743286 66.10401154 0.00000000
v 50.50532150 75.00000000 1.00000000
v -50.50488663 75.00000000 1.00000000
v 54.16671371 73.40479279 1.00000000
v 54.95120239 72.28784180 1.00000000
v 55.40429306 71.00000000 1.00000000
v 53.10926437 74.26782227 1.00000000
v 51.85770416 74.81397247 1.00000000
v 56.08679199 68.49683380 1.00000000
v 57.08743286 66.10401154 1.00000000
v 58.38938141 63.86083984 1.00000000
v 59.97075272 61.80493164 1.00000000
v 61.80492401 59.97095490 1.00000000
v 63.86105347 58.38892365 1.00000000
v 66.10455322 57.08692169 1.00000000
v 68.49768066 56.08692169 1.00000000
v 71.00020599 55.40380859 1.00000000
v 74.26864624 53.10889435 1.00000000
v 74.81384277 51.85791016 1.00000000
v 75.00021362 50.50488281 1.00000000
v 73.40523529 54.16602325 1.00000000
v 72.28799438 54.95092773 1.00000000
v 75.00021362 -50.50512695 1.00000000
v 73.40523529 -54.16711426 1.00000000
v 72.28799438 -54.95104980 1.00000000
v 71.00020599 -55.40405273 1.00000000
v 74.26864624 -53.10913086 1.00000000
v 74.81384277 -51.85815430 1.00000000
v 68.49768066 -56.08704376 1.00000000
v 66.10455322 -57.08704376 1.00000000
v 63.86105347 -58.38903809 1.00000000
v 61.80492401 -59.97106934 1.00000000
v 59.97075272 -61.80505371 1.00000000
v 58.38938141 -63.86108398 1.00000000
v 57.08743286 -66.10413361 1.00000000
v 56.08679199 -68.49804688 1.00000000
v 55.40429306 -71.00012970 1.00000000
v 53.10926437 -74.26807404 1.00000000
v 51.85770416 -74.81408691 1.00000000
v 50.50532150 -75.00012970 1.00000000
v 54.16671371 -73.40515900 1.00000000
v 54.95120239 -72.28809357 1.00000000
v -50.50488663 -75.00012970 1.00000000
v -54.16629791 -73.40515900 1.00000000
v -54.95079803 -72.28809357 1.00000000
v -55.40386581 -71.00012970 1.00000000
v -53.10883713 -74.26807404 1.00000000
v -51.85727692 -74.81408691 1.00000000
v -56.08637619 -68.49804688 1.00000000
v -57.08701706 -66.10413361 1.00000000
v -58.38897705 -63.86108398 1.00000000
v -59.97034836 -61.80505371 1.00000000
v -61.80451584 -59.97106934 1.00000000
v -63.86066437 -58.38903809 1.00000000
v -66.10415649 -57.08704376 1.00000000
v -68.49729919 -56.08704376 1.00000000
v -70.99980927 -55.40405273 1.00000000
v -74.26821899 -53.10913086 1.00000000
v -74.81343079 -51.85815430 1.00000000
v -74.99978638 -50.50512695 1.00000000
v -73.40482330 -54.16711426 1.00000000
v -72.28759766 -54.95104980 1.00000000
v -74.99978638 50.50488281 1.00000000
v -73.40482330 54.16602325 1.00000000
v -72.28759766 54.95092773 1.00000000
v -70.99980927 55.40380859 1.00000000
v -74.26821899 53.10889435 1.00000000
v -74.81343079 51.85791016 1.00000000
v -68.49729919 56.08692169 1.00000000
v -66.10415649 57.08692169 1.00000000
v -63.86066437 58.38892365 1.00000000
v -61.80451584 59.97095490 1.00000000
v -59.97034836 61.80493164 1.00000000
v -58.38897705 63.86083984 1.00000000
v -57.08701706 66.10401154 1.00000000
v -56.08637619 68.49683380 1.00000000
v -55.40386581 71.00000000 1.00000000
v -53.10883713 74.26782227 1.00000000
v -51.85727692 74.81397247 1.00000000
v -54.16629791 73.40479279 1.00000000
v -54.95079803 72.28784180 1.00000000
v 53.29710388 73.41895294 2.41419983
v 55.25513458 70.96997070 1.76539993
v 54.83034134 70.88281250 2.41419983
v 50.50532150 74.84790039 1.76539993
v 74.84798431 50.50488281 1.76539993
v 70.96974945 55.25488281 1.76539993
v 74.84798431 -50.50512695 1.76539993
v 73.41944122 -53.29711914 2.41419983
v 70.96974945 -55.25512695 1.76539993
v 70.88304138 -54.83007812 2.41419983
v 55.25513458 -70.97010040 1.76539993
v 63.53479385 -57.90308380 2.41419983
v 50.50532150 -74.84815216 1.76539993
v -50.50488663 -74.84815216 1.76539993
v -53.29668808 -73.41906738 2.41419983
v -55.25470734 -70.97010040 1.76539993
v -54.82991791 -70.88306427 2.41419983
v -70.96936798 -55.25512695 1.76539993
v -57.90246582 -63.53516388 2.41419983
v -74.84754944 -50.50512695 1.76539993
v -74.84754944 50.50488281 1.76539993
v -73.41902924 53.29688263 2.41419983
v -70.96936798 55.25488281 1.76539993
v -70.88265991 54.82984161 2.41419983
v 57.90287399 63.53491211 2.41419983
v -55.25470734 70.96900177 1.76539993
v -63.53439713 57.90283203 2.41419983
v -50.50488663 74.84790039 1.76539993
v -27.16150475 -83.85913086 14.56239510
v -27.50664520 -75.86511993 22.16420174
v -27.58546448 -77.28710938 21.01500130
v -27.69589424 -79.15711212 19.35350227
v -77.04073334 -82.21704865 8.00000000
v -76.57321930 -79.21607208 8.00000000
v -77.69725800 -78.60205078 8.00000000
v -78.18113708 -71.81713867 8.00000000
v -77.90381622 -68.08509064 8.00000000
v -78.94891357 -72.84313965 8.00000000
v -79.39675903 -74.04309082 8.00000000
v -79.36974335 -68.90515900 8.00000000
v -80.61652374 -70.03015900 8.00000000
v -81.58165741 -71.40406036 8.00000000
v -82.21675873 -72.95911407 8.00000000
v -82.48996735 -74.61608887 8.00000000
v -79.48838806 -75.32006836 8.00000000
v -82.38757324 -76.29309082 8.00000000
v -81.91474915 -77.90406036 8.00000000
v -81.09516907 -79.37011719 8.00000000
v -79.96994019 -80.61707306 8.00000000
v -78.59546661 -81.58216095 8.00000000
v -79.21637726 -76.57215118 8.00000000
v -70.02964783 -69.38306427 8.00000000
v -71.40409851 -68.41809082 8.00000000
v -71.39679718 -72.30407715 8.00000000
v -70.78321075 -73.42810059 8.00000000
v -70.51117706 -74.68006134 8.00000000
v -68.08483887 -72.09606934 8.00000000
v -68.90441895 -70.63012695 8.00000000
v -67.61200714 -73.70812988 8.00000000
v -70.60281372 -75.95812988 8.00000000
v -67.50962067 -75.38416290 8.00000000
v -71.05066681 -77.15711212 8.00000000
v -70.62983704 -81.09510040 8.00000000
v -69.38305664 -79.97010040 8.00000000
v -68.41793060 -78.59606934 8.00000000
v -67.78282928 -77.04113770 8.00000000
v -78.60276794 -77.69605255 8.00000000
v -71.81844330 -78.18311310 8.00000000
v -72.84396362 -78.95008087 8.00000000
v -72.09574890 -81.91503906 8.00000000
v -74.04412842 -79.39710236 8.00000000
v -73.70729065 -82.38806915 8.00000000
v -75.32171631 -79.48914337 8.00000000
v -75.38362885 -82.49011993 8.00000000
v -75.95543671 -70.60314941 8.00000000
v -76.29229736 -67.61206055 8.00000000
v -77.15560913 -71.05004883 8.00000000
v -72.30230713 -71.39807892 8.00000000
v -72.95884705 -67.78308868 8.00000000
v -73.42635345 -70.78405762 8.00000000
v -74.61593628 -67.51013947 8.00000000
v -74.67785645 -70.51209259 8.00000000
v 72.95927429 -82.21704865 8.00000000
v 73.42678070 -79.21607208 8.00000000
v 72.30274200 -78.60205078 8.00000000
v 71.81887054 -71.81713867 8.00000000
v 72.09618378 -68.08509064 8.00000000
v 71.05109406 -72.84313965 8.00000000
v 70.60325623 -74.04309082 8.00000000
v 70.63026428 -68.90515900 8.00000000
v 69.38348389 -70.03015900 8.00000000
v 68.41834259 -71.40406036 8.00000000
v 67.78325653 -72.95911407 8.00000000
v 67.51004028 -74.61608887 8.00000000
v 70.51161194 -75.32006836 8.00000000
v 67.61243439 -76.29309082 8.00000000
v 68.08526611 -77.90406036 8.00000000
v 68.90484619 -79.37011719 8.00000000
v 70.03007507 -80.61707306 8.00000000
v 71.40453339 -81.58216095 8.00000000
v 70.78362274 -76.57215118 8.00000000
v 79.97035980 -69.38306427 8.00000000
v 78.59591675 -68.41809082 8.00000000
v 78.60320282 -72.30407715 8.00000000
v 79.21680450 -73.42810059 8.00000000
v 79.48882294 -74.68006134 8.00000000
v 81.91517639 -72.09606934 8.00000000
v 81.09559631 -70.63012695 8.00000000
v 82.38800049 -73.70812988 8.00000000
v 79.39719391 -75.95812988 8.00000000
v 82.49039459 -75.38416290 8.00000000
v 78.94933319 -77.15711212 8.00000000
v 79.37016296 -81.09510040 8.00000000
v 80.61694336 -79.97010040 8.00000000
v 81.58208466 -78.59606934 8.00000000
v 82.21718597 -77.04113770 8.00000000
v 71.39723969 -77.69605255 8.00000000
v 78.18156433 -78.18311310 8.00000000
v 77.15604401 -78.95008087 8.00000000
v 77.90425110 -81.91503906 8.00000000
v 75.95587158 -79.39710236 8.00000000
v 76.29272461 -82.38806915 8.00000000
v 74.67828369 -79.48914337 8.00000000
v 74.61637115 -82.49011993 8.00000000
v 74.04456329 -70.60314941 8.00000000
v 73.70771027 -67.61206055 8.00000000
v 72.84439087 -71.05004883 8.00000000
v 77.69769287 -71.39807892 8.00000000
v 77.04115295 -67.78308868 8.00000000
v 76.57365417 -70.78405762 8.00000000
v 75.38406372 -67.51013947 8.00000000
v 75.32214355 -70.51209259 8.00000000
v 55.18419266 -56.07604980 23.76269722
v 62.32120132 -47.90906143 23.77490425
v 61.96024323 -48.38416290 23.77380562
v 58.55909348 -52.51013184 23.76660347
v 63.07535172 -64.50708008 18.66700935
v 62.91336441 -65.23803711 18.33250618
v 62.96556473 -65.94312286 17.87700081
v 63.21363449 -66.60607910 17.31520271
v 64.22399139 -63.20507812 18.75180244
v 63.80141449 -63.49207306 18.83239937
v 63.44576263 -63.85815430 18.82760811
v 66.16699219 -63.02612305 17.69169807
v 65.69293213 -62.92407227 18.04339790
v 64.93612671 -62.95214844 18.48050117
v 66.99492645 -63.47607422 16.89180183
v 67.60155487 -64.20911407 16.02769661
v 67.24188232 -67.10607910 14.33479500
v 67.62100983 -66.57006836 14.44040108
v 67.85063171 -65.93811035 14.71159554
v 67.88378143 -65.06311035 15.27639961
v 65.89225006 -67.86010742 14.74330330
v 66.18777466 -67.78308868 14.59480476
v 66.76330566 -67.50806427 14.38870430
v 64.55534363 -67.75806427 15.70939827
v 65.06850433 -67.88416290 15.28300667
v 63.79628372 -67.31909943 16.49270821
v 72.95927429 -82.21704865 8.00000000
v 72.09618378 -68.08509064 8.00000000
v 70.63026428 -68.90515900 8.00000000
v 69.38348389 -70.03015900 8.00000000
v 68.41834259 -71.40406036 8.00000000
v 67.78325653 -72.95911407 8.00000000
v 67.51004028 -74.61608887 8.00000000
v 67.61243439 -76.29309082 8.00000000
v 68.08526611 -77.90406036 8.00000000
v 68.90484619 -79.37011719 8.00000000
v 70.03007507 -80.61707306 8.00000000
v 71.40453339 -81.58216095 8.00000000
v 79.97035980 -69.38306427 8.00000000
v 78.59591675 -68.41809082 8.00000000
v 81.91517639 -72.09606934 8.00000000
v 81.09559631 -70.63012695 8.00000000
v 82.38800049 -73.70812988 8.00000000
v 82.49039459 -75.38416290 8.00000000
v 79.37016296 -81.09510040 8.00000000
v 80.61694336 -79.97010040 8.00000000
v 81.58208466 -78.59606934 8.00000000
v 82.21718597 -77.04113770 8.00000000
v 77.90425110 -81.91503906 8.00000000
v 76.29272461 -82.38806915 8.00000000
v 74.61637115 -82.49011993 8.00000000
v 73.70771027 -67.61206055 8.00000000
v 77.04115295 -67.78308868 8.00000000
v 75.38406372 -67.51013947 8.00000000
v 74.09001923 -83.94506836 15.65609932
v 73.61352539 -82.99011993 13.93519688
v 72.48966980 -83.63305664 15.87520027
v 76.24425507 -83.03515625 13.81300545
v 76.96056366 -82.20716095 12.00000095
v 76.47225189 -82.32409668 12.00000095
v 75.97725677 -82.40711212 12.00000095
v 75.47776031 -82.45812988 12.00000095
v 74.97603607 -82.47509766 12.00000095
v 75.71317291 -83.95606232 15.49270821
v 77.32890320 -83.66809082 15.37600899
v 78.71219635 -82.24304962 13.76489449
v 78.81873322 -83.11914062 15.30290413
v 80.16477203 -82.33911896 15.26510811
v 81.34988403 -81.34606934 15.25889778
v 80.76237488 -80.75611115 13.75779915
v 80.28088379 -80.27709961 12.00000095
v 79.92674255 -80.60913086 12.00000095
v 79.55187225 -80.91809082 12.00000095
v 79.15785217 -81.20104980 12.00000095
v 78.74632263 -81.45812988 12.00000095
v 78.31902313 -81.68908691 12.00000095
v 77.87771606 -81.89112091 12.00000095
v 77.42426300 -82.06408691 12.00000095
v 80.28259277 -80.27613068 12.00000095
v 80.76463318 -80.75415039 13.75779915
v 81.35265350 -81.34412384 15.25889778
v 82.47824097 -75.02808380 12.00000095
v 82.45606232 -75.54907990 12.00000095
v 82.49957275 -75.09815216 12.09219551
v 82.07081604 -77.41114044 12.00000095
v 82.51563263 -78.13306427 13.79420567
v 82.21134949 -76.95606232 12.00000095
v 81.90164185 -77.85706329 12.00000095
v 81.70452118 -78.29113770 12.00000095
v 83.00845337 -73.57813263 14.02240181
v 83.86363220 -73.46411896 15.81649971
v 83.63773346 -72.49108887 15.96139717
v 83.65916443 -77.37415314 15.42730904
v 83.86905670 -76.43115997 15.49839973
v 83.35684204 -78.27210236 15.37040901
v 83.08724976 -75.92810059 13.85699654
v 82.32268524 -76.49207306 12.00000095
v 83.97775269 -75.45716095 15.58560371
v 83.97763062 -74.46105957 15.69110298
v 82.49957275 -74.90209961 12.09219551
v 82.40437317 -76.02307892 12.00000095
v 82.50402069 -79.92310333 15.29260445
v 81.47334290 -78.72315216 12.00000095
v 81.21439362 -79.14014435 12.00000095
v 80.92879486 -79.53809357 12.00000095
v 80.61774445 -79.91809082 12.00000095
v 83.28313446 -71.49304962 16.13720894
v 82.84265137 -70.56812286 16.32690620
v 79.65827942 -67.63208008 14.69299507
v 82.03915405 -70.96105957 14.21840096
v 82.08067322 -69.31311035 16.62610054
v 80.60462189 -67.39307404 17.16700935
v 78.32295990 -64.93212891 17.96809578
v 78.69978333 -65.96813965 16.33149910
v 79.15756989 -67.10706329 14.78329659
v 79.69857025 -68.35607910 13.32829380
v 80.31419373 -69.70104980 12.00000095
v 80.47372437 -69.86804962 12.00000095
v 80.62805939 -70.03907013 12.00000095
v 80.77705383 -70.21508789 12.00000095
v 80.92056274 -70.39611816 12.00000095
v 81.66024017 -71.55114746 12.03419590
v 82.00832367 -72.32910919 12.06300545
v 82.26827240 -73.14904785 12.08419895
v 82.43527985 -74.01514435 12.09170723
v 79.96384430 -69.36804962 12.00000095
v 61.31694412 -71.58106232 17.93980598
v 59.35782242 -69.63012695 20.56640816
v 59.57881165 -70.71607208 20.29100227
v 75.83983612 -62.60314941 18.81320381
v 63.16907120 -70.14611816 16.04420662
v 59.32383347 -67.54615021 21.02389717
v 59.27915192 -68.51807404 20.82240486
v 63.21015167 -72.58007812 15.75920296
v 65.27148438 -73.71704865 13.76190281
v 67.47382355 -74.97205353 12.00000095
v 67.48865509 -74.50109863 12.00000095
v 67.53307343 -74.03112793 12.00000095
v 67.60693359 -73.56604004 12.00000095
v 67.70991516 -73.10511017 12.00000095
v 67.84328461 -72.64710236 12.00000095
v 68.00552368 -72.19812012 12.00000095
v 68.19595337 -71.76110840 12.00000095
v 68.41379547 -71.33605957 12.00000095
v 68.62183380 -70.98413086 12.00000095
v 70.97566223 -63.06812286 15.97180367
v 75.33195496 -64.14904785 15.40899849
v 69.56431580 -59.34509277 20.62309456
v 68.61517334 -59.27709961 20.83090401
v 67.14175415 -59.36914062 21.11619759
v 65.69412231 -59.69506836 21.35020638
v 64.32875061 -60.23914337 21.52310371
v 67.90209198 -63.77612305 16.23660469
v 71.55152130 -68.29711914 12.00000095
v 71.99613190 -68.08704376 12.00000095
v 72.45354462 -67.90711212 12.00000095
v 72.92178345 -67.75708008 12.00000095
v 73.39886475 -67.63806915 12.00000095
v 73.88271332 -67.55004883 12.00000095
v 74.32536316 -67.49804688 12.00000095
v 74.77032471 -67.47315216 12.00000095
v 74.88251495 -67.47106934 12.00000095
v 75.37177277 -67.48107910 12.00000095
v 75.85934448 -67.52210236 12.00000095
v 76.34315491 -67.59606934 12.00000095
v 76.82115173 -67.70104980 12.00000095
v 77.33515167 -67.85108185 12.00000095
v 74.06235504 -61.21105957 19.38969612
v 77.83713531 -68.03710938 12.00000095
v 78.19035339 -68.19409943 12.00000095
v 78.53506470 -68.36804962 12.00000095
v 78.79488373 -68.51514435 12.00000095
v 79.20260620 -68.77404785 12.00000095
v 79.59279633 -69.05908966 12.00000095
v 60.07088470 -64.69409943 21.48219490
v 59.72041321 -65.62207031 21.35699654
v 59.47102356 -66.57714844 21.20320320
v 60.75594330 -63.41809082 21.60890388
v 61.62986374 -62.27404785 21.66560555
v 63.06036377 -60.99804688 21.63139534
v 72.41355133 -60.22509766 19.88640022
v 71.47132111 -59.81604004 20.14850044
v 70.50115967 -59.51904297 20.39940071
v 71.15871429 -68.51403809 12.00000095
v 68.84880066 -70.64307404 12.00000095
v 69.73721313 -69.60205078 12.00000095
v 69.54328156 -69.79907990 12.00000095
v 69.35670471 -70.00208282 12.00000095
v 69.09399414 -70.31604004 12.00000095
v 70.41537476 -69.01612091 12.00000095
v 70.06752014 -69.29907990 12.00000095
v 70.77954102 -68.75415039 12.00000095
v 62.31190491 -61.59606934 21.66400337
v 67.55908966 -76.10009766 12.00000095
v 68.20696259 -80.14611816 14.55720711
v 65.96014404 -79.31104279 17.52490425
v 67.38430023 -80.59008789 17.07310677
v 60.17812347 -72.30811310 19.84539986
v 71.48257446 -82.28211212 14.11830330
v 73.31235504 -82.28808594 12.00000095
v 69.22751617 -82.01708984 16.55349922
v 70.90589142 -83.01110840 16.16330147
v 70.67004395 -81.11608887 12.00000095
v 64.49167633 -75.90015411 15.28270149
v 60.98077393 -73.71314240 19.41569710
v 62.47901154 -75.68714142 18.77110481
v 64.62482452 -78.00806427 17.97850227
v 70.47263336 -80.97315216 12.00000095
v 70.27998352 -80.82312012 12.00000095
v 70.09231567 -80.66712189 12.00000095
v 69.90978241 -80.50611115 12.00000095
v 69.77730560 -80.38111115 12.00000095
v 69.64786530 -80.25415039 12.00000095
v 68.67873383 -79.05004883 12.00000095
v 68.03479004 -77.81909943 12.00000095
v 67.70876312 -76.83509064 12.00000095
v 80.61237335 -79.97509766 12.00000095
v 80.76945496 -79.79212189 12.00000095
v 80.92056274 -79.60413361 12.00000095
v 81.58208466 -78.59606934 12.02870274
v 68.65946198 -79.00611115 12.00000095
v 69.81956482 -80.42310333 12.00000095
v 69.99661255 -80.58704376 12.00000095
v 70.17885590 -80.74511719 12.00000095
v 70.36607361 -80.89710236 12.00000095
v 70.55808258 -81.04309082 12.00000095
v 70.75468445 -81.18311310 12.00000095
v 70.95568085 -81.31604004 12.00000095
v 71.16087341 -81.44312286 12.00000095
v 71.37002563 -81.56311035 12.00000095
v 71.58292389 -81.67614746 12.00000095
v 71.79936218 -81.78308868 12.00000095
v 72.01911163 -81.88208008 12.00000095
v 72.24194336 -81.97412872 12.00000095
v 72.46763611 -82.05908966 12.00000095
v 72.69593048 -82.13708496 12.00000095
v 72.92661285 -82.20812988 12.00000095
v 73.15945435 -82.27111816 12.00000095
v 73.39418030 -82.32604980 12.00000095
v 73.63058472 -82.37414551 12.00000095
v 73.86839294 -82.41407013 12.00000095
v 74.10738373 -82.44715118 12.00000095
v 74.34728241 -82.47204590 12.00000095
v 74.58787537 -82.48913574 12.00000095
v 74.82887268 -82.49804688 12.00000095
v 75.07006073 -82.50012970 12.00000095
v 75.31117249 -82.49414062 12.00000095
v 75.55196381 -82.48011017 12.00000095
v 75.79218292 -82.45812988 12.00000095
v 76.03159332 -82.42907715 12.00000095
v 76.26992035 -82.39208984 12.00000095
v 76.50694275 -82.34704590 12.00000095
v 76.74241638 -82.29505157 12.00000095
v 76.97607422 -82.23510742 12.00000095
v 77.20769501 -82.16809082 12.00000095
v 77.43703461 -82.09313965 12.00000095
v 77.66384125 -82.01110840 12.00000095
v 77.88790131 -81.92211914 12.00000095
v 78.10898590 -81.82508087 12.00000095
v 78.32684326 -81.72205353 12.00000095
v 78.54125214 -81.61109161 12.00000095
v 78.75201416 -81.49414062 12.00000095
v 78.95889282 -81.37011719 12.00000095
v 79.16167450 -81.24011993 12.00000095
v 79.36015320 -81.10314941 12.00000095
v 79.55412292 -80.95911407 12.00000095
v 79.74339294 -80.81005859 12.00000095
v 79.92774200 -80.65406036 12.00000095
v 80.10699463 -80.49304962 12.00000095
v 80.28098297 -80.32604980 12.00000095
v 80.44949341 -80.15308380 12.00000095
v 67.52110291 -74.44104004 12.00000095
v 67.80766296 -72.87512970 12.00000095
v 68.41834259 -71.40406036 12.00000095
v 67.57157135 -76.03211212 12.00000095
v 67.95682526 -77.57714844 12.00000095
v 80.76945496 -70.20812988 12.00000095
v 80.61237335 -70.02515411 12.00000095
v 80.44949341 -69.84705353 12.00000095
v 80.28098297 -69.67407990 12.00000095
v 80.10699463 -69.50708008 12.00000095
v 79.92774200 -69.34606934 12.00000095
v 79.74339294 -69.19007111 12.00000095
v 79.55412292 -69.04113770 12.00000095
v 79.36015320 -68.89710236 12.00000095
v 79.16167450 -68.76110840 12.00000095
v 78.95889282 -68.63012695 12.00000095
v 78.75201416 -68.50611115 12.00000095
v 78.54125214 -68.38903809 12.00000095
v 78.32684326 -68.27808380 12.00000095
v 78.10898590 -68.17504883 12.00000095
v 77.88790131 -68.07813263 12.00000095
v 77.66384125 -67.98914337 12.00000095
v 77.43703461 -67.90711212 12.00000095
v 77.20769501 -67.83216095 12.00000095
v 76.97607422 -67.76514435 12.00000095
v 76.74241638 -67.70507812 12.00000095
v 76.50694275 -67.65308380 12.00000095
v 76.26992035 -67.60816193 12.00000095
v 76.03159332 -67.57105255 12.00000095
v 75.79218292 -67.54212189 12.00000095
v 75.55196381 -67.52014923 12.00000095
v 75.31117249 -67.50611115 12.00000095
v 75.07006073 -67.50012970 12.00000095
v 74.82887268 -67.50208282 12.00000095
v 74.58787537 -67.51110840 12.00000095
v 74.34728241 -67.52906036 12.00000095
v 74.10738373 -67.55310059 12.00000095
v 73.86839294 -67.58605957 12.00000095
v 73.63058472 -67.62609863 12.00000095
v 73.39418030 -67.67407990 12.00000095
v 73.15945435 -67.73011017 12.00000095
v 72.92661285 -67.79212189 12.00000095
v 72.69593048 -67.86303711 12.00000095
v 72.46763611 -67.94104004 12.00000095
v 72.24194336 -68.02613068 12.00000095
v 72.01911163 -68.11804962 12.00000095
v 71.79936218 -68.21704865 12.00000095
v 71.58292389 -68.32410431 12.00000095
v 71.37002563 -68.43714142 12.00000095
v 71.16087341 -68.55712891 12.00000095
v 70.95568085 -68.68408966 12.00000095
v 70.75468445 -68.81713867 12.00000095
v 70.55808258 -68.95716095 12.00000095
v 70.36607361 -69.10314941 12.00000095
v 70.17885590 -69.25512695 12.00000095
v 69.99661255 -69.41309357 12.00000095
v 69.81956482 -69.57714844 12.00000095
v 69.64786530 -69.74610138 12.00000095
v 69.29824066 -70.12805939 12.00000095
v 68.97578430 -70.53308868 12.00000095
v 68.68201447 -70.95911407 12.00000095
v 82.35941315 -76.44715118 12.08920383
v 82.12483978 -77.34313965 12.07319832
v 74.97603607 -82.47509766 12.00000095
v 71.48257446 -82.28211212 14.11830330
v 73.54848480 -82.33814240 12.00000095
v 73.31235504 -82.28808594 12.00000095
v 74.73669434 -82.47106934 12.00000095
v 74.49759674 -82.45910645 12.00000095
v 74.25897217 -82.44007111 12.00000095
v 74.08048248 -82.42115021 12.00000095
v 73.90250397 -82.39710236 12.00000095
v 73.72514343 -82.37011719 12.00000095
v 68.20696259 -80.14611816 14.55720711
v 73.31235504 -82.28808594 12.00000095
v 73.07792664 -82.23011017 12.00000095
v 72.84547424 -82.16613770 12.00000095
v 72.61521149 -82.09411621 12.00000095
v 72.38740540 -82.01403809 12.00000095
v 72.16226959 -81.92713165 12.00000095
v 71.94005585 -81.83312988 12.00000095
v 71.72097015 -81.73206329 12.00000095
v 71.50299072 -81.62207031 12.00000095
v 71.28869629 -81.50611115 12.00000095
v 71.07828522 -81.38306427 12.00000095
v 70.87199402 -81.25305939 12.00000095
v 70.67004395 -81.11608887 12.00000095
v -62.31568527 -47.91016006 23.77430916
v -54.78519821 -56.46105957 23.76220894
v -57.44844818 -53.73315430 23.76420784
v -59.95662689 -50.88012695 23.76880074
v -77.04073334 -82.21704865 8.00000000
v -77.90381622 -68.08509064 8.00000000
v -79.36974335 -68.90515900 8.00000000
v -80.61652374 -70.03015900 8.00000000
v -81.58165741 -71.40406036 8.00000000
v -82.21675873 -72.95911407 8.00000000
v -82.48996735 -74.61608887 8.00000000
v -82.38757324 -76.29309082 8.00000000
v -81.91474915 -77.90406036 8.00000000
v -81.09516907 -79.37011719 8.00000000
v -79.96994019 -80.61707306 8.00000000
v -78.59546661 -81.58216095 8.00000000
v -70.02964783 -69.38306427 8.00000000
v -71.40409851 -68.41809082 8.00000000
v -68.08483887 -72.09606934 8.00000000
v -68.90441895 -70.63012695 8.00000000
v -67.61200714 -73.70812988 8.00000000
v -67.50962067 -75.38416290 8.00000000
v -70.62983704 -81.09510040 8.00000000
v -69.38305664 -79.97010040 8.00000000
v -68.41793060 -78.59606934 8.00000000
v -67.78282928 -77.04113770 8.00000000
v -72.09574890 -81.91503906 8.00000000
v -73.70729065 -82.38806915 8.00000000
v -75.38362885 -82.49011993 8.00000000
v -76.29229736 -67.61206055 8.00000000
v -72.95884705 -67.78308868 8.00000000
v -74.61593628 -67.51013947 8.00000000
v -82.45890808 -75.78211212 12.11819649
v -82.49884033 -74.88111115 12.12050056
v -79.71212006 -80.83509064 12.12440586
v -80.30151367 -80.30506134 12.12570286
v -81.41272736 -78.88903809 12.12559605
v -80.90045929 -79.63012695 12.12640476
v -80.30326080 -80.30310059 12.12570286
v -70.30520630 -80.84912872 12.00000095
v -69.93110657 -80.52808380 12.00000095
v -69.57888794 -80.18311310 12.00000095
v -69.25009918 -79.81604004 12.00000095
v -68.94615936 -79.42810059 12.00000095
v -68.66835785 -79.02014923 12.00000095
v -68.41793060 -78.59606934 12.00000095
v -82.25402832 -73.09606934 12.12030220
v -81.68652344 -71.60314941 12.06820774
v -81.58165741 -71.40406036 12.05870247
v -82.48330688 -74.50305939 12.12230110
v -81.95092773 -77.81604004 12.12240696
v -82.31118011 -76.67211914 12.11889839
v -74.88804626 -82.49914551 12.10450935
v -75.90422821 -82.44506836 12.10730076
v -76.90390778 -82.25415039 12.11340523
v -78.38308716 -81.69409943 12.11970711
v -70.88588715 -81.27111816 12.01669407
v -72.27587891 -81.98803711 12.07660007
v -73.31977844 -82.30908966 12.10350227
v -67.57749939 -76.07714844 12.00000095
v -67.67288971 -76.60205078 12.00000095
v -67.51788330 -74.47913361 12.00000095
v -67.49978638 -75.01306915 12.00000095
v -67.79818726 -72.90612793 12.00000095
v -67.66745758 -73.42310333 12.00000095
v -67.96540833 -72.39904785 12.00000095
v -68.16825867 -71.90515900 12.00000095
v -72.34121704 -67.98706055 12.00000095
v -71.84913635 -68.19409943 12.00000095
v -73.88790894 -67.58312988 12.00000095
v -73.36316681 -67.68115997 12.00000095
v -75.48513031 -67.51612091 12.00000095
v -74.95156860 -67.50012970 12.00000095
v -76.01619720 -67.56909943 12.00000095
v -76.54213715 -67.66016388 12.00000095
v -80.94582367 -70.42907715 12.01950169
v -79.44400787 -68.95911407 12.00000095
v -79.86245728 -69.29003906 12.00000095
v -80.25626373 -69.65015411 12.00000095
v -80.30635071 -69.70008087 12.00100803
v -80.30682373 -69.70104980 12.00010777
v -68.17884827 -78.11914062 12.00000095
v -67.97432709 -77.62609863 12.00000095
v -67.80536652 -77.11914062 12.00000095
v -68.40570831 -71.42713165 12.00000095
v -68.67653656 -70.96704865 12.00000095
v -68.97942352 -70.52709961 12.00000095
v -69.31279755 -70.11010742 12.00000095
v -69.67495728 -69.71813965 12.00000095
v -70.06411743 -69.35314941 12.00000095
v -70.47824860 -69.01612091 12.00000095
v -70.91529846 -68.71009064 12.00000095
v -71.37303925 -68.43505859 12.00000095
v -77.06027985 -67.78907013 12.00000095
v -77.56797791 -67.95410919 12.00000095
v -78.06266022 -68.15406036 12.00000095
v -78.54181671 -68.38903809 12.00000095
v -79.00305939 -68.65808868 12.00000095
v -67.51969910 -75.54615021 12.00000095
v -67.57386780 -73.94910431 12.00000095
v -72.84674835 -67.81604004 12.00000095
v -74.41825867 -67.52307892 12.00000095
v -69.90242767 -80.50611115 12.00000095
v -69.63044739 -80.24414062 12.00000095
v -69.37197876 -79.96813965 12.00000095
v -69.12770081 -79.68115997 12.00000095
v -68.24060822 -78.29212189 12.00000095
v -68.02742767 -77.81909943 12.00000095
v -67.84739685 -77.33312988 12.00000095
v -67.47617340 -75.35413361 12.00000095
v -79.92965698 -69.34510040 12.00000095
v -79.58542633 -69.05908966 12.00000095
v -79.19523621 -68.77404785 12.00000095
v -78.78751373 -68.51514435 12.00000095
v -78.52768707 -68.36804962 12.00000095
v -77.82978058 -68.03710938 12.00000095
v -77.32778931 -67.85108185 12.00000095
v -76.81379700 -67.70104980 12.00000095
v -76.33580017 -67.59606934 12.00000095
v -74.31800842 -67.49804688 12.00000095
v -73.87534332 -67.55004883 12.00000095
v -68.67135620 -79.05004883 12.00000095
v -68.48590851 -78.74804688 12.00000095
v -73.39148712 -67.63806915 12.00000095
v -72.44616699 -67.90711212 12.00000095
v -72.91442871 -67.75708008 12.00000095
v -68.89135742 -79.37110138 12.00000095
v -67.70140076 -76.83509064 12.00000095
v -67.61737823 -76.47010040 12.00000095
v -67.55172729 -76.10009766 12.00000095
v -67.50462341 -75.72814941 12.00000095
v -67.99815369 -72.19812012 12.00000095
v -67.83592987 -72.64710236 12.00000095
v -67.70256042 -73.10511017 12.00000095
v -67.59956360 -73.56604004 12.00000095
v -67.52571869 -74.03112793 12.00000095
v -67.48130035 -74.50109863 12.00000095
v -69.34932709 -70.00208282 12.00000095
v -69.08663940 -70.31604004 12.00000095
v -68.84143829 -70.64307404 12.00000095
v -68.61447906 -70.98413086 12.00000095
v -68.40644073 -71.33605957 12.00000095
v -68.18858337 -71.76110840 12.00000095
v -70.06015778 -69.29907990 12.00000095
v -69.72985077 -69.60205078 12.00000095
v -69.53591919 -69.79907990 12.00000095
v -71.15133667 -68.51403809 12.00000095
v -70.77217865 -68.75415039 12.00000095
v -70.40802002 -69.01612091 12.00000095
v -71.54415894 -68.29711914 12.00000095
v -71.98877716 -68.08704376 12.00000095
v -78.18299866 -68.19409943 12.00000095
v -74.76294708 -67.47315216 12.00000095
v -74.87516785 -67.47106934 12.00000095
v -75.36441803 -67.48107910 12.00000095
v -75.85198975 -67.52210236 12.00000095
v -63.20278549 -72.58007812 15.75920296
v -79.69087982 -68.35511017 13.32910347
v -59.57145691 -70.71607208 20.29100227
v -59.35045624 -69.63012695 20.56640816
v -61.30957794 -71.58106232 17.93980598
v -70.96830750 -63.06812286 15.97180367
v -65.68676758 -59.69506836 21.35020638
v -67.13437653 -59.36914062 21.11619759
v -68.60781860 -59.27709961 20.83090401
v -69.55695343 -59.34509277 20.62309456
v -75.32460022 -64.14904785 15.40899849
v -70.49379730 -59.51904297 20.39940071
v -71.46395874 -59.81604004 20.14850044
v -72.40618896 -60.22509766 19.88640022
v -74.05500031 -61.21105957 19.38969612
v -79.15001678 -67.10607910 14.78390694
v -63.16171646 -70.14611816 16.04420662
v -59.27178574 -68.51807404 20.82240486
v -59.31645584 -67.54615021 21.02389717
v -64.57418823 -66.50012970 16.30729866
v -67.89473724 -63.77612305 16.23660469
v -61.62249756 -62.27404785 21.66560555
v -62.30453873 -61.59606934 21.66400337
v -63.05300522 -60.99804688 21.63139534
v -64.32138824 -60.23914337 21.52310371
v -59.46364594 -66.57714844 21.20320320
v -59.71303558 -65.62207031 21.35699654
v -60.06351852 -64.69409943 21.48219490
v -60.74856567 -63.41809082 21.60890388
v -78.69233704 -65.96813965 16.33180428
v -75.83247375 -62.60314941 18.81320381
v -78.31559753 -64.93212891 17.96809578
v -79.65091705 -67.63208008 14.69299507
v -83.00536346 -73.56909943 14.03700447
v -82.83528900 -70.56812286 16.32690620
v -83.27575684 -71.49304962 16.13720894
v -83.63036346 -72.49108887 15.96139717
v -82.03179932 -70.96105957 14.21840096
v -80.59726715 -67.39307404 17.16700935
v -82.07331848 -69.31311035 16.62610054
v -82.26081848 -78.16210938 13.29110813
v -82.83429718 -76.12512970 13.32550240
v -83.85627747 -73.46411896 15.81649971
v -83.97028351 -74.46105957 15.69110298
v -83.97039795 -75.45716095 15.58560371
v -83.86168671 -76.43115997 15.49839973
v -83.65180969 -77.37415314 15.42730904
v -83.34948730 -78.27210236 15.37040901
v -81.34529877 -81.34412384 15.25889778
v -80.77565765 -80.77307892 13.81270027
v -82.49665833 -79.92310333 15.29260445
v -80.77337646 -80.77515411 13.81270027
v -81.34252930 -81.34606934 15.25889778
v -78.69867706 -82.00207520 13.27130318
v -80.15741730 -82.33911896 15.26510811
v -75.70581818 -83.95606232 15.49270821
v -76.21801758 -83.06214142 13.86659431
v -77.32154846 -83.66809082 15.37600899
v -78.81137848 -83.11914062 15.30290413
v -74.08265686 -83.94506836 15.65609932
v -72.48230743 -83.63305664 15.87520027
v -73.57209015 -83.00611115 13.98880196
v -71.47519684 -82.28211212 14.11830330
v -70.89852905 -83.01110840 16.16330147
v -68.19960785 -80.14611816 14.55720711
v -69.22015381 -82.01708984 16.55349922
v -67.37693787 -80.59008789 17.07310677
v -65.95278931 -79.31104279 17.52490425
v -60.17075729 -72.30811310 19.84539986
v -64.48430634 -75.90015411 15.28270149
v -64.61744690 -78.00806427 17.97850227
v -62.47165680 -75.68714142 18.77110481
v -60.97340775 -73.71314240 19.41569710
v -11.49978542 -84.50207520 28.19999886
v -11.49978542 -84.50207520 15.19999886
v -7.79388142 -84.50207520 33.02970123
v -6.49978590 -84.50207520 33.20000076
v 6.50021410 -84.50207520 33.20000076
v 7.79430914 -84.50207520 33.02970123
v 9.00021362 -84.50207520 32.53020096
v 10.03575134 -84.50207520 31.73559952
v 10.83034515 -84.50207520 30.69999886
v 11.32983494 -84.50207520 29.49409676
v 11.50020504 -84.50207520 28.19999886
v 11.50020504 -84.50207520 15.19999886
v 11.32983494 -84.50207520 13.90590000
v 10.83034515 -84.50207520 12.69999790
v 10.03575134 -84.50207520 11.66450977
v 9.00021362 -84.50207520 10.86991024
v 7.79430914 -84.50207520 10.37040997
v 6.50021410 -84.50207520 10.19999981
v -6.49978590 -84.50207520 10.19999981
v -7.79388142 -84.50207520 10.37040997
v -10.82990551 -84.50207520 30.69999886
v -10.03531551 -84.50207520 31.73559952
v -8.99978638 -84.50207520 32.53020096
v -11.32941532 -84.50207520 29.49409676
v -11.32941532 -84.50207520 13.90590000
v -10.82990551 -84.50207520 12.69999790
v -8.99978638 -84.50207520 10.86991024
v -10.03531551 -84.50207520 11.66450977
v 7.89913893 -60.48608398 33.00040054
v 7.20754910 -60.57006836 33.14971161
v 6.50021410 -60.64807129 33.20000076
v 10.29191494 -60.12609863 31.45930672
v 9.42311859 -60.26807404 32.25669861
v 8.69292355 -60.37708282 32.69361115
v 10.95106506 -60.00916290 30.47819710
v 11.36073494 -59.93311310 29.37280464
v 11.50020504 -59.90612793 28.19999886
v 11.50020504 -59.90612793 15.19999886
v 8.78322887 -60.16309357 10.75170040
v 9.45252895 -60.17407227 11.16471004
v 10.34209538 -60.11707306 12.00000095
v 10.95106506 -60.00916290 12.92190742
v 11.36073494 -59.93311310 14.02729988
v 6.50021410 -60.22205353 10.19999981
v 7.28685570 -60.16309357 10.26230049
v 8.05494976 -60.15015411 10.44791031
v 2.17059684 -60.53308105 10.19999981
v -6.49978590 -60.22205353 10.19999981
v -2.17016935 -60.53308105 10.19999981
v -8.05452251 -60.15015411 10.44791031
v -7.28642702 -60.16309357 10.26230049
v -10.34165478 -60.11707306 12.00000095
v -9.45210075 -60.17407227 11.16471004
v -8.78279877 -60.16309357 10.75170040
v -10.95063496 -60.00916290 12.92190742
v -11.36030483 -59.93311310 14.02729988
v -11.49978542 -59.90612793 15.19999886
v -11.49978542 -59.90612793 28.19999886
v -8.69249535 -60.37708282 32.69361115
v -9.42269325 -60.26807404 32.25669861
v -10.29148483 -60.12609863 31.45930672
v -10.95063496 -60.00916290 30.47819710
v -11.36030483 -59.93311310 29.37280464
v -6.49978590 -60.64807129 33.20000076
v -7.20711899 -60.57006836 33.14971161
v -7.89870930 -60.48608398 33.00040054
v -2.17011642 -60.95604706 33.20000076
v 2.17054582 -60.95604706 33.20000076
v 15.99423504 -84.50207520 22.82339668
v 16.38321495 -84.50207520 22.28080940
v 16.38321495 -74.50208282 22.28080940
v 15.99423504 -74.50208282 22.82339668
v 16.49825478 -84.50207520 21.62330818
v 16.38321495 -84.50207520 22.28080940
v 16.38321495 -74.50208282 22.28080940
v 16.49825478 -74.50208282 21.62330818
v 16.49825478 -84.50207520 21.62330818
v 16.31659508 -84.50207520 20.98089790
v 16.49825478 -74.50208282 21.62330818
v 16.31659508 -74.50208282 20.98089790
v 15.40840530 -84.50207520 23.14340401
v 15.99423504 -84.50207520 22.82339668
v 15.99423504 -74.50208282 22.82339668
v 15.40840530 -74.50208282 23.14340401
v 14.74170494 -84.50207520 23.17759895
v 15.40840530 -84.50207520 23.14340401
v 15.40840530 -74.50208282 23.14340401
v 14.74170494 -74.50208282 23.17759895
v 14.12622452 -84.50207520 22.91909981
v 14.74170494 -84.50207520 23.17759895
v 14.74170494 -74.50208282 23.17759895
v 14.12622452 -74.50208282 22.91909981
v 13.68383503 -84.50207520 22.41920662
v 14.12622452 -84.50207520 22.91909981
v 14.12622452 -74.50208282 22.91909981
v 13.68383503 -74.50208282 22.41920662
v 14.00619507 -84.50207520 20.57670784
v 13.61721516 -84.50207520 21.11920357
v 13.61721516 -74.50208282 21.11920357
v 14.00619507 -74.50208282 20.57670784
v 13.50217533 -84.50207520 21.77679634
v 13.61721516 -84.50207520 21.11920357
v 13.61721516 -74.50208282 21.11920357
v 13.50217533 -74.50208282 21.77679634
v 13.50217533 -84.50207520 21.77679634
v 13.68383503 -84.50207520 22.41920662
v 13.68383503 -74.50208282 22.41920662
v 13.50217533 -74.50208282 21.77679634
v 14.59202480 -84.50207520 20.25660896
v 14.00619507 -84.50207520 20.57670784
v 14.00619507 -74.50208282 20.57670784
v 14.59202480 -74.50208282 20.25660896
v 15.25870514 -84.50207520 20.22250557
v 14.59202480 -84.50207520 20.25660896
v 14.59202480 -74.50208282 20.25660896
v 15.25870514 -74.50208282 20.22250557
v 15.87419510 -84.50207520 20.48100471
v 15.25870514 -84.50207520 20.22250557
v 15.25870514 -74.50208282 20.22250557
v 15.87419510 -74.50208282 20.48100471
v 16.31659508 -84.50207520 20.98089790
v 15.87419510 -84.50207520 20.48100471
v 16.31659508 -74.50208282 20.98089790
v 15.87419510 -74.50208282 20.48100471
v -14.00575542 -84.50207520 22.82339668
v -13.61679554 -84.50207520 22.28080940
v -13.61679554 -74.50208282 22.28080940
v -14.00575542 -74.50208282 22.82339668
v -13.50174522 -84.50207520 21.62330818
v -13.61679554 -84.50207520 22.28080940
v -13.61679554 -74.50208282 22.28080940
v -13.50174522 -74.50208282 21.62330818
v -13.50174522 -84.50207520 21.62330818
v -13.68340492 -84.50207520 20.98089790
v -13.50174522 -74.50208282 21.62330818
v -13.68340492 -74.50208282 20.98089790
v -14.59160519 -84.50207520 23.14340401
v -14.00575542 -84.50207520 22.82339668
v -14.00575542 -74.50208282 22.82339668
v -14.59160519 -74.50208282 23.14340401
v -15.25828552 -84.50207520 23.17759895
v -14.59160519 -84.50207520 23.14340401
v -14.59160519 -74.50208282 23.14340401
v -15.25828552 -74.50208282 23.17759895
v -15.87377548 -84.50207520 22.91909981
v -15.25828552 -84.50207520 23.17759895
v -15.25828552 -74.50208282 23.17759895
v -15.87377548 -74.50208282 22.91909981
v -16.31616592 -84.50207520 22.41920662
v -15.87377548 -84.50207520 22.91909981
v -15.87377548 -74.50208282 22.91909981
v -16.31616592 -74.50208282 22.41920662
v -16.38278580 -84.50207520 21.11920357
v -15.99380493 -84.50207520 20.57670784
v -16.38278580 -74.50208282 21.11920357
v -15.99380493 -74.50208282 20.57670784
v -16.49782562 -84.50207520 21.77679634
v -16.38278580 -84.50207520 21.11920357
v -16.38278580 -74.50208282 21.11920357
v -16.49782562 -74.50208282 21.77679634
v -16.49782562 -84.50207520 21.77679634
v -16.31616592 -84.50207520 22.41920662
v -16.31616592 -74.50208282 22.41920662
v -16.49782562 -74.50208282 21.77679634
v -15.40797520 -84.50207520 20.25660896
v -15.99380493 -84.50207520 20.57670784
v -15.99380493 -74.50208282 20.57670784
v -15.40797520 -74.50208282 20.25660896
v -14.74128532 -84.50207520 20.22250557
v -15.40797520 -84.50207520 20.25660896
v -15.40797520 -74.50208282 20.25660896
v -14.74128532 -74.50208282 20.22250557
v -14.12579536 -84.50207520 20.48100471
v -14.74128532 -84.50207520 20.22250557
v -14.74128532 -74.50208282 20.22250557
v -14.12579536 -74.50208282 20.48100471
v -13.68340492 -84.50207520 20.98089790
v -14.12579536 -84.50207520 20.48100471
v -13.68340492 -74.50208282 20.98089790
v -14.12579536 -74.50208282 20.48100471
v 53.07268143 71.55200195 3.00000000
v 52.40268326 72.32398224 3.00000000
v 54.19460297 70.75292969 2.84778976
v 53.44469452 70.59985352 3.00000000
v 51.51245117 72.82592773 3.00000000
v 50.50532150 73.76489258 2.84778976
v 50.50532150 73.00000000 3.00000000
v 53.29710388 73.41895294 2.41419983
v 54.83034134 70.88281250 2.41419983
v 50.50532150 74.41381836 2.41419983
v 72.82611084 51.51196289 3.00000000
v 72.32400513 52.40186310 3.00000000
v 73.76557922 50.50488281 2.84778976
v 73.00021362 50.50488281 3.00000000
v 71.55216980 53.07202148 3.00000000
v 70.75327301 54.19384766 2.84778976
v 70.60020447 53.44384766 3.00000000
v 73.41944122 53.29688263 2.41419983
v 74.41443634 50.50488281 2.41419983
v 70.88304138 54.82984161 2.41419983
v 73.76557922 -50.50512695 2.84778976
v 73.00021362 -50.50512695 3.00000000
v 74.41443634 -50.50512695 2.41419983
v 71.55216980 -53.07312012 3.00000000
v 72.32400513 -52.40209961 3.00000000
v 70.75327301 -54.19409180 2.84778976
v 70.60020447 -53.44506836 3.00000000
v 72.82611084 -51.51209259 3.00000000
v 73.41944122 -53.29711914 2.41419983
v 70.88304138 -54.83007812 2.41419983
v 63.53479385 -57.90308380 2.41419983
v 57.90287399 -63.53516388 2.41419983
v 62.74712372 -56.72814941 3.00000000
v 65.21498108 -55.29614258 3.00000000
v 67.84743500 -54.19506836 3.00000000
v 54.19460297 -70.75305939 2.84778976
v 53.44469452 -70.60009766 3.00000000
v 54.19545364 -67.84705353 3.00000000
v 55.29615402 -65.21508789 3.00000000
v 56.72829437 -62.74707031 3.00000000
v 54.83034134 -70.88306427 2.41419983
v 58.46780396 -60.48510742 3.00000000
v 60.48539352 -58.46813965 3.00000000
v 51.51245117 -72.82604980 3.00000000
v 52.40268326 -72.32410431 3.00000000
v 50.50532150 -73.76514435 2.84778976
v 50.50532150 -73.00012970 3.00000000
v 53.07268143 -71.55213165 3.00000000
v 53.29710388 -73.41906738 2.41419983
v 50.50532150 -74.41407013 2.41419983
v -50.50488663 -74.41407013 2.41419983
v -50.50488663 -73.76514435 2.84778976
v -50.50488663 -73.00012970 3.00000000
v -53.07226562 -71.55213165 3.00000000
v -52.40225601 -72.32410431 3.00000000
v -54.19418716 -70.75305939 2.84778976
v -53.44427872 -70.60009766 3.00000000
v -51.51201630 -72.82604980 3.00000000
v -53.29668808 -73.41906738 2.41419983
v -54.82991791 -70.88306427 2.41419983
v -57.90246582 -63.53516388 2.41419983
v -63.53439713 -57.90308380 2.41419983
v -56.72789764 -62.74707031 3.00000000
v -55.29574585 -65.21508789 3.00000000
v -54.19503784 -67.84705353 3.00000000
v -70.75287628 -54.19409180 2.84778976
v -70.59980774 -53.44506836 3.00000000
v -67.84705353 -54.19506836 3.00000000
v -65.21460724 -55.29614258 3.00000000
v -62.74674606 -56.72814941 3.00000000
v -70.88265991 -54.83007812 2.41419983
v -60.48499680 -58.46813965 3.00000000
v -58.46740723 -60.48510742 3.00000000
v -72.82568359 -51.51209259 3.00000000
v -72.32357788 -52.40209961 3.00000000
v -73.76515961 -50.50512695 2.84778976
v -72.99978638 -50.50512695 3.00000000
v -71.55175781 -53.07312012 3.00000000
v -73.41902924 -53.29711914 2.41419983
v -74.41400909 -50.50512695 2.41419983
v -73.76515961 50.50488281 2.84778976
v -72.99978638 50.50488281 3.00000000
v -74.41400909 50.50488281 2.41419983
v -71.55175781 53.07202148 3.00000000
v -72.32357788 52.40186310 3.00000000
v -70.75287628 54.19384766 2.84778976
v -70.59983063 53.44384766 3.00000000
v -72.82568359 51.51196289 3.00000000
v -73.41902924 53.29688263 2.41419983
v -70.88265991 54.82984161 2.41419983
v 57.90287399 63.53491211 2.41419983
v 63.53479385 57.90283203 2.41419983
v 56.72829437 62.74683380 3.00000000
v 55.29615402 65.21485138 3.00000000
v 54.19545364 67.84693146 3.00000000
v 67.84743500 54.19483185 3.00000000
v 65.21498108 55.29589844 3.00000000
v 62.74712372 56.72778320 3.00000000
v 60.48539352 58.46801758 3.00000000
v 58.46780396 60.48486328 3.00000000
v -63.53439713 57.90283203 2.41419983
v -57.90246582 63.53491211 2.41419983
v -62.74674606 56.72778320 3.00000000
v -65.21460724 55.29589844 3.00000000
v -67.84705353 54.19483185 3.00000000
v -54.19417572 70.75292969 2.84778976
v -53.44427872 70.59985352 3.00000000
v -54.19503784 67.84693146 3.00000000
v -55.29574585 65.21485138 3.00000000
v -56.72789764 62.74683380 3.00000000
v -54.82991791 70.88281250 2.41419983
v -58.46740723 60.48486328 3.00000000
v -60.48499680 58.46801758 3.00000000
v -50.50488663 73.00000000 3.00000000
v -51.51201630 72.82592773 3.00000000
v -52.40225601 72.32398224 3.00000000
v -53.07226562 71.55200195 3.00000000
v -50.50488663 73.76489258 2.84778976
v -53.29668808 73.41895294 2.41419983
v -50.50488663 74.41381836 2.41419983
v 54.16671371 73.40479279 1.00000000
v 54.95120239 72.28784180 1.00000000
v 55.40429306 71.00000000 1.00000000
v 53.10926437 74.26782227 1.00000000
v 51.85770416 74.81397247 1.00000000
v 53.29710388 73.41895294 2.41419983
v 50.50532150 74.41381836 2.41419983
v 50.50532150 74.84790039 1.76539993
v -53.29668808 73.41895294 2.41419983
v -50.50488663 74.84790039 1.76539993
v -50.50488663 74.41381836 2.41419983
v 73.40523529 -54.16711426 1.00000000
v 72.28799438 -54.95104980 1.00000000
v 71.00020599 -55.40405273 1.00000000
v 74.26864624 -53.10913086 1.00000000
v 74.81384277 -51.85815430 1.00000000
v 73.41944122 53.29688263 2.41419983
v 74.84798431 50.50488281 1.76539993
v 74.41443634 50.50488281 2.41419983
v 74.41443634 -50.50512695 2.41419983
v 74.84798431 -50.50512695 1.76539993
v 73.41944122 -53.29711914 2.41419983
v 63.86105347 58.38892365 1.00000000
v 74.26864624 53.10889435 1.00000000
v 74.81384277 51.85791016 1.00000000
v 75.00021362 50.50488281 1.00000000
v 73.40523529 54.16602325 1.00000000
v 72.28799438 54.95092773 1.00000000
v 73.41944122 53.29688263 2.41419983
v 70.88304138 54.82984161 2.41419983
v 70.96974945 55.25488281 1.76539993
v 63.53479385 57.90283203 2.41419983
v 58.38938141 -63.86108398 1.00000000
v 53.10926437 -74.26807404 1.00000000
v 51.85770416 -74.81408691 1.00000000
v 50.50532150 -75.00012970 1.00000000
v 54.16671371 -73.40515900 1.00000000
v 54.95120239 -72.28809357 1.00000000
v 55.25513458 -70.97010040 1.76539993
v 57.90287399 -63.53516388 2.41419983
v 54.83034134 -70.88306427 2.41419983
v 53.29710388 -73.41906738 2.41419983
v -54.16629791 -73.40515900 1.00000000
v -54.95079803 -72.28809357 1.00000000
v -55.40386581 -71.00012970 1.00000000
v -53.10883713 -74.26807404 1.00000000
v -51.85727692 -74.81408691 1.00000000
v 53.29710388 -73.41906738 2.41419983
v 50.50532150 -74.84815216 1.76539993
v 50.50532150 -74.41407013 2.41419983
v -50.50488663 -74.41407013 2.41419983
v -50.50488663 -74.84815216 1.76539993
v -53.29668808 -73.41906738 2.41419983
v -63.86066437 -58.38903809 1.00000000
v -74.26821899 -53.10913086 1.00000000
v -74.81343079 -51.85815430 1.00000000
v -74.99978638 -50.50512695 1.00000000
v -73.40482330 -54.16711426 1.00000000
v -72.28759766 -54.95104980 1.00000000
v -70.96936798 -55.25512695 1.76539993
v -63.53439713 -57.90308380 2.41419983
v -70.88265991 -54.83007812 2.41419983
v -73.41902924 -53.29711914 2.41419983
v -73.40482330 54.16602325 1.00000000
v -72.28759766 54.95092773 1.00000000
v -70.99980927 55.40380859 1.00000000
v -74.26821899 53.10889435 1.00000000
v -74.81343079 51.85791016 1.00000000
v -73.41902924 -53.29711914 2.41419983
v -74.84754944 -50.50512695 1.76539993
v -74.41400909 -50.50512695 2.41419983
v -74.41400909 50.50488281 2.41419983
v -74.84754944 50.50488281 1.76539993
v -73.41902924 53.29688263 2.41419983
v 76.96056366 -82.20716095 12.00000095
v 76.47225189 -82.32409668 12.00000095
v 75.97725677 -82.40711212 12.00000095
v 75.47776031 -82.45812988 12.00000095
v 74.97603607 -82.47509766 12.00000095
v 80.28088379 -80.27709961 12.00000095
v 79.92674255 -80.60913086 12.00000095
v 79.55187225 -80.91809082 12.00000095
v 79.15785217 -81.20104980 12.00000095
v 78.74632263 -81.45812988 12.00000095
v 78.31902313 -81.68908691 12.00000095
v 77.87771606 -81.89112091 12.00000095
v 77.42426300 -82.06408691 12.00000095
v 80.28259277 -80.27613068 12.00000095
v 82.47824097 -75.02808380 12.00000095
v 82.45606232 -75.54907990 12.00000095
v 82.07081604 -77.41114044 12.00000095
v 82.21134949 -76.95606232 12.00000095
v 81.90164185 -77.85706329 12.00000095
v 81.70452118 -78.29113770 12.00000095
v 82.32268524 -76.49207306 12.00000095
v 82.40437317 -76.02307892 12.00000095
v 81.47334290 -78.72315216 12.00000095
v 81.21439362 -79.14014435 12.00000095
v 80.92879486 -79.53809357 12.00000095
v 80.61774445 -79.91809082 12.00000095
v 73.54848480 -82.33814240 12.00000095
v 73.31235504 -82.28808594 12.00000095
v 74.73669434 -82.47106934 12.00000095
v 74.49759674 -82.45910645 12.00000095
v 74.25897217 -82.44007111 12.00000095
v 74.08048248 -82.42115021 12.00000095
v 73.90250397 -82.39710236 12.00000095
v 73.72514343 -82.37011719 12.00000095
v 73.07792664 -82.23011017 12.00000095
v 72.84547424 -82.16613770 12.00000095
v 72.61521149 -82.09411621 12.00000095
v 72.38740540 -82.01403809 12.00000095
v 72.16226959 -81.92713165 12.00000095
v 71.94005585 -81.83312988 12.00000095
v 71.72097015 -81.73206329 12.00000095
v 71.50299072 -81.62207031 12.00000095
v 71.28869629 -81.50611115 12.00000095
v 71.07828522 -81.38306427 12.00000095
v 70.87199402 -81.25305939 12.00000095
v 70.67004395 -81.11608887 12.00000095
v 70.47263336 -80.97315216 12.00000095
v 70.27998352 -80.82312012 12.00000095
v 70.09231567 -80.66712189 12.00000095
v 69.90978241 -80.50611115 12.00000095
v 69.77730560 -80.38111115 12.00000095
v 80.61237335 -79.97509766 12.00000095
v 80.76945496 -79.79212189 12.00000095
v 80.92056274 -79.60413361 12.00000095
v 69.81956482 -80.42310333 12.00000095
v 69.99661255 -80.58704376 12.00000095
v 70.17885590 -80.74511719 12.00000095
v 70.36607361 -80.89710236 12.00000095
v 70.55808258 -81.04309082 12.00000095
v 70.75468445 -81.18311310 12.00000095
v 70.95568085 -81.31604004 12.00000095
v 71.16087341 -81.44312286 12.00000095
v 71.37002563 -81.56311035 12.00000095
v 71.58292389 -81.67614746 12.00000095
v 71.79936218 -81.78308868 12.00000095
v 72.01911163 -81.88208008 12.00000095
v 72.24194336 -81.97412872 12.00000095
v 72.46763611 -82.05908966 12.00000095
v 72.69593048 -82.13708496 12.00000095
v 72.92661285 -82.20812988 12.00000095
v 73.15945435 -82.27111816 12.00000095
v 73.39418030 -82.32604980 12.00000095
v 73.63058472 -82.37414551 12.00000095
v 73.86839294 -82.41407013 12.00000095
v 74.10738373 -82.44715118 12.00000095
v 74.34728241 -82.47204590 12.00000095
v 74.58787537 -82.48913574 12.00000095
v 74.82887268 -82.49804688 12.00000095
v 75.07006073 -82.50012970 12.00000095
v 75.31117249 -82.49414062 12.00000095
v 75.55196381 -82.48011017 12.00000095
v 75.79218292 -82.45812988 12.00000095
v 76.03159332 -82.42907715 12.00000095
v 76.26992035 -82.39208984 12.00000095
v 76.50694275 -82.34704590 12.00000095
v 76.74241638 -82.29505157 12.00000095
v 76.97607422 -82.23510742 12.00000095
v 77.20769501 -82.16809082 12.00000095
v 77.43703461 -82.09313965 12.00000095
v 77.66384125 -82.01110840 12.00000095
v 77.88790131 -81.92211914 12.00000095
v 78.10898590 -81.82508087 12.00000095
v 78.32684326 -81.72205353 12.00000095
v 78.54125214 -81.61109161 12.00000095
v 78.75201416 -81.49414062 12.00000095
v 78.95889282 -81.37011719 12.00000095
v 79.16167450 -81.24011993 12.00000095
v 79.36015320 -81.10314941 12.00000095
v 79.55412292 -80.95911407 12.00000095
v 79.74339294 -80.81005859 12.00000095
v 79.92774200 -80.65406036 12.00000095
v 80.10699463 -80.49304962 12.00000095
v 80.28098297 -80.32604980 12.00000095
v 80.44949341 -80.15308380 12.00000095
v 82.47643280 -75.19312286 12.00000095
v 82.45181274 -75.65711212 12.00000095
v 82.39848328 -76.11914062 12.00000095
v 82.31517029 -76.58312988 12.00000095
v 82.19733429 -77.06104279 12.00000095
v 82.04841614 -77.53112793 12.00000095
v 81.86903381 -77.98914337 12.00000095
v 81.65996552 -78.43505859 12.00000095
v 81.50761414 -78.71912384 12.00000095
v 81.29298401 -79.07508087 12.00000095
v 81.05892181 -79.41906738 12.00000095
v 80.31419373 -69.70104980 12.00000095
v 80.47372437 -69.86804962 12.00000095
v 80.62805939 -70.03907013 12.00000095
v 80.77705383 -70.21508789 12.00000095
v 80.92056274 -70.39611816 12.00000095
v 79.96384430 -69.36804962 12.00000095
v 67.47382355 -74.97205353 12.00000095
v 67.48865509 -74.50109863 12.00000095
v 67.53307343 -74.03112793 12.00000095
v 67.60693359 -73.56604004 12.00000095
v 67.70991516 -73.10511017 12.00000095
v 67.84328461 -72.64710236 12.00000095
v 68.00552368 -72.19812012 12.00000095
v 68.19595337 -71.76110840 12.00000095
v 68.41379547 -71.33605957 12.00000095
v 68.62183380 -70.98413086 12.00000095
v 71.55152130 -68.29711914 12.00000095
v 71.99613190 -68.08704376 12.00000095
v 72.45354462 -67.90711212 12.00000095
v 72.92178345 -67.75708008 12.00000095
v 73.39886475 -67.63806915 12.00000095
v 73.88271332 -67.55004883 12.00000095
v 74.32536316 -67.49804688 12.00000095
v 74.77032471 -67.47315216 12.00000095
v 74.88251495 -67.47106934 12.00000095
v 75.37177277 -67.48107910 12.00000095
v 75.85934448 -67.52210236 12.00000095
v 76.34315491 -67.59606934 12.00000095
v 76.82115173 -67.70104980 12.00000095
v 77.33515167 -67.85108185 12.00000095
v 77.83713531 -68.03710938 12.00000095
v 78.19035339 -68.19409943 12.00000095
v 78.53506470 -68.36804962 12.00000095
v 78.79488373 -68.51514435 12.00000095
v 79.20260620 -68.77404785 12.00000095
v 79.59279633 -69.05908966 12.00000095
v 71.15871429 -68.51403809 12.00000095
v 68.84880066 -70.64307404 12.00000095
v 69.73721313 -69.60205078 12.00000095
v 69.54328156 -69.79907990 12.00000095
v 69.35670471 -70.00208282 12.00000095
v 69.09399414 -70.31604004 12.00000095
v 70.41537476 -69.01612091 12.00000095
v 70.06752014 -69.29907990 12.00000095
v 70.77954102 -68.75415039 12.00000095
v 67.55908966 -76.10009766 12.00000095
v 69.64786530 -80.25415039 12.00000095
v 68.67873383 -79.05004883 12.00000095
v 68.03479004 -77.81909943 12.00000095
v 67.70876312 -76.83509064 12.00000095
v 68.65946198 -79.00611115 12.00000095
v 67.52110291 -74.44104004 12.00000095
v 67.80766296 -72.87512970 12.00000095
v 68.41834259 -71.40406036 12.00000095
v 67.57157135 -76.03211212 12.00000095
v 67.95682526 -77.57714844 12.00000095
v 80.76945496 -70.20812988 12.00000095
v 80.61237335 -70.02515411 12.00000095
v 80.44949341 -69.84705353 12.00000095
v 80.28098297 -69.67407990 12.00000095
v 80.10699463 -69.50708008 12.00000095
v 79.92774200 -69.34606934 12.00000095
v 79.74339294 -69.19007111 12.00000095
v 79.55412292 -69.04113770 12.00000095
v 79.36015320 -68.89710236 12.00000095
v 79.16167450 -68.76110840 12.00000095
v 78.95889282 -68.63012695 12.00000095
v 78.75201416 -68.50611115 12.00000095
v 78.54125214 -68.38903809 12.00000095
v 78.32684326 -68.27808380 12.00000095
v 78.10898590 -68.17504883 12.00000095
v 77.88790131 -68.07813263 12.00000095
v 77.66384125 -67.98914337 12.00000095
v 77.43703461 -67.90711212 12.00000095
v 77.20769501 -67.83216095 12.00000095
v 76.97607422 -67.76514435 12.00000095
v 76.74241638 -67.70507812 12.00000095
v 76.50694275 -67.65308380 12.00000095
v 76.26992035 -67.60816193 12.00000095
v 76.03159332 -67.57105255 12.00000095
v 75.79218292 -67.54212189 12.00000095
v 75.55196381 -67.52014923 12.00000095
v 75.31117249 -67.50611115 12.00000095
v 75.07006073 -67.50012970 12.00000095
v 74.82887268 -67.50208282 12.00000095
v 74.58787537 -67.51110840 12.00000095
v 74.34728241 -67.52906036 12.00000095
v 74.10738373 -67.55310059 12.00000095
v 73.86839294 -67.58605957 12.00000095
v 73.63058472 -67.62609863 12.00000095
v 73.39418030 -67.67407990 12.00000095
v 73.15945435 -67.73011017 12.00000095
v 72.92661285 -67.79212189 12.00000095
v 72.69593048 -67.86303711 12.00000095
v 72.46763611 -67.94104004 12.00000095
v 72.24194336 -68.02613068 12.00000095
v 72.01911163 -68.11804962 12.00000095
v 71.79936218 -68.21704865 12.00000095
v 71.58292389 -68.32410431 12.00000095
v 71.37002563 -68.43714142 12.00000095
v 71.16087341 -68.55712891 12.00000095
v 70.95568085 -68.68408966 12.00000095
v 70.75468445 -68.81713867 12.00000095
v 70.55808258 -68.95716095 12.00000095
v 70.36607361 -69.10314941 12.00000095
v 70.17885590 -69.25512695 12.00000095
v 69.99661255 -69.41309357 12.00000095
v 69.81956482 -69.57714844 12.00000095
v 69.64786530 -69.74610138 12.00000095
v 69.29824066 -70.12805939 12.00000095
v 68.97578430 -70.53308868 12.00000095
v 68.68201447 -70.95911407 12.00000095
v 7.89913893 -60.48608398 33.00040054
v 7.20754910 -60.57006836 33.14971161
v 6.50021410 -60.64807129 33.20000076
v 10.29191494 -60.12609863 31.45930672
v 9.42311859 -60.26807404 32.25669861
v 8.69292355 -60.37708282 32.69361115
v 10.95106506 -60.00916290 30.47819710
v 11.36073494 -59.93311310 29.37280464
v 11.50020504 -59.90612793 28.19999886
v 11.50020504 -59.90612793 15.19999886
v 9.45252895 -60.17407227 11.16471004
v 10.34209538 -60.11707306 12.00000095
v 10.95106506 -60.00916290 12.92190742
v 11.36073494 -59.93311310 14.02729988
v -10.34165478 -60.11707306 12.00000095
v -9.45210075 -60.17407227 11.16471004
v -10.95063496 -60.00916290 12.92190742
v -11.36030483 -59.93311310 14.02729988
v -11.49978542 -59.90612793 15.19999886
v -11.49978542 -59.90612793 28.19999886
v -8.69249535 -60.37708282 32.69361115
v -9.42269325 -60.26807404 32.25669861
v -10.29148483 -60.12609863 31.45930672
v -10.95063496 -60.00916290 30.47819710
v -11.36030483 -59.93311310 29.37280464
v -6.49978590 -60.64807129 33.20000076
v -7.20711899 -60.57006836 33.14971161
v -7.89870930 -60.48608398 33.00040054
v -2.17011642 -60.95604706 33.20000076
v 2.17054582 -60.95604706 33.20000076
v 12.61285496 -59.68212891 33.00040054
v 14.81969452 -59.17310333 12.00000095
v 17.24907494 -58.51110840 33.00040054
v 19.21390533 -57.89514160 12.00000095
v 38.29668427 -47.48010254 33.00040054
v 35.47210312 -49.62609863 12.00000095
v 34.45980453 -50.33411407 33.00040054
v 31.65203476 -52.14611816 12.00000095
v 30.41116524 -52.87915039 33.00040054
v 27.65382576 -54.37207031 12.00000095
v 26.17565536 -55.09912109 33.00040054
v 23.50000572 -56.29211426 12.00000095
v 21.77928543 -56.98010254 33.00040054
v 39.09254456 -46.82714844 12.00000095
v 41.89821243 -44.33509064 33.00040054
v 42.49298477 -43.76514053 12.00000095
v 45.24226379 -40.91712189 33.00040054
v 45.65429306 -40.45606232 12.00000095
v 48.30829239 -37.24707031 33.00040054
v 48.55865479 -36.92005157 12.00000095
v 51.07746124 -33.34815216 33.00040054
v 51.18974304 -33.17615128 12.00000095
v 53.53275299 -29.24512100 33.00040054
v 53.53275299 -29.24512100 12.00000095
v -55.99075699 -1.81421089 37.00040054
v -56.81077576 -4.63819027 37.00040054
v -56.62582779 -1.27612114 37.00040054
v -55.22114563 -2.05518055 37.00040054
v -54.00880814 1.81395912 37.00040054
v -54.71576691 2.04686928 37.00040054
v -48.90050888 3.11791992 37.00040054
v -29.56621552 47.58300781 37.00040054
v -32.42193604 46.88085938 37.00040054
v -29.41795540 48.40087891 37.00040054
v -29.39024544 46.79589844 37.00040054
v 26.42476463 49.39697266 37.00040054
v 24.38905525 51.51879883 37.00040054
v 27.20809555 49.67797852 37.00040054
v 28.57567406 45.86595917 37.00040054
v 35.71691132 44.42186737 37.00040054
v 27.81829453 45.58885956 37.00040054
v 29.13130569 46.36182404 37.00040054
v 50.02241135 -27.32715034 37.00040054
v 49.67786407 -27.20813370 37.00040054
v 49.39680481 -26.42505264 37.00040054
v 49.62731171 -28.03808975 37.00040054
v -1.81374824 -54.00916290 37.00040054
v -2.04718018 -54.71605682 37.00040054
v -16.72827530 -54.49011230 37.00040054
v 43.00175476 -23.49206734 37.00040054
v 48.11933136 -25.49109077 37.00040054
v 47.31353378 -25.45813179 37.00040054
v -3.11739397 -48.90113068 37.00040054
v 1.15644693 -48.98609161 37.00040054
v -0.58172780 -53.01708984 37.00040054
v 47.58284378 29.56591988 37.00040054
v 46.88095474 32.42186737 37.00040054
v 48.40174484 29.41797066 37.00040054
v 49.09581375 28.95897865 37.00040054
v 28.03875542 49.62695312 37.00040054
v 0.53161907 56.99683380 37.00040054
v 4.63825178 56.81079102 37.00040054
v 1.20485699 56.67993164 37.00040054
v 1.29686880 53.38989258 37.00040054
v 20.61248398 53.14185333 37.00040054
v 0.58215618 53.01586914 37.00040054
v 46.79576111 29.38989067 37.00040054
v 46.13594437 28.92700005 37.00040054
v 39.46429443 29.04491997 37.00040054
v 48.98656464 1.15600967 37.00040054
v 54.41827393 1.98291016 37.00040054
v 53.70356369 1.60985947 37.00040054
v 53.18624115 0.99096870 37.00040054
v 49.09581375 -28.95911026 37.00040054
v 46.88095474 -32.42211914 37.00040054
v 48.48393250 -29.38306046 37.00040054
v 47.76148224 -29.56311035 37.00040054
v 13.79565525 -47.01807022 37.00040054
v 26.66437531 -45.74108887 37.00040054
v 26.00454521 -46.20507812 37.00040054
v 28.03875542 -49.62708282 37.00040054
v 24.38905525 -51.51904297 37.00040054
v 27.29679489 -49.68811035 37.00040054
v -28.03797531 -49.62708282 37.00040054
v -27.20766449 -49.67810059 37.00040054
v -24.38862419 -51.51904297 37.00040054
v -49.09512711 -28.95911026 37.00040054
v -48.40131760 -29.41809082 37.00040054
v -46.88052750 -32.42211914 37.00040054
v -56.99721527 -0.53198051 37.00040054
v -26.28052521 -45.96203995 37.00040054
v -27.01207542 -45.62305069 37.00040054
v -15.66759491 -46.42810059 37.00040054
v -25.73460579 -46.55615234 37.00040054
v -28.95875549 49.09595490 37.00040054
v -0.53119153 56.99683380 37.00040054
v -1.27590322 56.62598419 37.00040054
v -4.63782310 56.81079102 37.00040054
v -28.03834534 49.62695312 37.00040054
v -24.38862419 51.51879883 37.00040054
v -27.29637527 49.68798828 37.00040054
v -46.88052750 32.42186737 37.00040054
v -47.76104736 29.56299019 37.00040054
v -48.48350525 29.38281059 37.00040054
v -49.09538651 28.95897865 37.00040054
v -29.13087463 -46.36206055 37.00040054
v -29.47489548 -47.02210236 37.00040054
v -32.42193604 -46.88111115 37.00040054
v -29.56270599 -47.76110840 37.00040054
v -29.38287544 -48.48413086 37.00040054
v -28.95875549 -49.09606934 37.00040054
v -1.81374824 55.99097443 37.00040054
v -2.05489826 55.22095490 37.00040054
v -12.75747490 55.55396271 37.00040054
v -8.72033215 56.32886505 37.00040054
v -47.67995834 -25.43408394 37.00040054
v -48.40890884 -25.58508492 37.00040054
v -51.51856613 -24.38903999 37.00040054
v -41.84509659 -25.49511909 37.00040054
v -46.88545609 -25.57214546 37.00040054
v 56.81119156 4.63793945 37.00040054
v 56.99774170 0.53100967 37.00040054
v 56.62625122 1.27587891 37.00040054
v 55.99119186 1.81395912 37.00040054
v 55.22157288 2.05492973 37.00040054
v 48.69939423 5.42090034 37.00040054
v 48.04158401 9.64501953 37.00040054
v 56.32918167 8.72094917 37.00040054
v 41.84552383 25.49389076 37.00040054
v 45.70381165 28.24584770 37.00040054
v 45.56519318 27.45092964 37.00040054
v 45.74115372 26.66382027 37.00040054
v 46.20492172 26.00390053 37.00040054
v 46.88589478 25.57201958 37.00040054
v 47.68039322 25.43285942 37.00040054
v 51.51899338 24.38891029 37.00040054
v 43.90829468 21.74999809 37.00040054
v 48.90094376 -3.11817074 37.00040054
v 52.94510269 0.22094917 37.00040054
v 53.01683426 -0.58203125 37.00040054
v 53.39049149 -1.29712105 37.00040054
v 54.00924301 -1.81421089 37.00040054
v 54.71618271 -2.04810047 37.00040054
v 52.08755112 -23.15014839 37.00040054
v 48.85088348 -25.83105659 37.00040054
v 44.88557434 -19.65515327 37.00040054
v 53.80454254 -18.81714058 37.00040054
v 32.42237473 46.88085938 37.00040054
v 29.47532463 47.02197266 37.00040054
v 29.56313515 47.76099396 37.00040054
v 29.38329506 48.48389435 37.00040054
v 28.95918465 49.09595490 37.00040054
v 48.40934372 25.58495903 37.00040054
v 49.03740311 25.98388100 37.00040054
v 49.48309326 26.58080864 37.00040054
v 49.68857193 27.29590034 37.00040054
v 49.62722397 28.03783989 37.00040054
v 56.76384354 -5.18604088 37.00040054
v 55.46000290 -2.01514053 37.00040054
v 56.14414215 -1.72216988 37.00040054
v 56.67989349 -1.20508003 37.00040054
v 56.99774170 -0.53100967 37.00040054
v 40.79068375 -27.15014839 37.00040054
v 46.55616379 -25.73510933 37.00040054
v 45.96250153 -26.28113174 37.00040054
v 45.62297440 -27.01208878 37.00040054
v 45.58923340 -27.81811714 37.00040054
v 38.26915359 -30.60205078 37.00040054
v 45.86642456 -28.57506943 37.00040054
v 46.36195374 -29.13109970 37.00040054
v 47.02218246 -29.47510147 37.00040054
v 35.45637131 -33.82105255 37.00040054
v 35.71691132 -44.42211914 37.00040054
v 32.42237473 -46.88111115 37.00040054
v 28.24593544 -45.70410156 37.00040054
v 27.45144463 -45.56507111 37.00040054
v 21.75065422 -43.90808105 37.00040054
v 25.49472427 -41.84509277 37.00040054
v 38.82568359 -41.73206329 37.00040054
v 28.95943451 -49.09509277 37.00040054
v 29.41838455 -48.40209961 37.00040054
v 29.56663513 -47.58312988 37.00040054
v 29.39068413 -46.79614258 37.00040054
v 28.92691422 -46.13610840 37.00040054
v 0.22157985 -52.94506836 37.00040054
v 25.98487473 -49.03710938 37.00040054
v 26.58123398 -49.48316193 37.00040054
v 20.61248398 -53.14307404 37.00040054
v 0.99118668 -53.18604279 37.00040054
v 16.72870445 -54.49011230 37.00040054
v 12.75790501 -55.55407715 37.00040054
v 2.05532694 -55.22106934 37.00040054
v 1.98360276 -54.41809082 37.00040054
v 1.60992682 -53.70313263 37.00040054
v -52.08712769 23.14990044 37.00040054
v -50.02198792 27.32689857 37.00040054
v -49.62678528 28.03783989 37.00040054
v -49.67743683 27.20800972 37.00040054
v -49.39636612 26.42383003 37.00040054
v -48.85044861 25.83080864 37.00040054
v -48.11889648 25.49096107 37.00040054
v -47.31309509 25.45800972 37.00040054
v -43.00132751 23.49193764 37.00040054
v -44.88514709 19.65477943 37.00040054
v -53.80410767 18.81688881 37.00040054
v -48.98613739 -1.15600967 37.00040054
v -48.69895554 -5.42114067 37.00040054
v -53.70312881 -1.61011124 37.00040054
v -53.18581772 -0.99121094 37.00040054
v -52.94467545 -0.22119141 37.00040054
v -53.01639557 0.58178902 37.00040054
v -53.39006805 1.29590034 37.00040054
v -48.04114532 -9.64502144 37.00040054
v -56.32874680 -8.72119331 37.00040054
v -54.41783524 -1.98413086 37.00040054
v -39.46386719 -29.04505157 37.00040054
v -46.13550568 -28.92713165 37.00040054
v -45.70338821 -28.24608994 37.00040054
v -45.56475830 -27.45105362 37.00040054
v -45.74071884 -26.66406441 37.00040054
v -46.20448685 -26.00415230 37.00040054
v -19.65441513 -44.88513184 37.00040054
v -27.81786537 -45.58911133 37.00040054
v -35.71647644 -44.42211914 37.00040054
v -23.49164581 -43.00208282 37.00040054
v -35.71647644 44.42186737 37.00040054
v -28.92647552 46.13599396 37.00040054
v -28.24551582 45.70288086 37.00040054
v -27.45101547 45.56494141 37.00040054
v -21.75021553 43.90795898 37.00040054
v -25.49429512 41.84497070 37.00040054
v -38.82524872 41.73192596 37.00040054
v -40.79024887 27.14990044 37.00040054
v -45.62254715 27.01196098 37.00040054
v -45.58879852 27.81786919 37.00040054
v -45.86598587 28.57494926 37.00040054
v -46.36151886 29.13086128 37.00040054
v -47.02175522 29.47484779 37.00040054
v -38.26871872 30.60180092 37.00040054
v -46.55572510 25.73485756 37.00040054
v -45.96208572 26.28100014 37.00040054
v -1.15601826 48.98583984 37.00040054
v -5.42106104 48.69898224 37.00040054
v -25.58468437 48.40894318 37.00040054
v -25.98445511 49.03687286 37.00040054
v -26.58079529 49.48291016 37.00040054
v -0.22115150 52.94483185 37.00040054
v -17.84061432 45.63696289 37.00040054
v -26.66394424 45.74095917 37.00040054
v -26.00411415 46.20484161 37.00040054
v -25.57198524 46.88599396 37.00040054
v -13.79522514 47.01782227 37.00040054
v -56.76340866 5.18578911 37.00040054
v -56.15008545 9.80492973 37.00040054
v -47.61622620 11.56200981 37.00040054
v -48.44270706 7.36791992 37.00040054
v -55.45955658 2.01488876 37.00040054
v -56.14371872 1.72192001 37.00040054
v -56.67946625 1.20483017 37.00040054
v -56.99730682 0.53100967 37.00040054
v -49.03696823 -25.98510933 37.00040054
v -49.48265839 -26.58105659 37.00040054
v -49.68814850 -27.29712296 37.00040054
v -49.62678528 -28.03906059 37.00040054
v -26.42433548 -49.39710236 37.00040054
v -20.61204529 -53.14307404 37.00040054
v -1.29644024 -53.39014435 37.00040054
v 3.11782503 48.90087891 37.00040054
v 25.83112526 48.85083008 37.00040054
v 1.72181475 56.14379883 37.00040054
v 8.72075939 56.32886505 37.00040054
v 2.01542997 55.45996094 37.00040054
v 12.75790501 55.55396271 37.00040054
v 2.04760790 54.71582031 37.00040054
v 16.72870445 54.48999023 37.00040054
v 1.81417680 54.00878906 37.00040054
v 7.36793900 48.44287109 37.00040054
v 25.49158478 48.11890411 37.00040054
v 11.56197453 47.61597443 37.00040054
v 25.45782471 47.31298828 37.00040054
v 15.66802502 46.42797852 37.00040054
v 25.73503494 46.55590820 37.00040054
v 19.65484428 44.88500977 37.00040054
v 26.28095436 45.96190643 37.00040054
v 27.01250458 45.62280273 37.00040054
v 23.49207497 43.00195312 37.00040054
v 38.82568359 41.73192596 37.00040054
v 27.15050507 40.78978729 37.00040054
v 30.60231400 38.26879883 37.00040054
v 41.73249435 38.82495117 37.00040054
v 33.82122421 35.45581055 37.00040054
v 44.42224121 35.71678925 37.00040054
v 36.78273392 32.37280273 37.00040054
v 55.55416489 12.75780869 37.00040054
v 47.01815414 13.79491997 37.00040054
v 54.49018478 16.72778130 37.00040054
v 45.63687134 17.84081841 37.00040054
v 53.14280319 20.61181068 37.00040054
v 48.44313431 -7.36817074 37.00040054
v 47.61666489 -11.56213665 37.00040054
v 56.15051270 -9.80517864 37.00040054
v 46.42778397 -15.66809368 37.00040054
v 55.16188431 -14.35913372 37.00040054
v 32.37376404 -36.78308105 37.00040054
v 44.42224121 -35.71704102 37.00040054
v 29.04475403 -39.46411133 37.00040054
v 41.73249435 -38.82604980 37.00040054
v 17.84103584 -45.63709259 37.00040054
v 25.58511543 -48.40906143 37.00040054
v 5.42148781 -48.69910049 37.00040054
v 25.43379402 -47.68006134 37.00040054
v 9.64527321 -48.04113770 37.00040054
v 25.57242584 -46.88610840 37.00040054
v 1.81417680 -55.99108887 37.00040054
v 8.72075939 -56.32910156 37.00040054
v 1.27633083 -56.62609863 37.00040054
v 4.63825178 -56.81104279 37.00040054
v 0.53161907 -56.99804688 37.00040054
v -55.16145706 14.35888100 37.00040054
v -46.42735672 15.66797066 37.00040054
v -55.55372620 -12.75805950 37.00040054
v -47.01771545 -13.79614544 37.00040054
v -54.48976517 -16.72912788 37.00040054
v -45.63644791 -17.84106636 37.00040054
v -53.14236832 -20.61206245 37.00040054
v -43.90785599 -21.75110054 37.00040054
v -46.79532623 -29.39110947 37.00040054
v -36.78229523 -32.37414932 37.00040054
v -47.58240509 -29.56714058 37.00040054
v -44.42182541 -35.71704102 37.00040054
v -33.82078552 -35.45606232 37.00040054
v -41.73206711 -38.82604980 37.00040054
v -30.60187531 -38.26905060 37.00040054
v -38.82524872 -41.73206329 37.00040054
v -27.15008545 -40.79113770 37.00040054
v -25.45741463 -47.31311035 37.00040054
v -11.56154537 -47.61608887 37.00040054
v -25.49115562 -48.11914062 37.00040054
v -7.36751032 -48.44312286 37.00040054
v -25.83069420 -48.85108185 37.00040054
v -12.75747490 -55.55407715 37.00040054
v -2.01500130 -55.46008301 37.00040054
v -8.72033215 -56.32910156 37.00040054
v -1.72138715 -56.14404297 37.00040054
v -4.63782310 -56.81104279 37.00040054
v -1.20442820 -56.68005371 37.00040054
v -0.53119153 -56.99804688 37.00040054
v -41.73206711 38.82495117 37.00040054
v -29.04434586 39.46385956 37.00040054
v -44.42182541 35.71678925 37.00040054
v -32.37332535 36.78198242 37.00040054
v -35.45594788 33.82080078 37.00040054
v -16.72827530 54.48999023 37.00040054
v -1.98317516 54.41796875 37.00040054
v -20.61204529 53.14185333 37.00040054
v -1.60949922 53.70288086 37.00040054
v -0.99075818 53.18579102 37.00040054
v -25.43335533 47.67993164 37.00040054
v -9.64484406 48.04102325 37.00040054
v -28.57523537 -45.86608887 37.00040054
v -49.42125702 -28.53406143 36.99980164
v -57.06678772 0.00000000 36.99980164
v 49.42168427 -28.53406143 36.99980164
v 28.53371429 -49.42211914 36.99980164
v 0.00021419 -57.06713867 36.99980164
v -28.53329468 -49.42211914 36.99980164
v -28.53329468 49.42089844 36.99980164
v 0.00021419 57.06690216 36.99980164
v 28.53371429 49.42089844 36.99980164
v 49.42168427 28.53392982 36.99980164
v 57.06721115 0.00000000 36.99980164
v -49.42125702 28.53392982 36.99980164
v -53.41270828 29.17992973 10.96479988
v -45.22610855 40.93383789 12.00000095
v -30.36333466 52.90601349 12.00000095
v -34.42068863 50.36083984 12.00000095
v -17.17370415 58.53295898 12.00000095
v -21.71316528 57.00391388 12.00000095
v -3.03503323 60.92382812 12.00000095
v -7.80575275 60.49780273 12.00000095
v 11.27136517 59.94995117 12.00000095
v 6.53301811 60.64893341 12.00000095
v 24.95490456 55.66187286 12.00000095
v 20.51078415 57.44799805 12.00000095
v 37.25944138 48.29785156 12.00000095
v 33.35513306 51.07299805 12.00000095
v 47.50505447 38.26586914 12.00000095
v 44.35628128 41.87500000 12.00000095
v 55.12551117 26.11889076 12.00000095
v 52.90631485 30.36279106 12.00000095
v 59.69976425 12.52783012 12.00000095
v 58.53274155 17.17383003 12.00000095
v 60.92464447 3.03491020 12.00000095
v 60.97499466 -1.75415039 12.00000095
v -48.29832840 37.25878906 12.00000095
v -51.07276535 33.35498047 12.00000095
v -53.53231812 29.24487114 12.00000095
v -38.26583862 47.50488281 12.00000095
v -26.11875534 55.12500000 12.00000095
v -12.52834511 59.69995117 12.00000095
v 1.75439978 60.97485352 12.00000095
v 15.94020462 58.87988281 12.00000095
v 29.24517441 53.53295898 12.00000095
v 40.93405151 45.22583008 12.00000095
v 50.36092377 34.42089844 12.00000095
v 57.00485229 21.71288872 12.00000095
v 60.49870300 7.80591011 12.00000095
v 58.88074112 -15.94006634 12.00000095
v 59.94987488 -11.27112007 12.00000095
v 60.64938354 -6.53320026 12.00000095
v 53.41314316 -29.18004990 10.96479988
v 55.66225433 -24.95508003 12.00000095
v 57.44860458 -20.51111031 12.00000095
v -41.87505722 44.35594940 12.00000095
v -24.19832420 -55.99511719 12.00000095
v -19.69318581 -57.73413086 12.00000095
v -36.69581604 -48.72814941 12.00000095
v -32.72635651 -51.47814941 12.00000095
v -47.13219833 -38.72412109 12.00000095
v -43.92137527 -42.33106232 12.00000095
v -54.92128754 -26.54504776 12.00000095
v -52.64944839 -30.80615044 12.00000095
v -59.62559509 -12.87512398 12.00000095
v -58.42032623 -17.55114937 12.00000095
v -60.90989685 -3.31006050 12.00000095
v -60.98088837 1.51782036 12.00000095
v -15.06462479 -59.11108398 12.00000095
v -28.55180550 -53.90515137 12.00000095
v -40.43529510 -45.67310333 12.00000095
v -50.04764557 -34.87415314 12.00000095
v -56.84894562 -22.11706734 12.00000095
v -60.45718765 -8.11816692 12.00000095
v -58.91104889 15.82592964 12.00000095
v -59.97831726 11.11596870 12.00000095
v -60.66970825 6.33691025 12.00000095
v -55.67790604 24.91893959 12.00000095
v -57.47457886 20.43578911 12.00000095
v 29.24517441 53.53295898 33.00040054
v 33.35513306 51.07299805 33.00040054
v 37.25944138 48.29785156 33.00040054
v 40.93405151 45.22583008 33.00040054
v 44.35628128 41.87500000 33.00040054
v 47.50505447 38.26586914 33.00040054
v 50.36092377 34.42089844 33.00040054
v 52.90631485 30.36279106 33.00040054
v 55.12551117 26.11889076 33.00040054
v 57.00485229 21.71288872 33.00040054
v 58.53274155 17.17383003 33.00040054
v 59.69976425 12.52783012 33.00040054
v 60.49870300 7.80591011 33.00040054
v 60.92464447 3.03491020 33.00040054
v 60.97499466 -1.75415039 33.00040054
v 60.64938354 -6.53320026 33.00040054
v 59.94987488 -11.27112007 33.00040054
v 58.88074112 -15.94006634 33.00040054
v 57.44860458 -20.51111031 33.00040054
v 55.66225433 -24.95508003 33.00040054
v 24.95490456 55.66187286 33.00040054
v 20.51078415 57.44799805 33.00040054
v 15.94020462 58.87988281 33.00040054
v 11.27136517 59.94995117 33.00040054
v 6.53301811 60.64893341 33.00040054
v 1.75439978 60.97485352 33.00040054
v -3.03503323 60.92382812 33.00040054
v -7.80575275 60.49780273 33.00040054
v -12.52834511 59.69995117 33.00040054
v -17.17370415 58.53295898 33.00040054
v -21.71316528 57.00391388 33.00040054
v -26.11875534 55.12500000 33.00040054
v -30.36333466 52.90601349 33.00040054
v -34.42068863 50.36083984 33.00040054
v -38.26583862 47.50488281 33.00040054
v -41.87505722 44.35594940 33.00040054
v -45.22610855 40.93383789 33.00040054
v -48.29832840 37.25878906 33.00040054
v -51.07276535 33.35498047 33.00040054
v -53.53231812 29.24487114 33.00040054
v -21.64646530 -57.03015137 33.00040054
v -17.15803528 -58.53710938 33.00040054
v -12.56621552 -59.69213867 33.00040054
v -57.21709824 -21.14709663 33.00040054
v -58.68486786 -16.64514351 33.00040054
v -59.79907608 -12.04309368 33.00040054
v -60.55303574 -7.36914062 33.00040054
v -60.94217682 -2.65112019 33.00040054
v -60.96416855 2.08397865 33.00040054
v -60.61887741 6.80591011 33.00040054
v -59.90837860 11.48682022 33.00040054
v -58.83695602 16.09887123 33.00040054
v -57.41105652 20.61400795 33.00040054
v -55.63929749 25.00488091 33.00040054
v -55.40461731 -25.52112007 33.00040054
v -53.25834656 -29.74109077 33.00040054
v -50.79121780 -33.78211212 33.00040054
v -48.01808548 -37.62012100 33.00040054
v -44.95566559 -41.23107910 33.00040054
v -41.62241745 -44.59313965 33.00040054
v -38.03839874 -47.68714142 33.00040054
v -34.22521591 -50.49414062 33.00040054
v -30.20583534 -52.99609375 33.00040054
v -26.00449562 -55.17907715 33.00040054
v -44.11412811 40.41478729 35.82880020
v -6.21980190 59.50391388 35.82880020
v 8.20123291 59.26392365 35.82880020
v 34.80305481 48.66381836 35.82880020
v 45.43785477 38.92089844 35.82880020
v 53.43198395 26.91600990 35.82880020
v 59.82032394 -0.99805069 35.82880020
v 50.93096161 -27.82409859 36.86410904
v 57.84326172 -15.28516006 35.82880020
v 53.41314316 -29.18004990 34.03559875
v 53.06244278 -28.98804092 35.00040054
v 52.50460434 -28.68310928 35.82880020
v 51.77757263 -28.28613091 36.46440125
v -53.41270828 29.17992973 34.03559875
v -53.06202698 28.98779106 35.00040054
v -33.16032791 49.79785156 35.82880020
v -20.27935600 56.28588867 35.82880020
v 22.14564514 55.57886505 35.82880020
v 58.32083130 13.34692001 35.82880020
v -52.50416565 28.68285942 35.82880020
v -50.93052673 27.82396889 36.86410904
v -51.77715683 28.28589058 36.46440125
v 44.11454391 -40.41503906 35.82880020
v 6.22022676 -59.50415039 35.82880020
v -34.80260849 -48.66406250 35.82880020
v -45.43739700 -38.92114258 35.82880020
v -53.43151855 -26.91614151 35.82880020
v -59.81985855 0.99779892 35.82880020
v -57.84281540 15.28491020 35.82880020
v 33.16074371 -49.79810333 35.82880020
v 20.27977562 -56.28710938 35.82880020
v -8.20079899 -59.26403809 35.82880020
v -22.14521599 -55.57910156 35.82880020
v -58.32037735 -13.34704876 35.82880020
v -49.09512711 -28.95911026 37.00040054
v -49.68814850 -27.29712296 37.00040054
v -49.62678528 -28.03906059 37.00040054
v -49.42125702 -28.53406143 36.99980164
v -49.52163696 -28.33605957 47.00040054
v -49.69760513 -27.54907417 47.00040054
v -49.05787659 -28.99608994 47.00040054
v -49.48265839 -26.58105659 37.00040054
v -49.68814850 -27.29712296 37.00040054
v -49.69760513 -27.54907417 47.00040054
v -49.55897522 -26.75415230 47.00040054
v -49.03696823 -25.98510933 37.00040054
v -49.48265839 -26.58105659 37.00040054
v -49.55897522 -26.75415230 47.00040054
v -49.12684631 -26.07312393 47.00040054
v -48.40890884 -25.58508492 37.00040054
v -49.03696823 -25.98510933 37.00040054
v -49.12684631 -26.07312393 47.00040054
v -48.46702576 -25.61010933 47.00040054
v -47.67995834 -25.43408394 37.00040054
v -48.40890884 -25.58508492 37.00040054
v -48.46702576 -25.61010933 47.00040054
v -47.67995834 -25.43408394 47.00040054
v -49.09512711 -28.95911026 37.00040054
v -48.40131760 -29.41809082 37.00040054
v -49.05787659 -28.99608994 47.00040054
v -48.37690735 -29.42810059 47.00040054
v -48.40131760 -29.41809082 37.00040054
v -47.58240509 -29.56714058 37.00040054
v -48.37690735 -29.42810059 47.00040054
v -47.58240509 -29.56714058 47.00040054
v -56.99721527 -0.53198051 37.00040054
v -56.67946625 1.20483017 37.00040054
v -56.99730682 0.53100967 37.00040054
v -57.06678772 0.00000000 36.99980164
v -57.05489731 0.22094917 47.00040054
v -56.81374741 0.99096870 47.00040054
v -56.98316574 -0.58203125 47.00040054
v -56.14371872 1.72192001 37.00040054
v -56.67946625 1.20483017 37.00040054
v -56.81374741 0.99096870 47.00040054
v -56.29643631 1.60985947 47.00040054
v -55.45955658 2.01488876 37.00040054
v -56.14371872 1.72192001 37.00040054
v -56.29643631 1.60985947 47.00040054
v -55.58172607 1.98291016 47.00040054
v -54.71576691 2.04686928 37.00040054
v -55.45955658 2.01488876 37.00040054
v -55.58172607 1.98291016 47.00040054
v -54.77841568 2.05492973 47.00040054
v -54.00880814 1.81395912 37.00040054
v -54.71576691 2.04686928 37.00040054
v -54.77841568 2.05492973 47.00040054
v -54.00880814 1.81395912 47.00040054
v -56.62582779 -1.27612114 37.00040054
v -56.99721527 -0.53198051 37.00040054
v -56.98316574 -0.58203125 47.00040054
v -56.60949707 -1.29712105 47.00040054
v -55.99075699 -1.81421089 37.00040054
v -56.62582779 -1.27612114 37.00040054
v -56.60949707 -1.29712105 47.00040054
v -55.99075699 -1.81421089 47.00040054
v 49.62731171 -28.03808975 37.00040054
v 49.09581375 -28.95911026 37.00040054
v 48.48393250 -29.38306046 37.00040054
v 49.42168427 -28.53406143 36.99980164
v 49.30070114 -28.71912003 47.00040054
v 48.70705414 -29.26514053 47.00040054
v 49.64024353 -27.98804092 47.00040054
v 48.48393250 -29.38306046 37.00040054
v 47.76148224 -29.56311035 37.00040054
v 48.70705414 -29.26514053 47.00040054
v 47.94968414 -29.54309082 47.00040054
v 47.76148224 -29.56311035 37.00040054
v 47.02218246 -29.47510147 37.00040054
v 47.94968414 -29.54309082 47.00040054
v 47.14388275 -29.50916100 47.00040054
v 46.36195374 -29.13109970 37.00040054
v 47.02218246 -29.47510147 37.00040054
v 47.14388275 -29.50916100 47.00040054
v 46.41235352 -29.16907120 47.00040054
v 45.86642456 -28.57506943 37.00040054
v 46.36195374 -29.13109970 37.00040054
v 46.41235352 -29.16907120 47.00040054
v 45.86642456 -28.57506943 47.00040054
v 49.67786407 -27.20813370 37.00040054
v 49.62731171 -28.03808975 37.00040054
v 49.64024353 -27.98804092 47.00040054
v 49.67398453 -27.18213272 47.00040054
v 49.67786407 -27.20813370 37.00040054
v 49.39680481 -26.42505264 37.00040054
v 49.67398453 -27.18213272 47.00040054
v 49.39680481 -26.42505264 47.00040054
v 28.03875542 -49.62708282 37.00040054
v 27.29679489 -49.68811035 37.00040054
v 28.95943451 -49.09509277 37.00040054
v 28.53371429 -49.42211914 36.99980164
v 28.33606529 -49.52210236 47.00040054
v 27.54899406 -49.69812012 47.00040054
v 28.99589539 -49.05811310 47.00040054
v 27.29679489 -49.68811035 37.00040054
v 26.58123398 -49.48316193 37.00040054
v 27.54899406 -49.69812012 47.00040054
v 26.75448418 -49.55908203 47.00040054
v 25.98487473 -49.03710938 37.00040054
v 26.58123398 -49.48316193 37.00040054
v 26.75448418 -49.55908203 47.00040054
v 26.07352448 -49.12708282 47.00040054
v 25.98487473 -49.03710938 37.00040054
v 25.58511543 -48.40906143 37.00040054
v 26.07352448 -49.12708282 47.00040054
v 25.60975456 -48.46704102 47.00040054
v 25.58511543 -48.40906143 37.00040054
v 25.43379402 -47.68006134 37.00040054
v 25.60975456 -48.46704102 47.00040054
v 25.43379402 -47.68006134 47.00040054
v 28.95943451 -49.09509277 37.00040054
v 29.41838455 -48.40209961 37.00040054
v 28.99589539 -49.05811310 47.00040054
v 29.42801476 -48.37708282 47.00040054
v 29.41838455 -48.40209961 37.00040054
v 29.56663513 -47.58312988 37.00040054
v 29.42801476 -48.37708282 47.00040054
v 29.56663513 -47.58312988 47.00040054
v 0.53161907 -56.99804688 37.00040054
v -1.20442820 -56.68005371 37.00040054
v -0.53119153 -56.99804688 37.00040054
v 0.00021419 -57.06713867 36.99980164
v -0.22115150 -57.05505371 47.00040054
v -0.99075818 -56.81408691 47.00040054
v 0.58215618 -56.98315430 47.00040054
v -1.72138715 -56.14404297 37.00040054
v -1.20442820 -56.68005371 37.00040054
v -0.99075818 -56.81408691 47.00040054
v -1.60949922 -56.29711914 47.00040054
v -2.01500130 -55.46008301 37.00040054
v -1.72138715 -56.14404297 37.00040054
v -1.60949922 -56.29711914 47.00040054
v -1.98317516 -55.58215332 47.00040054
v -2.04718018 -54.71605682 37.00040054
v -2.01500130 -55.46008301 37.00040054
v -1.98317516 -55.58215332 47.00040054
v -2.05489826 -54.77905273 47.00040054
v -1.81374824 -54.00916290 37.00040054
v -2.04718018 -54.71605682 37.00040054
v -2.05489826 -54.77905273 47.00040054
v -1.81374824 -54.00916290 47.00040054
v 1.27633083 -56.62609863 37.00040054
v 0.53161907 -56.99804688 37.00040054
v 0.58215618 -56.98315430 47.00040054
v 1.29686880 -56.61010742 47.00040054
v 1.81417680 -55.99108887 37.00040054
v 1.27633083 -56.62609863 37.00040054
v 1.29686880 -56.61010742 47.00040054
v 1.81417680 -55.99108887 47.00040054
v -28.03797531 -49.62708282 37.00040054
v -29.38287544 -48.48413086 37.00040054
v -28.95875549 -49.09606934 37.00040054
v -28.53329468 -49.42211914 36.99980164
v -28.71905518 -49.30115128 47.00040054
v -29.26497459 -48.70716095 47.00040054
v -27.98749542 -49.64014053 47.00040054
v -29.56270599 -47.76110840 37.00040054
v -29.38287544 -48.48413086 37.00040054
v -29.26497459 -48.70716095 47.00040054
v -29.54217529 -47.94910049 47.00040054
v -29.47489548 -47.02210236 37.00040054
v -29.56270599 -47.76110840 37.00040054
v -29.54217529 -47.94910049 47.00040054
v -29.50842476 -47.14405060 47.00040054
v -29.13087463 -46.36206055 37.00040054
v -29.47489548 -47.02210236 37.00040054
v -29.50842476 -47.14405060 47.00040054
v -29.16888428 -46.41210938 47.00040054
v -29.13087463 -46.36206055 37.00040054
v -28.57523537 -45.86608887 37.00040054
v -29.16888428 -46.41210938 47.00040054
v -28.57523537 -45.86608887 47.00040054
v -28.03797531 -49.62708282 37.00040054
v -27.20766449 -49.67810059 37.00040054
v -27.98749542 -49.64014053 47.00040054
v -27.18170547 -49.67407227 47.00040054
v -27.20766449 -49.67810059 37.00040054
v -26.42433548 -49.39710236 37.00040054
v -27.18170547 -49.67407227 47.00040054
v -26.42433548 -49.39710236 47.00040054
v -28.95875549 49.09595490 37.00040054
v -28.03834534 49.62695312 37.00040054
v -27.29637527 49.68798828 37.00040054
v -28.53329468 49.42089844 36.99980164
v -28.33563423 49.52197266 47.00040054
v -27.54855537 49.69799805 47.00040054
v -28.99546432 49.05786133 47.00040054
v -27.29637527 49.68798828 37.00040054
v -26.58079529 49.48291016 37.00040054
v -27.54855537 49.69799805 47.00040054
v -26.75406456 49.55883789 47.00040054
v -25.98445511 49.03687286 37.00040054
v -26.58079529 49.48291016 37.00040054
v -26.75406456 49.55883789 47.00040054
v -26.07309532 49.12695312 47.00040054
v -25.58468437 48.40894318 37.00040054
v -25.98445511 49.03687286 37.00040054
v -26.07309532 49.12695312 47.00040054
v -25.60932541 48.46680450 47.00040054
v -25.58468437 48.40894318 37.00040054
v -25.43335533 47.67993164 37.00040054
v -25.60932541 48.46680450 47.00040054
v -25.43335533 47.67993164 47.00040054
v -29.41795540 48.40087891 37.00040054
v -28.95875549 49.09595490 37.00040054
v -28.99546432 49.05786133 47.00040054
v -29.42758560 48.37695312 47.00040054
v -29.56621552 47.58300781 37.00040054
v -29.41795540 48.40087891 37.00040054
v -29.42758560 48.37695312 47.00040054
v -29.56621552 47.58300781 47.00040054
v 0.53161907 56.99683380 37.00040054
v 1.20485699 56.67993164 37.00040054
v -0.53119153 56.99683380 37.00040054
v 0.00021419 57.06690216 36.99980164
v 0.22157985 57.05493164 47.00040054
v 0.99118668 56.81397247 47.00040054
v -0.58172780 56.98291016 47.00040054
v 1.20485699 56.67993164 37.00040054
v 1.72181475 56.14379883 37.00040054
v 0.99118668 56.81397247 47.00040054
v 1.60992682 56.29589844 47.00040054
v 1.72181475 56.14379883 37.00040054
v 2.01542997 55.45996094 37.00040054
v 1.60992682 56.29589844 47.00040054
v 1.98360276 55.58179474 47.00040054
v 2.01542997 55.45996094 37.00040054
v 2.04760790 54.71582031 37.00040054
v 1.98360276 55.58179474 47.00040054
v 2.05532694 54.77880859 47.00040054
v 2.04760790 54.71582031 37.00040054
v 1.81417680 54.00878906 37.00040054
v 2.05532694 54.77880859 47.00040054
v 1.81417680 54.00878906 47.00040054
v -0.53119153 56.99683380 37.00040054
v -1.27590322 56.62598419 37.00040054
v -0.58172780 56.98291016 47.00040054
v -1.29644024 56.60986328 47.00040054
v -1.27590322 56.62598419 37.00040054
v -1.81374824 55.99097443 37.00040054
v -1.29644024 56.60986328 47.00040054
v -1.81374824 55.99097443 47.00040054
v 28.03875542 49.62695312 37.00040054
v 29.38329506 48.48389435 37.00040054
v 28.95918465 49.09595490 37.00040054
v 28.53371429 49.42089844 36.99980164
v 28.71948433 49.29981232 47.00040054
v 29.26540565 48.70679474 47.00040054
v 27.98793411 49.63989258 47.00040054
v 29.56313515 47.76099396 37.00040054
v 29.38329506 48.48389435 37.00040054
v 29.26540565 48.70679474 47.00040054
v 29.54258537 47.94898224 47.00040054
v 29.47532463 47.02197266 37.00040054
v 29.56313515 47.76099396 37.00040054
v 29.54258537 47.94898224 47.00040054
v 29.50884438 47.14379883 47.00040054
v 29.13130569 46.36182404 37.00040054
v 29.47532463 47.02197266 37.00040054
v 29.50884438 47.14379883 47.00040054
v 29.16931534 46.41187286 47.00040054
v 28.57567406 45.86595917 37.00040054
v 29.13130569 46.36182404 37.00040054
v 29.16931534 46.41187286 47.00040054
v 28.57567406 45.86595917 47.00040054
v 27.20809555 49.67797852 37.00040054
v 28.03875542 49.62695312 37.00040054
v 27.98793411 49.63989258 47.00040054
v 27.18213463 49.67382812 47.00040054
v 26.42476463 49.39697266 37.00040054
v 27.20809555 49.67797852 37.00040054
v 27.18213463 49.67382812 47.00040054
v 26.42476463 49.39697266 47.00040054
v 49.09581375 28.95897865 37.00040054
v 49.68857193 27.29590034 37.00040054
v 49.62722397 28.03783989 37.00040054
v 49.42168427 28.53392982 36.99980164
v 49.52207184 28.33592796 47.00040054
v 49.69804382 27.54883003 47.00040054
v 49.05830383 28.99584770 47.00040054
v 49.48309326 26.58080864 37.00040054
v 49.68857193 27.29590034 37.00040054
v 49.69804382 27.54883003 47.00040054
v 49.55939484 26.75390053 47.00040054
v 49.03740311 25.98388100 37.00040054
v 49.48309326 26.58080864 37.00040054
v 49.55939484 26.75390053 47.00040054
v 49.12728119 26.07299995 47.00040054
v 48.40934372 25.58495903 37.00040054
v 49.03740311 25.98388100 37.00040054
v 49.12728119 26.07299995 47.00040054
v 48.46746445 25.60888100 47.00040054
v 47.68039322 25.43285942 37.00040054
v 48.40934372 25.58495903 37.00040054
v 48.46746445 25.60888100 47.00040054
v 47.68039322 25.43285942 47.00040054
v 48.40174484 29.41797066 37.00040054
v 49.09581375 28.95897865 37.00040054
v 49.05830383 28.99584770 47.00040054
v 48.37732315 29.42798042 47.00040054
v 47.58284378 29.56591988 37.00040054
v 48.40174484 29.41797066 37.00040054
v 48.37732315 29.42798042 47.00040054
v 47.58284378 29.56591988 47.00040054
v 56.99774170 0.53100967 37.00040054
v 56.67989349 -1.20508003 37.00040054
v 56.99774170 -0.53100967 37.00040054
v 57.06721115 0.00000000 36.99980164
v 57.05531311 -0.22119141 47.00040054
v 56.81417465 -0.99121094 47.00040054
v 56.98360443 0.58178902 47.00040054
v 56.14414215 -1.72216988 37.00040054
v 56.67989349 -1.20508003 37.00040054
v 56.81417465 -0.99121094 47.00040054
v 56.29687119 -1.61011124 47.00040054
v 55.46000290 -2.01514053 37.00040054
v 56.14414215 -1.72216988 37.00040054
v 56.29687119 -1.61011124 47.00040054
v 55.58216476 -1.98413086 47.00040054
v 54.71618271 -2.04810047 37.00040054
v 55.46000290 -2.01514053 37.00040054
v 55.58216476 -1.98413086 47.00040054
v 54.77884293 -2.05518055 47.00040054
v 54.00924301 -1.81421089 37.00040054
v 54.71618271 -2.04810047 37.00040054
v 54.77884293 -2.05518055 47.00040054
v 54.00924301 -1.81421089 47.00040054
v 56.99774170 0.53100967 37.00040054
v 56.62625122 1.27587891 37.00040054
v 56.98360443 0.58178902 47.00040054
v 56.60992432 1.29590034 47.00040054
v 56.62625122 1.27587891 37.00040054
v 55.99119186 1.81395912 37.00040054
v 56.60992432 1.29590034 47.00040054
v 55.99119186 1.81395912 47.00040054
v -48.48350525 29.38281059 37.00040054
v -49.09538651 28.95897865 37.00040054
v -49.62678528 28.03783989 37.00040054
v -49.42125702 28.53392982 36.99980164
v -49.30027771 28.71898842 47.00040054
v -48.70662689 29.26489067 47.00040054
v -49.63981628 27.98779106 47.00040054
v -47.76104736 29.56299019 37.00040054
v -48.48350525 29.38281059 37.00040054
v -48.70662689 29.26489067 47.00040054
v -47.94925690 29.54199028 47.00040054
v -47.76104736 29.56299019 37.00040054
v -47.02175522 29.47484779 37.00040054
v -47.94925690 29.54199028 47.00040054
v -47.14346695 29.50879097 47.00040054
v -46.36151886 29.13086128 37.00040054
v -47.02175522 29.47484779 37.00040054
v -47.14346695 29.50879097 47.00040054
v -46.41191864 29.16893959 47.00040054
v -45.86598587 28.57494926 37.00040054
v -46.36151886 29.13086128 37.00040054
v -46.41191864 29.16893959 47.00040054
v -45.86598587 28.57494926 47.00040054
v -49.62678528 28.03783989 37.00040054
v -49.67743683 27.20800972 37.00040054
v -49.63981628 27.98779106 47.00040054
v -49.67355728 27.18187904 47.00040054
v -49.67743683 27.20800972 37.00040054
v -49.39636612 26.42383003 37.00040054
v -49.67355728 27.18187904 47.00040054
v -49.39636612 26.42383003 47.00040054
v -36.12312698 0.99390030 14.00000191
v -35.58058548 1.38280869 14.00000191
v -39.82940674 1.29393959 14.00000191
v -29.99979591 0.00000000 14.00000191
v -30.17016602 1.29393959 14.00000191
v -33.78070831 0.87401962 14.00000191
v -33.52222824 0.25780869 14.00000191
v -33.55638885 -0.40820122 14.00000191
v -33.87643814 -0.99414062 14.00000191
v -34.41897583 -1.38306046 14.00000191
v -30.17016602 -1.29419136 14.00000191
v -33.70568848 -4.83008099 14.00000191
v -32.49978638 -4.33008099 14.00000191
v -31.46425438 -3.53613091 14.00000191
v -30.66966438 -2.50000095 14.00000191
v -34.99978638 5.00000000 14.00000191
v -36.29387665 4.82885933 14.00000191
v -37.49978638 4.32983017 14.00000191
v -38.53531647 3.53491020 14.00000191
v -39.32990646 2.50000000 14.00000191
v -34.92301559 1.49779892 14.00000191
v -30.66966438 2.50000000 14.00000191
v -31.46425438 3.53491020 14.00000191
v -32.49978638 4.32983017 14.00000191
v -33.70568848 4.82885933 14.00000191
v -35.07654572 -1.49805069 14.00000191
v -35.71892548 -1.31714058 14.00000191
v -39.82940674 -1.29419136 14.00000191
v -39.32990646 -2.50000095 14.00000191
v -38.53531647 -3.53613091 14.00000191
v -37.49978638 -4.33008099 14.00000191
v -36.29387665 -4.83008099 14.00000191
v -34.99978638 -5.00000095 14.00000191
v -34.28064728 1.31591988 14.00000191
v -39.99978638 0.00000000 14.00000191
v -36.21885681 -0.87401962 14.00000191
v -36.47733688 -0.25903130 14.00000191
v -36.44317627 0.40795898 14.00000191
v 16.38321495 -74.50208282 22.28080940
v 16.49825478 -74.50208282 21.62330818
v 16.31659508 -74.50208282 20.98089790
v 15.99423504 -74.50208282 22.82339668
v 16.07919502 -74.34606934 21.11059761
v 15.63992500 -74.34606934 20.65010262
v 16.31659508 -74.50208282 20.98089790
v 14.00619507 -74.50208282 20.57670784
v 14.59202480 -74.50208282 20.25660896
v 15.25870514 -74.50208282 20.22250557
v 15.87419510 -74.50208282 20.48100471
v 13.95023537 -74.34606934 21.06030464
v 14.41075516 -74.34606934 20.62100410
v 13.68383503 -74.50208282 22.41920662
v 13.61721516 -74.50208282 21.11920357
v 13.50217533 -74.50208282 21.77679634
v 14.00619507 -74.50208282 20.57670784
v 13.92123508 -74.34606934 22.28950691
v 14.36050510 -74.34606934 22.75000191
v 15.58967495 -74.34606934 22.77900887
v 16.05018425 -72.50208282 22.33970833
v 16.05018425 -74.34606934 22.33970833
v 15.58967495 -72.50208282 22.77900887
v 16.05018425 -72.50208282 22.33970833
v 16.05018425 -74.34606934 22.33970833
v 16.22936440 -72.50208282 21.72900581
v 16.22936440 -74.34606934 21.72900581
v 16.07919502 -74.34606934 21.11059761
v 16.22936440 -72.50208282 21.72900581
v 16.22936440 -74.34606934 21.72900581
v 16.07919502 -72.50208282 21.11059761
v 15.58967495 -74.34606934 22.77900887
v 15.58967495 -72.50208282 22.77900887
v 14.97119522 -74.34606934 22.92920113
v 14.97119522 -72.50208282 22.92920113
v 14.97119522 -74.34606934 22.92920113
v 14.97119522 -72.50208282 22.92920113
v 14.36050510 -74.34606934 22.75000191
v 14.36050510 -72.50208282 22.75000191
v 13.92123508 -74.34606934 22.28950691
v 14.36050510 -74.34606934 22.75000191
v 14.36050510 -72.50208282 22.75000191
v 13.92123508 -72.50208282 22.28950691
v -13.61679554 -74.50208282 22.28080940
v -13.50174522 -74.50208282 21.62330818
v -13.68340492 -74.50208282 20.98089790
v -14.00575542 -74.50208282 22.82339668
v -13.92079544 -74.34606934 21.11059761
v -14.36007500 -74.34606934 20.65010262
v -13.68340492 -74.50208282 20.98089790
v -15.99380493 -74.50208282 20.57670784
v -15.40797520 -74.50208282 20.25660896
v -14.74128532 -74.50208282 20.22250557
v -14.12579536 -74.50208282 20.48100471
v -16.04976463 -74.34606934 21.06030464
v -15.58923531 -74.34606934 20.62100410
v -16.31616592 -74.50208282 22.41920662
v -16.38278580 -74.50208282 21.11920357
v -16.49782562 -74.50208282 21.77679634
v -15.99380493 -74.50208282 20.57670784
v -16.07877541 -74.34606934 22.28950691
v -15.63948536 -74.34606934 22.75000191
v -14.41032505 -74.34606934 22.77900887
v -13.94980526 -72.50208282 22.33970833
v -13.94980526 -74.34606934 22.33970833
v -14.41032505 -72.50208282 22.77900887
v -13.94980526 -72.50208282 22.33970833
v -13.94980526 -74.34606934 22.33970833
v -13.77062511 -72.50208282 21.72900581
v -13.77062511 -74.34606934 21.72900581
v -13.92079544 -74.34606934 21.11059761
v -13.77062511 -72.50208282 21.72900581
v -13.77062511 -74.34606934 21.72900581
v -13.92079544 -72.50208282 21.11059761
v -14.41032505 -74.34606934 22.77900887
v -14.41032505 -72.50208282 22.77900887
v -15.02879524 -74.34606934 22.92920113
v -15.02879524 -72.50208282 22.92920113
v -15.02879524 -74.34606934 22.92920113
v -15.02879524 -72.50208282 22.92920113
v -15.63948536 -74.34606934 22.75000191
v -15.63948536 -72.50208282 22.75000191
v -16.07877541 -74.34606934 22.28950691
v -15.63948536 -74.34606934 22.75000191
v -15.63948536 -72.50208282 22.75000191
v -16.07877541 -72.50208282 22.28950691
v -0.99978626 -65.49207306 50.00040054
v 1.00021386 -65.49207306 50.00040054
v -0.99978626 -63.49207306 50.00040054
v 1.00021386 -63.49207306 50.00040054
v -0.99978626 -65.49207306 50.00040054
v -0.99978626 -63.49207306 50.00040054
v -0.99978626 -63.99207306 52.00040054
v -0.99978626 -63.49207306 51.50040054
v -0.99978626 -64.99207306 52.00040054
v -0.99978626 -65.22010040 51.94541168
v -0.99978626 -65.39807892 51.79249954
v -0.99978626 -65.49207306 51.50040054
v -33.10739517 55.93579102 52.00040054
v -36.22268677 54.39697266 51.85390091
v -37.29214859 53.23779297 52.00040054
v -41.25804520 50.22681427 52.00040054
v -22.15216446 61.48389435 51.85390091
v -19.49120522 62.00878906 52.00040054
v -24.18073463 60.33496094 52.00040054
v -28.72835541 58.30590820 52.00040054
v 5.14104891 65.29785156 51.50040054
v 0.12745610 65.50000000 51.50040054
v -6.79421806 64.99902344 51.85390091
v -4.84957695 64.81884766 52.00040054
v 8.95859146 64.73682404 51.85390091
v -9.87254524 64.75195312 51.50040054
v -14.80026531 63.80590820 51.50040054
v -22.15216446 61.48389435 51.85390091
v -6.79421806 64.99902344 51.85390091
v 19.88419533 62.40894318 51.50040054
v 15.04848480 63.74780273 51.50040054
v 8.95859146 64.73682404 51.85390091
v 10.04718971 64.21900177 52.00040054
v 5.10180712 64.79882812 52.00040054
v 24.19077492 60.71192169 51.85390091
v 51.77070236 39.30394745 52.00040054
v 49.63400269 42.51489258 51.85390091
v 48.61008453 43.15184784 52.00040054
v 45.16421127 46.74584961 52.00040054
v 58.36636353 29.40184975 51.85390091
v 59.36449432 26.47387123 52.00040054
v 57.16371155 30.94091988 52.00040054
v 54.62749481 35.22583008 52.00040054
v 65.45690155 2.38183975 51.50040054
v 65.08251953 7.38500977 51.50040054
v 63.70671463 14.57982826 51.85390091
v 63.83517456 12.25098038 52.00040054
v 65.34468079 -1.09008980 51.85390091
v 63.70671463 14.57982826 51.85390091
v 63.83517456 12.25098038 52.00040054
v 62.71003342 17.10180092 52.00040054
v 61.21688461 21.85180092 52.00040054
v 64.27776337 -12.59607315 51.50040054
v 65.05334473 -7.63819027 51.50040054
v 65.34468079 -1.09008980 51.85390091
v 64.94756317 -2.61621094 52.00040054
v 64.95722961 2.36278915 52.00040054
v 63.18504333 -16.69604683 51.85390091
v 57.48186111 -31.40209961 51.50040054
v 59.71703339 -26.91015816 51.50040054
v 61.60176468 -22.26013374 51.50040054
v 63.18504333 -16.69604683 51.85390091
v 63.18504333 -16.69604683 51.85390091
v 63.78709412 -12.49914837 52.00040054
v 62.64310455 -17.34607124 52.00040054
v 57.35335159 -31.33214951 51.85390091
v 57.48186111 -31.40209961 51.50040054
v 63.18504333 -16.69604683 51.85390091
v 57.35335159 -31.33214951 51.85390091
v 54.95323181 -35.64307022 51.50040054
v 57.35335159 -31.33214951 51.85390091
v 59.26118469 -26.70508194 52.00040054
v 57.04308319 -31.16308975 52.00040054
v 54.53404236 -35.37012100 52.00040054
v -57.35291672 31.33177757 51.85390091
v -57.04264832 31.16283989 52.00040054
v -48.18806839 44.14697266 51.85390091
v -59.24744797 26.73388100 52.00040054
v -48.81426620 43.67382812 51.50040054
v -52.01422882 39.80883789 51.50040054
v -54.90894699 35.70996094 51.50040054
v -57.35291672 31.33177757 51.85390091
v -54.90894699 35.70996094 51.50040054
v -57.48144531 31.40184975 51.50040054
v -57.35291672 31.33177757 51.85390091
v -62.95752716 17.53296089 51.85390091
v -44.98182678 46.92089844 52.00040054
v -48.18806839 44.14697266 51.85390091
v -51.61717606 39.50488281 52.00040054
v -48.44163513 43.33983612 52.00040054
v 37.78759384 53.50098419 51.50040054
v 33.58125305 56.23682404 51.50040054
v 29.17784500 58.64185333 51.50040054
v 24.19077492 60.71192169 51.85390091
v 29.17784500 58.64185333 51.50040054
v 24.60320473 60.70386505 51.50040054
v 19.88419533 62.40894318 51.50040054
v 24.19077492 60.71192169 51.85390091
v 24.19077492 60.71192169 51.85390091
v 19.73240471 61.93189240 52.00040054
v 24.41539574 60.23999023 52.00040054
v 38.01709366 53.15795898 51.85390091
v 41.77217484 50.45191193 51.50040054
v 37.78759384 53.50098419 51.50040054
v 24.19077492 60.71192169 51.85390091
v 38.01709366 53.15795898 51.85390091
v 41.45330429 50.06591797 52.00040054
v 38.01709366 53.15795898 51.85390091
v 33.32491302 55.80689240 52.00040054
v 37.49914169 53.09301758 52.00040054
v 48.98401260 43.48387909 51.50040054
v 45.51164246 47.10596466 51.50040054
v 41.77217484 50.45191193 51.50040054
v 38.01709366 53.15795898 51.85390091
v 47.48434448 -42.16113281 51.50040054
v 40.93323135 -49.19910049 52.00040054
v 44.52156448 -45.97705078 52.00040054
v 53.27647400 -34.55310059 51.50040054
v 50.52381134 -38.46607208 51.50040054
v 50.92095184 -38.77014160 52.00040054
v 47.85712433 -42.49414062 52.00040054
v 40.93323135 -49.19910049 52.00040054
v 36.82527161 -51.73206329 51.50040054
v 28.86171532 -57.12304688 52.00040054
v 33.08100128 -54.78809357 52.00040054
v 44.17535400 -45.61608887 51.50040054
v 40.61558151 -48.81214142 51.50040054
v 37.11248398 -52.14111328 52.00040054
v -0.99978626 -63.49207306 50.00040054
v 1.00021386 -63.49207306 50.00040054
v -0.99978626 -63.49207306 51.50040054
v 47.48434448 -42.16113281 51.50040054
v 40.93323135 -49.19910049 52.00040054
v 53.27647400 -34.55310059 51.50040054
v 50.52381134 -38.46607208 51.50040054
v 50.92095184 -38.77014160 52.00040054
v 36.82527161 -51.73206329 51.50040054
v 28.86171532 -57.12304688 52.00040054
v 44.17535400 -45.61608887 51.50040054
v 40.61558151 -48.81214142 51.50040054
v 24.29195404 -58.67004395 51.50040054
v 15.32093525 -62.13903809 52.00040054
v 32.82590485 -54.35706329 51.50040054
v 28.64022446 -56.67504883 51.50040054
v 19.80579567 -60.33215332 51.50040054
v 15.20719528 -61.65209961 51.50040054
v 1.00021386 -63.99207306 52.00040054
v 10.52229500 -62.62207031 51.50040054
v 5.77764988 -63.23706055 51.50040054
v 1.00021386 -63.49207306 51.50040054
v 55.72671127 -30.44409180 51.50040054
v 56.16549301 -30.68310928 52.00040054
v -25.97720528 -57.94312286 47.00040054
v 63.42155457 3.15991020 47.00040054
v 34.72214127 53.16602325 47.00040054
v 30.44374466 55.72583008 47.00040054
v 38.78646469 50.27783203 47.00040054
v -53.16591644 34.72191620 47.00040054
v 50.27821350 -38.78613281 47.00040054
v -42.61123657 -47.08007812 47.00040054
v 46.17416382 43.59082031 47.00040054
v 3.15985680 -63.42114258 47.00040054
v 8.12609768 -62.97814941 47.00040054
v 13.04224491 -62.14611816 47.00040054
v 17.87796402 -60.93115234 47.00040054
v 22.60349464 -59.34105682 47.00040054
v -1.82586324 -63.47412109 47.00040054
v -21.35095596 -59.80310059 47.00040054
v -16.59306526 -61.29406738 47.00040054
v -11.73285484 -62.40709686 47.00040054
v -6.80032730 -63.13513184 47.00040054
v 1.82629275 63.47388458 47.00040054
v -3.15942907 63.42089844 47.00040054
v -8.12566948 62.97778320 47.00040054
v -13.04180527 62.14600372 47.00040054
v -17.87755585 60.93090820 47.00040054
v -22.60306549 59.34082031 47.00040054
v -27.18921471 57.38378906 47.00040054
v -31.60773468 55.07398224 47.00040054
v -47.07964706 42.61083984 47.00040054
v -43.59125519 46.17382812 47.00040054
v -52.42445755 -35.83216095 47.00040054
v -63.42112732 -3.16016102 47.00040054
v -62.97771835 -8.12597847 47.00040054
v -62.14602661 -13.04211807 47.00040054
v -60.93118668 -17.87805367 47.00040054
v -59.34067535 -22.60315132 47.00040054
v -57.38431549 -27.18909073 47.00040054
v -55.72627640 30.44286919 47.00040054
v -57.94305801 25.97680092 47.00040054
v -59.80260849 21.35082817 47.00040054
v -61.29344559 16.59301949 47.00040054
v -62.40638733 11.73291016 47.00040054
v -63.13457870 6.79979897 47.00040054
v -63.47351837 1.82592964 47.00040054
v 47.08007431 -42.61109161 47.00040054
v 43.59169388 -46.17407227 47.00040054
v 53.16635132 -34.72204971 47.00040054
v 63.13501358 -6.80103016 47.00040054
v 63.47395325 -1.82616997 47.00040054
v 55.72671127 -30.44409180 47.00040054
v 57.94348145 -25.97705460 47.00040054
v 59.80304337 -21.35107613 47.00040054
v 61.29388428 -16.59314156 47.00040054
v 62.40681458 -11.73315811 47.00040054
v 62.97815323 8.12598038 47.00040054
v 62.14646149 13.04199028 47.00040054
v 60.93161392 17.87792778 47.00040054
v 59.34111404 22.60278130 47.00040054
v 57.38475418 27.18895912 47.00040054
v 55.07460403 31.60790825 47.00040054
v 52.42488480 35.83177948 47.00040054
v 49.45196152 39.83397675 47.00040054
v 39.83454132 -49.45214844 47.00040054
v 35.83181381 -52.42504883 47.00040054
v 42.61167145 47.07984161 47.00040054
v 25.97763443 57.94287109 47.00040054
v 21.35138512 59.80297852 47.00040054
v 16.59349442 61.29395294 47.00040054
v 11.73329449 62.40698242 47.00040054
v 6.80075598 63.13500977 47.00040054
v -39.83411789 49.45191193 47.00040054
v -38.78603745 -50.27808380 47.00040054
v 27.18964577 -57.38513184 47.00040054
v 31.60816574 -55.07410431 47.00040054
v -30.44331551 -55.72705078 47.00040054
v -34.72170639 -53.16613770 47.00040054
v -46.17372513 -43.59204102 47.00040054
v -49.45153809 -39.83411026 47.00040054
v -50.27777863 38.78588867 47.00040054
v -55.07416534 -31.60816193 47.00040054
v -35.83138657 52.42481232 47.00040054
v 30.44374466 55.72583008 51.50040054
v 34.72214127 53.16602325 51.50040054
v 38.78646469 50.27783203 51.50040054
v 42.61167145 47.07984161 51.50040054
v 46.17416382 43.59082031 51.50040054
v 49.45196152 39.83397675 51.50040054
v 52.42488480 35.83177948 51.50040054
v 55.07460403 31.60790825 51.50040054
v 57.38475418 27.18895912 51.50040054
v 59.34111404 22.60278130 51.50040054
v 60.93161392 17.87792778 51.50040054
v 62.14646149 13.04199028 51.50040054
v 62.97815323 8.12598038 51.50040054
v 63.42155457 3.15991020 51.50040054
v 63.47395325 -1.82616997 51.50040054
v 63.13501358 -6.80103016 51.50040054
v 62.40681458 -11.73315811 51.50040054
v 61.29388428 -16.59314156 51.50040054
v 59.80304337 -21.35107613 51.50040054
v 57.94348145 -25.97705460 51.50040054
v 25.97763443 57.94287109 51.50040054
v 21.35138512 59.80297852 51.50040054
v 16.59349442 61.29395294 51.50040054
v 11.73329449 62.40698242 51.50040054
v 6.80075598 63.13500977 51.50040054
v 1.82629275 63.47388458 51.50040054
v -3.15942907 63.42089844 51.50040054
v -8.12566948 62.97778320 51.50040054
v -13.04180527 62.14600372 51.50040054
v -17.87755585 60.93090820 51.50040054
v -22.60306549 59.34082031 51.50040054
v -27.18921471 57.38378906 51.50040054
v -31.60773468 55.07398224 51.50040054
v -35.83138657 52.42481232 51.50040054
v -39.83411789 49.45191193 51.50040054
v -43.59125519 46.17382812 51.50040054
v -47.07964706 42.61083984 51.50040054
v -50.27777863 38.78588867 51.50040054
v -53.16591644 34.72191620 51.50040054
v -55.72627640 30.44286919 51.50040054
v -15.34587479 -61.61804199 51.50040054
v -29.11739540 -56.99304199 52.00040054
v -28.89532471 -56.54504395 51.50040054
v -41.26311874 -48.92211914 52.00040054
v -40.94472885 -48.53613281 51.50040054
v -51.26650620 -38.31104279 52.00040054
v -50.86858749 -38.00806046 51.50040054
v -58.60819626 -25.71106148 52.00040054
v -58.15171814 -25.50708199 51.50040054
v -62.90703583 -11.77612495 52.00040054
v -62.41604614 -11.68213177 51.50040054
v -63.93981934 2.77001953 52.00040054
v -63.44019699 2.75000000 51.50040054
v -61.65290833 17.17186928 52.00040054
v -15.45991516 -62.10510254 52.00040054
v -5.82479429 -63.23206329 51.50040054
v -10.61606503 -62.60607910 51.50040054
v -19.98683548 -60.27208710 51.50040054
v -24.51203537 -58.57813263 51.50040054
v -33.11128616 -54.18408203 51.50040054
v -37.13551712 -51.50916290 51.50040054
v -44.51684570 -45.28211212 51.50040054
v -47.83119583 -41.76612091 51.50040054
v -53.61141586 -34.03015137 51.50040054
v -56.04382706 -29.85510063 51.50040054
v -59.92288589 -21.01111031 51.50040054
v -61.34707642 -16.39404488 51.50040054
v -63.12360764 -6.90210056 51.50040054
v -63.46564865 -2.08203030 51.50040054
v -63.04740524 7.56591988 51.50040054
v -62.28954697 12.33788872 51.50040054
v -56.16506577 30.68285942 52.00040054
v -61.17100525 17.03882027 51.50040054
v -59.69826889 21.64087105 51.50040054
v -57.87984848 26.11791801 51.50040054
v -20.13784599 -60.74915314 52.00040054
v -33.36702728 -54.61414337 52.00040054
v -44.86383820 -45.64208984 52.00040054
v -54.03137589 -34.30213165 52.00040054
v -60.39366531 -21.18005562 52.00040054
v -63.62038803 -6.95801067 52.00040054
v -63.54402542 7.62401962 52.00040054
v -60.16852570 21.81078911 52.00040054
v -47.69637680 42.67285156 52.00040054
v 47.86225128 42.48779297 52.00040054
v 56.28429413 30.46483803 52.00040054
v 61.74526215 16.83885765 52.00040054
v 63.95789337 2.32689857 52.00040054
v 62.80575180 -12.30713177 52.00040054
v -40.62330627 49.45386505 52.00040054
v 28.86171532 -57.12304688 52.00040054
v 24.29195404 -58.67004395 51.50040054
v 15.32093525 -62.13903809 52.00040054
v 19.95639420 -60.80908203 52.00040054
v 32.82590485 -54.35706329 51.50040054
v 28.64022446 -56.67504883 51.50040054
v 24.47853470 -59.13416290 52.00040054
v 15.32093525 -62.13903809 52.00040054
v 19.80579567 -60.33215332 51.50040054
v 15.20719528 -61.65209961 51.50040054
v 1.00021386 -63.99207306 52.00040054
v 5.81585884 -63.73510742 52.00040054
v 10.52229500 -62.62207031 51.50040054
v 10.59847450 -63.11608887 52.00040054
v 50.92095184 -38.77014160 52.00040054
v 55.72671127 -30.44409180 51.50040054
v 53.69566345 -34.82508087 52.00040054
v 56.16549301 -30.68310928 52.00040054
v 57.94348145 -25.97705460 51.50040054
v -33.87643814 -0.99414062 14.00000191
v -34.41897583 -1.38306046 14.00000191
v -34.41897583 -1.38306046 8.00000000
v -33.87643814 -0.99414062 8.00000000
v -34.41897583 -1.38306046 14.00000191
v -35.07654572 -1.49805069 14.00000191
v -34.41897583 -1.38306046 8.00000000
v -35.07654572 -1.49805069 8.00000000
v -35.07654572 -1.49805069 14.00000191
v -35.71892548 -1.31714058 14.00000191
v -35.07654572 -1.49805069 8.00000000
v -35.71892548 -1.31714058 8.00000000
v -33.55638885 -0.40820122 14.00000191
v -33.87643814 -0.99414062 14.00000191
v -33.87643814 -0.99414062 8.00000000
v -33.55638885 -0.40820122 8.00000000
v -33.52222824 0.25780869 14.00000191
v -33.55638885 -0.40820122 14.00000191
v -33.55638885 -0.40820122 8.00000000
v -33.52222824 0.25780869 8.00000000
v -33.78070831 0.87401962 14.00000191
v -33.52222824 0.25780869 14.00000191
v -33.52222824 0.25780869 8.00000000
v -33.78070831 0.87401962 8.00000000
v -33.78070831 0.87401962 14.00000191
v -34.28064728 1.31591988 14.00000191
v -33.78070831 0.87401962 8.00000000
v -34.28064728 1.31591988 8.00000000
v -36.12312698 0.99390030 14.00000191
v -35.58058548 1.38280869 14.00000191
v -35.58058548 1.38280869 8.00000000
v -36.12312698 0.99390030 8.00000000
v -35.58058548 1.38280869 14.00000191
v -34.92301559 1.49779892 14.00000191
v -35.58058548 1.38280869 8.00000000
v -34.92301559 1.49779892 8.00000000
v -34.92301559 1.49779892 14.00000191
v -34.28064728 1.31591988 14.00000191
v -34.28064728 1.31591988 8.00000000
v -34.92301559 1.49779892 8.00000000
v -36.12312698 0.99390030 14.00000191
v -36.44317627 0.40795898 14.00000191
v -36.12312698 0.99390030 8.00000000
v -36.44317627 0.40795898 8.00000000
v -36.47733688 -0.25903130 14.00000191
v -36.44317627 0.40795898 14.00000191
v -36.44317627 0.40795898 8.00000000
v -36.47733688 -0.25903130 8.00000000
v -36.21885681 -0.87401962 14.00000191
v -36.47733688 -0.25903130 14.00000191
v -36.47733688 -0.25903130 8.00000000
v -36.21885681 -0.87401962 8.00000000
v -35.71892548 -1.31714058 14.00000191
v -36.21885681 -0.87401962 14.00000191
v -35.71892548 -1.31714058 8.00000000
v -36.21885681 -0.87401962 8.00000000
v 13.95023537 -74.34606934 21.06030464
v 14.41075516 -74.34606934 20.62100410
v 13.95023537 -72.50208282 21.06030464
v 14.41075516 -72.50208282 20.62100410
v 13.77106476 -74.34606934 21.67100716
v 13.95023537 -74.34606934 21.06030464
v 13.95023537 -72.50208282 21.06030464
v 13.77106476 -72.50208282 21.67100716
v 13.77106476 -74.34606934 21.67100716
v 13.92123508 -74.34606934 22.28950691
v 13.92123508 -72.50208282 22.28950691
v 13.77106476 -72.50208282 21.67100716
v 15.02923489 -74.34606934 20.47090340
v 14.41075516 -74.34606934 20.62100410
v 14.41075516 -72.50208282 20.62100410
v 15.02923489 -72.50208282 20.47090340
v 15.63992500 -74.34606934 20.65010262
v 15.02923489 -74.34606934 20.47090340
v 15.02923489 -72.50208282 20.47090340
v 15.63992500 -72.50208282 20.65010262
v 16.07919502 -74.34606934 21.11059761
v 15.63992500 -74.34606934 20.65010262
v 16.07919502 -72.50208282 21.11059761
v 15.63992500 -72.50208282 20.65010262
v 16.05018425 -72.50208282 22.33970833
v 16.22936440 -72.50208282 21.72900581
v 16.07919502 -72.50208282 21.11059761
v 15.58967495 -72.50208282 22.77900887
v 14.97119522 -72.50208282 22.92920113
v 14.36050510 -72.50208282 22.75000191
v 13.92123508 -72.50208282 22.28950691
v 13.95023537 -72.50208282 21.06030464
v 13.77106476 -72.50208282 21.67100716
v 14.41075516 -72.50208282 20.62100410
v 15.02923489 -72.50208282 20.47090340
v 15.63992500 -72.50208282 20.65010262
v 15.00020504 -71.79212189 21.69999886
v -16.04976463 -74.34606934 21.06030464
v -15.58923531 -74.34606934 20.62100410
v -16.04976463 -72.50208282 21.06030464
v -15.58923531 -72.50208282 20.62100410
v -16.22893524 -74.34606934 21.67100716
v -16.04976463 -74.34606934 21.06030464
v -16.04976463 -72.50208282 21.06030464
v -16.22893524 -72.50208282 21.67100716
v -16.22893524 -74.34606934 21.67100716
v -16.07877541 -74.34606934 22.28950691
v -16.07877541 -72.50208282 22.28950691
v -16.22893524 -72.50208282 21.67100716
v -14.97076511 -74.34606934 20.47090340
v -15.58923531 -74.34606934 20.62100410
v -15.58923531 -72.50208282 20.62100410
v -14.97076511 -72.50208282 20.47090340
v -14.36007500 -74.34606934 20.65010262
v -14.97076511 -74.34606934 20.47090340
v -14.97076511 -72.50208282 20.47090340
v -14.36007500 -72.50208282 20.65010262
v -13.92079544 -74.34606934 21.11059761
v -14.36007500 -74.34606934 20.65010262
v -13.92079544 -72.50208282 21.11059761
v -14.36007500 -72.50208282 20.65010262
v -13.94980526 -72.50208282 22.33970833
v -13.77062511 -72.50208282 21.72900581
v -13.92079544 -72.50208282 21.11059761
v -14.41032505 -72.50208282 22.77900887
v -15.02879524 -72.50208282 22.92920113
v -15.63948536 -72.50208282 22.75000191
v -16.07877541 -72.50208282 22.28950691
v -16.04976463 -72.50208282 21.06030464
v -16.22893524 -72.50208282 21.67100716
v -15.58923531 -72.50208282 20.62100410
v -14.97076511 -72.50208282 20.47090340
v -14.36007500 -72.50208282 20.65010262
v -14.99978542 -71.79212189 21.69999886
v -34.41897583 -1.38306046 8.00000000
v -35.07654572 -1.49805069 8.00000000
v -35.71892548 -1.31714058 8.00000000
v -33.87643814 -0.99414062 8.00000000
v -35.58923721 -1.07909966 7.84389973
v -36.04975510 -0.64014053 7.84389973
v -35.71892548 -1.31714058 8.00000000
v -36.12312698 0.99390030 8.00000000
v -36.44317627 0.40795898 8.00000000
v -36.47733688 -0.25903130 8.00000000
v -36.21885681 -0.87401962 8.00000000
v -35.63948822 1.04979897 7.84389973
v -36.07876587 0.58886909 7.84389973
v -34.28064728 1.31591988 8.00000000
v -35.58058548 1.38280869 8.00000000
v -34.92301559 1.49779892 8.00000000
v -36.12312698 0.99390030 8.00000000
v -34.41032791 1.07885933 7.84389973
v -33.94980621 0.63988876 7.84389973
v -33.92079544 -0.59008980 7.84389973
v -34.36007690 -1.05005074 6.00000000
v -34.36007690 -1.05005074 7.84389973
v -33.92079544 -0.59008980 6.00000000
v -34.36007690 -1.05005074 6.00000000
v -34.36007690 -1.05005074 7.84389973
v -34.97077560 -1.22900009 6.00000000
v -34.97077560 -1.22900009 7.84389973
v -35.58923721 -1.07909966 7.84389973
v -34.97077560 -1.22900009 6.00000000
v -34.97077560 -1.22900009 7.84389973
v -35.58923721 -1.07909966 6.00000000
v -33.92079544 -0.59008980 7.84389973
v -33.92079544 -0.59008980 6.00000000
v -33.77062607 0.02880859 7.84389973
v -33.77062607 0.02880859 6.00000000
v -33.77062607 0.02880859 7.84389973
v -33.77062607 0.02880859 6.00000000
v -33.94980621 0.63988876 7.84389973
v -33.94980621 0.63988876 6.00000000
v -34.41032791 1.07885933 7.84389973
v -33.94980621 0.63988876 7.84389973
v -33.94980621 0.63988876 6.00000000
v -34.41032791 1.07885933 6.00000000
v -35.63948822 1.04979897 7.84389973
v -36.07876587 0.58886909 7.84389973
v -35.63948822 1.04979897 6.00000000
v -36.07876587 0.58886909 6.00000000
v -35.02879715 1.22900009 7.84389973
v -35.63948822 1.04979897 7.84389973
v -35.63948822 1.04979897 6.00000000
v -35.02879715 1.22900009 6.00000000
v -35.02879715 1.22900009 7.84389973
v -34.41032791 1.07885933 7.84389973
v -34.41032791 1.07885933 6.00000000
v -35.02879715 1.22900009 6.00000000
v -36.22893524 -0.02905083 7.84389973
v -36.07876587 0.58886909 7.84389973
v -36.07876587 0.58886909 6.00000000
v -36.22893524 -0.02905083 6.00000000
v -36.04975510 -0.64014053 7.84389973
v -36.22893524 -0.02905083 7.84389973
v -36.22893524 -0.02905083 6.00000000
v -36.04975510 -0.64014053 6.00000000
v -35.58923721 -1.07909966 7.84389973
v -36.04975510 -0.64014053 7.84389973
v -35.58923721 -1.07909966 6.00000000
v -36.04975510 -0.64014053 6.00000000
v -34.36007690 -1.05005074 6.00000000
v -34.97077560 -1.22900009 6.00000000
v -35.58923721 -1.07909966 6.00000000
v -33.92079544 -0.59008980 6.00000000
v -33.77062607 0.02880859 6.00000000
v -33.94980621 0.63988876 6.00000000
v -34.41032791 1.07885933 6.00000000
v -35.63948822 1.04979897 6.00000000
v -35.02879715 1.22900009 6.00000000
v -36.07876587 0.58886909 6.00000000
v -36.22893524 -0.02905083 6.00000000
v -36.04975510 -0.64014053 6.00000000
v -34.99978638 0.00000000 5.29021072
v -33.87643814 -0.99414062 8.00000000
v -33.55638885 -0.40820122 8.00000000
v -33.52222824 0.25780869 8.00000000
v -33.78070831 0.87401962 8.00000000
v -34.28064728 1.31591988 8.00000000
v -33.92079544 -0.59008980 7.84389973
v -34.36007690 -1.05005074 7.84389973
v -48.90050888 3.11791992 37.00040054
v 43.00175476 -23.49206734 37.00040054
v -3.11739397 -48.90113068 37.00040054
v 1.15644693 -48.98609161 37.00040054
v 39.46429443 29.04491997 37.00040054
v 48.98656464 1.15600967 37.00040054
v 13.79565525 -47.01807022 37.00040054
v -15.66759491 -46.42810059 37.00040054
v -41.84509659 -25.49511909 37.00040054
v 48.69939423 5.42090034 37.00040054
v 48.04158401 9.64501953 37.00040054
v 41.84552383 25.49389076 37.00040054
v 43.90829468 21.74999809 37.00040054
v 48.90094376 -3.11817074 37.00040054
v 44.88557434 -19.65515327 37.00040054
v 40.79068375 -27.15014839 37.00040054
v 38.26915359 -30.60205078 37.00040054
v 35.45637131 -33.82105255 37.00040054
v 21.75065422 -43.90808105 37.00040054
v 25.49472427 -41.84509277 37.00040054
v -43.00132751 23.49193764 37.00040054
v -44.88514709 19.65477943 37.00040054
v -48.98613739 -1.15600967 37.00040054
v -48.69895554 -5.42114067 37.00040054
v -48.04114532 -9.64502144 37.00040054
v -39.46386719 -29.04505157 37.00040054
v -19.65441513 -44.88513184 37.00040054
v -23.49164581 -43.00208282 37.00040054
v -21.75021553 43.90795898 37.00040054
v -25.49429512 41.84497070 37.00040054
v -40.79024887 27.14990044 37.00040054
v -38.26871872 30.60180092 37.00040054
v -1.15601826 48.98583984 37.00040054
v -5.42106104 48.69898224 37.00040054
v -17.84061432 45.63696289 37.00040054
v -13.79522514 47.01782227 37.00040054
v -47.61622620 11.56200981 37.00040054
v -48.44270706 7.36791992 37.00040054
v 3.11782503 48.90087891 37.00040054
v 7.36793900 48.44287109 37.00040054
v 11.56197453 47.61597443 37.00040054
v 15.66802502 46.42797852 37.00040054
v 19.65484428 44.88500977 37.00040054
v 23.49207497 43.00195312 37.00040054
v 27.15050507 40.78978729 37.00040054
v 30.60231400 38.26879883 37.00040054
v 33.82122421 35.45581055 37.00040054
v 36.78273392 32.37280273 37.00040054
v 47.01815414 13.79491997 37.00040054
v 45.63687134 17.84081841 37.00040054
v 48.44313431 -7.36817074 37.00040054
v 47.61666489 -11.56213665 37.00040054
v 46.42778397 -15.66809368 37.00040054
v 32.37376404 -36.78308105 37.00040054
v 29.04475403 -39.46411133 37.00040054
v 17.84103584 -45.63709259 37.00040054
v 5.42148781 -48.69910049 37.00040054
v 9.64527321 -48.04113770 37.00040054
v -46.42735672 15.66797066 37.00040054
v -47.01771545 -13.79614544 37.00040054
v -45.63644791 -17.84106636 37.00040054
v -43.90785599 -21.75110054 37.00040054
v -36.78229523 -32.37414932 37.00040054
v -33.82078552 -35.45606232 37.00040054
v -30.60187531 -38.26905060 37.00040054
v -27.15008545 -40.79113770 37.00040054
v -11.56154537 -47.61608887 37.00040054
v -7.36751032 -48.44312286 37.00040054
v -29.04434586 39.46385956 37.00040054
v -32.37332535 36.78198242 37.00040054
v -35.45594788 33.82080078 37.00040054
v -9.64484406 48.04102325 37.00040054
v 23.49207497 43.00195312 46.70030212
v 27.15050507 40.78978729 46.70030212
v 30.60231400 38.26879883 46.70030212
v 33.82122421 35.45581055 46.70030212
v 36.78273392 32.37280273 46.70030212
v 39.46429443 29.04491997 46.70030212
v 41.84552383 25.49389076 46.70030212
v 43.90829468 21.74999809 46.70030212
v 45.63687134 17.84081841 46.70030212
v 47.01815414 13.79491997 46.70030212
v 48.04158401 9.64501953 46.70030212
v 48.69939423 5.42090034 46.70030212
v 48.98656464 1.15600967 46.70030212
v 48.90094376 -3.11817074 46.70030212
v 48.44313431 -7.36817074 46.70030212
v 47.61666489 -11.56213665 46.70030212
v 46.42778397 -15.66809368 46.70030212
v 44.88557434 -19.65515327 46.70030212
v 43.00175476 -23.49206734 46.70030212
v 19.65484428 44.88500977 46.70030212
v 15.66802502 46.42797852 46.70030212
v 11.56197453 47.61597443 46.70030212
v 7.36793900 48.44287109 46.70030212
v 3.11782503 48.90087891 46.70030212
v -1.15601826 48.98583984 46.70030212
v -5.42106104 48.69898224 46.70030212
v -9.64484406 48.04102325 46.70030212
v -13.79522514 47.01782227 46.70030212
v -17.84061432 45.63696289 46.70030212
v -21.75021553 43.90795898 46.70030212
v -25.49429512 41.84497070 46.70030212
v -29.04434586 39.46385956 46.70030212
v -32.37332535 36.78198242 46.70030212
v -35.45594788 33.82080078 46.70030212
v -38.26871872 30.60180092 46.70030212
v -40.79024887 27.14990044 46.70030212
v -43.00132751 23.49193764 46.70030212
v -23.49164581 -43.00208282 46.70030212
v -27.15008545 -40.79113770 46.70030212
v -30.60187531 -38.26905060 46.70030212
v -33.82078552 -35.45606232 46.70030212
v -36.78229523 -32.37414932 46.70030212
v -39.46386719 -29.04505157 46.70030212
v -41.84509659 -25.49511909 46.70030212
v -43.90785599 -21.75110054 46.70030212
v -45.63644791 -17.84106636 46.70030212
v -47.01771545 -13.79614544 46.70030212
v -48.04114532 -9.64502144 46.70030212
v -48.69895554 -5.42114067 46.70030212
v -48.98613739 -1.15600967 46.70030212
v -48.90050888 3.11791992 46.70030212
v -48.44270706 7.36791992 46.70030212
v -47.61622620 11.56200981 46.70030212
v -46.42735672 15.66797066 46.70030212
v -44.88514709 19.65477943 46.70030212
v -19.65441513 -44.88513184 46.70030212
v -15.66759491 -46.42810059 46.70030212
v -11.56154537 -47.61608887 46.70030212
v -7.36751032 -48.44312286 46.70030212
v -3.11739397 -48.90113068 46.70030212
v 1.15644693 -48.98609161 46.70030212
v 5.42148781 -48.69910049 46.70030212
v 9.64527321 -48.04113770 46.70030212
v 13.79565525 -47.01807022 46.70030212
v 17.84103584 -45.63709259 46.70030212
v 21.75065422 -43.90808105 46.70030212
v 25.49472427 -41.84509277 46.70030212
v 29.04475403 -39.46411133 46.70030212
v 32.37376404 -36.78308105 46.70030212
v 35.45637131 -33.82105255 46.70030212
v 38.26915359 -30.60205078 46.70030212
v 40.79068375 -27.15014839 46.70030212
v -43.26460648 23.63598061 47.00040054
v -35.67302704 34.02783203 47.00040054
v 47.90818405 -11.63305950 47.00040054
v 43.26503372 -23.63611031 47.00040054
v 49.28648376 1.16283989 47.00040054
v 47.30601120 13.87987900 47.00040054
v 42.10171127 25.64990044 47.00040054
v 34.02829361 35.67285156 47.00040054
v 23.63588524 43.26489258 47.00040054
v 11.63276482 47.90795898 47.00040054
v -1.16309822 49.28588867 47.00040054
v -13.87967491 47.30590820 47.00040054
v -25.65037537 42.10083008 47.00040054
v 35.67345428 -34.02807999 47.00040054
v -47.90775681 11.63183975 47.00040054
v -49.28605652 -1.16308975 47.00040054
v -47.30557632 -13.88012886 47.00040054
v -42.10129547 -25.65112495 47.00040054
v -34.02785873 -35.67310333 47.00040054
v -23.63547516 -43.26514053 47.00040054
v -11.63234520 -47.90808105 47.00040054
v 1.16352582 -49.28613281 47.00040054
v 13.88011456 -47.30615234 47.00040054
v 25.65081406 -42.10205078 47.00040054
v 28.24593544 -45.70410156 37.00040054
v 27.45144463 -45.56507111 37.00040054
v 27.45144463 -45.56507111 47.00040054
v 28.24593544 -45.70410156 47.00040054
v 28.24593544 -45.70410156 37.00040054
v 28.92691422 -46.13610840 37.00040054
v 28.24593544 -45.70410156 47.00040054
v 28.92691422 -46.13610840 47.00040054
v 29.39068413 -46.79614258 37.00040054
v 28.92691422 -46.13610840 37.00040054
v 28.92691422 -46.13610840 47.00040054
v 29.39068413 -46.79614258 47.00040054
v 29.56663513 -47.58312988 37.00040054
v 29.39068413 -46.79614258 37.00040054
v 29.56663513 -47.58312988 47.00040054
v 29.39068413 -46.79614258 47.00040054
v 26.66437531 -45.74108887 37.00040054
v 27.45144463 -45.56507111 37.00040054
v 27.45144463 -45.56507111 47.00040054
v 26.66437531 -45.74108887 47.00040054
v 26.66437531 -45.74108887 37.00040054
v 26.00454521 -46.20507812 37.00040054
v 26.66437531 -45.74108887 47.00040054
v 26.00454521 -46.20507812 47.00040054
v 26.00454521 -46.20507812 37.00040054
v 25.57242584 -46.88610840 37.00040054
v 26.00454521 -46.20507812 47.00040054
v 25.57242584 -46.88610840 47.00040054
v 25.43379402 -47.68006134 37.00040054
v 25.57242584 -46.88610840 37.00040054
v 25.43379402 -47.68006134 47.00040054
v 25.57242584 -46.88610840 47.00040054
v 47.31353378 -25.45813179 37.00040054
v 46.55616379 -25.73510933 37.00040054
v 46.55616379 -25.73510933 47.00040054
v 47.31353378 -25.45813179 47.00040054
v 48.11933136 -25.49109077 37.00040054
v 47.31353378 -25.45813179 37.00040054
v 47.31353378 -25.45813179 47.00040054
v 48.11933136 -25.49109077 47.00040054
v 48.11933136 -25.49109077 37.00040054
v 48.85088348 -25.83105659 37.00040054
v 48.11933136 -25.49109077 47.00040054
v 48.85088348 -25.83105659 47.00040054
v 49.39680481 -26.42505264 37.00040054
v 48.85088348 -25.83105659 37.00040054
v 49.39680481 -26.42505264 47.00040054
v 48.85088348 -25.83105659 47.00040054
v 46.55616379 -25.73510933 37.00040054
v 45.96250153 -26.28113174 37.00040054
v 46.55616379 -25.73510933 47.00040054
v 45.96250153 -26.28113174 47.00040054
v 45.96250153 -26.28113174 37.00040054
v 45.62297440 -27.01208878 37.00040054
v 45.96250153 -26.28113174 47.00040054
v 45.62297440 -27.01208878 47.00040054
v 45.62297440 -27.01208878 37.00040054
v 45.58923340 -27.81811714 37.00040054
v 45.62297440 -27.01208878 47.00040054
v 45.58923340 -27.81811714 47.00040054
v 45.58923340 -27.81811714 37.00040054
v 45.86642456 -28.57506943 37.00040054
v 45.86642456 -28.57506943 47.00040054
v 45.58923340 -27.81811714 47.00040054
v 53.70356369 1.60985947 37.00040054
v 53.18624115 0.99096870 37.00040054
v 53.18624115 0.99096870 47.00040054
v 53.70356369 1.60985947 47.00040054
v 54.41827393 1.98291016 37.00040054
v 53.70356369 1.60985947 37.00040054
v 53.70356369 1.60985947 47.00040054
v 54.41827393 1.98291016 47.00040054
v 54.41827393 1.98291016 37.00040054
v 55.22157288 2.05492973 37.00040054
v 54.41827393 1.98291016 47.00040054
v 55.22157288 2.05492973 47.00040054
v 55.99119186 1.81395912 37.00040054
v 55.22157288 2.05492973 37.00040054
v 55.99119186 1.81395912 47.00040054
v 55.22157288 2.05492973 47.00040054
v 53.18624115 0.99096870 37.00040054
v 52.94510269 0.22094917 37.00040054
v 53.18624115 0.99096870 47.00040054
v 52.94510269 0.22094917 47.00040054
v 52.94510269 0.22094917 37.00040054
v 53.01683426 -0.58203125 37.00040054
v 52.94510269 0.22094917 47.00040054
v 53.01683426 -0.58203125 47.00040054
v 53.01683426 -0.58203125 37.00040054
v 53.39049149 -1.29712105 37.00040054
v 53.01683426 -0.58203125 47.00040054
v 53.39049149 -1.29712105 47.00040054
v 53.39049149 -1.29712105 37.00040054
v 54.00924301 -1.81421089 37.00040054
v 54.00924301 -1.81421089 47.00040054
v 53.39049149 -1.29712105 47.00040054
v 45.70381165 28.24584770 37.00040054
v 45.56519318 27.45092964 37.00040054
v 45.56519318 27.45092964 47.00040054
v 45.70381165 28.24584770 47.00040054
v 46.13594437 28.92700005 37.00040054
v 45.70381165 28.24584770 37.00040054
v 45.70381165 28.24584770 47.00040054
v 46.13594437 28.92700005 47.00040054
v 46.79576111 29.38989067 37.00040054
v 46.13594437 28.92700005 37.00040054
v 46.13594437 28.92700005 47.00040054
v 46.79576111 29.38989067 47.00040054
v 47.58284378 29.56591988 37.00040054
v 46.79576111 29.38989067 37.00040054
v 47.58284378 29.56591988 47.00040054
v 46.79576111 29.38989067 47.00040054
v 45.56519318 27.45092964 37.00040054
v 45.74115372 26.66382027 37.00040054
v 45.56519318 27.45092964 47.00040054
v 45.74115372 26.66382027 47.00040054
v 45.74115372 26.66382027 37.00040054
v 46.20492172 26.00390053 37.00040054
v 45.74115372 26.66382027 47.00040054
v 46.20492172 26.00390053 47.00040054
v 46.20492172 26.00390053 37.00040054
v 46.88589478 25.57201958 37.00040054
v 46.20492172 26.00390053 47.00040054
v 46.88589478 25.57201958 47.00040054
v 46.88589478 25.57201958 37.00040054
v 47.68039322 25.43285942 37.00040054
v 47.68039322 25.43285942 47.00040054
v 46.88589478 25.57201958 47.00040054
v 25.45782471 47.31298828 37.00040054
v 25.73503494 46.55590820 37.00040054
v 25.73503494 46.55590820 47.00040054
v 25.45782471 47.31298828 47.00040054
v 25.49158478 48.11890411 37.00040054
v 25.45782471 47.31298828 37.00040054
v 25.45782471 47.31298828 47.00040054
v 25.49158478 48.11890411 47.00040054
v 25.83112526 48.85083008 37.00040054
v 25.49158478 48.11890411 37.00040054
v 25.49158478 48.11890411 47.00040054
v 25.83112526 48.85083008 47.00040054
v 26.42476463 49.39697266 37.00040054
v 25.83112526 48.85083008 37.00040054
v 26.42476463 49.39697266 47.00040054
v 25.83112526 48.85083008 47.00040054
v 25.73503494 46.55590820 37.00040054
v 26.28095436 45.96190643 37.00040054
v 25.73503494 46.55590820 47.00040054
v 26.28095436 45.96190643 47.00040054
v 26.28095436 45.96190643 37.00040054
v 27.01250458 45.62280273 37.00040054
v 26.28095436 45.96190643 47.00040054
v 27.01250458 45.62280273 47.00040054
v 27.81829453 45.58885956 37.00040054
v 27.01250458 45.62280273 37.00040054
v 27.01250458 45.62280273 47.00040054
v 27.81829453 45.58885956 47.00040054
v 28.57567406 45.86595917 37.00040054
v 27.81829453 45.58885956 37.00040054
v 28.57567406 45.86595917 47.00040054
v 27.81829453 45.58885956 47.00040054
v -1.60949922 53.70288086 37.00040054
v -0.99075818 53.18579102 37.00040054
v -0.99075818 53.18579102 47.00040054
v -1.60949922 53.70288086 47.00040054
v -1.98317516 54.41796875 37.00040054
v -1.60949922 53.70288086 37.00040054
v -1.60949922 53.70288086 47.00040054
v -1.98317516 54.41796875 47.00040054
v -2.05489826 55.22095490 37.00040054
v -1.98317516 54.41796875 37.00040054
v -1.98317516 54.41796875 47.00040054
v -2.05489826 55.22095490 47.00040054
v -1.81374824 55.99097443 37.00040054
v -2.05489826 55.22095490 37.00040054
v -1.81374824 55.99097443 47.00040054
v -2.05489826 55.22095490 47.00040054
v -0.22115150 52.94483185 37.00040054
v -0.99075818 53.18579102 37.00040054
v -0.99075818 53.18579102 47.00040054
v -0.22115150 52.94483185 47.00040054
v 0.58215618 53.01586914 37.00040054
v -0.22115150 52.94483185 37.00040054
v -0.22115150 52.94483185 47.00040054
v 0.58215618 53.01586914 47.00040054
v 1.29686880 53.38989258 37.00040054
v 0.58215618 53.01586914 37.00040054
v 0.58215618 53.01586914 47.00040054
v 1.29686880 53.38989258 47.00040054
v 1.29686880 53.38989258 37.00040054
v 1.81417680 54.00878906 37.00040054
v 1.81417680 54.00878906 47.00040054
v 1.29686880 53.38989258 47.00040054
v -28.24551582 45.70288086 37.00040054
v -27.45101547 45.56494141 37.00040054
v -27.45101547 45.56494141 47.00040054
v -28.24551582 45.70288086 47.00040054
v -28.92647552 46.13599396 37.00040054
v -28.24551582 45.70288086 37.00040054
v -28.24551582 45.70288086 47.00040054
v -28.92647552 46.13599396 47.00040054
v -29.39024544 46.79589844 37.00040054
v -28.92647552 46.13599396 37.00040054
v -28.92647552 46.13599396 47.00040054
v -29.39024544 46.79589844 47.00040054
v -29.56621552 47.58300781 37.00040054
v -29.39024544 46.79589844 37.00040054
v -29.56621552 47.58300781 47.00040054
v -29.39024544 46.79589844 47.00040054
v -27.45101547 45.56494141 37.00040054
v -26.66394424 45.74095917 37.00040054
v -27.45101547 45.56494141 47.00040054
v -26.66394424 45.74095917 47.00040054
v -26.66394424 45.74095917 37.00040054
v -26.00411415 46.20484161 37.00040054
v -26.66394424 45.74095917 47.00040054
v -26.00411415 46.20484161 47.00040054
v -26.00411415 46.20484161 37.00040054
v -25.57198524 46.88599396 37.00040054
v -26.00411415 46.20484161 47.00040054
v -25.57198524 46.88599396 47.00040054
v -25.57198524 46.88599396 37.00040054
v -25.43335533 47.67993164 37.00040054
v -25.43335533 47.67993164 47.00040054
v -25.57198524 46.88599396 47.00040054
v -47.31309509 25.45800972 37.00040054
v -46.55572510 25.73485756 37.00040054
v -46.55572510 25.73485756 47.00040054
v -47.31309509 25.45800972 47.00040054
v -48.11889648 25.49096107 37.00040054
v -47.31309509 25.45800972 37.00040054
v -47.31309509 25.45800972 47.00040054
v -48.11889648 25.49096107 47.00040054
v -48.85044861 25.83080864 37.00040054
v -48.11889648 25.49096107 37.00040054
v -48.11889648 25.49096107 47.00040054
v -48.85044861 25.83080864 47.00040054
v -49.39636612 26.42383003 37.00040054
v -48.85044861 25.83080864 37.00040054
v -49.39636612 26.42383003 47.00040054
v -48.85044861 25.83080864 47.00040054
v -46.55572510 25.73485756 37.00040054
v -45.96208572 26.28100014 37.00040054
v -46.55572510 25.73485756 47.00040054
v -45.96208572 26.28100014 47.00040054
v -45.62254715 27.01196098 37.00040054
v -45.96208572 26.28100014 37.00040054
v -45.96208572 26.28100014 47.00040054
v -45.62254715 27.01196098 47.00040054
v -45.62254715 27.01196098 37.00040054
v -45.58879852 27.81786919 37.00040054
v -45.62254715 27.01196098 47.00040054
v -45.58879852 27.81786919 47.00040054
v -45.58879852 27.81786919 37.00040054
v -45.86598587 28.57494926 37.00040054
v -45.86598587 28.57494926 47.00040054
v -45.58879852 27.81786919 47.00040054
v -53.70312881 -1.61011124 37.00040054
v -53.18581772 -0.99121094 37.00040054
v -53.18581772 -0.99121094 47.00040054
v -53.70312881 -1.61011124 47.00040054
v -53.70312881 -1.61011124 37.00040054
v -54.41783524 -1.98413086 37.00040054
v -53.70312881 -1.61011124 47.00040054
v -54.41783524 -1.98413086 47.00040054
v -55.22114563 -2.05518055 37.00040054
v -54.41783524 -1.98413086 37.00040054
v -54.41783524 -1.98413086 47.00040054
v -55.22114563 -2.05518055 47.00040054
v -55.99075699 -1.81421089 37.00040054
v -55.22114563 -2.05518055 37.00040054
v -55.99075699 -1.81421089 47.00040054
v -55.22114563 -2.05518055 47.00040054
v -53.18581772 -0.99121094 37.00040054
v -52.94467545 -0.22119141 37.00040054
v -53.18581772 -0.99121094 47.00040054
v -52.94467545 -0.22119141 47.00040054
v -52.94467545 -0.22119141 37.00040054
v -53.01639557 0.58178902 37.00040054
v -52.94467545 -0.22119141 47.00040054
v -53.01639557 0.58178902 47.00040054
v -53.01639557 0.58178902 37.00040054
v -53.39006805 1.29590034 37.00040054
v -53.01639557 0.58178902 47.00040054
v -53.39006805 1.29590034 47.00040054
v -54.00880814 1.81395912 37.00040054
v -53.39006805 1.29590034 37.00040054
v -54.00880814 1.81395912 47.00040054
v -53.39006805 1.29590034 47.00040054
v -45.70338821 -28.24608994 37.00040054
v -45.56475830 -27.45105362 37.00040054
v -45.56475830 -27.45105362 47.00040054
v -45.70338821 -28.24608994 47.00040054
v -46.13550568 -28.92713165 37.00040054
v -45.70338821 -28.24608994 37.00040054
v -45.70338821 -28.24608994 47.00040054
v -46.13550568 -28.92713165 47.00040054
v -46.13550568 -28.92713165 37.00040054
v -46.79532623 -29.39110947 37.00040054
v -46.13550568 -28.92713165 47.00040054
v -46.79532623 -29.39110947 47.00040054
v -46.79532623 -29.39110947 37.00040054
v -47.58240509 -29.56714058 37.00040054
v -47.58240509 -29.56714058 47.00040054
v -46.79532623 -29.39110947 47.00040054
v -45.56475830 -27.45105362 37.00040054
v -45.74071884 -26.66406441 37.00040054
v -45.56475830 -27.45105362 47.00040054
v -45.74071884 -26.66406441 47.00040054
v -45.74071884 -26.66406441 37.00040054
v -46.20448685 -26.00415230 37.00040054
v -45.74071884 -26.66406441 47.00040054
v -46.20448685 -26.00415230 47.00040054
v -46.88545609 -25.57214546 37.00040054
v -46.20448685 -26.00415230 37.00040054
v -46.20448685 -26.00415230 47.00040054
v -46.88545609 -25.57214546 47.00040054
v -47.67995834 -25.43408394 37.00040054
v -46.88545609 -25.57214546 37.00040054
v -47.67995834 -25.43408394 47.00040054
v -46.88545609 -25.57214546 47.00040054
v -25.73460579 -46.55615234 37.00040054
v -25.45741463 -47.31311035 37.00040054
v -25.73460579 -46.55615234 47.00040054
v -25.45741463 -47.31311035 47.00040054
v -25.45741463 -47.31311035 37.00040054
v -25.49115562 -48.11914062 37.00040054
v -25.45741463 -47.31311035 47.00040054
v -25.49115562 -48.11914062 47.00040054
v -25.49115562 -48.11914062 37.00040054
v -25.83069420 -48.85108185 37.00040054
v -25.49115562 -48.11914062 47.00040054
v -25.83069420 -48.85108185 47.00040054
v -26.42433548 -49.39710236 37.00040054
v -25.83069420 -48.85108185 37.00040054
v -26.42433548 -49.39710236 47.00040054
v -25.83069420 -48.85108185 47.00040054
v -26.28052521 -45.96203995 37.00040054
v -25.73460579 -46.55615234 37.00040054
v -25.73460579 -46.55615234 47.00040054
v -26.28052521 -45.96203995 47.00040054
v -26.28052521 -45.96203995 37.00040054
v -27.01207542 -45.62305069 37.00040054
v -26.28052521 -45.96203995 47.00040054
v -27.01207542 -45.62305069 47.00040054
v -27.01207542 -45.62305069 37.00040054
v -27.81786537 -45.58911133 37.00040054
v -27.01207542 -45.62305069 47.00040054
v -27.81786537 -45.58911133 47.00040054
v -27.81786537 -45.58911133 37.00040054
v -28.57523537 -45.86608887 37.00040054
v -28.57523537 -45.86608887 47.00040054
v -27.81786537 -45.58911133 47.00040054
v -40.79024887 27.14990044 46.70030212
v -43.00132751 23.49193764 46.70030212
v -43.26460648 23.63598061 47.00040054
v -45.15994644 19.77490044 47.00040054
v -32.37332535 36.78198242 46.70030212
v -35.45594788 33.82080078 46.70030212
v -35.67302704 34.02783203 47.00040054
v -38.50302887 30.78882027 47.00040054
v -49.52163696 -28.33605957 47.00040054
v -49.69760513 -27.54907417 47.00040054
v -49.55897522 -26.75415230 47.00040054
v -49.12684631 -26.07312393 47.00040054
v -48.46702576 -25.61010933 47.00040054
v -47.67995834 -25.43408394 47.00040054
v -49.05787659 -28.99608994 47.00040054
v -48.37690735 -29.42810059 47.00040054
v -47.58240509 -29.56714058 47.00040054
v -57.05489731 0.22094917 47.00040054
v -56.81374741 0.99096870 47.00040054
v -56.29643631 1.60985947 47.00040054
v -55.58172607 1.98291016 47.00040054
v -54.77841568 2.05492973 47.00040054
v -54.00880814 1.81395912 47.00040054
v -56.98316574 -0.58203125 47.00040054
v -56.60949707 -1.29712105 47.00040054
v -55.99075699 -1.81421089 47.00040054
v 49.30070114 -28.71912003 47.00040054
v 48.70705414 -29.26514053 47.00040054
v 47.94968414 -29.54309082 47.00040054
v 47.14388275 -29.50916100 47.00040054
v 46.41235352 -29.16907120 47.00040054
v 45.86642456 -28.57506943 47.00040054
v 49.64024353 -27.98804092 47.00040054
v 49.67398453 -27.18213272 47.00040054
v 49.39680481 -26.42505264 47.00040054
v 28.33606529 -49.52210236 47.00040054
v 27.54899406 -49.69812012 47.00040054
v 26.75448418 -49.55908203 47.00040054
v 26.07352448 -49.12708282 47.00040054
v 25.60975456 -48.46704102 47.00040054
v 25.43379402 -47.68006134 47.00040054
v 28.99589539 -49.05811310 47.00040054
v 29.42801476 -48.37708282 47.00040054
v 29.56663513 -47.58312988 47.00040054
v -0.22115150 -57.05505371 47.00040054
v -0.99075818 -56.81408691 47.00040054
v -1.60949922 -56.29711914 47.00040054
v -1.98317516 -55.58215332 47.00040054
v -2.05489826 -54.77905273 47.00040054
v -1.81374824 -54.00916290 47.00040054
v 0.58215618 -56.98315430 47.00040054
v 1.29686880 -56.61010742 47.00040054
v 1.81417680 -55.99108887 47.00040054
v -28.71905518 -49.30115128 47.00040054
v -29.26497459 -48.70716095 47.00040054
v -29.54217529 -47.94910049 47.00040054
v -29.50842476 -47.14405060 47.00040054
v -29.16888428 -46.41210938 47.00040054
v -28.57523537 -45.86608887 47.00040054
v -27.98749542 -49.64014053 47.00040054
v -27.18170547 -49.67407227 47.00040054
v -26.42433548 -49.39710236 47.00040054
v -28.33563423 49.52197266 47.00040054
v -27.54855537 49.69799805 47.00040054
v -26.75406456 49.55883789 47.00040054
v -26.07309532 49.12695312 47.00040054
v -25.60932541 48.46680450 47.00040054
v -25.43335533 47.67993164 47.00040054
v -28.99546432 49.05786133 47.00040054
v -29.42758560 48.37695312 47.00040054
v -29.56621552 47.58300781 47.00040054
v 0.22157985 57.05493164 47.00040054
v 0.99118668 56.81397247 47.00040054
v 1.60992682 56.29589844 47.00040054
v 1.98360276 55.58179474 47.00040054
v 2.05532694 54.77880859 47.00040054
v 1.81417680 54.00878906 47.00040054
v -0.58172780 56.98291016 47.00040054
v -1.29644024 56.60986328 47.00040054
v -1.81374824 55.99097443 47.00040054
v 28.71948433 49.29981232 47.00040054
v 29.26540565 48.70679474 47.00040054
v 29.54258537 47.94898224 47.00040054
v 29.50884438 47.14379883 47.00040054
v 29.16931534 46.41187286 47.00040054
v 28.57567406 45.86595917 47.00040054
v 27.98793411 49.63989258 47.00040054
v 27.18213463 49.67382812 47.00040054
v 26.42476463 49.39697266 47.00040054
v 49.52207184 28.33592796 47.00040054
v 49.69804382 27.54883003 47.00040054
v 49.55939484 26.75390053 47.00040054
v 49.12728119 26.07299995 47.00040054
v 48.46746445 25.60888100 47.00040054
v 47.68039322 25.43285942 47.00040054
v 49.05830383 28.99584770 47.00040054
v 48.37732315 29.42798042 47.00040054
v 47.58284378 29.56591988 47.00040054
v 57.05531311 -0.22119141 47.00040054
v 56.81417465 -0.99121094 47.00040054
v 56.29687119 -1.61011124 47.00040054
v 55.58216476 -1.98413086 47.00040054
v 54.77884293 -2.05518055 47.00040054
v 54.00924301 -1.81421089 47.00040054
v 56.98360443 0.58178902 47.00040054
v 56.60992432 1.29590034 47.00040054
v 55.99119186 1.81395912 47.00040054
v -49.30027771 28.71898842 47.00040054
v -48.70662689 29.26489067 47.00040054
v -47.94925690 29.54199028 47.00040054
v -47.14346695 29.50879097 47.00040054
v -46.41191864 29.16893959 47.00040054
v -45.86598587 28.57494926 47.00040054
v -49.63981628 27.98779106 47.00040054
v -49.67355728 27.18187904 47.00040054
v -49.39636612 26.42383003 47.00040054
v 23.49207497 43.00195312 46.70030212
v 33.82122421 35.45581055 46.70030212
v 41.84552383 25.49389076 46.70030212
v 47.01815414 13.79491997 46.70030212
v 48.98656464 1.15600967 46.70030212
v 47.61666489 -11.56213665 46.70030212
v 43.00175476 -23.49206734 46.70030212
v 11.56197453 47.61597443 46.70030212
v -1.15601826 48.98583984 46.70030212
v -13.79522514 47.01782227 46.70030212
v -25.49429512 41.84497070 46.70030212
v -35.45594788 33.82080078 46.70030212
v -43.00132751 23.49193764 46.70030212
v -23.49164581 -43.00208282 46.70030212
v -33.82078552 -35.45606232 46.70030212
v -41.84509659 -25.49511909 46.70030212
v -47.01771545 -13.79614544 46.70030212
v -48.98613739 -1.15600967 46.70030212
v -47.61622620 11.56200981 46.70030212
v -11.56154537 -47.61608887 46.70030212
v 1.15644693 -48.98609161 46.70030212
v 13.79565525 -47.01807022 46.70030212
v 25.49472427 -41.84509277 46.70030212
v 35.45637131 -33.82105255 46.70030212
v 27.45144463 -45.56507111 47.00040054
v 28.24593544 -45.70410156 47.00040054
v 28.92691422 -46.13610840 47.00040054
v 29.39068413 -46.79614258 47.00040054
v 26.66437531 -45.74108887 47.00040054
v 26.00454521 -46.20507812 47.00040054
v 25.57242584 -46.88610840 47.00040054
v 46.55616379 -25.73510933 47.00040054
v 47.31353378 -25.45813179 47.00040054
v 48.11933136 -25.49109077 47.00040054
v 48.85088348 -25.83105659 47.00040054
v 45.96250153 -26.28113174 47.00040054
v 45.62297440 -27.01208878 47.00040054
v 45.58923340 -27.81811714 47.00040054
v 53.18624115 0.99096870 47.00040054
v 53.70356369 1.60985947 47.00040054
v 54.41827393 1.98291016 47.00040054
v 55.22157288 2.05492973 47.00040054
v 52.94510269 0.22094917 47.00040054
v 53.01683426 -0.58203125 47.00040054
v 53.39049149 -1.29712105 47.00040054
v 45.56519318 27.45092964 47.00040054
v 45.70381165 28.24584770 47.00040054
v 46.13594437 28.92700005 47.00040054
v 46.79576111 29.38989067 47.00040054
v 45.74115372 26.66382027 47.00040054
v 46.20492172 26.00390053 47.00040054
v 46.88589478 25.57201958 47.00040054
v 25.73503494 46.55590820 47.00040054
v 25.45782471 47.31298828 47.00040054
v 25.49158478 48.11890411 47.00040054
v 25.83112526 48.85083008 47.00040054
v 26.28095436 45.96190643 47.00040054
v 27.01250458 45.62280273 47.00040054
v 27.81829453 45.58885956 47.00040054
v -0.99075818 53.18579102 47.00040054
v -1.60949922 53.70288086 47.00040054
v -1.98317516 54.41796875 47.00040054
v -2.05489826 55.22095490 47.00040054
v -0.22115150 52.94483185 47.00040054
v 0.58215618 53.01586914 47.00040054
v 1.29686880 53.38989258 47.00040054
v -27.45101547 45.56494141 47.00040054
v -28.24551582 45.70288086 47.00040054
v -28.92647552 46.13599396 47.00040054
v -29.39024544 46.79589844 47.00040054
v -26.66394424 45.74095917 47.00040054
v -26.00411415 46.20484161 47.00040054
v -25.57198524 46.88599396 47.00040054
v -46.55572510 25.73485756 47.00040054
v -47.31309509 25.45800972 47.00040054
v -48.11889648 25.49096107 47.00040054
v -48.85044861 25.83080864 47.00040054
v -45.96208572 26.28100014 47.00040054
v -45.62254715 27.01196098 47.00040054
v -45.58879852 27.81786919 47.00040054
v -53.18581772 -0.99121094 47.00040054
v -53.70312881 -1.61011124 47.00040054
v -54.41783524 -1.98413086 47.00040054
v -55.22114563 -2.05518055 47.00040054
v -52.94467545 -0.22119141 47.00040054
v -53.01639557 0.58178902 47.00040054
v -53.39006805 1.29590034 47.00040054
v -45.56475830 -27.45105362 47.00040054
v -45.70338821 -28.24608994 47.00040054
v -46.13550568 -28.92713165 47.00040054
v -46.79532623 -29.39110947 47.00040054
v -45.74071884 -26.66406441 47.00040054
v -46.20448685 -26.00415230 47.00040054
v -46.88545609 -25.57214546 47.00040054
v -25.73460579 -46.55615234 47.00040054
v -25.45741463 -47.31311035 47.00040054
v -25.49115562 -48.11914062 47.00040054
v -25.83069420 -48.85108185 47.00040054
v -26.28052521 -45.96203995 47.00040054
v -27.01207542 -45.62305069 47.00040054
v -27.81786537 -45.58911133 47.00040054
v -43.26460648 23.63598061 47.00040054
v -35.67302704 34.02783203 47.00040054
v -38.50302887 30.78882027 47.00040054
v -41.03998566 27.31688881 47.00040054
v 47.90818405 -11.63305950 47.00040054
v 43.26503372 -23.63611031 47.00040054
v 45.16038132 -19.77514839 47.00040054
v 46.71204376 -15.76403999 47.00040054
v 49.28648376 1.16283989 47.00040054
v 48.73972321 -7.41309071 47.00040054
v 49.20033264 -3.13721085 47.00040054
v 47.30601120 13.87987900 47.00040054
v 48.99755478 5.45385933 47.00040054
v 48.33570480 9.70385933 47.00040054
v 42.10171127 25.64990044 47.00040054
v 45.91629410 17.94994926 47.00040054
v 44.17710114 21.88379097 47.00040054
v 34.02829361 35.67285156 47.00040054
v 39.70592117 29.22191811 47.00040054
v 37.00793457 32.57202148 47.00040054
v 23.63588524 43.26489258 47.00040054
v 30.78967476 38.50292969 47.00040054
v 27.31673431 41.03978729 47.00040054
v 11.63276482 47.90795898 47.00040054
v 19.77518463 45.15991211 47.00040054
v 15.76395512 46.71192169 47.00040054
v -1.16309822 49.28588867 47.00040054
v 7.41304588 48.73901367 47.00040054
v 3.13691092 49.19995117 47.00040054
v -13.87967491 47.30590820 47.00040054
v -5.45425224 48.99683380 47.00040054
v -9.70389652 48.33594513 47.00040054
v -25.65037537 42.10083008 47.00040054
v -17.94984436 45.91600800 47.00040054
v -21.88338470 44.17700195 47.00040054
v -29.22216415 39.70581055 47.00040054
v -32.57153702 37.00781250 47.00040054
v 35.67345428 -34.02807999 47.00040054
v 38.50344467 -30.79004097 47.00040054
v 41.04040146 -27.31714058 47.00040054
v -47.90775681 11.63183975 47.00040054
v -45.15994644 19.77490044 47.00040054
v -46.71160889 15.76391029 47.00040054
v -49.28605652 -1.16308975 47.00040054
v -48.73929596 7.41283989 47.00040054
v -49.19989777 3.13695908 47.00040054
v -47.30557632 -13.88012886 47.00040054
v -48.99711609 -5.45410061 47.00040054
v -48.33527756 -9.70410347 47.00040054
v -42.10129547 -25.65112495 47.00040054
v -45.91585541 -17.95007515 47.00040054
v -44.17667770 -21.88415718 47.00040054
v -34.02785873 -35.67310333 47.00040054
v -39.70548630 -29.22204971 47.00040054
v -37.00749588 -32.57213974 47.00040054
v -23.63547516 -43.26514053 47.00040054
v -30.78924561 -38.50305176 47.00040054
v -27.31630516 -41.04003906 47.00040054
v -11.63234520 -47.90808105 47.00040054
v -19.77475548 -45.16016006 47.00040054
v -15.76352501 -46.71203995 47.00040054
v 1.16352582 -49.28613281 47.00040054
v -7.41261911 -48.74011230 47.00040054
v -3.13648319 -49.20008087 47.00040054
v 13.88011456 -47.30615234 47.00040054
v 5.45468092 -48.99707031 47.00040054
v 9.70432377 -48.33605957 47.00040054
v 25.65081406 -42.10205078 47.00040054
v 17.95026398 -45.91613770 47.00040054
v 21.88381577 -44.17713165 47.00040054
v 29.22259521 -39.70606232 47.00040054
v 32.57197189 -37.00806046 47.00040054
v 0.99118668 -53.18604279 47.00040054
v 1.60992682 -53.70313263 47.00040054
v 1.98360276 -54.41809082 47.00040054
v 2.05532694 -55.22106934 47.00040054
v 0.22157985 -52.94506836 47.00040054
v -0.58172780 -53.01708984 47.00040054
v -1.29644024 -53.39014435 47.00040054
v -25.97720528 -57.94312286 47.00040054
v 63.42155457 3.15991020 47.00040054
v 34.72214127 53.16602325 47.00040054
v 30.44374466 55.72583008 47.00040054
v 38.78646469 50.27783203 47.00040054
v -53.16591644 34.72191620 47.00040054
v 50.27821350 -38.78613281 47.00040054
v -42.61123657 -47.08007812 47.00040054
v 46.17416382 43.59082031 47.00040054
v 3.15985680 -63.42114258 47.00040054
v 8.12609768 -62.97814941 47.00040054
v 13.04224491 -62.14611816 47.00040054
v 17.87796402 -60.93115234 47.00040054
v 22.60349464 -59.34105682 47.00040054
v -1.82586324 -63.47412109 47.00040054
v -21.35095596 -59.80310059 47.00040054
v -16.59306526 -61.29406738 47.00040054
v -11.73285484 -62.40709686 47.00040054
v -6.80032730 -63.13513184 47.00040054
v 1.82629275 63.47388458 47.00040054
v -3.15942907 63.42089844 47.00040054
v -8.12566948 62.97778320 47.00040054
v -13.04180527 62.14600372 47.00040054
v -17.87755585 60.93090820 47.00040054
v -22.60306549 59.34082031 47.00040054
v -27.18921471 57.38378906 47.00040054
v -31.60773468 55.07398224 47.00040054
v -47.07964706 42.61083984 47.00040054
v -43.59125519 46.17382812 47.00040054
v -52.42445755 -35.83216095 47.00040054
v -63.42112732 -3.16016102 47.00040054
v -62.97771835 -8.12597847 47.00040054
v -62.14602661 -13.04211807 47.00040054
v -60.93118668 -17.87805367 47.00040054
v -59.34067535 -22.60315132 47.00040054
v -57.38431549 -27.18909073 47.00040054
v -55.72627640 30.44286919 47.00040054
v -57.94305801 25.97680092 47.00040054
v -59.80260849 21.35082817 47.00040054
v -61.29344559 16.59301949 47.00040054
v -62.40638733 11.73291016 47.00040054
v -63.13457870 6.79979897 47.00040054
v -63.47351837 1.82592964 47.00040054
v 47.08007431 -42.61109161 47.00040054
v 43.59169388 -46.17407227 47.00040054
v 53.16635132 -34.72204971 47.00040054
v 63.13501358 -6.80103016 47.00040054
v 63.47395325 -1.82616997 47.00040054
v 55.72671127 -30.44409180 47.00040054
v 57.94348145 -25.97705460 47.00040054
v 59.80304337 -21.35107613 47.00040054
v 61.29388428 -16.59314156 47.00040054
v 62.40681458 -11.73315811 47.00040054
v 62.97815323 8.12598038 47.00040054
v 62.14646149 13.04199028 47.00040054
v 60.93161392 17.87792778 47.00040054
v 59.34111404 22.60278130 47.00040054
v 57.38475418 27.18895912 47.00040054
v 55.07460403 31.60790825 47.00040054
v 52.42488480 35.83177948 47.00040054
v 49.45196152 39.83397675 47.00040054
v 39.83454132 -49.45214844 47.00040054
v 35.83181381 -52.42504883 47.00040054
v 42.61167145 47.07984161 47.00040054
v 25.97763443 57.94287109 47.00040054
v 21.35138512 59.80297852 47.00040054
v 16.59349442 61.29395294 47.00040054
v 11.73329449 62.40698242 47.00040054
v 6.80075598 63.13500977 47.00040054
v -39.83411789 49.45191193 47.00040054
v -38.78603745 -50.27808380 47.00040054
v 27.18964577 -57.38513184 47.00040054
v 31.60816574 -55.07410431 47.00040054
v -30.44331551 -55.72705078 47.00040054
v -34.72170639 -53.16613770 47.00040054
v -46.17372513 -43.59204102 47.00040054
v -49.45153809 -39.83411026 47.00040054
v -50.27777863 38.78588867 47.00040054
v -55.07416534 -31.60816193 47.00040054
v -35.83138657 52.42481232 47.00040054
v 47.61666489 -11.56213665 46.70030212
v 46.42778397 -15.66809368 46.70030212
v 47.90818405 -11.63305950 47.00040054
v 48.73972321 -7.41309071 47.00040054
v 43.00175476 -23.49206734 46.70030212
v 40.79068375 -27.15014839 46.70030212
v 43.26503372 -23.63611031 47.00040054
v 45.16038132 -19.77514839 47.00040054
v 48.98656464 1.15600967 46.70030212
v 48.90094376 -3.11817074 46.70030212
v 49.28648376 1.16283989 47.00040054
v 48.99755478 5.45385933 47.00040054
v 47.01815414 13.79491997 46.70030212
v 48.04158401 9.64501953 46.70030212
v 47.30601120 13.87987900 47.00040054
v 45.91629410 17.94994926 47.00040054
v 41.84552383 25.49389076 46.70030212
v 43.90829468 21.74999809 46.70030212
v 42.10171127 25.64990044 47.00040054
v 39.70592117 29.22191811 47.00040054
v 33.82122421 35.45581055 46.70030212
v 36.78273392 32.37280273 46.70030212
v 34.02829361 35.67285156 47.00040054
v 30.78967476 38.50292969 47.00040054
v 23.49207497 43.00195312 46.70030212
v 27.15050507 40.78978729 46.70030212
v 23.63588524 43.26489258 47.00040054
v 19.77518463 45.15991211 47.00040054
v 15.66802502 46.42797852 46.70030212
v 11.56197453 47.61597443 46.70030212
v 11.63276482 47.90795898 47.00040054
v 7.41304588 48.73901367 47.00040054
v 3.11782503 48.90087891 46.70030212
v -1.15601826 48.98583984 46.70030212
v -1.16309822 49.28588867 47.00040054
v -5.45425224 48.99683380 47.00040054
v -9.64484406 48.04102325 46.70030212
v -13.79522514 47.01782227 46.70030212
v -13.87967491 47.30590820 47.00040054
v -17.94984436 45.91600800 47.00040054
v -21.75021553 43.90795898 46.70030212
v -25.49429512 41.84497070 46.70030212
v -25.65037537 42.10083008 47.00040054
v -29.22216415 39.70581055 47.00040054
v 32.37376404 -36.78308105 46.70030212
v 35.45637131 -33.82105255 46.70030212
v 35.67345428 -34.02807999 47.00040054
v 38.50344467 -30.79004097 47.00040054
v -47.61622620 11.56200981 46.70030212
v -46.42735672 15.66797066 46.70030212
v -47.90775681 11.63183975 47.00040054
v -48.73929596 7.41283989 47.00040054
v -48.98613739 -1.15600967 46.70030212
v -48.90050888 3.11791992 46.70030212
v -49.28605652 -1.16308975 47.00040054
v -48.99711609 -5.45410061 47.00040054
v -47.01771545 -13.79614544 46.70030212
v -48.04114532 -9.64502144 46.70030212
v -47.30557632 -13.88012886 47.00040054
v -45.91585541 -17.95007515 47.00040054
v -41.84509659 -25.49511909 46.70030212
v -43.90785599 -21.75110054 46.70030212
v -42.10129547 -25.65112495 47.00040054
v -39.70548630 -29.22204971 47.00040054
v -33.82078552 -35.45606232 46.70030212
v -36.78229523 -32.37414932 46.70030212
v -34.02785873 -35.67310333 47.00040054
v -30.78924561 -38.50305176 47.00040054
v -23.49164581 -43.00208282 46.70030212
v -27.15008545 -40.79113770 46.70030212
v -23.63547516 -43.26514053 47.00040054
v -19.77475548 -45.16016006 47.00040054
v -15.66759491 -46.42810059 46.70030212
v -11.56154537 -47.61608887 46.70030212
v -11.63234520 -47.90808105 47.00040054
v -7.41261911 -48.74011230 47.00040054
v -3.11739397 -48.90113068 46.70030212
v 1.15644693 -48.98609161 46.70030212
v 1.16352582 -49.28613281 47.00040054
v 5.45468092 -48.99707031 47.00040054
v 9.64527321 -48.04113770 46.70030212
v 13.79565525 -47.01807022 46.70030212
v 13.88011456 -47.30615234 47.00040054
v 17.95026398 -45.91613770 47.00040054
v 21.75065422 -43.90808105 46.70030212
v 25.49472427 -41.84509277 46.70030212
v 25.65081406 -42.10205078 47.00040054
v 29.22259521 -39.70606232 47.00040054
v 0.99118668 -53.18604279 37.00040054
v 1.60992682 -53.70313263 37.00040054
v 0.99118668 -53.18604279 47.00040054
v 1.60992682 -53.70313263 47.00040054
v 1.98360276 -54.41809082 37.00040054
v 1.60992682 -53.70313263 37.00040054
v 1.60992682 -53.70313263 47.00040054
v 1.98360276 -54.41809082 47.00040054
v 2.05532694 -55.22106934 37.00040054
v 1.98360276 -54.41809082 37.00040054
v 1.98360276 -54.41809082 47.00040054
v 2.05532694 -55.22106934 47.00040054
v 2.05532694 -55.22106934 37.00040054
v 1.81417680 -55.99108887 37.00040054
v 1.81417680 -55.99108887 47.00040054
v 2.05532694 -55.22106934 47.00040054
v 0.22157985 -52.94506836 37.00040054
v 0.99118668 -53.18604279 37.00040054
v 0.99118668 -53.18604279 47.00040054
v 0.22157985 -52.94506836 47.00040054
v -0.58172780 -53.01708984 37.00040054
v 0.22157985 -52.94506836 37.00040054
v 0.22157985 -52.94506836 47.00040054
v -0.58172780 -53.01708984 47.00040054
v -0.58172780 -53.01708984 37.00040054
v -1.29644024 -53.39014435 37.00040054
v -0.58172780 -53.01708984 47.00040054
v -1.29644024 -53.39014435 47.00040054
v -1.81374824 -54.00916290 37.00040054
v -1.29644024 -53.39014435 37.00040054
v -1.81374824 -54.00916290 47.00040054
v -1.29644024 -53.39014435 47.00040054
v -0.99978626 -63.99207306 52.00040054
v -0.99978626 -63.49207306 51.50040054
v -0.99978626 -64.99207306 52.00040054
v -0.99978626 -65.22010040 51.94541168
v -33.10739517 55.93579102 52.00040054
v -37.29214859 53.23779297 52.00040054
v -19.49120522 62.00878906 52.00040054
v -24.18073463 60.33496094 52.00040054
v -4.84957695 64.81884766 52.00040054
v -9.79717541 64.25684357 52.00040054
v 10.04718971 64.21900177 52.00040054
v 5.10180712 64.79882812 52.00040054
v 51.77070236 39.30394745 52.00040054
v 48.61008453 43.15184784 52.00040054
v 59.36449432 26.47387123 52.00040054
v 57.16371155 30.94091988 52.00040054
v 63.83517456 12.25098038 52.00040054
v 62.71003342 17.10180092 52.00040054
v 64.94756317 -2.61621094 52.00040054
v 64.95722961 2.36278915 52.00040054
v -44.98182678 46.92089844 52.00040054
v -41.25804520 50.22681427 52.00040054
v -28.72835541 58.30590820 52.00040054
v -14.68728542 63.31884766 52.00040054
v 0.12648480 65.00000000 52.00040054
v 41.45330429 50.06591797 52.00040054
v 45.16421127 46.74584961 52.00040054
v 54.62749481 35.22583008 52.00040054
v 61.21688461 21.85180092 52.00040054
v 64.58571625 7.32885933 52.00040054
v 64.55675507 -7.58008099 52.00040054
v 63.78709412 -12.49914837 52.00040054
v 62.64310455 -17.34607124 52.00040054
v 61.13152313 -22.09008980 52.00040054
v 59.26118469 -26.70508194 52.00040054
v 57.04308319 -31.16308975 52.00040054
v -57.04264832 31.16283989 52.00040054
v -54.48979568 35.43798828 52.00040054
v -51.61717606 39.50488281 52.00040054
v -48.44163513 43.33983612 52.00040054
v 14.93360519 63.26099396 52.00040054
v 19.73240471 61.93189240 52.00040054
v 24.41539574 60.23999023 52.00040054
v 28.95511436 58.19384766 52.00040054
v 33.32491302 55.80689240 52.00040054
v 37.49914169 53.09301758 52.00040054
v 40.93323135 -49.19910049 52.00040054
v 44.52156448 -45.97705078 52.00040054
v 50.92095184 -38.77014160 52.00040054
v 28.86171532 -57.12304688 52.00040054
v 33.08100128 -54.78809357 52.00040054
v 15.32093525 -62.13903809 52.00040054
v 19.95639420 -60.80908203 52.00040054
v 1.00021386 -63.99207306 52.00040054
v 5.81585884 -63.73510742 52.00040054
v 53.69566345 -34.82508087 52.00040054
v 56.16549301 -30.68310928 52.00040054
v 47.85712433 -42.49414062 52.00040054
v 37.11248398 -52.14111328 52.00040054
v 24.47853470 -59.13416290 52.00040054
v 10.59847450 -63.11608887 52.00040054
v 63.13501358 -6.80103016 51.50040054
v 62.40681458 -11.73315811 51.50040054
v 61.29388428 -16.59314156 51.50040054
v -55.72627640 30.44286919 51.50040054
v -15.34587479 -61.61804199 51.50040054
v -29.11739540 -56.99304199 52.00040054
v -24.69912529 -59.04211426 52.00040054
v -28.89532471 -56.54504395 51.50040054
v -41.26311874 -48.92211914 52.00040054
v -37.42343521 -51.91809082 52.00040054
v -40.94472885 -48.53613281 51.50040054
v -51.26650620 -38.31104279 52.00040054
v -48.20474625 -42.09912109 52.00040054
v -50.86858749 -38.00806046 51.50040054
v -58.60819626 -25.71106148 52.00040054
v -56.48333740 -30.09313965 52.00040054
v -58.15171814 -25.50708199 51.50040054
v -62.90703583 -11.77612495 52.00040054
v -61.82937622 -16.52612495 52.00040054
v -62.41604614 -11.68213177 51.50040054
v -63.93981934 2.77001953 52.00040054
v -63.96532440 -2.10010052 52.00040054
v -63.44019699 2.75000000 51.50040054
v -61.65290833 17.17186928 52.00040054
v -62.78024673 12.43383980 52.00040054
v -15.45991516 -62.10510254 52.00040054
v -56.16506577 30.68285942 52.00040054
v -58.33571625 26.32299995 52.00040054
v -61.17100525 17.03882027 51.50040054
v -57.87984848 26.11791801 51.50040054
v -10.69247532 -63.10009766 52.00040054
v -5.86310911 -63.73107910 52.00040054
v -20.13784599 -60.74915314 52.00040054
v -33.36702728 -54.61414337 52.00040054
v -44.86383820 -45.64208984 52.00040054
v -54.03137589 -34.30213165 52.00040054
v -60.39366531 -21.18005562 52.00040054
v -63.62038803 -6.95801067 52.00040054
v -63.54402542 7.62401962 52.00040054
v -60.16852570 21.81078911 52.00040054
v -44.28979874 46.19995117 52.00040054
v -47.69637680 42.67285156 52.00040054
v -32.59804535 55.07592773 52.00040054
v -36.71841812 52.41895294 52.00040054
v -19.19133568 61.05493164 52.00040054
v -23.80872536 59.40601349 52.00040054
v -4.77496529 63.82202148 52.00040054
v -9.64645100 63.26879883 52.00040054
v 9.89262199 63.23096466 52.00040054
v 5.02331972 63.80297852 52.00040054
v 36.92223358 52.27587891 52.00040054
v 32.81222153 54.94898224 52.00040054
v 24.03978539 59.31397247 52.00040054
v 19.42883492 60.97998047 52.00040054
v 47.86225128 42.48779297 52.00040054
v 44.46938324 46.02684784 52.00040054
v 56.28429413 30.46483803 52.00040054
v 53.78708267 34.68383789 52.00040054
v 61.74526215 16.83885765 52.00040054
v 60.27509308 21.51587105 52.00040054
v 63.95789337 2.32689857 52.00040054
v 63.59208298 7.21582031 52.00040054
v 62.80575180 -12.30713177 52.00040054
v 63.56356430 -7.46314049 52.00040054
v 58.34948349 -26.29406929 52.00040054
v 60.19104385 -21.75012398 52.00040054
v -50.82305527 38.89697266 52.00040054
v -53.65148544 34.89183807 52.00040054
v -40.62330627 49.45386505 52.00040054
v -28.28638458 57.40991211 52.00040054
v -14.46131516 62.34497070 52.00040054
v 0.12454230 64.00000000 52.00040054
v 14.70387459 62.28784180 52.00040054
v 28.50965500 57.29882812 52.00040054
v 40.81557465 49.29589844 52.00040054
v 50.97423172 38.69896698 52.00040054
v 58.45119476 26.06688881 52.00040054
v 62.85310364 12.06299019 52.00040054
v 63.94837189 -2.57617092 52.00040054
v 61.67937469 -17.07910347 52.00040054
v 10.75086498 -64.10511017 52.00040054
v 15.54839516 -63.11303711 52.00040054
v 1.00021386 -64.99207306 52.00040054
v 5.89227772 -64.73206329 52.00040054
v 24.85174561 -60.06213379 52.00040054
v 29.30470467 -58.01904297 52.00040054
v 33.59121323 -55.64807129 52.00040054
v 37.68690491 -52.96008301 52.00040054
v 41.56852341 -49.97106934 52.00040054
v 45.21400452 -46.69812012 52.00040054
v 48.60265350 -43.16016006 52.00040054
v 51.71523285 -39.37708282 52.00040054
v 54.53404236 -35.37012100 52.00040054
v 20.25759506 -61.76306152 52.00040054
v -25.07331467 -59.96912384 52.00040054
v -29.56152534 -57.88903809 52.00040054
v -33.87851715 -55.47313690 52.00040054
v -37.99925613 -52.73608398 52.00040054
v -41.89988708 -49.69312286 52.00040054
v -45.55782700 -46.36206055 52.00040054
v -48.95186615 -42.76306152 52.00040054
v -52.06235886 -38.91712189 52.00040054
v -54.87127686 -34.84412003 52.00040054
v -57.36235809 -30.57007027 52.00040054
v -59.52116776 -26.11914253 52.00040054
v -61.33520889 -21.51709175 52.00040054
v -62.79396820 -16.79004097 52.00040054
v -63.88900757 -11.96509075 52.00040054
v -64.61396790 -7.07202053 52.00040054
v -64.96466064 -2.13721085 52.00040054
v -64.93903351 2.80980873 52.00040054
v -64.53724670 7.74096870 52.00040054
v -63.76165771 12.62598038 52.00040054
v -62.61670685 17.43895912 52.00040054
v -61.10906601 22.15088081 52.00040054
v -59.24744797 26.73388100 52.00040054
v -10.84527493 -64.08911896 52.00040054
v -15.68800545 -63.07813263 52.00040054
v -20.43986511 -61.70313263 52.00040054
v -5.93973923 -64.72814941 52.00040054
v 1.00021386 -65.22010040 51.94541168
v -47.07964706 42.61083984 51.50040054
v -50.27777863 38.78588867 51.50040054
v -44.28979874 46.19995117 52.00040054
v -47.69637680 42.67285156 52.00040054
v -40.62330627 49.45386505 52.00040054
v -35.83138657 52.42481232 51.50040054
v -39.83411789 49.45191193 51.50040054
v -32.59804535 55.07592773 52.00040054
v -36.71841812 52.41895294 52.00040054
v -28.28638458 57.40991211 52.00040054
v -22.60306549 59.34082031 51.50040054
v -27.18921471 57.38378906 51.50040054
v -19.19133568 61.05493164 52.00040054
v -23.80872536 59.40601349 52.00040054
v -14.46131516 62.34497070 52.00040054
v -8.12566948 62.97778320 51.50040054
v -13.04180527 62.14600372 51.50040054
v -17.87755585 60.93090820 51.50040054
v -4.77496529 63.82202148 52.00040054
v -9.64645100 63.26879883 52.00040054
v 0.12454230 64.00000000 52.00040054
v 6.80075598 63.13500977 51.50040054
v 1.82629275 63.47388458 51.50040054
v -3.15942907 63.42089844 51.50040054
v 9.89262199 63.23096466 52.00040054
v 5.02331972 63.80297852 52.00040054
v 14.70387459 62.28784180 52.00040054
v 25.97763443 57.94287109 51.50040054
v 21.35138512 59.80297852 51.50040054
v 16.59349442 61.29395294 51.50040054
v 11.73329449 62.40698242 51.50040054
v 36.92223358 52.27587891 52.00040054
v 32.81222153 54.94898224 52.00040054
v 24.03978539 59.31397247 52.00040054
v 19.42883492 60.97998047 52.00040054
v 28.50965500 57.29882812 52.00040054
v 30.44374466 55.72583008 51.50040054
v 34.72214127 53.16602325 51.50040054
v 38.78646469 50.27783203 51.50040054
v 36.92223358 52.27587891 52.00040054
v 47.86225128 42.48779297 52.00040054
v 44.46938324 46.02684784 52.00040054
v 40.81557465 49.29589844 52.00040054
v 42.61167145 47.07984161 51.50040054
v 46.17416382 43.59082031 51.50040054
v 49.45196152 39.83397675 51.50040054
v 47.86225128 42.48779297 52.00040054
v 56.28429413 30.46483803 52.00040054
v 53.78708267 34.68383789 52.00040054
v 50.97423172 38.69896698 52.00040054
v 52.42488480 35.83177948 51.50040054
v 55.07460403 31.60790825 51.50040054
v 57.38475418 27.18895912 51.50040054
v 56.28429413 30.46483803 52.00040054
v 61.74526215 16.83885765 52.00040054
v 60.27509308 21.51587105 52.00040054
v 58.45119476 26.06688881 52.00040054
v 59.34111404 22.60278130 51.50040054
v 60.93161392 17.87792778 51.50040054
v 62.14646149 13.04199028 51.50040054
v 61.74526215 16.83885765 52.00040054
v 63.95789337 2.32689857 52.00040054
v 63.59208298 7.21582031 52.00040054
v 62.85310364 12.06299019 52.00040054
v 62.97815323 8.12598038 51.50040054
v 63.42155457 3.15991020 51.50040054
v 63.47395325 -1.82616997 51.50040054
v 63.95789337 2.32689857 52.00040054
v 62.80575180 -12.30713177 52.00040054
v 63.56356430 -7.46314049 52.00040054
v 63.94837189 -2.57617092 52.00040054
v 1.00021386 -65.49207306 50.00040054
v 1.00021386 -63.49207306 50.00040054
v 1.00021386 -63.99207306 52.00040054
v 1.00021386 -63.49207306 51.50040054
v 1.00021386 -64.99207306 52.00040054
v 1.00021386 -65.49207306 51.50040054
v 1.00021386 -65.39807892 51.79249954
v 1.00021386 -65.22010040 51.94541168
v 48.60265350 -43.16016006 52.00040054
v 51.71523285 -39.37708282 52.00040054
v 49.51472473 -42.65405273 51.85390091
v 39.47763443 -52.08312988 51.85390091
v 45.56023407 -47.05908203 51.50040054
v 41.88616180 -50.35706329 51.50040054
v 37.68690491 -52.96008301 52.00040054
v 27.68773460 -59.19910431 51.85390091
v 39.47763443 -52.08312988 51.85390091
v 29.52620506 -58.46813965 51.50040054
v 37.68690491 -52.96008301 52.00040054
v 41.56852341 -49.97106934 52.00040054
v 45.21400452 -46.69812012 52.00040054
v 39.47763443 -52.08312988 51.85390091
v 24.85174561 -60.06213379 52.00040054
v 29.30470467 -58.01904297 52.00040054
v 33.59121323 -55.64807129 52.00040054
v 27.68773460 -59.19910431 51.85390091
v 57.35335159 -31.33214951 51.85390091
v 49.51472473 -42.65405273 51.85390091
v 54.95323181 -35.64307022 51.50040054
v 52.11238480 -39.68115234 51.50040054
v 10.75086498 -64.10511017 52.00040054
v 15.54839516 -63.11303711 52.00040054
v 20.25759506 -61.76306152 52.00040054
v 14.66848469 -63.68604279 51.85390091
v -64.96466064 -2.13721085 52.00040054
v -64.93903351 2.80980873 52.00040054
v -65.29232788 2.82299995 51.85390091
v -62.95752716 17.53296089 51.85390091
v -57.48144531 31.40184975 51.50040054
v -62.95752716 17.53296089 51.85390091
v -59.70331573 26.93993950 51.50040054
v -61.57932663 22.32079887 51.50040054
v -65.29232788 2.82299995 51.85390091
v -62.95752716 17.53296089 51.85390091
v -61.57932663 22.32079887 51.50040054
v -63.09860611 17.57201958 51.50040054
v -57.35291672 31.33177757 51.85390091
v -63.76165771 12.62598038 52.00040054
v -62.61670685 17.43895912 52.00040054
v -62.95752716 17.53296089 51.85390091
v -0.99978626 -65.39807892 51.79249954
v -15.76672554 -63.42310333 51.85390091
v -15.80205536 -63.56506348 51.50040054
v -20.59087563 -62.17907715 51.50040054
v -0.99978626 -65.39807892 51.79249954
v -15.80205536 -63.56506348 51.50040054
v -10.92168522 -64.58312988 51.50040054
v -5.97805309 -65.22705078 51.50040054
v -10.84527493 -64.08911896 52.00040054
v -15.68800545 -63.07813263 52.00040054
v -15.76672554 -63.42310333 51.85390091
v -29.71701431 -58.20604706 51.85390091
v -15.76672554 -63.42310333 51.85390091
v -29.71701431 -58.20604706 51.85390091
v -29.78360558 -58.33704376 51.50040054
v -34.13425827 -55.90308380 51.50040054
v -15.76672554 -63.42310333 51.85390091
v -29.78360558 -58.33704376 51.50040054
v -25.26040459 -60.43311310 51.50040054
v -20.59087563 -62.17907715 51.50040054
v -25.07331467 -59.96912384 52.00040054
v -29.56152534 -57.88903809 52.00040054
v -29.71701431 -58.20604706 51.85390091
v -42.12388611 -49.96704102 51.85390091
v -29.71701431 -58.20604706 51.85390091
v -42.12388611 -49.96704102 51.85390091
v -42.21827698 -50.07910156 51.50040054
v -45.90481567 -46.72204971 51.50040054
v -29.71701431 -58.20604706 51.85390091
v -42.21827698 -50.07910156 51.50040054
v -38.28716660 -53.14404297 51.50040054
v -34.13425827 -55.90308380 51.50040054
v -37.99925613 -52.73608398 52.00040054
v -41.89988708 -49.69312286 52.00040054
v -42.12388611 -49.96704102 51.85390091
v -52.34297562 -39.13208008 51.85390091
v -42.12388611 -49.96704102 51.85390091
v -52.34297562 -39.13208008 51.85390091
v -52.46027756 -39.21912003 51.50040054
v -55.29122543 -35.11608887 51.50040054
v -42.12388611 -49.96704102 51.85390091
v -52.46027756 -39.21912003 51.50040054
v -49.32541656 -43.09606934 51.50040054
v -45.90481567 -46.72204971 51.50040054
v -48.95186615 -42.76306152 52.00040054
v -52.06235886 -38.91712189 52.00040054
v -52.34297562 -39.13208008 51.85390091
v -59.84355545 -26.26404190 51.85390091
v -52.34297562 -39.13208008 51.85390091
v -59.84355545 -26.26404190 51.85390091
v -59.97764587 -26.32312393 51.50040054
v -61.80597687 -21.68506050 51.50040054
v -52.34297562 -39.13208008 51.85390091
v -59.97764587 -26.32312393 51.50040054
v -57.80185699 -30.80908012 51.50040054
v -55.29122543 -35.11608887 51.50040054
v -57.36235809 -30.57007027 52.00040054
v -59.52116776 -26.11914253 52.00040054
v -59.84355545 -26.26404190 51.85390091
v -64.23605347 -12.03308296 51.85390091
v -59.84355545 -26.26404190 51.85390091
v -64.23605347 -12.03308296 51.85390091
v -64.37999725 -12.06006145 51.50040054
v -65.11074829 -7.12818050 51.50040054
v -59.84355545 -26.26404190 51.85390091
v -64.37999725 -12.06006145 51.50040054
v -63.27626801 -16.92212105 51.50040054
v -61.80597687 -21.68506050 51.50040054
v -62.79396820 -16.79004097 52.00040054
v -63.88900757 -11.96509075 52.00040054
v -65.29232788 2.82299995 51.85390091
v -64.23605347 -12.03308296 51.85390091
v -65.29232788 2.82299995 51.85390091
v -64.23605347 -12.03308296 51.85390091
v -65.43862915 2.82983017 51.50040054
v -65.03385925 7.79883003 51.50040054
v -64.23605347 -12.03308296 51.85390091
v -65.43862915 2.82983017 51.50040054
v -65.46431732 -2.15601063 51.50040054
v -65.11074829 -7.12818050 51.50040054
v -65.29232788 2.82299995 51.85390091
v -63.09860611 17.57201958 51.50040054
v -64.25234985 12.72192001 51.50040054
v -65.03385925 7.79883003 51.50040054
v -14.00575542 -74.50208282 22.82339668
v -14.59160519 -74.50208282 23.14340401
v -15.25828552 -74.50208282 23.17759895
v -15.87377548 -74.50208282 22.91909981
v -16.31616592 -74.50208282 22.41920662
v -14.41032505 -74.34606934 22.77900887
v -13.94980526 -74.34606934 22.33970833
v 15.99423504 -74.50208282 22.82339668
v 15.40840530 -74.50208282 23.14340401
v 14.74170494 -74.50208282 23.17759895
v 14.12622452 -74.50208282 22.91909981
v 13.68383503 -74.50208282 22.41920662
v 15.58967495 -74.34606934 22.77900887
v 16.05018425 -74.34606934 22.33970833
v -39.82940674 1.29393959 14.00000191
v -29.99979591 0.00000000 14.00000191
v -30.17016602 1.29393959 14.00000191
v -30.17016602 -1.29419136 14.00000191
v -33.70568848 -4.83008099 14.00000191
v -32.49978638 -4.33008099 14.00000191
v -31.46425438 -3.53613091 14.00000191
v -30.66966438 -2.50000095 14.00000191
v -34.99978638 5.00000000 14.00000191
v -36.29387665 4.82885933 14.00000191
v -37.49978638 4.32983017 14.00000191
v -38.53531647 3.53491020 14.00000191
v -39.32990646 2.50000000 14.00000191
v -30.66966438 2.50000000 14.00000191
v -31.46425438 3.53491020 14.00000191
v -32.49978638 4.32983017 14.00000191
v -33.70568848 4.82885933 14.00000191
v -39.82940674 -1.29419136 14.00000191
v -39.32990646 -2.50000095 14.00000191
v -38.53531647 -3.53613091 14.00000191
v -37.49978638 -4.33008099 14.00000191
v -36.29387665 -4.83008099 14.00000191
v -34.99978638 -5.00000095 14.00000191
v -39.99978638 0.00000000 14.00000191
v -39.99978638 0.00000000 10.00000000
v -39.82940674 1.29393959 10.00000000
v -39.32990646 2.50000000 10.00000000
v -38.53531647 3.53491020 10.00000000
v -37.49978638 4.32983017 10.00000000
v -36.29387665 4.82885933 10.00000000
v -34.99978638 5.00000000 10.00000000
v -33.70568848 4.82885933 10.00000000
v -32.49978638 4.32983017 10.00000000
v -31.46425438 3.53491020 10.00000000
v -30.66966438 2.50000000 10.00000000
v -30.17016602 1.29393959 10.00000000
v -29.99979591 0.00000000 10.00000000
v -30.17016602 -1.29419136 10.00000000
v -30.66966438 -2.50000095 10.00000000
v -31.46425438 -3.53613091 10.00000000
v -32.49978638 -4.33008099 10.00000000
v -33.70568848 -4.83008099 10.00000000
v -34.99978638 -5.00000095 10.00000000
v -36.29387665 -4.83008099 10.00000000
v -37.49978638 -4.33008099 10.00000000
v -38.53531647 -3.53613091 10.00000000
v -39.32990646 -2.50000095 10.00000000
v -39.82940674 -1.29419136 10.00000000
v -39.51877594 3.28295898 8.58580017
v -36.72588730 5.31200981 8.58580017
v -33.27367783 5.31200981 8.58580017
v -30.48078537 3.28295898 8.58580017
v -29.84755516 0.00000000 9.23470020
v -40.15202713 0.00000000 9.23470020
v -30.48078537 -3.28320026 8.58580017
v -33.27367783 -5.31201077 8.58580017
v -36.72588730 -5.31201077 8.58580017
v -39.51877594 -3.28320026 8.58580017
v 8.78322887 -60.16309357 10.75170040
v 9.45252895 -60.17407227 11.16471004
v 6.50021410 -60.22205353 10.19999981
v 7.28685570 -60.16309357 10.26230049
v 8.05494976 -60.15015411 10.44791031
v 2.17059684 -60.53308105 10.19999981
v -6.49978590 -60.22205353 10.19999981
v -2.17016935 -60.53308105 10.19999981
v -8.05452251 -60.15015411 10.44791031
v -7.28642702 -60.16309357 10.26230049
v -9.45210075 -60.17407227 11.16471004
v -8.78279877 -60.16309357 10.75170040
v 14.81969452 -59.17310333 12.00000095
v 19.21390533 -57.89514160 12.00000095
v 35.47210312 -49.62609863 12.00000095
v 31.65203476 -52.14611816 12.00000095
v 27.65382576 -54.37207031 12.00000095
v 23.50000572 -56.29211426 12.00000095
v 39.09254456 -46.82714844 12.00000095
v 42.49298477 -43.76514053 12.00000095
v 45.65429306 -40.45606232 12.00000095
v -39.51877594 3.28295898 8.58580017
v -36.72588730 5.31200981 8.58580017
v -40.47260666 4.36400986 8.00000000
v -33.27367783 5.31200981 8.58580017
v -36.55742645 6.82396889 8.00000000
v -38.03696823 6.30687904 8.00000000
v -33.44213867 6.82396889 8.00000000
v -31.96259499 6.30687904 8.00000000
v -28.17528534 1.55687904 8.00000000
v -28.69300461 3.03685951 8.00000000
v -28.76515579 0.00000000 8.15229988
v -27.99979591 0.00000000 8.00000000
v -41.82427597 1.55687904 8.00000000
v -41.23441696 0.00000000 8.15229988
v -41.30656815 3.03685951 8.00000000
v -41.99978638 0.00000000 8.00000000
v -39.36421585 5.47290039 8.00000000
v -34.99978638 7.00000000 8.00000000
v -30.48078537 3.28295898 8.58580017
v -29.41400528 0.00000000 8.58580017
v -29.52697563 4.36400986 8.00000000
v -30.63536453 5.47290039 8.00000000
v -40.58556747 0.00000000 8.58580017
v -41.82427597 -1.55811119 8.00000000
v -41.30656815 -3.03711033 8.00000000
v -30.48078537 -3.28320026 8.58580017
v -33.27367783 -5.31201077 8.58580017
v -29.52697563 -4.36402035 8.00000000
v -36.72588730 -5.31201077 8.58580017
v -33.44213867 -6.82520008 8.00000000
v -31.96259499 -6.30713081 8.00000000
v -36.55742645 -6.82520008 8.00000000
v -38.03696823 -6.30713081 8.00000000
v -28.17528534 -1.55811119 8.00000000
v -28.69300461 -3.03711033 8.00000000
v -30.63536453 -5.47315025 8.00000000
v -34.99978638 -7.00000095 8.00000000
v -39.51877594 -3.28320026 8.58580017
v -40.47260666 -4.36402035 8.00000000
v -39.36421585 -5.47315025 8.00000000
v -35.18771744 -44.84204102 8.00000000
v -38.43850708 42.08885956 8.00000000
v -30.98667526 47.84082031 8.00000000
v -27.32704544 -50.02208710 8.00000000
v 56.99977112 -0.22607040 8.00000000
v 56.82371140 4.48192978 8.00000000
v 56.25951385 9.15892982 8.00000000
v 55.31099319 13.77392960 8.00000000
v 53.98465347 18.29393959 8.00000000
v 52.28953171 22.68993950 8.00000000
v 50.23722458 26.92992973 8.00000000
v 47.84175491 30.98681068 8.00000000
v 45.11948395 34.83177948 8.00000000
v 42.08898163 38.43895721 8.00000000
v 38.77098465 41.78295898 8.00000000
v 35.18814468 44.84178925 8.00000000
v 31.36493492 47.59497070 8.00000000
v 27.32747459 50.02197266 8.00000000
v 30.98708534 -47.84204102 8.00000000
v 34.83198166 -45.11914062 8.00000000
v 38.43893433 -42.08911133 8.00000000
v 41.78331375 -38.77111816 8.00000000
v 44.84225464 -35.18811035 8.00000000
v 47.59490204 -31.36511040 8.00000000
v 50.02241135 -27.32715034 8.00000000
v 52.10823441 -23.10315132 8.00000000
v 53.83810425 -18.72107124 8.00000000
v 55.20019150 -14.21106243 8.00000000
v 56.18521118 -9.60400677 8.00000000
v 56.78645325 -4.93213081 8.00000000
v -41.78287888 38.77098846 8.00000000
v -44.84183884 35.18798828 8.00000000
v -47.59446716 31.36498833 8.00000000
v -50.02198792 27.32689857 8.00000000
v -52.10780716 23.10278130 8.00000000
v -53.83766556 18.72093773 8.00000000
v -55.19976807 14.21092796 8.00000000
v -56.18479538 9.60400009 8.00000000
v -56.78601837 4.93187904 8.00000000
v -56.99933624 0.22583008 8.00000000
v -56.82328796 -4.48218060 8.00000000
v -56.25907516 -9.15918255 8.00000000
v -55.31056595 -13.77405071 8.00000000
v -53.98421860 -18.29406929 8.00000000
v -52.28909683 -22.69006538 8.00000000
v -50.23679733 -26.93005753 8.00000000
v -47.84132767 -30.98706055 8.00000000
v -45.11904526 -34.83216095 8.00000000
v -42.08855820 -38.43909073 8.00000000
v -38.77055740 -41.78308105 8.00000000
v -31.36451530 -47.59509277 8.00000000
v -34.83154678 45.11888885 8.00000000
v -26.93011475 50.23682404 8.00000000
v -14.21110535 -55.20007324 8.00000000
v 22.69002533 -52.28906250 8.00000000
v -18.72094536 -53.83812714 8.00000000
v 26.93054581 -50.23706055 8.00000000
v -23.10290527 -52.10815430 8.00000000
v 18.29450417 -53.98510742 8.00000000
v -9.60419178 -56.18505859 8.00000000
v 13.77402496 -55.31104279 8.00000000
v -4.93166590 -56.78613281 8.00000000
v 9.15944481 -56.25916290 8.00000000
v -0.22545150 -57.00012207 8.00000000
v 4.48230505 -56.82410431 8.00000000
v -18.29406548 53.98389435 8.00000000
v 9.60462093 56.18482208 8.00000000
v -13.77358532 55.31079102 8.00000000
v 4.93209505 56.78588867 8.00000000
v -9.15901661 56.25878906 8.00000000
v 0.22587985 56.99902344 8.00000000
v -4.48187590 56.82299805 8.00000000
v 14.21153450 55.19995117 8.00000000
v -22.68959427 52.28881836 8.00000000
v 18.72138405 53.83789062 8.00000000
v 23.10333443 52.10791016 8.00000000
v -53.41270828 29.17992973 10.96479988
v -53.06202698 28.98779106 10.00000000
v -45.22610855 40.93383789 12.00000095
v -33.16032791 49.79785156 9.17160034
v -20.27935600 56.28588867 9.17160034
v -30.36333466 52.90601349 12.00000095
v -34.42068863 50.36083984 12.00000095
v -44.11412811 40.41478729 9.17160034
v -6.21980190 59.50391388 9.17160034
v -17.17370415 58.53295898 12.00000095
v -21.71316528 57.00391388 12.00000095
v 8.20123291 59.26392365 9.17160034
v -3.03503323 60.92382812 12.00000095
v -7.80575275 60.49780273 12.00000095
v 22.14564514 55.57886505 9.17160034
v 11.27136517 59.94995117 12.00000095
v 6.53301811 60.64893341 12.00000095
v 34.80305481 48.66381836 9.17160034
v 24.95490456 55.66187286 12.00000095
v 20.51078415 57.44799805 12.00000095
v 45.43785477 38.92089844 9.17160034
v 37.25944138 48.29785156 12.00000095
v 33.35513306 51.07299805 12.00000095
v 53.43198395 26.91600990 9.17160034
v 47.50505447 38.26586914 12.00000095
v 44.35628128 41.87500000 12.00000095
v 58.32083130 13.34692001 9.17160034
v 55.12551117 26.11889076 12.00000095
v 52.90631485 30.36279106 12.00000095
v 59.82032394 -0.99805069 9.17160034
v 59.69976425 12.52783012 12.00000095
v 58.53274155 17.17383003 12.00000095
v 60.92464447 3.03491020 12.00000095
v 60.97499466 -1.75415039 12.00000095
v -38.26583862 47.50488281 12.00000095
v -26.11875534 55.12500000 12.00000095
v -12.52834511 59.69995117 12.00000095
v 1.75439978 60.97485352 12.00000095
v 15.94020462 58.87988281 12.00000095
v 29.24517441 53.53295898 12.00000095
v 40.93405151 45.22583008 12.00000095
v 50.36092377 34.42089844 12.00000095
v 57.00485229 21.71288872 12.00000095
v 60.49870300 7.80591011 12.00000095
v 57.84326172 -15.28516006 9.17160034
v 58.88074112 -15.94006634 12.00000095
v 59.94987488 -11.27112007 12.00000095
v 60.64938354 -6.53320026 12.00000095
v 50.93096161 -27.82409859 8.13631058
v 51.77757263 -28.28613091 8.53591061
v 52.50460434 -28.68310928 9.17160034
v 53.06244278 -28.98804092 10.00000000
v 53.41314316 -29.18004990 10.96479988
v -50.93052673 27.82396889 8.13631058
v -51.77715683 28.28589058 8.53591061
v -41.87505722 44.35594940 12.00000095
v -52.50416565 28.68285942 9.17160034
v 44.11455154 -40.41503906 9.17160034
v 33.16075134 -49.79810333 9.17160034
v 6.22023201 -59.50415039 9.17160034
v -22.14522552 -55.57910156 9.17160034
v -34.80262756 -48.66406250 9.17160034
v -24.19832420 -55.99511719 12.00000095
v -19.69318581 -57.73413086 12.00000095
v -45.43742752 -38.92114258 9.17160034
v -36.69581604 -48.72814941 12.00000095
v -32.72635651 -51.47814941 12.00000095
v -53.43154526 -26.91614151 9.17160034
v -47.13219833 -38.72412109 12.00000095
v -43.92137527 -42.33106232 12.00000095
v -58.32040787 -13.34704876 9.17160034
v -54.92128754 -26.54504776 12.00000095
v -52.64944839 -30.80615044 12.00000095
v -59.81988525 0.99779892 9.17160034
v -59.62559509 -12.87512398 12.00000095
v -58.42032623 -17.55114937 12.00000095
v -60.90989685 -3.31006050 12.00000095
v -60.98088837 1.51782036 12.00000095
v -15.06462479 -59.11108398 12.00000095
v -28.55180550 -53.90515137 12.00000095
v -40.43529510 -45.67310333 12.00000095
v -50.04764557 -34.87415314 12.00000095
v -56.84894562 -22.11706734 12.00000095
v -60.45718765 -8.11816692 12.00000095
v 20.27978516 -56.28710938 9.17160034
v -57.84284592 15.28491020 9.17160034
v -58.91104889 15.82592964 12.00000095
v -59.97831726 11.11596870 12.00000095
v -60.66970825 6.33691025 12.00000095
v -8.20080376 -59.26403809 9.17160034
v -39.32990646 2.50000000 10.00000000
v -39.51877594 3.28295898 8.58580017
v -40.15202713 0.00000000 9.23470020
v -40.58556747 0.00000000 8.58580017
v -30.66966438 -2.50000095 10.00000000
v -29.84755516 0.00000000 9.23470020
v -29.41400528 0.00000000 8.58580017
v -30.48078537 -3.28320026 8.58580017
v 82.49957275 -75.09815216 12.09219551
v 82.35941315 -76.44715118 12.08920383
v 82.12483978 -77.34313965 12.07319832
v 82.31517029 -76.58312988 12.00000095
v 82.19733429 -77.06104279 12.00000095
v 82.04841614 -77.53112793 12.00000095
v 81.86903381 -77.98914337 12.00000095
v 82.47824097 -75.02808380 12.00000095
v 82.49957275 -75.09815216 12.09219551
v 82.47643280 -75.19312286 12.00000095
v 82.45181274 -75.65711212 12.00000095
v 81.58208466 -78.59606934 12.02870274
v 81.65996552 -78.43505859 12.00000095
v 81.50761414 -78.71912384 12.00000095
v 81.29298401 -79.07508087 12.00000095
v 81.58208466 -78.59606934 12.02870274
v 82.12483978 -77.34313965 12.07319832
v 81.86903381 -77.98914337 12.00000095
v 81.65996552 -78.43505859 12.00000095
v -50.50488663 75.00000000 1.00000000
v -58.38897705 63.86083984 1.00000000
v -53.10883713 74.26782227 1.00000000
v -51.85727692 74.81397247 1.00000000
v -54.16629791 73.40479279 1.00000000
v -54.95079803 72.28784180 1.00000000
v -55.25470734 70.96900177 1.76539993
v -57.90246582 63.53491211 2.41419983
v -54.82991791 70.88281250 2.41419983
v -53.29668808 73.41895294 2.41419983
v -70.30520630 -80.84912872 12.00000095
v -69.93110657 -80.52808380 12.00000095
v -69.57888794 -80.18311310 12.00000095
v -69.25009918 -79.81604004 12.00000095
v -68.94615936 -79.42810059 12.00000095
v -68.66835785 -79.02014923 12.00000095
v -68.41793060 -78.59606934 12.00000095
v -67.57749939 -76.07714844 12.00000095
v -67.67288971 -76.60205078 12.00000095
v -67.51788330 -74.47913361 12.00000095
v -67.49978638 -75.01306915 12.00000095
v -67.79818726 -72.90612793 12.00000095
v -67.66745758 -73.42310333 12.00000095
v -67.96540833 -72.39904785 12.00000095
v -68.16825867 -71.90515900 12.00000095
v -72.34121704 -67.98706055 12.00000095
v -71.84913635 -68.19409943 12.00000095
v -73.88790894 -67.58312988 12.00000095
v -73.36316681 -67.68115997 12.00000095
v -75.48513031 -67.51612091 12.00000095
v -74.95156860 -67.50012970 12.00000095
v -76.01619720 -67.56909943 12.00000095
v -76.54213715 -67.66016388 12.00000095
v -79.44400787 -68.95911407 12.00000095
v -79.86245728 -69.29003906 12.00000095
v -80.25626373 -69.65015411 12.00000095
v -68.17884827 -78.11914062 12.00000095
v -67.97432709 -77.62609863 12.00000095
v -67.80536652 -77.11914062 12.00000095
v -68.40570831 -71.42713165 12.00000095
v -68.67653656 -70.96704865 12.00000095
v -68.97942352 -70.52709961 12.00000095
v -69.31279755 -70.11010742 12.00000095
v -69.67495728 -69.71813965 12.00000095
v -70.06411743 -69.35314941 12.00000095
v -70.47824860 -69.01612091 12.00000095
v -70.91529846 -68.71009064 12.00000095
v -71.37303925 -68.43505859 12.00000095
v -77.06027985 -67.78907013 12.00000095
v -77.56797791 -67.95410919 12.00000095
v -78.06266022 -68.15406036 12.00000095
v -78.54181671 -68.38903809 12.00000095
v -79.00305939 -68.65808868 12.00000095
v -67.51969910 -75.54615021 12.00000095
v -67.57386780 -73.94910431 12.00000095
v -72.84674835 -67.81604004 12.00000095
v -74.41825867 -67.52307892 12.00000095
v -69.90242767 -80.50611115 12.00000095
v -69.63044739 -80.24414062 12.00000095
v -69.37197876 -79.96813965 12.00000095
v -69.12770081 -79.68115997 12.00000095
v -68.24060822 -78.29212189 12.00000095
v -68.02742767 -77.81909943 12.00000095
v -67.84739685 -77.33312988 12.00000095
v -67.47617340 -75.35413361 12.00000095
v -67.46645355 -74.97205353 12.00000095
v -79.92965698 -69.34510040 12.00000095
v -79.58542633 -69.05908966 12.00000095
v -79.19523621 -68.77404785 12.00000095
v -78.78751373 -68.51514435 12.00000095
v -78.52768707 -68.36804962 12.00000095
v -77.82978058 -68.03710938 12.00000095
v -77.32778931 -67.85108185 12.00000095
v -76.81379700 -67.70104980 12.00000095
v -76.33580017 -67.59606934 12.00000095
v -74.31800842 -67.49804688 12.00000095
v -73.87534332 -67.55004883 12.00000095
v -68.67135620 -79.05004883 12.00000095
v -68.48590851 -78.74804688 12.00000095
v -73.39148712 -67.63806915 12.00000095
v -72.44616699 -67.90711212 12.00000095
v -72.91442871 -67.75708008 12.00000095
v -68.89135742 -79.37110138 12.00000095
v -67.70140076 -76.83509064 12.00000095
v -67.61737823 -76.47010040 12.00000095
v -67.55172729 -76.10009766 12.00000095
v -67.50462341 -75.72814941 12.00000095
v -67.99815369 -72.19812012 12.00000095
v -67.83592987 -72.64710236 12.00000095
v -67.70256042 -73.10511017 12.00000095
v -67.59956360 -73.56604004 12.00000095
v -67.52571869 -74.03112793 12.00000095
v -67.48130035 -74.50109863 12.00000095
v -69.34932709 -70.00208282 12.00000095
v -69.08663940 -70.31604004 12.00000095
v -68.84143829 -70.64307404 12.00000095
v -68.61447906 -70.98413086 12.00000095
v -68.40644073 -71.33605957 12.00000095
v -68.18858337 -71.76110840 12.00000095
v -70.06015778 -69.29907990 12.00000095
v -69.72985077 -69.60205078 12.00000095
v -69.53591919 -69.79907990 12.00000095
v -71.15133667 -68.51403809 12.00000095
v -70.77217865 -68.75415039 12.00000095
v -70.40802002 -69.01612091 12.00000095
v -71.54415894 -68.29711914 12.00000095
v -71.98877716 -68.08704376 12.00000095
v -78.18299866 -68.19409943 12.00000095
v -74.76294708 -67.47315216 12.00000095
v -74.87516785 -67.47106934 12.00000095
v -75.36441803 -67.48107910 12.00000095
v -75.85198975 -67.52210236 12.00000095
v 27.50718498 -75.86804962 22.16330147
v 27.16202545 -83.86010742 14.56230354
v 27.69641495 -79.15905762 19.35260201
v 27.58599472 -77.28907013 21.01410103
v -67.47617340 -75.35413361 12.00000095
v -67.46645355 -74.97205353 12.00000095
v -67.48130035 -74.50109863 12.00000095
v -65.26410675 -73.71704865 13.76190281
v 70.51161194 -75.32006836 0.00000000
v 70.78362274 -76.57215118 0.00000000
v 70.60325623 -74.04309082 0.00000000
v 79.39719391 -75.95812988 0.00000000
v 79.48882294 -74.68006134 0.00000000
v 78.94933319 -77.15711212 0.00000000
v 75.32214355 -70.51209259 0.00000000
v 74.04456329 -70.60314941 0.00000000
v 72.84439087 -71.05004883 0.00000000
v 71.81887054 -71.81713867 0.00000000
v 71.05109406 -72.84313965 0.00000000
v 79.21680450 -73.42810059 0.00000000
v 78.60320282 -72.30407715 0.00000000
v 77.69769287 -71.39807892 0.00000000
v 76.57365417 -70.78405762 0.00000000
v 77.15604401 -78.95008087 0.00000000
v 78.18156433 -78.18311310 0.00000000
v 72.30274200 -78.60205078 0.00000000
v 73.42678070 -79.21607208 0.00000000
v 74.67828369 -79.48914337 0.00000000
v 75.95587158 -79.39710236 0.00000000
v 71.39723969 -77.69605255 0.00000000
v 73.42678070 -79.21607208 8.00000000
v 72.30274200 -78.60205078 8.00000000
v 71.81887054 -71.81713867 8.00000000
v 71.05109406 -72.84313965 8.00000000
v 70.60325623 -74.04309082 8.00000000
v 70.51161194 -75.32006836 8.00000000
v 70.78362274 -76.57215118 8.00000000
v 78.60320282 -72.30407715 8.00000000
v 79.21680450 -73.42810059 8.00000000
v 79.48882294 -74.68006134 8.00000000
v 79.39719391 -75.95812988 8.00000000
v 78.94933319 -77.15711212 8.00000000
v 71.39723969 -77.69605255 8.00000000
v 78.18156433 -78.18311310 8.00000000
v 77.15604401 -78.95008087 8.00000000
v 75.95587158 -79.39710236 8.00000000
v 74.67828369 -79.48914337 8.00000000
v 74.04456329 -70.60314941 8.00000000
v 72.84439087 -71.05004883 8.00000000
v 77.69769287 -71.39807892 8.00000000
v 76.57365417 -70.78405762 8.00000000
v 75.32214355 -70.51209259 8.00000000
v -74.04412842 -79.39710236 0.00000000
v -72.84396362 -78.95008087 0.00000000
v -79.48838806 -75.32006836 0.00000000
v -79.21637726 -76.57215118 0.00000000
v -70.51117706 -74.68006134 0.00000000
v -70.60281372 -75.95812988 0.00000000
v -71.05066681 -77.15711212 0.00000000
v -74.67785645 -70.51209259 0.00000000
v -75.95543671 -70.60314941 0.00000000
v -77.15560913 -71.05004883 0.00000000
v -78.18113708 -71.81713867 0.00000000
v -78.94891357 -72.84313965 0.00000000
v -79.39675903 -74.04309082 0.00000000
v -70.78321075 -73.42810059 0.00000000
v -71.39679718 -72.30407715 0.00000000
v -72.30230713 -71.39807892 0.00000000
v -73.42635345 -70.78405762 0.00000000
v -71.81844330 -78.18311310 0.00000000
v -77.69725800 -78.60205078 0.00000000
v -76.57321930 -79.21607208 0.00000000
v -75.32171631 -79.48914337 0.00000000
v -78.60276794 -77.69605255 0.00000000
v -76.57321930 -79.21607208 8.00000000
v -77.69725800 -78.60205078 8.00000000
v -78.18113708 -71.81713867 8.00000000
v -78.94891357 -72.84313965 8.00000000
v -79.39675903 -74.04309082 8.00000000
v -79.48838806 -75.32006836 8.00000000
v -79.21637726 -76.57215118 8.00000000
v -71.39679718 -72.30407715 8.00000000
v -70.78321075 -73.42810059 8.00000000
v -70.51117706 -74.68006134 8.00000000
v -70.60281372 -75.95812988 8.00000000
v -71.05066681 -77.15711212 8.00000000
v -78.60276794 -77.69605255 8.00000000
v -71.81844330 -78.18311310 8.00000000
v -72.84396362 -78.95008087 8.00000000
v -74.04412842 -79.39710236 8.00000000
v -75.32171631 -79.48914337 8.00000000
v -75.95543671 -70.60314941 8.00000000
v -77.15560913 -71.05004883 8.00000000
v -72.30230713 -71.39807892 8.00000000
v -73.42635345 -70.78405762 8.00000000
v -74.67785645 -70.51209259 8.00000000
v 78.60320282 77.69580078 0.00000000
v 79.21680450 76.57202148 0.00000000
v 70.51161194 74.67993164 0.00000000
v 70.60325623 75.95679474 0.00000000
v 79.39719391 74.04296875 0.00000000
v 79.48882294 75.31983185 0.00000000
v 75.95587158 70.60278320 0.00000000
v 77.15604401 71.04981232 0.00000000
v 78.18156433 71.81690216 0.00000000
v 78.94933319 72.84301758 0.00000000
v 75.32214355 79.48779297 0.00000000
v 76.57365417 79.21582031 0.00000000
v 77.69769287 78.60181427 0.00000000
v 71.81887054 78.18189240 0.00000000
v 72.84439087 78.94995117 0.00000000
v 74.04456329 79.39697266 0.00000000
v 71.05109406 77.15698242 0.00000000
v 73.42678070 70.78394318 0.00000000
v 74.67828369 70.51196289 0.00000000
v 70.78362274 73.42797852 0.00000000
v 71.39723969 72.30396271 0.00000000
v 72.30274200 71.39794922 0.00000000
v 72.30274200 71.39794922 8.00000000
v 71.39723969 72.30396271 8.00000000
v 70.78362274 73.42797852 8.00000000
v 70.51161194 74.67993164 8.00000000
v 70.60325623 75.95679474 8.00000000
v 71.05109406 77.15698242 8.00000000
v 73.42678070 70.78394318 8.00000000
v 74.67828369 70.51196289 8.00000000
v 75.95587158 70.60278320 8.00000000
v 77.15604401 71.04981232 8.00000000
v 78.18156433 71.81690216 8.00000000
v 78.94933319 72.84301758 8.00000000
v 77.69769287 78.60181427 8.00000000
v 78.60320282 77.69580078 8.00000000
v 79.21680450 76.57202148 8.00000000
v 79.48882294 75.31983185 8.00000000
v 79.39719391 74.04296875 8.00000000
v 76.57365417 79.21582031 8.00000000
v 75.32214355 79.48779297 8.00000000
v 74.04456329 79.39697266 8.00000000
v 72.84439087 78.94995117 8.00000000
v 71.81887054 78.18189240 8.00000000
v 81.09559631 79.36987305 8.00000000
v 77.04115295 82.21678925 8.00000000
v 78.59591675 81.58179474 8.00000000
v 79.97035980 80.61694336 8.00000000
v 68.41834259 78.59595490 8.00000000
v 69.38348389 79.96997070 8.00000000
v 82.49039459 74.61597443 8.00000000
v 82.21718597 72.95899200 8.00000000
v 81.58208466 71.40380859 8.00000000
v 81.91517639 77.90380859 8.00000000
v 82.38800049 76.29199219 8.00000000
v 70.63026428 81.09497070 8.00000000
v 72.09618378 81.91480255 8.00000000
v 73.70771027 82.38799286 8.00000000
v 75.38406372 82.48999023 8.00000000
v 72.30274200 71.39794922 8.00000000
v 71.39723969 72.30396271 8.00000000
v 70.78362274 73.42797852 8.00000000
v 70.51161194 74.67993164 8.00000000
v 70.60325623 75.95679474 8.00000000
v 71.05109406 77.15698242 8.00000000
v 73.42678070 70.78394318 8.00000000
v 74.67828369 70.51196289 8.00000000
v 75.95587158 70.60278320 8.00000000
v 77.15604401 71.04981232 8.00000000
v 78.18156433 71.81690216 8.00000000
v 78.94933319 72.84301758 8.00000000
v 77.69769287 78.60181427 8.00000000
v 78.60320282 77.69580078 8.00000000
v 79.21680450 76.57202148 8.00000000
v 79.48882294 75.31983185 8.00000000
v 79.39719391 74.04296875 8.00000000
v 76.57365417 79.21582031 8.00000000
v 75.32214355 79.48779297 8.00000000
v 74.04456329 79.39697266 8.00000000
v 72.84439087 78.94995117 8.00000000
v 71.81887054 78.18189240 8.00000000
v 72.95927429 67.78295898 8.00000000
v 67.78325653 77.04102325 8.00000000
v 67.51004028 75.38378906 8.00000000
v 67.61243439 73.70679474 8.00000000
v 68.08526611 72.09595490 8.00000000
v 68.90484619 70.62988281 8.00000000
v 70.03007507 69.38281250 8.00000000
v 71.40453339 68.41796875 8.00000000
v 79.37016296 68.90479279 8.00000000
v 80.61694336 70.02979279 8.00000000
v 77.90425110 68.08496094 8.00000000
v 76.29272461 67.61182404 8.00000000
v 74.61637115 67.51000977 8.00000000
v 69.29824066 79.87183380 12.00000095
v 68.97578430 79.46680450 12.00000095
v 68.68201447 79.04102325 12.00000095
v 68.41834259 78.59595490 12.00000095
v 69.64785004 80.25391388 12.00000095
v 80.61001587 70.02197266 12.00000095
v 80.76831055 70.20581055 12.00000095
v 80.92056274 70.39600372 12.00000095
v 68.30533600 78.37988281 12.00000095
v 68.19933319 78.16187286 12.00000095
v 68.10048676 77.93994141 12.00000095
v 68.00887299 77.71485138 12.00000095
v 67.92459106 77.48682404 12.00000095
v 67.84775543 77.25585938 12.00000095
v 67.77840424 77.02393341 12.00000095
v 67.71664429 76.78881836 12.00000095
v 67.66252136 76.55200195 12.00000095
v 67.61610413 76.31298828 12.00000095
v 67.57744598 76.07299805 12.00000095
v 67.54656219 75.83179474 12.00000095
v 67.52351379 75.58985138 12.00000095
v 67.50830078 75.34790039 12.00000095
v 67.50095367 75.10498047 12.00000095
v 67.50148010 74.86182404 12.00000095
v 67.50987244 74.61890411 12.00000095
v 67.52613068 74.37695312 12.00000095
v 67.55023193 74.13500977 12.00000095
v 67.58215332 73.89379883 12.00000095
v 67.62186432 73.65479279 12.00000095
v 67.66931152 73.41602325 12.00000095
v 67.72446442 73.17993164 12.00000095
v 67.78723145 72.94483185 12.00000095
v 67.85758209 72.71192169 12.00000095
v 67.93543243 72.48193359 12.00000095
v 68.02069092 72.25488281 12.00000095
v 68.11328125 72.02979279 12.00000095
v 68.21309662 71.80786133 12.00000095
v 68.32003021 71.58985138 12.00000095
v 68.43398285 71.37598419 12.00000095
v 68.55482483 71.16480255 12.00000095
v 68.68243408 70.95800781 12.00000095
v 68.81666565 70.75585938 12.00000095
v 68.95738220 70.55786133 12.00000095
v 69.10445404 70.36401367 12.00000095
v 69.25771332 70.17603302 12.00000095
v 69.41698456 69.99194336 12.00000095
v 69.58213043 69.81397247 12.00000095
v 69.75295258 69.64086914 12.00000095
v 69.92929077 69.47388458 12.00000095
v 70.11095428 69.31298828 12.00000095
v 70.29774475 69.15698242 12.00000095
v 70.48946381 69.00781250 12.00000095
v 70.68592072 68.86499023 12.00000095
v 70.88690186 68.72901154 12.00000095
v 71.09221649 68.59790039 12.00000095
v 71.30161285 68.47485352 12.00000095
v 71.51490021 68.35889435 12.00000095
v 71.73184204 68.25000000 12.00000095
v 71.95222473 68.14697266 12.00000095
v 72.17579651 68.05200195 12.00000095
v 72.40233612 67.96387482 12.00000095
v 72.63159180 67.88378906 12.00000095
v 72.86334229 67.81079102 12.00000095
v 73.09734344 67.74487305 12.00000095
v 73.33332062 67.68798828 12.00000095
v 73.57106018 67.63696289 12.00000095
v 73.81030273 67.59497070 12.00000095
v 74.05079651 67.55982208 12.00000095
v 74.29227448 67.53295898 12.00000095
v 74.53450012 67.51489258 12.00000095
v 74.77722168 67.50292969 12.00000095
v 75.02016449 67.50000000 12.00000095
v 75.26309967 67.50391388 12.00000095
v 75.50575256 67.51685333 12.00000095
v 75.74787140 67.53687286 12.00000095
v 75.98921204 67.56591797 12.00000095
v 76.22952271 67.60083008 12.00000095
v 76.46852112 67.64501953 12.00000095
v 76.70599365 67.69580078 12.00000095
v 76.94167328 67.75488281 12.00000095
v 77.17531586 67.82202148 12.00000095
v 77.40666962 67.89697266 12.00000095
v 77.63551331 67.97778320 12.00000095
v 77.86157227 68.06690216 12.00000095
v 78.08463287 68.16284180 12.00000095
v 78.30446625 68.26685333 12.00000095
v 78.52082062 68.37792969 12.00000095
v 78.73348236 68.49487305 12.00000095
v 78.94223022 68.61890411 12.00000095
v 79.14684296 68.75098419 12.00000095
v 79.34709167 68.88793945 12.00000095
v 79.54279327 69.03198242 12.00000095
v 79.73371124 69.18189240 12.00000095
v 79.91968536 69.33887482 12.00000095
v 80.10047150 69.50098419 12.00000095
v 80.27590942 69.66895294 12.00000095
v 80.44582367 69.84301758 12.00000095
v 68.49327087 78.74780273 12.00000095
v 69.38410187 79.97388458 12.00000095
v 69.13506317 79.67993164 12.00000095
v 68.89871216 79.37084961 12.00000095
v 68.67873383 79.04981232 12.00000095
v 68.24796295 78.29102325 12.00000095
v 68.03479004 77.81884766 12.00000095
v 67.85477448 77.33300781 12.00000095
v 67.70876312 76.83496094 12.00000095
v 67.55908966 76.09985352 12.00000095
v 67.62473297 76.46900177 12.00000095
v 71.99613190 68.08692169 12.00000095
v 72.45354462 67.90698242 12.00000095
v 80.77705383 70.21485138 12.00000095
v 80.62805939 70.03881836 12.00000095
v 80.47372437 69.86791992 12.00000095
v 79.96384430 69.36791992 12.00000095
v 79.59279633 69.05883789 12.00000095
v 79.20260620 68.77393341 12.00000095
v 78.79488373 68.51489258 12.00000095
v 78.53506470 68.36791992 12.00000095
v 78.19035339 68.19287109 12.00000095
v 77.83713531 68.03687286 12.00000095
v 77.33515167 67.85083008 12.00000095
v 76.82115173 67.70092773 12.00000095
v 75.37177277 67.48096466 12.00000095
v 80.31419373 69.70092773 12.00000095
v 74.88251495 67.47095490 12.00000095
v 74.77032471 67.47290039 12.00000095
v 73.39886475 67.63793945 12.00000095
v 73.88271332 67.54981232 12.00000095
v 72.92178345 67.75684357 12.00000095
v 67.51198578 75.72778320 12.00000095
v 67.47382355 74.97193146 12.00000095
v 67.48354340 75.35401154 12.00000095
v 67.48865509 74.50098419 12.00000095
v 67.53307343 74.03101349 12.00000095
v 67.60693359 73.56494141 12.00000095
v 67.84328461 72.64697266 12.00000095
v 67.70991516 73.10498047 12.00000095
v 68.00552368 72.19799805 12.00000095
v 68.19595337 71.76099396 12.00000095
v 68.41379547 71.33594513 12.00000095
v 68.62183380 70.98389435 12.00000095
v 68.84880066 70.64282227 12.00000095
v 69.35670471 70.00195312 12.00000095
v 69.09399414 70.31591797 12.00000095
v 70.06752014 69.29882812 12.00000095
v 69.73721313 69.60181427 12.00000095
v 69.54328156 69.79785156 12.00000095
v 70.41537476 69.01489258 12.00000095
v 70.77954102 68.75391388 12.00000095
v 71.15871429 68.51392365 12.00000095
v 71.55152130 68.29688263 12.00000095
v 76.34315491 67.59595490 12.00000095
v 75.85934448 67.52197266 12.00000095
v 74.32536316 67.49780273 12.00000095
v 67.47382355 74.97193146 12.00000095
v 67.48354340 75.35401154 12.00000095
v 67.48865509 74.50098419 12.00000095
v 65.27148438 73.71680450 13.76190281
v -70.51117706 75.31983185 0.00000000
v -71.39679718 77.69580078 0.00000000
v -70.78321075 76.57202148 0.00000000
v -73.42635345 79.21582031 0.00000000
v -74.67785645 79.48779297 0.00000000
v -78.94891357 77.15698242 0.00000000
v -79.39675903 75.95679474 0.00000000
v -79.48838806 74.67993164 0.00000000
v -70.60281372 74.04296875 0.00000000
v -79.21637726 73.42797852 0.00000000
v -78.60276794 72.30396271 0.00000000
v -77.69725800 71.39794922 0.00000000
v -76.57321930 70.78394318 0.00000000
v -75.32171631 70.51196289 0.00000000
v -74.04412842 70.60278320 0.00000000
v -72.84396362 71.04981232 0.00000000
v -71.81844330 71.81690216 0.00000000
v -71.05066681 72.84301758 0.00000000
v -72.30230713 78.60181427 0.00000000
v -78.18113708 78.18189240 0.00000000
v -77.15560913 78.94995117 0.00000000
v -75.95543671 79.39697266 0.00000000
v -77.69725800 71.39794922 8.00000000
v -78.60276794 72.30396271 8.00000000
v -79.21637726 73.42797852 8.00000000
v -79.48838806 74.67993164 8.00000000
v -79.39675903 75.95679474 8.00000000
v -78.94891357 77.15698242 8.00000000
v -76.57321930 70.78394318 8.00000000
v -75.32171631 70.51196289 8.00000000
v -74.04412842 70.60278320 8.00000000
v -72.84396362 71.04981232 8.00000000
v -71.81844330 71.81690216 8.00000000
v -71.05066681 72.84301758 8.00000000
v -72.30230713 78.60181427 8.00000000
v -71.39679718 77.69580078 8.00000000
v -70.78321075 76.57202148 8.00000000
v -70.51117706 75.31983185 8.00000000
v -70.60281372 74.04296875 8.00000000
v -73.42635345 79.21582031 8.00000000
v -74.67785645 79.48779297 8.00000000
v -75.95543671 79.39697266 8.00000000
v -77.15560913 78.94995117 8.00000000
v -78.18113708 78.18189240 8.00000000
v -79.96994019 69.38281250 8.00000000
v -75.38362885 67.51000977 8.00000000
v -73.70729065 67.61182404 8.00000000
v -72.09574890 68.08496094 8.00000000
v -78.59546661 68.41796875 8.00000000
v -77.04073334 67.78295898 8.00000000
v -70.62983704 68.90479279 8.00000000
v -69.38305664 70.02979279 8.00000000
v -68.41793060 71.40380859 8.00000000
v -82.21675873 77.04102325 8.00000000
v -81.58165741 78.59595490 8.00000000
v -82.38757324 73.70679474 8.00000000
v -82.48996735 75.38378906 8.00000000
v -81.09516907 70.62988281 8.00000000
v -81.91474915 72.09595490 8.00000000
v -77.69725800 71.39794922 8.00000000
v -78.60276794 72.30396271 8.00000000
v -79.21637726 73.42797852 8.00000000
v -79.48838806 74.67993164 8.00000000
v -79.39675903 75.95679474 8.00000000
v -78.94891357 77.15698242 8.00000000
v -76.57321930 70.78394318 8.00000000
v -75.32171631 70.51196289 8.00000000
v -74.04412842 70.60278320 8.00000000
v -72.84396362 71.04981232 8.00000000
v -71.81844330 71.81690216 8.00000000
v -71.05066681 72.84301758 8.00000000
v -72.30230713 78.60181427 8.00000000
v -71.39679718 77.69580078 8.00000000
v -70.78321075 76.57202148 8.00000000
v -70.51117706 75.31983185 8.00000000
v -70.60281372 74.04296875 8.00000000
v -73.42635345 79.21582031 8.00000000
v -74.67785645 79.48779297 8.00000000
v -75.95543671 79.39697266 8.00000000
v -77.15560913 78.94995117 8.00000000
v -78.18113708 78.18189240 8.00000000
v -77.90381622 81.91480255 8.00000000
v -79.36974335 81.09497070 8.00000000
v -80.61652374 79.96997070 8.00000000
v -70.02964783 80.61694336 8.00000000
v -71.40409851 81.58179474 8.00000000
v -68.08483887 77.90380859 8.00000000
v -68.90441895 79.36987305 8.00000000
v -67.61200714 76.29199219 8.00000000
v -67.50962067 74.61597443 8.00000000
v -67.78282928 72.95899200 8.00000000
v -76.29229736 82.38799286 8.00000000
v -72.95884705 82.21678925 8.00000000
v -74.61593628 82.48999023 8.00000000
v -63.83889008 67.35401154 0.00000000
v -63.21320724 66.60596466 0.00000000
v -60.74856567 63.41796875 21.60890388
v -63.79587555 67.31884766 16.48710823
v -63.21320724 66.60596466 17.30940437
v -62.92153549 65.67481232 0.00000000
v -63.00828552 64.70288086 0.00000000
v -63.46023560 63.83887482 0.00000000
v -62.96514511 65.94287109 17.87109566
v -62.91292572 65.23779297 18.32660103
v -63.07493591 64.50684357 18.66130257
v -63.44538879 63.85791016 18.82220650
v -63.21320724 66.60596466 0.00000000
v -62.92153549 65.67481232 0.00000000
v -63.21320724 66.60596466 17.30940437
v -62.96514511 65.94287109 17.87109566
v -64.20861053 63.21289062 0.00000000
v -63.46023560 63.83887482 0.00000000
v -65.13942719 62.92188263 0.00000000
v -64.93605804 62.95191193 18.47580147
v -63.44538879 63.85791016 18.82220650
v -63.80114746 63.49097443 18.82719612
v -64.22384644 63.20484161 18.74679756
v -66.97544861 63.45996094 0.00000000
v -66.11103058 63.00781250 0.00000000
v -65.13942719 62.92188263 0.00000000
v -64.93605804 62.95191193 18.47580147
v -65.69297791 62.92382812 18.03909492
v -66.16696930 63.02490234 17.68760872
v -66.99472809 63.47583008 16.88820076
v -67.60112762 64.20899200 0.00000000
v -66.97544861 63.45996094 0.00000000
v -66.99472809 63.47583008 16.88820076
v -67.60112762 64.20899200 16.02450752
v -66.60572815 67.60083008 0.00000000
v -67.35408783 66.97583008 0.00000000
v -67.80603790 66.11083984 0.00000000
v -67.24122620 67.10596466 14.33120918
v -66.76262665 67.50781250 14.38479805
v -67.62046051 66.56983185 14.43690681
v -67.85015869 65.93798828 14.70829964
v -67.80603790 66.11083984 0.00000000
v -67.89277649 65.13989258 0.00000000
v -67.85015869 65.93798828 14.70829964
v -67.88337708 65.06298828 15.27310371
v -67.89277649 65.13989258 0.00000000
v -67.60112762 64.20899200 0.00000000
v -67.60112762 64.20899200 16.02450752
v -67.88337708 65.06298828 15.27310371
v -63.83889008 67.35401154 0.00000000
v -65.67489624 67.89282227 0.00000000
v -66.60572815 67.60083008 0.00000000
v -64.70332336 67.80590820 0.00000000
v -64.55489349 67.75781250 15.70430183
v -63.79587555 67.31884766 16.48710823
v -65.89158630 67.85986328 14.73910713
v -65.06797791 67.88378906 15.27820015
v -66.76262665 67.50781250 14.38479805
v -66.18708801 67.78295898 14.59070015
v -14.50380516 -84.50207520 35.50000000
v -10.08573532 -133.59201050 31.08200455
v 14.50424480 -84.50207520 35.50000000
v 10.08617115 -133.59201050 31.08200455
v -10.56097507 -134.08311462 30.74650955
v -10.08573532 -134.05311584 30.92059517
v -10.58143520 -133.62411499 30.94589615
v 10.08617115 -134.05311584 30.92059517
v 10.56140518 -134.08311462 30.74650955
v 10.58185482 -133.62411499 30.94589615
v 15.08636475 -84.50207520 35.31301117
v -15.08594513 -84.50207520 35.31301117
v -10.56097507 -134.08311462 30.74650955
v -10.58143520 -133.62411499 30.94589615
v -10.94562531 -133.62411499 30.58169937
v -10.92031479 -134.05311584 30.08600235
v -10.08573532 -134.50210571 30.08600235
v -10.08573532 -134.38311768 30.55990791
v -10.55961514 -134.38311768 30.08600235
v -11.08172512 -133.59201050 30.08600235
v 10.08617115 -134.50210571 30.08600235
v 10.08617115 -134.38311768 30.55990791
v 10.56140518 -134.08311462 30.74650955
v 11.08215523 -133.59201050 30.08600235
v 10.94606495 -133.62411499 30.58169937
v 10.92075539 -134.05311584 30.08600235
v 10.56004524 -134.38311768 30.08600235
v 15.39086533 -84.50207520 34.95880127
v 15.50020504 -84.50207520 34.50411224
v -15.08594513 -84.50207520 35.31301117
v -15.39043522 -84.50207520 34.95880127
v -15.49978542 -84.50207520 34.50411224
v 15.50020504 -84.50207520 5.49600029
v -15.49978542 -84.50207520 5.49600029
v 15.39086533 -84.50207520 5.04120064
v -15.31271553 -84.50207520 4.91390038
v 15.08636475 -84.50207520 4.68709946
v -14.95857525 -84.50207520 4.60940933
v -11.08172512 -133.59201050 9.91409969
v -10.08573532 -134.50210571 9.91409969
v -10.55961514 -134.38311768 9.91409969
v -10.92031479 -134.05311584 9.91409969
v 11.08215523 -133.59201050 9.91409969
v 10.92075539 -134.05311584 9.91409969
v 10.56004524 -134.38311768 9.91409969
v 10.08617115 -134.50210571 9.91409969
v -10.56097507 -134.08311462 9.25360012
v -10.58143520 -133.62411499 9.05420017
v -10.08573532 -134.38311768 9.44019985
v -10.94562531 -133.62411499 9.41839981
v 10.08617115 -134.38311768 9.44019985
v 10.56140518 -134.08311462 9.25360012
v 10.58185482 -133.62411499 9.05420017
v 10.94606495 -133.62411499 9.41839981
v 0.00021419 -134.50210571 27.00000191
v 1.55786180 -134.50210571 26.82449532
v 3.03740072 -134.50210571 26.30679512
v 4.36464214 -134.50210571 25.47290230
v 5.47303295 -134.50210571 24.36450386
v 6.30699587 -134.50210571 23.03720284
v 6.82470894 -134.50210571 21.55769539
v 7.00021505 -134.50210571 20.00000191
v 6.82470894 -134.50210571 18.44239998
v 6.30699587 -134.50210571 16.96280098
v 5.47303295 -134.50210571 15.63560677
v 4.36464214 -134.50210571 14.52720833
v 3.03740072 -134.50210571 13.69330025
v 1.55786180 -134.50210571 13.17550850
v 0.00021419 -134.50210571 13.00000095
v -1.55743217 -134.50210571 13.17550850
v -3.03697205 -134.50210571 13.69330025
v -4.36421394 -134.50210571 14.52720833
v -5.47260618 -134.50210571 15.63560677
v -6.30656815 -134.50210571 16.96280098
v -6.82428122 -134.50210571 18.44239998
v -6.99978590 -134.50210571 20.00000191
v -6.82428122 -134.50210571 21.55769539
v -6.30656815 -134.50210571 23.03720284
v -5.47260618 -134.50210571 24.36450386
v -4.36421394 -134.50210571 25.47290230
v -3.03697205 -134.50210571 26.30679512
v -1.55743217 -134.50210571 26.82449532
v -10.56097507 -134.08311462 30.74650955
v -10.08573532 -134.05311584 30.92059517
v -10.08573532 -134.38311768 30.55990791
v 10.08617115 -134.38311768 30.55990791
v 10.08617115 -134.05311584 30.92059517
v 10.56140518 -134.08311462 30.74650955
v 10.58185482 -133.62411499 30.94589615
v 10.94606495 -133.62411499 30.58169937
v 15.08636475 -84.50207520 35.31301117
v 15.39086533 -84.50207520 34.95880127
v -10.08573532 -133.59201050 8.91810989
v -14.50380516 -84.50207520 4.50000000
v 10.08617115 -133.59201050 8.91810989
v 14.50424480 -84.50207520 4.50000000
v 15.08636475 -84.50207520 4.68709946
v -14.95857525 -84.50207520 4.60940933
v -10.56097507 -134.08311462 9.25360012
v -10.58143520 -133.62411499 9.05420017
v -10.08573532 -134.05311584 9.07950020
v 10.08617115 -134.05311584 9.07950020
v 10.56140518 -134.08311462 9.25360012
v 10.58185482 -133.62411499 9.05420017
v -14.50380516 -84.50207520 35.50000000
v 14.50424480 -84.50207520 35.50000000
v 15.08636475 -84.50207520 35.31301117
v 15.39086533 -84.50207520 34.95880127
v 15.50020504 -84.50207520 34.50411224
v -15.08594513 -84.50207520 35.31301117
v -15.39043522 -84.50207520 34.95880127
v -15.49978542 -84.50207520 34.50411224
v -14.50380516 -84.50207520 4.50000000
v 14.50424480 -84.50207520 4.50000000
v 15.50020504 -84.50207520 5.49600029
v -15.49978542 -84.50207520 5.49600029
v 15.39086533 -84.50207520 5.04120064
v -15.31271553 -84.50207520 4.91390038
v 15.08636475 -84.50207520 4.68709946
v -14.95857525 -84.50207520 4.60940933
v -10.56097507 -134.08311462 9.25360012
v -10.08573532 -134.05311584 9.07950020
v -10.08573532 -134.38311768 9.44019985
v 10.08617115 -134.05311584 9.07950020
v 10.08617115 -134.38311768 9.44019985
v 10.56140518 -134.08311462 9.25360012
v -112.12471771 -335.86212158 -32.18659973
v -109.83171844 -337.92810059 -32.61370087
v -111.00341797 -336.95721436 -32.23770142
v -108.66841888 -338.72711182 -33.29570007
v -113.13961792 -334.70010376 -32.46279907
v -107.57191467 -339.31411743 -34.24948883
v -113.99691772 -333.52810669 -33.05269623
v -106.59721375 -339.66021729 -35.42729950
v -114.65391541 -332.40521240 -33.92649841
v -105.79301453 -339.74801636 -36.76994324
v -115.07741547 -331.38610840 -35.04039001
v -105.19981384 -339.57211304 -38.21021271
v -115.24641418 -330.52410889 -36.33869934
v -104.84732056 -339.14212036 -39.67581940
v -115.15231323 -329.86212158 -37.75623322
v -104.75321960 -338.48010254 -41.09333038
v -114.79972076 -329.43209839 -39.22186279
v -104.92211914 -337.61801147 -42.39162445
v -114.20661926 -329.25610352 -40.66210938
v -105.34571838 -336.60009766 -43.50559998
v -113.40242004 -329.34411621 -42.00479889
v -106.00261688 -335.47610474 -44.37940979
v -112.42771912 -329.69009399 -43.18256378
v -106.86001587 -334.30410767 -44.96923828
v -111.33121490 -330.27709961 -44.13635254
v -107.87481689 -333.14212036 -45.24551392
v -110.16791534 -331.07720947 -44.81835175
v -108.99621582 -332.04809570 -45.19435120
v 0.00021419 -134.50210571 27.00000191
v 1.55786180 -134.50210571 26.82449532
v 3.03740072 -134.50210571 26.30679512
v 4.36464214 -134.50210571 25.47290230
v 5.47303295 -134.50210571 24.36450386
v 6.30699587 -134.50210571 23.03720284
v 6.82470894 -134.50210571 21.55769539
v 7.00021505 -134.50210571 20.00000191
v 6.82470894 -134.50210571 18.44239998
v 6.30699587 -134.50210571 16.96280098
v 5.47303295 -134.50210571 15.63560677
v 4.36464214 -134.50210571 14.52720833
v 3.03740072 -134.50210571 13.69330025
v 1.55786180 -134.50210571 13.17550850
v 0.00021419 -134.50210571 13.00000095
v -1.55743217 -134.50210571 13.17550850
v -3.03697205 -134.50210571 13.69330025
v -4.36421394 -134.50210571 14.52720833
v -5.47260618 -134.50210571 15.63560677
v -6.30656815 -134.50210571 16.96280098
v -6.82428122 -134.50210571 18.44239998
v -6.99978590 -134.50210571 20.00000191
v -6.82428122 -134.50210571 21.55769539
v -6.30656815 -134.50210571 23.03720284
v -5.47260618 -134.50210571 24.36450386
v -4.36421394 -134.50210571 25.47290230
v -3.03697205 -134.50210571 26.30679512
v -1.55743217 -134.50210571 26.82449532
v -112.12471771 -335.86212158 -32.18659973
v -109.83171844 -337.92810059 -32.61370087
v -111.00341797 -336.95721436 -32.23770142
v -108.66841888 -338.72711182 -33.29570007
v -113.13961792 -334.70010376 -32.46279907
v -107.57191467 -339.31411743 -34.24948883
v -113.99691772 -333.52810669 -33.05269623
v -106.59721375 -339.66021729 -35.42729950
v -114.65391541 -332.40521240 -33.92649841
v -105.79301453 -339.74801636 -36.76994324
v -115.07741547 -331.38610840 -35.04039001
v -105.19981384 -339.57211304 -38.21021271
v -115.24641418 -330.52410889 -36.33869934
v -104.84732056 -339.14212036 -39.67581940
v -115.15231323 -329.86212158 -37.75623322
v -104.75321960 -338.48010254 -41.09333038
v -114.79972076 -329.43209839 -39.22186279
v -104.92211914 -337.61801147 -42.39162445
v -114.20661926 -329.25610352 -40.66210938
v -105.34571838 -336.60009766 -43.50559998
v -113.40242004 -329.34411621 -42.00479889
v -106.00261688 -335.47610474 -44.37940979
v -112.42771912 -329.69009399 -43.18256378
v -106.86001587 -334.30410767 -44.96923828
v -111.33121490 -330.27709961 -44.13635254
v -107.87481689 -333.14212036 -45.24551392
v -110.16791534 -331.07720947 -44.81835175
v -108.99621582 -332.04809570 -45.19435120
v -24.13664436 -258.43212891 3.40609932
v -24.04250526 -257.76901245 1.98859978
v -24.21146584 -256.90710449 0.69029045
v -24.63501549 -255.88900757 -0.42370987
v -25.29196548 -254.76611328 -1.29750061
v -26.14933586 -253.59310913 -1.88730049
v -27.16415596 -252.43110657 -2.16359901
v -28.28552437 -251.33700562 -2.11240005
v -29.45721436 -250.36610413 -1.73640060
v -30.62047577 -249.56710815 -1.05439949
v -31.71698570 -248.97911072 -0.10059929
v -32.69173813 -248.63301086 1.07710075
v -33.49587631 -248.54611206 2.41979980
v -34.08906555 -248.72111511 3.86010933
v -34.44156647 -249.15110779 5.32570076
v -34.53570557 -249.81410217 6.74320030
v -34.36675644 -250.67610168 8.04151058
v -33.94319534 -251.69410706 9.15550041
v -33.28624725 -252.81710815 10.02929974
v -32.42887878 -253.99011230 10.61910057
v -31.41407585 -255.15211487 10.89540005
v -30.29270554 -256.24612427 10.84419060
v -29.12101555 -257.21701050 10.46819973
v -27.95774460 -258.01611328 9.78620052
v -26.86124420 -258.60311890 8.83240032
v -25.88648415 -258.94912720 7.65470028
v -25.08234596 -259.03710938 6.31200027
v -24.48914528 -258.86111450 4.87170982
v -20.74459457 -244.76611328 1.75790977
v -20.14465523 -245.30500793 1.84359932
v -21.38897514 -244.23800659 1.76019096
v -20.55224419 -254.66810608 5.41530037
v -17.07603455 -250.13801575 6.17339993
v -17.17966461 -250.76110840 7.50040054
v -27.91547585 -241.91810608 7.46300030
v -31.28336525 -245.83511353 7.09609985
v -28.30508423 -242.38510132 8.93739986
v -24.22792435 -242.44210815 2.76668930
v -25.35728455 -241.97610474 3.63290977
v -26.39032555 -241.71701050 4.73839951
v -27.26240540 -241.69410706 6.03690052
v -22.30365562 -243.56710815 1.91229057
v -23.25977516 -242.96011353 2.24600029
v -17.78615570 -248.14511108 3.53199959
v -18.37493515 -247.26611328 2.79249954
v -19.16225433 -246.30810547 2.20949936
v -17.13016510 -249.70410156 5.44430923
v -17.27681541 -249.19711304 4.72009087
v -17.48847580 -248.69810486 4.11000061
v -18.66999435 -251.47010803 11.12308979
v -19.18000603 -251.41500854 11.80550003
v -24.45637512 -248.61911011 14.69020271
v -25.34008598 -247.84111023 14.59410286
v -23.55339432 -249.31710815 14.60750008
v -28.40595436 -243.06910706 10.37440968
v -17.52846527 -251.20010376 8.85900021
v -17.83614540 -251.36111450 9.63490009
v -18.23876572 -251.45510864 10.42998981
v -20.04969597 -251.19601440 12.73330784
v -21.07284546 -250.79110718 13.55020332
v -22.22497559 -250.18710327 14.19180489
v -22.88112450 -249.78010559 14.43969917
v -27.05319595 -245.95600891 13.69940281
v -26.17196465 -247.00410461 14.30589485
v -27.75143433 -244.91110229 12.81750584
v -28.21504593 -243.92910767 11.69149971
v 7.00021505 -183.08100891 20.00000191
v 6.82470894 -183.08100891 18.44239998
v 6.30699587 -183.08100891 16.96280098
v 5.47303295 -183.08100891 15.63560677
v 4.36464214 -183.08100891 14.52720833
v 3.03740072 -183.08100891 13.69330025
v 1.55786180 -183.08100891 13.17550850
v 0.00021419 -183.08100891 13.00000095
v -1.55743217 -183.08100891 13.17550850
v -3.03697205 -183.08100891 13.69330025
v -4.36421394 -183.08100891 14.52720833
v -5.47260618 -183.08100891 15.63560677
v -6.30656815 -183.08100891 16.96280098
v -6.82428122 -183.08100891 18.44239998
v -6.99978590 -183.08100891 20.00000191
v 0.18233490 -199.73910522 13.17550850
v 1.64183581 -199.98200989 13.69330025
v -1.03263319 -207.48510742 12.96830940
v 2.95109987 -200.19911194 14.52720833
v 4.04447985 -200.38110352 15.63560677
v 1.82065582 -208.34411621 14.69949532
v -11.07943535 -241.40310669 9.18220997
v 3.75554657 -209.23110962 19.64560127
v 2.59864569 -213.45310974 19.21930122
v 3.35075998 -208.92910767 17.17199898
v 4.74096298 -204.95310974 19.90759468
v 5.37784815 -200.60310364 18.44239998
v 5.55097389 -200.63211060 20.00000191
v -17.97907448 -226.93310547 15.50059700
v -17.43996429 -226.50801086 13.28750706
v -20.29674530 -231.02711487 14.07260323
v -8.08627701 -198.36410522 18.44239998
v -8.71170425 -200.84310913 19.96989632
v -8.25940609 -198.33511353 20.00000191
v -6.75291014 -198.58601379 15.63560677
v -5.65953016 -198.76811218 14.52720833
v -8.32925320 -205.84310913 15.41870308
v -17.73159599 -235.51400757 5.81320000
v -1.35421419 -199.48411560 13.00000095
v -4.83399820 -206.52810669 12.98550510
v -2.89076424 -199.22810364 13.17550850
v -12.13849545 -239.74711609 6.96111012
v -14.00261497 -246.69711304 9.55760002
v -10.99794483 -242.43811035 11.48309994
v 0.93193722 -217.09910583 16.18620491
v 1.27519476 -217.60911560 18.63470650
v 0.31084174 -220.31710815 18.16420174
v -0.72197318 -222.98701477 17.62980843
v -1.83846724 -225.65710449 17.02430916
v -2.11642742 -224.97911072 14.60850716
v -14.42783546 -237.60510254 5.53070068
v -19.47668457 -234.76901245 6.80529976
v -21.03326416 -234.38510132 8.34930992
v -22.19570541 -234.44601440 10.31661034
v -25.47011566 -238.75910950 10.77470970
v -9.23237038 -203.33601379 19.87190437
v -7.57557631 -198.44911194 16.96280098
v -9.41505241 -205.73110962 17.42720222
v -9.67986965 -220.75210571 10.70830059
v -8.84138489 -213.25801086 13.03840828
v -6.97237825 -213.74711609 12.11520481
v -6.72834826 -206.12411499 13.89819527
v -4.35026503 -198.98510742 13.69330025
v -11.51735497 -220.18000793 11.64700985
v -12.92209530 -227.47700500 8.81550980
v -14.72222519 -226.82600403 9.77470970
v -10.43662548 -212.95910645 14.56140327
v -13.10483551 -219.85810852 13.17360115
v -16.29872513 -226.47911072 11.30700970
v -0.51020688 -216.21510315 13.74980354
v -3.45229340 -223.82411194 12.22560310
v -5.74341297 -232.49411011 12.50110054
v -6.96092606 -231.09811401 10.18440056
v 4.86714697 -200.51811218 16.96280098
v -5.55538416 -233.35610962 14.86639595
v -8.17818642 -237.99011230 13.25869942
v -3.02115726 -228.28311157 16.35800362
v -22.79706573 -234.97111511 12.49200630
v -11.98323536 -213.11711121 18.82750130
v -11.53912544 -212.90400696 16.56309700
v -13.74435520 -217.85610962 17.93690681
v -14.22668552 -219.85110474 15.16530037
v -15.74758530 -222.46810913 16.82179451
v -10.47603512 -208.27011108 19.47720528
v -3.26001740 -215.00511169 12.06120396
v -6.07642889 -222.29110718 10.60000992
v -9.44346809 -229.27610779 8.63790035
v -6.82428122 -183.08100891 21.55769539
v -6.30656815 -183.08100891 23.03720284
v -5.47260618 -183.08100891 24.36450386
v -4.36421394 -183.08100891 25.47290230
v -3.03697205 -183.08100891 26.30679512
v -1.55743217 -183.08100891 26.82449532
v 0.00021419 -183.08100891 27.00000191
v 1.55786180 -183.08100891 26.82449532
v 3.03740072 -183.08100891 26.30679512
v 4.36464214 -183.08100891 25.47290230
v 5.47303295 -183.08100891 24.36450386
v 6.30699587 -183.08100891 23.03720284
v 6.82470894 -183.08100891 21.55769539
v 5.37784815 -200.60310364 21.55769539
v -2.89076424 -199.22810364 26.82449532
v -4.35026503 -198.98510742 26.30679512
v -5.03257132 -207.55810547 26.38450813
v -17.83746529 -227.71101379 17.67900276
v -8.08627701 -198.36410522 21.55769539
v -2.41475630 -226.01811218 19.45570564
v -13.34825516 -242.92111206 16.30369759
v 4.86714697 -200.51811218 23.03720284
v 4.04447985 -200.38110352 24.36450386
v 3.27738094 -209.31001282 22.12330818
v -16.06341553 -241.89511108 18.16189766
v 2.95109987 -200.19911194 25.47290230
v 1.64183581 -199.98200989 26.30679512
v 1.67378283 -209.10610962 24.61000252
v -1.35421419 -199.48411560 27.00000191
v -1.23120725 -208.51510620 26.36729622
v 0.18233490 -199.73910522 26.82449532
v -5.65953016 -198.76811218 25.47290230
v -6.75291014 -198.58601379 24.36450386
v -6.90012407 -207.01510620 25.48900032
v -11.68381500 -242.98800659 13.84970188
v -6.17534590 -233.80110168 17.27290535
v 0.75617379 -217.82810974 21.09559822
v -19.36717415 -239.80500793 18.44439888
v -20.89154434 -238.48010254 17.73190498
v -6.88376331 -225.10411072 23.71760750
v -0.86201715 -217.67500305 23.57650948
v -3.73566532 -216.97911072 25.34689522
v -4.04943323 -225.90400696 21.92790413
v -10.61235523 -232.81210327 21.55150032
v -7.82549000 -233.71411133 19.73590279
v -13.62084484 -221.65611267 21.55769539
v -9.25284386 -214.96611023 24.53120613
v -10.74063492 -214.22010803 23.05299568
v -8.45617104 -206.50111389 23.98269844
v -7.57557631 -198.44911194 23.03720284
v -12.21574497 -222.61300659 22.99440193
v -17.04582596 -228.73910522 19.56080818
v -15.73338509 -229.88510132 20.94560432
v -22.07865524 -237.12800598 16.42250252
v -7.44802618 -215.72111511 25.40089607
v -10.48719501 -223.56510925 23.82589912
v -14.09098530 -231.01400757 21.72909737
v -22.75192451 -235.90510559 14.61210823
v -9.48258209 -206.08100891 21.98379707
v -11.70088482 -213.57600403 21.08120918
v -14.50123501 -220.80810547 19.62620735
v 6.83886385 -188.95510864 20.00000191
v 6.35529804 -194.81100464 20.00000191
v -7.56032085 -193.27610779 20.00000191
v -7.14002514 -188.18600464 20.00000191
v 53.07268143 71.55200195 3.00000000
v 52.40268326 72.32398224 3.00000000
v 53.44469452 70.59985352 3.00000000
v 51.51245117 72.82592773 3.00000000
v 50.50532150 73.00000000 3.00000000
v 72.82611084 51.51196289 3.00000000
v 72.32400513 52.40186310 3.00000000
v 73.00021362 50.50488281 3.00000000
v 71.55216980 53.07202148 3.00000000
v 70.60020447 53.44384766 3.00000000
v 73.00021362 -50.50512695 3.00000000
v 71.55216980 -53.07312012 3.00000000
v 72.32400513 -52.40209961 3.00000000
v 70.60020447 -53.44506836 3.00000000
v 72.82611084 -51.51209259 3.00000000
v 62.74712372 -56.72814941 3.00000000
v 65.21498108 -55.29614258 3.00000000
v 67.84743500 -54.19506836 3.00000000
v 53.44469452 -70.60009766 3.00000000
v 54.19545364 -67.84705353 3.00000000
v 55.29615402 -65.21508789 3.00000000
v 56.72829437 -62.74707031 3.00000000
v 58.46780396 -60.48510742 3.00000000
v 60.48539352 -58.46813965 3.00000000
v 51.51245117 -72.82604980 3.00000000
v 52.40268326 -72.32410431 3.00000000
v 50.50532150 -73.00012970 3.00000000
v 53.07268143 -71.55213165 3.00000000
v -50.50488663 -73.00012970 3.00000000
v -53.07226562 -71.55213165 3.00000000
v -52.40225601 -72.32410431 3.00000000
v -53.44427872 -70.60009766 3.00000000
v -51.51201630 -72.82604980 3.00000000
v -56.72789764 -62.74707031 3.00000000
v -55.29574585 -65.21508789 3.00000000
v -54.19503784 -67.84705353 3.00000000
v -70.59980774 -53.44506836 3.00000000
v -67.84705353 -54.19506836 3.00000000
v -65.21460724 -55.29614258 3.00000000
v -62.74674606 -56.72814941 3.00000000
v -60.48499680 -58.46813965 3.00000000
v -58.46740723 -60.48510742 3.00000000
v -72.82568359 -51.51209259 3.00000000
v -72.32357788 -52.40209961 3.00000000
v -72.99978638 -50.50512695 3.00000000
v -71.55175781 -53.07312012 3.00000000
v -72.99978638 50.50488281 3.00000000
v -71.55175781 53.07202148 3.00000000
v -72.32357788 52.40186310 3.00000000
v -70.59983063 53.44384766 3.00000000
v -72.82568359 51.51196289 3.00000000
v 56.72829437 62.74683380 3.00000000
v 55.29615402 65.21485138 3.00000000
v 54.19545364 67.84693146 3.00000000
v 67.84743500 54.19483185 3.00000000
v 65.21498108 55.29589844 3.00000000
v 62.74712372 56.72778320 3.00000000
v 60.48539352 58.46801758 3.00000000
v 58.46780396 60.48486328 3.00000000
v -62.74674606 56.72778320 3.00000000
v -65.21460724 55.29589844 3.00000000
v -67.84705353 54.19483185 3.00000000
v -53.44427872 70.59985352 3.00000000
v -54.19503784 67.84693146 3.00000000
v -55.29574585 65.21485138 3.00000000
v -56.72789764 62.74683380 3.00000000
v -58.46740723 60.48486328 3.00000000
v -60.48499680 58.46801758 3.00000000
v -50.50488663 73.00000000 3.00000000
v -51.51201630 72.82592773 3.00000000
v -52.40225601 72.32398224 3.00000000
v -53.07226562 71.55200195 3.00000000
v -55.18136597 56.07398224 23.76220894
v -56.96034622 54.32495117 23.75239754
v -53.32744598 57.89794922 23.75190926
v -55.18136597 56.07398224 23.76220894
v -49.64001846 61.23291016 23.71940804
v -52.54280853 58.53588867 23.76460457
v -89.92024994 74.47901154 13.91070747
v -87.50772858 80.82788086 14.19850349
v -88.14560699 79.33496094 14.22090340
v -89.92024994 74.47901154 13.91070747
v -88.14560699 79.33496094 14.22090340
v -88.62265778 77.76196289 14.24969673
v -77.92006683 90.22189331 13.15950108
v -83.47042847 85.81889343 14.16369820
v -82.14604950 86.75289154 14.16870308
v -87.50772858 80.82788086 14.19850349
v -84.50666809 87.13799286 13.10920811
v -86.71028900 82.23899078 14.18179512
v -49.50671768 61.05689240 23.77420235
v -36.90376663 70.80493164 23.16990852
v -45.69382858 63.82495117 23.79260445
v 49.64738464 61.23291016 23.71940804
v 52.68785477 58.41187286 23.76480293
v 54.79115295 56.45996094 23.76269722
v 62.32119370 47.90894318 23.77490425
v 69.50922394 38.62280273 23.40910530
v 67.07088470 42.05687714 23.59320259
v 62.32119370 47.90894318 23.77490425
v 69.50922394 38.62280273 23.40910530
v 63.08549118 46.87402344 23.77749825
v 84.03992462 0.00000000 14.32800484
v 84.06329346 -38.83007812 13.91740513
v 84.04362488 -11.24804974 14.34179878
v 55.18419266 -56.07604980 23.76269722
v 56.96776199 -54.32507324 23.75239754
v 53.33486176 -57.89807129 23.75190926
v 55.18419266 -56.07604980 23.76269722
v 49.64738464 -61.23315430 23.71940804
v 52.54732132 -58.53710938 23.76500130
v 49.51297379 -61.05505371 23.77459908
v 36.91096115 -70.80506134 23.16990852
v 45.70029449 -63.82312012 23.79300117
v -62.31568527 -47.91016006 23.77430916
v -69.50190735 -38.62305069 23.40910530
v -67.06359863 -42.05712891 23.59320259
v -62.31568527 -47.91016006 23.77430916
v -69.50190735 -38.62305069 23.40910530
v -63.08006668 -46.87512207 23.77690315
v -52.68176651 -58.41406250 23.76429939
v -49.64002609 -61.23315430 23.71940804
v -54.78519821 -56.46105957 23.76220894
v 24.10939407 -64.25305939 34.40719986
v 24.91778564 -66.40515900 31.28129768
v 24.76633453 -65.78112793 32.15021133
v 24.10939407 -64.25305939 34.40719986
v 20.92985535 -65.50012970 38.05231094
v 21.95461464 -65.28015900 37.18589783
v 24.10939407 -64.25305939 34.40719986
v 21.95461464 -65.28015900 37.18589783
v 22.85688400 -65.13513947 36.18648911
v 14.44280529 -64.63306427 41.42939758
v 0.00021499 -65.84912872 42.37139893
v 4.82143688 -65.67211914 42.37139893
v -14.78164482 -66.15113068 40.17171097
v -19.87038422 -65.76209259 38.73371124
v -18.32058525 -66.17907715 39.43260193
v -27.50664520 -75.86511993 22.16420174
v -27.55526543 -75.07604980 22.70230293
v -26.86730576 -72.53710938 24.05740547
v -62.31568527 47.90991211 23.77430916
v -66.61821747 42.66381836 23.61549568
v -69.52246857 38.59301758 23.40699959
v 0.00322029 68.00000000 32.76890945
v -11.08161545 66.59888458 34.59560013
v -14.60296535 65.88793945 34.72689819
v 25.40422440 64.59595490 30.16310310
v 24.95745468 62.62891388 35.04801178
v 25.23046494 63.21192169 32.86970901
v 25.40422440 64.59595490 30.16310310
v 26.12225533 65.25488281 28.92630196
v 26.72057533 66.66796875 27.25169563
v 25.40422440 64.59595490 30.16310310
v 26.72057533 66.66796875 27.25169563
v 27.40296555 68.30103302 25.82789803
v 55.40429306 71.00000000 1.00000000
v 53.29710388 73.41895294 2.41419983
v 55.25513458 70.96997070 1.76539993
v 75.00021362 50.50488281 1.00000000
v 73.41944122 53.29688263 2.41419983
v 74.84798431 50.50488281 1.76539993
v 71.00020599 -55.40405273 1.00000000
v 73.41944122 -53.29711914 2.41419983
v 70.96974945 -55.25512695 1.76539993
v 58.38938141 -63.86108398 1.00000000
v 63.53479385 -57.90308380 2.41419983
v 57.90287399 -63.53516388 2.41419983
v 66.10455322 -57.08704376 1.00000000
v 63.86105347 -58.38903809 1.00000000
v 70.96974945 -55.25512695 1.76539993
v 58.38938141 -63.86108398 1.00000000
v 57.08743286 -66.10413361 1.00000000
v 55.25513458 -70.97010040 1.76539993
v 50.50532150 -75.00012970 1.00000000
v 53.29710388 -73.41906738 2.41419983
v 50.50532150 -74.84815216 1.76539993
v -55.40386581 -71.00012970 1.00000000
v -53.29668808 -73.41906738 2.41419983
v -55.25470734 -70.97010040 1.76539993
v -63.86066437 -58.38903809 1.00000000
v -57.90246582 -63.53516388 2.41419983
v -63.53439713 -57.90308380 2.41419983
v -57.08701706 -66.10413361 1.00000000
v -58.38897705 -63.86108398 1.00000000
v -55.25470734 -70.97010040 1.76539993
v -63.86066437 -58.38903809 1.00000000
v -66.10415649 -57.08704376 1.00000000
v -70.96936798 -55.25512695 1.76539993
v -74.99978638 -50.50512695 1.00000000
v -73.41902924 -53.29711914 2.41419983
v -74.84754944 -50.50512695 1.76539993
v -70.99980927 55.40380859 1.00000000
v -73.41902924 53.29688263 2.41419983
v -70.96936798 55.25488281 1.76539993
v 57.08743286 66.10401154 1.00000000
v 58.38938141 63.86083984 1.00000000
v 55.25513458 70.96997070 1.76539993
v 63.86105347 58.38892365 1.00000000
v 57.90287399 63.53491211 2.41419983
v 63.53479385 57.90283203 2.41419983
v 63.86105347 58.38892365 1.00000000
v 66.10455322 57.08692169 1.00000000
v 70.96974945 55.25488281 1.76539993
v 62.32120132 -47.90906143 23.77490425
v 66.62557220 -42.66406250 23.61549568
v 69.52983093 -38.59313965 23.40699959
v 0.00021499 -65.84912872 42.37139893
v 4.82143688 -65.67211914 42.37139893
v 9.90643215 -64.97106934 42.96450043
v -4.82100725 -65.67211914 42.37139893
v -15.09905529 -63.96411133 42.96450043
v -10.15835476 -64.93212891 42.96450043
v 0.00021499 -65.84912872 42.37139893
v 9.90643215 -64.97106934 42.96450043
v 4.90387392 -65.53907013 42.96450043
v -4.82100725 -65.67211914 42.37139893
v -9.61635017 -65.14307404 42.37139893
v -15.09905529 -63.96411133 42.96450043
v 14.00619507 -74.50208282 20.57670784
v 13.77106476 -74.34606934 21.67100716
v 13.95023537 -74.34606934 21.06030464
v 16.31659508 -74.50208282 20.98089790
v 15.63992500 -74.34606934 20.65010262
v 15.02923489 -74.34606934 20.47090340
v 16.31659508 -74.50208282 20.98089790
v 15.02923489 -74.34606934 20.47090340
v 14.41075516 -74.34606934 20.62100410
v 14.00619507 -74.50208282 20.57670784
v 13.77106476 -74.34606934 21.67100716
v 13.92123508 -74.34606934 22.28950691
v -15.99380493 -74.50208282 20.57670784
v -16.22893524 -74.34606934 21.67100716
v -16.04976463 -74.34606934 21.06030464
v -13.68340492 -74.50208282 20.98089790
v -14.36007500 -74.34606934 20.65010262
v -14.97076511 -74.34606934 20.47090340
v -13.68340492 -74.50208282 20.98089790
v -14.97076511 -74.34606934 20.47090340
v -15.58923531 -74.34606934 20.62100410
v -15.99380493 -74.50208282 20.57670784
v -16.22893524 -74.34606934 21.67100716
v -16.07877541 -74.34606934 22.28950691
v -33.10739517 55.93579102 52.00040054
v -22.15216446 61.48389435 51.85390091
v -36.22268677 54.39697266 51.85390091
v -22.15216446 61.48389435 51.85390091
v -19.49120522 62.00878906 52.00040054
v -6.79421806 64.99902344 51.85390091
v -24.36673546 60.79882812 51.50040054
v -22.15216446 61.48389435 51.85390091
v -36.22268677 54.39697266 51.85390091
v -6.79421806 64.99902344 51.85390091
v -4.84957695 64.81884766 52.00040054
v -9.79717541 64.25684357 52.00040054
v 51.77070236 39.30394745 52.00040054
v 58.36636353 29.40184975 51.85390091
v 49.63400269 42.51489258 51.85390091
v 58.36636353 29.40184975 51.85390091
v 59.36449432 26.47387123 52.00040054
v 63.70671463 14.57982826 51.85390091
v 57.60343170 31.17894936 51.50040054
v 58.36636353 29.40184975 51.85390091
v 49.63400269 42.51489258 51.85390091
v 63.19242477 17.23290825 51.50040054
v 58.36636353 29.40184975 51.85390091
v 63.70671463 14.57982826 51.85390091
v -36.22268677 54.39697266 51.85390091
v -44.98182678 46.92089844 52.00040054
v -41.25804520 50.22681427 52.00040054
v -28.94935417 58.75488281 51.50040054
v -33.36206818 56.36694336 51.50040054
v -36.22268677 54.39697266 51.85390091
v -24.36673546 60.79882812 51.50040054
v -28.94935417 58.75488281 51.50040054
v -36.22268677 54.39697266 51.85390091
v -33.10739517 55.93579102 52.00040054
v -22.15216446 61.48389435 51.85390091
v -28.72835541 58.30590820 52.00040054
v -14.80026531 63.80590820 51.50040054
v -19.64114571 62.48583984 51.50040054
v -22.15216446 61.48389435 51.85390091
v -19.49120522 62.00878906 52.00040054
v -6.79421806 64.99902344 51.85390091
v -14.68728542 63.31884766 52.00040054
v -6.79421806 64.99902344 51.85390091
v -9.79717541 64.25684357 52.00040054
v -14.68728542 63.31884766 52.00040054
v -4.84957695 64.81884766 52.00040054
v 8.95859146 64.73682404 51.85390091
v 0.12648480 65.00000000 52.00040054
v 8.95859146 64.73682404 51.85390091
v 5.10180712 64.79882812 52.00040054
v 0.12648480 65.00000000 52.00040054
v 49.63400269 42.51489258 51.85390091
v 41.45330429 50.06591797 52.00040054
v 45.16421127 46.74584961 52.00040054
v 55.04771423 35.49681854 51.50040054
v 52.16894150 39.60692596 51.50040054
v 49.63400269 42.51489258 51.85390091
v 57.60343170 31.17894936 51.50040054
v 55.04771423 35.49681854 51.50040054
v 49.63400269 42.51489258 51.85390091
v 51.77070236 39.30394745 52.00040054
v 58.36636353 29.40184975 51.85390091
v 54.62749481 35.22583008 52.00040054
v 61.68778229 22.02001762 51.50040054
v 59.82113266 26.67798042 51.50040054
v 58.36636353 29.40184975 51.85390091
v 63.19242477 17.23290825 51.50040054
v 61.68778229 22.02001762 51.50040054
v 58.36636353 29.40184975 51.85390091
v 59.36449432 26.47387123 52.00040054
v 63.70671463 14.57982826 51.85390091
v 61.21688461 21.85180092 52.00040054
v 65.08251953 7.38500977 51.50040054
v 64.32621002 12.34594917 51.50040054
v 63.70671463 14.57982826 51.85390091
v 63.83517456 12.25098038 52.00040054
v 65.34468079 -1.09008980 51.85390091
v 64.58571625 7.32885933 52.00040054
v 65.34468079 -1.09008980 51.85390091
v 64.95722961 2.36278915 52.00040054
v 64.58571625 7.32885933 52.00040054
v 64.94756317 -2.61621094 52.00040054
v 63.18504333 -16.69604683 51.85390091
v 64.55675507 -7.58008099 52.00040054
v 63.18504333 -16.69604683 51.85390091
v 64.55675507 -7.58008099 52.00040054
v 63.78709412 -12.49914837 52.00040054
v 62.64310455 -17.34607124 52.00040054
v 57.35335159 -31.33214951 51.85390091
v 61.13152313 -22.09008980 52.00040054
v 57.35335159 -31.33214951 51.85390091
v 61.13152313 -22.09008980 52.00040054
v 59.26118469 -26.70508194 52.00040054
v -57.04264832 31.16283989 52.00040054
v -48.18806839 44.14697266 51.85390091
v -54.48979568 35.43798828 52.00040054
v -48.18806839 44.14697266 51.85390091
v -54.48979568 35.43798828 52.00040054
v -51.61717606 39.50488281 52.00040054
v -36.22268677 54.39697266 51.85390091
v -44.98182678 46.92089844 52.00040054
v -48.18806839 44.14697266 51.85390091
v -37.57900620 53.64697266 51.50040054
v -36.22268677 54.39697266 51.85390091
v -48.18806839 44.14697266 51.85390091
v -37.57900620 53.64697266 51.50040054
v -41.57541656 50.61279297 51.50040054
v -48.18806839 44.14697266 51.85390091
v -41.57541656 50.61279297 51.50040054
v -45.32784653 47.28198242 51.50040054
v -48.18806839 44.14697266 51.85390091
v 10.04718971 64.21900177 52.00040054
v 24.19077492 60.71192169 51.85390091
v 14.93360519 63.26099396 52.00040054
v 24.19077492 60.71192169 51.85390091
v 14.93360519 63.26099396 52.00040054
v 19.73240471 61.93189240 52.00040054
v 24.41539574 60.23999023 52.00040054
v 38.01709366 53.15795898 51.85390091
v 28.95511436 58.19384766 52.00040054
v 38.01709366 53.15795898 51.85390091
v 28.95511436 58.19384766 52.00040054
v 33.32491302 55.80689240 52.00040054
v 49.63400269 42.51489258 51.85390091
v 41.45330429 50.06591797 52.00040054
v 38.01709366 53.15795898 51.85390091
v 48.98401260 43.48387909 51.50040054
v 49.63400269 42.51489258 51.85390091
v 38.01709366 53.15795898 51.85390091
v 1.00021386 -63.99207306 52.00040054
v 5.77764988 -63.23706055 51.50040054
v 1.00021386 -63.49207306 51.50040054
v -36.12312698 0.99390030 8.00000000
v -35.02879715 1.22900009 7.84389973
v -35.63948822 1.04979897 7.84389973
v -35.71892548 -1.31714058 8.00000000
v -36.04975510 -0.64014053 7.84389973
v -36.22893524 -0.02905083 7.84389973
v -35.71892548 -1.31714058 8.00000000
v -36.22893524 -0.02905083 7.84389973
v -36.07876587 0.58886909 7.84389973
v -36.12312698 0.99390030 8.00000000
v -35.02879715 1.22900009 7.84389973
v -34.41032791 1.07885933 7.84389973
v -33.87643814 -0.99414062 8.00000000
v -34.36007690 -1.05005074 7.84389973
v -34.97077560 -1.22900009 7.84389973
v -34.28064728 1.31591988 8.00000000
v -33.77062607 0.02880859 7.84389973
v -33.94980621 0.63988876 7.84389973
v -34.28064728 1.31591988 8.00000000
v -33.92079544 -0.59008980 7.84389973
v -33.77062607 0.02880859 7.84389973
v -33.87643814 -0.99414062 8.00000000
v -35.58923721 -1.07909966 7.84389973
v -34.97077560 -1.22900009 7.84389973
v -35.45594788 33.82080078 46.70030212
v -38.26871872 30.60180092 46.70030212
v -43.26460648 23.63598061 47.00040054
v 44.88557434 -19.65515327 46.70030212
v 43.00175476 -23.49206734 46.70030212
v 47.90818405 -11.63305950 47.00040054
v 48.44313431 -7.36817074 46.70030212
v 47.61666489 -11.56213665 46.70030212
v 49.28648376 1.16283989 47.00040054
v 48.69939423 5.42090034 46.70030212
v 48.98656464 1.15600967 46.70030212
v 47.30601120 13.87987900 47.00040054
v 45.63687134 17.84081841 46.70030212
v 47.01815414 13.79491997 46.70030212
v 42.10171127 25.64990044 47.00040054
v 39.46429443 29.04491997 46.70030212
v 41.84552383 25.49389076 46.70030212
v 34.02829361 35.67285156 47.00040054
v 30.60231400 38.26879883 46.70030212
v 33.82122421 35.45581055 46.70030212
v 23.63588524 43.26489258 47.00040054
v 23.49207497 43.00195312 46.70030212
v 19.65484428 44.88500977 46.70030212
v 11.63276482 47.90795898 47.00040054
v 11.56197453 47.61597443 46.70030212
v 7.36793900 48.44287109 46.70030212
v -1.16309822 49.28588867 47.00040054
v -1.15601826 48.98583984 46.70030212
v -5.42106104 48.69898224 46.70030212
v -13.87967491 47.30590820 47.00040054
v -13.79522514 47.01782227 46.70030212
v -17.84061432 45.63696289 46.70030212
v -25.65037537 42.10083008 47.00040054
v -25.49429512 41.84497070 46.70030212
v -29.04434586 39.46385956 46.70030212
v -35.67302704 34.02783203 47.00040054
v 35.45637131 -33.82105255 46.70030212
v 38.26915359 -30.60205078 46.70030212
v 43.26503372 -23.63611031 47.00040054
v -43.00132751 23.49193764 46.70030212
v -44.88514709 19.65477943 46.70030212
v -47.90775681 11.63183975 47.00040054
v -48.44270706 7.36791992 46.70030212
v -47.61622620 11.56200981 46.70030212
v -49.28605652 -1.16308975 47.00040054
v -48.69895554 -5.42114067 46.70030212
v -48.98613739 -1.15600967 46.70030212
v -47.30557632 -13.88012886 47.00040054
v -45.63644791 -17.84106636 46.70030212
v -47.01771545 -13.79614544 46.70030212
v -42.10129547 -25.65112495 47.00040054
v -39.46386719 -29.04505157 46.70030212
v -41.84509659 -25.49511909 46.70030212
v -34.02785873 -35.67310333 47.00040054
v -30.60187531 -38.26905060 46.70030212
v -33.82078552 -35.45606232 46.70030212
v -23.63547516 -43.26514053 47.00040054
v -23.49164581 -43.00208282 46.70030212
v -19.65441513 -44.88513184 46.70030212
v -11.63234520 -47.90808105 47.00040054
v -11.56154537 -47.61608887 46.70030212
v -7.36751032 -48.44312286 46.70030212
v 1.16352582 -49.28613281 47.00040054
v 1.15644693 -48.98609161 46.70030212
v 5.42148781 -48.69910049 46.70030212
v 13.88011456 -47.30615234 47.00040054
v 13.79565525 -47.01807022 46.70030212
v 17.84103584 -45.63709259 46.70030212
v 25.65081406 -42.10205078 47.00040054
v 25.49472427 -41.84509277 46.70030212
v 29.04475403 -39.46411133 46.70030212
v 35.67345428 -34.02807999 47.00040054
v -15.34587479 -61.61804199 51.50040054
v -29.11739540 -56.99304199 52.00040054
v -19.98683548 -60.27208710 51.50040054
v -28.89532471 -56.54504395 51.50040054
v -41.26311874 -48.92211914 52.00040054
v -33.11128616 -54.18408203 51.50040054
v -40.94472885 -48.53613281 51.50040054
v -51.26650620 -38.31104279 52.00040054
v -44.51684570 -45.28211212 51.50040054
v -50.86858749 -38.00806046 51.50040054
v -58.60819626 -25.71106148 52.00040054
v -53.61141586 -34.03015137 51.50040054
v -58.15171814 -25.50708199 51.50040054
v -62.90703583 -11.77612495 52.00040054
v -59.92288589 -21.01111031 51.50040054
v -62.41604614 -11.68213177 51.50040054
v -63.93981934 2.77001953 52.00040054
v -63.12360764 -6.90210056 51.50040054
v -63.44019699 2.75000000 51.50040054
v -61.65290833 17.17186928 52.00040054
v -63.04740524 7.56591988 51.50040054
v -56.16506577 30.68285942 52.00040054
v -61.17100525 17.03882027 51.50040054
v -59.69826889 21.64087105 51.50040054
v -0.99978626 -63.49207306 51.50040054
v -15.45991516 -62.10510254 52.00040054
v -5.82479429 -63.23206329 51.50040054
v -15.45991516 -62.10510254 52.00040054
v -10.61606503 -62.60607910 51.50040054
v -20.13784599 -60.74915314 52.00040054
v -29.11739540 -56.99304199 52.00040054
v -24.51203537 -58.57813263 51.50040054
v -33.36702728 -54.61414337 52.00040054
v -41.26311874 -48.92211914 52.00040054
v -37.13551712 -51.50916290 51.50040054
v -44.86383820 -45.64208984 52.00040054
v -51.26650620 -38.31104279 52.00040054
v -47.83119583 -41.76612091 51.50040054
v -54.03137589 -34.30213165 52.00040054
v -58.60819626 -25.71106148 52.00040054
v -56.04382706 -29.85510063 51.50040054
v -60.39366531 -21.18005562 52.00040054
v -62.90703583 -11.77612495 52.00040054
v -61.34707642 -16.39404488 51.50040054
v -63.62038803 -6.95801067 52.00040054
v -63.93981934 2.77001953 52.00040054
v -63.46564865 -2.08203030 51.50040054
v -63.54402542 7.62401962 52.00040054
v -61.65290833 17.17186928 52.00040054
v -62.28954697 12.33788872 51.50040054
v -60.16852570 21.81078911 52.00040054
v 30.44374466 55.72583008 51.50040054
v 25.97763443 57.94287109 51.50040054
v 36.92223358 52.27587891 52.00040054
v 56.16549301 -30.68310928 52.00040054
v 61.29388428 -16.59314156 51.50040054
v 59.80304337 -21.35107613 51.50040054
v -53.16591644 34.72191620 51.50040054
v -55.72627640 30.44286919 51.50040054
v -47.69637680 42.67285156 52.00040054
v -43.59125519 46.17382812 51.50040054
v -36.71841812 52.41895294 52.00040054
v -40.62330627 49.45386505 52.00040054
v -39.83411789 49.45191193 51.50040054
v -43.59125519 46.17382812 51.50040054
v -36.71841812 52.41895294 52.00040054
v -31.60773468 55.07398224 51.50040054
v -35.83138657 52.42481232 51.50040054
v -28.28638458 57.40991211 52.00040054
v -31.60773468 55.07398224 51.50040054
v -23.80872536 59.40601349 52.00040054
v -28.28638458 57.40991211 52.00040054
v -27.18921471 57.38378906 51.50040054
v -31.60773468 55.07398224 51.50040054
v -23.80872536 59.40601349 52.00040054
v -17.87755585 60.93090820 51.50040054
v -22.60306549 59.34082031 51.50040054
v -14.46131516 62.34497070 52.00040054
v -17.87755585 60.93090820 51.50040054
v -9.64645100 63.26879883 52.00040054
v -14.46131516 62.34497070 52.00040054
v -3.15942907 63.42089844 51.50040054
v -8.12566948 62.97778320 51.50040054
v 0.12454230 64.00000000 52.00040054
v -3.15942907 63.42089844 51.50040054
v 5.02331972 63.80297852 52.00040054
v 0.12454230 64.00000000 52.00040054
v 11.73329449 62.40698242 51.50040054
v 6.80075598 63.13500977 51.50040054
v 14.70387459 62.28784180 52.00040054
v 11.73329449 62.40698242 51.50040054
v 19.42883492 60.97998047 52.00040054
v 14.70387459 62.28784180 52.00040054
v 10.75086498 -64.10511017 52.00040054
v 5.89227772 -64.73206329 52.00040054
v 1.00021386 -65.22010040 51.94541168
v 45.21400452 -46.69812012 52.00040054
v 48.60265350 -43.16016006 52.00040054
v 39.47763443 -52.08312988 51.85390091
v 39.47763443 -52.08312988 51.85390091
v 29.52620506 -58.46813965 51.50040054
v 33.84631348 -56.07813263 51.50040054
v 33.59121323 -55.64807129 52.00040054
v 37.68690491 -52.96008301 52.00040054
v 27.68773460 -59.19910431 51.85390091
v 27.68773460 -59.19910431 51.85390091
v 25.03833580 -60.52612305 51.50040054
v 20.40820503 -62.24011230 51.50040054
v 27.68773460 -59.19910431 51.85390091
v 20.40820503 -62.24011230 51.50040054
v 15.66213512 -63.60009766 51.50040054
v 1.00021386 -65.49207306 51.50040054
v 1.00021386 -65.39807892 51.79249954
v 14.66848469 -63.68604279 51.85390091
v 1.00021386 -65.49207306 51.50040054
v 14.66848469 -63.68604279 51.85390091
v 5.93048811 -65.23107910 51.50040054
v 14.66848469 -63.68604279 51.85390091
v 5.93048811 -65.23107910 51.50040054
v 10.82707500 -64.59912872 51.50040054
v 24.85174561 -60.06213379 52.00040054
v 20.25759506 -61.76306152 52.00040054
v 14.66848469 -63.68604279 51.85390091
v 10.75086498 -64.10511017 52.00040054
v 1.00021386 -65.22010040 51.94541168
v 14.66848469 -63.68604279 51.85390091
v 1.00021386 -65.39807892 51.79249954
v 1.00021386 -65.22010040 51.94541168
v 14.66848469 -63.68604279 51.85390091
v 57.35335159 -31.33214951 51.85390091
v 51.71523285 -39.37708282 52.00040054
v 49.51472473 -42.65405273 51.85390091
v 57.35335159 -31.33214951 51.85390091
v 51.71523285 -39.37708282 52.00040054
v 54.53404236 -35.37012100 52.00040054
v -63.88900757 -11.96509075 52.00040054
v -64.61396790 -7.07202053 52.00040054
v -65.29232788 2.82299995 51.85390091
v -64.61396790 -7.07202053 52.00040054
v -64.96466064 -2.13721085 52.00040054
v -65.29232788 2.82299995 51.85390091
v -64.93903351 2.80980873 52.00040054
v -64.53724670 7.74096870 52.00040054
v -62.95752716 17.53296089 51.85390091
v -64.53724670 7.74096870 52.00040054
v -63.76165771 12.62598038 52.00040054
v -62.95752716 17.53296089 51.85390091
v -57.35291672 31.33177757 51.85390091
v -62.61670685 17.43895912 52.00040054
v -61.10906601 22.15088081 52.00040054
v -57.35291672 31.33177757 51.85390091
v -61.10906601 22.15088081 52.00040054
v -59.24744797 26.73388100 52.00040054
v -0.99978626 -65.22010040 51.94541168
v -0.99978626 -65.39807892 51.79249954
v -15.76672554 -63.42310333 51.85390091
v -0.99978626 -65.22010040 51.94541168
v -5.93973923 -64.72814941 52.00040054
v -15.76672554 -63.42310333 51.85390091
v -10.84527493 -64.08911896 52.00040054
v -5.93973923 -64.72814941 52.00040054
v -15.76672554 -63.42310333 51.85390091
v -15.68800545 -63.07813263 52.00040054
v -20.43986511 -61.70313263 52.00040054
v -29.71701431 -58.20604706 51.85390091
v -25.07331467 -59.96912384 52.00040054
v -20.43986511 -61.70313263 52.00040054
v -29.71701431 -58.20604706 51.85390091
v -29.56152534 -57.88903809 52.00040054
v -33.87851715 -55.47313690 52.00040054
v -42.12388611 -49.96704102 51.85390091
v -33.87851715 -55.47313690 52.00040054
v -37.99925613 -52.73608398 52.00040054
v -42.12388611 -49.96704102 51.85390091
v -41.89988708 -49.69312286 52.00040054
v -45.55782700 -46.36206055 52.00040054
v -52.34297562 -39.13208008 51.85390091
v -45.55782700 -46.36206055 52.00040054
v -48.95186615 -42.76306152 52.00040054
v -52.34297562 -39.13208008 51.85390091
v -52.06235886 -38.91712189 52.00040054
v -54.87127686 -34.84412003 52.00040054
v -59.84355545 -26.26404190 51.85390091
v -54.87127686 -34.84412003 52.00040054
v -57.36235809 -30.57007027 52.00040054
v -59.84355545 -26.26404190 51.85390091
v -59.52116776 -26.11914253 52.00040054
v -61.33520889 -21.51709175 52.00040054
v -64.23605347 -12.03308296 51.85390091
v -61.33520889 -21.51709175 52.00040054
v -62.79396820 -16.79004097 52.00040054
v -64.23605347 -12.03308296 51.85390091
v -14.00575542 -74.50208282 22.82339668
v -13.94980526 -74.34606934 22.33970833
v -13.77062511 -74.34606934 21.72900581
v -16.31616592 -74.50208282 22.41920662
v -15.02879524 -74.34606934 22.92920113
v -15.63948536 -74.34606934 22.75000191
v -16.31616592 -74.50208282 22.41920662
v -14.41032505 -74.34606934 22.77900887
v -15.02879524 -74.34606934 22.92920113
v -14.00575542 -74.50208282 22.82339668
v -13.92079544 -74.34606934 21.11059761
v -13.77062511 -74.34606934 21.72900581
v 15.99423504 -74.50208282 22.82339668
v 16.05018425 -74.34606934 22.33970833
v 16.22936440 -74.34606934 21.72900581
v 13.68383503 -74.50208282 22.41920662
v 14.97119522 -74.34606934 22.92920113
v 14.36050510 -74.34606934 22.75000191
v 13.68383503 -74.50208282 22.41920662
v 15.58967495 -74.34606934 22.77900887
v 14.97119522 -74.34606934 22.92920113
v 15.99423504 -74.50208282 22.82339668
v 16.07919502 -74.34606934 21.11059761
v 16.22936440 -74.34606934 21.72900581
v -30.48078537 3.28295898 8.58580017
v -29.84755516 0.00000000 9.23470020
v -29.41400528 0.00000000 8.58580017
v -40.15202713 0.00000000 9.23470020
v -40.58556747 0.00000000 8.58580017
v -39.51877594 -3.28320026 8.58580017
v -53.41270828 29.17992973 10.96479988
v -45.22610855 40.93383789 12.00000095
v -48.29832840 37.25878906 12.00000095
v 58.88074112 -15.94006634 12.00000095
v 53.41314316 -29.18004990 10.96479988
v 57.44860458 -20.51111031 12.00000095
v 45.65429306 -40.45606232 12.00000095
v 48.55865479 -36.92005157 12.00000095
v 53.41314316 -29.18004990 10.96479988
v -53.41270828 29.17992973 10.96479988
v -58.91104889 15.82592964 12.00000095
v -57.47457886 20.43578911 12.00000095
v 46.88095474 32.42186737 37.00040054
v 44.42224121 35.71678925 37.00040054
v 49.42168427 28.53392982 36.99980164
v 56.81119156 4.63793945 37.00040054
v 56.32918167 8.72094917 37.00040054
v 57.06721115 0.00000000 36.99980164
v -45.22610855 40.93383789 33.00040054
v -48.29832840 37.25878906 33.00040054
v -53.41270828 29.17992973 34.03559875
v -46.88052750 -32.42211914 37.00040054
v -44.42182541 -35.71704102 37.00040054
v -49.42125702 -28.53406143 36.99980164
v -56.81077576 -4.63819027 37.00040054
v -56.32874680 -8.72119331 37.00040054
v -57.06678772 0.00000000 36.99980164
v 45.24226379 -40.91712189 33.00040054
v 48.30829239 -37.24707031 33.00040054
v 53.41314316 -29.18004990 34.03559875
v 82.49957275 -75.09815216 12.09219551
v 82.39848328 -76.11914062 12.00000095
v 82.31517029 -76.58312988 12.00000095
v 82.49957275 -75.09815216 12.09219551
v 82.45181274 -75.65711212 12.00000095
v 82.39848328 -76.11914062 12.00000095
v 80.92056274 -79.60413361 12.00000095
v 81.58208466 -78.59606934 12.02870274
v 81.05892181 -79.41906738 12.00000095
v 81.58208466 -78.59606934 12.02870274
v 81.29298401 -79.07508087 12.00000095
v 81.05892181 -79.41906738 12.00000095
v -66.10415649 57.08692169 1.00000000
v -63.86066437 58.38892365 1.00000000
v -70.96936798 55.25488281 1.76539993
v -58.38897705 63.86083984 1.00000000
v -63.53439713 57.90283203 2.41419983
v -57.90246582 63.53491211 2.41419983
v -58.38897705 63.86083984 1.00000000
v -57.08701706 66.10401154 1.00000000
v -55.25470734 70.96900177 1.76539993
v -50.50488663 75.00000000 1.00000000
v -53.29668808 73.41895294 2.41419983
v -50.50488663 74.84790039 1.76539993
v -67.48130035 -74.50109863 12.00000095
v -65.26410675 -73.71704865 13.76190281
v -63.20278549 -72.58007812 15.75920296
v -74.88804626 -82.49914551 12.10450935
v -75.90422821 -82.44506836 12.10730076
v -76.90390778 -82.25415039 12.11340523
v -67.47617340 -75.35413361 12.00000095
v -65.26410675 -73.71704865 13.76190281
v -63.20278549 -72.58007812 15.75920296
v 27.50718498 -75.86804962 22.16330147
v 27.69641495 -79.15905762 19.35260201
v 27.58599472 -77.28907013 21.01410103
v -27.50664520 -75.86511993 22.16420174
v -27.58546448 -77.28710938 21.01500130
v -27.69589424 -79.15711212 19.35350227
v 89.92760468 -74.47913361 13.91070747
v 87.86468506 -80.06604004 14.20930672
v 88.48473358 -78.31104279 14.23900032
v -74.48011017 -89.89514923 13.89410496
v -80.63549042 -87.57812500 14.18100166
v -79.18209076 -88.17211914 14.19909859
v -85.57113647 -83.78405762 14.16900826
v -86.52102661 -82.52709961 14.17900276
v -90.07862854 -78.56507111 13.17160225
v -84.03257751 0.00000000 14.32800484
v -84.03466797 -11.63806438 14.34340096
v -84.05587769 -38.83007812 13.91749668
v 84.04545593 10.76195908 14.33990669
v 84.03992462 0.00000000 14.32800484
v 84.06323242 38.82982635 13.91749668
v 67.48865509 74.50098419 12.00000095
v 65.27148438 73.71680450 13.76190281
v 63.21015167 72.57984161 15.75920296
v 75.91320038 82.44389343 12.10420418
v 76.91387939 82.25199127 12.10740852
v 74.89510345 82.49899292 12.10490513
v 67.48354340 75.35401154 12.00000095
v 65.27148438 73.71680450 13.76190281
v 63.21015167 72.57984161 15.75920296
v -76.90390778 82.25389099 12.11340523
v -75.90422821 82.44479370 12.10730076
v -74.88804626 82.49899292 12.10450935
v -67.47617340 75.35401154 12.00000095
v -65.26410675 73.71680450 13.76190281
v -63.20278549 72.57984161 15.75920296
v 10.58185482 -133.62411499 30.94589615
v 10.94606495 -133.62411499 30.58169937
v 10.92075539 -134.05311584 30.08600235
v 10.56140518 -134.08311462 30.74650955
v 10.58185482 -133.62411499 30.94589615
v 10.92075539 -134.05311584 30.08600235
f 1 2 3
f 3 2 4
f 3 4 5
f 7 1 3
f 7 6 1
f 9 10 11
f 9 8 10
f 12 13 14
f 14 15 16
f 14 13 15
f 18 17 12
f 18 12 14
f 19 20 21
f 21 22 23
f 21 24 19
f 21 20 22
f 19 24 25
f 26 28 27
f 27 28 29
f 30 31 32
f 36 30 32
f 32 31 33
f 36 35 30
f 32 33 34
f 38 37 39
f 38 39 40
f 44 42 41
f 44 43 42
f 52 51 45
f 45 46 47
f 52 53 50
f 50 51 52
f 50 53 54
f 47 46 48
f 52 45 47
f 47 48 49
f 57 56 58
f 58 56 55
f 59 58 55
f 127 76 128
f 127 77 76
f 118 125 126
f 118 124 125
f 118 123 124
f 139 147 148
f 139 146 147
f 139 145 146
f 139 144 145
f 139 143 144
f 139 142 143
f 139 141 142
f 139 140 141
f 127 104 106
f 127 138 104
f 127 137 138
f 127 136 137
f 127 135 136
f 127 134 135
f 127 133 134
f 192 197 198
f 192 196 197
f 192 195 196
f 192 194 195
f 192 193 194
f 174 190 191
f 174 189 190
f 174 188 189
f 174 187 188
f 174 186 187
f 174 185 186
f 174 184 185
f 174 183 184
f 174 182 183
f 174 181 182
f 174 180 181
f 70 212 213
f 70 211 212
f 61 209 210
f 61 208 209
f 61 207 208
f 61 206 207
f 61 62 206
f 83 204 205
f 83 203 204
f 83 202 203
f 83 154 202
f 119 88 87
f 119 201 88
f 119 200 201
f 119 199 200
f 119 118 199
f 217 227 228
f 217 226 227
f 217 225 226
f 217 175 225
f 216 223 224
f 216 222 223
f 216 221 222
f 216 220 221
f 216 219 220
f 216 218 219
f 216 71 218
f 216 70 71
f 216 217 70
f 70 215 170
f 70 214 215
f 70 213 214
f 229 243 244
f 229 242 243
f 229 241 242
f 229 240 241
f 229 239 240
f 229 238 239
f 229 237 238
f 229 236 237
f 229 235 236
f 229 234 235
f 229 233 234
f 229 232 233
f 229 231 232
f 229 230 231
f 217 211 70
f 217 228 211
f 254 255 256
f 254 90 255
f 254 91 90
f 91 253 115
f 91 252 253
f 91 93 252
f 91 94 93
f 91 251 94
f 91 96 251
f 91 97 96
f 245 233 232
f 245 250 233
f 245 249 250
f 245 248 249
f 245 247 248
f 245 246 247
f 264 271 272
f 264 270 271
f 264 269 270
f 264 268 269
f 264 267 268
f 264 266 267
f 264 265 266
f 258 263 259
f 258 80 263
f 258 81 80
f 254 261 262
f 254 260 261
f 254 259 260
f 254 258 259
f 254 257 258
f 254 256 257
f 246 286 287
f 246 285 286
f 246 284 285
f 246 245 284
f 224 283 264
f 224 282 283
f 224 281 282
f 224 280 281
f 224 279 280
f 264 278 224
f 264 277 278
f 264 276 277
f 264 275 276
f 264 274 275
f 264 273 274
f 264 272 273
f 262 300 254
f 262 299 300
f 262 298 299
f 262 297 298
f 262 296 297
f 262 287 296
f 290 295 126
f 290 294 295
f 290 293 294
f 290 292 293
f 290 291 292
f 290 289 291
f 246 289 290
f 246 288 289
f 246 262 288
f 246 287 262
f 265 102 314
f 265 103 102
f 289 312 313
f 289 311 312
f 289 310 311
f 289 288 310
f 126 309 290
f 126 308 309
f 126 307 308
f 126 306 307
f 126 305 306
f 126 304 305
f 126 303 304
f 126 302 303
f 126 301 302
f 126 125 301
f 224 328 329
f 224 327 328
f 224 278 327
f 265 326 266
f 265 325 326
f 265 324 325
f 265 323 324
f 265 322 323
f 265 321 322
f 265 320 321
f 265 319 320
f 265 318 319
f 265 317 318
f 265 316 317
f 265 315 316
f 265 314 315
f 344 218 71
f 342 336 335
f 342 343 336
f 342 104 343
f 342 105 104
f 335 340 341
f 335 339 340
f 335 338 339
f 335 337 338
f 335 336 337
f 224 334 216
f 224 333 334
f 224 332 333
f 224 331 332
f 224 330 331
f 224 329 330
f 171 111 349
f 171 109 111
f 175 348 176
f 175 347 348
f 175 346 347
f 175 217 346
f 173 72 73
f 173 74 72
f 173 75 74
f 173 62 75
f 173 206 62
f 344 66 345
f 344 65 66
f 344 67 65
f 344 68 67
f 344 71 68
f 159 363 364
f 159 362 363
f 159 361 362
f 159 360 361
f 159 359 360
f 159 358 359
f 159 357 358
f 159 171 357
f 171 356 357
f 171 355 356
f 171 354 355
f 171 353 354
f 171 352 353
f 171 351 352
f 171 350 351
f 171 349 350
f 83 192 119
f 205 192 83
f 192 205 193
f 86 373 374
f 86 372 373
f 88 372 86
f 192 370 371
f 192 369 370
f 198 369 192
f 198 368 369
f 139 368 198
f 368 139 153
f 159 367 160
f 159 366 367
f 159 365 366
f 159 364 365
f 312 387 313
f 386 381 383
f 386 385 381
f 384 385 386
f 381 382 383
f 381 380 382
f 379 380 381
f 379 81 380
f 82 81 379
f 60 378 107
f 377 378 60
f 61 377 60
f 210 377 61
f 375 87 376
f 375 119 87
f 83 119 375
f 398 397 102
f 396 397 398
f 396 395 397
f 394 395 396
f 393 100 99
f 393 392 100
f 391 392 393
f 391 390 392
f 389 390 391
f 389 230 390
f 231 230 389
f 96 98 100
f 96 388 98
f 95 388 96
f 313 384 386
f 313 387 384
f 411 412 413
f 410 280 279
f 410 409 280
f 408 409 410
f 408 407 409
f 406 407 408
f 405 400 399
f 404 400 405
f 138 404 405
f 137 404 138
f 403 395 394
f 403 402 395
f 401 402 403
f 401 400 402
f 399 400 401
f 398 102 101
f 423 422 424
f 421 422 423
f 420 191 190
f 420 419 191
f 418 419 420
f 345 64 107
f 345 63 64
f 66 63 345
f 416 340 417
f 341 340 416
f 104 413 343
f 411 413 104
f 415 407 406
f 415 414 407
f 413 414 415
f 413 412 414
f 434 112 114
f 434 433 112
f 432 433 434
f 432 431 433
f 430 431 432
f 429 114 113
f 429 168 114
f 169 168 429
f 108 421 423
f 108 428 421
f 110 428 108
f 427 418 420
f 427 426 418
f 425 426 427
f 425 424 426
f 423 424 425
f 77 91 115
f 77 89 91
f 112 113 114
f 111 109 108
f 108 109 110
f 64 60 107
f 104 105 106
f 101 102 103
f 436 141 140
f 435 141 436
f 430 435 436
f 432 435 430
f 174 179 180
f 174 178 179
f 174 177 178
f 174 176 177
f 174 175 176
f 170 69 70
f 170 73 69
f 170 173 73
f 170 172 173
f 170 171 172
f 170 109 171
f 161 168 169
f 161 167 168
f 161 166 167
f 161 165 166
f 161 164 165
f 83 84 85
f 80 81 82
f 77 79 78
f 76 77 78
f 118 119 120
f 77 117 79
f 77 116 117
f 77 115 116
f 118 122 123
f 118 121 122
f 118 120 121
f 98 99 100
f 95 96 97
f 92 93 94
f 89 90 91
f 86 87 88
f 161 163 164
f 161 162 163
f 161 160 162
f 154 160 161
f 154 159 160
f 154 158 159
f 154 157 158
f 154 156 157
f 154 155 156
f 154 85 155
f 154 83 85
f 139 152 153
f 139 151 152
f 139 150 151
f 139 149 150
f 139 148 149
f 127 132 133
f 127 131 132
f 127 130 131
f 127 129 130
f 127 128 129
f 443 444 445
f 446 447 448
f 463 464 465
f 463 462 464
f 463 459 462
f 459 461 462
f 459 460 461
f 459 450 460
f 459 447 450
f 455 442 441
f 455 458 442
f 451 438 437
f 444 448 447
f 444 488 448
f 443 488 444
f 659 537 539
f 650 682 667
f 681 682 650
f 649 681 650
f 649 680 681
f 666 680 649
f 679 556 671
f 679 555 556
f 678 555 679
f 447 446 449
f 441 445 444
f 441 487 445
f 440 487 441
f 482 439 438
f 482 486 439
f 481 486 482
f 440 441 442
f 648 664 665
f 648 663 664
f 648 636 661
f 661 634 633
f 661 635 634
f 661 636 635
f 678 554 555
f 677 554 678
f 553 677 674
f 554 677 553
f 549 672 548
f 549 676 672
f 550 676 549
f 550 675 676
f 463 465 466
f 551 675 550
f 658 646 626
f 658 647 646
f 659 547 660
f 659 546 547
f 659 544 546
f 659 542 544
f 659 541 542
f 671 557 662
f 575 645 571
f 628 670 662
f 628 669 670
f 628 668 669
f 628 667 668
f 628 629 667
f 648 666 649
f 648 665 666
f 659 640 639
f 659 633 640
f 659 661 633
f 659 660 661
f 657 439 568
f 657 507 439
f 657 508 507
f 658 518 517
f 553 674 552
f 658 506 519
f 658 558 506
f 658 557 558
f 658 662 557
f 658 628 662
f 658 627 628
f 658 626 627
f 574 575 569
f 570 574 569
f 573 574 570
f 564 566 572
f 571 567 569
f 476 570 485
f 567 568 569
f 564 565 566
f 556 557 671
f 659 535 537
f 659 533 535
f 659 531 533
f 659 653 531
f 659 655 653
f 659 654 655
f 659 639 654
f 657 511 510
f 657 559 511
f 657 512 559
f 657 513 512
f 657 514 513
f 657 515 514
f 657 560 515
f 657 561 560
f 657 562 561
f 657 563 562
f 657 516 563
f 657 517 516
f 657 658 517
f 657 647 658
f 659 539 541
f 569 575 571
f 473 472 474
f 471 472 473
f 467 469 470
f 467 468 469
f 467 466 468
f 467 463 466
f 481 568 486
f 481 569 568
f 483 569 481
f 483 570 569
f 485 570 483
f 570 565 573
f 566 565 570
f 476 566 570
f 478 566 476
f 658 519 518
f 529 608 532
f 536 609 538
f 604 490 489
f 493 490 604
f 610 540 538
f 610 543 540
f 485 484 477
f 483 484 485
f 483 482 484
f 481 482 483
f 480 472 471
f 480 479 472
f 478 479 480
f 478 477 479
f 476 477 478
f 473 474 475
f 606 608 525
f 610 538 609
f 586 618 620
f 584 619 585
f 610 545 543
f 610 470 545
f 610 467 470
f 588 602 578
f 588 603 602
f 588 474 603
f 588 591 474
f 474 591 475
f 614 605 489
f 493 604 495
f 525 608 527
f 608 529 527
f 616 605 614
f 616 612 605
f 615 612 616
f 604 489 605
f 609 532 608
f 609 534 532
f 536 534 609
f 607 495 604
f 607 497 495
f 607 500 497
f 607 502 500
f 607 504 502
f 607 606 504
f 606 521 504
f 606 523 521
f 606 525 523
f 655 524 526
f 656 637 652
f 656 638 637
f 584 621 619
f 584 620 621
f 586 620 584
f 576 601 579
f 576 602 601
f 578 602 576
f 618 612 615
f 618 613 612
f 617 613 618
f 617 611 613
f 586 611 617
f 586 601 611
f 579 601 586
f 656 652 489
f 657 641 647
f 657 642 641
f 656 625 638
f 656 624 625
f 656 622 624
f 656 655 622
f 622 654 623
f 654 622 655
f 652 637 632
f 651 631 630
f 620 630 621
f 653 530 531
f 652 614 489
f 630 620 651
f 655 526 528
f 655 528 530
f 657 509 508
f 657 510 509
f 655 522 524
f 655 520 522
f 655 505 520
f 655 656 505
f 656 503 505
f 656 501 503
f 656 499 501
f 656 498 499
f 656 496 498
f 656 494 496
f 656 492 494
f 656 491 492
f 656 489 491
f 580 581 582
f 579 577 576
f 576 577 578
f 657 643 642
f 657 644 643
f 657 567 644
f 657 568 567
f 654 639 623
f 486 568 439
f 652 616 614
f 651 616 652
f 632 651 652
f 631 651 632
f 615 620 618
f 615 651 620
f 616 651 615
f 566 593 572
f 593 566 594
f 592 473 475
f 591 592 475
f 589 582 590
f 580 582 589
f 588 580 589
f 578 580 588
f 577 580 578
f 577 581 580
f 587 581 577
f 577 583 587
f 584 583 577
f 579 584 577
f 586 584 579
f 583 584 585
f 592 471 473
f 594 471 592
f 598 594 592
f 596 594 598
f 592 600 599
f 589 600 592
f 591 589 592
f 588 589 591
f 480 566 478
f 480 594 566
f 471 594 480
f 600 589 590
f 592 599 597
f 597 598 592
f 594 596 595
f 595 593 594
f 551 674 675
f 552 674 551
f 548 660 547
f 548 673 660
f 672 673 548
f 671 662 670
f 571 644 567
f 571 645 644
f 455 457 458
f 455 456 457
f 455 454 456
f 455 451 454
f 451 453 454
f 451 452 453
f 450 447 449
f 650 667 629
f 437 438 439
f 451 437 452
f 485 477 476
f 694 730 731
f 715 716 717
f 722 723 724
f 722 721 723
f 720 721 722
f 718 721 720
f 720 719 718
f 718 719 717
f 717 716 718
f 714 716 715
f 715 713 714
f 711 714 713
f 713 712 711
f 710 711 712
f 687 784 737
f 687 783 784
f 688 783 687
f 688 782 783
f 708 782 688
f 708 781 782
f 685 781 708
f 685 736 781
f 686 736 685
f 696 780 733
f 696 732 780
f 695 732 696
f 779 691 727
f 779 692 691
f 778 692 779
f 778 699 692
f 777 699 778
f 777 700 699
f 776 700 777
f 776 701 700
f 775 701 776
f 775 702 701
f 774 702 775
f 773 702 774
f 773 703 702
f 772 703 773
f 772 704 703
f 771 704 772
f 770 704 771
f 770 705 704
f 769 705 770
f 769 706 705
f 768 706 769
f 768 707 706
f 767 707 768
f 767 766 707
f 765 766 767
f 765 764 766
f 763 764 765
f 763 761 764
f 762 761 763
f 760 761 762
f 760 759 761
f 758 759 760
f 758 757 759
f 756 757 758
f 756 755 757
f 754 755 756
f 754 753 755
f 752 753 754
f 752 750 753
f 751 750 752
f 749 750 751
f 749 748 750
f 747 748 749
f 747 746 748
f 745 746 747
f 745 744 746
f 743 744 745
f 743 742 744
f 741 742 743
f 741 725 742
f 726 725 741
f 739 690 738
f 739 689 690
f 739 727 689
f 739 740 727
f 709 738 690
f 709 737 738
f 687 737 709
f 686 735 736
f 698 735 686
f 698 734 735
f 697 734 698
f 697 733 734
f 696 733 697
f 731 732 695
f 694 731 695
f 693 730 694
f 693 729 730
f 683 729 693
f 728 729 683
f 684 728 683
f 727 691 689
f 724 725 726
f 724 723 725
f 1000 999 1001
f 1163 1145 1164
f 971 969 968
f 1149 1181 1151
f 1149 1180 1181
f 1149 1169 1180
f 1149 1170 1169
f 1149 1179 1170
f 1149 1178 1179
f 1149 1161 1178
f 988 982 994
f 983 982 988
f 984 983 987
f 991 992 993
f 988 989 990
f 985 986 987
f 1192 1201 1193
f 993 999 1000
f 993 998 999
f 992 998 993
f 996 984 997
f 996 982 984
f 995 982 996
f 988 994 989
f 1192 1195 1196
f 1192 1194 1195
f 1192 1193 1194
f 1191 1190 1188
f 1189 1188 1190
f 1187 1188 1189
f 1186 1182 1185
f 1182 1184 1185
f 1169 1170 1171
f 970 980 981
f 2740 1169 1171
f 2740 1180 1169
f 2740 1181 1180
f 2740 1151 1181
f 1208 1187 2739
f 1183 1200 2738
f 1191 1165 2737
f 1191 2737 1190
f 1215 1216 1217
f 1174 1214 1175
f 1188 1165 1191
f 1188 1163 1165
f 1202 1163 1188
f 1202 1168 1163
f 1228 1229 1230
f 1228 1227 1229
f 1226 1227 1228
f 1226 1225 1227
f 1224 1225 1226
f 1217 1223 1175
f 1217 1222 1223
f 1217 1221 1222
f 1217 1220 1221
f 1217 1216 1220
f 1174 1171 1173
f 1174 1177 1171
f 1174 1176 1177
f 1174 1175 1176
f 1171 1172 1173
f 1170 1172 1171
f 1253 1235 1256
f 1253 1236 1235
f 1253 1255 1236
f 1253 1254 1255
f 1250 1251 1252
f 1248 1249 1250
f 1245 1246 1247
f 1243 1244 1245
f 1240 1241 1242
f 1231 1238 1233
f 1238 1231 1239
f 1234 1236 1237
f 1234 1235 1236
f 1232 1231 1233
f 1230 1231 1232
f 1230 1229 1231
f 1240 1239 1231
f 1264 1239 1240
f 1264 1263 1239
f 1262 1263 1264
f 1227 1240 1229
f 1227 1241 1240
f 1227 1261 1241
f 1227 1260 1261
f 1227 1225 1260
f 1253 1259 1254
f 1253 1258 1259
f 1253 1257 1258
f 1253 1252 1257
f 1253 1250 1252
f 1253 1248 1250
f 1253 1256 1248
f 1255 1193 1201
f 1254 1193 1255
f 1254 1194 1193
f 1259 1194 1254
f 1245 1249 1243
f 1250 1249 1245
f 1247 1250 1245
f 1251 1250 1247
f 1264 1244 1262
f 1245 1244 1264
f 1265 1245 1264
f 1246 1245 1265
f 1266 1240 1242
f 1266 1264 1240
f 1265 1264 1266
f 1240 1231 1229
f 1273 1279 1280
f 1273 1278 1279
f 1273 1277 1278
f 1273 1276 1277
f 1273 1275 1276
f 1273 1267 1275
f 1273 1268 1267
f 1273 1270 1268
f 1273 1271 1270
f 1273 1274 1271
f 1270 1271 1272
f 1267 1268 1269
f 1237 1182 1186
f 1236 1182 1237
f 1236 1201 1182
f 1255 1201 1236
f 1292 1294 1295
f 1292 1290 1294
f 1292 1291 1290
f 1292 1293 1291
f 1292 1282 1293
f 1284 1290 1291
f 1284 1289 1290
f 1284 1288 1289
f 1284 1287 1288
f 1215 1286 1216
f 1215 1285 1286
f 1267 1283 1275
f 1267 1282 1283
f 1269 1282 1267
f 1273 1281 1274
f 1273 1280 1281
f 1310 1311 1296
f 1310 1300 1311
f 1310 1230 1300
f 1310 1228 1230
f 1310 1226 1228
f 1298 1308 1309
f 1297 1306 1307
f 1306 1297 1305
f 1305 1297 1304
f 1304 1297 1303
f 1303 1297 1302
f 1302 1297 1301
f 1301 1297 1296
f 1299 1230 1232
f 1299 1300 1230
f 1296 1297 1298
f 1325 1297 1307
f 1324 1297 1325
f 1324 1314 1297
f 1323 1314 1324
f 1314 1323 1315
f 1314 1298 1297
f 1314 1308 1298
f 1314 1317 1318
f 1314 1316 1317
f 1314 1315 1316
f 1310 1224 1226
f 1310 1313 1224
f 1310 1312 1313
f 1310 1309 1312
f 1310 1298 1309
f 1310 1296 1298
f 1235 2710 2709
f 1234 2710 1235
f 2706 1235 2709
f 1183 2738 1184
f 2735 2745 2734
f 2735 1185 2745
f 1186 1185 2735
f 2744 1177 1176
f 2744 2741 1177
f 2744 2742 2741
f 2744 2738 2742
f 2744 2745 2738
f 2744 2734 2745
f 2744 2736 2734
f 2744 1175 2736
f 1325 1307 1269
f 2740 2737 1151
f 2740 2739 2737
f 2740 2743 2739
f 2746 1152 1157
f 2746 1146 1152
f 2746 1147 1146
f 2746 1120 1147
f 2737 1189 1190
f 2737 1187 1189
f 2739 1187 2737
f 2739 1209 1208
f 2739 1210 1209
f 2743 1210 2739
f 2743 1199 1210
f 2742 1199 2743
f 1151 2737 1165
f 1336 840 1337
f 1336 841 840
f 842 841 1336
f 1334 933 1335
f 1334 934 933
f 1326 934 1334
f 936 1332 1333
f 936 1331 1332
f 936 1330 1331
f 936 1329 1330
f 936 1328 1329
f 936 1327 1328
f 936 1326 1327
f 936 935 1326
f 935 934 1326
f 2744 1176 1175
f 1344 845 1340
f 1344 846 845
f 1343 846 1344
f 1343 847 846
f 1342 847 1343
f 1342 848 847
f 849 848 1342
f 1341 842 1336
f 1341 843 842
f 1340 843 1341
f 1340 844 843
f 845 844 1340
f 1338 838 1339
f 1338 839 838
f 1337 839 1338
f 1337 840 839
f 917 1352 918
f 917 1351 1352
f 916 1351 917
f 916 1350 1351
f 915 1350 916
f 958 1349 957
f 958 1348 1349
f 955 1348 958
f 955 1347 1348
f 852 1347 955
f 1347 852 1345
f 1346 849 1342
f 1346 850 849
f 1345 850 1346
f 1345 851 850
f 852 851 1345
f 923 1360 1361
f 922 1360 923
f 922 1359 1360
f 855 1359 922
f 855 1358 1359
f 854 1358 855
f 854 1357 1358
f 921 1357 854
f 921 1356 1357
f 921 1355 1356
f 920 1355 921
f 920 1354 1355
f 919 1354 920
f 919 1353 1354
f 918 1353 919
f 918 1352 1353
f 1203 810 809
f 1213 810 1203
f 1213 811 810
f 1212 811 1213
f 1212 812 811
f 1211 812 1212
f 1211 813 812
f 1207 813 1211
f 1363 915 914
f 1363 1350 915
f 1363 1365 1350
f 1363 1364 1365
f 838 1362 1339
f 924 1362 838
f 924 1361 1362
f 923 1361 924
f 952 1194 1259
f 954 1194 952
f 954 1195 1194
f 816 1195 954
f 816 1196 1195
f 815 1196 816
f 1198 813 1207
f 1198 814 813
f 1197 814 1198
f 1197 815 814
f 1196 815 1197
f 1205 807 1206
f 1205 808 807
f 1204 808 1205
f 1204 809 808
f 1203 809 1204
f 862 1050 863
f 862 1043 1050
f 861 1043 862
f 861 1044 1043
f 860 1044 861
f 860 1045 1044
f 859 1045 860
f 859 1046 1045
f 858 1046 859
f 858 1018 1046
f 874 1018 858
f 1143 1114 1144
f 785 1114 1143
f 785 1106 1114
f 786 1106 785
f 952 1259 953
f 857 1035 948
f 857 1054 1035
f 856 1054 857
f 856 1055 1054
f 869 1055 856
f 869 1056 1055
f 868 1056 869
f 867 1056 868
f 867 1047 1056
f 866 1047 867
f 866 1048 1047
f 865 1048 866
f 865 1049 1048
f 864 1049 865
f 864 1050 1049
f 863 1050 864
f 1372 895 894
f 1371 895 1372
f 1371 896 895
f 1370 896 1371
f 1370 897 896
f 1369 897 1370
f 1369 898 897
f 1368 898 1369
f 1368 899 898
f 1367 899 1368
f 1367 900 899
f 1366 900 1367
f 792 1034 1033
f 949 1034 792
f 949 1035 1034
f 948 1035 949
f 1378 1373 894
f 1380 1373 1378
f 1378 1379 1380
f 873 1018 874
f 873 1019 1018
f 872 1019 873
f 872 1377 1019
f 871 1377 872
f 871 1374 1377
f 870 1374 871
f 1376 900 1366
f 1376 891 900
f 1375 891 1376
f 1375 870 891
f 1374 870 1375
f 1372 894 1373
f 833 1388 1389
f 832 1388 833
f 832 1387 1388
f 832 1386 1387
f 831 1386 832
f 831 1385 1386
f 830 1385 831
f 830 1384 1385
f 943 1384 830
f 943 1383 1384
f 942 1383 943
f 942 1382 1383
f 941 1382 942
f 941 1381 1382
f 940 1381 941
f 1378 894 893
f 1398 1403 1404
f 1398 1402 1403
f 1398 1401 1402
f 1398 1400 1401
f 1398 1399 1400
f 1395 1396 1397
f 796 1393 1394
f 837 1393 796
f 837 1392 1393
f 836 1392 837
f 836 1391 1392
f 835 1391 836
f 835 1390 1391
f 834 1390 835
f 834 1389 1390
f 833 1389 834
f 936 1419 1420
f 936 1418 1419
f 936 1417 1418
f 936 1416 1417
f 936 1415 1416
f 936 1414 1415
f 936 1333 1414
f 1398 1412 1413
f 1398 1411 1412
f 1398 1410 1411
f 1398 1409 1410
f 1398 1408 1409
f 1398 1407 1408
f 1398 1406 1407
f 1398 1405 1406
f 1398 1404 1405
f 1413 1435 1436
f 1413 1434 1435
f 1413 1433 1434
f 1413 1432 1433
f 1413 1431 1432
f 1413 1430 1431
f 1413 1412 1430
f 936 1428 1429
f 936 1427 1428
f 936 1426 1427
f 936 1425 1426
f 936 1424 1425
f 936 1423 1424
f 936 1422 1423
f 936 1421 1422
f 936 1420 1421
f 1440 1453 1454
f 1440 1452 1453
f 1440 1451 1452
f 1440 1439 1451
f 1439 1449 1450
f 1439 1448 1449
f 1439 1447 1448
f 1439 1446 1447
f 1439 1445 1446
f 1439 1444 1445
f 1439 1443 1444
f 1439 1442 1443
f 1439 1441 1442
f 1439 1440 1441
f 1413 1437 1438
f 1413 1436 1437
f 1464 1465 1466
f 1464 1463 1465
f 1464 1461 1463
f 1461 1462 1463
f 1461 1396 1462
f 1461 1397 1396
f 1458 1396 1395
f 1458 1460 1396
f 1458 1459 1460
f 1458 1454 1459
f 1458 1455 1454
f 1440 1399 1398
f 1440 1457 1399
f 1440 1456 1457
f 1440 1455 1456
f 1440 1454 1455
f 2746 1148 2747
f 2746 1158 1148
f 2746 1157 1158
f 2749 1125 1139
f 1333 1431 1414
f 1432 1431 1333
f 1420 1407 1421
f 1408 1407 1420
f 937 1450 1449
f 937 1464 1450
f 937 1469 1464
f 937 1468 1469
f 937 1429 1468
f 937 936 1429
f 1464 1467 1450
f 1464 1466 1467
f 2749 1118 1120
f 2749 1137 1118
f 2749 1138 1137
f 2749 1139 1138
f 2742 1200 1199
f 2738 1200 2742
f 1184 2745 1185
f 1184 2738 2745
f 1150 2747 1148
f 1151 2747 1150
f 1151 1162 2747
f 1165 1162 1151
f 2746 1145 1120
f 2746 1164 1145
f 2746 1162 1164
f 2746 2747 1162
f 2759 2758 2757
f 2759 1082 2758
f 2759 1083 1082
f 2754 1079 1080
f 2749 1122 1125
f 2749 1121 1122
f 2749 2748 1121
f 2749 1141 2748
f 2749 1140 1141
f 2749 1145 1140
f 2749 1120 1145
f 2748 1141 1117
f 1124 1117 1080
f 2748 1117 1124
f 1123 2748 1124
f 1121 2748 1123
f 2755 1095 1094
f 1096 1095 2755
f 2757 1102 2760
f 2757 1088 1102
f 2754 2755 2756
f 2754 2750 2755
f 2754 1080 2750
f 2751 2752 2753
f 2750 1117 1098
f 1117 2750 1080
f 2759 973 1083
f 2759 2761 973
f 2759 2753 2761
f 2759 2751 2753
f 2759 2760 2751
f 2759 2757 2760
f 984 1010 997
f 984 986 1010
f 987 986 984
f 987 1009 985
f 2754 1084 1079
f 2754 1081 1084
f 2754 1082 1081
f 2754 2758 1082
f 2754 2757 2758
f 2754 2756 2757
f 2750 1096 2755
f 2750 1097 1096
f 1002 1003 1000
f 1000 1001 1002
f 1098 1097 2750
f 2755 1094 2756
f 1015 1016 1017
f 1013 1014 998
f 1011 983 988
f 1011 987 983
f 2756 1088 2757
f 2756 1093 1088
f 1094 1093 2756
f 2751 1061 2752
f 2751 1091 1061
f 2760 1091 2751
f 2760 1092 1091
f 1102 1092 2760
f 980 1011 988
f 1006 1011 980
f 1006 1007 1011
f 1004 1007 1006
f 1031 1034 1035
f 1031 1033 1034
f 1031 1032 1033
f 1022 1030 1021
f 987 1008 1009
f 1007 1008 987
f 1007 1003 1008
f 1004 1003 1007
f 1005 1006 980
f 1005 1004 1006
f 1000 1004 1005
f 1000 1003 1004
f 1026 2773 2774
f 1026 2772 2773
f 1017 1018 1019
f 1017 1016 1018
f 1071 1027 1072
f 992 1013 998
f 971 2771 2770
f 2770 2769 971
f 1007 987 1011
f 1012 980 970
f 1012 1005 980
f 991 1005 1012
f 991 1000 1005
f 993 1000 991
f 981 988 990
f 980 988 981
f 1031 1039 1040
f 1031 1038 1039
f 1031 1036 1037
f 1031 1035 1036
f 2761 2765 2781
f 2761 2753 2765
f 2752 2767 2753
f 2752 2780 2767
f 1029 1021 1030
f 1026 1023 1025
f 1023 1024 1025
f 1021 1013 1022
f 1021 1014 1013
f 1020 1014 1021
f 1020 1015 1014
f 1016 1015 1020
f 1026 2774 1061
f 972 2771 971
f 972 2792 2771
f 1026 1025 2772
f 972 2790 2791
f 972 2778 2790
f 1012 2783 991
f 1012 2789 2783
f 2769 2768 971
f 969 971 2768
f 2753 2767 2766
f 2766 2764 2753
f 2753 2764 2765
f 1013 992 1022
f 991 2783 2784
f 2761 2782 2775
f 991 2784 2785
f 1067 1053 1052
f 1063 1053 1067
f 2761 2781 2782
f 1470 1474 1449
f 1470 1473 1474
f 1470 1472 1473
f 1470 1471 1472
f 2752 2779 2780
f 2752 2774 2779
f 2752 1061 2774
f 973 2778 972
f 973 2777 2778
f 973 2776 2777
f 973 2775 2776
f 973 2761 2775
f 1029 1030 963
f 1066 1037 1062
f 1066 1038 1037
f 972 2791 2792
f 1487 1488 1489
f 1487 1485 1488
f 1487 1479 1485
f 1487 1480 1479
f 1487 1486 1480
f 1472 1480 1486
f 1472 1481 1480
f 1471 1481 1472
f 1479 1484 1485
f 1479 1483 1484
f 1479 1481 1482
f 1479 1480 1481
f 1470 1477 1478
f 1470 1476 1477
f 1470 1475 1476
f 1470 1449 1475
f 1012 969 2768
f 1012 970 969
f 991 967 992
f 991 2787 967
f 991 2786 2787
f 991 2785 2786
f 1074 1051 1073
f 1074 1052 1051
f 1067 1052 1074
f 1028 1072 1027
f 1028 1070 1072
f 1069 1070 1028
f 966 992 967
f 966 1022 992
f 1487 1490 1491
f 1487 1489 1490
f 963 1030 965
f 1029 1069 1028
f 1029 1068 1069
f 1029 964 1068
f 1029 962 964
f 1029 963 962
f 1031 1023 1041
f 1031 1024 1023
f 1031 1040 1024
f 1062 1053 1063
f 1062 1037 1053
f 1064 1038 1066
f 1064 1039 1038
f 1065 1039 1064
f 1012 2788 2789
f 1012 2768 2788
f 2762 1024 1040
f 2763 1024 2762
f 2763 1025 1024
f 2772 1025 2763
f 1073 1027 1071
f 1073 1051 1027
f 1036 1051 1052
f 1042 1050 1043
f 1042 1049 1050
f 1042 1048 1049
f 1042 1047 1048
f 1042 1036 1047
f 1042 1027 1036
f 1042 1021 1027
f 965 1022 966
f 965 1030 1022
f 1016 1045 1046
f 1016 1044 1045
f 1016 1043 1044
f 1016 1042 1043
f 1016 1020 1042
f 1031 1041 1032
f 1078 1076 1075
f 1075 1076 1077
f 1060 1026 1061
f 1060 1023 1026
f 1059 1023 1060
f 1059 1041 1023
f 1057 1041 1059
f 1032 1058 1033
f 1065 1040 1039
f 2762 1040 1065
f 1036 1056 1047
f 1036 1055 1056
f 1036 1054 1055
f 1036 1035 1054
f 1036 1053 1037
f 1036 1052 1053
f 1095 1089 1094
f 1094 1089 1093
f 1093 1089 1088
f 1091 1060 1061
f 1091 1092 1060
f 1088 1089 1090
f 1084 1075 1079
f 1084 1078 1075
f 1042 1020 1021
f 1016 1046 1018
f 1084 1085 1086
f 1084 1081 976
f 976 1083 973
f 976 1082 1083
f 976 1081 1082
f 1079 1075 1080
f 1105 1106 1107
f 1101 1058 1057
f 1101 1104 1058
f 1101 1103 1104
f 1101 1100 1103
f 1101 1090 1100
f 1101 1088 1090
f 1101 1102 1088
f 1032 1057 1058
f 1041 1057 1032
f 1089 1097 1098
f 1097 1089 1096
f 1096 1089 1095
f 1118 1119 1120
f 1117 1089 1098
f 1116 1089 1117
f 1116 1105 1089
f 1115 1105 1116
f 1115 1106 1105
f 1114 1106 1115
f 1105 1090 1089
f 1493 1492 1494
f 1334 1492 1493
f 1492 1334 1335
f 1084 1087 1078
f 1084 1086 1087
f 1504 1364 1363
f 1504 1498 1364
f 1272 1498 1504
f 1272 1500 1498
f 1500 1502 1503
f 1502 1500 1499
f 1499 1500 1501
f 1364 1498 1365
f 1495 1496 1497
f 1495 1494 1496
f 1493 1494 1495
f 1101 1092 1102
f 1101 1060 1092
f 1101 1059 1060
f 1101 1057 1059
f 1090 1099 1100
f 1520 1382 1381
f 1520 1383 1382
f 1520 1384 1383
f 1517 1516 1519
f 1516 1517 1518
f 1392 1515 1393
f 1512 1513 1514
f 1386 1385 1511
f 1507 1510 995
f 1507 1509 1510
f 1507 1506 1509
f 1505 1379 1378
f 1505 1380 1379
f 1505 1508 1380
f 1505 1507 1508
f 1505 1506 1507
f 1384 1526 1527
f 1384 1520 1526
f 1522 1389 1388
f 1522 1390 1389
f 1522 1391 1390
f 1522 1392 1391
f 1522 1515 1392
f 1522 1525 1515
f 1522 1517 1525
f 1522 1518 1517
f 1522 1524 1518
f 1522 1523 1524
f 1522 1388 1523
f 1520 1513 1512
f 1520 1521 1513
f 1520 1381 1521
f 1551 1552 1553
f 1548 1549 1550
f 1545 1546 1547
f 1542 1543 1544
f 1530 1540 1541
f 1537 1528 1530
f 1533 1535 1536
f 1533 1534 1535
f 1533 1532 1528
f 1531 1529 1528
f 1528 1529 1530
f 1387 1523 1388
f 1387 1511 1523
f 1386 1511 1387
f 1384 1511 1385
f 1384 1527 1511
f 1564 1563 1565
f 1559 1563 1564
f 1559 1562 1563
f 1561 1562 1559
f 1559 1560 1561
f 1559 1558 1560
f 1553 1558 1559
f 1553 1557 1558
f 1552 1557 1553
f 1555 1544 1556
f 1555 1542 1544
f 1503 1542 1555
f 1548 1554 1549
f 1548 1542 1554
f 1543 1542 1548
f 1544 1543 1547
f 1553 1559 1551
f 1541 1548 1550
f 1540 1548 1541
f 1540 1570 1548
f 1565 1570 1540
f 1565 1566 1570
f 1563 1566 1565
f 1544 1569 1556
f 1544 1546 1569
f 1547 1546 1544
f 1547 1568 1545
f 1547 1567 1568
f 1566 1567 1547
f 1566 1562 1567
f 1563 1562 1566
f 1564 1565 1540
f 1105 1107 1108
f 1130 1134 1135
f 1130 1133 1134
f 1130 1132 1133
f 1130 1131 1132
f 1130 1129 1131
f 1125 1129 1130
f 1125 1128 1129
f 1125 1127 1128
f 1570 1543 1548
f 1570 1547 1543
f 1566 1547 1570
f 1571 1540 1530
f 1571 1564 1540
f 1551 1564 1571
f 1551 1559 1564
f 1125 1075 1077
f 1125 1122 1075
f 1075 1124 1080
f 1124 1075 1123
f 1123 1075 1121
f 1121 1075 1122
f 1119 1146 1147
f 1116 1142 1115
f 1116 1145 1142
f 1140 1145 1116
f 1115 1144 1114
f 1115 1143 1144
f 1142 1143 1115
f 1117 1141 1116
f 1105 1099 1090
f 1105 1108 1109
f 1130 1138 1139
f 1130 1137 1138
f 1130 1118 1137
f 1130 1119 1118
f 1130 1136 1119
f 1130 1135 1136
f 2681 1223 1222
f 2680 1223 2681
f 2740 2742 2743
f 2740 2741 2742
f 2740 1177 2741
f 2740 1171 1177
f 1152 1153 1154
f 1152 1133 1153
f 1125 1126 1127
f 1125 1077 1126
f 1152 1136 1135
f 1152 1119 1136
f 1152 1146 1119
f 1151 1150 1149
f 1148 1149 1150
f 1120 1119 1147
f 2694 2676 1233
f 1263 2697 1239
f 1263 2698 2697
f 1263 2703 2698
f 1263 2699 2703
f 1263 1262 2699
f 2708 1249 1248
f 2705 1249 2708
f 1140 1116 1141
f 1130 1139 1125
f 2701 1243 2704
f 2701 1244 1243
f 2702 1244 2701
f 2702 1262 1244
f 2700 1262 2702
f 2681 1222 2682
f 1168 1142 1163
f 1168 1143 1142
f 1168 1167 1143
f 1166 1167 1168
f 1163 1162 1165
f 1162 1163 1164
f 1158 1149 1148
f 1158 1161 1149
f 1152 1134 1133
f 1152 1135 1134
f 1158 1156 1159
f 1158 1157 1156
f 1152 1156 1157
f 1152 1155 1156
f 1152 1154 1155
f 1233 2676 2727
f 1238 2695 2694
f 1238 2691 2695
f 1238 2692 2691
f 1238 2693 2692
f 2706 1256 1235
f 2707 1256 2706
f 2707 1248 1256
f 2708 1248 2707
f 2705 1243 1249
f 2704 1243 2705
f 2723 2672 1220
f 2723 2673 2672
f 2723 2674 2673
f 2723 2683 2674
f 2723 2728 2683
f 1163 1142 1145
f 2728 2685 2684
f 2728 2686 2685
f 2728 2675 2686
f 2728 2676 2675
f 2672 1221 1220
f 2672 1222 1221
f 2671 1222 2672
f 1233 2727 1232
f 1158 1160 1161
f 1158 1159 1160
f 2735 2713 1186
f 2735 2714 2713
f 2735 2716 2714
f 2735 2717 2716
f 2735 2734 2717
f 1238 2694 1233
f 1237 2711 2710
f 1237 2712 2711
f 1237 2713 2712
f 1237 1186 2713
f 1238 1239 2693
f 1175 2687 2678
f 1175 2688 2687
f 1175 2689 2688
f 1175 1223 2689
f 2723 1220 1216
f 1222 2671 2682
f 2718 2717 2734
f 2734 2715 2718
f 2669 2715 2734
f 2728 2729 2726
f 2728 2684 2683
f 2723 2731 2728
f 2723 2724 2731
f 1286 2724 2723
f 1305 2719 1306
f 2728 2727 2676
f 2736 2669 2734
f 2736 2670 2669
f 2736 2677 2670
f 2736 2678 2677
f 2736 1175 2678
f 2725 2720 2733
f 2725 1285 1284
f 2725 2724 1285
f 2733 2724 2725
f 2733 2730 2724
f 1237 2710 1234
f 2732 1301 1296
f 2732 2721 1301
f 2730 2721 2732
f 2729 1296 1311
f 1262 2700 2699
f 2696 1239 2697
f 2693 1239 2696
f 2690 2689 1223
f 1223 2679 2690
f 1223 2680 2679
f 2729 1300 1299
f 1311 1300 2729
f 1307 1282 1269
f 1307 2719 1282
f 2728 2731 2729
f 2725 1282 2720
f 2725 1293 1282
f 1291 1293 2725
f 2722 2720 2719
f 1305 2722 2719
f 1304 2722 1305
f 2721 1303 1302
f 2721 2722 1303
f 1727 2430 2429
f 2733 2722 2721
f 2733 2720 2722
f 1728 1330 1731
f 1304 1303 2722
f 1302 1301 2721
f 2719 2720 1282
f 2721 2730 2733
f 2729 2732 1296
f 2731 2732 2729
f 2731 2730 2732
f 2724 2730 2731
f 2427 1731 2426
f 2427 1697 1731
f 2427 2433 2434
f 2427 1704 2433
f 2726 1232 2727
f 2726 1299 1232
f 2729 1299 2726
f 1546 2432 1569
f 1546 2431 2432
f 1546 1350 2431
f 1546 1351 1350
f 1536 1629 1630
f 1727 1333 1332
f 1727 2428 1333
f 1727 2429 2428
f 1727 1330 1728
f 1727 1726 2430
f 1558 2436 1560
f 1361 2435 1362
f 1556 2432 1555
f 1556 1569 2432
f 1355 1354 1567
f 1731 1330 2426
f 1727 1331 1330
f 1727 1332 1331
f 2437 1360 1359
f 2437 1361 1360
f 2437 2435 1361
f 2437 2438 2435
f 2437 2436 2438
f 2437 1560 2436
f 1306 2719 1307
f 2726 2727 2728
f 1284 1291 2725
f 1285 2724 1286
f 1286 2723 1216
f 2437 1561 1560
f 2437 1562 1561
f 2437 1357 1562
f 1631 1632 1633
f 1631 1628 1536
f 1536 1630 1533
f 1663 1665 1651
f 1536 1628 1629
f 1626 1622 1627
f 1625 1623 1622
f 1622 1623 1624
f 2338 2319 2320
f 2337 2338 2320
f 2336 2285 2286
f 2336 2284 2285
f 2287 2288 2335
f 2306 2307 2331
f 2309 2310 2330
f 1645 1644 1643
f 1645 1647 1644
f 1645 1646 1647
f 1636 1643 1644
f 1636 1642 1643
f 1636 1641 1642
f 1636 1640 1641
f 1635 1638 1639
f 1635 1637 1638
f 2334 2291 2292
f 2332 2294 2295
f 2333 2297 2298
f 2331 2307 2308
f 1631 1622 1626
f 1631 1625 1622
f 1631 1634 1625
f 1631 1633 1634
f 1663 1664 1665
f 1663 1662 1664
f 1660 1662 1663
f 1660 1661 1662
f 1660 1649 1661
f 1660 1645 1649
f 1660 1659 1645
f 1645 1658 1646
f 1658 1645 1659
f 1656 1654 1657
f 1656 1655 1654
f 1653 1654 1655
f 1650 1651 1652
f 1645 1648 1649
f 1645 1643 1648
f 1680 1681 1682
f 1673 1679 1672
f 1673 1678 1679
f 1673 1677 1678
f 1673 1676 1677
f 1673 1639 1676
f 1635 1639 1673
f 1670 1671 1672
f 1663 1669 1660
f 1663 1668 1669
f 1663 1667 1668
f 1663 1655 1667
f 1663 1653 1655
f 1663 1666 1653
f 1663 1650 1666
f 1663 1651 1650
f 1695 1687 1696
f 1695 1688 1687
f 1694 1688 1695
f 1687 1692 1693
f 1687 1691 1692
f 1687 1680 1691
f 1687 1681 1680
f 1687 1690 1681
f 1687 1689 1690
f 1687 1688 1689
f 1670 1682 1684
f 1670 1686 1682
f 1670 1685 1686
f 1670 1672 1685
f 1682 1683 1684
f 1681 1683 1682
f 1652 1705 1650
f 1703 1497 1704
f 1703 1495 1497
f 1702 1495 1703
f 1702 1493 1495
f 1701 1493 1702
f 1701 1334 1493
f 1701 1326 1334
f 1327 1326 1701
f 1699 1624 1700
f 1699 1622 1624
f 1698 1622 1699
f 1698 1627 1622
f 1697 1627 1698
f 1696 1693 1482
f 1696 1687 1693
f 1650 1706 1707
f 1714 1712 1711
f 1714 1719 1712
f 1714 1718 1719
f 1714 1717 1718
f 1714 1716 1717
f 1714 1707 1716
f 1714 1715 1707
f 982 1713 1712
f 1711 1712 1713
f 1657 1654 1710
f 1654 1709 1710
f 1654 1708 1709
f 1708 1654 1653
f 1707 1666 1650
f 1650 1705 1706
f 2437 1359 1358
f 1546 1352 1351
f 1546 1353 1352
f 2436 1558 1557
f 1356 1562 1357
f 1356 1567 1562
f 1355 1567 1356
f 1353 1567 1354
f 1353 1568 1567
f 1353 1545 1568
f 1353 1546 1545
f 1708 1707 1715
f 1708 1666 1707
f 1653 1666 1708
f 1707 1720 1716
f 1707 1706 1720
f 1432 2429 2430
f 1432 2428 2429
f 1432 1333 2428
f 1742 1734 1740
f 1742 1735 1734
f 1742 1723 1735
f 1742 1724 1723
f 1328 2426 1329
f 1328 2427 2426
f 1328 1704 2427
f 1721 1699 1700
f 2432 1503 1555
f 2432 1500 1503
f 2431 1500 2432
f 2431 1498 1500
f 2437 1358 1357
f 1699 1721 1698
f 1731 1729 1728
f 1731 1730 1729
f 1721 1730 1731
f 1722 1728 1729
f 1722 1727 1728
f 1722 1726 1727
f 1722 1725 1726
f 1722 1724 1725
f 1722 1723 1724
f 1350 1498 2431
f 1498 1350 1365
f 1432 1724 1742
f 1432 1725 1724
f 1432 1726 1725
f 1432 2430 1726
f 1743 1739 1738
f 1740 1741 1742
f 1721 1732 1730
f 1721 1739 1732
f 1721 1738 1739
f 1721 1737 1738
f 1721 1736 1737
f 1721 1700 1736
f 1733 1729 1732
f 1733 1722 1729
f 1733 1723 1722
f 1733 1735 1723
f 1733 1734 1735
f 1730 1732 1729
f 1698 1731 1697
f 1698 1721 1731
f 1754 1744 1745
f 1754 1741 1744
f 1750 1752 1753
f 1752 1750 1751
f 1751 1750 1749
f 1749 1750 1748
f 1747 1745 1746
f 1747 1748 1745
f 1745 1743 1746
f 1745 1739 1743
f 1744 1739 1745
f 1744 1732 1739
f 1741 1732 1744
f 1733 1740 1734
f 1733 1741 1740
f 1732 1741 1733
f 1753 1769 1750
f 1768 1750 1769
f 1767 1750 1768
f 1766 1750 1767
f 1763 1764 1765
f 1756 1761 1762
f 1756 1760 1761
f 1756 1759 1760
f 1754 1742 1741
f 1754 1758 1742
f 1754 1757 1758
f 1754 1756 1757
f 1754 1755 1756
f 1754 1750 1755
f 1754 1748 1750
f 1754 1745 1748
f 1775 1764 1781
f 1775 1765 1764
f 1775 1780 1765
f 1775 1779 1780
f 1775 1766 1779
f 1770 1778 1771
f 1770 1777 1778
f 1770 1776 1777
f 1770 1775 1776
f 1770 1766 1775
f 1770 1750 1766
f 1770 1755 1750
f 1756 1774 1759
f 1756 1773 1774
f 1756 1770 1771
f 1756 1755 1770
f 1787 1793 1794
f 1787 1792 1793
f 1787 1791 1792
f 1787 1764 1791
f 1787 1781 1764
f 1787 1782 1781
f 1787 1785 1782
f 1787 1790 1785
f 1787 1789 1790
f 1787 1788 1789
f 1782 1786 1783
f 1786 1782 1784
f 1784 1782 1785
f 1775 1783 1776
f 1775 1782 1783
f 1775 1781 1782
f 1806 1812 1813
f 1806 1811 1812
f 1806 1810 1811
f 1806 1809 1810
f 1806 1808 1809
f 1806 1807 1808
f 1794 1805 1788
f 1804 1788 1805
f 1803 1800 1802
f 1800 1801 1802
f 1764 1798 1799
f 1764 1763 1798
f 1790 1797 1785
f 1790 1796 1797
f 1790 1795 1796
f 1787 1794 1788
f 1821 1822 1823
f 1812 1788 1804
f 1812 1789 1788
f 1811 1789 1812
f 1811 1820 1816
f 1811 1819 1820
f 1811 1810 1819
f 1790 1818 1795
f 1790 1817 1818
f 1790 1811 1816
f 1790 1789 1811
f 1806 1815 1807
f 1806 1800 1815
f 1806 1801 1800
f 1806 1814 1801
f 1806 1813 1814
f 1828 1834 1829
f 1828 1821 1834
f 1828 1822 1821
f 1828 1800 1822
f 1828 1815 1800
f 1828 1807 1815
f 1828 1833 1807
f 1828 1832 1833
f 1828 1831 1832
f 1828 1830 1831
f 1828 1829 1830
f 1803 1827 1800
f 1826 1800 1827
f 1822 1800 1826
f 1825 1821 1824
f 1821 1823 1824
f 1845 1839 1847
f 1694 1844 1846
f 1844 1845 1846
f 1840 1821 1825
f 1839 1821 1840
f 1839 1834 1821
f 1843 1834 1839
f 1843 1829 1834
f 1842 1829 1843
f 1842 1837 1829
f 1841 1837 1842
f 1838 1839 1840
f 1830 1829 1837
f 1807 1836 1808
f 1807 1835 1836
f 1807 1833 1835
f 1850 1849 1471
f 1694 1695 1844
f 1696 1844 1695
f 1848 1854 1849
f 1848 1844 1854
f 1848 1845 1844
f 1848 1839 1845
f 1848 1843 1839
f 1848 1842 1843
f 1848 1841 1842
f 1848 1853 1841
f 1848 1852 1853
f 1848 1851 1852
f 1848 1850 1851
f 1848 1849 1850
f 1838 1847 1839
f 1859 990 989
f 1859 1860 990
f 1712 1857 1858
f 1719 1857 1712
f 977 970 981
f 1712 989 994
f 1712 994 982
f 1854 1471 1849
f 1854 1481 1471
f 1844 1481 1854
f 1844 1482 1481
f 1850 1856 1851
f 1850 1855 1856
f 1850 1478 1855
f 1850 1470 1478
f 1850 1471 1470
f 1877 968 979
f 1877 1879 968
f 1877 1878 1879
f 1875 1874 1876
f 1874 1875 1868
f 1864 1873 1871
f 1871 1872 1864
f 1867 1869 1870
f 1867 1868 1869
f 1866 1864 1863
f 1863 1864 1865
f 990 1862 977
f 990 1861 1862
f 990 1860 1861
f 1859 1712 1858
f 1859 989 1712
f 1014 1001 999
f 1868 1866 1869
f 1864 1866 1868
f 1875 1864 1868
f 1873 1864 1875
f 1864 1878 1865
f 1879 1878 1864
f 1872 1879 1864
f 1881 1879 1872
f 1880 1879 1881
f 1880 968 1879
f 1880 974 968
f 1880 975 974
f 1880 976 975
f 1877 978 977
f 1877 979 978
f 1884 1882 986
f 1883 1015 1017
f 1883 1014 1015
f 1883 1001 1014
f 1883 1002 1001
f 1883 1003 1002
f 1883 1376 1003
f 1883 1375 1376
f 1883 1374 1375
f 1883 1377 1374
f 1883 1019 1377
f 1883 1017 1019
f 996 997 1882
f 1010 1882 997
f 986 1882 1010
f 998 1014 999
f 1884 1508 1882
f 1884 1380 1508
f 1373 1380 1884
f 986 1369 1370
f 986 1368 1369
f 986 1367 1368
f 986 1366 1367
f 1366 1003 1376
f 1366 1008 1003
f 1366 1009 1008
f 1366 985 1009
f 1366 986 985
f 1884 1372 1373
f 1884 1371 1372
f 1884 1370 1371
f 1884 986 1370
f 1897 1872 1885
f 1897 1881 1872
f 1893 1895 1896
f 1895 1893 1894
f 1894 1893 1892
f 1892 1893 1887
f 1885 1891 1889
f 1889 1890 1885
f 1888 1875 1876
f 1888 1886 1875
f 1886 1887 1875
f 1873 1885 1871
f 1871 1885 1872
f 996 1507 995
f 1882 1507 996
f 1882 1508 1507
f 1887 1873 1875
f 1885 1873 1887
f 1893 1885 1887
f 1891 1885 1893
f 1899 1087 1898
f 1899 1078 1087
f 1899 1076 1078
f 1899 1077 1076
f 1897 1880 1881
f 1897 976 1880
f 1897 1085 976
f 1897 1086 1085
f 1897 1087 1086
f 1897 1898 1087
f 1897 1890 1898
f 1897 1885 1890
f 1907 1899 1898
f 1907 1077 1899
f 1907 1126 1077
f 1907 1127 1126
f 1907 1128 1127
f 1907 1129 1128
f 1907 1912 1129
f 1907 1911 1912
f 1907 1910 1911
f 1907 1909 1910
f 1907 1908 1909
f 1903 1905 1906
f 1905 1903 1902
f 1902 1903 1904
f 1900 1893 1896
f 1900 1901 1893
f 1912 1911 1155
f 1906 1917 1903
f 1916 1903 1917
f 1915 1903 1916
f 1908 1914 1909
f 1908 1913 1914
f 1908 1903 1913
f 1912 1131 1129
f 1912 1132 1131
f 1912 1133 1132
f 1908 1893 1901
f 1908 1891 1893
f 1908 1889 1891
f 1908 1907 1889
f 1907 1890 1889
f 1907 1898 1890
f 1920 1911 1910
f 1920 1155 1911
f 1920 1156 1155
f 1920 1159 1156
f 1920 1160 1159
f 1920 1921 1160
f 1920 1919 1921
f 1918 1903 1915
f 1918 1913 1903
f 1918 1914 1913
f 1918 1909 1914
f 1918 1920 1909
f 1918 1919 1920
f 1912 1153 1133
f 1912 1154 1153
f 1912 1155 1154
f 1939 1936 1938
f 1936 1937 1938
f 1933 1934 1935
f 1174 1173 1932
f 1173 1172 1932
f 1931 1921 1930
f 1931 1160 1921
f 1161 1160 1931
f 1919 1930 1921
f 1919 1927 1928
f 1919 1926 1927
f 1919 1924 1925
f 1919 1923 1924
f 1919 1922 1923
f 1919 1918 1922
f 1920 1910 1909
f 1945 1934 1933
f 1945 1943 1934
f 1944 1943 1945
f 1944 1172 1943
f 1932 1172 1944
f 1931 1178 1161
f 1931 1179 1178
f 1931 1170 1179
f 1931 1172 1170
f 1931 1943 1172
f 1931 1930 1943
f 1925 1942 1926
f 1941 1926 1942
f 1940 1926 1941
f 1937 1926 1940
f 1928 1927 1934
f 1939 1955 1936
f 1954 1936 1955
f 1953 1936 1954
f 1952 1936 1953
f 1933 1935 1947
f 1947 1945 1933
f 1950 1951 1952
f 1948 1947 1949
f 1946 1947 1948
f 1934 1929 1928
f 1934 1930 1929
f 1943 1930 1934
f 1935 1937 1936
f 1934 1937 1935
f 1934 1926 1937
f 1927 1926 1934
f 1947 1952 1949
f 1947 1936 1952
f 1935 1936 1947
f 1932 1214 1174
f 1932 1217 1214
f 1932 1218 1217
f 1932 1219 1218
f 1956 1946 1957
f 1956 1947 1946
f 1956 1945 1947
f 1956 1944 1945
f 1956 1932 1944
f 1956 1219 1932
f 1956 1215 1219
f 1956 1958 1215
f 1956 1957 1958
f 1966 1960 1959
f 1966 1968 1960
f 1966 1967 1968
f 1966 1965 1967
f 1276 1965 1966
f 1276 1964 1965
f 1276 1295 1964
f 1276 1292 1295
f 1276 1275 1292
f 1292 1283 1282
f 1283 1292 1275
f 1281 1963 1274
f 1281 1280 1963
f 1962 1963 1280
f 1959 1960 1961
f 1949 1952 1951
f 1978 1979 1980
f 1542 1977 1976
f 1975 1976 1977
f 1274 1963 1974
f 1963 1973 1974
f 1963 1972 1973
f 1972 1963 1962
f 1959 1970 1971
f 1961 1970 1959
f 1966 1277 1276
f 1966 1278 1277
f 1966 1279 1278
f 1966 1280 1279
f 1966 1962 1280
f 1966 1969 1962
f 1966 1959 1969
f 1987 1988 1951
f 1949 1986 1948
f 1948 1986 1946
f 1979 1985 1980
f 1979 1971 1985
f 1979 1959 1971
f 1979 1969 1959
f 1979 1962 1969
f 1979 1972 1962
f 1979 1984 1972
f 1979 1983 1984
f 1979 1978 1983
f 1978 1976 1975
f 1978 1982 1976
f 1978 1981 1982
f 1978 1980 1981
f 1998 1288 1287
f 1998 1289 1288
f 1998 1290 1289
f 1998 1999 1290
f 1998 1991 1999
f 1998 1986 1991
f 1998 1946 1986
f 1998 1957 1946
f 1994 1996 1997
f 1996 1994 1995
f 1995 1994 1993
f 1993 1994 1988
f 1986 1992 1990
f 1990 1991 1986
f 1989 1951 1950
f 1989 1987 1951
f 1759 1435 1434
f 1774 1435 1759
f 1773 1435 1774
f 1773 1436 1435
f 1772 1436 1773
f 1772 1437 1436
f 1988 1949 1951
f 1986 1949 1988
f 1994 1986 1988
f 1992 1986 1994
f 2000 1290 1999
f 2000 1294 1290
f 2000 1295 1294
f 1998 1958 1957
f 1998 1215 1958
f 1998 1287 1215
f 1433 1762 1761
f 1398 1784 1785
f 1398 1786 1784
f 1398 1783 1786
f 1440 1796 1795
f 1440 1797 1796
f 1328 1703 1704
f 1328 1702 1703
f 1328 1701 1702
f 1328 1327 1701
f 1329 2426 1330
f 1758 1432 1742
f 1757 1432 1758
f 1757 1433 1432
f 1762 1433 1757
f 1759 1434 1760
f 1819 1444 1820
f 1810 1444 1819
f 1810 1445 1444
f 1809 1445 1810
f 1446 1833 1447
f 1446 1835 1833
f 1771 1437 1772
f 1771 1438 1437
f 1778 1438 1771
f 1777 1438 1778
f 1777 1413 1438
f 1776 1413 1777
f 1776 1398 1413
f 1783 1398 1776
f 1433 1760 1434
f 1433 1761 1760
f 1448 1477 1476
f 1448 1478 1477
f 1448 1855 1478
f 1448 1856 1855
f 1448 1830 1856
f 1830 1851 1856
f 1440 1785 1797
f 1440 1398 1785
f 1795 1441 1440
f 1818 1441 1795
f 1818 1442 1441
f 1817 1442 1818
f 1816 1442 1817
f 1816 1443 1442
f 1820 1443 1816
f 1820 1444 1443
f 2424 1499 1501
f 2424 1502 1499
f 2424 2425 1502
f 2424 1975 2425
f 2424 1978 1975
f 2424 1983 1978
f 1446 1836 1835
f 1446 1808 1836
f 1446 1445 1808
f 1447 1830 1448
f 1447 1831 1830
f 1447 1832 1831
f 1447 1833 1832
f 1808 1445 1809
f 1448 1475 1449
f 1448 1476 1475
f 2424 1984 1983
f 2424 1972 1984
f 2424 1973 1972
f 2424 1974 1973
f 2424 1274 1974
f 1272 1271 1501
f 1830 1852 1851
f 1830 1853 1852
f 1830 1841 1853
f 1830 1837 1841
f 1977 2425 1975
f 1542 2425 1977
f 1542 1502 2425
f 1503 1502 1542
f 2424 1271 1274
f 2424 1501 1271
f 2491 1715 1714
f 2320 2238 2266
f 2319 2238 2320
f 2335 2288 2289
f 2318 2239 2319
f 2318 2267 2239
f 2317 2267 2318
f 2317 2240 2267
f 2316 2240 2317
f 2316 2241 2240
f 2315 2241 2316
f 2315 2268 2241
f 2330 2310 2311
f 2328 2313 2314
f 2329 2316 2317
f 2323 2264 2263
f 1713 982 2490
f 1713 2490 1711
f 1506 2489 1509
f 2493 2435 2438
f 2492 2435 2493
f 2492 1362 2435
f 1339 1362 2492
f 2491 1714 1711
f 1483 1693 1484
f 2491 1708 1715
f 2491 1709 1708
f 2491 1710 1709
f 2322 2264 2323
f 2322 2265 2264
f 2321 2265 2322
f 2321 2266 2265
f 2320 2266 2321
f 2506 2503 1686
f 2434 1627 1697
f 2433 1627 2434
f 2433 1497 1627
f 1704 1497 2433
f 2490 995 1510
f 2490 982 995
f 2502 2505 2498
f 2491 2489 1657
f 2491 1509 2489
f 2491 1510 1509
f 2491 2490 1510
f 2491 1711 2490
f 2502 1680 1682
f 2502 1691 1680
f 2491 1657 1710
f 2497 1512 1514
f 2502 1692 1691
f 2502 1693 1692
f 2499 2500 2501
f 1526 1520 2498
f 1514 2496 2497
f 1693 2497 2496
f 1484 2496 1485
f 1484 1693 2496
f 2508 1516 1518
f 1483 1482 1693
f 2495 2436 1557
f 2494 2436 2495
f 2494 2438 2436
f 2493 2438 2494
f 2506 1686 1685
f 2501 1519 1516
f 2500 1519 2501
f 2506 2504 2503
f 2506 2508 2504
f 2506 2501 2508
f 2506 2499 2501
f 2506 2507 2499
f 2506 1672 2507
f 2506 1685 1672
f 2502 2497 1693
f 2502 2498 2497
f 2502 2504 2505
f 2502 2503 2504
f 2502 1686 2503
f 2502 1682 1686
f 1525 2509 1515
f 2509 1525 2510
f 1515 1394 1393
f 1515 2509 1394
f 2507 2449 2440
f 2497 1520 1512
f 2498 1520 2497
f 2498 1527 1526
f 2498 1511 1527
f 2505 1511 2498
f 2505 1523 1511
f 2504 1523 2505
f 2504 1524 1523
f 2508 1524 2504
f 2508 1518 1524
f 2458 2457 1679
f 2501 1516 2508
f 2314 2244 2268
f 2313 2244 2314
f 2313 2269 2244
f 2312 2269 2313
f 2312 2242 2269
f 2311 2242 2312
f 2310 2243 2311
f 2310 2270 2243
f 2309 2270 2310
f 2309 2245 2270
f 2308 2245 2309
f 2308 2246 2245
f 2307 2246 2308
f 2307 2271 2246
f 2510 1517 2511
f 2510 1525 1517
f 2500 2499 2487
f 2512 2481 2516
f 2512 2482 2481
f 2512 2483 2482
f 2512 1519 2483
f 2513 2514 2515
f 2518 2442 1676
f 1679 2451 2458
f 1679 2452 2451
f 1678 2441 2454
f 2488 2487 2499
f 2499 2485 2488
f 2439 2485 2499
f 2511 1519 2512
f 2511 1517 1519
f 2314 2268 2315
f 2518 2517 2445
f 2517 2446 2445
f 2517 2447 2446
f 2517 2448 2447
f 2517 2459 2448
f 2517 2460 2459
f 2517 2514 2460
f 2507 2439 2499
f 2507 2440 2439
f 2519 2473 2471
f 2507 2450 2449
f 2507 1672 2450
f 2500 2483 1519
f 2500 2484 2483
f 2500 2486 2484
f 2500 2487 2486
f 2464 2513 2465
f 2464 2514 2513
f 2460 2514 2464
f 2519 2471 2521
f 2478 2527 2477
f 2519 2472 2473
f 2519 2474 2472
f 2519 2520 2474
f 1672 2455 2450
f 1672 2456 2455
f 1672 2457 2456
f 1672 1679 2457
f 2518 1676 1639
f 2518 2443 2442
f 2518 2444 2443
f 2518 2445 2444
f 2305 2248 2247
f 2304 2248 2305
f 2304 2272 2248
f 2303 2272 2304
f 2319 2239 2238
f 2302 2251 2303
f 2302 2273 2251
f 2301 2273 2302
f 2301 2249 2273
f 2300 2249 2301
f 2300 2250 2249
f 2299 2250 2300
f 2299 2274 2250
f 2441 1678 2442
f 2465 2522 2461
f 2465 2513 2522
f 2525 2469 2524
f 2523 2466 2463
f 2523 2467 2466
f 2524 2467 2523
f 2535 2531 1659
f 2462 2523 2463
f 2462 2522 2523
f 2461 2522 2462
f 2453 1678 2454
f 2453 1679 1678
f 2452 1679 2453
f 2442 1677 1676
f 2442 1678 1677
f 2306 2271 2307
f 2306 2247 2271
f 2305 2247 2306
f 2479 2530 2480
f 2479 2529 2530
f 2476 2529 2479
f 2476 2528 2529
f 2477 2528 2476
f 2477 2527 2528
f 2535 1656 1657
f 2478 2526 2527
f 2475 2526 2478
f 2475 2520 2526
f 2474 2520 2475
f 2525 2470 2469
f 2525 2471 2470
f 2521 2471 2525
f 2524 2468 2467
f 2524 2469 2468
f 2533 1646 2531
f 2553 2558 2551
f 2535 1655 1656
f 2535 1667 1655
f 2535 1668 1667
f 2535 1669 1668
f 2535 1660 1669
f 2535 1659 1660
f 2535 2532 2531
f 2535 2534 2532
f 2535 2489 2534
f 2535 1657 2489
f 2534 2489 1506
f 2531 2532 2533
f 2480 2516 2481
f 2480 2530 2516
f 2295 2275 2296
f 2311 2243 2242
f 2294 2254 2295
f 2294 2255 2254
f 2293 2255 2294
f 2293 2276 2255
f 2292 2276 2293
f 2292 2258 2276
f 2291 2258 2292
f 2291 2277 2258
f 2543 2544 2545
f 2540 2541 2542
f 2538 2539 1646
f 2536 2537 2538
f 2531 1658 1659
f 2531 1646 1658
f 2550 2538 1646
f 2536 2538 2550
f 2548 1646 2539
f 2548 1647 1646
f 1644 1647 2548
f 2549 2514 2517
f 1636 1644 2548
f 1637 2547 1638
f 1638 2518 1639
f 2538 2537 2546
f 2298 2274 2299
f 2298 2252 2274
f 2297 2252 2298
f 2297 2253 2252
f 2296 2253 2297
f 2296 2275 2253
f 2285 2260 2286
f 2285 2280 2260
f 2284 2280 2285
f 2284 2279 2280
f 2283 2279 2284
f 2283 2281 2279
f 2553 2557 2558
f 2556 2557 2553
f 2556 2555 2557
f 2547 2555 2556
f 2549 2515 2514
f 2549 2554 2515
f 2553 2554 2549
f 2553 2552 2554
f 2551 2552 2553
f 2550 1646 2533
f 2277 2192 2258
f 2277 2202 2192
f 2256 2202 2277
f 2276 2190 2255
f 2276 2191 2190
f 2258 2191 2276
f 2290 2277 2291
f 2290 2256 2277
f 2289 2256 2290
f 2289 2257 2256
f 2288 2257 2289
f 2288 2278 2257
f 2287 2278 2288
f 2303 2251 2272
f 2286 2259 2287
f 2286 2260 2259
f 2272 2170 2171
f 2251 2170 2272
f 2271 2169 2246
f 2271 2168 2169
f 2247 2168 2271
f 2270 2209 2243
f 2282 2281 2283
f 2261 2279 2281
f 2261 2194 2279
f 2195 2194 2261
f 2280 2182 2260
f 2280 2194 2182
f 2279 2194 2280
f 2295 2254 2275
f 2278 2174 2179
f 2259 2174 2278
f 2240 2207 2267
f 2266 2186 2265
f 2266 2164 2186
f 2238 2164 2266
f 2262 2185 2127
f 2262 2186 2185
f 2275 2199 2253
f 2275 2201 2199
f 2254 2201 2275
f 2274 2211 2250
f 2274 2200 2211
f 2252 2200 2274
f 2273 2162 2251
f 2287 2259 2278
f 2249 2172 2273
f 2272 2171 2248
f 2256 2257 2202
f 2189 2201 2255
f 2189 2255 2190
f 2198 2200 2253
f 2198 2253 2199
f 2254 2255 2201
f 2270 2210 2209
f 2245 2210 2270
f 2269 2188 2244
f 2269 2166 2188
f 2242 2166 2269
f 2268 2196 2241
f 2268 2187 2196
f 2278 2179 2257
f 2267 2165 2239
f 2267 2207 2165
f 2208 2166 2243
f 2208 2243 2209
f 2245 2246 2210
f 2187 2244 2188
f 2242 2243 2166
f 2197 2207 2241
f 2262 2265 2186
f 2262 2264 2265
f 2262 2263 2264
f 2195 2261 2128
f 2183 2174 2260
f 2183 2260 2182
f 2212 2202 2257
f 2273 2172 2162
f 2259 2260 2174
f 2191 2258 2192
f 2009 2233 2007
f 2009 2234 2233
f 2022 2234 2009
f 2022 2232 2234
f 2021 2232 2022
f 2013 2142 2014
f 2173 2172 2250
f 2173 2250 2211
f 2252 2253 2200
f 2170 2251 2162
f 2249 2250 2172
f 2163 2168 2248
f 2163 2248 2171
f 2244 2187 2268
f 2167 2246 2169
f 2247 2248 2168
f 2236 2231 2230
f 2235 2231 2236
f 2235 2226 2231
f 2233 2226 2235
f 2228 2232 2229
f 1976 2001 2002
f 2197 2241 2196
f 2184 2164 2239
f 2184 2239 2165
f 2240 2241 2207
f 2238 2239 2164
f 2013 2236 2237
f 2010 2236 2013
f 2212 2257 2179
f 2007 2235 2010
f 2007 2233 2235
f 2232 2001 1982
f 2232 2002 2001
f 2010 2235 2236
f 2193 2230 2216
f 2021 2022 2023
f 2013 2143 2142
f 2013 2144 2143
f 2013 2237 2144
f 2232 2004 2003
f 2232 2005 2004
f 2232 2006 2005
f 2232 1537 2006
f 2167 2210 2246
f 2237 2193 2144
f 2237 2230 2193
f 2236 2230 2237
f 1976 1549 1554
f 1976 1554 1542
f 2657 932 2658
f 2657 933 932
f 1335 933 2657
f 2651 1323 2652
f 1349 956 957
f 2653 956 1349
f 2653 794 956
f 2232 2003 2002
f 2232 2021 1537
f 2228 2234 2232
f 2227 2234 2228
f 2227 2233 2234
f 2226 2233 2227
f 2232 1982 2229
f 2008 2017 2015
f 2015 2016 2008
f 2011 2013 2014
f 2011 2012 2013
f 2010 2008 2007
f 2007 2008 2009
f 1550 2006 1537
f 1550 2005 2006
f 1550 2004 2005
f 1550 2003 2004
f 1550 2002 2003
f 1550 1976 2002
f 1550 1549 1976
f 2008 2010 2012
f 1982 2001 1976
f 1537 1530 1541
f 2008 2022 2009
f 2023 2022 2008
f 2016 2023 2008
f 2025 2023 2016
f 2024 2023 2025
f 2024 1528 2023
f 2024 1534 1528
f 2024 1535 1534
f 2024 1536 1535
f 2021 1538 1537
f 2021 1539 1538
f 2021 1528 1539
f 2021 2023 1528
f 2545 2538 2546
f 2019 2018 2020
f 2018 2019 2012
f 2540 2545 2544
f 2559 2545 2540
f 2559 2539 2545
f 2548 2539 2559
f 2548 1637 1636
f 2548 2547 1637
f 2559 2547 2548
f 2559 2555 2547
f 2540 2555 2559
f 2557 2542 2558
f 2557 2540 2542
f 2555 2540 2557
f 2012 2010 2013
f 2566 2569 2570
f 2019 2008 2012
f 2017 2008 2019
f 2566 2560 2567
f 2566 1627 2560
f 2563 2564 2565
f 2562 2560 2561
f 2560 1497 1496
f 2561 2560 1496
f 1497 2560 1627
f 2517 2553 2549
f 2517 2556 2553
f 2518 2556 2517
f 2518 2547 2556
f 1638 2547 2518
f 2545 2546 2543
f 2572 2575 2576
f 2539 2538 2545
f 2540 2544 2541
f 2571 2573 1533
f 2571 2565 2573
f 2571 2563 2565
f 2571 2572 2563
f 2571 2569 2572
f 2571 2570 2569
f 2571 1629 2570
f 2571 1630 1629
f 2566 1626 1627
f 2566 1631 1626
f 2566 1628 1631
f 2566 1629 1628
f 2566 2570 1629
f 1619 1616 2565
f 2566 2568 2569
f 2566 2567 2568
f 2560 2583 2581
f 2562 2583 2560
f 2567 2578 2568
f 2567 2582 2578
f 2581 2582 2567
f 2569 2574 2572
f 2569 2580 2574
f 2568 2580 2569
f 2568 2579 2580
f 2578 2579 2568
f 2563 2577 2564
f 2563 2576 2577
f 2572 2576 2563
f 1533 1606 1605
f 2574 2575 2572
f 2571 1533 1630
f 2586 1615 2577
f 2586 1617 1615
f 2586 1618 1617
f 2586 1573 1618
f 2586 2587 1573
f 1584 2585 1582
f 1585 2584 1586
f 1557 1552 2495
f 1531 1609 1602
f 1602 1601 1531
f 1601 1600 1531
f 1529 1531 1600
f 2565 1620 1619
f 1551 1595 1592
f 2565 1616 1594
f 2560 2581 2567
f 1551 1611 1610
f 1551 1612 1611
f 2573 1597 1596
f 2573 1593 1597
f 2573 1594 1593
f 2573 2565 1594
f 2564 1620 2565
f 2564 1621 1620
f 2564 1614 1621
f 2564 1615 1614
f 2564 2577 1615
f 1533 1604 1532
f 1533 1605 1604
f 1591 2495 1552
f 1533 1596 1606
f 1533 2573 1596
f 1589 2588 1590
f 1532 1609 1531
f 1532 1613 1609
f 1532 1608 1613
f 1532 1607 1608
f 1532 1604 1607
f 1571 1612 1551
f 1571 1598 1612
f 1571 1599 1598
f 1571 1600 1599
f 1571 1529 1600
f 1571 1530 1529
f 1551 1592 1552
f 1573 2587 1572
f 1551 1603 1595
f 1551 1610 1603
f 1579 2591 1587
f 1579 2590 2591
f 1578 2590 1579
f 2584 1582 2585
f 2584 1583 1582
f 1585 1583 2584
f 2589 1586 2584
f 2589 1580 1586
f 1581 1580 2589
f 1588 2588 1589
f 1588 2589 2588
f 1581 2589 1588
f 1591 1552 1592
f 2598 2492 2493
f 1590 2495 1591
f 1590 2588 2495
f 2587 2596 2592
f 2588 2494 2495
f 2588 2589 2494
f 1577 2590 1578
f 1577 2595 2590
f 1576 2595 1577
f 1576 2594 2595
f 1575 2594 1576
f 1575 2593 2594
f 1574 2593 1575
f 1574 2592 2593
f 1572 2592 1574
f 1572 2587 2592
f 2398 2139 2399
f 1587 2585 1584
f 1587 2591 2585
f 2401 2138 2402
f 2405 2106 2406
f 2405 2115 2106
f 2404 2115 2405
f 2262 2387 2263
f 2262 2125 2387
f 2126 2125 2262
f 2388 2117 2389
f 2388 2125 2117
f 2387 2125 2388
f 2391 2150 2392
f 2391 2152 2150
f 2598 2493 2494
f 2413 2110 2414
f 2597 1345 1346
f 2596 2587 2586
f 2415 2131 2416
f 2415 2132 2131
f 2414 2132 2415
f 2418 2109 2419
f 2390 2152 2391
f 2394 2122 2395
f 2394 2140 2122
f 2393 2140 2394
f 2396 2120 2397
f 2396 2121 2120
f 2395 2121 2396
f 2399 2137 2400
f 2399 2139 2137
f 2261 2281 2423
f 2402 2149 2403
f 2402 2138 2149
f 2153 2389 2117
f 2151 2140 2392
f 2151 2392 2150
f 2390 2389 2152
f 2407 2135 2408
f 2407 2134 2135
f 2406 2134 2407
f 2410 2112 2386
f 2410 2107 2112
f 2409 2107 2410
f 2385 2114 2411
f 2385 2147 2114
f 2384 2147 2385
f 2401 2400 2138
f 2413 2146 2110
f 2412 2146 2413
f 2148 2107 2408
f 2148 2408 2135
f 2113 2147 2386
f 2113 2386 2112
f 2418 2145 2109
f 2417 2145 2418
f 2421 2130 2422
f 2421 2108 2130
f 2420 2108 2421
f 2261 2129 2128
f 2261 2130 2129
f 2261 2422 2130
f 2261 2423 2422
f 2031 2016 2032
f 2126 2262 2127
f 2153 2152 2389
f 2029 1752 2030
f 2028 2019 2020
f 2028 2026 2019
f 2026 2027 2019
f 2121 2395 2122
f 2393 2392 2140
f 2119 2139 2397
f 2119 2397 2120
f 2136 2138 2400
f 2136 2400 2137
f 2398 2397 2139
f 2116 2115 2403
f 2116 2403 2149
f 2032 2019 2027
f 2134 2406 2106
f 2404 2403 2115
f 2032 2016 2015
f 2033 1634 1738
f 2033 1625 1634
f 2033 1623 1625
f 2033 1624 1623
f 2031 2024 2025
f 2031 1536 2024
f 2031 1632 1536
f 2031 1633 1632
f 2031 1634 1633
f 2031 1738 1634
f 2031 1743 1738
f 2031 2032 1743
f 2046 2047 2039
f 2031 2025 2016
f 1752 2029 1753
f 2041 2040 2042
f 2041 2038 2040
f 2038 2039 2040
f 2037 2035 2034
f 2034 2035 2036
f 2027 1751 1749
f 2027 1752 1751
f 2027 2030 1752
f 2032 1746 1743
f 2032 1747 1746
f 2032 1748 1747
f 2032 1749 1748
f 2032 2027 1749
f 2055 1648 1643
f 2032 2017 2019
f 2032 2015 2017
f 2051 1635 2054
f 2051 1640 1635
f 2051 1641 1640
f 2051 1642 1641
f 2051 1643 1642
f 2051 2053 1643
f 2051 2044 2053
f 2051 2035 2044
f 2051 2036 2035
f 2051 2052 2036
f 2047 2049 2050
f 2049 2047 2048
f 2048 2047 2046
f 2063 2069 1664
f 2035 2045 2043
f 2043 2044 2035
f 2063 2066 2067
f 2063 2065 2066
f 2063 2064 2065
f 2059 2061 2062
f 2061 2059 2058
f 2058 2059 2060
f 2056 2047 2050
f 2056 2057 2047
f 2039 2037 2040
f 2035 2037 2039
f 2047 2035 2039
f 2045 2035 2047
f 2055 1643 2053
f 2064 2059 2070
f 2055 1649 1648
f 2051 2054 2052
f 2069 1651 1665
f 2069 1652 1651
f 2064 2047 2057
f 2064 2045 2047
f 2064 2043 2045
f 2064 2063 2043
f 2063 2044 2043
f 2063 2053 2044
f 2063 2055 2053
f 2063 1649 2055
f 2063 1661 1649
f 2063 1662 1661
f 2063 1664 1662
f 2081 2083 2073
f 2063 2068 2069
f 2063 2067 2068
f 2081 1635 1675
f 2081 2054 1635
f 2081 2052 2054
f 2080 2079 2076
f 2078 2076 2079
f 2077 2076 2078
f 2072 2076 2077
f 2074 2075 2071
f 2071 2073 2074
f 2042 2040 2072
f 2034 2071 2037
f 2036 2071 2034
f 2064 2070 2065
f 1803 2088 1827
f 2064 2060 2059
f 2069 1665 1664
f 2076 2085 2086
f 2076 2084 2085
f 2037 2072 2040
f 2071 2072 2037
f 2071 2076 2072
f 2075 2076 2071
f 2082 1671 1670
f 2082 1673 1671
f 2082 1674 1673
f 2082 1675 1674
f 2081 2036 2052
f 2081 2071 2036
f 2081 2073 2071
f 2091 2084 2076
f 2081 2082 2083
f 2081 1675 2082
f 2091 1824 1823
f 2091 1825 1824
f 2091 1840 1825
f 2090 1689 1688
f 2090 1690 1689
f 2090 1681 1690
f 2090 2089 1681
f 2090 1838 2089
f 2082 2089 2083
f 2082 1681 2089
f 2082 1683 1681
f 2082 1684 1683
f 2082 1670 1684
f 1737 2033 1738
f 2087 1827 2088
f 2080 2076 2086
f 1688 1694 2090
f 1838 2090 1847
f 2090 1845 1847
f 2084 1827 2087
f 2084 1826 1827
f 2084 1822 1826
f 2091 1838 1840
f 2091 2089 1838
f 2091 2083 2089
f 2091 2073 2083
f 2091 2074 2073
f 2091 2075 2074
f 2091 2076 2075
f 2101 1717 1716
f 2091 1822 2084
f 2091 1823 1822
f 2101 2104 1719
f 2101 2103 2104
f 2101 2102 2103
f 2062 2100 2059
f 2099 2059 2100
f 2098 2059 2099
f 2097 2093 2096
f 2093 2095 2096
f 2093 2092 2095
f 2092 2093 2094
f 2033 1700 1624
f 2033 1736 1700
f 1737 1736 2033
f 2092 2059 2098
f 2090 1846 1845
f 2090 1694 1846
f 2069 1705 1652
f 2069 1706 1705
f 2069 1720 1706
f 2069 1716 1720
f 2101 2105 2102
f 2101 2094 2105
f 2101 2092 2094
f 2101 2065 2092
f 2101 2066 2065
f 2101 2067 2066
f 2101 2068 2067
f 2101 2069 2068
f 2101 1716 2069
f 1803 1802 2088
f 2101 1718 1717
f 2101 1719 1718
f 2095 2092 2117
f 2079 2106 2115
f 2115 2116 2079
f 2106 2086 2085
f 2113 2112 1792
f 2110 1765 1780
f 2109 2018 2012
f 2020 2018 2109
f 2108 2012 2011
f 1794 1793 2107
f 1794 2107 1805
f 2080 2086 2106
f 2080 2106 2079
f 2131 2029 2030
f 2092 2070 2059
f 2092 2065 2070
f 2131 2132 1769
f 2014 2108 2011
f 2014 2130 2108
f 2014 2129 2130
f 2014 2128 2129
f 2123 2126 2127
f 2123 2125 2126
f 2123 2124 2125
f 2050 2121 2122
f 2050 2120 2121
f 2050 2119 2120
f 2050 2049 2119
f 1802 2087 2088
f 2134 1801 1814
f 2118 2012 2108
f 2109 2012 2118
f 2134 2084 2087
f 2134 2085 2084
f 2134 2106 2085
f 2132 1768 1769
f 2132 1767 1768
f 2132 1766 1767
f 2132 1779 1766
f 2132 1780 1779
f 2132 2110 1780
f 2131 2028 2133
f 2131 2026 2028
f 2131 2027 2026
f 2131 2030 2027
f 2122 2140 2060
f 2131 1753 2029
f 2131 1769 1753
f 2119 2046 2039
f 2119 2048 2046
f 2119 2049 2048
f 2136 2078 2138
f 2136 2077 2078
f 2136 2072 2077
f 2136 2042 2072
f 2136 2041 2042
f 2136 2137 2041
f 2134 1804 2135
f 2134 1812 1804
f 2134 1813 1812
f 2134 1814 1813
f 1765 2110 1763
f 2134 1802 1801
f 2134 2087 1802
f 2020 2109 2028
f 2128 2143 2144
f 2128 2142 2143
f 2128 2014 2142
f 2125 2095 2117
f 2125 2096 2095
f 2125 2097 2096
f 2125 2141 2097
f 2125 2124 2141
f 2122 2056 2050
f 2122 2057 2056
f 2122 2064 2057
f 2122 2060 2064
f 2099 2100 2150
f 2119 2038 2139
f 2119 2039 2038
f 2078 2149 2138
f 2078 2116 2149
f 2079 2116 2078
f 1804 2148 2135
f 1804 2107 2148
f 1805 2107 1804
f 2147 1791 2114
f 2147 1792 1791
f 2113 1792 2147
f 1798 2111 1799
f 1798 2146 2111
f 1763 2146 1798
f 1763 2110 2146
f 2155 2093 2097
f 2028 2145 2133
f 2028 2109 2145
f 2104 1859 1858
f 2104 2154 1859
f 2092 2153 2117
f 2092 2152 2153
f 2098 2152 2092
f 2098 2150 2152
f 2099 2150 2098
f 2140 2058 2060
f 2140 2061 2058
f 2151 2061 2140
f 2151 2062 2061
f 2150 2062 2151
f 2150 2100 2062
f 2154 1862 1861
f 2038 2137 2139
f 2041 2137 2038
f 2155 2094 2093
f 2159 2094 2155
f 2159 2105 2094
f 2158 2105 2159
f 2158 2102 2105
f 2157 2102 2158
f 2157 2103 2102
f 2156 2103 2157
f 2156 2104 2103
f 2154 2104 2156
f 2155 2124 2123
f 2155 2141 2124
f 2155 2097 2141
f 1869 2159 2155
f 2104 1857 1719
f 2104 1858 1857
f 1863 2158 1866
f 1863 2157 2158
f 1865 2157 1863
f 1865 2156 2157
f 1878 2156 1865
f 1878 2154 2156
f 1877 2154 1878
f 1869 2161 1870
f 1869 2160 2161
f 1869 2123 2160
f 1869 2155 2123
f 2154 1860 1859
f 2154 1861 1860
f 2170 1941 2171
f 2154 977 1862
f 2154 1877 977
f 2169 2168 1922
f 2168 1923 1922
f 2163 1941 1942
f 2167 1918 1915
f 2167 1922 1918
f 2166 1901 1900
f 2166 1908 1901
f 2165 1874 1868
f 1876 1874 2165
f 2164 1868 1867
f 1925 2163 1942
f 1939 1938 2162
f 1939 2162 1955
f 1896 1895 2187
f 1866 2159 1869
f 1866 2158 2159
f 1870 2185 2186
f 1870 2127 2185
f 2184 1868 2164
f 2165 1868 2184
f 2175 2174 2183
f 2182 2175 2183
f 2181 2175 2182
f 2178 2179 2180
f 2174 2176 2177
f 2174 2175 2176
f 1955 2162 2172
f 2172 2173 1955
f 1941 2163 2171
f 2196 1886 1888
f 1940 1941 2170
f 1922 2167 2169
f 2196 1894 1892
f 2196 1895 1894
f 2196 2187 1895
f 2144 2195 2128
f 2144 2194 2195
f 2144 2193 2194
f 1997 2191 2192
f 1997 2190 2191
f 1997 2189 2190
f 1997 1996 2189
f 1896 2166 1900
f 1896 2188 2166
f 1896 2187 2188
f 2192 2205 2206
f 1870 2164 1867
f 1870 2186 2164
f 2192 2202 2203
f 2189 1987 2201
f 2189 1988 1987
f 2189 1993 1988
f 2189 1995 1993
f 2189 1996 1995
f 2198 1954 2200
f 2198 1953 1954
f 2198 1952 1953
f 2198 1950 1952
f 2198 1989 1950
f 2198 2199 1989
f 2196 1888 2197
f 1917 2210 1916
f 2196 1887 1886
f 2196 1892 1887
f 1905 2209 1906
f 1905 2208 2209
f 1902 2208 1905
f 1904 2208 1902
f 1904 2166 2208
f 1908 2166 1904
f 1888 2207 2197
f 1888 2165 2207
f 1876 2165 1888
f 2127 2160 2123
f 2127 2161 2160
f 2127 1870 2161
f 2192 2206 1997
f 2212 2213 2202
f 2192 2204 2205
f 2192 2203 2204
f 1987 2199 2201
f 1989 2199 1987
f 1954 2211 2200
f 1954 2173 2211
f 1955 2173 1954
f 1937 2162 1938
f 1937 2170 2162
f 1940 2170 1937
f 1924 2163 1925
f 1924 2168 2163
f 1923 2168 1924
f 1916 2167 1915
f 1916 2210 2167
f 2218 1991 1990
f 1906 2210 1917
f 1906 2209 2210
f 2214 2217 2203
f 2206 1994 1997
f 2206 2205 1994
f 2205 2204 1994
f 1992 1994 2204
f 2216 2194 2193
f 2216 2182 2194
f 2181 2182 2216
f 2215 2174 2177
f 2215 2179 2174
f 2180 2179 2215
f 2202 2214 2203
f 2202 2213 2214
f 2223 1960 1968
f 2212 2178 2213
f 2179 2178 2212
f 2218 2000 1999
f 2218 1295 2000
f 2218 1964 1295
f 2218 1965 1964
f 2218 1967 1965
f 2218 2223 1967
f 2218 2222 2223
f 2218 2221 2222
f 2218 2220 2221
f 2218 2219 2220
f 2218 2204 2219
f 2218 1992 2204
f 2218 1990 1992
f 2225 2222 2221
f 2217 2213 2178
f 2213 2217 2214
f 2225 1980 1985
f 2225 1981 1980
f 2225 1982 1981
f 2225 2229 1982
f 2225 2228 2229
f 2225 2227 2228
f 2225 2226 2227
f 2178 2180 2217
f 2215 2217 2180
f 2204 2224 2219
f 2204 2217 2224
f 2204 2203 2217
f 2223 1968 1967
f 2177 2217 2215
f 2223 1961 1960
f 2218 1999 1991
f 2223 1970 1961
f 2223 1971 1970
f 2223 1985 1971
f 2230 2181 2216
f 2230 2175 2181
f 2230 2176 2175
f 2177 2226 2225
f 2177 2231 2226
f 2177 2230 2231
f 2177 2176 2230
f 2225 2219 2177
f 2225 2220 2219
f 2225 2221 2220
f 2409 2408 2107
f 2225 2223 2222
f 2225 1985 2223
f 2384 2386 2147
f 2132 2414 2110
f 2412 2411 2146
f 2133 2145 2416
f 2133 2416 2131
f 2118 2108 2419
f 2118 2419 2109
f 2417 2416 2145
f 2420 2419 2108
f 2282 2423 2281
f 2346 2423 2282
f 2346 2422 2423
f 2347 2422 2346
f 2347 2421 2422
f 2177 2224 2217
f 2177 2219 2224
f 2348 2420 2349
f 2348 2419 2420
f 2350 2419 2348
f 2350 2418 2419
f 2352 2418 2350
f 2352 2417 2418
f 2351 2417 2352
f 2351 2416 2417
f 2345 2416 2351
f 2345 2415 2416
f 2344 2415 2345
f 2344 2414 2415
f 2353 2414 2344
f 2353 2413 2414
f 2111 2146 2411
f 2111 2411 2114
f 2357 2412 2354
f 2357 2411 2412
f 2356 2411 2357
f 2340 2411 2356
f 2325 2411 2340
f 2325 2385 2411
f 2324 2385 2325
f 2362 2410 2386
f 2361 2410 2362
f 2361 2409 2410
f 2366 2409 2361
f 2366 2408 2409
f 2365 2408 2366
f 2365 2407 2408
f 2349 2421 2347
f 2349 2420 2421
f 2369 2406 2364
f 2369 2405 2406
f 2368 2405 2369
f 2368 2404 2405
f 2367 2404 2368
f 2367 2403 2404
f 2372 2403 2367
f 2372 2402 2403
f 2371 2402 2372
f 2371 2401 2402
f 2370 2401 2371
f 2370 2400 2401
f 2375 2400 2370
f 2375 2399 2400
f 2354 2413 2353
f 2354 2412 2413
f 2373 2398 2374
f 2373 2397 2398
f 2378 2397 2373
f 2378 2396 2397
f 2377 2396 2378
f 2377 2395 2396
f 2376 2395 2377
f 2376 2394 2395
f 2381 2394 2376
f 2381 2393 2394
f 2380 2393 2381
f 2380 2392 2393
f 2379 2392 2380
f 2379 2391 2392
f 2364 2407 2365
f 2364 2406 2407
f 2382 2390 2383
f 2382 2389 2390
f 2360 2389 2382
f 2360 2388 2389
f 2359 2388 2360
f 2359 2387 2388
f 2358 2387 2359
f 2599 2590 2595
f 2600 2597 2601
f 2600 1345 2597
f 2600 1347 1345
f 2600 1348 1347
f 2600 1349 1348
f 2598 1339 2492
f 2374 2399 2375
f 2374 2398 2399
f 2598 1336 1337
f 2598 2599 1336
f 2598 2590 2599
f 2598 2591 2590
f 2598 2585 2591
f 2598 2584 2585
f 2598 2494 2584
f 2358 2263 2387
f 2323 2263 2358
f 2384 2362 2386
f 2384 2363 2362
f 2384 2327 2363
f 2384 2324 2327
f 2384 2385 2324
f 2383 2391 2379
f 2383 2390 2391
f 1342 2602 2597
f 1343 2602 1342
f 2597 2596 2601
f 2597 2592 2596
f 2602 2592 2597
f 2602 2593 2592
f 2594 2593 2602
f 2599 1341 1336
f 2599 1340 1341
f 2599 1344 1340
f 2599 1343 1344
f 2599 2602 1343
f 2599 2594 2602
f 2599 2595 2594
f 2598 1338 1339
f 2598 1337 1338
f 2607 2523 2522
f 1514 2606 2496
f 1513 2606 1514
f 1513 2603 2606
f 1521 2603 1513
f 1521 2604 2603
f 1381 2604 1521
f 1489 2603 1490
f 1489 2606 2603
f 1488 2606 1489
f 1488 2496 2606
f 1485 2496 1488
f 1490 2605 1491
f 1490 2604 2605
f 2603 2604 1490
f 1342 2597 1346
f 2509 2615 2616
f 2509 2510 2615
f 2608 2614 2609
f 2608 2607 2614
f 2608 2523 2607
f 2608 2524 2523
f 2608 2525 2524
f 2608 2521 2525
f 2608 2613 2519
f 2608 2612 2613
f 2608 2611 2612
f 2608 2610 2611
f 2608 2609 2610
f 2509 2617 2618
f 2529 2511 2530
f 2513 2607 2522
f 2537 2536 2627
f 2512 2516 2511
f 2530 2511 2516
f 2352 2350 2343
f 2349 2347 2341
f 2355 2342 2339
f 2355 2354 2342
f 2355 2357 2354
f 2351 2352 2343
f 2348 2349 2341
f 2613 2612 2624
f 2613 2520 2519
f 2613 2526 2520
f 2613 2625 2626
f 2326 2363 2327
f 2509 2616 2617
f 2632 2541 2544
f 2613 2527 2526
f 2613 2528 2527
f 2615 2623 2616
f 2615 2622 2623
f 2615 2621 2622
f 2615 2620 2621
f 2615 2613 2620
f 2615 2528 2613
f 2615 2511 2528
f 2615 2510 2511
f 2509 2619 1394
f 2509 2618 2619
f 2537 2640 2632
f 2342 2344 2345
f 2537 2627 2639
f 2647 1505 1378
f 2542 2638 2558
f 2542 2637 2638
f 2542 2636 2637
f 2542 2635 2636
f 2542 2634 2635
f 2542 2633 2634
f 2542 2632 2633
f 2515 2554 2631
f 2552 2631 2554
f 2628 2629 2630
f 2550 2627 2536
f 2613 2626 2620
f 2632 2546 2537
f 2613 2624 2625
f 2632 2544 2543
f 1325 1269 1268
f 2632 2542 2541
f 2641 2558 2638
f 2641 2551 2558
f 2641 2552 2551
f 2641 2631 2552
f 2641 2645 2631
f 2641 2629 2645
f 2641 2630 2629
f 2641 2644 2630
f 2641 2643 2644
f 2641 2642 2643
f 2641 2638 2642
f 2647 2649 2650
f 2537 2639 2640
f 2647 1378 2648
f 2562 1335 2657
f 2647 1506 1505
f 2647 2646 1506
f 2533 2532 2646
f 2534 2646 2532
f 2631 2513 2515
f 2631 2607 2513
f 2645 2607 2631
f 2645 2614 2607
f 2629 2614 2645
f 2609 2628 2610
f 2609 2629 2628
f 2614 2629 2609
f 2653 2654 2655
f 2632 2543 2546
f 1325 1268 1270
f 2657 2583 2562
f 1504 1325 1272
f 1504 1324 1325
f 1504 1323 1324
f 1504 2652 1323
f 1504 2651 2652
f 1504 1363 2651
f 2533 2627 2550
f 2646 2627 2533
f 2646 2639 2627
f 2647 2639 2646
f 2647 2640 2639
f 2650 2640 2647
f 2664 2666 2667
f 2647 2648 2649
f 2664 2663 2665
f 2656 2596 2577
f 2562 1492 1335
f 2562 1494 1492
f 2562 2561 1494
f 2579 2663 2580
f 2579 2662 2663
f 2579 2661 2662
f 2579 2660 2661
f 2579 2659 2660
f 2579 2658 2659
f 2579 2657 2658
f 2577 2576 2656
f 2575 2656 2576
f 939 2604 1381
f 1496 1494 2561
f 2653 1349 2654
f 937 1491 2605
f 2657 2581 2583
f 2657 2582 2581
f 2657 2578 2582
f 2657 2579 2578
f 2664 2580 2663
f 2664 2574 2580
f 2664 2575 2574
f 2664 2656 2575
f 2664 2668 2656
f 2664 2654 2668
f 2664 2655 2654
f 2664 2667 2655
f 823 2620 2626
f 2664 2665 2666
f 2577 2596 2586
f 821 2621 822
f 2656 2601 2596
f 2668 2601 2656
f 2668 2600 2601
f 2654 2600 2668
f 2654 1349 2600
f 938 2605 939
f 827 2612 828
f 827 2624 2612
f 826 2624 827
f 826 2625 2624
f 825 2625 826
f 939 1381 940
f 2619 796 1394
f 2605 2604 939
f 937 2605 938
f 959 960 2618
f 937 1487 1491
f 937 1486 1487
f 937 1472 1486
f 937 1473 1472
f 937 1474 1473
f 937 1449 1474
f 961 2617 817
f 961 2618 2617
f 959 2618 961
f 824 2625 825
f 824 2626 2625
f 823 2626 824
f 818 2623 819
f 822 2620 823
f 822 2621 2620
f 817 2617 2616
f 821 2622 2621
f 820 2622 821
f 829 2610 944
f 829 2611 2610
f 828 2611 829
f 828 2612 2611
f 2634 805 804
f 2633 805 2634
f 2633 806 805
f 2632 806 2633
f 2632 892 806
f 2640 892 2632
f 797 1110 1109
f 960 796 2619
f 2618 960 2619
f 876 1111 877
f 2630 946 2628
f 2630 947 946
f 2644 947 2630
f 2644 853 947
f 2643 853 2644
f 2643 800 853
f 2642 800 2643
f 2642 801 800
f 2638 801 2642
f 2637 801 2638
f 819 2622 820
f 819 2623 2622
f 2628 945 2610
f 818 2616 2623
f 817 2616 818
f 1104 791 1058
f 1104 875 791
f 1103 875 1104
f 1103 790 875
f 1100 790 1103
f 2637 802 801
f 2636 802 2637
f 2636 803 802
f 2635 803 2636
f 2635 804 803
f 2634 804 2635
f 798 1109 1108
f 797 1109 798
f 790 1100 788
f 877 1110 797
f 877 1111 1110
f 799 1107 787
f 799 1108 1107
f 798 1108 799
f 1266 909 1265
f 1266 910 909
f 876 1112 1111
f 1113 1112 876
f 2650 2648 1378
f 2649 2648 2650
f 1378 2640 2650
f 1378 892 2640
f 893 892 1378
f 2610 945 944
f 1241 911 1242
f 2628 946 945
f 1058 791 792
f 1261 913 1241
f 1260 913 1261
f 1260 878 913
f 1225 878 1260
f 785 1206 807
f 785 1166 1206
f 785 1167 1166
f 785 1143 1167
f 1058 792 1033
f 789 1113 876
f 789 1099 1113
f 788 1099 789
f 788 1100 1099
f 1246 906 1247
f 787 1106 786
f 787 1107 1106
f 1265 908 907
f 1265 909 908
f 1258 793 951
f 1257 793 1258
f 1257 901 793
f 1252 901 1257
f 1252 902 901
f 1252 903 902
f 1251 903 1252
f 1251 904 903
f 1247 904 1251
f 1242 910 1266
f 1242 911 910
f 887 1317 888
f 1241 912 911
f 1241 913 912
f 1259 950 953
f 1259 951 950
f 1258 951 1259
f 884 1320 885
f 884 1321 1320
f 1322 1321 884
f 886 1319 887
f 886 1320 1319
f 885 1320 886
f 889 1315 890
f 889 1316 1315
f 1247 905 904
f 1247 906 905
f 2658 931 2659
f 1246 907 906
f 1265 907 1246
f 1363 1323 2651
f 1315 914 890
f 1315 1363 914
f 1323 1363 1315
f 1224 878 1225
f 1224 879 878
f 1313 879 1224
f 1313 880 879
f 1312 880 1313
f 1312 881 880
f 1309 881 1312
f 883 1322 884
f 888 1316 889
f 888 1317 1316
f 887 1318 1317
f 1319 1318 887
f 2665 926 2666
f 883 1308 1322
f 882 1308 883
f 882 1309 1308
f 881 1309 882
f 2665 927 926
f 2663 927 2665
f 2662 927 2663
f 2662 928 927
f 2661 928 2662
f 2661 929 928
f 2660 929 2661
f 2660 930 929
f 2659 930 2660
f 2659 931 930
f 2658 932 931
f 982 983 984
f 968 969 970
f 1182 1183 1184
f 1192 1182 1201
f 1192 1183 1182
f 1192 1200 1183
f 1192 1199 1200
f 1192 1198 1199
f 1192 1197 1198
f 1192 1196 1197
f 2655 794 2653
f 2655 795 794
f 2667 795 2655
f 2667 925 795
f 2666 925 2667
f 2666 926 925
f 1206 1168 1202
f 1168 1206 1166
f 1187 1213 1203
f 1187 1212 1213
f 1187 1211 1212
f 1187 1207 1211
f 1207 1199 1198
f 1207 1210 1199
f 1207 1209 1210
f 1207 1208 1209
f 1207 1187 1208
f 1202 1205 1206
f 1202 1204 1205
f 1202 1203 1204
f 1202 1187 1203
f 1202 1188 1187
f 977 968 970
f 973 975 976
f 973 974 975
f 973 972 968
f 2794 2795 2796
f 2794 2796 2793
f 2798 2803 2797
f 2798 2802 2803
f 2798 2800 2801
f 2798 2799 2800
f 2798 2801 2802
f 2804 2806 2807
f 2804 2805 2806
f 2809 2811 2812
f 2809 2810 2811
f 2809 2812 2813
f 2809 2814 2808
f 2809 2813 2814
f 2856 2876 2877
f 2856 2875 2876
f 2856 2874 2875
f 2859 2896 2897
f 2859 2895 2896
f 2859 2894 2895
f 2855 2921 2922
f 2859 2892 2893
f 2856 2830 2871
f 2856 2825 2830
f 2836 2870 2837
f 2836 2869 2870
f 2836 2868 2869
f 2836 2864 2868
f 2858 2886 2887
f 2862 2913 2914
f 2865 2941 2942
f 2865 2940 2941
f 2866 2940 2865
f 2857 2880 2881
f 2861 2907 2908
f 2857 2878 2879
f 2860 2899 2900
f 2825 2828 2829
f 2825 2827 2828
f 2825 2826 2827
f 2821 2815 2817
f 2821 2824 2815
f 2821 2823 2824
f 2821 2822 2823
f 2818 2819 2820
f 2857 2856 2877
f 2864 2958 2959
f 2864 2957 2958
f 3021 3023 3024
f 2866 2939 2940
f 2866 2938 2939
f 2866 2937 2938
f 2866 2936 2937
f 3033 3002 3001
f 2866 2934 2935
f 2861 2905 2906
f 2861 2860 2905
f 2860 2904 2905
f 2860 2903 2904
f 2860 2902 2903
f 2860 2901 2902
f 2867 2928 2929
f 3030 2995 2994
f 3030 2996 2995
f 3030 2998 2996
f 2863 2953 2954
f 2863 2952 2953
f 2863 2951 2952
f 2863 2950 2951
f 3034 3035 3036
f 2863 2948 2949
f 2855 2919 2920
f 2862 2919 2855
f 2862 2918 2919
f 2862 2917 2918
f 2862 2916 2917
f 2862 2915 2916
f 2865 2942 2943
f 3034 3011 3010
f 3034 3012 3011
f 3033 2998 3030
f 3021 3022 3023
f 3018 3019 3020
f 2986 2976 3017
f 3033 3001 3000
f 3039 2987 2988
f 3033 3003 3002
f 2866 2933 2934
f 2867 2933 2866
f 2867 2932 2933
f 2867 2931 2932
f 2867 2930 2931
f 2867 2929 2930
f 2864 2956 2957
f 3021 2991 2972
f 3021 2989 2991
f 3021 2990 2989
f 3029 3028 3027
f 3026 3027 3028
f 3021 3024 3025
f 3034 3036 3037
f 3026 2980 2981
f 3034 3033 3035
f 2863 2947 2948
f 2865 2947 2863
f 2865 2946 2947
f 2865 2945 2946
f 2865 2944 2945
f 2865 2943 2944
f 2864 2959 2868
f 3039 3040 3041
f 3039 3025 3040
f 3039 3021 3025
f 3033 2997 2998
f 3033 2999 2997
f 3033 3000 2999
f 3039 2988 3015
f 3052 3026 3028
f 3039 2985 2987
f 3033 3005 3003
f 3030 3032 3033
f 3030 3031 3032
f 3030 3019 3031
f 3030 3020 3019
f 3030 3016 3020
f 3030 2994 3016
f 3026 2976 2977
f 3026 3017 2976
f 3039 3027 3026
f 3034 3022 3021
f 3034 3038 3022
f 3034 3037 3038
f 3026 2981 2982
f 3026 2979 2980
f 3034 3005 3033
f 3034 3004 3005
f 3034 3008 3004
f 3034 3007 3008
f 3034 3006 3007
f 3034 3009 3006
f 3034 3010 3009
f 3039 3041 3042
f 2835 2834 2836
f 2833 2834 2835
f 2833 2832 2834
f 3039 2990 3021
f 3039 3015 2990
f 3052 3028 3029
f 3052 3017 3026
f 3039 3014 2985
f 3039 3013 3014
f 3039 2984 3013
f 3039 2983 2984
f 3021 3012 3034
f 3021 2971 3012
f 3021 2972 2971
f 3026 2978 2979
f 3026 2977 2978
f 2849 2848 2850
f 2847 2848 2849
f 2847 2846 2848
f 3039 3043 3027
f 3039 3042 3043
f 2823 2844 2820
f 2822 2844 2823
f 2843 2839 2838
f 2843 2815 2839
f 2816 2815 2843
f 2842 2832 2831
f 2842 2841 2832
f 2840 2841 2842
f 2840 2839 2841
f 2838 2839 2840
f 2835 2836 2837
f 2856 2872 2873
f 2858 2885 2886
f 2858 2884 2885
f 2858 2857 2884
f 2857 2883 2884
f 2857 2882 2883
f 2831 2832 2833
f 2825 2829 2830
f 2846 2827 2826
f 2846 2854 2827
f 2845 2854 2846
f 2853 2819 2818
f 2853 2852 2819
f 2851 2852 2853
f 2851 2850 2852
f 2849 2850 2851
f 2849 3080 2847
f 3078 3080 2849
f 3078 3082 3080
f 3081 3082 3078
f 2851 3077 3078
f 2853 3077 2851
f 3016 2966 3085
f 3016 2967 2966
f 2845 2846 2847
f 2823 2820 2819
f 2856 2873 2874
f 2860 2900 2901
f 2867 2927 2928
f 2867 2926 2927
f 2855 2926 2867
f 2857 2879 2880
f 3075 3076 3072
f 3016 2968 2967
f 3016 2970 2968
f 3016 2969 2970
f 3016 2992 2969
f 3016 2993 2992
f 3085 3084 3016
f 3085 3088 3084
f 3085 3087 3088
f 3085 3086 3087
f 3085 3083 3086
f 3085 3080 3083
f 3085 2961 2854
f 3085 2962 2961
f 3085 2963 2962
f 3085 2964 2963
f 3067 2817 3064
f 2821 2817 3067
f 3085 2960 2964
f 3085 2965 2960
f 3085 2966 2965
f 3018 3020 3084
f 3016 3084 3020
f 3082 3083 3080
f 3079 3081 3078
f 3076 3079 3077
f 2854 2845 3080
f 3080 2845 2847
f 2851 3078 2849
f 2820 3077 2853
f 3072 3077 2820
f 3072 3076 3077
f 3059 3060 3057
f 3057 3058 3059
f 3071 3075 3072
f 3069 3070 3074
f 3069 3067 3070
f 2821 3067 3069
f 3073 3069 3074
f 3072 3069 3073
f 3072 2844 3069
f 2820 2844 3072
f 3071 3072 3073
f 3068 3070 3067
f 3085 2854 3080
f 2821 3069 2822
f 3068 3064 3063
f 3067 3064 3068
f 2831 2833 3048
f 3055 2973 3052
f 3055 2870 2973
f 3055 2837 2870
f 3055 2835 2837
f 3065 3056 3062
f 3064 3056 3065
f 3064 2816 3056
f 2817 2816 3064
f 2840 3056 2838
f 2840 3057 3056
f 2842 3057 2840
f 3078 3077 3079
f 2831 3048 2842
f 3063 3064 3065
f 3061 3062 3056
f 3055 2833 2835
f 3052 3054 3055
f 3052 3053 3054
f 3052 3029 3053
f 3056 3066 3061
f 3056 3060 3066
f 3057 3060 3056
f 2842 3048 3057
f 3052 2986 3017
f 3052 2975 2986
f 3052 2974 2975
f 3052 2973 2974
f 2822 3069 2844
f 3049 3055 3054
f 3048 3055 3049
f 3048 2833 3055
f 2862 2912 2913
f 2862 2861 2912
f 2857 2881 2882
f 3026 2983 3039
f 3051 3048 3050
f 3048 3049 3050
f 3033 3047 3035
f 3033 3046 3047
f 3033 3045 3046
f 3033 3044 3045
f 3033 3032 3044
f 2816 2843 3056
f 3026 2982 2983
f 3051 3058 3048
f 3056 2843 2838
f 3057 3048 3058
f 2864 2955 2956
f 2864 2954 2955
f 2863 2954 2864
f 2855 2925 2926
f 2855 2924 2925
f 2855 2923 2924
f 2855 2922 2923
f 2863 2949 2950
f 2855 2920 2921
f 2859 2891 2892
f 2859 2858 2891
f 2858 2890 2891
f 2858 2889 2890
f 2858 2888 2889
f 2858 2887 2888
f 2862 2914 2915
f 2857 2877 2878
f 2861 2906 2907
f 2866 2935 2936
f 2861 2908 2909
f 2861 2909 2910
f 2861 2910 2911
f 2861 2911 2912
f 2859 2897 2898
f 2860 2859 2898
f 2860 2898 2899
f 2856 2871 2872
f 2859 2893 2894
f 2815 2816 2817
f 3264 3216 3217
f 3264 3213 3216
f 3267 3219 3220
f 3267 3218 3219
f 3267 3264 3218
f 3267 3265 3264
f 3266 3223 3224
f 3223 3266 3222
f 3262 3210 3215
f 3267 3220 3221
f 3263 3264 3265
f 3262 3207 3210
f 3262 3261 3207
f 3259 3204 3209
f 3257 3196 3197
f 3257 3193 3196
f 3219 3155 3220
f 3219 3154 3155
f 3273 3179 3180
f 3273 3178 3179
f 3273 3250 3178
f 3273 3251 3250
f 3254 3183 3184
f 3138 3235 3230
f 3137 3235 3138
f 3137 3234 3235
f 3136 3234 3137
f 3136 3231 3234
f 3135 3231 3136
f 3232 3134 3233
f 3232 3135 3134
f 3231 3135 3232
f 3260 3200 3201
f 3260 3199 3200
f 3260 3257 3198
f 3260 3258 3257
f 3259 3203 3204
f 3203 3259 3202
f 3255 3190 3195
f 3256 3257 3258
f 3255 3187 3190
f 3255 3253 3187
f 3260 3198 3199
f 3254 3184 3189
f 3252 3169 3175
f 3249 3250 3251
f 3275 3240 3241
f 3275 3239 3240
f 3275 3238 3239
f 3275 3271 3238
f 3275 3272 3271
f 3212 3093 3213
f 3212 3105 3093
f 3114 3225 3228
f 3113 3225 3114
f 3226 3102 3227
f 3226 3113 3102
f 3225 3113 3226
f 3224 3152 3151
f 3223 3152 3224
f 3223 3153 3152
f 3222 3153 3223
f 3222 3094 3153
f 3221 3094 3222
f 3221 3095 3094
f 3220 3095 3221
f 3220 3155 3095
f 3274 3243 3244
f 3243 3274 3242
f 3236 3271 3233
f 3236 3237 3271
f 3252 3170 3169
f 3252 3276 3170
f 3274 3244 3248
f 3203 3119 3204
f 3203 3120 3119
f 3218 3154 3219
f 3218 3091 3154
f 3217 3091 3218
f 3217 3092 3091
f 3216 3092 3217
f 3216 3093 3092
f 3213 3093 3216
f 3108 3210 3109
f 3108 3215 3210
f 3107 3215 3108
f 3107 3214 3215
f 3106 3214 3107
f 3106 3211 3214
f 3105 3211 3106
f 3193 3122 3196
f 3126 3190 3127
f 3211 3105 3212
f 3109 3207 3110
f 3210 3207 3109
f 3117 3204 3118
f 3117 3209 3204
f 3116 3209 3117
f 3116 3208 3209
f 3112 3208 3116
f 3112 3205 3208
f 3111 3205 3112
f 3206 3110 3207
f 3206 3111 3110
f 3205 3111 3206
f 3204 3119 3118
f 3162 3188 3189
f 3163 3188 3162
f 3202 3120 3203
f 3202 3156 3120
f 3201 3156 3202
f 3201 3157 3156
f 3200 3157 3201
f 3200 3101 3157
f 3199 3101 3200
f 3199 3150 3101
f 3198 3150 3199
f 3198 3149 3150
f 3197 3149 3198
f 3197 3121 3149
f 3196 3121 3197
f 3196 3122 3121
f 3179 3144 3180
f 3179 3145 3144
f 3126 3195 3190
f 3125 3195 3126
f 3125 3194 3195
f 3124 3194 3125
f 3124 3191 3194
f 3123 3191 3124
f 3192 3122 3193
f 3192 3123 3122
f 3191 3123 3192
f 3190 3132 3127
f 3187 3132 3190
f 3166 3184 3165
f 3166 3189 3184
f 3162 3189 3166
f 3242 3090 3243
f 3242 3158 3090
f 3241 3158 3242
f 3241 3159 3158
f 3240 3159 3241
f 3240 3160 3159
f 3239 3160 3240
f 3239 3161 3160
f 3238 3161 3239
f 3238 3139 3161
f 3237 3139 3238
f 3237 3133 3139
f 3236 3133 3237
f 3236 3134 3133
f 3233 3134 3236
f 3138 3230 3103
f 3172 3146 3173
f 3172 3140 3146
f 3163 3185 3188
f 3164 3185 3163
f 3186 3132 3187
f 3186 3164 3132
f 3185 3164 3186
f 3184 3148 3165
f 3183 3148 3184
f 3183 3141 3148
f 3182 3141 3183
f 3182 3142 3141
f 3181 3142 3182
f 3181 3143 3142
f 3180 3143 3181
f 3180 3144 3143
f 3129 3248 3244
f 3129 3244 3130
f 3128 3248 3129
f 3178 3145 3179
f 3177 3168 3178
f 3178 3168 3145
f 3246 3089 3170
f 3246 3097 3089
f 3177 3167 3168
f 3176 3167 3177
f 3128 3247 3248
f 3098 3247 3128
f 3098 3245 3247
f 3097 3245 3098
f 3243 3131 3244
f 3243 3090 3131
f 3245 3097 3246
f 3244 3131 3130
f 3230 3102 3103
f 3227 3102 3230
f 3096 3229 3224
f 3096 3224 3151
f 3100 3169 3104
f 3100 3175 3169
f 3115 3229 3096
f 3115 3228 3229
f 3114 3228 3115
f 3183 3254 3182
f 3176 3250 3173
f 3176 3177 3250
f 3269 3230 3235
f 3270 3271 3272
f 3269 3227 3230
f 3269 3268 3227
f 3273 3180 3181
f 3266 3224 3229
f 3176 3146 3167
f 3173 3146 3176
f 3104 3170 3089
f 3169 3170 3104
f 3099 3175 3100
f 3099 3174 3175
f 3147 3174 3099
f 3147 3171 3174
f 3140 3171 3147
f 3171 3140 3172
f 3277 3278 3279
f 3277 3279 3280
f 3315 3281 3283
f 3315 3298 3281
f 3299 3298 3315
f 3309 3313 3314
f 3287 3286 3285
f 3284 3285 3286
f 3318 3317 3319
f 3316 3317 3318
f 3287 3285 3288
f 3287 3288 3289
f 3287 3289 3290
f 3287 3290 3291
f 3293 3294 3295
f 3293 3292 3294
f 3287 3292 3293
f 3287 3291 3292
f 3328 3329 3330
f 3330 3329 3324
f 3300 3303 3304
f 3300 3304 3305
f 3302 3301 3326
f 3326 3301 3327
f 3326 3327 3328
f 3328 3327 3329
f 3300 3305 3306
f 3305 3304 3307
f 3307 3304 3308
f 3307 3308 3309
f 3309 3312 3313
f 3308 3312 3309
f 3308 3311 3312
f 3310 3311 3308
f 3322 3282 3281
f 3310 3316 3311
f 3323 3324 3325
f 3330 3324 3323
f 3320 3321 3322
f 3322 3321 3282
f 3318 3319 3320
f 3320 3319 3321
f 3325 3285 3284
f 3325 3324 3285
f 3311 3316 3318
f 3293 3297 3298
f 3300 3302 3303
f 3300 3301 3302
f 3293 3296 3297
f 3293 3295 3296
f 3293 3298 3299
f 3281 3282 3283
f 3349 3348 3365
f 3343 3346 3347
f 3343 3342 3344
f 3358 3362 3359
f 3359 3363 3364
f 3359 3362 3363
f 3334 3335 3336
f 3343 3347 3348
f 3343 3345 3346
f 3378 3379 3380
f 3343 3348 3349
f 3380 3374 3373
f 3380 3379 3374
f 3343 3344 3345
f 3361 3366 3368
f 3337 3338 3339
f 3337 3336 3335
f 3337 3335 3338
f 3331 3332 3333
f 3365 3331 3333
f 3365 3348 3331
f 3337 3339 3340
f 3376 3377 3378
f 3378 3377 3379
f 3337 3341 3342
f 3337 3342 3343
f 3375 3374 3335
f 3375 3335 3334
f 3352 3351 3376
f 3337 3340 3341
f 3355 3354 3357
f 3350 3355 3356
f 3350 3354 3355
f 3350 3353 3354
f 3350 3352 3353
f 3350 3351 3352
f 3358 3361 3362
f 3360 3361 3358
f 3357 3354 3358
f 3357 3358 3359
f 3366 3367 3368
f 3368 3367 3369
f 3370 3369 3371
f 3368 3369 3370
f 3370 3371 3372
f 3376 3351 3377
f 3373 3374 3375
f 3372 3371 3332
f 3360 3366 3361
f 3372 3332 3331
f 3382 3383 3384
f 3382 3384 3381
f 3714 3427 3600
f 3501 3422 3502
f 3502 3422 3421
f 3502 3421 3503
f 3476 3474 3478
f 3476 3478 3479
f 3476 3479 3471
f 3476 3471 3470
f 3476 3470 3480
f 3476 3480 3464
f 3476 3464 3463
f 3476 3463 3481
f 3476 3481 3477
f 3460 3461 3482
f 3460 3482 3475
f 3460 3475 3466
f 3460 3466 3469
f 3460 3469 3483
f 3460 3483 3484
f 3460 3484 3485
f 3438 3457 3458
f 3438 3458 3439
f 3451 3450 3459
f 3459 3450 3460
f 3450 3449 3460
f 3460 3449 3461
f 3462 3463 3464
f 3465 3466 3467
f 3466 3465 3468
f 3469 3466 3468
f 3470 3471 3472
f 3473 3474 3466
f 3466 3475 3473
f 3476 3477 3467
f 3476 3467 3466
f 3476 3466 3474
f 3446 3447 3448
f 3446 3448 3449
f 3446 3449 3450
f 3446 3450 3451
f 3446 3451 3452
f 3446 3452 3453
f 3446 3453 3454
f 3446 3454 3455
f 3438 3446 3455
f 3438 3455 3456
f 3438 3456 3457
f 3435 3436 3437
f 3438 3439 3440
f 3438 3440 3441
f 3438 3441 3442
f 3438 3442 3443
f 3438 3443 3436
f 3438 3436 3435
f 3438 3435 3444
f 3445 3438 3444
f 3446 3438 3445
f 3446 3445 3447
f 3460 3485 3486
f 3460 3486 3459
f 3487 3488 3470
f 3487 3470 3472
f 3489 3490 3491
f 3489 3491 3492
f 3489 3492 3493
f 3489 3493 3494
f 3489 3494 3495
f 3489 3495 3496
f 3489 3496 3497
f 3489 3497 3498
f 3489 3498 3499
f 3489 3499 3500
f 3490 3489 3500
f 3490 3500 3501
f 3490 3501 3502
f 3490 3502 3503
f 3490 3503 3504
f 3490 3504 3505
f 3480 3470 3505
f 3505 3470 3490
f 3470 3488 3490
f 3490 3488 3491
f 3496 3506 3497
f 3507 3508 3509
f 3510 3494 3493
f 3511 3404 3406
f 3511 3406 3512
f 3511 3512 3513
f 3511 3513 3508
f 3511 3508 3507
f 3511 3507 3514
f 3511 3514 3515
f 3511 3515 3516
f 3511 3516 3517
f 3511 3517 3518
f 3511 3518 3519
f 3511 3519 3520
f 3511 3520 3521
f 3511 3521 3522
f 3511 3522 3523
f 3511 3523 3524
f 3511 3524 3525
f 3511 3525 3404
f 3526 3527 3528
f 3526 3528 3529
f 3526 3529 3530
f 3526 3530 3531
f 3526 3531 3532
f 3526 3532 3533
f 3526 3533 3534
f 3526 3534 3535
f 3526 3535 3536
f 3526 3536 3537
f 3526 3537 3538
f 3526 3538 3539
f 3527 3526 3539
f 3527 3539 3540
f 3527 3540 3541
f 3527 3541 3542
f 3527 3542 3543
f 3527 3543 3544
f 3527 3544 3545
f 3527 3545 3546
f 3527 3546 3547
f 3495 3494 3510
f 3495 3510 3548
f 3495 3548 3527
f 3495 3527 3547
f 3495 3547 3549
f 3495 3549 3550
f 3495 3550 3551
f 3495 3551 3552
f 3495 3552 3553
f 3495 3553 3554
f 3495 3554 3506
f 3495 3506 3496
f 3570 3398 3571
f 3406 3555 3556
f 3406 3556 3557
f 3406 3557 3512
f 3558 3555 3406
f 3558 3388 3387
f 3558 3387 3386
f 3558 3386 3385
f 3558 3385 3559
f 3532 3560 3394
f 3532 3394 3393
f 3532 3393 3392
f 3532 3392 3395
f 3532 3395 3533
f 3527 3548 3561
f 3527 3561 3562
f 3507 3578 3514
f 3527 3562 3563
f 3527 3563 3528
f 3564 3534 3396
f 3396 3534 3533
f 3396 3533 3395
f 3401 3405 3565
f 3565 3405 3404
f 3565 3404 3525
f 3566 3397 3567
f 3567 3397 3403
f 3567 3403 3568
f 3568 3403 3402
f 3568 3402 3569
f 3569 3402 3401
f 3569 3401 3565
f 3571 3398 3397
f 3571 3397 3566
f 3398 3570 3399
f 3399 3570 3572
f 3399 3572 3400
f 3400 3572 3564
f 3400 3564 3396
f 3385 3391 3559
f 3559 3391 3390
f 3559 3390 3573
f 3390 3389 3573
f 3573 3389 3394
f 3573 3394 3560
f 3515 3574 3516
f 3575 3576 3577
f 3584 3583 3588
f 3578 3507 3509
f 3579 3580 3575
f 3579 3575 3577
f 3579 3577 3581
f 3579 3581 3582
f 3579 3582 3437
f 3579 3437 3436
f 3579 3436 3443
f 3584 3514 3578
f 3584 3578 3585
f 3584 3585 3586
f 3584 3586 3587
f 3584 3587 3576
f 3584 3576 3575
f 3584 3575 3583
f 3584 3588 3589
f 3584 3589 3590
f 3584 3590 3591
f 3584 3591 3592
f 3584 3592 3593
f 3584 3593 3594
f 3584 3594 3595
f 3514 3584 3595
f 3514 3595 3596
f 3514 3596 3574
f 3514 3574 3515
f 3418 3608 3609
f 3431 3622 3623
f 3427 3426 3597
f 3427 3597 3598
f 3427 3598 3599
f 3427 3599 3600
f 3417 3416 3601
f 3417 3601 3593
f 3417 3593 3592
f 3417 3592 3602
f 3417 3602 3603
f 3417 3603 3604
f 3417 3604 3418
f 3418 3604 3605
f 3418 3605 3606
f 3418 3606 3607
f 3418 3607 3608
f 3429 3636 3637
f 3418 3609 3610
f 3418 3610 3611
f 3418 3611 3407
f 3407 3611 3612
f 3407 3612 3613
f 3407 3613 3614
f 3407 3614 3615
f 3407 3615 3616
f 3407 3616 3617
f 3407 3617 3618
f 3407 3618 3431
f 3431 3618 3619
f 3431 3619 3620
f 3431 3620 3621
f 3431 3621 3622
f 3426 3650 3651
f 3431 3623 3624
f 3431 3624 3625
f 3431 3625 3430
f 3430 3625 3626
f 3430 3626 3627
f 3430 3627 3628
f 3430 3628 3629
f 3430 3629 3630
f 3430 3630 3631
f 3430 3631 3632
f 3430 3632 3429
f 3429 3632 3633
f 3429 3633 3634
f 3429 3634 3635
f 3429 3635 3636
f 3423 3505 3504
f 3429 3637 3638
f 3429 3638 3639
f 3429 3639 3425
f 3425 3639 3640
f 3425 3640 3641
f 3425 3641 3642
f 3425 3642 3643
f 3425 3643 3644
f 3425 3644 3645
f 3425 3645 3646
f 3425 3646 3426
f 3426 3646 3647
f 3426 3647 3648
f 3426 3648 3649
f 3426 3649 3650
f 3420 3668 3669
f 3426 3651 3597
f 3652 3412 3653
f 3653 3412 3411
f 3653 3411 3654
f 3412 3652 3413
f 3413 3652 3655
f 3413 3655 3414
f 3414 3655 3656
f 3414 3656 3415
f 3415 3656 3601
f 3415 3601 3416
f 3504 3503 3421
f 3423 3424 3464
f 3423 3464 3480
f 3423 3480 3505
f 3434 3682 3683
f 3423 3504 3421
f 3419 3422 3501
f 3419 3501 3657
f 3419 3657 3658
f 3419 3658 3659
f 3419 3659 3660
f 3419 3660 3661
f 3419 3661 3662
f 3420 3419 3662
f 3420 3662 3663
f 3420 3663 3664
f 3420 3664 3665
f 3420 3665 3666
f 3420 3666 3667
f 3420 3667 3668
f 3408 3696 3697
f 3433 3420 3669
f 3433 3669 3670
f 3433 3670 3671
f 3433 3671 3672
f 3433 3672 3673
f 3433 3673 3674
f 3433 3674 3675
f 3433 3675 3676
f 3434 3433 3676
f 3434 3676 3677
f 3434 3677 3678
f 3434 3678 3679
f 3434 3679 3680
f 3434 3680 3681
f 3434 3681 3682
f 3411 3410 3710
f 3432 3434 3683
f 3432 3683 3684
f 3432 3684 3685
f 3432 3685 3686
f 3432 3686 3687
f 3432 3687 3688
f 3432 3688 3689
f 3432 3689 3690
f 3408 3432 3690
f 3408 3690 3691
f 3408 3691 3692
f 3408 3692 3693
f 3408 3693 3694
f 3408 3694 3695
f 3408 3695 3696
f 3409 3408 3697
f 3409 3697 3698
f 3409 3698 3699
f 3409 3699 3700
f 3409 3700 3701
f 3409 3701 3702
f 3409 3702 3703
f 3409 3703 3704
f 3410 3409 3704
f 3410 3704 3705
f 3410 3705 3706
f 3410 3706 3707
f 3410 3707 3708
f 3410 3708 3709
f 3410 3709 3710
f 3411 3710 3711
f 3411 3711 3712
f 3411 3712 3654
f 3464 3424 3713
f 3713 3424 3428
f 3713 3428 3714
f 3714 3428 3427
f 3716 3717 3718
f 3716 3715 3719
f 3716 3719 3720
f 3716 3720 3721
f 3716 3722 3723
f 3716 3721 3722
f 3716 3724 3717
f 3716 3723 3724
f 3725 3731 3732
f 3725 3730 3731
f 3725 3733 3734
f 3725 3732 3733
f 3725 3736 3737
f 3725 3737 3738
f 3725 3734 3735
f 3725 3735 3736
f 3725 3727 3728
f 3725 3726 3727
f 3725 3728 3729
f 3725 3729 3730
f 3739 3741 3742
f 3739 3740 3741
f 3897 3898 3899
f 3900 3901 3902
f 3905 3891 3858
f 3763 3781 3782
f 3763 3782 3783
f 3763 3783 3784
f 3785 3748 3786
f 3786 3748 3747
f 3786 3747 3787
f 3772 3749 3788
f 3788 3749 3748
f 3788 3748 3785
f 3775 3751 3789
f 3789 3751 3750
f 3789 3750 3790
f 3790 3750 3749
f 3817 3896 3818
f 3905 3859 3900
f 3905 3858 3859
f 3905 3904 3906
f 3905 3906 3907
f 3905 3907 3908
f 3905 3908 3909
f 3905 3909 3910
f 3905 3910 3896
f 3911 3872 3873
f 3911 3873 3874
f 3911 3874 3875
f 3911 3875 3895
f 3911 3895 3899
f 3911 3899 3898
f 3911 3898 3912
f 3911 3912 3913
f 3745 3744 3834
f 3905 3849 3850
f 3745 3835 3836
f 3745 3836 3815
f 3798 3837 3760
f 3760 3837 3801
f 3760 3801 3759
f 3800 3838 3759
f 3759 3838 3803
f 3759 3803 3757
f 3806 3839 3769
f 3769 3839 3809
f 3769 3809 3770
f 3808 3840 3770
f 3770 3840 3811
f 3770 3811 3768
f 3758 3823 3824
f 3905 3900 3904
f 3755 3758 3825
f 3755 3825 3826
f 3755 3826 3827
f 3755 3827 3828
f 3756 3755 3828
f 3756 3828 3829
f 3756 3829 3830
f 3756 3830 3831
f 3756 3831 3807
f 3756 3807 3769
f 3744 3768 3813
f 3744 3813 3832
f 3744 3832 3833
f 3744 3833 3834
f 3792 3767 3743
f 3745 3834 3835
f 3746 3815 3816
f 3746 3816 3817
f 3746 3817 3818
f 3746 3818 3819
f 3746 3819 3814
f 3746 3814 3747
f 3764 3763 3784
f 3764 3784 3820
f 3764 3820 3821
f 3764 3821 3822
f 3764 3822 3799
f 3764 3799 3760
f 3758 3757 3805
f 3758 3805 3823
f 3778 3795 3959
f 3758 3824 3825
f 3798 3760 3799
f 3800 3759 3801
f 3802 3757 3803
f 3757 3802 3804
f 3805 3757 3804
f 3806 3769 3807
f 3808 3770 3809
f 3810 3768 3811
f 3768 3810 3812
f 3813 3768 3812
f 3747 3814 3787
f 3746 3745 3815
f 3790 3749 3771
f 3791 3767 3792
f 3778 3761 3795
f 3795 3761 3765
f 3795 3765 3796
f 3796 3765 3766
f 3796 3766 3797
f 3797 3766 3767
f 3797 3767 3791
f 3895 3848 3869
f 3895 3846 3964
f 3791 3956 3797
f 3797 3956 3957
f 3797 3957 3796
f 3960 3961 3957
f 3957 3961 3959
f 3957 3959 3796
f 3796 3959 3795
f 3964 3843 3842
f 3964 3842 3841
f 3964 3841 3778
f 3964 3778 3959
f 3964 3959 3962
f 3964 3962 3965
f 3964 3965 3966
f 3964 3966 3967
f 3964 3967 3963
f 3964 3963 3895
f 3773 3948 3794
f 3792 3743 3793
f 3793 3743 3754
f 3793 3754 3794
f 3794 3754 3753
f 3794 3753 3773
f 3895 3869 3868
f 3895 3868 3867
f 3895 3867 3866
f 3895 3866 3847
f 3895 3847 3846
f 3951 3956 3793
f 3793 3956 3791
f 3957 3956 3958
f 3772 3928 3771
f 3771 3928 3936
f 3771 3936 3790
f 3955 3958 3956
f 3958 3960 3957
f 3961 3962 3959
f 3895 3963 3899
f 3897 3899 3963
f 3964 3861 3860
f 3964 3860 3865
f 3964 3865 3844
f 3964 3844 3843
f 3946 3944 3947
f 3947 3944 3943
f 3774 3948 3773
f 3926 3933 3924
f 3924 3933 3927
f 3924 3927 3910
f 3788 3785 3928
f 3947 3949 3946
f 3950 3951 3952
f 3793 3794 3951
f 3951 3794 3948
f 3951 3948 3952
f 3948 3949 3953
f 3950 3954 3951
f 3954 3955 3951
f 3951 3955 3956
f 3935 3940 3941
f 3941 3942 3935
f 3943 3944 3945
f 3914 3922 3923
f 3914 3923 3916
f 3910 3909 3924
f 3924 3909 3925
f 3777 3776 3944
f 3944 3776 3935
f 3944 3935 3945
f 3964 3846 3845
f 3964 3845 3861
f 3790 3935 3789
f 3774 3777 3946
f 3946 3777 3944
f 3932 3814 3927
f 3932 3927 3933
f 3932 3933 3934
f 3915 3876 3877
f 3915 3877 3914
f 3915 3914 3916
f 3915 3916 3917
f 3915 3884 3876
f 3928 3785 3932
f 3928 3932 3929
f 3952 3948 3953
f 3774 3946 3948
f 3948 3946 3949
f 3927 3896 3910
f 3818 3896 3927
f 3931 3928 3930
f 3914 3872 3911
f 3915 3888 3885
f 3915 3885 3886
f 3915 3886 3887
f 3915 3887 3882
f 3915 3882 3883
f 3915 3883 3884
f 3924 3925 3926
f 3819 3927 3814
f 3945 3935 3942
f 3939 3940 3936
f 3936 3940 3935
f 3936 3935 3790
f 3914 3881 3870
f 3914 3870 3871
f 3914 3871 3872
f 3915 3917 3918
f 3915 3918 3919
f 3929 3932 3934
f 3935 3776 3775
f 3936 3928 3937
f 3935 3775 3789
f 3931 3937 3928
f 3936 3937 3938
f 3938 3939 3936
f 3914 3921 3922
f 3819 3818 3927
f 3772 3788 3928
f 3928 3929 3930
f 3932 3787 3814
f 3915 3919 3901
f 3915 3901 3900
f 3900 3859 3862
f 3900 3862 3864
f 3900 3864 3863
f 3900 3863 3889
f 3900 3889 3888
f 3900 3888 3915
f 3914 3913 3920
f 3914 3920 3921
f 3911 3913 3914
f 3914 3877 3878
f 3914 3878 3879
f 3914 3879 3880
f 3914 3880 3881
f 3771 3749 3772
f 3773 3753 3774
f 3752 3751 3775
f 3752 3775 3776
f 3752 3776 3777
f 3752 3777 3774
f 3752 3774 3753
f 3762 3761 3778
f 3762 3778 3779
f 3762 3779 3780
f 3932 3785 3786
f 3932 3786 3787
f 3905 3817 3849
f 3900 3902 3903
f 3900 3903 3904
f 3905 3896 3817
f 3905 3850 3851
f 3905 3851 3852
f 3905 3852 3853
f 3905 3853 3890
f 3905 3890 3854
f 3905 3854 3855
f 3905 3855 3856
f 3905 3856 3857
f 3905 3857 3894
f 3905 3894 3893
f 3905 3893 3892
f 3905 3892 3891
f 3762 3780 3781
f 3763 3762 3781
f 4005 3978 4004
f 4007 3982 4008
f 3997 3973 3972
f 3996 3973 3997
f 4008 3982 3981
f 4006 3983 4007
f 4007 3983 3982
f 4029 3988 3991
f 4033 3990 4026
f 4032 3971 3970
f 4032 3970 4033
f 4033 3970 3990
f 3998 3972 4035
f 4034 3971 4031
f 4035 3972 3971
f 4031 3971 4032
f 4030 3991 3968
f 4027 3989 4028
f 4028 3988 4029
f 4028 3989 3988
f 4030 3968 4025
f 4029 3991 4030
f 3977 4003 4004
f 3976 4003 3977
f 3976 4002 4003
f 3975 4002 3976
f 4002 3975 3999
f 4001 3973 3996
f 4001 3974 3973
f 4000 3974 4001
f 4000 3975 3974
f 4018 3987 3986
f 4017 3987 4018
f 4016 3985 4014
f 4016 3986 3985
f 4015 3986 4016
f 4014 3985 4011
f 4013 3983 4006
f 4013 3984 3983
f 4012 3984 4013
f 4012 3985 3984
f 4011 3985 4012
f 4010 3979 4005
f 4010 3980 3979
f 4009 3980 4010
f 4009 3981 3980
f 4008 3981 4009
f 4027 3990 3989
f 4026 3990 4027
f 4025 3969 4024
f 3968 3969 4025
f 3992 4024 3969
f 3992 4023 4024
f 3993 4023 3992
f 3993 4022 4023
f 3995 4022 3993
f 4022 3995 4019
f 4021 3987 4017
f 4021 3994 3987
f 4020 3994 4021
f 4020 3995 3994
f 4019 3995 4020
f 4018 3986 4015
f 4035 3971 4034
f 3999 3975 4000
f 3997 3972 3998
f 3977 4004 3978
f 3979 3978 4005
f 4038 4036 4039
f 4036 4038 4037
f 4041 4042 4043
f 4041 4043 4040
f 4044 4046 4047
f 4044 4047 4045
f 4050 4048 4051
f 4050 4049 4048
f 4054 4053 4052
f 4054 4052 4055
f 4058 4056 4059
f 4058 4057 4056
f 4062 4060 4063
f 4062 4061 4060
f 4064 4066 4065
f 4066 4064 4067
f 4069 4071 4068
f 4069 4070 4071
f 4072 4074 4073
f 4072 4075 4074
f 4078 4076 4079
f 4078 4077 4076
f 4082 4080 4083
f 4082 4081 4080
f 4086 4085 4084
f 4086 4084 4087
f 4091 4088 4090
f 4091 4089 4088
f 4092 4094 4093
f 4094 4092 4095
f 4097 4098 4099
f 4097 4099 4096
f 4100 4103 4101
f 4100 4102 4103
f 4106 4105 4104
f 4106 4104 4107
f 4110 4108 4111
f 4110 4109 4108
f 4114 4112 4115
f 4114 4113 4112
f 4118 4116 4119
f 4118 4117 4116
f 4122 4121 4123
f 4121 4122 4120
f 4125 4126 4127
f 4125 4127 4124
f 4128 4131 4130
f 4128 4130 4129
f 4134 4132 4135
f 4134 4133 4132
f 4138 4137 4136
f 4138 4136 4139
f 4142 4140 4143
f 4142 4141 4140
f 4147 4144 4146
f 4147 4145 4144
f 4262 4265 4261
f 4262 4263 4265
f 4249 4260 4250
f 4249 4259 4260
f 4249 4257 4259
f 4253 4249 4258
f 4253 4257 4249
f 4253 4256 4257
f 4253 4255 4256
f 4264 4253 4263
f 4248 4234 4233
f 4248 4252 4234
f 4248 4251 4252
f 4248 4250 4251
f 4248 4249 4250
f 4248 4233 4237
f 4267 4153 4265
f 4165 4166 4160
f 4155 4156 4150
f 4171 4172 4173
f 4152 4153 4149
f 4153 4152 4154
f 4148 4149 4150
f 4148 4150 4151
f 4163 4162 4164
f 4162 4163 4159
f 4165 4160 4159
f 4178 4173 4177
f 4158 4160 4161
f 4155 4150 4149
f 4155 4153 4157
f 4158 4159 4160
f 4165 4163 4167
f 4165 4159 4163
f 4166 4168 4160
f 4160 4169 4161
f 4179 4190 4180
f 4168 4166 4170
f 4155 4149 4153
f 4160 4168 4169
f 4206 4202 4199
f 4178 4180 4181
f 4178 4182 4174
f 4178 4181 4182
f 4213 4209 4218
f 4209 4217 4219
f 4209 4219 4220
f 4178 4179 4180
f 4183 4187 4179
f 4183 4186 4187
f 4183 4185 4186
f 4183 4184 4185
f 4178 4174 4173
f 4179 4187 4189
f 4179 4189 4190
f 4183 4179 4188
f 4171 4173 4174
f 4191 4192 4193
f 4175 4168 4172
f 4168 4175 4169
f 4176 4173 4172
f 4176 4177 4173
f 4176 4168 4170
f 4176 4172 4168
f 4197 4198 4199
f 4209 4220 4210
f 4236 4228 4230
f 4236 4232 4228
f 4236 4233 4232
f 4213 4217 4209
f 4193 4199 4200
f 4197 4199 4193
f 4213 4216 4217
f 4206 4199 4198
f 4193 4200 4194
f 4201 4202 4203
f 4201 4203 4204
f 4205 4199 4202
f 4199 4205 4200
f 4206 4207 4203
f 4213 4215 4216
f 4206 4203 4202
f 4183 4195 4184
f 4195 4183 4192
f 4196 4197 4193
f 4196 4193 4192
f 4196 4192 4183
f 4196 4183 4188
f 4191 4193 4194
f 4265 4154 4261
f 4266 4263 4253
f 4238 4239 4240
f 4265 4153 4154
f 4267 4157 4153
f 4253 4254 4255
f 4266 4253 4258
f 4231 4233 4234
f 4231 4232 4233
f 4223 4229 4224
f 4228 4227 4230
f 4223 4228 4229
f 4227 4228 4223
f 4163 4164 4243
f 4163 4239 4167
f 4239 4246 4247
f 4239 4247 4240
f 4221 4223 4224
f 4221 4222 4223
f 4239 4245 4246
f 4236 4237 4233
f 4235 4228 4232
f 4228 4235 4229
f 4226 4223 4222
f 4226 4227 4223
f 4213 4225 4214
f 4225 4213 4222
f 4163 4243 4244
f 4226 4213 4218
f 4163 4245 4239
f 4226 4222 4213
f 4163 4244 4245
f 4208 4203 4207
f 4208 4209 4210
f 4208 4210 4211
f 4208 4211 4212
f 4208 4212 4204
f 4208 4204 4203
f 4213 4214 4215
f 4238 4240 4241
f 4238 4241 4242
f 4238 4151 4150
f 4238 4242 4151
f 4266 4267 4265
f 4253 4264 4254
f 4266 4265 4263
f 4238 4150 4156
f 4276 4277 4278
f 4273 4271 4268
f 4275 4271 4274
f 4273 4269 4270
f 4273 4274 4271
f 4275 4272 4271
f 4273 4268 4269
f 4277 4274 4278
f 4274 4277 4275
f 4284 4285 4286
f 4287 4286 4285
f 4289 4280 4281
f 4289 4279 4280
f 4289 4287 4282
f 4289 4282 4279
f 4287 4285 4288
f 4288 4282 4287
f 4288 4283 4282
f 4296 4291 4292
f 4296 4292 4293
f 4298 4295 4294
f 4296 4294 4291
f 4296 4297 4294
f 4298 4294 4297
f 4290 4297 4299
f 4290 4298 4297
f 4300 4308 4307
f 4300 4306 4308
f 4309 4308 4304
f 4306 4304 4308
f 4306 4305 4304
f 4309 4302 4303
f 4309 4304 4301
f 4309 4301 4302
f 4320 4318 4313
f 4318 4316 4319
f 4315 4316 4317
f 4320 4313 4310
f 4320 4310 4311
f 4316 4318 4317
f 4319 4313 4318
f 4319 4314 4313
f 4320 4311 4312
f 4330 4325 4322
f 4330 4322 4323
f 4330 4323 4324
f 4327 4325 4329
f 4330 4329 4325
f 4327 4326 4325
f 4321 4327 4329
f 4321 4329 4328
f 4341 4331 4332
f 4341 4339 4334
f 4339 4337 4340
f 4339 4338 4337
f 4336 4337 4338
f 4341 4332 4333
f 4340 4335 4334
f 4341 4334 4331
f 4340 4334 4339
f 4408 4407 4380
f 4408 4380 4379
f 4361 4453 4364
f 4408 4379 4378
f 4408 4378 4409
f 4396 4392 4391
f 4396 4391 4397
f 4391 4390 4397
f 4398 4397 4390
f 4390 4389 4398
f 4399 4398 4389
f 4389 4388 4399
f 4410 4412 4411
f 4355 4367 4393
f 4401 4400 4387
f 4387 4386 4401
f 4361 4452 4453
f 4381 4380 4407
f 4349 4440 4350
f 4355 4393 4445
f 4355 4445 4444
f 4402 4401 4386
f 4386 4385 4402
f 4403 4402 4385
f 4385 4384 4403
f 4404 4403 4384
f 4384 4383 4404
f 4405 4404 4383
f 4383 4382 4405
f 4406 4405 4382
f 4382 4381 4406
f 4407 4406 4381
f 4415 4414 4368
f 4368 4375 4415
f 4449 4450 4359
f 4359 4362 4449
f 4448 4449 4362
f 4362 4363 4448
f 4447 4448 4363
f 4363 4357 4447
f 4446 4447 4357
f 4356 4446 4357
f 4409 4378 4377
f 4364 4454 4365
f 4364 4453 4454
f 4342 4430 4429
f 4349 4441 4440
f 4368 4414 4369
f 4354 4430 4342
f 4360 4452 4361
f 4370 4419 4371
f 4350 4440 4439
f 4350 4439 4438
f 4355 4444 4347
f 4413 4412 4410
f 4413 4410 4409
f 4413 4409 4377
f 4413 4377 4376
f 4413 4376 4369
f 4413 4369 4414
f 4359 4450 4358
f 4358 4450 4451
f 4358 4451 4360
f 4360 4451 4452
f 4343 4426 4344
f 4343 4427 4426
f 4353 4433 4432
f 4353 4434 4433
f 4352 4434 4353
f 4352 4435 4434
f 4352 4436 4435
f 4351 4436 4352
f 4351 4437 4436
f 4351 4438 4437
f 4350 4438 4351
f 4371 4418 4372
f 4371 4419 4418
f 4346 4420 4370
f 4370 4420 4419
f 4349 4442 4441
f 4348 4442 4349
f 4348 4443 4442
f 4348 4444 4443
f 4347 4444 4348
f 4367 4394 4393
f 4367 4395 4394
f 4366 4395 4367
f 4366 4456 4395
f 4366 4455 4456
f 4365 4455 4366
f 4365 4454 4455
f 4342 4428 4343
f 4342 4429 4428
f 4354 4431 4430
f 4353 4432 4354
f 4354 4432 4431
f 4343 4428 4427
f 4344 4424 4345
f 4345 4422 4346
f 4345 4423 4422
f 4345 4424 4423
f 4344 4426 4425
f 4344 4425 4424
f 4346 4421 4420
f 4346 4422 4421
f 4388 4387 4400
f 4372 4418 4417
f 4372 4417 4373
f 4373 4417 4416
f 4374 4415 4375
f 4373 4416 4374
f 4374 4416 4415
f 4400 4399 4388
f 4475 4551 4550
f 4483 4537 4536
f 4483 4538 4537
f 4482 4539 4538
f 4541 4481 4542
f 4482 4540 4539
f 4514 4459 4458
f 4475 4552 4551
f 4490 4525 4524
f 4489 4525 4490
f 4543 4479 4544
f 4542 4480 4543
f 4542 4481 4480
f 4543 4480 4479
f 4481 4540 4482
f 4460 4459 4513
f 4511 4463 4502
f 4511 4502 4512
f 4514 4458 4515
f 4517 4462 4518
f 4530 4529 4486
f 4481 4541 4540
f 4513 4459 4514
f 4503 4507 4504
f 4475 4550 4549
f 4507 4512 4505
f 4457 4517 4516
f 4457 4462 4517
f 4471 4470 4510
f 4505 4504 4507
f 4461 4460 4513
f 4529 4528 4487
f 4489 4488 4526
f 4526 4525 4489
f 4491 4490 4523
f 4523 4522 4491
f 4521 4491 4522
f 4492 4491 4521
f 4521 4520 4492
f 4519 4492 4520
f 4462 4492 4519
f 4519 4518 4462
f 4512 4506 4505
f 4512 4502 4506
f 4494 4568 4567
f 4508 4464 4463
f 4487 4486 4529
f 4477 4548 4547
f 4477 4549 4548
f 4477 4475 4549
f 4477 4476 4475
f 4478 4544 4479
f 4478 4545 4544
f 4478 4546 4545
f 4478 4547 4546
f 4478 4477 4547
f 4457 4515 4458
f 4457 4516 4515
f 4510 4469 4509
f 4510 4470 4469
f 4501 4559 4558
f 4501 4560 4559
f 4508 4465 4464
f 4509 4465 4508
f 4509 4466 4465
f 4467 4466 4509
f 4500 4563 4562
f 4500 4564 4563
f 4495 4564 4500
f 4495 4565 4564
f 4496 4565 4495
f 4496 4566 4565
f 4497 4566 4496
f 4498 4566 4497
f 4498 4567 4566
f 4494 4567 4498
f 4487 4528 4488
f 4472 4568 4494
f 4508 4463 4511
f 4472 4510 4568
f 4490 4524 4523
f 4471 4510 4472
f 4509 4468 4467
f 4474 4553 4552
f 4474 4554 4553
f 4509 4469 4468
f 4474 4552 4475
f 4473 4556 4555
f 4493 4556 4473
f 4493 4557 4556
f 4493 4558 4557
f 4501 4558 4493
f 4482 4538 4483
f 4473 4554 4474
f 4473 4555 4554
f 4499 4560 4501
f 4484 4535 4534
f 4499 4561 4560
f 4499 4562 4561
f 4483 4536 4484
f 4485 4533 4532
f 4500 4562 4499
f 4484 4536 4535
f 4484 4534 4485
f 4485 4534 4533
f 4486 4531 4530
f 4486 4532 4531
f 4488 4527 4526
f 4485 4532 4486
f 4488 4528 4527
f 5018 5094 5095
f 5018 5095 5027
f 5027 5095 5096
f 5101 5062 5061
f 5061 5060 5101
f 4966 4660 4659
f 5102 5059 5058
f 5058 5057 5102
f 4635 4967 4658
f 5026 5099 5013
f 5013 5099 5076
f 5013 5076 5014
f 5072 5071 5100
f 5101 4966 4696
f 4713 5101 4696
f 5063 5062 5101
f 4824 4827 4828
f 4824 4828 4829
f 4824 4829 4830
f 4831 4832 4833
f 4831 4833 4834
f 4831 4834 4835
f 4831 4835 4836
f 4831 4836 4837
f 4801 4800 4838
f 4801 4838 4839
f 4801 4839 4832
f 4801 4832 4831
f 4840 4841 4842
f 4840 4842 4843
f 4840 4843 4844
f 4840 4844 4699
f 4793 4801 4802
f 4793 4802 4803
f 4804 4805 4806
f 4804 4806 4807
f 4804 4807 4808
f 4804 4808 4809
f 4804 4809 4810
f 4804 4810 4627
f 4804 4627 4629
f 4805 4811 4812
f 4805 4812 4624
f 4805 4624 4626
f 5107 4672 4961
f 5133 4921 4923
f 5133 4923 4716
f 5110 5122 5111
f 5111 5122 4905
f 5111 4905 4903
f 4930 5125 4928
f 4928 5125 5126
f 4928 5126 4959
f 4959 5126 4716
f 4959 4716 4862
f 4783 4785 4681
f 4783 4681 4680
f 4783 4680 4786
f 4783 4786 4787
f 4788 4789 4790
f 4788 4790 4791
f 4788 4791 4792
f 4788 4792 4787
f 4788 4787 4786
f 4793 4794 4795
f 4793 4795 4796
f 4793 4796 4797
f 4793 4797 4798
f 4793 4798 4799
f 4793 4799 4800
f 4793 4800 4801
f 4766 4769 4675
f 4766 4675 4673
f 4766 4673 4770
f 4771 4772 4773
f 4771 4773 4774
f 4771 4774 4775
f 4771 4775 4776
f 4771 4776 4777
f 4772 4778 4779
f 4772 4779 4780
f 4772 4780 4781
f 4772 4781 4782
f 4772 4782 4773
f 4783 4653 4652
f 4783 4652 4784
f 4783 4784 4785
f 4734 4752 4753
f 4734 4753 4754
f 4734 4754 4755
f 4756 4741 4757
f 4756 4757 4758
f 4756 4758 4759
f 4756 4759 4760
f 4761 4648 4650
f 4761 4650 4762
f 4761 4762 4763
f 4761 4763 4764
f 4761 4764 4765
f 4761 4765 4766
f 4766 4765 4767
f 4766 4767 4768
f 4766 4768 4769
f 4736 4738 4739
f 4736 4739 4740
f 4736 4740 4741
f 4742 4641 4643
f 4742 4643 4743
f 4742 4743 4649
f 4742 4649 4648
f 4742 4648 4744
f 4742 4744 4745
f 4746 4638 4640
f 4746 4640 4747
f 4746 4747 4748
f 4746 4748 4749
f 4746 4749 4750
f 4734 4733 4751
f 4734 4751 4752
f 4719 4669 4668
f 4719 4668 4724
f 4719 4724 4725
f 4719 4725 4726
f 4727 4667 4666
f 4727 4666 4728
f 4727 4728 4729
f 4727 4729 4730
f 4727 4730 4731
f 4727 4731 4732
f 4727 4732 4733
f 4727 4733 4734
f 4727 4734 4735
f 4736 4668 4671
f 4736 4671 4737
f 4736 4737 4738
f 4703 4700 4702
f 4704 4705 4706
f 4706 4705 4707
f 4706 4707 4708
f 4709 4706 4708
f 4710 4711 4712
f 4710 4712 4713
f 4710 4713 4696
f 4710 4696 4695
f 4714 4715 4716
f 4714 4716 4717
f 4714 4717 4718
f 4719 4720 4721
f 4719 4721 4722
f 4719 4722 4723
f 4719 4723 4669
f 4665 4666 4667
f 4668 4669 4670
f 4670 4671 4668
f 4672 4673 4674
f 4673 4675 4674
f 4676 4677 4678
f 4679 4680 4681
f 4682 4683 4684
f 4685 4686 4687
f 4688 4625 4624
f 4689 4690 4691
f 4689 4691 4692
f 4693 4632 4631
f 4694 4695 4696
f 4697 4698 4699
f 4700 4701 4702
f 4630 4631 4632
f 4630 4633 4631
f 4634 4635 4636
f 4637 4638 4639
f 4637 4640 4638
f 4641 4642 4643
f 4641 4644 4642
f 4645 4646 4647
f 4648 4649 4650
f 4651 4652 4653
f 4654 4655 4656
f 4657 4656 4655
f 4658 4636 4635
f 4659 4660 4661
f 4662 4663 4664
f 4635 4664 4663
f 4611 4610 4602
f 4611 4602 4601
f 4604 4603 4612
f 4612 4603 4613
f 4612 4613 4614
f 4614 4613 4615
f 4614 4615 4616
f 4616 4615 4617
f 4616 4617 4618
f 4618 4617 4619
f 4618 4619 4620
f 4620 4619 4621
f 4620 4621 4622
f 4623 4624 4625
f 4623 4626 4624
f 4627 4628 4629
f 4599 4573 4574
f 4599 4574 4569
f 4600 4580 4581
f 4600 4581 4582
f 4600 4582 4578
f 4600 4578 4577
f 4600 4577 4599
f 4600 4599 4601
f 4600 4601 4602
f 4603 4604 4605
f 4605 4604 4606
f 4605 4606 4607
f 4607 4606 4608
f 4607 4608 4609
f 4609 4608 4610
f 4609 4610 4611
f 4840 4699 4698
f 4840 4698 4845
f 4846 4828 4827
f 4846 4827 4847
f 4846 4847 4848
f 4846 4848 4849
f 4846 4849 4850
f 4851 4852 4853
f 4851 4853 4854
f 4851 4854 4629
f 4851 4629 4628
f 4851 4628 4855
f 4851 4855 4856
f 4851 4856 4857
f 4851 4857 4858
f 4716 4715 4859
f 4599 4577 4576
f 4599 4576 4575
f 4599 4575 4572
f 4599 4572 4573
f 4716 4859 4860
f 4716 4860 4861
f 4716 4861 4862
f 4683 4863 4684
f 4684 4863 4651
f 4684 4651 4864
f 4864 4651 4653
f 4864 4653 4647
f 4647 4653 4865
f 4647 4865 4645
f 4840 4845 4866
f 4866 4845 4664
f 4866 4664 4867
f 4867 4664 4635
f 4867 4635 4634
f 4661 4660 4868
f 4868 4660 4869
f 4868 4869 4870
f 4870 4869 4871
f 4870 4871 4872
f 4872 4871 4873
f 4872 4873 4874
f 4874 4873 4663
f 4874 4663 4662
f 4866 4867 4875
f 4875 4867 4876
f 4875 4876 4877
f 4877 4876 4878
f 4877 4878 4879
f 4879 4878 4880
f 4879 4880 4881
f 4881 4880 4882
f 4881 4882 4883
f 4883 4639 4881
f 4881 4639 4638
f 4881 4638 4884
f 4884 4638 4885
f 4884 4885 4886
f 4886 4885 4887
f 4887 4885 4888
f 4887 4888 4889
f 4889 4888 4890
f 4889 4890 4891
f 4891 4890 4655
f 4891 4655 4667
f 4667 4655 4654
f 4667 4654 4665
f 4726 4725 4892
f 4892 4725 4893
f 4892 4893 4894
f 4894 4893 4895
f 4894 4895 4896
f 4896 4895 4735
f 4896 4735 4734
f 4736 4741 4897
f 4897 4741 4756
f 4897 4756 4898
f 4898 4756 4899
f 4898 4899 4900
f 4900 4899 4901
f 4900 4901 4744
f 4744 4901 4745
f 4770 4673 4902
f 4902 4673 4903
f 4902 4903 4904
f 4904 4903 4905
f 4904 4905 4776
f 4776 4905 4777
f 5133 5126 5080
f 5133 5080 5081
f 5133 5081 5082
f 4677 4676 4774
f 4774 4676 4906
f 4774 4906 4775
f 4784 4652 4907
f 4907 4652 4908
f 4907 4908 4909
f 4909 4908 4910
f 4909 4910 4911
f 4911 4910 4676
f 4911 4676 4678
f 4790 4789 4912
f 4912 4789 4913
f 4912 4913 4914
f 4914 4913 4915
f 4914 4915 4916
f 4803 4802 4917
f 4917 4802 4918
f 4917 4918 4852
f 4852 4918 4853
f 4812 4811 4919
f 4919 4811 4920
f 4919 4920 4921
f 4921 4920 4922
f 4921 4922 4923
f 4923 4922 4924
f 4923 4924 4716
f 4716 4924 4717
f 4815 4814 4925
f 4925 4814 4926
f 4925 4926 4927
f 4927 4926 4687
f 4927 4687 4686
f 4687 4926 4928
f 4928 4926 4929
f 4928 4929 4930
f 4930 4929 4931
f 4930 4931 4932
f 4932 4931 4933
f 4932 4933 4822
f 4822 4933 4823
f 4692 4691 4934
f 4934 4691 4935
f 4934 4935 4936
f 4936 4935 4937
f 4936 4937 4938
f 4938 4937 4651
f 4938 4651 4863
f 4647 4646 4939
f 4939 4646 4940
f 4939 4940 4941
f 5131 5123 4571
f 5131 4571 4598
f 5131 4598 4597
f 4641 5107 4644
f 4644 5107 4961
f 5111 4903 5112
f 5112 4903 4673
f 5112 4673 5107
f 5107 4673 4672
f 5132 5124 4964
f 5132 4964 4684
f 5132 4684 4864
f 5132 4864 4647
f 5132 4647 4939
f 5132 4939 4941
f 5133 4716 5126
f 5130 4569 4570
f 5130 4570 4571
f 5130 4571 5123
f 5133 5082 5083
f 5133 5083 5127
f 5133 5127 4960
f 5133 4960 4812
f 5133 4812 4919
f 5133 4919 4921
f 5131 5078 5077
f 5131 5077 5076
f 5131 5076 5132
f 5131 5132 4941
f 5131 4941 4943
f 5131 4943 4963
f 5131 4963 5123
f 5109 5122 5110
f 5129 4905 5122
f 5129 5122 4605
f 5131 4597 4594
f 5131 4594 4595
f 5132 5076 5099
f 5132 5099 5098
f 5132 5098 5097
f 5132 5097 5124
f 5129 4778 4772
f 5129 4772 4771
f 5129 4771 4777
f 5129 4777 4905
f 5130 4611 4601
f 5130 4601 4599
f 5130 4599 4569
f 5128 4851 4858
f 5128 4858 5127
f 5128 5127 5086
f 5130 5123 4788
f 5130 4788 4786
f 5130 4786 4680
f 5130 4680 4962
f 5131 4595 4596
f 5131 4596 5078
f 5128 5114 5119
f 5128 5119 5121
f 5128 5121 5120
f 5128 5120 4803
f 5109 4621 4619
f 5109 4619 4617
f 5109 4615 5122
f 4964 4706 4709
f 5124 5096 5095
f 5095 5094 5124
f 5129 4605 4607
f 5129 4607 4609
f 5129 4609 4611
f 5129 4611 5130
f 5129 5130 4962
f 5129 4962 4778
f 5079 5080 5126
f 4624 4960 4688
f 5127 5084 5085
f 5085 5086 5127
f 5128 4803 4917
f 5128 4917 4852
f 5128 4852 4851
f 4941 4940 4942
f 4941 4942 4943
f 4943 4942 4944
f 4943 4944 4945
f 4830 4829 4946
f 4946 4829 4947
f 4946 4947 4948
f 4948 4947 4949
f 4948 4949 4700
f 4700 4949 4950
f 4700 4950 4701
f 4701 4950 4837
f 4701 4837 4836
f 4712 4711 4951
f 4951 4711 4952
f 4951 4952 4953
f 4953 4952 4954
f 4953 4954 4955
f 4845 4698 4955
f 4955 4698 4953
f 4842 4841 4956
f 4956 4841 4957
f 4956 4957 4849
f 4849 4957 4850
f 4822 4821 4706
f 4706 4821 4958
f 5097 5096 5124
f 5094 5093 5125
f 5124 5094 5125
f 5128 5086 5087
f 5128 5087 5088
f 5128 5088 5089
f 5128 5089 5075
f 5128 5075 5113
f 5128 5113 5114
f 4962 4680 4679
f 4789 4788 5123
f 4913 4789 5123
f 4915 4963 4916
f 4963 4943 4945
f 4684 4964 4682
f 4706 4964 5124
f 4706 4958 4704
f 4795 5120 4970
f 5119 4948 5121
f 5121 4948 4700
f 4932 4822 5125
f 4930 4932 5125
f 5125 5093 5092
f 5092 5091 5125
f 4687 4959 4685
f 5126 5090 5079
f 4794 4793 5120
f 4793 4803 5120
f 4615 4613 5122
f 5123 4963 4915
f 4913 5123 4915
f 5124 5125 4822
f 4706 5124 4822
f 5118 5049 5106
f 5118 5106 4969
f 5118 4969 4726
f 5091 5090 5126
f 5125 5091 5126
f 4960 5127 4858
f 5083 5084 5127
f 5122 4613 4603
f 4603 4605 5122
f 5119 4946 4948
f 4888 5104 4890
f 4890 5104 5105
f 4890 5105 4968
f 4968 5105 4734
f 4968 4734 4755
f 4794 5120 4795
f 4994 4971 4993
f 4971 4994 4995
f 5117 5102 5057
f 5117 5057 5056
f 5117 5056 5036
f 5121 4700 5120
f 5120 4700 4703
f 5120 4703 4970
f 4869 4660 5102
f 5102 4660 4966
f 5102 4966 5101
f 5117 4873 4871
f 5117 4871 4869
f 5118 4734 5105
f 5118 5105 5046
f 5118 5046 5047
f 5118 5047 5048
f 5118 5048 5049
f 5115 5066 5116
f 5115 5116 4965
f 5115 4965 4693
f 5118 4726 4892
f 5118 4892 4894
f 5118 4894 4896
f 5118 4896 4734
f 5114 5100 5119
f 5119 5100 4946
f 5116 5064 5063
f 5116 5063 5101
f 5116 5101 4951
f 5116 4951 4953
f 5116 4953 4698
f 5116 4698 4965
f 5117 4869 5102
f 5108 5055 4621
f 5108 4621 5109
f 5108 5109 5110
f 5117 5036 5037
f 5117 5037 5103
f 5117 5103 4967
f 5117 4967 4635
f 5117 4635 4663
f 5117 4663 4873
f 5113 5072 5100
f 5113 5100 5114
f 5115 4946 5100
f 5115 5100 5069
f 5115 5069 5068
f 5115 5068 5067
f 5115 5067 5066
f 5009 4622 5010
f 5009 5010 5011
f 5042 5043 5104
f 4655 4968 4657
f 5105 5044 5045
f 5115 4693 4631
f 5115 4631 4824
f 5115 4824 4830
f 5115 4830 4946
f 5116 5066 5065
f 5116 5065 5064
f 5108 4899 4756
f 5108 4756 4760
f 5108 4760 5106
f 5108 5106 5052
f 5108 5052 5053
f 5108 5053 5054
f 5108 5054 5055
f 4580 4600 4579
f 4620 5009 4618
f 5009 4620 4622
f 5050 4992 5008
f 4584 5025 4583
f 4712 4951 5101
f 4713 4712 5101
f 4696 4966 4694
f 5108 5110 5111
f 5108 5111 5112
f 5108 5112 5107
f 5108 5107 4745
f 5113 5075 5074
f 5113 5074 5073
f 4746 4967 5103
f 4967 4746 4750
f 5103 5038 5039
f 5039 5040 5103
f 4885 4638 5104
f 4888 4885 5104
f 5104 5041 5042
f 4971 4995 5034
f 4971 5034 5035
f 5060 5059 5102
f 5101 5060 5102
f 5103 5104 4638
f 5045 5046 5105
f 4719 4969 4720
f 5106 5050 5051
f 5051 5052 5106
f 5108 4745 4901
f 5108 4901 4899
f 4969 5106 4760
f 5049 5050 5106
f 4742 4745 5107
f 4742 5107 4641
f 5100 5071 5070
f 5070 5069 5100
f 4965 4698 4697
f 5037 4984 4983
f 5037 4983 5038
f 5038 4983 5002
f 5038 5002 5039
f 5039 5002 4986
f 5039 4986 5040
f 5036 4984 5037
f 5045 5004 4990
f 5045 4990 5046
f 5046 4990 4989
f 5046 4989 5047
f 5047 4989 5005
f 5047 5005 5048
f 5053 5006 5011
f 5053 5011 5054
f 5054 5011 5010
f 5054 5010 5055
f 5055 5010 4622
f 5055 4622 4621
f 5040 4986 4985
f 5040 4985 5041
f 5041 4985 5003
f 5041 5003 5042
f 5042 5003 4988
f 5042 4988 5043
f 5043 4988 4987
f 5043 4987 5044
f 5044 4987 5004
f 5044 5004 5045
f 4979 5060 4980
f 4980 5060 5061
f 4980 5061 4999
f 4999 5061 5062
f 4999 5062 4977
f 4977 5062 5063
f 5048 5005 4991
f 5048 4991 5049
f 5049 4991 4992
f 5049 4992 5050
f 4824 4826 4827
f 5050 5008 5051
f 5051 5008 5007
f 5051 5007 5052
f 5052 5007 5006
f 5052 5006 5053
f 4997 5068 4973
f 4973 5068 5069
f 4973 5069 4974
f 4974 5069 5070
f 4974 5070 4996
f 4996 5070 5071
f 4984 5036 5001
f 5001 5036 5056
f 5001 5056 4981
f 4981 5056 5057
f 4981 5057 4982
f 4982 5057 5058
f 4982 5058 5000
f 5000 5058 5059
f 5000 5059 4979
f 4979 5059 5060
f 5025 5076 5077
f 5025 5077 5078
f 5025 5078 4587
f 5025 4587 4586
f 5025 4586 4585
f 5025 4585 4583
f 4977 5063 4978
f 4978 5063 5064
f 4978 5064 4998
f 4998 5064 5065
f 4998 5065 4975
f 4975 5065 5066
f 4975 5066 4976
f 4976 5066 5067
f 4976 5067 4997
f 4997 5067 5068
f 5081 5021 5030
f 5081 5030 5082
f 5082 5030 5023
f 5082 5023 5083
f 5083 5023 5024
f 5083 5024 5084
f 4996 5071 5012
f 5012 5071 5072
f 5012 5072 4972
f 4972 5072 5073
f 4972 5073 4993
f 4993 5073 5074
f 4993 5074 4994
f 4994 5074 5075
f 4994 5075 4995
f 5025 5014 5076
f 5089 5034 4995
f 5089 4995 5075
f 5022 5079 5029
f 5029 5079 5090
f 5029 5090 5019
f 5019 5090 5091
f 5078 4596 4589
f 5078 4589 4590
f 5078 4590 4591
f 5078 4591 4592
f 5078 4592 4593
f 5078 4593 4588
f 5078 4588 4587
f 5079 5022 5080
f 5080 5022 5021
f 5080 5021 5081
f 5027 5096 5015
f 5015 5096 5097
f 5015 5097 5016
f 5016 5097 5098
f 5016 5098 5026
f 5026 5098 5099
f 5084 5024 5033
f 5084 5033 5085
f 5085 5033 5032
f 5085 5032 5086
f 5086 5032 5031
f 5086 5031 5087
f 5087 5031 5035
f 5087 5035 5088
f 5088 5035 5034
f 5088 5034 5089
f 4746 5103 4638
f 5037 5038 5103
f 5040 5041 5104
f 5103 5040 5104
f 5043 5044 5105
f 5104 5043 5105
f 5019 5091 5020
f 5020 5091 5092
f 5020 5092 5028
f 5028 5092 5093
f 5028 5093 5017
f 5017 5093 5094
f 5017 5094 5018
f 4805 4626 4813
f 4805 4813 4806
f 4814 4815 4816
f 4814 4816 4817
f 4814 4817 4818
f 4814 4818 4819
f 4814 4819 4718
f 4814 4718 4717
f 4820 4691 4690
f 4820 4690 4821
f 4820 4821 4822
f 4820 4822 4823
f 4824 4631 4633
f 4824 4633 4825
f 4824 4825 4826
f 5137 5136 5138
f 5138 5135 5139
f 5138 5136 5135
f 5140 5137 5138
f 5137 5140 5134
f 5143 5142 5141
f 5143 5141 5144
f 5147 5146 5145
f 5147 5145 5148
f 5151 5149 5152
f 5151 5150 5149
f 5155 5154 5153
f 5155 5153 5156
f 5157 5159 5160
f 5157 5160 5158
f 5161 5164 5162
f 5161 5163 5164
f 5168 5171 5165
f 5168 5167 5169
f 5169 5167 5166
f 5169 5166 5170
f 5171 5168 5169
f 5174 5173 5172
f 5174 5172 5175
f 5178 5177 5176
f 5178 5176 5179
f 5182 5180 5183
f 5182 5181 5180
f 5186 5184 5187
f 5186 5185 5184
f 5189 5191 5188
f 5189 5190 5191
f 5193 5194 5195
f 5193 5195 5192
f 5199 5202 5196
f 5199 5197 5200
f 5200 5197 5198
f 5200 5198 5201
f 5202 5199 5200
f 5205 5203 5204
f 5205 5204 5206
f 5209 5207 5208
f 5209 5208 5210
f 5213 5211 5214
f 5213 5212 5211
f 5217 5216 5215
f 5217 5215 5218
f 5220 5222 5219
f 5220 5221 5222
f 5223 5226 5224
f 5223 5225 5226
f 5233 5230 5231
f 5230 5233 5229
f 5231 5227 5228
f 5231 5228 5232
f 5230 5227 5231
f 5236 5235 5237
f 5236 5234 5235
f 5240 5238 5241
f 5240 5239 5238
f 5244 5242 5243
f 5244 5243 5245
f 5248 5247 5249
f 5248 5246 5247
f 5250 5252 5253
f 5250 5253 5251
f 5254 5256 5257
f 5254 5257 5255
f 5264 5261 5262
f 5261 5264 5258
f 5261 5260 5262
f 5262 5260 5259
f 5262 5259 5263
f 5267 5266 5265
f 5267 5265 5268
f 5271 5270 5269
f 5271 5269 5272
f 5275 5274 5273
f 5275 5273 5276
f 5279 5278 5277
f 5279 5277 5280
f 5282 5283 5284
f 5282 5284 5281
f 5286 5287 5288
f 5286 5288 5285
f 5292 5295 5289
f 5293 5291 5290
f 5292 5291 5293
f 5293 5290 5294
f 5295 5292 5293
f 5298 5297 5296
f 5298 5296 5299
f 5302 5301 5300
f 5302 5300 5303
f 5306 5305 5304
f 5306 5304 5307
f 5310 5308 5309
f 5310 5309 5311
f 5312 5314 5315
f 5312 5315 5313
f 5316 5319 5317
f 5316 5318 5319
f 5324 5321 5322
f 5323 5321 5324
f 5323 5326 5320
f 5326 5323 5324
f 5324 5322 5325
f 5329 5327 5328
f 5329 5328 5330
f 5333 5332 5331
f 5333 5331 5334
f 5337 5336 5335
f 5337 5335 5338
f 5341 5339 5340
f 5341 5340 5342
f 5344 5345 5346
f 5344 5346 5343
f 5348 5350 5347
f 5348 5349 5350
f 5355 5352 5356
f 5354 5351 5355
f 5357 5354 5355
f 5354 5357 5353
f 5355 5351 5352
f 5360 5359 5361
f 5360 5358 5359
f 5364 5363 5365
f 5364 5362 5363
f 5368 5367 5369
f 5368 5366 5367
f 5372 5371 5373
f 5372 5370 5371
f 5374 5377 5375
f 5374 5376 5377
f 5378 5381 5379
f 5378 5380 5381
f 5386 5383 5387
f 5388 5385 5386
f 5385 5388 5382
f 5385 5384 5386
f 5386 5384 5383
f 5391 5389 5392
f 5391 5390 5389
f 5395 5394 5393
f 5395 5393 5396
f 5399 5398 5397
f 5399 5397 5400
f 5403 5402 5401
f 5403 5401 5404
f 5406 5407 5408
f 5406 5408 5405
f 5410 5411 5412
f 5410 5412 5409
f 5419 5416 5417
f 5417 5414 5418
f 5416 5419 5413
f 5416 5415 5417
f 5417 5415 5414
f 5422 5420 5423
f 5422 5421 5420
f 5426 5425 5424
f 5426 5424 5427
f 5430 5428 5431
f 5430 5429 5428
f 5434 5432 5435
f 5434 5433 5432
f 5437 5438 5439
f 5437 5439 5436
f 5441 5442 5443
f 5441 5443 5440
f 5448 5446 5445
f 5448 5445 5449
f 5447 5446 5448
f 5447 5450 5444
f 5450 5447 5448
f 5453 5452 5451
f 5453 5451 5454
f 5457 5456 5455
f 5457 5455 5458
f 5461 5460 5459
f 5461 5459 5462
f 5465 5464 5463
f 5465 5463 5466
f 5467 5469 5470
f 5467 5470 5468
f 5471 5474 5472
f 5471 5473 5474
f 5481 5478 5479
f 5478 5481 5477
f 5479 5476 5475
f 5479 5475 5480
f 5478 5476 5479
f 5484 5482 5485
f 5484 5483 5482
f 5488 5487 5489
f 5488 5486 5487
f 5492 5491 5490
f 5492 5490 5493
f 5496 5494 5497
f 5496 5495 5494
f 5498 5500 5501
f 5498 5501 5499
f 5502 5505 5503
f 5502 5504 5505
f 5531 5538 5517
f 5521 5508 5507
f 5521 5507 5526
f 5521 5526 5527
f 5521 5524 5525
f 5521 5527 5528
f 5531 5517 5515
f 5510 5526 5539
f 5527 5526 5510
f 5510 5539 5511
f 5533 5532 5540
f 5540 5532 5541
f 5509 5514 5515
f 5521 5528 5529
f 5521 5525 5508
f 5509 5513 5514
f 5509 5515 5516
f 5506 5507 5508
f 5509 5512 5513
f 5508 5543 5506
f 5508 5542 5543
f 5516 5517 5518
f 5516 5518 5519
f 5516 5519 5520
f 5516 5515 5517
f 5540 5542 5508
f 5531 5533 5534
f 5509 5511 5512
f 5509 5510 5511
f 5531 5532 5533
f 5521 5529 5530
f 5521 5523 5524
f 5521 5522 5523
f 5531 5535 5536
f 5531 5536 5537
f 5531 5537 5538
f 5540 5541 5542
f 5531 5534 5535
f 5548 5545 5544
f 5546 5548 5549
f 5548 5544 5547
f 5548 5546 5545
f 5556 5551 5552
f 5556 5553 5554
f 5556 5552 5553
f 5556 5554 5550
f 5556 5555 5551
f 5557 5561 5562
f 5561 5557 5559
f 5561 5559 5558
f 5561 5558 5560
f 5564 5563 5566
f 5563 5564 5565
f 5568 5569 5570
f 5568 5567 5569
f 5573 5572 5574
f 5573 5574 5571
f 5576 5575 5577
f 5576 5577 5578
f 5580 5579 5581
f 5580 5581 5582
f 5585 5583 5586
f 5585 5584 5583
f 5591 5588 5587
f 5589 5591 5592
f 5591 5589 5588
f 5591 5587 5590
f 5599 5597 5593
f 5599 5596 5597
f 5599 5594 5595
f 5599 5595 5596
f 5599 5598 5594
f 5604 5601 5603
f 5604 5600 5602
f 5604 5602 5601
f 5600 5604 5605
f 5607 5606 5609
f 5606 5607 5608
f 5611 5610 5612
f 5611 5612 5613
f 5616 5615 5617
f 5616 5617 5614
f 5619 5618 5620
f 5619 5620 5621
f 5623 5624 5625
f 5623 5622 5624
f 5628 5627 5626
f 5628 5626 5629
f 5632 5631 5633
f 5630 5631 5632
f 5638 5634 5635
f 5638 5641 5634
f 5638 5635 5636
f 5638 5639 5640
f 5636 5635 5637
f 5638 5640 5641
f 5643 5645 5644
f 5642 5643 5644
f 5647 5646 5648
f 5646 5649 5648
f 5652 5650 5651
f 5653 5654 5652
f 5654 5650 5652
f 5658 5655 5657
f 5657 5655 5656
f 5664 5659 5661
f 5661 5659 5660
f 5664 5661 5662
f 5662 5661 5663
f 5665 5666 5667
f 5666 5668 5667
f 5670 5669 5671
f 5669 5672 5671
f 5677 5673 5675
f 5676 5677 5675
f 5675 5673 5674
f 5678 5681 5680
f 5679 5678 5680
f 5687 5684 5685
f 5687 5682 5684
f 5684 5682 5683
f 5685 5684 5686
f 5691 5689 5690
f 5691 5688 5689
f 5692 5693 5694
f 5692 5694 5695
f 5697 5698 5696
f 5696 5698 5699
f 5700 5701 5702
f 5702 5703 5700
f 5704 5707 5705
f 5704 5705 5706
f 5711 5709 5710
f 5711 5708 5709
f 5714 5712 5713
f 5715 5714 5713
f 5717 5719 5716
f 5717 5718 5719
f 5723 5721 5722
f 5723 5720 5721
f 5727 5724 5725
f 5727 5725 5726
f 5728 5729 5730
f 5728 5730 5731
f 5734 5735 5733
f 5735 5732 5733
f 5737 5738 5739
f 5737 5739 5736
f 5743 5741 5742
f 5743 5740 5741
f 5749 5748 5750
f 5750 5748 5744
f 5747 5748 5749
f 5744 5745 5746
f 5750 5744 5746
f 5752 5753 5754
f 5755 5756 5751
f 5751 5756 5757
f 5757 5756 5752
f 5757 5752 5754
f 5922 5789 5906
f 5760 5800 5917
f 5760 5796 5800
f 5843 5768 5826
f 5773 5853 5795
f 5843 5769 5768
f 5906 5789 5857
f 5772 5853 5773
f 5906 5857 5923
f 5918 5798 5902
f 5902 5798 5797
f 5902 5797 5919
f 5910 5816 5927
f 5927 5816 5815
f 5927 5815 5928
f 5928 5815 5814
f 5928 5814 5912
f 5912 5814 5813
f 5912 5813 5929
f 5929 5813 5812
f 5929 5812 5930
f 5930 5812 5824
f 5788 5764 5763
f 5788 5763 5827
f 5827 5763 5780
f 5827 5780 5830
f 5777 5793 5792
f 5777 5792 5778
f 5778 5792 5791
f 5778 5791 5779
f 5766 5854 5772
f 5772 5854 5853
f 5917 5799 5918
f 5917 5800 5799
f 5908 5858 5811
f 5924 5858 5908
f 5924 5857 5858
f 5923 5857 5924
f 5910 5817 5816
f 5918 5799 5798
f 5926 5817 5910
f 5951 5898 5897
f 5948 5870 5871
f 5949 5873 5874
f 5941 5926 5910
f 5942 5928 5912
f 5943 5930 5914
f 5944 5932 5934
f 5900 5899 5945
f 5946 5864 5865
f 5947 5867 5868
f 5909 5925 5926
f 5911 5927 5928
f 5913 5929 5930
f 5930 5824 5914
f 5914 5824 5823
f 5914 5823 5931
f 5931 5823 5822
f 5931 5822 5932
f 5932 5822 5821
f 5908 5811 5925
f 5925 5811 5860
f 5925 5860 5926
f 5926 5860 5817
f 5802 5889 5803
f 5851 5896 5897
f 5861 5896 5851
f 5861 5895 5896
f 5940 5924 5908
f 5939 5922 5906
f 5938 5920 5904
f 5937 5918 5902
f 5933 5935 5936
f 5915 5931 5932
f 5805 5892 5806
f 5805 5891 5892
f 5804 5891 5805
f 5804 5890 5891
f 5803 5890 5804
f 5803 5889 5890
f 5787 5901 5818
f 5802 5888 5889
f 5801 5888 5802
f 5801 5887 5888
f 5907 5923 5924
f 5905 5921 5922
f 5903 5919 5920
f 5781 5880 5881
f 5809 5899 5859
f 5950 5876 5877
f 5859 5900 5787
f 5859 5899 5900
f 5810 5898 5809
f 5809 5898 5899
f 5810 5897 5898
f 5851 5897 5810
f 5846 5883 5847
f 5787 5900 5901
f 5847 5884 5848
f 5847 5883 5884
f 5785 5882 5846
f 5846 5882 5883
f 5785 5862 5882
f 5916 5917 5918
f 5849 5885 5886
f 5849 5886 5850
f 5850 5886 5887
f 5850 5887 5801
f 5872 5836 5873
f 5873 5836 5835
f 5873 5835 5874
f 5874 5835 5783
f 5874 5783 5875
f 5875 5783 5829
f 5875 5829 5876
f 5876 5829 5828
f 5876 5828 5877
f 5877 5828 5834
f 5806 5892 5893
f 5806 5893 5807
f 5807 5893 5894
f 5807 5894 5808
f 5808 5894 5895
f 5808 5895 5861
f 5880 5831 5881
f 5881 5831 5830
f 5881 5830 5780
f 5784 5862 5785
f 5919 5797 5782
f 5844 5769 5843
f 5844 5766 5769
f 5854 5766 5844
f 5774 5793 5775
f 5767 5766 5772
f 5776 5777 5778
f 5780 5763 5765
f 5758 5796 5760
f 5936 5818 5901
f 5936 5819 5818
f 5773 5795 5770
f 5774 5794 5793
f 5770 5794 5774
f 5770 5795 5794
f 5762 5761 5768
f 5935 5820 5819
f 5934 5820 5935
f 5934 5821 5820
f 5935 5819 5936
f 5932 5821 5934
f 5759 5791 5796
f 5759 5796 5758
f 5775 5793 5777
f 5848 5885 5849
f 5848 5884 5885
f 5865 5845 5790
f 5864 5845 5865
f 5872 5837 5836
f 5871 5837 5872
f 5871 5838 5837
f 5870 5838 5871
f 5870 5839 5838
f 5869 5839 5870
f 5869 5840 5839
f 5868 5840 5869
f 5880 5832 5831
f 5879 5832 5880
f 5879 5833 5832
f 5878 5833 5879
f 5878 5834 5833
f 5877 5834 5878
f 5771 5770 5774
f 5864 5786 5845
f 5863 5786 5864
f 5863 5784 5786
f 5862 5784 5863
f 5868 5841 5840
f 5867 5841 5868
f 5867 5842 5841
f 5866 5842 5867
f 5866 5790 5842
f 5865 5790 5866
f 5825 5764 5788
f 5825 5761 5764
f 5826 5761 5825
f 5826 5768 5761
f 5921 5852 5922
f 5921 5856 5852
f 5904 5856 5921
f 5904 5855 5856
f 5920 5855 5904
f 5920 5782 5855
f 5919 5782 5920
f 5779 5791 5759
f 5922 5852 5789
f 5953 5954 5955
f 5956 5957 5952
f 5958 5957 5953
f 5952 5957 5958
f 5958 5953 5955
f 5959 5961 5965
f 5962 5963 5964
f 5965 5964 5963
f 5965 5961 5964
f 5960 5961 5959
f 5967 5966 5968
f 5969 5970 5967
f 5967 5968 5969
f 5971 5973 5972
f 5973 5971 5974
f 5975 5978 5976
f 5975 5977 5978
f 5979 5982 5980
f 5979 5981 5982
f 5985 5983 5986
f 5985 5984 5983
f 5989 5987 5990
f 5989 5988 5987
f 5993 5991 5994
f 5993 5992 5991
f 5997 5996 5998
f 5997 5995 5996
f 5999 6001 6000
f 6001 5999 6002
f 6003 6005 6006
f 6003 6006 6004
f 6007 6010 6009
f 6007 6009 6008
f 6013 6011 6012
f 6013 6012 6014
f 6017 6016 6015
f 6017 6015 6018
f 6021 6020 6019
f 6021 6019 6022
f 6026 6023 6025
f 6026 6024 6023
f 6029 6028 6030
f 6028 6029 6027
f 6032 6033 6034
f 6032 6034 6031
f 6035 6038 6037
f 6035 6037 6036
f 6041 6039 6042
f 6041 6040 6039
f 6045 6043 6046
f 6045 6044 6043
f 6050 6047 6049
f 6050 6048 6047
f 6063 6058 6060
f 6063 6060 6061
f 6063 6061 6062
f 6063 6062 6053
f 6063 6059 6058
f 6063 6057 6059
f 6063 6056 6057
f 6063 6055 6056
f 6063 6051 6054
f 6063 6053 6052
f 6063 6054 6055
f 6063 6052 6051
f 6065 6066 6064
f 6066 6065 6067
f 6069 6071 6068
f 6069 6070 6071
f 6072 6074 6073
f 6072 6075 6074
f 6078 6076 6079
f 6078 6077 6076
f 6082 6080 6083
f 6082 6081 6080
f 6087 6085 6084
f 6087 6084 6086
f 6100 6090 6089
f 6100 6088 6091
f 6100 6097 6098
f 6100 6095 6097
f 6100 6096 6095
f 6100 6094 6096
f 6100 6099 6090
f 6100 6098 6099
f 6100 6089 6088
f 6100 6091 6092
f 6100 6092 6093
f 6100 6093 6094
f 6105 6103 6102
f 6103 6105 6106
f 6105 6102 6101
f 6105 6101 6104
f 6113 6111 6107
f 6113 6109 6110
f 6113 6108 6109
f 6113 6110 6111
f 6113 6112 6108
f 6118 6114 6116
f 6118 6115 6117
f 6118 6116 6115
f 6114 6118 6119
f 6121 6120 6123
f 6120 6121 6122
f 6125 6126 6127
f 6125 6124 6126
f 6130 6131 6128
f 6130 6129 6131
f 6133 6134 6135
f 6133 6132 6134
f 6137 6136 6138
f 6137 6138 6139
f 6142 6140 6143
f 6142 6141 6140
f 6146 6145 6147
f 6145 6146 6144
f 6149 6151 6148
f 6149 6150 6151
f 6152 6154 6153
f 6152 6155 6154
f 6158 6156 6159
f 6158 6157 6156
f 6162 6161 6160
f 6162 6160 6163
f 6167 6165 6164
f 6167 6164 6166
f 6180 6168 6171
f 6180 6171 6172
f 6180 6178 6179
f 6180 6176 6175
f 6180 6177 6178
f 6180 6175 6177
f 6180 6174 6176
f 6180 6169 6168
f 6180 6170 6169
f 6180 6173 6174
f 6180 6179 6170
f 6180 6172 6173
f 6186 6183 6184
f 6186 6182 6183
f 6186 6184 6185
f 6186 6181 6182
f 6186 6187 6181
f 6260 6232 6261
f 6261 6232 6233
f 6261 6233 6262
f 6262 6233 6234
f 6269 6198 6270
f 6269 6236 6198
f 6268 6236 6269
f 6268 6237 6236
f 6275 6239 6240
f 6274 6239 6275
f 6274 6238 6239
f 6273 6238 6274
f 6229 6280 6281
f 6230 6280 6229
f 6230 6279 6280
f 6231 6279 6230
f 6231 6260 6279
f 6232 6260 6231
f 6257 6293 6258
f 6257 6292 6293
f 6256 6292 6257
f 6256 6291 6292
f 6217 6291 6256
f 6217 6290 6291
f 6216 6290 6217
f 6216 6289 6290
f 6222 6289 6216
f 6222 6288 6289
f 6223 6288 6222
f 6223 6287 6288
f 6259 6287 6223
f 6259 6286 6287
f 6221 6286 6259
f 6221 6285 6286
f 6302 6213 6196
f 6301 6213 6302
f 6301 6250 6213
f 6300 6250 6301
f 6300 6251 6250
f 6299 6251 6300
f 6299 6252 6251
f 6298 6252 6299
f 6298 6253 6252
f 6297 6253 6298
f 6218 6296 6208
f 6218 6295 6296
f 6219 6295 6218
f 6219 6294 6295
f 6258 6294 6219
f 6258 6293 6294
f 6310 6188 6225
f 6309 6188 6310
f 6309 6210 6188
f 6308 6210 6309
f 6308 6211 6210
f 6307 6211 6308
f 6307 6212 6211
f 6306 6212 6307
f 6306 6247 6212
f 6305 6247 6306
f 6305 6248 6247
f 6304 6248 6305
f 6304 6249 6248
f 6303 6249 6304
f 6303 6196 6249
f 6302 6196 6303
f 6195 6317 6254
f 6195 6316 6317
f 6214 6316 6195
f 6214 6315 6316
f 6215 6315 6214
f 6215 6297 6315
f 6253 6297 6215
f 6314 6208 6296
f 6314 6209 6208
f 6313 6209 6314
f 6313 6246 6209
f 6312 6246 6313
f 6312 6224 6246
f 6311 6224 6312
f 6311 6225 6224
f 6310 6225 6311
f 6243 6325 6206
f 6243 6324 6325
f 6194 6324 6243
f 6194 6323 6324
f 6245 6323 6194
f 6245 6322 6323
f 6244 6322 6245
f 6244 6321 6322
f 6191 6321 6244
f 6191 6320 6321
f 6190 6320 6191
f 6190 6319 6320
f 6255 6319 6190
f 6255 6318 6319
f 6254 6318 6255
f 6254 6317 6318
f 6203 6331 6278
f 6203 6278 6189
f 6204 6331 6203
f 6204 6330 6331
f 6205 6329 6330
f 6205 6330 6204
f 6242 6328 6241
f 6242 6327 6328
f 6241 6329 6205
f 6241 6328 6329
f 6207 6327 6242
f 6207 6326 6327
f 6206 6325 6326
f 6206 6326 6207
f 6343 6286 6285
f 6342 6283 6282
f 6341 6280 6279
f 6346 6313 6314
f 6340 6261 6262
f 6339 6264 6265
f 6338 6267 6268
f 6344 6289 6288
f 6332 6295 6294
f 6337 6270 6271
f 6347 6310 6311
f 6348 6307 6308
f 6333 6292 6291
f 6349 6304 6305
f 6335 6331 6330
f 6352 6316 6315
f 6220 6284 6285
f 6226 6284 6220
f 6226 6283 6284
f 6227 6283 6226
f 6227 6282 6283
f 6228 6282 6227
f 6228 6281 6282
f 6229 6281 6228
f 6267 6237 6268
f 6267 6200 6237
f 6266 6200 6267
f 6266 6199 6200
f 6265 6199 6266
f 6265 6192 6199
f 6264 6192 6265
f 6264 6235 6192
f 6220 6285 6221
f 6270 6198 6197
f 6270 6197 6271
f 6271 6197 6193
f 6271 6193 6272
f 6272 6193 6201
f 6272 6201 6273
f 6273 6201 6238
f 6350 6301 6302
f 6351 6298 6299
f 6334 6276 6277
f 6336 6273 6274
f 6353 6319 6318
f 6354 6322 6321
f 6355 6325 6324
f 6345 6328 6327
f 6275 6240 6276
f 6276 6240 6202
f 6276 6202 6277
f 6277 6202 6189
f 6277 6189 6278
f 6262 6234 6263
f 6263 6234 6235
f 6263 6235 6264
f 6358 6356 6359
f 6356 6358 6357
f 6362 6361 6363
f 6362 6360 6361
f 6366 6364 6367
f 6366 6365 6364
f 6371 6369 6368
f 6371 6368 6370
f 6373 6375 6372
f 6373 6374 6375
f 6376 6378 6379
f 6376 6379 6377
f 6380 6383 6381
f 6380 6382 6383
f 6385 6387 6386
f 6385 6386 6384
f 6388 6390 6389
f 6390 6388 6391
f 6394 6393 6392
f 6394 6392 6395
f 6398 6396 6397
f 6398 6397 6399
f 6403 6400 6402
f 6403 6401 6400
f 6404 6406 6407
f 6404 6407 6405
f 6408 6411 6409
f 6408 6410 6411
f 6412 6414 6415
f 6412 6415 6413
f 6416 6419 6418
f 6416 6418 6417
f 6422 6420 6423
f 6420 6422 6421
f 6426 6424 6427
f 6426 6425 6424
f 6430 6428 6429
f 6430 6429 6431
f 6435 6432 6434
f 6435 6433 6432
f 6436 6439 6437
f 6436 6438 6439
f 6440 6443 6441
f 6440 6442 6443
f 6444 6447 6445
f 6444 6446 6447
f 6448 6450 6449
f 6448 6451 6450
f 6452 6454 6453
f 6454 6452 6455
f 6458 6457 6456
f 6458 6456 6459
f 6462 6461 6460
f 6462 6460 6463
f 6467 6464 6466
f 6467 6465 6464
f 6468 6471 6469
f 6468 6470 6471
f 6472 6474 6475
f 6472 6475 6473
f 6476 6478 6479
f 6476 6479 6477
f 6480 6483 6482
f 6480 6482 6481
f 6484 6486 6485
f 6486 6484 6487
f 6490 6489 6488
f 6490 6488 6491
f 6494 6492 6495
f 6494 6493 6492
f 6499 6497 6496
f 6499 6496 6498
f 6500 6502 6503
f 6500 6503 6501
f 6504 6507 6505
f 6504 6506 6507
f 6509 6510 6511
f 6509 6511 6508
f 6513 6515 6514
f 6513 6514 6512
f 6518 6516 6519
f 6516 6518 6517
f 6522 6520 6523
f 6522 6521 6520
f 6526 6524 6527
f 6526 6525 6524
f 6531 6529 6528
f 6531 6528 6530
f 6533 6534 6535
f 6533 6535 6532
f 6537 6539 6536
f 6537 6538 6539
f 6541 6542 6543
f 6541 6543 6540
f 6544 6547 6546
f 6544 6546 6545
f 6548 6550 6549
f 6550 6548 6551
f 6554 6553 6552
f 6554 6552 6555
f 6558 6556 6559
f 6558 6557 6556
f 6563 6561 6560
f 6563 6560 6562
f 6564 6566 6567
f 6564 6567 6565
f 6568 6571 6569
f 6568 6570 6571
f 6572 6574 6575
f 6572 6575 6573
f 6576 6579 6578
f 6576 6578 6577
f 6582 6580 6583
f 6580 6582 6581
f 6586 6585 6584
f 6586 6584 6587
f 6590 6589 6588
f 6590 6588 6591
f 6595 6592 6594
f 6595 6593 6592
f 6596 6599 6597
f 6596 6598 6599
f 6601 6602 6603
f 6601 6603 6600
f 6604 6606 6607
f 6604 6607 6605
f 6608 6611 6610
f 6608 6610 6609
f 6612 6614 6613
f 6614 6612 6615
f 6618 6616 6617
f 6618 6617 6619
f 6622 6620 6623
f 6622 6621 6620
f 6627 6625 6624
f 6627 6624 6626
f 6628 6630 6631
f 6628 6631 6629
f 6632 6635 6633
f 6632 6634 6635
f 6636 6638 6639
f 6636 6639 6637
f 6641 6643 6642
f 6641 6642 6640
f 6646 6644 6647
f 6644 6646 6645
f 6650 6649 6648
f 6650 6648 6651
f 6654 6652 6653
f 6654 6653 6655
f 6659 6657 6658
f 6659 6656 6657
f 6660 6663 6661
f 6660 6662 6663
f 6664 6666 6667
f 6664 6667 6665
f 6669 6670 6671
f 6669 6671 6668
f 6673 6675 6674
f 6673 6674 6672
f 6678 6677 6679
f 6677 6678 6676
f 6682 6681 6683
f 6682 6680 6681
f 6686 6685 6687
f 6686 6684 6685
f 6691 6689 6688
f 6691 6688 6690
f 6693 6695 6692
f 6693 6694 6695
f 6696 6699 6697
f 6696 6698 6699
f 6700 6703 6701
f 6700 6702 6703
f 6704 6706 6705
f 6704 6707 6706
f 6709 6710 6711
f 6710 6709 6708
f 6713 6714 6715
f 6714 6713 6712
f 6831 6953 6951
f 6827 6940 6941
f 6827 6941 6939
f 6826 6943 6944
f 6826 6944 6942
f 6991 6748 6989
f 6895 6894 6958
f 6958 6894 6890
f 6958 6890 6959
f 6918 6985 6922
f 6922 6985 6984
f 6922 6984 6923
f 6920 6983 6919
f 6950 6877 6878
f 6950 6878 6948
f 6986 6746 6990
f 6832 6956 6954
f 6919 6985 6918
f 6920 6921 6983
f 6983 6921 6987
f 6921 6769 6987
f 6987 6769 6988
f 7030 7083 6771
f 6771 7083 7073
f 6771 7073 6770
f 6765 6766 7011
f 7011 6766 6924
f 7011 6924 7079
f 6847 6964 6930
f 6824 6949 6950
f 6824 6950 6948
f 6828 6937 6938
f 6990 6746 6747
f 6990 6747 6991
f 6991 6747 6748
f 6833 6959 6957
f 6834 6960 6961
f 6834 6961 6926
f 6828 6938 6936
f 6847 6963 6964
f 6837 6984 6985
f 6837 6985 6983
f 6836 6966 6967
f 6836 6967 6965
f 6842 6969 6970
f 6842 6970 6968
f 6841 6972 6973
f 6841 6973 6971
f 6845 6993 6994
f 6845 6994 6992
f 6840 6976 6974
f 6839 6978 6979
f 6839 6979 6977
f 6838 6981 6982
f 6929 6858 6934
f 6941 6940 6875
f 6875 6940 6936
f 6875 6936 6802
f 6942 6805 6946
f 6946 6805 7012
f 6805 6804 7012
f 7012 6804 7064
f 6742 6934 6858
f 6934 6742 6935
f 7031 6818 6927
f 7039 7082 6907
f 6881 6880 6949
f 6949 6880 6876
f 6949 6876 6950
f 6854 6853 6989
f 6838 6982 6980
f 6825 6946 6947
f 6825 6947 6945
f 6835 6928 6925
f 6835 6927 6928
f 6919 6983 6985
f 6830 6931 6932
f 6830 6932 6929
f 6948 6878 6879
f 6829 6934 6935
f 6829 6935 6933
f 6843 6987 6988
f 6843 6988 6986
f 6844 6990 6991
f 6844 6991 6989
f 6890 6891 6957
f 6885 6886 6772
f 6883 6884 6951
f 6965 6899 6900
f 6965 6900 6969
f 6969 6900 6823
f 6969 6823 6970
f 6970 6823 6822
f 6970 6822 7009
f 6931 6856 6932
f 6932 6856 6857
f 6932 6857 6929
f 6929 6857 6858
f 6924 6979 7079
f 7079 6979 6724
f 6933 6863 6864
f 6933 6864 6937
f 6871 6872 6943
f 6943 6872 6805
f 6974 6976 6917
f 6846 6995 6996
f 6846 6996 6962
f 6793 6882 6947
f 6793 6947 6946
f 6793 6946 7012
f 6793 7012 6792
f 7003 7004 6757
f 7004 6756 6757
f 6856 6931 6930
f 6970 6729 6730
f 7005 6865 6814
f 6992 6848 6995
f 7006 7007 7008
f 6981 6924 6982
f 7013 6760 6759
f 7013 6759 6758
f 7013 6758 6752
f 7013 6752 6753
f 7080 6716 6717
f 7080 6717 7033
f 6976 6975 6917
f 6917 6975 6971
f 6917 6971 6721
f 6721 6971 6973
f 6721 6973 6720
f 7009 6817 7081
f 7081 6817 7031
f 6817 6818 7031
f 6984 6980 6923
f 6923 6980 6982
f 6907 7082 6906
f 7082 7033 6906
f 6906 7033 6972
f 6898 6899 6965
f 6973 6719 6720
f 6898 6965 6967
f 6970 7009 6729
f 6736 6737 7010
f 6942 6944 6805
f 6952 6879 6953
f 6992 6994 6848
f 6854 6989 6748
f 6957 6959 6890
f 6966 6898 6967
f 7011 6764 6765
f 6905 6906 6972
f 6785 7025 7026
f 6785 7026 7027
f 6785 7027 7028
f 6785 7028 7029
f 6745 6746 6986
f 6745 6986 7001
f 6745 7001 6997
f 6745 6997 6998
f 6745 6998 6999
f 6745 6999 7000
f 6745 7000 7013
f 6745 7013 7014
f 6745 7014 7015
f 6745 7015 7016
f 6745 7016 7017
f 7013 7000 6760
f 7031 6892 7032
f 6972 7033 6717
f 6972 6717 6718
f 6972 6718 6719
f 7013 6753 6754
f 7013 6754 7018
f 6755 6756 7004
f 6755 7004 7019
f 6755 7019 7020
f 6755 7020 7021
f 6755 7021 7022
f 6755 7022 7018
f 6755 7018 6754
f 6785 6779 7023
f 6785 7023 7024
f 6785 7024 7025
f 6728 7043 7044
f 6728 7044 7045
f 6728 7045 7046
f 6728 7046 6727
f 7029 7030 6771
f 7029 6771 6772
f 7029 6772 6886
f 7029 6886 6787
f 7029 6787 6786
f 7029 6786 6785
f 7031 6927 6926
f 7031 6926 6961
f 7031 6961 6960
f 7031 6960 6957
f 7031 6957 6891
f 7031 6891 6892
f 7049 6740 6734
f 7049 6734 6735
f 7049 6735 6736
f 7049 6736 7010
f 7050 7051 6809
f 6972 6719 6973
f 6907 7034 7035
f 6907 7035 7036
f 6907 7036 7037
f 6907 7037 7038
f 6907 7038 7039
f 6728 6729 7009
f 6728 7009 7040
f 6728 7040 7041
f 6728 7041 7042
f 6728 7042 7043
f 6864 6865 7061
f 6864 7061 7062
f 6864 7062 7063
f 6864 7063 6798
f 6864 6798 6799
f 7009 6822 6821
f 7009 6821 6815
f 7009 6815 6816
f 7009 6816 6817
f 7047 7010 6737
f 7047 6737 6963
f 7047 6963 6962
f 7047 6962 6996
f 7047 6996 6995
f 7047 6995 7048
f 7049 6741 6740
f 6963 6737 6738
f 6963 6738 6739
f 6963 6739 6861
f 7065 7048 6850
f 7065 6850 6851
f 7050 6809 6810
f 7050 6810 7052
f 7050 7052 7053
f 7050 7053 7054
f 7050 7054 7055
f 7050 7055 7056
f 7057 7058 7059
f 7057 7059 7060
f 7057 7060 7061
f 7057 7061 6865
f 7057 6865 7005
f 7051 6807 6808
f 7051 6808 6809
f 6935 6810 6811
f 6935 6811 6868
f 6935 6868 6867
f 6864 6799 6800
f 7063 7064 6804
f 7063 6804 6803
f 7063 6803 6797
f 7063 6797 6798
f 6964 6963 6861
f 6964 6861 6860
f 6964 6860 6859
f 6964 6859 6855
f 6964 6855 6856
f 6964 6856 6930
f 6939 6875 6874
f 6939 6874 6873
f 6939 6873 6869
f 6939 6869 6870
f 6939 6870 6871
f 7065 6851 6751
f 7065 6751 6750
f 7065 6750 6749
f 7065 6749 6743
f 7065 6743 6744
f 7065 6744 7066
f 7051 7005 6814
f 7051 6814 6813
f 7051 6813 6812
f 7051 6812 6806
f 7051 6806 6807
f 6795 6889 6888
f 6795 6888 6796
f 6779 7068 7069
f 6779 7069 7070
f 6779 7070 7071
f 6935 6867 6866
f 6935 6866 6862
f 6935 6862 6933
f 7067 7008 6794
f 7067 6794 6788
f 7067 6788 6789
f 7067 6789 6790
f 7067 6790 6791
f 7067 6791 6792
f 7067 6792 7012
f 6939 6941 6875
f 6928 6820 6903
f 6928 6903 6902
f 6925 6928 6902
f 6925 6902 6901
f 6925 6901 6897
f 6939 6871 6943
f 6795 6794 7008
f 6795 7008 7007
f 6795 7007 7068
f 6795 7068 6779
f 6795 6779 6780
f 6795 6780 6781
f 6795 6781 6782
f 6795 6782 6783
f 6795 6783 6784
f 6795 6784 6889
f 6978 6911 6912
f 6978 6912 6913
f 6978 6913 6914
f 6978 6914 6724
f 6978 6724 6979
f 6779 7071 7072
f 6779 7072 7023
f 7032 6892 6893
f 7032 6893 6778
f 7032 6778 6777
f 7032 6777 6776
f 7032 6776 6770
f 7032 6770 7073
f 6928 6927 6818
f 6928 6818 6819
f 6928 6819 6820
f 6968 6909 6908
f 6968 6908 6904
f 6968 6904 6905
f 6968 6905 6972
f 6968 6970 6730
f 6925 6897 6898
f 6925 6898 6966
f 7074 6767 6761
f 7074 6761 6762
f 7074 6762 6763
f 7074 6763 6764
f 7074 6764 7011
f 6978 6974 6917
f 6978 6917 6916
f 6978 6916 6915
f 6978 6915 6911
f 7034 6732 6731
f 7034 6731 6725
f 7034 6725 6726
f 7034 6726 6727
f 7034 6727 7046
f 7017 7075 6745
f 6745 7075 6744
f 7075 7076 6744
f 6744 7076 7066
f 6850 7048 6849
f 6849 7048 6995
f 6849 6995 6848
f 6949 6945 6881
f 6881 6945 6947
f 6968 6730 6910
f 6968 6910 6909
f 6769 7002 6988
f 7002 7001 6988
f 6988 7001 6986
f 6883 6951 6887
f 6887 6951 6953
f 6887 6953 6888
f 6888 6953 6879
f 6888 6879 6796
f 7077 7074 7078
f 7074 7077 6767
f 6767 7077 7004
f 6767 7004 6768
f 6768 7004 7003
f 6768 7003 7002
f 7034 6907 6733
f 7034 6733 6732
f 6923 6982 6924
f 6895 6958 6896
f 6896 6958 6954
f 6896 6954 6775
f 6775 6954 6956
f 6775 6956 6774
f 6774 6956 6955
f 6774 6955 6773
f 6773 6955 6951
f 6773 6951 6772
f 6772 6951 6884
f 6772 6884 6885
f 6981 6977 6924
f 6924 6977 6979
f 6881 6947 6882
f 6768 7002 6769
f 7079 6724 6723
f 6723 6722 7079
f 7079 6722 6716
f 7079 6716 7080
f 6989 6853 6852
f 6989 6852 6993
f 6993 6852 6848
f 6993 6848 6994
f 6832 6955 6956
f 6948 6879 6952
f 6840 6975 6976
f 6833 6958 6959
f 6943 6805 6944
f 6876 6877 6950
f 6935 6742 6741
f 6935 6741 6810
f 6810 6741 7049
f 6810 7049 7052
f 6936 6938 6802
f 6802 6938 6937
f 6802 6937 6801
f 6801 6937 6864
f 6801 6864 6800
f 6862 6863 6933
f 6831 6952 6953
f 7086 7084 7085
f 7084 7086 7087
f 7090 7088 7089
f 7088 7090 7091
f 7092 7094 7095
f 7094 7092 7093
f 7098 7096 7097
f 7096 7098 7099
f 7102 7100 7101
f 7100 7102 7103
f 7106 7104 7105
f 7104 7106 7107
f 7108 7110 7111
f 7110 7108 7109
f 7114 7113 7112
f 7113 7114 7115
f 7117 7118 7119
f 7118 7117 7116
f 7121 7122 7123
f 7122 7121 7120
f 7125 7126 7127
f 7126 7125 7124
f 7130 7129 7128
f 7129 7130 7131
f 7132 7134 7135
f 7134 7132 7133
f 7136 7138 7139
f 7138 7136 7137
f 7140 7142 7143
f 7142 7140 7141
f 7146 7144 7145
f 7144 7146 7147
f 7148 7150 7151
f 7150 7148 7149
f 7154 7152 7153
f 7152 7154 7155
f 7158 7157 7156
f 7157 7158 7159
f 7162 7161 7160
f 7161 7162 7163
f 7166 7165 7164
f 7165 7166 7167
f 7170 7169 7168
f 7169 7170 7171
f 7174 7173 7175
f 7173 7174 7172
f 7178 7176 7179
f 7178 7177 7176
f 7182 7180 7183
f 7182 7181 7180
f 7187 7185 7186
f 7187 7184 7185
f 7189 7190 7191
f 7189 7191 7188
f 7193 7195 7192
f 7193 7194 7195
f 7196 7198 7199
f 7196 7199 7197
f 7201 7202 7200
f 7201 7203 7202
f 7379 7304 7292
f 7326 7233 7220
f 7326 7220 7342
f 7342 7220 7221
f 7260 7238 7329
f 7329 7238 7237
f 7329 7237 7330
f 7330 7237 7236
f 7330 7236 7344
f 7344 7236 7235
f 7250 7354 7251
f 7251 7354 7355
f 7251 7355 7261
f 7261 7355 7356
f 7261 7356 7252
f 7240 7332 7241
f 7252 7357 7259
f 7259 7357 7239
f 7214 7336 7314
f 7214 7314 7244
f 7345 7346 7264
f 7345 7264 7258
f 7345 7258 7257
f 7345 7257 7347
f 7345 7347 7348
f 7338 7247 7317
f 7317 7247 7246
f 7317 7246 7318
f 7318 7246 7245
f 7318 7245 7337
f 7337 7245 7244
f 7337 7244 7313
f 7256 7349 7263
f 7263 7349 7350
f 7327 7266 7344
f 7206 7384 7207
f 7206 7204 7384
f 7384 7204 7381
f 7240 7291 7332
f 7342 7221 7323
f 7323 7221 7232
f 7323 7232 7324
f 7324 7232 7218
f 7324 7218 7341
f 7341 7218 7219
f 7259 7239 7260
f 7260 7239 7238
f 7344 7266 7267
f 7344 7267 7330
f 7228 7212 7215
f 7313 7244 7314
f 7311 7336 7213
f 7214 7215 7212
f 7214 7212 7213
f 7214 7213 7336
f 7385 7348 7347
f 7243 7305 7224
f 7224 7305 7333
f 7267 7329 7330
f 7265 7266 7327
f 7260 7329 7267
f 7268 7306 7331
f 7268 7331 7332
f 7268 7332 7291
f 7209 7307 7208
f 7208 7307 7334
f 7208 7334 7226
f 7204 7296 7381
f 7381 7296 7295
f 7381 7295 7382
f 7382 7295 7290
f 7382 7290 7383
f 7383 7290 7297
f 7383 7297 7359
f 7316 7247 7338
f 7256 7255 7349
f 7241 7331 7242
f 7210 7335 7312
f 7242 7331 7306
f 7211 7335 7210
f 7226 7309 7211
f 7211 7309 7335
f 7226 7310 7309
f 7291 7292 7293
f 7287 7288 7289
f 7284 7285 7286
f 7281 7282 7283
f 7209 7308 7307
f 7225 7308 7209
f 7225 7333 7308
f 7224 7333 7225
f 7227 7311 7213
f 7227 7312 7311
f 7210 7312 7227
f 7243 7306 7305
f 7242 7306 7243
f 7205 7296 7204
f 7297 7269 7271
f 7298 7272 7274
f 7299 7275 7277
f 7300 7278 7280
f 7301 7281 7283
f 7302 7284 7286
f 7303 7287 7289
f 7304 7293 7292
f 7341 7219 7321
f 7321 7219 7231
f 7321 7231 7322
f 7322 7231 7216
f 7291 7294 7268
f 7205 7290 7295
f 7205 7295 7296
f 7340 7216 7217
f 7322 7216 7340
f 7366 7300 7367
f 7373 7302 7286
f 7372 7302 7373
f 7372 7282 7302
f 7371 7282 7372
f 7371 7283 7282
f 7370 7283 7371
f 7370 7301 7283
f 7369 7301 7370
f 7369 7279 7301
f 7368 7279 7369
f 7368 7280 7279
f 7367 7280 7368
f 7367 7300 7280
f 7250 7353 7354
f 7376 7303 7289
f 7376 7289 7377
f 7377 7289 7288
f 7377 7288 7378
f 7378 7288 7304
f 7379 7292 7380
f 7241 7332 7331
f 7374 7285 7375
f 7375 7285 7303
f 7375 7303 7376
f 7325 7233 7326
f 7378 7304 7379
f 7373 7286 7374
f 7374 7286 7285
f 7340 7217 7319
f 7269 7270 7271
f 7272 7273 7274
f 7275 7276 7277
f 7278 7279 7280
f 7319 7217 7230
f 7319 7230 7320
f 7320 7230 7229
f 7320 7229 7339
f 7339 7229 7249
f 7339 7249 7315
f 7315 7249 7248
f 7315 7248 7316
f 7316 7248 7247
f 7297 7271 7359
f 7359 7271 7270
f 7359 7270 7360
f 7360 7270 7298
f 7360 7298 7361
f 7361 7298 7274
f 7361 7274 7362
f 7362 7274 7273
f 7362 7273 7363
f 7363 7273 7299
f 7363 7299 7364
f 7364 7299 7277
f 7364 7277 7365
f 7365 7277 7276
f 7365 7276 7366
f 7366 7276 7300
f 7349 7255 7358
f 7255 7264 7358
f 7358 7264 7346
f 7334 7310 7226
f 7344 7235 7327
f 7327 7235 7234
f 7327 7234 7328
f 7328 7234 7222
f 7328 7222 7343
f 7380 7291 7240
f 7380 7292 7291
f 7325 7223 7233
f 7263 7350 7253
f 7253 7350 7351
f 7253 7351 7254
f 7254 7351 7352
f 7254 7352 7262
f 7262 7352 7353
f 7262 7353 7250
f 7343 7222 7223
f 7343 7223 7325
f 7252 7356 7357
f 7388 7386 7390
f 7388 7389 7386
f 7386 7389 7387
f 7394 7392 7391
f 7393 7391 7395
f 7393 7394 7391
f 7398 7396 7400
f 7398 7399 7396
f 7399 7397 7396
f 7405 7402 7401
f 7405 7403 7402
f 7404 7401 7406
f 7404 7405 7401
f 7410 7411 7407
f 7411 7408 7407
f 7410 7407 7412
f 7411 7409 7408
f 7421 7413 7418
f 7419 7420 7414
f 7413 7417 7418
f 7421 7414 7413
f 7420 7416 7415
f 7420 7415 7414
f 7419 7414 7421
f 7422 7423 7425
f 7424 7426 7427
f 7425 7423 7428
f 7428 7423 7424
f 7428 7424 7427
f 7432 7430 7435
f 7429 7430 7432
f 7435 7430 7431
f 7435 7431 7434
f 7431 7433 7434
f 7442 7437 7438
f 7438 7440 7441
f 7442 7438 7441
f 7439 7437 7442
f 7436 7437 7439
f 7445 7447 7448
f 7443 7444 7446
f 7446 7444 7449
f 7449 7445 7448
f 7449 7444 7445
f 7452 7454 7455
f 7453 7451 7456
f 7456 7452 7455
f 7456 7451 7452
f 7450 7451 7453
f 7458 7461 7459
f 7457 7464 7461
f 7457 7461 7458
f 7462 7463 7457
f 7463 7464 7457
f 7458 7459 7460
f 7468 7467 7465
f 7465 7467 7466
f 7468 7470 7467
f 7467 7470 7469
f 7472 7474 7473
f 7471 7472 7473
f 7478 7477 7476
f 7475 7478 7476
f 7482 7481 7480
f 7479 7482 7480
f 7483 7486 7485
f 7484 7486 7483
f 7490 7488 7487
f 7490 7489 7488
f 7492 7493 7491
f 7494 7493 7492
f 7496 7495 7497
f 7496 7497 7498
f 7500 7501 7502
f 7500 7502 7499
f 7506 7504 7505
f 7506 7505 7503
f 7507 7508 7509
f 7508 7510 7509
f 7511 7512 7513
f 7511 7513 7514
f 7517 7516 7518
f 7517 7515 7516
f 7519 7520 7521
f 7520 7522 7521
f 7523 7525 7526
f 7523 7524 7525
f 7529 7528 7530
f 7529 7527 7528
f 7531 7532 7533
f 7532 7534 7533
f 7535 7536 7537
f 7535 7537 7538
f 7541 7539 7540
f 7541 7540 7542
f 7543 7544 7545
f 7544 7546 7545
f 7547 7549 7550
f 7547 7548 7549
f 7553 7552 7554
f 7553 7551 7552
f 7555 7556 7557
f 7556 7558 7557
f 7559 7560 7561
f 7559 7561 7562
f 7565 7564 7566
f 7565 7563 7564
f 7567 7568 7569
f 7568 7570 7569
f 7571 7573 7574
f 7571 7572 7573
f 7578 7576 7577
f 7578 7575 7576
f 7580 7579 7581
f 7579 7582 7581
f 7583 7584 7585
f 7583 7585 7586
f 7587 7589 7590
f 7587 7588 7589
f 7596 7593 7594
f 7596 7594 7595
f 7596 7591 7592
f 7596 7597 7591
f 7596 7592 7593
f 7603 7604 7598
f 7603 7598 7599
f 7603 7599 7600
f 7603 7600 7601
f 7603 7601 7602
f 7662 7650 7651
f 7662 7651 7652
f 7649 7650 7661
f 7662 7661 7650
f 7657 7641 7642
f 7657 7642 7643
f 7634 7614 7635
f 7635 7614 7613
f 7662 7629 7658
f 7662 7652 7629
f 7634 7615 7614
f 7633 7615 7634
f 7633 7616 7615
f 7632 7616 7633
f 7630 7605 7631
f 7631 7605 7617
f 7631 7617 7632
f 7632 7617 7616
f 7630 7628 7605
f 7629 7628 7630
f 7642 7608 7643
f 7642 7606 7608
f 7641 7606 7642
f 7641 7607 7606
f 7640 7607 7641
f 7640 7618 7607
f 7639 7618 7640
f 7639 7619 7618
f 7638 7619 7639
f 7638 7620 7619
f 7637 7620 7638
f 7637 7621 7620
f 7636 7621 7637
f 7636 7613 7621
f 7635 7613 7636
f 7650 7624 7651
f 7650 7625 7624
f 7649 7625 7650
f 7649 7626 7625
f 7648 7626 7649
f 7648 7627 7626
f 7647 7627 7648
f 7647 7609 7627
f 7646 7609 7647
f 7646 7610 7609
f 7645 7610 7646
f 7645 7611 7610
f 7644 7611 7645
f 7644 7612 7611
f 7643 7612 7644
f 7643 7608 7612
f 7654 7636 7655
f 7636 7637 7655
f 7653 7633 7654
f 7633 7634 7654
f 7631 7632 7653
f 7629 7622 7628
f 7652 7622 7629
f 7652 7623 7622
f 7651 7623 7652
f 7651 7624 7623
f 7637 7638 7655
f 7635 7636 7654
f 7654 7634 7635
f 7632 7633 7653
f 7643 7644 7659
f 7658 7630 7631
f 7658 7629 7630
f 7656 7641 7657
f 7656 7640 7641
f 7656 7639 7640
f 7656 7638 7639
f 7656 7655 7638
f 7647 7648 7660
f 7660 7646 7647
f 7644 7645 7659
f 7660 7648 7661
f 7648 7649 7661
f 7659 7645 7660
f 7645 7646 7660
f 7740 7739 7817
f 7684 7698 7697
f 7686 7698 7684
f 7715 7720 7712
f 7720 7713 7712
f 7714 7719 7710
f 7719 7711 7710
f 7694 7717 7695
f 7717 7694 7718
f 7715 7712 7716
f 7714 7710 7713
f 7710 7712 7713
f 7721 7716 7712
f 7721 7723 7716
f 7721 7722 7723
f 7721 7708 7722
f 7721 7697 7708
f 7721 7706 7697
f 7695 7733 7734
f 7695 7732 7733
f 7695 7731 7732
f 7695 7730 7731
f 7695 7729 7730
f 7695 7728 7729
f 7695 7727 7728
f 7705 7726 7691
f 7691 7726 7690
f 7689 7725 7700
f 7725 7686 7700
f 7724 7720 7715
f 7715 7716 7724
f 7709 7694 7703
f 7709 7718 7694
f 7711 7718 7709
f 7727 7750 7751
f 7727 7749 7750
f 7727 7748 7749
f 7727 7747 7748
f 7727 7746 7747
f 7727 7745 7746
f 7727 7744 7745
f 7727 7743 7744
f 7727 7742 7743
f 7695 7740 7741
f 7695 7739 7740
f 7695 7738 7739
f 7695 7737 7738
f 7695 7736 7737
f 7695 7735 7736
f 7695 7734 7735
f 7699 7765 7766
f 7699 7764 7765
f 7699 7763 7764
f 7699 7762 7763
f 7699 7761 7762
f 7699 7760 7761
f 7699 7759 7760
f 7699 7758 7759
f 7699 7757 7758
f 7699 7756 7757
f 7699 7755 7756
f 7848 7747 7746
f 7699 7754 7755
f 7699 7696 7754
f 7727 7753 7728
f 7727 7752 7753
f 7727 7751 7752
f 7727 7718 7711
f 7727 7717 7718
f 7727 7695 7717
f 7773 7707 7699
f 7773 7708 7707
f 7857 7851 7850
f 7857 7683 7851
f 7773 7722 7708
f 7773 7723 7722
f 7773 7716 7723
f 7773 7724 7716
f 7699 7772 7773
f 7699 7771 7772
f 7699 7770 7771
f 7699 7769 7770
f 7699 7768 7769
f 7699 7767 7768
f 7699 7766 7767
f 7779 7780 7781
f 7779 7778 7780
f 7777 7778 7779
f 7889 7668 7665
f 7848 7746 7849
f 7776 7692 7695
f 7776 7693 7692
f 7776 7704 7693
f 7776 7705 7704
f 7776 7726 7705
f 7775 7690 7726
f 7775 7701 7690
f 7775 7688 7701
f 7775 7689 7688
f 7775 7725 7689
f 7727 7714 7774
f 7857 7746 7745
f 7857 7849 7746
f 7850 7849 7857
f 7885 7887 7888
f 7885 7886 7887
f 7682 7683 7857
f 7889 7670 7668
f 7889 7669 7670
f 7889 7672 7669
f 7889 7671 7672
f 7889 7674 7671
f 7889 7863 7674
f 7889 7860 7863
f 7889 7779 7860
f 7889 7777 7779
f 7889 7783 7777
f 7889 7785 7783
f 7889 7859 7785
f 7889 7665 7859
f 7761 7760 7873
f 7873 7762 7761
f 7814 7740 7817
f 7848 7748 7747
f 7885 7800 7886
f 7885 7801 7800
f 7885 7856 7801
f 7885 7854 7856
f 7885 7853 7854
f 7885 7757 7853
f 7885 7758 7757
f 7885 7759 7758
f 7885 7760 7759
f 7885 7873 7760
f 7885 7877 7873
f 7885 7888 7877
f 7773 7772 7861
f 7861 7724 7773
f 7884 7664 7676
f 7884 7663 7664
f 7884 7667 7663
f 7884 7666 7667
f 7884 7859 7666
f 7884 7786 7859
f 7884 7784 7786
f 7884 7782 7784
f 7884 7778 7782
f 7884 7858 7778
f 7884 7678 7858
f 7884 7679 7678
f 7884 7680 7679
f 7884 7676 7680
f 7822 7817 7821
f 7817 7820 7821
f 7728 7753 7829
f 7832 7829 7833
f 7823 7731 7826
f 7731 7730 7826
f 7831 7826 7830
f 7826 7829 7830
f 7820 7734 7823
f 7734 7733 7823
f 7828 7823 7827
f 7823 7826 7827
f 7817 7737 7820
f 7737 7736 7820
f 7825 7820 7824
f 7820 7823 7824
f 7857 7745 7744
f 7870 7763 7873
f 7876 7883 7873
f 7883 7874 7873
f 7764 7763 7870
f 7870 7765 7764
f 7875 7882 7870
f 7882 7871 7870
f 7767 7766 7867
f 7867 7768 7767
f 7872 7881 7867
f 7881 7868 7867
f 7770 7769 7864
f 7864 7771 7770
f 7869 7880 7864
f 7880 7865 7864
f 7837 7812 7811
f 7794 7792 7808
f 7808 7795 7794
f 7813 7836 7808
f 7836 7809 7808
f 7791 7793 7804
f 7804 7789 7791
f 7810 7835 7804
f 7835 7805 7804
f 7776 7797 7803
f 7803 7726 7776
f 7806 7834 7803
f 7725 7775 7807
f 7811 7798 7814
f 7798 7799 7814
f 7819 7814 7818
f 7826 7728 7829
f 7828 7841 7823
f 7841 7824 7823
f 7735 7734 7820
f 7820 7736 7735
f 7825 7840 7820
f 7840 7821 7820
f 7738 7737 7817
f 7817 7739 7738
f 7822 7839 7817
f 7839 7818 7817
f 7741 7740 7814
f 7814 7799 7741
f 7819 7838 7814
f 7838 7815 7814
f 7816 7837 7811
f 7860 7774 7861
f 7774 7724 7861
f 7866 7879 7861
f 7831 7842 7826
f 7842 7827 7826
f 7814 7817 7818
f 7808 7792 7811
f 7792 7790 7811
f 7816 7811 7815
f 7811 7814 7815
f 7804 7793 7808
f 7793 7795 7808
f 7813 7808 7812
f 7808 7811 7812
f 7803 7797 7804
f 7797 7789 7804
f 7810 7804 7809
f 7804 7808 7809
f 7807 7754 7725
f 7879 7862 7861
f 7727 7774 7860
f 7860 7781 7727
f 7878 7673 7863
f 7787 7785 7859
f 7859 7788 7787
f 7666 7859 7665
f 7780 7778 7858
f 7858 7742 7780
f 7677 7681 7858
f 7681 7682 7858
f 7744 7743 7857
f 7807 7854 7755
f 7856 7854 7807
f 7763 7762 7873
f 7876 7873 7877
f 7867 7766 7870
f 7766 7765 7870
f 7775 7726 7803
f 7806 7803 7805
f 7796 7798 7811
f 7811 7790 7796
f 7844 7751 7750
f 7844 7829 7751
f 7844 7833 7829
f 7844 7847 7833
f 7844 7846 7847
f 7844 7845 7846
f 7752 7751 7829
f 7829 7753 7752
f 7832 7843 7829
f 7843 7830 7829
f 7729 7728 7826
f 7826 7730 7729
f 7875 7870 7874
f 7870 7873 7874
f 7864 7769 7867
f 7769 7768 7867
f 7872 7867 7871
f 7867 7870 7871
f 7861 7772 7864
f 7772 7771 7864
f 7869 7864 7868
f 7864 7867 7868
f 7844 7749 7748
f 7844 7750 7749
f 7866 7861 7865
f 7861 7864 7865
f 7779 7781 7860
f 7863 7673 7674
f 7863 7860 7862
f 7860 7861 7862
f 7786 7788 7859
f 7857 7743 7858
f 7743 7742 7858
f 7677 7858 7678
f 7852 7851 7683
f 7857 7858 7682
f 7675 7676 7664
f 7807 7755 7754
f 7823 7733 7732
f 7807 7801 7856
f 7807 7802 7801
f 7803 7802 7807
f 7803 7855 7802
f 7834 7855 7803
f 7853 7755 7854
f 7853 7756 7755
f 7853 7757 7756
f 7844 7852 7845
f 7844 7851 7852
f 7844 7850 7851
f 7844 7849 7850
f 7844 7848 7849
f 7844 7748 7848
f 7807 7775 7803
f 7692 7694 7695
f 7692 7693 7694
f 7690 7687 7691
f 7689 7685 7688
f 7685 7687 7688
f 7781 7742 7727
f 7781 7780 7742
f 7803 7804 7805
f 7800 7801 7802
f 7698 7754 7696
f 7698 7725 7754
f 7686 7725 7698
f 7774 7720 7724
f 7774 7713 7720
f 7714 7713 7774
f 7799 7695 7741
f 7799 7776 7695
f 7798 7776 7799
f 7798 7797 7776
f 7796 7797 7798
f 7732 7731 7823
f 7684 7685 7686
f 7702 7691 7687
f 7702 7705 7691
f 7702 7704 7705
f 7702 7693 7704
f 7702 7694 7693
f 7702 7703 7694
f 7690 7701 7687
f 7701 7688 7687
f 7689 7700 7685
f 7700 7686 7685
f 7697 7696 7699
f 7696 7697 7698
f 7709 7710 7711
f 7727 7719 7714
f 7727 7711 7719
f 7796 7789 7797
f 7790 7789 7796
f 7793 7794 7795
f 7793 7792 7794
f 7791 7792 7793
f 7791 7790 7792
f 7789 7790 7791
f 7786 7787 7788
f 7786 7785 7787
f 7784 7785 7786
f 7784 7783 7785
f 7782 7783 7784
f 7782 7777 7783
f 7778 7777 7782
f 7707 7708 7697
f 7699 7707 7697
f 7684 7697 7706
f 7892 7891 7893
f 7892 7890 7891
f 7895 7897 7896
f 7895 7894 7897
f 7900 7901 7899
f 7900 7902 7901
f 7900 7903 7902
f 7900 7904 7903
f 7898 7899 7901
f 7906 7907 7905
f 7906 7908 7907
f 7909 7911 7910
f 7909 7912 7911
f 7914 7916 7915
f 7914 7913 7916
f 7918 7923 7925
f 7918 7925 7924
f 7923 7921 7925
f 7923 7922 7921
f 7926 7920 7917
f 7926 7919 7920
f 7926 7921 7919
f 7926 7925 7921
f 7964 8022 7943
f 7964 8019 8022
f 7948 7991 7949
f 7948 8028 7991
f 7946 8028 7948
f 8016 7961 8017
f 8015 7940 8004
f 8008 7971 7936
f 7963 8019 7964
f 7967 8024 7987
f 8004 7940 8005
f 7970 7981 7937
f 7970 8003 7981
f 7934 8003 7970
f 7934 8002 8003
f 7935 8002 7934
f 7935 8001 8002
f 7955 8001 7935
f 7954 7979 7980
f 7979 7954 7953
f 7931 7994 7932
f 7931 7999 7994
f 7977 7999 7931
f 7996 7997 7998
f 7996 7972 7997
f 7996 7945 7972
f 7996 7993 7945
f 7933 7978 7953
f 7933 7995 7978
f 7933 7994 7995
f 7933 7932 7994
f 7945 7993 7944
f 7993 7992 7944
f 7944 7992 7973
f 7990 7989 7965
f 7965 7989 7966
f 7989 7988 7966
f 7968 7987 7986
f 7968 7986 7969
f 7986 7985 7969
f 7969 7985 7950
f 7985 7984 7950
f 7950 7984 7951
f 7951 7984 7983
f 7951 7983 7952
f 7937 7981 7982
f 7980 7955 7954
f 7953 7978 7979
f 7931 7930 7977
f 7977 7930 7976
f 7976 7930 7929
f 7929 7975 7976
f 7975 7929 7928
f 7928 7974 7975
f 7974 7928 7927
f 8012 7958 7957
f 8011 7958 8012
f 8011 7959 7958
f 8010 7959 8011
f 8009 7937 7982
f 8009 7936 7937
f 8008 7936 8009
f 7991 7990 7949
f 7949 7990 7965
f 8007 7971 8008
f 8007 7939 7971
f 8006 7939 8007
f 8006 7938 7939
f 8005 7938 8006
f 7942 7997 7972
f 7942 8023 7997
f 7947 8027 7946
f 7966 7988 7967
f 7947 8026 8027
f 7973 8026 7947
f 7943 8023 7942
f 7988 8024 7967
f 8021 7962 7961
f 8020 7962 8021
f 8020 7963 7962
f 8019 7963 8020
f 8018 7959 8010
f 8018 7960 7959
f 8017 7960 8018
f 8017 7961 7960
f 7955 8000 8001
f 7980 8000 7955
f 8015 7941 7940
f 8014 7941 8015
f 8014 7956 7941
f 8013 7956 8014
f 7973 8025 8026
f 7967 7987 7968
f 7992 8025 7973
f 8021 7961 8016
f 7943 8022 8023
f 8012 7957 8013
f 8013 7957 7956
f 7946 8027 8028
f 8005 7940 7938
f 8030 8032 8029
f 8030 8031 8032
f 8034 8036 8035
f 8034 8033 8036
f 8069 8042 8070
f 8049 8078 8050
f 8050 8078 8079
f 8069 8040 8042
f 8051 8079 8080
f 8051 8080 8043
f 8043 8080 8076
f 8043 8076 8044
f 8044 8076 8077
f 8044 8077 8045
f 8045 8077 8061
f 8050 8079 8051
f 8054 8060 8059
f 8054 8059 8055
f 8055 8059 8075
f 8055 8075 8056
f 8056 8075 8074
f 8056 8074 8057
f 8057 8074 8073
f 8057 8073 8052
f 8052 8073 8072
f 8052 8072 8053
f 8053 8072 8070
f 8060 8058 8071
f 8053 8070 8042
f 8066 8048 8067
f 8066 8049 8048
f 8058 8060 8054
f 8067 8041 8068
f 8068 8041 8040
f 8068 8040 8069
f 8067 8048 8041
f 8045 8061 8046
f 8046 8062 8047
f 8046 8061 8062
f 8078 8049 8066
f 8063 8047 8062
f 8063 8039 8047
f 8064 8039 8063
f 8064 8037 8039
f 8065 8037 8064
f 8065 8038 8037
f 8071 8038 8065
f 8071 8058 8038
f 8091 8105 8106
f 8091 8106 8092
f 8100 8119 8101
f 8101 8119 8118
f 8101 8118 8081
f 8081 8118 8117
f 8081 8117 8082
f 8082 8117 8116
f 8097 8123 8124
f 8097 8124 8088
f 8088 8124 8120
f 8113 8086 8087
f 8113 8087 8114
f 8095 8122 8096
f 8096 8122 8123
f 8096 8123 8097
f 8122 8095 8110
f 8098 8114 8087
f 8110 8094 8111
f 8102 8104 8099
f 8107 8093 8092
f 8112 8085 8086
f 8111 8094 8085
f 8098 8116 8114
f 8115 8102 8084
f 8109 8083 8108
f 8109 8084 8083
f 8104 8102 8115
f 8115 8084 8109
f 8100 8103 8119
f 8099 8104 8103
f 8099 8103 8100
f 8108 8093 8107
f 8107 8092 8106
f 8108 8083 8093
f 8112 8086 8113
f 8089 8120 8121
f 8089 8121 8090
f 8090 8121 8105
f 8090 8105 8091
f 8082 8116 8098
f 8110 8095 8094
f 8111 8085 8112
f 8088 8120 8089
f 8137 8159 8164
f 8125 8159 8137
f 8163 8134 8158
f 8137 8164 8136
f 8149 8127 8150
f 8149 8144 8127
f 8148 8144 8149
f 8148 8145 8144
f 8147 8145 8148
f 8133 8158 8134
f 8133 8157 8158
f 8163 8129 8134
f 8162 8129 8163
f 8162 8130 8129
f 8161 8130 8162
f 8161 8126 8130
f 8160 8126 8161
f 8160 8125 8126
f 8159 8125 8160
f 8132 8157 8133
f 8132 8156 8157
f 8131 8156 8132
f 8131 8155 8156
f 8143 8155 8131
f 8143 8154 8155
f 8142 8154 8143
f 8142 8153 8154
f 8146 8153 8142
f 8140 8166 8167
f 8136 8165 8135
f 8136 8164 8165
f 8151 8128 8141
f 8150 8128 8151
f 8135 8166 8140
f 8135 8165 8166
f 8150 8127 8128
f 8138 8152 8141
f 8139 8168 8138
f 8139 8167 8168
f 8138 8168 8152
f 8140 8167 8139
f 8151 8141 8152
f 8145 8147 8146
f 8146 8147 8153
f 8196 8170 8201
f 8201 8170 8183
f 8201 8183 8202
f 8185 8213 8206
f 8185 8206 8184
f 8194 8193 8216
f 8216 8193 8192
f 8216 8192 8217
f 8217 8192 8191
f 8217 8191 8218
f 8218 8191 8190
f 8218 8190 8206
f 8195 8194 8214
f 8214 8194 8216
f 8202 8183 8182
f 8202 8182 8203
f 8204 8181 8205
f 8197 8171 8196
f 8196 8171 8170
f 8187 8210 8211
f 8187 8211 8212
f 8187 8212 8213
f 8187 8213 8186
f 8172 8171 8197
f 8172 8197 8198
f 8172 8198 8199
f 8172 8199 8178
f 8172 8178 8169
f 8178 8199 8179
f 8179 8199 8200
f 8179 8200 8175
f 8195 8214 8200
f 8175 8215 8177
f 8175 8177 8176
f 8186 8213 8185
f 8188 8208 8187
f 8187 8208 8209
f 8200 8214 8215
f 8200 8215 8175
f 8206 8190 8184
f 8205 8181 8189
f 8188 8189 8181
f 8188 8181 8180
f 8188 8180 8174
f 8188 8174 8173
f 8188 8173 8207
f 8188 8207 8208
f 8203 8182 8204
f 8204 8182 8181
f 8187 8209 8210
f 8301 8300 8339
f 8301 8339 8338
f 8338 8302 8301
f 8323 8231 8322
f 8336 8305 8304
f 8304 8337 8336
f 8322 8230 8229
f 8231 8230 8322
f 8306 8305 8336
f 8336 8335 8306
f 8306 8335 8307
f 8307 8335 8334
f 8331 8330 8224
f 8315 8331 8224
f 8312 8332 8313
f 8334 8308 8307
f 8342 8315 8314
f 8342 8331 8315
f 8342 8313 8332
f 8342 8314 8313
f 8343 8291 8290
f 8343 8341 8291
f 8228 8227 8321
f 8229 8228 8321
f 8322 8229 8321
f 8323 8232 8231
f 8233 8232 8323
f 8324 8233 8323
f 8332 8312 8311
f 8311 8333 8332
f 8310 8333 8311
f 8276 8275 8369
f 8324 8234 8233
f 8294 8293 8371
f 8370 8294 8371
f 8370 8295 8294
f 8287 8344 8288
f 8371 8293 8292
f 8286 8372 8287
f 8371 8292 8341
f 8285 8372 8286
f 8272 8271 8367
f 8367 8271 8270
f 8367 8270 8366
f 8318 8219 8317
f 8284 8346 8285
f 8285 8346 8372
f 8287 8372 8344
f 8345 8283 8282
f 8345 8284 8283
f 8345 8346 8284
f 8333 8310 8309
f 8326 8234 8324
f 8309 8334 8333
f 8308 8334 8309
f 8326 8235 8234
f 8348 8237 8325
f 8348 8238 8237
f 8239 8238 8348
f 8242 8241 8349
f 8303 8302 8338
f 8338 8337 8303
f 8303 8337 8304
f 8350 8239 8348
f 8225 8330 8329
f 8225 8329 8226
f 8281 8280 8328
f 8280 8279 8328
f 8317 8219 8223
f 8316 8227 8222
f 8221 8316 8222
f 8224 8330 8225
f 8279 8327 8328
f 8327 8279 8278
f 8321 8227 8316
f 8221 8320 8316
f 8320 8221 8220
f 8220 8319 8320
f 8319 8220 8318
f 8318 8220 8219
f 8325 8237 8236
f 8325 8236 8326
f 8359 8258 8257
f 8359 8257 8358
f 8261 8260 8360
f 8360 8260 8259
f 8349 8241 8240
f 8349 8240 8350
f 8350 8240 8239
f 8361 8262 8362
f 8362 8262 8261
f 8362 8261 8360
f 8351 8242 8349
f 8246 8245 8352
f 8352 8245 8244
f 8352 8244 8351
f 8364 8265 8365
f 8365 8265 8264
f 8365 8264 8361
f 8270 8269 8366
f 8366 8269 8268
f 8366 8268 8363
f 8355 8249 8248
f 8355 8248 8353
f 8253 8252 8356
f 8274 8273 8368
f 8368 8273 8272
f 8368 8272 8367
f 8357 8254 8253
f 8357 8253 8356
f 8257 8256 8358
f 8358 8256 8255
f 8369 8275 8274
f 8369 8274 8368
f 8278 8277 8327
f 8327 8277 8276
f 8327 8276 8369
f 8298 8297 8340
f 8340 8297 8296
f 8340 8296 8370
f 8296 8295 8370
f 8360 8259 8359
f 8264 8263 8361
f 8361 8263 8262
f 8268 8267 8363
f 8363 8267 8266
f 8363 8266 8364
f 8364 8266 8265
f 8291 8341 8292
f 8340 8299 8298
f 8299 8340 8339
f 8339 8300 8299
f 8351 8243 8242
f 8244 8243 8351
f 8356 8252 8251
f 8343 8288 8344
f 8343 8289 8288
f 8343 8290 8289
f 8354 8249 8355
f 8354 8250 8249
f 8251 8250 8354
f 8353 8246 8352
f 8259 8258 8359
f 8358 8255 8357
f 8236 8235 8326
f 8345 8328 8347
f 8345 8281 8328
f 8345 8282 8281
f 8255 8254 8357
f 8356 8251 8354
f 8353 8247 8246
f 8248 8247 8353
f 8373 8374 8376
f 8373 8376 8375
f 8403 8382 8404
f 8403 8383 8382
f 8389 8406 8390
f 8387 8399 8388
f 8390 8407 8391
f 8392 8408 8409
f 8400 8387 8386
f 8399 8387 8400
f 8392 8409 8393
f 8412 8379 8413
f 8412 8378 8379
f 8411 8378 8412
f 8393 8410 8394
f 8398 8419 8397
f 8398 8418 8419
f 8381 8418 8398
f 8413 8379 8377
f 8396 8404 8382
f 8402 8383 8403
f 8402 8384 8383
f 8381 8417 8418
f 8390 8406 8407
f 8380 8417 8381
f 8380 8416 8417
f 8395 8411 8416
f 8395 8416 8380
f 8378 8411 8395
f 8415 8394 8410
f 8415 8385 8394
f 8388 8399 8405
f 8389 8405 8406
f 8388 8405 8389
f 8414 8377 8385
f 8413 8377 8414
f 8401 8384 8402
f 8401 8386 8384
f 8400 8386 8401
f 8414 8385 8415
f 8397 8420 8396
f 8396 8420 8404
f 8397 8419 8420
f 8393 8409 8410
f 8391 8408 8392
f 8391 8407 8408
f 8424 8445 8444
f 8452 8428 8466
f 8454 8468 8455
f 8452 8427 8428
f 8453 8470 8454
f 8453 8469 8470
f 8448 8469 8453
f 8454 8470 8468
f 8449 8462 8448
f 8446 8445 8424
f 8456 8458 8457
f 8456 8468 8458
f 8461 8462 8449
f 8461 8449 8450
f 8439 8435 8434
f 8440 8430 8433
f 8440 8431 8430
f 8440 8460 8431
f 8440 8459 8460
f 8437 8426 8436
f 8437 8425 8426
f 8438 8425 8437
f 8440 8458 8459
f 8440 8441 8458
f 8457 8458 8441
f 8426 8442 8436
f 8447 8427 8452
f 8465 8452 8466
f 8465 8451 8452
f 8463 8451 8465
f 8461 8463 8464
f 8461 8451 8463
f 8439 8421 8425
f 8439 8434 8421
f 8439 8425 8438
f 8424 8444 8423
f 8422 8443 8442
f 8423 8443 8422
f 8447 8446 8427
f 8422 8442 8426
f 8439 8433 8432
f 8439 8432 8435
f 8466 8428 8429
f 8466 8429 8467
f 8440 8433 8439
f 8427 8446 8424
f 8461 8450 8451
f 8448 8462 8469
f 8423 8444 8443
f 8455 8468 8456
f 8471 8472 8474
f 8473 8474 8475
f 8474 8472 8475
f 8478 8481 8477
f 8481 8480 8477
f 8478 8482 8481
f 8477 8480 8479
f 8477 8479 8476
f 8484 8485 8483
f 8484 8486 8485
f 8489 8493 8487
f 8489 8490 8493
f 8487 8492 8491
f 8487 8491 8488
f 8493 8492 8487
f 8495 8497 8496
f 8495 8498 8497
f 8499 8498 8495
f 8499 8494 8500
f 8495 8494 8499
f 8503 8501 8504
f 8502 8501 8503
f 8506 8510 8511
f 8506 8511 8507
f 8508 8510 8506
f 8505 8508 8506
f 8505 8509 8508
f 8512 8515 8513
f 8512 8514 8515
f 8516 8518 8517
f 8516 8519 8518
f 8523 8520 8524
f 8526 8529 8521
f 8523 8526 8521
f 8521 8529 8528
f 8524 8520 8525
f 8524 8527 8523
f 8521 8528 8522
f 8523 8527 8526
f 8532 8533 8540
f 8540 8533 8539
f 8531 8536 8534
f 8532 8531 8533
f 8531 8534 8535
f 8535 8537 8531
f 8533 8538 8539
f 8533 8537 8538
f 8531 8537 8533
f 8531 8530 8536
f 8530 8531 8532
f 8536 8530 8541
f 8546 8608 8609
f 8581 8583 8573
f 8575 8593 8594
f 8575 8592 8593
f 8575 8591 8592
f 8550 8586 8587
f 8550 8587 8588
f 8550 8588 8589
f 8569 8599 8600
f 8569 8600 8601
f 8569 8598 8599
f 8569 8601 8602
f 8575 8595 8596
f 8575 8596 8597
f 8575 8597 8598
f 8575 8598 8569
f 8546 8610 8611
f 8577 8565 8567
f 8579 8565 8577
f 8569 8603 8604
f 8575 8594 8595
f 8550 8590 8575
f 8550 8589 8590
f 8546 8611 8584
f 8556 8551 8550
f 8556 8552 8551
f 8553 8554 8555
f 8544 8560 8549
f 8544 8559 8560
f 8558 8554 8553
f 8546 8550 8547
f 8547 8550 8551
f 8557 8554 8558
f 8542 8548 8547
f 8555 8552 8556
f 8569 8546 8570
f 8570 8546 8548
f 8549 8560 8561
f 8542 8544 8545
f 8546 8547 8548
f 8571 8548 8545
f 8570 8548 8571
f 8571 8545 8568
f 8582 8583 8581
f 8572 8573 8583
f 8576 8579 8577
f 8578 8580 8569
f 8569 8580 8575
f 8568 8545 8549
f 8581 8574 8580
f 8573 8574 8581
f 8562 8558 8572
f 8574 8555 8556
f 8543 8559 8544
f 8575 8556 8550
f 8572 8558 8553
f 8574 8556 8575
f 8576 8578 8570
f 8568 8579 8571
f 8569 8570 8578
f 8570 8571 8576
f 8543 8544 8542
f 8549 8545 8544
f 8545 8548 8542
f 8546 8607 8608
f 8575 8590 8591
f 8546 8606 8607
f 8546 8569 8606
f 8546 8609 8610
f 8569 8604 8605
f 8569 8602 8603
f 8564 8583 8566
f 8564 8572 8583
f 8572 8553 8573
f 8562 8572 8564
f 8566 8583 8582
f 8569 8605 8606
f 8550 8584 8585
f 8550 8585 8586
f 8576 8571 8579
f 8579 8563 8565
f 8568 8563 8579
f 8573 8555 8574
f 8573 8553 8555
f 8550 8546 8584
f 8575 8580 8574
f 8563 8549 8561
f 8568 8549 8563
f 8612 8614 8613
f 8616 8615 8617
f 8613 8615 8616
f 8614 8615 8613
f 8620 8618 8621
f 8621 8618 8619
f 8630 8624 8631
f 8624 8633 8632
f 8625 8633 8624
f 8629 8627 8622
f 8626 8633 8625
f 8622 8628 8629
f 8624 8632 8631
f 8622 8627 8623
f 8622 8630 8628
f 8622 8624 8630
f 8622 8623 8624
f 8624 8623 8625
f 8636 8634 8635
f 8636 8639 8634
f 8637 8639 8636
f 8637 8640 8639
f 8638 8640 8637
f 8641 8644 8645
f 8647 8646 8648
f 8645 8646 8647
f 8641 8638 8644
f 8640 8638 8641
f 8649 8648 8643
f 8649 8643 8642
f 8647 8648 8649
f 8645 8644 8646
f 8652 8653 8654
f 8651 8653 8652
f 8651 8652 8650
f 8655 8654 8653
f 8669 8668 8670
f 8667 8668 8669
f 8667 8666 8668
f 8665 8666 8667
f 8661 8662 8663
f 8661 8660 8662
f 8659 8660 8661
f 8659 8656 8660
f 8657 8656 8659
f 8656 8657 8658
f 8679 8680 8681
f 8679 8678 8680
f 8663 8664 8665
f 8663 8662 8664
f 8681 8680 8682
f 8681 8682 8683
f 8677 8678 8679
f 8677 8676 8678
f 8675 8676 8677
f 8675 8674 8676
f 8673 8674 8675
f 8673 8672 8674
f 8671 8672 8673
f 8671 8670 8672
f 8669 8670 8671
f 8665 8664 8666
f 8899 8907 8921
f 8899 8921 8900
f 8900 8921 8923
f 8900 8923 8901
f 8901 8923 8919
f 8901 8919 8902
f 8902 8919 8918
f 8902 8918 8903
f 8911 8957 8956
f 8815 8846 8868
f 8815 8868 8816
f 8816 8868 8841
f 8816 8841 8817
f 8817 8841 8840
f 8817 8840 8818
f 8818 8840 8862
f 8905 8954 8806
f 8893 8911 8894
f 8894 8911 8942
f 8894 8942 8895
f 8895 8942 8925
f 8895 8925 8896
f 8896 8925 8924
f 8896 8924 8897
f 8897 8924 8908
f 8811 8822 8812
f 8812 8822 8821
f 8812 8821 8813
f 8911 8820 8957
f 8911 8893 8820
f 8903 8918 8915
f 8898 8907 8899
f 8748 8739 8738
f 8748 8738 8749
f 8749 8738 8736
f 8749 8736 8750
f 8740 8725 8741
f 8756 8724 8722
f 8756 8722 8757
f 8757 8722 8720
f 8757 8720 8758
f 8742 8727 8729
f 8742 8729 8743
f 8743 8729 8731
f 8743 8731 8744
f 8744 8731 8733
f 8744 8733 8745
f 8745 8733 8735
f 8745 8735 8746
f 8746 8735 8737
f 8747 8739 8748
f 8764 8715 8717
f 8764 8717 8765
f 8765 8717 8719
f 8765 8719 8766
f 8750 8736 8734
f 8750 8734 8751
f 8751 8734 8732
f 8751 8732 8752
f 8752 8732 8730
f 8752 8730 8753
f 8753 8730 8728
f 8753 8728 8754
f 8754 8728 8726
f 8755 8724 8756
f 8777 8750 8778
f 8778 8750 8751
f 8778 8751 8779
f 8779 8751 8752
f 8758 8720 8718
f 8758 8718 8759
f 8759 8718 8716
f 8759 8716 8760
f 8760 8716 8712
f 8760 8712 8761
f 8761 8712 8714
f 8761 8714 8762
f 8762 8714 8713
f 8746 8737 8747
f 8747 8737 8739
f 8763 8715 8764
f 8784 8745 8785
f 8785 8745 8746
f 8785 8746 8769
f 8786 8742 8787
f 8766 8719 8721
f 8766 8721 8767
f 8767 8721 8723
f 8767 8723 8740
f 8740 8723 8725
f 8768 8769 8748
f 8770 8768 8748
f 8741 8771 8740
f 8771 8772 8773
f 8754 8726 8755
f 8755 8726 8724
f 8747 8748 8769
f 8795 8796 8771
f 8795 8771 8773
f 8792 8760 8761
f 8761 8762 8792
f 8779 8752 8780
f 8780 8752 8753
f 8780 8753 8774
f 8774 8753 8754
f 8774 8754 8775
f 8770 8748 8781
f 8781 8748 8749
f 8781 8749 8782
f 8782 8749 8750
f 8762 8713 8763
f 8763 8713 8715
f 8784 8744 8745
f 8801 8763 8800
f 8802 8759 8803
f 8803 8759 8760
f 8803 8760 8792
f 8787 8742 8743
f 8787 8743 8788
f 8788 8743 8744
f 8788 8744 8783
f 8772 8771 8786
f 8786 8771 8741
f 8786 8741 8742
f 8789 8790 8766
f 8765 8766 8790
f 8774 8775 8776
f 8769 8746 8747
f 8775 8794 8776
f 8693 8807 8808
f 8693 8808 8694
f 8694 8808 8809
f 8694 8809 8695
f 8789 8766 8797
f 8797 8766 8767
f 8797 8767 8796
f 8796 8767 8740
f 8796 8740 8771
f 8790 8798 8765
f 8765 8798 8799
f 8765 8799 8764
f 8764 8799 8800
f 8782 8750 8777
f 8783 8744 8784
f 8801 8762 8763
f 8701 8815 8816
f 8701 8816 8702
f 8702 8816 8817
f 8702 8817 8703
f 8757 8758 8804
f 8804 8758 8759
f 8804 8759 8802
f 8755 8775 8754
f 8775 8755 8794
f 8794 8755 8756
f 8794 8756 8805
f 8805 8756 8757
f 8805 8757 8804
f 8791 8792 8762
f 8793 8791 8762
f 8692 8807 8693
f 8840 8841 8842
f 8782 8777 8843
f 8844 8821 8845
f 8846 8844 8845
f 8695 8809 8810
f 8695 8810 8696
f 8696 8810 8811
f 8696 8811 8697
f 8697 8811 8812
f 8697 8812 8698
f 8698 8812 8813
f 8698 8813 8699
f 8699 8813 8814
f 8764 8800 8763
f 8793 8762 8801
f 8700 8815 8701
f 8850 8853 8854
f 8850 8854 8855
f 8856 8847 8785
f 8856 8785 8769
f 8703 8817 8818
f 8703 8818 8704
f 8704 8818 8819
f 8704 8819 8705
f 8705 8819 8820
f 8821 8822 8823
f 8824 8825 8826
f 8787 8827 8786
f 8828 8829 8830
f 8691 8806 8692
f 8692 8806 8807
f 8837 8838 8839
f 8838 8837 8861
f 8861 8837 8862
f 8861 8862 8863
f 8863 8862 8840
f 8847 8784 8785
f 8822 8824 8823
f 8827 8787 8788
f 8788 8783 8827
f 8848 8773 8772
f 8848 8772 8786
f 8848 8786 8827
f 8848 8827 8849
f 8850 8830 8829
f 8699 8814 8700
f 8700 8814 8815
f 8850 8852 8853
f 8857 8777 8778
f 8865 8842 8867
f 8867 8842 8841
f 8867 8841 8868
f 8856 8769 8768
f 8856 8768 8770
f 8856 8770 8781
f 8856 8781 8782
f 8856 8782 8843
f 8778 8779 8857
f 8857 8779 8780
f 8857 8780 8858
f 8858 8780 8774
f 8831 8832 8833
f 8834 8835 8836
f 8859 8776 8860
f 8876 8877 8878
f 8878 8877 8827
f 8878 8827 8847
f 8847 8827 8783
f 8863 8840 8842
f 8864 8865 8866
f 8866 8865 8867
f 8866 8867 8845
f 8845 8867 8868
f 8845 8868 8846
f 8865 8864 8869
f 8869 8864 8870
f 8869 8870 8871
f 8850 8829 8851
f 8850 8851 8852
f 8857 8843 8777
f 8860 8883 8859
f 8859 8883 8836
f 8859 8836 8835
f 8884 8885 8886
f 8842 8865 8872
f 8872 8865 8869
f 8872 8869 8873
f 8873 8869 8871
f 8873 8871 8874
f 8874 8871 8857
f 8874 8857 8858
f 8855 8875 8850
f 8850 8875 8826
f 8858 8774 8859
f 8859 8774 8776
f 8876 8855 8877
f 8873 8885 8872
f 8872 8885 8863
f 8872 8863 8842
f 8821 8823 8845
f 8847 8783 8784
f 8825 8879 8826
f 8826 8879 8832
f 8826 8832 8830
f 8830 8832 8831
f 8830 8831 8828
f 8880 8881 8877
f 8877 8881 8849
f 8877 8849 8827
f 8871 8870 8843
f 8871 8843 8857
f 8855 8880 8877
f 8890 8876 8891
f 8891 8876 8878
f 8891 8878 8892
f 8892 8878 8847
f 8886 8885 8887
f 8886 8887 8888
f 8888 8887 8835
f 8888 8835 8834
f 8861 8863 8889
f 8889 8863 8885
f 8889 8885 8884
f 8887 8874 8835
f 8835 8874 8858
f 8850 8826 8830
f 8875 8855 8876
f 8873 8887 8885
f 8711 8897 8898
f 8711 8898 8684
f 8684 8898 8899
f 8684 8899 8685
f 8845 8823 8890
f 8845 8890 8866
f 8866 8890 8891
f 8866 8891 8864
f 8864 8891 8892
f 8864 8892 8870
f 8870 8892 8856
f 8870 8856 8843
f 8824 8826 8823
f 8854 8882 8855
f 8855 8882 8880
f 8890 8875 8876
f 8691 8905 8806
f 8831 8906 8828
f 8907 8908 8909
f 8794 8860 8776
f 8892 8847 8856
f 8705 8820 8706
f 8706 8820 8893
f 8706 8893 8707
f 8707 8893 8894
f 8707 8894 8708
f 8708 8894 8895
f 8708 8895 8709
f 8709 8895 8896
f 8835 8858 8859
f 8874 8887 8873
f 8710 8897 8711
f 8924 8925 8926
f 8927 8913 8797
f 8927 8797 8796
f 8927 8796 8795
f 8685 8899 8900
f 8685 8900 8686
f 8686 8900 8901
f 8686 8901 8687
f 8687 8901 8902
f 8687 8902 8688
f 8688 8902 8903
f 8688 8903 8689
f 8689 8903 8904
f 8823 8826 8875
f 8823 8875 8890
f 8690 8905 8691
f 8930 8803 8792
f 8930 8792 8791
f 8930 8791 8793
f 8930 8793 8801
f 8834 8836 8910
f 8838 8911 8839
f 8854 8912 8882
f 8906 8831 8833
f 8913 8790 8789
f 8789 8797 8913
f 8914 8915 8916
f 8917 8800 8799
f 8799 8798 8917
f 8709 8896 8710
f 8710 8896 8897
f 8923 8921 8922
f 8935 8936 8937
f 8937 8936 8917
f 8937 8917 8913
f 8913 8917 8798
f 8927 8795 8773
f 8927 8773 8848
f 8927 8848 8849
f 8927 8849 8881
f 8927 8881 8928
f 8929 8912 8854
f 8929 8854 8853
f 8929 8853 8852
f 8929 8852 8851
f 8689 8904 8690
f 8690 8904 8905
f 8930 8931 8803
f 8940 8939 8926
f 8940 8926 8941
f 8941 8926 8925
f 8941 8925 8942
f 8930 8801 8800
f 8930 8800 8917
f 8829 8828 8916
f 8916 8828 8906
f 8916 8906 8914
f 8932 8933 8934
f 8934 8933 8920
f 8934 8920 8922
f 8922 8920 8919
f 8918 8919 8920
f 8921 8907 8922
f 8935 8932 8936
f 8947 8943 8948
f 8948 8943 8945
f 8948 8945 8949
f 8949 8945 8931
f 8913 8798 8790
f 8933 8916 8920
f 8920 8916 8915
f 8920 8915 8918
f 8916 8933 8929
f 8929 8933 8935
f 8929 8935 8912
f 8912 8935 8937
f 8912 8937 8928
f 8929 8851 8829
f 8929 8829 8916
f 8938 8939 8940
f 8883 8910 8836
f 8884 8886 8952
f 8952 8886 8888
f 8952 8888 8953
f 8939 8938 8943
f 8943 8938 8944
f 8943 8944 8945
f 8945 8944 8946
f 8945 8946 8931
f 8931 8946 8802
f 8931 8802 8803
f 8939 8909 8926
f 8926 8909 8908
f 8922 8919 8923
f 8933 8932 8935
f 8947 8939 8943
f 8934 8948 8932
f 8932 8948 8949
f 8932 8949 8936
f 8936 8949 8930
f 8949 8931 8930
f 8802 8946 8804
f 8804 8946 8950
f 8804 8950 8805
f 8805 8950 8860
f 8805 8860 8794
f 8861 8951 8838
f 8838 8951 8911
f 8951 8941 8911
f 8928 8937 8913
f 8928 8913 8927
f 8883 8950 8910
f 8832 8955 8833
f 8819 8837 8839
f 8819 8839 8956
f 8819 8956 8957
f 8953 8888 8834
f 8953 8834 8910
f 8861 8889 8951
f 8951 8889 8884
f 8951 8884 8952
f 8881 8880 8928
f 8928 8880 8882
f 8928 8882 8912
f 8907 8909 8922
f 8926 8908 8924
f 8909 8939 8947
f 8934 8947 8948
f 8813 8821 8844
f 8813 8844 8814
f 8814 8844 8846
f 8814 8846 8815
f 8936 8930 8917
f 8938 8910 8944
f 8944 8910 8950
f 8944 8950 8946
f 8910 8938 8953
f 8953 8938 8940
f 8953 8940 8952
f 8952 8940 8941
f 8952 8941 8951
f 8911 8941 8942
f 8860 8950 8883
f 8818 8862 8819
f 8819 8862 8837
f 8832 8807 8806
f 8832 8806 8954
f 8832 8954 8955
f 8819 8957 8820
f 8807 8832 8808
f 8808 8832 8879
f 8808 8879 8809
f 8809 8879 8825
f 8809 8825 8810
f 8810 8825 8824
f 8810 8824 8811
f 8811 8824 8822
f 8922 8909 8947
f 8922 8947 8934
f 8741 8725 8727
f 8741 8727 8742
f 8904 8915 8914
f 8905 8906 8833
f 8905 8833 8955
f 8905 8955 8954
f 8898 8908 8907
f 8897 8908 8898
f 8904 8914 8905
f 8905 8914 8906
f 8911 8956 8839
f 8903 8915 8904
f 9028 8959 9029
f 9029 8959 8958
f 9027 8961 9028
f 9006 8964 9008
f 9008 8964 8963
f 8987 8985 8988
f 8988 8985 8983
f 9004 8965 9002
f 9002 8965 8968
f 9002 8968 9000
f 9000 8968 8972
f 9000 8972 9001
f 9020 8958 8960
f 9020 8960 9021
f 9021 8960 9011
f 9004 8963 8965
f 9008 8963 9004
f 9028 8961 8959
f 9029 8958 9020
f 8991 8980 8979
f 8992 8979 8978
f 8998 8973 8981
f 8997 8973 8998
f 8998 8981 8999
f 8999 8981 8980
f 9019 9013 9012
f 8999 8980 8991
f 9007 8967 9005
f 9005 8967 8966
f 9019 9012 9007
f 9007 9012 8967
f 9005 8966 9006
f 9006 8966 8964
f 8987 8976 8985
f 9027 8962 8961
f 9023 9009 9024
f 9018 9013 9019
f 9017 9014 9018
f 9018 9014 9013
f 9025 9015 9017
f 9024 9009 9016
f 8996 8974 8997
f 8997 8974 8973
f 9026 8962 9027
f 9017 9015 9014
f 9024 9016 9025
f 9025 9016 9015
f 9021 9011 9022
f 9022 9011 9010
f 9022 9010 9023
f 9023 9010 9009
f 8995 8975 8996
f 8996 8975 8974
f 8990 8983 8982
f 8988 8983 8990
f 8990 8982 8986
f 8986 8982 8984
f 9001 8970 9003
f 9001 8972 8970
f 8995 8971 8975
f 9003 8969 8994
f 9003 8970 8969
f 8991 8979 8992
f 8993 8977 8989
f 8993 8978 8977
f 8989 8977 8976
f 8989 8976 8987
f 8994 8971 8995
f 8994 8969 8971
f 8992 8978 8993
f 9032 9031 9030
f 9034 9033 9035
f 9037 9036 9038
f 9040 9039 9041
f 9042 9043 9044
f 9046 9045 9047
f 9049 9048 9050
f 9053 9051 9052
f 9054 9055 9056
f 9058 9057 9059
f 9062 9061 9060
f 9065 9064 9063
f 9067 9066 9068
f 9070 9069 9071
f 9072 9073 9074
f 9076 9075 9077
f 9080 9079 9078
f 9081 9083 9082
f 9084 9085 9086
f 9087 9088 9089
f 9090 9092 9091
f 9093 9094 9095
f 9097 9096 9098
f 9101 9099 9100
f 9104 9103 9102
f 9105 9106 9107
f 9108 9109 9110
f 9111 9112 9113
f 9115 9114 9116
f 9118 9117 9119
f 9121 9120 9122
f 9124 9123 9125
f 9128 9126 9127
f 9130 9131 9129
f 9133 9132 9134
f 9136 9135 9137
f 9139 9138 9140
f 9143 9141 9142
f 9145 9146 9144
f 9148 9147 9149
f 9151 9150 9152
f 9153 9154 9155
f 9157 9156 9158
f 9160 9161 9159
f 9164 9162 9163
f 9167 9165 9166
f 9170 9169 9168
f 9171 9172 9173
f 9176 9175 9174
f 9178 9177 9179
f 9180 9181 9182
f 9183 9184 9185
f 9188 9186 9187
f 9190 9189 9191
f 9192 9193 9194
f 9195 9196 9197
f 9200 9198 9199
f 9201 9202 9203
f 9205 9206 9204
f 9208 9207 9209
f 9211 9210 9212
f 9213 9214 9215
f 9217 9218 9216
f 9220 9219 9221
f 9224 9222 9223
f 9225 9226 9227
f 9228 9229 9230
f 9233 9231 9232
f 9235 9234 9236
f 9237 9238 9239
f 9241 9240 9242
f 9243 9245 9244
f 9247 9246 9248
f 9249 9251 9250
f 9252 9253 9254
f 9255 9256 9257
f 9260 9258 9259
f 9262 9261 9263
f 9264 9265 9266
f 9269 9267 9268
f 9271 9270 9272
f 9273 9274 9275
f 9277 9276 9278
f 9279 9281 9280
f 9283 9282 9284
f 9285 9286 9287
f 9289 9288 9290
f 9291 9292 9293
f 9295 9294 9296
f 9297 9298 9299
f 9302 9301 9300
f 9305 9304 9303
f 9308 9306 9307
f 9311 9309 9310
f 9313 9312 9314
f 9315 9316 9317
f 9319 9318 9320
f 9321 9322 9323
f 9326 9325 9324
f 9329 9328 9327
f 9330 9331 9332
f 9334 9333 9335
f 9336 9337 9338
f 9339 9340 9341
f 9344 9342 9343
f 9347 9345 9346
f 9348 9350 9349
f 9351 9353 9352
f 9355 9354 9356
f 9359 9358 9357
f 9362 9360 9361
f 9365 9363 9364
f 9368 9366 9367
f 9371 9369 9370
f 9374 9372 9373
f 9377 9375 9376
f 9380 9379 9378
f 9383 9382 9381
f 9386 9385 9384
f 9389 9388 9387
f 9392 9391 9390
f 9395 9394 9393
f 9398 9397 9396
f 9401 9399 9400
f 9404 9402 9403
f 9407 9405 9406
f 9410 9408 9409
f 9413 9411 9412
f 9416 9415 9414
f 9419 9418 9417
f 9422 9421 9420
f 9425 9424 9423
f 9428 9427 9426
f 9430 9429 9431
f 9433 9432 9434
f 9436 9435 9437
f 9439 9438 9440
f 9442 9441 9443
f 9445 9444 9446
f 9448 9447 9449
f 9450 9451 9452
f 9453 9455 9454
f 9456 9457 9458
f 9459 9460 9461
f 9462 9463 9464
f 9465 9466 9467
f 9468 9469 9470
f 9471 9472 9473
f 9474 9475 9476
f 9477 9478 9479
f 9482 9481 9480
f 9483 9484 9485
f 9487 9486 9488
f 9491 9489 9490
f 9494 9493 9492
f 9497 9496 9495
f 9500 9498 9499
f 9503 9502 9501
f 9506 9505 9504
f 9509 9507 9508
f 9512 9511 9510
f 9515 9513 9514
f 9518 9517 9516
f 9521 9519 9520
f 9524 9522 9523
f 9527 9526 9525
f 9528 9529 9530
f 9533 9532 9531
f 9536 9535 9534
f 9537 9539 9538
f 9542 9541 9540
f 9544 9543 9545
f 9546 9547 9548
f 9551 9549 9550
f 9554 9552 9553
f 9557 9556 9555
f 9560 9558 9559
f 9562 9561 9563
f 9566 9564 9565
f 9569 9567 9568
f 9572 9570 9571
f 9575 9573 9574
f 9576 9577 9578
f 9579 9580 9581
f 9583 9582 9584
f 9587 9585 9586
f 9590 9589 9588
f 9593 9591 9592
f 9596 9595 9594
f 9599 9597 9598
f 9602 9600 9601
f 9605 9603 9604
f 9608 9606 9607
f 9611 9609 9610
f 9614 9612 9613
f 9617 9615 9616
f 9620 9618 9619
f 9623 9621 9622
f 9624 9626 9625
f 9627 9629 9628
f 9631 9630 9632
f 9635 9633 9634
f 9636 9638 9637
f 9639 9641 9640
f 9643 9642 9644
f 9645 9646 9647
f 9650 9648 9649
f 9653 9651 9652
f 9655 9656 9654
f 9658 9659 9657
f 9660 9662 9661
f 9663 9664 9665
f 9666 9667 9668
f 9671 9670 9669
f 9672 9673 9674
f 9675 9676 9677
f 9680 9679 9678
f 9681 9683 9682
f 9684 9686 9685
f 9688 9687 9689
f 9690 9692 9691
f 9693 9694 9695
f 9697 9696 9698
f 9700 9701 9699
f 9703 9702 9704
f 9706 9707 9705
f 9710 9708 9709
f 9713 9712 9711
f 9715 9714 9716
f 9718 9717 9719
f 9722 9721 9720
f 9724 9723 9725
f 9728 9726 9727
f 9729 9731 9730
f 9734 9732 9733
f 9736 9737 9735
f 9739 9740 9738
f 9743 9742 9741
f 9745 9746 9744
f 9749 9747 9748
f 9751 9750 9752
f 9755 9754 9753

