# https://github.com/mikedh/trimesh
v 43.38038254 0.33654928 -57.71472931
v 43.16899109 4.64859438 -57.71472931
v 43.30743027 4.66242456 -55.50714874
v 43.51949310 0.33654881 -55.50714874
v 42.54289246 8.91961193 -57.71472931
v 42.67932129 8.94714355 -55.50714874
v 41.51010132 13.10857773 -57.71472931
v 41.64322281 13.14953709 -55.50714874
v 40.07867050 17.17444801 -57.71472931
v 40.20721054 17.22844696 -55.50714874
v 38.25667191 21.07619667 -57.71472931
v 38.37937164 21.14270782 -55.50714874
v 36.06699371 24.77903748 -57.71472931
v 36.18266296 24.85743713 -55.50714874
v 33.53254318 28.24821663 -57.71472931
v 33.64008331 28.33773804 -55.50714874
v 30.67624474 31.44891739 -57.71472931
v 30.77462387 31.54871750 -55.50714874
v 27.52099419 34.34637833 -57.71472931
v 27.60925484 34.45547104 -55.50714874
v 24.10110474 36.91735077 -57.71472931
v 24.17838478 37.03469086 -55.50714874
v 20.45084381 39.13858795 -57.71472931
v 20.51642418 39.26305771 -55.50714874
v 16.60449409 40.98685837 -57.71472931
v 16.65774345 41.11724854 -55.50714874
v 12.59637356 42.43889999 -57.71472931
v 12.63675404 42.57394028 -55.50714874
v 8.46690750 43.48654938 -57.71472931
v 8.49404812 43.62496948 -55.50714874
v 4.25654602 44.12167740 -57.71472931
v 4.27018118 44.26213074 -55.50714874
v 0.00573719 44.33610916 -57.71472931
v 0.00573751 44.47724915 -55.50720978
v -4.24507284 44.12167740 -57.71472931
v -4.25870705 44.26213074 -55.50714874
v -8.45543575 43.48656082 -57.71472931
v -8.48257542 43.62496948 -55.50714874
v -12.58490562 42.43889999 -57.71472931
v -12.62528610 42.57395935 -55.50714874
v -16.59302521 40.98686981 -57.71472931
v -16.64626694 41.11726761 -55.50714874
v -20.43936539 39.13861084 -57.71472931
v -20.50493622 39.26306915 -55.50714874
v -24.08962631 36.91736984 -57.71472931
v -24.16691589 37.03470993 -55.50714874
v -27.50952530 34.34639740 -57.71472931
v -27.59778595 34.45549774 -55.50714874
v -30.66477585 31.44894791 -57.71472931
v -30.76315689 31.54874802 -55.50714874
v -33.52107620 28.24823761 -57.71472931
v -33.62861633 28.33777809 -55.50714874
v -36.05551910 24.77908707 -57.71472931
v -36.17118835 24.85747719 -55.50714874
v -38.24520874 21.07623672 -57.71472931
v -38.36789703 21.14274788 -55.50714874
v -40.06721878 17.17447662 -57.71472931
v -40.19574738 17.22847748 -55.50714874
v -41.49863815 13.10860729 -57.71472931
v -41.63175964 13.14956760 -55.50714874
v -42.53141785 8.91965008 -57.71472931
v -42.66786957 8.94717979 -55.50714874
v -43.15753937 4.64863253 -57.71472931
v -43.29598618 4.66246223 -55.50714874
v -43.36892700 0.33658552 -57.71472931
v -43.50804901 0.33658457 -55.50714874
v -43.15753937 -3.97546554 -57.71472931
v -43.29598618 -3.98929620 -55.50714874
v -42.53142929 -8.24648762 -57.71472931
v -42.66787720 -8.27401543 -55.50720978
v -41.49864960 -12.43544292 -57.71472931
v -41.63177872 -12.47641277 -55.50720978
v -40.06722641 -16.50131226 -57.71472931
v -40.19576645 -16.55532265 -55.50720978
v -38.24522781 -20.40307236 -57.71472931
v -38.36791611 -20.46960258 -55.50720978
v -36.05554962 -24.10593224 -57.71472931
v -36.17121887 -24.18434334 -55.50720978
v -33.52110672 -27.57511330 -57.71472931
v -33.62863922 -27.66464233 -55.50720978
v -30.66480637 -30.77581215 -57.71472931
v -30.76317596 -30.87560272 -55.50720978
v -27.50956535 -33.67325211 -57.71472931
v -27.59781647 -33.78234100 -55.50720978
v -24.08966637 -36.24422073 -57.71472931
v -24.16694641 -36.36154175 -55.50720978
v -20.43940544 -38.46545029 -57.71472931
v -20.50497627 -38.58991241 -55.50720978
v -16.59306526 -40.31370926 -57.71472931
v -16.64630699 -40.44409180 -55.50720978
v -12.58493614 -41.76575089 -57.71472931
v -12.62532616 -41.90079117 -55.50720978
v -8.45546913 -42.81340027 -57.71472931
v -8.48260689 -42.95180130 -55.50720978
v -4.24510384 -43.44853973 -57.71472931
v -4.25873899 -43.58897018 -55.50714874
v 0.00570563 -43.66297150 -57.71472931
v 0.00570568 -43.80409241 -55.50714874
v 4.25651598 -43.44853210 -57.71472931
v 4.27014875 -43.58896255 -55.50714874
v 8.46687698 -42.81341171 -57.71472931
v 8.49401474 -42.95180130 -55.50720978
v 12.59634399 -41.76575089 -57.71472931
v 12.63672352 -41.90079117 -55.50720978
v 16.60447311 -40.31372070 -57.71472931
v 16.65771484 -40.44409943 -55.50720978
v 20.45080376 -38.46546173 -57.71472931
v 20.51638412 -38.58992004 -55.50720978
v 24.10108376 -36.24423218 -57.71472931
v 24.17836380 -36.36156082 -55.50720978
v 27.52098465 -33.67327118 -57.71472931
v 27.60923386 -33.78236008 -55.50720978
v 30.67623329 -30.77583313 -57.71472931
v 30.77460480 -30.87562180 -55.50720978
v 33.53253174 -27.57513237 -57.71472931
v 33.64007187 -27.66466331 -55.50720978
v 36.06698227 -24.10596275 -57.71472931
v 36.18265152 -24.18436241 -55.50720978
v 38.25666046 -20.40310287 -57.71472931
v 38.37935257 -20.46963310 -55.50720978
v 40.07867050 -16.50134277 -57.71472931
v 40.20720291 -16.55535316 -55.50720978
v 41.51009369 -12.43547249 -57.71472931
v 41.64322281 -12.47643280 -55.50720978
v 42.54288101 -8.24650955 -57.71472931
v 42.67931366 -8.27404022 -55.50720978
v 43.16899109 -3.97549415 -57.71472931
v 43.30743027 -3.98932624 -55.50720978
v 43.50849152 0.33654594 -49.35755157
v 43.29648209 4.66132736 -49.35755157
v 42.99255371 4.63096142 -9.41724014
v 43.20308304 0.33654022 -9.41724014
v 42.66853333 8.94496346 -49.35755157
v 42.36901093 8.88451767 -9.41724014
v 41.63269043 13.14628696 -49.35749054
v 41.34044266 13.05635738 -9.41724014
v 40.19704056 17.22416687 -49.35749054
v 39.91487122 17.10560799 -9.41724014
v 38.36966324 21.13744736 -49.35749054
v 38.10033035 20.99140739 -9.41724014
v 36.17351151 24.85123825 -49.35755157
v 35.91959381 24.67911720 -9.41724014
v 33.63158035 28.33065796 -49.35749054
v 33.39551163 28.13410759 -9.41724014
v 30.76683426 31.54081726 -49.35749054
v 30.55088425 31.32172775 -9.41724014
v 27.60226440 34.44683075 -49.35749054
v 27.40853310 34.20734787 -9.41724014
v 24.17227364 37.02539825 -49.35749054
v 24.00261307 36.76781082 -9.41724014
v 20.51123428 39.25320816 -49.35749054
v 20.36727333 38.97996902 -9.41724014
v 16.65352440 41.10692978 -49.35749054
v 16.53665352 40.82069016 -9.41724014
v 12.63356400 42.56324768 -49.35749054
v 12.54490376 42.26678848 -9.41724014
v 8.49190140 43.61400986 -49.35749054
v 8.43232441 43.31016922 -9.41724014
v 4.26910400 44.25101089 -49.35755157
v 4.23917389 43.94269943 -9.41724014
v 0.00573853 44.46607971 -49.35755157
v 0.00574084 44.15625000 -9.41724014
v -4.25762796 44.25101089 -49.35755157
v -4.22769499 43.94269943 -9.41724014
v -8.48042679 43.61401749 -49.35749054
v -8.42084694 43.31016922 -9.41724014
v -12.62209606 42.56327057 -49.35749054
v -12.53343582 42.26679993 -9.41724014
v -16.64205551 41.10693741 -49.35749054
v -16.52517509 40.82069016 -9.41724014
v -20.49975586 39.25321960 -49.35749054
v -20.35578537 38.97998047 -9.41724014
v -24.16079521 37.02542114 -49.35749054
v -23.99113655 36.76782990 -9.41724014
v -27.59080696 34.44685745 -49.35749054
v -27.39705658 34.20737839 -9.41724014
v -30.75537682 31.54084778 -49.35749054
v -30.53940582 31.32176781 -9.41724014
v -33.62010956 28.33069801 -49.35749054
v -33.38402939 28.13414764 -9.41724014
v -36.16204834 24.85127831 -49.35749054
v -35.90811920 24.67916679 -9.41724014
v -38.35818863 21.13748741 -49.35749054
v -38.08884811 20.99144745 -9.41724014
v -40.18557739 17.22420692 -49.35749054
v -39.90340805 17.10563660 -9.41724014
v -41.62123871 13.14632702 -49.35749054
v -41.32897949 13.05639744 -9.41724014
v -42.65708923 8.94499779 -49.35749054
v -42.35755920 8.88455296 -9.41724014
v -43.28504944 4.66136456 -49.35755157
v -42.98109818 4.63099718 -9.41724014
v -43.49705887 0.33658171 -49.35755157
v -43.19161606 0.33657646 -9.41724014
v -43.28504944 -3.98820615 -49.35755157
v -42.98109818 -3.95784831 -9.41724014
v -42.65708923 -8.27184200 -49.35755157
v -42.35755920 -8.21141243 -9.41724014
v -41.62124634 -12.47317219 -49.35755157
v -41.32899857 -12.38324261 -9.41724014
v -40.18559647 -16.55105209 -49.35755157
v -39.90341949 -16.43250275 -9.41724014
v -38.35821915 -20.46434212 -49.35755157
v -38.08885956 -20.31831169 -9.41724014
v -36.16206741 -24.17813301 -49.35755157
v -35.90813828 -24.00603294 -9.41724014
v -33.62013626 -27.65755272 -49.35755157
v -33.38405609 -27.46102333 -9.41724014
v -30.75539589 -30.86771202 -49.35755157
v -30.53942680 -30.64864349 -9.41724014
v -27.59083557 -33.77371216 -49.35755157
v -27.39709663 -33.53424072 -9.41724014
v -24.16083527 -36.35227203 -49.35755157
v -23.99117661 -36.09469986 -9.41724014
v -20.49978638 -38.58007050 -49.35755157
v -20.35583687 -38.30685043 -9.41724014
v -16.64209557 -40.43378067 -49.35755157
v -16.52521515 -40.14756012 -9.41724014
v -12.62212563 -41.89011002 -49.35755157
v -12.53346634 -41.59365082 -9.41724014
v -8.48046112 -42.94086075 -49.35755157
v -8.42087936 -42.63703156 -9.41724014
v -4.25765991 -43.57786942 -49.35755157
v -4.22772694 -43.26956177 -9.41724014
v 0.00570664 -43.79294205 -49.35755157
v 0.00570909 -43.48311996 -9.41724014
v 4.26907206 -43.57786942 -49.35755157
v 4.23914289 -43.26956177 -9.41724014
v 8.49187088 -42.94086075 -49.35755157
v 8.43229389 -42.63703156 -9.41724014
v 12.63353348 -41.89012146 -49.35755157
v 12.54488373 -41.59366226 -9.41724014
v 16.65350342 -40.43379211 -49.35755157
v 16.53662300 -40.14756012 -9.41724014
v 20.51120377 -38.58008194 -49.35755157
v 20.36724472 -38.30686951 -9.41724014
v 24.17225456 -36.35229111 -49.35755157
v 24.00258446 -36.09471893 -9.41724014
v 27.60225487 -33.77373886 -49.35755157
v 27.40851402 -33.53427124 -9.41724014
v 30.76682472 -30.86773300 -49.35755157
v 30.55087471 -30.64866257 -9.41724014
v 33.63155365 -27.65758324 -49.35755157
v 33.39549255 -27.46105194 -9.41724014
v 36.17350388 -24.17817307 -49.35755157
v 35.91958237 -24.00606346 -9.41724014
v 38.36964035 -20.46437263 -49.35755157
v 38.10032272 -20.31834221 -9.41724014
v 40.19704056 -16.55108261 -49.35755157
v 39.91487122 -16.43253326 -9.41724014
v 41.63268280 -12.47320271 -49.35755157
v 41.34044266 -12.38327217 -9.41724014
v 42.66852188 -8.27186584 -49.35755157
v 42.36900330 -8.21143341 -9.41724014
v 43.29648209 -3.98823524 -49.35755157
v 42.99255371 -3.95787740 -9.41724014
v 42.99255371 4.63096142 -9.41724014
v 43.20308304 0.33654022 -9.41724014
v 42.36901093 8.88451767 -9.41724014
v 41.34044266 13.05635738 -9.41724014
v 39.91487122 17.10560799 -9.41724014
v 38.10033035 20.99140739 -9.41724014
v 35.91959381 24.67911720 -9.41724014
v 33.39551163 28.13410759 -9.41724014
v 30.55088425 31.32172775 -9.41724014
v 27.40853310 34.20734787 -9.41724014
v 24.00261307 36.76781082 -9.41724014
v 20.36727333 38.97996902 -9.41724014
v 16.53665352 40.82069016 -9.41724014
v 12.54490376 42.26678848 -9.41724014
v 8.43232441 43.31016922 -9.41724014
v 4.23917389 43.94269943 -9.41724014
v 0.00574084 44.15625000 -9.41724014
v -4.22769499 43.94269943 -9.41724014
v -8.42084694 43.31016922 -9.41724014
v -12.53343582 42.26679993 -9.41724014
v -16.52517509 40.82069016 -9.41724014
v -20.35578537 38.97998047 -9.41724014
v -23.99113655 36.76782990 -9.41724014
v -27.39705658 34.20737839 -9.41724014
v -30.53940582 31.32176781 -9.41724014
v -33.38402939 28.13414764 -9.41724014
v -35.90811920 24.67916679 -9.41724014
v -38.08884811 20.99144745 -9.41724014
v -39.90340805 17.10563660 -9.41724014
v -41.32897949 13.05639744 -9.41724014
v -42.35755920 8.88455296 -9.41724014
v -42.98109818 4.63099718 -9.41724014
v -43.19161606 0.33657646 -9.41724014
v -42.98109818 -3.95784831 -9.41724014
v -42.35755920 -8.21141243 -9.41724014
v -41.32899857 -12.38324261 -9.41724014
v -39.90341949 -16.43250275 -9.41724014
v -38.08885956 -20.31831169 -9.41724014
v -35.90813828 -24.00603294 -9.41724014
v -33.38405609 -27.46102333 -9.41724014
v -30.53942680 -30.64864349 -9.41724014
v -27.39709663 -33.53424072 -9.41724014
v -23.99117661 -36.09469986 -9.41724014
v -20.35583687 -38.30685043 -9.41724014
v -16.52521515 -40.14756012 -9.41724014
v -12.53346634 -41.59365082 -9.41724014
v -8.42087936 -42.63703156 -9.41724014
v -4.22772694 -43.26956177 -9.41724014
v 0.00570909 -43.48311996 -9.41724014
v 4.23914289 -43.26956177 -9.41724014
v 8.43229389 -42.63703156 -9.41724014
v 12.54488373 -41.59366226 -9.41724014
v 16.53662300 -40.14756012 -9.41724014
v 20.36724472 -38.30686951 -9.41724014
v 24.00258446 -36.09471893 -9.41724014
v 27.40851402 -33.53427124 -9.41724014
v 30.55087471 -30.64866257 -9.41724014
v 33.39549255 -27.46105194 -9.41724014
v 35.91958237 -24.00606346 -9.41724014
v 38.10032272 -20.31834221 -9.41724014
v 39.91487122 -16.43253326 -9.41724014
v 41.34044266 -12.38327217 -9.41724014
v 42.36900330 -8.21143341 -9.41724014
v 42.99255371 -3.95787740 -9.41724014
v 41.98658371 4.53046227 -7.89233971
v 42.19218063 0.33654022 -7.89233971
v 41.37763214 8.68448067 -7.89233971
v 40.37314224 12.75868702 -7.89233971
v 38.98093033 16.71317673 -7.89233971
v 37.20884323 20.50803757 -7.89233971
v 35.07915115 24.10945702 -7.89233971
v 32.61412048 27.48359680 -7.89233971
v 29.83606339 30.59662819 -7.89233971
v 26.76726341 33.41471100 -7.89233971
v 23.44104385 35.91526031 -7.89233971
v 19.89077377 38.07564926 -7.89233971
v 16.14980316 39.87327957 -7.89233971
v 12.25147438 41.28554916 -7.89233971
v 8.23512650 42.30450821 -7.89233971
v 4.14010382 42.92223740 -7.89233971
v 0.00574093 43.13079071 -7.89233971
v -4.12862301 42.92223740 -7.89233971
v -8.22364998 42.30450821 -7.89233971
v -12.23999596 41.28556061 -7.89233971
v -16.13831520 39.87329865 -7.89233971
v -19.87928581 38.07566071 -7.89233971
v -23.42956543 35.91526794 -7.89233971
v -26.75577545 33.41473007 -7.89233971
v -29.82458687 30.59665680 -7.89233971
v -32.60264969 27.48362732 -7.89233971
v -35.06766891 24.10948753 -7.89233971
v -37.19736862 20.50807762 -7.89233971
v -38.96946716 16.71320724 -7.89233971
v -40.36166763 12.75871754 -7.89233971
v -41.36616898 8.68451786 -7.89233971
v -41.97513962 4.53049850 -7.89233971
v -42.18072891 0.33657360 -7.89233971
v -41.97513962 -3.85735440 -7.89233971
v -41.36617661 -8.01137543 -7.89233971
v -40.36168671 -12.08558273 -7.89233971
v -38.96947861 -16.04007339 -7.89233971
v -37.19738770 -19.83494186 -7.89233971
v -35.06768799 -23.43637276 -7.89233971
v -32.60266876 -26.81051254 -7.89233971
v -29.82461548 -29.92353249 -7.89233971
v -26.75580597 -32.74161148 -7.89233971
v -23.42959595 -35.24214172 -7.89233971
v -19.87932587 -37.40251923 -7.89233971
v -16.13835526 -39.20014954 -7.89233971
v -12.24002647 -40.61241150 -7.89233971
v -8.22368336 -41.63135910 -7.89233971
v -4.12865591 -42.24909210 -7.89233971
v 0.00570983 -42.45764923 -7.89233971
v 4.14007282 -42.24909210 -7.89233971
v 8.23509598 -41.63137054 -7.89233971
v 12.25144386 -40.61241913 -7.89233971
v 16.14977455 -39.20014954 -7.89233971
v 19.89075470 -37.40253067 -7.89233971
v 23.44102478 -35.24216080 -7.89233971
v 26.76723480 -32.74163055 -7.89233971
v 29.83604431 -29.92356300 -7.89233971
v 32.61411285 -26.81054306 -7.89233971
v 35.07913208 -23.43641281 -7.89233971
v 37.20883179 -19.83498192 -7.89233971
v 38.98093033 -16.04010201 -7.89233971
v 40.37313080 -12.08560276 -7.89233971
v 41.37763214 -8.01139736 -7.89233971
v 41.98658371 -3.85738015 -7.89233971
v 41.98658371 4.53046227 -7.89233971
v 42.19218063 0.33654022 -7.89233971
v 41.37763214 8.68448067 -7.89233971
v 40.37314224 12.75868702 -7.89233971
v 38.98093033 16.71317673 -7.89233971
v 37.20884323 20.50803757 -7.89233971
v 35.07915115 24.10945702 -7.89233971
v 32.61412048 27.48359680 -7.89233971
v 29.83606339 30.59662819 -7.89233971
v 26.76726341 33.41471100 -7.89233971
v 23.44104385 35.91526031 -7.89233971
v 19.89077377 38.07564926 -7.89233971
v 16.14980316 39.87327957 -7.89233971
v 12.25147438 41.28554916 -7.89233971
v 8.23512650 42.30450821 -7.89233971
v 4.14010382 42.92223740 -7.89233971
v 0.00574093 43.13079071 -7.89233971
v -4.12862301 42.92223740 -7.89233971
v -8.22364998 42.30450821 -7.89233971
v -12.23999596 41.28556061 -7.89233971
v -16.13831520 39.87329865 -7.89233971
v -19.87928581 38.07566071 -7.89233971
v -23.42956543 35.91526794 -7.89233971
v -26.75577545 33.41473007 -7.89233971
v -29.82458687 30.59665680 -7.89233971
v -32.60264969 27.48362732 -7.89233971
v -35.06766891 24.10948753 -7.89233971
v -37.19736862 20.50807762 -7.89233971
v -38.96946716 16.71320724 -7.89233971
v -40.36166763 12.75871754 -7.89233971
v -41.36616898 8.68451786 -7.89233971
v -41.97513962 4.53049850 -7.89233971
v -42.18072891 0.33657360 -7.89233971
v -41.97513962 -3.85735440 -7.89233971
v -41.36617661 -8.01137543 -7.89233971
v -40.36168671 -12.08558273 -7.89233971
v -38.96947861 -16.04007339 -7.89233971
v -37.19738770 -19.83494186 -7.89233971
v -35.06768799 -23.43637276 -7.89233971
v -32.60266876 -26.81051254 -7.89233971
v -29.82461548 -29.92353249 -7.89233971
v -26.75580597 -32.74161148 -7.89233971
v -23.42959595 -35.24214172 -7.89233971
v -19.87932587 -37.40251923 -7.89233971
v -16.13835526 -39.20014954 -7.89233971
v -12.24002647 -40.61241150 -7.89233971
v -8.22368336 -41.63135910 -7.89233971
v -4.12865591 -42.24909210 -7.89233971
v 0.00570983 -42.45764923 -7.89233971
v 4.14007282 -42.24909210 -7.89233971
v 8.23509598 -41.63137054 -7.89233971
v 12.25144386 -40.61241913 -7.89233971
v 16.14977455 -39.20014954 -7.89233971
v 19.89075470 -37.40253067 -7.89233971
v 23.44102478 -35.24216080 -7.89233971
v 26.76723480 -32.74163055 -7.89233971
v 29.83604431 -29.92356300 -7.89233971
v 32.61411285 -26.81054306 -7.89233971
v 35.07913208 -23.43641281 -7.89233971
v 37.20883179 -19.83498192 -7.89233971
v 38.98093033 -16.04010201 -7.89233971
v 40.37313080 -12.08560276 -7.89233971
v 41.37763214 -8.01139736 -7.89233971
v 41.98658371 -3.85738015 -7.89233971
v 40.35886383 4.36785316 -6.92798042
v 40.55649185 0.33654070 -6.92798042
v 39.77353287 8.36080933 -6.92798042
v 37.75110245 7.95272636 -6.40186024
v 38.30667114 4.16283751 -6.40186024
v 38.49424362 0.33654165 -6.40186024
v 38.80798340 12.27704716 -6.92798042
v 37.46975327 16.07820702 -6.92798042
v 35.56448364 15.27764702 -6.40186024
v 36.83466339 11.66979694 -6.40186024
v 35.76637268 19.72593689 -6.92798042
v 33.71925354 23.18771744 -6.92798042
v 32.00472260 22.02559662 -6.40186024
v 33.94773102 18.73987770 -6.40186024
v 31.34981346 26.43102646 -6.92798042
v 28.67946434 29.42335701 -6.92798042
v 27.22123337 27.94412804 -6.40186024
v 29.75577354 25.10397720 -6.40186024
v 25.72964478 32.13217926 -6.92798042
v 22.53239441 34.53577042 -6.92798042
v 21.38678360 32.79652786 -6.40186024
v 24.42143440 30.51518822 -6.40186024
v 19.11977386 36.61240005 -6.92798042
v 15.52385426 38.34032822 -6.92798042
v 14.73466396 36.40760803 -6.40186024
v 18.14771461 34.76755905 -6.40186024
v 11.77667427 39.69783783 -6.92798042
v 7.91604996 40.67728806 -6.92798042
v 7.51376200 38.62572098 -6.40186024
v 11.17804432 37.69607925 -6.40186024
v 3.97980285 41.27106857 -6.92798042
v 0.00574028 41.47154999 -6.92798042
v 0.00573945 39.37957764 -6.40186024
v 3.77769804 39.18930817 -6.40186024
v -3.96832395 41.27106857 -6.92798042
v -7.90457392 40.67729950 -6.92798042
v -7.50229025 38.62572861 -6.40186024
v -3.76622009 39.18930817 -6.40186024
v -11.76519585 39.69783783 -6.92798042
v -15.51236629 38.34033966 -6.92798042
v -14.72318649 36.40763092 -6.40186024
v -11.16657639 37.69609070 -6.40186024
v -19.10829544 36.61240768 -6.92798042
v -22.52091599 34.53578949 -6.92798042
v -21.37530518 32.79655075 -6.40186024
v -18.13623619 34.76757050 -6.40186024
v -25.71816635 32.13220978 -6.92798042
v -28.66798592 29.42338753 -6.92798042
v -27.20976639 27.94414711 -6.40186024
v -24.40995598 30.51520729 -6.40186024
v -31.33833694 26.43106651 -6.92798042
v -33.70777893 23.18775749 -6.92798042
v -31.99325562 22.02563667 -6.40186024
v -29.74430656 25.10400772 -6.40186024
v -35.75490952 19.72597694 -6.92798042
v -37.45828629 16.07823753 -6.92798042
v -35.55302811 15.27768707 -6.40186024
v -33.93626785 18.73990822 -6.40186024
v -38.79651642 12.27707767 -6.92798042
v -39.76206970 8.36084461 -6.92798042
v -37.73964691 7.95275927 -6.40186024
v -36.82319641 11.66983700 -6.40186024
v -40.34742737 4.36788845 -6.92798042
v -40.54504776 0.33657360 -6.92798042
v -38.48279953 0.33657265 -6.40186024
v -38.29522705 4.16286945 -6.40186024
v -40.34742737 -3.69474435 -6.92798042
v -39.76208878 -7.68770409 -6.92798042
v -37.73965836 -7.27962065 -6.40186024
v -38.29522705 -3.48972940 -6.40186024
v -38.79652786 -11.60394287 -6.92798042
v -37.45830917 -15.40510273 -6.92798042
v -35.55303955 -14.60454273 -6.40186024
v -36.82320786 -10.99669266 -6.40186024
v -35.75492859 -19.05284309 -6.92798042
v -33.70779800 -22.51463318 -6.92798042
v -31.99327660 -21.35251236 -6.40186024
v -33.93627930 -18.06678200 -6.40186024
v -31.33836555 -25.75794220 -6.92798042
v -28.66801643 -28.75027275 -6.92798042
v -27.20978546 -27.27103233 -6.40186024
v -29.74432564 -24.43088341 -6.40186024
v -25.71819687 -31.45908356 -6.92798042
v -22.52094650 -33.86265945 -6.92798042
v -21.37533569 -32.12342072 -6.40186024
v -24.40998650 -29.84208298 -6.40186024
v -19.10833549 -35.93928146 -6.92798042
v -15.51240635 -37.66720200 -6.92798042
v -14.72321606 -35.73448944 -6.40186024
v -18.13626671 -34.09444046 -6.40186024
v -11.76522636 -39.02471161 -6.92798042
v -7.90460587 -40.00416183 -6.92798042
v -7.50231791 -37.95259094 -6.40186024
v -11.16660595 -37.02294922 -6.40186024
v -3.96835494 -40.59794235 -6.92798042
v 0.00571037 -40.79841232 -6.92798042
v 0.00571105 -38.70645142 -6.40186024
v -3.76624894 -38.51618195 -6.40186024
v 3.97977304 -40.59794235 -6.92798042
v 7.91601992 -40.00416946 -6.92798042
v 7.51373577 -37.95260239 -6.40186024
v 3.77766895 -38.51618195 -6.40186024
v 11.77664375 -39.02471924 -6.92798042
v 15.52382374 -37.66722107 -6.92798042
v 14.73463440 -35.73450089 -6.40186024
v 11.17801380 -37.02297211 -6.40186024
v 19.11975479 -35.93928909 -6.92798042
v 22.53237343 -33.86268234 -6.92798042
v 21.38676453 -32.12345123 -6.40186024
v 18.14769363 -34.09445190 -6.40186024
v 25.72961426 -31.45911217 -6.92798042
v 28.67944336 -28.75029182 -6.92798042
v 27.22122383 -27.27106285 -6.40186024
v 24.42140388 -29.84211349 -6.40186024
v 31.34979439 -25.75797272 -6.92798042
v 33.71924210 -22.51466179 -6.92798042
v 32.00470352 -21.35254288 -6.40186024
v 29.75576401 -24.43091202 -6.40186024
v 35.76636124 -19.05287170 -6.92798042
v 37.46975327 -15.40513229 -6.92798042
v 35.56448364 -14.60458279 -6.40186024
v 33.94772339 -18.06681252 -6.40186024
v 38.80797195 -11.60396290 -6.92798042
v 39.77353287 -7.68772507 -6.92798042
v 37.75110245 -7.27964067 -6.40186024
v 36.83465195 -10.99672222 -6.40186024
v 40.35887146 -3.69476914 -6.92798042
v 38.30667114 -3.48975229 -6.40186024
v 34.94745255 3.82724953 -6.22644043
v 35.11857224 0.33654308 -6.22644043
v 34.44061279 7.28474426 -6.22644043
v 31.47470474 6.68629217 -5.54285049
v 31.93790436 3.52659464 -5.54285049
v 32.09427261 0.33654404 -5.54285049
v 33.60453033 10.67580700 -6.22644043
v 32.44577026 13.96722698 -6.22644043
v 29.65169334 12.79320717 -5.54285049
v 30.71065331 9.78528309 -5.54285049
v 30.97081375 17.12579727 -6.22644043
v 29.19822311 20.12334824 -6.22644043
v 26.68385315 18.41909790 -5.54285049
v 28.30377388 15.67972755 -5.54285049
v 27.14652443 22.93171692 -6.22644043
v 24.83427429 25.52276802 -6.22644043
v 22.69577408 23.35347748 -5.54285049
v 24.80887413 20.98558807 -5.54285049
v 22.28002357 27.86833763 -6.22644043
v 19.51153374 29.94959831 -6.22644043
v 17.83149338 27.39901733 -5.54285049
v 20.36153412 25.49700737 -5.54285049
v 16.55655479 31.74774742 -6.22644043
v 13.44284439 33.24396896 -6.22644043
v 12.28550434 30.40963745 -5.54285049
v 15.13102436 29.04228783 -5.54285049
v 10.19816399 34.41942978 -6.22644043
v 6.85526276 35.26753998 -6.22644043
v 6.26530886 32.25890732 -5.54285049
v 9.32028675 31.48385811 -5.54285049
v 3.44687295 35.78168869 -6.22644043
v 0.00573811 35.95528030 -6.22644043
v 0.00573699 32.88742065 -5.54285049
v 3.15048504 32.72877884 -5.54285049
v -3.43539810 35.78168869 -6.22644043
v -6.84379101 35.26753998 -6.22644043
v -6.25383806 32.25890732 -5.54285049
v -3.13901210 32.72877884 -5.54285049
v -10.18669605 34.41942978 -6.22644043
v -13.43136597 33.24398041 -6.22644043
v -12.27402592 30.40963745 -5.54285049
v -9.30881596 31.48385811 -5.54285049
v -16.54507637 31.74776649 -6.22644043
v -19.50005531 29.94961739 -6.22644043
v -17.82000542 27.39902687 -5.54285049
v -15.11954594 29.04229736 -5.54285049
v -22.26855659 27.86835670 -6.22644043
v -24.82280540 25.52279663 -6.22644043
v -22.68430519 23.35349655 -5.54285049
v -20.35005569 25.49702644 -5.54285049
v -27.13505554 22.93174744 -6.22644043
v -29.18675613 20.12337685 -6.22644043
v -26.67238617 18.41912651 -5.54285049
v -24.79740524 20.98561668 -5.54285049
v -30.95935631 17.12582779 -6.22644043
v -32.43430710 13.96725750 -6.22644043
v -29.64023590 12.79323769 -5.54285049
v -28.29231644 15.67975712 -5.54285049
v -33.59307861 10.67583752 -6.22644043
v -34.42914963 7.28477144 -6.22644043
v -31.46325684 6.68631840 -5.54285049
v -30.69919586 9.78531075 -5.54285049
v -34.93600845 3.82727957 -6.22644043
v -35.10712814 0.33657122 -6.22644043
v -32.08283615 0.33656931 -5.54285049
v -31.92645645 3.52662158 -5.54285049
v -34.93600845 -3.15414143 -6.22644043
v -34.42915726 -6.61163759 -6.22644043
v -31.46326637 -6.01318550 -5.54296970
v -31.92645645 -2.85348535 -5.54296970
v -33.59308624 -10.00270271 -6.22644043
v -32.43432617 -13.29412270 -6.22644043
v -29.64024544 -12.12010288 -5.54296970
v -30.69920540 -9.11217594 -5.54296970
v -30.95936584 -16.45269203 -6.22644043
v -29.18676567 -19.45025253 -6.22644043
v -26.67239571 -17.74600220 -5.54296970
v -28.29232597 -15.00662231 -5.54296970
v -27.13506699 -22.25863266 -6.22644043
v -24.82282639 -24.84967232 -6.22644043
v -22.68432617 -22.68037224 -5.54296970
v -24.79741669 -20.31249237 -5.54296970
v -22.26857567 -27.19523239 -6.22644043
v -19.50008583 -29.27650261 -6.22644043
v -17.82003593 -26.72590256 -5.54296970
v -20.35007668 -24.82390213 -5.54296970
v -16.54510689 -31.07464218 -6.22644043
v -13.43140602 -32.57085037 -6.22644043
v -12.27405643 -29.73651314 -5.54296970
v -15.11957645 -28.36917305 -5.54296970
v -10.18672562 -33.74629974 -6.22644043
v -6.84381819 -34.59440994 -6.22644043
v -6.25386286 -31.58579254 -5.54296970
v -9.30884361 -30.81073189 -5.54296970
v -3.43542409 -35.10856247 -6.22644043
v 0.00571221 -35.28213882 -6.22644043
v 0.00571326 -32.21429062 -5.54285049
v -3.13903594 -32.05564880 -5.54285049
v 3.44684696 -35.10856247 -6.22644043
v 6.85523796 -34.59440994 -6.22644043
v 6.26528597 -31.58579254 -5.54296970
v 3.15046096 -32.05564880 -5.54285049
v 10.19814396 -33.74631119 -6.22644043
v 13.44282436 -32.57086182 -6.22644043
v 12.28547382 -29.73652267 -5.54296970
v 9.32026482 -30.81074333 -5.54296970
v 16.55653381 -31.07465172 -6.22644043
v 19.51151466 -29.27651215 -6.22644043
v 17.83146477 -26.72592354 -5.54296970
v 15.13100433 -28.36918259 -5.54296970
v 22.28000450 -27.19526291 -6.22644043
v 24.83425331 -24.84970284 -6.22644043
v 22.69576454 -22.68040276 -5.54296970
v 20.36150360 -24.82393265 -5.54296970
v 27.14651489 -22.25866318 -6.22644043
v 29.19820404 -19.45028305 -6.22644043
v 26.68384361 -17.74602318 -5.54296970
v 24.80885315 -20.31252289 -5.54296970
v 30.97080421 -16.45272255 -6.22644043
v 32.44576263 -13.29415226 -6.22644043
v 29.65168381 -12.12013245 -5.54296970
v 28.30376434 -15.00665283 -5.54296970
v 33.60453033 -10.00272274 -6.22644043
v 34.44060135 -6.61165476 -6.22644043
v 31.47470474 -6.01320267 -5.54296970
v 30.71064377 -9.11219597 -5.54296970
v 34.94745255 -3.15416241 -6.22644043
v 31.93790436 -2.85350537 -5.54296970
v 31.47470474 6.68629217 -5.54285049
v 31.93790436 3.52659464 -5.54285049
v 32.09427261 0.33654404 -5.54285049
v 29.65169334 12.79320717 -5.54285049
v 30.71065331 9.78528309 -5.54285049
v 26.68385315 18.41909790 -5.54285049
v 28.30377388 15.67972755 -5.54285049
v 22.69577408 23.35347748 -5.54285049
v 24.80887413 20.98558807 -5.54285049
v 17.83149338 27.39901733 -5.54285049
v 20.36153412 25.49700737 -5.54285049
v 12.28550434 30.40963745 -5.54285049
v 15.13102436 29.04228783 -5.54285049
v 6.26530886 32.25890732 -5.54285049
v 9.32028675 31.48385811 -5.54285049
v 0.00573699 32.88742065 -5.54285049
v 3.15048504 32.72877884 -5.54285049
v -6.25383806 32.25890732 -5.54285049
v -3.13901210 32.72877884 -5.54285049
v -12.27402592 30.40963745 -5.54285049
v -9.30881596 31.48385811 -5.54285049
v -17.82000542 27.39902687 -5.54285049
v -15.11954594 29.04229736 -5.54285049
v -22.68430519 23.35349655 -5.54285049
v -20.35005569 25.49702644 -5.54285049
v -26.67238617 18.41912651 -5.54285049
v -24.79740524 20.98561668 -5.54285049
v -29.64023590 12.79323769 -5.54285049
v -28.29231644 15.67975712 -5.54285049
v -31.46325684 6.68631840 -5.54285049
v -30.69919586 9.78531075 -5.54285049
v -32.08283615 0.33656931 -5.54285049
v -31.92645645 3.52662158 -5.54285049
v -31.46326637 -6.01318550 -5.54296970
v -31.92645645 -2.85348535 -5.54296970
v -29.64024544 -12.12010288 -5.54296970
v -30.69920540 -9.11217594 -5.54296970
v -26.67239571 -17.74600220 -5.54296970
v -28.29232597 -15.00662231 -5.54296970
v -22.68432617 -22.68037224 -5.54296970
v -24.79741669 -20.31249237 -5.54296970
v -17.82003593 -26.72590256 -5.54296970
v -20.35007668 -24.82390213 -5.54296970
v -12.27405643 -29.73651314 -5.54296970
v -15.11957645 -28.36917305 -5.54296970
v -6.25386286 -31.58579254 -5.54296970
v -9.30884361 -30.81073189 -5.54296970
v 0.00571326 -32.21429062 -5.54285049
v -3.13903594 -32.05564880 -5.54285049
v 6.26528597 -31.58579254 -5.54296970
v 3.15046096 -32.05564880 -5.54285049
v 12.28547382 -29.73652267 -5.54296970
v 9.32026482 -30.81074333 -5.54296970
v 17.83146477 -26.72592354 -5.54296970
v 15.13100433 -28.36918259 -5.54296970
v 22.69576454 -22.68040276 -5.54296970
v 20.36150360 -24.82393265 -5.54296970
v 26.68384361 -17.74602318 -5.54296970
v 24.80885315 -20.31252289 -5.54296970
v 29.65168381 -12.12013245 -5.54296970
v 28.30376434 -15.00665283 -5.54296970
v 31.47470474 -6.01320267 -5.54296970
v 30.71064377 -9.11219597 -5.54296970
v 31.93790436 -2.85350537 -5.54296970
v 30.93471336 3.42637467 -3.49219036
v 31.08618355 0.33654404 -3.49219036
v 30.48607445 6.48680735 -3.49219036
v 29.74602318 9.48844051 -3.49219036
v 28.72032356 12.40186691 -3.49219036
v 27.41476440 15.19770718 -3.49219036
v 25.84573364 17.85101700 -3.49219036
v 24.02965355 20.33687782 -3.49219036
v 21.98294449 22.63036728 -3.49219036
v 19.72203445 24.70656776 -3.49219036
v 17.27147484 26.54881668 -3.49219036
v 14.65584373 28.14046669 -3.49219036
v 11.89971352 29.46485710 -3.49219036
v 9.02766228 30.50532722 -3.49219036
v 6.06865692 31.25603676 -3.49219036
v 3.05168796 31.71114731 -3.49219036
v 0.00573683 31.86479759 -3.49219036
v -3.04021716 31.71114731 -3.49219036
v -6.05718708 31.25603676 -3.49219036
v -9.01618958 30.50532722 -3.49219036
v -11.88824558 29.46485710 -3.49219036
v -14.64436626 28.14047813 -3.49219036
v -17.25999641 26.54883766 -3.49219036
v -19.71055603 24.70658684 -3.49219036
v -21.97147560 22.63039780 -3.49219036
v -24.01818657 20.33690834 -3.49219036
v -25.83426666 17.85103798 -3.49219036
v -27.40329552 15.19772720 -3.49219036
v -28.70887566 12.40189743 -3.49219036
v -29.73457527 9.48846722 -3.49219036
v -30.47462654 6.48683357 -3.49219036
v -30.92327690 3.42640162 -3.49219036
v -31.07473564 0.33656883 -3.49219036
v -30.92327690 -2.75326633 -3.49219036
v -30.47462654 -5.81370258 -3.49219036
v -29.73457527 -8.81533337 -3.49219036
v -28.70888519 -11.72876263 -3.49219036
v -27.40331650 -14.52460289 -3.49219036
v -25.83427620 -17.17792320 -3.49219036
v -24.01820564 -19.66378212 -3.49219036
v -21.97149658 -21.95727348 -3.49219036
v -19.71058655 -24.03346252 -3.49219036
v -17.26002693 -25.87571335 -3.49219036
v -14.64439583 -27.46735191 -3.49219036
v -11.88827610 -28.79174232 -3.49219036
v -9.01621723 -29.83220291 -3.49219036
v -6.05721092 -30.58291245 -3.49219036
v -3.04024005 -31.03802299 -3.49219036
v 0.00571380 -31.19167328 -3.49219036
v 3.05166602 -31.03802299 -3.49219036
v 6.06863499 -30.58291245 -3.49219036
v 9.02763748 -29.83221245 -3.49219036
v 11.89969349 -28.79175186 -3.49219036
v 14.65582371 -27.46736336 -3.49219036
v 17.27145386 -25.87572289 -3.49219036
v 19.72201347 -24.03348351 -3.49219036
v 21.98293304 -21.95729256 -3.49219036
v 24.02964401 -19.66381264 -3.49219036
v 25.84572411 -17.17794228 -3.49219036
v 27.41475487 -14.52463245 -3.49219036
v 28.72032356 -11.72879219 -3.49219036
v 29.74601364 -8.81535339 -3.49219036
v 30.48607445 -5.81371784 -3.49219036
v 30.93471336 -2.75328636 -3.49219036
v 30.93471336 3.42637467 -3.49219036
v 31.08618355 0.33654404 -3.49219036
v 30.48607445 6.48680735 -3.49219036
v 30.37558365 6.46451330 -1.31481934
v 30.82259369 3.41517472 -1.31481934
v 30.97351456 0.33654356 -1.31481934
v 29.74602318 9.48844051 -3.49219036
v 28.72032356 12.40186691 -3.49219036
v 28.61624336 12.35813713 -1.31481934
v 29.63821411 9.45526505 -1.31481934
v 27.41476440 15.19770718 -3.49219036
v 25.84573364 17.85101700 -3.49219036
v 25.75206375 17.78751755 -1.31481934
v 27.31540489 15.14382744 -1.31481934
v 24.02965355 20.33687782 -3.49219036
v 21.98294449 22.63036728 -3.49219036
v 21.90327454 22.54954720 -1.31481934
v 23.94257355 20.26437759 -1.31481934
v 19.72203445 24.70656776 -3.49219036
v 17.27147484 26.54881668 -3.49219036
v 17.20888329 26.45379829 -1.31481934
v 19.65055466 24.61822701 -1.31481934
v 14.65584373 28.14046669 -3.49219036
v 11.89971352 29.46485710 -3.49219036
v 11.85660362 29.35926819 -1.31481934
v 14.60273361 28.03967667 -1.31481934
v 9.02766228 30.50532722 -3.49219036
v 6.06865692 31.25603676 -3.49219036
v 6.04667997 31.14394760 -1.31481934
v 8.99495697 30.39596748 -1.31481934
v 3.05168796 31.71114731 -3.49219036
v 0.00573683 31.86479759 -3.49219036
v 0.00573702 31.75050735 -1.31481934
v 3.04064703 31.59740829 -1.31481934
v -3.04021716 31.71114731 -3.49219036
v -6.05718708 31.25603676 -3.49219036
v -6.03520823 31.14394760 -1.31481934
v -3.02917504 31.59740829 -1.31481934
v -9.01618958 30.50532722 -3.49219036
v -11.88824558 29.46485710 -3.49219036
v -11.84512615 29.35927773 -1.31481934
v -8.98348618 30.39596748 -1.31481934
v -14.64436626 28.14047813 -3.49219036
v -17.25999641 26.54883766 -3.49219036
v -17.19740677 26.45380783 -1.31481934
v -14.59126568 28.03968811 -1.31481934
v -19.71055603 24.70658684 -3.49219036
v -21.97147560 22.63039780 -3.49219036
v -21.89180565 22.54957771 -1.31481934
v -19.63908577 24.61823654 -1.31481934
v -24.01818657 20.33690834 -3.49219036
v -25.83426666 17.85103798 -3.49219036
v -25.74059677 17.78755760 -1.31481934
v -23.93109512 20.26439667 -1.31481934
v -27.40329552 15.19772720 -3.49219036
v -28.70887566 12.40189743 -3.49219036
v -28.60478592 12.35816765 -1.31481934
v -27.30394554 15.14385700 -1.31481934
v -29.73457527 9.48846722 -3.49219036
v -30.47462654 6.48683357 -3.49219036
v -30.36413574 6.46453953 -1.31481934
v -29.62676620 9.45529175 -1.31481934
v -30.92327690 3.42640162 -3.49219036
v -31.07473564 0.33656883 -3.49219036
v -30.96207619 0.33656836 -1.31481934
v -30.81115532 3.41520071 -1.31481934
v -30.92327690 -2.75326633 -3.49219036
v -30.47462654 -5.81370258 -3.49219036
v -30.36414528 -5.79140663 -1.31481934
v -30.81115532 -2.74206638 -1.31481934
v -29.73457527 -8.81533337 -3.49219036
v -28.70888519 -11.72876263 -3.49219036
v -28.60479546 -11.68503284 -1.31481934
v -29.62677574 -8.78215790 -1.31481934
v -27.40331650 -14.52460289 -3.49219036
v -25.83427620 -17.17792320 -3.49219036
v -25.74060631 -17.11443329 -1.31481934
v -27.30395699 -14.47073269 -1.31481934
v -24.01820564 -19.66378212 -3.49219036
v -21.97149658 -21.95727348 -3.49219036
v -21.89182663 -21.87645340 -1.31481934
v -23.93111610 -19.59128189 -1.31481934
v -19.71058655 -24.03346252 -3.49219036
v -17.26002693 -25.87571335 -3.49219036
v -17.19743538 -25.78069305 -1.31481934
v -19.63911629 -23.94512177 -1.31481934
v -14.64439583 -27.46735191 -3.49219036
v -11.88827610 -28.79174232 -3.49219036
v -11.84515572 -28.68615341 -1.31481934
v -14.59129620 -27.36656189 -1.31481934
v -9.01621723 -29.83220291 -3.49219036
v -6.05721092 -30.58291245 -3.49219036
v -6.03523302 -30.47083282 -1.31481934
v -8.98351097 -29.72284317 -1.31481934
v -3.04024005 -31.03802299 -3.49219036
v 0.00571380 -31.19167328 -3.49219036
v 0.00571407 -31.07738304 -1.31481934
v -3.02919793 -30.92428207 -1.31481934
v 3.05166602 -31.03802299 -3.49219036
v 6.06863499 -30.58291245 -3.49219036
v 6.04665709 -30.47083282 -1.31481934
v 3.04062486 -30.92428207 -1.31481934
v 9.02763748 -29.83221245 -3.49219036
v 11.89969349 -28.79175186 -3.49219036
v 11.85657406 -28.68616295 -1.31481934
v 8.99493504 -29.72285271 -1.31481934
v 14.65582371 -27.46736336 -3.49219036
v 17.27145386 -25.87572289 -3.49219036
v 17.20886421 -25.78070259 -1.31481934
v 14.60271358 -27.36657333 -1.31481934
v 19.72201347 -24.03348351 -3.49219036
v 21.98293304 -21.95729256 -3.49219036
v 21.90326309 -21.87648201 -1.31481934
v 19.65054321 -23.94514275 -1.31481934
v 24.02964401 -19.66381264 -3.49219036
v 25.84572411 -17.17794228 -3.49219036
v 25.75205421 -17.11445236 -1.31481934
v 23.94255447 -19.59131241 -1.31481934
v 27.41475487 -14.52463245 -3.49219036
v 28.72032356 -11.72879219 -3.49219036
v 28.61623383 -11.68505287 -1.31481934
v 27.31539345 -14.47076225 -1.31481934
v 29.74601364 -8.81535339 -3.49219036
v 30.48607445 -5.81371784 -3.49219036
v 30.37558365 -5.79142284 -1.31481934
v 29.63821411 -8.78217888 -1.31481934
v 30.93471336 -2.75328636 -3.49219036
v 30.82259369 -2.74208641 -1.31481934
v 30.48624420 3.38157368 -0.25135040
v 30.63551331 0.33654356 -0.25135040
v 30.04410362 6.39762926 -0.25122070
v 29.31478310 9.35573959 -0.25122070
v 28.30397415 12.22692776 -0.25122070
v 27.01733398 14.98221779 -0.25122070
v 25.47105408 17.59704781 -0.25122070
v 23.68130302 20.04686737 -0.25122070
v 21.66427422 22.30710793 -0.25122070
v 19.43614388 24.35319710 -0.25122070
v 17.02112389 26.16873741 -0.25135040
v 14.44342422 27.73730659 -0.25122070
v 11.72725391 29.04249763 -0.25122070
v 8.89684296 30.06788826 -0.25122070
v 5.98074579 30.80769730 -0.25122070
v 3.00752306 31.25620651 -0.25135040
v 0.00573705 31.40763664 -0.25135040
v -2.99605012 31.25620651 -0.25135040
v -5.96927309 30.80769730 -0.25122070
v -8.88537121 30.06788826 -0.25122070
v -11.71578598 29.04249763 -0.25122070
v -14.43194580 27.73731804 -0.25122070
v -17.00964546 26.16874695 -0.25122070
v -19.42467690 24.35321808 -0.25122070
v -21.65280533 22.30712700 -0.25122070
v -23.66983604 20.04689789 -0.25122070
v -25.45958519 17.59707832 -0.25122070
v -27.00587654 14.98224735 -0.25122070
v -28.29251671 12.22694778 -0.25122070
v -29.30333519 9.35576439 -0.25122070
v -30.03266525 6.39765549 -0.25122070
v -30.47479630 3.38159752 -0.25135040
v -30.62407684 0.33656836 -0.25135040
v -30.47480583 -2.70846534 -0.25135040
v -30.03266525 -5.72452450 -0.25135040
v -29.30334663 -8.68263054 -0.25135040
v -28.29252625 -11.55381298 -0.25135040
v -27.00588608 -14.30911255 -0.25135040
v -25.45960617 -16.92396355 -0.25135040
v -23.66985512 -19.37378311 -0.25135040
v -21.65282631 -21.63401222 -0.25135040
v -19.42469597 -23.68010330 -0.25135040
v -17.00967598 -25.49563217 -0.25135040
v -14.43197632 -27.06420326 -0.25135040
v -11.71580601 -28.36938286 -0.25135040
v -8.88539791 -29.39476204 -0.25135040
v -5.96929789 -30.13458252 -0.25135040
v -2.99607301 -30.58309174 -0.25135040
v 0.00571430 -30.73451233 -0.25135040
v 3.00749993 -30.58309174 -0.25135040
v 5.98072290 -30.13458252 -0.25135040
v 8.89682102 -29.39477348 -0.25135040
v 11.72723389 -28.36939240 -0.25135040
v 14.44339371 -27.06421280 -0.25135040
v 17.02110481 -25.49564171 -0.25135040
v 19.43612480 -23.68012238 -0.25135040
v 21.66426468 -21.63404274 -0.25135040
v 23.68129349 -19.37380219 -0.25135040
v 25.47104454 -16.92399216 -0.25135040
v 27.01732445 -14.30914307 -0.25135040
v 28.30396461 -11.55384254 -0.25135040
v 29.31478310 -8.68265152 -0.25135040
v 30.04411316 -5.72453880 -0.25135040
v 30.48624420 -2.70848441 -0.25135040
v 30.48624420 3.38157368 -0.25135040
v 30.63551331 0.33654356 -0.25135040
v 30.04410362 6.39762926 -0.25122070
v 28.02782440 5.99078751 0.12866020
v 28.44027328 3.17717957 0.12866020
v 28.57953453 0.33654404 0.12866020
v 29.31478310 9.35573959 -0.25122070
v 28.30397415 12.22692776 -0.25122070
v 26.40448380 11.42879772 0.12866020
v 27.34745407 8.75033855 0.12866020
v 27.01733398 14.98221779 -0.25122070
v 25.47105408 17.59704781 -0.25122070
v 23.76172447 16.43845749 0.12866020
v 25.20421410 13.99914742 0.12866020
v 23.68130302 20.04686737 -0.25122070
v 21.66427422 22.30710793 -0.25122070
v 20.21047401 20.83235741 0.12866020
v 22.09211349 18.72383690 0.12866020
v 19.43614388 24.35319710 -0.25122070
v 17.02112389 26.16873741 -0.25135040
v 15.87898350 24.43478775 0.12866020
v 18.13189316 22.74110794 0.12866020
v 14.44342422 27.73730659 -0.25122070
v 11.72725391 29.04249763 -0.25122070
v 10.94046402 27.11563683 0.12866020
v 13.47430420 25.89806747 0.12866020
v 8.89684296 30.06788826 -0.25122070
v 5.98074579 30.80769730 -0.25122070
v 5.57967997 28.76235771 0.12866020
v 8.30003738 28.07219696 0.12866020
v 3.00752306 31.25620651 -0.25135040
v 0.00573705 31.40763664 -0.25135040
v 0.00573607 29.32201767 0.12866020
v 2.80603099 29.18076706 0.12866020
v -2.99605012 31.25620651 -0.25135040
v -5.96927309 30.80769730 -0.25122070
v -5.56820917 28.76235771 0.12866020
v -2.79455900 29.18076706 0.12866020
v -8.88537121 30.06788826 -0.25122070
v -11.71578598 29.04249763 -0.25122070
v -10.92898560 27.11564827 0.12866020
v -8.28856850 28.07219696 0.12866020
v -14.43194580 27.73731804 -0.25122070
v -17.00964546 26.16874695 -0.25122070
v -15.86750603 24.43478775 0.12866020
v -13.46283627 25.89807701 0.12866020
v -19.42467690 24.35321808 -0.25122070
v -21.65280533 22.30712700 -0.25122070
v -20.19900513 20.83237648 0.12866020
v -18.12042618 22.74112701 0.12866020
v -23.66983604 20.04689789 -0.25122070
v -25.45958519 17.59707832 -0.25122070
v -23.75025558 16.43848801 0.12866020
v -22.08064651 18.72385788 0.12866020
v -27.00587654 14.98224735 -0.25122070
v -28.29251671 12.22694778 -0.25122070
v -26.39302635 11.42882729 0.12866020
v -25.19274521 13.99916744 0.12866020
v -29.30333519 9.35576439 -0.25122070
v -30.03266525 6.39765549 -0.25122070
v -28.01636696 5.99080944 0.12866020
v -27.33600616 8.75036049 0.12866020
v -30.47479630 3.38159752 -0.25135040
v -30.62407684 0.33656836 -0.25135040
v -28.56808662 0.33656693 0.12866020
v -28.42883682 3.17720366 0.12866020
v -30.47480583 -2.70846534 -0.25135040
v -30.03266525 -5.72452450 -0.25135040
v -28.01637650 -5.31768179 0.12866020
v -28.42883682 -2.50407243 0.12866020
v -29.30334663 -8.68263054 -0.25135040
v -28.29252625 -11.55381298 -0.25135040
v -26.39303589 -10.75569248 0.12866020
v -27.33600616 -8.07722855 0.12866020
v -27.00588608 -14.30911255 -0.25135040
v -25.45960617 -16.92396355 -0.25135040
v -23.75026512 -15.76537323 0.12866020
v -25.19276619 -13.32604218 0.12866020
v -23.66985512 -19.37378311 -0.25135040
v -21.65282631 -21.63401222 -0.25135040
v -20.19902611 -20.15926170 0.12866020
v -22.08066559 -18.05075264 0.12866020
v -19.42469597 -23.68010330 -0.25135040
v -17.00967598 -25.49563217 -0.25135040
v -15.86753559 -23.76168251 0.12866020
v -18.12045670 -22.06801224 0.12866020
v -14.43197632 -27.06420326 -0.25135040
v -11.71580601 -28.36938286 -0.25135040
v -10.92901611 -26.44253349 0.12866020
v -13.46285629 -25.22495270 0.12866020
v -8.88539791 -29.39476204 -0.25135040
v -5.96929789 -30.13458252 -0.25135040
v -5.56823206 -28.08925247 0.12866020
v -8.28859138 -27.39908218 0.12866020
v -2.99607301 -30.58309174 -0.25135040
v 0.00571430 -30.73451233 -0.25135040
v 0.00571481 -28.64891243 0.12866020
v -2.79458094 -28.50764275 0.12866020
v 3.00749993 -30.58309174 -0.25135040
v 5.98072290 -30.13458252 -0.25135040
v 5.57965899 -28.08925247 0.12866020
v 2.80601001 -28.50764275 0.12866020
v 8.89682102 -29.39477348 -0.25135040
v 11.72723389 -28.36939240 -0.25135040
v 10.94044399 -26.44254303 0.12866020
v 8.30001640 -27.39909172 0.12866020
v 14.44339371 -27.06421280 -0.25135040
v 17.02110481 -25.49564171 -0.25135040
v 15.87896442 -23.76169205 0.12866020
v 13.47428417 -25.22496223 0.12866020
v 19.43612480 -23.68012238 -0.25135040
v 21.66426468 -21.63404274 -0.25135040
v 20.21045303 -20.15929222 0.12866020
v 18.13188362 -22.06803322 0.12866020
v 23.68129349 -19.37380219 -0.25135040
v 25.47104454 -16.92399216 -0.25135040
v 23.76171303 -15.76539230 0.12866020
v 22.09210396 -18.05077171 0.12866020
v 27.01732445 -14.30914307 -0.25135040
v 28.30396461 -11.55384254 -0.25135040
v 26.40447426 -10.75571251 0.12866020
v 25.20419312 -13.32607269 0.12866020
v 29.31478310 -8.68265152 -0.25135040
v 30.04411316 -5.72453880 -0.25135040
v 28.02782440 -5.31769466 0.12866020
v 27.34745407 -8.07724762 0.12866020
v 30.48624420 -2.70848441 -0.25135040
v 28.44028473 -2.50408936 0.12866020
v 17.96249390 2.13044262 0.13171005
v 18.05043411 0.33654642 0.13171005
v 17.70203400 3.90727162 0.13171005
v 17.27236366 5.64996052 0.13171005
v 16.67687416 7.34144258 0.13171005
v 15.91888428 8.96464729 0.13171005
v 15.00793362 10.50510693 0.13171005
v 13.95355415 11.94834709 0.13171005
v 12.76527405 13.27990723 0.13183022
v 11.45262432 14.48530769 0.13171005
v 10.02988434 15.55488777 0.13171005
v 8.51130104 16.47896767 0.13171005
v 6.91114378 17.24787712 0.13171005
v 5.24368477 17.85195732 0.13171005
v 3.52574492 18.28780746 0.13171005
v 1.77415180 18.55202675 0.13171005
v 0.00573093 18.64123726 0.13171005
v -1.76269019 18.55202675 0.13171005
v -3.51428509 18.28780746 0.13183022
v -5.23222399 17.85195732 0.13183022
v -6.89968395 17.24788666 0.13183022
v -8.49983788 16.47896767 0.13183022
v -10.01842594 15.55488777 0.13183022
v -11.44116592 14.48531723 0.13183022
v -12.75381565 13.27991772 0.13183022
v -13.94209576 11.94836712 0.13183022
v -14.99647617 10.50512695 0.13183022
v -15.90742588 8.96466637 0.13183022
v -16.66541672 7.34145927 0.13183022
v -17.26091576 5.64997625 0.13171005
v -17.69057655 3.90728664 0.13183022
v -17.95104599 2.13045859 0.13171005
v -18.03898621 0.33656120 0.13171005
v -17.95105553 -1.45733738 0.13171005
v -17.69058609 -3.23416734 0.13171005
v -17.26092529 -4.97685575 0.13171005
v -16.66542625 -6.66833639 0.13171005
v -15.90743637 -8.29154968 0.13171005
v -14.99648571 -9.83201218 0.13171005
v -13.94210625 -11.27526283 0.13171005
v -12.75382614 -12.60681248 0.13171005
v -11.44118595 -13.81220245 0.13171005
v -10.01843643 -14.88178253 0.13171005
v -8.49985504 -15.80586243 0.13171005
v -6.89970112 -16.57477188 0.13171005
v -5.23224020 -17.17885208 0.13171005
v -3.51429915 -17.61469269 0.13171005
v -1.76270413 -17.87892342 0.13171005
v 0.00571748 -17.96813202 0.13171005
v 1.77413785 -17.87892342 0.13171005
v 3.52573204 -17.61470222 0.13171005
v 5.24367189 -17.17885208 0.13171005
v 6.91113091 -16.57478333 0.13171005
v 8.51128578 -15.80586243 0.13171005
v 10.02987385 -14.88179302 0.13171005
v 11.45261383 -13.81222248 0.13171005
v 12.76526356 -12.60683250 0.13171005
v 13.95354366 -11.27527237 0.13171005
v 15.00792408 -9.83202267 0.13171005
v 15.91887379 -8.29156590 0.13171005
v 16.67686462 -6.66835356 0.13171005
v 17.27236366 -4.97686768 0.13171005
v 17.70202446 -3.23417544 0.13171005
v 17.96249390 -1.45734835 0.13171005
v 15.92902374 1.92729664 -0.23888969
v 16.00700378 0.33654737 -0.23888969
v 15.69804382 3.50291371 -0.23888969
v 15.31704426 5.04825544 -0.23888969
v 14.78898430 6.54818916 -0.23888969
v 14.11683369 7.98757935 -0.23888969
v 13.30904388 9.35359478 -0.23888969
v 12.37406349 10.63339710 -0.23888969
v 11.32034397 11.81416702 -0.23888969
v 10.15635395 12.88306713 -0.23888969
v 8.89472008 13.83151722 -0.23888969
v 7.54810381 14.65094757 -0.23888969
v 6.12915707 15.33279705 -0.23888969
v 4.65052509 15.86845779 -0.23888969
v 3.12712789 16.25495720 -0.23888969
v 1.57388985 16.48925781 -0.23888969
v 0.00572995 16.56836700 -0.23888969
v -1.56243014 16.48925781 -0.23888969
v -3.11566997 16.25495720 -0.23888969
v -4.63906527 15.86846733 -0.23888969
v -6.11769819 15.33279705 -0.23888969
v -7.53664684 14.65095711 -0.23888969
v -8.88326073 13.83152771 -0.23888969
v -10.14489651 12.88307762 -0.23888969
v -11.30888557 11.81417751 -0.23888969
v -12.36260605 10.63340759 -0.23888969
v -13.29758644 9.35360718 -0.23888969
v -14.10537624 7.98759317 -0.23888969
v -14.77753639 6.54820442 -0.23888969
v -15.30559635 5.04826832 -0.23888969
v -15.68659592 3.50292563 -0.23888969
v -15.91757584 1.92731261 -0.23888969
v -15.99555588 0.33655977 -0.23888969
v -15.91757584 -1.25419235 -0.23888969
v -15.68659592 -2.82981038 -0.23888969
v -15.30559635 -4.37515163 -0.23888969
v -14.77753639 -5.87508440 -0.23888969
v -14.10538578 -7.31447840 -0.23888969
v -13.29759598 -8.68049717 -0.23888969
v -12.36261559 -9.96030235 -0.23901939
v -11.30890560 -11.14107227 -0.23888969
v -10.14490604 -12.20996284 -0.23901939
v -8.88327408 -13.15841293 -0.23901939
v -7.53665924 -13.97785282 -0.23901939
v -6.11771107 -14.65968227 -0.23901939
v -4.63907909 -15.19535255 -0.23901939
v -3.11568213 -15.58184242 -0.23888969
v -1.56244218 -15.81615257 -0.23888969
v 0.00571802 -15.89525223 -0.23888969
v 1.57387781 -15.81615257 -0.23888969
v 3.12711596 -15.58184242 -0.23901939
v 4.65051174 -15.19536304 -0.23901939
v 6.12914515 -14.65969276 -0.23901939
v 7.54809380 -13.97785282 -0.23901939
v 8.89470863 -13.15842247 -0.23901939
v 10.15634441 -12.20997238 -0.23901939
v 11.32033348 -11.14108276 -0.23901939
v 12.37405396 -9.96032238 -0.23901939
v 13.30903435 -8.68051052 -0.23901939
v 14.11682415 -7.31449270 -0.23901939
v 14.78897381 -5.87509966 -0.23901939
v 15.31704426 -4.37516165 -0.23888969
v 15.69804382 -2.82981730 -0.23888969
v 15.92902374 -1.25420237 -0.23888969
v 15.92902374 1.92729664 -0.23888969
v 16.00700378 0.33654737 -0.23888969
v 15.69804382 3.50291371 -0.23888969
v 15.37889385 3.43851471 -1.29615021
v 15.60517406 1.89494467 -1.29615021
v 15.68156433 0.33654737 -1.29615021
v 15.31704426 5.04825544 -0.23888969
v 14.78898430 6.54818916 -0.23888969
v 14.48831367 6.42185640 -1.29615021
v 15.00563431 4.95242739 -1.29615021
v 14.11683369 7.98757935 -0.23888969
v 13.30904388 9.35359478 -0.23888969
v 13.03847408 9.17020130 -1.29615021
v 13.82983398 7.83196926 -1.29615021
v 12.37406349 10.63339710 -0.23888969
v 11.32034397 11.81416702 -0.23888969
v 11.09022427 11.58072758 -1.29615021
v 12.12250423 10.42397785 -1.29615021
v 10.15635395 12.88306713 -0.23888969
v 8.89472008 13.83151722 -0.23888969
v 8.71393299 13.55704784 -1.29615021
v 9.94990349 12.62788773 -1.29615021
v 7.54810381 14.65094757 -0.23888969
v 6.12915707 15.33279705 -0.23888969
v 6.00461578 15.02779770 -1.29615021
v 7.39470482 14.35981750 -1.29615021
v 4.65052509 15.86845779 -0.23888969
v 3.12712789 16.25495720 -0.23888969
v 3.06364393 15.93119717 -1.29615021
v 4.55605602 15.55256748 -1.29615021
v 1.57388985 16.48925781 -0.23888969
v 0.00572995 16.56836700 -0.23888969
v 0.00572973 16.23823738 -1.29615021
v 1.54199588 16.16073799 -1.29615021
v -1.56243014 16.48925781 -0.23888969
v -3.11566997 16.25495720 -0.23888969
v -3.05218506 15.93119717 -1.29615021
v -1.53053713 16.16073799 -1.29615021
v -4.63906527 15.86846733 -0.23888969
v -6.11769819 15.33279705 -0.23888969
v -5.99315500 15.02779770 -1.29615021
v -4.54459810 15.55256748 -1.29615021
v -7.53664684 14.65095711 -0.23888969
v -8.88326073 13.83152771 -0.23888969
v -8.70247269 13.55705738 -1.29615021
v -7.38324499 14.35982704 -1.29615021
v -10.14489651 12.88307762 -0.23888969
v -11.30888557 11.81417751 -0.23888969
v -11.07876587 11.58074760 -1.29615021
v -9.93844414 12.62789726 -1.29615021
v -12.36260605 10.63340759 -0.23888969
v -13.29758644 9.35360718 -0.23888969
v -13.02701569 9.17021561 -1.29615021
v -12.11105633 10.42398739 -1.29615021
v -14.10537624 7.98759317 -0.23888969
v -14.77753639 6.54820442 -0.23888969
v -14.47686577 6.42186832 -1.29615021
v -13.81838608 7.83198357 -1.29615021
v -15.30559635 5.04826832 -0.23888969
v -15.68659592 3.50292563 -0.23888969
v -15.36744595 3.43852663 -1.29615021
v -14.99418640 4.95243931 -1.29615021
v -15.91757584 1.92731261 -0.23888969
v -15.99555588 0.33655977 -0.23888969
v -15.67011642 0.33655977 -1.29615021
v -15.59372616 1.89495659 -1.29615021
v -15.91757584 -1.25419235 -0.23888969
v -15.68659592 -2.82981038 -0.23888969
v -15.36744595 -2.76541042 -1.29615021
v -15.59372616 -1.22184038 -1.29615021
v -15.30559635 -4.37515163 -0.23888969
v -14.77753639 -5.87508440 -0.23888969
v -14.47686577 -5.74875069 -1.29615021
v -14.99418640 -4.27932167 -1.29615021
v -14.10538578 -7.31447840 -0.23888969
v -13.29759598 -8.68049717 -0.23888969
v -13.02702618 -8.49710464 -1.29615021
v -13.81838608 -7.15886879 -1.29615021
v -12.36261559 -9.96030235 -0.23901939
v -11.30890560 -11.14107227 -0.23888969
v -11.07877636 -10.90763283 -1.29615021
v -12.11106586 -9.75088215 -1.29615021
v -10.14490604 -12.20996284 -0.23901939
v -8.88327408 -13.15841293 -0.23901939
v -8.70248508 -12.88394260 -1.29615021
v -9.93845558 -11.95478249 -1.29615021
v -7.53665924 -13.97785282 -0.23901939
v -6.11771107 -14.65968227 -0.23901939
v -5.99317122 -14.35469246 -1.29615021
v -7.38325882 -13.68671227 -1.29615021
v -4.63907909 -15.19535255 -0.23901939
v -3.11568213 -15.58184242 -0.23888969
v -3.05219793 -15.25809288 -1.29615021
v -4.54461098 -14.87946224 -1.29615021
v -1.56244218 -15.81615257 -0.23888969
v 0.00571802 -15.89525223 -0.23888969
v 0.00571807 -15.56512260 -1.29615021
v -1.53054917 -15.48763275 -1.29615021
v 1.57387781 -15.81615257 -0.23888969
v 3.12711596 -15.58184242 -0.23901939
v 3.06363201 -15.25809288 -1.29615021
v 1.54198384 -15.48763275 -1.29615021
v 4.65051174 -15.19536304 -0.23901939
v 6.12914515 -14.65969276 -0.23901939
v 6.00460386 -14.35469246 -1.29615021
v 4.55604506 -14.87946224 -1.29615021
v 7.54809380 -13.97785282 -0.23901939
v 8.89470863 -13.15842247 -0.23901939
v 8.71392155 -12.88395214 -1.29615021
v 7.39469385 -13.68672276 -1.29615021
v 10.15634441 -12.20997238 -0.23901939
v 11.32033348 -11.14108276 -0.23901939
v 11.09021378 -10.90764236 -1.29615021
v 9.94989395 -11.95480251 -1.29615021
v 12.37405396 -9.96032238 -0.23901939
v 13.30903435 -8.68051052 -0.23901939
v 13.03846359 -8.49711895 -1.29615021
v 12.12250423 -9.75089264 -1.29615021
v 14.11682415 -7.31449270 -0.23901939
v 14.78897381 -5.87509966 -0.23901939
v 14.48831367 -5.74876356 -1.29615021
v 13.82982349 -7.15888262 -1.29615021
v 15.31704426 -4.37516165 -0.23888969
v 15.69804382 -2.82981730 -0.23888969
v 15.37889385 -2.76541829 -1.29615021
v 15.00563431 -4.27933264 -1.29615021
v 15.92902374 -1.25420237 -0.23888969
v 15.60517406 -1.22184932 -1.29615021
v 15.49721432 1.88416159 -6.22521973
v 15.57308388 0.33654785 -6.22521973
v 15.27250385 3.41704869 -6.22521973
v 14.90183353 4.92048550 -6.22521973
v 14.38809395 6.37974453 -6.22521973
v 13.73416424 7.78010130 -6.22521973
v 12.94828415 9.10907078 -6.22521973
v 12.03865433 10.35416698 -6.22521973
v 11.01352406 11.50291729 -6.22521973
v 9.88108921 12.54282761 -6.22521973
v 8.65367031 13.46555710 -6.22521973
v 7.34357214 14.26277733 -6.22521973
v 5.96310186 14.92612743 -6.22521973
v 4.52456713 15.44726753 -6.22521973
v 3.04248190 15.82327747 -6.22521973
v 1.53136384 16.05123711 -6.22521973
v 0.00572929 16.12819862 -6.22521973
v -1.51990616 16.05123711 -6.22521973
v -3.03102398 15.82328701 -6.22521973
v -4.51310921 15.44727707 -6.22521973
v -5.95164299 14.92612743 -6.22521973
v -7.33211422 14.26278782 -6.22521973
v -8.64221096 13.46556759 -6.22521973
v -9.86962986 12.54283714 -6.22521973
v -11.00206566 11.50292778 -6.22521973
v -12.02720642 10.35418701 -6.22521973
v -12.93683624 9.10908508 -6.22521973
v -13.72271633 7.78011417 -6.22521973
v -14.37663651 6.37975836 -6.22521973
v -14.89038563 4.92049742 -6.22521973
v -15.26105595 3.41706157 -6.22521973
v -15.48576641 1.88417268 -6.22521973
v -15.56163597 0.33656073 -6.22521973
v -15.48576641 -1.21105433 -6.22521973
v -15.26105595 -2.74394345 -6.22521973
v -14.89038563 -4.24737883 -6.22521973
v -14.37664604 -5.70663738 -6.22521973
v -13.72272587 -7.10699844 -6.22521973
v -12.93683624 -8.43597221 -6.22521973
v -12.02721596 -9.68107224 -6.22521973
v -11.00207615 -10.82982254 -6.22521973
v -9.86964226 -11.86973286 -6.22521973
v -8.64222431 -12.79245281 -6.22521973
v -7.33212709 -13.58967304 -6.22521973
v -5.95165825 -14.25301266 -6.22521973
v -4.51312208 -14.77416229 -6.22521973
v -3.03103709 -15.15017223 -6.22521973
v -1.51991820 -15.37812233 -6.22521973
v 0.00571767 -15.45508289 -6.22521973
v 1.53135288 -15.37812233 -6.22521973
v 3.04246998 -15.15017223 -6.22521973
v 4.52455473 -14.77416229 -6.22521973
v 5.96308994 -14.25302219 -6.22521973
v 7.34356213 -13.58967304 -6.22521973
v 8.65365982 -12.79246235 -6.22521973
v 9.88107777 -11.86974239 -6.22521973
v 11.01351357 -10.82983303 -6.22521973
v 12.03865433 -9.68108273 -6.22521973
v 12.94827366 -8.43598366 -6.22521973
v 13.73416424 -7.10701084 -6.22521973
v 14.38808441 -5.70665169 -6.22521973
v 14.90183353 -4.24738979 -6.22521973
v 15.27250385 -2.74395132 -6.22521973
v 15.49721432 -1.21106434 -6.22521973
v 43.30743027 4.66242456 -55.50714874
v 43.51949310 0.33654881 -55.50714874
v 42.67932129 8.94714355 -55.50714874
v 41.64322281 13.14953709 -55.50714874
v 40.20721054 17.22844696 -55.50714874
v 38.37937164 21.14270782 -55.50714874
v 36.18266296 24.85743713 -55.50714874
v 33.64008331 28.33773804 -55.50714874
v 30.77462387 31.54871750 -55.50714874
v 27.60925484 34.45547104 -55.50714874
v 24.17838478 37.03469086 -55.50714874
v 20.51642418 39.26305771 -55.50714874
v 16.65774345 41.11724854 -55.50714874
v 12.63675404 42.57394028 -55.50714874
v 8.49404812 43.62496948 -55.50714874
v 4.27018118 44.26213074 -55.50714874
v 0.00573751 44.47724915 -55.50720978
v -4.25870705 44.26213074 -55.50714874
v -8.48257542 43.62496948 -55.50714874
v -12.62528610 42.57395935 -55.50714874
v -16.64626694 41.11726761 -55.50714874
v -20.50493622 39.26306915 -55.50714874
v -24.16691589 37.03470993 -55.50714874
v -27.59778595 34.45549774 -55.50714874
v -30.76315689 31.54874802 -55.50714874
v -33.62861633 28.33777809 -55.50714874
v -36.17118835 24.85747719 -55.50714874
v -38.36789703 21.14274788 -55.50714874
v -40.19574738 17.22847748 -55.50714874
v -41.63175964 13.14956760 -55.50714874
v -42.66786957 8.94717979 -55.50714874
v -43.29598618 4.66246223 -55.50714874
v -43.50804901 0.33658457 -55.50714874
v -43.29598618 -3.98929620 -55.50714874
v -42.66787720 -8.27401543 -55.50720978
v -41.63177872 -12.47641277 -55.50720978
v -40.19576645 -16.55532265 -55.50720978
v -38.36791611 -20.46960258 -55.50720978
v -36.17121887 -24.18434334 -55.50720978
v -33.62863922 -27.66464233 -55.50720978
v -30.76317596 -30.87560272 -55.50720978
v -27.59781647 -33.78234100 -55.50720978
v -24.16694641 -36.36154175 -55.50720978
v -20.50497627 -38.58991241 -55.50720978
v -16.64630699 -40.44409180 -55.50720978
v -12.62532616 -41.90079117 -55.50720978
v -8.48260689 -42.95180130 -55.50720978
v -4.25873899 -43.58897018 -55.50714874
v 0.00570568 -43.80409241 -55.50714874
v 4.27014875 -43.58896255 -55.50714874
v 8.49401474 -42.95180130 -55.50720978
v 12.63672352 -41.90079117 -55.50720978
v 16.65771484 -40.44409943 -55.50720978
v 20.51638412 -38.58992004 -55.50720978
v 24.17836380 -36.36156082 -55.50720978
v 27.60923386 -33.78236008 -55.50720978
v 30.77460480 -30.87562180 -55.50720978
v 33.64007187 -27.66466331 -55.50720978
v 36.18265152 -24.18436241 -55.50720978
v 38.37935257 -20.46963310 -55.50720978
v 40.20720291 -16.55535316 -55.50720978
v 41.64322281 -12.47643280 -55.50720978
v 42.67931366 -8.27404022 -55.50720978
v 43.30743027 -3.98932624 -55.50720978
v 43.72276306 4.70391655 -54.57006836
v 43.08862305 9.02972984 -54.57006836
v 43.70541382 9.15418243 -52.82940674
v 44.34863281 4.76644039 -52.82940674
v 44.56579208 0.33654785 -52.82940674
v 43.93686295 0.33654833 -54.57019043
v 42.04259109 13.27243710 -54.57006836
v 40.59280014 17.39046669 -54.57006836
v 41.17386246 17.63461685 -52.82940674
v 42.64440155 13.45762730 -52.82940674
v 38.74743271 21.34227753 -54.57006836
v 36.52966309 25.09263802 -54.57006836
v 37.05254364 25.44704819 -52.82940674
v 39.30206299 21.64299774 -52.82940674
v 33.96269226 28.60631752 -54.57006836
v 31.06974411 31.84808731 -54.57006836
v 31.51446342 32.29921722 -52.82940674
v 34.44883347 29.01103783 -52.82940674
v 27.87402344 34.78273010 -54.57006836
v 24.41024399 37.38668060 -54.57006836
v 24.75962448 37.91709900 -52.82940674
v 28.27299309 35.27586746 -52.82940674
v 20.71314430 39.63641739 -54.57006836
v 16.81745338 41.50839996 -54.57006836
v 17.05814362 42.09782791 -52.82940674
v 21.00960350 40.19905090 -52.82940674
v 12.75790405 42.97906876 -54.57006836
v 8.57546329 44.04016876 -54.57006836
v 8.69814968 44.66584778 -52.82940674
v 12.94047356 43.58955002 -52.82940674
v 4.31108379 44.68344879 -54.57019043
v 0.00573777 44.90063095 -54.57019043
v 0.00573810 45.53862000 -52.82940674
v 4.37272072 45.31832886 -52.82940674
v -4.29961014 44.68344879 -54.57019043
v -8.56399059 44.04018021 -54.57006836
v -8.68667793 44.66584778 -52.82940674
v -4.36124706 45.31832886 -52.82940674
v -12.74643612 42.97908020 -54.57006836
v -16.80598640 41.50840759 -54.57006836
v -17.04666519 42.09785080 -52.82940674
v -12.92900562 43.58955765 -52.82940674
v -20.70167542 39.63644028 -54.57006836
v -24.39877510 37.38671112 -54.57006836
v -24.74815559 37.91712952 -52.82940674
v -20.99812698 40.19906998 -52.82940674
v -27.86254692 34.78276062 -54.57006836
v -31.05827522 31.84811783 -54.57006836
v -31.50299644 32.29924774 -52.82940674
v -28.26151657 35.27589035 -52.82940674
v -33.95122910 28.60634804 -54.57006836
v -36.51817703 25.09266663 -54.57006836
v -37.04106903 25.44708824 -52.82940674
v -34.43735886 29.01106644 -52.82940674
v -38.73595810 21.34231758 -54.57006836
v -40.58134842 17.39049721 -54.57006836
v -41.16240692 17.63464737 -52.82940674
v -39.29059982 21.64303780 -52.82940674
v -42.03112793 13.27246761 -54.57006836
v -43.07717896 9.02976894 -54.57006836
v -43.69396973 9.15422249 -52.82940674
v -42.63294983 13.45765781 -52.82940674
v -43.71131897 4.70395422 -54.57006836
v -43.92541885 0.33658457 -54.57006836
v -44.55434799 0.33658457 -52.82940674
v -44.33718872 4.76648045 -52.82940674
v -43.71131897 -4.03078842 -54.57019043
v -43.07718658 -8.35660553 -54.57019043
v -43.69397736 -8.48106098 -52.82940674
v -44.33718872 -4.09331369 -52.82940674
v -42.03114700 -12.59930229 -54.57019043
v -40.58135605 -16.71734238 -54.57019043
v -41.16241837 -16.96149254 -52.82940674
v -42.63295746 -12.78450298 -52.82940674
v -38.73598862 -20.66916275 -54.57019043
v -36.51820755 -24.41953278 -54.57019043
v -37.04109955 -24.77395248 -52.82940674
v -39.29062653 -20.96988297 -52.82940674
v -33.95124817 -27.93321228 -54.57019043
v -31.05830574 -31.17497253 -54.57019043
v -31.50302696 -31.62610245 -52.82940674
v -34.43738937 -28.33792305 -52.82940674
v -27.86258698 -34.10959244 -54.57019043
v -24.39880562 -36.71353912 -54.57019043
v -24.74818611 -37.24394989 -52.82940674
v -28.26155663 -34.60274124 -52.82940674
v -20.70171547 -38.96327209 -54.57019043
v -16.80602646 -40.83523941 -54.57019043
v -17.04670525 -41.42467117 -52.82940674
v -20.99816513 -39.52589035 -52.82940674
v -12.74647617 -42.30590057 -54.57019043
v -8.56402397 -43.36700058 -54.57019043
v -8.68671227 -43.99267197 -52.82940674
v -12.92903614 -42.91638184 -52.82940674
v -4.29964209 -44.01028061 -54.57019043
v 0.00570554 -44.22747040 -54.57006836
v 0.00570553 -44.86545181 -52.82940674
v -4.36127806 -44.64517212 -52.82940674
v 4.31105089 -44.01028061 -54.57019043
v 8.57543087 -43.36701202 -54.57019043
v 8.69811916 -43.99267960 -52.82940674
v 4.37268877 -44.64517212 -52.82940674
v 12.75787354 -42.30591202 -54.57019043
v 16.81742477 -40.83525085 -54.57019043
v 17.05811310 -41.42467880 -52.82940674
v 12.94044399 -42.91640091 -52.82940674
v 20.71311378 -38.96329117 -54.57019043
v 24.41022301 -36.71356201 -54.57019043
v 24.75960350 -37.24396896 -52.82940674
v 21.00957489 -39.52592087 -52.82940674
v 27.87399483 -34.10961151 -54.57019043
v 31.06972313 -31.17500305 -54.57019043
v 31.51444435 -31.62612343 -52.82940674
v 28.27296448 -34.60274887 -52.82940674
v 33.96268082 -27.93324280 -54.57019043
v 36.52964020 -24.41956329 -54.57019043
v 37.05253220 -24.77398300 -52.82940674
v 34.44881058 -28.33796310 -52.82940674
v 38.74741364 -20.66919327 -54.57019043
v 40.59280014 -16.71737289 -54.57019043
v 41.17385101 -16.96152306 -52.82940674
v 39.30205154 -20.96992302 -52.82940674
v 42.04258347 -12.59933281 -54.57019043
v 43.08862305 -8.35663128 -54.57019043
v 43.70540237 -8.48108673 -52.82940674
v 42.64439392 -12.78452301 -52.82940674
v 43.72276306 -4.03081846 -54.57019043
v 44.34863281 -4.09334469 -52.82940674
v 43.70541382 9.15418243 -52.82940674
v 44.34863281 4.76644039 -52.82940674
v 44.56579208 0.33654785 -52.82940674
v 41.17386246 17.63461685 -52.82940674
v 42.64440155 13.45762730 -52.82940674
v 37.05254364 25.44704819 -52.82940674
v 39.30206299 21.64299774 -52.82940674
v 31.51446342 32.29921722 -52.82940674
v 34.44883347 29.01103783 -52.82940674
v 24.75962448 37.91709900 -52.82940674
v 28.27299309 35.27586746 -52.82940674
v 17.05814362 42.09782791 -52.82940674
v 21.00960350 40.19905090 -52.82940674
v 8.69814968 44.66584778 -52.82940674
v 12.94047356 43.58955002 -52.82940674
v 0.00573810 45.53862000 -52.82940674
v 4.37272072 45.31832886 -52.82940674
v -8.68667793 44.66584778 -52.82940674
v -4.36124706 45.31832886 -52.82940674
v -17.04666519 42.09785080 -52.82940674
v -12.92900562 43.58955765 -52.82940674
v -24.74815559 37.91712952 -52.82940674
v -20.99812698 40.19906998 -52.82940674
v -31.50299644 32.29924774 -52.82940674
v -28.26151657 35.27589035 -52.82940674
v -37.04106903 25.44708824 -52.82940674
v -34.43735886 29.01106644 -52.82940674
v -41.16240692 17.63464737 -52.82940674
v -39.29059982 21.64303780 -52.82940674
v -43.69396973 9.15422249 -52.82940674
v -42.63294983 13.45765781 -52.82940674
v -44.55434799 0.33658457 -52.82940674
v -44.33718872 4.76648045 -52.82940674
v -43.69397736 -8.48106098 -52.82940674
v -44.33718872 -4.09331369 -52.82940674
v -41.16241837 -16.96149254 -52.82940674
v -42.63295746 -12.78450298 -52.82940674
v -37.04109955 -24.77395248 -52.82940674
v -39.29062653 -20.96988297 -52.82940674
v -31.50302696 -31.62610245 -52.82940674
v -34.43738937 -28.33792305 -52.82940674
v -24.74818611 -37.24394989 -52.82940674
v -28.26155663 -34.60274124 -52.82940674
v -17.04670525 -41.42467117 -52.82940674
v -20.99816513 -39.52589035 -52.82940674
v -8.68671227 -43.99267197 -52.82940674
v -12.92903614 -42.91638184 -52.82940674
v 0.00570553 -44.86545181 -52.82940674
v -4.36127806 -44.64517212 -52.82940674
v 8.69811916 -43.99267960 -52.82940674
v 4.37268877 -44.64517212 -52.82940674
v 17.05811310 -41.42467880 -52.82940674
v 12.94044399 -42.91640091 -52.82940674
v 24.75960350 -37.24396896 -52.82940674
v 21.00957489 -39.52592087 -52.82940674
v 31.51444435 -31.62612343 -52.82940674
v 28.27296448 -34.60274887 -52.82940674
v 37.05253220 -24.77398300 -52.82940674
v 34.44881058 -28.33796310 -52.82940674
v 41.17385101 -16.96152306 -52.82940674
v 39.30205154 -20.96992302 -52.82940674
v 43.70540237 -8.48108673 -52.82940674
v 42.64439392 -12.78452301 -52.82940674
v 44.34863281 -4.09334469 -52.82940674
v 44.30484390 4.76206541 -51.08863068
v 43.66226196 9.14547634 -51.08863068
v 44.52179337 0.33654737 -51.08863068
v 42.60230255 13.44466782 -51.08863068
v 41.13321304 17.61752701 -51.08863068
v 39.26326370 21.62195778 -51.08863068
v 37.01596069 25.42224693 -51.08863068
v 34.41481018 28.98271751 -51.08863068
v 31.48335457 32.26765823 -51.08863068
v 28.24507332 35.24135971 -51.08863068
v 24.73518372 37.87998962 -51.08863068
v 20.98886490 40.15967941 -51.08863068
v 17.04130363 42.05657959 -51.08863068
v 12.92770386 43.54682922 -51.08863068
v 8.68956757 44.62207031 -51.08863068
v 4.36840916 45.27391052 -51.08863068
v 0.00573837 45.49398041 -51.08863068
v -4.35693407 45.27391052 -51.08863068
v -8.67809391 44.62207031 -51.08863068
v -12.91622639 43.54684067 -51.08863068
v -17.02982521 42.05659866 -51.08863068
v -20.97738647 40.15969849 -51.08863068
v -24.72370529 37.88000870 -51.08863068
v -28.23360634 35.24139023 -51.08863068
v -31.47188568 32.26767731 -51.08863068
v -34.40334702 28.98274803 -51.08863068
v -37.00448608 25.42229652 -51.08863068
v -39.25178909 21.62199783 -51.08863068
v -41.12174606 17.61756706 -51.08863068
v -42.59083939 13.44470692 -51.08863068
v -43.65080643 9.14551353 -51.08863068
v -44.29339981 4.76210451 -51.08863068
v -44.51034927 0.33658409 -51.08863068
v -44.29339981 -4.08893967 -51.08863068
v -43.65081787 -8.47235394 -51.08863068
v -42.59085846 -12.77154255 -51.08863068
v -41.12176895 -16.94441223 -51.08863068
v -39.25181961 -20.94885254 -51.08863068
v -37.00451660 -24.74915314 -51.08863068
v -34.40336609 -28.30961227 -51.08863068
v -31.47191620 -31.59454346 -51.08863068
v -28.23363686 -34.56824112 -51.08869171
v -24.72374535 -37.20685196 -51.08869171
v -20.97742653 -39.48653030 -51.08869171
v -17.02986526 -41.38343048 -51.08869171
v -12.91626644 -42.87367249 -51.08869171
v -8.67812729 -43.94890976 -51.08863068
v -4.35696602 -44.60076141 -51.08863068
v 0.00570563 -44.82083130 -51.08863068
v 4.36837578 -44.60076141 -51.08863068
v 8.68953705 -43.94892120 -51.08863068
v 12.92767429 -42.87369156 -51.08869171
v 17.04127312 -41.38344193 -51.08869171
v 20.98883438 -39.48656082 -51.08869171
v 24.73515320 -37.20688248 -51.08869171
v 28.24505424 -34.56826019 -51.08869171
v 31.48333359 -31.59457207 -51.08869171
v 34.41480255 -28.30964279 -51.08863068
v 37.01595306 -24.74918175 -51.08863068
v 39.26325226 -20.94888306 -51.08863068
v 41.13320160 -16.94444275 -51.08863068
v 42.60228348 -12.77157307 -51.08863068
v 43.66226196 -8.47237968 -51.08863068
v 44.30484390 -4.08896971 -51.08863068
v 43.50849152 0.33654594 -49.35755157
v 43.29648209 4.66132736 -49.35755157
v 42.66853333 8.94496346 -49.35755157
v 41.63269043 13.14628696 -49.35749054
v 40.19704056 17.22416687 -49.35749054
v 38.36966324 21.13744736 -49.35749054
v 36.17351151 24.85123825 -49.35755157
v 33.63158035 28.33065796 -49.35749054
v 30.76683426 31.54081726 -49.35749054
v 27.60226440 34.44683075 -49.35749054
v 24.17227364 37.02539825 -49.35749054
v 20.51123428 39.25320816 -49.35749054
v 16.65352440 41.10692978 -49.35749054
v 12.63356400 42.56324768 -49.35749054
v 8.49190140 43.61400986 -49.35749054
v 4.26910400 44.25101089 -49.35755157
v 0.00573853 44.46607971 -49.35755157
v -4.25762796 44.25101089 -49.35755157
v -8.48042679 43.61401749 -49.35749054
v -12.62209606 42.56327057 -49.35749054
v -16.64205551 41.10693741 -49.35749054
v -20.49975586 39.25321960 -49.35749054
v -24.16079521 37.02542114 -49.35749054
v -27.59080696 34.44685745 -49.35749054
v -30.75537682 31.54084778 -49.35749054
v -33.62010956 28.33069801 -49.35749054
v -36.16204834 24.85127831 -49.35749054
v -38.35818863 21.13748741 -49.35749054
v -40.18557739 17.22420692 -49.35749054
v -41.62123871 13.14632702 -49.35749054
v -42.65708923 8.94499779 -49.35749054
v -43.28504944 4.66136456 -49.35755157
v -43.49705887 0.33658171 -49.35755157
v -43.28504944 -3.98820615 -49.35755157
v -42.65708923 -8.27184200 -49.35755157
v -41.62124634 -12.47317219 -49.35755157
v -40.18559647 -16.55105209 -49.35755157
v -38.35821915 -20.46434212 -49.35755157
v -36.16206741 -24.17813301 -49.35755157
v -33.62013626 -27.65755272 -49.35755157
v -30.75539589 -30.86771202 -49.35755157
v -27.59083557 -33.77371216 -49.35755157
v -24.16083527 -36.35227203 -49.35755157
v -20.49978638 -38.58007050 -49.35755157
v -16.64209557 -40.43378067 -49.35755157
v -12.62212563 -41.89011002 -49.35755157
v -8.48046112 -42.94086075 -49.35755157
v -4.25765991 -43.57786942 -49.35755157
v 0.00570664 -43.79294205 -49.35755157
v 4.26907206 -43.57786942 -49.35755157
v 8.49187088 -42.94086075 -49.35755157
v 12.63353348 -41.89012146 -49.35755157
v 16.65350342 -40.43379211 -49.35755157
v 20.51120377 -38.58008194 -49.35755157
v 24.17225456 -36.35229111 -49.35755157
v 27.60225487 -33.77373886 -49.35755157
v 30.76682472 -30.86773300 -49.35755157
v 33.63155365 -27.65758324 -49.35755157
v 36.17350388 -24.17817307 -49.35755157
v 38.36964035 -20.46437263 -49.35755157
v 40.19704056 -16.55108261 -49.35755157
v 41.63268280 -12.47320271 -49.35755157
v 42.66852188 -8.27186584 -49.35755157
v 43.29648209 -3.98823524 -49.35755157
v 44.30484390 4.76206541 -51.08863068
v 43.66226196 9.14547634 -51.08863068
v 44.52179337 0.33654737 -51.08863068
v 42.60230255 13.44466782 -51.08863068
v 41.13321304 17.61752701 -51.08863068
v 39.26326370 21.62195778 -51.08863068
v 37.01596069 25.42224693 -51.08863068
v 34.41481018 28.98271751 -51.08863068
v 31.48335457 32.26765823 -51.08863068
v 28.24507332 35.24135971 -51.08863068
v 24.73518372 37.87998962 -51.08863068
v 20.98886490 40.15967941 -51.08863068
v 17.04130363 42.05657959 -51.08863068
v 12.92770386 43.54682922 -51.08863068
v 8.68956757 44.62207031 -51.08863068
v 4.36840916 45.27391052 -51.08863068
v 0.00573837 45.49398041 -51.08863068
v -4.35693407 45.27391052 -51.08863068
v -8.67809391 44.62207031 -51.08863068
v -12.91622639 43.54684067 -51.08863068
v -17.02982521 42.05659866 -51.08863068
v -20.97738647 40.15969849 -51.08863068
v -24.72370529 37.88000870 -51.08863068
v -28.23360634 35.24139023 -51.08863068
v -31.47188568 32.26767731 -51.08863068
v -34.40334702 28.98274803 -51.08863068
v -37.00448608 25.42229652 -51.08863068
v -39.25178909 21.62199783 -51.08863068
v -41.12174606 17.61756706 -51.08863068
v -42.59083939 13.44470692 -51.08863068
v -43.65080643 9.14551353 -51.08863068
v -44.29339981 4.76210451 -51.08863068
v -44.51034927 0.33658409 -51.08863068
v -44.29339981 -4.08893967 -51.08863068
v -43.65081787 -8.47235394 -51.08863068
v -42.59085846 -12.77154255 -51.08863068
v -41.12176895 -16.94441223 -51.08863068
v -39.25181961 -20.94885254 -51.08863068
v -37.00451660 -24.74915314 -51.08863068
v -34.40336609 -28.30961227 -51.08863068
v -31.47191620 -31.59454346 -51.08863068
v -28.23363686 -34.56824112 -51.08869171
v -24.72374535 -37.20685196 -51.08869171
v -20.97742653 -39.48653030 -51.08869171
v -17.02986526 -41.38343048 -51.08869171
v -12.91626644 -42.87367249 -51.08869171
v -8.67812729 -43.94890976 -51.08863068
v -4.35696602 -44.60076141 -51.08863068
v 0.00570563 -44.82083130 -51.08863068
v 4.36837578 -44.60076141 -51.08863068
v 8.68953705 -43.94892120 -51.08863068
v 12.92767429 -42.87369156 -51.08869171
v 17.04127312 -41.38344193 -51.08869171
v 20.98883438 -39.48656082 -51.08869171
v 24.73515320 -37.20688248 -51.08869171
v 28.24505424 -34.56826019 -51.08869171
v 31.48333359 -31.59457207 -51.08869171
v 34.41480255 -28.30964279 -51.08863068
v 37.01595306 -24.74918175 -51.08863068
v 39.26325226 -20.94888306 -51.08863068
v 41.13320160 -16.94444275 -51.08863068
v 42.60228348 -12.77157307 -51.08863068
v 43.66226196 -8.47237968 -51.08863068
v 44.30484390 -4.08896971 -51.08863068
v 15.49721432 1.88416159 -6.22521973
v 15.57308388 0.33654785 -6.22521973
v 15.27250385 3.41704869 -6.22521973
v 14.90183353 4.92048550 -6.22521973
v 14.38809395 6.37974453 -6.22521973
v 13.73416424 7.78010130 -6.22521973
v 12.94828415 9.10907078 -6.22521973
v 12.03865433 10.35416698 -6.22521973
v 11.01352406 11.50291729 -6.22521973
v 9.88108921 12.54282761 -6.22521973
v 8.65367031 13.46555710 -6.22521973
v 7.34357214 14.26277733 -6.22521973
v 5.96310186 14.92612743 -6.22521973
v 4.52456713 15.44726753 -6.22521973
v 3.04248190 15.82327747 -6.22521973
v 1.53136384 16.05123711 -6.22521973
v 0.00572929 16.12819862 -6.22521973
v -1.51990616 16.05123711 -6.22521973
v -3.03102398 15.82328701 -6.22521973
v -4.51310921 15.44727707 -6.22521973
v -5.95164299 14.92612743 -6.22521973
v -7.33211422 14.26278782 -6.22521973
v -8.64221096 13.46556759 -6.22521973
v -9.86962986 12.54283714 -6.22521973
v -11.00206566 11.50292778 -6.22521973
v -12.02720642 10.35418701 -6.22521973
v -12.93683624 9.10908508 -6.22521973
v -13.72271633 7.78011417 -6.22521973
v -14.37663651 6.37975836 -6.22521973
v -14.89038563 4.92049742 -6.22521973
v -15.26105595 3.41706157 -6.22521973
v -15.48576641 1.88417268 -6.22521973
v -15.56163597 0.33656073 -6.22521973
v -15.48576641 -1.21105433 -6.22521973
v -15.26105595 -2.74394345 -6.22521973
v -14.89038563 -4.24737883 -6.22521973
v -14.37664604 -5.70663738 -6.22521973
v -13.72272587 -7.10699844 -6.22521973
v -12.93683624 -8.43597221 -6.22521973
v -12.02721596 -9.68107224 -6.22521973
v -11.00207615 -10.82982254 -6.22521973
v -9.86964226 -11.86973286 -6.22521973
v -8.64222431 -12.79245281 -6.22521973
v -7.33212709 -13.58967304 -6.22521973
v -5.95165825 -14.25301266 -6.22521973
v -4.51312208 -14.77416229 -6.22521973
v -3.03103709 -15.15017223 -6.22521973
v -1.51991820 -15.37812233 -6.22521973
v 0.00571767 -15.45508289 -6.22521973
v 1.53135288 -15.37812233 -6.22521973
v 3.04246998 -15.15017223 -6.22521973
v 4.52455473 -14.77416229 -6.22521973
v 5.96308994 -14.25302219 -6.22521973
v 7.34356213 -13.58967304 -6.22521973
v 8.65365982 -12.79246235 -6.22521973
v 9.88107777 -11.86974239 -6.22521973
v 11.01351357 -10.82983303 -6.22521973
v 12.03865433 -9.68108273 -6.22521973
v 12.94827366 -8.43598366 -6.22521973
v 13.73416424 -7.10701084 -6.22521973
v 14.38808441 -5.70665169 -6.22521973
v 14.90183353 -4.24738979 -6.22521973
v 15.27250385 -2.74395132 -6.22521973
v 15.49721432 -1.21106434 -6.22521973
v 43.38038254 0.33654928 -57.71472931
v 43.16899109 4.64859438 -57.71472931
v 42.54289246 8.91961193 -57.71472931
v 41.51010132 13.10857773 -57.71472931
v 40.07867050 17.17444801 -57.71472931
v 38.25667191 21.07619667 -57.71472931
v 36.06699371 24.77903748 -57.71472931
v 33.53254318 28.24821663 -57.71472931
v 30.67624474 31.44891739 -57.71472931
v 27.52099419 34.34637833 -57.71472931
v 24.10110474 36.91735077 -57.71472931
v 20.45084381 39.13858795 -57.71472931
v 16.60449409 40.98685837 -57.71472931
v 12.59637356 42.43889999 -57.71472931
v 8.46690750 43.48654938 -57.71472931
v 4.25654602 44.12167740 -57.71472931
v 0.00573719 44.33610916 -57.71472931
v -4.24507284 44.12167740 -57.71472931
v -8.45543575 43.48656082 -57.71472931
v -12.58490562 42.43889999 -57.71472931
v -16.59302521 40.98686981 -57.71472931
v -20.43936539 39.13861084 -57.71472931
v -24.08962631 36.91736984 -57.71472931
v -27.50952530 34.34639740 -57.71472931
v -30.66477585 31.44894791 -57.71472931
v -33.52107620 28.24823761 -57.71472931
v -36.05551910 24.77908707 -57.71472931
v -38.24520874 21.07623672 -57.71472931
v -40.06721878 17.17447662 -57.71472931
v -41.49863815 13.10860729 -57.71472931
v -42.53141785 8.91965008 -57.71472931
v -43.15753937 4.64863253 -57.71472931
v -43.36892700 0.33658552 -57.71472931
v -43.15753937 -3.97546554 -57.71472931
v -42.53142929 -8.24648762 -57.71472931
v -41.49864960 -12.43544292 -57.71472931
v -40.06722641 -16.50131226 -57.71472931
v -38.24522781 -20.40307236 -57.71472931
v -36.05554962 -24.10593224 -57.71472931
v -33.52110672 -27.57511330 -57.71472931
v -30.66480637 -30.77581215 -57.71472931
v -27.50956535 -33.67325211 -57.71472931
v -24.08966637 -36.24422073 -57.71472931
v -20.43940544 -38.46545029 -57.71472931
v -16.59306526 -40.31370926 -57.71472931
v -12.58493614 -41.76575089 -57.71472931
v -8.45546913 -42.81340027 -57.71472931
v -4.24510384 -43.44853973 -57.71472931
v 0.00570563 -43.66297150 -57.71472931
v 4.25651598 -43.44853210 -57.71472931
v 8.46687698 -42.81341171 -57.71472931
v 12.59634399 -41.76575089 -57.71472931
v 16.60447311 -40.31372070 -57.71472931
v 20.45080376 -38.46546173 -57.71472931
v 24.10108376 -36.24423218 -57.71472931
v 27.52098465 -33.67327118 -57.71472931
v 30.67623329 -30.77583313 -57.71472931
v 33.53253174 -27.57513237 -57.71472931
v 36.06698227 -24.10596275 -57.71472931
v 38.25666046 -20.40310287 -57.71472931
v 40.07867050 -16.50134277 -57.71472931
v 41.51009369 -12.43547249 -57.71472931
v 42.54288101 -8.24650955 -57.71472931
v 43.16899109 -3.97549415 -57.71472931
f 49 51 52
f 52 50 49
f 51 53 54
f 54 52 51
f 53 55 56
f 56 54 53
f 55 57 58
f 58 56 55
f 57 59 60
f 60 58 57
f 59 61 62
f 62 60 59
f 61 63 64
f 64 62 61
f 63 65 66
f 66 64 63
f 65 67 68
f 68 66 65
f 67 69 70
f 70 68 67
f 69 71 72
f 72 70 69
f 71 73 74
f 74 72 71
f 73 75 76
f 76 74 73
f 75 77 78
f 78 76 75
f 77 79 80
f 80 78 77
f 79 81 82
f 82 80 79
f 81 83 84
f 84 82 81
f 83 85 86
f 86 84 83
f 85 87 88
f 88 86 85
f 87 89 90
f 90 88 87
f 89 91 92
f 92 90 89
f 91 93 94
f 94 92 91
f 93 95 96
f 96 94 93
f 95 97 98
f 98 96 95
f 97 99 100
f 100 98 97
f 99 101 102
f 102 100 99
f 101 103 104
f 104 102 101
f 103 105 106
f 106 104 103
f 105 107 108
f 108 106 105
f 107 109 110
f 110 108 107
f 109 111 112
f 112 110 109
f 111 113 114
f 114 112 111
f 113 115 116
f 116 114 113
f 115 117 118
f 118 116 115
f 117 119 120
f 120 118 117
f 119 121 122
f 122 120 119
f 121 123 124
f 124 122 121
f 123 125 126
f 126 124 123
f 125 127 128
f 128 126 125
f 127 1 4
f 4 128 127
f 1 2 3
f 3 4 1
f 2 5 6
f 6 3 2
f 5 7 8
f 8 6 5
f 7 9 10
f 10 8 7
f 9 11 12
f 12 10 9
f 11 13 14
f 14 12 11
f 13 15 16
f 16 14 13
f 31 33 34
f 34 32 31
f 33 35 36
f 36 34 33
f 35 37 38
f 38 36 35
f 37 39 40
f 40 38 37
f 39 41 42
f 42 40 39
f 41 43 44
f 44 42 41
f 43 45 46
f 46 44 43
f 45 47 48
f 48 46 45
f 47 49 50
f 50 48 47
f 15 17 18
f 18 16 15
f 17 19 20
f 20 18 17
f 19 21 22
f 22 20 19
f 21 23 24
f 24 22 21
f 23 25 26
f 26 24 23
f 25 27 28
f 28 26 25
f 27 29 30
f 30 28 27
f 29 31 32
f 32 30 29
f 178 176 175
f 175 177 178
f 176 174 173
f 173 175 176
f 174 172 171
f 171 173 174
f 172 170 169
f 169 171 172
f 170 168 167
f 167 169 170
f 168 166 165
f 165 167 168
f 166 164 163
f 163 165 166
f 164 162 161
f 161 163 164
f 194 192 191
f 191 193 194
f 192 190 189
f 189 191 192
f 190 188 187
f 187 189 190
f 188 186 185
f 185 187 188
f 186 184 183
f 183 185 186
f 184 182 181
f 181 183 184
f 182 180 179
f 179 181 182
f 180 178 177
f 177 179 180
f 210 208 207
f 207 209 210
f 208 206 205
f 205 207 208
f 206 204 203
f 203 205 206
f 204 202 201
f 201 203 204
f 202 200 199
f 199 201 202
f 200 198 197
f 197 199 200
f 198 196 195
f 195 197 198
f 196 194 193
f 193 195 196
f 226 224 223
f 223 225 226
f 224 222 221
f 221 223 224
f 222 220 219
f 219 221 222
f 220 218 217
f 217 219 220
f 218 216 215
f 215 217 218
f 216 214 213
f 213 215 216
f 214 212 211
f 211 213 214
f 212 210 209
f 209 211 212
f 242 240 239
f 239 241 242
f 240 238 237
f 237 239 240
f 238 236 235
f 235 237 238
f 236 234 233
f 233 235 236
f 234 232 231
f 231 233 234
f 232 230 229
f 229 231 232
f 230 228 227
f 227 229 230
f 228 226 225
f 225 227 228
f 132 256 255
f 255 129 132
f 256 254 253
f 253 255 256
f 254 252 251
f 251 253 254
f 252 250 249
f 249 251 252
f 250 248 247
f 247 249 250
f 248 246 245
f 245 247 248
f 246 244 243
f 243 245 246
f 244 242 241
f 241 243 244
f 129 130 131
f 131 132 129
f 130 133 134
f 134 131 130
f 133 135 136
f 136 134 133
f 135 137 138
f 138 136 135
f 137 139 140
f 140 138 137
f 139 141 142
f 142 140 139
f 141 143 144
f 144 142 141
f 143 145 146
f 146 144 143
f 145 147 148
f 148 146 145
f 147 149 150
f 150 148 147
f 149 151 152
f 152 150 149
f 151 153 154
f 154 152 151
f 153 155 156
f 156 154 153
f 155 157 158
f 158 156 155
f 157 159 160
f 160 158 157
f 159 161 162
f 162 160 159
f 265 266 330
f 330 329 265
f 266 267 331
f 331 330 266
f 267 268 332
f 332 331 267
f 268 269 333
f 333 332 268
f 269 270 334
f 334 333 269
f 270 271 335
f 335 334 270
f 271 272 336
f 336 335 271
f 272 273 337
f 337 336 272
f 258 257 321
f 321 322 258
f 257 259 323
f 323 321 257
f 259 260 324
f 324 323 259
f 260 261 325
f 325 324 260
f 261 262 326
f 326 325 261
f 262 263 327
f 327 326 262
f 263 264 328
f 328 327 263
f 264 265 329
f 329 328 264
f 345 344 280
f 280 281 345
f 344 343 279
f 279 280 344
f 343 342 278
f 278 279 343
f 342 341 277
f 277 278 342
f 341 340 276
f 276 277 341
f 340 339 275
f 275 276 340
f 339 338 274
f 274 275 339
f 338 337 273
f 273 274 338
f 353 352 288
f 288 289 353
f 352 351 287
f 287 288 352
f 351 350 286
f 286 287 351
f 350 349 285
f 285 286 350
f 349 348 284
f 284 285 349
f 348 347 283
f 283 284 348
f 347 346 282
f 282 283 347
f 346 345 281
f 281 282 346
f 297 298 362
f 362 361 297
f 298 299 363
f 363 362 298
f 299 300 364
f 364 363 299
f 300 301 365
f 365 364 300
f 301 302 366
f 366 365 301
f 302 303 367
f 367 366 302
f 303 304 368
f 368 367 303
f 304 305 369
f 369 368 304
f 289 290 354
f 354 353 289
f 290 291 355
f 355 354 290
f 291 292 356
f 356 355 291
f 292 293 357
f 357 356 292
f 293 294 358
f 358 357 293
f 294 295 359
f 359 358 294
f 295 296 360
f 360 359 295
f 296 297 361
f 361 360 296
f 313 314 378
f 378 377 313
f 314 315 379
f 379 378 314
f 315 316 380
f 380 379 315
f 316 317 381
f 381 380 316
f 317 318 382
f 382 381 317
f 318 319 383
f 383 382 318
f 319 320 384
f 384 383 319
f 320 258 322
f 322 384 320
f 305 306 370
f 370 369 305
f 306 307 371
f 371 370 306
f 307 308 372
f 372 371 307
f 308 309 373
f 373 372 308
f 309 310 374
f 374 373 309
f 310 311 375
f 375 374 310
f 311 312 376
f 376 375 311
f 312 313 377
f 377 376 312
f 449 450 386
f 386 385 449
f 451 449 385
f 385 387 451
f 449 451 452
f 452 453 449
f 450 449 453
f 453 454 450
f 455 451 387
f 387 388 455
f 456 455 388
f 388 389 456
f 455 456 457
f 457 458 455
f 451 455 458
f 458 452 451
f 467 464 393
f 393 394 467
f 468 467 394
f 394 395 468
f 467 468 469
f 469 470 467
f 464 467 470
f 470 465 464
f 471 468 395
f 395 396 471
f 472 471 396
f 396 397 472
f 471 472 473
f 473 474 471
f 468 471 474
f 474 469 468
f 483 480 401
f 401 402 483
f 484 483 402
f 402 403 484
f 483 484 485
f 485 486 483
f 480 483 486
f 486 481 480
f 487 484 403
f 403 404 487
f 488 487 404
f 404 405 488
f 487 488 489
f 489 490 487
f 484 487 490
f 490 485 484
f 491 488 405
f 405 406 491
f 492 491 406
f 406 407 492
f 491 492 493
f 493 494 491
f 488 491 494
f 494 489 488
f 495 492 407
f 407 408 495
f 496 495 408
f 408 409 496
f 495 496 497
f 497 498 495
f 492 495 498
f 498 493 492
f 499 496 409
f 409 410 499
f 500 499 410
f 410 411 500
f 499 500 501
f 501 502 499
f 496 499 502
f 502 497 496
f 503 500 411
f 411 412 503
f 504 503 412
f 412 413 504
f 503 504 505
f 505 506 503
f 500 503 506
f 506 501 500
f 507 504 413
f 413 414 507
f 508 507 414
f 414 415 508
f 507 508 509
f 509 510 507
f 504 507 510
f 510 505 504
f 511 508 415
f 415 416 511
f 512 511 416
f 416 417 512
f 511 512 513
f 513 514 511
f 508 511 514
f 514 509 508
f 515 512 417
f 417 418 515
f 516 515 418
f 418 419 516
f 515 516 517
f 517 518 515
f 512 515 518
f 518 513 512
f 519 516 419
f 419 420 519
f 520 519 420
f 420 421 520
f 519 520 521
f 521 522 519
f 516 519 522
f 522 517 516
f 523 520 421
f 421 422 523
f 524 523 422
f 422 423 524
f 523 524 525
f 525 526 523
f 520 523 526
f 526 521 520
f 527 524 423
f 423 424 527
f 528 527 424
f 424 425 528
f 527 528 529
f 529 530 527
f 524 527 530
f 530 525 524
f 531 528 425
f 425 426 531
f 532 531 426
f 426 427 532
f 531 532 533
f 533 534 531
f 528 531 534
f 534 529 528
f 535 532 427
f 427 428 535
f 536 535 428
f 428 429 536
f 535 536 537
f 537 538 535
f 532 535 538
f 538 533 532
f 539 536 429
f 429 430 539
f 540 539 430
f 430 431 540
f 539 540 541
f 541 542 539
f 536 539 542
f 542 537 536
f 543 540 431
f 431 432 543
f 544 543 432
f 432 433 544
f 543 544 545
f 545 546 543
f 540 543 546
f 546 541 540
f 547 544 433
f 433 434 547
f 548 547 434
f 434 435 548
f 547 548 549
f 549 550 547
f 544 547 550
f 550 545 544
f 551 548 435
f 435 436 551
f 552 551 436
f 436 437 552
f 551 552 553
f 553 554 551
f 548 551 554
f 554 549 548
f 555 552 437
f 437 438 555
f 556 555 438
f 438 439 556
f 555 556 557
f 557 558 555
f 552 555 558
f 558 553 552
f 559 556 439
f 439 440 559
f 560 559 440
f 440 441 560
f 559 560 561
f 561 562 559
f 556 559 562
f 562 557 556
f 563 560 441
f 441 442 563
f 564 563 442
f 442 443 564
f 563 564 565
f 565 566 563
f 560 563 566
f 566 561 560
f 567 564 443
f 443 444 567
f 568 567 444
f 444 445 568
f 567 568 569
f 569 570 567
f 564 567 570
f 570 565 564
f 571 568 445
f 445 446 571
f 572 571 446
f 446 447 572
f 571 572 573
f 573 574 571
f 568 571 574
f 574 569 568
f 575 572 447
f 447 448 575
f 450 575 448
f 448 386 450
f 575 450 454
f 454 576 575
f 572 575 576
f 576 573 572
f 577 578 454
f 454 453 577
f 579 577 453
f 453 452 579
f 577 579 580
f 580 581 577
f 578 577 581
f 581 582 578
f 583 579 452
f 452 458 583
f 584 583 458
f 458 457 584
f 583 584 585
f 585 586 583
f 579 583 586
f 586 580 579
f 587 584 457
f 457 462 587
f 588 587 462
f 462 461 588
f 587 588 589
f 589 590 587
f 584 587 590
f 590 585 584
f 591 588 461
f 461 466 591
f 592 591 466
f 466 465 592
f 591 592 593
f 593 594 591
f 588 591 594
f 594 589 588
f 595 592 465
f 465 470 595
f 596 595 470
f 470 469 596
f 595 596 597
f 597 598 595
f 592 595 598
f 598 593 592
f 599 596 469
f 469 474 599
f 600 599 474
f 474 473 600
f 599 600 601
f 601 602 599
f 596 599 602
f 602 597 596
f 603 600 473
f 473 478 603
f 604 603 478
f 478 477 604
f 603 604 605
f 605 606 603
f 600 603 606
f 606 601 600
f 607 604 477
f 477 482 607
f 608 607 482
f 482 481 608
f 607 608 609
f 609 610 607
f 604 607 610
f 610 605 604
f 611 608 481
f 481 486 611
f 612 611 486
f 486 485 612
f 611 612 613
f 613 614 611
f 608 611 614
f 614 609 608
f 615 612 485
f 485 490 615
f 616 615 490
f 490 489 616
f 615 616 617
f 617 618 615
f 612 615 618
f 618 613 612
f 619 616 489
f 489 494 619
f 620 619 494
f 494 493 620
f 619 620 621
f 621 622 619
f 616 619 622
f 622 617 616
f 623 620 493
f 493 498 623
f 624 623 498
f 498 497 624
f 623 624 625
f 625 626 623
f 620 623 626
f 626 621 620
f 627 624 497
f 497 502 627
f 628 627 502
f 502 501 628
f 627 628 629
f 629 630 627
f 624 627 630
f 630 625 624
f 631 628 501
f 501 506 631
f 632 631 506
f 506 505 632
f 631 632 633
f 633 634 631
f 628 631 634
f 634 629 628
f 635 632 505
f 505 510 635
f 636 635 510
f 510 509 636
f 635 636 637
f 637 638 635
f 632 635 638
f 638 633 632
f 639 636 509
f 509 514 639
f 640 639 514
f 514 513 640
f 639 640 641
f 641 642 639
f 636 639 642
f 642 637 636
f 643 640 513
f 513 518 643
f 644 643 518
f 518 517 644
f 643 644 645
f 645 646 643
f 640 643 646
f 646 641 640
f 647 644 517
f 517 522 647
f 648 647 522
f 522 521 648
f 647 648 649
f 649 650 647
f 644 647 650
f 650 645 644
f 651 648 521
f 521 526 651
f 652 651 526
f 526 525 652
f 651 652 653
f 653 654 651
f 648 651 654
f 654 649 648
f 655 652 525
f 525 530 655
f 656 655 530
f 530 529 656
f 655 656 657
f 657 658 655
f 652 655 658
f 658 653 652
f 659 656 529
f 529 534 659
f 660 659 534
f 534 533 660
f 659 660 661
f 661 662 659
f 656 659 662
f 662 657 656
f 663 660 533
f 533 538 663
f 664 663 538
f 538 537 664
f 663 664 665
f 665 666 663
f 660 663 666
f 666 661 660
f 667 664 537
f 537 542 667
f 668 667 542
f 542 541 668
f 667 668 669
f 669 670 667
f 664 667 670
f 670 665 664
f 671 668 541
f 541 546 671
f 672 671 546
f 546 545 672
f 671 672 673
f 673 674 671
f 668 671 674
f 674 669 668
f 675 672 545
f 545 550 675
f 676 675 550
f 550 549 676
f 675 676 677
f 677 678 675
f 672 675 678
f 678 673 672
f 679 676 549
f 549 554 679
f 680 679 554
f 554 553 680
f 679 680 681
f 681 682 679
f 676 679 682
f 682 677 676
f 683 680 553
f 553 558 683
f 684 683 558
f 558 557 684
f 683 684 685
f 685 686 683
f 680 683 686
f 686 681 680
f 687 684 557
f 557 562 687
f 688 687 562
f 562 561 688
f 687 688 689
f 689 690 687
f 684 687 690
f 690 685 684
f 691 688 561
f 561 566 691
f 692 691 566
f 566 565 692
f 691 692 693
f 693 694 691
f 688 691 694
f 694 689 688
f 695 692 565
f 565 570 695
f 696 695 570
f 570 569 696
f 695 696 697
f 697 698 695
f 692 695 698
f 698 693 692
f 699 696 569
f 569 574 699
f 700 699 574
f 574 573 700
f 699 700 701
f 701 702 699
f 696 699 702
f 702 697 696
f 703 700 573
f 573 576 703
f 578 703 576
f 576 454 578
f 703 578 582
f 582 704 703
f 700 703 704
f 704 701 700
f 459 456 389
f 389 390 459
f 460 459 390
f 390 391 460
f 459 460 461
f 461 462 459
f 456 459 462
f 462 457 456
f 463 460 391
f 391 392 463
f 464 463 392
f 392 393 464
f 463 464 465
f 465 466 463
f 460 463 466
f 466 461 460
f 475 472 397
f 397 398 475
f 476 475 398
f 398 399 476
f 475 476 477
f 477 478 475
f 472 475 478
f 478 473 472
f 479 476 399
f 399 400 479
f 480 479 400
f 400 401 480
f 479 480 481
f 481 482 479
f 476 479 482
f 482 477 476
f 782 781 716
f 716 719 782
f 783 782 719
f 719 718 783
f 784 783 718
f 718 721 784
f 785 784 721
f 721 720 785
f 774 773 708
f 708 711 774
f 775 774 711
f 711 710 775
f 776 775 710
f 710 713 776
f 777 776 713
f 713 712 777
f 786 785 720
f 720 723 786
f 787 786 723
f 723 722 787
f 788 787 722
f 722 725 788
f 789 788 725
f 725 724 789
f 830 829 764
f 764 767 830
f 831 830 767
f 767 766 831
f 832 831 766
f 766 768 832
f 770 832 768
f 768 707 770
f 790 789 724
f 724 727 790
f 791 790 727
f 727 726 791
f 792 791 726
f 726 729 792
f 793 792 729
f 729 728 793
f 826 825 760
f 760 763 826
f 827 826 763
f 763 762 827
f 828 827 762
f 762 765 828
f 829 828 765
f 765 764 829
f 794 793 728
f 728 731 794
f 795 794 731
f 731 730 795
f 796 795 730
f 730 733 796
f 797 796 733
f 733 732 797
f 822 821 756
f 756 759 822
f 823 822 759
f 759 758 823
f 824 823 758
f 758 761 824
f 825 824 761
f 761 760 825
f 798 797 732
f 732 735 798
f 799 798 735
f 735 734 799
f 800 799 734
f 734 737 800
f 801 800 737
f 737 736 801
f 818 817 752
f 752 755 818
f 819 818 755
f 755 754 819
f 820 819 754
f 754 757 820
f 821 820 757
f 757 756 821
f 802 801 736
f 736 739 802
f 803 802 739
f 739 738 803
f 804 803 738
f 738 741 804
f 805 804 741
f 741 740 805
f 814 813 748
f 748 751 814
f 815 814 751
f 751 750 815
f 816 815 750
f 750 753 816
f 817 816 753
f 753 752 817
f 806 805 740
f 740 743 806
f 807 806 743
f 743 742 807
f 808 807 742
f 742 745 808
f 809 808 745
f 745 744 809
f 810 809 744
f 744 747 810
f 811 810 747
f 747 746 811
f 812 811 746
f 746 749 812
f 813 812 749
f 749 748 813
f 778 777 712
f 712 715 778
f 779 778 715
f 715 714 779
f 780 779 714
f 714 717 780
f 781 780 717
f 717 716 781
f 769 770 707
f 707 706 769
f 771 769 706
f 706 705 771
f 772 771 705
f 705 709 772
f 773 772 709
f 709 708 773
f 842 836 835
f 835 839 842
f 841 842 839
f 839 840 841
f 837 838 834
f 834 833 837
f 836 837 833
f 833 835 836
f 858 853 852
f 852 855 858
f 857 858 855
f 855 856 857
f 854 849 848
f 848 851 854
f 853 854 851
f 851 852 853
f 922 917 916
f 916 919 922
f 921 922 919
f 919 920 921
f 918 913 912
f 912 915 918
f 917 918 915
f 915 916 917
f 914 909 908
f 908 911 914
f 913 914 911
f 911 912 913
f 910 905 904
f 904 907 910
f 909 910 907
f 907 908 909
f 930 925 924
f 924 927 930
f 929 930 927
f 927 928 929
f 926 921 920
f 920 923 926
f 925 926 923
f 923 924 925
f 906 901 900
f 900 903 906
f 905 906 903
f 903 904 905
f 902 897 896
f 896 899 902
f 901 902 899
f 899 900 901
f 938 933 932
f 932 935 938
f 937 938 935
f 935 936 937
f 934 929 928
f 928 931 934
f 933 934 931
f 931 932 933
f 898 893 892
f 892 895 898
f 897 898 895
f 895 896 897
f 894 889 888
f 888 891 894
f 893 894 891
f 891 892 893
f 946 941 940
f 940 943 946
f 945 946 943
f 943 944 945
f 942 937 936
f 936 939 942
f 941 942 939
f 939 940 941
f 890 885 884
f 884 887 890
f 889 890 887
f 887 888 889
f 886 881 880
f 880 883 886
f 885 886 883
f 883 884 885
f 954 949 948
f 948 951 954
f 953 954 951
f 951 952 953
f 950 945 944
f 944 947 950
f 949 950 947
f 947 948 949
f 882 877 876
f 876 879 882
f 881 882 879
f 879 880 881
f 878 873 872
f 872 875 878
f 877 878 875
f 875 876 877
f 960 957 956
f 956 959 960
f 838 960 959
f 959 834 838
f 958 953 952
f 952 955 958
f 957 958 955
f 955 956 957
f 960 838 962
f 962 1024 960
f 957 960 1024
f 1024 1023 957
f 958 957 1023
f 1023 1022 958
f 953 958 1022
f 1022 1021 953
f 842 841 965
f 965 964 842
f 836 842 964
f 964 963 836
f 837 836 963
f 963 961 837
f 838 837 961
f 961 962 838
f 954 953 1021
f 1021 1020 954
f 949 954 1020
f 1020 1019 949
f 950 949 1019
f 1019 1018 950
f 945 950 1018
f 1018 1017 945
f 850 849 969
f 969 968 850
f 845 850 968
f 968 967 845
f 846 845 967
f 967 966 846
f 841 846 966
f 966 965 841
f 946 945 1017
f 1017 1016 946
f 941 946 1016
f 1016 1015 941
f 942 941 1015
f 1015 1014 942
f 937 942 1014
f 1014 1013 937
f 858 857 973
f 973 972 858
f 853 858 972
f 972 971 853
f 854 853 971
f 971 970 854
f 849 854 970
f 970 969 849
f 938 937 1013
f 1013 1012 938
f 933 938 1012
f 1012 1011 933
f 934 933 1011
f 1011 1010 934
f 929 934 1010
f 1010 1009 929
f 866 865 977
f 977 976 866
f 861 866 976
f 976 975 861
f 862 861 975
f 975 974 862
f 857 862 974
f 974 973 857
f 930 929 1009
f 1009 1008 930
f 925 930 1008
f 1008 1007 925
f 926 925 1007
f 1007 1006 926
f 921 926 1006
f 1006 1005 921
f 874 873 981
f 981 980 874
f 869 874 980
f 980 979 869
f 870 869 979
f 979 978 870
f 865 870 978
f 978 977 865
f 922 921 1005
f 1005 1004 922
f 917 922 1004
f 1004 1003 917
f 918 917 1003
f 1003 1002 918
f 913 918 1002
f 1002 1001 913
f 882 881 985
f 985 984 882
f 877 882 984
f 984 983 877
f 878 877 983
f 983 982 878
f 873 878 982
f 982 981 873
f 914 913 1001
f 1001 1000 914
f 909 914 1000
f 1000 999 909
f 910 909 999
f 999 998 910
f 905 910 998
f 998 997 905
f 890 889 989
f 989 988 890
f 885 890 988
f 988 987 885
f 886 885 987
f 987 986 886
f 881 886 986
f 986 985 881
f 906 905 997
f 997 996 906
f 901 906 996
f 996 995 901
f 902 901 995
f 995 994 902
f 897 902 994
f 994 993 897
f 898 897 993
f 993 992 898
f 893 898 992
f 992 991 893
f 894 893 991
f 991 990 894
f 889 894 990
f 990 989 889
f 874 869 868
f 868 871 874
f 873 874 871
f 871 872 873
f 870 865 864
f 864 867 870
f 869 870 867
f 867 868 869
f 850 845 844
f 844 847 850
f 849 850 847
f 847 848 849
f 846 841 840
f 840 843 846
f 845 846 843
f 843 844 845
f 866 861 860
f 860 863 866
f 865 866 863
f 863 864 865
f 862 857 856
f 856 859 862
f 861 862 859
f 859 860 861
f 1098 1093 1092
f 1092 1095 1098
f 1097 1098 1095
f 1095 1096 1097
f 1094 1089 1088
f 1088 1091 1094
f 1093 1094 1091
f 1091 1092 1093
f 1090 1085 1084
f 1084 1087 1090
f 1089 1090 1087
f 1087 1088 1089
f 1086 1081 1080
f 1080 1083 1086
f 1085 1086 1083
f 1083 1084 1085
f 1106 1101 1100
f 1100 1103 1106
f 1105 1106 1103
f 1103 1104 1105
f 1102 1097 1096
f 1096 1099 1102
f 1101 1102 1099
f 1099 1100 1101
f 1082 1077 1076
f 1076 1079 1082
f 1081 1082 1079
f 1079 1080 1081
f 1078 1073 1072
f 1072 1075 1078
f 1077 1078 1075
f 1075 1076 1077
f 1114 1109 1108
f 1108 1111 1114
f 1113 1114 1111
f 1111 1112 1113
f 1110 1105 1104
f 1104 1107 1110
f 1109 1110 1107
f 1107 1108 1109
f 1074 1069 1068
f 1068 1071 1074
f 1073 1074 1071
f 1071 1072 1073
f 1070 1065 1064
f 1064 1067 1070
f 1069 1070 1067
f 1067 1068 1069
f 1122 1117 1116
f 1116 1119 1122
f 1121 1122 1119
f 1119 1120 1121
f 1118 1113 1112
f 1112 1115 1118
f 1117 1118 1115
f 1115 1116 1117
f 1066 1061 1060
f 1060 1063 1066
f 1065 1066 1063
f 1063 1064 1065
f 1062 1057 1056
f 1056 1059 1062
f 1061 1062 1059
f 1059 1060 1061
f 1130 1125 1124
f 1124 1127 1130
f 1129 1130 1127
f 1127 1128 1129
f 1126 1121 1120
f 1120 1123 1126
f 1125 1126 1123
f 1123 1124 1125
f 1058 1053 1052
f 1052 1055 1058
f 1057 1058 1055
f 1055 1056 1057
f 1054 1049 1048
f 1048 1051 1054
f 1053 1054 1051
f 1051 1052 1053
f 1138 1133 1132
f 1132 1135 1138
f 1137 1138 1135
f 1135 1136 1137
f 1134 1129 1128
f 1128 1131 1134
f 1133 1134 1131
f 1131 1132 1133
f 1050 1045 1044
f 1044 1047 1050
f 1049 1050 1047
f 1047 1048 1049
f 1046 1041 1040
f 1040 1043 1046
f 1045 1046 1043
f 1043 1044 1045
f 1146 1141 1140
f 1140 1143 1146
f 1145 1146 1143
f 1143 1144 1145
f 1142 1137 1136
f 1136 1139 1142
f 1141 1142 1139
f 1139 1140 1141
f 1042 1037 1036
f 1036 1039 1042
f 1041 1042 1039
f 1039 1040 1041
f 1038 1033 1032
f 1032 1035 1038
f 1037 1038 1035
f 1035 1036 1037
f 1152 1149 1148
f 1148 1151 1152
f 1030 1152 1151
f 1151 1026 1030
f 1150 1145 1144
f 1144 1147 1150
f 1149 1150 1147
f 1147 1148 1149
f 1161 1160 1042
f 1042 1041 1161
f 1160 1159 1037
f 1037 1042 1160
f 1159 1158 1038
f 1038 1037 1159
f 1158 1157 1033
f 1033 1038 1158
f 1157 1156 1034
f 1034 1033 1157
f 1156 1155 1028
f 1028 1034 1156
f 1155 1153 1029
f 1029 1028 1155
f 1153 1154 1030
f 1030 1029 1153
f 1169 1168 1058
f 1058 1057 1169
f 1168 1167 1053
f 1053 1058 1168
f 1167 1166 1054
f 1054 1053 1167
f 1166 1165 1049
f 1049 1054 1166
f 1165 1164 1050
f 1050 1049 1165
f 1164 1163 1045
f 1045 1050 1164
f 1163 1162 1046
f 1046 1045 1163
f 1162 1161 1041
f 1041 1046 1162
f 1177 1176 1074
f 1074 1073 1177
f 1176 1175 1069
f 1069 1074 1176
f 1175 1174 1070
f 1070 1069 1175
f 1174 1173 1065
f 1065 1070 1174
f 1173 1172 1066
f 1066 1065 1173
f 1172 1171 1061
f 1061 1066 1172
f 1171 1170 1062
f 1062 1061 1171
f 1170 1169 1057
f 1057 1062 1170
f 1185 1184 1090
f 1090 1089 1185
f 1184 1183 1085
f 1085 1090 1184
f 1183 1182 1086
f 1086 1085 1183
f 1182 1181 1081
f 1081 1086 1182
f 1181 1180 1082
f 1082 1081 1181
f 1180 1179 1077
f 1077 1082 1180
f 1179 1178 1078
f 1078 1077 1179
f 1178 1177 1073
f 1073 1078 1178
f 1193 1192 1106
f 1106 1105 1193
f 1192 1191 1101
f 1101 1106 1192
f 1191 1190 1102
f 1102 1101 1191
f 1190 1189 1097
f 1097 1102 1190
f 1189 1188 1098
f 1098 1097 1189
f 1188 1187 1093
f 1093 1098 1188
f 1187 1186 1094
f 1094 1093 1187
f 1186 1185 1089
f 1089 1094 1186
f 1201 1200 1122
f 1122 1121 1201
f 1200 1199 1117
f 1117 1122 1200
f 1199 1198 1118
f 1118 1117 1199
f 1198 1197 1113
f 1113 1118 1198
f 1197 1196 1114
f 1114 1113 1197
f 1196 1195 1109
f 1109 1114 1196
f 1195 1194 1110
f 1110 1109 1195
f 1194 1193 1105
f 1105 1110 1194
f 1209 1208 1138
f 1138 1137 1209
f 1208 1207 1133
f 1133 1138 1208
f 1207 1206 1134
f 1134 1133 1207
f 1206 1205 1129
f 1129 1134 1206
f 1205 1204 1130
f 1130 1129 1205
f 1204 1203 1125
f 1125 1130 1204
f 1203 1202 1126
f 1126 1125 1203
f 1202 1201 1121
f 1121 1126 1202
f 1154 1216 1152
f 1152 1030 1154
f 1216 1215 1149
f 1149 1152 1216
f 1215 1214 1150
f 1150 1149 1215
f 1214 1213 1145
f 1145 1150 1214
f 1213 1212 1146
f 1146 1145 1213
f 1212 1211 1141
f 1141 1146 1212
f 1211 1210 1142
f 1142 1141 1211
f 1210 1209 1137
f 1137 1142 1210
f 1216 1154 1218
f 1218 1280 1216
f 1215 1216 1280
f 1280 1279 1215
f 1214 1215 1279
f 1279 1278 1214
f 1213 1214 1278
f 1278 1277 1213
f 1156 1157 1221
f 1221 1220 1156
f 1155 1156 1220
f 1220 1219 1155
f 1153 1155 1219
f 1219 1217 1153
f 1154 1153 1217
f 1217 1218 1154
f 1212 1213 1277
f 1277 1276 1212
f 1211 1212 1276
f 1276 1275 1211
f 1210 1211 1275
f 1275 1274 1210
f 1209 1210 1274
f 1274 1273 1209
f 1160 1161 1225
f 1225 1224 1160
f 1159 1160 1224
f 1224 1223 1159
f 1158 1159 1223
f 1223 1222 1158
f 1157 1158 1222
f 1222 1221 1157
f 1208 1209 1273
f 1273 1272 1208
f 1207 1208 1272
f 1272 1271 1207
f 1206 1207 1271
f 1271 1270 1206
f 1205 1206 1270
f 1270 1269 1205
f 1164 1165 1229
f 1229 1228 1164
f 1163 1164 1228
f 1228 1227 1163
f 1162 1163 1227
f 1227 1226 1162
f 1161 1162 1226
f 1226 1225 1161
f 1204 1205 1269
f 1269 1268 1204
f 1203 1204 1268
f 1268 1267 1203
f 1202 1203 1267
f 1267 1266 1202
f 1201 1202 1266
f 1266 1265 1201
f 1168 1169 1233
f 1233 1232 1168
f 1167 1168 1232
f 1232 1231 1167
f 1166 1167 1231
f 1231 1230 1166
f 1165 1166 1230
f 1230 1229 1165
f 1200 1201 1265
f 1265 1264 1200
f 1199 1200 1264
f 1264 1263 1199
f 1198 1199 1263
f 1263 1262 1198
f 1197 1198 1262
f 1262 1261 1197
f 1172 1173 1237
f 1237 1236 1172
f 1171 1172 1236
f 1236 1235 1171
f 1170 1171 1235
f 1235 1234 1170
f 1169 1170 1234
f 1234 1233 1169
f 1196 1197 1261
f 1261 1260 1196
f 1195 1196 1260
f 1260 1259 1195
f 1194 1195 1259
f 1259 1258 1194
f 1193 1194 1258
f 1258 1257 1193
f 1176 1177 1241
f 1241 1240 1176
f 1175 1176 1240
f 1240 1239 1175
f 1174 1175 1239
f 1239 1238 1174
f 1173 1174 1238
f 1238 1237 1173
f 1192 1193 1257
f 1257 1256 1192
f 1191 1192 1256
f 1256 1255 1191
f 1190 1191 1255
f 1255 1254 1190
f 1189 1190 1254
f 1254 1253 1189
f 1180 1181 1245
f 1245 1244 1180
f 1179 1180 1244
f 1244 1243 1179
f 1178 1179 1243
f 1243 1242 1178
f 1177 1178 1242
f 1242 1241 1177
f 1188 1189 1253
f 1253 1252 1188
f 1187 1188 1252
f 1252 1251 1187
f 1186 1187 1251
f 1251 1250 1186
f 1185 1186 1250
f 1250 1249 1185
f 1184 1185 1249
f 1249 1248 1184
f 1183 1184 1248
f 1248 1247 1183
f 1182 1183 1247
f 1247 1246 1182
f 1181 1182 1246
f 1246 1245 1181
f 1034 1028 1027
f 1027 1031 1034
f 1033 1034 1031
f 1031 1032 1033
f 1029 1030 1026
f 1026 1025 1029
f 1028 1029 1025
f 1025 1027 1028
f 1281 1283 1284
f 1284 1285 1281
f 1282 1281 1285
f 1285 1286 1282
f 1287 1288 1289
f 1289 1290 1287
f 1346 1341 1340
f 1340 1343 1346
f 1345 1346 1343
f 1343 1344 1345
f 1342 1337 1336
f 1336 1339 1342
f 1341 1342 1339
f 1339 1340 1341
f 1338 1333 1332
f 1332 1335 1338
f 1361 1362 1359
f 1359 1360 1361
f 1358 1353 1352
f 1352 1355 1358
f 1357 1358 1355
f 1355 1356 1357
f 1354 1349 1348
f 1348 1351 1354
f 1337 1338 1335
f 1335 1336 1337
f 1334 1329 1328
f 1328 1331 1334
f 1333 1334 1331
f 1331 1332 1333
f 1330 1325 1324
f 1324 1327 1330
f 1369 1370 1367
f 1367 1368 1369
f 1366 1361 1360
f 1360 1363 1366
f 1365 1366 1363
f 1363 1364 1365
f 1362 1357 1356
f 1356 1359 1362
f 1329 1330 1327
f 1327 1328 1329
f 1326 1321 1320
f 1320 1323 1326
f 1325 1326 1323
f 1323 1324 1325
f 1322 1317 1316
f 1316 1319 1322
f 1377 1378 1375
f 1375 1376 1377
f 1374 1369 1368
f 1368 1371 1374
f 1373 1374 1371
f 1371 1372 1373
f 1370 1365 1364
f 1364 1367 1370
f 1321 1322 1319
f 1319 1320 1321
f 1318 1313 1312
f 1312 1315 1318
f 1317 1318 1315
f 1315 1316 1317
f 1314 1309 1308
f 1308 1311 1314
f 1385 1386 1383
f 1383 1384 1385
f 1382 1377 1376
f 1376 1379 1382
f 1381 1382 1379
f 1379 1380 1381
f 1378 1373 1372
f 1372 1375 1378
f 1313 1314 1311
f 1311 1312 1313
f 1310 1305 1304
f 1304 1307 1310
f 1309 1310 1307
f 1307 1308 1309
f 1306 1301 1300
f 1300 1303 1306
f 1393 1394 1391
f 1391 1392 1393
f 1390 1385 1384
f 1384 1387 1390
f 1389 1390 1387
f 1387 1388 1389
f 1386 1381 1380
f 1380 1383 1386
f 1305 1306 1303
f 1303 1304 1305
f 1302 1297 1296
f 1296 1299 1302
f 1301 1302 1299
f 1299 1300 1301
f 1298 1293 1292
f 1292 1295 1298
f 1401 1402 1399
f 1399 1400 1401
f 1398 1393 1392
f 1392 1395 1398
f 1397 1398 1395
f 1395 1396 1397
f 1394 1389 1388
f 1388 1391 1394
f 1297 1298 1295
f 1295 1296 1297
f 1294 1289 1288
f 1288 1291 1294
f 1293 1294 1291
f 1291 1292 1293
f 1290 1284 1283
f 1283 1287 1290
f 1286 1408 1407
f 1407 1282 1286
f 1406 1401 1400
f 1400 1403 1406
f 1405 1406 1403
f 1403 1404 1405
f 1402 1397 1396
f 1396 1399 1402
f 1416 1415 1293
f 1293 1298 1416
f 1415 1414 1294
f 1294 1293 1415
f 1414 1413 1289
f 1289 1294 1414
f 1413 1412 1290
f 1290 1289 1413
f 1412 1411 1284
f 1284 1290 1412
f 1411 1409 1285
f 1285 1284 1411
f 1409 1410 1286
f 1286 1285 1409
f 1408 1405 1404
f 1404 1407 1408
f 1424 1423 1309
f 1309 1314 1424
f 1423 1422 1310
f 1310 1309 1423
f 1422 1421 1305
f 1305 1310 1422
f 1421 1420 1306
f 1306 1305 1421
f 1420 1419 1301
f 1301 1306 1420
f 1419 1418 1302
f 1302 1301 1419
f 1418 1417 1297
f 1297 1302 1418
f 1417 1416 1298
f 1298 1297 1417
f 1432 1431 1325
f 1325 1330 1432
f 1431 1430 1326
f 1326 1325 1431
f 1430 1429 1321
f 1321 1326 1430
f 1429 1428 1322
f 1322 1321 1429
f 1428 1427 1317
f 1317 1322 1428
f 1427 1426 1318
f 1318 1317 1427
f 1426 1425 1313
f 1313 1318 1426
f 1425 1424 1314
f 1314 1313 1425
f 1440 1439 1341
f 1341 1346 1440
f 1439 1438 1342
f 1342 1341 1439
f 1438 1437 1337
f 1337 1342 1438
f 1437 1436 1338
f 1338 1337 1437
f 1436 1435 1333
f 1333 1338 1436
f 1435 1434 1334
f 1334 1333 1435
f 1434 1433 1329
f 1329 1334 1434
f 1433 1432 1330
f 1330 1329 1433
f 1448 1447 1357
f 1357 1362 1448
f 1447 1446 1358
f 1358 1357 1447
f 1446 1445 1353
f 1353 1358 1446
f 1445 1444 1354
f 1354 1353 1445
f 1444 1443 1349
f 1349 1354 1444
f 1443 1442 1350
f 1350 1349 1443
f 1442 1441 1345
f 1345 1350 1442
f 1441 1440 1346
f 1346 1345 1441
f 1456 1455 1373
f 1373 1378 1456
f 1455 1454 1374
f 1374 1373 1455
f 1454 1453 1369
f 1369 1374 1454
f 1453 1452 1370
f 1370 1369 1453
f 1452 1451 1365
f 1365 1370 1452
f 1451 1450 1366
f 1366 1365 1451
f 1450 1449 1361
f 1361 1366 1450
f 1449 1448 1362
f 1362 1361 1449
f 1464 1463 1389
f 1389 1394 1464
f 1463 1462 1390
f 1390 1389 1463
f 1462 1461 1385
f 1385 1390 1462
f 1461 1460 1386
f 1386 1385 1461
f 1460 1459 1381
f 1381 1386 1460
f 1459 1458 1382
f 1382 1381 1459
f 1458 1457 1377
f 1377 1382 1458
f 1457 1456 1378
f 1378 1377 1457
f 1472 1471 1405
f 1405 1408 1472
f 1471 1470 1406
f 1406 1405 1471
f 1470 1469 1401
f 1401 1406 1470
f 1469 1468 1402
f 1402 1401 1469
f 1468 1467 1397
f 1397 1402 1468
f 1467 1466 1398
f 1398 1397 1467
f 1466 1465 1393
f 1393 1398 1466
f 1465 1464 1394
f 1394 1393 1465
f 1410 1472 1408
f 1408 1286 1410
f 1353 1354 1351
f 1351 1352 1353
f 1350 1345 1344
f 1344 1347 1350
f 1349 1350 1347
f 1347 1348 1349
f 1551 1480 1481
f 1544 1477 1478
f 1478 1547 1544
f 1545 1544 1547
f 1547 1550 1545
f 1550 1547 1548
f 1548 1549 1550
f 1479 1548 1547
f 1547 1478 1479
f 1546 1543 1544
f 1543 1546 1539
f 1539 1538 1543
f 1660 1535 1536
f 1536 1663 1660
f 1652 1531 1532
f 1532 1655 1652
f 1644 1527 1528
f 1476 1543 1538
f 1557 1556 1559
f 1559 1562 1557
f 1562 1559 1560
f 1560 1561 1562
f 1485 1560 1559
f 1559 1484 1485
f 1552 1481 1482
f 1482 1555 1552
f 1553 1552 1555
f 1555 1558 1553
f 1558 1555 1556
f 1556 1557 1558
f 1483 1556 1555
f 1555 1482 1483
f 1549 1548 1551
f 1480 1551 1548
f 1565 1564 1567
f 1567 1570 1565
f 1570 1567 1568
f 1568 1569 1570
f 1489 1568 1567
f 1567 1488 1489
f 1560 1485 1486
f 1486 1563 1560
f 1561 1560 1563
f 1563 1566 1561
f 1566 1563 1564
f 1564 1565 1566
f 1487 1564 1563
f 1563 1486 1487
f 1538 1475 1476
f 1484 1559 1556
f 1573 1572 1575
f 1575 1578 1573
f 1578 1575 1576
f 1576 1577 1578
f 1493 1576 1575
f 1575 1492 1493
f 1568 1489 1490
f 1490 1571 1568
f 1569 1568 1571
f 1571 1574 1569
f 1574 1571 1572
f 1572 1573 1574
f 1491 1572 1571
f 1571 1490 1491
f 1548 1479 1480
f 1488 1567 1564
f 1581 1580 1583
f 1583 1586 1581
f 1586 1583 1584
f 1584 1585 1586
f 1497 1584 1583
f 1583 1496 1497
f 1576 1493 1494
f 1494 1579 1576
f 1577 1576 1579
f 1579 1582 1577
f 1582 1579 1580
f 1580 1581 1582
f 1495 1580 1579
f 1579 1494 1495
f 1556 1483 1484
f 1492 1575 1572
f 1589 1588 1591
f 1591 1594 1589
f 1594 1591 1592
f 1592 1593 1594
f 1501 1592 1591
f 1591 1500 1501
f 1584 1497 1498
f 1498 1587 1584
f 1585 1584 1587
f 1587 1590 1585
f 1590 1587 1588
f 1588 1589 1590
f 1499 1588 1587
f 1587 1498 1499
f 1564 1487 1488
f 1496 1583 1580
f 1597 1596 1599
f 1599 1602 1597
f 1602 1599 1600
f 1600 1601 1602
f 1505 1600 1599
f 1599 1504 1505
f 1592 1501 1502
f 1502 1595 1592
f 1593 1592 1595
f 1595 1598 1593
f 1598 1595 1596
f 1596 1597 1598
f 1503 1596 1595
f 1595 1502 1503
f 1572 1491 1492
f 1500 1591 1588
f 1605 1604 1607
f 1607 1610 1605
f 1610 1607 1608
f 1608 1609 1610
f 1509 1608 1607
f 1607 1508 1509
f 1600 1505 1506
f 1506 1603 1600
f 1601 1600 1603
f 1603 1606 1601
f 1606 1603 1604
f 1604 1605 1606
f 1507 1604 1603
f 1603 1506 1507
f 1580 1495 1496
f 1504 1599 1596
f 1613 1612 1615
f 1615 1618 1613
f 1618 1615 1616
f 1616 1617 1618
f 1513 1616 1615
f 1615 1512 1513
f 1608 1509 1510
f 1510 1611 1608
f 1609 1608 1611
f 1611 1614 1609
f 1614 1611 1612
f 1612 1613 1614
f 1511 1612 1611
f 1611 1510 1511
f 1588 1499 1500
f 1508 1607 1604
f 1621 1620 1623
f 1623 1626 1621
f 1626 1623 1624
f 1624 1625 1626
f 1517 1624 1623
f 1623 1516 1517
f 1616 1513 1514
f 1514 1619 1616
f 1617 1616 1619
f 1619 1622 1617
f 1622 1619 1620
f 1620 1621 1622
f 1515 1620 1619
f 1619 1514 1515
f 1596 1503 1504
f 1512 1615 1612
f 1629 1628 1631
f 1631 1634 1629
f 1634 1631 1632
f 1632 1633 1634
f 1521 1632 1631
f 1631 1520 1521
f 1624 1517 1518
f 1518 1627 1624
f 1625 1624 1627
f 1627 1630 1625
f 1630 1627 1628
f 1628 1629 1630
f 1519 1628 1627
f 1627 1518 1519
f 1604 1507 1508
f 1516 1623 1620
f 1637 1636 1639
f 1639 1642 1637
f 1642 1639 1640
f 1640 1641 1642
f 1525 1640 1639
f 1639 1524 1525
f 1632 1521 1522
f 1522 1635 1632
f 1633 1632 1635
f 1635 1638 1633
f 1638 1635 1636
f 1636 1637 1638
f 1523 1636 1635
f 1635 1522 1523
f 1612 1511 1512
f 1520 1631 1628
f 1645 1644 1647
f 1647 1650 1645
f 1650 1647 1648
f 1648 1649 1650
f 1529 1648 1647
f 1647 1528 1529
f 1640 1525 1526
f 1526 1643 1640
f 1641 1640 1643
f 1643 1646 1641
f 1646 1643 1644
f 1644 1645 1646
f 1527 1644 1643
f 1643 1526 1527
f 1620 1515 1516
f 1524 1639 1636
f 1653 1652 1655
f 1655 1658 1653
f 1658 1655 1656
f 1656 1657 1658
f 1533 1656 1655
f 1655 1532 1533
f 1648 1529 1530
f 1530 1651 1648
f 1649 1648 1651
f 1651 1654 1649
f 1654 1651 1652
f 1652 1653 1654
f 1531 1652 1651
f 1651 1530 1531
f 1628 1519 1520
f 1528 1647 1644
f 1661 1660 1663
f 1663 1664 1661
f 1664 1663 1542
f 1542 1541 1664
f 1474 1542 1663
f 1663 1536 1474
f 1656 1533 1534
f 1534 1659 1656
f 1657 1656 1659
f 1659 1662 1657
f 1662 1659 1660
f 1660 1661 1662
f 1535 1660 1659
f 1659 1534 1535
f 1636 1523 1524
f 1544 1545 1546
f 1477 1544 1543
f 1543 1476 1477
f 1542 1474 1473
f 1473 1537 1542
f 1541 1542 1537
f 1537 1540 1541
f 1540 1537 1538
f 1538 1539 1540
f 1475 1538 1537
f 1537 1473 1475
f 1551 1554 1549
f 1554 1551 1552
f 1552 1553 1554
f 1481 1552 1551
f 1667 1731 1792
f 1785 1720 1723
f 1723 1786 1785
f 1775 1710 1713
f 1713 1776 1775
f 1787 1722 1725
f 1725 1788 1787
f 1790 1727 1726
f 1726 1791 1790
f 1789 1724 1727
f 1727 1790 1789
f 1792 1728 1667
f 1704 1769 1768
f 1767 1702 1705
f 1705 1768 1767
f 1770 1707 1706
f 1706 1771 1770
f 1729 1666 1665
f 1665 1730 1729
f 1731 1667 1666
f 1666 1729 1731
f 1732 1669 1668
f 1668 1733 1732
f 1730 1665 1669
f 1669 1732 1730
f 1734 1671 1670
f 1670 1735 1734
f 1733 1668 1671
f 1671 1734 1733
f 1736 1673 1672
f 1672 1737 1736
f 1735 1670 1673
f 1673 1736 1735
f 1738 1675 1674
f 1674 1739 1738
f 1737 1672 1675
f 1675 1738 1737
f 1739 1674 1677
f 1677 1740 1739
f 1742 1679 1678
f 1678 1743 1742
f 1741 1676 1679
f 1679 1742 1741
f 1744 1681 1680
f 1717 1780 1779
f 1782 1719 1718
f 1718 1783 1782
f 1772 1709 1708
f 1708 1773 1772
f 1781 1716 1719
f 1719 1782 1781
f 1784 1721 1720
f 1720 1785 1784
f 1783 1718 1721
f 1721 1784 1783
f 1786 1723 1722
f 1722 1787 1786
f 1680 1745 1744
f 1746 1683 1682
f 1682 1747 1746
f 1745 1680 1683
f 1683 1746 1745
f 1748 1685 1684
f 1684 1749 1748
f 1747 1682 1685
f 1685 1748 1747
f 1750 1687 1686
f 1686 1751 1750
f 1740 1677 1676
f 1676 1741 1740
f 1749 1684 1687
f 1687 1750 1749
f 1752 1689 1688
f 1688 1753 1752
f 1751 1686 1689
f 1689 1752 1751
f 1754 1691 1690
f 1690 1755 1754
f 1712 1777 1776
f 1778 1715 1714
f 1714 1779 1778
f 1777 1712 1715
f 1715 1778 1777
f 1780 1717 1716
f 1716 1781 1780
f 1779 1714 1717
f 1753 1688 1691
f 1691 1754 1753
f 1743 1678 1681
f 1681 1744 1743
f 1755 1690 1693
f 1693 1756 1755
f 1758 1695 1694
f 1694 1759 1758
f 1757 1692 1695
f 1695 1758 1757
f 1760 1697 1696
f 1696 1761 1760
f 1762 1699 1698
f 1698 1763 1762
f 1761 1696 1699
f 1699 1762 1761
f 1764 1701 1700
f 1700 1765 1764
f 1763 1698 1701
f 1769 1704 1707
f 1707 1770 1769
f 1759 1694 1697
f 1697 1760 1759
f 1771 1706 1709
f 1709 1772 1771
f 1774 1711 1710
f 1710 1775 1774
f 1773 1708 1711
f 1711 1774 1773
f 1776 1713 1712
f 1701 1764 1763
f 1766 1703 1702
f 1702 1767 1766
f 1756 1693 1692
f 1692 1757 1756
f 1765 1700 1703
f 1703 1766 1765
f 1768 1705 1704
f 1791 1726 1728
f 1728 1792 1791
f 1788 1725 1724
f 1724 1789 1788
f 1920 1856 1855
f 1855 1919 1920
f 1836 1900 1901
f 1901 1837 1836
f 1834 1898 1899
f 1826 1890 1891
f 1828 1892 1893
f 1893 1829 1828
f 1838 1902 1903
f 1903 1839 1838
f 1897 1833 1832
f 1832 1896 1897
f 1899 1835 1834
f 1883 1819 1818
f 1905 1841 1840
f 1840 1904 1905
f 1895 1831 1830
f 1830 1894 1895
f 1907 1843 1842
f 1842 1906 1907
f 1909 1845 1844
f 1844 1908 1909
f 1818 1882 1883
f 1885 1821 1820
f 1820 1884 1885
f 1887 1823 1822
f 1822 1886 1887
f 1889 1825 1824
f 1824 1888 1889
f 1879 1815 1814
f 1814 1878 1879
f 1891 1827 1826
f 1875 1811 1810
f 1798 1862 1863
f 1863 1799 1798
f 1816 1880 1881
f 1881 1817 1816
f 1812 1876 1877
f 1877 1813 1812
f 1810 1874 1875
f 1873 1809 1808
f 1915 1851 1850
f 1848 1912 1913
f 1808 1872 1873
f 1913 1849 1848
f 1866 1802 1801
f 1803 1867 1868
f 1850 1914 1915
f 1917 1853 1852
f 1852 1916 1917
f 1919 1855 1854
f 1854 1918 1919
f 1858 1795 1794
f 1794 1857 1858
f 1861 1797 1796
f 1796 1860 1861
f 1865 1801 1800
f 1800 1864 1865
f 1867 1803 1802
f 1802 1866 1867
f 1869 1805 1804
f 1804 1868 1869
f 1871 1807 1806
f 1806 1870 1871
f 1819 1883 1884
f 1882 1818 1817
f 1817 1881 1882
f 1880 1816 1815
f 1815 1879 1880
f 1878 1814 1813
f 1813 1877 1878
f 1876 1812 1811
f 1811 1875 1876
f 1874 1810 1809
f 1809 1873 1874
f 1870 1806 1805
f 1805 1869 1870
f 1868 1804 1803
f 1835 1899 1900
f 1898 1834 1833
f 1833 1897 1898
f 1896 1832 1831
f 1831 1895 1896
f 1801 1865 1866
f 1864 1800 1799
f 1799 1863 1864
f 1862 1798 1797
f 1797 1861 1862
f 1860 1796 1795
f 1795 1858 1860
f 1794 1793 1859
f 1859 1857 1794
f 1846 1910 1911
f 1911 1847 1846
f 1856 1920 1859
f 1859 1793 1856
f 1825 1889 1890
f 1886 1822 1821
f 1821 1885 1886
f 1894 1830 1829
f 1829 1893 1894
f 1892 1828 1827
f 1827 1891 1892
f 1890 1826 1825
f 1851 1915 1916
f 1914 1850 1849
f 1849 1913 1914
f 1884 1820 1819
f 1912 1848 1847
f 1839 1903 1904
f 1904 1840 1839
f 1916 1852 1851
f 1888 1824 1823
f 1853 1917 1918
f 1918 1854 1853
f 1823 1887 1888
f 1900 1836 1835
f 1837 1901 1902
f 1902 1838 1837
f 1807 1871 1872
f 1872 1808 1807
f 1841 1905 1906
f 1906 1842 1841
f 1843 1907 1908
f 1908 1844 1843
f 1845 1909 1910
f 1910 1846 1845
f 1847 1911 1912
f 1954 1956 1958
f 1958 1959 1960
f 1956 1957 1958
f 1962 1966 1970
f 1962 1964 1966
f 1978 1979 1980
f 1970 1974 1978
f 1974 1976 1978
f 1944 1945 1946
f 1942 1943 1944
f 1976 1977 1978
f 1974 1975 1976
f 1970 1972 1974
f 1966 1967 1968
f 1966 1968 1970
f 1968 1969 1970
f 1970 1971 1972
f 1972 1973 1974
f 1954 1962 1970
f 1936 1937 1938
f 1934 1935 1936
f 1930 1932 1934
f 1934 1936 1938
f 1930 1934 1938
f 1924 1925 1926
f 1926 1927 1928
f 1928 1929 1930
f 1926 1928 1930
f 1954 1955 1956
f 1938 1946 1954
f 1930 1931 1932
f 1932 1933 1934
f 1950 1952 1954
f 1946 1950 1954
f 1946 1948 1950
f 1952 1953 1954
f 1948 1949 1950
f 1946 1947 1948
f 1938 1942 1946
f 1950 1951 1952
f 1942 1944 1946
f 1938 1940 1942
f 1940 1941 1942
f 1938 1939 1940
f 1958 1960 1962
f 1978 1982 1921
f 1982 1984 1921
f 1984 1922 1921
f 1982 1983 1984
f 1978 1980 1982
f 1980 1981 1982
f 1964 1965 1966
f 1962 1963 1964
f 1960 1961 1962
f 1970 1978 1921
f 1954 1970 1921
f 1938 1954 1921
f 1930 1938 1921
f 1926 1930 1921
f 1924 1926 1921
f 1923 1924 1921
f 1954 1958 1962
f 2028 2027 2026
f 2030 2029 2028
f 2022 2021 2020
f 2020 2019 2018
f 2022 2020 2018
f 2030 2028 2026
f 2034 2030 2026
f 2026 2025 2024
f 2024 2023 2022
f 2026 2024 2022
f 2038 2036 2034
f 2046 2044 2042
f 2044 2043 2042
f 2046 2045 2044
f 2042 2041 2040
f 2038 2037 2036
f 2042 2040 2038
f 2040 2039 2038
f 2034 2033 2032
f 2042 2038 2034
f 2036 2035 2034
f 2026 2022 2018
f 2034 2026 2018
f 2018 2017 2016
f 2016 2015 2014
f 2048 2047 2046
f 2032 2031 2030
f 2002 2000 1998
f 2000 1999 1998
f 2002 2001 2000
f 2018 2010 2002
f 2010 2006 2002
f 2006 2004 2002
f 2004 2003 2002
f 2006 2005 2004
f 2010 2008 2006
f 2008 2007 2006
f 2010 2009 2008
f 2018 2014 2010
f 2014 2012 2010
f 2012 2011 2010
f 2014 2013 2012
f 2018 2016 2014
f 2046 2042 1986
f 2042 2034 1986
f 2034 2018 1986
f 2018 2002 1986
f 2002 1994 1986
f 1994 1990 1986
f 1990 1988 1986
f 1988 1987 1986
f 1990 1989 1988
f 1994 1992 1990
f 1992 1991 1990
f 1994 1993 1992
f 2002 1998 1994
f 1998 1996 1994
f 2034 2032 2030
f 1996 1995 1994
f 2048 2046 1986
f 1985 2048 1986
f 1998 1997 1996

